ISO-10303-21;
HEADER;
FILE_DESCRIPTION(('Open CASCADE Model'),'2;1');
FILE_NAME('ZEROTH01_V4_LEFT_STS3250_DIRECT_ANKLE_CARRIER_26P5MM',
  '2026-08-08T12:26:35',('Author'),('Open CASCADE'),
  'Open CASCADE STEP processor 7.9','build123d','Unknown');
FILE_SCHEMA(('AUTOMOTIVE_DESIGN { 1 0 10303 214 1 1 1 1 }'));
ENDSEC;
DATA;
#1 = APPLICATION_PROTOCOL_DEFINITION('international standard',
  'automotive_design',2000,#2);
#2 = APPLICATION_CONTEXT(
  'core data for automotive mechanical design processes');
#3 = SHAPE_DEFINITION_REPRESENTATION(#4,#10);
#4 = PRODUCT_DEFINITION_SHAPE('','',#5);
#5 = PRODUCT_DEFINITION('design','',#6,#9);
#6 = PRODUCT_DEFINITION_FORMATION('','',#7);
#7 = PRODUCT('ZEROTH01_V4_LEFT_STS3250_DIRECT_ANKLE_CARRIER_26P5MM',
  'ZEROTH01_V4_LEFT_STS3250_DIRECT_ANKLE_CARRIER_26P5MM','',(#8));
#8 = PRODUCT_CONTEXT('',#2,'mechanical');
#9 = PRODUCT_DEFINITION_CONTEXT('part definition',#2,'design');
#10 = ADVANCED_BREP_SHAPE_REPRESENTATION('',(#11,#15),#6295);
#11 = AXIS2_PLACEMENT_3D('',#12,#13,#14);
#12 = CARTESIAN_POINT('',(0.,0.,0.));
#13 = DIRECTION('',(0.,0.,1.));
#14 = DIRECTION('',(1.,0.,-0.));
#15 = MANIFOLD_SOLID_BREP('',#16);
#16 = CLOSED_SHELL('',(#17,#137,#280,#359,#433,#554,#601,#671,#1025,
    #1079,#1104,#1489,#1514,#1520,#1569,#1747,#1963,#2043,#2119,#2174,
    #2228,#2283,#2337,#2392,#2446,#2479,#2687,#2895,#3131,#3362,#3427,
    #3658,#3889,#3998,#4129,#4135,#4160,#4247,#4377,#4408,#4414,#4483,
    #4508,#4600,#4625,#4673,#4698,#4788,#4794,#4813,#4819,#4940,#4993,
    #5069,#5120,#5252,#5283,#5343,#5396,#5451,#5501,#5554,#5623,#5676,
    #5752,#5828,#5901,#5907,#5966,#5991,#6045,#6140,#6167,#6192,#6198,
    #6204,#6237,#6263,#6289));
#17 = ADVANCED_FACE('',(#18),#32,.F.);
#18 = FACE_BOUND('',#19,.F.);
#19 = EDGE_LOOP('',(#20,#55,#83,#111));
#20 = ORIENTED_EDGE('',*,*,#21,.F.);
#21 = EDGE_CURVE('',#22,#24,#26,.T.);
#22 = VERTEX_POINT('',#23);
#23 = CARTESIAN_POINT('',(-36.11,-11.,-39.25));
#24 = VERTEX_POINT('',#25);
#25 = CARTESIAN_POINT('',(-36.11,-11.,-2.25));
#26 = SURFACE_CURVE('',#27,(#31,#43),.PCURVE_S1.);
#27 = LINE('',#28,#29);
#28 = CARTESIAN_POINT('',(-36.11,-11.,-42.25));
#29 = VECTOR('',#30,1.);
#30 = DIRECTION('',(0.,0.,1.));
#31 = PCURVE('',#32,#37);
#32 = PLANE('',#33);
#33 = AXIS2_PLACEMENT_3D('',#34,#35,#36);
#34 = CARTESIAN_POINT('',(-36.11,-14.,-42.25));
#35 = DIRECTION('',(1.,0.,-0.));
#36 = DIRECTION('',(0.,0.,1.));
#37 = DEFINITIONAL_REPRESENTATION('',(#38),#42);
#38 = LINE('',#39,#40);
#39 = CARTESIAN_POINT('',(0.,-3.));
#40 = VECTOR('',#41,1.);
#41 = DIRECTION('',(1.,0.));
#42 = ( GEOMETRIC_REPRESENTATION_CONTEXT(2) 
PARAMETRIC_REPRESENTATION_CONTEXT() REPRESENTATION_CONTEXT('2D SPACE',''
  ) );
#43 = PCURVE('',#44,#49);
#44 = CYLINDRICAL_SURFACE('',#45,3.);
#45 = AXIS2_PLACEMENT_3D('',#46,#47,#48);
#46 = CARTESIAN_POINT('',(-33.11,-11.,-42.25));
#47 = DIRECTION('',(0.,0.,1.));
#48 = DIRECTION('',(-1.,-0.,0.));
#49 = DEFINITIONAL_REPRESENTATION('',(#50),#54);
#50 = LINE('',#51,#52);
#51 = CARTESIAN_POINT('',(0.,0.));
#52 = VECTOR('',#53,1.);
#53 = DIRECTION('',(0.,1.));
#54 = ( GEOMETRIC_REPRESENTATION_CONTEXT(2) 
PARAMETRIC_REPRESENTATION_CONTEXT() REPRESENTATION_CONTEXT('2D SPACE',''
  ) );
#55 = ORIENTED_EDGE('',*,*,#56,.T.);
#56 = EDGE_CURVE('',#22,#57,#59,.T.);
#57 = VERTEX_POINT('',#58);
#58 = CARTESIAN_POINT('',(-36.11,11.,-39.25));
#59 = SURFACE_CURVE('',#60,(#64,#71),.PCURVE_S1.);
#60 = LINE('',#61,#62);
#61 = CARTESIAN_POINT('',(-36.11,-14.,-39.25));
#62 = VECTOR('',#63,1.);
#63 = DIRECTION('',(-0.,1.,0.));
#64 = PCURVE('',#32,#65);
#65 = DEFINITIONAL_REPRESENTATION('',(#66),#70);
#66 = LINE('',#67,#68);
#67 = CARTESIAN_POINT('',(3.,0.));
#68 = VECTOR('',#69,1.);
#69 = DIRECTION('',(0.,-1.));
#70 = ( GEOMETRIC_REPRESENTATION_CONTEXT(2) 
PARAMETRIC_REPRESENTATION_CONTEXT() REPRESENTATION_CONTEXT('2D SPACE',''
  ) );
#71 = PCURVE('',#72,#77);
#72 = CYLINDRICAL_SURFACE('',#73,3.);
#73 = AXIS2_PLACEMENT_3D('',#74,#75,#76);
#74 = CARTESIAN_POINT('',(-33.11,-14.,-39.25));
#75 = DIRECTION('',(-0.,1.,0.));
#76 = DIRECTION('',(-1.,-0.,0.));
#77 = DEFINITIONAL_REPRESENTATION('',(#78),#82);
#78 = LINE('',#79,#80);
#79 = CARTESIAN_POINT('',(-0.,0.));
#80 = VECTOR('',#81,1.);
#81 = DIRECTION('',(-0.,1.));
#82 = ( GEOMETRIC_REPRESENTATION_CONTEXT(2) 
PARAMETRIC_REPRESENTATION_CONTEXT() REPRESENTATION_CONTEXT('2D SPACE',''
  ) );
#83 = ORIENTED_EDGE('',*,*,#84,.T.);
#84 = EDGE_CURVE('',#57,#85,#87,.T.);
#85 = VERTEX_POINT('',#86);
#86 = CARTESIAN_POINT('',(-36.11,11.,-2.25));
#87 = SURFACE_CURVE('',#88,(#92,#99),.PCURVE_S1.);
#88 = LINE('',#89,#90);
#89 = CARTESIAN_POINT('',(-36.11,11.,-42.25));
#90 = VECTOR('',#91,1.);
#91 = DIRECTION('',(0.,0.,1.));
#92 = PCURVE('',#32,#93);
#93 = DEFINITIONAL_REPRESENTATION('',(#94),#98);
#94 = LINE('',#95,#96);
#95 = CARTESIAN_POINT('',(0.,-25.));
#96 = VECTOR('',#97,1.);
#97 = DIRECTION('',(1.,0.));
#98 = ( GEOMETRIC_REPRESENTATION_CONTEXT(2) 
PARAMETRIC_REPRESENTATION_CONTEXT() REPRESENTATION_CONTEXT('2D SPACE',''
  ) );
#99 = PCURVE('',#100,#105);
#100 = CYLINDRICAL_SURFACE('',#101,3.);
#101 = AXIS2_PLACEMENT_3D('',#102,#103,#104);
#102 = CARTESIAN_POINT('',(-33.11,11.,-42.25));
#103 = DIRECTION('',(0.,0.,1.));
#104 = DIRECTION('',(-1.,-0.,0.));
#105 = DEFINITIONAL_REPRESENTATION('',(#106),#110);
#106 = LINE('',#107,#108);
#107 = CARTESIAN_POINT('',(-0.,0.));
#108 = VECTOR('',#109,1.);
#109 = DIRECTION('',(-0.,1.));
#110 = ( GEOMETRIC_REPRESENTATION_CONTEXT(2) 
PARAMETRIC_REPRESENTATION_CONTEXT() REPRESENTATION_CONTEXT('2D SPACE',''
  ) );
#111 = ORIENTED_EDGE('',*,*,#112,.F.);
#112 = EDGE_CURVE('',#24,#85,#113,.T.);
#113 = SURFACE_CURVE('',#114,(#118,#125),.PCURVE_S1.);
#114 = LINE('',#115,#116);
#115 = CARTESIAN_POINT('',(-36.11,-14.,-2.25));
#116 = VECTOR('',#117,1.);
#117 = DIRECTION('',(-0.,1.,0.));
#118 = PCURVE('',#32,#119);
#119 = DEFINITIONAL_REPRESENTATION('',(#120),#124);
#120 = LINE('',#121,#122);
#121 = CARTESIAN_POINT('',(40.,0.));
#122 = VECTOR('',#123,1.);
#123 = DIRECTION('',(0.,-1.));
#124 = ( GEOMETRIC_REPRESENTATION_CONTEXT(2) 
PARAMETRIC_REPRESENTATION_CONTEXT() REPRESENTATION_CONTEXT('2D SPACE',''
  ) );
#125 = PCURVE('',#126,#131);
#126 = CYLINDRICAL_SURFACE('',#127,3.);
#127 = AXIS2_PLACEMENT_3D('',#128,#129,#130);
#128 = CARTESIAN_POINT('',(-33.11,-14.,-2.25));
#129 = DIRECTION('',(-0.,1.,0.));
#130 = DIRECTION('',(-1.,-0.,0.));
#131 = DEFINITIONAL_REPRESENTATION('',(#132),#136);
#132 = LINE('',#133,#134);
#133 = CARTESIAN_POINT('',(0.,0.));
#134 = VECTOR('',#135,1.);
#135 = DIRECTION('',(0.,1.));
#136 = ( GEOMETRIC_REPRESENTATION_CONTEXT(2) 
PARAMETRIC_REPRESENTATION_CONTEXT() REPRESENTATION_CONTEXT('2D SPACE',''
  ) );
#137 = ADVANCED_FACE('',(#138),#44,.T.);
#138 = FACE_BOUND('',#139,.T.);
#139 = EDGE_LOOP('',(#140,#141,#170,#198,#227,#253));
#140 = ORIENTED_EDGE('',*,*,#21,.F.);
#141 = ORIENTED_EDGE('',*,*,#142,.T.);
#142 = EDGE_CURVE('',#22,#143,#145,.T.);
#143 = VERTEX_POINT('',#144);
#144 = CARTESIAN_POINT('',(-33.11,-14.,-39.25));
#145 = SURFACE_CURVE('',#146,(#151,#158),.PCURVE_S1.);
#146 = CIRCLE('',#147,3.);
#147 = AXIS2_PLACEMENT_3D('',#148,#149,#150);
#148 = CARTESIAN_POINT('',(-33.11,-11.,-39.25));
#149 = DIRECTION('',(0.,0.,1.));
#150 = DIRECTION('',(-1.,0.,0.));
#151 = PCURVE('',#44,#152);
#152 = DEFINITIONAL_REPRESENTATION('',(#153),#157);
#153 = LINE('',#154,#155);
#154 = CARTESIAN_POINT('',(0.,3.));
#155 = VECTOR('',#156,1.);
#156 = DIRECTION('',(1.,0.));
#157 = ( GEOMETRIC_REPRESENTATION_CONTEXT(2) 
PARAMETRIC_REPRESENTATION_CONTEXT() REPRESENTATION_CONTEXT('2D SPACE',''
  ) );
#158 = PCURVE('',#159,#164);
#159 = SPHERICAL_SURFACE('',#160,3.);
#160 = AXIS2_PLACEMENT_3D('',#161,#162,#163);
#161 = CARTESIAN_POINT('',(-33.11,-11.,-39.25));
#162 = DIRECTION('',(0.,0.,1.));
#163 = DIRECTION('',(-1.,0.,0.));
#164 = DEFINITIONAL_REPRESENTATION('',(#165),#169);
#165 = LINE('',#166,#167);
#166 = CARTESIAN_POINT('',(0.,0.));
#167 = VECTOR('',#168,1.);
#168 = DIRECTION('',(1.,0.));
#169 = ( GEOMETRIC_REPRESENTATION_CONTEXT(2) 
PARAMETRIC_REPRESENTATION_CONTEXT() REPRESENTATION_CONTEXT('2D SPACE',''
  ) );
#170 = ORIENTED_EDGE('',*,*,#171,.T.);
#171 = EDGE_CURVE('',#143,#172,#174,.T.);
#172 = VERTEX_POINT('',#173);
#173 = CARTESIAN_POINT('',(-33.11,-14.,-13.5));
#174 = SURFACE_CURVE('',#175,(#179,#186),.PCURVE_S1.);
#175 = LINE('',#176,#177);
#176 = CARTESIAN_POINT('',(-33.11,-14.,-42.25));
#177 = VECTOR('',#178,1.);
#178 = DIRECTION('',(0.,0.,1.));
#179 = PCURVE('',#44,#180);
#180 = DEFINITIONAL_REPRESENTATION('',(#181),#185);
#181 = LINE('',#182,#183);
#182 = CARTESIAN_POINT('',(1.570796326795,0.));
#183 = VECTOR('',#184,1.);
#184 = DIRECTION('',(0.,1.));
#185 = ( GEOMETRIC_REPRESENTATION_CONTEXT(2) 
PARAMETRIC_REPRESENTATION_CONTEXT() REPRESENTATION_CONTEXT('2D SPACE',''
  ) );
#186 = PCURVE('',#187,#192);
#187 = PLANE('',#188);
#188 = AXIS2_PLACEMENT_3D('',#189,#190,#191);
#189 = CARTESIAN_POINT('',(-36.11,-14.,-42.25));
#190 = DIRECTION('',(-0.,1.,0.));
#191 = DIRECTION('',(0.,0.,1.));
#192 = DEFINITIONAL_REPRESENTATION('',(#193),#197);
#193 = LINE('',#194,#195);
#194 = CARTESIAN_POINT('',(0.,3.));
#195 = VECTOR('',#196,1.);
#196 = DIRECTION('',(1.,0.));
#197 = ( GEOMETRIC_REPRESENTATION_CONTEXT(2) 
PARAMETRIC_REPRESENTATION_CONTEXT() REPRESENTATION_CONTEXT('2D SPACE',''
  ) );
#198 = ORIENTED_EDGE('',*,*,#199,.F.);
#199 = EDGE_CURVE('',#200,#172,#202,.T.);
#200 = VERTEX_POINT('',#201);
#201 = CARTESIAN_POINT('',(-35.11,-13.2360679775,-13.5));
#202 = SURFACE_CURVE('',#203,(#208,#215),.PCURVE_S1.);
#203 = CIRCLE('',#204,3.);
#204 = AXIS2_PLACEMENT_3D('',#205,#206,#207);
#205 = CARTESIAN_POINT('',(-33.11,-11.,-13.5));
#206 = DIRECTION('',(0.,0.,1.));
#207 = DIRECTION('',(-1.,-0.,0.));
#208 = PCURVE('',#44,#209);
#209 = DEFINITIONAL_REPRESENTATION('',(#210),#214);
#210 = LINE('',#211,#212);
#211 = CARTESIAN_POINT('',(0.,28.75));
#212 = VECTOR('',#213,1.);
#213 = DIRECTION('',(1.,0.));
#214 = ( GEOMETRIC_REPRESENTATION_CONTEXT(2) 
PARAMETRIC_REPRESENTATION_CONTEXT() REPRESENTATION_CONTEXT('2D SPACE',''
  ) );
#215 = PCURVE('',#216,#221);
#216 = PLANE('',#217);
#217 = AXIS2_PLACEMENT_3D('',#218,#219,#220);
#218 = CARTESIAN_POINT('',(-35.11,-20.,-13.5));
#219 = DIRECTION('',(0.,0.,1.));
#220 = DIRECTION('',(1.,0.,-0.));
#221 = DEFINITIONAL_REPRESENTATION('',(#222),#226);
#222 = CIRCLE('',#223,3.);
#223 = AXIS2_PLACEMENT_2D('',#224,#225);
#224 = CARTESIAN_POINT('',(2.,9.));
#225 = DIRECTION('',(-1.,0.));
#226 = ( GEOMETRIC_REPRESENTATION_CONTEXT(2) 
PARAMETRIC_REPRESENTATION_CONTEXT() REPRESENTATION_CONTEXT('2D SPACE',''
  ) );
#227 = ORIENTED_EDGE('',*,*,#228,.T.);
#228 = EDGE_CURVE('',#200,#229,#231,.T.);
#229 = VERTEX_POINT('',#230);
#230 = CARTESIAN_POINT('',(-35.11,-13.2360679775,-2.25));
#231 = SURFACE_CURVE('',#232,(#236,#242),.PCURVE_S1.);
#232 = LINE('',#233,#234);
#233 = CARTESIAN_POINT('',(-35.11,-13.2360679775,-42.25));
#234 = VECTOR('',#235,1.);
#235 = DIRECTION('',(0.,0.,1.));
#236 = PCURVE('',#44,#237);
#237 = DEFINITIONAL_REPRESENTATION('',(#238),#241);
#238 = B_SPLINE_CURVE_WITH_KNOTS('',1,(#239,#240),.UNSPECIFIED.,.F.,.F.,
  (2,2),(26.95,40.0000006),.PIECEWISE_BEZIER_KNOTS.);
#239 = CARTESIAN_POINT('',(0.841068670568,26.95));
#240 = CARTESIAN_POINT('',(0.841068670568,40.0000006));
#241 = ( GEOMETRIC_REPRESENTATION_CONTEXT(2) 
PARAMETRIC_REPRESENTATION_CONTEXT() REPRESENTATION_CONTEXT('2D SPACE',''
  ) );
#242 = PCURVE('',#243,#248);
#243 = PLANE('',#244);
#244 = AXIS2_PLACEMENT_3D('',#245,#246,#247);
#245 = CARTESIAN_POINT('',(-35.11,-20.,-13.5));
#246 = DIRECTION('',(1.,0.,-0.));
#247 = DIRECTION('',(0.,0.,1.));
#248 = DEFINITIONAL_REPRESENTATION('',(#249),#252);
#249 = B_SPLINE_CURVE_WITH_KNOTS('',1,(#250,#251),.UNSPECIFIED.,.F.,.F.,
  (2,2),(26.95,40.0000006),.PIECEWISE_BEZIER_KNOTS.);
#250 = CARTESIAN_POINT('',(-1.8,-6.7639320225));
#251 = CARTESIAN_POINT('',(11.2500006,-6.7639320225));
#252 = ( GEOMETRIC_REPRESENTATION_CONTEXT(2) 
PARAMETRIC_REPRESENTATION_CONTEXT() REPRESENTATION_CONTEXT('2D SPACE',''
  ) );
#253 = ORIENTED_EDGE('',*,*,#254,.F.);
#254 = EDGE_CURVE('',#24,#229,#255,.T.);
#255 = SURFACE_CURVE('',#256,(#261,#268),.PCURVE_S1.);
#256 = CIRCLE('',#257,3.);
#257 = AXIS2_PLACEMENT_3D('',#258,#259,#260);
#258 = CARTESIAN_POINT('',(-33.11,-11.,-2.25));
#259 = DIRECTION('',(0.,0.,1.));
#260 = DIRECTION('',(-1.,0.,0.));
#261 = PCURVE('',#44,#262);
#262 = DEFINITIONAL_REPRESENTATION('',(#263),#267);
#263 = LINE('',#264,#265);
#264 = CARTESIAN_POINT('',(0.,40.));
#265 = VECTOR('',#266,1.);
#266 = DIRECTION('',(1.,0.));
#267 = ( GEOMETRIC_REPRESENTATION_CONTEXT(2) 
PARAMETRIC_REPRESENTATION_CONTEXT() REPRESENTATION_CONTEXT('2D SPACE',''
  ) );
#268 = PCURVE('',#269,#274);
#269 = SPHERICAL_SURFACE('',#270,3.);
#270 = AXIS2_PLACEMENT_3D('',#271,#272,#273);
#271 = CARTESIAN_POINT('',(-33.11,-11.,-2.25));
#272 = DIRECTION('',(-0.,-0.,-1.));
#273 = DIRECTION('',(-1.,0.,0.));
#274 = DEFINITIONAL_REPRESENTATION('',(#275),#279);
#275 = LINE('',#276,#277);
#276 = CARTESIAN_POINT('',(-0.,0.));
#277 = VECTOR('',#278,1.);
#278 = DIRECTION('',(-1.,0.));
#279 = ( GEOMETRIC_REPRESENTATION_CONTEXT(2) 
PARAMETRIC_REPRESENTATION_CONTEXT() REPRESENTATION_CONTEXT('2D SPACE',''
  ) );
#280 = ADVANCED_FACE('',(#281),#72,.T.);
#281 = FACE_BOUND('',#282,.F.);
#282 = EDGE_LOOP('',(#283,#305,#333,#358));
#283 = ORIENTED_EDGE('',*,*,#284,.F.);
#284 = EDGE_CURVE('',#285,#22,#287,.T.);
#285 = VERTEX_POINT('',#286);
#286 = CARTESIAN_POINT('',(-33.11,-11.,-42.25));
#287 = SURFACE_CURVE('',#288,(#293,#299),.PCURVE_S1.);
#288 = CIRCLE('',#289,3.);
#289 = AXIS2_PLACEMENT_3D('',#290,#291,#292);
#290 = CARTESIAN_POINT('',(-33.11,-11.,-39.25));
#291 = DIRECTION('',(0.,1.,-0.));
#292 = DIRECTION('',(-1.,0.,0.));
#293 = PCURVE('',#72,#294);
#294 = DEFINITIONAL_REPRESENTATION('',(#295),#298);
#295 = B_SPLINE_CURVE_WITH_KNOTS('',1,(#296,#297),.UNSPECIFIED.,.F.,.F.,
  (2,2),(4.712388980385,6.28318530718),.PIECEWISE_BEZIER_KNOTS.);
#296 = CARTESIAN_POINT('',(-1.570796326795,3.));
#297 = CARTESIAN_POINT('',(0.,3.));
#298 = ( GEOMETRIC_REPRESENTATION_CONTEXT(2) 
PARAMETRIC_REPRESENTATION_CONTEXT() REPRESENTATION_CONTEXT('2D SPACE',''
  ) );
#299 = PCURVE('',#159,#300);
#300 = DEFINITIONAL_REPRESENTATION('',(#301),#304);
#301 = B_SPLINE_CURVE_WITH_KNOTS('',1,(#302,#303),.UNSPECIFIED.,.F.,.F.,
  (2,2),(4.712388980385,6.28318530718),.PIECEWISE_BEZIER_KNOTS.);
#302 = CARTESIAN_POINT('',(0.,-1.570796326795));
#303 = CARTESIAN_POINT('',(0.,0.));
#304 = ( GEOMETRIC_REPRESENTATION_CONTEXT(2) 
PARAMETRIC_REPRESENTATION_CONTEXT() REPRESENTATION_CONTEXT('2D SPACE',''
  ) );
#305 = ORIENTED_EDGE('',*,*,#306,.T.);
#306 = EDGE_CURVE('',#285,#307,#309,.T.);
#307 = VERTEX_POINT('',#308);
#308 = CARTESIAN_POINT('',(-33.11,11.,-42.25));
#309 = SURFACE_CURVE('',#310,(#314,#321),.PCURVE_S1.);
#310 = LINE('',#311,#312);
#311 = CARTESIAN_POINT('',(-33.11,-14.,-42.25));
#312 = VECTOR('',#313,1.);
#313 = DIRECTION('',(-0.,1.,0.));
#314 = PCURVE('',#72,#315);
#315 = DEFINITIONAL_REPRESENTATION('',(#316),#320);
#316 = LINE('',#317,#318);
#317 = CARTESIAN_POINT('',(-1.570796326795,0.));
#318 = VECTOR('',#319,1.);
#319 = DIRECTION('',(-0.,1.));
#320 = ( GEOMETRIC_REPRESENTATION_CONTEXT(2) 
PARAMETRIC_REPRESENTATION_CONTEXT() REPRESENTATION_CONTEXT('2D SPACE',''
  ) );
#321 = PCURVE('',#322,#327);
#322 = PLANE('',#323);
#323 = AXIS2_PLACEMENT_3D('',#324,#325,#326);
#324 = CARTESIAN_POINT('',(-36.11,-14.,-42.25));
#325 = DIRECTION('',(0.,0.,1.));
#326 = DIRECTION('',(1.,0.,-0.));
#327 = DEFINITIONAL_REPRESENTATION('',(#328),#332);
#328 = LINE('',#329,#330);
#329 = CARTESIAN_POINT('',(3.,0.));
#330 = VECTOR('',#331,1.);
#331 = DIRECTION('',(0.,1.));
#332 = ( GEOMETRIC_REPRESENTATION_CONTEXT(2) 
PARAMETRIC_REPRESENTATION_CONTEXT() REPRESENTATION_CONTEXT('2D SPACE',''
  ) );
#333 = ORIENTED_EDGE('',*,*,#334,.T.);
#334 = EDGE_CURVE('',#307,#57,#335,.T.);
#335 = SURFACE_CURVE('',#336,(#341,#347),.PCURVE_S1.);
#336 = CIRCLE('',#337,3.);
#337 = AXIS2_PLACEMENT_3D('',#338,#339,#340);
#338 = CARTESIAN_POINT('',(-33.11,11.,-39.25));
#339 = DIRECTION('',(0.,1.,-0.));
#340 = DIRECTION('',(-1.,0.,0.));
#341 = PCURVE('',#72,#342);
#342 = DEFINITIONAL_REPRESENTATION('',(#343),#346);
#343 = B_SPLINE_CURVE_WITH_KNOTS('',1,(#344,#345),.UNSPECIFIED.,.F.,.F.,
  (2,2),(4.712388980385,6.28318530718),.PIECEWISE_BEZIER_KNOTS.);
#344 = CARTESIAN_POINT('',(-1.570796326795,25.));
#345 = CARTESIAN_POINT('',(0.,25.));
#346 = ( GEOMETRIC_REPRESENTATION_CONTEXT(2) 
PARAMETRIC_REPRESENTATION_CONTEXT() REPRESENTATION_CONTEXT('2D SPACE',''
  ) );
#347 = PCURVE('',#348,#353);
#348 = SPHERICAL_SURFACE('',#349,3.);
#349 = AXIS2_PLACEMENT_3D('',#350,#351,#352);
#350 = CARTESIAN_POINT('',(-33.11,11.,-39.25));
#351 = DIRECTION('',(0.,0.,1.));
#352 = DIRECTION('',(-1.,0.,0.));
#353 = DEFINITIONAL_REPRESENTATION('',(#354),#357);
#354 = B_SPLINE_CURVE_WITH_KNOTS('',1,(#355,#356),.UNSPECIFIED.,.F.,.F.,
  (2,2),(4.712388980385,6.28318530718),.PIECEWISE_BEZIER_KNOTS.);
#355 = CARTESIAN_POINT('',(0.,-1.570796326795));
#356 = CARTESIAN_POINT('',(0.,0.));
#357 = ( GEOMETRIC_REPRESENTATION_CONTEXT(2) 
PARAMETRIC_REPRESENTATION_CONTEXT() REPRESENTATION_CONTEXT('2D SPACE',''
  ) );
#358 = ORIENTED_EDGE('',*,*,#56,.F.);
#359 = ADVANCED_FACE('',(#360),#126,.T.);
#360 = FACE_BOUND('',#361,.T.);
#361 = EDGE_LOOP('',(#362,#384,#405,#432));
#362 = ORIENTED_EDGE('',*,*,#363,.F.);
#363 = EDGE_CURVE('',#364,#24,#366,.T.);
#364 = VERTEX_POINT('',#365);
#365 = CARTESIAN_POINT('',(-35.11,-11.,-1.393202250021E-02));
#366 = SURFACE_CURVE('',#367,(#372,#378),.PCURVE_S1.);
#367 = CIRCLE('',#368,3.);
#368 = AXIS2_PLACEMENT_3D('',#369,#370,#371);
#369 = CARTESIAN_POINT('',(-33.11,-11.,-2.25));
#370 = DIRECTION('',(0.,-1.,0.));
#371 = DIRECTION('',(-1.,0.,0.));
#372 = PCURVE('',#126,#373);
#373 = DEFINITIONAL_REPRESENTATION('',(#374),#377);
#374 = B_SPLINE_CURVE_WITH_KNOTS('',1,(#375,#376),.UNSPECIFIED.,.F.,.F.,
  (2,2),(4.712388980385,6.28318530718),.PIECEWISE_BEZIER_KNOTS.);
#375 = CARTESIAN_POINT('',(1.570796326795,3.));
#376 = CARTESIAN_POINT('',(0.,3.));
#377 = ( GEOMETRIC_REPRESENTATION_CONTEXT(2) 
PARAMETRIC_REPRESENTATION_CONTEXT() REPRESENTATION_CONTEXT('2D SPACE',''
  ) );
#378 = PCURVE('',#269,#379);
#379 = DEFINITIONAL_REPRESENTATION('',(#380),#383);
#380 = B_SPLINE_CURVE_WITH_KNOTS('',1,(#381,#382),.UNSPECIFIED.,.F.,.F.,
  (2,2),(4.712388980385,6.28318530718),.PIECEWISE_BEZIER_KNOTS.);
#381 = CARTESIAN_POINT('',(0.,-1.570796326795));
#382 = CARTESIAN_POINT('',(0.,0.));
#383 = ( GEOMETRIC_REPRESENTATION_CONTEXT(2) 
PARAMETRIC_REPRESENTATION_CONTEXT() REPRESENTATION_CONTEXT('2D SPACE',''
  ) );
#384 = ORIENTED_EDGE('',*,*,#385,.T.);
#385 = EDGE_CURVE('',#364,#386,#388,.T.);
#386 = VERTEX_POINT('',#387);
#387 = CARTESIAN_POINT('',(-35.11,11.,-1.393202250021E-02));
#388 = SURFACE_CURVE('',#389,(#393,#399),.PCURVE_S1.);
#389 = LINE('',#390,#391);
#390 = CARTESIAN_POINT('',(-35.11,-14.,-1.393202250021E-02));
#391 = VECTOR('',#392,1.);
#392 = DIRECTION('',(-0.,1.,0.));
#393 = PCURVE('',#126,#394);
#394 = DEFINITIONAL_REPRESENTATION('',(#395),#398);
#395 = B_SPLINE_CURVE_WITH_KNOTS('',1,(#396,#397),.UNSPECIFIED.,.F.,.F.,
  (2,2),(2.9999994,25.0000006),.PIECEWISE_BEZIER_KNOTS.);
#396 = CARTESIAN_POINT('',(0.841068670568,2.9999994));
#397 = CARTESIAN_POINT('',(0.841068670568,25.0000006));
#398 = ( GEOMETRIC_REPRESENTATION_CONTEXT(2) 
PARAMETRIC_REPRESENTATION_CONTEXT() REPRESENTATION_CONTEXT('2D SPACE',''
  ) );
#399 = PCURVE('',#243,#400);
#400 = DEFINITIONAL_REPRESENTATION('',(#401),#404);
#401 = B_SPLINE_CURVE_WITH_KNOTS('',1,(#402,#403),.UNSPECIFIED.,.F.,.F.,
  (2,2),(2.9999994,25.0000006),.PIECEWISE_BEZIER_KNOTS.);
#402 = CARTESIAN_POINT('',(13.4860679775,-8.9999994));
#403 = CARTESIAN_POINT('',(13.4860679775,-31.0000006));
#404 = ( GEOMETRIC_REPRESENTATION_CONTEXT(2) 
PARAMETRIC_REPRESENTATION_CONTEXT() REPRESENTATION_CONTEXT('2D SPACE',''
  ) );
#405 = ORIENTED_EDGE('',*,*,#406,.F.);
#406 = EDGE_CURVE('',#85,#386,#407,.T.);
#407 = SURFACE_CURVE('',#408,(#413,#420),.PCURVE_S1.);
#408 = CIRCLE('',#409,3.);
#409 = AXIS2_PLACEMENT_3D('',#410,#411,#412);
#410 = CARTESIAN_POINT('',(-33.11,11.,-2.25));
#411 = DIRECTION('',(-0.,1.,0.));
#412 = DIRECTION('',(-1.,-0.,0.));
#413 = PCURVE('',#126,#414);
#414 = DEFINITIONAL_REPRESENTATION('',(#415),#419);
#415 = LINE('',#416,#417);
#416 = CARTESIAN_POINT('',(0.,25.));
#417 = VECTOR('',#418,1.);
#418 = DIRECTION('',(1.,0.));
#419 = ( GEOMETRIC_REPRESENTATION_CONTEXT(2) 
PARAMETRIC_REPRESENTATION_CONTEXT() REPRESENTATION_CONTEXT('2D SPACE',''
  ) );
#420 = PCURVE('',#421,#426);
#421 = SPHERICAL_SURFACE('',#422,3.);
#422 = AXIS2_PLACEMENT_3D('',#423,#424,#425);
#423 = CARTESIAN_POINT('',(-33.11,11.,-2.25));
#424 = DIRECTION('',(0.,-1.,-0.));
#425 = DIRECTION('',(-1.,-0.,0.));
#426 = DEFINITIONAL_REPRESENTATION('',(#427),#431);
#427 = LINE('',#428,#429);
#428 = CARTESIAN_POINT('',(-0.,0.));
#429 = VECTOR('',#430,1.);
#430 = DIRECTION('',(-1.,0.));
#431 = ( GEOMETRIC_REPRESENTATION_CONTEXT(2) 
PARAMETRIC_REPRESENTATION_CONTEXT() REPRESENTATION_CONTEXT('2D SPACE',''
  ) );
#432 = ORIENTED_EDGE('',*,*,#112,.F.);
#433 = ADVANCED_FACE('',(#434),#100,.T.);
#434 = FACE_BOUND('',#435,.F.);
#435 = EDGE_LOOP('',(#436,#437,#461,#489,#513,#534));
#436 = ORIENTED_EDGE('',*,*,#84,.F.);
#437 = ORIENTED_EDGE('',*,*,#438,.T.);
#438 = EDGE_CURVE('',#57,#439,#441,.T.);
#439 = VERTEX_POINT('',#440);
#440 = CARTESIAN_POINT('',(-33.11,14.,-39.25));
#441 = SURFACE_CURVE('',#442,(#447,#454),.PCURVE_S1.);
#442 = CIRCLE('',#443,3.);
#443 = AXIS2_PLACEMENT_3D('',#444,#445,#446);
#444 = CARTESIAN_POINT('',(-33.11,11.,-39.25));
#445 = DIRECTION('',(-0.,0.,-1.));
#446 = DIRECTION('',(-1.,0.,0.));
#447 = PCURVE('',#100,#448);
#448 = DEFINITIONAL_REPRESENTATION('',(#449),#453);
#449 = LINE('',#450,#451);
#450 = CARTESIAN_POINT('',(-0.,3.));
#451 = VECTOR('',#452,1.);
#452 = DIRECTION('',(-1.,0.));
#453 = ( GEOMETRIC_REPRESENTATION_CONTEXT(2) 
PARAMETRIC_REPRESENTATION_CONTEXT() REPRESENTATION_CONTEXT('2D SPACE',''
  ) );
#454 = PCURVE('',#348,#455);
#455 = DEFINITIONAL_REPRESENTATION('',(#456),#460);
#456 = LINE('',#457,#458);
#457 = CARTESIAN_POINT('',(-0.,0.));
#458 = VECTOR('',#459,1.);
#459 = DIRECTION('',(-1.,0.));
#460 = ( GEOMETRIC_REPRESENTATION_CONTEXT(2) 
PARAMETRIC_REPRESENTATION_CONTEXT() REPRESENTATION_CONTEXT('2D SPACE',''
  ) );
#461 = ORIENTED_EDGE('',*,*,#462,.T.);
#462 = EDGE_CURVE('',#439,#463,#465,.T.);
#463 = VERTEX_POINT('',#464);
#464 = CARTESIAN_POINT('',(-33.11,14.,-13.5));
#465 = SURFACE_CURVE('',#466,(#470,#477),.PCURVE_S1.);
#466 = LINE('',#467,#468);
#467 = CARTESIAN_POINT('',(-33.11,14.,-42.25));
#468 = VECTOR('',#469,1.);
#469 = DIRECTION('',(0.,0.,1.));
#470 = PCURVE('',#100,#471);
#471 = DEFINITIONAL_REPRESENTATION('',(#472),#476);
#472 = LINE('',#473,#474);
#473 = CARTESIAN_POINT('',(-1.570796326795,0.));
#474 = VECTOR('',#475,1.);
#475 = DIRECTION('',(-0.,1.));
#476 = ( GEOMETRIC_REPRESENTATION_CONTEXT(2) 
PARAMETRIC_REPRESENTATION_CONTEXT() REPRESENTATION_CONTEXT('2D SPACE',''
  ) );
#477 = PCURVE('',#478,#483);
#478 = PLANE('',#479);
#479 = AXIS2_PLACEMENT_3D('',#480,#481,#482);
#480 = CARTESIAN_POINT('',(-36.11,14.,-42.25));
#481 = DIRECTION('',(-0.,1.,0.));
#482 = DIRECTION('',(0.,0.,1.));
#483 = DEFINITIONAL_REPRESENTATION('',(#484),#488);
#484 = LINE('',#485,#486);
#485 = CARTESIAN_POINT('',(0.,3.));
#486 = VECTOR('',#487,1.);
#487 = DIRECTION('',(1.,0.));
#488 = ( GEOMETRIC_REPRESENTATION_CONTEXT(2) 
PARAMETRIC_REPRESENTATION_CONTEXT() REPRESENTATION_CONTEXT('2D SPACE',''
  ) );
#489 = ORIENTED_EDGE('',*,*,#490,.T.);
#490 = EDGE_CURVE('',#463,#491,#493,.T.);
#491 = VERTEX_POINT('',#492);
#492 = CARTESIAN_POINT('',(-35.11,13.2360679775,-13.5));
#493 = SURFACE_CURVE('',#494,(#499,#506),.PCURVE_S1.);
#494 = CIRCLE('',#495,3.);
#495 = AXIS2_PLACEMENT_3D('',#496,#497,#498);
#496 = CARTESIAN_POINT('',(-33.11,11.,-13.5));
#497 = DIRECTION('',(0.,0.,1.));
#498 = DIRECTION('',(-1.,-0.,0.));
#499 = PCURVE('',#100,#500);
#500 = DEFINITIONAL_REPRESENTATION('',(#501),#505);
#501 = LINE('',#502,#503);
#502 = CARTESIAN_POINT('',(-6.28318530718,28.75));
#503 = VECTOR('',#504,1.);
#504 = DIRECTION('',(1.,-0.));
#505 = ( GEOMETRIC_REPRESENTATION_CONTEXT(2) 
PARAMETRIC_REPRESENTATION_CONTEXT() REPRESENTATION_CONTEXT('2D SPACE',''
  ) );
#506 = PCURVE('',#216,#507);
#507 = DEFINITIONAL_REPRESENTATION('',(#508),#512);
#508 = CIRCLE('',#509,3.);
#509 = AXIS2_PLACEMENT_2D('',#510,#511);
#510 = CARTESIAN_POINT('',(2.,31.));
#511 = DIRECTION('',(-1.,0.));
#512 = ( GEOMETRIC_REPRESENTATION_CONTEXT(2) 
PARAMETRIC_REPRESENTATION_CONTEXT() REPRESENTATION_CONTEXT('2D SPACE',''
  ) );
#513 = ORIENTED_EDGE('',*,*,#514,.T.);
#514 = EDGE_CURVE('',#491,#515,#517,.T.);
#515 = VERTEX_POINT('',#516);
#516 = CARTESIAN_POINT('',(-35.11,13.2360679775,-2.25));
#517 = SURFACE_CURVE('',#518,(#522,#528),.PCURVE_S1.);
#518 = LINE('',#519,#520);
#519 = CARTESIAN_POINT('',(-35.11,13.2360679775,-42.25));
#520 = VECTOR('',#521,1.);
#521 = DIRECTION('',(0.,0.,1.));
#522 = PCURVE('',#100,#523);
#523 = DEFINITIONAL_REPRESENTATION('',(#524),#527);
#524 = B_SPLINE_CURVE_WITH_KNOTS('',1,(#525,#526),.UNSPECIFIED.,.F.,.F.,
  (2,2),(26.95,40.0000006),.PIECEWISE_BEZIER_KNOTS.);
#525 = CARTESIAN_POINT('',(-0.841068670568,26.95));
#526 = CARTESIAN_POINT('',(-0.841068670568,40.0000006));
#527 = ( GEOMETRIC_REPRESENTATION_CONTEXT(2) 
PARAMETRIC_REPRESENTATION_CONTEXT() REPRESENTATION_CONTEXT('2D SPACE',''
  ) );
#528 = PCURVE('',#243,#529);
#529 = DEFINITIONAL_REPRESENTATION('',(#530),#533);
#530 = B_SPLINE_CURVE_WITH_KNOTS('',1,(#531,#532),.UNSPECIFIED.,.F.,.F.,
  (2,2),(26.95,40.0000006),.PIECEWISE_BEZIER_KNOTS.);
#531 = CARTESIAN_POINT('',(-1.8,-33.2360679775));
#532 = CARTESIAN_POINT('',(11.2500006,-33.2360679775));
#533 = ( GEOMETRIC_REPRESENTATION_CONTEXT(2) 
PARAMETRIC_REPRESENTATION_CONTEXT() REPRESENTATION_CONTEXT('2D SPACE',''
  ) );
#534 = ORIENTED_EDGE('',*,*,#535,.T.);
#535 = EDGE_CURVE('',#515,#85,#536,.T.);
#536 = SURFACE_CURVE('',#537,(#542,#548),.PCURVE_S1.);
#537 = CIRCLE('',#538,3.);
#538 = AXIS2_PLACEMENT_3D('',#539,#540,#541);
#539 = CARTESIAN_POINT('',(-33.11,11.,-2.25));
#540 = DIRECTION('',(0.,0.,1.));
#541 = DIRECTION('',(-1.,-0.,0.));
#542 = PCURVE('',#100,#543);
#543 = DEFINITIONAL_REPRESENTATION('',(#544),#547);
#544 = B_SPLINE_CURVE_WITH_KNOTS('',1,(#545,#546),.UNSPECIFIED.,.F.,.F.,
  (2,2),(4.712388980385,6.28318530718),.PIECEWISE_BEZIER_KNOTS.);
#545 = CARTESIAN_POINT('',(-1.570796326795,40.));
#546 = CARTESIAN_POINT('',(0.,40.));
#547 = ( GEOMETRIC_REPRESENTATION_CONTEXT(2) 
PARAMETRIC_REPRESENTATION_CONTEXT() REPRESENTATION_CONTEXT('2D SPACE',''
  ) );
#548 = PCURVE('',#421,#549);
#549 = DEFINITIONAL_REPRESENTATION('',(#550),#553);
#550 = B_SPLINE_CURVE_WITH_KNOTS('',1,(#551,#552),.UNSPECIFIED.,.F.,.F.,
  (2,2),(4.712388980385,6.28318530718),.PIECEWISE_BEZIER_KNOTS.);
#551 = CARTESIAN_POINT('',(0.,-1.570796326795));
#552 = CARTESIAN_POINT('',(0.,0.));
#553 = ( GEOMETRIC_REPRESENTATION_CONTEXT(2) 
PARAMETRIC_REPRESENTATION_CONTEXT() REPRESENTATION_CONTEXT('2D SPACE',''
  ) );
#554 = ADVANCED_FACE('',(#555),#269,.T.);
#555 = FACE_BOUND('',#556,.F.);
#556 = EDGE_LOOP('',(#557,#558,#600));
#557 = ORIENTED_EDGE('',*,*,#363,.F.);
#558 = ORIENTED_EDGE('',*,*,#559,.T.);
#559 = EDGE_CURVE('',#364,#229,#560,.T.);
#560 = SURFACE_CURVE('',#561,(#566,#593),.PCURVE_S1.);
#561 = CIRCLE('',#562,2.2360679775);
#562 = AXIS2_PLACEMENT_3D('',#563,#564,#565);
#563 = CARTESIAN_POINT('',(-35.11,-11.,-2.25));
#564 = DIRECTION('',(1.,0.,-0.));
#565 = DIRECTION('',(0.,0.,1.));
#566 = PCURVE('',#269,#567);
#567 = DEFINITIONAL_REPRESENTATION('',(#568),#592);
#568 = B_SPLINE_CURVE_WITH_KNOTS('',8,(#569,#570,#571,#572,#573,#574,
    #575,#576,#577,#578,#579,#580,#581,#582,#583,#584,#585,#586,#587,
    #588,#589,#590,#591),.UNSPECIFIED.,.F.,.F.,(9,7,7,9),(0.,
    0.392699081699,0.981747704247,1.570796326795),.UNSPECIFIED.);
#569 = CARTESIAN_POINT('',(0.,-0.841068670568));
#570 = CARTESIAN_POINT('',(-5.488136508626E-02,-0.841068670568));
#571 = CARTESIAN_POINT('',(-0.109762400874,-0.837989835299));
#572 = CARTESIAN_POINT('',(-0.163940087012,-0.831832175212));
#573 = CARTESIAN_POINT('',(-0.216702403608,-0.822670698114));
#574 = CARTESIAN_POINT('',(-0.267453828495,-0.810656556351));
#575 = CARTESIAN_POINT('',(-0.31577579361,-0.795990685102));
#576 = CARTESIAN_POINT('',(-0.361426532561,-0.778892100192));
#577 = CARTESIAN_POINT('',(-0.468572079739,-0.730619409358));
#578 = CARTESIAN_POINT('',(-0.526577112625,-0.696682177202));
#579 = CARTESIAN_POINT('',(-0.57789462884,-0.658520453636));
#580 = CARTESIAN_POINT('',(-0.622776061915,-0.616898016161));
#581 = CARTESIAN_POINT('',(-0.661796356062,-0.572452257682));
#582 = CARTESIAN_POINT('',(-0.695499243708,-0.525703985214));
#583 = CARTESIAN_POINT('',(-0.72440217092,-0.477083639863));
#584 = CARTESIAN_POINT('',(-0.773470124898,-0.376818733626));
#585 = CARTESIAN_POINT('',(-0.793635259007,-0.325174175762));
#586 = CARTESIAN_POINT('',(-0.809864921556,-0.272377739549));
#587 = CARTESIAN_POINT('',(-0.822512230242,-0.218719382881));
#588 = CARTESIAN_POINT('',(-0.831832419633,-0.164442622336));
#589 = CARTESIAN_POINT('',(-0.837989760096,-0.109762719483));
#590 = CARTESIAN_POINT('',(-0.841068670568,-5.488136508626E-02));
#591 = CARTESIAN_POINT('',(-0.841068670568,0.));
#592 = ( GEOMETRIC_REPRESENTATION_CONTEXT(2) 
PARAMETRIC_REPRESENTATION_CONTEXT() REPRESENTATION_CONTEXT('2D SPACE',''
  ) );
#593 = PCURVE('',#243,#594);
#594 = DEFINITIONAL_REPRESENTATION('',(#595),#599);
#595 = CIRCLE('',#596,2.2360679775);
#596 = AXIS2_PLACEMENT_2D('',#597,#598);
#597 = CARTESIAN_POINT('',(11.25,-9.));
#598 = DIRECTION('',(1.,0.));
#599 = ( GEOMETRIC_REPRESENTATION_CONTEXT(2) 
PARAMETRIC_REPRESENTATION_CONTEXT() REPRESENTATION_CONTEXT('2D SPACE',''
  ) );
#600 = ORIENTED_EDGE('',*,*,#254,.F.);
#601 = ADVANCED_FACE('',(#602),#243,.T.);
#602 = FACE_BOUND('',#603,.T.);
#603 = EDGE_LOOP('',(#604,#605,#626,#627,#669,#670));
#604 = ORIENTED_EDGE('',*,*,#228,.F.);
#605 = ORIENTED_EDGE('',*,*,#606,.T.);
#606 = EDGE_CURVE('',#200,#491,#607,.T.);
#607 = SURFACE_CURVE('',#608,(#612,#619),.PCURVE_S1.);
#608 = LINE('',#609,#610);
#609 = CARTESIAN_POINT('',(-35.11,-20.,-13.5));
#610 = VECTOR('',#611,1.);
#611 = DIRECTION('',(-0.,1.,0.));
#612 = PCURVE('',#243,#613);
#613 = DEFINITIONAL_REPRESENTATION('',(#614),#618);
#614 = LINE('',#615,#616);
#615 = CARTESIAN_POINT('',(0.,0.));
#616 = VECTOR('',#617,1.);
#617 = DIRECTION('',(0.,-1.));
#618 = ( GEOMETRIC_REPRESENTATION_CONTEXT(2) 
PARAMETRIC_REPRESENTATION_CONTEXT() REPRESENTATION_CONTEXT('2D SPACE',''
  ) );
#619 = PCURVE('',#216,#620);
#620 = DEFINITIONAL_REPRESENTATION('',(#621),#625);
#621 = LINE('',#622,#623);
#622 = CARTESIAN_POINT('',(0.,0.));
#623 = VECTOR('',#624,1.);
#624 = DIRECTION('',(0.,1.));
#625 = ( GEOMETRIC_REPRESENTATION_CONTEXT(2) 
PARAMETRIC_REPRESENTATION_CONTEXT() REPRESENTATION_CONTEXT('2D SPACE',''
  ) );
#626 = ORIENTED_EDGE('',*,*,#514,.T.);
#627 = ORIENTED_EDGE('',*,*,#628,.T.);
#628 = EDGE_CURVE('',#515,#386,#629,.T.);
#629 = SURFACE_CURVE('',#630,(#635,#642),.PCURVE_S1.);
#630 = CIRCLE('',#631,2.2360679775);
#631 = AXIS2_PLACEMENT_3D('',#632,#633,#634);
#632 = CARTESIAN_POINT('',(-35.11,11.,-2.25));
#633 = DIRECTION('',(1.,0.,-0.));
#634 = DIRECTION('',(0.,0.,1.));
#635 = PCURVE('',#243,#636);
#636 = DEFINITIONAL_REPRESENTATION('',(#637),#641);
#637 = CIRCLE('',#638,2.2360679775);
#638 = AXIS2_PLACEMENT_2D('',#639,#640);
#639 = CARTESIAN_POINT('',(11.25,-31.));
#640 = DIRECTION('',(1.,0.));
#641 = ( GEOMETRIC_REPRESENTATION_CONTEXT(2) 
PARAMETRIC_REPRESENTATION_CONTEXT() REPRESENTATION_CONTEXT('2D SPACE',''
  ) );
#642 = PCURVE('',#421,#643);
#643 = DEFINITIONAL_REPRESENTATION('',(#644),#668);
#644 = B_SPLINE_CURVE_WITH_KNOTS('',8,(#645,#646,#647,#648,#649,#650,
    #651,#652,#653,#654,#655,#656,#657,#658,#659,#660,#661,#662,#663,
    #664,#665,#666,#667),.UNSPECIFIED.,.F.,.F.,(9,7,7,9),(4.712388980385
    ,5.105088062083,5.694136684632,6.28318530718),.UNSPECIFIED.);
#645 = CARTESIAN_POINT('',(0.,-0.841068670568));
#646 = CARTESIAN_POINT('',(-5.488136508626E-02,-0.841068670568));
#647 = CARTESIAN_POINT('',(-0.109762400874,-0.837989835299));
#648 = CARTESIAN_POINT('',(-0.163940087012,-0.831832175212));
#649 = CARTESIAN_POINT('',(-0.216702403608,-0.822670698114));
#650 = CARTESIAN_POINT('',(-0.267453828495,-0.810656556351));
#651 = CARTESIAN_POINT('',(-0.31577579361,-0.795990685102));
#652 = CARTESIAN_POINT('',(-0.361426532561,-0.778892100192));
#653 = CARTESIAN_POINT('',(-0.468572079739,-0.730619409358));
#654 = CARTESIAN_POINT('',(-0.526577112626,-0.696682177202));
#655 = CARTESIAN_POINT('',(-0.577894628839,-0.658520453636));
#656 = CARTESIAN_POINT('',(-0.622776061919,-0.616898016161));
#657 = CARTESIAN_POINT('',(-0.661796356061,-0.572452257682));
#658 = CARTESIAN_POINT('',(-0.695499243708,-0.525703985214));
#659 = CARTESIAN_POINT('',(-0.72440217092,-0.477083639863));
#660 = CARTESIAN_POINT('',(-0.773470124898,-0.376818733626));
#661 = CARTESIAN_POINT('',(-0.793635259007,-0.325174175762));
#662 = CARTESIAN_POINT('',(-0.809864921555,-0.272377739549));
#663 = CARTESIAN_POINT('',(-0.822512230242,-0.218719382881));
#664 = CARTESIAN_POINT('',(-0.831832419633,-0.164442622336));
#665 = CARTESIAN_POINT('',(-0.837989760096,-0.109762719483));
#666 = CARTESIAN_POINT('',(-0.841068670568,-5.488136508626E-02));
#667 = CARTESIAN_POINT('',(-0.841068670568,0.));
#668 = ( GEOMETRIC_REPRESENTATION_CONTEXT(2) 
PARAMETRIC_REPRESENTATION_CONTEXT() REPRESENTATION_CONTEXT('2D SPACE',''
  ) );
#669 = ORIENTED_EDGE('',*,*,#385,.F.);
#670 = ORIENTED_EDGE('',*,*,#559,.T.);
#671 = ADVANCED_FACE('',(#672,#803),#216,.T.);
#672 = FACE_BOUND('',#673,.T.);
#673 = EDGE_LOOP('',(#674,#675,#676,#697,#726,#754,#783,#802));
#674 = ORIENTED_EDGE('',*,*,#606,.F.);
#675 = ORIENTED_EDGE('',*,*,#199,.T.);
#676 = ORIENTED_EDGE('',*,*,#677,.T.);
#677 = EDGE_CURVE('',#172,#678,#680,.T.);
#678 = VERTEX_POINT('',#679);
#679 = CARTESIAN_POINT('',(12.89,-14.,-13.5));
#680 = SURFACE_CURVE('',#681,(#685,#691),.PCURVE_S1.);
#681 = LINE('',#682,#683);
#682 = CARTESIAN_POINT('',(-35.61,-14.,-13.5));
#683 = VECTOR('',#684,1.);
#684 = DIRECTION('',(1.,0.,-0.));
#685 = PCURVE('',#216,#686);
#686 = DEFINITIONAL_REPRESENTATION('',(#687),#690);
#687 = B_SPLINE_CURVE_WITH_KNOTS('',1,(#688,#689),.UNSPECIFIED.,.F.,.F.,
  (2,2),(2.5,48.5),.PIECEWISE_BEZIER_KNOTS.);
#688 = CARTESIAN_POINT('',(2.,6.));
#689 = CARTESIAN_POINT('',(48.,6.));
#690 = ( GEOMETRIC_REPRESENTATION_CONTEXT(2) 
PARAMETRIC_REPRESENTATION_CONTEXT() REPRESENTATION_CONTEXT('2D SPACE',''
  ) );
#691 = PCURVE('',#187,#692);
#692 = DEFINITIONAL_REPRESENTATION('',(#693),#696);
#693 = B_SPLINE_CURVE_WITH_KNOTS('',1,(#694,#695),.UNSPECIFIED.,.F.,.F.,
  (2,2),(2.5,48.5),.PIECEWISE_BEZIER_KNOTS.);
#694 = CARTESIAN_POINT('',(28.75,3.));
#695 = CARTESIAN_POINT('',(28.75,49.));
#696 = ( GEOMETRIC_REPRESENTATION_CONTEXT(2) 
PARAMETRIC_REPRESENTATION_CONTEXT() REPRESENTATION_CONTEXT('2D SPACE',''
  ) );
#697 = ORIENTED_EDGE('',*,*,#698,.T.);
#698 = EDGE_CURVE('',#678,#699,#701,.T.);
#699 = VERTEX_POINT('',#700);
#700 = CARTESIAN_POINT('',(14.89,-13.2360679775,-13.5));
#701 = SURFACE_CURVE('',#702,(#707,#714),.PCURVE_S1.);
#702 = CIRCLE('',#703,3.);
#703 = AXIS2_PLACEMENT_3D('',#704,#705,#706);
#704 = CARTESIAN_POINT('',(12.89,-11.,-13.5));
#705 = DIRECTION('',(0.,0.,1.));
#706 = DIRECTION('',(1.,0.,-0.));
#707 = PCURVE('',#216,#708);
#708 = DEFINITIONAL_REPRESENTATION('',(#709),#713);
#709 = CIRCLE('',#710,3.);
#710 = AXIS2_PLACEMENT_2D('',#711,#712);
#711 = CARTESIAN_POINT('',(48.,9.));
#712 = DIRECTION('',(1.,0.));
#713 = ( GEOMETRIC_REPRESENTATION_CONTEXT(2) 
PARAMETRIC_REPRESENTATION_CONTEXT() REPRESENTATION_CONTEXT('2D SPACE',''
  ) );
#714 = PCURVE('',#715,#720);
#715 = CYLINDRICAL_SURFACE('',#716,3.);
#716 = AXIS2_PLACEMENT_3D('',#717,#718,#719);
#717 = CARTESIAN_POINT('',(12.89,-11.,-42.25));
#718 = DIRECTION('',(0.,0.,1.));
#719 = DIRECTION('',(1.,0.,-0.));
#720 = DEFINITIONAL_REPRESENTATION('',(#721),#725);
#721 = LINE('',#722,#723);
#722 = CARTESIAN_POINT('',(-6.28318530718,28.75));
#723 = VECTOR('',#724,1.);
#724 = DIRECTION('',(1.,-0.));
#725 = ( GEOMETRIC_REPRESENTATION_CONTEXT(2) 
PARAMETRIC_REPRESENTATION_CONTEXT() REPRESENTATION_CONTEXT('2D SPACE',''
  ) );
#726 = ORIENTED_EDGE('',*,*,#727,.T.);
#727 = EDGE_CURVE('',#699,#728,#730,.T.);
#728 = VERTEX_POINT('',#729);
#729 = CARTESIAN_POINT('',(14.89,13.2360679775,-13.5));
#730 = SURFACE_CURVE('',#731,(#735,#742),.PCURVE_S1.);
#731 = LINE('',#732,#733);
#732 = CARTESIAN_POINT('',(14.89,-20.,-13.5));
#733 = VECTOR('',#734,1.);
#734 = DIRECTION('',(-0.,1.,0.));
#735 = PCURVE('',#216,#736);
#736 = DEFINITIONAL_REPRESENTATION('',(#737),#741);
#737 = LINE('',#738,#739);
#738 = CARTESIAN_POINT('',(50.,0.));
#739 = VECTOR('',#740,1.);
#740 = DIRECTION('',(0.,1.));
#741 = ( GEOMETRIC_REPRESENTATION_CONTEXT(2) 
PARAMETRIC_REPRESENTATION_CONTEXT() REPRESENTATION_CONTEXT('2D SPACE',''
  ) );
#742 = PCURVE('',#743,#748);
#743 = PLANE('',#744);
#744 = AXIS2_PLACEMENT_3D('',#745,#746,#747);
#745 = CARTESIAN_POINT('',(14.89,-20.,-13.5));
#746 = DIRECTION('',(1.,0.,-0.));
#747 = DIRECTION('',(0.,0.,1.));
#748 = DEFINITIONAL_REPRESENTATION('',(#749),#753);
#749 = LINE('',#750,#751);
#750 = CARTESIAN_POINT('',(0.,0.));
#751 = VECTOR('',#752,1.);
#752 = DIRECTION('',(0.,-1.));
#753 = ( GEOMETRIC_REPRESENTATION_CONTEXT(2) 
PARAMETRIC_REPRESENTATION_CONTEXT() REPRESENTATION_CONTEXT('2D SPACE',''
  ) );
#754 = ORIENTED_EDGE('',*,*,#755,.T.);
#755 = EDGE_CURVE('',#728,#756,#758,.T.);
#756 = VERTEX_POINT('',#757);
#757 = CARTESIAN_POINT('',(12.89,14.,-13.5));
#758 = SURFACE_CURVE('',#759,(#764,#771),.PCURVE_S1.);
#759 = CIRCLE('',#760,3.);
#760 = AXIS2_PLACEMENT_3D('',#761,#762,#763);
#761 = CARTESIAN_POINT('',(12.89,11.,-13.5));
#762 = DIRECTION('',(0.,0.,1.));
#763 = DIRECTION('',(1.,0.,-0.));
#764 = PCURVE('',#216,#765);
#765 = DEFINITIONAL_REPRESENTATION('',(#766),#770);
#766 = CIRCLE('',#767,3.);
#767 = AXIS2_PLACEMENT_2D('',#768,#769);
#768 = CARTESIAN_POINT('',(48.,31.));
#769 = DIRECTION('',(1.,0.));
#770 = ( GEOMETRIC_REPRESENTATION_CONTEXT(2) 
PARAMETRIC_REPRESENTATION_CONTEXT() REPRESENTATION_CONTEXT('2D SPACE',''
  ) );
#771 = PCURVE('',#772,#777);
#772 = CYLINDRICAL_SURFACE('',#773,3.);
#773 = AXIS2_PLACEMENT_3D('',#774,#775,#776);
#774 = CARTESIAN_POINT('',(12.89,11.,-42.25));
#775 = DIRECTION('',(0.,0.,1.));
#776 = DIRECTION('',(1.,0.,-0.));
#777 = DEFINITIONAL_REPRESENTATION('',(#778),#782);
#778 = LINE('',#779,#780);
#779 = CARTESIAN_POINT('',(0.,28.75));
#780 = VECTOR('',#781,1.);
#781 = DIRECTION('',(1.,0.));
#782 = ( GEOMETRIC_REPRESENTATION_CONTEXT(2) 
PARAMETRIC_REPRESENTATION_CONTEXT() REPRESENTATION_CONTEXT('2D SPACE',''
  ) );
#783 = ORIENTED_EDGE('',*,*,#784,.F.);
#784 = EDGE_CURVE('',#463,#756,#785,.T.);
#785 = SURFACE_CURVE('',#786,(#790,#796),.PCURVE_S1.);
#786 = LINE('',#787,#788);
#787 = CARTESIAN_POINT('',(-35.61,14.,-13.5));
#788 = VECTOR('',#789,1.);
#789 = DIRECTION('',(1.,0.,-0.));
#790 = PCURVE('',#216,#791);
#791 = DEFINITIONAL_REPRESENTATION('',(#792),#795);
#792 = B_SPLINE_CURVE_WITH_KNOTS('',1,(#793,#794),.UNSPECIFIED.,.F.,.F.,
  (2,2),(2.5,48.5),.PIECEWISE_BEZIER_KNOTS.);
#793 = CARTESIAN_POINT('',(2.,34.));
#794 = CARTESIAN_POINT('',(48.,34.));
#795 = ( GEOMETRIC_REPRESENTATION_CONTEXT(2) 
PARAMETRIC_REPRESENTATION_CONTEXT() REPRESENTATION_CONTEXT('2D SPACE',''
  ) );
#796 = PCURVE('',#478,#797);
#797 = DEFINITIONAL_REPRESENTATION('',(#798),#801);
#798 = B_SPLINE_CURVE_WITH_KNOTS('',1,(#799,#800),.UNSPECIFIED.,.F.,.F.,
  (2,2),(2.5,48.5),.PIECEWISE_BEZIER_KNOTS.);
#799 = CARTESIAN_POINT('',(28.75,3.));
#800 = CARTESIAN_POINT('',(28.75,49.));
#801 = ( GEOMETRIC_REPRESENTATION_CONTEXT(2) 
PARAMETRIC_REPRESENTATION_CONTEXT() REPRESENTATION_CONTEXT('2D SPACE',''
  ) );
#802 = ORIENTED_EDGE('',*,*,#490,.T.);
#803 = FACE_BOUND('',#804,.T.);
#804 = EDGE_LOOP('',(#805,#833,#862,#888,#917,#943,#972,#998));
#805 = ORIENTED_EDGE('',*,*,#806,.F.);
#806 = EDGE_CURVE('',#807,#809,#811,.T.);
#807 = VERTEX_POINT('',#808);
#808 = CARTESIAN_POINT('',(-33.32,10.96,-13.5));
#809 = VERTEX_POINT('',#810);
#810 = CARTESIAN_POINT('',(-33.32,-10.96,-13.5));
#811 = SURFACE_CURVE('',#812,(#816,#822),.PCURVE_S1.);
#812 = LINE('',#813,#814);
#813 = CARTESIAN_POINT('',(-33.32,-16.48,-13.5));
#814 = VECTOR('',#815,1.);
#815 = DIRECTION('',(0.,-1.,0.));
#816 = PCURVE('',#216,#817);
#817 = DEFINITIONAL_REPRESENTATION('',(#818),#821);
#818 = B_SPLINE_CURVE_WITH_KNOTS('',1,(#819,#820),.UNSPECIFIED.,.F.,.F.,
  (2,2),(-27.44,-5.52),.PIECEWISE_BEZIER_KNOTS.);
#819 = CARTESIAN_POINT('',(1.79,30.96));
#820 = CARTESIAN_POINT('',(1.79,9.04));
#821 = ( GEOMETRIC_REPRESENTATION_CONTEXT(2) 
PARAMETRIC_REPRESENTATION_CONTEXT() REPRESENTATION_CONTEXT('2D SPACE',''
  ) );
#822 = PCURVE('',#823,#828);
#823 = PLANE('',#824);
#824 = AXIS2_PLACEMENT_3D('',#825,#826,#827);
#825 = CARTESIAN_POINT('',(-33.32,-12.96,-41.75));
#826 = DIRECTION('',(1.,0.,-0.));
#827 = DIRECTION('',(0.,0.,1.));
#828 = DEFINITIONAL_REPRESENTATION('',(#829),#832);
#829 = B_SPLINE_CURVE_WITH_KNOTS('',1,(#830,#831),.UNSPECIFIED.,.F.,.F.,
  (2,2),(-27.44,-5.52),.PIECEWISE_BEZIER_KNOTS.);
#830 = CARTESIAN_POINT('',(28.25,-23.92));
#831 = CARTESIAN_POINT('',(28.25,-2.));
#832 = ( GEOMETRIC_REPRESENTATION_CONTEXT(2) 
PARAMETRIC_REPRESENTATION_CONTEXT() REPRESENTATION_CONTEXT('2D SPACE',''
  ) );
#833 = ORIENTED_EDGE('',*,*,#834,.F.);
#834 = EDGE_CURVE('',#835,#807,#837,.T.);
#835 = VERTEX_POINT('',#836);
#836 = CARTESIAN_POINT('',(-31.32,12.96,-13.5));
#837 = SURFACE_CURVE('',#838,(#843,#850),.PCURVE_S1.);
#838 = CIRCLE('',#839,2.);
#839 = AXIS2_PLACEMENT_3D('',#840,#841,#842);
#840 = CARTESIAN_POINT('',(-31.32,10.96,-13.5));
#841 = DIRECTION('',(0.,0.,1.));
#842 = DIRECTION('',(-1.,-0.,0.));
#843 = PCURVE('',#216,#844);
#844 = DEFINITIONAL_REPRESENTATION('',(#845),#849);
#845 = CIRCLE('',#846,2.);
#846 = AXIS2_PLACEMENT_2D('',#847,#848);
#847 = CARTESIAN_POINT('',(3.79,30.96));
#848 = DIRECTION('',(-1.,0.));
#849 = ( GEOMETRIC_REPRESENTATION_CONTEXT(2) 
PARAMETRIC_REPRESENTATION_CONTEXT() REPRESENTATION_CONTEXT('2D SPACE',''
  ) );
#850 = PCURVE('',#851,#856);
#851 = CYLINDRICAL_SURFACE('',#852,2.);
#852 = AXIS2_PLACEMENT_3D('',#853,#854,#855);
#853 = CARTESIAN_POINT('',(-31.32,10.96,-41.75));
#854 = DIRECTION('',(0.,0.,1.));
#855 = DIRECTION('',(-1.,-0.,0.));
#856 = DEFINITIONAL_REPRESENTATION('',(#857),#861);
#857 = LINE('',#858,#859);
#858 = CARTESIAN_POINT('',(-6.28318530718,28.25));
#859 = VECTOR('',#860,1.);
#860 = DIRECTION('',(1.,-0.));
#861 = ( GEOMETRIC_REPRESENTATION_CONTEXT(2) 
PARAMETRIC_REPRESENTATION_CONTEXT() REPRESENTATION_CONTEXT('2D SPACE',''
  ) );
#862 = ORIENTED_EDGE('',*,*,#863,.T.);
#863 = EDGE_CURVE('',#835,#864,#866,.T.);
#864 = VERTEX_POINT('',#865);
#865 = CARTESIAN_POINT('',(11.1,12.96,-13.5));
#866 = SURFACE_CURVE('',#867,(#871,#877),.PCURVE_S1.);
#867 = LINE('',#868,#869);
#868 = CARTESIAN_POINT('',(-34.215,12.96,-13.5));
#869 = VECTOR('',#870,1.);
#870 = DIRECTION('',(1.,0.,-0.));
#871 = PCURVE('',#216,#872);
#872 = DEFINITIONAL_REPRESENTATION('',(#873),#876);
#873 = B_SPLINE_CURVE_WITH_KNOTS('',1,(#874,#875),.UNSPECIFIED.,.F.,.F.,
  (2,2),(2.895,45.315),.PIECEWISE_BEZIER_KNOTS.);
#874 = CARTESIAN_POINT('',(3.79,32.96));
#875 = CARTESIAN_POINT('',(46.21,32.96));
#876 = ( GEOMETRIC_REPRESENTATION_CONTEXT(2) 
PARAMETRIC_REPRESENTATION_CONTEXT() REPRESENTATION_CONTEXT('2D SPACE',''
  ) );
#877 = PCURVE('',#878,#883);
#878 = PLANE('',#879);
#879 = AXIS2_PLACEMENT_3D('',#880,#881,#882);
#880 = CARTESIAN_POINT('',(-33.32,12.96,-41.75));
#881 = DIRECTION('',(-0.,1.,0.));
#882 = DIRECTION('',(0.,0.,1.));
#883 = DEFINITIONAL_REPRESENTATION('',(#884),#887);
#884 = B_SPLINE_CURVE_WITH_KNOTS('',1,(#885,#886),.UNSPECIFIED.,.F.,.F.,
  (2,2),(2.895,45.315),.PIECEWISE_BEZIER_KNOTS.);
#885 = CARTESIAN_POINT('',(28.25,2.));
#886 = CARTESIAN_POINT('',(28.25,44.42));
#887 = ( GEOMETRIC_REPRESENTATION_CONTEXT(2) 
PARAMETRIC_REPRESENTATION_CONTEXT() REPRESENTATION_CONTEXT('2D SPACE',''
  ) );
#888 = ORIENTED_EDGE('',*,*,#889,.F.);
#889 = EDGE_CURVE('',#890,#864,#892,.T.);
#890 = VERTEX_POINT('',#891);
#891 = CARTESIAN_POINT('',(13.1,10.96,-13.5));
#892 = SURFACE_CURVE('',#893,(#898,#905),.PCURVE_S1.);
#893 = CIRCLE('',#894,2.);
#894 = AXIS2_PLACEMENT_3D('',#895,#896,#897);
#895 = CARTESIAN_POINT('',(11.1,10.96,-13.5));
#896 = DIRECTION('',(0.,0.,1.));
#897 = DIRECTION('',(1.,0.,-0.));
#898 = PCURVE('',#216,#899);
#899 = DEFINITIONAL_REPRESENTATION('',(#900),#904);
#900 = CIRCLE('',#901,2.);
#901 = AXIS2_PLACEMENT_2D('',#902,#903);
#902 = CARTESIAN_POINT('',(46.21,30.96));
#903 = DIRECTION('',(1.,0.));
#904 = ( GEOMETRIC_REPRESENTATION_CONTEXT(2) 
PARAMETRIC_REPRESENTATION_CONTEXT() REPRESENTATION_CONTEXT('2D SPACE',''
  ) );
#905 = PCURVE('',#906,#911);
#906 = CYLINDRICAL_SURFACE('',#907,2.);
#907 = AXIS2_PLACEMENT_3D('',#908,#909,#910);
#908 = CARTESIAN_POINT('',(11.1,10.96,-41.75));
#909 = DIRECTION('',(0.,0.,1.));
#910 = DIRECTION('',(1.,0.,-0.));
#911 = DEFINITIONAL_REPRESENTATION('',(#912),#916);
#912 = LINE('',#913,#914);
#913 = CARTESIAN_POINT('',(0.,28.25));
#914 = VECTOR('',#915,1.);
#915 = DIRECTION('',(1.,0.));
#916 = ( GEOMETRIC_REPRESENTATION_CONTEXT(2) 
PARAMETRIC_REPRESENTATION_CONTEXT() REPRESENTATION_CONTEXT('2D SPACE',''
  ) );
#917 = ORIENTED_EDGE('',*,*,#918,.T.);
#918 = EDGE_CURVE('',#890,#919,#921,.T.);
#919 = VERTEX_POINT('',#920);
#920 = CARTESIAN_POINT('',(13.1,-10.96,-13.5));
#921 = SURFACE_CURVE('',#922,(#926,#932),.PCURVE_S1.);
#922 = LINE('',#923,#924);
#923 = CARTESIAN_POINT('',(13.1,-16.48,-13.5));
#924 = VECTOR('',#925,1.);
#925 = DIRECTION('',(0.,-1.,0.));
#926 = PCURVE('',#216,#927);
#927 = DEFINITIONAL_REPRESENTATION('',(#928),#931);
#928 = B_SPLINE_CURVE_WITH_KNOTS('',1,(#929,#930),.UNSPECIFIED.,.F.,.F.,
  (2,2),(-27.44,-5.52),.PIECEWISE_BEZIER_KNOTS.);
#929 = CARTESIAN_POINT('',(48.21,30.96));
#930 = CARTESIAN_POINT('',(48.21,9.04));
#931 = ( GEOMETRIC_REPRESENTATION_CONTEXT(2) 
PARAMETRIC_REPRESENTATION_CONTEXT() REPRESENTATION_CONTEXT('2D SPACE',''
  ) );
#932 = PCURVE('',#933,#938);
#933 = PLANE('',#934);
#934 = AXIS2_PLACEMENT_3D('',#935,#936,#937);
#935 = CARTESIAN_POINT('',(13.1,-12.96,-41.75));
#936 = DIRECTION('',(1.,0.,-0.));
#937 = DIRECTION('',(0.,0.,1.));
#938 = DEFINITIONAL_REPRESENTATION('',(#939),#942);
#939 = B_SPLINE_CURVE_WITH_KNOTS('',1,(#940,#941),.UNSPECIFIED.,.F.,.F.,
  (2,2),(-27.44,-5.52),.PIECEWISE_BEZIER_KNOTS.);
#940 = CARTESIAN_POINT('',(28.25,-23.92));
#941 = CARTESIAN_POINT('',(28.25,-2.));
#942 = ( GEOMETRIC_REPRESENTATION_CONTEXT(2) 
PARAMETRIC_REPRESENTATION_CONTEXT() REPRESENTATION_CONTEXT('2D SPACE',''
  ) );
#943 = ORIENTED_EDGE('',*,*,#944,.F.);
#944 = EDGE_CURVE('',#945,#919,#947,.T.);
#945 = VERTEX_POINT('',#946);
#946 = CARTESIAN_POINT('',(11.1,-12.96,-13.5));
#947 = SURFACE_CURVE('',#948,(#953,#960),.PCURVE_S1.);
#948 = CIRCLE('',#949,2.);
#949 = AXIS2_PLACEMENT_3D('',#950,#951,#952);
#950 = CARTESIAN_POINT('',(11.1,-10.96,-13.5));
#951 = DIRECTION('',(0.,0.,1.));
#952 = DIRECTION('',(1.,0.,-0.));
#953 = PCURVE('',#216,#954);
#954 = DEFINITIONAL_REPRESENTATION('',(#955),#959);
#955 = CIRCLE('',#956,2.);
#956 = AXIS2_PLACEMENT_2D('',#957,#958);
#957 = CARTESIAN_POINT('',(46.21,9.04));
#958 = DIRECTION('',(1.,0.));
#959 = ( GEOMETRIC_REPRESENTATION_CONTEXT(2) 
PARAMETRIC_REPRESENTATION_CONTEXT() REPRESENTATION_CONTEXT('2D SPACE',''
  ) );
#960 = PCURVE('',#961,#966);
#961 = CYLINDRICAL_SURFACE('',#962,2.);
#962 = AXIS2_PLACEMENT_3D('',#963,#964,#965);
#963 = CARTESIAN_POINT('',(11.1,-10.96,-41.75));
#964 = DIRECTION('',(0.,0.,1.));
#965 = DIRECTION('',(1.,0.,-0.));
#966 = DEFINITIONAL_REPRESENTATION('',(#967),#971);
#967 = LINE('',#968,#969);
#968 = CARTESIAN_POINT('',(-6.28318530718,28.25));
#969 = VECTOR('',#970,1.);
#970 = DIRECTION('',(1.,-0.));
#971 = ( GEOMETRIC_REPRESENTATION_CONTEXT(2) 
PARAMETRIC_REPRESENTATION_CONTEXT() REPRESENTATION_CONTEXT('2D SPACE',''
  ) );
#972 = ORIENTED_EDGE('',*,*,#973,.F.);
#973 = EDGE_CURVE('',#974,#945,#976,.T.);
#974 = VERTEX_POINT('',#975);
#975 = CARTESIAN_POINT('',(-31.32,-12.96,-13.5));
#976 = SURFACE_CURVE('',#977,(#981,#987),.PCURVE_S1.);
#977 = LINE('',#978,#979);
#978 = CARTESIAN_POINT('',(-34.215,-12.96,-13.5));
#979 = VECTOR('',#980,1.);
#980 = DIRECTION('',(1.,0.,-0.));
#981 = PCURVE('',#216,#982);
#982 = DEFINITIONAL_REPRESENTATION('',(#983),#986);
#983 = B_SPLINE_CURVE_WITH_KNOTS('',1,(#984,#985),.UNSPECIFIED.,.F.,.F.,
  (2,2),(2.895,45.315),.PIECEWISE_BEZIER_KNOTS.);
#984 = CARTESIAN_POINT('',(3.79,7.04));
#985 = CARTESIAN_POINT('',(46.21,7.04));
#986 = ( GEOMETRIC_REPRESENTATION_CONTEXT(2) 
PARAMETRIC_REPRESENTATION_CONTEXT() REPRESENTATION_CONTEXT('2D SPACE',''
  ) );
#987 = PCURVE('',#988,#993);
#988 = PLANE('',#989);
#989 = AXIS2_PLACEMENT_3D('',#990,#991,#992);
#990 = CARTESIAN_POINT('',(-33.32,-12.96,-41.75));
#991 = DIRECTION('',(-0.,1.,0.));
#992 = DIRECTION('',(0.,0.,1.));
#993 = DEFINITIONAL_REPRESENTATION('',(#994),#997);
#994 = B_SPLINE_CURVE_WITH_KNOTS('',1,(#995,#996),.UNSPECIFIED.,.F.,.F.,
  (2,2),(2.895,45.315),.PIECEWISE_BEZIER_KNOTS.);
#995 = CARTESIAN_POINT('',(28.25,2.));
#996 = CARTESIAN_POINT('',(28.25,44.42));
#997 = ( GEOMETRIC_REPRESENTATION_CONTEXT(2) 
PARAMETRIC_REPRESENTATION_CONTEXT() REPRESENTATION_CONTEXT('2D SPACE',''
  ) );
#998 = ORIENTED_EDGE('',*,*,#999,.F.);
#999 = EDGE_CURVE('',#809,#974,#1000,.T.);
#1000 = SURFACE_CURVE('',#1001,(#1006,#1013),.PCURVE_S1.);
#1001 = CIRCLE('',#1002,2.);
#1002 = AXIS2_PLACEMENT_3D('',#1003,#1004,#1005);
#1003 = CARTESIAN_POINT('',(-31.32,-10.96,-13.5));
#1004 = DIRECTION('',(0.,0.,1.));
#1005 = DIRECTION('',(-1.,-0.,0.));
#1006 = PCURVE('',#216,#1007);
#1007 = DEFINITIONAL_REPRESENTATION('',(#1008),#1012);
#1008 = CIRCLE('',#1009,2.);
#1009 = AXIS2_PLACEMENT_2D('',#1010,#1011);
#1010 = CARTESIAN_POINT('',(3.79,9.04));
#1011 = DIRECTION('',(-1.,0.));
#1012 = ( GEOMETRIC_REPRESENTATION_CONTEXT(2) 
PARAMETRIC_REPRESENTATION_CONTEXT() REPRESENTATION_CONTEXT('2D SPACE',''
  ) );
#1013 = PCURVE('',#1014,#1019);
#1014 = CYLINDRICAL_SURFACE('',#1015,2.);
#1015 = AXIS2_PLACEMENT_3D('',#1016,#1017,#1018);
#1016 = CARTESIAN_POINT('',(-31.32,-10.96,-41.75));
#1017 = DIRECTION('',(0.,0.,1.));
#1018 = DIRECTION('',(-1.,-0.,0.));
#1019 = DEFINITIONAL_REPRESENTATION('',(#1020),#1024);
#1020 = LINE('',#1021,#1022);
#1021 = CARTESIAN_POINT('',(0.,28.25));
#1022 = VECTOR('',#1023,1.);
#1023 = DIRECTION('',(1.,0.));
#1024 = ( GEOMETRIC_REPRESENTATION_CONTEXT(2) 
PARAMETRIC_REPRESENTATION_CONTEXT() REPRESENTATION_CONTEXT('2D SPACE',''
  ) );
#1025 = ADVANCED_FACE('',(#1026),#187,.F.);
#1026 = FACE_BOUND('',#1027,.F.);
#1027 = EDGE_LOOP('',(#1028,#1056,#1057,#1058));
#1028 = ORIENTED_EDGE('',*,*,#1029,.F.);
#1029 = EDGE_CURVE('',#143,#1030,#1032,.T.);
#1030 = VERTEX_POINT('',#1031);
#1031 = CARTESIAN_POINT('',(12.89,-14.,-39.25));
#1032 = SURFACE_CURVE('',#1033,(#1037,#1044),.PCURVE_S1.);
#1033 = LINE('',#1034,#1035);
#1034 = CARTESIAN_POINT('',(-36.11,-14.,-39.25));
#1035 = VECTOR('',#1036,1.);
#1036 = DIRECTION('',(1.,0.,-0.));
#1037 = PCURVE('',#187,#1038);
#1038 = DEFINITIONAL_REPRESENTATION('',(#1039),#1043);
#1039 = LINE('',#1040,#1041);
#1040 = CARTESIAN_POINT('',(3.,0.));
#1041 = VECTOR('',#1042,1.);
#1042 = DIRECTION('',(0.,1.));
#1043 = ( GEOMETRIC_REPRESENTATION_CONTEXT(2) 
PARAMETRIC_REPRESENTATION_CONTEXT() REPRESENTATION_CONTEXT('2D SPACE',''
  ) );
#1044 = PCURVE('',#1045,#1050);
#1045 = CYLINDRICAL_SURFACE('',#1046,3.);
#1046 = AXIS2_PLACEMENT_3D('',#1047,#1048,#1049);
#1047 = CARTESIAN_POINT('',(-36.11,-11.,-39.25));
#1048 = DIRECTION('',(1.,0.,-0.));
#1049 = DIRECTION('',(0.,-1.,0.));
#1050 = DEFINITIONAL_REPRESENTATION('',(#1051),#1055);
#1051 = LINE('',#1052,#1053);
#1052 = CARTESIAN_POINT('',(0.,0.));
#1053 = VECTOR('',#1054,1.);
#1054 = DIRECTION('',(0.,1.));
#1055 = ( GEOMETRIC_REPRESENTATION_CONTEXT(2) 
PARAMETRIC_REPRESENTATION_CONTEXT() REPRESENTATION_CONTEXT('2D SPACE',''
  ) );
#1056 = ORIENTED_EDGE('',*,*,#171,.T.);
#1057 = ORIENTED_EDGE('',*,*,#677,.T.);
#1058 = ORIENTED_EDGE('',*,*,#1059,.F.);
#1059 = EDGE_CURVE('',#1030,#678,#1060,.T.);
#1060 = SURFACE_CURVE('',#1061,(#1065,#1072),.PCURVE_S1.);
#1061 = LINE('',#1062,#1063);
#1062 = CARTESIAN_POINT('',(12.89,-14.,-42.25));
#1063 = VECTOR('',#1064,1.);
#1064 = DIRECTION('',(0.,0.,1.));
#1065 = PCURVE('',#187,#1066);
#1066 = DEFINITIONAL_REPRESENTATION('',(#1067),#1071);
#1067 = LINE('',#1068,#1069);
#1068 = CARTESIAN_POINT('',(0.,49.));
#1069 = VECTOR('',#1070,1.);
#1070 = DIRECTION('',(1.,0.));
#1071 = ( GEOMETRIC_REPRESENTATION_CONTEXT(2) 
PARAMETRIC_REPRESENTATION_CONTEXT() REPRESENTATION_CONTEXT('2D SPACE',''
  ) );
#1072 = PCURVE('',#715,#1073);
#1073 = DEFINITIONAL_REPRESENTATION('',(#1074),#1078);
#1074 = LINE('',#1075,#1076);
#1075 = CARTESIAN_POINT('',(-1.570796326795,0.));
#1076 = VECTOR('',#1077,1.);
#1077 = DIRECTION('',(-0.,1.));
#1078 = ( GEOMETRIC_REPRESENTATION_CONTEXT(2) 
PARAMETRIC_REPRESENTATION_CONTEXT() REPRESENTATION_CONTEXT('2D SPACE',''
  ) );
#1079 = ADVANCED_FACE('',(#1080),#159,.T.);
#1080 = FACE_BOUND('',#1081,.T.);
#1081 = EDGE_LOOP('',(#1082,#1083,#1103));
#1082 = ORIENTED_EDGE('',*,*,#284,.F.);
#1083 = ORIENTED_EDGE('',*,*,#1084,.T.);
#1084 = EDGE_CURVE('',#285,#143,#1085,.T.);
#1085 = SURFACE_CURVE('',#1086,(#1091,#1097),.PCURVE_S1.);
#1086 = CIRCLE('',#1087,3.);
#1087 = AXIS2_PLACEMENT_3D('',#1088,#1089,#1090);
#1088 = CARTESIAN_POINT('',(-33.11,-11.,-39.25));
#1089 = DIRECTION('',(-1.,6.123233995737E-17,0.));
#1090 = DIRECTION('',(-6.123233995737E-17,-1.,0.));
#1091 = PCURVE('',#159,#1092);
#1092 = DEFINITIONAL_REPRESENTATION('',(#1093),#1096);
#1093 = B_SPLINE_CURVE_WITH_KNOTS('',1,(#1094,#1095),.UNSPECIFIED.,.F.,
  .F.,(2,2),(4.712388980385,6.28318530718),.PIECEWISE_BEZIER_KNOTS.);
#1094 = CARTESIAN_POINT('',(1.570796326795,-1.570796326795));
#1095 = CARTESIAN_POINT('',(1.570796326795,0.));
#1096 = ( GEOMETRIC_REPRESENTATION_CONTEXT(2) 
PARAMETRIC_REPRESENTATION_CONTEXT() REPRESENTATION_CONTEXT('2D SPACE',''
  ) );
#1097 = PCURVE('',#1045,#1098);
#1098 = DEFINITIONAL_REPRESENTATION('',(#1099),#1102);
#1099 = B_SPLINE_CURVE_WITH_KNOTS('',1,(#1100,#1101),.UNSPECIFIED.,.F.,
  .F.,(2,2),(4.712388980385,6.28318530718),.PIECEWISE_BEZIER_KNOTS.);
#1100 = CARTESIAN_POINT('',(1.570796326795,3.));
#1101 = CARTESIAN_POINT('',(0.,3.));
#1102 = ( GEOMETRIC_REPRESENTATION_CONTEXT(2) 
PARAMETRIC_REPRESENTATION_CONTEXT() REPRESENTATION_CONTEXT('2D SPACE',''
  ) );
#1103 = ORIENTED_EDGE('',*,*,#142,.F.);
#1104 = ADVANCED_FACE('',(#1105),#322,.F.);
#1105 = FACE_BOUND('',#1106,.F.);
#1106 = EDGE_LOOP('',(#1107,#1108,#1131,#1160,#1184,#1207,#1236,#1260,
    #1283,#1311,#1339,#1368,#1392,#1415,#1444,#1468));
#1107 = ORIENTED_EDGE('',*,*,#306,.F.);
#1108 = ORIENTED_EDGE('',*,*,#1109,.T.);
#1109 = EDGE_CURVE('',#285,#1110,#1112,.T.);
#1110 = VERTEX_POINT('',#1111);
#1111 = CARTESIAN_POINT('',(-29.3717797887,-11.,-42.25));
#1112 = SURFACE_CURVE('',#1113,(#1117,#1124),.PCURVE_S1.);
#1113 = LINE('',#1114,#1115);
#1114 = CARTESIAN_POINT('',(-36.11,-11.,-42.25));
#1115 = VECTOR('',#1116,1.);
#1116 = DIRECTION('',(1.,0.,-0.));
#1117 = PCURVE('',#322,#1118);
#1118 = DEFINITIONAL_REPRESENTATION('',(#1119),#1123);
#1119 = LINE('',#1120,#1121);
#1120 = CARTESIAN_POINT('',(0.,3.));
#1121 = VECTOR('',#1122,1.);
#1122 = DIRECTION('',(1.,0.));
#1123 = ( GEOMETRIC_REPRESENTATION_CONTEXT(2) 
PARAMETRIC_REPRESENTATION_CONTEXT() REPRESENTATION_CONTEXT('2D SPACE',''
  ) );
#1124 = PCURVE('',#1045,#1125);
#1125 = DEFINITIONAL_REPRESENTATION('',(#1126),#1130);
#1126 = LINE('',#1127,#1128);
#1127 = CARTESIAN_POINT('',(1.570796326795,0.));
#1128 = VECTOR('',#1129,1.);
#1129 = DIRECTION('',(0.,1.));
#1130 = ( GEOMETRIC_REPRESENTATION_CONTEXT(2) 
PARAMETRIC_REPRESENTATION_CONTEXT() REPRESENTATION_CONTEXT('2D SPACE',''
  ) );
#1131 = ORIENTED_EDGE('',*,*,#1132,.F.);
#1132 = EDGE_CURVE('',#1133,#1110,#1135,.T.);
#1133 = VERTEX_POINT('',#1134);
#1134 = CARTESIAN_POINT('',(-27.35,-10.25,-42.25));
#1135 = SURFACE_CURVE('',#1136,(#1141,#1148),.PCURVE_S1.);
#1136 = CIRCLE('',#1137,1.15);
#1137 = AXIS2_PLACEMENT_3D('',#1138,#1139,#1140);
#1138 = CARTESIAN_POINT('',(-28.5,-10.25,-42.25));
#1139 = DIRECTION('',(0.,0.,1.));
#1140 = DIRECTION('',(1.,0.,-0.));
#1141 = PCURVE('',#322,#1142);
#1142 = DEFINITIONAL_REPRESENTATION('',(#1143),#1147);
#1143 = CIRCLE('',#1144,1.15);
#1144 = AXIS2_PLACEMENT_2D('',#1145,#1146);
#1145 = CARTESIAN_POINT('',(7.61,3.75));
#1146 = DIRECTION('',(1.,0.));
#1147 = ( GEOMETRIC_REPRESENTATION_CONTEXT(2) 
PARAMETRIC_REPRESENTATION_CONTEXT() REPRESENTATION_CONTEXT('2D SPACE',''
  ) );
#1148 = PCURVE('',#1149,#1154);
#1149 = CYLINDRICAL_SURFACE('',#1150,1.15);
#1150 = AXIS2_PLACEMENT_3D('',#1151,#1152,#1153);
#1151 = CARTESIAN_POINT('',(-28.5,-10.25,-44.75));
#1152 = DIRECTION('',(0.,0.,1.));
#1153 = DIRECTION('',(1.,0.,-0.));
#1154 = DEFINITIONAL_REPRESENTATION('',(#1155),#1159);
#1155 = LINE('',#1156,#1157);
#1156 = CARTESIAN_POINT('',(0.,2.5));
#1157 = VECTOR('',#1158,1.);
#1158 = DIRECTION('',(1.,0.));
#1159 = ( GEOMETRIC_REPRESENTATION_CONTEXT(2) 
PARAMETRIC_REPRESENTATION_CONTEXT() REPRESENTATION_CONTEXT('2D SPACE',''
  ) );
#1160 = ORIENTED_EDGE('',*,*,#1161,.F.);
#1161 = EDGE_CURVE('',#1162,#1133,#1164,.T.);
#1162 = VERTEX_POINT('',#1163);
#1163 = CARTESIAN_POINT('',(-27.62822021129,-11.,-42.25));
#1164 = SURFACE_CURVE('',#1165,(#1170,#1177),.PCURVE_S1.);
#1165 = CIRCLE('',#1166,1.15);
#1166 = AXIS2_PLACEMENT_3D('',#1167,#1168,#1169);
#1167 = CARTESIAN_POINT('',(-28.5,-10.25,-42.25));
#1168 = DIRECTION('',(0.,0.,1.));
#1169 = DIRECTION('',(1.,0.,-0.));
#1170 = PCURVE('',#322,#1171);
#1171 = DEFINITIONAL_REPRESENTATION('',(#1172),#1176);
#1172 = CIRCLE('',#1173,1.15);
#1173 = AXIS2_PLACEMENT_2D('',#1174,#1175);
#1174 = CARTESIAN_POINT('',(7.61,3.75));
#1175 = DIRECTION('',(1.,0.));
#1176 = ( GEOMETRIC_REPRESENTATION_CONTEXT(2) 
PARAMETRIC_REPRESENTATION_CONTEXT() REPRESENTATION_CONTEXT('2D SPACE',''
  ) );
#1177 = PCURVE('',#1149,#1178);
#1178 = DEFINITIONAL_REPRESENTATION('',(#1179),#1183);
#1179 = LINE('',#1180,#1181);
#1180 = CARTESIAN_POINT('',(0.,2.5));
#1181 = VECTOR('',#1182,1.);
#1182 = DIRECTION('',(1.,0.));
#1183 = ( GEOMETRIC_REPRESENTATION_CONTEXT(2) 
PARAMETRIC_REPRESENTATION_CONTEXT() REPRESENTATION_CONTEXT('2D SPACE',''
  ) );
#1184 = ORIENTED_EDGE('',*,*,#1185,.T.);
#1185 = EDGE_CURVE('',#1162,#1186,#1188,.T.);
#1186 = VERTEX_POINT('',#1187);
#1187 = CARTESIAN_POINT('',(7.428220211292,-11.,-42.25));
#1188 = SURFACE_CURVE('',#1189,(#1193,#1200),.PCURVE_S1.);
#1189 = LINE('',#1190,#1191);
#1190 = CARTESIAN_POINT('',(-36.11,-11.,-42.25));
#1191 = VECTOR('',#1192,1.);
#1192 = DIRECTION('',(1.,0.,-0.));
#1193 = PCURVE('',#322,#1194);
#1194 = DEFINITIONAL_REPRESENTATION('',(#1195),#1199);
#1195 = LINE('',#1196,#1197);
#1196 = CARTESIAN_POINT('',(0.,3.));
#1197 = VECTOR('',#1198,1.);
#1198 = DIRECTION('',(1.,0.));
#1199 = ( GEOMETRIC_REPRESENTATION_CONTEXT(2) 
PARAMETRIC_REPRESENTATION_CONTEXT() REPRESENTATION_CONTEXT('2D SPACE',''
  ) );
#1200 = PCURVE('',#1045,#1201);
#1201 = DEFINITIONAL_REPRESENTATION('',(#1202),#1206);
#1202 = LINE('',#1203,#1204);
#1203 = CARTESIAN_POINT('',(1.570796326795,0.));
#1204 = VECTOR('',#1205,1.);
#1205 = DIRECTION('',(0.,1.));
#1206 = ( GEOMETRIC_REPRESENTATION_CONTEXT(2) 
PARAMETRIC_REPRESENTATION_CONTEXT() REPRESENTATION_CONTEXT('2D SPACE',''
  ) );
#1207 = ORIENTED_EDGE('',*,*,#1208,.F.);
#1208 = EDGE_CURVE('',#1209,#1186,#1211,.T.);
#1209 = VERTEX_POINT('',#1210);
#1210 = CARTESIAN_POINT('',(9.45,-10.25,-42.25));
#1211 = SURFACE_CURVE('',#1212,(#1217,#1224),.PCURVE_S1.);
#1212 = CIRCLE('',#1213,1.15);
#1213 = AXIS2_PLACEMENT_3D('',#1214,#1215,#1216);
#1214 = CARTESIAN_POINT('',(8.3,-10.25,-42.25));
#1215 = DIRECTION('',(0.,0.,1.));
#1216 = DIRECTION('',(1.,0.,-0.));
#1217 = PCURVE('',#322,#1218);
#1218 = DEFINITIONAL_REPRESENTATION('',(#1219),#1223);
#1219 = CIRCLE('',#1220,1.15);
#1220 = AXIS2_PLACEMENT_2D('',#1221,#1222);
#1221 = CARTESIAN_POINT('',(44.41,3.75));
#1222 = DIRECTION('',(1.,0.));
#1223 = ( GEOMETRIC_REPRESENTATION_CONTEXT(2) 
PARAMETRIC_REPRESENTATION_CONTEXT() REPRESENTATION_CONTEXT('2D SPACE',''
  ) );
#1224 = PCURVE('',#1225,#1230);
#1225 = CYLINDRICAL_SURFACE('',#1226,1.15);
#1226 = AXIS2_PLACEMENT_3D('',#1227,#1228,#1229);
#1227 = CARTESIAN_POINT('',(8.3,-10.25,-44.75));
#1228 = DIRECTION('',(0.,0.,1.));
#1229 = DIRECTION('',(1.,0.,-0.));
#1230 = DEFINITIONAL_REPRESENTATION('',(#1231),#1235);
#1231 = LINE('',#1232,#1233);
#1232 = CARTESIAN_POINT('',(0.,2.5));
#1233 = VECTOR('',#1234,1.);
#1234 = DIRECTION('',(1.,0.));
#1235 = ( GEOMETRIC_REPRESENTATION_CONTEXT(2) 
PARAMETRIC_REPRESENTATION_CONTEXT() REPRESENTATION_CONTEXT('2D SPACE',''
  ) );
#1236 = ORIENTED_EDGE('',*,*,#1237,.F.);
#1237 = EDGE_CURVE('',#1238,#1209,#1240,.T.);
#1238 = VERTEX_POINT('',#1239);
#1239 = CARTESIAN_POINT('',(9.171779788708,-11.,-42.25));
#1240 = SURFACE_CURVE('',#1241,(#1246,#1253),.PCURVE_S1.);
#1241 = CIRCLE('',#1242,1.15);
#1242 = AXIS2_PLACEMENT_3D('',#1243,#1244,#1245);
#1243 = CARTESIAN_POINT('',(8.3,-10.25,-42.25));
#1244 = DIRECTION('',(0.,0.,1.));
#1245 = DIRECTION('',(1.,0.,-0.));
#1246 = PCURVE('',#322,#1247);
#1247 = DEFINITIONAL_REPRESENTATION('',(#1248),#1252);
#1248 = CIRCLE('',#1249,1.15);
#1249 = AXIS2_PLACEMENT_2D('',#1250,#1251);
#1250 = CARTESIAN_POINT('',(44.41,3.75));
#1251 = DIRECTION('',(1.,0.));
#1252 = ( GEOMETRIC_REPRESENTATION_CONTEXT(2) 
PARAMETRIC_REPRESENTATION_CONTEXT() REPRESENTATION_CONTEXT('2D SPACE',''
  ) );
#1253 = PCURVE('',#1225,#1254);
#1254 = DEFINITIONAL_REPRESENTATION('',(#1255),#1259);
#1255 = LINE('',#1256,#1257);
#1256 = CARTESIAN_POINT('',(0.,2.5));
#1257 = VECTOR('',#1258,1.);
#1258 = DIRECTION('',(1.,0.));
#1259 = ( GEOMETRIC_REPRESENTATION_CONTEXT(2) 
PARAMETRIC_REPRESENTATION_CONTEXT() REPRESENTATION_CONTEXT('2D SPACE',''
  ) );
#1260 = ORIENTED_EDGE('',*,*,#1261,.T.);
#1261 = EDGE_CURVE('',#1238,#1262,#1264,.T.);
#1262 = VERTEX_POINT('',#1263);
#1263 = CARTESIAN_POINT('',(12.89,-11.,-42.25));
#1264 = SURFACE_CURVE('',#1265,(#1269,#1276),.PCURVE_S1.);
#1265 = LINE('',#1266,#1267);
#1266 = CARTESIAN_POINT('',(-36.11,-11.,-42.25));
#1267 = VECTOR('',#1268,1.);
#1268 = DIRECTION('',(1.,0.,-0.));
#1269 = PCURVE('',#322,#1270);
#1270 = DEFINITIONAL_REPRESENTATION('',(#1271),#1275);
#1271 = LINE('',#1272,#1273);
#1272 = CARTESIAN_POINT('',(0.,3.));
#1273 = VECTOR('',#1274,1.);
#1274 = DIRECTION('',(1.,0.));
#1275 = ( GEOMETRIC_REPRESENTATION_CONTEXT(2) 
PARAMETRIC_REPRESENTATION_CONTEXT() REPRESENTATION_CONTEXT('2D SPACE',''
  ) );
#1276 = PCURVE('',#1045,#1277);
#1277 = DEFINITIONAL_REPRESENTATION('',(#1278),#1282);
#1278 = LINE('',#1279,#1280);
#1279 = CARTESIAN_POINT('',(1.570796326795,0.));
#1280 = VECTOR('',#1281,1.);
#1281 = DIRECTION('',(0.,1.));
#1282 = ( GEOMETRIC_REPRESENTATION_CONTEXT(2) 
PARAMETRIC_REPRESENTATION_CONTEXT() REPRESENTATION_CONTEXT('2D SPACE',''
  ) );
#1283 = ORIENTED_EDGE('',*,*,#1284,.T.);
#1284 = EDGE_CURVE('',#1262,#1285,#1287,.T.);
#1285 = VERTEX_POINT('',#1286);
#1286 = CARTESIAN_POINT('',(12.89,11.,-42.25));
#1287 = SURFACE_CURVE('',#1288,(#1292,#1299),.PCURVE_S1.);
#1288 = LINE('',#1289,#1290);
#1289 = CARTESIAN_POINT('',(12.89,-14.,-42.25));
#1290 = VECTOR('',#1291,1.);
#1291 = DIRECTION('',(-0.,1.,0.));
#1292 = PCURVE('',#322,#1293);
#1293 = DEFINITIONAL_REPRESENTATION('',(#1294),#1298);
#1294 = LINE('',#1295,#1296);
#1295 = CARTESIAN_POINT('',(49.,0.));
#1296 = VECTOR('',#1297,1.);
#1297 = DIRECTION('',(0.,1.));
#1298 = ( GEOMETRIC_REPRESENTATION_CONTEXT(2) 
PARAMETRIC_REPRESENTATION_CONTEXT() REPRESENTATION_CONTEXT('2D SPACE',''
  ) );
#1299 = PCURVE('',#1300,#1305);
#1300 = CYLINDRICAL_SURFACE('',#1301,3.);
#1301 = AXIS2_PLACEMENT_3D('',#1302,#1303,#1304);
#1302 = CARTESIAN_POINT('',(12.89,-14.,-39.25));
#1303 = DIRECTION('',(-0.,1.,0.));
#1304 = DIRECTION('',(1.,0.,-0.));
#1305 = DEFINITIONAL_REPRESENTATION('',(#1306),#1310);
#1306 = LINE('',#1307,#1308);
#1307 = CARTESIAN_POINT('',(1.570796326795,0.));
#1308 = VECTOR('',#1309,1.);
#1309 = DIRECTION('',(0.,1.));
#1310 = ( GEOMETRIC_REPRESENTATION_CONTEXT(2) 
PARAMETRIC_REPRESENTATION_CONTEXT() REPRESENTATION_CONTEXT('2D SPACE',''
  ) );
#1311 = ORIENTED_EDGE('',*,*,#1312,.F.);
#1312 = EDGE_CURVE('',#1313,#1285,#1315,.T.);
#1313 = VERTEX_POINT('',#1314);
#1314 = CARTESIAN_POINT('',(9.171779788708,11.,-42.25));
#1315 = SURFACE_CURVE('',#1316,(#1320,#1327),.PCURVE_S1.);
#1316 = LINE('',#1317,#1318);
#1317 = CARTESIAN_POINT('',(-36.11,11.,-42.25));
#1318 = VECTOR('',#1319,1.);
#1319 = DIRECTION('',(1.,0.,-0.));
#1320 = PCURVE('',#322,#1321);
#1321 = DEFINITIONAL_REPRESENTATION('',(#1322),#1326);
#1322 = LINE('',#1323,#1324);
#1323 = CARTESIAN_POINT('',(0.,25.));
#1324 = VECTOR('',#1325,1.);
#1325 = DIRECTION('',(1.,0.));
#1326 = ( GEOMETRIC_REPRESENTATION_CONTEXT(2) 
PARAMETRIC_REPRESENTATION_CONTEXT() REPRESENTATION_CONTEXT('2D SPACE',''
  ) );
#1327 = PCURVE('',#1328,#1333);
#1328 = CYLINDRICAL_SURFACE('',#1329,3.);
#1329 = AXIS2_PLACEMENT_3D('',#1330,#1331,#1332);
#1330 = CARTESIAN_POINT('',(-36.11,11.,-39.25));
#1331 = DIRECTION('',(1.,0.,-0.));
#1332 = DIRECTION('',(0.,1.,0.));
#1333 = DEFINITIONAL_REPRESENTATION('',(#1334),#1338);
#1334 = LINE('',#1335,#1336);
#1335 = CARTESIAN_POINT('',(-1.570796326795,0.));
#1336 = VECTOR('',#1337,1.);
#1337 = DIRECTION('',(-0.,1.));
#1338 = ( GEOMETRIC_REPRESENTATION_CONTEXT(2) 
PARAMETRIC_REPRESENTATION_CONTEXT() REPRESENTATION_CONTEXT('2D SPACE',''
  ) );
#1339 = ORIENTED_EDGE('',*,*,#1340,.F.);
#1340 = EDGE_CURVE('',#1341,#1313,#1343,.T.);
#1341 = VERTEX_POINT('',#1342);
#1342 = CARTESIAN_POINT('',(9.45,10.25,-42.25));
#1343 = SURFACE_CURVE('',#1344,(#1349,#1356),.PCURVE_S1.);
#1344 = CIRCLE('',#1345,1.15);
#1345 = AXIS2_PLACEMENT_3D('',#1346,#1347,#1348);
#1346 = CARTESIAN_POINT('',(8.3,10.25,-42.25));
#1347 = DIRECTION('',(0.,0.,1.));
#1348 = DIRECTION('',(1.,0.,-0.));
#1349 = PCURVE('',#322,#1350);
#1350 = DEFINITIONAL_REPRESENTATION('',(#1351),#1355);
#1351 = CIRCLE('',#1352,1.15);
#1352 = AXIS2_PLACEMENT_2D('',#1353,#1354);
#1353 = CARTESIAN_POINT('',(44.41,24.25));
#1354 = DIRECTION('',(1.,0.));
#1355 = ( GEOMETRIC_REPRESENTATION_CONTEXT(2) 
PARAMETRIC_REPRESENTATION_CONTEXT() REPRESENTATION_CONTEXT('2D SPACE',''
  ) );
#1356 = PCURVE('',#1357,#1362);
#1357 = CYLINDRICAL_SURFACE('',#1358,1.15);
#1358 = AXIS2_PLACEMENT_3D('',#1359,#1360,#1361);
#1359 = CARTESIAN_POINT('',(8.3,10.25,-44.75));
#1360 = DIRECTION('',(0.,0.,1.));
#1361 = DIRECTION('',(1.,0.,-0.));
#1362 = DEFINITIONAL_REPRESENTATION('',(#1363),#1367);
#1363 = LINE('',#1364,#1365);
#1364 = CARTESIAN_POINT('',(0.,2.5));
#1365 = VECTOR('',#1366,1.);
#1366 = DIRECTION('',(1.,0.));
#1367 = ( GEOMETRIC_REPRESENTATION_CONTEXT(2) 
PARAMETRIC_REPRESENTATION_CONTEXT() REPRESENTATION_CONTEXT('2D SPACE',''
  ) );
#1368 = ORIENTED_EDGE('',*,*,#1369,.F.);
#1369 = EDGE_CURVE('',#1370,#1341,#1372,.T.);
#1370 = VERTEX_POINT('',#1371);
#1371 = CARTESIAN_POINT('',(7.428220211292,11.,-42.25));
#1372 = SURFACE_CURVE('',#1373,(#1378,#1385),.PCURVE_S1.);
#1373 = CIRCLE('',#1374,1.15);
#1374 = AXIS2_PLACEMENT_3D('',#1375,#1376,#1377);
#1375 = CARTESIAN_POINT('',(8.3,10.25,-42.25));
#1376 = DIRECTION('',(0.,0.,1.));
#1377 = DIRECTION('',(1.,0.,-0.));
#1378 = PCURVE('',#322,#1379);
#1379 = DEFINITIONAL_REPRESENTATION('',(#1380),#1384);
#1380 = CIRCLE('',#1381,1.15);
#1381 = AXIS2_PLACEMENT_2D('',#1382,#1383);
#1382 = CARTESIAN_POINT('',(44.41,24.25));
#1383 = DIRECTION('',(1.,0.));
#1384 = ( GEOMETRIC_REPRESENTATION_CONTEXT(2) 
PARAMETRIC_REPRESENTATION_CONTEXT() REPRESENTATION_CONTEXT('2D SPACE',''
  ) );
#1385 = PCURVE('',#1357,#1386);
#1386 = DEFINITIONAL_REPRESENTATION('',(#1387),#1391);
#1387 = LINE('',#1388,#1389);
#1388 = CARTESIAN_POINT('',(0.,2.5));
#1389 = VECTOR('',#1390,1.);
#1390 = DIRECTION('',(1.,0.));
#1391 = ( GEOMETRIC_REPRESENTATION_CONTEXT(2) 
PARAMETRIC_REPRESENTATION_CONTEXT() REPRESENTATION_CONTEXT('2D SPACE',''
  ) );
#1392 = ORIENTED_EDGE('',*,*,#1393,.F.);
#1393 = EDGE_CURVE('',#1394,#1370,#1396,.T.);
#1394 = VERTEX_POINT('',#1395);
#1395 = CARTESIAN_POINT('',(-27.62822021129,11.,-42.25));
#1396 = SURFACE_CURVE('',#1397,(#1401,#1408),.PCURVE_S1.);
#1397 = LINE('',#1398,#1399);
#1398 = CARTESIAN_POINT('',(-36.11,11.,-42.25));
#1399 = VECTOR('',#1400,1.);
#1400 = DIRECTION('',(1.,0.,-0.));
#1401 = PCURVE('',#322,#1402);
#1402 = DEFINITIONAL_REPRESENTATION('',(#1403),#1407);
#1403 = LINE('',#1404,#1405);
#1404 = CARTESIAN_POINT('',(0.,25.));
#1405 = VECTOR('',#1406,1.);
#1406 = DIRECTION('',(1.,0.));
#1407 = ( GEOMETRIC_REPRESENTATION_CONTEXT(2) 
PARAMETRIC_REPRESENTATION_CONTEXT() REPRESENTATION_CONTEXT('2D SPACE',''
  ) );
#1408 = PCURVE('',#1328,#1409);
#1409 = DEFINITIONAL_REPRESENTATION('',(#1410),#1414);
#1410 = LINE('',#1411,#1412);
#1411 = CARTESIAN_POINT('',(-1.570796326795,0.));
#1412 = VECTOR('',#1413,1.);
#1413 = DIRECTION('',(-0.,1.));
#1414 = ( GEOMETRIC_REPRESENTATION_CONTEXT(2) 
PARAMETRIC_REPRESENTATION_CONTEXT() REPRESENTATION_CONTEXT('2D SPACE',''
  ) );
#1415 = ORIENTED_EDGE('',*,*,#1416,.F.);
#1416 = EDGE_CURVE('',#1417,#1394,#1419,.T.);
#1417 = VERTEX_POINT('',#1418);
#1418 = CARTESIAN_POINT('',(-27.35,10.25,-42.25));
#1419 = SURFACE_CURVE('',#1420,(#1425,#1432),.PCURVE_S1.);
#1420 = CIRCLE('',#1421,1.15);
#1421 = AXIS2_PLACEMENT_3D('',#1422,#1423,#1424);
#1422 = CARTESIAN_POINT('',(-28.5,10.25,-42.25));
#1423 = DIRECTION('',(0.,0.,1.));
#1424 = DIRECTION('',(1.,0.,-0.));
#1425 = PCURVE('',#322,#1426);
#1426 = DEFINITIONAL_REPRESENTATION('',(#1427),#1431);
#1427 = CIRCLE('',#1428,1.15);
#1428 = AXIS2_PLACEMENT_2D('',#1429,#1430);
#1429 = CARTESIAN_POINT('',(7.61,24.25));
#1430 = DIRECTION('',(1.,0.));
#1431 = ( GEOMETRIC_REPRESENTATION_CONTEXT(2) 
PARAMETRIC_REPRESENTATION_CONTEXT() REPRESENTATION_CONTEXT('2D SPACE',''
  ) );
#1432 = PCURVE('',#1433,#1438);
#1433 = CYLINDRICAL_SURFACE('',#1434,1.15);
#1434 = AXIS2_PLACEMENT_3D('',#1435,#1436,#1437);
#1435 = CARTESIAN_POINT('',(-28.5,10.25,-44.75));
#1436 = DIRECTION('',(0.,0.,1.));
#1437 = DIRECTION('',(1.,0.,-0.));
#1438 = DEFINITIONAL_REPRESENTATION('',(#1439),#1443);
#1439 = LINE('',#1440,#1441);
#1440 = CARTESIAN_POINT('',(0.,2.5));
#1441 = VECTOR('',#1442,1.);
#1442 = DIRECTION('',(1.,0.));
#1443 = ( GEOMETRIC_REPRESENTATION_CONTEXT(2) 
PARAMETRIC_REPRESENTATION_CONTEXT() REPRESENTATION_CONTEXT('2D SPACE',''
  ) );
#1444 = ORIENTED_EDGE('',*,*,#1445,.F.);
#1445 = EDGE_CURVE('',#1446,#1417,#1448,.T.);
#1446 = VERTEX_POINT('',#1447);
#1447 = CARTESIAN_POINT('',(-29.3717797887,11.,-42.25));
#1448 = SURFACE_CURVE('',#1449,(#1454,#1461),.PCURVE_S1.);
#1449 = CIRCLE('',#1450,1.15);
#1450 = AXIS2_PLACEMENT_3D('',#1451,#1452,#1453);
#1451 = CARTESIAN_POINT('',(-28.5,10.25,-42.25));
#1452 = DIRECTION('',(0.,0.,1.));
#1453 = DIRECTION('',(1.,0.,-0.));
#1454 = PCURVE('',#322,#1455);
#1455 = DEFINITIONAL_REPRESENTATION('',(#1456),#1460);
#1456 = CIRCLE('',#1457,1.15);
#1457 = AXIS2_PLACEMENT_2D('',#1458,#1459);
#1458 = CARTESIAN_POINT('',(7.61,24.25));
#1459 = DIRECTION('',(1.,0.));
#1460 = ( GEOMETRIC_REPRESENTATION_CONTEXT(2) 
PARAMETRIC_REPRESENTATION_CONTEXT() REPRESENTATION_CONTEXT('2D SPACE',''
  ) );
#1461 = PCURVE('',#1433,#1462);
#1462 = DEFINITIONAL_REPRESENTATION('',(#1463),#1467);
#1463 = LINE('',#1464,#1465);
#1464 = CARTESIAN_POINT('',(0.,2.5));
#1465 = VECTOR('',#1466,1.);
#1466 = DIRECTION('',(1.,0.));
#1467 = ( GEOMETRIC_REPRESENTATION_CONTEXT(2) 
PARAMETRIC_REPRESENTATION_CONTEXT() REPRESENTATION_CONTEXT('2D SPACE',''
  ) );
#1468 = ORIENTED_EDGE('',*,*,#1469,.F.);
#1469 = EDGE_CURVE('',#307,#1446,#1470,.T.);
#1470 = SURFACE_CURVE('',#1471,(#1475,#1482),.PCURVE_S1.);
#1471 = LINE('',#1472,#1473);
#1472 = CARTESIAN_POINT('',(-36.11,11.,-42.25));
#1473 = VECTOR('',#1474,1.);
#1474 = DIRECTION('',(1.,0.,-0.));
#1475 = PCURVE('',#322,#1476);
#1476 = DEFINITIONAL_REPRESENTATION('',(#1477),#1481);
#1477 = LINE('',#1478,#1479);
#1478 = CARTESIAN_POINT('',(0.,25.));
#1479 = VECTOR('',#1480,1.);
#1480 = DIRECTION('',(1.,0.));
#1481 = ( GEOMETRIC_REPRESENTATION_CONTEXT(2) 
PARAMETRIC_REPRESENTATION_CONTEXT() REPRESENTATION_CONTEXT('2D SPACE',''
  ) );
#1482 = PCURVE('',#1328,#1483);
#1483 = DEFINITIONAL_REPRESENTATION('',(#1484),#1488);
#1484 = LINE('',#1485,#1486);
#1485 = CARTESIAN_POINT('',(-1.570796326795,0.));
#1486 = VECTOR('',#1487,1.);
#1487 = DIRECTION('',(-0.,1.));
#1488 = ( GEOMETRIC_REPRESENTATION_CONTEXT(2) 
PARAMETRIC_REPRESENTATION_CONTEXT() REPRESENTATION_CONTEXT('2D SPACE',''
  ) );
#1489 = ADVANCED_FACE('',(#1490),#348,.T.);
#1490 = FACE_BOUND('',#1491,.F.);
#1491 = EDGE_LOOP('',(#1492,#1493,#1513));
#1492 = ORIENTED_EDGE('',*,*,#334,.F.);
#1493 = ORIENTED_EDGE('',*,*,#1494,.T.);
#1494 = EDGE_CURVE('',#307,#439,#1495,.T.);
#1495 = SURFACE_CURVE('',#1496,(#1501,#1507),.PCURVE_S1.);
#1496 = CIRCLE('',#1497,3.);
#1497 = AXIS2_PLACEMENT_3D('',#1498,#1499,#1500);
#1498 = CARTESIAN_POINT('',(-33.11,11.,-39.25));
#1499 = DIRECTION('',(1.,6.123233995737E-17,-0.));
#1500 = DIRECTION('',(-6.123233995737E-17,1.,0.));
#1501 = PCURVE('',#348,#1502);
#1502 = DEFINITIONAL_REPRESENTATION('',(#1503),#1506);
#1503 = B_SPLINE_CURVE_WITH_KNOTS('',1,(#1504,#1505),.UNSPECIFIED.,.F.,
  .F.,(2,2),(4.712388980385,6.28318530718),.PIECEWISE_BEZIER_KNOTS.);
#1504 = CARTESIAN_POINT('',(-1.570796326795,-1.570796326795));
#1505 = CARTESIAN_POINT('',(-1.570796326795,0.));
#1506 = ( GEOMETRIC_REPRESENTATION_CONTEXT(2) 
PARAMETRIC_REPRESENTATION_CONTEXT() REPRESENTATION_CONTEXT('2D SPACE',''
  ) );
#1507 = PCURVE('',#1328,#1508);
#1508 = DEFINITIONAL_REPRESENTATION('',(#1509),#1512);
#1509 = B_SPLINE_CURVE_WITH_KNOTS('',1,(#1510,#1511),.UNSPECIFIED.,.F.,
  .F.,(2,2),(4.712388980385,6.28318530718),.PIECEWISE_BEZIER_KNOTS.);
#1510 = CARTESIAN_POINT('',(-1.570796326795,3.));
#1511 = CARTESIAN_POINT('',(0.,3.));
#1512 = ( GEOMETRIC_REPRESENTATION_CONTEXT(2) 
PARAMETRIC_REPRESENTATION_CONTEXT() REPRESENTATION_CONTEXT('2D SPACE',''
  ) );
#1513 = ORIENTED_EDGE('',*,*,#438,.F.);
#1514 = ADVANCED_FACE('',(#1515),#421,.T.);
#1515 = FACE_BOUND('',#1516,.F.);
#1516 = EDGE_LOOP('',(#1517,#1518,#1519));
#1517 = ORIENTED_EDGE('',*,*,#535,.F.);
#1518 = ORIENTED_EDGE('',*,*,#628,.T.);
#1519 = ORIENTED_EDGE('',*,*,#406,.F.);
#1520 = ADVANCED_FACE('',(#1521),#478,.T.);
#1521 = FACE_BOUND('',#1522,.T.);
#1522 = EDGE_LOOP('',(#1523,#1546,#1547,#1548));
#1523 = ORIENTED_EDGE('',*,*,#1524,.F.);
#1524 = EDGE_CURVE('',#439,#1525,#1527,.T.);
#1525 = VERTEX_POINT('',#1526);
#1526 = CARTESIAN_POINT('',(12.89,14.,-39.25));
#1527 = SURFACE_CURVE('',#1528,(#1532,#1539),.PCURVE_S1.);
#1528 = LINE('',#1529,#1530);
#1529 = CARTESIAN_POINT('',(-36.11,14.,-39.25));
#1530 = VECTOR('',#1531,1.);
#1531 = DIRECTION('',(1.,0.,-0.));
#1532 = PCURVE('',#478,#1533);
#1533 = DEFINITIONAL_REPRESENTATION('',(#1534),#1538);
#1534 = LINE('',#1535,#1536);
#1535 = CARTESIAN_POINT('',(3.,0.));
#1536 = VECTOR('',#1537,1.);
#1537 = DIRECTION('',(0.,1.));
#1538 = ( GEOMETRIC_REPRESENTATION_CONTEXT(2) 
PARAMETRIC_REPRESENTATION_CONTEXT() REPRESENTATION_CONTEXT('2D SPACE',''
  ) );
#1539 = PCURVE('',#1328,#1540);
#1540 = DEFINITIONAL_REPRESENTATION('',(#1541),#1545);
#1541 = LINE('',#1542,#1543);
#1542 = CARTESIAN_POINT('',(-0.,0.));
#1543 = VECTOR('',#1544,1.);
#1544 = DIRECTION('',(-0.,1.));
#1545 = ( GEOMETRIC_REPRESENTATION_CONTEXT(2) 
PARAMETRIC_REPRESENTATION_CONTEXT() REPRESENTATION_CONTEXT('2D SPACE',''
  ) );
#1546 = ORIENTED_EDGE('',*,*,#462,.T.);
#1547 = ORIENTED_EDGE('',*,*,#784,.T.);
#1548 = ORIENTED_EDGE('',*,*,#1549,.F.);
#1549 = EDGE_CURVE('',#1525,#756,#1550,.T.);
#1550 = SURFACE_CURVE('',#1551,(#1555,#1562),.PCURVE_S1.);
#1551 = LINE('',#1552,#1553);
#1552 = CARTESIAN_POINT('',(12.89,14.,-42.25));
#1553 = VECTOR('',#1554,1.);
#1554 = DIRECTION('',(0.,0.,1.));
#1555 = PCURVE('',#478,#1556);
#1556 = DEFINITIONAL_REPRESENTATION('',(#1557),#1561);
#1557 = LINE('',#1558,#1559);
#1558 = CARTESIAN_POINT('',(0.,49.));
#1559 = VECTOR('',#1560,1.);
#1560 = DIRECTION('',(1.,0.));
#1561 = ( GEOMETRIC_REPRESENTATION_CONTEXT(2) 
PARAMETRIC_REPRESENTATION_CONTEXT() REPRESENTATION_CONTEXT('2D SPACE',''
  ) );
#1562 = PCURVE('',#772,#1563);
#1563 = DEFINITIONAL_REPRESENTATION('',(#1564),#1568);
#1564 = LINE('',#1565,#1566);
#1565 = CARTESIAN_POINT('',(1.570796326795,0.));
#1566 = VECTOR('',#1567,1.);
#1567 = DIRECTION('',(0.,1.));
#1568 = ( GEOMETRIC_REPRESENTATION_CONTEXT(2) 
PARAMETRIC_REPRESENTATION_CONTEXT() REPRESENTATION_CONTEXT('2D SPACE',''
  ) );
#1569 = ADVANCED_FACE('',(#1570),#772,.T.);
#1570 = FACE_BOUND('',#1571,.T.);
#1571 = EDGE_LOOP('',(#1572,#1602,#1629,#1630,#1631,#1652));
#1572 = ORIENTED_EDGE('',*,*,#1573,.F.);
#1573 = EDGE_CURVE('',#1574,#1576,#1578,.T.);
#1574 = VERTEX_POINT('',#1575);
#1575 = CARTESIAN_POINT('',(15.89,11.,-39.25));
#1576 = VERTEX_POINT('',#1577);
#1577 = CARTESIAN_POINT('',(15.89,11.,-9.301896403653));
#1578 = SURFACE_CURVE('',#1579,(#1583,#1590),.PCURVE_S1.);
#1579 = LINE('',#1580,#1581);
#1580 = CARTESIAN_POINT('',(15.89,11.,-42.25));
#1581 = VECTOR('',#1582,1.);
#1582 = DIRECTION('',(0.,0.,1.));
#1583 = PCURVE('',#772,#1584);
#1584 = DEFINITIONAL_REPRESENTATION('',(#1585),#1589);
#1585 = LINE('',#1586,#1587);
#1586 = CARTESIAN_POINT('',(0.,0.));
#1587 = VECTOR('',#1588,1.);
#1588 = DIRECTION('',(0.,1.));
#1589 = ( GEOMETRIC_REPRESENTATION_CONTEXT(2) 
PARAMETRIC_REPRESENTATION_CONTEXT() REPRESENTATION_CONTEXT('2D SPACE',''
  ) );
#1590 = PCURVE('',#1591,#1596);
#1591 = PLANE('',#1592);
#1592 = AXIS2_PLACEMENT_3D('',#1593,#1594,#1595);
#1593 = CARTESIAN_POINT('',(15.89,-14.,-42.25));
#1594 = DIRECTION('',(1.,0.,-0.));
#1595 = DIRECTION('',(0.,0.,1.));
#1596 = DEFINITIONAL_REPRESENTATION('',(#1597),#1601);
#1597 = LINE('',#1598,#1599);
#1598 = CARTESIAN_POINT('',(0.,-25.));
#1599 = VECTOR('',#1600,1.);
#1600 = DIRECTION('',(1.,0.));
#1601 = ( GEOMETRIC_REPRESENTATION_CONTEXT(2) 
PARAMETRIC_REPRESENTATION_CONTEXT() REPRESENTATION_CONTEXT('2D SPACE',''
  ) );
#1602 = ORIENTED_EDGE('',*,*,#1603,.T.);
#1603 = EDGE_CURVE('',#1574,#1525,#1604,.T.);
#1604 = SURFACE_CURVE('',#1605,(#1610,#1617),.PCURVE_S1.);
#1605 = CIRCLE('',#1606,3.);
#1606 = AXIS2_PLACEMENT_3D('',#1607,#1608,#1609);
#1607 = CARTESIAN_POINT('',(12.89,11.,-39.25));
#1608 = DIRECTION('',(0.,0.,1.));
#1609 = DIRECTION('',(1.,0.,-0.));
#1610 = PCURVE('',#772,#1611);
#1611 = DEFINITIONAL_REPRESENTATION('',(#1612),#1616);
#1612 = LINE('',#1613,#1614);
#1613 = CARTESIAN_POINT('',(0.,3.));
#1614 = VECTOR('',#1615,1.);
#1615 = DIRECTION('',(1.,0.));
#1616 = ( GEOMETRIC_REPRESENTATION_CONTEXT(2) 
PARAMETRIC_REPRESENTATION_CONTEXT() REPRESENTATION_CONTEXT('2D SPACE',''
  ) );
#1617 = PCURVE('',#1618,#1623);
#1618 = SPHERICAL_SURFACE('',#1619,3.);
#1619 = AXIS2_PLACEMENT_3D('',#1620,#1621,#1622);
#1620 = CARTESIAN_POINT('',(12.89,11.,-39.25));
#1621 = DIRECTION('',(0.,0.,1.));
#1622 = DIRECTION('',(1.,0.,-0.));
#1623 = DEFINITIONAL_REPRESENTATION('',(#1624),#1628);
#1624 = LINE('',#1625,#1626);
#1625 = CARTESIAN_POINT('',(0.,0.));
#1626 = VECTOR('',#1627,1.);
#1627 = DIRECTION('',(1.,0.));
#1628 = ( GEOMETRIC_REPRESENTATION_CONTEXT(2) 
PARAMETRIC_REPRESENTATION_CONTEXT() REPRESENTATION_CONTEXT('2D SPACE',''
  ) );
#1629 = ORIENTED_EDGE('',*,*,#1549,.T.);
#1630 = ORIENTED_EDGE('',*,*,#755,.F.);
#1631 = ORIENTED_EDGE('',*,*,#1632,.T.);
#1632 = EDGE_CURVE('',#728,#1633,#1635,.T.);
#1633 = VERTEX_POINT('',#1634);
#1634 = CARTESIAN_POINT('',(14.89,13.2360679775,-9.996620240511));
#1635 = SURFACE_CURVE('',#1636,(#1640,#1646),.PCURVE_S1.);
#1636 = LINE('',#1637,#1638);
#1637 = CARTESIAN_POINT('',(14.89,13.2360679775,-42.25));
#1638 = VECTOR('',#1639,1.);
#1639 = DIRECTION('',(0.,0.,1.));
#1640 = PCURVE('',#772,#1641);
#1641 = DEFINITIONAL_REPRESENTATION('',(#1642),#1645);
#1642 = B_SPLINE_CURVE_WITH_KNOTS('',1,(#1643,#1644),.UNSPECIFIED.,.F.,
  .F.,(2,2),(26.95,40.0000006),.PIECEWISE_BEZIER_KNOTS.);
#1643 = CARTESIAN_POINT('',(0.841068670568,26.95));
#1644 = CARTESIAN_POINT('',(0.841068670568,40.0000006));
#1645 = ( GEOMETRIC_REPRESENTATION_CONTEXT(2) 
PARAMETRIC_REPRESENTATION_CONTEXT() REPRESENTATION_CONTEXT('2D SPACE',''
  ) );
#1646 = PCURVE('',#743,#1647);
#1647 = DEFINITIONAL_REPRESENTATION('',(#1648),#1651);
#1648 = B_SPLINE_CURVE_WITH_KNOTS('',1,(#1649,#1650),.UNSPECIFIED.,.F.,
  .F.,(2,2),(26.95,40.0000006),.PIECEWISE_BEZIER_KNOTS.);
#1649 = CARTESIAN_POINT('',(-1.8,-33.2360679775));
#1650 = CARTESIAN_POINT('',(11.2500006,-33.2360679775));
#1651 = ( GEOMETRIC_REPRESENTATION_CONTEXT(2) 
PARAMETRIC_REPRESENTATION_CONTEXT() REPRESENTATION_CONTEXT('2D SPACE',''
  ) );
#1652 = ORIENTED_EDGE('',*,*,#1653,.F.);
#1653 = EDGE_CURVE('',#1576,#1633,#1654,.T.);
#1654 = SURFACE_CURVE('',#1655,(#1682,#1712),.PCURVE_S1.);
#1655 = B_SPLINE_CURVE_WITH_KNOTS('',7,(#1656,#1657,#1658,#1659,#1660,
    #1661,#1662,#1663,#1664,#1665,#1666,#1667,#1668,#1669,#1670,#1671,
    #1672,#1673,#1674,#1675,#1676,#1677,#1678,#1679,#1680,#1681),
  .UNSPECIFIED.,.F.,.F.,(8,6,6,6,8),(0.,0.291679127399,0.43257101095,
    0.826654519514,1.),.UNSPECIFIED.);
#1656 = CARTESIAN_POINT('',(15.89,11.,-9.301896403653));
#1657 = CARTESIAN_POINT('',(15.89,11.117665346325,-9.301896403653));
#1658 = CARTESIAN_POINT('',(15.884616279236,11.230903556227,
    -9.313588626807));
#1659 = CARTESIAN_POINT('',(15.874574374534,11.342032462744,
    -9.335396889917));
#1660 = CARTESIAN_POINT('',(15.859879234616,11.452204627408,
    -9.365233264864));
#1661 = CARTESIAN_POINT('',(15.840444276589,11.561133867269,
    -9.40066924533));
#1662 = CARTESIAN_POINT('',(15.81671254178,11.667368125532,
    -9.43918810037));
#1663 = CARTESIAN_POINT('',(15.776800693716,11.817896397301,
    -9.497416000129));
#1664 = CARTESIAN_POINT('',(15.762869240164,11.866535543595,
    -9.516831842203));
#1665 = CARTESIAN_POINT('',(15.748014993554,11.914788439194,
    -9.536556444464));
#1666 = CARTESIAN_POINT('',(15.732242657051,11.962668034133,
    -9.556475005046));
#1667 = CARTESIAN_POINT('',(15.715549278961,12.010198590705,
    -9.576495639648));
#1668 = CARTESIAN_POINT('',(15.697920942848,12.057416926602,
    -9.596545317857));
#1669 = CARTESIAN_POINT('',(15.627327897845,12.235714605559,
    -9.672564352718));
#1670 = CARTESIAN_POINT('',(15.567997799596,12.364485404042,
    -9.728110000978));
#1671 = CARTESIAN_POINT('',(15.501016876229,12.491332509623,
    -9.781726259247));
#1672 = CARTESIAN_POINT('',(15.425920521702,12.616284225432,
    -9.832211272933));
#1673 = CARTESIAN_POINT('',(15.342255458265,12.739069656895,
    -9.878116747876));
#1674 = CARTESIAN_POINT('',(15.249621640431,12.859021598807,
    -9.917628088482));
#1675 = CARTESIAN_POINT('',(15.103453380855,13.026135327149,
    -9.961935100025));
#1676 = CARTESIAN_POINT('',(15.057020681145,13.076504222563,
    -9.973798204654));
#1677 = CARTESIAN_POINT('',(15.008842858287,13.12605660247,
    -9.983770673611));
#1678 = CARTESIAN_POINT('',(14.958970088201,13.174657623777,
    -9.991624140831));
#1679 = CARTESIAN_POINT('',(14.907472159326,13.222172654125,
    -9.997118456023));
#1680 = CARTESIAN_POINT('',(14.854442132361,13.268468958457,-10.));
#1681 = CARTESIAN_POINT('',(14.8,13.313417385601,-10.));
#1682 = PCURVE('',#772,#1683);
#1683 = DEFINITIONAL_REPRESENTATION('',(#1684),#1711);
#1684 = B_SPLINE_CURVE_WITH_KNOTS('',7,(#1685,#1686,#1687,#1688,#1689,
    #1690,#1691,#1692,#1693,#1694,#1695,#1696,#1697,#1698,#1699,#1700,
    #1701,#1702,#1703,#1704,#1705,#1706,#1707,#1708,#1709,#1710),
  .UNSPECIFIED.,.F.,.F.,(8,6,6,6,8),(0.,0.291679127399,0.43257101095,
    0.826654519514,1.),.UNSPECIFIED.);
#1685 = CARTESIAN_POINT('',(0.,32.948103596347));
#1686 = CARTESIAN_POINT('',(3.92217821085E-02,32.948103596347));
#1687 = CARTESIAN_POINT('',(7.696782245501E-02,32.936411373193));
#1688 = CARTESIAN_POINT('',(0.114109464306,32.914603110083));
#1689 = CARTESIAN_POINT('',(0.151095665682,32.884766735136));
#1690 = CARTESIAN_POINT('',(0.187922885022,32.84933075467));
#1691 = CARTESIAN_POINT('',(0.224178985771,32.81081189963));
#1692 = CARTESIAN_POINT('',(0.276088860894,32.752583999871));
#1693 = CARTESIAN_POINT('',(0.292950543723,32.733168157797));
#1694 = CARTESIAN_POINT('',(0.309774540471,32.713443555536));
#1695 = CARTESIAN_POINT('',(0.32657226847,32.693524994954));
#1696 = CARTESIAN_POINT('',(0.34335938414,32.673504360352));
#1697 = CARTESIAN_POINT('',(0.360156702789,32.653454682143));
#1698 = CARTESIAN_POINT('',(0.424078043621,32.577435647282));
#1699 = CARTESIAN_POINT('',(0.471267766921,32.521889999022));
#1700 = CARTESIAN_POINT('',(0.518970105521,32.468273740753));
#1701 = CARTESIAN_POINT('',(0.567426949862,32.417788727067));
#1702 = CARTESIAN_POINT('',(0.61681675455,32.371883252124));
#1703 = CARTESIAN_POINT('',(0.667241534409,32.332371911518));
#1704 = CARTESIAN_POINT('',(0.741247659011,32.288064899975));
#1705 = CARTESIAN_POINT('',(0.764075106535,32.276201795346));
#1706 = CARTESIAN_POINT('',(0.787099465751,32.266229326389));
#1707 = CARTESIAN_POINT('',(0.810296526179,32.258375859169));
#1708 = CARTESIAN_POINT('',(0.833638959737,32.252881543977));
#1709 = CARTESIAN_POINT('',(0.857095217295,32.25));
#1710 = CARTESIAN_POINT('',(0.880628425224,32.25));
#1711 = ( GEOMETRIC_REPRESENTATION_CONTEXT(2) 
PARAMETRIC_REPRESENTATION_CONTEXT() REPRESENTATION_CONTEXT('2D SPACE',''
  ) );
#1712 = PCURVE('',#1713,#1718);
#1713 = CYLINDRICAL_SURFACE('',#1714,1.2);
#1714 = AXIS2_PLACEMENT_3D('',#1715,#1716,#1717);
#1715 = CARTESIAN_POINT('',(14.8,0.,-8.8));
#1716 = DIRECTION('',(-0.,1.,0.));
#1717 = DIRECTION('',(1.,0.,-0.));
#1718 = DEFINITIONAL_REPRESENTATION('',(#1719),#1746);
#1719 = B_SPLINE_CURVE_WITH_KNOTS('',7,(#1720,#1721,#1722,#1723,#1724,
    #1725,#1726,#1727,#1728,#1729,#1730,#1731,#1732,#1733,#1734,#1735,
    #1736,#1737,#1738,#1739,#1740,#1741,#1742,#1743,#1744,#1745),
  .UNSPECIFIED.,.F.,.F.,(8,6,6,6,8),(0.,0.291679127399,0.43257101095,
    0.826654519514,1.),.UNSPECIFIED.);
#1720 = CARTESIAN_POINT('',(0.431514555711,11.));
#1721 = CARTESIAN_POINT('',(0.431514555711,11.117665346325));
#1722 = CARTESIAN_POINT('',(0.442240874767,11.230903556227));
#1723 = CARTESIAN_POINT('',(0.462251125457,11.342032462744));
#1724 = CARTESIAN_POINT('',(0.489950064769,11.452204627408));
#1725 = CARTESIAN_POINT('',(0.523563343682,11.561133867269));
#1726 = CARTESIAN_POINT('',(0.561221334075,11.667368125532));
#1727 = CARTESIAN_POINT('',(0.620049260681,11.817896397301));
#1728 = CARTESIAN_POINT('',(0.63995865004,11.866535543595));
#1729 = CARTESIAN_POINT('',(0.660526698041,11.914788439194));
#1730 = CARTESIAN_POINT('',(0.681687563725,11.962668034133));
#1731 = CARTESIAN_POINT('',(0.703398366781,12.010198590705));
#1732 = CARTESIAN_POINT('',(0.725637990852,12.057416926602));
#1733 = CARTESIAN_POINT('',(0.812089131774,12.235714605559));
#1734 = CARTESIAN_POINT('',(0.879651553013,12.364485404042));
#1735 = CARTESIAN_POINT('',(0.950796051854,12.491332509623));
#1736 = CARTESIAN_POINT('',(1.025705116619,12.616284225432));
#1737 = CARTESIAN_POINT('',(1.104652581976,12.739069656895));
#1738 = CARTESIAN_POINT('',(1.188079701514,12.859021598807));
#1739 = CARTESIAN_POINT('',(1.315359662458,13.026135327149));
#1740 = CARTESIAN_POINT('',(1.355257361831,13.076504222563));
#1741 = CARTESIAN_POINT('',(1.396186214379,13.12605660247));
#1742 = CARTESIAN_POINT('',(1.4381689013,13.174657623777));
#1743 = CARTESIAN_POINT('',(1.481236019401,13.222172654125));
#1744 = CARTESIAN_POINT('',(1.525427883161,13.268468958457));
#1745 = CARTESIAN_POINT('',(1.570796326795,13.313417385601));
#1746 = ( GEOMETRIC_REPRESENTATION_CONTEXT(2) 
PARAMETRIC_REPRESENTATION_CONTEXT() REPRESENTATION_CONTEXT('2D SPACE',''
  ) );
#1747 = ADVANCED_FACE('',(#1748),#743,.F.);
#1748 = FACE_BOUND('',#1749,.F.);
#1749 = EDGE_LOOP('',(#1750,#1771,#1772,#1773,#1794,#1864,#1890,#1916));
#1750 = ORIENTED_EDGE('',*,*,#1751,.F.);
#1751 = EDGE_CURVE('',#699,#1752,#1754,.T.);
#1752 = VERTEX_POINT('',#1753);
#1753 = CARTESIAN_POINT('',(14.89,-13.2360679775,-2.25));
#1754 = SURFACE_CURVE('',#1755,(#1759,#1765),.PCURVE_S1.);
#1755 = LINE('',#1756,#1757);
#1756 = CARTESIAN_POINT('',(14.89,-13.2360679775,-42.25));
#1757 = VECTOR('',#1758,1.);
#1758 = DIRECTION('',(0.,0.,1.));
#1759 = PCURVE('',#743,#1760);
#1760 = DEFINITIONAL_REPRESENTATION('',(#1761),#1764);
#1761 = B_SPLINE_CURVE_WITH_KNOTS('',1,(#1762,#1763),.UNSPECIFIED.,.F.,
  .F.,(2,2),(26.95,40.0000006),.PIECEWISE_BEZIER_KNOTS.);
#1762 = CARTESIAN_POINT('',(-1.8,-6.7639320225));
#1763 = CARTESIAN_POINT('',(11.2500006,-6.7639320225));
#1764 = ( GEOMETRIC_REPRESENTATION_CONTEXT(2) 
PARAMETRIC_REPRESENTATION_CONTEXT() REPRESENTATION_CONTEXT('2D SPACE',''
  ) );
#1765 = PCURVE('',#715,#1766);
#1766 = DEFINITIONAL_REPRESENTATION('',(#1767),#1770);
#1767 = B_SPLINE_CURVE_WITH_KNOTS('',1,(#1768,#1769),.UNSPECIFIED.,.F.,
  .F.,(2,2),(26.95,40.0000006),.PIECEWISE_BEZIER_KNOTS.);
#1768 = CARTESIAN_POINT('',(-0.841068670568,26.95));
#1769 = CARTESIAN_POINT('',(-0.841068670568,40.0000006));
#1770 = ( GEOMETRIC_REPRESENTATION_CONTEXT(2) 
PARAMETRIC_REPRESENTATION_CONTEXT() REPRESENTATION_CONTEXT('2D SPACE',''
  ) );
#1771 = ORIENTED_EDGE('',*,*,#727,.T.);
#1772 = ORIENTED_EDGE('',*,*,#1632,.T.);
#1773 = ORIENTED_EDGE('',*,*,#1774,.F.);
#1774 = EDGE_CURVE('',#1775,#1633,#1777,.T.);
#1775 = VERTEX_POINT('',#1776);
#1776 = CARTESIAN_POINT('',(14.89,1.2,-9.996620240511));
#1777 = SURFACE_CURVE('',#1778,(#1782,#1788),.PCURVE_S1.);
#1778 = LINE('',#1779,#1780);
#1779 = CARTESIAN_POINT('',(14.89,0.,-9.996620240511));
#1780 = VECTOR('',#1781,1.);
#1781 = DIRECTION('',(-0.,1.,0.));
#1782 = PCURVE('',#743,#1783);
#1783 = DEFINITIONAL_REPRESENTATION('',(#1784),#1787);
#1784 = B_SPLINE_CURVE_WITH_KNOTS('',1,(#1785,#1786),.UNSPECIFIED.,.F.,
  .F.,(2,2),(1.1999994,15.883281573),.PIECEWISE_BEZIER_KNOTS.);
#1785 = CARTESIAN_POINT('',(3.503379759489,-21.1999994));
#1786 = CARTESIAN_POINT('',(3.503379759489,-35.883281573));
#1787 = ( GEOMETRIC_REPRESENTATION_CONTEXT(2) 
PARAMETRIC_REPRESENTATION_CONTEXT() REPRESENTATION_CONTEXT('2D SPACE',''
  ) );
#1788 = PCURVE('',#1713,#1789);
#1789 = DEFINITIONAL_REPRESENTATION('',(#1790),#1793);
#1790 = B_SPLINE_CURVE_WITH_KNOTS('',1,(#1791,#1792),.UNSPECIFIED.,.F.,
  .F.,(2,2),(1.1999994,15.883281573),.PIECEWISE_BEZIER_KNOTS.);
#1791 = CARTESIAN_POINT('',(1.495725835718,1.1999994));
#1792 = CARTESIAN_POINT('',(1.495725835718,15.883281573));
#1793 = ( GEOMETRIC_REPRESENTATION_CONTEXT(2) 
PARAMETRIC_REPRESENTATION_CONTEXT() REPRESENTATION_CONTEXT('2D SPACE',''
  ) );
#1794 = ORIENTED_EDGE('',*,*,#1795,.F.);
#1795 = EDGE_CURVE('',#1796,#1775,#1798,.T.);
#1796 = VERTEX_POINT('',#1797);
#1797 = CARTESIAN_POINT('',(14.89,3.379759489252E-03,-8.8));
#1798 = SURFACE_CURVE('',#1799,(#1804,#1811),.PCURVE_S1.);
#1799 = CIRCLE('',#1800,1.196620240511);
#1800 = AXIS2_PLACEMENT_3D('',#1801,#1802,#1803);
#1801 = CARTESIAN_POINT('',(14.89,1.2,-8.8));
#1802 = DIRECTION('',(1.,0.,-0.));
#1803 = DIRECTION('',(0.,0.,1.));
#1804 = PCURVE('',#743,#1805);
#1805 = DEFINITIONAL_REPRESENTATION('',(#1806),#1810);
#1806 = CIRCLE('',#1807,1.196620240511);
#1807 = AXIS2_PLACEMENT_2D('',#1808,#1809);
#1808 = CARTESIAN_POINT('',(4.7,-21.2));
#1809 = DIRECTION('',(1.,0.));
#1810 = ( GEOMETRIC_REPRESENTATION_CONTEXT(2) 
PARAMETRIC_REPRESENTATION_CONTEXT() REPRESENTATION_CONTEXT('2D SPACE',''
  ) );
#1811 = PCURVE('',#1812,#1817);
#1812 = SPHERICAL_SURFACE('',#1813,1.2);
#1813 = AXIS2_PLACEMENT_3D('',#1814,#1815,#1816);
#1814 = CARTESIAN_POINT('',(14.8,1.2,-8.8));
#1815 = DIRECTION('',(0.,0.,1.));
#1816 = DIRECTION('',(1.,0.,-0.));
#1817 = DEFINITIONAL_REPRESENTATION('',(#1818),#1863);
#1818 = B_SPLINE_CURVE_WITH_KNOTS('',8,(#1819,#1820,#1821,#1822,#1823,
    #1824,#1825,#1826,#1827,#1828,#1829,#1830,#1831,#1832,#1833,#1834,
    #1835,#1836,#1837,#1838,#1839,#1840,#1841,#1842,#1843,#1844,#1845,
    #1846,#1847,#1848,#1849,#1850,#1851,#1852,#1853,#1854,#1855,#1856,
    #1857,#1858,#1859,#1860,#1861,#1862),.UNSPECIFIED.,.F.,.F.,(9,7,7,7,
    7,7,9),(1.570796326795,2.356194490192,2.748893571891,2.94524311274,
    3.043417883165,3.092505268377,3.14159265359),.UNSPECIFIED.);
#1819 = CARTESIAN_POINT('',(-1.495725835718,0.));
#1820 = CARTESIAN_POINT('',(-1.495725835718,-9.789826449806E-02));
#1821 = CARTESIAN_POINT('',(-1.494901305739,-0.195796501071));
#1822 = CARTESIAN_POINT('',(-1.493258400354,-0.293686861633));
#1823 = CARTESIAN_POINT('',(-1.490688671663,-0.391560308907));
#1824 = CARTESIAN_POINT('',(-1.487083623194,-0.489409117106));
#1825 = CARTESIAN_POINT('',(-1.482031815696,-0.587214992135));
#1826 = CARTESIAN_POINT('',(-1.475154758234,-0.684961566769));
#1827 = CARTESIAN_POINT('',(-1.459666361957,-0.831397689464));
#1828 = CARTESIAN_POINT('',(-1.453640032141,-0.880179050425));
#1829 = CARTESIAN_POINT('',(-1.446555455628,-0.928922172468));
#1830 = CARTESIAN_POINT('',(-1.438088340043,-0.977614454695));
#1831 = CARTESIAN_POINT('',(-1.427914870504,-1.02624372125));
#1832 = CARTESIAN_POINT('',(-1.415213983992,-1.074778130662));
#1833 = CARTESIAN_POINT('',(-1.399156828259,-1.123186613229));
#1834 = CARTESIAN_POINT('',(-1.365519331905,-1.195435525976));
#1835 = CARTESIAN_POINT('',(-1.352713781545,-1.219457802287));
#1836 = CARTESIAN_POINT('',(-1.33794247444,-1.243405082734));
#1837 = CARTESIAN_POINT('',(-1.320660715321,-1.267255649378));
#1838 = CARTESIAN_POINT('',(-1.300182882681,-1.290983980772));
#1839 = CARTESIAN_POINT('',(-1.275261334749,-1.314538673331));
#1840 = CARTESIAN_POINT('',(-1.244246151264,-1.337857259906));
#1841 = CARTESIAN_POINT('',(-1.182124872844,-1.372208423035));
#1842 = CARTESIAN_POINT('',(-1.158818190198,-1.383554346641));
#1843 = CARTESIAN_POINT('',(-1.132369463281,-1.39477299291));
#1844 = CARTESIAN_POINT('',(-1.102083677379,-1.405834023165));
#1845 = CARTESIAN_POINT('',(-1.066974919302,-1.416695265877));
#1846 = CARTESIAN_POINT('',(-1.02577620348,-1.427296650756));
#1847 = CARTESIAN_POINT('',(-0.97647019795,-1.43754631836));
#1848 = CARTESIAN_POINT('',(-0.886205575158,-1.452150138085));
#1849 = CARTESIAN_POINT('',(-0.853399934111,-1.456889625906));
#1850 = CARTESIAN_POINT('',(-0.81753195042,-1.461480458733));
#1851 = CARTESIAN_POINT('',(-0.778212306882,-1.465897894447));
#1852 = CARTESIAN_POINT('',(-0.735011803278,-1.470112037582));
#1853 = CARTESIAN_POINT('',(-0.687478033827,-1.474085824986));
#1854 = CARTESIAN_POINT('',(-0.635212400883,-1.477774169025));
#1855 = CARTESIAN_POINT('',(-0.520898896473,-1.484479463196));
#1856 = CARTESIAN_POINT('',(-0.458851360933,-1.487496425211));
#1857 = CARTESIAN_POINT('',(-0.391748883398,-1.490127460148));
#1858 = CARTESIAN_POINT('',(-0.31968338467,-1.492317518223));
#1859 = CARTESIAN_POINT('',(-0.243088617168,-1.494009615029));
#1860 = CARTESIAN_POINT('',(-0.163163353224,-1.495153735866));
#1861 = CARTESIAN_POINT('',(-8.158188708172E-02,-1.495725835718));
#1862 = CARTESIAN_POINT('',(-2.467162276945E-15,-1.495725835718));
#1863 = ( GEOMETRIC_REPRESENTATION_CONTEXT(2) 
PARAMETRIC_REPRESENTATION_CONTEXT() REPRESENTATION_CONTEXT('2D SPACE',''
  ) );
#1864 = ORIENTED_EDGE('',*,*,#1865,.T.);
#1865 = EDGE_CURVE('',#1796,#1866,#1868,.T.);
#1866 = VERTEX_POINT('',#1867);
#1867 = CARTESIAN_POINT('',(14.89,3.379759489256E-03,-1.393202250021E-02
    ));
#1868 = SURFACE_CURVE('',#1869,(#1873,#1879),.PCURVE_S1.);
#1869 = LINE('',#1870,#1871);
#1870 = CARTESIAN_POINT('',(14.89,3.379759489252E-03,-10.));
#1871 = VECTOR('',#1872,1.);
#1872 = DIRECTION('',(0.,0.,1.));
#1873 = PCURVE('',#743,#1874);
#1874 = DEFINITIONAL_REPRESENTATION('',(#1875),#1878);
#1875 = B_SPLINE_CURVE_WITH_KNOTS('',1,(#1876,#1877),.UNSPECIFIED.,.F.,
  .F.,(2,2),(1.1999994,11.33467477525),.PIECEWISE_BEZIER_KNOTS.);
#1876 = CARTESIAN_POINT('',(4.6999994,-20.00337975948));
#1877 = CARTESIAN_POINT('',(14.83467477525,-20.00337975948));
#1878 = ( GEOMETRIC_REPRESENTATION_CONTEXT(2) 
PARAMETRIC_REPRESENTATION_CONTEXT() REPRESENTATION_CONTEXT('2D SPACE',''
  ) );
#1879 = PCURVE('',#1880,#1885);
#1880 = CYLINDRICAL_SURFACE('',#1881,1.2);
#1881 = AXIS2_PLACEMENT_3D('',#1882,#1883,#1884);
#1882 = CARTESIAN_POINT('',(14.8,1.2,-10.));
#1883 = DIRECTION('',(0.,0.,1.));
#1884 = DIRECTION('',(1.,0.,-0.));
#1885 = DEFINITIONAL_REPRESENTATION('',(#1886),#1889);
#1886 = B_SPLINE_CURVE_WITH_KNOTS('',1,(#1887,#1888),.UNSPECIFIED.,.F.,
  .F.,(2,2),(1.1999994,11.33467477525),.PIECEWISE_BEZIER_KNOTS.);
#1887 = CARTESIAN_POINT('',(-1.495725835718,1.1999994));
#1888 = CARTESIAN_POINT('',(-1.495725835718,11.33467477525));
#1889 = ( GEOMETRIC_REPRESENTATION_CONTEXT(2) 
PARAMETRIC_REPRESENTATION_CONTEXT() REPRESENTATION_CONTEXT('2D SPACE',''
  ) );
#1890 = ORIENTED_EDGE('',*,*,#1891,.F.);
#1891 = EDGE_CURVE('',#1892,#1866,#1894,.T.);
#1892 = VERTEX_POINT('',#1893);
#1893 = CARTESIAN_POINT('',(14.89,-11.,-1.393202250021E-02));
#1894 = SURFACE_CURVE('',#1895,(#1899,#1905),.PCURVE_S1.);
#1895 = LINE('',#1896,#1897);
#1896 = CARTESIAN_POINT('',(14.89,-14.,-1.393202250021E-02));
#1897 = VECTOR('',#1898,1.);
#1898 = DIRECTION('',(-0.,1.,0.));
#1899 = PCURVE('',#743,#1900);
#1900 = DEFINITIONAL_REPRESENTATION('',(#1901),#1904);
#1901 = B_SPLINE_CURVE_WITH_KNOTS('',1,(#1902,#1903),.UNSPECIFIED.,.F.,
  .F.,(2,2),(2.9999994,25.0000006),.PIECEWISE_BEZIER_KNOTS.);
#1902 = CARTESIAN_POINT('',(13.4860679775,-8.9999994));
#1903 = CARTESIAN_POINT('',(13.4860679775,-31.0000006));
#1904 = ( GEOMETRIC_REPRESENTATION_CONTEXT(2) 
PARAMETRIC_REPRESENTATION_CONTEXT() REPRESENTATION_CONTEXT('2D SPACE',''
  ) );
#1905 = PCURVE('',#1906,#1911);
#1906 = CYLINDRICAL_SURFACE('',#1907,3.);
#1907 = AXIS2_PLACEMENT_3D('',#1908,#1909,#1910);
#1908 = CARTESIAN_POINT('',(12.89,-14.,-2.25));
#1909 = DIRECTION('',(-0.,1.,0.));
#1910 = DIRECTION('',(1.,0.,-0.));
#1911 = DEFINITIONAL_REPRESENTATION('',(#1912),#1915);
#1912 = B_SPLINE_CURVE_WITH_KNOTS('',1,(#1913,#1914),.UNSPECIFIED.,.F.,
  .F.,(2,2),(2.9999994,25.0000006),.PIECEWISE_BEZIER_KNOTS.);
#1913 = CARTESIAN_POINT('',(-0.841068670568,2.9999994));
#1914 = CARTESIAN_POINT('',(-0.841068670568,25.0000006));
#1915 = ( GEOMETRIC_REPRESENTATION_CONTEXT(2) 
PARAMETRIC_REPRESENTATION_CONTEXT() REPRESENTATION_CONTEXT('2D SPACE',''
  ) );
#1916 = ORIENTED_EDGE('',*,*,#1917,.T.);
#1917 = EDGE_CURVE('',#1892,#1752,#1918,.T.);
#1918 = SURFACE_CURVE('',#1919,(#1924,#1931),.PCURVE_S1.);
#1919 = CIRCLE('',#1920,2.2360679775);
#1920 = AXIS2_PLACEMENT_3D('',#1921,#1922,#1923);
#1921 = CARTESIAN_POINT('',(14.89,-11.,-2.25));
#1922 = DIRECTION('',(1.,0.,-0.));
#1923 = DIRECTION('',(0.,0.,1.));
#1924 = PCURVE('',#743,#1925);
#1925 = DEFINITIONAL_REPRESENTATION('',(#1926),#1930);
#1926 = CIRCLE('',#1927,2.2360679775);
#1927 = AXIS2_PLACEMENT_2D('',#1928,#1929);
#1928 = CARTESIAN_POINT('',(11.25,-9.));
#1929 = DIRECTION('',(1.,0.));
#1930 = ( GEOMETRIC_REPRESENTATION_CONTEXT(2) 
PARAMETRIC_REPRESENTATION_CONTEXT() REPRESENTATION_CONTEXT('2D SPACE',''
  ) );
#1931 = PCURVE('',#1932,#1937);
#1932 = SPHERICAL_SURFACE('',#1933,3.);
#1933 = AXIS2_PLACEMENT_3D('',#1934,#1935,#1936);
#1934 = CARTESIAN_POINT('',(12.89,-11.,-2.25));
#1935 = DIRECTION('',(-0.,-0.,-1.));
#1936 = DIRECTION('',(1.,0.,0.));
#1937 = DEFINITIONAL_REPRESENTATION('',(#1938),#1962);
#1938 = B_SPLINE_CURVE_WITH_KNOTS('',8,(#1939,#1940,#1941,#1942,#1943,
    #1944,#1945,#1946,#1947,#1948,#1949,#1950,#1951,#1952,#1953,#1954,
    #1955,#1956,#1957,#1958,#1959,#1960,#1961),.UNSPECIFIED.,.F.,.F.,(9,
    7,7,9),(0.,0.392699081699,0.981747704247,1.570796326795),
  .UNSPECIFIED.);
#1939 = CARTESIAN_POINT('',(0.,-0.841068670568));
#1940 = CARTESIAN_POINT('',(5.488136508626E-02,-0.841068670568));
#1941 = CARTESIAN_POINT('',(0.109762400874,-0.837989835299));
#1942 = CARTESIAN_POINT('',(0.163940087012,-0.831832175212));
#1943 = CARTESIAN_POINT('',(0.216702403608,-0.822670698114));
#1944 = CARTESIAN_POINT('',(0.267453828495,-0.810656556351));
#1945 = CARTESIAN_POINT('',(0.31577579361,-0.795990685102));
#1946 = CARTESIAN_POINT('',(0.361426532561,-0.778892100192));
#1947 = CARTESIAN_POINT('',(0.468572079739,-0.730619409358));
#1948 = CARTESIAN_POINT('',(0.526577112625,-0.696682177202));
#1949 = CARTESIAN_POINT('',(0.57789462884,-0.658520453636));
#1950 = CARTESIAN_POINT('',(0.622776061915,-0.616898016161));
#1951 = CARTESIAN_POINT('',(0.661796356062,-0.572452257682));
#1952 = CARTESIAN_POINT('',(0.695499243708,-0.525703985214));
#1953 = CARTESIAN_POINT('',(0.72440217092,-0.477083639863));
#1954 = CARTESIAN_POINT('',(0.773470124898,-0.376818733626));
#1955 = CARTESIAN_POINT('',(0.793635259007,-0.325174175762));
#1956 = CARTESIAN_POINT('',(0.809864921556,-0.272377739549));
#1957 = CARTESIAN_POINT('',(0.822512230242,-0.218719382881));
#1958 = CARTESIAN_POINT('',(0.831832419633,-0.164442622336));
#1959 = CARTESIAN_POINT('',(0.837989760096,-0.109762719483));
#1960 = CARTESIAN_POINT('',(0.841068670568,-5.488136508626E-02));
#1961 = CARTESIAN_POINT('',(0.841068670568,0.));
#1962 = ( GEOMETRIC_REPRESENTATION_CONTEXT(2) 
PARAMETRIC_REPRESENTATION_CONTEXT() REPRESENTATION_CONTEXT('2D SPACE',''
  ) );
#1963 = ADVANCED_FACE('',(#1964),#715,.T.);
#1964 = FACE_BOUND('',#1965,.F.);
#1965 = EDGE_LOOP('',(#1966,#1991,#2018,#2019,#2020,#2021));
#1966 = ORIENTED_EDGE('',*,*,#1967,.F.);
#1967 = EDGE_CURVE('',#1968,#1970,#1972,.T.);
#1968 = VERTEX_POINT('',#1969);
#1969 = CARTESIAN_POINT('',(15.89,-11.,-39.25));
#1970 = VERTEX_POINT('',#1971);
#1971 = CARTESIAN_POINT('',(15.89,-11.,-2.25));
#1972 = SURFACE_CURVE('',#1973,(#1977,#1984),.PCURVE_S1.);
#1973 = LINE('',#1974,#1975);
#1974 = CARTESIAN_POINT('',(15.89,-11.,-42.25));
#1975 = VECTOR('',#1976,1.);
#1976 = DIRECTION('',(0.,0.,1.));
#1977 = PCURVE('',#715,#1978);
#1978 = DEFINITIONAL_REPRESENTATION('',(#1979),#1983);
#1979 = LINE('',#1980,#1981);
#1980 = CARTESIAN_POINT('',(-0.,0.));
#1981 = VECTOR('',#1982,1.);
#1982 = DIRECTION('',(-0.,1.));
#1983 = ( GEOMETRIC_REPRESENTATION_CONTEXT(2) 
PARAMETRIC_REPRESENTATION_CONTEXT() REPRESENTATION_CONTEXT('2D SPACE',''
  ) );
#1984 = PCURVE('',#1591,#1985);
#1985 = DEFINITIONAL_REPRESENTATION('',(#1986),#1990);
#1986 = LINE('',#1987,#1988);
#1987 = CARTESIAN_POINT('',(0.,-3.));
#1988 = VECTOR('',#1989,1.);
#1989 = DIRECTION('',(1.,0.));
#1990 = ( GEOMETRIC_REPRESENTATION_CONTEXT(2) 
PARAMETRIC_REPRESENTATION_CONTEXT() REPRESENTATION_CONTEXT('2D SPACE',''
  ) );
#1991 = ORIENTED_EDGE('',*,*,#1992,.T.);
#1992 = EDGE_CURVE('',#1968,#1030,#1993,.T.);
#1993 = SURFACE_CURVE('',#1994,(#1999,#2006),.PCURVE_S1.);
#1994 = CIRCLE('',#1995,3.);
#1995 = AXIS2_PLACEMENT_3D('',#1996,#1997,#1998);
#1996 = CARTESIAN_POINT('',(12.89,-11.,-39.25));
#1997 = DIRECTION('',(0.,-0.,-1.));
#1998 = DIRECTION('',(1.,0.,-0.));
#1999 = PCURVE('',#715,#2000);
#2000 = DEFINITIONAL_REPRESENTATION('',(#2001),#2005);
#2001 = LINE('',#2002,#2003);
#2002 = CARTESIAN_POINT('',(-0.,3.));
#2003 = VECTOR('',#2004,1.);
#2004 = DIRECTION('',(-1.,0.));
#2005 = ( GEOMETRIC_REPRESENTATION_CONTEXT(2) 
PARAMETRIC_REPRESENTATION_CONTEXT() REPRESENTATION_CONTEXT('2D SPACE',''
  ) );
#2006 = PCURVE('',#2007,#2012);
#2007 = SPHERICAL_SURFACE('',#2008,3.);
#2008 = AXIS2_PLACEMENT_3D('',#2009,#2010,#2011);
#2009 = CARTESIAN_POINT('',(12.89,-11.,-39.25));
#2010 = DIRECTION('',(0.,0.,1.));
#2011 = DIRECTION('',(1.,0.,-0.));
#2012 = DEFINITIONAL_REPRESENTATION('',(#2013),#2017);
#2013 = LINE('',#2014,#2015);
#2014 = CARTESIAN_POINT('',(-0.,0.));
#2015 = VECTOR('',#2016,1.);
#2016 = DIRECTION('',(-1.,0.));
#2017 = ( GEOMETRIC_REPRESENTATION_CONTEXT(2) 
PARAMETRIC_REPRESENTATION_CONTEXT() REPRESENTATION_CONTEXT('2D SPACE',''
  ) );
#2018 = ORIENTED_EDGE('',*,*,#1059,.T.);
#2019 = ORIENTED_EDGE('',*,*,#698,.T.);
#2020 = ORIENTED_EDGE('',*,*,#1751,.T.);
#2021 = ORIENTED_EDGE('',*,*,#2022,.F.);
#2022 = EDGE_CURVE('',#1970,#1752,#2023,.T.);
#2023 = SURFACE_CURVE('',#2024,(#2029,#2036),.PCURVE_S1.);
#2024 = CIRCLE('',#2025,3.);
#2025 = AXIS2_PLACEMENT_3D('',#2026,#2027,#2028);
#2026 = CARTESIAN_POINT('',(12.89,-11.,-2.25));
#2027 = DIRECTION('',(0.,0.,-1.));
#2028 = DIRECTION('',(1.,0.,0.));
#2029 = PCURVE('',#715,#2030);
#2030 = DEFINITIONAL_REPRESENTATION('',(#2031),#2035);
#2031 = LINE('',#2032,#2033);
#2032 = CARTESIAN_POINT('',(-0.,40.));
#2033 = VECTOR('',#2034,1.);
#2034 = DIRECTION('',(-1.,0.));
#2035 = ( GEOMETRIC_REPRESENTATION_CONTEXT(2) 
PARAMETRIC_REPRESENTATION_CONTEXT() REPRESENTATION_CONTEXT('2D SPACE',''
  ) );
#2036 = PCURVE('',#1932,#2037);
#2037 = DEFINITIONAL_REPRESENTATION('',(#2038),#2042);
#2038 = LINE('',#2039,#2040);
#2039 = CARTESIAN_POINT('',(0.,0.));
#2040 = VECTOR('',#2041,1.);
#2041 = DIRECTION('',(1.,0.));
#2042 = ( GEOMETRIC_REPRESENTATION_CONTEXT(2) 
PARAMETRIC_REPRESENTATION_CONTEXT() REPRESENTATION_CONTEXT('2D SPACE',''
  ) );
#2043 = ADVANCED_FACE('',(#2044),#823,.T.);
#2044 = FACE_BOUND('',#2045,.T.);
#2045 = EDGE_LOOP('',(#2046,#2069,#2097,#2118));
#2046 = ORIENTED_EDGE('',*,*,#2047,.F.);
#2047 = EDGE_CURVE('',#2048,#809,#2050,.T.);
#2048 = VERTEX_POINT('',#2049);
#2049 = CARTESIAN_POINT('',(-33.32,-10.96,-39.75));
#2050 = SURFACE_CURVE('',#2051,(#2055,#2062),.PCURVE_S1.);
#2051 = LINE('',#2052,#2053);
#2052 = CARTESIAN_POINT('',(-33.32,-10.96,-41.75));
#2053 = VECTOR('',#2054,1.);
#2054 = DIRECTION('',(0.,0.,1.));
#2055 = PCURVE('',#823,#2056);
#2056 = DEFINITIONAL_REPRESENTATION('',(#2057),#2061);
#2057 = LINE('',#2058,#2059);
#2058 = CARTESIAN_POINT('',(0.,-2.));
#2059 = VECTOR('',#2060,1.);
#2060 = DIRECTION('',(1.,0.));
#2061 = ( GEOMETRIC_REPRESENTATION_CONTEXT(2) 
PARAMETRIC_REPRESENTATION_CONTEXT() REPRESENTATION_CONTEXT('2D SPACE',''
  ) );
#2062 = PCURVE('',#1014,#2063);
#2063 = DEFINITIONAL_REPRESENTATION('',(#2064),#2068);
#2064 = LINE('',#2065,#2066);
#2065 = CARTESIAN_POINT('',(0.,0.));
#2066 = VECTOR('',#2067,1.);
#2067 = DIRECTION('',(0.,1.));
#2068 = ( GEOMETRIC_REPRESENTATION_CONTEXT(2) 
PARAMETRIC_REPRESENTATION_CONTEXT() REPRESENTATION_CONTEXT('2D SPACE',''
  ) );
#2069 = ORIENTED_EDGE('',*,*,#2070,.T.);
#2070 = EDGE_CURVE('',#2048,#2071,#2073,.T.);
#2071 = VERTEX_POINT('',#2072);
#2072 = CARTESIAN_POINT('',(-33.32,10.96,-39.75));
#2073 = SURFACE_CURVE('',#2074,(#2078,#2085),.PCURVE_S1.);
#2074 = LINE('',#2075,#2076);
#2075 = CARTESIAN_POINT('',(-33.32,-12.96,-39.75));
#2076 = VECTOR('',#2077,1.);
#2077 = DIRECTION('',(-0.,1.,0.));
#2078 = PCURVE('',#823,#2079);
#2079 = DEFINITIONAL_REPRESENTATION('',(#2080),#2084);
#2080 = LINE('',#2081,#2082);
#2081 = CARTESIAN_POINT('',(2.,0.));
#2082 = VECTOR('',#2083,1.);
#2083 = DIRECTION('',(0.,-1.));
#2084 = ( GEOMETRIC_REPRESENTATION_CONTEXT(2) 
PARAMETRIC_REPRESENTATION_CONTEXT() REPRESENTATION_CONTEXT('2D SPACE',''
  ) );
#2085 = PCURVE('',#2086,#2091);
#2086 = CYLINDRICAL_SURFACE('',#2087,2.);
#2087 = AXIS2_PLACEMENT_3D('',#2088,#2089,#2090);
#2088 = CARTESIAN_POINT('',(-31.32,-12.96,-39.75));
#2089 = DIRECTION('',(-0.,1.,0.));
#2090 = DIRECTION('',(-1.,-0.,0.));
#2091 = DEFINITIONAL_REPRESENTATION('',(#2092),#2096);
#2092 = LINE('',#2093,#2094);
#2093 = CARTESIAN_POINT('',(-0.,0.));
#2094 = VECTOR('',#2095,1.);
#2095 = DIRECTION('',(-0.,1.));
#2096 = ( GEOMETRIC_REPRESENTATION_CONTEXT(2) 
PARAMETRIC_REPRESENTATION_CONTEXT() REPRESENTATION_CONTEXT('2D SPACE',''
  ) );
#2097 = ORIENTED_EDGE('',*,*,#2098,.T.);
#2098 = EDGE_CURVE('',#2071,#807,#2099,.T.);
#2099 = SURFACE_CURVE('',#2100,(#2104,#2111),.PCURVE_S1.);
#2100 = LINE('',#2101,#2102);
#2101 = CARTESIAN_POINT('',(-33.32,10.96,-41.75));
#2102 = VECTOR('',#2103,1.);
#2103 = DIRECTION('',(0.,0.,1.));
#2104 = PCURVE('',#823,#2105);
#2105 = DEFINITIONAL_REPRESENTATION('',(#2106),#2110);
#2106 = LINE('',#2107,#2108);
#2107 = CARTESIAN_POINT('',(0.,-23.92));
#2108 = VECTOR('',#2109,1.);
#2109 = DIRECTION('',(1.,0.));
#2110 = ( GEOMETRIC_REPRESENTATION_CONTEXT(2) 
PARAMETRIC_REPRESENTATION_CONTEXT() REPRESENTATION_CONTEXT('2D SPACE',''
  ) );
#2111 = PCURVE('',#851,#2112);
#2112 = DEFINITIONAL_REPRESENTATION('',(#2113),#2117);
#2113 = LINE('',#2114,#2115);
#2114 = CARTESIAN_POINT('',(-0.,0.));
#2115 = VECTOR('',#2116,1.);
#2116 = DIRECTION('',(-0.,1.));
#2117 = ( GEOMETRIC_REPRESENTATION_CONTEXT(2) 
PARAMETRIC_REPRESENTATION_CONTEXT() REPRESENTATION_CONTEXT('2D SPACE',''
  ) );
#2118 = ORIENTED_EDGE('',*,*,#806,.T.);
#2119 = ADVANCED_FACE('',(#2120),#1014,.F.);
#2120 = FACE_BOUND('',#2121,.F.);
#2121 = EDGE_LOOP('',(#2122,#2123,#2152,#2173));
#2122 = ORIENTED_EDGE('',*,*,#2047,.F.);
#2123 = ORIENTED_EDGE('',*,*,#2124,.T.);
#2124 = EDGE_CURVE('',#2048,#2125,#2127,.T.);
#2125 = VERTEX_POINT('',#2126);
#2126 = CARTESIAN_POINT('',(-31.32,-12.96,-39.75));
#2127 = SURFACE_CURVE('',#2128,(#2133,#2140),.PCURVE_S1.);
#2128 = CIRCLE('',#2129,2.);
#2129 = AXIS2_PLACEMENT_3D('',#2130,#2131,#2132);
#2130 = CARTESIAN_POINT('',(-31.32,-10.96,-39.75));
#2131 = DIRECTION('',(0.,0.,1.));
#2132 = DIRECTION('',(-1.,0.,0.));
#2133 = PCURVE('',#1014,#2134);
#2134 = DEFINITIONAL_REPRESENTATION('',(#2135),#2139);
#2135 = LINE('',#2136,#2137);
#2136 = CARTESIAN_POINT('',(0.,2.));
#2137 = VECTOR('',#2138,1.);
#2138 = DIRECTION('',(1.,0.));
#2139 = ( GEOMETRIC_REPRESENTATION_CONTEXT(2) 
PARAMETRIC_REPRESENTATION_CONTEXT() REPRESENTATION_CONTEXT('2D SPACE',''
  ) );
#2140 = PCURVE('',#2141,#2146);
#2141 = SPHERICAL_SURFACE('',#2142,2.);
#2142 = AXIS2_PLACEMENT_3D('',#2143,#2144,#2145);
#2143 = CARTESIAN_POINT('',(-31.32,-10.96,-39.75));
#2144 = DIRECTION('',(0.,0.,1.));
#2145 = DIRECTION('',(-1.,0.,0.));
#2146 = DEFINITIONAL_REPRESENTATION('',(#2147),#2151);
#2147 = LINE('',#2148,#2149);
#2148 = CARTESIAN_POINT('',(0.,0.));
#2149 = VECTOR('',#2150,1.);
#2150 = DIRECTION('',(1.,0.));
#2151 = ( GEOMETRIC_REPRESENTATION_CONTEXT(2) 
PARAMETRIC_REPRESENTATION_CONTEXT() REPRESENTATION_CONTEXT('2D SPACE',''
  ) );
#2152 = ORIENTED_EDGE('',*,*,#2153,.T.);
#2153 = EDGE_CURVE('',#2125,#974,#2154,.T.);
#2154 = SURFACE_CURVE('',#2155,(#2159,#2166),.PCURVE_S1.);
#2155 = LINE('',#2156,#2157);
#2156 = CARTESIAN_POINT('',(-31.32,-12.96,-41.75));
#2157 = VECTOR('',#2158,1.);
#2158 = DIRECTION('',(0.,0.,1.));
#2159 = PCURVE('',#1014,#2160);
#2160 = DEFINITIONAL_REPRESENTATION('',(#2161),#2165);
#2161 = LINE('',#2162,#2163);
#2162 = CARTESIAN_POINT('',(1.570796326795,0.));
#2163 = VECTOR('',#2164,1.);
#2164 = DIRECTION('',(0.,1.));
#2165 = ( GEOMETRIC_REPRESENTATION_CONTEXT(2) 
PARAMETRIC_REPRESENTATION_CONTEXT() REPRESENTATION_CONTEXT('2D SPACE',''
  ) );
#2166 = PCURVE('',#988,#2167);
#2167 = DEFINITIONAL_REPRESENTATION('',(#2168),#2172);
#2168 = LINE('',#2169,#2170);
#2169 = CARTESIAN_POINT('',(0.,2.));
#2170 = VECTOR('',#2171,1.);
#2171 = DIRECTION('',(1.,0.));
#2172 = ( GEOMETRIC_REPRESENTATION_CONTEXT(2) 
PARAMETRIC_REPRESENTATION_CONTEXT() REPRESENTATION_CONTEXT('2D SPACE',''
  ) );
#2173 = ORIENTED_EDGE('',*,*,#999,.F.);
#2174 = ADVANCED_FACE('',(#2175),#988,.T.);
#2175 = FACE_BOUND('',#2176,.T.);
#2176 = EDGE_LOOP('',(#2177,#2205,#2206,#2207));
#2177 = ORIENTED_EDGE('',*,*,#2178,.F.);
#2178 = EDGE_CURVE('',#2125,#2179,#2181,.T.);
#2179 = VERTEX_POINT('',#2180);
#2180 = CARTESIAN_POINT('',(11.1,-12.96,-39.75));
#2181 = SURFACE_CURVE('',#2182,(#2186,#2193),.PCURVE_S1.);
#2182 = LINE('',#2183,#2184);
#2183 = CARTESIAN_POINT('',(-33.32,-12.96,-39.75));
#2184 = VECTOR('',#2185,1.);
#2185 = DIRECTION('',(1.,0.,-0.));
#2186 = PCURVE('',#988,#2187);
#2187 = DEFINITIONAL_REPRESENTATION('',(#2188),#2192);
#2188 = LINE('',#2189,#2190);
#2189 = CARTESIAN_POINT('',(2.,0.));
#2190 = VECTOR('',#2191,1.);
#2191 = DIRECTION('',(0.,1.));
#2192 = ( GEOMETRIC_REPRESENTATION_CONTEXT(2) 
PARAMETRIC_REPRESENTATION_CONTEXT() REPRESENTATION_CONTEXT('2D SPACE',''
  ) );
#2193 = PCURVE('',#2194,#2199);
#2194 = CYLINDRICAL_SURFACE('',#2195,2.);
#2195 = AXIS2_PLACEMENT_3D('',#2196,#2197,#2198);
#2196 = CARTESIAN_POINT('',(-33.32,-10.96,-39.75));
#2197 = DIRECTION('',(1.,0.,-0.));
#2198 = DIRECTION('',(0.,-1.,0.));
#2199 = DEFINITIONAL_REPRESENTATION('',(#2200),#2204);
#2200 = LINE('',#2201,#2202);
#2201 = CARTESIAN_POINT('',(0.,0.));
#2202 = VECTOR('',#2203,1.);
#2203 = DIRECTION('',(0.,1.));
#2204 = ( GEOMETRIC_REPRESENTATION_CONTEXT(2) 
PARAMETRIC_REPRESENTATION_CONTEXT() REPRESENTATION_CONTEXT('2D SPACE',''
  ) );
#2205 = ORIENTED_EDGE('',*,*,#2153,.T.);
#2206 = ORIENTED_EDGE('',*,*,#973,.T.);
#2207 = ORIENTED_EDGE('',*,*,#2208,.F.);
#2208 = EDGE_CURVE('',#2179,#945,#2209,.T.);
#2209 = SURFACE_CURVE('',#2210,(#2214,#2221),.PCURVE_S1.);
#2210 = LINE('',#2211,#2212);
#2211 = CARTESIAN_POINT('',(11.1,-12.96,-41.75));
#2212 = VECTOR('',#2213,1.);
#2213 = DIRECTION('',(0.,0.,1.));
#2214 = PCURVE('',#988,#2215);
#2215 = DEFINITIONAL_REPRESENTATION('',(#2216),#2220);
#2216 = LINE('',#2217,#2218);
#2217 = CARTESIAN_POINT('',(0.,44.42));
#2218 = VECTOR('',#2219,1.);
#2219 = DIRECTION('',(1.,0.));
#2220 = ( GEOMETRIC_REPRESENTATION_CONTEXT(2) 
PARAMETRIC_REPRESENTATION_CONTEXT() REPRESENTATION_CONTEXT('2D SPACE',''
  ) );
#2221 = PCURVE('',#961,#2222);
#2222 = DEFINITIONAL_REPRESENTATION('',(#2223),#2227);
#2223 = LINE('',#2224,#2225);
#2224 = CARTESIAN_POINT('',(-1.570796326795,0.));
#2225 = VECTOR('',#2226,1.);
#2226 = DIRECTION('',(-0.,1.));
#2227 = ( GEOMETRIC_REPRESENTATION_CONTEXT(2) 
PARAMETRIC_REPRESENTATION_CONTEXT() REPRESENTATION_CONTEXT('2D SPACE',''
  ) );
#2228 = ADVANCED_FACE('',(#2229),#961,.F.);
#2229 = FACE_BOUND('',#2230,.T.);
#2230 = EDGE_LOOP('',(#2231,#2254,#2281,#2282));
#2231 = ORIENTED_EDGE('',*,*,#2232,.F.);
#2232 = EDGE_CURVE('',#2233,#919,#2235,.T.);
#2233 = VERTEX_POINT('',#2234);
#2234 = CARTESIAN_POINT('',(13.1,-10.96,-39.75));
#2235 = SURFACE_CURVE('',#2236,(#2240,#2247),.PCURVE_S1.);
#2236 = LINE('',#2237,#2238);
#2237 = CARTESIAN_POINT('',(13.1,-10.96,-41.75));
#2238 = VECTOR('',#2239,1.);
#2239 = DIRECTION('',(0.,0.,1.));
#2240 = PCURVE('',#961,#2241);
#2241 = DEFINITIONAL_REPRESENTATION('',(#2242),#2246);
#2242 = LINE('',#2243,#2244);
#2243 = CARTESIAN_POINT('',(-0.,0.));
#2244 = VECTOR('',#2245,1.);
#2245 = DIRECTION('',(-0.,1.));
#2246 = ( GEOMETRIC_REPRESENTATION_CONTEXT(2) 
PARAMETRIC_REPRESENTATION_CONTEXT() REPRESENTATION_CONTEXT('2D SPACE',''
  ) );
#2247 = PCURVE('',#933,#2248);
#2248 = DEFINITIONAL_REPRESENTATION('',(#2249),#2253);
#2249 = LINE('',#2250,#2251);
#2250 = CARTESIAN_POINT('',(0.,-2.));
#2251 = VECTOR('',#2252,1.);
#2252 = DIRECTION('',(1.,0.));
#2253 = ( GEOMETRIC_REPRESENTATION_CONTEXT(2) 
PARAMETRIC_REPRESENTATION_CONTEXT() REPRESENTATION_CONTEXT('2D SPACE',''
  ) );
#2254 = ORIENTED_EDGE('',*,*,#2255,.T.);
#2255 = EDGE_CURVE('',#2233,#2179,#2256,.T.);
#2256 = SURFACE_CURVE('',#2257,(#2262,#2269),.PCURVE_S1.);
#2257 = CIRCLE('',#2258,2.);
#2258 = AXIS2_PLACEMENT_3D('',#2259,#2260,#2261);
#2259 = CARTESIAN_POINT('',(11.1,-10.96,-39.75));
#2260 = DIRECTION('',(0.,-0.,-1.));
#2261 = DIRECTION('',(1.,0.,-0.));
#2262 = PCURVE('',#961,#2263);
#2263 = DEFINITIONAL_REPRESENTATION('',(#2264),#2268);
#2264 = LINE('',#2265,#2266);
#2265 = CARTESIAN_POINT('',(-0.,2.));
#2266 = VECTOR('',#2267,1.);
#2267 = DIRECTION('',(-1.,0.));
#2268 = ( GEOMETRIC_REPRESENTATION_CONTEXT(2) 
PARAMETRIC_REPRESENTATION_CONTEXT() REPRESENTATION_CONTEXT('2D SPACE',''
  ) );
#2269 = PCURVE('',#2270,#2275);
#2270 = SPHERICAL_SURFACE('',#2271,2.);
#2271 = AXIS2_PLACEMENT_3D('',#2272,#2273,#2274);
#2272 = CARTESIAN_POINT('',(11.1,-10.96,-39.75));
#2273 = DIRECTION('',(0.,0.,1.));
#2274 = DIRECTION('',(1.,0.,-0.));
#2275 = DEFINITIONAL_REPRESENTATION('',(#2276),#2280);
#2276 = LINE('',#2277,#2278);
#2277 = CARTESIAN_POINT('',(-0.,0.));
#2278 = VECTOR('',#2279,1.);
#2279 = DIRECTION('',(-1.,0.));
#2280 = ( GEOMETRIC_REPRESENTATION_CONTEXT(2) 
PARAMETRIC_REPRESENTATION_CONTEXT() REPRESENTATION_CONTEXT('2D SPACE',''
  ) );
#2281 = ORIENTED_EDGE('',*,*,#2208,.T.);
#2282 = ORIENTED_EDGE('',*,*,#944,.T.);
#2283 = ADVANCED_FACE('',(#2284),#933,.F.);
#2284 = FACE_BOUND('',#2285,.F.);
#2285 = EDGE_LOOP('',(#2286,#2287,#2315,#2336));
#2286 = ORIENTED_EDGE('',*,*,#2232,.F.);
#2287 = ORIENTED_EDGE('',*,*,#2288,.T.);
#2288 = EDGE_CURVE('',#2233,#2289,#2291,.T.);
#2289 = VERTEX_POINT('',#2290);
#2290 = CARTESIAN_POINT('',(13.1,10.96,-39.75));
#2291 = SURFACE_CURVE('',#2292,(#2296,#2303),.PCURVE_S1.);
#2292 = LINE('',#2293,#2294);
#2293 = CARTESIAN_POINT('',(13.1,-12.96,-39.75));
#2294 = VECTOR('',#2295,1.);
#2295 = DIRECTION('',(-0.,1.,0.));
#2296 = PCURVE('',#933,#2297);
#2297 = DEFINITIONAL_REPRESENTATION('',(#2298),#2302);
#2298 = LINE('',#2299,#2300);
#2299 = CARTESIAN_POINT('',(2.,0.));
#2300 = VECTOR('',#2301,1.);
#2301 = DIRECTION('',(0.,-1.));
#2302 = ( GEOMETRIC_REPRESENTATION_CONTEXT(2) 
PARAMETRIC_REPRESENTATION_CONTEXT() REPRESENTATION_CONTEXT('2D SPACE',''
  ) );
#2303 = PCURVE('',#2304,#2309);
#2304 = CYLINDRICAL_SURFACE('',#2305,2.);
#2305 = AXIS2_PLACEMENT_3D('',#2306,#2307,#2308);
#2306 = CARTESIAN_POINT('',(11.1,-12.96,-39.75));
#2307 = DIRECTION('',(-0.,1.,0.));
#2308 = DIRECTION('',(1.,0.,-0.));
#2309 = DEFINITIONAL_REPRESENTATION('',(#2310),#2314);
#2310 = LINE('',#2311,#2312);
#2311 = CARTESIAN_POINT('',(0.,0.));
#2312 = VECTOR('',#2313,1.);
#2313 = DIRECTION('',(0.,1.));
#2314 = ( GEOMETRIC_REPRESENTATION_CONTEXT(2) 
PARAMETRIC_REPRESENTATION_CONTEXT() REPRESENTATION_CONTEXT('2D SPACE',''
  ) );
#2315 = ORIENTED_EDGE('',*,*,#2316,.T.);
#2316 = EDGE_CURVE('',#2289,#890,#2317,.T.);
#2317 = SURFACE_CURVE('',#2318,(#2322,#2329),.PCURVE_S1.);
#2318 = LINE('',#2319,#2320);
#2319 = CARTESIAN_POINT('',(13.1,10.96,-41.75));
#2320 = VECTOR('',#2321,1.);
#2321 = DIRECTION('',(0.,0.,1.));
#2322 = PCURVE('',#933,#2323);
#2323 = DEFINITIONAL_REPRESENTATION('',(#2324),#2328);
#2324 = LINE('',#2325,#2326);
#2325 = CARTESIAN_POINT('',(0.,-23.92));
#2326 = VECTOR('',#2327,1.);
#2327 = DIRECTION('',(1.,0.));
#2328 = ( GEOMETRIC_REPRESENTATION_CONTEXT(2) 
PARAMETRIC_REPRESENTATION_CONTEXT() REPRESENTATION_CONTEXT('2D SPACE',''
  ) );
#2329 = PCURVE('',#906,#2330);
#2330 = DEFINITIONAL_REPRESENTATION('',(#2331),#2335);
#2331 = LINE('',#2332,#2333);
#2332 = CARTESIAN_POINT('',(0.,0.));
#2333 = VECTOR('',#2334,1.);
#2334 = DIRECTION('',(0.,1.));
#2335 = ( GEOMETRIC_REPRESENTATION_CONTEXT(2) 
PARAMETRIC_REPRESENTATION_CONTEXT() REPRESENTATION_CONTEXT('2D SPACE',''
  ) );
#2336 = ORIENTED_EDGE('',*,*,#918,.T.);
#2337 = ADVANCED_FACE('',(#2338),#906,.F.);
#2338 = FACE_BOUND('',#2339,.F.);
#2339 = EDGE_LOOP('',(#2340,#2341,#2370,#2391));
#2340 = ORIENTED_EDGE('',*,*,#2316,.F.);
#2341 = ORIENTED_EDGE('',*,*,#2342,.T.);
#2342 = EDGE_CURVE('',#2289,#2343,#2345,.T.);
#2343 = VERTEX_POINT('',#2344);
#2344 = CARTESIAN_POINT('',(11.1,12.96,-39.75));
#2345 = SURFACE_CURVE('',#2346,(#2351,#2358),.PCURVE_S1.);
#2346 = CIRCLE('',#2347,2.);
#2347 = AXIS2_PLACEMENT_3D('',#2348,#2349,#2350);
#2348 = CARTESIAN_POINT('',(11.1,10.96,-39.75));
#2349 = DIRECTION('',(0.,0.,1.));
#2350 = DIRECTION('',(1.,0.,-0.));
#2351 = PCURVE('',#906,#2352);
#2352 = DEFINITIONAL_REPRESENTATION('',(#2353),#2357);
#2353 = LINE('',#2354,#2355);
#2354 = CARTESIAN_POINT('',(0.,2.));
#2355 = VECTOR('',#2356,1.);
#2356 = DIRECTION('',(1.,0.));
#2357 = ( GEOMETRIC_REPRESENTATION_CONTEXT(2) 
PARAMETRIC_REPRESENTATION_CONTEXT() REPRESENTATION_CONTEXT('2D SPACE',''
  ) );
#2358 = PCURVE('',#2359,#2364);
#2359 = SPHERICAL_SURFACE('',#2360,2.);
#2360 = AXIS2_PLACEMENT_3D('',#2361,#2362,#2363);
#2361 = CARTESIAN_POINT('',(11.1,10.96,-39.75));
#2362 = DIRECTION('',(0.,0.,1.));
#2363 = DIRECTION('',(1.,0.,-0.));
#2364 = DEFINITIONAL_REPRESENTATION('',(#2365),#2369);
#2365 = LINE('',#2366,#2367);
#2366 = CARTESIAN_POINT('',(0.,0.));
#2367 = VECTOR('',#2368,1.);
#2368 = DIRECTION('',(1.,0.));
#2369 = ( GEOMETRIC_REPRESENTATION_CONTEXT(2) 
PARAMETRIC_REPRESENTATION_CONTEXT() REPRESENTATION_CONTEXT('2D SPACE',''
  ) );
#2370 = ORIENTED_EDGE('',*,*,#2371,.T.);
#2371 = EDGE_CURVE('',#2343,#864,#2372,.T.);
#2372 = SURFACE_CURVE('',#2373,(#2377,#2384),.PCURVE_S1.);
#2373 = LINE('',#2374,#2375);
#2374 = CARTESIAN_POINT('',(11.1,12.96,-41.75));
#2375 = VECTOR('',#2376,1.);
#2376 = DIRECTION('',(0.,0.,1.));
#2377 = PCURVE('',#906,#2378);
#2378 = DEFINITIONAL_REPRESENTATION('',(#2379),#2383);
#2379 = LINE('',#2380,#2381);
#2380 = CARTESIAN_POINT('',(1.570796326795,0.));
#2381 = VECTOR('',#2382,1.);
#2382 = DIRECTION('',(0.,1.));
#2383 = ( GEOMETRIC_REPRESENTATION_CONTEXT(2) 
PARAMETRIC_REPRESENTATION_CONTEXT() REPRESENTATION_CONTEXT('2D SPACE',''
  ) );
#2384 = PCURVE('',#878,#2385);
#2385 = DEFINITIONAL_REPRESENTATION('',(#2386),#2390);
#2386 = LINE('',#2387,#2388);
#2387 = CARTESIAN_POINT('',(0.,44.42));
#2388 = VECTOR('',#2389,1.);
#2389 = DIRECTION('',(1.,0.));
#2390 = ( GEOMETRIC_REPRESENTATION_CONTEXT(2) 
PARAMETRIC_REPRESENTATION_CONTEXT() REPRESENTATION_CONTEXT('2D SPACE',''
  ) );
#2391 = ORIENTED_EDGE('',*,*,#889,.F.);
#2392 = ADVANCED_FACE('',(#2393),#878,.F.);
#2393 = FACE_BOUND('',#2394,.F.);
#2394 = EDGE_LOOP('',(#2395,#2423,#2444,#2445));
#2395 = ORIENTED_EDGE('',*,*,#2396,.F.);
#2396 = EDGE_CURVE('',#2397,#2343,#2399,.T.);
#2397 = VERTEX_POINT('',#2398);
#2398 = CARTESIAN_POINT('',(-31.32,12.96,-39.75));
#2399 = SURFACE_CURVE('',#2400,(#2404,#2411),.PCURVE_S1.);
#2400 = LINE('',#2401,#2402);
#2401 = CARTESIAN_POINT('',(-33.32,12.96,-39.75));
#2402 = VECTOR('',#2403,1.);
#2403 = DIRECTION('',(1.,0.,-0.));
#2404 = PCURVE('',#878,#2405);
#2405 = DEFINITIONAL_REPRESENTATION('',(#2406),#2410);
#2406 = LINE('',#2407,#2408);
#2407 = CARTESIAN_POINT('',(2.,0.));
#2408 = VECTOR('',#2409,1.);
#2409 = DIRECTION('',(0.,1.));
#2410 = ( GEOMETRIC_REPRESENTATION_CONTEXT(2) 
PARAMETRIC_REPRESENTATION_CONTEXT() REPRESENTATION_CONTEXT('2D SPACE',''
  ) );
#2411 = PCURVE('',#2412,#2417);
#2412 = CYLINDRICAL_SURFACE('',#2413,2.);
#2413 = AXIS2_PLACEMENT_3D('',#2414,#2415,#2416);
#2414 = CARTESIAN_POINT('',(-33.32,10.96,-39.75));
#2415 = DIRECTION('',(1.,0.,-0.));
#2416 = DIRECTION('',(0.,1.,0.));
#2417 = DEFINITIONAL_REPRESENTATION('',(#2418),#2422);
#2418 = LINE('',#2419,#2420);
#2419 = CARTESIAN_POINT('',(-0.,0.));
#2420 = VECTOR('',#2421,1.);
#2421 = DIRECTION('',(-0.,1.));
#2422 = ( GEOMETRIC_REPRESENTATION_CONTEXT(2) 
PARAMETRIC_REPRESENTATION_CONTEXT() REPRESENTATION_CONTEXT('2D SPACE',''
  ) );
#2423 = ORIENTED_EDGE('',*,*,#2424,.T.);
#2424 = EDGE_CURVE('',#2397,#835,#2425,.T.);
#2425 = SURFACE_CURVE('',#2426,(#2430,#2437),.PCURVE_S1.);
#2426 = LINE('',#2427,#2428);
#2427 = CARTESIAN_POINT('',(-31.32,12.96,-41.75));
#2428 = VECTOR('',#2429,1.);
#2429 = DIRECTION('',(0.,0.,1.));
#2430 = PCURVE('',#878,#2431);
#2431 = DEFINITIONAL_REPRESENTATION('',(#2432),#2436);
#2432 = LINE('',#2433,#2434);
#2433 = CARTESIAN_POINT('',(0.,2.));
#2434 = VECTOR('',#2435,1.);
#2435 = DIRECTION('',(1.,0.));
#2436 = ( GEOMETRIC_REPRESENTATION_CONTEXT(2) 
PARAMETRIC_REPRESENTATION_CONTEXT() REPRESENTATION_CONTEXT('2D SPACE',''
  ) );
#2437 = PCURVE('',#851,#2438);
#2438 = DEFINITIONAL_REPRESENTATION('',(#2439),#2443);
#2439 = LINE('',#2440,#2441);
#2440 = CARTESIAN_POINT('',(-1.570796326795,0.));
#2441 = VECTOR('',#2442,1.);
#2442 = DIRECTION('',(-0.,1.));
#2443 = ( GEOMETRIC_REPRESENTATION_CONTEXT(2) 
PARAMETRIC_REPRESENTATION_CONTEXT() REPRESENTATION_CONTEXT('2D SPACE',''
  ) );
#2444 = ORIENTED_EDGE('',*,*,#863,.T.);
#2445 = ORIENTED_EDGE('',*,*,#2371,.F.);
#2446 = ADVANCED_FACE('',(#2447),#851,.F.);
#2447 = FACE_BOUND('',#2448,.T.);
#2448 = EDGE_LOOP('',(#2449,#2450,#2477,#2478));
#2449 = ORIENTED_EDGE('',*,*,#2098,.F.);
#2450 = ORIENTED_EDGE('',*,*,#2451,.T.);
#2451 = EDGE_CURVE('',#2071,#2397,#2452,.T.);
#2452 = SURFACE_CURVE('',#2453,(#2458,#2465),.PCURVE_S1.);
#2453 = CIRCLE('',#2454,2.);
#2454 = AXIS2_PLACEMENT_3D('',#2455,#2456,#2457);
#2455 = CARTESIAN_POINT('',(-31.32,10.96,-39.75));
#2456 = DIRECTION('',(-0.,0.,-1.));
#2457 = DIRECTION('',(-1.,0.,0.));
#2458 = PCURVE('',#851,#2459);
#2459 = DEFINITIONAL_REPRESENTATION('',(#2460),#2464);
#2460 = LINE('',#2461,#2462);
#2461 = CARTESIAN_POINT('',(-0.,2.));
#2462 = VECTOR('',#2463,1.);
#2463 = DIRECTION('',(-1.,0.));
#2464 = ( GEOMETRIC_REPRESENTATION_CONTEXT(2) 
PARAMETRIC_REPRESENTATION_CONTEXT() REPRESENTATION_CONTEXT('2D SPACE',''
  ) );
#2465 = PCURVE('',#2466,#2471);
#2466 = SPHERICAL_SURFACE('',#2467,2.);
#2467 = AXIS2_PLACEMENT_3D('',#2468,#2469,#2470);
#2468 = CARTESIAN_POINT('',(-31.32,10.96,-39.75));
#2469 = DIRECTION('',(0.,0.,1.));
#2470 = DIRECTION('',(-1.,0.,0.));
#2471 = DEFINITIONAL_REPRESENTATION('',(#2472),#2476);
#2472 = LINE('',#2473,#2474);
#2473 = CARTESIAN_POINT('',(-0.,0.));
#2474 = VECTOR('',#2475,1.);
#2475 = DIRECTION('',(-1.,0.));
#2476 = ( GEOMETRIC_REPRESENTATION_CONTEXT(2) 
PARAMETRIC_REPRESENTATION_CONTEXT() REPRESENTATION_CONTEXT('2D SPACE',''
  ) );
#2477 = ORIENTED_EDGE('',*,*,#2424,.T.);
#2478 = ORIENTED_EDGE('',*,*,#834,.T.);
#2479 = ADVANCED_FACE('',(#2480),#1045,.T.);
#2480 = FACE_BOUND('',#2481,.T.);
#2481 = EDGE_LOOP('',(#2482,#2483,#2484,#2574,#2575,#2665,#2666,#2686));
#2482 = ORIENTED_EDGE('',*,*,#1084,.F.);
#2483 = ORIENTED_EDGE('',*,*,#1109,.T.);
#2484 = ORIENTED_EDGE('',*,*,#2485,.T.);
#2485 = EDGE_CURVE('',#1110,#1162,#2486,.T.);
#2486 = SURFACE_CURVE('',#2487,(#2514,#2544),.PCURVE_S1.);
#2487 = B_SPLINE_CURVE_WITH_KNOTS('',5,(#2488,#2489,#2490,#2491,#2492,
    #2493,#2494,#2495,#2496,#2497,#2498,#2499,#2500,#2501,#2502,#2503,
    #2504,#2505,#2506,#2507,#2508,#2509,#2510,#2511,#2512,#2513),
  .UNSPECIFIED.,.F.,.F.,(6,4,4,4,4,4,6),(0.,0.12425292763,0.217743078476
    ,0.499977900067,0.78415755935,0.878838019023,1.),.UNSPECIFIED.);
#2488 = CARTESIAN_POINT('',(-29.3717797887,-11.,-42.25));
#2489 = CARTESIAN_POINT('',(-29.33748842505,-11.039859357,-42.25));
#2490 = CARTESIAN_POINT('',(-29.30131454797,-11.07729916938,
    -42.24933771538));
#2491 = CARTESIAN_POINT('',(-29.26348360265,-11.1122696941,
    -42.24817507911));
#2492 = CARTESIAN_POINT('',(-29.22421053604,-11.14473872999,
    -42.24665662497));
#2493 = CARTESIAN_POINT('',(-29.15321878362,-11.19722871236,
    -42.24359490976));
#2494 = CARTESIAN_POINT('',(-29.12203106418,-11.21834563698,
    -42.24215043438));
#2495 = CARTESIAN_POINT('',(-29.09021534563,-11.23804132393,
    -42.24062935835));
#2496 = CARTESIAN_POINT('',(-29.05784313186,-11.25631776541,
    -42.23907810469));
#2497 = CARTESIAN_POINT('',(-28.92576527322,-11.32408498595,
    -42.23288147682));
#2498 = CARTESIAN_POINT('',(-28.82205793308,-11.36210461061,
    -42.22831183516));
#2499 = CARTESIAN_POINT('',(-28.71558347758,-11.38737861269,
    -42.22491183186));
#2500 = CARTESIAN_POINT('',(-28.60775641491,-11.4,-42.22321374946));
#2501 = CARTESIAN_POINT('',(-28.39150105184,-11.4,-42.22321374946));
#2502 = CARTESIAN_POINT('',(-28.2829571206,-11.38720408946,
    -42.22493535718));
#2503 = CARTESIAN_POINT('',(-28.17579655625,-11.361592784,
    -42.22838051534));
#2504 = CARTESIAN_POINT('',(-28.07144740827,-11.3230611087,
    -42.23300461707));
#2505 = CARTESIAN_POINT('',(-27.93843443515,-11.25426325887,
    -42.23925546601));
#2506 = CARTESIAN_POINT('',(-27.90570218662,-11.23561947277,
    -42.2408247319));
#2507 = CARTESIAN_POINT('',(-27.8735458138,-11.21551985237,
    -42.24235975311));
#2508 = CARTESIAN_POINT('',(-27.84203998571,-11.19396251033,
    -42.24381193396));
#2509 = CARTESIAN_POINT('',(-27.77188705717,-11.14149854071,
    -42.24680635216));
#2510 = CARTESIAN_POINT('',(-27.7336957248,-11.1096550131,
    -42.24826095658));
#2511 = CARTESIAN_POINT('',(-27.69688531469,-11.07543357149,
    -42.24937032568));
#2512 = CARTESIAN_POINT('',(-27.66165687472,-11.03886587651,-42.25));
#2513 = CARTESIAN_POINT('',(-27.62822021129,-11.,-42.25));
#2514 = PCURVE('',#1045,#2515);
#2515 = DEFINITIONAL_REPRESENTATION('',(#2516),#2543);
#2516 = B_SPLINE_CURVE_WITH_KNOTS('',5,(#2517,#2518,#2519,#2520,#2521,
    #2522,#2523,#2524,#2525,#2526,#2527,#2528,#2529,#2530,#2531,#2532,
    #2533,#2534,#2535,#2536,#2537,#2538,#2539,#2540,#2541,#2542),
  .UNSPECIFIED.,.F.,.F.,(6,4,4,4,4,4,6),(0.,0.12425292763,0.217743078476
    ,0.499977900067,0.78415755935,0.878838019023,1.),.UNSPECIFIED.);
#2517 = CARTESIAN_POINT('',(1.570796326795,6.738220211292));
#2518 = CARTESIAN_POINT('',(1.557509874459,6.772511574941));
#2519 = CARTESIAN_POINT('',(1.545029842486,6.808685452027));
#2520 = CARTESIAN_POINT('',(1.533368302857,6.846516397342));
#2521 = CARTESIAN_POINT('',(1.522534095695,6.885789463952));
#2522 = CARTESIAN_POINT('',(1.505007695454,6.956781216378));
#2523 = CARTESIAN_POINT('',(1.497952608308,6.987968935817));
#2524 = CARTESIAN_POINT('',(1.491368145506,7.019784654367));
#2525 = CARTESIAN_POINT('',(1.485254205325,7.052156868139));
#2526 = CARTESIAN_POINT('',(1.462570891885,7.184234726776));
#2527 = CARTESIAN_POINT('',(1.449811331993,7.287942066918));
#2528 = CARTESIAN_POINT('',(1.441309477749,7.394416522411));
#2529 = CARTESIAN_POINT('',(1.437064737385,7.502243585082));
#2530 = CARTESIAN_POINT('',(1.437064737385,7.71849894816));
#2531 = CARTESIAN_POINT('',(1.441368165238,7.827042879396));
#2532 = CARTESIAN_POINT('',(1.449983513477,7.93420344375));
#2533 = CARTESIAN_POINT('',(1.462914501246,8.038552591724));
#2534 = CARTESIAN_POINT('',(1.485941580122,8.171565564847));
#2535 = CARTESIAN_POINT('',(1.492178032716,8.204297813375));
#2536 = CARTESIAN_POINT('',(1.498897080694,8.236454186194));
#2537 = CARTESIAN_POINT('',(1.506098788863,8.267960014284));
#2538 = CARTESIAN_POINT('',(1.523615240332,8.33811294283));
#2539 = CARTESIAN_POINT('',(1.534240208264,8.376304275193));
#2540 = CARTESIAN_POINT('',(1.54565172028,8.413114685309));
#2541 = CARTESIAN_POINT('',(1.557841034623,8.448343125271));
#2542 = CARTESIAN_POINT('',(1.570796326795,8.481779788708));
#2543 = ( GEOMETRIC_REPRESENTATION_CONTEXT(2) 
PARAMETRIC_REPRESENTATION_CONTEXT() REPRESENTATION_CONTEXT('2D SPACE',''
  ) );
#2544 = PCURVE('',#1149,#2545);
#2545 = DEFINITIONAL_REPRESENTATION('',(#2546),#2573);
#2546 = B_SPLINE_CURVE_WITH_KNOTS('',5,(#2547,#2548,#2549,#2550,#2551,
    #2552,#2553,#2554,#2555,#2556,#2557,#2558,#2559,#2560,#2561,#2562,
    #2563,#2564,#2565,#2566,#2567,#2568,#2569,#2570,#2571,#2572),
  .UNSPECIFIED.,.F.,.F.,(6,4,4,4,4,4,6),(0.,0.12425292763,0.217743078476
    ,0.499977900067,0.78415755935,0.878838019023,1.),.UNSPECIFIED.);
#2547 = CARTESIAN_POINT('',(3.852041262143,2.5));
#2548 = CARTESIAN_POINT('',(3.897763080342,2.5));
#2549 = CARTESIAN_POINT('',(3.942957836479,2.500662284617));
#2550 = CARTESIAN_POINT('',(3.987662812927,2.501824920885));
#2551 = CARTESIAN_POINT('',(4.031908475869,2.503343375024));
#2552 = CARTESIAN_POINT('',(4.108681911538,2.506405090235));
#2553 = CARTESIAN_POINT('',(4.141405392062,2.507849565619));
#2554 = CARTESIAN_POINT('',(4.173907524209,2.509370641641));
#2555 = CARTESIAN_POINT('',(4.206208068303,2.510921895309));
#2556 = CARTESIAN_POINT('',(4.335293719804,2.517118523179));
#2557 = CARTESIAN_POINT('',(4.430622370388,2.521688164835));
#2558 = CARTESIAN_POINT('',(4.524925841364,2.525088168138));
#2559 = CARTESIAN_POINT('',(4.618687750021,2.526786250536));
#2560 = CARTESIAN_POINT('',(4.806735891828,2.526786250536));
#2561 = CARTESIAN_POINT('',(4.901121217353,2.525064642819));
#2562 = CARTESIAN_POINT('',(4.996056718773,2.521619484658));
#2563 = CARTESIAN_POINT('',(5.092046629099,2.516995382929));
#2564 = CARTESIAN_POINT('',(5.222265566914,2.510744533989));
#2565 = CARTESIAN_POINT('',(5.25499499337,2.509175268097));
#2566 = CARTESIAN_POINT('',(5.287932717302,2.507640246883));
#2567 = CARTESIAN_POINT('',(5.321099192069,2.506188066035));
#2568 = CARTESIAN_POINT('',(5.397273807371,2.503193647839));
#2569 = CARTESIAN_POINT('',(5.440452809815,2.501739043414));
#2570 = CARTESIAN_POINT('',(5.484070836729,2.500629674317));
#2571 = CARTESIAN_POINT('',(5.52815448071,2.5));
#2572 = CARTESIAN_POINT('',(5.572736698626,2.5));
#2573 = ( GEOMETRIC_REPRESENTATION_CONTEXT(2) 
PARAMETRIC_REPRESENTATION_CONTEXT() REPRESENTATION_CONTEXT('2D SPACE',''
  ) );
#2574 = ORIENTED_EDGE('',*,*,#1185,.T.);
#2575 = ORIENTED_EDGE('',*,*,#2576,.T.);
#2576 = EDGE_CURVE('',#1186,#1238,#2577,.T.);
#2577 = SURFACE_CURVE('',#2578,(#2605,#2635),.PCURVE_S1.);
#2578 = B_SPLINE_CURVE_WITH_KNOTS('',5,(#2579,#2580,#2581,#2582,#2583,
    #2584,#2585,#2586,#2587,#2588,#2589,#2590,#2591,#2592,#2593,#2594,
    #2595,#2596,#2597,#2598,#2599,#2600,#2601,#2602,#2603,#2604),
  .UNSPECIFIED.,.F.,.F.,(6,4,4,4,4,4,6),(0.,0.124252925091,
    0.217743074026,0.499977889892,0.784157533065,0.878837990984,1.),
  .UNSPECIFIED.);
#2579 = CARTESIAN_POINT('',(7.428220211292,-11.,-42.25));
#2580 = CARTESIAN_POINT('',(7.462511574941,-11.039859357,-42.25));
#2581 = CARTESIAN_POINT('',(7.498685452027,-11.07729916938,
    -42.24933771538));
#2582 = CARTESIAN_POINT('',(7.536516397342,-11.1122696941,
    -42.24817507911));
#2583 = CARTESIAN_POINT('',(7.575789463952,-11.14473872999,
    -42.24665662497));
#2584 = CARTESIAN_POINT('',(7.646781216378,-11.19722871236,
    -42.24359490976));
#2585 = CARTESIAN_POINT('',(7.677968935817,-11.21834563698,
    -42.24215043438));
#2586 = CARTESIAN_POINT('',(7.709784654367,-11.23804132393,
    -42.24062935835));
#2587 = CARTESIAN_POINT('',(7.742156868139,-11.25631776541,
    -42.23907810469));
#2588 = CARTESIAN_POINT('',(7.874234726791,-11.32408498596,
    -42.23288147682));
#2589 = CARTESIAN_POINT('',(7.977942066929,-11.36210461062,
    -42.22831183516));
#2590 = CARTESIAN_POINT('',(8.084416522404,-11.38737861269,
    -42.22491183186));
#2591 = CARTESIAN_POINT('',(8.192243585062,-11.4,-42.22321374946));
#2592 = CARTESIAN_POINT('',(8.408498944231,-11.4,-42.22321374946));
#2593 = CARTESIAN_POINT('',(8.51704288915,-11.38720408779,
    -42.22493535734));
#2594 = CARTESIAN_POINT('',(8.624203434079,-11.36159278719,
    -42.22838051504));
#2595 = CARTESIAN_POINT('',(8.728552595531,-11.32306110673,
    -42.23300461725));
#2596 = CARTESIAN_POINT('',(8.861565564847,-11.25426325887,
    -42.23925546601));
#2597 = CARTESIAN_POINT('',(8.894297813375,-11.23561947277,
    -42.2408247319));
#2598 = CARTESIAN_POINT('',(8.926454186195,-11.21551985237,
    -42.24235975311));
#2599 = CARTESIAN_POINT('',(8.957960014284,-11.19396251033,
    -42.24381193396));
#2600 = CARTESIAN_POINT('',(9.028112952673,-11.14149853335,
    -42.24680635258));
#2601 = CARTESIAN_POINT('',(9.06630426942,-11.10965501905,-42.2482609565
    ));
#2602 = CARTESIAN_POINT('',(9.103114677118,-11.07543357822,
    -42.24937032538));
#2603 = CARTESIAN_POINT('',(9.138343130279,-11.03886587069,-42.25));
#2604 = CARTESIAN_POINT('',(9.171779788708,-11.,-42.25));
#2605 = PCURVE('',#1045,#2606);
#2606 = DEFINITIONAL_REPRESENTATION('',(#2607),#2634);
#2607 = B_SPLINE_CURVE_WITH_KNOTS('',5,(#2608,#2609,#2610,#2611,#2612,
    #2613,#2614,#2615,#2616,#2617,#2618,#2619,#2620,#2621,#2622,#2623,
    #2624,#2625,#2626,#2627,#2628,#2629,#2630,#2631,#2632,#2633),
  .UNSPECIFIED.,.F.,.F.,(6,4,4,4,4,4,6),(0.,0.124252925091,
    0.217743074026,0.499977889892,0.784157533065,0.878837990984,1.),
  .UNSPECIFIED.);
#2608 = CARTESIAN_POINT('',(1.570796326795,43.538220211292));
#2609 = CARTESIAN_POINT('',(1.557509874459,43.572511574941));
#2610 = CARTESIAN_POINT('',(1.545029842486,43.608685452027));
#2611 = CARTESIAN_POINT('',(1.533368302857,43.646516397342));
#2612 = CARTESIAN_POINT('',(1.522534095695,43.685789463952));
#2613 = CARTESIAN_POINT('',(1.505007695454,43.756781216378));
#2614 = CARTESIAN_POINT('',(1.497952608308,43.787968935817));
#2615 = CARTESIAN_POINT('',(1.491368145506,43.819784654367));
#2616 = CARTESIAN_POINT('',(1.485254205325,43.852156868139));
#2617 = CARTESIAN_POINT('',(1.462570891882,43.984234726791));
#2618 = CARTESIAN_POINT('',(1.449811331993,44.087942066929));
#2619 = CARTESIAN_POINT('',(1.44130947775,44.194416522404));
#2620 = CARTESIAN_POINT('',(1.437064737385,44.302243585062));
#2621 = CARTESIAN_POINT('',(1.437064737385,44.518498944231));
#2622 = CARTESIAN_POINT('',(1.441368165797,44.62704288915));
#2623 = CARTESIAN_POINT('',(1.449983512409,44.734203434079));
#2624 = CARTESIAN_POINT('',(1.462914501905,44.838552595531));
#2625 = CARTESIAN_POINT('',(1.485941580122,44.971565564847));
#2626 = CARTESIAN_POINT('',(1.492178032716,45.004297813375));
#2627 = CARTESIAN_POINT('',(1.498897080694,45.036454186195));
#2628 = CARTESIAN_POINT('',(1.506098788863,45.067960014284));
#2629 = CARTESIAN_POINT('',(1.52361524279,45.138112952673));
#2630 = CARTESIAN_POINT('',(1.534240206278,45.17630426942));
#2631 = CARTESIAN_POINT('',(1.545651718035,45.213114677118));
#2632 = CARTESIAN_POINT('',(1.557841036564,45.248343130279));
#2633 = CARTESIAN_POINT('',(1.570796326795,45.281779788708));
#2634 = ( GEOMETRIC_REPRESENTATION_CONTEXT(2) 
PARAMETRIC_REPRESENTATION_CONTEXT() REPRESENTATION_CONTEXT('2D SPACE',''
  ) );
#2635 = PCURVE('',#1225,#2636);
#2636 = DEFINITIONAL_REPRESENTATION('',(#2637),#2664);
#2637 = B_SPLINE_CURVE_WITH_KNOTS('',5,(#2638,#2639,#2640,#2641,#2642,
    #2643,#2644,#2645,#2646,#2647,#2648,#2649,#2650,#2651,#2652,#2653,
    #2654,#2655,#2656,#2657,#2658,#2659,#2660,#2661,#2662,#2663),
  .UNSPECIFIED.,.F.,.F.,(6,4,4,4,4,4,6),(0.,0.124252925091,
    0.217743074026,0.499977889892,0.784157533065,0.878837990984,1.),
  .UNSPECIFIED.);
#2638 = CARTESIAN_POINT('',(3.852041262143,2.5));
#2639 = CARTESIAN_POINT('',(3.897763080342,2.5));
#2640 = CARTESIAN_POINT('',(3.942957836479,2.500662284617));
#2641 = CARTESIAN_POINT('',(3.987662812927,2.501824920885));
#2642 = CARTESIAN_POINT('',(4.031908475869,2.503343375024));
#2643 = CARTESIAN_POINT('',(4.108681911538,2.506405090235));
#2644 = CARTESIAN_POINT('',(4.141405392062,2.507849565619));
#2645 = CARTESIAN_POINT('',(4.173907524209,2.509370641641));
#2646 = CARTESIAN_POINT('',(4.206208068303,2.510921895309));
#2647 = CARTESIAN_POINT('',(4.335293719819,2.51711852318));
#2648 = CARTESIAN_POINT('',(4.430622370397,2.521688164836));
#2649 = CARTESIAN_POINT('',(4.524925841358,2.525088168138));
#2650 = CARTESIAN_POINT('',(4.618687750004,2.526786250536));
#2651 = CARTESIAN_POINT('',(4.806735888411,2.526786250536));
#2652 = CARTESIAN_POINT('',(4.901121226156,2.525064642658));
#2653 = CARTESIAN_POINT('',(4.996056709721,2.521619484959));
#2654 = CARTESIAN_POINT('',(5.092046632825,2.51699538275));
#2655 = CARTESIAN_POINT('',(5.222265566914,2.510744533989));
#2656 = CARTESIAN_POINT('',(5.25499499337,2.509175268097));
#2657 = CARTESIAN_POINT('',(5.287932717302,2.507640246883));
#2658 = CARTESIAN_POINT('',(5.321099192069,2.506188066035));
#2659 = CARTESIAN_POINT('',(5.397273818059,2.503193647419));
#2660 = CARTESIAN_POINT('',(5.44045280258,2.5017390435));
#2661 = CARTESIAN_POINT('',(5.484070827488,2.500629674612));
#2662 = CARTESIAN_POINT('',(5.528154487387,2.5));
#2663 = CARTESIAN_POINT('',(5.572736698626,2.5));
#2664 = ( GEOMETRIC_REPRESENTATION_CONTEXT(2) 
PARAMETRIC_REPRESENTATION_CONTEXT() REPRESENTATION_CONTEXT('2D SPACE',''
  ) );
#2665 = ORIENTED_EDGE('',*,*,#1261,.T.);
#2666 = ORIENTED_EDGE('',*,*,#2667,.T.);
#2667 = EDGE_CURVE('',#1262,#1030,#2668,.T.);
#2668 = SURFACE_CURVE('',#2669,(#2674,#2680),.PCURVE_S1.);
#2669 = CIRCLE('',#2670,3.);
#2670 = AXIS2_PLACEMENT_3D('',#2671,#2672,#2673);
#2671 = CARTESIAN_POINT('',(12.89,-11.,-39.25));
#2672 = DIRECTION('',(-1.,-6.123233995737E-17,0.));
#2673 = DIRECTION('',(6.123233995737E-17,-1.,-0.));
#2674 = PCURVE('',#1045,#2675);
#2675 = DEFINITIONAL_REPRESENTATION('',(#2676),#2679);
#2676 = B_SPLINE_CURVE_WITH_KNOTS('',1,(#2677,#2678),.UNSPECIFIED.,.F.,
  .F.,(2,2),(4.712388980385,6.28318530718),.PIECEWISE_BEZIER_KNOTS.);
#2677 = CARTESIAN_POINT('',(1.570796326795,49.));
#2678 = CARTESIAN_POINT('',(0.,49.));
#2679 = ( GEOMETRIC_REPRESENTATION_CONTEXT(2) 
PARAMETRIC_REPRESENTATION_CONTEXT() REPRESENTATION_CONTEXT('2D SPACE',''
  ) );
#2680 = PCURVE('',#2007,#2681);
#2681 = DEFINITIONAL_REPRESENTATION('',(#2682),#2685);
#2682 = B_SPLINE_CURVE_WITH_KNOTS('',1,(#2683,#2684),.UNSPECIFIED.,.F.,
  .F.,(2,2),(4.712388980385,6.28318530718),.PIECEWISE_BEZIER_KNOTS.);
#2683 = CARTESIAN_POINT('',(-1.570796326795,-1.570796326795));
#2684 = CARTESIAN_POINT('',(-1.570796326795,0.));
#2685 = ( GEOMETRIC_REPRESENTATION_CONTEXT(2) 
PARAMETRIC_REPRESENTATION_CONTEXT() REPRESENTATION_CONTEXT('2D SPACE',''
  ) );
#2686 = ORIENTED_EDGE('',*,*,#1029,.F.);
#2687 = ADVANCED_FACE('',(#2688),#1328,.T.);
#2688 = FACE_BOUND('',#2689,.F.);
#2689 = EDGE_LOOP('',(#2690,#2691,#2692,#2782,#2783,#2873,#2874,#2894));
#2690 = ORIENTED_EDGE('',*,*,#1494,.F.);
#2691 = ORIENTED_EDGE('',*,*,#1469,.T.);
#2692 = ORIENTED_EDGE('',*,*,#2693,.F.);
#2693 = EDGE_CURVE('',#1394,#1446,#2694,.T.);
#2694 = SURFACE_CURVE('',#2695,(#2722,#2752),.PCURVE_S1.);
#2695 = B_SPLINE_CURVE_WITH_KNOTS('',5,(#2696,#2697,#2698,#2699,#2700,
    #2701,#2702,#2703,#2704,#2705,#2706,#2707,#2708,#2709,#2710,#2711,
    #2712,#2713,#2714,#2715,#2716,#2717,#2718,#2719,#2720,#2721),
  .UNSPECIFIED.,.F.,.F.,(6,4,4,4,4,4,6),(0.,0.124252925095,
    0.217743074033,0.499977889861,0.784157533051,0.878837990975,1.),
  .UNSPECIFIED.);
#2696 = CARTESIAN_POINT('',(-27.62822021129,11.,-42.25));
#2697 = CARTESIAN_POINT('',(-27.66251157494,11.039859357008,-42.25));
#2698 = CARTESIAN_POINT('',(-27.69868545202,11.077299169384,
    -42.24933771538));
#2699 = CARTESIAN_POINT('',(-27.73651639734,11.112269694107,
    -42.24817507911));
#2700 = CARTESIAN_POINT('',(-27.77578946395,11.144738729996,
    -42.24665662497));
#2701 = CARTESIAN_POINT('',(-27.84678121637,11.197228712362,
    -42.24359490976));
#2702 = CARTESIAN_POINT('',(-27.87796893581,11.218345636986,
    -42.24215043438));
#2703 = CARTESIAN_POINT('',(-27.90978465436,11.238041323939,
    -42.24062935835));
#2704 = CARTESIAN_POINT('',(-27.94215686813,11.25631776541,
    -42.23907810469));
#2705 = CARTESIAN_POINT('',(-28.07423472677,11.324084985957,
    -42.23288147682));
#2706 = CARTESIAN_POINT('',(-28.17794206691,11.362104610618,
    -42.22831183516));
#2707 = CARTESIAN_POINT('',(-28.28441652241,11.387378612697,
    -42.22491183186));
#2708 = CARTESIAN_POINT('',(-28.39224358508,11.4,-42.22321374946));
#2709 = CARTESIAN_POINT('',(-28.60849894422,11.4,-42.22321374946));
#2710 = CARTESIAN_POINT('',(-28.71704288915,11.387204087794,
    -42.22493535734));
#2711 = CARTESIAN_POINT('',(-28.82420343408,11.361592787195,
    -42.22838051504));
#2712 = CARTESIAN_POINT('',(-28.92855259553,11.323061106734,
    -42.23300461725));
#2713 = CARTESIAN_POINT('',(-29.06156556484,11.254263258873,
    -42.23925546601));
#2714 = CARTESIAN_POINT('',(-29.09429781337,11.23561947277,
    -42.2408247319));
#2715 = CARTESIAN_POINT('',(-29.12645418619,11.215519852377,
    -42.24235975311));
#2716 = CARTESIAN_POINT('',(-29.15796001428,11.193962510332,
    -42.24381193396));
#2717 = CARTESIAN_POINT('',(-29.22811295267,11.141498533351,
    -42.24680635258));
#2718 = CARTESIAN_POINT('',(-29.26630426942,11.109655019058,
    -42.2482609565));
#2719 = CARTESIAN_POINT('',(-29.30311467711,11.075433578222,
    -42.24937032538));
#2720 = CARTESIAN_POINT('',(-29.33834313027,11.038865870694,-42.25));
#2721 = CARTESIAN_POINT('',(-29.3717797887,11.,-42.25));
#2722 = PCURVE('',#1328,#2723);
#2723 = DEFINITIONAL_REPRESENTATION('',(#2724),#2751);
#2724 = B_SPLINE_CURVE_WITH_KNOTS('',5,(#2725,#2726,#2727,#2728,#2729,
    #2730,#2731,#2732,#2733,#2734,#2735,#2736,#2737,#2738,#2739,#2740,
    #2741,#2742,#2743,#2744,#2745,#2746,#2747,#2748,#2749,#2750),
  .UNSPECIFIED.,.F.,.F.,(6,4,4,4,4,4,6),(0.,0.124252925095,
    0.217743074033,0.499977889861,0.784157533051,0.878837990975,1.),
  .UNSPECIFIED.);
#2725 = CARTESIAN_POINT('',(-1.570796326795,8.481779788708));
#2726 = CARTESIAN_POINT('',(-1.557509874459,8.447488425059));
#2727 = CARTESIAN_POINT('',(-1.545029842486,8.411314547973));
#2728 = CARTESIAN_POINT('',(-1.533368302857,8.373483602658));
#2729 = CARTESIAN_POINT('',(-1.522534095695,8.334210536048));
#2730 = CARTESIAN_POINT('',(-1.505007695454,8.263218783622));
#2731 = CARTESIAN_POINT('',(-1.497952608308,8.232031064183));
#2732 = CARTESIAN_POINT('',(-1.491368145506,8.200215345633));
#2733 = CARTESIAN_POINT('',(-1.485254205325,8.167843131861));
#2734 = CARTESIAN_POINT('',(-1.462570891885,8.035765273226));
#2735 = CARTESIAN_POINT('',(-1.449811331993,7.932057933084));
#2736 = CARTESIAN_POINT('',(-1.441309477748,7.825583477588));
#2737 = CARTESIAN_POINT('',(-1.437064737385,7.717756414915));
#2738 = CARTESIAN_POINT('',(-1.437064737385,7.501501055771));
#2739 = CARTESIAN_POINT('',(-1.441368165796,7.39295711085));
#2740 = CARTESIAN_POINT('',(-1.449983512409,7.28579656592));
#2741 = CARTESIAN_POINT('',(-1.462914501906,7.181447404468));
#2742 = CARTESIAN_POINT('',(-1.485941580122,7.048434435153));
#2743 = CARTESIAN_POINT('',(-1.492178032716,7.015702186625));
#2744 = CARTESIAN_POINT('',(-1.498897080694,6.983545813806));
#2745 = CARTESIAN_POINT('',(-1.506098788863,6.952039985716));
#2746 = CARTESIAN_POINT('',(-1.52361524279,6.881887047327));
#2747 = CARTESIAN_POINT('',(-1.534240206278,6.84369573058));
#2748 = CARTESIAN_POINT('',(-1.545651718035,6.806885322882));
#2749 = CARTESIAN_POINT('',(-1.557841036564,6.771656869721));
#2750 = CARTESIAN_POINT('',(-1.570796326795,6.738220211292));
#2751 = ( GEOMETRIC_REPRESENTATION_CONTEXT(2) 
PARAMETRIC_REPRESENTATION_CONTEXT() REPRESENTATION_CONTEXT('2D SPACE',''
  ) );
#2752 = PCURVE('',#1433,#2753);
#2753 = DEFINITIONAL_REPRESENTATION('',(#2754),#2781);
#2754 = B_SPLINE_CURVE_WITH_KNOTS('',5,(#2755,#2756,#2757,#2758,#2759,
    #2760,#2761,#2762,#2763,#2764,#2765,#2766,#2767,#2768,#2769,#2770,
    #2771,#2772,#2773,#2774,#2775,#2776,#2777,#2778,#2779,#2780),
  .UNSPECIFIED.,.F.,.F.,(6,4,4,4,4,4,6),(0.,0.124252925095,
    0.217743074033,0.499977889861,0.784157533051,0.878837990975,1.),
  .UNSPECIFIED.);
#2755 = CARTESIAN_POINT('',(0.710448608553,2.5));
#2756 = CARTESIAN_POINT('',(0.756170426752,2.5));
#2757 = CARTESIAN_POINT('',(0.80136518289,2.500662284617));
#2758 = CARTESIAN_POINT('',(0.846070159337,2.501824920885));
#2759 = CARTESIAN_POINT('',(0.890315822279,2.503343375024));
#2760 = CARTESIAN_POINT('',(0.967089257948,2.506405090235));
#2761 = CARTESIAN_POINT('',(0.999812738473,2.507849565619));
#2762 = CARTESIAN_POINT('',(1.032314870619,2.509370641641));
#2763 = CARTESIAN_POINT('',(1.064615414713,2.510921895309));
#2764 = CARTESIAN_POINT('',(1.193701066213,2.517118523179));
#2765 = CARTESIAN_POINT('',(1.289029716797,2.521688164835));
#2766 = CARTESIAN_POINT('',(1.383333187775,2.525088168138));
#2767 = CARTESIAN_POINT('',(1.477095096434,2.526786250536));
#2768 = CARTESIAN_POINT('',(1.66514323482,2.526786250536));
#2769 = CARTESIAN_POINT('',(1.759528572565,2.525064642658));
#2770 = CARTESIAN_POINT('',(1.854464056132,2.521619484959));
#2771 = CARTESIAN_POINT('',(1.950453979237,2.51699538275));
#2772 = CARTESIAN_POINT('',(2.080672913324,2.510744533989));
#2773 = CARTESIAN_POINT('',(2.11340233978,2.509175268097));
#2774 = CARTESIAN_POINT('',(2.146340063713,2.507640246883));
#2775 = CARTESIAN_POINT('',(2.179506538479,2.506188066035));
#2776 = CARTESIAN_POINT('',(2.255681164469,2.503193647419));
#2777 = CARTESIAN_POINT('',(2.29886014899,2.5017390435));
#2778 = CARTESIAN_POINT('',(2.342478173898,2.500629674612));
#2779 = CARTESIAN_POINT('',(2.386561833798,2.5));
#2780 = CARTESIAN_POINT('',(2.431144045037,2.5));
#2781 = ( GEOMETRIC_REPRESENTATION_CONTEXT(2) 
PARAMETRIC_REPRESENTATION_CONTEXT() REPRESENTATION_CONTEXT('2D SPACE',''
  ) );
#2782 = ORIENTED_EDGE('',*,*,#1393,.T.);
#2783 = ORIENTED_EDGE('',*,*,#2784,.F.);
#2784 = EDGE_CURVE('',#1313,#1370,#2785,.T.);
#2785 = SURFACE_CURVE('',#2786,(#2813,#2843),.PCURVE_S1.);
#2786 = B_SPLINE_CURVE_WITH_KNOTS('',5,(#2787,#2788,#2789,#2790,#2791,
    #2792,#2793,#2794,#2795,#2796,#2797,#2798,#2799,#2800,#2801,#2802,
    #2803,#2804,#2805,#2806,#2807,#2808,#2809,#2810,#2811,#2812),
  .UNSPECIFIED.,.F.,.F.,(6,4,4,4,4,4,6),(0.,0.124252908874,
    0.217743055279,0.499977891056,0.784157538239,0.878837993888,1.),
  .UNSPECIFIED.);
#2787 = CARTESIAN_POINT('',(9.171779788708,11.,-42.25));
#2788 = CARTESIAN_POINT('',(9.137488421293,11.039859361386,-42.25));
#2789 = CARTESIAN_POINT('',(9.101314551409,11.077299166601,
    -42.2493377155));
#2790 = CARTESIAN_POINT('',(9.063483605882,11.112269690685,
    -42.24817507915));
#2791 = CARTESIAN_POINT('',(9.024210531857,11.144738733095,
    -42.24665662479));
#2792 = CARTESIAN_POINT('',(8.953218783622,11.197228712362,
    -42.24359490976));
#2793 = CARTESIAN_POINT('',(8.922031064183,11.218345636986,
    -42.24215043438));
#2794 = CARTESIAN_POINT('',(8.890215345633,11.238041323939,
    -42.24062935835));
#2795 = CARTESIAN_POINT('',(8.857843131861,11.25631776541,
    -42.23907810469));
#2796 = CARTESIAN_POINT('',(8.725765263525,11.324084990934,
    -42.23288147636));
#2797 = CARTESIAN_POINT('',(8.622057957748,11.362104602545,
    -42.22831183592));
#2798 = CARTESIAN_POINT('',(8.515583452729,11.387378616918,
    -42.22491183145));
#2799 = CARTESIAN_POINT('',(8.407756424912,11.4,-42.22321374946));
#2800 = CARTESIAN_POINT('',(8.19150105185,11.4,-42.22321374946));
#2801 = CARTESIAN_POINT('',(8.082957120605,11.387204089464,
    -42.22493535718));
#2802 = CARTESIAN_POINT('',(7.975796556245,11.361592784003,
    -42.22838051534));
#2803 = CARTESIAN_POINT('',(7.871447408268,11.3230611087,-42.23300461707
    ));
#2804 = CARTESIAN_POINT('',(7.738434435153,11.254263258873,
    -42.23925546601));
#2805 = CARTESIAN_POINT('',(7.705702186625,11.23561947277,-42.2408247319
    ));
#2806 = CARTESIAN_POINT('',(7.673545813805,11.215519852377,
    -42.24235975311));
#2807 = CARTESIAN_POINT('',(7.642039985716,11.193962510332,
    -42.24381193396));
#2808 = CARTESIAN_POINT('',(7.571887047327,11.141498533351,
    -42.24680635258));
#2809 = CARTESIAN_POINT('',(7.53369573058,11.109655019058,-42.2482609565
    ));
#2810 = CARTESIAN_POINT('',(7.496885322882,11.075433578222,
    -42.24937032538));
#2811 = CARTESIAN_POINT('',(7.461656869721,11.038865870694,-42.25));
#2812 = CARTESIAN_POINT('',(7.428220211292,11.,-42.25));
#2813 = PCURVE('',#1328,#2814);
#2814 = DEFINITIONAL_REPRESENTATION('',(#2815),#2842);
#2815 = B_SPLINE_CURVE_WITH_KNOTS('',5,(#2816,#2817,#2818,#2819,#2820,
    #2821,#2822,#2823,#2824,#2825,#2826,#2827,#2828,#2829,#2830,#2831,
    #2832,#2833,#2834,#2835,#2836,#2837,#2838,#2839,#2840,#2841),
  .UNSPECIFIED.,.F.,.F.,(6,4,4,4,4,4,6),(0.,0.124252908874,
    0.217743055279,0.499977891056,0.784157538239,0.878837993888,1.),
  .UNSPECIFIED.);
#2816 = CARTESIAN_POINT('',(-1.570796326795,45.281779788708));
#2817 = CARTESIAN_POINT('',(-1.557509872999,45.247488421293));
#2818 = CARTESIAN_POINT('',(-1.545029843415,45.211314551409));
#2819 = CARTESIAN_POINT('',(-1.533368303998,45.173483605882));
#2820 = CARTESIAN_POINT('',(-1.52253409466,45.134210531857));
#2821 = CARTESIAN_POINT('',(-1.505007695454,45.063218783622));
#2822 = CARTESIAN_POINT('',(-1.497952608308,45.032031064183));
#2823 = CARTESIAN_POINT('',(-1.491368145506,45.000215345633));
#2824 = CARTESIAN_POINT('',(-1.485254205325,44.967843131861));
#2825 = CARTESIAN_POINT('',(-1.462570890219,44.835765263525));
#2826 = CARTESIAN_POINT('',(-1.449811334696,44.732057957748));
#2827 = CARTESIAN_POINT('',(-1.441309476335,44.625583452729));
#2828 = CARTESIAN_POINT('',(-1.437064737385,44.517756424912));
#2829 = CARTESIAN_POINT('',(-1.437064737385,44.30150105185));
#2830 = CARTESIAN_POINT('',(-1.441368165237,44.192957120605));
#2831 = CARTESIAN_POINT('',(-1.449983513478,44.085796556245));
#2832 = CARTESIAN_POINT('',(-1.462914501248,43.981447408268));
#2833 = CARTESIAN_POINT('',(-1.485941580122,43.848434435153));
#2834 = CARTESIAN_POINT('',(-1.492178032716,43.815702186625));
#2835 = CARTESIAN_POINT('',(-1.498897080694,43.783545813805));
#2836 = CARTESIAN_POINT('',(-1.506098788863,43.752039985716));
#2837 = CARTESIAN_POINT('',(-1.52361524279,43.681887047327));
#2838 = CARTESIAN_POINT('',(-1.534240206278,43.64369573058));
#2839 = CARTESIAN_POINT('',(-1.545651718035,43.606885322882));
#2840 = CARTESIAN_POINT('',(-1.557841036564,43.571656869721));
#2841 = CARTESIAN_POINT('',(-1.570796326795,43.538220211292));
#2842 = ( GEOMETRIC_REPRESENTATION_CONTEXT(2) 
PARAMETRIC_REPRESENTATION_CONTEXT() REPRESENTATION_CONTEXT('2D SPACE',''
  ) );
#2843 = PCURVE('',#1357,#2844);
#2844 = DEFINITIONAL_REPRESENTATION('',(#2845),#2872);
#2845 = B_SPLINE_CURVE_WITH_KNOTS('',5,(#2846,#2847,#2848,#2849,#2850,
    #2851,#2852,#2853,#2854,#2855,#2856,#2857,#2858,#2859,#2860,#2861,
    #2862,#2863,#2864,#2865,#2866,#2867,#2868,#2869,#2870,#2871),
  .UNSPECIFIED.,.F.,.F.,(6,4,4,4,4,4,6),(0.,0.124252908874,
    0.217743055279,0.499977891056,0.784157538239,0.878837993888,1.),
  .UNSPECIFIED.);
#2846 = CARTESIAN_POINT('',(0.710448608553,2.5));
#2847 = CARTESIAN_POINT('',(0.756170431774,2.5));
#2848 = CARTESIAN_POINT('',(0.801365179033,2.500662284491));
#2849 = CARTESIAN_POINT('',(0.846070155235,2.50182492085));
#2850 = CARTESIAN_POINT('',(0.890315826811,2.503343375205));
#2851 = CARTESIAN_POINT('',(0.967089257948,2.506405090235));
#2852 = CARTESIAN_POINT('',(0.999812738473,2.507849565619));
#2853 = CARTESIAN_POINT('',(1.032314870619,2.509370641641));
#2854 = CARTESIAN_POINT('',(1.064615414713,2.510921895309));
#2855 = CARTESIAN_POINT('',(1.193701075694,2.517118523634));
#2856 = CARTESIAN_POINT('',(1.289029693738,2.521688164071));
#2857 = CARTESIAN_POINT('',(1.383333210197,2.525088168548));
#2858 = CARTESIAN_POINT('',(1.477095087741,2.526786250536));
#2859 = CARTESIAN_POINT('',(1.665143238229,2.526786250536));
#2860 = CARTESIAN_POINT('',(1.759528563762,2.525064642819));
#2861 = CARTESIAN_POINT('',(1.854464065187,2.521619484658));
#2862 = CARTESIAN_POINT('',(1.950453975516,2.516995382928));
#2863 = CARTESIAN_POINT('',(2.080672913324,2.510744533989));
#2864 = CARTESIAN_POINT('',(2.11340233978,2.509175268097));
#2865 = CARTESIAN_POINT('',(2.146340063713,2.507640246883));
#2866 = CARTESIAN_POINT('',(2.179506538479,2.506188066035));
#2867 = CARTESIAN_POINT('',(2.25568116447,2.503193647419));
#2868 = CARTESIAN_POINT('',(2.29886014899,2.5017390435));
#2869 = CARTESIAN_POINT('',(2.342478173898,2.500629674612));
#2870 = CARTESIAN_POINT('',(2.386561833798,2.5));
#2871 = CARTESIAN_POINT('',(2.431144045037,2.5));
#2872 = ( GEOMETRIC_REPRESENTATION_CONTEXT(2) 
PARAMETRIC_REPRESENTATION_CONTEXT() REPRESENTATION_CONTEXT('2D SPACE',''
  ) );
#2873 = ORIENTED_EDGE('',*,*,#1312,.T.);
#2874 = ORIENTED_EDGE('',*,*,#2875,.T.);
#2875 = EDGE_CURVE('',#1285,#1525,#2876,.T.);
#2876 = SURFACE_CURVE('',#2877,(#2882,#2888),.PCURVE_S1.);
#2877 = CIRCLE('',#2878,3.);
#2878 = AXIS2_PLACEMENT_3D('',#2879,#2880,#2881);
#2879 = CARTESIAN_POINT('',(12.89,11.,-39.25));
#2880 = DIRECTION('',(1.,-6.123233995737E-17,0.));
#2881 = DIRECTION('',(6.123233995737E-17,1.,0.));
#2882 = PCURVE('',#1328,#2883);
#2883 = DEFINITIONAL_REPRESENTATION('',(#2884),#2887);
#2884 = B_SPLINE_CURVE_WITH_KNOTS('',1,(#2885,#2886),.UNSPECIFIED.,.F.,
  .F.,(2,2),(4.712388980385,6.28318530718),.PIECEWISE_BEZIER_KNOTS.);
#2885 = CARTESIAN_POINT('',(-1.570796326795,49.));
#2886 = CARTESIAN_POINT('',(0.,49.));
#2887 = ( GEOMETRIC_REPRESENTATION_CONTEXT(2) 
PARAMETRIC_REPRESENTATION_CONTEXT() REPRESENTATION_CONTEXT('2D SPACE',''
  ) );
#2888 = PCURVE('',#1618,#2889);
#2889 = DEFINITIONAL_REPRESENTATION('',(#2890),#2893);
#2890 = B_SPLINE_CURVE_WITH_KNOTS('',1,(#2891,#2892),.UNSPECIFIED.,.F.,
  .F.,(2,2),(4.712388980385,6.28318530718),.PIECEWISE_BEZIER_KNOTS.);
#2891 = CARTESIAN_POINT('',(1.570796326795,-1.570796326795));
#2892 = CARTESIAN_POINT('',(1.570796326795,0.));
#2893 = ( GEOMETRIC_REPRESENTATION_CONTEXT(2) 
PARAMETRIC_REPRESENTATION_CONTEXT() REPRESENTATION_CONTEXT('2D SPACE',''
  ) );
#2894 = ORIENTED_EDGE('',*,*,#1524,.F.);
#2895 = ADVANCED_FACE('',(#2896),#1433,.F.);
#2896 = FACE_BOUND('',#2897,.F.);
#2897 = EDGE_LOOP('',(#2898,#2929,#2950,#2951,#2952,#2953,#2954,#2978));
#2898 = ORIENTED_EDGE('',*,*,#2899,.F.);
#2899 = EDGE_CURVE('',#2900,#2902,#2904,.T.);
#2900 = VERTEX_POINT('',#2901);
#2901 = CARTESIAN_POINT('',(-27.35,10.25,-41.75));
#2902 = VERTEX_POINT('',#2903);
#2903 = CARTESIAN_POINT('',(-27.59534536976,10.96,-41.75));
#2904 = SURFACE_CURVE('',#2905,(#2910,#2917),.PCURVE_S1.);
#2905 = CIRCLE('',#2906,1.15);
#2906 = AXIS2_PLACEMENT_3D('',#2907,#2908,#2909);
#2907 = CARTESIAN_POINT('',(-28.5,10.25,-41.75));
#2908 = DIRECTION('',(0.,0.,1.));
#2909 = DIRECTION('',(1.,0.,-0.));
#2910 = PCURVE('',#1433,#2911);
#2911 = DEFINITIONAL_REPRESENTATION('',(#2912),#2916);
#2912 = LINE('',#2913,#2914);
#2913 = CARTESIAN_POINT('',(0.,3.));
#2914 = VECTOR('',#2915,1.);
#2915 = DIRECTION('',(1.,0.));
#2916 = ( GEOMETRIC_REPRESENTATION_CONTEXT(2) 
PARAMETRIC_REPRESENTATION_CONTEXT() REPRESENTATION_CONTEXT('2D SPACE',''
  ) );
#2917 = PCURVE('',#2918,#2923);
#2918 = PLANE('',#2919);
#2919 = AXIS2_PLACEMENT_3D('',#2920,#2921,#2922);
#2920 = CARTESIAN_POINT('',(-33.32,-12.96,-41.75));
#2921 = DIRECTION('',(0.,0.,1.));
#2922 = DIRECTION('',(1.,0.,-0.));
#2923 = DEFINITIONAL_REPRESENTATION('',(#2924),#2928);
#2924 = CIRCLE('',#2925,1.15);
#2925 = AXIS2_PLACEMENT_2D('',#2926,#2927);
#2926 = CARTESIAN_POINT('',(4.82,23.21));
#2927 = DIRECTION('',(1.,0.));
#2928 = ( GEOMETRIC_REPRESENTATION_CONTEXT(2) 
PARAMETRIC_REPRESENTATION_CONTEXT() REPRESENTATION_CONTEXT('2D SPACE',''
  ) );
#2929 = ORIENTED_EDGE('',*,*,#2930,.F.);
#2930 = EDGE_CURVE('',#1417,#2900,#2931,.T.);
#2931 = SEAM_CURVE('',#2932,(#2936,#2943),.PCURVE_S1.);
#2932 = LINE('',#2933,#2934);
#2933 = CARTESIAN_POINT('',(-27.35,10.25,-44.75));
#2934 = VECTOR('',#2935,1.);
#2935 = DIRECTION('',(0.,0.,1.));
#2936 = PCURVE('',#1433,#2937);
#2937 = DEFINITIONAL_REPRESENTATION('',(#2938),#2942);
#2938 = LINE('',#2939,#2940);
#2939 = CARTESIAN_POINT('',(6.28318530718,-0.));
#2940 = VECTOR('',#2941,1.);
#2941 = DIRECTION('',(0.,1.));
#2942 = ( GEOMETRIC_REPRESENTATION_CONTEXT(2) 
PARAMETRIC_REPRESENTATION_CONTEXT() REPRESENTATION_CONTEXT('2D SPACE',''
  ) );
#2943 = PCURVE('',#1433,#2944);
#2944 = DEFINITIONAL_REPRESENTATION('',(#2945),#2949);
#2945 = LINE('',#2946,#2947);
#2946 = CARTESIAN_POINT('',(0.,-0.));
#2947 = VECTOR('',#2948,1.);
#2948 = DIRECTION('',(0.,1.));
#2949 = ( GEOMETRIC_REPRESENTATION_CONTEXT(2) 
PARAMETRIC_REPRESENTATION_CONTEXT() REPRESENTATION_CONTEXT('2D SPACE',''
  ) );
#2950 = ORIENTED_EDGE('',*,*,#1416,.T.);
#2951 = ORIENTED_EDGE('',*,*,#2693,.T.);
#2952 = ORIENTED_EDGE('',*,*,#1445,.T.);
#2953 = ORIENTED_EDGE('',*,*,#2930,.T.);
#2954 = ORIENTED_EDGE('',*,*,#2955,.F.);
#2955 = EDGE_CURVE('',#2956,#2900,#2958,.T.);
#2956 = VERTEX_POINT('',#2957);
#2957 = CARTESIAN_POINT('',(-29.40465463023,10.96,-41.75));
#2958 = SURFACE_CURVE('',#2959,(#2964,#2971),.PCURVE_S1.);
#2959 = CIRCLE('',#2960,1.15);
#2960 = AXIS2_PLACEMENT_3D('',#2961,#2962,#2963);
#2961 = CARTESIAN_POINT('',(-28.5,10.25,-41.75));
#2962 = DIRECTION('',(0.,0.,1.));
#2963 = DIRECTION('',(1.,0.,-0.));
#2964 = PCURVE('',#1433,#2965);
#2965 = DEFINITIONAL_REPRESENTATION('',(#2966),#2970);
#2966 = LINE('',#2967,#2968);
#2967 = CARTESIAN_POINT('',(0.,3.));
#2968 = VECTOR('',#2969,1.);
#2969 = DIRECTION('',(1.,0.));
#2970 = ( GEOMETRIC_REPRESENTATION_CONTEXT(2) 
PARAMETRIC_REPRESENTATION_CONTEXT() REPRESENTATION_CONTEXT('2D SPACE',''
  ) );
#2971 = PCURVE('',#2918,#2972);
#2972 = DEFINITIONAL_REPRESENTATION('',(#2973),#2977);
#2973 = CIRCLE('',#2974,1.15);
#2974 = AXIS2_PLACEMENT_2D('',#2975,#2976);
#2975 = CARTESIAN_POINT('',(4.82,23.21));
#2976 = DIRECTION('',(1.,0.));
#2977 = ( GEOMETRIC_REPRESENTATION_CONTEXT(2) 
PARAMETRIC_REPRESENTATION_CONTEXT() REPRESENTATION_CONTEXT('2D SPACE',''
  ) );
#2978 = ORIENTED_EDGE('',*,*,#2979,.F.);
#2979 = EDGE_CURVE('',#2902,#2956,#2980,.T.);
#2980 = SURFACE_CURVE('',#2981,(#3029,#3080),.PCURVE_S1.);
#2981 = B_SPLINE_CURVE_WITH_KNOTS('',6,(#2982,#2983,#2984,#2985,#2986,
    #2987,#2988,#2989,#2990,#2991,#2992,#2993,#2994,#2995,#2996,#2997,
    #2998,#2999,#3000,#3001,#3002,#3003,#3004,#3005,#3006,#3007,#3008,
    #3009,#3010,#3011,#3012,#3013,#3014,#3015,#3016,#3017,#3018,#3019,
    #3020,#3021,#3022,#3023,#3024,#3025,#3026,#3027,#3028),
  .UNSPECIFIED.,.F.,.F.,(7,5,5,5,5,5,5,5,5,7),(0.,0.104061010159,
    0.178872808686,0.239401810601,0.288393723507,0.501402924829,
    0.760369103878,0.820482051208,0.896291063189,1.),.UNSPECIFIED.);
#2982 = CARTESIAN_POINT('',(-27.59534536976,10.96,-41.75));
#2983 = CARTESIAN_POINT('',(-27.6190363795,10.990186171338,-41.75));
#2984 = CARTESIAN_POINT('',(-27.64377847688,11.019222984974,
    -41.7494530874));
#2985 = CARTESIAN_POINT('',(-27.66949823161,11.04707875248,
    -41.7484378863));
#2986 = CARTESIAN_POINT('',(-27.69612169735,11.073726204394,
    -41.74702985973));
#2987 = CARTESIAN_POINT('',(-27.72357441174,11.099142490228,
    -41.74530130966));
#2988 = CARTESIAN_POINT('',(-27.77206003145,11.140683153676,
    -41.74189795901));
#2989 = CARTESIAN_POINT('',(-27.79273197869,11.157414198308,
    -41.74034424796));
#2990 = CARTESIAN_POINT('',(-27.81377277273,11.173498039757,
    -41.73868547537));
#2991 = CARTESIAN_POINT('',(-27.83515919438,11.188931446042,
    -41.73694547214));
#2992 = CARTESIAN_POINT('',(-27.85686927073,11.203712225794,
    -41.73514666868));
#2993 = CARTESIAN_POINT('',(-27.89669263662,11.229269154779,
    -41.73182415302));
#2994 = CARTESIAN_POINT('',(-27.91470123713,11.240271013307,
    -41.73031347577));
#2995 = CARTESIAN_POINT('',(-27.93289708696,11.250844108602,
    -41.72878918536));
#2996 = CARTESIAN_POINT('',(-27.95126956257,11.260987900947,
    -41.72726176461));
#2997 = CARTESIAN_POINT('',(-27.9698084065,11.270702006161,
    -41.7257410569));
#2998 = CARTESIAN_POINT('',(-28.00363563944,11.287500778451,
    -41.72301829503));
#2999 = CARTESIAN_POINT('',(-28.01887004108,11.294733697472,
    -41.72181074975));
#3000 = CARTESIAN_POINT('',(-28.03420167633,11.301684815294,
    -41.72061850985));
#3001 = CARTESIAN_POINT('',(-28.04962538797,11.308354013834,
    -41.71944617187));
#3002 = CARTESIAN_POINT('',(-28.06513611755,11.314741194288,
    -41.71829804939));
#3003 = CARTESIAN_POINT('',(-28.14852391666,11.347390225763,
    -41.71230912494));
#3004 = CARTESIAN_POINT('',(-28.21788065118,11.368605757374,
    -41.70797303052));
#3005 = CARTESIAN_POINT('',(-28.28838143502,11.384477913453,
    -41.70450300187));
#3006 = CARTESIAN_POINT('',(-28.35963086287,11.395001558895,
    -41.70212677549));
#3007 = CARTESIAN_POINT('',(-28.4312507355,11.400175467294,
    -41.70096017173));
#3008 = CARTESIAN_POINT('',(-28.58995227503,11.399778712584,
    -41.70104964922));
#3009 = CARTESIAN_POINT('',(-28.67698498885,11.391648953616,
    -41.70288303956));
#3010 = CARTESIAN_POINT('',(-28.76331522096,11.375617067596,
    -41.7064945069));
#3011 = CARTESIAN_POINT('',(-28.84827389533,11.351683988314,
    -41.71162618696));
#3012 = CARTESIAN_POINT('',(-28.93114476108,11.319853701568,
    -41.7177707493));
#3013 = CARTESIAN_POINT('',(-29.02969766215,11.270955425313,
    -41.72570084274));
#3014 = CARTESIAN_POINT('',(-29.04811038275,11.261319311594,
    -41.72721064644));
#3015 = CARTESIAN_POINT('',(-29.06635925637,11.251259504275,
    -41.72872725746));
#3016 = CARTESIAN_POINT('',(-29.08443424523,11.24077637737,
    -41.7302410484));
#3017 = CARTESIAN_POINT('',(-29.10232495663,11.22987045496,-41.73174177)
  );
#3018 = CARTESIAN_POINT('',(-29.14233684203,11.204256507004,
    -41.73508093394));
#3019 = CARTESIAN_POINT('',(-29.1643427741,11.189299413749,
    -41.73690525854));
#3020 = CARTESIAN_POINT('',(-29.18601691155,11.173672305812,
    -41.73866968849));
#3021 = CARTESIAN_POINT('',(-29.20733641443,11.157377452423,
    -41.74035091124));
#3022 = CARTESIAN_POINT('',(-29.22827713046,11.140418217649,
    -41.74192413813));
#3023 = CARTESIAN_POINT('',(-29.27690807691,11.098695540005,
    -41.74533165214));
#3024 = CARTESIAN_POINT('',(-29.30425263073,11.073351381942,
    -41.74704963081));
#3025 = CARTESIAN_POINT('',(-29.33077301984,11.046784895304,
    -41.74844858016));
#3026 = CARTESIAN_POINT('',(-29.35639552743,11.019018752195,
    -41.74945692997));
#3027 = CARTESIAN_POINT('',(-29.38104695657,10.990079987723,-41.75));
#3028 = CARTESIAN_POINT('',(-29.40465463023,10.96,-41.75));
#3029 = PCURVE('',#1433,#3030);
#3030 = DEFINITIONAL_REPRESENTATION('',(#3031),#3079);
#3031 = B_SPLINE_CURVE_WITH_KNOTS('',6,(#3032,#3033,#3034,#3035,#3036,
    #3037,#3038,#3039,#3040,#3041,#3042,#3043,#3044,#3045,#3046,#3047,
    #3048,#3049,#3050,#3051,#3052,#3053,#3054,#3055,#3056,#3057,#3058,
    #3059,#3060,#3061,#3062,#3063,#3064,#3065,#3066,#3067,#3068,#3069,
    #3070,#3071,#3072,#3073,#3074,#3075,#3076,#3077,#3078),
  .UNSPECIFIED.,.F.,.F.,(7,5,5,5,5,5,5,5,5,7),(0.,0.104061010159,
    0.178872808686,0.239401810601,0.288393723507,0.501402924829,
    0.760369103878,0.820482051208,0.896291063189,1.),.UNSPECIFIED.);
#3032 = CARTESIAN_POINT('',(0.665422187745,3.));
#3033 = CARTESIAN_POINT('',(0.698789807087,3.));
#3034 = CARTESIAN_POINT('',(0.73193549358,3.000546912592));
#3035 = CARTESIAN_POINT('',(0.764865027039,3.001562113693));
#3036 = CARTESIAN_POINT('',(0.797582508686,3.002970140268));
#3037 = CARTESIAN_POINT('',(0.830090361153,3.004698690331));
#3038 = CARTESIAN_POINT('',(0.885609781877,3.008102040989));
#3039 = CARTESIAN_POINT('',(0.908726235788,3.009655752034));
#3040 = CARTESIAN_POINT('',(0.931742587392,3.011314524629));
#3041 = CARTESIAN_POINT('',(0.95466323954,3.013054527853));
#3042 = CARTESIAN_POINT('',(0.977493100763,3.014853331313));
#3043 = CARTESIAN_POINT('',(1.018639775474,3.018175846971));
#3044 = CARTESIAN_POINT('',(1.036986006559,3.019686524222));
#3045 = CARTESIAN_POINT('',(1.055279101213,3.021210814633));
#3046 = CARTESIAN_POINT('',(1.073521924001,3.022738235383));
#3047 = CARTESIAN_POINT('',(1.091717381362,3.024258943096));
#3048 = CARTESIAN_POINT('',(1.124559795255,3.02698170497));
#3049 = CARTESIAN_POINT('',(1.139222054716,3.028189250249));
#3050 = CARTESIAN_POINT('',(1.153856752844,3.02938149015));
#3051 = CARTESIAN_POINT('',(1.168465427595,3.030553828126));
#3052 = CARTESIAN_POINT('',(1.183049602032,3.031701950609));
#3053 = CARTESIAN_POINT('',(1.260920535414,3.03769087506));
#3054 = CARTESIAN_POINT('',(1.323805552222,3.042026969479));
#3055 = CARTESIAN_POINT('',(1.386379695469,3.045496998129));
#3056 = CARTESIAN_POINT('',(1.44874744807,3.047873224503));
#3057 = CARTESIAN_POINT('',(1.511014165643,3.049039828268));
#3058 = CARTESIAN_POINT('',(1.649015935614,3.048950350771));
#3059 = CARTESIAN_POINT('',(1.72471400886,3.047116960436));
#3060 = CARTESIAN_POINT('',(1.800599756005,3.043505493099));
#3061 = CARTESIAN_POINT('',(1.876871010774,3.038373813033));
#3062 = CARTESIAN_POINT('',(1.95372571792,3.032229250691));
#3063 = CARTESIAN_POINT('',(2.049392577387,3.024299157252));
#3064 = CARTESIAN_POINT('',(2.067459505895,3.022789353554));
#3065 = CARTESIAN_POINT('',(2.085573080487,3.021272742532));
#3066 = CARTESIAN_POINT('',(2.103736147342,3.019758951591));
#3067 = CARTESIAN_POINT('',(2.121951512664,3.018258229991));
#3068 = CARTESIAN_POINT('',(2.163262956478,3.014919066054));
#3069 = CARTESIAN_POINT('',(2.186391433077,3.013094741455));
#3070 = CARTESIAN_POINT('',(2.209613014425,3.011330311504));
#3071 = CARTESIAN_POINT('',(2.232932810765,3.009649088755));
#3072 = CARTESIAN_POINT('',(2.256355400638,3.00807586187));
#3073 = CARTESIAN_POINT('',(2.312073776904,3.004668347853));
#3074 = CARTESIAN_POINT('',(2.344470253396,3.00295036919));
#3075 = CARTESIAN_POINT('',(2.377074966849,3.001551419839));
#3076 = CARTESIAN_POINT('',(2.409890281886,3.000543070029));
#3077 = CARTESIAN_POINT('',(2.442920221257,3.));
#3078 = CARTESIAN_POINT('',(2.476170465845,3.));
#3079 = ( GEOMETRIC_REPRESENTATION_CONTEXT(2) 
PARAMETRIC_REPRESENTATION_CONTEXT() REPRESENTATION_CONTEXT('2D SPACE',''
  ) );
#3080 = PCURVE('',#2412,#3081);
#3081 = DEFINITIONAL_REPRESENTATION('',(#3082),#3130);
#3082 = B_SPLINE_CURVE_WITH_KNOTS('',6,(#3083,#3084,#3085,#3086,#3087,
    #3088,#3089,#3090,#3091,#3092,#3093,#3094,#3095,#3096,#3097,#3098,
    #3099,#3100,#3101,#3102,#3103,#3104,#3105,#3106,#3107,#3108,#3109,
    #3110,#3111,#3112,#3113,#3114,#3115,#3116,#3117,#3118,#3119,#3120,
    #3121,#3122,#3123,#3124,#3125,#3126,#3127,#3128,#3129),
  .UNSPECIFIED.,.F.,.F.,(7,5,5,5,5,5,5,5,5,7),(0.,0.104061010159,
    0.178872808686,0.239401810601,0.288393723507,0.501402924829,
    0.760369103878,0.820482051208,0.896291063189,1.),.UNSPECIFIED.);
#3083 = CARTESIAN_POINT('',(-1.570796326795,5.724654630232));
#3084 = CARTESIAN_POINT('',(-1.555703241126,5.700963620499));
#3085 = CARTESIAN_POINT('',(-1.54118474449,5.676221523118));
#3086 = CARTESIAN_POINT('',(-1.527250759079,5.650501768387));
#3087 = CARTESIAN_POINT('',(-1.513910916006,5.623878302641));
#3088 = CARTESIAN_POINT('',(-1.50117455531,5.596425588251));
#3089 = CARTESIAN_POINT('',(-1.480334632593,5.54793996855));
#3090 = CARTESIAN_POINT('',(-1.471933594293,5.527268021301));
#3091 = CARTESIAN_POINT('',(-1.463849630246,5.506227227269));
#3092 = CARTESIAN_POINT('',(-1.456084528074,5.484840805614));
#3093 = CARTESIAN_POINT('',(-1.448639843826,5.463130729269));
#3094 = CARTESIAN_POINT('',(-1.435753846296,5.423307363371));
#3095 = CARTESIAN_POINT('',(-1.430201438901,5.405298762861));
#3096 = CARTESIAN_POINT('',(-1.424860412486,5.387102913033));
#3097 = CARTESIAN_POINT('',(-1.419731481083,5.368730437429));
#3098 = CARTESIAN_POINT('',(-1.41481534006,5.350191593497));
#3099 = CARTESIAN_POINT('',(-1.406306342136,5.316364360556));
#3100 = CARTESIAN_POINT('',(-1.402639868409,5.301129958912));
#3101 = CARTESIAN_POINT('',(-1.399113608386,5.285798323661));
#3102 = CARTESIAN_POINT('',(-1.395727922109,5.270374612025));
#3103 = CARTESIAN_POINT('',(-1.392483166228,5.254863882447));
#3104 = CARTESIAN_POINT('',(-1.375886280433,5.171476083339));
#3105 = CARTESIAN_POINT('',(-1.365061273163,5.102119348818));
#3106 = CARTESIAN_POINT('',(-1.356938408336,5.031618564974));
#3107 = CARTESIAN_POINT('',(-1.351543658326,4.960369137124));
#3108 = CARTESIAN_POINT('',(-1.348891919218,4.888749264493));
#3109 = CARTESIAN_POINT('',(-1.349095278827,4.73004772497));
#3110 = CARTESIAN_POINT('',(-1.353262226539,4.643015011145));
#3111 = CARTESIAN_POINT('',(-1.361479108523,4.556684779034));
#3112 = CARTESIAN_POINT('',(-1.373716780757,4.471726104663));
#3113 = CARTESIAN_POINT('',(-1.389918477969,4.388855238919));
#3114 = CARTESIAN_POINT('',(-1.414687045766,4.290302337847));
#3115 = CARTESIAN_POINT('',(-1.41956381854,4.271889617244));
#3116 = CARTESIAN_POINT('',(-1.424650424304,4.253640743621));
#3117 = CARTESIAN_POINT('',(-1.429946182425,4.235565754764));
#3118 = CARTESIAN_POINT('',(-1.435450394356,4.217675043364));
#3119 = CARTESIAN_POINT('',(-1.448365737418,4.177663157963));
#3120 = CARTESIAN_POINT('',(-1.45589946734,4.155657225892));
#3121 = CARTESIAN_POINT('',(-1.463762160409,4.133983088442));
#3122 = CARTESIAN_POINT('',(-1.471952200189,4.112663585567));
#3123 = CARTESIAN_POINT('',(-1.48046772679,4.091722869534));
#3124 = CARTESIAN_POINT('',(-1.501398523368,4.043091923082));
#3125 = CARTESIAN_POINT('',(-1.514098552868,4.015747369263));
#3126 = CARTESIAN_POINT('',(-1.527397752847,3.989226980156));
#3127 = CARTESIAN_POINT('',(-1.541286862537,3.963604472569));
#3128 = CARTESIAN_POINT('',(-1.555756332933,3.938953043426));
#3129 = CARTESIAN_POINT('',(-1.570796326795,3.915345369768));
#3130 = ( GEOMETRIC_REPRESENTATION_CONTEXT(2) 
PARAMETRIC_REPRESENTATION_CONTEXT() REPRESENTATION_CONTEXT('2D SPACE',''
  ) );
#3131 = ADVANCED_FACE('',(#3132),#1357,.F.);
#3132 = FACE_BOUND('',#3133,.F.);
#3133 = EDGE_LOOP('',(#3134,#3160,#3181,#3182,#3183,#3184,#3185,#3209));
#3134 = ORIENTED_EDGE('',*,*,#3135,.F.);
#3135 = EDGE_CURVE('',#3136,#3138,#3140,.T.);
#3136 = VERTEX_POINT('',#3137);
#3137 = CARTESIAN_POINT('',(9.45,10.25,-41.75));
#3138 = VERTEX_POINT('',#3139);
#3139 = CARTESIAN_POINT('',(9.204654630232,10.96,-41.75));
#3140 = SURFACE_CURVE('',#3141,(#3146,#3153),.PCURVE_S1.);
#3141 = CIRCLE('',#3142,1.15);
#3142 = AXIS2_PLACEMENT_3D('',#3143,#3144,#3145);
#3143 = CARTESIAN_POINT('',(8.3,10.25,-41.75));
#3144 = DIRECTION('',(0.,0.,1.));
#3145 = DIRECTION('',(1.,0.,-0.));
#3146 = PCURVE('',#1357,#3147);
#3147 = DEFINITIONAL_REPRESENTATION('',(#3148),#3152);
#3148 = LINE('',#3149,#3150);
#3149 = CARTESIAN_POINT('',(0.,3.));
#3150 = VECTOR('',#3151,1.);
#3151 = DIRECTION('',(1.,0.));
#3152 = ( GEOMETRIC_REPRESENTATION_CONTEXT(2) 
PARAMETRIC_REPRESENTATION_CONTEXT() REPRESENTATION_CONTEXT('2D SPACE',''
  ) );
#3153 = PCURVE('',#2918,#3154);
#3154 = DEFINITIONAL_REPRESENTATION('',(#3155),#3159);
#3155 = CIRCLE('',#3156,1.15);
#3156 = AXIS2_PLACEMENT_2D('',#3157,#3158);
#3157 = CARTESIAN_POINT('',(41.62,23.21));
#3158 = DIRECTION('',(1.,0.));
#3159 = ( GEOMETRIC_REPRESENTATION_CONTEXT(2) 
PARAMETRIC_REPRESENTATION_CONTEXT() REPRESENTATION_CONTEXT('2D SPACE',''
  ) );
#3160 = ORIENTED_EDGE('',*,*,#3161,.F.);
#3161 = EDGE_CURVE('',#1341,#3136,#3162,.T.);
#3162 = SEAM_CURVE('',#3163,(#3167,#3174),.PCURVE_S1.);
#3163 = LINE('',#3164,#3165);
#3164 = CARTESIAN_POINT('',(9.45,10.25,-44.75));
#3165 = VECTOR('',#3166,1.);
#3166 = DIRECTION('',(0.,0.,1.));
#3167 = PCURVE('',#1357,#3168);
#3168 = DEFINITIONAL_REPRESENTATION('',(#3169),#3173);
#3169 = LINE('',#3170,#3171);
#3170 = CARTESIAN_POINT('',(6.28318530718,-0.));
#3171 = VECTOR('',#3172,1.);
#3172 = DIRECTION('',(0.,1.));
#3173 = ( GEOMETRIC_REPRESENTATION_CONTEXT(2) 
PARAMETRIC_REPRESENTATION_CONTEXT() REPRESENTATION_CONTEXT('2D SPACE',''
  ) );
#3174 = PCURVE('',#1357,#3175);
#3175 = DEFINITIONAL_REPRESENTATION('',(#3176),#3180);
#3176 = LINE('',#3177,#3178);
#3177 = CARTESIAN_POINT('',(0.,-0.));
#3178 = VECTOR('',#3179,1.);
#3179 = DIRECTION('',(0.,1.));
#3180 = ( GEOMETRIC_REPRESENTATION_CONTEXT(2) 
PARAMETRIC_REPRESENTATION_CONTEXT() REPRESENTATION_CONTEXT('2D SPACE',''
  ) );
#3181 = ORIENTED_EDGE('',*,*,#1340,.T.);
#3182 = ORIENTED_EDGE('',*,*,#2784,.T.);
#3183 = ORIENTED_EDGE('',*,*,#1369,.T.);
#3184 = ORIENTED_EDGE('',*,*,#3161,.T.);
#3185 = ORIENTED_EDGE('',*,*,#3186,.F.);
#3186 = EDGE_CURVE('',#3187,#3136,#3189,.T.);
#3187 = VERTEX_POINT('',#3188);
#3188 = CARTESIAN_POINT('',(7.395345369768,10.96,-41.75));
#3189 = SURFACE_CURVE('',#3190,(#3195,#3202),.PCURVE_S1.);
#3190 = CIRCLE('',#3191,1.15);
#3191 = AXIS2_PLACEMENT_3D('',#3192,#3193,#3194);
#3192 = CARTESIAN_POINT('',(8.3,10.25,-41.75));
#3193 = DIRECTION('',(0.,0.,1.));
#3194 = DIRECTION('',(1.,0.,-0.));
#3195 = PCURVE('',#1357,#3196);
#3196 = DEFINITIONAL_REPRESENTATION('',(#3197),#3201);
#3197 = LINE('',#3198,#3199);
#3198 = CARTESIAN_POINT('',(0.,3.));
#3199 = VECTOR('',#3200,1.);
#3200 = DIRECTION('',(1.,0.));
#3201 = ( GEOMETRIC_REPRESENTATION_CONTEXT(2) 
PARAMETRIC_REPRESENTATION_CONTEXT() REPRESENTATION_CONTEXT('2D SPACE',''
  ) );
#3202 = PCURVE('',#2918,#3203);
#3203 = DEFINITIONAL_REPRESENTATION('',(#3204),#3208);
#3204 = CIRCLE('',#3205,1.15);
#3205 = AXIS2_PLACEMENT_2D('',#3206,#3207);
#3206 = CARTESIAN_POINT('',(41.62,23.21));
#3207 = DIRECTION('',(1.,0.));
#3208 = ( GEOMETRIC_REPRESENTATION_CONTEXT(2) 
PARAMETRIC_REPRESENTATION_CONTEXT() REPRESENTATION_CONTEXT('2D SPACE',''
  ) );
#3209 = ORIENTED_EDGE('',*,*,#3210,.F.);
#3210 = EDGE_CURVE('',#3138,#3187,#3211,.T.);
#3211 = SURFACE_CURVE('',#3212,(#3260,#3311),.PCURVE_S1.);
#3212 = B_SPLINE_CURVE_WITH_KNOTS('',6,(#3213,#3214,#3215,#3216,#3217,
    #3218,#3219,#3220,#3221,#3222,#3223,#3224,#3225,#3226,#3227,#3228,
    #3229,#3230,#3231,#3232,#3233,#3234,#3235,#3236,#3237,#3238,#3239,
    #3240,#3241,#3242,#3243,#3244,#3245,#3246,#3247,#3248,#3249,#3250,
    #3251,#3252,#3253,#3254,#3255,#3256,#3257,#3258,#3259),
  .UNSPECIFIED.,.F.,.F.,(7,5,5,5,5,5,5,5,5,7),(0.,0.104060996162,
    0.178872795858,0.239401798719,0.28839371239,0.50140291704,
    0.760369100135,0.820482048404,0.89629106157,1.),.UNSPECIFIED.);
#3213 = CARTESIAN_POINT('',(9.204654630232,10.96,-41.75));
#3214 = CARTESIAN_POINT('',(9.180963616708,10.990186176168,-41.75));
#3215 = CARTESIAN_POINT('',(9.156221524377,11.019222984337,
    -41.74945308757));
#3216 = CARTESIAN_POINT('',(9.130501772418,11.047078748265,
    -41.74843788646));
#3217 = CARTESIAN_POINT('',(9.103878303545,11.073726202795,
    -41.74702985965));
#3218 = CARTESIAN_POINT('',(9.076425584017,11.099142493856,
    -41.74530130937));
#3219 = CARTESIAN_POINT('',(9.02793996855,11.140683153676,
    -41.74189795901));
#3220 = CARTESIAN_POINT('',(9.007268021301,11.157414198308,
    -41.74034424796));
#3221 = CARTESIAN_POINT('',(8.986227227269,11.173498039757,
    -41.73868547537));
#3222 = CARTESIAN_POINT('',(8.964840805614,11.188931446042,
    -41.73694547214));
#3223 = CARTESIAN_POINT('',(8.943130729269,11.203712225794,
    -41.73514666868));
#3224 = CARTESIAN_POINT('',(8.903307363371,11.229269154779,
    -41.73182415302));
#3225 = CARTESIAN_POINT('',(8.88529876286,11.240271013307,
    -41.73031347577));
#3226 = CARTESIAN_POINT('',(8.867102913033,11.250844108602,
    -41.72878918536));
#3227 = CARTESIAN_POINT('',(8.848730437429,11.260987900947,
    -41.72726176461));
#3228 = CARTESIAN_POINT('',(8.830191593497,11.270702006161,
    -41.7257410569));
#3229 = CARTESIAN_POINT('',(8.796364360556,11.287500778451,
    -41.72301829503));
#3230 = CARTESIAN_POINT('',(8.781129958912,11.294733697472,
    -41.72181074975));
#3231 = CARTESIAN_POINT('',(8.765798323661,11.301684815294,
    -41.72061850985));
#3232 = CARTESIAN_POINT('',(8.750374612025,11.308354013835,
    -41.71944617187));
#3233 = CARTESIAN_POINT('',(8.734863882447,11.314741194288,
    -41.71829804939));
#3234 = CARTESIAN_POINT('',(8.651476083339,11.347390225763,
    -41.71230912494));
#3235 = CARTESIAN_POINT('',(8.582119348818,11.368605757374,
    -41.70797303052));
#3236 = CARTESIAN_POINT('',(8.511618564974,11.384477913453,
    -41.70450300187));
#3237 = CARTESIAN_POINT('',(8.440369137124,11.395001558895,
    -41.70212677549));
#3238 = CARTESIAN_POINT('',(8.368749264493,11.400175467294,
    -41.70096017173));
#3239 = CARTESIAN_POINT('',(8.21004772497,11.399778712584,
    -41.70104964922));
#3240 = CARTESIAN_POINT('',(8.123015011145,11.391648953616,
    -41.70288303956));
#3241 = CARTESIAN_POINT('',(8.036684779034,11.375617067596,
    -41.7064945069));
#3242 = CARTESIAN_POINT('',(7.951726104662,11.351683988314,
    -41.71162618696));
#3243 = CARTESIAN_POINT('',(7.868855238919,11.319853701568,
    -41.7177707493));
#3244 = CARTESIAN_POINT('',(7.770302337847,11.270955425313,
    -41.72570084274));
#3245 = CARTESIAN_POINT('',(7.751889617244,11.261319311594,
    -41.72721064644));
#3246 = CARTESIAN_POINT('',(7.733640743621,11.251259504275,
    -41.72872725746));
#3247 = CARTESIAN_POINT('',(7.715565754764,11.24077637737,-41.7302410484
    ));
#3248 = CARTESIAN_POINT('',(7.697675043364,11.22987045496,-41.73174177)
  );
#3249 = CARTESIAN_POINT('',(7.657663157963,11.204256507004,
    -41.73508093394));
#3250 = CARTESIAN_POINT('',(7.635657225892,11.189299413749,
    -41.73690525854));
#3251 = CARTESIAN_POINT('',(7.613983088442,11.173672305812,
    -41.73866968849));
#3252 = CARTESIAN_POINT('',(7.592663585567,11.157377452423,
    -41.74035091124));
#3253 = CARTESIAN_POINT('',(7.571722869534,11.140418217649,
    -41.74192413813));
#3254 = CARTESIAN_POINT('',(7.523091923082,11.098695540005,
    -41.74533165214));
#3255 = CARTESIAN_POINT('',(7.495747369263,11.073351381942,
    -41.74704963081));
#3256 = CARTESIAN_POINT('',(7.469226980156,11.046784895304,
    -41.74844858016));
#3257 = CARTESIAN_POINT('',(7.443604472569,11.019018752195,
    -41.74945692997));
#3258 = CARTESIAN_POINT('',(7.418953043426,10.990079987723,-41.75));
#3259 = CARTESIAN_POINT('',(7.395345369768,10.96,-41.75));
#3260 = PCURVE('',#1357,#3261);
#3261 = DEFINITIONAL_REPRESENTATION('',(#3262),#3310);
#3262 = B_SPLINE_CURVE_WITH_KNOTS('',6,(#3263,#3264,#3265,#3266,#3267,
    #3268,#3269,#3270,#3271,#3272,#3273,#3274,#3275,#3276,#3277,#3278,
    #3279,#3280,#3281,#3282,#3283,#3284,#3285,#3286,#3287,#3288,#3289,
    #3290,#3291,#3292,#3293,#3294,#3295,#3296,#3297,#3298,#3299,#3300,
    #3301,#3302,#3303,#3304,#3305,#3306,#3307,#3308,#3309),
  .UNSPECIFIED.,.F.,.F.,(7,5,5,5,5,5,5,5,5,7),(0.,0.104060996162,
    0.178872795858,0.239401798719,0.28839371239,0.50140291704,
    0.760369100135,0.820482048404,0.89629106157,1.),.UNSPECIFIED.);
#3263 = CARTESIAN_POINT('',(0.665422187745,3.));
#3264 = CARTESIAN_POINT('',(0.698789812426,3.));
#3265 = CARTESIAN_POINT('',(0.73193549242,3.000546912427));
#3266 = CARTESIAN_POINT('',(0.764865021947,3.001562113535));
#3267 = CARTESIAN_POINT('',(0.797582507133,3.002970140341));
#3268 = CARTESIAN_POINT('',(0.830090366002,3.004698690628));
#3269 = CARTESIAN_POINT('',(0.885609781877,3.008102040989));
#3270 = CARTESIAN_POINT('',(0.908726235788,3.009655752034));
#3271 = CARTESIAN_POINT('',(0.931742587392,3.011314524629));
#3272 = CARTESIAN_POINT('',(0.95466323954,3.013054527853));
#3273 = CARTESIAN_POINT('',(0.977493100763,3.014853331313));
#3274 = CARTESIAN_POINT('',(1.018639775474,3.018175846971));
#3275 = CARTESIAN_POINT('',(1.036986006559,3.019686524222));
#3276 = CARTESIAN_POINT('',(1.055279101213,3.021210814633));
#3277 = CARTESIAN_POINT('',(1.073521924001,3.022738235383));
#3278 = CARTESIAN_POINT('',(1.091717381362,3.024258943096));
#3279 = CARTESIAN_POINT('',(1.124559795256,3.02698170497));
#3280 = CARTESIAN_POINT('',(1.139222054716,3.028189250249));
#3281 = CARTESIAN_POINT('',(1.153856752844,3.02938149015));
#3282 = CARTESIAN_POINT('',(1.168465427595,3.030553828126));
#3283 = CARTESIAN_POINT('',(1.183049602032,3.031701950609));
#3284 = CARTESIAN_POINT('',(1.260920535414,3.03769087506));
#3285 = CARTESIAN_POINT('',(1.323805552222,3.042026969479));
#3286 = CARTESIAN_POINT('',(1.386379695469,3.045496998129));
#3287 = CARTESIAN_POINT('',(1.44874744807,3.047873224503));
#3288 = CARTESIAN_POINT('',(1.511014165643,3.049039828268));
#3289 = CARTESIAN_POINT('',(1.649015935614,3.048950350771));
#3290 = CARTESIAN_POINT('',(1.72471400886,3.047116960436));
#3291 = CARTESIAN_POINT('',(1.800599756005,3.043505493099));
#3292 = CARTESIAN_POINT('',(1.876871010774,3.038373813033));
#3293 = CARTESIAN_POINT('',(1.95372571792,3.032229250691));
#3294 = CARTESIAN_POINT('',(2.049392577387,3.024299157252));
#3295 = CARTESIAN_POINT('',(2.067459505895,3.022789353554));
#3296 = CARTESIAN_POINT('',(2.085573080487,3.021272742532));
#3297 = CARTESIAN_POINT('',(2.103736147342,3.019758951591));
#3298 = CARTESIAN_POINT('',(2.121951512665,3.018258229991));
#3299 = CARTESIAN_POINT('',(2.163262956478,3.014919066054));
#3300 = CARTESIAN_POINT('',(2.186391433077,3.013094741455));
#3301 = CARTESIAN_POINT('',(2.209613014425,3.011330311504));
#3302 = CARTESIAN_POINT('',(2.232932810765,3.009649088755));
#3303 = CARTESIAN_POINT('',(2.256355400638,3.00807586187));
#3304 = CARTESIAN_POINT('',(2.312073776904,3.004668347853));
#3305 = CARTESIAN_POINT('',(2.344470253396,3.00295036919));
#3306 = CARTESIAN_POINT('',(2.377074966849,3.001551419839));
#3307 = CARTESIAN_POINT('',(2.409890281886,3.000543070029));
#3308 = CARTESIAN_POINT('',(2.442920221257,3.));
#3309 = CARTESIAN_POINT('',(2.476170465845,3.));
#3310 = ( GEOMETRIC_REPRESENTATION_CONTEXT(2) 
PARAMETRIC_REPRESENTATION_CONTEXT() REPRESENTATION_CONTEXT('2D SPACE',''
  ) );
#3311 = PCURVE('',#2412,#3312);
#3312 = DEFINITIONAL_REPRESENTATION('',(#3313),#3361);
#3313 = B_SPLINE_CURVE_WITH_KNOTS('',6,(#3314,#3315,#3316,#3317,#3318,
    #3319,#3320,#3321,#3322,#3323,#3324,#3325,#3326,#3327,#3328,#3329,
    #3330,#3331,#3332,#3333,#3334,#3335,#3336,#3337,#3338,#3339,#3340,
    #3341,#3342,#3343,#3344,#3345,#3346,#3347,#3348,#3349,#3350,#3351,
    #3352,#3353,#3354,#3355,#3356,#3357,#3358,#3359,#3360),
  .UNSPECIFIED.,.F.,.F.,(7,5,5,5,5,5,5,5,5,7),(0.,0.104060996162,
    0.178872795858,0.239401798719,0.28839371239,0.50140291704,
    0.760369100135,0.820482048404,0.89629106157,1.),.UNSPECIFIED.);
#3314 = CARTESIAN_POINT('',(-1.570796326795,42.524654630232));
#3315 = CARTESIAN_POINT('',(-1.555703238711,42.500963616708));
#3316 = CARTESIAN_POINT('',(-1.541184744812,42.476221524377));
#3317 = CARTESIAN_POINT('',(-1.527250761189,42.450501772418));
#3318 = CARTESIAN_POINT('',(-1.513910916804,42.423878303545));
#3319 = CARTESIAN_POINT('',(-1.50117455349,42.396425584017));
#3320 = CARTESIAN_POINT('',(-1.480334632593,42.34793996855));
#3321 = CARTESIAN_POINT('',(-1.471933594293,42.327268021301));
#3322 = CARTESIAN_POINT('',(-1.463849630246,42.306227227269));
#3323 = CARTESIAN_POINT('',(-1.456084528074,42.284840805614));
#3324 = CARTESIAN_POINT('',(-1.448639843826,42.263130729269));
#3325 = CARTESIAN_POINT('',(-1.435753846296,42.223307363371));
#3326 = CARTESIAN_POINT('',(-1.430201438901,42.20529876286));
#3327 = CARTESIAN_POINT('',(-1.424860412486,42.187102913033));
#3328 = CARTESIAN_POINT('',(-1.419731481083,42.168730437429));
#3329 = CARTESIAN_POINT('',(-1.41481534006,42.150191593497));
#3330 = CARTESIAN_POINT('',(-1.406306342136,42.116364360556));
#3331 = CARTESIAN_POINT('',(-1.402639868409,42.101129958912));
#3332 = CARTESIAN_POINT('',(-1.399113608386,42.085798323661));
#3333 = CARTESIAN_POINT('',(-1.395727922109,42.070374612025));
#3334 = CARTESIAN_POINT('',(-1.392483166228,42.054863882447));
#3335 = CARTESIAN_POINT('',(-1.375886280433,41.971476083339));
#3336 = CARTESIAN_POINT('',(-1.365061273163,41.902119348818));
#3337 = CARTESIAN_POINT('',(-1.356938408336,41.831618564974));
#3338 = CARTESIAN_POINT('',(-1.351543658326,41.760369137124));
#3339 = CARTESIAN_POINT('',(-1.348891919218,41.688749264493));
#3340 = CARTESIAN_POINT('',(-1.349095278827,41.53004772497));
#3341 = CARTESIAN_POINT('',(-1.353262226539,41.443015011145));
#3342 = CARTESIAN_POINT('',(-1.361479108523,41.356684779034));
#3343 = CARTESIAN_POINT('',(-1.373716780757,41.271726104662));
#3344 = CARTESIAN_POINT('',(-1.389918477969,41.188855238919));
#3345 = CARTESIAN_POINT('',(-1.414687045766,41.090302337847));
#3346 = CARTESIAN_POINT('',(-1.41956381854,41.071889617244));
#3347 = CARTESIAN_POINT('',(-1.424650424304,41.053640743621));
#3348 = CARTESIAN_POINT('',(-1.429946182425,41.035565754764));
#3349 = CARTESIAN_POINT('',(-1.435450394356,41.017675043364));
#3350 = CARTESIAN_POINT('',(-1.448365737418,40.977663157963));
#3351 = CARTESIAN_POINT('',(-1.45589946734,40.955657225892));
#3352 = CARTESIAN_POINT('',(-1.463762160409,40.933983088442));
#3353 = CARTESIAN_POINT('',(-1.471952200189,40.912663585567));
#3354 = CARTESIAN_POINT('',(-1.48046772679,40.891722869534));
#3355 = CARTESIAN_POINT('',(-1.501398523368,40.843091923082));
#3356 = CARTESIAN_POINT('',(-1.514098552868,40.815747369263));
#3357 = CARTESIAN_POINT('',(-1.527397752847,40.789226980156));
#3358 = CARTESIAN_POINT('',(-1.541286862537,40.763604472569));
#3359 = CARTESIAN_POINT('',(-1.555756332933,40.738953043426));
#3360 = CARTESIAN_POINT('',(-1.570796326795,40.715345369768));
#3361 = ( GEOMETRIC_REPRESENTATION_CONTEXT(2) 
PARAMETRIC_REPRESENTATION_CONTEXT() REPRESENTATION_CONTEXT('2D SPACE',''
  ) );
#3362 = ADVANCED_FACE('',(#3363),#1300,.T.);
#3363 = FACE_BOUND('',#3364,.T.);
#3364 = EDGE_LOOP('',(#3365,#3385,#3386,#3406));
#3365 = ORIENTED_EDGE('',*,*,#3366,.F.);
#3366 = EDGE_CURVE('',#1262,#1968,#3367,.T.);
#3367 = SURFACE_CURVE('',#3368,(#3373,#3379),.PCURVE_S1.);
#3368 = CIRCLE('',#3369,3.);
#3369 = AXIS2_PLACEMENT_3D('',#3370,#3371,#3372);
#3370 = CARTESIAN_POINT('',(12.89,-11.,-39.25));
#3371 = DIRECTION('',(0.,-1.,0.));
#3372 = DIRECTION('',(1.,0.,0.));
#3373 = PCURVE('',#1300,#3374);
#3374 = DEFINITIONAL_REPRESENTATION('',(#3375),#3378);
#3375 = B_SPLINE_CURVE_WITH_KNOTS('',1,(#3376,#3377),.UNSPECIFIED.,.F.,
  .F.,(2,2),(4.712388980385,6.28318530718),.PIECEWISE_BEZIER_KNOTS.);
#3376 = CARTESIAN_POINT('',(1.570796326795,3.));
#3377 = CARTESIAN_POINT('',(0.,3.));
#3378 = ( GEOMETRIC_REPRESENTATION_CONTEXT(2) 
PARAMETRIC_REPRESENTATION_CONTEXT() REPRESENTATION_CONTEXT('2D SPACE',''
  ) );
#3379 = PCURVE('',#2007,#3380);
#3380 = DEFINITIONAL_REPRESENTATION('',(#3381),#3384);
#3381 = B_SPLINE_CURVE_WITH_KNOTS('',1,(#3382,#3383),.UNSPECIFIED.,.F.,
  .F.,(2,2),(4.712388980385,6.28318530718),.PIECEWISE_BEZIER_KNOTS.);
#3382 = CARTESIAN_POINT('',(0.,-1.570796326795));
#3383 = CARTESIAN_POINT('',(0.,0.));
#3384 = ( GEOMETRIC_REPRESENTATION_CONTEXT(2) 
PARAMETRIC_REPRESENTATION_CONTEXT() REPRESENTATION_CONTEXT('2D SPACE',''
  ) );
#3385 = ORIENTED_EDGE('',*,*,#1284,.T.);
#3386 = ORIENTED_EDGE('',*,*,#3387,.T.);
#3387 = EDGE_CURVE('',#1285,#1574,#3388,.T.);
#3388 = SURFACE_CURVE('',#3389,(#3394,#3400),.PCURVE_S1.);
#3389 = CIRCLE('',#3390,3.);
#3390 = AXIS2_PLACEMENT_3D('',#3391,#3392,#3393);
#3391 = CARTESIAN_POINT('',(12.89,11.,-39.25));
#3392 = DIRECTION('',(0.,-1.,0.));
#3393 = DIRECTION('',(1.,0.,0.));
#3394 = PCURVE('',#1300,#3395);
#3395 = DEFINITIONAL_REPRESENTATION('',(#3396),#3399);
#3396 = B_SPLINE_CURVE_WITH_KNOTS('',1,(#3397,#3398),.UNSPECIFIED.,.F.,
  .F.,(2,2),(4.712388980385,6.28318530718),.PIECEWISE_BEZIER_KNOTS.);
#3397 = CARTESIAN_POINT('',(1.570796326795,25.));
#3398 = CARTESIAN_POINT('',(0.,25.));
#3399 = ( GEOMETRIC_REPRESENTATION_CONTEXT(2) 
PARAMETRIC_REPRESENTATION_CONTEXT() REPRESENTATION_CONTEXT('2D SPACE',''
  ) );
#3400 = PCURVE('',#1618,#3401);
#3401 = DEFINITIONAL_REPRESENTATION('',(#3402),#3405);
#3402 = B_SPLINE_CURVE_WITH_KNOTS('',1,(#3403,#3404),.UNSPECIFIED.,.F.,
  .F.,(2,2),(4.712388980385,6.28318530718),.PIECEWISE_BEZIER_KNOTS.);
#3403 = CARTESIAN_POINT('',(0.,-1.570796326795));
#3404 = CARTESIAN_POINT('',(0.,0.));
#3405 = ( GEOMETRIC_REPRESENTATION_CONTEXT(2) 
PARAMETRIC_REPRESENTATION_CONTEXT() REPRESENTATION_CONTEXT('2D SPACE',''
  ) );
#3406 = ORIENTED_EDGE('',*,*,#3407,.F.);
#3407 = EDGE_CURVE('',#1968,#1574,#3408,.T.);
#3408 = SURFACE_CURVE('',#3409,(#3413,#3420),.PCURVE_S1.);
#3409 = LINE('',#3410,#3411);
#3410 = CARTESIAN_POINT('',(15.89,-14.,-39.25));
#3411 = VECTOR('',#3412,1.);
#3412 = DIRECTION('',(-0.,1.,0.));
#3413 = PCURVE('',#1300,#3414);
#3414 = DEFINITIONAL_REPRESENTATION('',(#3415),#3419);
#3415 = LINE('',#3416,#3417);
#3416 = CARTESIAN_POINT('',(0.,0.));
#3417 = VECTOR('',#3418,1.);
#3418 = DIRECTION('',(0.,1.));
#3419 = ( GEOMETRIC_REPRESENTATION_CONTEXT(2) 
PARAMETRIC_REPRESENTATION_CONTEXT() REPRESENTATION_CONTEXT('2D SPACE',''
  ) );
#3420 = PCURVE('',#1591,#3421);
#3421 = DEFINITIONAL_REPRESENTATION('',(#3422),#3426);
#3422 = LINE('',#3423,#3424);
#3423 = CARTESIAN_POINT('',(3.,0.));
#3424 = VECTOR('',#3425,1.);
#3425 = DIRECTION('',(0.,-1.));
#3426 = ( GEOMETRIC_REPRESENTATION_CONTEXT(2) 
PARAMETRIC_REPRESENTATION_CONTEXT() REPRESENTATION_CONTEXT('2D SPACE',''
  ) );
#3427 = ADVANCED_FACE('',(#3428),#1225,.F.);
#3428 = FACE_BOUND('',#3429,.F.);
#3429 = EDGE_LOOP('',(#3430,#3456,#3477,#3478,#3479,#3480,#3481,#3505));
#3430 = ORIENTED_EDGE('',*,*,#3431,.F.);
#3431 = EDGE_CURVE('',#3432,#3434,#3436,.T.);
#3432 = VERTEX_POINT('',#3433);
#3433 = CARTESIAN_POINT('',(9.45,-10.25,-41.75));
#3434 = VERTEX_POINT('',#3435);
#3435 = CARTESIAN_POINT('',(7.395345369768,-10.96,-41.75));
#3436 = SURFACE_CURVE('',#3437,(#3442,#3449),.PCURVE_S1.);
#3437 = CIRCLE('',#3438,1.15);
#3438 = AXIS2_PLACEMENT_3D('',#3439,#3440,#3441);
#3439 = CARTESIAN_POINT('',(8.3,-10.25,-41.75));
#3440 = DIRECTION('',(0.,0.,1.));
#3441 = DIRECTION('',(1.,0.,-0.));
#3442 = PCURVE('',#1225,#3443);
#3443 = DEFINITIONAL_REPRESENTATION('',(#3444),#3448);
#3444 = LINE('',#3445,#3446);
#3445 = CARTESIAN_POINT('',(0.,3.));
#3446 = VECTOR('',#3447,1.);
#3447 = DIRECTION('',(1.,0.));
#3448 = ( GEOMETRIC_REPRESENTATION_CONTEXT(2) 
PARAMETRIC_REPRESENTATION_CONTEXT() REPRESENTATION_CONTEXT('2D SPACE',''
  ) );
#3449 = PCURVE('',#2918,#3450);
#3450 = DEFINITIONAL_REPRESENTATION('',(#3451),#3455);
#3451 = CIRCLE('',#3452,1.15);
#3452 = AXIS2_PLACEMENT_2D('',#3453,#3454);
#3453 = CARTESIAN_POINT('',(41.62,2.71));
#3454 = DIRECTION('',(1.,0.));
#3455 = ( GEOMETRIC_REPRESENTATION_CONTEXT(2) 
PARAMETRIC_REPRESENTATION_CONTEXT() REPRESENTATION_CONTEXT('2D SPACE',''
  ) );
#3456 = ORIENTED_EDGE('',*,*,#3457,.F.);
#3457 = EDGE_CURVE('',#1209,#3432,#3458,.T.);
#3458 = SEAM_CURVE('',#3459,(#3463,#3470),.PCURVE_S1.);
#3459 = LINE('',#3460,#3461);
#3460 = CARTESIAN_POINT('',(9.45,-10.25,-44.75));
#3461 = VECTOR('',#3462,1.);
#3462 = DIRECTION('',(0.,0.,1.));
#3463 = PCURVE('',#1225,#3464);
#3464 = DEFINITIONAL_REPRESENTATION('',(#3465),#3469);
#3465 = LINE('',#3466,#3467);
#3466 = CARTESIAN_POINT('',(6.28318530718,-0.));
#3467 = VECTOR('',#3468,1.);
#3468 = DIRECTION('',(0.,1.));
#3469 = ( GEOMETRIC_REPRESENTATION_CONTEXT(2) 
PARAMETRIC_REPRESENTATION_CONTEXT() REPRESENTATION_CONTEXT('2D SPACE',''
  ) );
#3470 = PCURVE('',#1225,#3471);
#3471 = DEFINITIONAL_REPRESENTATION('',(#3472),#3476);
#3472 = LINE('',#3473,#3474);
#3473 = CARTESIAN_POINT('',(0.,-0.));
#3474 = VECTOR('',#3475,1.);
#3475 = DIRECTION('',(0.,1.));
#3476 = ( GEOMETRIC_REPRESENTATION_CONTEXT(2) 
PARAMETRIC_REPRESENTATION_CONTEXT() REPRESENTATION_CONTEXT('2D SPACE',''
  ) );
#3477 = ORIENTED_EDGE('',*,*,#1208,.T.);
#3478 = ORIENTED_EDGE('',*,*,#2576,.T.);
#3479 = ORIENTED_EDGE('',*,*,#1237,.T.);
#3480 = ORIENTED_EDGE('',*,*,#3457,.T.);
#3481 = ORIENTED_EDGE('',*,*,#3482,.F.);
#3482 = EDGE_CURVE('',#3483,#3432,#3485,.T.);
#3483 = VERTEX_POINT('',#3484);
#3484 = CARTESIAN_POINT('',(9.204654630232,-10.96,-41.75));
#3485 = SURFACE_CURVE('',#3486,(#3491,#3498),.PCURVE_S1.);
#3486 = CIRCLE('',#3487,1.15);
#3487 = AXIS2_PLACEMENT_3D('',#3488,#3489,#3490);
#3488 = CARTESIAN_POINT('',(8.3,-10.25,-41.75));
#3489 = DIRECTION('',(0.,0.,1.));
#3490 = DIRECTION('',(1.,0.,-0.));
#3491 = PCURVE('',#1225,#3492);
#3492 = DEFINITIONAL_REPRESENTATION('',(#3493),#3497);
#3493 = LINE('',#3494,#3495);
#3494 = CARTESIAN_POINT('',(0.,3.));
#3495 = VECTOR('',#3496,1.);
#3496 = DIRECTION('',(1.,0.));
#3497 = ( GEOMETRIC_REPRESENTATION_CONTEXT(2) 
PARAMETRIC_REPRESENTATION_CONTEXT() REPRESENTATION_CONTEXT('2D SPACE',''
  ) );
#3498 = PCURVE('',#2918,#3499);
#3499 = DEFINITIONAL_REPRESENTATION('',(#3500),#3504);
#3500 = CIRCLE('',#3501,1.15);
#3501 = AXIS2_PLACEMENT_2D('',#3502,#3503);
#3502 = CARTESIAN_POINT('',(41.62,2.71));
#3503 = DIRECTION('',(1.,0.));
#3504 = ( GEOMETRIC_REPRESENTATION_CONTEXT(2) 
PARAMETRIC_REPRESENTATION_CONTEXT() REPRESENTATION_CONTEXT('2D SPACE',''
  ) );
#3505 = ORIENTED_EDGE('',*,*,#3506,.F.);
#3506 = EDGE_CURVE('',#3434,#3483,#3507,.T.);
#3507 = SURFACE_CURVE('',#3508,(#3556,#3607),.PCURVE_S1.);
#3508 = B_SPLINE_CURVE_WITH_KNOTS('',6,(#3509,#3510,#3511,#3512,#3513,
    #3514,#3515,#3516,#3517,#3518,#3519,#3520,#3521,#3522,#3523,#3524,
    #3525,#3526,#3527,#3528,#3529,#3530,#3531,#3532,#3533,#3534,#3535,
    #3536,#3537,#3538,#3539,#3540,#3541,#3542,#3543,#3544,#3545,#3546,
    #3547,#3548,#3549,#3550,#3551,#3552,#3553,#3554,#3555),
  .UNSPECIFIED.,.F.,.F.,(7,5,5,5,5,5,5,5,5,7),(0.,0.104060996359,
    0.178872796039,0.239401798886,0.288393712547,0.501402917149,
    0.760369100187,0.820482048443,0.896291061592,1.),.UNSPECIFIED.);
#3509 = CARTESIAN_POINT('',(7.395345369768,-10.96,-41.75));
#3510 = CARTESIAN_POINT('',(7.419036383239,-10.9901861761,-41.75));
#3511 = CARTESIAN_POINT('',(7.44377847564,-11.01922298434,
    -41.74945308757));
#3512 = CARTESIAN_POINT('',(7.469498227639,-11.04707874832,
    -41.74843788646));
#3513 = CARTESIAN_POINT('',(7.496121696467,-11.07372620281,
    -41.74702985966));
#3514 = CARTESIAN_POINT('',(7.523574415924,-11.0991424938,
    -41.74530130937));
#3515 = CARTESIAN_POINT('',(7.57206003145,-11.14068315367,
    -41.74189795901));
#3516 = CARTESIAN_POINT('',(7.592731978699,-11.1574141983,
    -41.74034424796));
#3517 = CARTESIAN_POINT('',(7.613772772731,-11.17349803975,
    -41.73868547537));
#3518 = CARTESIAN_POINT('',(7.635159194386,-11.18893144604,
    -41.73694547214));
#3519 = CARTESIAN_POINT('',(7.656869270731,-11.20371222579,
    -41.73514666868));
#3520 = CARTESIAN_POINT('',(7.696692636629,-11.22926915477,
    -41.73182415302));
#3521 = CARTESIAN_POINT('',(7.71470123714,-11.2402710133,-41.73031347577
    ));
#3522 = CARTESIAN_POINT('',(7.732897086967,-11.2508441086,
    -41.72878918536));
#3523 = CARTESIAN_POINT('',(7.751269562571,-11.26098790094,
    -41.72726176461));
#3524 = CARTESIAN_POINT('',(7.769808406503,-11.27070200616,
    -41.7257410569));
#3525 = CARTESIAN_POINT('',(7.803635639444,-11.28750077845,
    -41.72301829503));
#3526 = CARTESIAN_POINT('',(7.818870041088,-11.29473369747,
    -41.72181074975));
#3527 = CARTESIAN_POINT('',(7.834201676339,-11.30168481529,
    -41.72061850985));
#3528 = CARTESIAN_POINT('',(7.849625387975,-11.30835401383,
    -41.71944617187));
#3529 = CARTESIAN_POINT('',(7.865136117553,-11.31474119428,
    -41.71829804939));
#3530 = CARTESIAN_POINT('',(7.948523916661,-11.34739022576,
    -41.71230912494));
#3531 = CARTESIAN_POINT('',(8.017880651182,-11.36860575737,
    -41.70797303052));
#3532 = CARTESIAN_POINT('',(8.088381435026,-11.38447791345,
    -41.70450300187));
#3533 = CARTESIAN_POINT('',(8.159630862876,-11.39500155889,
    -41.70212677549));
#3534 = CARTESIAN_POINT('',(8.231250735507,-11.40017546729,
    -41.70096017173));
#3535 = CARTESIAN_POINT('',(8.38995227503,-11.39977871258,
    -41.70104964922));
#3536 = CARTESIAN_POINT('',(8.476984988855,-11.39164895361,
    -41.70288303956));
#3537 = CARTESIAN_POINT('',(8.563315220966,-11.37561706759,
    -41.7064945069));
#3538 = CARTESIAN_POINT('',(8.648273895337,-11.35168398831,
    -41.71162618696));
#3539 = CARTESIAN_POINT('',(8.731144761081,-11.31985370156,
    -41.7177707493));
#3540 = CARTESIAN_POINT('',(8.829697662153,-11.27095542531,
    -41.72570084274));
#3541 = CARTESIAN_POINT('',(8.848110382756,-11.26131931159,
    -41.72721064644));
#3542 = CARTESIAN_POINT('',(8.866359256379,-11.25125950427,
    -41.72872725746));
#3543 = CARTESIAN_POINT('',(8.884434245236,-11.24077637737,
    -41.7302410484));
#3544 = CARTESIAN_POINT('',(8.902324956636,-11.22987045496,-41.73174177)
  );
#3545 = CARTESIAN_POINT('',(8.942336842037,-11.204256507,-41.73508093394
    ));
#3546 = CARTESIAN_POINT('',(8.964342774108,-11.18929941374,
    -41.73690525854));
#3547 = CARTESIAN_POINT('',(8.986016911558,-11.17367230581,
    -41.73866968849));
#3548 = CARTESIAN_POINT('',(9.007336414433,-11.15737745242,
    -41.74035091124));
#3549 = CARTESIAN_POINT('',(9.028277130466,-11.14041821764,
    -41.74192413813));
#3550 = CARTESIAN_POINT('',(9.076908076918,-11.09869554,-41.74533165214)
  );
#3551 = CARTESIAN_POINT('',(9.104252630737,-11.07335138194,
    -41.74704963081));
#3552 = CARTESIAN_POINT('',(9.130773019844,-11.0467848953,
    -41.74844858016));
#3553 = CARTESIAN_POINT('',(9.156395527431,-11.01901875219,
    -41.74945692997));
#3554 = CARTESIAN_POINT('',(9.181046956574,-10.99007998772,-41.75));
#3555 = CARTESIAN_POINT('',(9.204654630232,-10.96,-41.75));
#3556 = PCURVE('',#1225,#3557);
#3557 = DEFINITIONAL_REPRESENTATION('',(#3558),#3606);
#3558 = B_SPLINE_CURVE_WITH_KNOTS('',6,(#3559,#3560,#3561,#3562,#3563,
    #3564,#3565,#3566,#3567,#3568,#3569,#3570,#3571,#3572,#3573,#3574,
    #3575,#3576,#3577,#3578,#3579,#3580,#3581,#3582,#3583,#3584,#3585,
    #3586,#3587,#3588,#3589,#3590,#3591,#3592,#3593,#3594,#3595,#3596,
    #3597,#3598,#3599,#3600,#3601,#3602,#3603,#3604,#3605),
  .UNSPECIFIED.,.F.,.F.,(7,5,5,5,5,5,5,5,5,7),(0.,0.104060996359,
    0.178872796039,0.239401798886,0.288393712547,0.501402917149,
    0.760369100187,0.820482048443,0.896291061592,1.),.UNSPECIFIED.);
#3559 = CARTESIAN_POINT('',(3.807014841334,3.));
#3560 = CARTESIAN_POINT('',(3.840382465941,3.));
#3561 = CARTESIAN_POINT('',(3.873528146026,3.00054691243));
#3562 = CARTESIAN_POINT('',(3.906457675609,3.001562113537));
#3563 = CARTESIAN_POINT('',(3.939175160744,3.00297014034));
#3564 = CARTESIAN_POINT('',(3.971683019524,3.004698690624));
#3565 = CARTESIAN_POINT('',(4.027202435467,3.008102040989));
#3566 = CARTESIAN_POINT('',(4.050318889378,3.009655752034));
#3567 = CARTESIAN_POINT('',(4.073335240982,3.011314524629));
#3568 = CARTESIAN_POINT('',(4.09625589313,3.013054527853));
#3569 = CARTESIAN_POINT('',(4.119085754353,3.014853331313));
#3570 = CARTESIAN_POINT('',(4.160232429063,3.018175846971));
#3571 = CARTESIAN_POINT('',(4.178578660149,3.019686524222));
#3572 = CARTESIAN_POINT('',(4.196871754803,3.021210814633));
#3573 = CARTESIAN_POINT('',(4.21511457759,3.022738235383));
#3574 = CARTESIAN_POINT('',(4.233310034952,3.024258943096));
#3575 = CARTESIAN_POINT('',(4.266152448845,3.02698170497));
#3576 = CARTESIAN_POINT('',(4.280814708306,3.028189250249));
#3577 = CARTESIAN_POINT('',(4.295449406434,3.02938149015));
#3578 = CARTESIAN_POINT('',(4.310058081184,3.030553828126));
#3579 = CARTESIAN_POINT('',(4.324642255622,3.031701950609));
#3580 = CARTESIAN_POINT('',(4.402513189003,3.03769087506));
#3581 = CARTESIAN_POINT('',(4.465398205812,3.042026969479));
#3582 = CARTESIAN_POINT('',(4.527972349059,3.045496998129));
#3583 = CARTESIAN_POINT('',(4.590340101659,3.047873224503));
#3584 = CARTESIAN_POINT('',(4.652606819233,3.049039828268));
#3585 = CARTESIAN_POINT('',(4.790608589204,3.048950350771));
#3586 = CARTESIAN_POINT('',(4.86630666245,3.047116960436));
#3587 = CARTESIAN_POINT('',(4.942192409595,3.043505493099));
#3588 = CARTESIAN_POINT('',(5.018463664363,3.038373813033));
#3589 = CARTESIAN_POINT('',(5.09531837151,3.032229250691));
#3590 = CARTESIAN_POINT('',(5.190985230977,3.024299157252));
#3591 = CARTESIAN_POINT('',(5.209052159485,3.022789353554));
#3592 = CARTESIAN_POINT('',(5.227165734077,3.021272742532));
#3593 = CARTESIAN_POINT('',(5.245328800931,3.019758951591));
#3594 = CARTESIAN_POINT('',(5.263544166254,3.018258229991));
#3595 = CARTESIAN_POINT('',(5.304855610068,3.014919066054));
#3596 = CARTESIAN_POINT('',(5.327984086666,3.013094741455));
#3597 = CARTESIAN_POINT('',(5.351205668015,3.011330311504));
#3598 = CARTESIAN_POINT('',(5.374525464355,3.009649088755));
#3599 = CARTESIAN_POINT('',(5.397948054228,3.00807586187));
#3600 = CARTESIAN_POINT('',(5.453666430494,3.004668347853));
#3601 = CARTESIAN_POINT('',(5.486062906986,3.00295036919));
#3602 = CARTESIAN_POINT('',(5.518667620439,3.001551419839));
#3603 = CARTESIAN_POINT('',(5.551482935476,3.000543070029));
#3604 = CARTESIAN_POINT('',(5.584512874847,3.));
#3605 = CARTESIAN_POINT('',(5.617763119435,3.));
#3606 = ( GEOMETRIC_REPRESENTATION_CONTEXT(2) 
PARAMETRIC_REPRESENTATION_CONTEXT() REPRESENTATION_CONTEXT('2D SPACE',''
  ) );
#3607 = PCURVE('',#2194,#3608);
#3608 = DEFINITIONAL_REPRESENTATION('',(#3609),#3657);
#3609 = B_SPLINE_CURVE_WITH_KNOTS('',6,(#3610,#3611,#3612,#3613,#3614,
    #3615,#3616,#3617,#3618,#3619,#3620,#3621,#3622,#3623,#3624,#3625,
    #3626,#3627,#3628,#3629,#3630,#3631,#3632,#3633,#3634,#3635,#3636,
    #3637,#3638,#3639,#3640,#3641,#3642,#3643,#3644,#3645,#3646,#3647,
    #3648,#3649,#3650,#3651,#3652,#3653,#3654,#3655,#3656),
  .UNSPECIFIED.,.F.,.F.,(7,5,5,5,5,5,5,5,5,7),(0.,0.104060996359,
    0.178872796039,0.239401798886,0.288393712547,0.501402917149,
    0.760369100187,0.820482048443,0.896291061592,1.),.UNSPECIFIED.);
#3610 = CARTESIAN_POINT('',(1.570796326795,40.715345369768));
#3611 = CARTESIAN_POINT('',(1.555703238745,40.739036383239));
#3612 = CARTESIAN_POINT('',(1.541184744808,40.76377847564));
#3613 = CARTESIAN_POINT('',(1.52725076116,40.789498227639));
#3614 = CARTESIAN_POINT('',(1.513910916793,40.816121696467));
#3615 = CARTESIAN_POINT('',(1.501174553515,40.843574415924));
#3616 = CARTESIAN_POINT('',(1.480334632593,40.89206003145));
#3617 = CARTESIAN_POINT('',(1.471933594293,40.912731978699));
#3618 = CARTESIAN_POINT('',(1.463849630246,40.933772772731));
#3619 = CARTESIAN_POINT('',(1.456084528074,40.955159194386));
#3620 = CARTESIAN_POINT('',(1.448639843826,40.976869270731));
#3621 = CARTESIAN_POINT('',(1.435753846296,41.016692636629));
#3622 = CARTESIAN_POINT('',(1.430201438901,41.03470123714));
#3623 = CARTESIAN_POINT('',(1.424860412486,41.052897086967));
#3624 = CARTESIAN_POINT('',(1.419731481083,41.071269562571));
#3625 = CARTESIAN_POINT('',(1.41481534006,41.089808406503));
#3626 = CARTESIAN_POINT('',(1.406306342136,41.123635639444));
#3627 = CARTESIAN_POINT('',(1.402639868409,41.138870041088));
#3628 = CARTESIAN_POINT('',(1.399113608386,41.154201676339));
#3629 = CARTESIAN_POINT('',(1.395727922109,41.169625387975));
#3630 = CARTESIAN_POINT('',(1.392483166228,41.185136117553));
#3631 = CARTESIAN_POINT('',(1.375886280433,41.268523916661));
#3632 = CARTESIAN_POINT('',(1.365061273163,41.337880651182));
#3633 = CARTESIAN_POINT('',(1.356938408336,41.408381435026));
#3634 = CARTESIAN_POINT('',(1.351543658326,41.479630862876));
#3635 = CARTESIAN_POINT('',(1.348891919218,41.551250735507));
#3636 = CARTESIAN_POINT('',(1.349095278827,41.70995227503));
#3637 = CARTESIAN_POINT('',(1.353262226539,41.796984988855));
#3638 = CARTESIAN_POINT('',(1.361479108523,41.883315220966));
#3639 = CARTESIAN_POINT('',(1.373716780757,41.968273895337));
#3640 = CARTESIAN_POINT('',(1.389918477969,42.051144761081));
#3641 = CARTESIAN_POINT('',(1.414687045766,42.149697662153));
#3642 = CARTESIAN_POINT('',(1.41956381854,42.168110382756));
#3643 = CARTESIAN_POINT('',(1.424650424304,42.186359256379));
#3644 = CARTESIAN_POINT('',(1.429946182425,42.204434245236));
#3645 = CARTESIAN_POINT('',(1.435450394356,42.222324956636));
#3646 = CARTESIAN_POINT('',(1.448365737418,42.262336842037));
#3647 = CARTESIAN_POINT('',(1.45589946734,42.284342774108));
#3648 = CARTESIAN_POINT('',(1.463762160409,42.306016911558));
#3649 = CARTESIAN_POINT('',(1.471952200189,42.327336414433));
#3650 = CARTESIAN_POINT('',(1.48046772679,42.348277130466));
#3651 = CARTESIAN_POINT('',(1.501398523368,42.396908076918));
#3652 = CARTESIAN_POINT('',(1.514098552868,42.424252630737));
#3653 = CARTESIAN_POINT('',(1.527397752847,42.450773019844));
#3654 = CARTESIAN_POINT('',(1.541286862537,42.476395527431));
#3655 = CARTESIAN_POINT('',(1.555756332933,42.501046956574));
#3656 = CARTESIAN_POINT('',(1.570796326795,42.524654630232));
#3657 = ( GEOMETRIC_REPRESENTATION_CONTEXT(2) 
PARAMETRIC_REPRESENTATION_CONTEXT() REPRESENTATION_CONTEXT('2D SPACE',''
  ) );
#3658 = ADVANCED_FACE('',(#3659),#1149,.F.);
#3659 = FACE_BOUND('',#3660,.F.);
#3660 = EDGE_LOOP('',(#3661,#3687,#3708,#3709,#3710,#3711,#3712,#3736));
#3661 = ORIENTED_EDGE('',*,*,#3662,.F.);
#3662 = EDGE_CURVE('',#3663,#3665,#3667,.T.);
#3663 = VERTEX_POINT('',#3664);
#3664 = CARTESIAN_POINT('',(-27.35,-10.25,-41.75));
#3665 = VERTEX_POINT('',#3666);
#3666 = CARTESIAN_POINT('',(-29.40465463023,-10.96,-41.75));
#3667 = SURFACE_CURVE('',#3668,(#3673,#3680),.PCURVE_S1.);
#3668 = CIRCLE('',#3669,1.15);
#3669 = AXIS2_PLACEMENT_3D('',#3670,#3671,#3672);
#3670 = CARTESIAN_POINT('',(-28.5,-10.25,-41.75));
#3671 = DIRECTION('',(0.,0.,1.));
#3672 = DIRECTION('',(1.,0.,-0.));
#3673 = PCURVE('',#1149,#3674);
#3674 = DEFINITIONAL_REPRESENTATION('',(#3675),#3679);
#3675 = LINE('',#3676,#3677);
#3676 = CARTESIAN_POINT('',(0.,3.));
#3677 = VECTOR('',#3678,1.);
#3678 = DIRECTION('',(1.,0.));
#3679 = ( GEOMETRIC_REPRESENTATION_CONTEXT(2) 
PARAMETRIC_REPRESENTATION_CONTEXT() REPRESENTATION_CONTEXT('2D SPACE',''
  ) );
#3680 = PCURVE('',#2918,#3681);
#3681 = DEFINITIONAL_REPRESENTATION('',(#3682),#3686);
#3682 = CIRCLE('',#3683,1.15);
#3683 = AXIS2_PLACEMENT_2D('',#3684,#3685);
#3684 = CARTESIAN_POINT('',(4.82,2.71));
#3685 = DIRECTION('',(1.,0.));
#3686 = ( GEOMETRIC_REPRESENTATION_CONTEXT(2) 
PARAMETRIC_REPRESENTATION_CONTEXT() REPRESENTATION_CONTEXT('2D SPACE',''
  ) );
#3687 = ORIENTED_EDGE('',*,*,#3688,.F.);
#3688 = EDGE_CURVE('',#1133,#3663,#3689,.T.);
#3689 = SEAM_CURVE('',#3690,(#3694,#3701),.PCURVE_S1.);
#3690 = LINE('',#3691,#3692);
#3691 = CARTESIAN_POINT('',(-27.35,-10.25,-44.75));
#3692 = VECTOR('',#3693,1.);
#3693 = DIRECTION('',(0.,0.,1.));
#3694 = PCURVE('',#1149,#3695);
#3695 = DEFINITIONAL_REPRESENTATION('',(#3696),#3700);
#3696 = LINE('',#3697,#3698);
#3697 = CARTESIAN_POINT('',(6.28318530718,-0.));
#3698 = VECTOR('',#3699,1.);
#3699 = DIRECTION('',(0.,1.));
#3700 = ( GEOMETRIC_REPRESENTATION_CONTEXT(2) 
PARAMETRIC_REPRESENTATION_CONTEXT() REPRESENTATION_CONTEXT('2D SPACE',''
  ) );
#3701 = PCURVE('',#1149,#3702);
#3702 = DEFINITIONAL_REPRESENTATION('',(#3703),#3707);
#3703 = LINE('',#3704,#3705);
#3704 = CARTESIAN_POINT('',(0.,-0.));
#3705 = VECTOR('',#3706,1.);
#3706 = DIRECTION('',(0.,1.));
#3707 = ( GEOMETRIC_REPRESENTATION_CONTEXT(2) 
PARAMETRIC_REPRESENTATION_CONTEXT() REPRESENTATION_CONTEXT('2D SPACE',''
  ) );
#3708 = ORIENTED_EDGE('',*,*,#1132,.T.);
#3709 = ORIENTED_EDGE('',*,*,#2485,.T.);
#3710 = ORIENTED_EDGE('',*,*,#1161,.T.);
#3711 = ORIENTED_EDGE('',*,*,#3688,.T.);
#3712 = ORIENTED_EDGE('',*,*,#3713,.F.);
#3713 = EDGE_CURVE('',#3714,#3663,#3716,.T.);
#3714 = VERTEX_POINT('',#3715);
#3715 = CARTESIAN_POINT('',(-27.59534536976,-10.96,-41.75));
#3716 = SURFACE_CURVE('',#3717,(#3722,#3729),.PCURVE_S1.);
#3717 = CIRCLE('',#3718,1.15);
#3718 = AXIS2_PLACEMENT_3D('',#3719,#3720,#3721);
#3719 = CARTESIAN_POINT('',(-28.5,-10.25,-41.75));
#3720 = DIRECTION('',(0.,0.,1.));
#3721 = DIRECTION('',(1.,0.,-0.));
#3722 = PCURVE('',#1149,#3723);
#3723 = DEFINITIONAL_REPRESENTATION('',(#3724),#3728);
#3724 = LINE('',#3725,#3726);
#3725 = CARTESIAN_POINT('',(0.,3.));
#3726 = VECTOR('',#3727,1.);
#3727 = DIRECTION('',(1.,0.));
#3728 = ( GEOMETRIC_REPRESENTATION_CONTEXT(2) 
PARAMETRIC_REPRESENTATION_CONTEXT() REPRESENTATION_CONTEXT('2D SPACE',''
  ) );
#3729 = PCURVE('',#2918,#3730);
#3730 = DEFINITIONAL_REPRESENTATION('',(#3731),#3735);
#3731 = CIRCLE('',#3732,1.15);
#3732 = AXIS2_PLACEMENT_2D('',#3733,#3734);
#3733 = CARTESIAN_POINT('',(4.82,2.71));
#3734 = DIRECTION('',(1.,0.));
#3735 = ( GEOMETRIC_REPRESENTATION_CONTEXT(2) 
PARAMETRIC_REPRESENTATION_CONTEXT() REPRESENTATION_CONTEXT('2D SPACE',''
  ) );
#3736 = ORIENTED_EDGE('',*,*,#3737,.F.);
#3737 = EDGE_CURVE('',#3665,#3714,#3738,.T.);
#3738 = SURFACE_CURVE('',#3739,(#3787,#3838),.PCURVE_S1.);
#3739 = B_SPLINE_CURVE_WITH_KNOTS('',6,(#3740,#3741,#3742,#3743,#3744,
    #3745,#3746,#3747,#3748,#3749,#3750,#3751,#3752,#3753,#3754,#3755,
    #3756,#3757,#3758,#3759,#3760,#3761,#3762,#3763,#3764,#3765,#3766,
    #3767,#3768,#3769,#3770,#3771,#3772,#3773,#3774,#3775,#3776,#3777,
    #3778,#3779,#3780,#3781,#3782,#3783,#3784,#3785,#3786),
  .UNSPECIFIED.,.F.,.F.,(7,5,5,5,5,5,5,5,5,7),(0.,0.104061011763,
    0.178872811445,0.239401814293,0.288393727955,0.501402932562,
    0.760369115604,0.820482063861,0.896291077011,1.),.UNSPECIFIED.);
#3740 = CARTESIAN_POINT('',(-29.40465463023,-10.96,-41.75));
#3741 = CARTESIAN_POINT('',(-29.38096362049,-10.99018617133,-41.75));
#3742 = CARTESIAN_POINT('',(-29.35622152311,-11.01922298497,
    -41.7494530874));
#3743 = CARTESIAN_POINT('',(-29.33050176838,-11.04707875248,
    -41.7484378863));
#3744 = CARTESIAN_POINT('',(-29.30387830264,-11.07372620439,
    -41.74702985973));
#3745 = CARTESIAN_POINT('',(-29.27642558825,-11.09914249022,
    -41.74530130966));
#3746 = CARTESIAN_POINT('',(-29.22793996855,-11.14068315367,
    -41.74189795901));
#3747 = CARTESIAN_POINT('',(-29.2072680213,-11.1574141983,
    -41.74034424796));
#3748 = CARTESIAN_POINT('',(-29.18622722726,-11.17349803975,
    -41.73868547537));
#3749 = CARTESIAN_POINT('',(-29.16484080561,-11.18893144604,
    -41.73694547214));
#3750 = CARTESIAN_POINT('',(-29.14313072926,-11.20371222579,
    -41.73514666868));
#3751 = CARTESIAN_POINT('',(-29.10330736337,-11.22926915477,
    -41.73182415302));
#3752 = CARTESIAN_POINT('',(-29.08529876286,-11.2402710133,
    -41.73031347577));
#3753 = CARTESIAN_POINT('',(-29.06710291303,-11.2508441086,
    -41.72878918536));
#3754 = CARTESIAN_POINT('',(-29.04873043742,-11.26098790094,
    -41.72726176461));
#3755 = CARTESIAN_POINT('',(-29.03019159349,-11.27070200616,
    -41.7257410569));
#3756 = CARTESIAN_POINT('',(-28.99636436055,-11.28750077845,
    -41.72301829503));
#3757 = CARTESIAN_POINT('',(-28.98112995891,-11.29473369747,
    -41.72181074975));
#3758 = CARTESIAN_POINT('',(-28.96579832366,-11.30168481529,
    -41.72061850985));
#3759 = CARTESIAN_POINT('',(-28.95037461202,-11.30835401383,
    -41.71944617187));
#3760 = CARTESIAN_POINT('',(-28.93486388244,-11.31474119428,
    -41.71829804939));
#3761 = CARTESIAN_POINT('',(-28.85147608333,-11.34739022576,
    -41.71230912494));
#3762 = CARTESIAN_POINT('',(-28.78211934881,-11.36860575737,
    -41.70797303052));
#3763 = CARTESIAN_POINT('',(-28.71161856497,-11.38447791345,
    -41.70450300187));
#3764 = CARTESIAN_POINT('',(-28.64036913712,-11.39500155889,
    -41.70212677549));
#3765 = CARTESIAN_POINT('',(-28.56874926449,-11.40017546729,
    -41.70096017173));
#3766 = CARTESIAN_POINT('',(-28.41004772497,-11.39977871258,
    -41.70104964922));
#3767 = CARTESIAN_POINT('',(-28.32301501114,-11.39164895361,
    -41.70288303956));
#3768 = CARTESIAN_POINT('',(-28.23668477903,-11.37561706759,
    -41.7064945069));
#3769 = CARTESIAN_POINT('',(-28.15172610466,-11.35168398831,
    -41.71162618696));
#3770 = CARTESIAN_POINT('',(-28.06885523891,-11.31985370156,
    -41.7177707493));
#3771 = CARTESIAN_POINT('',(-27.97030233784,-11.27095542531,
    -41.72570084274));
#3772 = CARTESIAN_POINT('',(-27.95188961724,-11.26131931159,
    -41.72721064644));
#3773 = CARTESIAN_POINT('',(-27.93364074362,-11.25125950427,
    -41.72872725746));
#3774 = CARTESIAN_POINT('',(-27.91556575476,-11.24077637737,
    -41.7302410484));
#3775 = CARTESIAN_POINT('',(-27.89767504336,-11.22987045496,-41.73174177
    ));
#3776 = CARTESIAN_POINT('',(-27.85766315796,-11.204256507,
    -41.73508093394));
#3777 = CARTESIAN_POINT('',(-27.83565722589,-11.18929941374,
    -41.73690525854));
#3778 = CARTESIAN_POINT('',(-27.81398308844,-11.17367230581,
    -41.73866968849));
#3779 = CARTESIAN_POINT('',(-27.79266358556,-11.15737745242,
    -41.74035091124));
#3780 = CARTESIAN_POINT('',(-27.77172286953,-11.14041821764,
    -41.74192413813));
#3781 = CARTESIAN_POINT('',(-27.72309192725,-11.09869554358,
    -41.74533165185));
#3782 = CARTESIAN_POINT('',(-27.69574736837,-11.07335138037,
    -41.74704963073));
#3783 = CARTESIAN_POINT('',(-27.66922697618,-11.04678489115,
    -41.74844858031));
#3784 = CARTESIAN_POINT('',(-27.64360447132,-11.01901875155,
    -41.74945693013));
#3785 = CARTESIAN_POINT('',(-27.61895304714,-10.99007999246,-41.75));
#3786 = CARTESIAN_POINT('',(-27.59534536976,-10.96,-41.75));
#3787 = PCURVE('',#1149,#3788);
#3788 = DEFINITIONAL_REPRESENTATION('',(#3789),#3837);
#3789 = B_SPLINE_CURVE_WITH_KNOTS('',6,(#3790,#3791,#3792,#3793,#3794,
    #3795,#3796,#3797,#3798,#3799,#3800,#3801,#3802,#3803,#3804,#3805,
    #3806,#3807,#3808,#3809,#3810,#3811,#3812,#3813,#3814,#3815,#3816,
    #3817,#3818,#3819,#3820,#3821,#3822,#3823,#3824,#3825,#3826,#3827,
    #3828,#3829,#3830,#3831,#3832,#3833,#3834,#3835,#3836),
  .UNSPECIFIED.,.F.,.F.,(7,5,5,5,5,5,5,5,5,7),(0.,0.104061011763,
    0.178872811445,0.239401814293,0.288393727955,0.501402932562,
    0.760369115604,0.820482063861,0.896291077011,1.),.UNSPECIFIED.);
#3790 = CARTESIAN_POINT('',(3.807014841334,3.));
#3791 = CARTESIAN_POINT('',(3.840382460676,3.));
#3792 = CARTESIAN_POINT('',(3.87352814717,3.000546912592));
#3793 = CARTESIAN_POINT('',(3.906457680629,3.001562113693));
#3794 = CARTESIAN_POINT('',(3.939175162276,3.002970140268));
#3795 = CARTESIAN_POINT('',(3.971683014743,3.004698690331));
#3796 = CARTESIAN_POINT('',(4.027202435467,3.008102040989));
#3797 = CARTESIAN_POINT('',(4.050318889378,3.009655752034));
#3798 = CARTESIAN_POINT('',(4.073335240982,3.011314524629));
#3799 = CARTESIAN_POINT('',(4.09625589313,3.013054527853));
#3800 = CARTESIAN_POINT('',(4.119085754353,3.014853331313));
#3801 = CARTESIAN_POINT('',(4.160232429063,3.018175846971));
#3802 = CARTESIAN_POINT('',(4.178578660149,3.019686524222));
#3803 = CARTESIAN_POINT('',(4.196871754803,3.021210814633));
#3804 = CARTESIAN_POINT('',(4.21511457759,3.022738235383));
#3805 = CARTESIAN_POINT('',(4.233310034952,3.024258943096));
#3806 = CARTESIAN_POINT('',(4.266152448845,3.02698170497));
#3807 = CARTESIAN_POINT('',(4.280814708306,3.028189250249));
#3808 = CARTESIAN_POINT('',(4.295449406434,3.02938149015));
#3809 = CARTESIAN_POINT('',(4.310058081184,3.030553828126));
#3810 = CARTESIAN_POINT('',(4.324642255622,3.031701950609));
#3811 = CARTESIAN_POINT('',(4.402513189003,3.03769087506));
#3812 = CARTESIAN_POINT('',(4.465398205812,3.042026969479));
#3813 = CARTESIAN_POINT('',(4.527972349059,3.045496998129));
#3814 = CARTESIAN_POINT('',(4.590340101659,3.047873224503));
#3815 = CARTESIAN_POINT('',(4.652606819233,3.049039828268));
#3816 = CARTESIAN_POINT('',(4.790608589204,3.048950350771));
#3817 = CARTESIAN_POINT('',(4.86630666245,3.047116960436));
#3818 = CARTESIAN_POINT('',(4.942192409595,3.043505493099));
#3819 = CARTESIAN_POINT('',(5.018463664364,3.038373813033));
#3820 = CARTESIAN_POINT('',(5.09531837151,3.032229250691));
#3821 = CARTESIAN_POINT('',(5.190985230977,3.024299157252));
#3822 = CARTESIAN_POINT('',(5.209052159485,3.022789353554));
#3823 = CARTESIAN_POINT('',(5.227165734077,3.021272742532));
#3824 = CARTESIAN_POINT('',(5.245328800931,3.019758951591));
#3825 = CARTESIAN_POINT('',(5.263544166254,3.018258229991));
#3826 = CARTESIAN_POINT('',(5.304855610068,3.014919066054));
#3827 = CARTESIAN_POINT('',(5.327984086666,3.013094741455));
#3828 = CARTESIAN_POINT('',(5.351205668015,3.011330311504));
#3829 = CARTESIAN_POINT('',(5.374525464355,3.009649088755));
#3830 = CARTESIAN_POINT('',(5.397948054228,3.00807586187));
#3831 = CARTESIAN_POINT('',(5.453666425708,3.004668348146));
#3832 = CARTESIAN_POINT('',(5.486062908507,3.002950369262));
#3833 = CARTESIAN_POINT('',(5.518667625456,3.001551419683));
#3834 = CARTESIAN_POINT('',(5.551482936632,3.000543069867));
#3835 = CARTESIAN_POINT('',(5.584512869605,3.));
#3836 = CARTESIAN_POINT('',(5.617763119435,3.));
#3837 = ( GEOMETRIC_REPRESENTATION_CONTEXT(2) 
PARAMETRIC_REPRESENTATION_CONTEXT() REPRESENTATION_CONTEXT('2D SPACE',''
  ) );
#3838 = PCURVE('',#2194,#3839);
#3839 = DEFINITIONAL_REPRESENTATION('',(#3840),#3888);
#3840 = B_SPLINE_CURVE_WITH_KNOTS('',6,(#3841,#3842,#3843,#3844,#3845,
    #3846,#3847,#3848,#3849,#3850,#3851,#3852,#3853,#3854,#3855,#3856,
    #3857,#3858,#3859,#3860,#3861,#3862,#3863,#3864,#3865,#3866,#3867,
    #3868,#3869,#3870,#3871,#3872,#3873,#3874,#3875,#3876,#3877,#3878,
    #3879,#3880,#3881,#3882,#3883,#3884,#3885,#3886,#3887),
  .UNSPECIFIED.,.F.,.F.,(7,5,5,5,5,5,5,5,5,7),(0.,0.104061011763,
    0.178872811445,0.239401814293,0.288393727955,0.501402932562,
    0.760369115604,0.820482063861,0.896291077011,1.),.UNSPECIFIED.);
#3841 = CARTESIAN_POINT('',(1.570796326795,3.915345369768));
#3842 = CARTESIAN_POINT('',(1.555703241126,3.939036379501));
#3843 = CARTESIAN_POINT('',(1.54118474449,3.963778476882));
#3844 = CARTESIAN_POINT('',(1.527250759079,3.989498231613));
#3845 = CARTESIAN_POINT('',(1.513910916006,4.016121697359));
#3846 = CARTESIAN_POINT('',(1.50117455531,4.043574411749));
#3847 = CARTESIAN_POINT('',(1.480334632593,4.09206003145));
#3848 = CARTESIAN_POINT('',(1.471933594293,4.112731978699));
#3849 = CARTESIAN_POINT('',(1.463849630246,4.133772772731));
#3850 = CARTESIAN_POINT('',(1.456084528074,4.155159194386));
#3851 = CARTESIAN_POINT('',(1.448639843826,4.176869270731));
#3852 = CARTESIAN_POINT('',(1.435753846296,4.216692636629));
#3853 = CARTESIAN_POINT('',(1.430201438901,4.234701237139));
#3854 = CARTESIAN_POINT('',(1.424860412486,4.252897086967));
#3855 = CARTESIAN_POINT('',(1.419731481083,4.271269562571));
#3856 = CARTESIAN_POINT('',(1.41481534006,4.289808406503));
#3857 = CARTESIAN_POINT('',(1.406306342136,4.323635639444));
#3858 = CARTESIAN_POINT('',(1.402639868409,4.338870041088));
#3859 = CARTESIAN_POINT('',(1.399113608386,4.354201676339));
#3860 = CARTESIAN_POINT('',(1.395727922109,4.369625387975));
#3861 = CARTESIAN_POINT('',(1.392483166228,4.385136117553));
#3862 = CARTESIAN_POINT('',(1.375886280433,4.468523916661));
#3863 = CARTESIAN_POINT('',(1.365061273163,4.537880651182));
#3864 = CARTESIAN_POINT('',(1.356938408336,4.608381435026));
#3865 = CARTESIAN_POINT('',(1.351543658326,4.679630862876));
#3866 = CARTESIAN_POINT('',(1.348891919218,4.751250735507));
#3867 = CARTESIAN_POINT('',(1.349095278827,4.90995227503));
#3868 = CARTESIAN_POINT('',(1.353262226539,4.996984988855));
#3869 = CARTESIAN_POINT('',(1.361479108523,5.083315220966));
#3870 = CARTESIAN_POINT('',(1.373716780757,5.168273895338));
#3871 = CARTESIAN_POINT('',(1.389918477969,5.251144761081));
#3872 = CARTESIAN_POINT('',(1.414687045766,5.349697662153));
#3873 = CARTESIAN_POINT('',(1.41956381854,5.368110382756));
#3874 = CARTESIAN_POINT('',(1.424650424304,5.386359256379));
#3875 = CARTESIAN_POINT('',(1.429946182425,5.404434245236));
#3876 = CARTESIAN_POINT('',(1.435450394356,5.422324956636));
#3877 = CARTESIAN_POINT('',(1.448365737418,5.462336842037));
#3878 = CARTESIAN_POINT('',(1.45589946734,5.484342774108));
#3879 = CARTESIAN_POINT('',(1.463762160409,5.506016911558));
#3880 = CARTESIAN_POINT('',(1.471952200189,5.527336414433));
#3881 = CARTESIAN_POINT('',(1.48046772679,5.548277130466));
#3882 = CARTESIAN_POINT('',(1.50139852157,5.596908072741));
#3883 = CARTESIAN_POINT('',(1.51409855365,5.624252631622));
#3884 = CARTESIAN_POINT('',(1.527397754927,5.650773023814));
#3885 = CARTESIAN_POINT('',(1.54128686286,5.67639552868));
#3886 = CARTESIAN_POINT('',(1.555756330562,5.701046952852));
#3887 = CARTESIAN_POINT('',(1.570796326795,5.724654630232));
#3888 = ( GEOMETRIC_REPRESENTATION_CONTEXT(2) 
PARAMETRIC_REPRESENTATION_CONTEXT() REPRESENTATION_CONTEXT('2D SPACE',''
  ) );
#3889 = ADVANCED_FACE('',(#3890),#1591,.T.);
#3890 = FACE_BOUND('',#3891,.T.);
#3891 = EDGE_LOOP('',(#3892,#3893,#3894,#3895,#3916,#3956,#3977));
#3892 = ORIENTED_EDGE('',*,*,#1967,.F.);
#3893 = ORIENTED_EDGE('',*,*,#3407,.T.);
#3894 = ORIENTED_EDGE('',*,*,#1573,.T.);
#3895 = ORIENTED_EDGE('',*,*,#3896,.F.);
#3896 = EDGE_CURVE('',#3897,#1576,#3899,.T.);
#3897 = VERTEX_POINT('',#3898);
#3898 = CARTESIAN_POINT('',(15.89,1.2,-9.301896403653));
#3899 = SURFACE_CURVE('',#3900,(#3904,#3910),.PCURVE_S1.);
#3900 = LINE('',#3901,#3902);
#3901 = CARTESIAN_POINT('',(15.89,0.,-9.301896403653));
#3902 = VECTOR('',#3903,1.);
#3903 = DIRECTION('',(-0.,1.,0.));
#3904 = PCURVE('',#1591,#3905);
#3905 = DEFINITIONAL_REPRESENTATION('',(#3906),#3909);
#3906 = B_SPLINE_CURVE_WITH_KNOTS('',1,(#3907,#3908),.UNSPECIFIED.,.F.,
  .F.,(2,2),(1.1999994,13.2),.PIECEWISE_BEZIER_KNOTS.);
#3907 = CARTESIAN_POINT('',(32.948103596347,-15.1999994));
#3908 = CARTESIAN_POINT('',(32.948103596347,-27.2));
#3909 = ( GEOMETRIC_REPRESENTATION_CONTEXT(2) 
PARAMETRIC_REPRESENTATION_CONTEXT() REPRESENTATION_CONTEXT('2D SPACE',''
  ) );
#3910 = PCURVE('',#1713,#3911);
#3911 = DEFINITIONAL_REPRESENTATION('',(#3912),#3915);
#3912 = B_SPLINE_CURVE_WITH_KNOTS('',1,(#3913,#3914),.UNSPECIFIED.,.F.,
  .F.,(2,2),(1.1999994,13.2),.PIECEWISE_BEZIER_KNOTS.);
#3913 = CARTESIAN_POINT('',(0.431514555711,1.1999994));
#3914 = CARTESIAN_POINT('',(0.431514555711,13.2));
#3915 = ( GEOMETRIC_REPRESENTATION_CONTEXT(2) 
PARAMETRIC_REPRESENTATION_CONTEXT() REPRESENTATION_CONTEXT('2D SPACE',''
  ) );
#3916 = ORIENTED_EDGE('',*,*,#3917,.F.);
#3917 = EDGE_CURVE('',#3918,#3897,#3920,.T.);
#3918 = VERTEX_POINT('',#3919);
#3919 = CARTESIAN_POINT('',(15.89,0.698103596347,-8.8));
#3920 = SURFACE_CURVE('',#3921,(#3926,#3933),.PCURVE_S1.);
#3921 = CIRCLE('',#3922,0.501896403653);
#3922 = AXIS2_PLACEMENT_3D('',#3923,#3924,#3925);
#3923 = CARTESIAN_POINT('',(15.89,1.2,-8.8));
#3924 = DIRECTION('',(1.,0.,-0.));
#3925 = DIRECTION('',(0.,0.,1.));
#3926 = PCURVE('',#1591,#3927);
#3927 = DEFINITIONAL_REPRESENTATION('',(#3928),#3932);
#3928 = CIRCLE('',#3929,0.501896403653);
#3929 = AXIS2_PLACEMENT_2D('',#3930,#3931);
#3930 = CARTESIAN_POINT('',(33.45,-15.2));
#3931 = DIRECTION('',(1.,0.));
#3932 = ( GEOMETRIC_REPRESENTATION_CONTEXT(2) 
PARAMETRIC_REPRESENTATION_CONTEXT() REPRESENTATION_CONTEXT('2D SPACE',''
  ) );
#3933 = PCURVE('',#3934,#3939);
#3934 = SPHERICAL_SURFACE('',#3935,1.2);
#3935 = AXIS2_PLACEMENT_3D('',#3936,#3937,#3938);
#3936 = CARTESIAN_POINT('',(14.8,1.2,-8.8));
#3937 = DIRECTION('',(0.,0.,1.));
#3938 = DIRECTION('',(1.,0.,-0.));
#3939 = DEFINITIONAL_REPRESENTATION('',(#3940),#3955);
#3940 = B_SPLINE_CURVE_WITH_KNOTS('',7,(#3941,#3942,#3943,#3944,#3945,
    #3946,#3947,#3948,#3949,#3950,#3951,#3952,#3953,#3954),
  .UNSPECIFIED.,.F.,.F.,(8,6,8),(1.570796326795,2.356194490192,
    3.14159265359),.UNSPECIFIED.);
#3941 = CARTESIAN_POINT('',(-0.431514555711,0.));
#3942 = CARTESIAN_POINT('',(-0.431514555711,-4.692720400536E-02));
#3943 = CARTESIAN_POINT('',(-0.425934596263,-9.385488612935E-02));
#3944 = CARTESIAN_POINT('',(-0.41477618345,-0.139984148635));
#3945 = CARTESIAN_POINT('',(-0.398027901102,-0.184525669729));
#3946 = CARTESIAN_POINT('',(-0.375674121843,-0.226651153507));
#3947 = CARTESIAN_POINT('',(-0.347796247456,-0.265499203112));
#3948 = CARTESIAN_POINT('',(-0.281736709722,-0.334972031076));
#3949 = CARTESIAN_POINT('',(-0.243553981257,-0.365597372802));
#3950 = CARTESIAN_POINT('',(-0.200591447636,-0.391279363097));
#3951 = CARTESIAN_POINT('',(-0.153479733457,-0.411226507437));
#3952 = CARTESIAN_POINT('',(-0.103325287476,-0.424751916643));
#3953 = CARTESIAN_POINT('',(-5.166297688663E-02,-0.431514555711));
#3954 = CARTESIAN_POINT('',(0.,-0.431514555711));
#3955 = ( GEOMETRIC_REPRESENTATION_CONTEXT(2) 
PARAMETRIC_REPRESENTATION_CONTEXT() REPRESENTATION_CONTEXT('2D SPACE',''
  ) );
#3956 = ORIENTED_EDGE('',*,*,#3957,.T.);
#3957 = EDGE_CURVE('',#3918,#3958,#3960,.T.);
#3958 = VERTEX_POINT('',#3959);
#3959 = CARTESIAN_POINT('',(15.89,0.698103596347,-2.25));
#3960 = SURFACE_CURVE('',#3961,(#3965,#3971),.PCURVE_S1.);
#3961 = LINE('',#3962,#3963);
#3962 = CARTESIAN_POINT('',(15.89,0.698103596347,-10.));
#3963 = VECTOR('',#3964,1.);
#3964 = DIRECTION('',(0.,0.,1.));
#3965 = PCURVE('',#1591,#3966);
#3966 = DEFINITIONAL_REPRESENTATION('',(#3967),#3970);
#3967 = B_SPLINE_CURVE_WITH_KNOTS('',1,(#3968,#3969),.UNSPECIFIED.,.F.,
  .F.,(2,2),(1.1999994,11.45),.PIECEWISE_BEZIER_KNOTS.);
#3968 = CARTESIAN_POINT('',(33.4499994,-14.69810359634));
#3969 = CARTESIAN_POINT('',(43.7,-14.69810359634));
#3970 = ( GEOMETRIC_REPRESENTATION_CONTEXT(2) 
PARAMETRIC_REPRESENTATION_CONTEXT() REPRESENTATION_CONTEXT('2D SPACE',''
  ) );
#3971 = PCURVE('',#1880,#3972);
#3972 = DEFINITIONAL_REPRESENTATION('',(#3973),#3976);
#3973 = B_SPLINE_CURVE_WITH_KNOTS('',1,(#3974,#3975),.UNSPECIFIED.,.F.,
  .F.,(2,2),(1.1999994,11.45),.PIECEWISE_BEZIER_KNOTS.);
#3974 = CARTESIAN_POINT('',(-0.431514555711,1.1999994));
#3975 = CARTESIAN_POINT('',(-0.431514555711,11.45));
#3976 = ( GEOMETRIC_REPRESENTATION_CONTEXT(2) 
PARAMETRIC_REPRESENTATION_CONTEXT() REPRESENTATION_CONTEXT('2D SPACE',''
  ) );
#3977 = ORIENTED_EDGE('',*,*,#3978,.F.);
#3978 = EDGE_CURVE('',#1970,#3958,#3979,.T.);
#3979 = SURFACE_CURVE('',#3980,(#3984,#3991),.PCURVE_S1.);
#3980 = LINE('',#3981,#3982);
#3981 = CARTESIAN_POINT('',(15.89,-14.,-2.25));
#3982 = VECTOR('',#3983,1.);
#3983 = DIRECTION('',(-0.,1.,0.));
#3984 = PCURVE('',#1591,#3985);
#3985 = DEFINITIONAL_REPRESENTATION('',(#3986),#3990);
#3986 = LINE('',#3987,#3988);
#3987 = CARTESIAN_POINT('',(40.,0.));
#3988 = VECTOR('',#3989,1.);
#3989 = DIRECTION('',(0.,-1.));
#3990 = ( GEOMETRIC_REPRESENTATION_CONTEXT(2) 
PARAMETRIC_REPRESENTATION_CONTEXT() REPRESENTATION_CONTEXT('2D SPACE',''
  ) );
#3991 = PCURVE('',#1906,#3992);
#3992 = DEFINITIONAL_REPRESENTATION('',(#3993),#3997);
#3993 = LINE('',#3994,#3995);
#3994 = CARTESIAN_POINT('',(-0.,0.));
#3995 = VECTOR('',#3996,1.);
#3996 = DIRECTION('',(-0.,1.));
#3997 = ( GEOMETRIC_REPRESENTATION_CONTEXT(2) 
PARAMETRIC_REPRESENTATION_CONTEXT() REPRESENTATION_CONTEXT('2D SPACE',''
  ) );
#3998 = ADVANCED_FACE('',(#3999),#1713,.T.);
#3999 = FACE_BOUND('',#4000,.T.);
#4000 = EDGE_LOOP('',(#4001,#4023,#4051,#4078,#4106,#4126,#4127,#4128));
#4001 = ORIENTED_EDGE('',*,*,#4002,.F.);
#4002 = EDGE_CURVE('',#4003,#1775,#4005,.T.);
#4003 = VERTEX_POINT('',#4004);
#4004 = CARTESIAN_POINT('',(14.8,1.2,-10.));
#4005 = SURFACE_CURVE('',#4006,(#4011,#4017),.PCURVE_S1.);
#4006 = CIRCLE('',#4007,1.2);
#4007 = AXIS2_PLACEMENT_3D('',#4008,#4009,#4010);
#4008 = CARTESIAN_POINT('',(14.8,1.2,-8.8));
#4009 = DIRECTION('',(0.,-1.,0.));
#4010 = DIRECTION('',(1.,0.,0.));
#4011 = PCURVE('',#1713,#4012);
#4012 = DEFINITIONAL_REPRESENTATION('',(#4013),#4016);
#4013 = B_SPLINE_CURVE_WITH_KNOTS('',1,(#4014,#4015),.UNSPECIFIED.,.F.,
  .F.,(2,2),(4.712388980385,6.28318530718),.PIECEWISE_BEZIER_KNOTS.);
#4014 = CARTESIAN_POINT('',(1.570796326795,1.2));
#4015 = CARTESIAN_POINT('',(0.,1.2));
#4016 = ( GEOMETRIC_REPRESENTATION_CONTEXT(2) 
PARAMETRIC_REPRESENTATION_CONTEXT() REPRESENTATION_CONTEXT('2D SPACE',''
  ) );
#4017 = PCURVE('',#1812,#4018);
#4018 = DEFINITIONAL_REPRESENTATION('',(#4019),#4022);
#4019 = B_SPLINE_CURVE_WITH_KNOTS('',1,(#4020,#4021),.UNSPECIFIED.,.F.,
  .F.,(2,2),(4.712388980385,6.28318530718),.PIECEWISE_BEZIER_KNOTS.);
#4020 = CARTESIAN_POINT('',(0.,-1.570796326795));
#4021 = CARTESIAN_POINT('',(0.,0.));
#4022 = ( GEOMETRIC_REPRESENTATION_CONTEXT(2) 
PARAMETRIC_REPRESENTATION_CONTEXT() REPRESENTATION_CONTEXT('2D SPACE',''
  ) );
#4023 = ORIENTED_EDGE('',*,*,#4024,.T.);
#4024 = EDGE_CURVE('',#4003,#4025,#4027,.T.);
#4025 = VERTEX_POINT('',#4026);
#4026 = CARTESIAN_POINT('',(14.8,25.3,-10.));
#4027 = SURFACE_CURVE('',#4028,(#4032,#4039),.PCURVE_S1.);
#4028 = LINE('',#4029,#4030);
#4029 = CARTESIAN_POINT('',(14.8,0.,-10.));
#4030 = VECTOR('',#4031,1.);
#4031 = DIRECTION('',(-0.,1.,0.));
#4032 = PCURVE('',#1713,#4033);
#4033 = DEFINITIONAL_REPRESENTATION('',(#4034),#4038);
#4034 = LINE('',#4035,#4036);
#4035 = CARTESIAN_POINT('',(1.570796326795,0.));
#4036 = VECTOR('',#4037,1.);
#4037 = DIRECTION('',(0.,1.));
#4038 = ( GEOMETRIC_REPRESENTATION_CONTEXT(2) 
PARAMETRIC_REPRESENTATION_CONTEXT() REPRESENTATION_CONTEXT('2D SPACE',''
  ) );
#4039 = PCURVE('',#4040,#4045);
#4040 = PLANE('',#4041);
#4041 = AXIS2_PLACEMENT_3D('',#4042,#4043,#4044);
#4042 = CARTESIAN_POINT('',(13.,0.,-10.));
#4043 = DIRECTION('',(0.,0.,1.));
#4044 = DIRECTION('',(1.,0.,-0.));
#4045 = DEFINITIONAL_REPRESENTATION('',(#4046),#4050);
#4046 = LINE('',#4047,#4048);
#4047 = CARTESIAN_POINT('',(1.8,0.));
#4048 = VECTOR('',#4049,1.);
#4049 = DIRECTION('',(0.,1.));
#4050 = ( GEOMETRIC_REPRESENTATION_CONTEXT(2) 
PARAMETRIC_REPRESENTATION_CONTEXT() REPRESENTATION_CONTEXT('2D SPACE',''
  ) );
#4051 = ORIENTED_EDGE('',*,*,#4052,.T.);
#4052 = EDGE_CURVE('',#4025,#4053,#4055,.T.);
#4053 = VERTEX_POINT('',#4054);
#4054 = CARTESIAN_POINT('',(16.,25.3,-8.8));
#4055 = SURFACE_CURVE('',#4056,(#4061,#4067),.PCURVE_S1.);
#4056 = CIRCLE('',#4057,1.2);
#4057 = AXIS2_PLACEMENT_3D('',#4058,#4059,#4060);
#4058 = CARTESIAN_POINT('',(14.8,25.3,-8.8));
#4059 = DIRECTION('',(0.,-1.,0.));
#4060 = DIRECTION('',(1.,0.,0.));
#4061 = PCURVE('',#1713,#4062);
#4062 = DEFINITIONAL_REPRESENTATION('',(#4063),#4066);
#4063 = B_SPLINE_CURVE_WITH_KNOTS('',1,(#4064,#4065),.UNSPECIFIED.,.F.,
  .F.,(2,2),(4.712388980385,6.28318530718),.PIECEWISE_BEZIER_KNOTS.);
#4064 = CARTESIAN_POINT('',(1.570796326795,25.3));
#4065 = CARTESIAN_POINT('',(0.,25.3));
#4066 = ( GEOMETRIC_REPRESENTATION_CONTEXT(2) 
PARAMETRIC_REPRESENTATION_CONTEXT() REPRESENTATION_CONTEXT('2D SPACE',''
  ) );
#4067 = PCURVE('',#4068,#4073);
#4068 = SPHERICAL_SURFACE('',#4069,1.2);
#4069 = AXIS2_PLACEMENT_3D('',#4070,#4071,#4072);
#4070 = CARTESIAN_POINT('',(14.8,25.3,-8.8));
#4071 = DIRECTION('',(0.,0.,1.));
#4072 = DIRECTION('',(1.,0.,-0.));
#4073 = DEFINITIONAL_REPRESENTATION('',(#4074),#4077);
#4074 = B_SPLINE_CURVE_WITH_KNOTS('',1,(#4075,#4076),.UNSPECIFIED.,.F.,
  .F.,(2,2),(4.712388980385,6.28318530718),.PIECEWISE_BEZIER_KNOTS.);
#4075 = CARTESIAN_POINT('',(0.,-1.570796326795));
#4076 = CARTESIAN_POINT('',(0.,0.));
#4077 = ( GEOMETRIC_REPRESENTATION_CONTEXT(2) 
PARAMETRIC_REPRESENTATION_CONTEXT() REPRESENTATION_CONTEXT('2D SPACE',''
  ) );
#4078 = ORIENTED_EDGE('',*,*,#4079,.F.);
#4079 = EDGE_CURVE('',#4080,#4053,#4082,.T.);
#4080 = VERTEX_POINT('',#4081);
#4081 = CARTESIAN_POINT('',(16.,1.2,-8.8));
#4082 = SURFACE_CURVE('',#4083,(#4087,#4094),.PCURVE_S1.);
#4083 = LINE('',#4084,#4085);
#4084 = CARTESIAN_POINT('',(16.,0.,-8.8));
#4085 = VECTOR('',#4086,1.);
#4086 = DIRECTION('',(-0.,1.,0.));
#4087 = PCURVE('',#1713,#4088);
#4088 = DEFINITIONAL_REPRESENTATION('',(#4089),#4093);
#4089 = LINE('',#4090,#4091);
#4090 = CARTESIAN_POINT('',(0.,0.));
#4091 = VECTOR('',#4092,1.);
#4092 = DIRECTION('',(0.,1.));
#4093 = ( GEOMETRIC_REPRESENTATION_CONTEXT(2) 
PARAMETRIC_REPRESENTATION_CONTEXT() REPRESENTATION_CONTEXT('2D SPACE',''
  ) );
#4094 = PCURVE('',#4095,#4100);
#4095 = PLANE('',#4096);
#4096 = AXIS2_PLACEMENT_3D('',#4097,#4098,#4099);
#4097 = CARTESIAN_POINT('',(16.,0.,-10.));
#4098 = DIRECTION('',(1.,0.,-0.));
#4099 = DIRECTION('',(0.,0.,1.));
#4100 = DEFINITIONAL_REPRESENTATION('',(#4101),#4105);
#4101 = LINE('',#4102,#4103);
#4102 = CARTESIAN_POINT('',(1.2,0.));
#4103 = VECTOR('',#4104,1.);
#4104 = DIRECTION('',(0.,-1.));
#4105 = ( GEOMETRIC_REPRESENTATION_CONTEXT(2) 
PARAMETRIC_REPRESENTATION_CONTEXT() REPRESENTATION_CONTEXT('2D SPACE',''
  ) );
#4106 = ORIENTED_EDGE('',*,*,#4107,.F.);
#4107 = EDGE_CURVE('',#3897,#4080,#4108,.T.);
#4108 = SURFACE_CURVE('',#4109,(#4114,#4120),.PCURVE_S1.);
#4109 = CIRCLE('',#4110,1.2);
#4110 = AXIS2_PLACEMENT_3D('',#4111,#4112,#4113);
#4111 = CARTESIAN_POINT('',(14.8,1.2,-8.8));
#4112 = DIRECTION('',(0.,-1.,0.));
#4113 = DIRECTION('',(1.,0.,0.));
#4114 = PCURVE('',#1713,#4115);
#4115 = DEFINITIONAL_REPRESENTATION('',(#4116),#4119);
#4116 = B_SPLINE_CURVE_WITH_KNOTS('',1,(#4117,#4118),.UNSPECIFIED.,.F.,
  .F.,(2,2),(4.712388980385,6.28318530718),.PIECEWISE_BEZIER_KNOTS.);
#4117 = CARTESIAN_POINT('',(1.570796326795,1.2));
#4118 = CARTESIAN_POINT('',(0.,1.2));
#4119 = ( GEOMETRIC_REPRESENTATION_CONTEXT(2) 
PARAMETRIC_REPRESENTATION_CONTEXT() REPRESENTATION_CONTEXT('2D SPACE',''
  ) );
#4120 = PCURVE('',#3934,#4121);
#4121 = DEFINITIONAL_REPRESENTATION('',(#4122),#4125);
#4122 = B_SPLINE_CURVE_WITH_KNOTS('',1,(#4123,#4124),.UNSPECIFIED.,.F.,
  .F.,(2,2),(4.712388980385,6.28318530718),.PIECEWISE_BEZIER_KNOTS.);
#4123 = CARTESIAN_POINT('',(0.,-1.570796326795));
#4124 = CARTESIAN_POINT('',(0.,0.));
#4125 = ( GEOMETRIC_REPRESENTATION_CONTEXT(2) 
PARAMETRIC_REPRESENTATION_CONTEXT() REPRESENTATION_CONTEXT('2D SPACE',''
  ) );
#4126 = ORIENTED_EDGE('',*,*,#3896,.T.);
#4127 = ORIENTED_EDGE('',*,*,#1653,.T.);
#4128 = ORIENTED_EDGE('',*,*,#1774,.F.);
#4129 = ADVANCED_FACE('',(#4130),#1618,.T.);
#4130 = FACE_BOUND('',#4131,.T.);
#4131 = EDGE_LOOP('',(#4132,#4133,#4134));
#4132 = ORIENTED_EDGE('',*,*,#3387,.F.);
#4133 = ORIENTED_EDGE('',*,*,#2875,.T.);
#4134 = ORIENTED_EDGE('',*,*,#1603,.F.);
#4135 = ADVANCED_FACE('',(#4136),#1932,.T.);
#4136 = FACE_BOUND('',#4137,.T.);
#4137 = EDGE_LOOP('',(#4138,#4158,#4159));
#4138 = ORIENTED_EDGE('',*,*,#4139,.F.);
#4139 = EDGE_CURVE('',#1892,#1970,#4140,.T.);
#4140 = SURFACE_CURVE('',#4141,(#4146,#4152),.PCURVE_S1.);
#4141 = CIRCLE('',#4142,3.);
#4142 = AXIS2_PLACEMENT_3D('',#4143,#4144,#4145);
#4143 = CARTESIAN_POINT('',(12.89,-11.,-2.25));
#4144 = DIRECTION('',(-0.,1.,0.));
#4145 = DIRECTION('',(1.,0.,0.));
#4146 = PCURVE('',#1932,#4147);
#4147 = DEFINITIONAL_REPRESENTATION('',(#4148),#4151);
#4148 = B_SPLINE_CURVE_WITH_KNOTS('',1,(#4149,#4150),.UNSPECIFIED.,.F.,
  .F.,(2,2),(4.712388980385,6.28318530718),.PIECEWISE_BEZIER_KNOTS.);
#4149 = CARTESIAN_POINT('',(0.,-1.570796326795));
#4150 = CARTESIAN_POINT('',(0.,0.));
#4151 = ( GEOMETRIC_REPRESENTATION_CONTEXT(2) 
PARAMETRIC_REPRESENTATION_CONTEXT() REPRESENTATION_CONTEXT('2D SPACE',''
  ) );
#4152 = PCURVE('',#1906,#4153);
#4153 = DEFINITIONAL_REPRESENTATION('',(#4154),#4157);
#4154 = B_SPLINE_CURVE_WITH_KNOTS('',1,(#4155,#4156),.UNSPECIFIED.,.F.,
  .F.,(2,2),(4.712388980385,6.28318530718),.PIECEWISE_BEZIER_KNOTS.);
#4155 = CARTESIAN_POINT('',(-1.570796326795,3.));
#4156 = CARTESIAN_POINT('',(0.,3.));
#4157 = ( GEOMETRIC_REPRESENTATION_CONTEXT(2) 
PARAMETRIC_REPRESENTATION_CONTEXT() REPRESENTATION_CONTEXT('2D SPACE',''
  ) );
#4158 = ORIENTED_EDGE('',*,*,#1917,.T.);
#4159 = ORIENTED_EDGE('',*,*,#2022,.F.);
#4160 = ADVANCED_FACE('',(#4161),#1906,.T.);
#4161 = FACE_BOUND('',#4162,.F.);
#4162 = EDGE_LOOP('',(#4163,#4164,#4165,#4246));
#4163 = ORIENTED_EDGE('',*,*,#4139,.F.);
#4164 = ORIENTED_EDGE('',*,*,#1891,.T.);
#4165 = ORIENTED_EDGE('',*,*,#4166,.F.);
#4166 = EDGE_CURVE('',#3958,#1866,#4167,.T.);
#4167 = SURFACE_CURVE('',#4168,(#4192,#4219),.PCURVE_S1.);
#4168 = B_SPLINE_CURVE_WITH_KNOTS('',8,(#4169,#4170,#4171,#4172,#4173,
    #4174,#4175,#4176,#4177,#4178,#4179,#4180,#4181,#4182,#4183,#4184,
    #4185,#4186,#4187,#4188,#4189,#4190,#4191),.UNSPECIFIED.,.F.,.F.,(9,
    7,7,9),(0.,0.304599145581,0.453242389809,1.),.UNSPECIFIED.);
#4169 = CARTESIAN_POINT('',(15.89,0.698103596347,-2.25));
#4170 = CARTESIAN_POINT('',(15.89,0.698103596347,-2.147010802981));
#4171 = CARTESIAN_POINT('',(15.885959154355,0.689328077029,
    -2.047476496767));
#4172 = CARTESIAN_POINT('',(15.878352903502,0.672808347737,
    -1.949938899229));
#4173 = CARTESIAN_POINT('',(15.867279802944,0.649801899208,
    -1.853469497817));
#4174 = CARTESIAN_POINT('',(15.852719293913,0.621737545628,
    -1.757868352607));
#4175 = CARTESIAN_POINT('',(15.834746815157,0.590119722327,
    -1.663556346272));
#4176 = CARTESIAN_POINT('',(15.813682337437,0.556429192994,
    -1.571367232434));
#4177 = CARTESIAN_POINT('',(15.778663929957,0.5052841237,-1.439052672491
    ));
#4178 = CARTESIAN_POINT('',(15.766464435757,0.488163004042,
    -1.39595758645));
#4179 = CARTESIAN_POINT('',(15.753555822833,0.470786024599,
    -1.353159046066));
#4180 = CARTESIAN_POINT('',(15.739941762883,0.453231033066,
    -1.310650184057));
#4181 = CARTESIAN_POINT('',(15.725622385938,0.43556337063,
    -1.268418403463));
#4182 = CARTESIAN_POINT('',(15.710592970125,0.417837481062,
    -1.226444885656));
#4183 = CARTESIAN_POINT('',(15.694842631423,0.400098519811,
    -1.184704098347));
#4184 = CARTESIAN_POINT('',(15.617698900463,0.317224131959,
    -0.990362913788));
#4185 = CARTESIAN_POINT('',(15.547426177655,0.252809128116,
    -0.841236334915));
#4186 = CARTESIAN_POINT('',(15.466856294602,0.191020134041,
    -0.694164712132));
#4187 = CARTESIAN_POINT('',(15.375128032018,0.133573900917,
    -0.549218208768));
#4188 = CARTESIAN_POINT('',(15.271580047299,8.285338687969E-02,
    -0.407133231422));
#4189 = CARTESIAN_POINT('',(15.155867945839,4.173125702479E-02,
    -0.269314046306));
#4190 = CARTESIAN_POINT('',(15.02824327459,1.37772893754E-02,
    -0.137580566266));
#4191 = CARTESIAN_POINT('',(14.89,3.379759489251E-03,-1.393202250021E-02
    ));
#4192 = PCURVE('',#1906,#4193);
#4193 = DEFINITIONAL_REPRESENTATION('',(#4194),#4218);
#4194 = B_SPLINE_CURVE_WITH_KNOTS('',8,(#4195,#4196,#4197,#4198,#4199,
    #4200,#4201,#4202,#4203,#4204,#4205,#4206,#4207,#4208,#4209,#4210,
    #4211,#4212,#4213,#4214,#4215,#4216,#4217),.UNSPECIFIED.,.F.,.F.,(9,
    7,7,9),(0.,0.304599145581,0.453242389809,1.),.UNSPECIFIED.);
#4195 = CARTESIAN_POINT('',(0.,14.698103596347));
#4196 = CARTESIAN_POINT('',(-3.432973233972E-02,14.698103596347));
#4197 = CARTESIAN_POINT('',(-6.750783372409E-02,14.689328077029));
#4198 = CARTESIAN_POINT('',(-0.100082011308,14.672808347737));
#4199 = CARTESIAN_POINT('',(-0.132406110317,14.649801899208));
#4200 = CARTESIAN_POINT('',(-0.164596368442,14.621737545628));
#4201 = CARTESIAN_POINT('',(-0.196563941182,14.590119722327));
#4202 = CARTESIAN_POINT('',(-0.228067320378,14.556429192994));
#4203 = CARTESIAN_POINT('',(-0.273690696008,14.5052841237));
#4204 = CARTESIAN_POINT('',(-0.288618009544,14.488163004042));
#4205 = CARTESIAN_POINT('',(-0.303515367422,14.470786024599));
#4206 = CARTESIAN_POINT('',(-0.31838965013,14.453231033066));
#4207 = CARTESIAN_POINT('',(-0.33324982411,14.43556337063));
#4208 = CARTESIAN_POINT('',(-0.348107305912,14.417837481062));
#4209 = CARTESIAN_POINT('',(-0.362976326344,14.400098519811));
#4210 = CARTESIAN_POINT('',(-0.432673808558,14.317224131959));
#4211 = CARTESIAN_POINT('',(-0.487518062882,14.252809128116));
#4212 = CARTESIAN_POINT('',(-0.543242510385,14.191020134041));
#4213 = CARTESIAN_POINT('',(-0.600185220206,14.133573900917));
#4214 = CARTESIAN_POINT('',(-0.658526533023,14.08285338688));
#4215 = CARTESIAN_POINT('',(-0.718261619017,14.041731257025));
#4216 = CARTESIAN_POINT('',(-0.779244398685,14.013777289375));
#4217 = CARTESIAN_POINT('',(-0.841068670568,14.003379759489));
#4218 = ( GEOMETRIC_REPRESENTATION_CONTEXT(2) 
PARAMETRIC_REPRESENTATION_CONTEXT() REPRESENTATION_CONTEXT('2D SPACE',''
  ) );
#4219 = PCURVE('',#1880,#4220);
#4220 = DEFINITIONAL_REPRESENTATION('',(#4221),#4245);
#4221 = B_SPLINE_CURVE_WITH_KNOTS('',8,(#4222,#4223,#4224,#4225,#4226,
    #4227,#4228,#4229,#4230,#4231,#4232,#4233,#4234,#4235,#4236,#4237,
    #4238,#4239,#4240,#4241,#4242,#4243,#4244),.UNSPECIFIED.,.F.,.F.,(9,
    7,7,9),(0.,0.304599145581,0.453242389809,1.),.UNSPECIFIED.);
#4222 = CARTESIAN_POINT('',(-0.431514555711,7.75));
#4223 = CARTESIAN_POINT('',(-0.431514555711,7.852989197019));
#4224 = CARTESIAN_POINT('',(-0.439565134089,7.952523503233));
#4225 = CARTESIAN_POINT('',(-0.454722338493,8.050061100771));
#4226 = CARTESIAN_POINT('',(-0.475993521852,8.146530502183));
#4227 = CARTESIAN_POINT('',(-0.50231424086,8.242131647393));
#4228 = CARTESIAN_POINT('',(-0.532578457354,8.336443653728));
#4229 = CARTESIAN_POINT('',(-0.56566150214,8.428632767566));
#4230 = CARTESIAN_POINT('',(-0.617315445302,8.560947327509));
#4231 = CARTESIAN_POINT('',(-0.634831370703,8.60404241355));
#4232 = CARTESIAN_POINT('',(-0.652864586977,8.646840953934));
#4233 = CARTESIAN_POINT('',(-0.671369260199,8.689349815943));
#4234 = CARTESIAN_POINT('',(-0.690311699425,8.731581596537));
#4235 = CARTESIAN_POINT('',(-0.709669883522,8.773555114344));
#4236 = CARTESIAN_POINT('',(-0.729432988009,8.815295901653));
#4237 = CARTESIAN_POINT('',(-0.823785015707,9.009637086212));
#4238 = CARTESIAN_POINT('',(-0.902976221175,9.158763665085));
#4239 = CARTESIAN_POINT('',(-0.987033933107,9.305835287869));
#4240 = CARTESIAN_POINT('',(-1.07637594315,9.450781791231));
#4241 = CARTESIAN_POINT('',(-1.171320800285,9.592866768579));
#4242 = CARTESIAN_POINT('',(-1.272396404633,9.730685953694));
#4243 = CARTESIAN_POINT('',(-1.380197725872,9.862419433734));
#4244 = CARTESIAN_POINT('',(-1.495725835718,9.9860679775));
#4245 = ( GEOMETRIC_REPRESENTATION_CONTEXT(2) 
PARAMETRIC_REPRESENTATION_CONTEXT() REPRESENTATION_CONTEXT('2D SPACE',''
  ) );
#4246 = ORIENTED_EDGE('',*,*,#3978,.F.);
#4247 = ADVANCED_FACE('',(#4248),#1880,.T.);
#4248 = FACE_BOUND('',#4249,.F.);
#4249 = EDGE_LOOP('',(#4250,#4273,#4295,#4296,#4297,#4298,#4322,#4350));
#4250 = ORIENTED_EDGE('',*,*,#4251,.F.);
#4251 = EDGE_CURVE('',#4080,#4252,#4254,.T.);
#4252 = VERTEX_POINT('',#4253);
#4253 = CARTESIAN_POINT('',(16.,1.2,8.8));
#4254 = SURFACE_CURVE('',#4255,(#4259,#4266),.PCURVE_S1.);
#4255 = LINE('',#4256,#4257);
#4256 = CARTESIAN_POINT('',(16.,1.2,-10.));
#4257 = VECTOR('',#4258,1.);
#4258 = DIRECTION('',(0.,0.,1.));
#4259 = PCURVE('',#1880,#4260);
#4260 = DEFINITIONAL_REPRESENTATION('',(#4261),#4265);
#4261 = LINE('',#4262,#4263);
#4262 = CARTESIAN_POINT('',(-0.,0.));
#4263 = VECTOR('',#4264,1.);
#4264 = DIRECTION('',(-0.,1.));
#4265 = ( GEOMETRIC_REPRESENTATION_CONTEXT(2) 
PARAMETRIC_REPRESENTATION_CONTEXT() REPRESENTATION_CONTEXT('2D SPACE',''
  ) );
#4266 = PCURVE('',#4095,#4267);
#4267 = DEFINITIONAL_REPRESENTATION('',(#4268),#4272);
#4268 = LINE('',#4269,#4270);
#4269 = CARTESIAN_POINT('',(0.,-1.2));
#4270 = VECTOR('',#4271,1.);
#4271 = DIRECTION('',(1.,0.));
#4272 = ( GEOMETRIC_REPRESENTATION_CONTEXT(2) 
PARAMETRIC_REPRESENTATION_CONTEXT() REPRESENTATION_CONTEXT('2D SPACE',''
  ) );
#4273 = ORIENTED_EDGE('',*,*,#4274,.T.);
#4274 = EDGE_CURVE('',#4080,#3918,#4275,.T.);
#4275 = SURFACE_CURVE('',#4276,(#4281,#4288),.PCURVE_S1.);
#4276 = CIRCLE('',#4277,1.2);
#4277 = AXIS2_PLACEMENT_3D('',#4278,#4279,#4280);
#4278 = CARTESIAN_POINT('',(14.8,1.2,-8.8));
#4279 = DIRECTION('',(0.,-0.,-1.));
#4280 = DIRECTION('',(1.,0.,-0.));
#4281 = PCURVE('',#1880,#4282);
#4282 = DEFINITIONAL_REPRESENTATION('',(#4283),#4287);
#4283 = LINE('',#4284,#4285);
#4284 = CARTESIAN_POINT('',(-0.,1.2));
#4285 = VECTOR('',#4286,1.);
#4286 = DIRECTION('',(-1.,0.));
#4287 = ( GEOMETRIC_REPRESENTATION_CONTEXT(2) 
PARAMETRIC_REPRESENTATION_CONTEXT() REPRESENTATION_CONTEXT('2D SPACE',''
  ) );
#4288 = PCURVE('',#3934,#4289);
#4289 = DEFINITIONAL_REPRESENTATION('',(#4290),#4294);
#4290 = LINE('',#4291,#4292);
#4291 = CARTESIAN_POINT('',(-0.,0.));
#4292 = VECTOR('',#4293,1.);
#4293 = DIRECTION('',(-1.,0.));
#4294 = ( GEOMETRIC_REPRESENTATION_CONTEXT(2) 
PARAMETRIC_REPRESENTATION_CONTEXT() REPRESENTATION_CONTEXT('2D SPACE',''
  ) );
#4295 = ORIENTED_EDGE('',*,*,#3957,.T.);
#4296 = ORIENTED_EDGE('',*,*,#4166,.T.);
#4297 = ORIENTED_EDGE('',*,*,#1865,.F.);
#4298 = ORIENTED_EDGE('',*,*,#4299,.T.);
#4299 = EDGE_CURVE('',#1796,#4300,#4302,.T.);
#4300 = VERTEX_POINT('',#4301);
#4301 = CARTESIAN_POINT('',(14.8,0.,-8.8));
#4302 = SURFACE_CURVE('',#4303,(#4308,#4315),.PCURVE_S1.);
#4303 = CIRCLE('',#4304,1.2);
#4304 = AXIS2_PLACEMENT_3D('',#4305,#4306,#4307);
#4305 = CARTESIAN_POINT('',(14.8,1.2,-8.8));
#4306 = DIRECTION('',(0.,-0.,-1.));
#4307 = DIRECTION('',(1.,0.,-0.));
#4308 = PCURVE('',#1880,#4309);
#4309 = DEFINITIONAL_REPRESENTATION('',(#4310),#4314);
#4310 = LINE('',#4311,#4312);
#4311 = CARTESIAN_POINT('',(-0.,1.2));
#4312 = VECTOR('',#4313,1.);
#4313 = DIRECTION('',(-1.,0.));
#4314 = ( GEOMETRIC_REPRESENTATION_CONTEXT(2) 
PARAMETRIC_REPRESENTATION_CONTEXT() REPRESENTATION_CONTEXT('2D SPACE',''
  ) );
#4315 = PCURVE('',#1812,#4316);
#4316 = DEFINITIONAL_REPRESENTATION('',(#4317),#4321);
#4317 = LINE('',#4318,#4319);
#4318 = CARTESIAN_POINT('',(-0.,0.));
#4319 = VECTOR('',#4320,1.);
#4320 = DIRECTION('',(-1.,0.));
#4321 = ( GEOMETRIC_REPRESENTATION_CONTEXT(2) 
PARAMETRIC_REPRESENTATION_CONTEXT() REPRESENTATION_CONTEXT('2D SPACE',''
  ) );
#4322 = ORIENTED_EDGE('',*,*,#4323,.T.);
#4323 = EDGE_CURVE('',#4300,#4324,#4326,.T.);
#4324 = VERTEX_POINT('',#4325);
#4325 = CARTESIAN_POINT('',(14.8,0.,8.8));
#4326 = SURFACE_CURVE('',#4327,(#4331,#4338),.PCURVE_S1.);
#4327 = LINE('',#4328,#4329);
#4328 = CARTESIAN_POINT('',(14.8,0.,-10.));
#4329 = VECTOR('',#4330,1.);
#4330 = DIRECTION('',(0.,0.,1.));
#4331 = PCURVE('',#1880,#4332);
#4332 = DEFINITIONAL_REPRESENTATION('',(#4333),#4337);
#4333 = LINE('',#4334,#4335);
#4334 = CARTESIAN_POINT('',(-1.570796326795,0.));
#4335 = VECTOR('',#4336,1.);
#4336 = DIRECTION('',(-0.,1.));
#4337 = ( GEOMETRIC_REPRESENTATION_CONTEXT(2) 
PARAMETRIC_REPRESENTATION_CONTEXT() REPRESENTATION_CONTEXT('2D SPACE',''
  ) );
#4338 = PCURVE('',#4339,#4344);
#4339 = PLANE('',#4340);
#4340 = AXIS2_PLACEMENT_3D('',#4341,#4342,#4343);
#4341 = CARTESIAN_POINT('',(13.,0.,-10.));
#4342 = DIRECTION('',(-0.,1.,0.));
#4343 = DIRECTION('',(0.,0.,1.));
#4344 = DEFINITIONAL_REPRESENTATION('',(#4345),#4349);
#4345 = LINE('',#4346,#4347);
#4346 = CARTESIAN_POINT('',(0.,1.8));
#4347 = VECTOR('',#4348,1.);
#4348 = DIRECTION('',(1.,0.));
#4349 = ( GEOMETRIC_REPRESENTATION_CONTEXT(2) 
PARAMETRIC_REPRESENTATION_CONTEXT() REPRESENTATION_CONTEXT('2D SPACE',''
  ) );
#4350 = ORIENTED_EDGE('',*,*,#4351,.F.);
#4351 = EDGE_CURVE('',#4252,#4324,#4352,.T.);
#4352 = SURFACE_CURVE('',#4353,(#4358,#4365),.PCURVE_S1.);
#4353 = CIRCLE('',#4354,1.2);
#4354 = AXIS2_PLACEMENT_3D('',#4355,#4356,#4357);
#4355 = CARTESIAN_POINT('',(14.8,1.2,8.8));
#4356 = DIRECTION('',(0.,0.,-1.));
#4357 = DIRECTION('',(1.,0.,0.));
#4358 = PCURVE('',#1880,#4359);
#4359 = DEFINITIONAL_REPRESENTATION('',(#4360),#4364);
#4360 = LINE('',#4361,#4362);
#4361 = CARTESIAN_POINT('',(-0.,18.8));
#4362 = VECTOR('',#4363,1.);
#4363 = DIRECTION('',(-1.,0.));
#4364 = ( GEOMETRIC_REPRESENTATION_CONTEXT(2) 
PARAMETRIC_REPRESENTATION_CONTEXT() REPRESENTATION_CONTEXT('2D SPACE',''
  ) );
#4365 = PCURVE('',#4366,#4371);
#4366 = SPHERICAL_SURFACE('',#4367,1.2);
#4367 = AXIS2_PLACEMENT_3D('',#4368,#4369,#4370);
#4368 = CARTESIAN_POINT('',(14.8,1.2,8.8));
#4369 = DIRECTION('',(-0.,-0.,-1.));
#4370 = DIRECTION('',(1.,0.,0.));
#4371 = DEFINITIONAL_REPRESENTATION('',(#4372),#4376);
#4372 = LINE('',#4373,#4374);
#4373 = CARTESIAN_POINT('',(0.,0.));
#4374 = VECTOR('',#4375,1.);
#4375 = DIRECTION('',(1.,0.));
#4376 = ( GEOMETRIC_REPRESENTATION_CONTEXT(2) 
PARAMETRIC_REPRESENTATION_CONTEXT() REPRESENTATION_CONTEXT('2D SPACE',''
  ) );
#4377 = ADVANCED_FACE('',(#4378),#1812,.T.);
#4378 = FACE_BOUND('',#4379,.F.);
#4379 = EDGE_LOOP('',(#4380,#4381,#4406,#4407));
#4380 = ORIENTED_EDGE('',*,*,#4002,.F.);
#4381 = ORIENTED_EDGE('',*,*,#4382,.T.);
#4382 = EDGE_CURVE('',#4003,#4300,#4383,.T.);
#4383 = SURFACE_CURVE('',#4384,(#4389,#4395),.PCURVE_S1.);
#4384 = CIRCLE('',#4385,1.2);
#4385 = AXIS2_PLACEMENT_3D('',#4386,#4387,#4388);
#4386 = CARTESIAN_POINT('',(14.8,1.2,-8.8));
#4387 = DIRECTION('',(-1.,-6.123233995737E-17,0.));
#4388 = DIRECTION('',(6.123233995737E-17,-1.,-0.));
#4389 = PCURVE('',#1812,#4390);
#4390 = DEFINITIONAL_REPRESENTATION('',(#4391),#4394);
#4391 = B_SPLINE_CURVE_WITH_KNOTS('',1,(#4392,#4393),.UNSPECIFIED.,.F.,
  .F.,(2,2),(4.712388980385,6.28318530718),.PIECEWISE_BEZIER_KNOTS.);
#4392 = CARTESIAN_POINT('',(-1.570796326795,-1.570796326795));
#4393 = CARTESIAN_POINT('',(-1.570796326795,0.));
#4394 = ( GEOMETRIC_REPRESENTATION_CONTEXT(2) 
PARAMETRIC_REPRESENTATION_CONTEXT() REPRESENTATION_CONTEXT('2D SPACE',''
  ) );
#4395 = PCURVE('',#4396,#4401);
#4396 = CYLINDRICAL_SURFACE('',#4397,1.2);
#4397 = AXIS2_PLACEMENT_3D('',#4398,#4399,#4400);
#4398 = CARTESIAN_POINT('',(13.,1.2,-8.8));
#4399 = DIRECTION('',(1.,0.,-0.));
#4400 = DIRECTION('',(0.,-1.,0.));
#4401 = DEFINITIONAL_REPRESENTATION('',(#4402),#4405);
#4402 = B_SPLINE_CURVE_WITH_KNOTS('',1,(#4403,#4404),.UNSPECIFIED.,.F.,
  .F.,(2,2),(4.712388980385,6.28318530718),.PIECEWISE_BEZIER_KNOTS.);
#4403 = CARTESIAN_POINT('',(1.570796326795,1.8));
#4404 = CARTESIAN_POINT('',(0.,1.8));
#4405 = ( GEOMETRIC_REPRESENTATION_CONTEXT(2) 
PARAMETRIC_REPRESENTATION_CONTEXT() REPRESENTATION_CONTEXT('2D SPACE',''
  ) );
#4406 = ORIENTED_EDGE('',*,*,#4299,.F.);
#4407 = ORIENTED_EDGE('',*,*,#1795,.T.);
#4408 = ADVANCED_FACE('',(#4409),#2007,.T.);
#4409 = FACE_BOUND('',#4410,.F.);
#4410 = EDGE_LOOP('',(#4411,#4412,#4413));
#4411 = ORIENTED_EDGE('',*,*,#3366,.F.);
#4412 = ORIENTED_EDGE('',*,*,#2667,.T.);
#4413 = ORIENTED_EDGE('',*,*,#1992,.F.);
#4414 = ADVANCED_FACE('',(#4415),#2086,.F.);
#4415 = FACE_BOUND('',#4416,.T.);
#4416 = EDGE_LOOP('',(#4417,#4439,#4462,#4482));
#4417 = ORIENTED_EDGE('',*,*,#4418,.F.);
#4418 = EDGE_CURVE('',#4419,#2048,#4421,.T.);
#4419 = VERTEX_POINT('',#4420);
#4420 = CARTESIAN_POINT('',(-31.32,-10.96,-41.75));
#4421 = SURFACE_CURVE('',#4422,(#4427,#4433),.PCURVE_S1.);
#4422 = CIRCLE('',#4423,2.);
#4423 = AXIS2_PLACEMENT_3D('',#4424,#4425,#4426);
#4424 = CARTESIAN_POINT('',(-31.32,-10.96,-39.75));
#4425 = DIRECTION('',(0.,1.,-0.));
#4426 = DIRECTION('',(-1.,0.,0.));
#4427 = PCURVE('',#2086,#4428);
#4428 = DEFINITIONAL_REPRESENTATION('',(#4429),#4432);
#4429 = B_SPLINE_CURVE_WITH_KNOTS('',1,(#4430,#4431),.UNSPECIFIED.,.F.,
  .F.,(2,2),(4.712388980385,6.28318530718),.PIECEWISE_BEZIER_KNOTS.);
#4430 = CARTESIAN_POINT('',(-1.570796326795,2.));
#4431 = CARTESIAN_POINT('',(0.,2.));
#4432 = ( GEOMETRIC_REPRESENTATION_CONTEXT(2) 
PARAMETRIC_REPRESENTATION_CONTEXT() REPRESENTATION_CONTEXT('2D SPACE',''
  ) );
#4433 = PCURVE('',#2141,#4434);
#4434 = DEFINITIONAL_REPRESENTATION('',(#4435),#4438);
#4435 = B_SPLINE_CURVE_WITH_KNOTS('',1,(#4436,#4437),.UNSPECIFIED.,.F.,
  .F.,(2,2),(4.712388980385,6.28318530718),.PIECEWISE_BEZIER_KNOTS.);
#4436 = CARTESIAN_POINT('',(0.,-1.570796326795));
#4437 = CARTESIAN_POINT('',(0.,0.));
#4438 = ( GEOMETRIC_REPRESENTATION_CONTEXT(2) 
PARAMETRIC_REPRESENTATION_CONTEXT() REPRESENTATION_CONTEXT('2D SPACE',''
  ) );
#4439 = ORIENTED_EDGE('',*,*,#4440,.T.);
#4440 = EDGE_CURVE('',#4419,#4441,#4443,.T.);
#4441 = VERTEX_POINT('',#4442);
#4442 = CARTESIAN_POINT('',(-31.32,10.96,-41.75));
#4443 = SURFACE_CURVE('',#4444,(#4448,#4455),.PCURVE_S1.);
#4444 = LINE('',#4445,#4446);
#4445 = CARTESIAN_POINT('',(-31.32,-12.96,-41.75));
#4446 = VECTOR('',#4447,1.);
#4447 = DIRECTION('',(-0.,1.,0.));
#4448 = PCURVE('',#2086,#4449);
#4449 = DEFINITIONAL_REPRESENTATION('',(#4450),#4454);
#4450 = LINE('',#4451,#4452);
#4451 = CARTESIAN_POINT('',(-1.570796326795,0.));
#4452 = VECTOR('',#4453,1.);
#4453 = DIRECTION('',(-0.,1.));
#4454 = ( GEOMETRIC_REPRESENTATION_CONTEXT(2) 
PARAMETRIC_REPRESENTATION_CONTEXT() REPRESENTATION_CONTEXT('2D SPACE',''
  ) );
#4455 = PCURVE('',#2918,#4456);
#4456 = DEFINITIONAL_REPRESENTATION('',(#4457),#4461);
#4457 = LINE('',#4458,#4459);
#4458 = CARTESIAN_POINT('',(2.,0.));
#4459 = VECTOR('',#4460,1.);
#4460 = DIRECTION('',(0.,1.));
#4461 = ( GEOMETRIC_REPRESENTATION_CONTEXT(2) 
PARAMETRIC_REPRESENTATION_CONTEXT() REPRESENTATION_CONTEXT('2D SPACE',''
  ) );
#4462 = ORIENTED_EDGE('',*,*,#4463,.T.);
#4463 = EDGE_CURVE('',#4441,#2071,#4464,.T.);
#4464 = SURFACE_CURVE('',#4465,(#4470,#4476),.PCURVE_S1.);
#4465 = CIRCLE('',#4466,2.);
#4466 = AXIS2_PLACEMENT_3D('',#4467,#4468,#4469);
#4467 = CARTESIAN_POINT('',(-31.32,10.96,-39.75));
#4468 = DIRECTION('',(0.,1.,-0.));
#4469 = DIRECTION('',(-1.,0.,0.));
#4470 = PCURVE('',#2086,#4471);
#4471 = DEFINITIONAL_REPRESENTATION('',(#4472),#4475);
#4472 = B_SPLINE_CURVE_WITH_KNOTS('',1,(#4473,#4474),.UNSPECIFIED.,.F.,
  .F.,(2,2),(4.712388980385,6.28318530718),.PIECEWISE_BEZIER_KNOTS.);
#4473 = CARTESIAN_POINT('',(-1.570796326795,23.92));
#4474 = CARTESIAN_POINT('',(0.,23.92));
#4475 = ( GEOMETRIC_REPRESENTATION_CONTEXT(2) 
PARAMETRIC_REPRESENTATION_CONTEXT() REPRESENTATION_CONTEXT('2D SPACE',''
  ) );
#4476 = PCURVE('',#2466,#4477);
#4477 = DEFINITIONAL_REPRESENTATION('',(#4478),#4481);
#4478 = B_SPLINE_CURVE_WITH_KNOTS('',1,(#4479,#4480),.UNSPECIFIED.,.F.,
  .F.,(2,2),(4.712388980385,6.28318530718),.PIECEWISE_BEZIER_KNOTS.);
#4479 = CARTESIAN_POINT('',(0.,-1.570796326795));
#4480 = CARTESIAN_POINT('',(0.,0.));
#4481 = ( GEOMETRIC_REPRESENTATION_CONTEXT(2) 
PARAMETRIC_REPRESENTATION_CONTEXT() REPRESENTATION_CONTEXT('2D SPACE',''
  ) );
#4482 = ORIENTED_EDGE('',*,*,#2070,.F.);
#4483 = ADVANCED_FACE('',(#4484),#2141,.F.);
#4484 = FACE_BOUND('',#4485,.F.);
#4485 = EDGE_LOOP('',(#4486,#4487,#4507));
#4486 = ORIENTED_EDGE('',*,*,#4418,.F.);
#4487 = ORIENTED_EDGE('',*,*,#4488,.T.);
#4488 = EDGE_CURVE('',#4419,#2125,#4489,.T.);
#4489 = SURFACE_CURVE('',#4490,(#4495,#4501),.PCURVE_S1.);
#4490 = CIRCLE('',#4491,2.);
#4491 = AXIS2_PLACEMENT_3D('',#4492,#4493,#4494);
#4492 = CARTESIAN_POINT('',(-31.32,-10.96,-39.75));
#4493 = DIRECTION('',(-1.,6.123233995737E-17,0.));
#4494 = DIRECTION('',(-6.123233995737E-17,-1.,0.));
#4495 = PCURVE('',#2141,#4496);
#4496 = DEFINITIONAL_REPRESENTATION('',(#4497),#4500);
#4497 = B_SPLINE_CURVE_WITH_KNOTS('',1,(#4498,#4499),.UNSPECIFIED.,.F.,
  .F.,(2,2),(4.712388980385,6.28318530718),.PIECEWISE_BEZIER_KNOTS.);
#4498 = CARTESIAN_POINT('',(1.570796326795,-1.570796326795));
#4499 = CARTESIAN_POINT('',(1.570796326795,0.));
#4500 = ( GEOMETRIC_REPRESENTATION_CONTEXT(2) 
PARAMETRIC_REPRESENTATION_CONTEXT() REPRESENTATION_CONTEXT('2D SPACE',''
  ) );
#4501 = PCURVE('',#2194,#4502);
#4502 = DEFINITIONAL_REPRESENTATION('',(#4503),#4506);
#4503 = B_SPLINE_CURVE_WITH_KNOTS('',1,(#4504,#4505),.UNSPECIFIED.,.F.,
  .F.,(2,2),(4.712388980385,6.28318530718),.PIECEWISE_BEZIER_KNOTS.);
#4504 = CARTESIAN_POINT('',(1.570796326795,2.));
#4505 = CARTESIAN_POINT('',(0.,2.));
#4506 = ( GEOMETRIC_REPRESENTATION_CONTEXT(2) 
PARAMETRIC_REPRESENTATION_CONTEXT() REPRESENTATION_CONTEXT('2D SPACE',''
  ) );
#4507 = ORIENTED_EDGE('',*,*,#2124,.F.);
#4508 = ADVANCED_FACE('',(#4509),#2194,.F.);
#4509 = FACE_BOUND('',#4510,.F.);
#4510 = EDGE_LOOP('',(#4511,#4512,#4533,#4534,#4555,#4556,#4579,#4599));
#4511 = ORIENTED_EDGE('',*,*,#4488,.F.);
#4512 = ORIENTED_EDGE('',*,*,#4513,.T.);
#4513 = EDGE_CURVE('',#4419,#3665,#4514,.T.);
#4514 = SURFACE_CURVE('',#4515,(#4519,#4526),.PCURVE_S1.);
#4515 = LINE('',#4516,#4517);
#4516 = CARTESIAN_POINT('',(-33.32,-10.96,-41.75));
#4517 = VECTOR('',#4518,1.);
#4518 = DIRECTION('',(1.,0.,-0.));
#4519 = PCURVE('',#2194,#4520);
#4520 = DEFINITIONAL_REPRESENTATION('',(#4521),#4525);
#4521 = LINE('',#4522,#4523);
#4522 = CARTESIAN_POINT('',(1.570796326795,0.));
#4523 = VECTOR('',#4524,1.);
#4524 = DIRECTION('',(0.,1.));
#4525 = ( GEOMETRIC_REPRESENTATION_CONTEXT(2) 
PARAMETRIC_REPRESENTATION_CONTEXT() REPRESENTATION_CONTEXT('2D SPACE',''
  ) );
#4526 = PCURVE('',#2918,#4527);
#4527 = DEFINITIONAL_REPRESENTATION('',(#4528),#4532);
#4528 = LINE('',#4529,#4530);
#4529 = CARTESIAN_POINT('',(0.,2.));
#4530 = VECTOR('',#4531,1.);
#4531 = DIRECTION('',(1.,0.));
#4532 = ( GEOMETRIC_REPRESENTATION_CONTEXT(2) 
PARAMETRIC_REPRESENTATION_CONTEXT() REPRESENTATION_CONTEXT('2D SPACE',''
  ) );
#4533 = ORIENTED_EDGE('',*,*,#3737,.T.);
#4534 = ORIENTED_EDGE('',*,*,#4535,.T.);
#4535 = EDGE_CURVE('',#3714,#3434,#4536,.T.);
#4536 = SURFACE_CURVE('',#4537,(#4541,#4548),.PCURVE_S1.);
#4537 = LINE('',#4538,#4539);
#4538 = CARTESIAN_POINT('',(-33.32,-10.96,-41.75));
#4539 = VECTOR('',#4540,1.);
#4540 = DIRECTION('',(1.,0.,-0.));
#4541 = PCURVE('',#2194,#4542);
#4542 = DEFINITIONAL_REPRESENTATION('',(#4543),#4547);
#4543 = LINE('',#4544,#4545);
#4544 = CARTESIAN_POINT('',(1.570796326795,0.));
#4545 = VECTOR('',#4546,1.);
#4546 = DIRECTION('',(0.,1.));
#4547 = ( GEOMETRIC_REPRESENTATION_CONTEXT(2) 
PARAMETRIC_REPRESENTATION_CONTEXT() REPRESENTATION_CONTEXT('2D SPACE',''
  ) );
#4548 = PCURVE('',#2918,#4549);
#4549 = DEFINITIONAL_REPRESENTATION('',(#4550),#4554);
#4550 = LINE('',#4551,#4552);
#4551 = CARTESIAN_POINT('',(0.,2.));
#4552 = VECTOR('',#4553,1.);
#4553 = DIRECTION('',(1.,0.));
#4554 = ( GEOMETRIC_REPRESENTATION_CONTEXT(2) 
PARAMETRIC_REPRESENTATION_CONTEXT() REPRESENTATION_CONTEXT('2D SPACE',''
  ) );
#4555 = ORIENTED_EDGE('',*,*,#3506,.T.);
#4556 = ORIENTED_EDGE('',*,*,#4557,.T.);
#4557 = EDGE_CURVE('',#3483,#4558,#4560,.T.);
#4558 = VERTEX_POINT('',#4559);
#4559 = CARTESIAN_POINT('',(11.1,-10.96,-41.75));
#4560 = SURFACE_CURVE('',#4561,(#4565,#4572),.PCURVE_S1.);
#4561 = LINE('',#4562,#4563);
#4562 = CARTESIAN_POINT('',(-33.32,-10.96,-41.75));
#4563 = VECTOR('',#4564,1.);
#4564 = DIRECTION('',(1.,0.,-0.));
#4565 = PCURVE('',#2194,#4566);
#4566 = DEFINITIONAL_REPRESENTATION('',(#4567),#4571);
#4567 = LINE('',#4568,#4569);
#4568 = CARTESIAN_POINT('',(1.570796326795,0.));
#4569 = VECTOR('',#4570,1.);
#4570 = DIRECTION('',(0.,1.));
#4571 = ( GEOMETRIC_REPRESENTATION_CONTEXT(2) 
PARAMETRIC_REPRESENTATION_CONTEXT() REPRESENTATION_CONTEXT('2D SPACE',''
  ) );
#4572 = PCURVE('',#2918,#4573);
#4573 = DEFINITIONAL_REPRESENTATION('',(#4574),#4578);
#4574 = LINE('',#4575,#4576);
#4575 = CARTESIAN_POINT('',(0.,2.));
#4576 = VECTOR('',#4577,1.);
#4577 = DIRECTION('',(1.,0.));
#4578 = ( GEOMETRIC_REPRESENTATION_CONTEXT(2) 
PARAMETRIC_REPRESENTATION_CONTEXT() REPRESENTATION_CONTEXT('2D SPACE',''
  ) );
#4579 = ORIENTED_EDGE('',*,*,#4580,.T.);
#4580 = EDGE_CURVE('',#4558,#2179,#4581,.T.);
#4581 = SURFACE_CURVE('',#4582,(#4587,#4593),.PCURVE_S1.);
#4582 = CIRCLE('',#4583,2.);
#4583 = AXIS2_PLACEMENT_3D('',#4584,#4585,#4586);
#4584 = CARTESIAN_POINT('',(11.1,-10.96,-39.75));
#4585 = DIRECTION('',(-1.,-6.123233995737E-17,0.));
#4586 = DIRECTION('',(6.123233995737E-17,-1.,-0.));
#4587 = PCURVE('',#2194,#4588);
#4588 = DEFINITIONAL_REPRESENTATION('',(#4589),#4592);
#4589 = B_SPLINE_CURVE_WITH_KNOTS('',1,(#4590,#4591),.UNSPECIFIED.,.F.,
  .F.,(2,2),(4.712388980385,6.28318530718),.PIECEWISE_BEZIER_KNOTS.);
#4590 = CARTESIAN_POINT('',(1.570796326795,44.42));
#4591 = CARTESIAN_POINT('',(0.,44.42));
#4592 = ( GEOMETRIC_REPRESENTATION_CONTEXT(2) 
PARAMETRIC_REPRESENTATION_CONTEXT() REPRESENTATION_CONTEXT('2D SPACE',''
  ) );
#4593 = PCURVE('',#2270,#4594);
#4594 = DEFINITIONAL_REPRESENTATION('',(#4595),#4598);
#4595 = B_SPLINE_CURVE_WITH_KNOTS('',1,(#4596,#4597),.UNSPECIFIED.,.F.,
  .F.,(2,2),(4.712388980385,6.28318530718),.PIECEWISE_BEZIER_KNOTS.);
#4596 = CARTESIAN_POINT('',(-1.570796326795,-1.570796326795));
#4597 = CARTESIAN_POINT('',(-1.570796326795,0.));
#4598 = ( GEOMETRIC_REPRESENTATION_CONTEXT(2) 
PARAMETRIC_REPRESENTATION_CONTEXT() REPRESENTATION_CONTEXT('2D SPACE',''
  ) );
#4599 = ORIENTED_EDGE('',*,*,#2178,.F.);
#4600 = ADVANCED_FACE('',(#4601),#2270,.F.);
#4601 = FACE_BOUND('',#4602,.T.);
#4602 = EDGE_LOOP('',(#4603,#4623,#4624));
#4603 = ORIENTED_EDGE('',*,*,#4604,.F.);
#4604 = EDGE_CURVE('',#4558,#2233,#4605,.T.);
#4605 = SURFACE_CURVE('',#4606,(#4611,#4617),.PCURVE_S1.);
#4606 = CIRCLE('',#4607,2.);
#4607 = AXIS2_PLACEMENT_3D('',#4608,#4609,#4610);
#4608 = CARTESIAN_POINT('',(11.1,-10.96,-39.75));
#4609 = DIRECTION('',(0.,-1.,0.));
#4610 = DIRECTION('',(1.,0.,0.));
#4611 = PCURVE('',#2270,#4612);
#4612 = DEFINITIONAL_REPRESENTATION('',(#4613),#4616);
#4613 = B_SPLINE_CURVE_WITH_KNOTS('',1,(#4614,#4615),.UNSPECIFIED.,.F.,
  .F.,(2,2),(4.712388980385,6.28318530718),.PIECEWISE_BEZIER_KNOTS.);
#4614 = CARTESIAN_POINT('',(0.,-1.570796326795));
#4615 = CARTESIAN_POINT('',(0.,0.));
#4616 = ( GEOMETRIC_REPRESENTATION_CONTEXT(2) 
PARAMETRIC_REPRESENTATION_CONTEXT() REPRESENTATION_CONTEXT('2D SPACE',''
  ) );
#4617 = PCURVE('',#2304,#4618);
#4618 = DEFINITIONAL_REPRESENTATION('',(#4619),#4622);
#4619 = B_SPLINE_CURVE_WITH_KNOTS('',1,(#4620,#4621),.UNSPECIFIED.,.F.,
  .F.,(2,2),(4.712388980385,6.28318530718),.PIECEWISE_BEZIER_KNOTS.);
#4620 = CARTESIAN_POINT('',(1.570796326795,2.));
#4621 = CARTESIAN_POINT('',(0.,2.));
#4622 = ( GEOMETRIC_REPRESENTATION_CONTEXT(2) 
PARAMETRIC_REPRESENTATION_CONTEXT() REPRESENTATION_CONTEXT('2D SPACE',''
  ) );
#4623 = ORIENTED_EDGE('',*,*,#4580,.T.);
#4624 = ORIENTED_EDGE('',*,*,#2255,.F.);
#4625 = ADVANCED_FACE('',(#4626),#2304,.F.);
#4626 = FACE_BOUND('',#4627,.F.);
#4627 = EDGE_LOOP('',(#4628,#4629,#4652,#4672));
#4628 = ORIENTED_EDGE('',*,*,#4604,.F.);
#4629 = ORIENTED_EDGE('',*,*,#4630,.T.);
#4630 = EDGE_CURVE('',#4558,#4631,#4633,.T.);
#4631 = VERTEX_POINT('',#4632);
#4632 = CARTESIAN_POINT('',(11.1,10.96,-41.75));
#4633 = SURFACE_CURVE('',#4634,(#4638,#4645),.PCURVE_S1.);
#4634 = LINE('',#4635,#4636);
#4635 = CARTESIAN_POINT('',(11.1,-12.96,-41.75));
#4636 = VECTOR('',#4637,1.);
#4637 = DIRECTION('',(-0.,1.,0.));
#4638 = PCURVE('',#2304,#4639);
#4639 = DEFINITIONAL_REPRESENTATION('',(#4640),#4644);
#4640 = LINE('',#4641,#4642);
#4641 = CARTESIAN_POINT('',(1.570796326795,0.));
#4642 = VECTOR('',#4643,1.);
#4643 = DIRECTION('',(0.,1.));
#4644 = ( GEOMETRIC_REPRESENTATION_CONTEXT(2) 
PARAMETRIC_REPRESENTATION_CONTEXT() REPRESENTATION_CONTEXT('2D SPACE',''
  ) );
#4645 = PCURVE('',#2918,#4646);
#4646 = DEFINITIONAL_REPRESENTATION('',(#4647),#4651);
#4647 = LINE('',#4648,#4649);
#4648 = CARTESIAN_POINT('',(44.42,0.));
#4649 = VECTOR('',#4650,1.);
#4650 = DIRECTION('',(0.,1.));
#4651 = ( GEOMETRIC_REPRESENTATION_CONTEXT(2) 
PARAMETRIC_REPRESENTATION_CONTEXT() REPRESENTATION_CONTEXT('2D SPACE',''
  ) );
#4652 = ORIENTED_EDGE('',*,*,#4653,.T.);
#4653 = EDGE_CURVE('',#4631,#2289,#4654,.T.);
#4654 = SURFACE_CURVE('',#4655,(#4660,#4666),.PCURVE_S1.);
#4655 = CIRCLE('',#4656,2.);
#4656 = AXIS2_PLACEMENT_3D('',#4657,#4658,#4659);
#4657 = CARTESIAN_POINT('',(11.1,10.96,-39.75));
#4658 = DIRECTION('',(0.,-1.,0.));
#4659 = DIRECTION('',(1.,0.,0.));
#4660 = PCURVE('',#2304,#4661);
#4661 = DEFINITIONAL_REPRESENTATION('',(#4662),#4665);
#4662 = B_SPLINE_CURVE_WITH_KNOTS('',1,(#4663,#4664),.UNSPECIFIED.,.F.,
  .F.,(2,2),(4.712388980385,6.28318530718),.PIECEWISE_BEZIER_KNOTS.);
#4663 = CARTESIAN_POINT('',(1.570796326795,23.92));
#4664 = CARTESIAN_POINT('',(0.,23.92));
#4665 = ( GEOMETRIC_REPRESENTATION_CONTEXT(2) 
PARAMETRIC_REPRESENTATION_CONTEXT() REPRESENTATION_CONTEXT('2D SPACE',''
  ) );
#4666 = PCURVE('',#2359,#4667);
#4667 = DEFINITIONAL_REPRESENTATION('',(#4668),#4671);
#4668 = B_SPLINE_CURVE_WITH_KNOTS('',1,(#4669,#4670),.UNSPECIFIED.,.F.,
  .F.,(2,2),(4.712388980385,6.28318530718),.PIECEWISE_BEZIER_KNOTS.);
#4669 = CARTESIAN_POINT('',(0.,-1.570796326795));
#4670 = CARTESIAN_POINT('',(0.,0.));
#4671 = ( GEOMETRIC_REPRESENTATION_CONTEXT(2) 
PARAMETRIC_REPRESENTATION_CONTEXT() REPRESENTATION_CONTEXT('2D SPACE',''
  ) );
#4672 = ORIENTED_EDGE('',*,*,#2288,.F.);
#4673 = ADVANCED_FACE('',(#4674),#2359,.F.);
#4674 = FACE_BOUND('',#4675,.F.);
#4675 = EDGE_LOOP('',(#4676,#4677,#4697));
#4676 = ORIENTED_EDGE('',*,*,#4653,.F.);
#4677 = ORIENTED_EDGE('',*,*,#4678,.T.);
#4678 = EDGE_CURVE('',#4631,#2343,#4679,.T.);
#4679 = SURFACE_CURVE('',#4680,(#4685,#4691),.PCURVE_S1.);
#4680 = CIRCLE('',#4681,2.);
#4681 = AXIS2_PLACEMENT_3D('',#4682,#4683,#4684);
#4682 = CARTESIAN_POINT('',(11.1,10.96,-39.75));
#4683 = DIRECTION('',(1.,-6.123233995737E-17,0.));
#4684 = DIRECTION('',(6.123233995737E-17,1.,0.));
#4685 = PCURVE('',#2359,#4686);
#4686 = DEFINITIONAL_REPRESENTATION('',(#4687),#4690);
#4687 = B_SPLINE_CURVE_WITH_KNOTS('',1,(#4688,#4689),.UNSPECIFIED.,.F.,
  .F.,(2,2),(4.712388980385,6.28318530718),.PIECEWISE_BEZIER_KNOTS.);
#4688 = CARTESIAN_POINT('',(1.570796326795,-1.570796326795));
#4689 = CARTESIAN_POINT('',(1.570796326795,0.));
#4690 = ( GEOMETRIC_REPRESENTATION_CONTEXT(2) 
PARAMETRIC_REPRESENTATION_CONTEXT() REPRESENTATION_CONTEXT('2D SPACE',''
  ) );
#4691 = PCURVE('',#2412,#4692);
#4692 = DEFINITIONAL_REPRESENTATION('',(#4693),#4696);
#4693 = B_SPLINE_CURVE_WITH_KNOTS('',1,(#4694,#4695),.UNSPECIFIED.,.F.,
  .F.,(2,2),(4.712388980385,6.28318530718),.PIECEWISE_BEZIER_KNOTS.);
#4694 = CARTESIAN_POINT('',(-1.570796326795,44.42));
#4695 = CARTESIAN_POINT('',(0.,44.42));
#4696 = ( GEOMETRIC_REPRESENTATION_CONTEXT(2) 
PARAMETRIC_REPRESENTATION_CONTEXT() REPRESENTATION_CONTEXT('2D SPACE',''
  ) );
#4697 = ORIENTED_EDGE('',*,*,#2342,.F.);
#4698 = ADVANCED_FACE('',(#4699),#2412,.F.);
#4699 = FACE_BOUND('',#4700,.T.);
#4700 = EDGE_LOOP('',(#4701,#4721,#4742,#4743,#4764,#4765,#4786,#4787));
#4701 = ORIENTED_EDGE('',*,*,#4702,.F.);
#4702 = EDGE_CURVE('',#4441,#2397,#4703,.T.);
#4703 = SURFACE_CURVE('',#4704,(#4709,#4715),.PCURVE_S1.);
#4704 = CIRCLE('',#4705,2.);
#4705 = AXIS2_PLACEMENT_3D('',#4706,#4707,#4708);
#4706 = CARTESIAN_POINT('',(-31.32,10.96,-39.75));
#4707 = DIRECTION('',(1.,6.123233995737E-17,-0.));
#4708 = DIRECTION('',(-6.123233995737E-17,1.,0.));
#4709 = PCURVE('',#2412,#4710);
#4710 = DEFINITIONAL_REPRESENTATION('',(#4711),#4714);
#4711 = B_SPLINE_CURVE_WITH_KNOTS('',1,(#4712,#4713),.UNSPECIFIED.,.F.,
  .F.,(2,2),(4.712388980385,6.28318530718),.PIECEWISE_BEZIER_KNOTS.);
#4712 = CARTESIAN_POINT('',(-1.570796326795,2.));
#4713 = CARTESIAN_POINT('',(0.,2.));
#4714 = ( GEOMETRIC_REPRESENTATION_CONTEXT(2) 
PARAMETRIC_REPRESENTATION_CONTEXT() REPRESENTATION_CONTEXT('2D SPACE',''
  ) );
#4715 = PCURVE('',#2466,#4716);
#4716 = DEFINITIONAL_REPRESENTATION('',(#4717),#4720);
#4717 = B_SPLINE_CURVE_WITH_KNOTS('',1,(#4718,#4719),.UNSPECIFIED.,.F.,
  .F.,(2,2),(4.712388980385,6.28318530718),.PIECEWISE_BEZIER_KNOTS.);
#4718 = CARTESIAN_POINT('',(-1.570796326795,-1.570796326795));
#4719 = CARTESIAN_POINT('',(-1.570796326795,0.));
#4720 = ( GEOMETRIC_REPRESENTATION_CONTEXT(2) 
PARAMETRIC_REPRESENTATION_CONTEXT() REPRESENTATION_CONTEXT('2D SPACE',''
  ) );
#4721 = ORIENTED_EDGE('',*,*,#4722,.T.);
#4722 = EDGE_CURVE('',#4441,#2956,#4723,.T.);
#4723 = SURFACE_CURVE('',#4724,(#4728,#4735),.PCURVE_S1.);
#4724 = LINE('',#4725,#4726);
#4725 = CARTESIAN_POINT('',(-33.32,10.96,-41.75));
#4726 = VECTOR('',#4727,1.);
#4727 = DIRECTION('',(1.,0.,-0.));
#4728 = PCURVE('',#2412,#4729);
#4729 = DEFINITIONAL_REPRESENTATION('',(#4730),#4734);
#4730 = LINE('',#4731,#4732);
#4731 = CARTESIAN_POINT('',(-1.570796326795,0.));
#4732 = VECTOR('',#4733,1.);
#4733 = DIRECTION('',(-0.,1.));
#4734 = ( GEOMETRIC_REPRESENTATION_CONTEXT(2) 
PARAMETRIC_REPRESENTATION_CONTEXT() REPRESENTATION_CONTEXT('2D SPACE',''
  ) );
#4735 = PCURVE('',#2918,#4736);
#4736 = DEFINITIONAL_REPRESENTATION('',(#4737),#4741);
#4737 = LINE('',#4738,#4739);
#4738 = CARTESIAN_POINT('',(0.,23.92));
#4739 = VECTOR('',#4740,1.);
#4740 = DIRECTION('',(1.,0.));
#4741 = ( GEOMETRIC_REPRESENTATION_CONTEXT(2) 
PARAMETRIC_REPRESENTATION_CONTEXT() REPRESENTATION_CONTEXT('2D SPACE',''
  ) );
#4742 = ORIENTED_EDGE('',*,*,#2979,.F.);
#4743 = ORIENTED_EDGE('',*,*,#4744,.T.);
#4744 = EDGE_CURVE('',#2902,#3187,#4745,.T.);
#4745 = SURFACE_CURVE('',#4746,(#4750,#4757),.PCURVE_S1.);
#4746 = LINE('',#4747,#4748);
#4747 = CARTESIAN_POINT('',(-33.32,10.96,-41.75));
#4748 = VECTOR('',#4749,1.);
#4749 = DIRECTION('',(1.,0.,-0.));
#4750 = PCURVE('',#2412,#4751);
#4751 = DEFINITIONAL_REPRESENTATION('',(#4752),#4756);
#4752 = LINE('',#4753,#4754);
#4753 = CARTESIAN_POINT('',(-1.570796326795,0.));
#4754 = VECTOR('',#4755,1.);
#4755 = DIRECTION('',(-0.,1.));
#4756 = ( GEOMETRIC_REPRESENTATION_CONTEXT(2) 
PARAMETRIC_REPRESENTATION_CONTEXT() REPRESENTATION_CONTEXT('2D SPACE',''
  ) );
#4757 = PCURVE('',#2918,#4758);
#4758 = DEFINITIONAL_REPRESENTATION('',(#4759),#4763);
#4759 = LINE('',#4760,#4761);
#4760 = CARTESIAN_POINT('',(0.,23.92));
#4761 = VECTOR('',#4762,1.);
#4762 = DIRECTION('',(1.,0.));
#4763 = ( GEOMETRIC_REPRESENTATION_CONTEXT(2) 
PARAMETRIC_REPRESENTATION_CONTEXT() REPRESENTATION_CONTEXT('2D SPACE',''
  ) );
#4764 = ORIENTED_EDGE('',*,*,#3210,.F.);
#4765 = ORIENTED_EDGE('',*,*,#4766,.T.);
#4766 = EDGE_CURVE('',#3138,#4631,#4767,.T.);
#4767 = SURFACE_CURVE('',#4768,(#4772,#4779),.PCURVE_S1.);
#4768 = LINE('',#4769,#4770);
#4769 = CARTESIAN_POINT('',(-33.32,10.96,-41.75));
#4770 = VECTOR('',#4771,1.);
#4771 = DIRECTION('',(1.,0.,-0.));
#4772 = PCURVE('',#2412,#4773);
#4773 = DEFINITIONAL_REPRESENTATION('',(#4774),#4778);
#4774 = LINE('',#4775,#4776);
#4775 = CARTESIAN_POINT('',(-1.570796326795,0.));
#4776 = VECTOR('',#4777,1.);
#4777 = DIRECTION('',(-0.,1.));
#4778 = ( GEOMETRIC_REPRESENTATION_CONTEXT(2) 
PARAMETRIC_REPRESENTATION_CONTEXT() REPRESENTATION_CONTEXT('2D SPACE',''
  ) );
#4779 = PCURVE('',#2918,#4780);
#4780 = DEFINITIONAL_REPRESENTATION('',(#4781),#4785);
#4781 = LINE('',#4782,#4783);
#4782 = CARTESIAN_POINT('',(0.,23.92));
#4783 = VECTOR('',#4784,1.);
#4784 = DIRECTION('',(1.,0.));
#4785 = ( GEOMETRIC_REPRESENTATION_CONTEXT(2) 
PARAMETRIC_REPRESENTATION_CONTEXT() REPRESENTATION_CONTEXT('2D SPACE',''
  ) );
#4786 = ORIENTED_EDGE('',*,*,#4678,.T.);
#4787 = ORIENTED_EDGE('',*,*,#2396,.F.);
#4788 = ADVANCED_FACE('',(#4789),#2466,.F.);
#4789 = FACE_BOUND('',#4790,.T.);
#4790 = EDGE_LOOP('',(#4791,#4792,#4793));
#4791 = ORIENTED_EDGE('',*,*,#4463,.F.);
#4792 = ORIENTED_EDGE('',*,*,#4702,.T.);
#4793 = ORIENTED_EDGE('',*,*,#2451,.F.);
#4794 = ADVANCED_FACE('',(#4795),#2918,.T.);
#4795 = FACE_BOUND('',#4796,.T.);
#4796 = EDGE_LOOP('',(#4797,#4798,#4799,#4800,#4801,#4802,#4803,#4804,
    #4805,#4806,#4807,#4808,#4809,#4810,#4811,#4812));
#4797 = ORIENTED_EDGE('',*,*,#4440,.F.);
#4798 = ORIENTED_EDGE('',*,*,#4513,.T.);
#4799 = ORIENTED_EDGE('',*,*,#3662,.F.);
#4800 = ORIENTED_EDGE('',*,*,#3713,.F.);
#4801 = ORIENTED_EDGE('',*,*,#4535,.T.);
#4802 = ORIENTED_EDGE('',*,*,#3431,.F.);
#4803 = ORIENTED_EDGE('',*,*,#3482,.F.);
#4804 = ORIENTED_EDGE('',*,*,#4557,.T.);
#4805 = ORIENTED_EDGE('',*,*,#4630,.T.);
#4806 = ORIENTED_EDGE('',*,*,#4766,.F.);
#4807 = ORIENTED_EDGE('',*,*,#3135,.F.);
#4808 = ORIENTED_EDGE('',*,*,#3186,.F.);
#4809 = ORIENTED_EDGE('',*,*,#4744,.F.);
#4810 = ORIENTED_EDGE('',*,*,#2899,.F.);
#4811 = ORIENTED_EDGE('',*,*,#2955,.F.);
#4812 = ORIENTED_EDGE('',*,*,#4722,.F.);
#4813 = ADVANCED_FACE('',(#4814),#3934,.T.);
#4814 = FACE_BOUND('',#4815,.F.);
#4815 = EDGE_LOOP('',(#4816,#4817,#4818));
#4816 = ORIENTED_EDGE('',*,*,#4107,.F.);
#4817 = ORIENTED_EDGE('',*,*,#3917,.F.);
#4818 = ORIENTED_EDGE('',*,*,#4274,.F.);
#4819 = ADVANCED_FACE('',(#4820,#4878,#4909),#4095,.T.);
#4820 = FACE_BOUND('',#4821,.T.);
#4821 = EDGE_LOOP('',(#4822,#4823,#4824,#4852));
#4822 = ORIENTED_EDGE('',*,*,#4251,.F.);
#4823 = ORIENTED_EDGE('',*,*,#4079,.T.);
#4824 = ORIENTED_EDGE('',*,*,#4825,.T.);
#4825 = EDGE_CURVE('',#4053,#4826,#4828,.T.);
#4826 = VERTEX_POINT('',#4827);
#4827 = CARTESIAN_POINT('',(16.,25.3,8.8));
#4828 = SURFACE_CURVE('',#4829,(#4833,#4840),.PCURVE_S1.);
#4829 = LINE('',#4830,#4831);
#4830 = CARTESIAN_POINT('',(16.,25.3,-10.));
#4831 = VECTOR('',#4832,1.);
#4832 = DIRECTION('',(0.,0.,1.));
#4833 = PCURVE('',#4095,#4834);
#4834 = DEFINITIONAL_REPRESENTATION('',(#4835),#4839);
#4835 = LINE('',#4836,#4837);
#4836 = CARTESIAN_POINT('',(0.,-25.3));
#4837 = VECTOR('',#4838,1.);
#4838 = DIRECTION('',(1.,0.));
#4839 = ( GEOMETRIC_REPRESENTATION_CONTEXT(2) 
PARAMETRIC_REPRESENTATION_CONTEXT() REPRESENTATION_CONTEXT('2D SPACE',''
  ) );
#4840 = PCURVE('',#4841,#4846);
#4841 = CYLINDRICAL_SURFACE('',#4842,1.2);
#4842 = AXIS2_PLACEMENT_3D('',#4843,#4844,#4845);
#4843 = CARTESIAN_POINT('',(14.8,25.3,-10.));
#4844 = DIRECTION('',(0.,0.,1.));
#4845 = DIRECTION('',(1.,0.,-0.));
#4846 = DEFINITIONAL_REPRESENTATION('',(#4847),#4851);
#4847 = LINE('',#4848,#4849);
#4848 = CARTESIAN_POINT('',(0.,0.));
#4849 = VECTOR('',#4850,1.);
#4850 = DIRECTION('',(0.,1.));
#4851 = ( GEOMETRIC_REPRESENTATION_CONTEXT(2) 
PARAMETRIC_REPRESENTATION_CONTEXT() REPRESENTATION_CONTEXT('2D SPACE',''
  ) );
#4852 = ORIENTED_EDGE('',*,*,#4853,.F.);
#4853 = EDGE_CURVE('',#4252,#4826,#4854,.T.);
#4854 = SURFACE_CURVE('',#4855,(#4859,#4866),.PCURVE_S1.);
#4855 = LINE('',#4856,#4857);
#4856 = CARTESIAN_POINT('',(16.,0.,8.8));
#4857 = VECTOR('',#4858,1.);
#4858 = DIRECTION('',(-0.,1.,0.));
#4859 = PCURVE('',#4095,#4860);
#4860 = DEFINITIONAL_REPRESENTATION('',(#4861),#4865);
#4861 = LINE('',#4862,#4863);
#4862 = CARTESIAN_POINT('',(18.8,0.));
#4863 = VECTOR('',#4864,1.);
#4864 = DIRECTION('',(0.,-1.));
#4865 = ( GEOMETRIC_REPRESENTATION_CONTEXT(2) 
PARAMETRIC_REPRESENTATION_CONTEXT() REPRESENTATION_CONTEXT('2D SPACE',''
  ) );
#4866 = PCURVE('',#4867,#4872);
#4867 = CYLINDRICAL_SURFACE('',#4868,1.2);
#4868 = AXIS2_PLACEMENT_3D('',#4869,#4870,#4871);
#4869 = CARTESIAN_POINT('',(14.8,0.,8.8));
#4870 = DIRECTION('',(-0.,1.,0.));
#4871 = DIRECTION('',(1.,0.,-0.));
#4872 = DEFINITIONAL_REPRESENTATION('',(#4873),#4877);
#4873 = LINE('',#4874,#4875);
#4874 = CARTESIAN_POINT('',(-0.,0.));
#4875 = VECTOR('',#4876,1.);
#4876 = DIRECTION('',(-0.,1.));
#4877 = ( GEOMETRIC_REPRESENTATION_CONTEXT(2) 
PARAMETRIC_REPRESENTATION_CONTEXT() REPRESENTATION_CONTEXT('2D SPACE',''
  ) );
#4878 = FACE_BOUND('',#4879,.T.);
#4879 = EDGE_LOOP('',(#4880));
#4880 = ORIENTED_EDGE('',*,*,#4881,.F.);
#4881 = EDGE_CURVE('',#4882,#4882,#4884,.T.);
#4882 = VERTEX_POINT('',#4883);
#4883 = CARTESIAN_POINT('',(16.,23.5,-7.7));
#4884 = SURFACE_CURVE('',#4885,(#4890,#4897),.PCURVE_S1.);
#4885 = CIRCLE('',#4886,1.7);
#4886 = AXIS2_PLACEMENT_3D('',#4887,#4888,#4889);
#4887 = CARTESIAN_POINT('',(16.,23.5,-6.));
#4888 = DIRECTION('',(1.,0.,0.));
#4889 = DIRECTION('',(0.,0.,-1.));
#4890 = PCURVE('',#4095,#4891);
#4891 = DEFINITIONAL_REPRESENTATION('',(#4892),#4896);
#4892 = CIRCLE('',#4893,1.7);
#4893 = AXIS2_PLACEMENT_2D('',#4894,#4895);
#4894 = CARTESIAN_POINT('',(4.,-23.5));
#4895 = DIRECTION('',(-1.,0.));
#4896 = ( GEOMETRIC_REPRESENTATION_CONTEXT(2) 
PARAMETRIC_REPRESENTATION_CONTEXT() REPRESENTATION_CONTEXT('2D SPACE',''
  ) );
#4897 = PCURVE('',#4898,#4903);
#4898 = CYLINDRICAL_SURFACE('',#4899,1.7);
#4899 = AXIS2_PLACEMENT_3D('',#4900,#4901,#4902);
#4900 = CARTESIAN_POINT('',(11.5,23.5,-6.));
#4901 = DIRECTION('',(1.,0.,0.));
#4902 = DIRECTION('',(0.,0.,-1.));
#4903 = DEFINITIONAL_REPRESENTATION('',(#4904),#4908);
#4904 = LINE('',#4905,#4906);
#4905 = CARTESIAN_POINT('',(0.,4.5));
#4906 = VECTOR('',#4907,1.);
#4907 = DIRECTION('',(1.,0.));
#4908 = ( GEOMETRIC_REPRESENTATION_CONTEXT(2) 
PARAMETRIC_REPRESENTATION_CONTEXT() REPRESENTATION_CONTEXT('2D SPACE',''
  ) );
#4909 = FACE_BOUND('',#4910,.T.);
#4910 = EDGE_LOOP('',(#4911));
#4911 = ORIENTED_EDGE('',*,*,#4912,.F.);
#4912 = EDGE_CURVE('',#4913,#4913,#4915,.T.);
#4913 = VERTEX_POINT('',#4914);
#4914 = CARTESIAN_POINT('',(16.,23.5,4.3));
#4915 = SURFACE_CURVE('',#4916,(#4921,#4928),.PCURVE_S1.);
#4916 = CIRCLE('',#4917,1.7);
#4917 = AXIS2_PLACEMENT_3D('',#4918,#4919,#4920);
#4918 = CARTESIAN_POINT('',(16.,23.5,6.));
#4919 = DIRECTION('',(1.,0.,0.));
#4920 = DIRECTION('',(0.,0.,-1.));
#4921 = PCURVE('',#4095,#4922);
#4922 = DEFINITIONAL_REPRESENTATION('',(#4923),#4927);
#4923 = CIRCLE('',#4924,1.7);
#4924 = AXIS2_PLACEMENT_2D('',#4925,#4926);
#4925 = CARTESIAN_POINT('',(16.,-23.5));
#4926 = DIRECTION('',(-1.,0.));
#4927 = ( GEOMETRIC_REPRESENTATION_CONTEXT(2) 
PARAMETRIC_REPRESENTATION_CONTEXT() REPRESENTATION_CONTEXT('2D SPACE',''
  ) );
#4928 = PCURVE('',#4929,#4934);
#4929 = CYLINDRICAL_SURFACE('',#4930,1.7);
#4930 = AXIS2_PLACEMENT_3D('',#4931,#4932,#4933);
#4931 = CARTESIAN_POINT('',(11.5,23.5,6.));
#4932 = DIRECTION('',(1.,0.,0.));
#4933 = DIRECTION('',(0.,0.,-1.));
#4934 = DEFINITIONAL_REPRESENTATION('',(#4935),#4939);
#4935 = LINE('',#4936,#4937);
#4936 = CARTESIAN_POINT('',(0.,4.5));
#4937 = VECTOR('',#4938,1.);
#4938 = DIRECTION('',(1.,0.));
#4939 = ( GEOMETRIC_REPRESENTATION_CONTEXT(2) 
PARAMETRIC_REPRESENTATION_CONTEXT() REPRESENTATION_CONTEXT('2D SPACE',''
  ) );
#4940 = ADVANCED_FACE('',(#4941),#4068,.T.);
#4941 = FACE_BOUND('',#4942,.T.);
#4942 = EDGE_LOOP('',(#4943,#4944,#4971));
#4943 = ORIENTED_EDGE('',*,*,#4052,.F.);
#4944 = ORIENTED_EDGE('',*,*,#4945,.T.);
#4945 = EDGE_CURVE('',#4025,#4946,#4948,.T.);
#4946 = VERTEX_POINT('',#4947);
#4947 = CARTESIAN_POINT('',(14.8,26.5,-8.8));
#4948 = SURFACE_CURVE('',#4949,(#4954,#4960),.PCURVE_S1.);
#4949 = CIRCLE('',#4950,1.2);
#4950 = AXIS2_PLACEMENT_3D('',#4951,#4952,#4953);
#4951 = CARTESIAN_POINT('',(14.8,25.3,-8.8));
#4952 = DIRECTION('',(1.,-6.123233995737E-17,0.));
#4953 = DIRECTION('',(6.123233995737E-17,1.,0.));
#4954 = PCURVE('',#4068,#4955);
#4955 = DEFINITIONAL_REPRESENTATION('',(#4956),#4959);
#4956 = B_SPLINE_CURVE_WITH_KNOTS('',1,(#4957,#4958),.UNSPECIFIED.,.F.,
  .F.,(2,2),(4.712388980385,6.28318530718),.PIECEWISE_BEZIER_KNOTS.);
#4957 = CARTESIAN_POINT('',(1.570796326795,-1.570796326795));
#4958 = CARTESIAN_POINT('',(1.570796326795,0.));
#4959 = ( GEOMETRIC_REPRESENTATION_CONTEXT(2) 
PARAMETRIC_REPRESENTATION_CONTEXT() REPRESENTATION_CONTEXT('2D SPACE',''
  ) );
#4960 = PCURVE('',#4961,#4966);
#4961 = CYLINDRICAL_SURFACE('',#4962,1.2);
#4962 = AXIS2_PLACEMENT_3D('',#4963,#4964,#4965);
#4963 = CARTESIAN_POINT('',(13.,25.3,-8.8));
#4964 = DIRECTION('',(1.,0.,-0.));
#4965 = DIRECTION('',(0.,1.,0.));
#4966 = DEFINITIONAL_REPRESENTATION('',(#4967),#4970);
#4967 = B_SPLINE_CURVE_WITH_KNOTS('',1,(#4968,#4969),.UNSPECIFIED.,.F.,
  .F.,(2,2),(4.712388980385,6.28318530718),.PIECEWISE_BEZIER_KNOTS.);
#4968 = CARTESIAN_POINT('',(-1.570796326795,1.8));
#4969 = CARTESIAN_POINT('',(0.,1.8));
#4970 = ( GEOMETRIC_REPRESENTATION_CONTEXT(2) 
PARAMETRIC_REPRESENTATION_CONTEXT() REPRESENTATION_CONTEXT('2D SPACE',''
  ) );
#4971 = ORIENTED_EDGE('',*,*,#4972,.F.);
#4972 = EDGE_CURVE('',#4053,#4946,#4973,.T.);
#4973 = SURFACE_CURVE('',#4974,(#4979,#4986),.PCURVE_S1.);
#4974 = CIRCLE('',#4975,1.2);
#4975 = AXIS2_PLACEMENT_3D('',#4976,#4977,#4978);
#4976 = CARTESIAN_POINT('',(14.8,25.3,-8.8));
#4977 = DIRECTION('',(0.,0.,1.));
#4978 = DIRECTION('',(1.,0.,-0.));
#4979 = PCURVE('',#4068,#4980);
#4980 = DEFINITIONAL_REPRESENTATION('',(#4981),#4985);
#4981 = LINE('',#4982,#4983);
#4982 = CARTESIAN_POINT('',(0.,0.));
#4983 = VECTOR('',#4984,1.);
#4984 = DIRECTION('',(1.,0.));
#4985 = ( GEOMETRIC_REPRESENTATION_CONTEXT(2) 
PARAMETRIC_REPRESENTATION_CONTEXT() REPRESENTATION_CONTEXT('2D SPACE',''
  ) );
#4986 = PCURVE('',#4841,#4987);
#4987 = DEFINITIONAL_REPRESENTATION('',(#4988),#4992);
#4988 = LINE('',#4989,#4990);
#4989 = CARTESIAN_POINT('',(0.,1.2));
#4990 = VECTOR('',#4991,1.);
#4991 = DIRECTION('',(1.,0.));
#4992 = ( GEOMETRIC_REPRESENTATION_CONTEXT(2) 
PARAMETRIC_REPRESENTATION_CONTEXT() REPRESENTATION_CONTEXT('2D SPACE',''
  ) );
#4993 = ADVANCED_FACE('',(#4994),#4040,.F.);
#4994 = FACE_BOUND('',#4995,.F.);
#4995 = EDGE_LOOP('',(#4996,#5026,#5047,#5048));
#4996 = ORIENTED_EDGE('',*,*,#4997,.F.);
#4997 = EDGE_CURVE('',#4998,#5000,#5002,.T.);
#4998 = VERTEX_POINT('',#4999);
#4999 = CARTESIAN_POINT('',(14.2,1.2,-10.));
#5000 = VERTEX_POINT('',#5001);
#5001 = CARTESIAN_POINT('',(14.2,25.3,-10.));
#5002 = SURFACE_CURVE('',#5003,(#5007,#5014),.PCURVE_S1.);
#5003 = LINE('',#5004,#5005);
#5004 = CARTESIAN_POINT('',(14.2,0.,-10.));
#5005 = VECTOR('',#5006,1.);
#5006 = DIRECTION('',(-0.,1.,0.));
#5007 = PCURVE('',#4040,#5008);
#5008 = DEFINITIONAL_REPRESENTATION('',(#5009),#5013);
#5009 = LINE('',#5010,#5011);
#5010 = CARTESIAN_POINT('',(1.2,0.));
#5011 = VECTOR('',#5012,1.);
#5012 = DIRECTION('',(0.,1.));
#5013 = ( GEOMETRIC_REPRESENTATION_CONTEXT(2) 
PARAMETRIC_REPRESENTATION_CONTEXT() REPRESENTATION_CONTEXT('2D SPACE',''
  ) );
#5014 = PCURVE('',#5015,#5020);
#5015 = CYLINDRICAL_SURFACE('',#5016,1.2);
#5016 = AXIS2_PLACEMENT_3D('',#5017,#5018,#5019);
#5017 = CARTESIAN_POINT('',(14.2,0.,-8.8));
#5018 = DIRECTION('',(-0.,1.,0.));
#5019 = DIRECTION('',(-1.,-0.,0.));
#5020 = DEFINITIONAL_REPRESENTATION('',(#5021),#5025);
#5021 = LINE('',#5022,#5023);
#5022 = CARTESIAN_POINT('',(-1.570796326795,0.));
#5023 = VECTOR('',#5024,1.);
#5024 = DIRECTION('',(-0.,1.));
#5025 = ( GEOMETRIC_REPRESENTATION_CONTEXT(2) 
PARAMETRIC_REPRESENTATION_CONTEXT() REPRESENTATION_CONTEXT('2D SPACE',''
  ) );
#5026 = ORIENTED_EDGE('',*,*,#5027,.T.);
#5027 = EDGE_CURVE('',#4998,#4003,#5028,.T.);
#5028 = SURFACE_CURVE('',#5029,(#5033,#5040),.PCURVE_S1.);
#5029 = LINE('',#5030,#5031);
#5030 = CARTESIAN_POINT('',(13.,1.2,-10.));
#5031 = VECTOR('',#5032,1.);
#5032 = DIRECTION('',(1.,0.,-0.));
#5033 = PCURVE('',#4040,#5034);
#5034 = DEFINITIONAL_REPRESENTATION('',(#5035),#5039);
#5035 = LINE('',#5036,#5037);
#5036 = CARTESIAN_POINT('',(0.,1.2));
#5037 = VECTOR('',#5038,1.);
#5038 = DIRECTION('',(1.,0.));
#5039 = ( GEOMETRIC_REPRESENTATION_CONTEXT(2) 
PARAMETRIC_REPRESENTATION_CONTEXT() REPRESENTATION_CONTEXT('2D SPACE',''
  ) );
#5040 = PCURVE('',#4396,#5041);
#5041 = DEFINITIONAL_REPRESENTATION('',(#5042),#5046);
#5042 = LINE('',#5043,#5044);
#5043 = CARTESIAN_POINT('',(1.570796326795,0.));
#5044 = VECTOR('',#5045,1.);
#5045 = DIRECTION('',(0.,1.));
#5046 = ( GEOMETRIC_REPRESENTATION_CONTEXT(2) 
PARAMETRIC_REPRESENTATION_CONTEXT() REPRESENTATION_CONTEXT('2D SPACE',''
  ) );
#5047 = ORIENTED_EDGE('',*,*,#4024,.T.);
#5048 = ORIENTED_EDGE('',*,*,#5049,.F.);
#5049 = EDGE_CURVE('',#5000,#4025,#5050,.T.);
#5050 = SURFACE_CURVE('',#5051,(#5055,#5062),.PCURVE_S1.);
#5051 = LINE('',#5052,#5053);
#5052 = CARTESIAN_POINT('',(13.,25.3,-10.));
#5053 = VECTOR('',#5054,1.);
#5054 = DIRECTION('',(1.,0.,-0.));
#5055 = PCURVE('',#4040,#5056);
#5056 = DEFINITIONAL_REPRESENTATION('',(#5057),#5061);
#5057 = LINE('',#5058,#5059);
#5058 = CARTESIAN_POINT('',(0.,25.3));
#5059 = VECTOR('',#5060,1.);
#5060 = DIRECTION('',(1.,0.));
#5061 = ( GEOMETRIC_REPRESENTATION_CONTEXT(2) 
PARAMETRIC_REPRESENTATION_CONTEXT() REPRESENTATION_CONTEXT('2D SPACE',''
  ) );
#5062 = PCURVE('',#4961,#5063);
#5063 = DEFINITIONAL_REPRESENTATION('',(#5064),#5068);
#5064 = LINE('',#5065,#5066);
#5065 = CARTESIAN_POINT('',(-1.570796326795,0.));
#5066 = VECTOR('',#5067,1.);
#5067 = DIRECTION('',(-0.,1.));
#5068 = ( GEOMETRIC_REPRESENTATION_CONTEXT(2) 
PARAMETRIC_REPRESENTATION_CONTEXT() REPRESENTATION_CONTEXT('2D SPACE',''
  ) );
#5069 = ADVANCED_FACE('',(#5070),#4366,.T.);
#5070 = FACE_BOUND('',#5071,.T.);
#5071 = EDGE_LOOP('',(#5072,#5094,#5119));
#5072 = ORIENTED_EDGE('',*,*,#5073,.F.);
#5073 = EDGE_CURVE('',#5074,#4252,#5076,.T.);
#5074 = VERTEX_POINT('',#5075);
#5075 = CARTESIAN_POINT('',(14.8,1.2,10.));
#5076 = SURFACE_CURVE('',#5077,(#5082,#5088),.PCURVE_S1.);
#5077 = CIRCLE('',#5078,1.2);
#5078 = AXIS2_PLACEMENT_3D('',#5079,#5080,#5081);
#5079 = CARTESIAN_POINT('',(14.8,1.2,8.8));
#5080 = DIRECTION('',(-0.,1.,0.));
#5081 = DIRECTION('',(1.,0.,0.));
#5082 = PCURVE('',#4366,#5083);
#5083 = DEFINITIONAL_REPRESENTATION('',(#5084),#5087);
#5084 = B_SPLINE_CURVE_WITH_KNOTS('',1,(#5085,#5086),.UNSPECIFIED.,.F.,
  .F.,(2,2),(4.712388980385,6.28318530718),.PIECEWISE_BEZIER_KNOTS.);
#5085 = CARTESIAN_POINT('',(0.,-1.570796326795));
#5086 = CARTESIAN_POINT('',(0.,0.));
#5087 = ( GEOMETRIC_REPRESENTATION_CONTEXT(2) 
PARAMETRIC_REPRESENTATION_CONTEXT() REPRESENTATION_CONTEXT('2D SPACE',''
  ) );
#5088 = PCURVE('',#4867,#5089);
#5089 = DEFINITIONAL_REPRESENTATION('',(#5090),#5093);
#5090 = B_SPLINE_CURVE_WITH_KNOTS('',1,(#5091,#5092),.UNSPECIFIED.,.F.,
  .F.,(2,2),(4.712388980385,6.28318530718),.PIECEWISE_BEZIER_KNOTS.);
#5091 = CARTESIAN_POINT('',(-1.570796326795,1.2));
#5092 = CARTESIAN_POINT('',(0.,1.2));
#5093 = ( GEOMETRIC_REPRESENTATION_CONTEXT(2) 
PARAMETRIC_REPRESENTATION_CONTEXT() REPRESENTATION_CONTEXT('2D SPACE',''
  ) );
#5094 = ORIENTED_EDGE('',*,*,#5095,.T.);
#5095 = EDGE_CURVE('',#5074,#4324,#5096,.T.);
#5096 = SURFACE_CURVE('',#5097,(#5102,#5108),.PCURVE_S1.);
#5097 = CIRCLE('',#5098,1.2);
#5098 = AXIS2_PLACEMENT_3D('',#5099,#5100,#5101);
#5099 = CARTESIAN_POINT('',(14.8,1.2,8.8));
#5100 = DIRECTION('',(1.,6.123233995737E-17,0.));
#5101 = DIRECTION('',(6.123233995737E-17,-1.,0.));
#5102 = PCURVE('',#4366,#5103);
#5103 = DEFINITIONAL_REPRESENTATION('',(#5104),#5107);
#5104 = B_SPLINE_CURVE_WITH_KNOTS('',1,(#5105,#5106),.UNSPECIFIED.,.F.,
  .F.,(2,2),(4.712388980385,6.28318530718),.PIECEWISE_BEZIER_KNOTS.);
#5105 = CARTESIAN_POINT('',(1.570796326795,-1.570796326795));
#5106 = CARTESIAN_POINT('',(1.570796326795,0.));
#5107 = ( GEOMETRIC_REPRESENTATION_CONTEXT(2) 
PARAMETRIC_REPRESENTATION_CONTEXT() REPRESENTATION_CONTEXT('2D SPACE',''
  ) );
#5108 = PCURVE('',#5109,#5114);
#5109 = CYLINDRICAL_SURFACE('',#5110,1.2);
#5110 = AXIS2_PLACEMENT_3D('',#5111,#5112,#5113);
#5111 = CARTESIAN_POINT('',(13.,1.2,8.8));
#5112 = DIRECTION('',(1.,0.,-0.));
#5113 = DIRECTION('',(0.,-1.,0.));
#5114 = DEFINITIONAL_REPRESENTATION('',(#5115),#5118);
#5115 = B_SPLINE_CURVE_WITH_KNOTS('',1,(#5116,#5117),.UNSPECIFIED.,.F.,
  .F.,(2,2),(4.712388980385,6.28318530718),.PIECEWISE_BEZIER_KNOTS.);
#5116 = CARTESIAN_POINT('',(-1.570796326795,1.8));
#5117 = CARTESIAN_POINT('',(0.,1.8));
#5118 = ( GEOMETRIC_REPRESENTATION_CONTEXT(2) 
PARAMETRIC_REPRESENTATION_CONTEXT() REPRESENTATION_CONTEXT('2D SPACE',''
  ) );
#5119 = ORIENTED_EDGE('',*,*,#4351,.F.);
#5120 = ADVANCED_FACE('',(#5121),#4339,.F.);
#5121 = FACE_BOUND('',#5122,.F.);
#5122 = EDGE_LOOP('',(#5123,#5153,#5181,#5209,#5230,#5231));
#5123 = ORIENTED_EDGE('',*,*,#5124,.T.);
#5124 = EDGE_CURVE('',#5125,#5127,#5129,.T.);
#5125 = VERTEX_POINT('',#5126);
#5126 = CARTESIAN_POINT('',(14.2,0.,-8.8));
#5127 = VERTEX_POINT('',#5128);
#5128 = CARTESIAN_POINT('',(14.2,-3.477996909578E-15,-2.5));
#5129 = SURFACE_CURVE('',#5130,(#5134,#5141),.PCURVE_S1.);
#5130 = LINE('',#5131,#5132);
#5131 = CARTESIAN_POINT('',(14.2,0.,-10.));
#5132 = VECTOR('',#5133,1.);
#5133 = DIRECTION('',(0.,0.,1.));
#5134 = PCURVE('',#4339,#5135);
#5135 = DEFINITIONAL_REPRESENTATION('',(#5136),#5140);
#5136 = LINE('',#5137,#5138);
#5137 = CARTESIAN_POINT('',(0.,1.2));
#5138 = VECTOR('',#5139,1.);
#5139 = DIRECTION('',(1.,0.));
#5140 = ( GEOMETRIC_REPRESENTATION_CONTEXT(2) 
PARAMETRIC_REPRESENTATION_CONTEXT() REPRESENTATION_CONTEXT('2D SPACE',''
  ) );
#5141 = PCURVE('',#5142,#5147);
#5142 = CYLINDRICAL_SURFACE('',#5143,1.2);
#5143 = AXIS2_PLACEMENT_3D('',#5144,#5145,#5146);
#5144 = CARTESIAN_POINT('',(14.2,1.2,-10.));
#5145 = DIRECTION('',(0.,0.,1.));
#5146 = DIRECTION('',(-1.,-0.,0.));
#5147 = DEFINITIONAL_REPRESENTATION('',(#5148),#5152);
#5148 = LINE('',#5149,#5150);
#5149 = CARTESIAN_POINT('',(1.570796326795,0.));
#5150 = VECTOR('',#5151,1.);
#5151 = DIRECTION('',(0.,1.));
#5152 = ( GEOMETRIC_REPRESENTATION_CONTEXT(2) 
PARAMETRIC_REPRESENTATION_CONTEXT() REPRESENTATION_CONTEXT('2D SPACE',''
  ) );
#5153 = ORIENTED_EDGE('',*,*,#5154,.T.);
#5154 = EDGE_CURVE('',#5127,#5155,#5157,.T.);
#5155 = VERTEX_POINT('',#5156);
#5156 = CARTESIAN_POINT('',(14.2,-3.477996909578E-15,2.5));
#5157 = SURFACE_CURVE('',#5158,(#5162,#5169),.PCURVE_S1.);
#5158 = LINE('',#5159,#5160);
#5159 = CARTESIAN_POINT('',(14.2,-3.477996909578E-15,-2.5));
#5160 = VECTOR('',#5161,1.);
#5161 = DIRECTION('',(0.,0.,1.));
#5162 = PCURVE('',#4339,#5163);
#5163 = DEFINITIONAL_REPRESENTATION('',(#5164),#5168);
#5164 = LINE('',#5165,#5166);
#5165 = CARTESIAN_POINT('',(7.5,1.2));
#5166 = VECTOR('',#5167,1.);
#5167 = DIRECTION('',(1.,0.));
#5168 = ( GEOMETRIC_REPRESENTATION_CONTEXT(2) 
PARAMETRIC_REPRESENTATION_CONTEXT() REPRESENTATION_CONTEXT('2D SPACE',''
  ) );
#5169 = PCURVE('',#5170,#5175);
#5170 = CYLINDRICAL_SURFACE('',#5171,14.2);
#5171 = AXIS2_PLACEMENT_3D('',#5172,#5173,#5174);
#5172 = CARTESIAN_POINT('',(0.,0.,-2.5));
#5173 = DIRECTION('',(0.,0.,1.));
#5174 = DIRECTION('',(1.,0.,-0.));
#5175 = DEFINITIONAL_REPRESENTATION('',(#5176),#5180);
#5176 = LINE('',#5177,#5178);
#5177 = CARTESIAN_POINT('',(0.,-0.));
#5178 = VECTOR('',#5179,1.);
#5179 = DIRECTION('',(0.,1.));
#5180 = ( GEOMETRIC_REPRESENTATION_CONTEXT(2) 
PARAMETRIC_REPRESENTATION_CONTEXT() REPRESENTATION_CONTEXT('2D SPACE',''
  ) );
#5181 = ORIENTED_EDGE('',*,*,#5182,.T.);
#5182 = EDGE_CURVE('',#5155,#5183,#5185,.T.);
#5183 = VERTEX_POINT('',#5184);
#5184 = CARTESIAN_POINT('',(14.2,0.,8.8));
#5185 = SURFACE_CURVE('',#5186,(#5190,#5197),.PCURVE_S1.);
#5186 = LINE('',#5187,#5188);
#5187 = CARTESIAN_POINT('',(14.2,0.,-10.));
#5188 = VECTOR('',#5189,1.);
#5189 = DIRECTION('',(0.,0.,1.));
#5190 = PCURVE('',#4339,#5191);
#5191 = DEFINITIONAL_REPRESENTATION('',(#5192),#5196);
#5192 = LINE('',#5193,#5194);
#5193 = CARTESIAN_POINT('',(0.,1.2));
#5194 = VECTOR('',#5195,1.);
#5195 = DIRECTION('',(1.,0.));
#5196 = ( GEOMETRIC_REPRESENTATION_CONTEXT(2) 
PARAMETRIC_REPRESENTATION_CONTEXT() REPRESENTATION_CONTEXT('2D SPACE',''
  ) );
#5197 = PCURVE('',#5198,#5203);
#5198 = CYLINDRICAL_SURFACE('',#5199,1.2);
#5199 = AXIS2_PLACEMENT_3D('',#5200,#5201,#5202);
#5200 = CARTESIAN_POINT('',(14.2,1.2,-10.));
#5201 = DIRECTION('',(0.,0.,1.));
#5202 = DIRECTION('',(-1.,-0.,0.));
#5203 = DEFINITIONAL_REPRESENTATION('',(#5204),#5208);
#5204 = LINE('',#5205,#5206);
#5205 = CARTESIAN_POINT('',(1.570796326795,0.));
#5206 = VECTOR('',#5207,1.);
#5207 = DIRECTION('',(0.,1.));
#5208 = ( GEOMETRIC_REPRESENTATION_CONTEXT(2) 
PARAMETRIC_REPRESENTATION_CONTEXT() REPRESENTATION_CONTEXT('2D SPACE',''
  ) );
#5209 = ORIENTED_EDGE('',*,*,#5210,.T.);
#5210 = EDGE_CURVE('',#5183,#4324,#5211,.T.);
#5211 = SURFACE_CURVE('',#5212,(#5216,#5223),.PCURVE_S1.);
#5212 = LINE('',#5213,#5214);
#5213 = CARTESIAN_POINT('',(13.,0.,8.8));
#5214 = VECTOR('',#5215,1.);
#5215 = DIRECTION('',(1.,0.,-0.));
#5216 = PCURVE('',#4339,#5217);
#5217 = DEFINITIONAL_REPRESENTATION('',(#5218),#5222);
#5218 = LINE('',#5219,#5220);
#5219 = CARTESIAN_POINT('',(18.8,0.));
#5220 = VECTOR('',#5221,1.);
#5221 = DIRECTION('',(0.,1.));
#5222 = ( GEOMETRIC_REPRESENTATION_CONTEXT(2) 
PARAMETRIC_REPRESENTATION_CONTEXT() REPRESENTATION_CONTEXT('2D SPACE',''
  ) );
#5223 = PCURVE('',#5109,#5224);
#5224 = DEFINITIONAL_REPRESENTATION('',(#5225),#5229);
#5225 = LINE('',#5226,#5227);
#5226 = CARTESIAN_POINT('',(-0.,0.));
#5227 = VECTOR('',#5228,1.);
#5228 = DIRECTION('',(-0.,1.));
#5229 = ( GEOMETRIC_REPRESENTATION_CONTEXT(2) 
PARAMETRIC_REPRESENTATION_CONTEXT() REPRESENTATION_CONTEXT('2D SPACE',''
  ) );
#5230 = ORIENTED_EDGE('',*,*,#4323,.F.);
#5231 = ORIENTED_EDGE('',*,*,#5232,.F.);
#5232 = EDGE_CURVE('',#5125,#4300,#5233,.T.);
#5233 = SURFACE_CURVE('',#5234,(#5238,#5245),.PCURVE_S1.);
#5234 = LINE('',#5235,#5236);
#5235 = CARTESIAN_POINT('',(13.,0.,-8.8));
#5236 = VECTOR('',#5237,1.);
#5237 = DIRECTION('',(1.,0.,-0.));
#5238 = PCURVE('',#4339,#5239);
#5239 = DEFINITIONAL_REPRESENTATION('',(#5240),#5244);
#5240 = LINE('',#5241,#5242);
#5241 = CARTESIAN_POINT('',(1.2,0.));
#5242 = VECTOR('',#5243,1.);
#5243 = DIRECTION('',(0.,1.));
#5244 = ( GEOMETRIC_REPRESENTATION_CONTEXT(2) 
PARAMETRIC_REPRESENTATION_CONTEXT() REPRESENTATION_CONTEXT('2D SPACE',''
  ) );
#5245 = PCURVE('',#4396,#5246);
#5246 = DEFINITIONAL_REPRESENTATION('',(#5247),#5251);
#5247 = LINE('',#5248,#5249);
#5248 = CARTESIAN_POINT('',(0.,0.));
#5249 = VECTOR('',#5250,1.);
#5250 = DIRECTION('',(0.,1.));
#5251 = ( GEOMETRIC_REPRESENTATION_CONTEXT(2) 
PARAMETRIC_REPRESENTATION_CONTEXT() REPRESENTATION_CONTEXT('2D SPACE',''
  ) );
#5252 = ADVANCED_FACE('',(#5253),#4396,.T.);
#5253 = FACE_BOUND('',#5254,.T.);
#5254 = EDGE_LOOP('',(#5255,#5280,#5281,#5282));
#5255 = ORIENTED_EDGE('',*,*,#5256,.F.);
#5256 = EDGE_CURVE('',#4998,#5125,#5257,.T.);
#5257 = SURFACE_CURVE('',#5258,(#5263,#5269),.PCURVE_S1.);
#5258 = CIRCLE('',#5259,1.2);
#5259 = AXIS2_PLACEMENT_3D('',#5260,#5261,#5262);
#5260 = CARTESIAN_POINT('',(14.2,1.2,-8.8));
#5261 = DIRECTION('',(-1.,6.123233995737E-17,0.));
#5262 = DIRECTION('',(-6.123233995737E-17,-1.,0.));
#5263 = PCURVE('',#4396,#5264);
#5264 = DEFINITIONAL_REPRESENTATION('',(#5265),#5268);
#5265 = B_SPLINE_CURVE_WITH_KNOTS('',1,(#5266,#5267),.UNSPECIFIED.,.F.,
  .F.,(2,2),(4.712388980385,6.28318530718),.PIECEWISE_BEZIER_KNOTS.);
#5266 = CARTESIAN_POINT('',(1.570796326795,1.2));
#5267 = CARTESIAN_POINT('',(0.,1.2));
#5268 = ( GEOMETRIC_REPRESENTATION_CONTEXT(2) 
PARAMETRIC_REPRESENTATION_CONTEXT() REPRESENTATION_CONTEXT('2D SPACE',''
  ) );
#5269 = PCURVE('',#5270,#5275);
#5270 = SPHERICAL_SURFACE('',#5271,1.2);
#5271 = AXIS2_PLACEMENT_3D('',#5272,#5273,#5274);
#5272 = CARTESIAN_POINT('',(14.2,1.2,-8.8));
#5273 = DIRECTION('',(0.,0.,1.));
#5274 = DIRECTION('',(-1.,0.,0.));
#5275 = DEFINITIONAL_REPRESENTATION('',(#5276),#5279);
#5276 = B_SPLINE_CURVE_WITH_KNOTS('',1,(#5277,#5278),.UNSPECIFIED.,.F.,
  .F.,(2,2),(4.712388980385,6.28318530718),.PIECEWISE_BEZIER_KNOTS.);
#5277 = CARTESIAN_POINT('',(1.570796326795,-1.570796326795));
#5278 = CARTESIAN_POINT('',(1.570796326795,0.));
#5279 = ( GEOMETRIC_REPRESENTATION_CONTEXT(2) 
PARAMETRIC_REPRESENTATION_CONTEXT() REPRESENTATION_CONTEXT('2D SPACE',''
  ) );
#5280 = ORIENTED_EDGE('',*,*,#5027,.T.);
#5281 = ORIENTED_EDGE('',*,*,#4382,.T.);
#5282 = ORIENTED_EDGE('',*,*,#5232,.F.);
#5283 = ADVANCED_FACE('',(#5284),#4867,.T.);
#5284 = FACE_BOUND('',#5285,.F.);
#5285 = EDGE_LOOP('',(#5286,#5287,#5315,#5342));
#5286 = ORIENTED_EDGE('',*,*,#5073,.F.);
#5287 = ORIENTED_EDGE('',*,*,#5288,.T.);
#5288 = EDGE_CURVE('',#5074,#5289,#5291,.T.);
#5289 = VERTEX_POINT('',#5290);
#5290 = CARTESIAN_POINT('',(14.8,25.3,10.));
#5291 = SURFACE_CURVE('',#5292,(#5296,#5303),.PCURVE_S1.);
#5292 = LINE('',#5293,#5294);
#5293 = CARTESIAN_POINT('',(14.8,0.,10.));
#5294 = VECTOR('',#5295,1.);
#5295 = DIRECTION('',(-0.,1.,0.));
#5296 = PCURVE('',#4867,#5297);
#5297 = DEFINITIONAL_REPRESENTATION('',(#5298),#5302);
#5298 = LINE('',#5299,#5300);
#5299 = CARTESIAN_POINT('',(-1.570796326795,0.));
#5300 = VECTOR('',#5301,1.);
#5301 = DIRECTION('',(-0.,1.));
#5302 = ( GEOMETRIC_REPRESENTATION_CONTEXT(2) 
PARAMETRIC_REPRESENTATION_CONTEXT() REPRESENTATION_CONTEXT('2D SPACE',''
  ) );
#5303 = PCURVE('',#5304,#5309);
#5304 = PLANE('',#5305);
#5305 = AXIS2_PLACEMENT_3D('',#5306,#5307,#5308);
#5306 = CARTESIAN_POINT('',(13.,0.,10.));
#5307 = DIRECTION('',(0.,0.,1.));
#5308 = DIRECTION('',(1.,0.,-0.));
#5309 = DEFINITIONAL_REPRESENTATION('',(#5310),#5314);
#5310 = LINE('',#5311,#5312);
#5311 = CARTESIAN_POINT('',(1.8,0.));
#5312 = VECTOR('',#5313,1.);
#5313 = DIRECTION('',(0.,1.));
#5314 = ( GEOMETRIC_REPRESENTATION_CONTEXT(2) 
PARAMETRIC_REPRESENTATION_CONTEXT() REPRESENTATION_CONTEXT('2D SPACE',''
  ) );
#5315 = ORIENTED_EDGE('',*,*,#5316,.F.);
#5316 = EDGE_CURVE('',#4826,#5289,#5317,.T.);
#5317 = SURFACE_CURVE('',#5318,(#5323,#5330),.PCURVE_S1.);
#5318 = CIRCLE('',#5319,1.2);
#5319 = AXIS2_PLACEMENT_3D('',#5320,#5321,#5322);
#5320 = CARTESIAN_POINT('',(14.8,25.3,8.8));
#5321 = DIRECTION('',(0.,-1.,-0.));
#5322 = DIRECTION('',(1.,0.,0.));
#5323 = PCURVE('',#4867,#5324);
#5324 = DEFINITIONAL_REPRESENTATION('',(#5325),#5329);
#5325 = LINE('',#5326,#5327);
#5326 = CARTESIAN_POINT('',(-0.,25.3));
#5327 = VECTOR('',#5328,1.);
#5328 = DIRECTION('',(-1.,0.));
#5329 = ( GEOMETRIC_REPRESENTATION_CONTEXT(2) 
PARAMETRIC_REPRESENTATION_CONTEXT() REPRESENTATION_CONTEXT('2D SPACE',''
  ) );
#5330 = PCURVE('',#5331,#5336);
#5331 = SPHERICAL_SURFACE('',#5332,1.2);
#5332 = AXIS2_PLACEMENT_3D('',#5333,#5334,#5335);
#5333 = CARTESIAN_POINT('',(14.8,25.3,8.8));
#5334 = DIRECTION('',(0.,-1.,-0.));
#5335 = DIRECTION('',(1.,0.,0.));
#5336 = DEFINITIONAL_REPRESENTATION('',(#5337),#5341);
#5337 = LINE('',#5338,#5339);
#5338 = CARTESIAN_POINT('',(0.,0.));
#5339 = VECTOR('',#5340,1.);
#5340 = DIRECTION('',(1.,0.));
#5341 = ( GEOMETRIC_REPRESENTATION_CONTEXT(2) 
PARAMETRIC_REPRESENTATION_CONTEXT() REPRESENTATION_CONTEXT('2D SPACE',''
  ) );
#5342 = ORIENTED_EDGE('',*,*,#4853,.F.);
#5343 = ADVANCED_FACE('',(#5344),#4841,.T.);
#5344 = FACE_BOUND('',#5345,.T.);
#5345 = EDGE_LOOP('',(#5346,#5347,#5348,#5376));
#5346 = ORIENTED_EDGE('',*,*,#4825,.F.);
#5347 = ORIENTED_EDGE('',*,*,#4972,.T.);
#5348 = ORIENTED_EDGE('',*,*,#5349,.T.);
#5349 = EDGE_CURVE('',#4946,#5350,#5352,.T.);
#5350 = VERTEX_POINT('',#5351);
#5351 = CARTESIAN_POINT('',(14.8,26.5,8.8));
#5352 = SURFACE_CURVE('',#5353,(#5357,#5364),.PCURVE_S1.);
#5353 = LINE('',#5354,#5355);
#5354 = CARTESIAN_POINT('',(14.8,26.5,-10.));
#5355 = VECTOR('',#5356,1.);
#5356 = DIRECTION('',(0.,0.,1.));
#5357 = PCURVE('',#4841,#5358);
#5358 = DEFINITIONAL_REPRESENTATION('',(#5359),#5363);
#5359 = LINE('',#5360,#5361);
#5360 = CARTESIAN_POINT('',(1.570796326795,0.));
#5361 = VECTOR('',#5362,1.);
#5362 = DIRECTION('',(0.,1.));
#5363 = ( GEOMETRIC_REPRESENTATION_CONTEXT(2) 
PARAMETRIC_REPRESENTATION_CONTEXT() REPRESENTATION_CONTEXT('2D SPACE',''
  ) );
#5364 = PCURVE('',#5365,#5370);
#5365 = PLANE('',#5366);
#5366 = AXIS2_PLACEMENT_3D('',#5367,#5368,#5369);
#5367 = CARTESIAN_POINT('',(13.,26.5,-10.));
#5368 = DIRECTION('',(-0.,1.,0.));
#5369 = DIRECTION('',(0.,0.,1.));
#5370 = DEFINITIONAL_REPRESENTATION('',(#5371),#5375);
#5371 = LINE('',#5372,#5373);
#5372 = CARTESIAN_POINT('',(0.,1.8));
#5373 = VECTOR('',#5374,1.);
#5374 = DIRECTION('',(1.,0.));
#5375 = ( GEOMETRIC_REPRESENTATION_CONTEXT(2) 
PARAMETRIC_REPRESENTATION_CONTEXT() REPRESENTATION_CONTEXT('2D SPACE',''
  ) );
#5376 = ORIENTED_EDGE('',*,*,#5377,.T.);
#5377 = EDGE_CURVE('',#5350,#4826,#5378,.T.);
#5378 = SURFACE_CURVE('',#5379,(#5384,#5390),.PCURVE_S1.);
#5379 = CIRCLE('',#5380,1.2);
#5380 = AXIS2_PLACEMENT_3D('',#5381,#5382,#5383);
#5381 = CARTESIAN_POINT('',(14.8,25.3,8.8));
#5382 = DIRECTION('',(0.,0.,-1.));
#5383 = DIRECTION('',(1.,0.,0.));
#5384 = PCURVE('',#4841,#5385);
#5385 = DEFINITIONAL_REPRESENTATION('',(#5386),#5389);
#5386 = B_SPLINE_CURVE_WITH_KNOTS('',1,(#5387,#5388),.UNSPECIFIED.,.F.,
  .F.,(2,2),(4.712388980385,6.28318530718),.PIECEWISE_BEZIER_KNOTS.);
#5387 = CARTESIAN_POINT('',(1.570796326795,18.8));
#5388 = CARTESIAN_POINT('',(0.,18.8));
#5389 = ( GEOMETRIC_REPRESENTATION_CONTEXT(2) 
PARAMETRIC_REPRESENTATION_CONTEXT() REPRESENTATION_CONTEXT('2D SPACE',''
  ) );
#5390 = PCURVE('',#5331,#5391);
#5391 = DEFINITIONAL_REPRESENTATION('',(#5392),#5395);
#5392 = B_SPLINE_CURVE_WITH_KNOTS('',1,(#5393,#5394),.UNSPECIFIED.,.F.,
  .F.,(2,2),(4.712388980385,6.28318530718),.PIECEWISE_BEZIER_KNOTS.);
#5393 = CARTESIAN_POINT('',(0.,-1.570796326795));
#5394 = CARTESIAN_POINT('',(0.,0.));
#5395 = ( GEOMETRIC_REPRESENTATION_CONTEXT(2) 
PARAMETRIC_REPRESENTATION_CONTEXT() REPRESENTATION_CONTEXT('2D SPACE',''
  ) );
#5396 = ADVANCED_FACE('',(#5397),#4898,.F.);
#5397 = FACE_BOUND('',#5398,.F.);
#5398 = EDGE_LOOP('',(#5399,#5400,#5423,#5450));
#5399 = ORIENTED_EDGE('',*,*,#4881,.F.);
#5400 = ORIENTED_EDGE('',*,*,#5401,.F.);
#5401 = EDGE_CURVE('',#5402,#4882,#5404,.T.);
#5402 = VERTEX_POINT('',#5403);
#5403 = CARTESIAN_POINT('',(13.,23.5,-7.7));
#5404 = SEAM_CURVE('',#5405,(#5409,#5416),.PCURVE_S1.);
#5405 = LINE('',#5406,#5407);
#5406 = CARTESIAN_POINT('',(11.5,23.5,-7.7));
#5407 = VECTOR('',#5408,1.);
#5408 = DIRECTION('',(1.,0.,0.));
#5409 = PCURVE('',#4898,#5410);
#5410 = DEFINITIONAL_REPRESENTATION('',(#5411),#5415);
#5411 = LINE('',#5412,#5413);
#5412 = CARTESIAN_POINT('',(6.28318530718,-0.));
#5413 = VECTOR('',#5414,1.);
#5414 = DIRECTION('',(0.,1.));
#5415 = ( GEOMETRIC_REPRESENTATION_CONTEXT(2) 
PARAMETRIC_REPRESENTATION_CONTEXT() REPRESENTATION_CONTEXT('2D SPACE',''
  ) );
#5416 = PCURVE('',#4898,#5417);
#5417 = DEFINITIONAL_REPRESENTATION('',(#5418),#5422);
#5418 = LINE('',#5419,#5420);
#5419 = CARTESIAN_POINT('',(0.,-0.));
#5420 = VECTOR('',#5421,1.);
#5421 = DIRECTION('',(0.,1.));
#5422 = ( GEOMETRIC_REPRESENTATION_CONTEXT(2) 
PARAMETRIC_REPRESENTATION_CONTEXT() REPRESENTATION_CONTEXT('2D SPACE',''
  ) );
#5423 = ORIENTED_EDGE('',*,*,#5424,.T.);
#5424 = EDGE_CURVE('',#5402,#5402,#5425,.T.);
#5425 = SURFACE_CURVE('',#5426,(#5431,#5438),.PCURVE_S1.);
#5426 = CIRCLE('',#5427,1.7);
#5427 = AXIS2_PLACEMENT_3D('',#5428,#5429,#5430);
#5428 = CARTESIAN_POINT('',(13.,23.5,-6.));
#5429 = DIRECTION('',(1.,0.,0.));
#5430 = DIRECTION('',(0.,0.,-1.));
#5431 = PCURVE('',#4898,#5432);
#5432 = DEFINITIONAL_REPRESENTATION('',(#5433),#5437);
#5433 = LINE('',#5434,#5435);
#5434 = CARTESIAN_POINT('',(0.,1.5));
#5435 = VECTOR('',#5436,1.);
#5436 = DIRECTION('',(1.,0.));
#5437 = ( GEOMETRIC_REPRESENTATION_CONTEXT(2) 
PARAMETRIC_REPRESENTATION_CONTEXT() REPRESENTATION_CONTEXT('2D SPACE',''
  ) );
#5438 = PCURVE('',#5439,#5444);
#5439 = PLANE('',#5440);
#5440 = AXIS2_PLACEMENT_3D('',#5441,#5442,#5443);
#5441 = CARTESIAN_POINT('',(13.,0.,-10.));
#5442 = DIRECTION('',(1.,0.,-0.));
#5443 = DIRECTION('',(0.,0.,1.));
#5444 = DEFINITIONAL_REPRESENTATION('',(#5445),#5449);
#5445 = CIRCLE('',#5446,1.7);
#5446 = AXIS2_PLACEMENT_2D('',#5447,#5448);
#5447 = CARTESIAN_POINT('',(4.,-23.5));
#5448 = DIRECTION('',(-1.,0.));
#5449 = ( GEOMETRIC_REPRESENTATION_CONTEXT(2) 
PARAMETRIC_REPRESENTATION_CONTEXT() REPRESENTATION_CONTEXT('2D SPACE',''
  ) );
#5450 = ORIENTED_EDGE('',*,*,#5401,.T.);
#5451 = ADVANCED_FACE('',(#5452),#4929,.F.);
#5452 = FACE_BOUND('',#5453,.F.);
#5453 = EDGE_LOOP('',(#5454,#5455,#5478,#5500));
#5454 = ORIENTED_EDGE('',*,*,#4912,.F.);
#5455 = ORIENTED_EDGE('',*,*,#5456,.F.);
#5456 = EDGE_CURVE('',#5457,#4913,#5459,.T.);
#5457 = VERTEX_POINT('',#5458);
#5458 = CARTESIAN_POINT('',(13.,23.5,4.3));
#5459 = SEAM_CURVE('',#5460,(#5464,#5471),.PCURVE_S1.);
#5460 = LINE('',#5461,#5462);
#5461 = CARTESIAN_POINT('',(11.5,23.5,4.3));
#5462 = VECTOR('',#5463,1.);
#5463 = DIRECTION('',(1.,0.,0.));
#5464 = PCURVE('',#4929,#5465);
#5465 = DEFINITIONAL_REPRESENTATION('',(#5466),#5470);
#5466 = LINE('',#5467,#5468);
#5467 = CARTESIAN_POINT('',(6.28318530718,-0.));
#5468 = VECTOR('',#5469,1.);
#5469 = DIRECTION('',(0.,1.));
#5470 = ( GEOMETRIC_REPRESENTATION_CONTEXT(2) 
PARAMETRIC_REPRESENTATION_CONTEXT() REPRESENTATION_CONTEXT('2D SPACE',''
  ) );
#5471 = PCURVE('',#4929,#5472);
#5472 = DEFINITIONAL_REPRESENTATION('',(#5473),#5477);
#5473 = LINE('',#5474,#5475);
#5474 = CARTESIAN_POINT('',(0.,-0.));
#5475 = VECTOR('',#5476,1.);
#5476 = DIRECTION('',(0.,1.));
#5477 = ( GEOMETRIC_REPRESENTATION_CONTEXT(2) 
PARAMETRIC_REPRESENTATION_CONTEXT() REPRESENTATION_CONTEXT('2D SPACE',''
  ) );
#5478 = ORIENTED_EDGE('',*,*,#5479,.T.);
#5479 = EDGE_CURVE('',#5457,#5457,#5480,.T.);
#5480 = SURFACE_CURVE('',#5481,(#5486,#5493),.PCURVE_S1.);
#5481 = CIRCLE('',#5482,1.7);
#5482 = AXIS2_PLACEMENT_3D('',#5483,#5484,#5485);
#5483 = CARTESIAN_POINT('',(13.,23.5,6.));
#5484 = DIRECTION('',(1.,0.,0.));
#5485 = DIRECTION('',(0.,0.,-1.));
#5486 = PCURVE('',#4929,#5487);
#5487 = DEFINITIONAL_REPRESENTATION('',(#5488),#5492);
#5488 = LINE('',#5489,#5490);
#5489 = CARTESIAN_POINT('',(0.,1.5));
#5490 = VECTOR('',#5491,1.);
#5491 = DIRECTION('',(1.,0.));
#5492 = ( GEOMETRIC_REPRESENTATION_CONTEXT(2) 
PARAMETRIC_REPRESENTATION_CONTEXT() REPRESENTATION_CONTEXT('2D SPACE',''
  ) );
#5493 = PCURVE('',#5439,#5494);
#5494 = DEFINITIONAL_REPRESENTATION('',(#5495),#5499);
#5495 = CIRCLE('',#5496,1.7);
#5496 = AXIS2_PLACEMENT_2D('',#5497,#5498);
#5497 = CARTESIAN_POINT('',(16.,-23.5));
#5498 = DIRECTION('',(-1.,0.));
#5499 = ( GEOMETRIC_REPRESENTATION_CONTEXT(2) 
PARAMETRIC_REPRESENTATION_CONTEXT() REPRESENTATION_CONTEXT('2D SPACE',''
  ) );
#5500 = ORIENTED_EDGE('',*,*,#5456,.T.);
#5501 = ADVANCED_FACE('',(#5502),#4961,.T.);
#5502 = FACE_BOUND('',#5503,.F.);
#5503 = EDGE_LOOP('',(#5504,#5531,#5532,#5533));
#5504 = ORIENTED_EDGE('',*,*,#5505,.F.);
#5505 = EDGE_CURVE('',#5000,#5506,#5508,.T.);
#5506 = VERTEX_POINT('',#5507);
#5507 = CARTESIAN_POINT('',(14.2,26.5,-8.8));
#5508 = SURFACE_CURVE('',#5509,(#5514,#5520),.PCURVE_S1.);
#5509 = CIRCLE('',#5510,1.2);
#5510 = AXIS2_PLACEMENT_3D('',#5511,#5512,#5513);
#5511 = CARTESIAN_POINT('',(14.2,25.3,-8.8));
#5512 = DIRECTION('',(1.,6.123233995737E-17,-0.));
#5513 = DIRECTION('',(-6.123233995737E-17,1.,0.));
#5514 = PCURVE('',#4961,#5515);
#5515 = DEFINITIONAL_REPRESENTATION('',(#5516),#5519);
#5516 = B_SPLINE_CURVE_WITH_KNOTS('',1,(#5517,#5518),.UNSPECIFIED.,.F.,
  .F.,(2,2),(4.712388980385,6.28318530718),.PIECEWISE_BEZIER_KNOTS.);
#5517 = CARTESIAN_POINT('',(-1.570796326795,1.2));
#5518 = CARTESIAN_POINT('',(0.,1.2));
#5519 = ( GEOMETRIC_REPRESENTATION_CONTEXT(2) 
PARAMETRIC_REPRESENTATION_CONTEXT() REPRESENTATION_CONTEXT('2D SPACE',''
  ) );
#5520 = PCURVE('',#5521,#5526);
#5521 = SPHERICAL_SURFACE('',#5522,1.2);
#5522 = AXIS2_PLACEMENT_3D('',#5523,#5524,#5525);
#5523 = CARTESIAN_POINT('',(14.2,25.3,-8.8));
#5524 = DIRECTION('',(0.,0.,1.));
#5525 = DIRECTION('',(-1.,0.,0.));
#5526 = DEFINITIONAL_REPRESENTATION('',(#5527),#5530);
#5527 = B_SPLINE_CURVE_WITH_KNOTS('',1,(#5528,#5529),.UNSPECIFIED.,.F.,
  .F.,(2,2),(4.712388980385,6.28318530718),.PIECEWISE_BEZIER_KNOTS.);
#5528 = CARTESIAN_POINT('',(-1.570796326795,-1.570796326795));
#5529 = CARTESIAN_POINT('',(-1.570796326795,0.));
#5530 = ( GEOMETRIC_REPRESENTATION_CONTEXT(2) 
PARAMETRIC_REPRESENTATION_CONTEXT() REPRESENTATION_CONTEXT('2D SPACE',''
  ) );
#5531 = ORIENTED_EDGE('',*,*,#5049,.T.);
#5532 = ORIENTED_EDGE('',*,*,#4945,.T.);
#5533 = ORIENTED_EDGE('',*,*,#5534,.F.);
#5534 = EDGE_CURVE('',#5506,#4946,#5535,.T.);
#5535 = SURFACE_CURVE('',#5536,(#5540,#5547),.PCURVE_S1.);
#5536 = LINE('',#5537,#5538);
#5537 = CARTESIAN_POINT('',(13.,26.5,-8.8));
#5538 = VECTOR('',#5539,1.);
#5539 = DIRECTION('',(1.,0.,-0.));
#5540 = PCURVE('',#4961,#5541);
#5541 = DEFINITIONAL_REPRESENTATION('',(#5542),#5546);
#5542 = LINE('',#5543,#5544);
#5543 = CARTESIAN_POINT('',(-0.,0.));
#5544 = VECTOR('',#5545,1.);
#5545 = DIRECTION('',(-0.,1.));
#5546 = ( GEOMETRIC_REPRESENTATION_CONTEXT(2) 
PARAMETRIC_REPRESENTATION_CONTEXT() REPRESENTATION_CONTEXT('2D SPACE',''
  ) );
#5547 = PCURVE('',#5365,#5548);
#5548 = DEFINITIONAL_REPRESENTATION('',(#5549),#5553);
#5549 = LINE('',#5550,#5551);
#5550 = CARTESIAN_POINT('',(1.2,0.));
#5551 = VECTOR('',#5552,1.);
#5552 = DIRECTION('',(0.,1.));
#5553 = ( GEOMETRIC_REPRESENTATION_CONTEXT(2) 
PARAMETRIC_REPRESENTATION_CONTEXT() REPRESENTATION_CONTEXT('2D SPACE',''
  ) );
#5554 = ADVANCED_FACE('',(#5555),#5015,.T.);
#5555 = FACE_BOUND('',#5556,.F.);
#5556 = EDGE_LOOP('',(#5557,#5579,#5580,#5602));
#5557 = ORIENTED_EDGE('',*,*,#5558,.F.);
#5558 = EDGE_CURVE('',#4998,#5559,#5561,.T.);
#5559 = VERTEX_POINT('',#5560);
#5560 = CARTESIAN_POINT('',(13.,1.2,-8.8));
#5561 = SURFACE_CURVE('',#5562,(#5567,#5573),.PCURVE_S1.);
#5562 = CIRCLE('',#5563,1.2);
#5563 = AXIS2_PLACEMENT_3D('',#5564,#5565,#5566);
#5564 = CARTESIAN_POINT('',(14.2,1.2,-8.8));
#5565 = DIRECTION('',(0.,1.,-0.));
#5566 = DIRECTION('',(-1.,0.,0.));
#5567 = PCURVE('',#5015,#5568);
#5568 = DEFINITIONAL_REPRESENTATION('',(#5569),#5572);
#5569 = B_SPLINE_CURVE_WITH_KNOTS('',1,(#5570,#5571),.UNSPECIFIED.,.F.,
  .F.,(2,2),(4.712388980385,6.28318530718),.PIECEWISE_BEZIER_KNOTS.);
#5570 = CARTESIAN_POINT('',(-1.570796326795,1.2));
#5571 = CARTESIAN_POINT('',(0.,1.2));
#5572 = ( GEOMETRIC_REPRESENTATION_CONTEXT(2) 
PARAMETRIC_REPRESENTATION_CONTEXT() REPRESENTATION_CONTEXT('2D SPACE',''
  ) );
#5573 = PCURVE('',#5270,#5574);
#5574 = DEFINITIONAL_REPRESENTATION('',(#5575),#5578);
#5575 = B_SPLINE_CURVE_WITH_KNOTS('',1,(#5576,#5577),.UNSPECIFIED.,.F.,
  .F.,(2,2),(4.712388980385,6.28318530718),.PIECEWISE_BEZIER_KNOTS.);
#5576 = CARTESIAN_POINT('',(0.,-1.570796326795));
#5577 = CARTESIAN_POINT('',(0.,0.));
#5578 = ( GEOMETRIC_REPRESENTATION_CONTEXT(2) 
PARAMETRIC_REPRESENTATION_CONTEXT() REPRESENTATION_CONTEXT('2D SPACE',''
  ) );
#5579 = ORIENTED_EDGE('',*,*,#4997,.T.);
#5580 = ORIENTED_EDGE('',*,*,#5581,.T.);
#5581 = EDGE_CURVE('',#5000,#5582,#5584,.T.);
#5582 = VERTEX_POINT('',#5583);
#5583 = CARTESIAN_POINT('',(13.,25.3,-8.8));
#5584 = SURFACE_CURVE('',#5585,(#5590,#5596),.PCURVE_S1.);
#5585 = CIRCLE('',#5586,1.2);
#5586 = AXIS2_PLACEMENT_3D('',#5587,#5588,#5589);
#5587 = CARTESIAN_POINT('',(14.2,25.3,-8.8));
#5588 = DIRECTION('',(0.,1.,-0.));
#5589 = DIRECTION('',(-1.,0.,0.));
#5590 = PCURVE('',#5015,#5591);
#5591 = DEFINITIONAL_REPRESENTATION('',(#5592),#5595);
#5592 = B_SPLINE_CURVE_WITH_KNOTS('',1,(#5593,#5594),.UNSPECIFIED.,.F.,
  .F.,(2,2),(4.712388980385,6.28318530718),.PIECEWISE_BEZIER_KNOTS.);
#5593 = CARTESIAN_POINT('',(-1.570796326795,25.3));
#5594 = CARTESIAN_POINT('',(0.,25.3));
#5595 = ( GEOMETRIC_REPRESENTATION_CONTEXT(2) 
PARAMETRIC_REPRESENTATION_CONTEXT() REPRESENTATION_CONTEXT('2D SPACE',''
  ) );
#5596 = PCURVE('',#5521,#5597);
#5597 = DEFINITIONAL_REPRESENTATION('',(#5598),#5601);
#5598 = B_SPLINE_CURVE_WITH_KNOTS('',1,(#5599,#5600),.UNSPECIFIED.,.F.,
  .F.,(2,2),(4.712388980385,6.28318530718),.PIECEWISE_BEZIER_KNOTS.);
#5599 = CARTESIAN_POINT('',(0.,-1.570796326795));
#5600 = CARTESIAN_POINT('',(0.,0.));
#5601 = ( GEOMETRIC_REPRESENTATION_CONTEXT(2) 
PARAMETRIC_REPRESENTATION_CONTEXT() REPRESENTATION_CONTEXT('2D SPACE',''
  ) );
#5602 = ORIENTED_EDGE('',*,*,#5603,.F.);
#5603 = EDGE_CURVE('',#5559,#5582,#5604,.T.);
#5604 = SURFACE_CURVE('',#5605,(#5609,#5616),.PCURVE_S1.);
#5605 = LINE('',#5606,#5607);
#5606 = CARTESIAN_POINT('',(13.,0.,-8.8));
#5607 = VECTOR('',#5608,1.);
#5608 = DIRECTION('',(-0.,1.,0.));
#5609 = PCURVE('',#5015,#5610);
#5610 = DEFINITIONAL_REPRESENTATION('',(#5611),#5615);
#5611 = LINE('',#5612,#5613);
#5612 = CARTESIAN_POINT('',(-0.,0.));
#5613 = VECTOR('',#5614,1.);
#5614 = DIRECTION('',(-0.,1.));
#5615 = ( GEOMETRIC_REPRESENTATION_CONTEXT(2) 
PARAMETRIC_REPRESENTATION_CONTEXT() REPRESENTATION_CONTEXT('2D SPACE',''
  ) );
#5616 = PCURVE('',#5439,#5617);
#5617 = DEFINITIONAL_REPRESENTATION('',(#5618),#5622);
#5618 = LINE('',#5619,#5620);
#5619 = CARTESIAN_POINT('',(1.2,0.));
#5620 = VECTOR('',#5621,1.);
#5621 = DIRECTION('',(0.,-1.));
#5622 = ( GEOMETRIC_REPRESENTATION_CONTEXT(2) 
PARAMETRIC_REPRESENTATION_CONTEXT() REPRESENTATION_CONTEXT('2D SPACE',''
  ) );
#5623 = ADVANCED_FACE('',(#5624),#5109,.T.);
#5624 = FACE_BOUND('',#5625,.F.);
#5625 = EDGE_LOOP('',(#5626,#5653,#5674,#5675));
#5626 = ORIENTED_EDGE('',*,*,#5627,.F.);
#5627 = EDGE_CURVE('',#5628,#5183,#5630,.T.);
#5628 = VERTEX_POINT('',#5629);
#5629 = CARTESIAN_POINT('',(14.2,1.2,10.));
#5630 = SURFACE_CURVE('',#5631,(#5636,#5642),.PCURVE_S1.);
#5631 = CIRCLE('',#5632,1.2);
#5632 = AXIS2_PLACEMENT_3D('',#5633,#5634,#5635);
#5633 = CARTESIAN_POINT('',(14.2,1.2,8.8));
#5634 = DIRECTION('',(1.,-6.123233995737E-17,0.));
#5635 = DIRECTION('',(-6.123233995737E-17,-1.,0.));
#5636 = PCURVE('',#5109,#5637);
#5637 = DEFINITIONAL_REPRESENTATION('',(#5638),#5641);
#5638 = B_SPLINE_CURVE_WITH_KNOTS('',1,(#5639,#5640),.UNSPECIFIED.,.F.,
  .F.,(2,2),(4.712388980385,6.28318530718),.PIECEWISE_BEZIER_KNOTS.);
#5639 = CARTESIAN_POINT('',(-1.570796326795,1.2));
#5640 = CARTESIAN_POINT('',(0.,1.2));
#5641 = ( GEOMETRIC_REPRESENTATION_CONTEXT(2) 
PARAMETRIC_REPRESENTATION_CONTEXT() REPRESENTATION_CONTEXT('2D SPACE',''
  ) );
#5642 = PCURVE('',#5643,#5648);
#5643 = SPHERICAL_SURFACE('',#5644,1.2);
#5644 = AXIS2_PLACEMENT_3D('',#5645,#5646,#5647);
#5645 = CARTESIAN_POINT('',(14.2,1.2,8.8));
#5646 = DIRECTION('',(-0.,-0.,-1.));
#5647 = DIRECTION('',(-1.,0.,0.));
#5648 = DEFINITIONAL_REPRESENTATION('',(#5649),#5652);
#5649 = B_SPLINE_CURVE_WITH_KNOTS('',1,(#5650,#5651),.UNSPECIFIED.,.F.,
  .F.,(2,2),(4.712388980385,6.28318530718),.PIECEWISE_BEZIER_KNOTS.);
#5650 = CARTESIAN_POINT('',(-1.570796326795,-1.570796326795));
#5651 = CARTESIAN_POINT('',(-1.570796326795,0.));
#5652 = ( GEOMETRIC_REPRESENTATION_CONTEXT(2) 
PARAMETRIC_REPRESENTATION_CONTEXT() REPRESENTATION_CONTEXT('2D SPACE',''
  ) );
#5653 = ORIENTED_EDGE('',*,*,#5654,.T.);
#5654 = EDGE_CURVE('',#5628,#5074,#5655,.T.);
#5655 = SURFACE_CURVE('',#5656,(#5660,#5667),.PCURVE_S1.);
#5656 = LINE('',#5657,#5658);
#5657 = CARTESIAN_POINT('',(13.,1.2,10.));
#5658 = VECTOR('',#5659,1.);
#5659 = DIRECTION('',(1.,0.,-0.));
#5660 = PCURVE('',#5109,#5661);
#5661 = DEFINITIONAL_REPRESENTATION('',(#5662),#5666);
#5662 = LINE('',#5663,#5664);
#5663 = CARTESIAN_POINT('',(-1.570796326795,0.));
#5664 = VECTOR('',#5665,1.);
#5665 = DIRECTION('',(-0.,1.));
#5666 = ( GEOMETRIC_REPRESENTATION_CONTEXT(2) 
PARAMETRIC_REPRESENTATION_CONTEXT() REPRESENTATION_CONTEXT('2D SPACE',''
  ) );
#5667 = PCURVE('',#5304,#5668);
#5668 = DEFINITIONAL_REPRESENTATION('',(#5669),#5673);
#5669 = LINE('',#5670,#5671);
#5670 = CARTESIAN_POINT('',(0.,1.2));
#5671 = VECTOR('',#5672,1.);
#5672 = DIRECTION('',(1.,0.));
#5673 = ( GEOMETRIC_REPRESENTATION_CONTEXT(2) 
PARAMETRIC_REPRESENTATION_CONTEXT() REPRESENTATION_CONTEXT('2D SPACE',''
  ) );
#5674 = ORIENTED_EDGE('',*,*,#5095,.T.);
#5675 = ORIENTED_EDGE('',*,*,#5210,.F.);
#5676 = ADVANCED_FACE('',(#5677),#5142,.T.);
#5677 = FACE_BOUND('',#5678,.T.);
#5678 = EDGE_LOOP('',(#5679,#5702,#5724,#5725));
#5679 = ORIENTED_EDGE('',*,*,#5680,.F.);
#5680 = EDGE_CURVE('',#5559,#5681,#5683,.T.);
#5681 = VERTEX_POINT('',#5682);
#5682 = CARTESIAN_POINT('',(13.,1.2,-2.5));
#5683 = SURFACE_CURVE('',#5684,(#5688,#5695),.PCURVE_S1.);
#5684 = LINE('',#5685,#5686);
#5685 = CARTESIAN_POINT('',(13.,1.2,-10.));
#5686 = VECTOR('',#5687,1.);
#5687 = DIRECTION('',(0.,0.,1.));
#5688 = PCURVE('',#5142,#5689);
#5689 = DEFINITIONAL_REPRESENTATION('',(#5690),#5694);
#5690 = LINE('',#5691,#5692);
#5691 = CARTESIAN_POINT('',(0.,0.));
#5692 = VECTOR('',#5693,1.);
#5693 = DIRECTION('',(0.,1.));
#5694 = ( GEOMETRIC_REPRESENTATION_CONTEXT(2) 
PARAMETRIC_REPRESENTATION_CONTEXT() REPRESENTATION_CONTEXT('2D SPACE',''
  ) );
#5695 = PCURVE('',#5439,#5696);
#5696 = DEFINITIONAL_REPRESENTATION('',(#5697),#5701);
#5697 = LINE('',#5698,#5699);
#5698 = CARTESIAN_POINT('',(0.,-1.2));
#5699 = VECTOR('',#5700,1.);
#5700 = DIRECTION('',(1.,0.));
#5701 = ( GEOMETRIC_REPRESENTATION_CONTEXT(2) 
PARAMETRIC_REPRESENTATION_CONTEXT() REPRESENTATION_CONTEXT('2D SPACE',''
  ) );
#5702 = ORIENTED_EDGE('',*,*,#5703,.T.);
#5703 = EDGE_CURVE('',#5559,#5125,#5704,.T.);
#5704 = SURFACE_CURVE('',#5705,(#5710,#5717),.PCURVE_S1.);
#5705 = CIRCLE('',#5706,1.2);
#5706 = AXIS2_PLACEMENT_3D('',#5707,#5708,#5709);
#5707 = CARTESIAN_POINT('',(14.2,1.2,-8.8));
#5708 = DIRECTION('',(0.,0.,1.));
#5709 = DIRECTION('',(-1.,0.,0.));
#5710 = PCURVE('',#5142,#5711);
#5711 = DEFINITIONAL_REPRESENTATION('',(#5712),#5716);
#5712 = LINE('',#5713,#5714);
#5713 = CARTESIAN_POINT('',(0.,1.2));
#5714 = VECTOR('',#5715,1.);
#5715 = DIRECTION('',(1.,0.));
#5716 = ( GEOMETRIC_REPRESENTATION_CONTEXT(2) 
PARAMETRIC_REPRESENTATION_CONTEXT() REPRESENTATION_CONTEXT('2D SPACE',''
  ) );
#5717 = PCURVE('',#5270,#5718);
#5718 = DEFINITIONAL_REPRESENTATION('',(#5719),#5723);
#5719 = LINE('',#5720,#5721);
#5720 = CARTESIAN_POINT('',(0.,0.));
#5721 = VECTOR('',#5722,1.);
#5722 = DIRECTION('',(1.,0.));
#5723 = ( GEOMETRIC_REPRESENTATION_CONTEXT(2) 
PARAMETRIC_REPRESENTATION_CONTEXT() REPRESENTATION_CONTEXT('2D SPACE',''
  ) );
#5724 = ORIENTED_EDGE('',*,*,#5124,.T.);
#5725 = ORIENTED_EDGE('',*,*,#5726,.F.);
#5726 = EDGE_CURVE('',#5681,#5127,#5727,.T.);
#5727 = SURFACE_CURVE('',#5728,(#5733,#5740),.PCURVE_S1.);
#5728 = CIRCLE('',#5729,1.2);
#5729 = AXIS2_PLACEMENT_3D('',#5730,#5731,#5732);
#5730 = CARTESIAN_POINT('',(14.2,1.2,-2.5));
#5731 = DIRECTION('',(0.,0.,1.));
#5732 = DIRECTION('',(-1.,-0.,0.));
#5733 = PCURVE('',#5142,#5734);
#5734 = DEFINITIONAL_REPRESENTATION('',(#5735),#5739);
#5735 = LINE('',#5736,#5737);
#5736 = CARTESIAN_POINT('',(0.,7.5));
#5737 = VECTOR('',#5738,1.);
#5738 = DIRECTION('',(1.,0.));
#5739 = ( GEOMETRIC_REPRESENTATION_CONTEXT(2) 
PARAMETRIC_REPRESENTATION_CONTEXT() REPRESENTATION_CONTEXT('2D SPACE',''
  ) );
#5740 = PCURVE('',#5741,#5746);
#5741 = PLANE('',#5742);
#5742 = AXIS2_PLACEMENT_3D('',#5743,#5744,#5745);
#5743 = CARTESIAN_POINT('',(0.,0.,-2.5));
#5744 = DIRECTION('',(0.,0.,1.));
#5745 = DIRECTION('',(1.,0.,-0.));
#5746 = DEFINITIONAL_REPRESENTATION('',(#5747),#5751);
#5747 = CIRCLE('',#5748,1.2);
#5748 = AXIS2_PLACEMENT_2D('',#5749,#5750);
#5749 = CARTESIAN_POINT('',(14.2,1.2));
#5750 = DIRECTION('',(-1.,0.));
#5751 = ( GEOMETRIC_REPRESENTATION_CONTEXT(2) 
PARAMETRIC_REPRESENTATION_CONTEXT() REPRESENTATION_CONTEXT('2D SPACE',''
  ) );
#5752 = ADVANCED_FACE('',(#5753),#5170,.F.);
#5753 = FACE_BOUND('',#5754,.F.);
#5754 = EDGE_LOOP('',(#5755,#5784,#5785,#5809));
#5755 = ORIENTED_EDGE('',*,*,#5756,.F.);
#5756 = EDGE_CURVE('',#5155,#5757,#5759,.T.);
#5757 = VERTEX_POINT('',#5758);
#5758 = CARTESIAN_POINT('',(13.,5.713142742834,2.5));
#5759 = SURFACE_CURVE('',#5760,(#5765,#5772),.PCURVE_S1.);
#5760 = CIRCLE('',#5761,14.2);
#5761 = AXIS2_PLACEMENT_3D('',#5762,#5763,#5764);
#5762 = CARTESIAN_POINT('',(0.,0.,2.5));
#5763 = DIRECTION('',(0.,0.,1.));
#5764 = DIRECTION('',(1.,0.,-0.));
#5765 = PCURVE('',#5170,#5766);
#5766 = DEFINITIONAL_REPRESENTATION('',(#5767),#5771);
#5767 = LINE('',#5768,#5769);
#5768 = CARTESIAN_POINT('',(0.,5.));
#5769 = VECTOR('',#5770,1.);
#5770 = DIRECTION('',(1.,0.));
#5771 = ( GEOMETRIC_REPRESENTATION_CONTEXT(2) 
PARAMETRIC_REPRESENTATION_CONTEXT() REPRESENTATION_CONTEXT('2D SPACE',''
  ) );
#5772 = PCURVE('',#5773,#5778);
#5773 = PLANE('',#5774);
#5774 = AXIS2_PLACEMENT_3D('',#5775,#5776,#5777);
#5775 = CARTESIAN_POINT('',(0.,0.,2.5));
#5776 = DIRECTION('',(0.,0.,1.));
#5777 = DIRECTION('',(1.,0.,-0.));
#5778 = DEFINITIONAL_REPRESENTATION('',(#5779),#5783);
#5779 = CIRCLE('',#5780,14.2);
#5780 = AXIS2_PLACEMENT_2D('',#5781,#5782);
#5781 = CARTESIAN_POINT('',(0.,0.));
#5782 = DIRECTION('',(1.,0.));
#5783 = ( GEOMETRIC_REPRESENTATION_CONTEXT(2) 
PARAMETRIC_REPRESENTATION_CONTEXT() REPRESENTATION_CONTEXT('2D SPACE',''
  ) );
#5784 = ORIENTED_EDGE('',*,*,#5154,.F.);
#5785 = ORIENTED_EDGE('',*,*,#5786,.T.);
#5786 = EDGE_CURVE('',#5127,#5787,#5789,.T.);
#5787 = VERTEX_POINT('',#5788);
#5788 = CARTESIAN_POINT('',(13.,5.713142742834,-2.5));
#5789 = SURFACE_CURVE('',#5790,(#5795,#5802),.PCURVE_S1.);
#5790 = CIRCLE('',#5791,14.2);
#5791 = AXIS2_PLACEMENT_3D('',#5792,#5793,#5794);
#5792 = CARTESIAN_POINT('',(0.,0.,-2.5));
#5793 = DIRECTION('',(0.,0.,1.));
#5794 = DIRECTION('',(1.,0.,-0.));
#5795 = PCURVE('',#5170,#5796);
#5796 = DEFINITIONAL_REPRESENTATION('',(#5797),#5801);
#5797 = LINE('',#5798,#5799);
#5798 = CARTESIAN_POINT('',(0.,0.));
#5799 = VECTOR('',#5800,1.);
#5800 = DIRECTION('',(1.,0.));
#5801 = ( GEOMETRIC_REPRESENTATION_CONTEXT(2) 
PARAMETRIC_REPRESENTATION_CONTEXT() REPRESENTATION_CONTEXT('2D SPACE',''
  ) );
#5802 = PCURVE('',#5741,#5803);
#5803 = DEFINITIONAL_REPRESENTATION('',(#5804),#5808);
#5804 = CIRCLE('',#5805,14.2);
#5805 = AXIS2_PLACEMENT_2D('',#5806,#5807);
#5806 = CARTESIAN_POINT('',(0.,0.));
#5807 = DIRECTION('',(1.,0.));
#5808 = ( GEOMETRIC_REPRESENTATION_CONTEXT(2) 
PARAMETRIC_REPRESENTATION_CONTEXT() REPRESENTATION_CONTEXT('2D SPACE',''
  ) );
#5809 = ORIENTED_EDGE('',*,*,#5810,.T.);
#5810 = EDGE_CURVE('',#5787,#5757,#5811,.T.);
#5811 = SURFACE_CURVE('',#5812,(#5816,#5822),.PCURVE_S1.);
#5812 = LINE('',#5813,#5814);
#5813 = CARTESIAN_POINT('',(13.,5.713142742834,-2.5));
#5814 = VECTOR('',#5815,1.);
#5815 = DIRECTION('',(0.,0.,1.));
#5816 = PCURVE('',#5170,#5817);
#5817 = DEFINITIONAL_REPRESENTATION('',(#5818),#5821);
#5818 = B_SPLINE_CURVE_WITH_KNOTS('',1,(#5819,#5820),.UNSPECIFIED.,.F.,
  .F.,(2,2),(-5.999999999062E-07,5.0000006),.PIECEWISE_BEZIER_KNOTS.);
#5819 = CARTESIAN_POINT('',(0.414064863967,-5.999999999062E-07));
#5820 = CARTESIAN_POINT('',(0.414064863967,5.0000006));
#5821 = ( GEOMETRIC_REPRESENTATION_CONTEXT(2) 
PARAMETRIC_REPRESENTATION_CONTEXT() REPRESENTATION_CONTEXT('2D SPACE',''
  ) );
#5822 = PCURVE('',#5439,#5823);
#5823 = DEFINITIONAL_REPRESENTATION('',(#5824),#5827);
#5824 = B_SPLINE_CURVE_WITH_KNOTS('',1,(#5825,#5826),.UNSPECIFIED.,.F.,
  .F.,(2,2),(-5.999999999062E-07,5.0000006),.PIECEWISE_BEZIER_KNOTS.);
#5825 = CARTESIAN_POINT('',(7.4999994,-5.713142742834));
#5826 = CARTESIAN_POINT('',(12.5000006,-5.713142742834));
#5827 = ( GEOMETRIC_REPRESENTATION_CONTEXT(2) 
PARAMETRIC_REPRESENTATION_CONTEXT() REPRESENTATION_CONTEXT('2D SPACE',''
  ) );
#5828 = ADVANCED_FACE('',(#5829),#5198,.T.);
#5829 = FACE_BOUND('',#5830,.T.);
#5830 = EDGE_LOOP('',(#5831,#5856,#5878,#5879));
#5831 = ORIENTED_EDGE('',*,*,#5832,.F.);
#5832 = EDGE_CURVE('',#5833,#5835,#5837,.T.);
#5833 = VERTEX_POINT('',#5834);
#5834 = CARTESIAN_POINT('',(13.,1.2,2.5));
#5835 = VERTEX_POINT('',#5836);
#5836 = CARTESIAN_POINT('',(13.,1.2,8.8));
#5837 = SURFACE_CURVE('',#5838,(#5842,#5849),.PCURVE_S1.);
#5838 = LINE('',#5839,#5840);
#5839 = CARTESIAN_POINT('',(13.,1.2,-10.));
#5840 = VECTOR('',#5841,1.);
#5841 = DIRECTION('',(0.,0.,1.));
#5842 = PCURVE('',#5198,#5843);
#5843 = DEFINITIONAL_REPRESENTATION('',(#5844),#5848);
#5844 = LINE('',#5845,#5846);
#5845 = CARTESIAN_POINT('',(0.,0.));
#5846 = VECTOR('',#5847,1.);
#5847 = DIRECTION('',(0.,1.));
#5848 = ( GEOMETRIC_REPRESENTATION_CONTEXT(2) 
PARAMETRIC_REPRESENTATION_CONTEXT() REPRESENTATION_CONTEXT('2D SPACE',''
  ) );
#5849 = PCURVE('',#5439,#5850);
#5850 = DEFINITIONAL_REPRESENTATION('',(#5851),#5855);
#5851 = LINE('',#5852,#5853);
#5852 = CARTESIAN_POINT('',(0.,-1.2));
#5853 = VECTOR('',#5854,1.);
#5854 = DIRECTION('',(1.,0.));
#5855 = ( GEOMETRIC_REPRESENTATION_CONTEXT(2) 
PARAMETRIC_REPRESENTATION_CONTEXT() REPRESENTATION_CONTEXT('2D SPACE',''
  ) );
#5856 = ORIENTED_EDGE('',*,*,#5857,.T.);
#5857 = EDGE_CURVE('',#5833,#5155,#5858,.T.);
#5858 = SURFACE_CURVE('',#5859,(#5864,#5871),.PCURVE_S1.);
#5859 = CIRCLE('',#5860,1.2);
#5860 = AXIS2_PLACEMENT_3D('',#5861,#5862,#5863);
#5861 = CARTESIAN_POINT('',(14.2,1.2,2.5));
#5862 = DIRECTION('',(0.,0.,1.));
#5863 = DIRECTION('',(-1.,-0.,0.));
#5864 = PCURVE('',#5198,#5865);
#5865 = DEFINITIONAL_REPRESENTATION('',(#5866),#5870);
#5866 = LINE('',#5867,#5868);
#5867 = CARTESIAN_POINT('',(0.,12.5));
#5868 = VECTOR('',#5869,1.);
#5869 = DIRECTION('',(1.,0.));
#5870 = ( GEOMETRIC_REPRESENTATION_CONTEXT(2) 
PARAMETRIC_REPRESENTATION_CONTEXT() REPRESENTATION_CONTEXT('2D SPACE',''
  ) );
#5871 = PCURVE('',#5773,#5872);
#5872 = DEFINITIONAL_REPRESENTATION('',(#5873),#5877);
#5873 = CIRCLE('',#5874,1.2);
#5874 = AXIS2_PLACEMENT_2D('',#5875,#5876);
#5875 = CARTESIAN_POINT('',(14.2,1.2));
#5876 = DIRECTION('',(-1.,0.));
#5877 = ( GEOMETRIC_REPRESENTATION_CONTEXT(2) 
PARAMETRIC_REPRESENTATION_CONTEXT() REPRESENTATION_CONTEXT('2D SPACE',''
  ) );
#5878 = ORIENTED_EDGE('',*,*,#5182,.T.);
#5879 = ORIENTED_EDGE('',*,*,#5880,.F.);
#5880 = EDGE_CURVE('',#5835,#5183,#5881,.T.);
#5881 = SURFACE_CURVE('',#5882,(#5887,#5894),.PCURVE_S1.);
#5882 = CIRCLE('',#5883,1.2);
#5883 = AXIS2_PLACEMENT_3D('',#5884,#5885,#5886);
#5884 = CARTESIAN_POINT('',(14.2,1.2,8.8));
#5885 = DIRECTION('',(0.,0.,1.));
#5886 = DIRECTION('',(-1.,0.,0.));
#5887 = PCURVE('',#5198,#5888);
#5888 = DEFINITIONAL_REPRESENTATION('',(#5889),#5893);
#5889 = LINE('',#5890,#5891);
#5890 = CARTESIAN_POINT('',(0.,18.8));
#5891 = VECTOR('',#5892,1.);
#5892 = DIRECTION('',(1.,0.));
#5893 = ( GEOMETRIC_REPRESENTATION_CONTEXT(2) 
PARAMETRIC_REPRESENTATION_CONTEXT() REPRESENTATION_CONTEXT('2D SPACE',''
  ) );
#5894 = PCURVE('',#5643,#5895);
#5895 = DEFINITIONAL_REPRESENTATION('',(#5896),#5900);
#5896 = LINE('',#5897,#5898);
#5897 = CARTESIAN_POINT('',(-0.,0.));
#5898 = VECTOR('',#5899,1.);
#5899 = DIRECTION('',(-1.,0.));
#5900 = ( GEOMETRIC_REPRESENTATION_CONTEXT(2) 
PARAMETRIC_REPRESENTATION_CONTEXT() REPRESENTATION_CONTEXT('2D SPACE',''
  ) );
#5901 = ADVANCED_FACE('',(#5902),#5270,.T.);
#5902 = FACE_BOUND('',#5903,.T.);
#5903 = EDGE_LOOP('',(#5904,#5905,#5906));
#5904 = ORIENTED_EDGE('',*,*,#5558,.F.);
#5905 = ORIENTED_EDGE('',*,*,#5256,.T.);
#5906 = ORIENTED_EDGE('',*,*,#5703,.F.);
#5907 = ADVANCED_FACE('',(#5908),#5304,.T.);
#5908 = FACE_BOUND('',#5909,.T.);
#5909 = EDGE_LOOP('',(#5910,#5938,#5939,#5940));
#5910 = ORIENTED_EDGE('',*,*,#5911,.F.);
#5911 = EDGE_CURVE('',#5628,#5912,#5914,.T.);
#5912 = VERTEX_POINT('',#5913);
#5913 = CARTESIAN_POINT('',(14.2,25.3,10.));
#5914 = SURFACE_CURVE('',#5915,(#5919,#5926),.PCURVE_S1.);
#5915 = LINE('',#5916,#5917);
#5916 = CARTESIAN_POINT('',(14.2,0.,10.));
#5917 = VECTOR('',#5918,1.);
#5918 = DIRECTION('',(-0.,1.,0.));
#5919 = PCURVE('',#5304,#5920);
#5920 = DEFINITIONAL_REPRESENTATION('',(#5921),#5925);
#5921 = LINE('',#5922,#5923);
#5922 = CARTESIAN_POINT('',(1.2,0.));
#5923 = VECTOR('',#5924,1.);
#5924 = DIRECTION('',(0.,1.));
#5925 = ( GEOMETRIC_REPRESENTATION_CONTEXT(2) 
PARAMETRIC_REPRESENTATION_CONTEXT() REPRESENTATION_CONTEXT('2D SPACE',''
  ) );
#5926 = PCURVE('',#5927,#5932);
#5927 = CYLINDRICAL_SURFACE('',#5928,1.2);
#5928 = AXIS2_PLACEMENT_3D('',#5929,#5930,#5931);
#5929 = CARTESIAN_POINT('',(14.2,0.,8.8));
#5930 = DIRECTION('',(-0.,1.,0.));
#5931 = DIRECTION('',(-1.,-0.,0.));
#5932 = DEFINITIONAL_REPRESENTATION('',(#5933),#5937);
#5933 = LINE('',#5934,#5935);
#5934 = CARTESIAN_POINT('',(1.570796326795,0.));
#5935 = VECTOR('',#5936,1.);
#5936 = DIRECTION('',(0.,1.));
#5937 = ( GEOMETRIC_REPRESENTATION_CONTEXT(2) 
PARAMETRIC_REPRESENTATION_CONTEXT() REPRESENTATION_CONTEXT('2D SPACE',''
  ) );
#5938 = ORIENTED_EDGE('',*,*,#5654,.T.);
#5939 = ORIENTED_EDGE('',*,*,#5288,.T.);
#5940 = ORIENTED_EDGE('',*,*,#5941,.F.);
#5941 = EDGE_CURVE('',#5912,#5289,#5942,.T.);
#5942 = SURFACE_CURVE('',#5943,(#5947,#5954),.PCURVE_S1.);
#5943 = LINE('',#5944,#5945);
#5944 = CARTESIAN_POINT('',(13.,25.3,10.));
#5945 = VECTOR('',#5946,1.);
#5946 = DIRECTION('',(1.,0.,-0.));
#5947 = PCURVE('',#5304,#5948);
#5948 = DEFINITIONAL_REPRESENTATION('',(#5949),#5953);
#5949 = LINE('',#5950,#5951);
#5950 = CARTESIAN_POINT('',(0.,25.3));
#5951 = VECTOR('',#5952,1.);
#5952 = DIRECTION('',(1.,0.));
#5953 = ( GEOMETRIC_REPRESENTATION_CONTEXT(2) 
PARAMETRIC_REPRESENTATION_CONTEXT() REPRESENTATION_CONTEXT('2D SPACE',''
  ) );
#5954 = PCURVE('',#5955,#5960);
#5955 = CYLINDRICAL_SURFACE('',#5956,1.2);
#5956 = AXIS2_PLACEMENT_3D('',#5957,#5958,#5959);
#5957 = CARTESIAN_POINT('',(13.,25.3,8.8));
#5958 = DIRECTION('',(1.,0.,-0.));
#5959 = DIRECTION('',(0.,1.,0.));
#5960 = DEFINITIONAL_REPRESENTATION('',(#5961),#5965);
#5961 = LINE('',#5962,#5963);
#5962 = CARTESIAN_POINT('',(1.570796326795,0.));
#5963 = VECTOR('',#5964,1.);
#5964 = DIRECTION('',(0.,1.));
#5965 = ( GEOMETRIC_REPRESENTATION_CONTEXT(2) 
PARAMETRIC_REPRESENTATION_CONTEXT() REPRESENTATION_CONTEXT('2D SPACE',''
  ) );
#5966 = ADVANCED_FACE('',(#5967),#5331,.T.);
#5967 = FACE_BOUND('',#5968,.T.);
#5968 = EDGE_LOOP('',(#5969,#5970,#5990));
#5969 = ORIENTED_EDGE('',*,*,#5377,.F.);
#5970 = ORIENTED_EDGE('',*,*,#5971,.T.);
#5971 = EDGE_CURVE('',#5350,#5289,#5972,.T.);
#5972 = SURFACE_CURVE('',#5973,(#5978,#5984),.PCURVE_S1.);
#5973 = CIRCLE('',#5974,1.2);
#5974 = AXIS2_PLACEMENT_3D('',#5975,#5976,#5977);
#5975 = CARTESIAN_POINT('',(14.8,25.3,8.8));
#5976 = DIRECTION('',(1.,0.,-6.123233995737E-17));
#5977 = DIRECTION('',(6.123233995737E-17,0.,1.));
#5978 = PCURVE('',#5331,#5979);
#5979 = DEFINITIONAL_REPRESENTATION('',(#5980),#5983);
#5980 = B_SPLINE_CURVE_WITH_KNOTS('',1,(#5981,#5982),.UNSPECIFIED.,.F.,
  .F.,(2,2),(4.712388980385,6.28318530718),.PIECEWISE_BEZIER_KNOTS.);
#5981 = CARTESIAN_POINT('',(1.570796326795,-1.570796326795));
#5982 = CARTESIAN_POINT('',(1.570796326795,0.));
#5983 = ( GEOMETRIC_REPRESENTATION_CONTEXT(2) 
PARAMETRIC_REPRESENTATION_CONTEXT() REPRESENTATION_CONTEXT('2D SPACE',''
  ) );
#5984 = PCURVE('',#5955,#5985);
#5985 = DEFINITIONAL_REPRESENTATION('',(#5986),#5989);
#5986 = B_SPLINE_CURVE_WITH_KNOTS('',1,(#5987,#5988),.UNSPECIFIED.,.F.,
  .F.,(2,2),(4.712388980385,6.28318530718),.PIECEWISE_BEZIER_KNOTS.);
#5987 = CARTESIAN_POINT('',(0.,1.8));
#5988 = CARTESIAN_POINT('',(1.570796326795,1.8));
#5989 = ( GEOMETRIC_REPRESENTATION_CONTEXT(2) 
PARAMETRIC_REPRESENTATION_CONTEXT() REPRESENTATION_CONTEXT('2D SPACE',''
  ) );
#5990 = ORIENTED_EDGE('',*,*,#5316,.F.);
#5991 = ADVANCED_FACE('',(#5992),#5365,.T.);
#5992 = FACE_BOUND('',#5993,.T.);
#5993 = EDGE_LOOP('',(#5994,#6022,#6043,#6044));
#5994 = ORIENTED_EDGE('',*,*,#5995,.T.);
#5995 = EDGE_CURVE('',#5506,#5996,#5998,.T.);
#5996 = VERTEX_POINT('',#5997);
#5997 = CARTESIAN_POINT('',(14.2,26.5,8.8));
#5998 = SURFACE_CURVE('',#5999,(#6003,#6010),.PCURVE_S1.);
#5999 = LINE('',#6000,#6001);
#6000 = CARTESIAN_POINT('',(14.2,26.5,-10.));
#6001 = VECTOR('',#6002,1.);
#6002 = DIRECTION('',(0.,0.,1.));
#6003 = PCURVE('',#5365,#6004);
#6004 = DEFINITIONAL_REPRESENTATION('',(#6005),#6009);
#6005 = LINE('',#6006,#6007);
#6006 = CARTESIAN_POINT('',(0.,1.2));
#6007 = VECTOR('',#6008,1.);
#6008 = DIRECTION('',(1.,0.));
#6009 = ( GEOMETRIC_REPRESENTATION_CONTEXT(2) 
PARAMETRIC_REPRESENTATION_CONTEXT() REPRESENTATION_CONTEXT('2D SPACE',''
  ) );
#6010 = PCURVE('',#6011,#6016);
#6011 = CYLINDRICAL_SURFACE('',#6012,1.2);
#6012 = AXIS2_PLACEMENT_3D('',#6013,#6014,#6015);
#6013 = CARTESIAN_POINT('',(14.2,25.3,-10.));
#6014 = DIRECTION('',(0.,0.,1.));
#6015 = DIRECTION('',(-1.,-0.,0.));
#6016 = DEFINITIONAL_REPRESENTATION('',(#6017),#6021);
#6017 = LINE('',#6018,#6019);
#6018 = CARTESIAN_POINT('',(-1.570796326795,0.));
#6019 = VECTOR('',#6020,1.);
#6020 = DIRECTION('',(-0.,1.));
#6021 = ( GEOMETRIC_REPRESENTATION_CONTEXT(2) 
PARAMETRIC_REPRESENTATION_CONTEXT() REPRESENTATION_CONTEXT('2D SPACE',''
  ) );
#6022 = ORIENTED_EDGE('',*,*,#6023,.T.);
#6023 = EDGE_CURVE('',#5996,#5350,#6024,.T.);
#6024 = SURFACE_CURVE('',#6025,(#6029,#6036),.PCURVE_S1.);
#6025 = LINE('',#6026,#6027);
#6026 = CARTESIAN_POINT('',(13.,26.5,8.8));
#6027 = VECTOR('',#6028,1.);
#6028 = DIRECTION('',(1.,0.,-0.));
#6029 = PCURVE('',#5365,#6030);
#6030 = DEFINITIONAL_REPRESENTATION('',(#6031),#6035);
#6031 = LINE('',#6032,#6033);
#6032 = CARTESIAN_POINT('',(18.8,0.));
#6033 = VECTOR('',#6034,1.);
#6034 = DIRECTION('',(0.,1.));
#6035 = ( GEOMETRIC_REPRESENTATION_CONTEXT(2) 
PARAMETRIC_REPRESENTATION_CONTEXT() REPRESENTATION_CONTEXT('2D SPACE',''
  ) );
#6036 = PCURVE('',#5955,#6037);
#6037 = DEFINITIONAL_REPRESENTATION('',(#6038),#6042);
#6038 = LINE('',#6039,#6040);
#6039 = CARTESIAN_POINT('',(0.,0.));
#6040 = VECTOR('',#6041,1.);
#6041 = DIRECTION('',(0.,1.));
#6042 = ( GEOMETRIC_REPRESENTATION_CONTEXT(2) 
PARAMETRIC_REPRESENTATION_CONTEXT() REPRESENTATION_CONTEXT('2D SPACE',''
  ) );
#6043 = ORIENTED_EDGE('',*,*,#5349,.F.);
#6044 = ORIENTED_EDGE('',*,*,#5534,.F.);
#6045 = ADVANCED_FACE('',(#6046,#6134,#6137),#5439,.F.);
#6046 = FACE_BOUND('',#6047,.F.);
#6047 = EDGE_LOOP('',(#6048,#6049,#6050,#6073,#6094,#6095,#6114,#6115));
#6048 = ORIENTED_EDGE('',*,*,#5680,.F.);
#6049 = ORIENTED_EDGE('',*,*,#5603,.T.);
#6050 = ORIENTED_EDGE('',*,*,#6051,.T.);
#6051 = EDGE_CURVE('',#5582,#6052,#6054,.T.);
#6052 = VERTEX_POINT('',#6053);
#6053 = CARTESIAN_POINT('',(13.,25.3,8.8));
#6054 = SURFACE_CURVE('',#6055,(#6059,#6066),.PCURVE_S1.);
#6055 = LINE('',#6056,#6057);
#6056 = CARTESIAN_POINT('',(13.,25.3,-10.));
#6057 = VECTOR('',#6058,1.);
#6058 = DIRECTION('',(0.,0.,1.));
#6059 = PCURVE('',#5439,#6060);
#6060 = DEFINITIONAL_REPRESENTATION('',(#6061),#6065);
#6061 = LINE('',#6062,#6063);
#6062 = CARTESIAN_POINT('',(0.,-25.3));
#6063 = VECTOR('',#6064,1.);
#6064 = DIRECTION('',(1.,0.));
#6065 = ( GEOMETRIC_REPRESENTATION_CONTEXT(2) 
PARAMETRIC_REPRESENTATION_CONTEXT() REPRESENTATION_CONTEXT('2D SPACE',''
  ) );
#6066 = PCURVE('',#6011,#6067);
#6067 = DEFINITIONAL_REPRESENTATION('',(#6068),#6072);
#6068 = LINE('',#6069,#6070);
#6069 = CARTESIAN_POINT('',(-0.,0.));
#6070 = VECTOR('',#6071,1.);
#6071 = DIRECTION('',(-0.,1.));
#6072 = ( GEOMETRIC_REPRESENTATION_CONTEXT(2) 
PARAMETRIC_REPRESENTATION_CONTEXT() REPRESENTATION_CONTEXT('2D SPACE',''
  ) );
#6073 = ORIENTED_EDGE('',*,*,#6074,.F.);
#6074 = EDGE_CURVE('',#5835,#6052,#6075,.T.);
#6075 = SURFACE_CURVE('',#6076,(#6080,#6087),.PCURVE_S1.);
#6076 = LINE('',#6077,#6078);
#6077 = CARTESIAN_POINT('',(13.,0.,8.8));
#6078 = VECTOR('',#6079,1.);
#6079 = DIRECTION('',(-0.,1.,0.));
#6080 = PCURVE('',#5439,#6081);
#6081 = DEFINITIONAL_REPRESENTATION('',(#6082),#6086);
#6082 = LINE('',#6083,#6084);
#6083 = CARTESIAN_POINT('',(18.8,0.));
#6084 = VECTOR('',#6085,1.);
#6085 = DIRECTION('',(0.,-1.));
#6086 = ( GEOMETRIC_REPRESENTATION_CONTEXT(2) 
PARAMETRIC_REPRESENTATION_CONTEXT() REPRESENTATION_CONTEXT('2D SPACE',''
  ) );
#6087 = PCURVE('',#5927,#6088);
#6088 = DEFINITIONAL_REPRESENTATION('',(#6089),#6093);
#6089 = LINE('',#6090,#6091);
#6090 = CARTESIAN_POINT('',(0.,0.));
#6091 = VECTOR('',#6092,1.);
#6092 = DIRECTION('',(0.,1.));
#6093 = ( GEOMETRIC_REPRESENTATION_CONTEXT(2) 
PARAMETRIC_REPRESENTATION_CONTEXT() REPRESENTATION_CONTEXT('2D SPACE',''
  ) );
#6094 = ORIENTED_EDGE('',*,*,#5832,.F.);
#6095 = ORIENTED_EDGE('',*,*,#6096,.F.);
#6096 = EDGE_CURVE('',#5757,#5833,#6097,.T.);
#6097 = SURFACE_CURVE('',#6098,(#6102,#6108),.PCURVE_S1.);
#6098 = LINE('',#6099,#6100);
#6099 = CARTESIAN_POINT('',(13.,0.,2.5));
#6100 = VECTOR('',#6101,1.);
#6101 = DIRECTION('',(0.,-1.,0.));
#6102 = PCURVE('',#5439,#6103);
#6103 = DEFINITIONAL_REPRESENTATION('',(#6104),#6107);
#6104 = B_SPLINE_CURVE_WITH_KNOTS('',1,(#6105,#6106),.UNSPECIFIED.,.F.,
  .F.,(2,2),(-14.2,-1.2),.PIECEWISE_BEZIER_KNOTS.);
#6105 = CARTESIAN_POINT('',(12.5,-14.2));
#6106 = CARTESIAN_POINT('',(12.5,-1.2));
#6107 = ( GEOMETRIC_REPRESENTATION_CONTEXT(2) 
PARAMETRIC_REPRESENTATION_CONTEXT() REPRESENTATION_CONTEXT('2D SPACE',''
  ) );
#6108 = PCURVE('',#5773,#6109);
#6109 = DEFINITIONAL_REPRESENTATION('',(#6110),#6113);
#6110 = B_SPLINE_CURVE_WITH_KNOTS('',1,(#6111,#6112),.UNSPECIFIED.,.F.,
  .F.,(2,2),(-14.2,-1.2),.PIECEWISE_BEZIER_KNOTS.);
#6111 = CARTESIAN_POINT('',(13.,14.2));
#6112 = CARTESIAN_POINT('',(13.,1.2));
#6113 = ( GEOMETRIC_REPRESENTATION_CONTEXT(2) 
PARAMETRIC_REPRESENTATION_CONTEXT() REPRESENTATION_CONTEXT('2D SPACE',''
  ) );
#6114 = ORIENTED_EDGE('',*,*,#5810,.F.);
#6115 = ORIENTED_EDGE('',*,*,#6116,.T.);
#6116 = EDGE_CURVE('',#5787,#5681,#6117,.T.);
#6117 = SURFACE_CURVE('',#6118,(#6122,#6128),.PCURVE_S1.);
#6118 = LINE('',#6119,#6120);
#6119 = CARTESIAN_POINT('',(13.,0.,-2.5));
#6120 = VECTOR('',#6121,1.);
#6121 = DIRECTION('',(0.,-1.,0.));
#6122 = PCURVE('',#5439,#6123);
#6123 = DEFINITIONAL_REPRESENTATION('',(#6124),#6127);
#6124 = B_SPLINE_CURVE_WITH_KNOTS('',1,(#6125,#6126),.UNSPECIFIED.,.F.,
  .F.,(2,2),(-14.2,-1.2),.PIECEWISE_BEZIER_KNOTS.);
#6125 = CARTESIAN_POINT('',(7.5,-14.2));
#6126 = CARTESIAN_POINT('',(7.5,-1.2));
#6127 = ( GEOMETRIC_REPRESENTATION_CONTEXT(2) 
PARAMETRIC_REPRESENTATION_CONTEXT() REPRESENTATION_CONTEXT('2D SPACE',''
  ) );
#6128 = PCURVE('',#5741,#6129);
#6129 = DEFINITIONAL_REPRESENTATION('',(#6130),#6133);
#6130 = B_SPLINE_CURVE_WITH_KNOTS('',1,(#6131,#6132),.UNSPECIFIED.,.F.,
  .F.,(2,2),(-14.2,-1.2),.PIECEWISE_BEZIER_KNOTS.);
#6131 = CARTESIAN_POINT('',(13.,14.2));
#6132 = CARTESIAN_POINT('',(13.,1.2));
#6133 = ( GEOMETRIC_REPRESENTATION_CONTEXT(2) 
PARAMETRIC_REPRESENTATION_CONTEXT() REPRESENTATION_CONTEXT('2D SPACE',''
  ) );
#6134 = FACE_BOUND('',#6135,.F.);
#6135 = EDGE_LOOP('',(#6136));
#6136 = ORIENTED_EDGE('',*,*,#5424,.F.);
#6137 = FACE_BOUND('',#6138,.F.);
#6138 = EDGE_LOOP('',(#6139));
#6139 = ORIENTED_EDGE('',*,*,#5479,.F.);
#6140 = ADVANCED_FACE('',(#6141),#5521,.T.);
#6141 = FACE_BOUND('',#6142,.F.);
#6142 = EDGE_LOOP('',(#6143,#6144,#6145));
#6143 = ORIENTED_EDGE('',*,*,#5581,.F.);
#6144 = ORIENTED_EDGE('',*,*,#5505,.T.);
#6145 = ORIENTED_EDGE('',*,*,#6146,.F.);
#6146 = EDGE_CURVE('',#5582,#5506,#6147,.T.);
#6147 = SURFACE_CURVE('',#6148,(#6153,#6160),.PCURVE_S1.);
#6148 = CIRCLE('',#6149,1.2);
#6149 = AXIS2_PLACEMENT_3D('',#6150,#6151,#6152);
#6150 = CARTESIAN_POINT('',(14.2,25.3,-8.8));
#6151 = DIRECTION('',(-0.,0.,-1.));
#6152 = DIRECTION('',(-1.,0.,0.));
#6153 = PCURVE('',#5521,#6154);
#6154 = DEFINITIONAL_REPRESENTATION('',(#6155),#6159);
#6155 = LINE('',#6156,#6157);
#6156 = CARTESIAN_POINT('',(-0.,0.));
#6157 = VECTOR('',#6158,1.);
#6158 = DIRECTION('',(-1.,0.));
#6159 = ( GEOMETRIC_REPRESENTATION_CONTEXT(2) 
PARAMETRIC_REPRESENTATION_CONTEXT() REPRESENTATION_CONTEXT('2D SPACE',''
  ) );
#6160 = PCURVE('',#6011,#6161);
#6161 = DEFINITIONAL_REPRESENTATION('',(#6162),#6166);
#6162 = LINE('',#6163,#6164);
#6163 = CARTESIAN_POINT('',(-0.,1.2));
#6164 = VECTOR('',#6165,1.);
#6165 = DIRECTION('',(-1.,0.));
#6166 = ( GEOMETRIC_REPRESENTATION_CONTEXT(2) 
PARAMETRIC_REPRESENTATION_CONTEXT() REPRESENTATION_CONTEXT('2D SPACE',''
  ) );
#6167 = ADVANCED_FACE('',(#6168),#5643,.T.);
#6168 = FACE_BOUND('',#6169,.F.);
#6169 = EDGE_LOOP('',(#6170,#6190,#6191));
#6170 = ORIENTED_EDGE('',*,*,#6171,.F.);
#6171 = EDGE_CURVE('',#5628,#5835,#6172,.T.);
#6172 = SURFACE_CURVE('',#6173,(#6178,#6184),.PCURVE_S1.);
#6173 = CIRCLE('',#6174,1.2);
#6174 = AXIS2_PLACEMENT_3D('',#6175,#6176,#6177);
#6175 = CARTESIAN_POINT('',(14.2,1.2,8.8));
#6176 = DIRECTION('',(0.,-1.,0.));
#6177 = DIRECTION('',(-1.,0.,0.));
#6178 = PCURVE('',#5643,#6179);
#6179 = DEFINITIONAL_REPRESENTATION('',(#6180),#6183);
#6180 = B_SPLINE_CURVE_WITH_KNOTS('',1,(#6181,#6182),.UNSPECIFIED.,.F.,
  .F.,(2,2),(4.712388980385,6.28318530718),.PIECEWISE_BEZIER_KNOTS.);
#6181 = CARTESIAN_POINT('',(0.,-1.570796326795));
#6182 = CARTESIAN_POINT('',(0.,0.));
#6183 = ( GEOMETRIC_REPRESENTATION_CONTEXT(2) 
PARAMETRIC_REPRESENTATION_CONTEXT() REPRESENTATION_CONTEXT('2D SPACE',''
  ) );
#6184 = PCURVE('',#5927,#6185);
#6185 = DEFINITIONAL_REPRESENTATION('',(#6186),#6189);
#6186 = B_SPLINE_CURVE_WITH_KNOTS('',1,(#6187,#6188),.UNSPECIFIED.,.F.,
  .F.,(2,2),(4.712388980385,6.28318530718),.PIECEWISE_BEZIER_KNOTS.);
#6187 = CARTESIAN_POINT('',(1.570796326795,1.2));
#6188 = CARTESIAN_POINT('',(0.,1.2));
#6189 = ( GEOMETRIC_REPRESENTATION_CONTEXT(2) 
PARAMETRIC_REPRESENTATION_CONTEXT() REPRESENTATION_CONTEXT('2D SPACE',''
  ) );
#6190 = ORIENTED_EDGE('',*,*,#5627,.T.);
#6191 = ORIENTED_EDGE('',*,*,#5880,.F.);
#6192 = ADVANCED_FACE('',(#6193),#5741,.T.);
#6193 = FACE_BOUND('',#6194,.T.);
#6194 = EDGE_LOOP('',(#6195,#6196,#6197));
#6195 = ORIENTED_EDGE('',*,*,#5726,.T.);
#6196 = ORIENTED_EDGE('',*,*,#5786,.T.);
#6197 = ORIENTED_EDGE('',*,*,#6116,.T.);
#6198 = ADVANCED_FACE('',(#6199),#5773,.F.);
#6199 = FACE_BOUND('',#6200,.F.);
#6200 = EDGE_LOOP('',(#6201,#6202,#6203));
#6201 = ORIENTED_EDGE('',*,*,#5857,.T.);
#6202 = ORIENTED_EDGE('',*,*,#5756,.T.);
#6203 = ORIENTED_EDGE('',*,*,#6096,.T.);
#6204 = ADVANCED_FACE('',(#6205),#5927,.T.);
#6205 = FACE_BOUND('',#6206,.T.);
#6206 = EDGE_LOOP('',(#6207,#6208,#6209,#6236));
#6207 = ORIENTED_EDGE('',*,*,#6171,.F.);
#6208 = ORIENTED_EDGE('',*,*,#5911,.T.);
#6209 = ORIENTED_EDGE('',*,*,#6210,.F.);
#6210 = EDGE_CURVE('',#6052,#5912,#6211,.T.);
#6211 = SURFACE_CURVE('',#6212,(#6217,#6224),.PCURVE_S1.);
#6212 = CIRCLE('',#6213,1.2);
#6213 = AXIS2_PLACEMENT_3D('',#6214,#6215,#6216);
#6214 = CARTESIAN_POINT('',(14.2,25.3,8.8));
#6215 = DIRECTION('',(-0.,1.,0.));
#6216 = DIRECTION('',(-1.,-0.,0.));
#6217 = PCURVE('',#5927,#6218);
#6218 = DEFINITIONAL_REPRESENTATION('',(#6219),#6223);
#6219 = LINE('',#6220,#6221);
#6220 = CARTESIAN_POINT('',(0.,25.3));
#6221 = VECTOR('',#6222,1.);
#6222 = DIRECTION('',(1.,0.));
#6223 = ( GEOMETRIC_REPRESENTATION_CONTEXT(2) 
PARAMETRIC_REPRESENTATION_CONTEXT() REPRESENTATION_CONTEXT('2D SPACE',''
  ) );
#6224 = PCURVE('',#6225,#6230);
#6225 = SPHERICAL_SURFACE('',#6226,1.2);
#6226 = AXIS2_PLACEMENT_3D('',#6227,#6228,#6229);
#6227 = CARTESIAN_POINT('',(14.2,25.3,8.8));
#6228 = DIRECTION('',(0.,-1.,-0.));
#6229 = DIRECTION('',(-1.,-0.,0.));
#6230 = DEFINITIONAL_REPRESENTATION('',(#6231),#6235);
#6231 = LINE('',#6232,#6233);
#6232 = CARTESIAN_POINT('',(-0.,0.));
#6233 = VECTOR('',#6234,1.);
#6234 = DIRECTION('',(-1.,0.));
#6235 = ( GEOMETRIC_REPRESENTATION_CONTEXT(2) 
PARAMETRIC_REPRESENTATION_CONTEXT() REPRESENTATION_CONTEXT('2D SPACE',''
  ) );
#6236 = ORIENTED_EDGE('',*,*,#6074,.F.);
#6237 = ADVANCED_FACE('',(#6238),#5955,.T.);
#6238 = FACE_BOUND('',#6239,.T.);
#6239 = EDGE_LOOP('',(#6240,#6260,#6261,#6262));
#6240 = ORIENTED_EDGE('',*,*,#6241,.T.);
#6241 = EDGE_CURVE('',#5996,#5912,#6242,.T.);
#6242 = SURFACE_CURVE('',#6243,(#6248,#6254),.PCURVE_S1.);
#6243 = CIRCLE('',#6244,1.2);
#6244 = AXIS2_PLACEMENT_3D('',#6245,#6246,#6247);
#6245 = CARTESIAN_POINT('',(14.2,25.3,8.8));
#6246 = DIRECTION('',(1.,0.,6.123233995737E-17));
#6247 = DIRECTION('',(-6.123233995737E-17,-0.,1.));
#6248 = PCURVE('',#5955,#6249);
#6249 = DEFINITIONAL_REPRESENTATION('',(#6250),#6253);
#6250 = B_SPLINE_CURVE_WITH_KNOTS('',1,(#6251,#6252),.UNSPECIFIED.,.F.,
  .F.,(2,2),(4.712388980385,6.28318530718),.PIECEWISE_BEZIER_KNOTS.);
#6251 = CARTESIAN_POINT('',(0.,1.2));
#6252 = CARTESIAN_POINT('',(1.570796326795,1.2));
#6253 = ( GEOMETRIC_REPRESENTATION_CONTEXT(2) 
PARAMETRIC_REPRESENTATION_CONTEXT() REPRESENTATION_CONTEXT('2D SPACE',''
  ) );
#6254 = PCURVE('',#6225,#6255);
#6255 = DEFINITIONAL_REPRESENTATION('',(#6256),#6259);
#6256 = B_SPLINE_CURVE_WITH_KNOTS('',1,(#6257,#6258),.UNSPECIFIED.,.F.,
  .F.,(2,2),(4.712388980385,6.28318530718),.PIECEWISE_BEZIER_KNOTS.);
#6257 = CARTESIAN_POINT('',(-1.570796326795,-1.570796326795));
#6258 = CARTESIAN_POINT('',(-1.570796326795,0.));
#6259 = ( GEOMETRIC_REPRESENTATION_CONTEXT(2) 
PARAMETRIC_REPRESENTATION_CONTEXT() REPRESENTATION_CONTEXT('2D SPACE',''
  ) );
#6260 = ORIENTED_EDGE('',*,*,#5941,.T.);
#6261 = ORIENTED_EDGE('',*,*,#5971,.F.);
#6262 = ORIENTED_EDGE('',*,*,#6023,.F.);
#6263 = ADVANCED_FACE('',(#6264),#6011,.T.);
#6264 = FACE_BOUND('',#6265,.F.);
#6265 = EDGE_LOOP('',(#6266,#6267,#6268,#6269));
#6266 = ORIENTED_EDGE('',*,*,#6051,.F.);
#6267 = ORIENTED_EDGE('',*,*,#6146,.T.);
#6268 = ORIENTED_EDGE('',*,*,#5995,.T.);
#6269 = ORIENTED_EDGE('',*,*,#6270,.T.);
#6270 = EDGE_CURVE('',#5996,#6052,#6271,.T.);
#6271 = SURFACE_CURVE('',#6272,(#6277,#6283),.PCURVE_S1.);
#6272 = CIRCLE('',#6273,1.2);
#6273 = AXIS2_PLACEMENT_3D('',#6274,#6275,#6276);
#6274 = CARTESIAN_POINT('',(14.2,25.3,8.8));
#6275 = DIRECTION('',(0.,0.,1.));
#6276 = DIRECTION('',(-1.,-0.,0.));
#6277 = PCURVE('',#6011,#6278);
#6278 = DEFINITIONAL_REPRESENTATION('',(#6279),#6282);
#6279 = B_SPLINE_CURVE_WITH_KNOTS('',1,(#6280,#6281),.UNSPECIFIED.,.F.,
  .F.,(2,2),(4.712388980385,6.28318530718),.PIECEWISE_BEZIER_KNOTS.);
#6280 = CARTESIAN_POINT('',(-1.570796326795,18.8));
#6281 = CARTESIAN_POINT('',(0.,18.8));
#6282 = ( GEOMETRIC_REPRESENTATION_CONTEXT(2) 
PARAMETRIC_REPRESENTATION_CONTEXT() REPRESENTATION_CONTEXT('2D SPACE',''
  ) );
#6283 = PCURVE('',#6225,#6284);
#6284 = DEFINITIONAL_REPRESENTATION('',(#6285),#6288);
#6285 = B_SPLINE_CURVE_WITH_KNOTS('',1,(#6286,#6287),.UNSPECIFIED.,.F.,
  .F.,(2,2),(4.712388980385,6.28318530718),.PIECEWISE_BEZIER_KNOTS.);
#6286 = CARTESIAN_POINT('',(0.,-1.570796326795));
#6287 = CARTESIAN_POINT('',(0.,0.));
#6288 = ( GEOMETRIC_REPRESENTATION_CONTEXT(2) 
PARAMETRIC_REPRESENTATION_CONTEXT() REPRESENTATION_CONTEXT('2D SPACE',''
  ) );
#6289 = ADVANCED_FACE('',(#6290),#6225,.T.);
#6290 = FACE_BOUND('',#6291,.F.);
#6291 = EDGE_LOOP('',(#6292,#6293,#6294));
#6292 = ORIENTED_EDGE('',*,*,#6270,.F.);
#6293 = ORIENTED_EDGE('',*,*,#6241,.T.);
#6294 = ORIENTED_EDGE('',*,*,#6210,.F.);
#6295 = ( GEOMETRIC_REPRESENTATION_CONTEXT(3) 
GLOBAL_UNCERTAINTY_ASSIGNED_CONTEXT((#6299)) 
GLOBAL_UNIT_ASSIGNED_CONTEXT((#6296,#6297,#6298)) REPRESENTATION_CONTEXT
('Context #1','3D Context with UNIT and UNCERTAINTY') );
#6296 = ( LENGTH_UNIT() NAMED_UNIT(*) SI_UNIT(.MILLI.,.METRE.) );
#6297 = ( NAMED_UNIT(*) PLANE_ANGLE_UNIT() SI_UNIT($,.RADIAN.) );
#6298 = ( NAMED_UNIT(*) SI_UNIT($,.STERADIAN.) SOLID_ANGLE_UNIT() );
#6299 = UNCERTAINTY_MEASURE_WITH_UNIT(LENGTH_MEASURE(1.E-07),#6296,
  'distance_accuracy_value','confusion accuracy');
#6300 = PRODUCT_RELATED_PRODUCT_CATEGORY('part',$,(#7));
#6301 = MECHANICAL_DESIGN_GEOMETRIC_PRESENTATION_REPRESENTATION('',(
    #6302),#6295);
#6302 = STYLED_ITEM('color',(#6303),#15);
#6303 = PRESENTATION_STYLE_ASSIGNMENT((#6304,#6310));
#6304 = SURFACE_STYLE_USAGE(.BOTH.,#6305);
#6305 = SURFACE_SIDE_STYLE('',(#6306));
#6306 = SURFACE_STYLE_FILL_AREA(#6307);
#6307 = FILL_AREA_STYLE('',(#6308));
#6308 = FILL_AREA_STYLE_COLOUR('',#6309);
#6309 = COLOUR_RGB('',0.968627457133,0.97254901356,0.980392145089);
#6310 = CURVE_STYLE('',#6311,POSITIVE_LENGTH_MEASURE(0.1),#6309);
#6311 = DRAUGHTING_PRE_DEFINED_CURVE_FONT('continuous');
ENDSEC;
END-ISO-10303-21;
