ISO-10303-21;
HEADER;
FILE_DESCRIPTION(('Open CASCADE Model'),'2;1');
FILE_NAME('ZEROTH01_V4_RIGHT_SMALL_LIGHT_PALM_TWIN_EAR_M3',
  '2026-08-08T05:27:29',('Author'),('Open CASCADE'),
  'Open CASCADE STEP processor 7.9','build123d','Unknown');
FILE_SCHEMA(('AUTOMOTIVE_DESIGN { 1 0 10303 214 1 1 1 1 }'));
ENDSEC;
DATA;
#1 = APPLICATION_PROTOCOL_DEFINITION('international standard',
  'automotive_design',2000,#2);
#2 = APPLICATION_CONTEXT(
  'core data for automotive mechanical design processes');
#3 = SHAPE_DEFINITION_REPRESENTATION(#4,#10);
#4 = PRODUCT_DEFINITION_SHAPE('','',#5);
#5 = PRODUCT_DEFINITION('design','',#6,#9);
#6 = PRODUCT_DEFINITION_FORMATION('','',#7);
#7 = PRODUCT('ZEROTH01_V4_RIGHT_SMALL_LIGHT_PALM_TWIN_EAR_M3',
  'ZEROTH01_V4_RIGHT_SMALL_LIGHT_PALM_TWIN_EAR_M3','',(#8));
#8 = PRODUCT_CONTEXT('',#2,'mechanical');
#9 = PRODUCT_DEFINITION_CONTEXT('part definition',#2,'design');
#10 = SHAPE_REPRESENTATION('',(#11,#15,#2423,#3729),#5035);
#11 = AXIS2_PLACEMENT_3D('',#12,#13,#14);
#12 = CARTESIAN_POINT('',(0.,0.,0.));
#13 = DIRECTION('',(0.,0.,1.));
#14 = DIRECTION('',(1.,0.,-0.));
#15 = MANIFOLD_SOLID_BREP('',#16);
#16 = CLOSED_SHELL('',(#17,#137,#223,#302,#383,#459,#665,#803,#895,#976,
    #1001,#1082,#1107,#1183,#1233,#1310,#1426,#1479,#1564,#1595,#1669,
    #1700,#1771,#1838,#1864,#1950,#2093,#2119,#2224,#2279,#2344,#2373,
    #2379,#2406,#2412,#2419));
#17 = ADVANCED_FACE('',(#18),#32,.F.);
#18 = FACE_BOUND('',#19,.F.);
#19 = EDGE_LOOP('',(#20,#55,#83,#111));
#20 = ORIENTED_EDGE('',*,*,#21,.F.);
#21 = EDGE_CURVE('',#22,#24,#26,.T.);
#22 = VERTEX_POINT('',#23);
#23 = CARTESIAN_POINT('',(-18.4808,14.,14.7993));
#24 = VERTEX_POINT('',#25);
#25 = CARTESIAN_POINT('',(-18.4808,14.,22.7993));
#26 = SURFACE_CURVE('',#27,(#31,#43),.PCURVE_S1.);
#27 = LINE('',#28,#29);
#28 = CARTESIAN_POINT('',(-18.4808,14.,6.7993));
#29 = VECTOR('',#30,1.);
#30 = DIRECTION('',(0.,0.,1.));
#31 = PCURVE('',#32,#37);
#32 = PLANE('',#33);
#33 = AXIS2_PLACEMENT_3D('',#34,#35,#36);
#34 = CARTESIAN_POINT('',(-18.4808,6.,6.7993));
#35 = DIRECTION('',(1.,0.,-0.));
#36 = DIRECTION('',(0.,0.,1.));
#37 = DEFINITIONAL_REPRESENTATION('',(#38),#42);
#38 = LINE('',#39,#40);
#39 = CARTESIAN_POINT('',(0.,-8.));
#40 = VECTOR('',#41,1.);
#41 = DIRECTION('',(1.,0.));
#42 = ( GEOMETRIC_REPRESENTATION_CONTEXT(2) 
PARAMETRIC_REPRESENTATION_CONTEXT() REPRESENTATION_CONTEXT('2D SPACE',''
  ) );
#43 = PCURVE('',#44,#49);
#44 = CYLINDRICAL_SURFACE('',#45,8.);
#45 = AXIS2_PLACEMENT_3D('',#46,#47,#48);
#46 = CARTESIAN_POINT('',(-10.4808,14.,6.7993));
#47 = DIRECTION('',(0.,0.,1.));
#48 = DIRECTION('',(-1.,-0.,0.));
#49 = DEFINITIONAL_REPRESENTATION('',(#50),#54);
#50 = LINE('',#51,#52);
#51 = CARTESIAN_POINT('',(0.,0.));
#52 = VECTOR('',#53,1.);
#53 = DIRECTION('',(0.,1.));
#54 = ( GEOMETRIC_REPRESENTATION_CONTEXT(2) 
PARAMETRIC_REPRESENTATION_CONTEXT() REPRESENTATION_CONTEXT('2D SPACE',''
  ) );
#55 = ORIENTED_EDGE('',*,*,#56,.T.);
#56 = EDGE_CURVE('',#22,#57,#59,.T.);
#57 = VERTEX_POINT('',#58);
#58 = CARTESIAN_POINT('',(-18.4808,34.,14.7993));
#59 = SURFACE_CURVE('',#60,(#64,#71),.PCURVE_S1.);
#60 = LINE('',#61,#62);
#61 = CARTESIAN_POINT('',(-18.4808,6.,14.7993));
#62 = VECTOR('',#63,1.);
#63 = DIRECTION('',(-0.,1.,0.));
#64 = PCURVE('',#32,#65);
#65 = DEFINITIONAL_REPRESENTATION('',(#66),#70);
#66 = LINE('',#67,#68);
#67 = CARTESIAN_POINT('',(8.,0.));
#68 = VECTOR('',#69,1.);
#69 = DIRECTION('',(0.,-1.));
#70 = ( GEOMETRIC_REPRESENTATION_CONTEXT(2) 
PARAMETRIC_REPRESENTATION_CONTEXT() REPRESENTATION_CONTEXT('2D SPACE',''
  ) );
#71 = PCURVE('',#72,#77);
#72 = CYLINDRICAL_SURFACE('',#73,8.);
#73 = AXIS2_PLACEMENT_3D('',#74,#75,#76);
#74 = CARTESIAN_POINT('',(-10.4808,6.,14.7993));
#75 = DIRECTION('',(-0.,1.,0.));
#76 = DIRECTION('',(-1.,-0.,0.));
#77 = DEFINITIONAL_REPRESENTATION('',(#78),#82);
#78 = LINE('',#79,#80);
#79 = CARTESIAN_POINT('',(-0.,0.));
#80 = VECTOR('',#81,1.);
#81 = DIRECTION('',(-0.,1.));
#82 = ( GEOMETRIC_REPRESENTATION_CONTEXT(2) 
PARAMETRIC_REPRESENTATION_CONTEXT() REPRESENTATION_CONTEXT('2D SPACE',''
  ) );
#83 = ORIENTED_EDGE('',*,*,#84,.T.);
#84 = EDGE_CURVE('',#57,#85,#87,.T.);
#85 = VERTEX_POINT('',#86);
#86 = CARTESIAN_POINT('',(-18.4808,34.,22.7993));
#87 = SURFACE_CURVE('',#88,(#92,#99),.PCURVE_S1.);
#88 = LINE('',#89,#90);
#89 = CARTESIAN_POINT('',(-18.4808,34.,6.7993));
#90 = VECTOR('',#91,1.);
#91 = DIRECTION('',(0.,0.,1.));
#92 = PCURVE('',#32,#93);
#93 = DEFINITIONAL_REPRESENTATION('',(#94),#98);
#94 = LINE('',#95,#96);
#95 = CARTESIAN_POINT('',(0.,-28.));
#96 = VECTOR('',#97,1.);
#97 = DIRECTION('',(1.,0.));
#98 = ( GEOMETRIC_REPRESENTATION_CONTEXT(2) 
PARAMETRIC_REPRESENTATION_CONTEXT() REPRESENTATION_CONTEXT('2D SPACE',''
  ) );
#99 = PCURVE('',#100,#105);
#100 = CYLINDRICAL_SURFACE('',#101,8.);
#101 = AXIS2_PLACEMENT_3D('',#102,#103,#104);
#102 = CARTESIAN_POINT('',(-10.4808,34.,6.7993));
#103 = DIRECTION('',(0.,0.,1.));
#104 = DIRECTION('',(-1.,-0.,0.));
#105 = DEFINITIONAL_REPRESENTATION('',(#106),#110);
#106 = LINE('',#107,#108);
#107 = CARTESIAN_POINT('',(-0.,0.));
#108 = VECTOR('',#109,1.);
#109 = DIRECTION('',(-0.,1.));
#110 = ( GEOMETRIC_REPRESENTATION_CONTEXT(2) 
PARAMETRIC_REPRESENTATION_CONTEXT() REPRESENTATION_CONTEXT('2D SPACE',''
  ) );
#111 = ORIENTED_EDGE('',*,*,#112,.F.);
#112 = EDGE_CURVE('',#24,#85,#113,.T.);
#113 = SURFACE_CURVE('',#114,(#118,#125),.PCURVE_S1.);
#114 = LINE('',#115,#116);
#115 = CARTESIAN_POINT('',(-18.4808,6.,22.7993));
#116 = VECTOR('',#117,1.);
#117 = DIRECTION('',(-0.,1.,0.));
#118 = PCURVE('',#32,#119);
#119 = DEFINITIONAL_REPRESENTATION('',(#120),#124);
#120 = LINE('',#121,#122);
#121 = CARTESIAN_POINT('',(16.,0.));
#122 = VECTOR('',#123,1.);
#123 = DIRECTION('',(0.,-1.));
#124 = ( GEOMETRIC_REPRESENTATION_CONTEXT(2) 
PARAMETRIC_REPRESENTATION_CONTEXT() REPRESENTATION_CONTEXT('2D SPACE',''
  ) );
#125 = PCURVE('',#126,#131);
#126 = CYLINDRICAL_SURFACE('',#127,8.);
#127 = AXIS2_PLACEMENT_3D('',#128,#129,#130);
#128 = CARTESIAN_POINT('',(-10.4808,6.,22.7993));
#129 = DIRECTION('',(-0.,1.,0.));
#130 = DIRECTION('',(-1.,-0.,0.));
#131 = DEFINITIONAL_REPRESENTATION('',(#132),#136);
#132 = LINE('',#133,#134);
#133 = CARTESIAN_POINT('',(0.,0.));
#134 = VECTOR('',#135,1.);
#135 = DIRECTION('',(0.,1.));
#136 = ( GEOMETRIC_REPRESENTATION_CONTEXT(2) 
PARAMETRIC_REPRESENTATION_CONTEXT() REPRESENTATION_CONTEXT('2D SPACE',''
  ) );
#137 = ADVANCED_FACE('',(#138),#44,.T.);
#138 = FACE_BOUND('',#139,.T.);
#139 = EDGE_LOOP('',(#140,#141,#170,#196));
#140 = ORIENTED_EDGE('',*,*,#21,.F.);
#141 = ORIENTED_EDGE('',*,*,#142,.T.);
#142 = EDGE_CURVE('',#22,#143,#145,.T.);
#143 = VERTEX_POINT('',#144);
#144 = CARTESIAN_POINT('',(-14.38077187339,7.015000401809,14.7993));
#145 = SURFACE_CURVE('',#146,(#151,#158),.PCURVE_S1.);
#146 = CIRCLE('',#147,8.);
#147 = AXIS2_PLACEMENT_3D('',#148,#149,#150);
#148 = CARTESIAN_POINT('',(-10.4808,14.,14.7993));
#149 = DIRECTION('',(0.,0.,1.));
#150 = DIRECTION('',(-1.,0.,0.));
#151 = PCURVE('',#44,#152);
#152 = DEFINITIONAL_REPRESENTATION('',(#153),#157);
#153 = LINE('',#154,#155);
#154 = CARTESIAN_POINT('',(0.,8.));
#155 = VECTOR('',#156,1.);
#156 = DIRECTION('',(1.,0.));
#157 = ( GEOMETRIC_REPRESENTATION_CONTEXT(2) 
PARAMETRIC_REPRESENTATION_CONTEXT() REPRESENTATION_CONTEXT('2D SPACE',''
  ) );
#158 = PCURVE('',#159,#164);
#159 = SPHERICAL_SURFACE('',#160,8.);
#160 = AXIS2_PLACEMENT_3D('',#161,#162,#163);
#161 = CARTESIAN_POINT('',(-10.4808,14.,14.7993));
#162 = DIRECTION('',(0.,0.,1.));
#163 = DIRECTION('',(-1.,0.,0.));
#164 = DEFINITIONAL_REPRESENTATION('',(#165),#169);
#165 = LINE('',#166,#167);
#166 = CARTESIAN_POINT('',(0.,0.));
#167 = VECTOR('',#168,1.);
#168 = DIRECTION('',(1.,0.));
#169 = ( GEOMETRIC_REPRESENTATION_CONTEXT(2) 
PARAMETRIC_REPRESENTATION_CONTEXT() REPRESENTATION_CONTEXT('2D SPACE',''
  ) );
#170 = ORIENTED_EDGE('',*,*,#171,.T.);
#171 = EDGE_CURVE('',#143,#172,#174,.T.);
#172 = VERTEX_POINT('',#173);
#173 = CARTESIAN_POINT('',(-14.38077187339,7.015000401809,22.7993));
#174 = SURFACE_CURVE('',#175,(#179,#185),.PCURVE_S1.);
#175 = LINE('',#176,#177);
#176 = CARTESIAN_POINT('',(-14.38077187339,7.015000401809,6.7993));
#177 = VECTOR('',#178,1.);
#178 = DIRECTION('',(0.,0.,1.));
#179 = PCURVE('',#44,#180);
#180 = DEFINITIONAL_REPRESENTATION('',(#181),#184);
#181 = B_SPLINE_CURVE_WITH_KNOTS('',1,(#182,#183),.UNSPECIFIED.,.F.,.F.,
  (2,2),(7.9999994,16.0000006),.PIECEWISE_BEZIER_KNOTS.);
#182 = CARTESIAN_POINT('',(1.06157618198,7.9999994));
#183 = CARTESIAN_POINT('',(1.06157618198,16.0000006));
#184 = ( GEOMETRIC_REPRESENTATION_CONTEXT(2) 
PARAMETRIC_REPRESENTATION_CONTEXT() REPRESENTATION_CONTEXT('2D SPACE',''
  ) );
#185 = PCURVE('',#186,#191);
#186 = CYLINDRICAL_SURFACE('',#187,4.);
#187 = AXIS2_PLACEMENT_3D('',#188,#189,#190);
#188 = CARTESIAN_POINT('',(-10.3808,7.,6.2993));
#189 = DIRECTION('',(0.,0.,1.));
#190 = DIRECTION('',(-1.,-0.,0.));
#191 = DEFINITIONAL_REPRESENTATION('',(#192),#195);
#192 = B_SPLINE_CURVE_WITH_KNOTS('',1,(#193,#194),.UNSPECIFIED.,.F.,.F.,
  (2,2),(7.9999994,16.0000006),.PIECEWISE_BEZIER_KNOTS.);
#193 = CARTESIAN_POINT('',(-3.750109241987E-03,8.4999994));
#194 = CARTESIAN_POINT('',(-3.750109241987E-03,16.5000006));
#195 = ( GEOMETRIC_REPRESENTATION_CONTEXT(2) 
PARAMETRIC_REPRESENTATION_CONTEXT() REPRESENTATION_CONTEXT('2D SPACE',''
  ) );
#196 = ORIENTED_EDGE('',*,*,#197,.F.);
#197 = EDGE_CURVE('',#24,#172,#198,.T.);
#198 = SURFACE_CURVE('',#199,(#204,#211),.PCURVE_S1.);
#199 = CIRCLE('',#200,8.);
#200 = AXIS2_PLACEMENT_3D('',#201,#202,#203);
#201 = CARTESIAN_POINT('',(-10.4808,14.,22.7993));
#202 = DIRECTION('',(0.,0.,1.));
#203 = DIRECTION('',(-1.,0.,0.));
#204 = PCURVE('',#44,#205);
#205 = DEFINITIONAL_REPRESENTATION('',(#206),#210);
#206 = LINE('',#207,#208);
#207 = CARTESIAN_POINT('',(0.,16.));
#208 = VECTOR('',#209,1.);
#209 = DIRECTION('',(1.,0.));
#210 = ( GEOMETRIC_REPRESENTATION_CONTEXT(2) 
PARAMETRIC_REPRESENTATION_CONTEXT() REPRESENTATION_CONTEXT('2D SPACE',''
  ) );
#211 = PCURVE('',#212,#217);
#212 = SPHERICAL_SURFACE('',#213,8.);
#213 = AXIS2_PLACEMENT_3D('',#214,#215,#216);
#214 = CARTESIAN_POINT('',(-10.4808,14.,22.7993));
#215 = DIRECTION('',(-0.,-0.,-1.));
#216 = DIRECTION('',(-1.,0.,0.));
#217 = DEFINITIONAL_REPRESENTATION('',(#218),#222);
#218 = LINE('',#219,#220);
#219 = CARTESIAN_POINT('',(-0.,0.));
#220 = VECTOR('',#221,1.);
#221 = DIRECTION('',(-1.,0.));
#222 = ( GEOMETRIC_REPRESENTATION_CONTEXT(2) 
PARAMETRIC_REPRESENTATION_CONTEXT() REPRESENTATION_CONTEXT('2D SPACE',''
  ) );
#223 = ADVANCED_FACE('',(#224),#72,.T.);
#224 = FACE_BOUND('',#225,.F.);
#225 = EDGE_LOOP('',(#226,#248,#276,#301));
#226 = ORIENTED_EDGE('',*,*,#227,.F.);
#227 = EDGE_CURVE('',#228,#22,#230,.T.);
#228 = VERTEX_POINT('',#229);
#229 = CARTESIAN_POINT('',(-10.4808,14.,6.7993));
#230 = SURFACE_CURVE('',#231,(#236,#242),.PCURVE_S1.);
#231 = CIRCLE('',#232,8.);
#232 = AXIS2_PLACEMENT_3D('',#233,#234,#235);
#233 = CARTESIAN_POINT('',(-10.4808,14.,14.7993));
#234 = DIRECTION('',(0.,1.,-0.));
#235 = DIRECTION('',(-1.,0.,0.));
#236 = PCURVE('',#72,#237);
#237 = DEFINITIONAL_REPRESENTATION('',(#238),#241);
#238 = B_SPLINE_CURVE_WITH_KNOTS('',1,(#239,#240),.UNSPECIFIED.,.F.,.F.,
  (2,2),(4.712388980385,6.28318530718),.PIECEWISE_BEZIER_KNOTS.);
#239 = CARTESIAN_POINT('',(-1.570796326795,8.));
#240 = CARTESIAN_POINT('',(0.,8.));
#241 = ( GEOMETRIC_REPRESENTATION_CONTEXT(2) 
PARAMETRIC_REPRESENTATION_CONTEXT() REPRESENTATION_CONTEXT('2D SPACE',''
  ) );
#242 = PCURVE('',#159,#243);
#243 = DEFINITIONAL_REPRESENTATION('',(#244),#247);
#244 = B_SPLINE_CURVE_WITH_KNOTS('',1,(#245,#246),.UNSPECIFIED.,.F.,.F.,
  (2,2),(4.712388980385,6.28318530718),.PIECEWISE_BEZIER_KNOTS.);
#245 = CARTESIAN_POINT('',(0.,-1.570796326795));
#246 = CARTESIAN_POINT('',(0.,0.));
#247 = ( GEOMETRIC_REPRESENTATION_CONTEXT(2) 
PARAMETRIC_REPRESENTATION_CONTEXT() REPRESENTATION_CONTEXT('2D SPACE',''
  ) );
#248 = ORIENTED_EDGE('',*,*,#249,.T.);
#249 = EDGE_CURVE('',#228,#250,#252,.T.);
#250 = VERTEX_POINT('',#251);
#251 = CARTESIAN_POINT('',(-10.4808,34.,6.7993));
#252 = SURFACE_CURVE('',#253,(#257,#264),.PCURVE_S1.);
#253 = LINE('',#254,#255);
#254 = CARTESIAN_POINT('',(-10.4808,6.,6.7993));
#255 = VECTOR('',#256,1.);
#256 = DIRECTION('',(-0.,1.,0.));
#257 = PCURVE('',#72,#258);
#258 = DEFINITIONAL_REPRESENTATION('',(#259),#263);
#259 = LINE('',#260,#261);
#260 = CARTESIAN_POINT('',(-1.570796326795,0.));
#261 = VECTOR('',#262,1.);
#262 = DIRECTION('',(-0.,1.));
#263 = ( GEOMETRIC_REPRESENTATION_CONTEXT(2) 
PARAMETRIC_REPRESENTATION_CONTEXT() REPRESENTATION_CONTEXT('2D SPACE',''
  ) );
#264 = PCURVE('',#265,#270);
#265 = PLANE('',#266);
#266 = AXIS2_PLACEMENT_3D('',#267,#268,#269);
#267 = CARTESIAN_POINT('',(-18.4808,6.,6.7993));
#268 = DIRECTION('',(0.,0.,1.));
#269 = DIRECTION('',(1.,0.,-0.));
#270 = DEFINITIONAL_REPRESENTATION('',(#271),#275);
#271 = LINE('',#272,#273);
#272 = CARTESIAN_POINT('',(8.,0.));
#273 = VECTOR('',#274,1.);
#274 = DIRECTION('',(0.,1.));
#275 = ( GEOMETRIC_REPRESENTATION_CONTEXT(2) 
PARAMETRIC_REPRESENTATION_CONTEXT() REPRESENTATION_CONTEXT('2D SPACE',''
  ) );
#276 = ORIENTED_EDGE('',*,*,#277,.T.);
#277 = EDGE_CURVE('',#250,#57,#278,.T.);
#278 = SURFACE_CURVE('',#279,(#284,#290),.PCURVE_S1.);
#279 = CIRCLE('',#280,8.);
#280 = AXIS2_PLACEMENT_3D('',#281,#282,#283);
#281 = CARTESIAN_POINT('',(-10.4808,34.,14.7993));
#282 = DIRECTION('',(2.22044604925E-16,1.,-0.));
#283 = DIRECTION('',(-1.,2.22044604925E-16,0.));
#284 = PCURVE('',#72,#285);
#285 = DEFINITIONAL_REPRESENTATION('',(#286),#289);
#286 = B_SPLINE_CURVE_WITH_KNOTS('',1,(#287,#288),.UNSPECIFIED.,.F.,.F.,
  (2,2),(4.712388980385,6.28318530718),.PIECEWISE_BEZIER_KNOTS.);
#287 = CARTESIAN_POINT('',(-1.570796326795,28.));
#288 = CARTESIAN_POINT('',(0.,28.));
#289 = ( GEOMETRIC_REPRESENTATION_CONTEXT(2) 
PARAMETRIC_REPRESENTATION_CONTEXT() REPRESENTATION_CONTEXT('2D SPACE',''
  ) );
#290 = PCURVE('',#291,#296);
#291 = SPHERICAL_SURFACE('',#292,8.);
#292 = AXIS2_PLACEMENT_3D('',#293,#294,#295);
#293 = CARTESIAN_POINT('',(-10.4808,34.,14.7993));
#294 = DIRECTION('',(0.,0.,1.));
#295 = DIRECTION('',(-1.,2.22044604925E-16,0.));
#296 = DEFINITIONAL_REPRESENTATION('',(#297),#300);
#297 = B_SPLINE_CURVE_WITH_KNOTS('',1,(#298,#299),.UNSPECIFIED.,.F.,.F.,
  (2,2),(4.712388980385,6.28318530718),.PIECEWISE_BEZIER_KNOTS.);
#298 = CARTESIAN_POINT('',(0.,-1.570796326795));
#299 = CARTESIAN_POINT('',(0.,0.));
#300 = ( GEOMETRIC_REPRESENTATION_CONTEXT(2) 
PARAMETRIC_REPRESENTATION_CONTEXT() REPRESENTATION_CONTEXT('2D SPACE',''
  ) );
#301 = ORIENTED_EDGE('',*,*,#56,.F.);
#302 = ADVANCED_FACE('',(#303),#126,.T.);
#303 = FACE_BOUND('',#304,.T.);
#304 = EDGE_LOOP('',(#305,#327,#355,#382));
#305 = ORIENTED_EDGE('',*,*,#306,.F.);
#306 = EDGE_CURVE('',#307,#24,#309,.T.);
#307 = VERTEX_POINT('',#308);
#308 = CARTESIAN_POINT('',(-10.4808,14.,30.7993));
#309 = SURFACE_CURVE('',#310,(#315,#321),.PCURVE_S1.);
#310 = CIRCLE('',#311,8.);
#311 = AXIS2_PLACEMENT_3D('',#312,#313,#314);
#312 = CARTESIAN_POINT('',(-10.4808,14.,22.7993));
#313 = DIRECTION('',(0.,-1.,0.));
#314 = DIRECTION('',(-1.,0.,0.));
#315 = PCURVE('',#126,#316);
#316 = DEFINITIONAL_REPRESENTATION('',(#317),#320);
#317 = B_SPLINE_CURVE_WITH_KNOTS('',1,(#318,#319),.UNSPECIFIED.,.F.,.F.,
  (2,2),(4.712388980385,6.28318530718),.PIECEWISE_BEZIER_KNOTS.);
#318 = CARTESIAN_POINT('',(1.570796326795,8.));
#319 = CARTESIAN_POINT('',(0.,8.));
#320 = ( GEOMETRIC_REPRESENTATION_CONTEXT(2) 
PARAMETRIC_REPRESENTATION_CONTEXT() REPRESENTATION_CONTEXT('2D SPACE',''
  ) );
#321 = PCURVE('',#212,#322);
#322 = DEFINITIONAL_REPRESENTATION('',(#323),#326);
#323 = B_SPLINE_CURVE_WITH_KNOTS('',1,(#324,#325),.UNSPECIFIED.,.F.,.F.,
  (2,2),(4.712388980385,6.28318530718),.PIECEWISE_BEZIER_KNOTS.);
#324 = CARTESIAN_POINT('',(0.,-1.570796326795));
#325 = CARTESIAN_POINT('',(0.,0.));
#326 = ( GEOMETRIC_REPRESENTATION_CONTEXT(2) 
PARAMETRIC_REPRESENTATION_CONTEXT() REPRESENTATION_CONTEXT('2D SPACE',''
  ) );
#327 = ORIENTED_EDGE('',*,*,#328,.T.);
#328 = EDGE_CURVE('',#307,#329,#331,.T.);
#329 = VERTEX_POINT('',#330);
#330 = CARTESIAN_POINT('',(-10.4808,34.,30.7993));
#331 = SURFACE_CURVE('',#332,(#336,#343),.PCURVE_S1.);
#332 = LINE('',#333,#334);
#333 = CARTESIAN_POINT('',(-10.4808,6.,30.7993));
#334 = VECTOR('',#335,1.);
#335 = DIRECTION('',(-0.,1.,0.));
#336 = PCURVE('',#126,#337);
#337 = DEFINITIONAL_REPRESENTATION('',(#338),#342);
#338 = LINE('',#339,#340);
#339 = CARTESIAN_POINT('',(1.570796326795,0.));
#340 = VECTOR('',#341,1.);
#341 = DIRECTION('',(0.,1.));
#342 = ( GEOMETRIC_REPRESENTATION_CONTEXT(2) 
PARAMETRIC_REPRESENTATION_CONTEXT() REPRESENTATION_CONTEXT('2D SPACE',''
  ) );
#343 = PCURVE('',#344,#349);
#344 = PLANE('',#345);
#345 = AXIS2_PLACEMENT_3D('',#346,#347,#348);
#346 = CARTESIAN_POINT('',(-18.4808,6.,30.7993));
#347 = DIRECTION('',(0.,0.,1.));
#348 = DIRECTION('',(1.,0.,-0.));
#349 = DEFINITIONAL_REPRESENTATION('',(#350),#354);
#350 = LINE('',#351,#352);
#351 = CARTESIAN_POINT('',(8.,0.));
#352 = VECTOR('',#353,1.);
#353 = DIRECTION('',(0.,1.));
#354 = ( GEOMETRIC_REPRESENTATION_CONTEXT(2) 
PARAMETRIC_REPRESENTATION_CONTEXT() REPRESENTATION_CONTEXT('2D SPACE',''
  ) );
#355 = ORIENTED_EDGE('',*,*,#356,.F.);
#356 = EDGE_CURVE('',#85,#329,#357,.T.);
#357 = SURFACE_CURVE('',#358,(#363,#370),.PCURVE_S1.);
#358 = CIRCLE('',#359,8.);
#359 = AXIS2_PLACEMENT_3D('',#360,#361,#362);
#360 = CARTESIAN_POINT('',(-10.4808,34.,22.7993));
#361 = DIRECTION('',(-0.,1.,0.));
#362 = DIRECTION('',(-1.,-0.,2.22044604925E-16));
#363 = PCURVE('',#126,#364);
#364 = DEFINITIONAL_REPRESENTATION('',(#365),#369);
#365 = LINE('',#366,#367);
#366 = CARTESIAN_POINT('',(0.,28.));
#367 = VECTOR('',#368,1.);
#368 = DIRECTION('',(1.,0.));
#369 = ( GEOMETRIC_REPRESENTATION_CONTEXT(2) 
PARAMETRIC_REPRESENTATION_CONTEXT() REPRESENTATION_CONTEXT('2D SPACE',''
  ) );
#370 = PCURVE('',#371,#376);
#371 = SPHERICAL_SURFACE('',#372,8.);
#372 = AXIS2_PLACEMENT_3D('',#373,#374,#375);
#373 = CARTESIAN_POINT('',(-10.4808,34.,22.7993));
#374 = DIRECTION('',(0.,-1.,-0.));
#375 = DIRECTION('',(-1.,-0.,2.22044604925E-16));
#376 = DEFINITIONAL_REPRESENTATION('',(#377),#381);
#377 = LINE('',#378,#379);
#378 = CARTESIAN_POINT('',(-0.,0.));
#379 = VECTOR('',#380,1.);
#380 = DIRECTION('',(-1.,0.));
#381 = ( GEOMETRIC_REPRESENTATION_CONTEXT(2) 
PARAMETRIC_REPRESENTATION_CONTEXT() REPRESENTATION_CONTEXT('2D SPACE',''
  ) );
#382 = ORIENTED_EDGE('',*,*,#112,.F.);
#383 = ADVANCED_FACE('',(#384),#100,.T.);
#384 = FACE_BOUND('',#385,.F.);
#385 = EDGE_LOOP('',(#386,#387,#411,#439));
#386 = ORIENTED_EDGE('',*,*,#84,.F.);
#387 = ORIENTED_EDGE('',*,*,#388,.T.);
#388 = EDGE_CURVE('',#57,#389,#391,.T.);
#389 = VERTEX_POINT('',#390);
#390 = CARTESIAN_POINT('',(-10.4808,42.,14.7993));
#391 = SURFACE_CURVE('',#392,(#397,#404),.PCURVE_S1.);
#392 = CIRCLE('',#393,8.);
#393 = AXIS2_PLACEMENT_3D('',#394,#395,#396);
#394 = CARTESIAN_POINT('',(-10.4808,34.,14.7993));
#395 = DIRECTION('',(-0.,0.,-1.));
#396 = DIRECTION('',(-1.,2.22044604925E-16,0.));
#397 = PCURVE('',#100,#398);
#398 = DEFINITIONAL_REPRESENTATION('',(#399),#403);
#399 = LINE('',#400,#401);
#400 = CARTESIAN_POINT('',(-0.,8.));
#401 = VECTOR('',#402,1.);
#402 = DIRECTION('',(-1.,0.));
#403 = ( GEOMETRIC_REPRESENTATION_CONTEXT(2) 
PARAMETRIC_REPRESENTATION_CONTEXT() REPRESENTATION_CONTEXT('2D SPACE',''
  ) );
#404 = PCURVE('',#291,#405);
#405 = DEFINITIONAL_REPRESENTATION('',(#406),#410);
#406 = LINE('',#407,#408);
#407 = CARTESIAN_POINT('',(-0.,0.));
#408 = VECTOR('',#409,1.);
#409 = DIRECTION('',(-1.,0.));
#410 = ( GEOMETRIC_REPRESENTATION_CONTEXT(2) 
PARAMETRIC_REPRESENTATION_CONTEXT() REPRESENTATION_CONTEXT('2D SPACE',''
  ) );
#411 = ORIENTED_EDGE('',*,*,#412,.T.);
#412 = EDGE_CURVE('',#389,#413,#415,.T.);
#413 = VERTEX_POINT('',#414);
#414 = CARTESIAN_POINT('',(-10.4808,42.,22.7993));
#415 = SURFACE_CURVE('',#416,(#420,#427),.PCURVE_S1.);
#416 = LINE('',#417,#418);
#417 = CARTESIAN_POINT('',(-10.4808,42.,6.7993));
#418 = VECTOR('',#419,1.);
#419 = DIRECTION('',(0.,0.,1.));
#420 = PCURVE('',#100,#421);
#421 = DEFINITIONAL_REPRESENTATION('',(#422),#426);
#422 = LINE('',#423,#424);
#423 = CARTESIAN_POINT('',(-1.570796326795,0.));
#424 = VECTOR('',#425,1.);
#425 = DIRECTION('',(-0.,1.));
#426 = ( GEOMETRIC_REPRESENTATION_CONTEXT(2) 
PARAMETRIC_REPRESENTATION_CONTEXT() REPRESENTATION_CONTEXT('2D SPACE',''
  ) );
#427 = PCURVE('',#428,#433);
#428 = PLANE('',#429);
#429 = AXIS2_PLACEMENT_3D('',#430,#431,#432);
#430 = CARTESIAN_POINT('',(-18.4808,42.,6.7993));
#431 = DIRECTION('',(-0.,1.,0.));
#432 = DIRECTION('',(0.,0.,1.));
#433 = DEFINITIONAL_REPRESENTATION('',(#434),#438);
#434 = LINE('',#435,#436);
#435 = CARTESIAN_POINT('',(0.,8.));
#436 = VECTOR('',#437,1.);
#437 = DIRECTION('',(1.,0.));
#438 = ( GEOMETRIC_REPRESENTATION_CONTEXT(2) 
PARAMETRIC_REPRESENTATION_CONTEXT() REPRESENTATION_CONTEXT('2D SPACE',''
  ) );
#439 = ORIENTED_EDGE('',*,*,#440,.T.);
#440 = EDGE_CURVE('',#413,#85,#441,.T.);
#441 = SURFACE_CURVE('',#442,(#447,#453),.PCURVE_S1.);
#442 = CIRCLE('',#443,8.);
#443 = AXIS2_PLACEMENT_3D('',#444,#445,#446);
#444 = CARTESIAN_POINT('',(-10.4808,34.,22.7993));
#445 = DIRECTION('',(2.22044604925E-16,0.,1.));
#446 = DIRECTION('',(-1.,-0.,2.22044604925E-16));
#447 = PCURVE('',#100,#448);
#448 = DEFINITIONAL_REPRESENTATION('',(#449),#452);
#449 = B_SPLINE_CURVE_WITH_KNOTS('',1,(#450,#451),.UNSPECIFIED.,.F.,.F.,
  (2,2),(4.712388980385,6.28318530718),.PIECEWISE_BEZIER_KNOTS.);
#450 = CARTESIAN_POINT('',(-1.570796326795,16.));
#451 = CARTESIAN_POINT('',(0.,16.));
#452 = ( GEOMETRIC_REPRESENTATION_CONTEXT(2) 
PARAMETRIC_REPRESENTATION_CONTEXT() REPRESENTATION_CONTEXT('2D SPACE',''
  ) );
#453 = PCURVE('',#371,#454);
#454 = DEFINITIONAL_REPRESENTATION('',(#455),#458);
#455 = B_SPLINE_CURVE_WITH_KNOTS('',1,(#456,#457),.UNSPECIFIED.,.F.,.F.,
  (2,2),(4.712388980385,6.28318530718),.PIECEWISE_BEZIER_KNOTS.);
#456 = CARTESIAN_POINT('',(0.,-1.570796326795));
#457 = CARTESIAN_POINT('',(0.,0.));
#458 = ( GEOMETRIC_REPRESENTATION_CONTEXT(2) 
PARAMETRIC_REPRESENTATION_CONTEXT() REPRESENTATION_CONTEXT('2D SPACE',''
  ) );
#459 = ADVANCED_FACE('',(#460),#212,.T.);
#460 = FACE_BOUND('',#461,.F.);
#461 = EDGE_LOOP('',(#462,#463,#490,#556,#664));
#462 = ORIENTED_EDGE('',*,*,#306,.F.);
#463 = ORIENTED_EDGE('',*,*,#464,.T.);
#464 = EDGE_CURVE('',#307,#465,#467,.T.);
#465 = VERTEX_POINT('',#466);
#466 = CARTESIAN_POINT('',(-10.4808,10.122776482366,29.796952305903));
#467 = SURFACE_CURVE('',#468,(#473,#479),.PCURVE_S1.);
#468 = CIRCLE('',#469,8.);
#469 = AXIS2_PLACEMENT_3D('',#470,#471,#472);
#470 = CARTESIAN_POINT('',(-10.4808,14.,22.7993));
#471 = DIRECTION('',(1.,-6.123233995737E-17,0.));
#472 = DIRECTION('',(-6.123233995737E-17,-1.,0.));
#473 = PCURVE('',#212,#474);
#474 = DEFINITIONAL_REPRESENTATION('',(#475),#478);
#475 = B_SPLINE_CURVE_WITH_KNOTS('',1,(#476,#477),.UNSPECIFIED.,.F.,.F.,
  (2,2),(4.712388980385,6.28318530718),.PIECEWISE_BEZIER_KNOTS.);
#476 = CARTESIAN_POINT('',(-1.570796326795,-1.570796326795));
#477 = CARTESIAN_POINT('',(-1.570796326795,0.));
#478 = ( GEOMETRIC_REPRESENTATION_CONTEXT(2) 
PARAMETRIC_REPRESENTATION_CONTEXT() REPRESENTATION_CONTEXT('2D SPACE',''
  ) );
#479 = PCURVE('',#480,#485);
#480 = CYLINDRICAL_SURFACE('',#481,8.);
#481 = AXIS2_PLACEMENT_3D('',#482,#483,#484);
#482 = CARTESIAN_POINT('',(-18.4808,14.,22.7993));
#483 = DIRECTION('',(1.,0.,-0.));
#484 = DIRECTION('',(0.,-1.,0.));
#485 = DEFINITIONAL_REPRESENTATION('',(#486),#489);
#486 = B_SPLINE_CURVE_WITH_KNOTS('',1,(#487,#488),.UNSPECIFIED.,.F.,.F.,
  (2,2),(4.712388980385,6.28318530718),.PIECEWISE_BEZIER_KNOTS.);
#487 = CARTESIAN_POINT('',(-1.570796326795,8.));
#488 = CARTESIAN_POINT('',(0.,8.));
#489 = ( GEOMETRIC_REPRESENTATION_CONTEXT(2) 
PARAMETRIC_REPRESENTATION_CONTEXT() REPRESENTATION_CONTEXT('2D SPACE',''
  ) );
#490 = ORIENTED_EDGE('',*,*,#491,.T.);
#491 = EDGE_CURVE('',#465,#492,#494,.T.);
#492 = VERTEX_POINT('',#493);
#493 = CARTESIAN_POINT('',(-14.10270797671,8.465401314618,27.2993));
#494 = SURFACE_CURVE('',#495,(#500,#527),.PCURVE_S1.);
#495 = CIRCLE('',#496,3.790581935046);
#496 = AXIS2_PLACEMENT_3D('',#497,#498,#499);
#497 = CARTESIAN_POINT('',(-10.39614796419,8.074357493503,26.60864161132
    ));
#498 = DIRECTION('',(1.201596781494E-02,-0.841117747046,0.540718551672)
  );
#499 = DIRECTION('',(0.,-0.540757591313,-0.841178475377));
#500 = PCURVE('',#212,#501);
#501 = DEFINITIONAL_REPRESENTATION('',(#502),#526);
#502 = B_SPLINE_CURVE_WITH_KNOTS('',8,(#503,#504,#505,#506,#507,#508,
    #509,#510,#511,#512,#513,#514,#515,#516,#517,#518,#519,#520,#521,
    #522,#523,#524,#525),.UNSPECIFIED.,.F.,.F.,(9,7,7,9),(3.163928323569
    ,3.498392252672,4.000088146326,4.50178403998),.UNSPECIFIED.);
#503 = CARTESIAN_POINT('',(-1.570796326795,-1.064829976159));
#504 = CARTESIAN_POINT('',(-1.529935734665,-1.064327612683));
#505 = CARTESIAN_POINT('',(-1.489203566432,-1.062183099461));
#506 = CARTESIAN_POINT('',(-1.449087695684,-1.058403737492));
#507 = CARTESIAN_POINT('',(-1.410070127674,-1.053030096658));
#508 = CARTESIAN_POINT('',(-1.372562666433,-1.04613536568));
#509 = CARTESIAN_POINT('',(-1.336872808781,-1.037815704576));
#510 = CARTESIAN_POINT('',(-1.303199672497,-1.02817849056));
#511 = CARTESIAN_POINT('',(-1.224349905927,-1.001070634858));
#512 = CARTESIAN_POINT('',(-1.181839460041,-0.98209258864));
#513 = CARTESIAN_POINT('',(-1.144519855886,-0.960777673474));
#514 = CARTESIAN_POINT('',(-1.112345397601,-0.937523889485));
#515 = CARTESIAN_POINT('',(-1.08498481963,-0.912689672376));
#516 = CARTESIAN_POINT('',(-1.062060501251,-0.886582565913));
#517 = CARTESIAN_POINT('',(-1.04317823016,-0.859468098466));
#518 = CARTESIAN_POINT('',(-1.012766684897,-0.803682885391));
#519 = CARTESIAN_POINT('',(-1.001237380899,-0.775012141074));
#520 = CARTESIAN_POINT('',(-0.99301782755,-0.745792645608));
#521 = CARTESIAN_POINT('',(-0.987767561688,-0.716217650248));
#522 = CARTESIAN_POINT('',(-0.985196632065,-0.68645268353));
#523 = CARTESIAN_POINT('',(-0.985063493325,-0.656643245351));
#524 = CARTESIAN_POINT('',(-0.987163598498,-0.626920841376));
#525 = CARTESIAN_POINT('',(-0.991325751662,-0.597406416645));
#526 = ( GEOMETRIC_REPRESENTATION_CONTEXT(2) 
PARAMETRIC_REPRESENTATION_CONTEXT() REPRESENTATION_CONTEXT('2D SPACE',''
  ) );
#527 = PCURVE('',#528,#533);
#528 = SPHERICAL_SURFACE('',#529,4.);
#529 = AXIS2_PLACEMENT_3D('',#530,#531,#532);
#530 = CARTESIAN_POINT('',(-10.3808,7.,27.2993));
#531 = DIRECTION('',(0.,-1.,-0.));
#532 = DIRECTION('',(-1.,-0.,0.));
#533 = DEFINITIONAL_REPRESENTATION('',(#534),#555);
#534 = B_SPLINE_CURVE_WITH_KNOTS('',7,(#535,#536,#537,#538,#539,#540,
    #541,#542,#543,#544,#545,#546,#547,#548,#549,#550,#551,#552,#553,
    #554),.UNSPECIFIED.,.F.,.F.,(8,6,6,8),(3.163928323569,3.498392252672
    ,4.000088146326,4.50178403998),.UNSPECIFIED.);
#535 = CARTESIAN_POINT('',(-1.530780101376,-0.895775794819));
#536 = CARTESIAN_POINT('',(-1.45836926456,-0.89416854801));
#537 = CARTESIAN_POINT('',(-1.386251954104,-0.890382507527));
#538 = CARTESIAN_POINT('',(-1.314902051369,-0.884441381529));
#539 = CARTESIAN_POINT('',(-1.24477026215,-0.876420259556));
#540 = CARTESIAN_POINT('',(-1.176207321505,-0.866435805401));
#541 = CARTESIAN_POINT('',(-1.109438539312,-0.854631646912));
#542 = CARTESIAN_POINT('',(-0.947316407427,-0.820949936466));
#543 = CARTESIAN_POINT('',(-0.8543624662,-0.796987009974));
#544 = CARTESIAN_POINT('',(-0.766154230368,-0.76978223243));
#545 = CARTESIAN_POINT('',(-0.682588084226,-0.73989860612));
#546 = CARTESIAN_POINT('',(-0.603239124558,-0.707834998656));
#547 = CARTESIAN_POINT('',(-0.527631552779,-0.67402319263));
#548 = CARTESIAN_POINT('',(-0.382900631117,-0.603652948309));
#549 = CARTESIAN_POINT('',(-0.313777643392,-0.567094484316));
#550 = CARTESIAN_POINT('',(-0.24740019271,-0.529537570825));
#551 = CARTESIAN_POINT('',(-0.183261332903,-0.491299384827));
#552 = CARTESIAN_POINT('',(-0.12091123764,-0.452651337146));
#553 = CARTESIAN_POINT('',(-5.994454489133E-02,-0.413837365046));
#554 = CARTESIAN_POINT('',(1.7763568394E-15,-0.375083611189));
#555 = ( GEOMETRIC_REPRESENTATION_CONTEXT(2) 
PARAMETRIC_REPRESENTATION_CONTEXT() REPRESENTATION_CONTEXT('2D SPACE',''
  ) );
#556 = ORIENTED_EDGE('',*,*,#557,.T.);
#557 = EDGE_CURVE('',#492,#172,#558,.T.);
#558 = SURFACE_CURVE('',#559,(#592,#628),.PCURVE_S1.);
#559 = B_SPLINE_CURVE_WITH_KNOTS('',6,(#560,#561,#562,#563,#564,#565,
    #566,#567,#568,#569,#570,#571,#572,#573,#574,#575,#576,#577,#578,
    #579,#580,#581,#582,#583,#584,#585,#586,#587,#588,#589,#590,#591),
  .UNSPECIFIED.,.F.,.F.,(7,5,5,5,5,5,7),(0.,0.129705344174,
    0.252127856255,0.372968663225,0.496294518071,0.644969745975,1.),
  .UNSPECIFIED.);
#560 = CARTESIAN_POINT('',(-14.10270782398,8.465401702514,27.2993006));
#561 = CARTESIAN_POINT('',(-14.12562329956,8.407199717562,
    27.209273423757));
#562 = CARTESIAN_POINT('',(-14.14686915943,8.350034690114,
    27.118660765213));
#563 = CARTESIAN_POINT('',(-14.1665442517,8.293957287377,27.027491285099
    ));
#564 = CARTESIAN_POINT('',(-14.18474337167,8.239014436076,
    26.935791164426));
#565 = CARTESIAN_POINT('',(-14.20155726194,8.185249322453,
    26.843584104482));
#566 = CARTESIAN_POINT('',(-14.23171679046,8.083103978549,
    26.663403160759));
#567 = CARTESIAN_POINT('',(-14.24520422885,8.034591167824,26.57548259161
    ));
#568 = CARTESIAN_POINT('',(-14.25760789918,7.98719629243,26.487147592458
    ));
#569 = CARTESIAN_POINT('',(-14.26899796425,7.94095067977,26.398415077826
    ));
#570 = CARTESIAN_POINT('',(-14.27944177806,7.895883652321,
    26.309300903696));
#571 = CARTESIAN_POINT('',(-14.29844245047,7.808728090911,
    26.131494930864));
#572 = CARTESIAN_POINT('',(-14.3070219633,7.766608727914,26.042812735446
    ));
#573 = CARTESIAN_POINT('',(-14.31480456245,7.725690787705,
    25.953787565659));
#574 = CARTESIAN_POINT('',(-14.32184983928,7.685999191876,
    25.864433286746));
#575 = CARTESIAN_POINT('',(-14.32821483828,7.647557434545,
    25.774763344776));
#576 = CARTESIAN_POINT('',(-14.33981130092,7.572453345484,25.59296793471
    ));
#577 = CARTESIAN_POINT('',(-14.34501673104,7.535843921819,
    25.500830019355));
#578 = CARTESIAN_POINT('',(-14.34962833852,7.50058281981,25.408390900586
    ));
#579 = CARTESIAN_POINT('',(-14.35370120665,7.466692207672,
    25.315664449274));
#580 = CARTESIAN_POINT('',(-14.3572875109,7.434192913389,25.222664527158
    ));
#581 = CARTESIAN_POINT('',(-14.364232799,7.365625761816,25.016976141909)
  );
#582 = CARTESIAN_POINT('',(-14.36739337441,7.330197489093,
    24.904170128721));
#583 = CARTESIAN_POINT('',(-14.37000475655,7.296853847163,
    24.791011251258));
#584 = CARTESIAN_POINT('',(-14.3721464084,7.26562620241,24.677524437972)
  );
#585 = CARTESIAN_POINT('',(-14.37389074451,7.23654304698,24.563735241793
    ));
#586 = CARTESIAN_POINT('',(-14.37867585114,7.14536276024,24.177286410134
    ));
#587 = CARTESIAN_POINT('',(-14.38015508347,7.093469223286,
    23.903324708162));
#588 = CARTESIAN_POINT('',(-14.38062488879,7.054299186532,
    23.628149852499));
#589 = CARTESIAN_POINT('',(-14.38072262823,7.028099675658,
    23.352146550372));
#590 = CARTESIAN_POINT('',(-14.38077187339,7.015000401809,
    23.075720599918));
#591 = CARTESIAN_POINT('',(-14.38077187339,7.015000401809,22.7993));
#592 = PCURVE('',#212,#593);
#593 = DEFINITIONAL_REPRESENTATION('',(#594),#627);
#594 = B_SPLINE_CURVE_WITH_KNOTS('',6,(#595,#596,#597,#598,#599,#600,
    #601,#602,#603,#604,#605,#606,#607,#608,#609,#610,#611,#612,#613,
    #614,#615,#616,#617,#618,#619,#620,#621,#622,#623,#624,#625,#626),
  .UNSPECIFIED.,.F.,.F.,(7,5,5,5,5,5,7),(0.,0.129705344174,
    0.252127856255,0.372968663225,0.496294518071,0.644969745975,1.),
  .UNSPECIFIED.);
#595 = CARTESIAN_POINT('',(-0.99132573887,-0.597406507357));
#596 = CARTESIAN_POINT('',(-0.993245151051,-0.583795676827));
#597 = CARTESIAN_POINT('',(-0.995247184066,-0.570247567591));
#598 = CARTESIAN_POINT('',(-0.997314275118,-0.556759374486));
#599 = CARTESIAN_POINT('',(-0.999430802748,-0.543328247387));
#600 = CARTESIAN_POINT('',(-1.00158308683,-0.529951291213));
#601 = CARTESIAN_POINT('',(-1.005813493037,-0.504048067476));
#602 = CARTESIAN_POINT('',(-1.007888853301,-0.491516242407));
#603 = CARTESIAN_POINT('',(-1.009975484943,-0.479027639974));
#604 = CARTESIAN_POINT('',(-1.012064317863,-0.466579859185));
#605 = CARTESIAN_POINT('',(-1.014147196278,-0.454170548803));
#606 = CARTESIAN_POINT('',(-1.01825982078,-0.429584127502));
#607 = CARTESIAN_POINT('',(-1.020289839568,-0.417406104026));
#608 = CARTESIAN_POINT('',(-1.022299925059,-0.405261130612));
#609 = CARTESIAN_POINT('',(-1.024283626459,-0.393147082366));
#610 = CARTESIAN_POINT('',(-1.026235052212,-0.381061915797));
#611 = CARTESIAN_POINT('',(-1.030102044777,-0.356697448318));
#612 = CARTESIAN_POINT('',(-1.032016014919,-0.34441927441));
#613 = CARTESIAN_POINT('',(-1.033885087402,-0.332167065112));
#614 = CARTESIAN_POINT('',(-1.035704005177,-0.319938841007));
#615 = CARTESIAN_POINT('',(-1.037467947178,-0.307732725243));
#616 = CARTESIAN_POINT('',(-1.041227482584,-0.280856399729));
#617 = CARTESIAN_POINT('',(-1.043196138725,-0.266195413209));
#618 = CARTESIAN_POINT('',(-1.045070790385,-0.251560883412));
#619 = CARTESIAN_POINT('',(-1.046844489543,-0.236949924402));
#620 = CARTESIAN_POINT('',(-1.048511046516,-0.222359864867));
#621 = CARTESIAN_POINT('',(-1.053775877718,-0.172991834016));
#622 = CARTESIAN_POINT('',(-1.0568447893,-0.138300124865));
#623 = CARTESIAN_POINT('',(-1.059197476121,-0.103680479507));
#624 = CARTESIAN_POINT('',(-1.060783324142,-6.910582035126E-02));
#625 = CARTESIAN_POINT('',(-1.06157618198,-3.455257498971E-02));
#626 = CARTESIAN_POINT('',(-1.06157618198,0.));
#627 = ( GEOMETRIC_REPRESENTATION_CONTEXT(2) 
PARAMETRIC_REPRESENTATION_CONTEXT() REPRESENTATION_CONTEXT('2D SPACE',''
  ) );
#628 = PCURVE('',#186,#629);
#629 = DEFINITIONAL_REPRESENTATION('',(#630),#663);
#630 = B_SPLINE_CURVE_WITH_KNOTS('',6,(#631,#632,#633,#634,#635,#636,
    #637,#638,#639,#640,#641,#642,#643,#644,#645,#646,#647,#648,#649,
    #650,#651,#652,#653,#654,#655,#656,#657,#658,#659,#660,#661,#662),
  .UNSPECIFIED.,.F.,.F.,(7,5,5,5,5,5,7),(0.,0.129705344174,
    0.252127856255,0.372968663225,0.496294518071,0.644969745975,1.),
  .UNSPECIFIED.);
#631 = CARTESIAN_POINT('',(-0.375083715409,21.0000006));
#632 = CARTESIAN_POINT('',(-0.359446040403,20.909973423757));
#633 = CARTESIAN_POINT('',(-0.344202442829,20.819360765213));
#634 = CARTESIAN_POINT('',(-0.3293489401,20.728191285099));
#635 = CARTESIAN_POINT('',(-0.314882495725,20.636491164426));
#636 = CARTESIAN_POINT('',(-0.300801019304,20.544284104482));
#637 = CARTESIAN_POINT('',(-0.274174823977,20.364103160759));
#638 = CARTESIAN_POINT('',(-0.261588192294,20.27618259161));
#639 = CARTESIAN_POINT('',(-0.249342502889,20.187847592458));
#640 = CARTESIAN_POINT('',(-0.237437371149,20.099115077826));
#641 = CARTESIAN_POINT('',(-0.225872996444,20.010000903696));
#642 = CARTESIAN_POINT('',(-0.203572327401,19.832194930864));
#643 = CARTESIAN_POINT('',(-0.192827240156,19.743512735447));
#644 = CARTESIAN_POINT('',(-0.182415654864,19.654487565659));
#645 = CARTESIAN_POINT('',(-0.172338723132,19.565133286746));
#646 = CARTESIAN_POINT('',(-0.162597993703,19.475463344776));
#647 = CARTESIAN_POINT('',(-0.143599470505,19.29366793471));
#648 = CARTESIAN_POINT('',(-0.134355696363,19.201530019355));
#649 = CARTESIAN_POINT('',(-0.125466164606,19.109090900586));
#650 = CARTESIAN_POINT('',(-0.116933196373,19.016364449274));
#651 = CARTESIAN_POINT('',(-0.108759359371,18.923364527158));
#652 = CARTESIAN_POINT('',(-9.152985832255E-02,18.717676141909));
#653 = CARTESIAN_POINT('',(-8.263820376564E-02,18.604870128721));
#654 = CARTESIAN_POINT('',(-7.427748685889E-02,18.491711251258));
#655 = CARTESIAN_POINT('',(-6.645273897344E-02,18.378224437972));
#656 = CARTESIAN_POINT('',(-5.916904019622E-02,18.264435241793));
#657 = CARTESIAN_POINT('',(-3.634260002329E-02,17.877986410134));
#658 = CARTESIAN_POINT('',(-2.33676732528E-02,17.604024708162));
#659 = CARTESIAN_POINT('',(-1.357491575333E-02,17.328849852499));
#660 = CARTESIAN_POINT('',(-7.02493788996E-03,17.052846550372));
#661 = CARTESIAN_POINT('',(-3.750109241985E-03,16.776420599918));
#662 = CARTESIAN_POINT('',(-3.750109241985E-03,16.5));
#663 = ( GEOMETRIC_REPRESENTATION_CONTEXT(2) 
PARAMETRIC_REPRESENTATION_CONTEXT() REPRESENTATION_CONTEXT('2D SPACE',''
  ) );
#664 = ORIENTED_EDGE('',*,*,#197,.F.);
#665 = ADVANCED_FACE('',(#666),#186,.F.);
#666 = FACE_BOUND('',#667,.T.);
#667 = EDGE_LOOP('',(#668,#724,#753,#781,#801,#802));
#668 = ORIENTED_EDGE('',*,*,#669,.T.);
#669 = EDGE_CURVE('',#143,#670,#672,.T.);
#670 = VERTEX_POINT('',#671);
#671 = CARTESIAN_POINT('',(-14.10270797671,8.465401314618,10.2993));
#672 = SURFACE_CURVE('',#673,(#688,#706),.PCURVE_S1.);
#673 = B_SPLINE_CURVE_WITH_KNOTS('',7,(#674,#675,#676,#677,#678,#679,
    #680,#681,#682,#683,#684,#685,#686,#687),.UNSPECIFIED.,.F.,.F.,(8,6,
    8),(0.,0.502407658942,1.),.UNSPECIFIED.);
#674 = CARTESIAN_POINT('',(-14.38077187339,7.015000401809,14.7993));
#675 = CARTESIAN_POINT('',(-14.38077187339,7.015000401809,
    14.463318035657));
#676 = CARTESIAN_POINT('',(-14.38069904585,7.033815379779,
    14.127806702201));
#677 = CARTESIAN_POINT('',(-14.38056205083,7.071350499296,
    13.793220983459));
#678 = CARTESIAN_POINT('',(-14.37979300954,7.127366089456,
    13.460054179827));
#679 = CARTESIAN_POINT('',(-14.37729866771,7.201457359187,
    13.128832736434));
#680 = CARTESIAN_POINT('',(-14.37153631373,7.2930403182,12.800113335598)
  );
#681 = CARTESIAN_POINT('',(-14.34979727014,7.508609456976,
    12.151972177266));
#682 = CARTESIAN_POINT('',(-14.33392096859,7.632257987836,
    11.832547661434));
#683 = CARTESIAN_POINT('',(-14.31114272249,7.771584574939,
    11.516612403509));
#684 = CARTESIAN_POINT('',(-14.2792744637,7.925733539816,11.20467403584)
  );
#685 = CARTESIAN_POINT('',(-14.23581912846,8.093649786536,
    10.897334304638));
#686 = CARTESIAN_POINT('',(-14.17804651863,8.274052343098,
    10.595279726414));
#687 = CARTESIAN_POINT('',(-14.10270782398,8.465401702514,10.2992994));
#688 = PCURVE('',#186,#689);
#689 = DEFINITIONAL_REPRESENTATION('',(#690),#705);
#690 = B_SPLINE_CURVE_WITH_KNOTS('',7,(#691,#692,#693,#694,#695,#696,
    #697,#698,#699,#700,#701,#702,#703,#704),.UNSPECIFIED.,.F.,.F.,(8,6,
    8),(0.,0.502407658942,1.),.UNSPECIFIED.);
#691 = CARTESIAN_POINT('',(-3.750109241987E-03,8.5));
#692 = CARTESIAN_POINT('',(-3.750109241987E-03,8.164018035657));
#693 = CARTESIAN_POINT('',(-8.453577322984E-03,7.828506702201));
#694 = CARTESIAN_POINT('',(-1.783797287698E-02,7.493920983459));
#695 = CARTESIAN_POINT('',(-3.184219197091E-02,7.160754179827));
#696 = CARTESIAN_POINT('',(-5.036714928394E-02,6.829532736434));
#697 = CARTESIAN_POINT('',(-7.329187056661E-02,6.500813335598));
#698 = CARTESIAN_POINT('',(-0.127457495972,5.852672177266));
#699 = CARTESIAN_POINT('',(-0.158611813085,5.533247661434));
#700 = CARTESIAN_POINT('',(-0.193871347994,5.217312403509));
#701 = CARTESIAN_POINT('',(-0.233153503101,4.90537403584));
#702 = CARTESIAN_POINT('',(-0.276415670267,4.598034304638));
#703 = CARTESIAN_POINT('',(-0.323672082326,4.295979726414));
#704 = CARTESIAN_POINT('',(-0.375083715409,3.9999994));
#705 = ( GEOMETRIC_REPRESENTATION_CONTEXT(2) 
PARAMETRIC_REPRESENTATION_CONTEXT() REPRESENTATION_CONTEXT('2D SPACE',''
  ) );
#706 = PCURVE('',#159,#707);
#707 = DEFINITIONAL_REPRESENTATION('',(#708),#723);
#708 = B_SPLINE_CURVE_WITH_KNOTS('',7,(#709,#710,#711,#712,#713,#714,
    #715,#716,#717,#718,#719,#720,#721,#722),.UNSPECIFIED.,.F.,.F.,(8,6,
    8),(0.,0.502407658942,1.),.UNSPECIFIED.);
#709 = CARTESIAN_POINT('',(1.06157618198,0.));
#710 = CARTESIAN_POINT('',(1.06157618198,-4.199774554288E-02));
#711 = CARTESIAN_POINT('',(1.060437686962,-8.393671815521E-02));
#712 = CARTESIAN_POINT('',(1.058165223197,-0.12588082427));
#713 = CARTESIAN_POINT('',(1.054806244523,-0.167888182898));
#714 = CARTESIAN_POINT('',(1.050446344859,-0.21001443981));
#715 = CARTESIAN_POINT('',(1.045210320417,-0.252316425583));
#716 = CARTESIAN_POINT('',(1.03338478655,-0.336988168058));
#717 = CARTESIAN_POINT('',(1.026809659013,-0.379346051581));
#718 = CARTESIAN_POINT('',(1.019708230465,-0.422011397898));
#719 = CARTESIAN_POINT('',(1.012285594861,-0.465062631954));
#720 = CARTESIAN_POINT('',(1.004814140452,-0.508581461823));
#721 = CARTESIAN_POINT('',(0.997636147211,-0.552658485358));
#722 = CARTESIAN_POINT('',(0.99132573887,-0.597406507357));
#723 = ( GEOMETRIC_REPRESENTATION_CONTEXT(2) 
PARAMETRIC_REPRESENTATION_CONTEXT() REPRESENTATION_CONTEXT('2D SPACE',''
  ) );
#724 = ORIENTED_EDGE('',*,*,#725,.T.);
#725 = EDGE_CURVE('',#670,#726,#728,.T.);
#726 = VERTEX_POINT('',#727);
#727 = CARTESIAN_POINT('',(-10.3808,11.,10.2993));
#728 = SURFACE_CURVE('',#729,(#734,#741),.PCURVE_S1.);
#729 = CIRCLE('',#730,4.);
#730 = AXIS2_PLACEMENT_3D('',#731,#732,#733);
#731 = CARTESIAN_POINT('',(-10.3808,7.,10.2993));
#732 = DIRECTION('',(-0.,0.,-1.));
#733 = DIRECTION('',(-1.,2.22044604925E-16,0.));
#734 = PCURVE('',#186,#735);
#735 = DEFINITIONAL_REPRESENTATION('',(#736),#740);
#736 = LINE('',#737,#738);
#737 = CARTESIAN_POINT('',(-0.,4.));
#738 = VECTOR('',#739,1.);
#739 = DIRECTION('',(-1.,0.));
#740 = ( GEOMETRIC_REPRESENTATION_CONTEXT(2) 
PARAMETRIC_REPRESENTATION_CONTEXT() REPRESENTATION_CONTEXT('2D SPACE',''
  ) );
#741 = PCURVE('',#742,#747);
#742 = SPHERICAL_SURFACE('',#743,4.);
#743 = AXIS2_PLACEMENT_3D('',#744,#745,#746);
#744 = CARTESIAN_POINT('',(-10.3808,7.,10.2993));
#745 = DIRECTION('',(0.,0.,1.));
#746 = DIRECTION('',(-1.,2.22044604925E-16,0.));
#747 = DEFINITIONAL_REPRESENTATION('',(#748),#752);
#748 = LINE('',#749,#750);
#749 = CARTESIAN_POINT('',(-0.,0.));
#750 = VECTOR('',#751,1.);
#751 = DIRECTION('',(-1.,0.));
#752 = ( GEOMETRIC_REPRESENTATION_CONTEXT(2) 
PARAMETRIC_REPRESENTATION_CONTEXT() REPRESENTATION_CONTEXT('2D SPACE',''
  ) );
#753 = ORIENTED_EDGE('',*,*,#754,.T.);
#754 = EDGE_CURVE('',#726,#755,#757,.T.);
#755 = VERTEX_POINT('',#756);
#756 = CARTESIAN_POINT('',(-10.3808,11.,27.2993));
#757 = SURFACE_CURVE('',#758,(#762,#769),.PCURVE_S1.);
#758 = LINE('',#759,#760);
#759 = CARTESIAN_POINT('',(-10.3808,11.,6.2993));
#760 = VECTOR('',#761,1.);
#761 = DIRECTION('',(0.,0.,1.));
#762 = PCURVE('',#186,#763);
#763 = DEFINITIONAL_REPRESENTATION('',(#764),#768);
#764 = LINE('',#765,#766);
#765 = CARTESIAN_POINT('',(-1.570796326795,0.));
#766 = VECTOR('',#767,1.);
#767 = DIRECTION('',(-0.,1.));
#768 = ( GEOMETRIC_REPRESENTATION_CONTEXT(2) 
PARAMETRIC_REPRESENTATION_CONTEXT() REPRESENTATION_CONTEXT('2D SPACE',''
  ) );
#769 = PCURVE('',#770,#775);
#770 = PLANE('',#771);
#771 = AXIS2_PLACEMENT_3D('',#772,#773,#774);
#772 = CARTESIAN_POINT('',(-14.3808,11.,6.2993));
#773 = DIRECTION('',(-0.,1.,0.));
#774 = DIRECTION('',(0.,0.,1.));
#775 = DEFINITIONAL_REPRESENTATION('',(#776),#780);
#776 = LINE('',#777,#778);
#777 = CARTESIAN_POINT('',(0.,4.));
#778 = VECTOR('',#779,1.);
#779 = DIRECTION('',(1.,0.));
#780 = ( GEOMETRIC_REPRESENTATION_CONTEXT(2) 
PARAMETRIC_REPRESENTATION_CONTEXT() REPRESENTATION_CONTEXT('2D SPACE',''
  ) );
#781 = ORIENTED_EDGE('',*,*,#782,.T.);
#782 = EDGE_CURVE('',#755,#492,#783,.T.);
#783 = SURFACE_CURVE('',#784,(#789,#795),.PCURVE_S1.);
#784 = CIRCLE('',#785,4.);
#785 = AXIS2_PLACEMENT_3D('',#786,#787,#788);
#786 = CARTESIAN_POINT('',(-10.3808,7.,27.2993));
#787 = DIRECTION('',(0.,0.,1.));
#788 = DIRECTION('',(-1.,-0.,0.));
#789 = PCURVE('',#186,#790);
#790 = DEFINITIONAL_REPRESENTATION('',(#791),#794);
#791 = B_SPLINE_CURVE_WITH_KNOTS('',1,(#792,#793),.UNSPECIFIED.,.F.,.F.,
  (2,2),(4.712388980385,6.28318530718),.PIECEWISE_BEZIER_KNOTS.);
#792 = CARTESIAN_POINT('',(-1.570796326795,21.));
#793 = CARTESIAN_POINT('',(0.,21.));
#794 = ( GEOMETRIC_REPRESENTATION_CONTEXT(2) 
PARAMETRIC_REPRESENTATION_CONTEXT() REPRESENTATION_CONTEXT('2D SPACE',''
  ) );
#795 = PCURVE('',#528,#796);
#796 = DEFINITIONAL_REPRESENTATION('',(#797),#800);
#797 = B_SPLINE_CURVE_WITH_KNOTS('',1,(#798,#799),.UNSPECIFIED.,.F.,.F.,
  (2,2),(4.712388980385,6.28318530718),.PIECEWISE_BEZIER_KNOTS.);
#798 = CARTESIAN_POINT('',(0.,-1.570796326795));
#799 = CARTESIAN_POINT('',(0.,0.));
#800 = ( GEOMETRIC_REPRESENTATION_CONTEXT(2) 
PARAMETRIC_REPRESENTATION_CONTEXT() REPRESENTATION_CONTEXT('2D SPACE',''
  ) );
#801 = ORIENTED_EDGE('',*,*,#557,.T.);
#802 = ORIENTED_EDGE('',*,*,#171,.F.);
#803 = ADVANCED_FACE('',(#804),#159,.T.);
#804 = FACE_BOUND('',#805,.T.);
#805 = EDGE_LOOP('',(#806,#807,#834,#893,#894));
#806 = ORIENTED_EDGE('',*,*,#227,.F.);
#807 = ORIENTED_EDGE('',*,*,#808,.T.);
#808 = EDGE_CURVE('',#228,#809,#811,.T.);
#809 = VERTEX_POINT('',#810);
#810 = CARTESIAN_POINT('',(-10.4808,10.122776482366,7.801647694097));
#811 = SURFACE_CURVE('',#812,(#817,#823),.PCURVE_S1.);
#812 = CIRCLE('',#813,8.);
#813 = AXIS2_PLACEMENT_3D('',#814,#815,#816);
#814 = CARTESIAN_POINT('',(-10.4808,14.,14.7993));
#815 = DIRECTION('',(-1.,6.123233995737E-17,0.));
#816 = DIRECTION('',(-6.123233995737E-17,-1.,0.));
#817 = PCURVE('',#159,#818);
#818 = DEFINITIONAL_REPRESENTATION('',(#819),#822);
#819 = B_SPLINE_CURVE_WITH_KNOTS('',1,(#820,#821),.UNSPECIFIED.,.F.,.F.,
  (2,2),(4.712388980385,6.28318530718),.PIECEWISE_BEZIER_KNOTS.);
#820 = CARTESIAN_POINT('',(1.570796326795,-1.570796326795));
#821 = CARTESIAN_POINT('',(1.570796326795,0.));
#822 = ( GEOMETRIC_REPRESENTATION_CONTEXT(2) 
PARAMETRIC_REPRESENTATION_CONTEXT() REPRESENTATION_CONTEXT('2D SPACE',''
  ) );
#823 = PCURVE('',#824,#829);
#824 = CYLINDRICAL_SURFACE('',#825,8.);
#825 = AXIS2_PLACEMENT_3D('',#826,#827,#828);
#826 = CARTESIAN_POINT('',(-18.4808,14.,14.7993));
#827 = DIRECTION('',(1.,0.,-0.));
#828 = DIRECTION('',(0.,-1.,0.));
#829 = DEFINITIONAL_REPRESENTATION('',(#830),#833);
#830 = B_SPLINE_CURVE_WITH_KNOTS('',1,(#831,#832),.UNSPECIFIED.,.F.,.F.,
  (2,2),(4.712388980385,6.28318530718),.PIECEWISE_BEZIER_KNOTS.);
#831 = CARTESIAN_POINT('',(1.570796326795,8.));
#832 = CARTESIAN_POINT('',(0.,8.));
#833 = ( GEOMETRIC_REPRESENTATION_CONTEXT(2) 
PARAMETRIC_REPRESENTATION_CONTEXT() REPRESENTATION_CONTEXT('2D SPACE',''
  ) );
#834 = ORIENTED_EDGE('',*,*,#835,.F.);
#835 = EDGE_CURVE('',#670,#809,#836,.T.);
#836 = SURFACE_CURVE('',#837,(#842,#869),.PCURVE_S1.);
#837 = CIRCLE('',#838,3.790581935046);
#838 = AXIS2_PLACEMENT_3D('',#839,#840,#841);
#839 = CARTESIAN_POINT('',(-10.39614796419,8.074357493503,10.98995838868
    ));
#840 = DIRECTION('',(1.201596781494E-02,-0.841117747046,-0.540718551672)
  );
#841 = DIRECTION('',(0.,0.540757591313,-0.841178475377));
#842 = PCURVE('',#159,#843);
#843 = DEFINITIONAL_REPRESENTATION('',(#844),#868);
#844 = B_SPLINE_CURVE_WITH_KNOTS('',8,(#845,#846,#847,#848,#849,#850,
    #851,#852,#853,#854,#855,#856,#857,#858,#859,#860,#861,#862,#863,
    #864,#865,#866,#867),.UNSPECIFIED.,.F.,.F.,(9,7,7,9),(4.92299392079,
    5.591921778995,5.926385708098,6.260849637201),.UNSPECIFIED.);
#845 = CARTESIAN_POINT('',(0.991325751662,-0.597406416645));
#846 = CARTESIAN_POINT('',(0.98577621411,-0.636758982953));
#847 = CARTESIAN_POINT('',(0.983892411497,-0.676481326329));
#848 = CARTESIAN_POINT('',(0.986081292146,-0.716286445886));
#849 = CARTESIAN_POINT('',(0.99284923474,-0.755855559325));
#850 = CARTESIAN_POINT('',(1.004840836705,-0.794817568313));
#851 = CARTESIAN_POINT('',(1.02284454523,-0.832733197394));
#852 = CARTESIAN_POINT('',(1.047859243702,-0.869036720288));
#853 = CARTESIAN_POINT('',(1.097167696698,-0.920021763628));
#854 = CARTESIAN_POINT('',(1.115568206175,-0.93643841357));
#855 = CARTESIAN_POINT('',(1.136039122865,-0.952189045192));
#856 = CARTESIAN_POINT('',(1.158676018275,-0.96717765618));
#857 = CARTESIAN_POINT('',(1.183555281,-0.981299697953));
#858 = CARTESIAN_POINT('',(1.210713025006,-0.994443134396));
#859 = CARTESIAN_POINT('',(1.240119859241,-1.006492205998));
#860 = CARTESIAN_POINT('',(1.303199672497,-1.02817849056));
#861 = CARTESIAN_POINT('',(1.336872808781,-1.037815704577));
#862 = CARTESIAN_POINT('',(1.372562666433,-1.046135365679));
#863 = CARTESIAN_POINT('',(1.410070127674,-1.053030096657));
#864 = CARTESIAN_POINT('',(1.449087695683,-1.058403737491));
#865 = CARTESIAN_POINT('',(1.489203566432,-1.062183099461));
#866 = CARTESIAN_POINT('',(1.529935734665,-1.064327612683));
#867 = CARTESIAN_POINT('',(1.570796326795,-1.064829976159));
#868 = ( GEOMETRIC_REPRESENTATION_CONTEXT(2) 
PARAMETRIC_REPRESENTATION_CONTEXT() REPRESENTATION_CONTEXT('2D SPACE',''
  ) );
#869 = PCURVE('',#742,#870);
#870 = DEFINITIONAL_REPRESENTATION('',(#871),#892);
#871 = B_SPLINE_CURVE_WITH_KNOTS('',7,(#872,#873,#874,#875,#876,#877,
    #878,#879,#880,#881,#882,#883,#884,#885,#886,#887,#888,#889,#890,
    #891),.UNSPECIFIED.,.F.,.F.,(8,6,6,8),(4.92299392079,5.591921778995,
    5.926385708098,6.260849637201),.UNSPECIFIED.);
#872 = CARTESIAN_POINT('',(-0.375083611189,1.33226762955E-15));
#873 = CARTESIAN_POINT('',(-0.426755282998,-7.436935993047E-02));
#874 = CARTESIAN_POINT('',(-0.481074729947,-0.146898987126));
#875 = CARTESIAN_POINT('',(-0.538895514273,-0.217152868387));
#876 = CARTESIAN_POINT('',(-0.601130711812,-0.284579888528));
#877 = CARTESIAN_POINT('',(-0.668779516852,-0.348484727822));
#878 = CARTESIAN_POINT('',(-0.742979938712,-0.40789776781));
#879 = CARTESIAN_POINT('',(-0.865102880378,-0.488498579033));
#880 = CARTESIAN_POINT('',(-0.907614375247,-0.513945783649));
#881 = CARTESIAN_POINT('',(-0.952011756429,-0.537824997634));
#882 = CARTESIAN_POINT('',(-0.998350098055,-0.559975109122));
#883 = CARTESIAN_POINT('',(-1.046632204672,-0.580224290112));
#884 = CARTESIAN_POINT('',(-1.096786638109,-0.598399282025));
#885 = CARTESIAN_POINT('',(-1.200511514422,-0.630284376451));
#886 = CARTESIAN_POINT('',(-1.254082077227,-0.643994371287));
#887 = CARTESIAN_POINT('',(-1.309197680376,-0.65531416241));
#888 = CARTESIAN_POINT('',(-1.365605754496,-0.664098831966));
#889 = CARTESIAN_POINT('',(-1.422954800442,-0.670237547501));
#890 = CARTESIAN_POINT('',(-1.480822942724,-0.673667423878));
#891 = CARTESIAN_POINT('',(-1.538784481047,-0.674379895188));
#892 = ( GEOMETRIC_REPRESENTATION_CONTEXT(2) 
PARAMETRIC_REPRESENTATION_CONTEXT() REPRESENTATION_CONTEXT('2D SPACE',''
  ) );
#893 = ORIENTED_EDGE('',*,*,#669,.F.);
#894 = ORIENTED_EDGE('',*,*,#142,.F.);
#895 = ADVANCED_FACE('',(#896),#265,.F.);
#896 = FACE_BOUND('',#897,.F.);
#897 = EDGE_LOOP('',(#898,#899,#922,#950));
#898 = ORIENTED_EDGE('',*,*,#249,.F.);
#899 = ORIENTED_EDGE('',*,*,#900,.T.);
#900 = EDGE_CURVE('',#228,#901,#903,.T.);
#901 = VERTEX_POINT('',#902);
#902 = CARTESIAN_POINT('',(3.5192,14.,6.7993));
#903 = SURFACE_CURVE('',#904,(#908,#915),.PCURVE_S1.);
#904 = LINE('',#905,#906);
#905 = CARTESIAN_POINT('',(-18.4808,14.,6.7993));
#906 = VECTOR('',#907,1.);
#907 = DIRECTION('',(1.,0.,-0.));
#908 = PCURVE('',#265,#909);
#909 = DEFINITIONAL_REPRESENTATION('',(#910),#914);
#910 = LINE('',#911,#912);
#911 = CARTESIAN_POINT('',(0.,8.));
#912 = VECTOR('',#913,1.);
#913 = DIRECTION('',(1.,0.));
#914 = ( GEOMETRIC_REPRESENTATION_CONTEXT(2) 
PARAMETRIC_REPRESENTATION_CONTEXT() REPRESENTATION_CONTEXT('2D SPACE',''
  ) );
#915 = PCURVE('',#824,#916);
#916 = DEFINITIONAL_REPRESENTATION('',(#917),#921);
#917 = LINE('',#918,#919);
#918 = CARTESIAN_POINT('',(1.570796326795,0.));
#919 = VECTOR('',#920,1.);
#920 = DIRECTION('',(0.,1.));
#921 = ( GEOMETRIC_REPRESENTATION_CONTEXT(2) 
PARAMETRIC_REPRESENTATION_CONTEXT() REPRESENTATION_CONTEXT('2D SPACE',''
  ) );
#922 = ORIENTED_EDGE('',*,*,#923,.T.);
#923 = EDGE_CURVE('',#901,#924,#926,.T.);
#924 = VERTEX_POINT('',#925);
#925 = CARTESIAN_POINT('',(3.5192,34.,6.7993));
#926 = SURFACE_CURVE('',#927,(#931,#938),.PCURVE_S1.);
#927 = LINE('',#928,#929);
#928 = CARTESIAN_POINT('',(3.5192,6.,6.7993));
#929 = VECTOR('',#930,1.);
#930 = DIRECTION('',(-0.,1.,0.));
#931 = PCURVE('',#265,#932);
#932 = DEFINITIONAL_REPRESENTATION('',(#933),#937);
#933 = LINE('',#934,#935);
#934 = CARTESIAN_POINT('',(22.,0.));
#935 = VECTOR('',#936,1.);
#936 = DIRECTION('',(0.,1.));
#937 = ( GEOMETRIC_REPRESENTATION_CONTEXT(2) 
PARAMETRIC_REPRESENTATION_CONTEXT() REPRESENTATION_CONTEXT('2D SPACE',''
  ) );
#938 = PCURVE('',#939,#944);
#939 = CYLINDRICAL_SURFACE('',#940,8.);
#940 = AXIS2_PLACEMENT_3D('',#941,#942,#943);
#941 = CARTESIAN_POINT('',(3.5192,6.,14.7993));
#942 = DIRECTION('',(-0.,1.,0.));
#943 = DIRECTION('',(1.,0.,-0.));
#944 = DEFINITIONAL_REPRESENTATION('',(#945),#949);
#945 = LINE('',#946,#947);
#946 = CARTESIAN_POINT('',(1.570796326795,0.));
#947 = VECTOR('',#948,1.);
#948 = DIRECTION('',(0.,1.));
#949 = ( GEOMETRIC_REPRESENTATION_CONTEXT(2) 
PARAMETRIC_REPRESENTATION_CONTEXT() REPRESENTATION_CONTEXT('2D SPACE',''
  ) );
#950 = ORIENTED_EDGE('',*,*,#951,.F.);
#951 = EDGE_CURVE('',#250,#924,#952,.T.);
#952 = SURFACE_CURVE('',#953,(#957,#964),.PCURVE_S1.);
#953 = LINE('',#954,#955);
#954 = CARTESIAN_POINT('',(-18.4808,34.,6.7993));
#955 = VECTOR('',#956,1.);
#956 = DIRECTION('',(1.,0.,-0.));
#957 = PCURVE('',#265,#958);
#958 = DEFINITIONAL_REPRESENTATION('',(#959),#963);
#959 = LINE('',#960,#961);
#960 = CARTESIAN_POINT('',(0.,28.));
#961 = VECTOR('',#962,1.);
#962 = DIRECTION('',(1.,0.));
#963 = ( GEOMETRIC_REPRESENTATION_CONTEXT(2) 
PARAMETRIC_REPRESENTATION_CONTEXT() REPRESENTATION_CONTEXT('2D SPACE',''
  ) );
#964 = PCURVE('',#965,#970);
#965 = CYLINDRICAL_SURFACE('',#966,8.);
#966 = AXIS2_PLACEMENT_3D('',#967,#968,#969);
#967 = CARTESIAN_POINT('',(-18.4808,34.,14.7993));
#968 = DIRECTION('',(1.,0.,-0.));
#969 = DIRECTION('',(0.,1.,0.));
#970 = DEFINITIONAL_REPRESENTATION('',(#971),#975);
#971 = LINE('',#972,#973);
#972 = CARTESIAN_POINT('',(-1.570796326795,0.));
#973 = VECTOR('',#974,1.);
#974 = DIRECTION('',(-0.,1.));
#975 = ( GEOMETRIC_REPRESENTATION_CONTEXT(2) 
PARAMETRIC_REPRESENTATION_CONTEXT() REPRESENTATION_CONTEXT('2D SPACE',''
  ) );
#976 = ADVANCED_FACE('',(#977),#291,.T.);
#977 = FACE_BOUND('',#978,.F.);
#978 = EDGE_LOOP('',(#979,#980,#1000));
#979 = ORIENTED_EDGE('',*,*,#277,.F.);
#980 = ORIENTED_EDGE('',*,*,#981,.T.);
#981 = EDGE_CURVE('',#250,#389,#982,.T.);
#982 = SURFACE_CURVE('',#983,(#988,#994),.PCURVE_S1.);
#983 = CIRCLE('',#984,8.);
#984 = AXIS2_PLACEMENT_3D('',#985,#986,#987);
#985 = CARTESIAN_POINT('',(-10.4808,34.,14.7993));
#986 = DIRECTION('',(1.,6.123233995737E-17,-0.));
#987 = DIRECTION('',(-6.123233995737E-17,1.,0.));
#988 = PCURVE('',#291,#989);
#989 = DEFINITIONAL_REPRESENTATION('',(#990),#993);
#990 = B_SPLINE_CURVE_WITH_KNOTS('',1,(#991,#992),.UNSPECIFIED.,.F.,.F.,
  (2,2),(4.712388980385,6.28318530718),.PIECEWISE_BEZIER_KNOTS.);
#991 = CARTESIAN_POINT('',(-1.570796326795,-1.570796326795));
#992 = CARTESIAN_POINT('',(-1.570796326795,0.));
#993 = ( GEOMETRIC_REPRESENTATION_CONTEXT(2) 
PARAMETRIC_REPRESENTATION_CONTEXT() REPRESENTATION_CONTEXT('2D SPACE',''
  ) );
#994 = PCURVE('',#965,#995);
#995 = DEFINITIONAL_REPRESENTATION('',(#996),#999);
#996 = B_SPLINE_CURVE_WITH_KNOTS('',1,(#997,#998),.UNSPECIFIED.,.F.,.F.,
  (2,2),(4.712388980385,6.28318530718),.PIECEWISE_BEZIER_KNOTS.);
#997 = CARTESIAN_POINT('',(-1.570796326795,8.));
#998 = CARTESIAN_POINT('',(0.,8.));
#999 = ( GEOMETRIC_REPRESENTATION_CONTEXT(2) 
PARAMETRIC_REPRESENTATION_CONTEXT() REPRESENTATION_CONTEXT('2D SPACE',''
  ) );
#1000 = ORIENTED_EDGE('',*,*,#388,.F.);
#1001 = ADVANCED_FACE('',(#1002),#344,.T.);
#1002 = FACE_BOUND('',#1003,.T.);
#1003 = EDGE_LOOP('',(#1004,#1005,#1028,#1056));
#1004 = ORIENTED_EDGE('',*,*,#328,.F.);
#1005 = ORIENTED_EDGE('',*,*,#1006,.T.);
#1006 = EDGE_CURVE('',#307,#1007,#1009,.T.);
#1007 = VERTEX_POINT('',#1008);
#1008 = CARTESIAN_POINT('',(3.5192,14.,30.7993));
#1009 = SURFACE_CURVE('',#1010,(#1014,#1021),.PCURVE_S1.);
#1010 = LINE('',#1011,#1012);
#1011 = CARTESIAN_POINT('',(-18.4808,14.,30.7993));
#1012 = VECTOR('',#1013,1.);
#1013 = DIRECTION('',(1.,0.,-0.));
#1014 = PCURVE('',#344,#1015);
#1015 = DEFINITIONAL_REPRESENTATION('',(#1016),#1020);
#1016 = LINE('',#1017,#1018);
#1017 = CARTESIAN_POINT('',(0.,8.));
#1018 = VECTOR('',#1019,1.);
#1019 = DIRECTION('',(1.,0.));
#1020 = ( GEOMETRIC_REPRESENTATION_CONTEXT(2) 
PARAMETRIC_REPRESENTATION_CONTEXT() REPRESENTATION_CONTEXT('2D SPACE',''
  ) );
#1021 = PCURVE('',#480,#1022);
#1022 = DEFINITIONAL_REPRESENTATION('',(#1023),#1027);
#1023 = LINE('',#1024,#1025);
#1024 = CARTESIAN_POINT('',(-1.570796326795,0.));
#1025 = VECTOR('',#1026,1.);
#1026 = DIRECTION('',(-0.,1.));
#1027 = ( GEOMETRIC_REPRESENTATION_CONTEXT(2) 
PARAMETRIC_REPRESENTATION_CONTEXT() REPRESENTATION_CONTEXT('2D SPACE',''
  ) );
#1028 = ORIENTED_EDGE('',*,*,#1029,.T.);
#1029 = EDGE_CURVE('',#1007,#1030,#1032,.T.);
#1030 = VERTEX_POINT('',#1031);
#1031 = CARTESIAN_POINT('',(3.5192,34.,30.7993));
#1032 = SURFACE_CURVE('',#1033,(#1037,#1044),.PCURVE_S1.);
#1033 = LINE('',#1034,#1035);
#1034 = CARTESIAN_POINT('',(3.5192,6.,30.7993));
#1035 = VECTOR('',#1036,1.);
#1036 = DIRECTION('',(-0.,1.,0.));
#1037 = PCURVE('',#344,#1038);
#1038 = DEFINITIONAL_REPRESENTATION('',(#1039),#1043);
#1039 = LINE('',#1040,#1041);
#1040 = CARTESIAN_POINT('',(22.,0.));
#1041 = VECTOR('',#1042,1.);
#1042 = DIRECTION('',(0.,1.));
#1043 = ( GEOMETRIC_REPRESENTATION_CONTEXT(2) 
PARAMETRIC_REPRESENTATION_CONTEXT() REPRESENTATION_CONTEXT('2D SPACE',''
  ) );
#1044 = PCURVE('',#1045,#1050);
#1045 = CYLINDRICAL_SURFACE('',#1046,8.);
#1046 = AXIS2_PLACEMENT_3D('',#1047,#1048,#1049);
#1047 = CARTESIAN_POINT('',(3.5192,6.,22.7993));
#1048 = DIRECTION('',(-0.,1.,0.));
#1049 = DIRECTION('',(1.,0.,-0.));
#1050 = DEFINITIONAL_REPRESENTATION('',(#1051),#1055);
#1051 = LINE('',#1052,#1053);
#1052 = CARTESIAN_POINT('',(-1.570796326795,0.));
#1053 = VECTOR('',#1054,1.);
#1054 = DIRECTION('',(-0.,1.));
#1055 = ( GEOMETRIC_REPRESENTATION_CONTEXT(2) 
PARAMETRIC_REPRESENTATION_CONTEXT() REPRESENTATION_CONTEXT('2D SPACE',''
  ) );
#1056 = ORIENTED_EDGE('',*,*,#1057,.F.);
#1057 = EDGE_CURVE('',#329,#1030,#1058,.T.);
#1058 = SURFACE_CURVE('',#1059,(#1063,#1070),.PCURVE_S1.);
#1059 = LINE('',#1060,#1061);
#1060 = CARTESIAN_POINT('',(-18.4808,34.,30.7993));
#1061 = VECTOR('',#1062,1.);
#1062 = DIRECTION('',(1.,0.,-0.));
#1063 = PCURVE('',#344,#1064);
#1064 = DEFINITIONAL_REPRESENTATION('',(#1065),#1069);
#1065 = LINE('',#1066,#1067);
#1066 = CARTESIAN_POINT('',(0.,28.));
#1067 = VECTOR('',#1068,1.);
#1068 = DIRECTION('',(1.,0.));
#1069 = ( GEOMETRIC_REPRESENTATION_CONTEXT(2) 
PARAMETRIC_REPRESENTATION_CONTEXT() REPRESENTATION_CONTEXT('2D SPACE',''
  ) );
#1070 = PCURVE('',#1071,#1076);
#1071 = CYLINDRICAL_SURFACE('',#1072,8.);
#1072 = AXIS2_PLACEMENT_3D('',#1073,#1074,#1075);
#1073 = CARTESIAN_POINT('',(-18.4808,34.,22.7993));
#1074 = DIRECTION('',(1.,0.,-0.));
#1075 = DIRECTION('',(0.,1.,0.));
#1076 = DEFINITIONAL_REPRESENTATION('',(#1077),#1081);
#1077 = LINE('',#1078,#1079);
#1078 = CARTESIAN_POINT('',(1.570796326795,0.));
#1079 = VECTOR('',#1080,1.);
#1080 = DIRECTION('',(0.,1.));
#1081 = ( GEOMETRIC_REPRESENTATION_CONTEXT(2) 
PARAMETRIC_REPRESENTATION_CONTEXT() REPRESENTATION_CONTEXT('2D SPACE',''
  ) );
#1082 = ADVANCED_FACE('',(#1083),#371,.T.);
#1083 = FACE_BOUND('',#1084,.F.);
#1084 = EDGE_LOOP('',(#1085,#1086,#1106));
#1085 = ORIENTED_EDGE('',*,*,#440,.F.);
#1086 = ORIENTED_EDGE('',*,*,#1087,.T.);
#1087 = EDGE_CURVE('',#413,#329,#1088,.T.);
#1088 = SURFACE_CURVE('',#1089,(#1094,#1100),.PCURVE_S1.);
#1089 = CIRCLE('',#1090,8.);
#1090 = AXIS2_PLACEMENT_3D('',#1091,#1092,#1093);
#1091 = CARTESIAN_POINT('',(-10.4808,34.,22.7993));
#1092 = DIRECTION('',(1.,0.,6.123233995737E-17));
#1093 = DIRECTION('',(-6.123233995737E-17,-0.,1.));
#1094 = PCURVE('',#371,#1095);
#1095 = DEFINITIONAL_REPRESENTATION('',(#1096),#1099);
#1096 = B_SPLINE_CURVE_WITH_KNOTS('',1,(#1097,#1098),.UNSPECIFIED.,.F.,
  .F.,(2,2),(4.712388980385,6.28318530718),.PIECEWISE_BEZIER_KNOTS.);
#1097 = CARTESIAN_POINT('',(-1.570796326795,-1.570796326795));
#1098 = CARTESIAN_POINT('',(-1.570796326795,0.));
#1099 = ( GEOMETRIC_REPRESENTATION_CONTEXT(2) 
PARAMETRIC_REPRESENTATION_CONTEXT() REPRESENTATION_CONTEXT('2D SPACE',''
  ) );
#1100 = PCURVE('',#1071,#1101);
#1101 = DEFINITIONAL_REPRESENTATION('',(#1102),#1105);
#1102 = B_SPLINE_CURVE_WITH_KNOTS('',1,(#1103,#1104),.UNSPECIFIED.,.F.,
  .F.,(2,2),(4.712388980385,6.28318530718),.PIECEWISE_BEZIER_KNOTS.);
#1103 = CARTESIAN_POINT('',(0.,8.));
#1104 = CARTESIAN_POINT('',(1.570796326795,8.));
#1105 = ( GEOMETRIC_REPRESENTATION_CONTEXT(2) 
PARAMETRIC_REPRESENTATION_CONTEXT() REPRESENTATION_CONTEXT('2D SPACE',''
  ) );
#1106 = ORIENTED_EDGE('',*,*,#356,.F.);
#1107 = ADVANCED_FACE('',(#1108),#428,.T.);
#1108 = FACE_BOUND('',#1109,.T.);
#1109 = EDGE_LOOP('',(#1110,#1111,#1134,#1162));
#1110 = ORIENTED_EDGE('',*,*,#412,.T.);
#1111 = ORIENTED_EDGE('',*,*,#1112,.T.);
#1112 = EDGE_CURVE('',#413,#1113,#1115,.T.);
#1113 = VERTEX_POINT('',#1114);
#1114 = CARTESIAN_POINT('',(3.5192,42.,22.7993));
#1115 = SURFACE_CURVE('',#1116,(#1120,#1127),.PCURVE_S1.);
#1116 = LINE('',#1117,#1118);
#1117 = CARTESIAN_POINT('',(-18.4808,42.,22.7993));
#1118 = VECTOR('',#1119,1.);
#1119 = DIRECTION('',(1.,0.,-0.));
#1120 = PCURVE('',#428,#1121);
#1121 = DEFINITIONAL_REPRESENTATION('',(#1122),#1126);
#1122 = LINE('',#1123,#1124);
#1123 = CARTESIAN_POINT('',(16.,0.));
#1124 = VECTOR('',#1125,1.);
#1125 = DIRECTION('',(0.,1.));
#1126 = ( GEOMETRIC_REPRESENTATION_CONTEXT(2) 
PARAMETRIC_REPRESENTATION_CONTEXT() REPRESENTATION_CONTEXT('2D SPACE',''
  ) );
#1127 = PCURVE('',#1071,#1128);
#1128 = DEFINITIONAL_REPRESENTATION('',(#1129),#1133);
#1129 = LINE('',#1130,#1131);
#1130 = CARTESIAN_POINT('',(0.,0.));
#1131 = VECTOR('',#1132,1.);
#1132 = DIRECTION('',(0.,1.));
#1133 = ( GEOMETRIC_REPRESENTATION_CONTEXT(2) 
PARAMETRIC_REPRESENTATION_CONTEXT() REPRESENTATION_CONTEXT('2D SPACE',''
  ) );
#1134 = ORIENTED_EDGE('',*,*,#1135,.F.);
#1135 = EDGE_CURVE('',#1136,#1113,#1138,.T.);
#1136 = VERTEX_POINT('',#1137);
#1137 = CARTESIAN_POINT('',(3.5192,42.,14.7993));
#1138 = SURFACE_CURVE('',#1139,(#1143,#1150),.PCURVE_S1.);
#1139 = LINE('',#1140,#1141);
#1140 = CARTESIAN_POINT('',(3.5192,42.,6.7993));
#1141 = VECTOR('',#1142,1.);
#1142 = DIRECTION('',(0.,0.,1.));
#1143 = PCURVE('',#428,#1144);
#1144 = DEFINITIONAL_REPRESENTATION('',(#1145),#1149);
#1145 = LINE('',#1146,#1147);
#1146 = CARTESIAN_POINT('',(0.,22.));
#1147 = VECTOR('',#1148,1.);
#1148 = DIRECTION('',(1.,0.));
#1149 = ( GEOMETRIC_REPRESENTATION_CONTEXT(2) 
PARAMETRIC_REPRESENTATION_CONTEXT() REPRESENTATION_CONTEXT('2D SPACE',''
  ) );
#1150 = PCURVE('',#1151,#1156);
#1151 = CYLINDRICAL_SURFACE('',#1152,8.);
#1152 = AXIS2_PLACEMENT_3D('',#1153,#1154,#1155);
#1153 = CARTESIAN_POINT('',(3.5192,34.,6.7993));
#1154 = DIRECTION('',(0.,0.,1.));
#1155 = DIRECTION('',(1.,0.,-0.));
#1156 = DEFINITIONAL_REPRESENTATION('',(#1157),#1161);
#1157 = LINE('',#1158,#1159);
#1158 = CARTESIAN_POINT('',(1.570796326795,0.));
#1159 = VECTOR('',#1160,1.);
#1160 = DIRECTION('',(0.,1.));
#1161 = ( GEOMETRIC_REPRESENTATION_CONTEXT(2) 
PARAMETRIC_REPRESENTATION_CONTEXT() REPRESENTATION_CONTEXT('2D SPACE',''
  ) );
#1162 = ORIENTED_EDGE('',*,*,#1163,.F.);
#1163 = EDGE_CURVE('',#389,#1136,#1164,.T.);
#1164 = SURFACE_CURVE('',#1165,(#1169,#1176),.PCURVE_S1.);
#1165 = LINE('',#1166,#1167);
#1166 = CARTESIAN_POINT('',(-18.4808,42.,14.7993));
#1167 = VECTOR('',#1168,1.);
#1168 = DIRECTION('',(1.,0.,-0.));
#1169 = PCURVE('',#428,#1170);
#1170 = DEFINITIONAL_REPRESENTATION('',(#1171),#1175);
#1171 = LINE('',#1172,#1173);
#1172 = CARTESIAN_POINT('',(8.,0.));
#1173 = VECTOR('',#1174,1.);
#1174 = DIRECTION('',(0.,1.));
#1175 = ( GEOMETRIC_REPRESENTATION_CONTEXT(2) 
PARAMETRIC_REPRESENTATION_CONTEXT() REPRESENTATION_CONTEXT('2D SPACE',''
  ) );
#1176 = PCURVE('',#965,#1177);
#1177 = DEFINITIONAL_REPRESENTATION('',(#1178),#1182);
#1178 = LINE('',#1179,#1180);
#1179 = CARTESIAN_POINT('',(-0.,0.));
#1180 = VECTOR('',#1181,1.);
#1181 = DIRECTION('',(-0.,1.));
#1182 = ( GEOMETRIC_REPRESENTATION_CONTEXT(2) 
PARAMETRIC_REPRESENTATION_CONTEXT() REPRESENTATION_CONTEXT('2D SPACE',''
  ) );
#1183 = ADVANCED_FACE('',(#1184),#528,.F.);
#1184 = FACE_BOUND('',#1185,.T.);
#1185 = EDGE_LOOP('',(#1186,#1187,#1214,#1232));
#1186 = ORIENTED_EDGE('',*,*,#782,.F.);
#1187 = ORIENTED_EDGE('',*,*,#1188,.T.);
#1188 = EDGE_CURVE('',#755,#1189,#1191,.T.);
#1189 = VERTEX_POINT('',#1190);
#1190 = CARTESIAN_POINT('',(-10.3808,10.123885835989,29.797566855983));
#1191 = SURFACE_CURVE('',#1192,(#1197,#1203),.PCURVE_S1.);
#1192 = CIRCLE('',#1193,4.);
#1193 = AXIS2_PLACEMENT_3D('',#1194,#1195,#1196);
#1194 = CARTESIAN_POINT('',(-10.3808,7.,27.2993));
#1195 = DIRECTION('',(1.,0.,-1.608122649677E-16));
#1196 = DIRECTION('',(1.608122649677E-16,0.,1.));
#1197 = PCURVE('',#528,#1198);
#1198 = DEFINITIONAL_REPRESENTATION('',(#1199),#1202);
#1199 = B_SPLINE_CURVE_WITH_KNOTS('',1,(#1200,#1201),.UNSPECIFIED.,.F.,
  .F.,(2,2),(4.712388980385,6.28318530718),.PIECEWISE_BEZIER_KNOTS.);
#1200 = CARTESIAN_POINT('',(-1.570796326795,-1.570796326795));
#1201 = CARTESIAN_POINT('',(-1.570796326795,0.));
#1202 = ( GEOMETRIC_REPRESENTATION_CONTEXT(2) 
PARAMETRIC_REPRESENTATION_CONTEXT() REPRESENTATION_CONTEXT('2D SPACE',''
  ) );
#1203 = PCURVE('',#1204,#1209);
#1204 = CYLINDRICAL_SURFACE('',#1205,4.);
#1205 = AXIS2_PLACEMENT_3D('',#1206,#1207,#1208);
#1206 = CARTESIAN_POINT('',(-14.3808,7.,27.2993));
#1207 = DIRECTION('',(1.,0.,-0.));
#1208 = DIRECTION('',(0.,1.,0.));
#1209 = DEFINITIONAL_REPRESENTATION('',(#1210),#1213);
#1210 = B_SPLINE_CURVE_WITH_KNOTS('',1,(#1211,#1212),.UNSPECIFIED.,.F.,
  .F.,(2,2),(4.712388980385,6.28318530718),.PIECEWISE_BEZIER_KNOTS.);
#1211 = CARTESIAN_POINT('',(0.,4.));
#1212 = CARTESIAN_POINT('',(1.570796326795,4.));
#1213 = ( GEOMETRIC_REPRESENTATION_CONTEXT(2) 
PARAMETRIC_REPRESENTATION_CONTEXT() REPRESENTATION_CONTEXT('2D SPACE',''
  ) );
#1214 = ORIENTED_EDGE('',*,*,#1215,.F.);
#1215 = EDGE_CURVE('',#465,#1189,#1216,.T.);
#1216 = SURFACE_CURVE('',#1217,(#1220,#1226),.PCURVE_S1.);
#1217 = B_SPLINE_CURVE_WITH_KNOTS('',1,(#1218,#1219),.UNSPECIFIED.,.F.,
  .F.,(2,2),(0.,1.),.PIECEWISE_BEZIER_KNOTS.);
#1218 = CARTESIAN_POINT('',(-10.4808006,10.122776469052,29.796952298526)
  );
#1219 = CARTESIAN_POINT('',(-10.3808,10.123885835989,29.797566855983));
#1220 = PCURVE('',#528,#1221);
#1221 = DEFINITIONAL_REPRESENTATION('',(#1222),#1225);
#1222 = B_SPLINE_CURVE_WITH_KNOTS('',1,(#1223,#1224),.UNSPECIFIED.,.F.,
  .F.,(2,2),(0.,1.),.PIECEWISE_BEZIER_KNOTS.);
#1223 = CARTESIAN_POINT('',(-1.530779861417,-0.895775789493));
#1224 = CARTESIAN_POINT('',(-1.570796326795,-0.896219720913));
#1225 = ( GEOMETRIC_REPRESENTATION_CONTEXT(2) 
PARAMETRIC_REPRESENTATION_CONTEXT() REPRESENTATION_CONTEXT('2D SPACE',''
  ) );
#1226 = PCURVE('',#480,#1227);
#1227 = DEFINITIONAL_REPRESENTATION('',(#1228),#1231);
#1228 = B_SPLINE_CURVE_WITH_KNOTS('',1,(#1229,#1230),.UNSPECIFIED.,.F.,
  .F.,(2,2),(0.,1.),.PIECEWISE_BEZIER_KNOTS.);
#1229 = CARTESIAN_POINT('',(-1.064829974257,7.9999994));
#1230 = CARTESIAN_POINT('',(-1.064988501456,8.1));
#1231 = ( GEOMETRIC_REPRESENTATION_CONTEXT(2) 
PARAMETRIC_REPRESENTATION_CONTEXT() REPRESENTATION_CONTEXT('2D SPACE',''
  ) );
#1232 = ORIENTED_EDGE('',*,*,#491,.T.);
#1233 = ADVANCED_FACE('',(#1234),#480,.T.);
#1234 = FACE_BOUND('',#1235,.F.);
#1235 = EDGE_LOOP('',(#1236,#1237,#1238,#1265,#1290,#1309));
#1236 = ORIENTED_EDGE('',*,*,#464,.F.);
#1237 = ORIENTED_EDGE('',*,*,#1006,.T.);
#1238 = ORIENTED_EDGE('',*,*,#1239,.T.);
#1239 = EDGE_CURVE('',#1007,#1240,#1242,.T.);
#1240 = VERTEX_POINT('',#1241);
#1241 = CARTESIAN_POINT('',(3.5192,10.122776482366,29.796952305903));
#1242 = SURFACE_CURVE('',#1243,(#1248,#1254),.PCURVE_S1.);
#1243 = CIRCLE('',#1244,8.);
#1244 = AXIS2_PLACEMENT_3D('',#1245,#1246,#1247);
#1245 = CARTESIAN_POINT('',(3.5192,14.,22.7993));
#1246 = DIRECTION('',(1.,6.123233995737E-17,0.));
#1247 = DIRECTION('',(6.123233995737E-17,-1.,0.));
#1248 = PCURVE('',#480,#1249);
#1249 = DEFINITIONAL_REPRESENTATION('',(#1250),#1253);
#1250 = B_SPLINE_CURVE_WITH_KNOTS('',1,(#1251,#1252),.UNSPECIFIED.,.F.,
  .F.,(2,2),(4.712388980385,6.28318530718),.PIECEWISE_BEZIER_KNOTS.);
#1251 = CARTESIAN_POINT('',(-1.570796326795,22.));
#1252 = CARTESIAN_POINT('',(0.,22.));
#1253 = ( GEOMETRIC_REPRESENTATION_CONTEXT(2) 
PARAMETRIC_REPRESENTATION_CONTEXT() REPRESENTATION_CONTEXT('2D SPACE',''
  ) );
#1254 = PCURVE('',#1255,#1260);
#1255 = SPHERICAL_SURFACE('',#1256,8.);
#1256 = AXIS2_PLACEMENT_3D('',#1257,#1258,#1259);
#1257 = CARTESIAN_POINT('',(3.5192,14.,22.7993));
#1258 = DIRECTION('',(-0.,-0.,-1.));
#1259 = DIRECTION('',(1.,0.,0.));
#1260 = DEFINITIONAL_REPRESENTATION('',(#1261),#1264);
#1261 = B_SPLINE_CURVE_WITH_KNOTS('',1,(#1262,#1263),.UNSPECIFIED.,.F.,
  .F.,(2,2),(4.712388980385,6.28318530718),.PIECEWISE_BEZIER_KNOTS.);
#1262 = CARTESIAN_POINT('',(1.570796326795,-1.570796326795));
#1263 = CARTESIAN_POINT('',(1.570796326795,0.));
#1264 = ( GEOMETRIC_REPRESENTATION_CONTEXT(2) 
PARAMETRIC_REPRESENTATION_CONTEXT() REPRESENTATION_CONTEXT('2D SPACE',''
  ) );
#1265 = ORIENTED_EDGE('',*,*,#1266,.F.);
#1266 = EDGE_CURVE('',#1267,#1240,#1269,.T.);
#1267 = VERTEX_POINT('',#1268);
#1268 = CARTESIAN_POINT('',(3.4192,10.123885835989,29.797566855983));
#1269 = SURFACE_CURVE('',#1270,(#1273,#1279),.PCURVE_S1.);
#1270 = B_SPLINE_CURVE_WITH_KNOTS('',1,(#1271,#1272),.UNSPECIFIED.,.F.,
  .F.,(2,2),(0.,1.),.PIECEWISE_BEZIER_KNOTS.);
#1271 = CARTESIAN_POINT('',(3.4192,10.123885835989,29.797566855983));
#1272 = CARTESIAN_POINT('',(3.5192006,10.122776469052,29.796952298526));
#1273 = PCURVE('',#480,#1274);
#1274 = DEFINITIONAL_REPRESENTATION('',(#1275),#1278);
#1275 = B_SPLINE_CURVE_WITH_KNOTS('',1,(#1276,#1277),.UNSPECIFIED.,.F.,
  .F.,(2,2),(0.,1.),.PIECEWISE_BEZIER_KNOTS.);
#1276 = CARTESIAN_POINT('',(-1.064988501456,21.9));
#1277 = CARTESIAN_POINT('',(-1.064829974257,22.0000006));
#1278 = ( GEOMETRIC_REPRESENTATION_CONTEXT(2) 
PARAMETRIC_REPRESENTATION_CONTEXT() REPRESENTATION_CONTEXT('2D SPACE',''
  ) );
#1279 = PCURVE('',#1280,#1285);
#1280 = SPHERICAL_SURFACE('',#1281,4.);
#1281 = AXIS2_PLACEMENT_3D('',#1282,#1283,#1284);
#1282 = CARTESIAN_POINT('',(3.4192,7.,27.2993));
#1283 = DIRECTION('',(0.,-1.,-0.));
#1284 = DIRECTION('',(1.,0.,0.));
#1285 = DEFINITIONAL_REPRESENTATION('',(#1286),#1289);
#1286 = B_SPLINE_CURVE_WITH_KNOTS('',1,(#1287,#1288),.UNSPECIFIED.,.F.,
  .F.,(2,2),(0.,1.),.PIECEWISE_BEZIER_KNOTS.);
#1287 = CARTESIAN_POINT('',(1.570796326795,-0.896219720913));
#1288 = CARTESIAN_POINT('',(1.530779861417,-0.895775789493));
#1289 = ( GEOMETRIC_REPRESENTATION_CONTEXT(2) 
PARAMETRIC_REPRESENTATION_CONTEXT() REPRESENTATION_CONTEXT('2D SPACE',''
  ) );
#1290 = ORIENTED_EDGE('',*,*,#1291,.F.);
#1291 = EDGE_CURVE('',#1189,#1267,#1292,.T.);
#1292 = SURFACE_CURVE('',#1293,(#1297,#1303),.PCURVE_S1.);
#1293 = LINE('',#1294,#1295);
#1294 = CARTESIAN_POINT('',(-18.4808,10.123885835989,29.797566855983));
#1295 = VECTOR('',#1296,1.);
#1296 = DIRECTION('',(1.,0.,-0.));
#1297 = PCURVE('',#480,#1298);
#1298 = DEFINITIONAL_REPRESENTATION('',(#1299),#1302);
#1299 = B_SPLINE_CURVE_WITH_KNOTS('',1,(#1300,#1301),.UNSPECIFIED.,.F.,
  .F.,(2,2),(8.0999994,21.9000006),.PIECEWISE_BEZIER_KNOTS.);
#1300 = CARTESIAN_POINT('',(-1.064988501456,8.0999994));
#1301 = CARTESIAN_POINT('',(-1.064988501456,21.9000006));
#1302 = ( GEOMETRIC_REPRESENTATION_CONTEXT(2) 
PARAMETRIC_REPRESENTATION_CONTEXT() REPRESENTATION_CONTEXT('2D SPACE',''
  ) );
#1303 = PCURVE('',#1204,#1304);
#1304 = DEFINITIONAL_REPRESENTATION('',(#1305),#1308);
#1305 = B_SPLINE_CURVE_WITH_KNOTS('',1,(#1306,#1307),.UNSPECIFIED.,.F.,
  .F.,(2,2),(8.0999994,21.9000006),.PIECEWISE_BEZIER_KNOTS.);
#1306 = CARTESIAN_POINT('',(0.674576605882,3.9999994));
#1307 = CARTESIAN_POINT('',(0.674576605882,17.8000006));
#1308 = ( GEOMETRIC_REPRESENTATION_CONTEXT(2) 
PARAMETRIC_REPRESENTATION_CONTEXT() REPRESENTATION_CONTEXT('2D SPACE',''
  ) );
#1309 = ORIENTED_EDGE('',*,*,#1215,.F.);
#1310 = ADVANCED_FACE('',(#1311,#1391),#770,.F.);
#1311 = FACE_BOUND('',#1312,.F.);
#1312 = EDGE_LOOP('',(#1313,#1314,#1337,#1365));
#1313 = ORIENTED_EDGE('',*,*,#754,.T.);
#1314 = ORIENTED_EDGE('',*,*,#1315,.T.);
#1315 = EDGE_CURVE('',#755,#1316,#1318,.T.);
#1316 = VERTEX_POINT('',#1317);
#1317 = CARTESIAN_POINT('',(3.4192,11.,27.2993));
#1318 = SURFACE_CURVE('',#1319,(#1323,#1330),.PCURVE_S1.);
#1319 = LINE('',#1320,#1321);
#1320 = CARTESIAN_POINT('',(-14.3808,11.,27.2993));
#1321 = VECTOR('',#1322,1.);
#1322 = DIRECTION('',(1.,0.,-0.));
#1323 = PCURVE('',#770,#1324);
#1324 = DEFINITIONAL_REPRESENTATION('',(#1325),#1329);
#1325 = LINE('',#1326,#1327);
#1326 = CARTESIAN_POINT('',(21.,0.));
#1327 = VECTOR('',#1328,1.);
#1328 = DIRECTION('',(0.,1.));
#1329 = ( GEOMETRIC_REPRESENTATION_CONTEXT(2) 
PARAMETRIC_REPRESENTATION_CONTEXT() REPRESENTATION_CONTEXT('2D SPACE',''
  ) );
#1330 = PCURVE('',#1204,#1331);
#1331 = DEFINITIONAL_REPRESENTATION('',(#1332),#1336);
#1332 = LINE('',#1333,#1334);
#1333 = CARTESIAN_POINT('',(0.,0.));
#1334 = VECTOR('',#1335,1.);
#1335 = DIRECTION('',(0.,1.));
#1336 = ( GEOMETRIC_REPRESENTATION_CONTEXT(2) 
PARAMETRIC_REPRESENTATION_CONTEXT() REPRESENTATION_CONTEXT('2D SPACE',''
  ) );
#1337 = ORIENTED_EDGE('',*,*,#1338,.F.);
#1338 = EDGE_CURVE('',#1339,#1316,#1341,.T.);
#1339 = VERTEX_POINT('',#1340);
#1340 = CARTESIAN_POINT('',(3.4192,11.,10.2993));
#1341 = SURFACE_CURVE('',#1342,(#1346,#1353),.PCURVE_S1.);
#1342 = LINE('',#1343,#1344);
#1343 = CARTESIAN_POINT('',(3.4192,11.,6.2993));
#1344 = VECTOR('',#1345,1.);
#1345 = DIRECTION('',(0.,0.,1.));
#1346 = PCURVE('',#770,#1347);
#1347 = DEFINITIONAL_REPRESENTATION('',(#1348),#1352);
#1348 = LINE('',#1349,#1350);
#1349 = CARTESIAN_POINT('',(0.,17.8));
#1350 = VECTOR('',#1351,1.);
#1351 = DIRECTION('',(1.,0.));
#1352 = ( GEOMETRIC_REPRESENTATION_CONTEXT(2) 
PARAMETRIC_REPRESENTATION_CONTEXT() REPRESENTATION_CONTEXT('2D SPACE',''
  ) );
#1353 = PCURVE('',#1354,#1359);
#1354 = CYLINDRICAL_SURFACE('',#1355,4.);
#1355 = AXIS2_PLACEMENT_3D('',#1356,#1357,#1358);
#1356 = CARTESIAN_POINT('',(3.4192,7.,6.2993));
#1357 = DIRECTION('',(0.,0.,1.));
#1358 = DIRECTION('',(1.,0.,-0.));
#1359 = DEFINITIONAL_REPRESENTATION('',(#1360),#1364);
#1360 = LINE('',#1361,#1362);
#1361 = CARTESIAN_POINT('',(1.570796326795,0.));
#1362 = VECTOR('',#1363,1.);
#1363 = DIRECTION('',(0.,1.));
#1364 = ( GEOMETRIC_REPRESENTATION_CONTEXT(2) 
PARAMETRIC_REPRESENTATION_CONTEXT() REPRESENTATION_CONTEXT('2D SPACE',''
  ) );
#1365 = ORIENTED_EDGE('',*,*,#1366,.F.);
#1366 = EDGE_CURVE('',#726,#1339,#1367,.T.);
#1367 = SURFACE_CURVE('',#1368,(#1372,#1379),.PCURVE_S1.);
#1368 = LINE('',#1369,#1370);
#1369 = CARTESIAN_POINT('',(-14.3808,11.,10.2993));
#1370 = VECTOR('',#1371,1.);
#1371 = DIRECTION('',(1.,0.,-0.));
#1372 = PCURVE('',#770,#1373);
#1373 = DEFINITIONAL_REPRESENTATION('',(#1374),#1378);
#1374 = LINE('',#1375,#1376);
#1375 = CARTESIAN_POINT('',(4.,0.));
#1376 = VECTOR('',#1377,1.);
#1377 = DIRECTION('',(0.,1.));
#1378 = ( GEOMETRIC_REPRESENTATION_CONTEXT(2) 
PARAMETRIC_REPRESENTATION_CONTEXT() REPRESENTATION_CONTEXT('2D SPACE',''
  ) );
#1379 = PCURVE('',#1380,#1385);
#1380 = CYLINDRICAL_SURFACE('',#1381,4.);
#1381 = AXIS2_PLACEMENT_3D('',#1382,#1383,#1384);
#1382 = CARTESIAN_POINT('',(-14.3808,7.,10.2993));
#1383 = DIRECTION('',(1.,0.,-0.));
#1384 = DIRECTION('',(0.,1.,0.));
#1385 = DEFINITIONAL_REPRESENTATION('',(#1386),#1390);
#1386 = LINE('',#1387,#1388);
#1387 = CARTESIAN_POINT('',(-0.,0.));
#1388 = VECTOR('',#1389,1.);
#1389 = DIRECTION('',(-0.,1.));
#1390 = ( GEOMETRIC_REPRESENTATION_CONTEXT(2) 
PARAMETRIC_REPRESENTATION_CONTEXT() REPRESENTATION_CONTEXT('2D SPACE',''
  ) );
#1391 = FACE_BOUND('',#1392,.F.);
#1392 = EDGE_LOOP('',(#1393));
#1393 = ORIENTED_EDGE('',*,*,#1394,.T.);
#1394 = EDGE_CURVE('',#1395,#1395,#1397,.T.);
#1395 = VERTEX_POINT('',#1396);
#1396 = CARTESIAN_POINT('',(-1.7808,11.,18.7993));
#1397 = SURFACE_CURVE('',#1398,(#1403,#1414),.PCURVE_S1.);
#1398 = CIRCLE('',#1399,1.7);
#1399 = AXIS2_PLACEMENT_3D('',#1400,#1401,#1402);
#1400 = CARTESIAN_POINT('',(-3.4808,11.,18.7993));
#1401 = DIRECTION('',(0.,-1.,0.));
#1402 = DIRECTION('',(1.,0.,0.));
#1403 = PCURVE('',#770,#1404);
#1404 = DEFINITIONAL_REPRESENTATION('',(#1405),#1413);
#1405 = ( BOUNDED_CURVE() B_SPLINE_CURVE(2,(#1406,#1407,#1408,#1409,
#1410,#1411,#1412),.UNSPECIFIED.,.T.,.F.) B_SPLINE_CURVE_WITH_KNOTS((1,2
    ,2,2,2,1),(-2.094395102393,0.,2.094395102393,4.188790204786,
6.28318530718,8.377580409573),.UNSPECIFIED.) CURVE() 
GEOMETRIC_REPRESENTATION_ITEM() RATIONAL_B_SPLINE_CURVE((1.,0.5,1.,0.5,
1.,0.5,1.)) REPRESENTATION_ITEM('') );
#1406 = CARTESIAN_POINT('',(12.5,12.6));
#1407 = CARTESIAN_POINT('',(15.444486372867,12.6));
#1408 = CARTESIAN_POINT('',(13.972243186434,10.05));
#1409 = CARTESIAN_POINT('',(12.5,7.5));
#1410 = CARTESIAN_POINT('',(11.027756813566,10.05));
#1411 = CARTESIAN_POINT('',(9.555513627133,12.6));
#1412 = CARTESIAN_POINT('',(12.5,12.6));
#1413 = ( GEOMETRIC_REPRESENTATION_CONTEXT(2) 
PARAMETRIC_REPRESENTATION_CONTEXT() REPRESENTATION_CONTEXT('2D SPACE',''
  ) );
#1414 = PCURVE('',#1415,#1420);
#1415 = CYLINDRICAL_SURFACE('',#1416,1.7);
#1416 = AXIS2_PLACEMENT_3D('',#1417,#1418,#1419);
#1417 = CARTESIAN_POINT('',(-3.4808,21.,18.7993));
#1418 = DIRECTION('',(0.,-1.,0.));
#1419 = DIRECTION('',(1.,0.,0.));
#1420 = DEFINITIONAL_REPRESENTATION('',(#1421),#1425);
#1421 = LINE('',#1422,#1423);
#1422 = CARTESIAN_POINT('',(0.,10.));
#1423 = VECTOR('',#1424,1.);
#1424 = DIRECTION('',(1.,0.));
#1425 = ( GEOMETRIC_REPRESENTATION_CONTEXT(2) 
PARAMETRIC_REPRESENTATION_CONTEXT() REPRESENTATION_CONTEXT('2D SPACE',''
  ) );
#1426 = ADVANCED_FACE('',(#1427),#742,.F.);
#1427 = FACE_BOUND('',#1428,.T.);
#1428 = EDGE_LOOP('',(#1429,#1457,#1477,#1478));
#1429 = ORIENTED_EDGE('',*,*,#1430,.T.);
#1430 = EDGE_CURVE('',#809,#1431,#1433,.T.);
#1431 = VERTEX_POINT('',#1432);
#1432 = CARTESIAN_POINT('',(-10.3808,10.123885835989,7.801033144017));
#1433 = SURFACE_CURVE('',#1434,(#1437,#1447),.PCURVE_S1.);
#1434 = B_SPLINE_CURVE_WITH_KNOTS('',1,(#1435,#1436),.UNSPECIFIED.,.F.,
  .F.,(2,2),(0.,1.),.PIECEWISE_BEZIER_KNOTS.);
#1435 = CARTESIAN_POINT('',(-10.48080059999,10.122776469052,
    7.801647701474));
#1436 = CARTESIAN_POINT('',(-10.3808,10.123885835989,7.801033144017));
#1437 = PCURVE('',#742,#1438);
#1438 = DEFINITIONAL_REPRESENTATION('',(#1439),#1446);
#1439 = B_SPLINE_CURVE_WITH_KNOTS('',5,(#1440,#1441,#1442,#1443,#1444,
    #1445),.UNSPECIFIED.,.F.,.F.,(6,6),(0.,1.),
  .PIECEWISE_BEZIER_KNOTS.);
#1440 = CARTESIAN_POINT('',(-1.538784288971,-0.674379892827));
#1441 = CARTESIAN_POINT('',(-1.545184596336,-0.674469203983));
#1442 = CARTESIAN_POINT('',(-1.551587046314,-0.674533555154));
#1443 = CARTESIAN_POINT('',(-1.557990547915,-0.674572907851));
#1444 = CARTESIAN_POINT('',(-1.56439400576,-0.674587251973));
#1445 = CARTESIAN_POINT('',(-1.570796326795,-0.674576605882));
#1446 = ( GEOMETRIC_REPRESENTATION_CONTEXT(2) 
PARAMETRIC_REPRESENTATION_CONTEXT() REPRESENTATION_CONTEXT('2D SPACE',''
  ) );
#1447 = PCURVE('',#824,#1448);
#1448 = DEFINITIONAL_REPRESENTATION('',(#1449),#1456);
#1449 = B_SPLINE_CURVE_WITH_KNOTS('',5,(#1450,#1451,#1452,#1453,#1454,
    #1455),.UNSPECIFIED.,.F.,.F.,(6,6),(0.,1.),
  .PIECEWISE_BEZIER_KNOTS.);
#1450 = CARTESIAN_POINT('',(1.064829974257,7.999999400001));
#1451 = CARTESIAN_POINT('',(1.064861679696,8.01999952));
#1452 = CARTESIAN_POINT('',(1.064893385136,8.03999964));
#1453 = CARTESIAN_POINT('',(1.064925090576,8.05999976));
#1454 = CARTESIAN_POINT('',(1.064956796016,8.07999988));
#1455 = CARTESIAN_POINT('',(1.064988501456,8.1));
#1456 = ( GEOMETRIC_REPRESENTATION_CONTEXT(2) 
PARAMETRIC_REPRESENTATION_CONTEXT() REPRESENTATION_CONTEXT('2D SPACE',''
  ) );
#1457 = ORIENTED_EDGE('',*,*,#1458,.T.);
#1458 = EDGE_CURVE('',#1431,#726,#1459,.T.);
#1459 = SURFACE_CURVE('',#1460,(#1465,#1471),.PCURVE_S1.);
#1460 = CIRCLE('',#1461,4.);
#1461 = AXIS2_PLACEMENT_3D('',#1462,#1463,#1464);
#1462 = CARTESIAN_POINT('',(-10.3808,7.,10.2993));
#1463 = DIRECTION('',(1.,-1.608122649677E-16,0.));
#1464 = DIRECTION('',(1.608122649677E-16,1.,0.));
#1465 = PCURVE('',#742,#1466);
#1466 = DEFINITIONAL_REPRESENTATION('',(#1467),#1470);
#1467 = B_SPLINE_CURVE_WITH_KNOTS('',1,(#1468,#1469),.UNSPECIFIED.,.F.,
  .F.,(2,2),(4.712388980385,6.28318530718),.PIECEWISE_BEZIER_KNOTS.);
#1468 = CARTESIAN_POINT('',(-1.570796326795,-1.570796326795));
#1469 = CARTESIAN_POINT('',(-1.570796326795,0.));
#1470 = ( GEOMETRIC_REPRESENTATION_CONTEXT(2) 
PARAMETRIC_REPRESENTATION_CONTEXT() REPRESENTATION_CONTEXT('2D SPACE',''
  ) );
#1471 = PCURVE('',#1380,#1472);
#1472 = DEFINITIONAL_REPRESENTATION('',(#1473),#1476);
#1473 = B_SPLINE_CURVE_WITH_KNOTS('',1,(#1474,#1475),.UNSPECIFIED.,.F.,
  .F.,(2,2),(4.712388980385,6.28318530718),.PIECEWISE_BEZIER_KNOTS.);
#1474 = CARTESIAN_POINT('',(-1.570796326795,4.));
#1475 = CARTESIAN_POINT('',(0.,4.));
#1476 = ( GEOMETRIC_REPRESENTATION_CONTEXT(2) 
PARAMETRIC_REPRESENTATION_CONTEXT() REPRESENTATION_CONTEXT('2D SPACE',''
  ) );
#1477 = ORIENTED_EDGE('',*,*,#725,.F.);
#1478 = ORIENTED_EDGE('',*,*,#835,.T.);
#1479 = ADVANCED_FACE('',(#1480),#824,.T.);
#1480 = FACE_BOUND('',#1481,.T.);
#1481 = EDGE_LOOP('',(#1482,#1483,#1484,#1511,#1544,#1563));
#1482 = ORIENTED_EDGE('',*,*,#808,.F.);
#1483 = ORIENTED_EDGE('',*,*,#900,.T.);
#1484 = ORIENTED_EDGE('',*,*,#1485,.T.);
#1485 = EDGE_CURVE('',#901,#1486,#1488,.T.);
#1486 = VERTEX_POINT('',#1487);
#1487 = CARTESIAN_POINT('',(3.5192,10.122776482366,7.801647694097));
#1488 = SURFACE_CURVE('',#1489,(#1494,#1500),.PCURVE_S1.);
#1489 = CIRCLE('',#1490,8.);
#1490 = AXIS2_PLACEMENT_3D('',#1491,#1492,#1493);
#1491 = CARTESIAN_POINT('',(3.5192,14.,14.7993));
#1492 = DIRECTION('',(-1.,-6.123233995737E-17,0.));
#1493 = DIRECTION('',(6.123233995737E-17,-1.,-0.));
#1494 = PCURVE('',#824,#1495);
#1495 = DEFINITIONAL_REPRESENTATION('',(#1496),#1499);
#1496 = B_SPLINE_CURVE_WITH_KNOTS('',1,(#1497,#1498),.UNSPECIFIED.,.F.,
  .F.,(2,2),(4.712388980385,6.28318530718),.PIECEWISE_BEZIER_KNOTS.);
#1497 = CARTESIAN_POINT('',(1.570796326795,22.));
#1498 = CARTESIAN_POINT('',(0.,22.));
#1499 = ( GEOMETRIC_REPRESENTATION_CONTEXT(2) 
PARAMETRIC_REPRESENTATION_CONTEXT() REPRESENTATION_CONTEXT('2D SPACE',''
  ) );
#1500 = PCURVE('',#1501,#1506);
#1501 = SPHERICAL_SURFACE('',#1502,8.);
#1502 = AXIS2_PLACEMENT_3D('',#1503,#1504,#1505);
#1503 = CARTESIAN_POINT('',(3.5192,14.,14.7993));
#1504 = DIRECTION('',(0.,0.,1.));
#1505 = DIRECTION('',(1.,0.,-0.));
#1506 = DEFINITIONAL_REPRESENTATION('',(#1507),#1510);
#1507 = B_SPLINE_CURVE_WITH_KNOTS('',1,(#1508,#1509),.UNSPECIFIED.,.F.,
  .F.,(2,2),(4.712388980385,6.28318530718),.PIECEWISE_BEZIER_KNOTS.);
#1508 = CARTESIAN_POINT('',(-1.570796326795,-1.570796326795));
#1509 = CARTESIAN_POINT('',(-1.570796326795,0.));
#1510 = ( GEOMETRIC_REPRESENTATION_CONTEXT(2) 
PARAMETRIC_REPRESENTATION_CONTEXT() REPRESENTATION_CONTEXT('2D SPACE',''
  ) );
#1511 = ORIENTED_EDGE('',*,*,#1512,.F.);
#1512 = EDGE_CURVE('',#1513,#1486,#1515,.T.);
#1513 = VERTEX_POINT('',#1514);
#1514 = CARTESIAN_POINT('',(3.4192,10.123885835989,7.801033144017));
#1515 = SURFACE_CURVE('',#1516,(#1519,#1529),.PCURVE_S1.);
#1516 = B_SPLINE_CURVE_WITH_KNOTS('',1,(#1517,#1518),.UNSPECIFIED.,.F.,
  .F.,(2,2),(0.,1.),.PIECEWISE_BEZIER_KNOTS.);
#1517 = CARTESIAN_POINT('',(3.4192,10.123885835989,7.801033144017));
#1518 = CARTESIAN_POINT('',(3.5192006,10.122776469052,7.801647701474));
#1519 = PCURVE('',#824,#1520);
#1520 = DEFINITIONAL_REPRESENTATION('',(#1521),#1528);
#1521 = B_SPLINE_CURVE_WITH_KNOTS('',5,(#1522,#1523,#1524,#1525,#1526,
    #1527),.UNSPECIFIED.,.F.,.F.,(6,6),(0.,1.),
  .PIECEWISE_BEZIER_KNOTS.);
#1522 = CARTESIAN_POINT('',(1.064988501456,21.9));
#1523 = CARTESIAN_POINT('',(1.064956796016,21.92000012));
#1524 = CARTESIAN_POINT('',(1.064925090576,21.94000024));
#1525 = CARTESIAN_POINT('',(1.064893385136,21.96000036));
#1526 = CARTESIAN_POINT('',(1.064861679696,21.98000048));
#1527 = CARTESIAN_POINT('',(1.064829974257,22.0000006));
#1528 = ( GEOMETRIC_REPRESENTATION_CONTEXT(2) 
PARAMETRIC_REPRESENTATION_CONTEXT() REPRESENTATION_CONTEXT('2D SPACE',''
  ) );
#1529 = PCURVE('',#1530,#1535);
#1530 = SPHERICAL_SURFACE('',#1531,4.);
#1531 = AXIS2_PLACEMENT_3D('',#1532,#1533,#1534);
#1532 = CARTESIAN_POINT('',(3.4192,7.,10.2993));
#1533 = DIRECTION('',(0.,0.,1.));
#1534 = DIRECTION('',(1.,2.22044604925E-16,-0.));
#1535 = DEFINITIONAL_REPRESENTATION('',(#1536),#1543);
#1536 = B_SPLINE_CURVE_WITH_KNOTS('',5,(#1537,#1538,#1539,#1540,#1541,
    #1542),.UNSPECIFIED.,.F.,.F.,(6,6),(0.,1.),
  .PIECEWISE_BEZIER_KNOTS.);
#1537 = CARTESIAN_POINT('',(1.570796326795,-0.674576605882));
#1538 = CARTESIAN_POINT('',(1.564394005759,-0.674587251973));
#1539 = CARTESIAN_POINT('',(1.557990547915,-0.674572907851));
#1540 = CARTESIAN_POINT('',(1.551587046313,-0.674533555154));
#1541 = CARTESIAN_POINT('',(1.545184596336,-0.674469203983));
#1542 = CARTESIAN_POINT('',(1.538784288971,-0.674379892827));
#1543 = ( GEOMETRIC_REPRESENTATION_CONTEXT(2) 
PARAMETRIC_REPRESENTATION_CONTEXT() REPRESENTATION_CONTEXT('2D SPACE',''
  ) );
#1544 = ORIENTED_EDGE('',*,*,#1545,.F.);
#1545 = EDGE_CURVE('',#1431,#1513,#1546,.T.);
#1546 = SURFACE_CURVE('',#1547,(#1551,#1557),.PCURVE_S1.);
#1547 = LINE('',#1548,#1549);
#1548 = CARTESIAN_POINT('',(-18.4808,10.123885835989,7.801033144017));
#1549 = VECTOR('',#1550,1.);
#1550 = DIRECTION('',(1.,0.,-0.));
#1551 = PCURVE('',#824,#1552);
#1552 = DEFINITIONAL_REPRESENTATION('',(#1553),#1556);
#1553 = B_SPLINE_CURVE_WITH_KNOTS('',1,(#1554,#1555),.UNSPECIFIED.,.F.,
  .F.,(2,2),(8.0999994,21.9000006),.PIECEWISE_BEZIER_KNOTS.);
#1554 = CARTESIAN_POINT('',(1.064988501456,8.0999994));
#1555 = CARTESIAN_POINT('',(1.064988501456,21.9000006));
#1556 = ( GEOMETRIC_REPRESENTATION_CONTEXT(2) 
PARAMETRIC_REPRESENTATION_CONTEXT() REPRESENTATION_CONTEXT('2D SPACE',''
  ) );
#1557 = PCURVE('',#1380,#1558);
#1558 = DEFINITIONAL_REPRESENTATION('',(#1559),#1562);
#1559 = B_SPLINE_CURVE_WITH_KNOTS('',1,(#1560,#1561),.UNSPECIFIED.,.F.,
  .F.,(2,2),(8.0999994,21.9000006),.PIECEWISE_BEZIER_KNOTS.);
#1560 = CARTESIAN_POINT('',(-0.674576605882,3.9999994));
#1561 = CARTESIAN_POINT('',(-0.674576605882,17.8000006));
#1562 = ( GEOMETRIC_REPRESENTATION_CONTEXT(2) 
PARAMETRIC_REPRESENTATION_CONTEXT() REPRESENTATION_CONTEXT('2D SPACE',''
  ) );
#1563 = ORIENTED_EDGE('',*,*,#1430,.F.);
#1564 = ADVANCED_FACE('',(#1565),#965,.T.);
#1565 = FACE_BOUND('',#1566,.F.);
#1566 = EDGE_LOOP('',(#1567,#1568,#1569,#1594));
#1567 = ORIENTED_EDGE('',*,*,#981,.F.);
#1568 = ORIENTED_EDGE('',*,*,#951,.T.);
#1569 = ORIENTED_EDGE('',*,*,#1570,.T.);
#1570 = EDGE_CURVE('',#924,#1136,#1571,.T.);
#1571 = SURFACE_CURVE('',#1572,(#1577,#1583),.PCURVE_S1.);
#1572 = CIRCLE('',#1573,8.);
#1573 = AXIS2_PLACEMENT_3D('',#1574,#1575,#1576);
#1574 = CARTESIAN_POINT('',(3.5192,34.,14.7993));
#1575 = DIRECTION('',(1.,-6.123233995737E-17,0.));
#1576 = DIRECTION('',(6.123233995737E-17,1.,0.));
#1577 = PCURVE('',#965,#1578);
#1578 = DEFINITIONAL_REPRESENTATION('',(#1579),#1582);
#1579 = B_SPLINE_CURVE_WITH_KNOTS('',1,(#1580,#1581),.UNSPECIFIED.,.F.,
  .F.,(2,2),(4.712388980385,6.28318530718),.PIECEWISE_BEZIER_KNOTS.);
#1580 = CARTESIAN_POINT('',(-1.570796326795,22.));
#1581 = CARTESIAN_POINT('',(0.,22.));
#1582 = ( GEOMETRIC_REPRESENTATION_CONTEXT(2) 
PARAMETRIC_REPRESENTATION_CONTEXT() REPRESENTATION_CONTEXT('2D SPACE',''
  ) );
#1583 = PCURVE('',#1584,#1589);
#1584 = SPHERICAL_SURFACE('',#1585,8.);
#1585 = AXIS2_PLACEMENT_3D('',#1586,#1587,#1588);
#1586 = CARTESIAN_POINT('',(3.5192,34.,14.7993));
#1587 = DIRECTION('',(0.,0.,1.));
#1588 = DIRECTION('',(1.,2.22044604925E-16,-0.));
#1589 = DEFINITIONAL_REPRESENTATION('',(#1590),#1593);
#1590 = B_SPLINE_CURVE_WITH_KNOTS('',1,(#1591,#1592),.UNSPECIFIED.,.F.,
  .F.,(2,2),(4.712388980385,6.28318530718),.PIECEWISE_BEZIER_KNOTS.);
#1591 = CARTESIAN_POINT('',(1.570796326795,-1.570796326795));
#1592 = CARTESIAN_POINT('',(1.570796326795,0.));
#1593 = ( GEOMETRIC_REPRESENTATION_CONTEXT(2) 
PARAMETRIC_REPRESENTATION_CONTEXT() REPRESENTATION_CONTEXT('2D SPACE',''
  ) );
#1594 = ORIENTED_EDGE('',*,*,#1163,.F.);
#1595 = ADVANCED_FACE('',(#1596),#939,.T.);
#1596 = FACE_BOUND('',#1597,.T.);
#1597 = EDGE_LOOP('',(#1598,#1620,#1621,#1643));
#1598 = ORIENTED_EDGE('',*,*,#1599,.F.);
#1599 = EDGE_CURVE('',#901,#1600,#1602,.T.);
#1600 = VERTEX_POINT('',#1601);
#1601 = CARTESIAN_POINT('',(11.5192,14.,14.7993));
#1602 = SURFACE_CURVE('',#1603,(#1608,#1614),.PCURVE_S1.);
#1603 = CIRCLE('',#1604,8.);
#1604 = AXIS2_PLACEMENT_3D('',#1605,#1606,#1607);
#1605 = CARTESIAN_POINT('',(3.5192,14.,14.7993));
#1606 = DIRECTION('',(0.,-1.,0.));
#1607 = DIRECTION('',(1.,0.,0.));
#1608 = PCURVE('',#939,#1609);
#1609 = DEFINITIONAL_REPRESENTATION('',(#1610),#1613);
#1610 = B_SPLINE_CURVE_WITH_KNOTS('',1,(#1611,#1612),.UNSPECIFIED.,.F.,
  .F.,(2,2),(4.712388980385,6.28318530718),.PIECEWISE_BEZIER_KNOTS.);
#1611 = CARTESIAN_POINT('',(1.570796326795,8.));
#1612 = CARTESIAN_POINT('',(0.,8.));
#1613 = ( GEOMETRIC_REPRESENTATION_CONTEXT(2) 
PARAMETRIC_REPRESENTATION_CONTEXT() REPRESENTATION_CONTEXT('2D SPACE',''
  ) );
#1614 = PCURVE('',#1501,#1615);
#1615 = DEFINITIONAL_REPRESENTATION('',(#1616),#1619);
#1616 = B_SPLINE_CURVE_WITH_KNOTS('',1,(#1617,#1618),.UNSPECIFIED.,.F.,
  .F.,(2,2),(4.712388980385,6.28318530718),.PIECEWISE_BEZIER_KNOTS.);
#1617 = CARTESIAN_POINT('',(0.,-1.570796326795));
#1618 = CARTESIAN_POINT('',(0.,0.));
#1619 = ( GEOMETRIC_REPRESENTATION_CONTEXT(2) 
PARAMETRIC_REPRESENTATION_CONTEXT() REPRESENTATION_CONTEXT('2D SPACE',''
  ) );
#1620 = ORIENTED_EDGE('',*,*,#923,.T.);
#1621 = ORIENTED_EDGE('',*,*,#1622,.T.);
#1622 = EDGE_CURVE('',#924,#1623,#1625,.T.);
#1623 = VERTEX_POINT('',#1624);
#1624 = CARTESIAN_POINT('',(11.5192,34.,14.7993));
#1625 = SURFACE_CURVE('',#1626,(#1631,#1637),.PCURVE_S1.);
#1626 = CIRCLE('',#1627,8.);
#1627 = AXIS2_PLACEMENT_3D('',#1628,#1629,#1630);
#1628 = CARTESIAN_POINT('',(3.5192,34.,14.7993));
#1629 = DIRECTION('',(2.22044604925E-16,-1.,0.));
#1630 = DIRECTION('',(1.,2.22044604925E-16,0.));
#1631 = PCURVE('',#939,#1632);
#1632 = DEFINITIONAL_REPRESENTATION('',(#1633),#1636);
#1633 = B_SPLINE_CURVE_WITH_KNOTS('',1,(#1634,#1635),.UNSPECIFIED.,.F.,
  .F.,(2,2),(4.712388980385,6.28318530718),.PIECEWISE_BEZIER_KNOTS.);
#1634 = CARTESIAN_POINT('',(1.570796326795,28.));
#1635 = CARTESIAN_POINT('',(0.,28.));
#1636 = ( GEOMETRIC_REPRESENTATION_CONTEXT(2) 
PARAMETRIC_REPRESENTATION_CONTEXT() REPRESENTATION_CONTEXT('2D SPACE',''
  ) );
#1637 = PCURVE('',#1584,#1638);
#1638 = DEFINITIONAL_REPRESENTATION('',(#1639),#1642);
#1639 = B_SPLINE_CURVE_WITH_KNOTS('',1,(#1640,#1641),.UNSPECIFIED.,.F.,
  .F.,(2,2),(4.712388980385,6.28318530718),.PIECEWISE_BEZIER_KNOTS.);
#1640 = CARTESIAN_POINT('',(0.,-1.570796326795));
#1641 = CARTESIAN_POINT('',(0.,0.));
#1642 = ( GEOMETRIC_REPRESENTATION_CONTEXT(2) 
PARAMETRIC_REPRESENTATION_CONTEXT() REPRESENTATION_CONTEXT('2D SPACE',''
  ) );
#1643 = ORIENTED_EDGE('',*,*,#1644,.F.);
#1644 = EDGE_CURVE('',#1600,#1623,#1645,.T.);
#1645 = SURFACE_CURVE('',#1646,(#1650,#1657),.PCURVE_S1.);
#1646 = LINE('',#1647,#1648);
#1647 = CARTESIAN_POINT('',(11.5192,6.,14.7993));
#1648 = VECTOR('',#1649,1.);
#1649 = DIRECTION('',(-0.,1.,0.));
#1650 = PCURVE('',#939,#1651);
#1651 = DEFINITIONAL_REPRESENTATION('',(#1652),#1656);
#1652 = LINE('',#1653,#1654);
#1653 = CARTESIAN_POINT('',(0.,0.));
#1654 = VECTOR('',#1655,1.);
#1655 = DIRECTION('',(0.,1.));
#1656 = ( GEOMETRIC_REPRESENTATION_CONTEXT(2) 
PARAMETRIC_REPRESENTATION_CONTEXT() REPRESENTATION_CONTEXT('2D SPACE',''
  ) );
#1657 = PCURVE('',#1658,#1663);
#1658 = PLANE('',#1659);
#1659 = AXIS2_PLACEMENT_3D('',#1660,#1661,#1662);
#1660 = CARTESIAN_POINT('',(11.5192,6.,6.7993));
#1661 = DIRECTION('',(1.,0.,-0.));
#1662 = DIRECTION('',(0.,0.,1.));
#1663 = DEFINITIONAL_REPRESENTATION('',(#1664),#1668);
#1664 = LINE('',#1665,#1666);
#1665 = CARTESIAN_POINT('',(8.,0.));
#1666 = VECTOR('',#1667,1.);
#1667 = DIRECTION('',(0.,-1.));
#1668 = ( GEOMETRIC_REPRESENTATION_CONTEXT(2) 
PARAMETRIC_REPRESENTATION_CONTEXT() REPRESENTATION_CONTEXT('2D SPACE',''
  ) );
#1669 = ADVANCED_FACE('',(#1670),#1071,.T.);
#1670 = FACE_BOUND('',#1671,.T.);
#1671 = EDGE_LOOP('',(#1672,#1673,#1674,#1699));
#1672 = ORIENTED_EDGE('',*,*,#1087,.T.);
#1673 = ORIENTED_EDGE('',*,*,#1057,.T.);
#1674 = ORIENTED_EDGE('',*,*,#1675,.F.);
#1675 = EDGE_CURVE('',#1113,#1030,#1676,.T.);
#1676 = SURFACE_CURVE('',#1677,(#1682,#1688),.PCURVE_S1.);
#1677 = CIRCLE('',#1678,8.);
#1678 = AXIS2_PLACEMENT_3D('',#1679,#1680,#1681);
#1679 = CARTESIAN_POINT('',(3.5192,34.,22.7993));
#1680 = DIRECTION('',(1.,0.,-6.123233995737E-17));
#1681 = DIRECTION('',(6.123233995737E-17,0.,1.));
#1682 = PCURVE('',#1071,#1683);
#1683 = DEFINITIONAL_REPRESENTATION('',(#1684),#1687);
#1684 = B_SPLINE_CURVE_WITH_KNOTS('',1,(#1685,#1686),.UNSPECIFIED.,.F.,
  .F.,(2,2),(4.712388980385,6.28318530718),.PIECEWISE_BEZIER_KNOTS.);
#1685 = CARTESIAN_POINT('',(0.,22.));
#1686 = CARTESIAN_POINT('',(1.570796326795,22.));
#1687 = ( GEOMETRIC_REPRESENTATION_CONTEXT(2) 
PARAMETRIC_REPRESENTATION_CONTEXT() REPRESENTATION_CONTEXT('2D SPACE',''
  ) );
#1688 = PCURVE('',#1689,#1694);
#1689 = SPHERICAL_SURFACE('',#1690,8.);
#1690 = AXIS2_PLACEMENT_3D('',#1691,#1692,#1693);
#1691 = CARTESIAN_POINT('',(3.5192,34.,22.7993));
#1692 = DIRECTION('',(0.,-1.,-0.));
#1693 = DIRECTION('',(1.,0.,2.22044604925E-16));
#1694 = DEFINITIONAL_REPRESENTATION('',(#1695),#1698);
#1695 = B_SPLINE_CURVE_WITH_KNOTS('',1,(#1696,#1697),.UNSPECIFIED.,.F.,
  .F.,(2,2),(4.712388980385,6.28318530718),.PIECEWISE_BEZIER_KNOTS.);
#1696 = CARTESIAN_POINT('',(1.570796326795,-1.570796326795));
#1697 = CARTESIAN_POINT('',(1.570796326795,0.));
#1698 = ( GEOMETRIC_REPRESENTATION_CONTEXT(2) 
PARAMETRIC_REPRESENTATION_CONTEXT() REPRESENTATION_CONTEXT('2D SPACE',''
  ) );
#1699 = ORIENTED_EDGE('',*,*,#1112,.F.);
#1700 = ADVANCED_FACE('',(#1701),#1045,.T.);
#1701 = FACE_BOUND('',#1702,.F.);
#1702 = EDGE_LOOP('',(#1703,#1725,#1726,#1750));
#1703 = ORIENTED_EDGE('',*,*,#1704,.F.);
#1704 = EDGE_CURVE('',#1007,#1705,#1707,.T.);
#1705 = VERTEX_POINT('',#1706);
#1706 = CARTESIAN_POINT('',(11.5192,14.,22.7993));
#1707 = SURFACE_CURVE('',#1708,(#1713,#1719),.PCURVE_S1.);
#1708 = CIRCLE('',#1709,8.);
#1709 = AXIS2_PLACEMENT_3D('',#1710,#1711,#1712);
#1710 = CARTESIAN_POINT('',(3.5192,14.,22.7993));
#1711 = DIRECTION('',(-0.,1.,0.));
#1712 = DIRECTION('',(1.,0.,0.));
#1713 = PCURVE('',#1045,#1714);
#1714 = DEFINITIONAL_REPRESENTATION('',(#1715),#1718);
#1715 = B_SPLINE_CURVE_WITH_KNOTS('',1,(#1716,#1717),.UNSPECIFIED.,.F.,
  .F.,(2,2),(4.712388980385,6.28318530718),.PIECEWISE_BEZIER_KNOTS.);
#1716 = CARTESIAN_POINT('',(-1.570796326795,8.));
#1717 = CARTESIAN_POINT('',(0.,8.));
#1718 = ( GEOMETRIC_REPRESENTATION_CONTEXT(2) 
PARAMETRIC_REPRESENTATION_CONTEXT() REPRESENTATION_CONTEXT('2D SPACE',''
  ) );
#1719 = PCURVE('',#1255,#1720);
#1720 = DEFINITIONAL_REPRESENTATION('',(#1721),#1724);
#1721 = B_SPLINE_CURVE_WITH_KNOTS('',1,(#1722,#1723),.UNSPECIFIED.,.F.,
  .F.,(2,2),(4.712388980385,6.28318530718),.PIECEWISE_BEZIER_KNOTS.);
#1722 = CARTESIAN_POINT('',(0.,-1.570796326795));
#1723 = CARTESIAN_POINT('',(0.,0.));
#1724 = ( GEOMETRIC_REPRESENTATION_CONTEXT(2) 
PARAMETRIC_REPRESENTATION_CONTEXT() REPRESENTATION_CONTEXT('2D SPACE',''
  ) );
#1725 = ORIENTED_EDGE('',*,*,#1029,.T.);
#1726 = ORIENTED_EDGE('',*,*,#1727,.F.);
#1727 = EDGE_CURVE('',#1728,#1030,#1730,.T.);
#1728 = VERTEX_POINT('',#1729);
#1729 = CARTESIAN_POINT('',(11.5192,34.,22.7993));
#1730 = SURFACE_CURVE('',#1731,(#1736,#1743),.PCURVE_S1.);
#1731 = CIRCLE('',#1732,8.);
#1732 = AXIS2_PLACEMENT_3D('',#1733,#1734,#1735);
#1733 = CARTESIAN_POINT('',(3.5192,34.,22.7993));
#1734 = DIRECTION('',(0.,-1.,0.));
#1735 = DIRECTION('',(1.,0.,2.22044604925E-16));
#1736 = PCURVE('',#1045,#1737);
#1737 = DEFINITIONAL_REPRESENTATION('',(#1738),#1742);
#1738 = LINE('',#1739,#1740);
#1739 = CARTESIAN_POINT('',(-0.,28.));
#1740 = VECTOR('',#1741,1.);
#1741 = DIRECTION('',(-1.,0.));
#1742 = ( GEOMETRIC_REPRESENTATION_CONTEXT(2) 
PARAMETRIC_REPRESENTATION_CONTEXT() REPRESENTATION_CONTEXT('2D SPACE',''
  ) );
#1743 = PCURVE('',#1689,#1744);
#1744 = DEFINITIONAL_REPRESENTATION('',(#1745),#1749);
#1745 = LINE('',#1746,#1747);
#1746 = CARTESIAN_POINT('',(0.,0.));
#1747 = VECTOR('',#1748,1.);
#1748 = DIRECTION('',(1.,0.));
#1749 = ( GEOMETRIC_REPRESENTATION_CONTEXT(2) 
PARAMETRIC_REPRESENTATION_CONTEXT() REPRESENTATION_CONTEXT('2D SPACE',''
  ) );
#1750 = ORIENTED_EDGE('',*,*,#1751,.F.);
#1751 = EDGE_CURVE('',#1705,#1728,#1752,.T.);
#1752 = SURFACE_CURVE('',#1753,(#1757,#1764),.PCURVE_S1.);
#1753 = LINE('',#1754,#1755);
#1754 = CARTESIAN_POINT('',(11.5192,6.,22.7993));
#1755 = VECTOR('',#1756,1.);
#1756 = DIRECTION('',(-0.,1.,0.));
#1757 = PCURVE('',#1045,#1758);
#1758 = DEFINITIONAL_REPRESENTATION('',(#1759),#1763);
#1759 = LINE('',#1760,#1761);
#1760 = CARTESIAN_POINT('',(-0.,0.));
#1761 = VECTOR('',#1762,1.);
#1762 = DIRECTION('',(-0.,1.));
#1763 = ( GEOMETRIC_REPRESENTATION_CONTEXT(2) 
PARAMETRIC_REPRESENTATION_CONTEXT() REPRESENTATION_CONTEXT('2D SPACE',''
  ) );
#1764 = PCURVE('',#1658,#1765);
#1765 = DEFINITIONAL_REPRESENTATION('',(#1766),#1770);
#1766 = LINE('',#1767,#1768);
#1767 = CARTESIAN_POINT('',(16.,0.));
#1768 = VECTOR('',#1769,1.);
#1769 = DIRECTION('',(0.,-1.));
#1770 = ( GEOMETRIC_REPRESENTATION_CONTEXT(2) 
PARAMETRIC_REPRESENTATION_CONTEXT() REPRESENTATION_CONTEXT('2D SPACE',''
  ) );
#1771 = ADVANCED_FACE('',(#1772),#1151,.T.);
#1772 = FACE_BOUND('',#1773,.T.);
#1773 = EDGE_LOOP('',(#1774,#1795,#1817,#1818));
#1774 = ORIENTED_EDGE('',*,*,#1775,.F.);
#1775 = EDGE_CURVE('',#1623,#1728,#1776,.T.);
#1776 = SURFACE_CURVE('',#1777,(#1781,#1788),.PCURVE_S1.);
#1777 = LINE('',#1778,#1779);
#1778 = CARTESIAN_POINT('',(11.5192,34.,6.7993));
#1779 = VECTOR('',#1780,1.);
#1780 = DIRECTION('',(0.,0.,1.));
#1781 = PCURVE('',#1151,#1782);
#1782 = DEFINITIONAL_REPRESENTATION('',(#1783),#1787);
#1783 = LINE('',#1784,#1785);
#1784 = CARTESIAN_POINT('',(0.,0.));
#1785 = VECTOR('',#1786,1.);
#1786 = DIRECTION('',(0.,1.));
#1787 = ( GEOMETRIC_REPRESENTATION_CONTEXT(2) 
PARAMETRIC_REPRESENTATION_CONTEXT() REPRESENTATION_CONTEXT('2D SPACE',''
  ) );
#1788 = PCURVE('',#1658,#1789);
#1789 = DEFINITIONAL_REPRESENTATION('',(#1790),#1794);
#1790 = LINE('',#1791,#1792);
#1791 = CARTESIAN_POINT('',(0.,-28.));
#1792 = VECTOR('',#1793,1.);
#1793 = DIRECTION('',(1.,0.));
#1794 = ( GEOMETRIC_REPRESENTATION_CONTEXT(2) 
PARAMETRIC_REPRESENTATION_CONTEXT() REPRESENTATION_CONTEXT('2D SPACE',''
  ) );
#1795 = ORIENTED_EDGE('',*,*,#1796,.T.);
#1796 = EDGE_CURVE('',#1623,#1136,#1797,.T.);
#1797 = SURFACE_CURVE('',#1798,(#1803,#1810),.PCURVE_S1.);
#1798 = CIRCLE('',#1799,8.);
#1799 = AXIS2_PLACEMENT_3D('',#1800,#1801,#1802);
#1800 = CARTESIAN_POINT('',(3.5192,34.,14.7993));
#1801 = DIRECTION('',(0.,0.,1.));
#1802 = DIRECTION('',(1.,2.22044604925E-16,-0.));
#1803 = PCURVE('',#1151,#1804);
#1804 = DEFINITIONAL_REPRESENTATION('',(#1805),#1809);
#1805 = LINE('',#1806,#1807);
#1806 = CARTESIAN_POINT('',(0.,8.));
#1807 = VECTOR('',#1808,1.);
#1808 = DIRECTION('',(1.,0.));
#1809 = ( GEOMETRIC_REPRESENTATION_CONTEXT(2) 
PARAMETRIC_REPRESENTATION_CONTEXT() REPRESENTATION_CONTEXT('2D SPACE',''
  ) );
#1810 = PCURVE('',#1584,#1811);
#1811 = DEFINITIONAL_REPRESENTATION('',(#1812),#1816);
#1812 = LINE('',#1813,#1814);
#1813 = CARTESIAN_POINT('',(0.,0.));
#1814 = VECTOR('',#1815,1.);
#1815 = DIRECTION('',(1.,0.));
#1816 = ( GEOMETRIC_REPRESENTATION_CONTEXT(2) 
PARAMETRIC_REPRESENTATION_CONTEXT() REPRESENTATION_CONTEXT('2D SPACE',''
  ) );
#1817 = ORIENTED_EDGE('',*,*,#1135,.T.);
#1818 = ORIENTED_EDGE('',*,*,#1819,.T.);
#1819 = EDGE_CURVE('',#1113,#1728,#1820,.T.);
#1820 = SURFACE_CURVE('',#1821,(#1826,#1832),.PCURVE_S1.);
#1821 = CIRCLE('',#1822,8.);
#1822 = AXIS2_PLACEMENT_3D('',#1823,#1824,#1825);
#1823 = CARTESIAN_POINT('',(3.5192,34.,22.7993));
#1824 = DIRECTION('',(2.22044604925E-16,0.,-1.));
#1825 = DIRECTION('',(1.,0.,2.22044604925E-16));
#1826 = PCURVE('',#1151,#1827);
#1827 = DEFINITIONAL_REPRESENTATION('',(#1828),#1831);
#1828 = B_SPLINE_CURVE_WITH_KNOTS('',1,(#1829,#1830),.UNSPECIFIED.,.F.,
  .F.,(2,2),(4.712388980385,6.28318530718),.PIECEWISE_BEZIER_KNOTS.);
#1829 = CARTESIAN_POINT('',(1.570796326795,16.));
#1830 = CARTESIAN_POINT('',(0.,16.));
#1831 = ( GEOMETRIC_REPRESENTATION_CONTEXT(2) 
PARAMETRIC_REPRESENTATION_CONTEXT() REPRESENTATION_CONTEXT('2D SPACE',''
  ) );
#1832 = PCURVE('',#1689,#1833);
#1833 = DEFINITIONAL_REPRESENTATION('',(#1834),#1837);
#1834 = B_SPLINE_CURVE_WITH_KNOTS('',1,(#1835,#1836),.UNSPECIFIED.,.F.,
  .F.,(2,2),(4.712388980385,6.28318530718),.PIECEWISE_BEZIER_KNOTS.);
#1835 = CARTESIAN_POINT('',(0.,-1.570796326795));
#1836 = CARTESIAN_POINT('',(0.,0.));
#1837 = ( GEOMETRIC_REPRESENTATION_CONTEXT(2) 
PARAMETRIC_REPRESENTATION_CONTEXT() REPRESENTATION_CONTEXT('2D SPACE',''
  ) );
#1838 = ADVANCED_FACE('',(#1839),#1204,.F.);
#1839 = FACE_BOUND('',#1840,.F.);
#1840 = EDGE_LOOP('',(#1841,#1842,#1843,#1844));
#1841 = ORIENTED_EDGE('',*,*,#1315,.F.);
#1842 = ORIENTED_EDGE('',*,*,#1188,.T.);
#1843 = ORIENTED_EDGE('',*,*,#1291,.T.);
#1844 = ORIENTED_EDGE('',*,*,#1845,.F.);
#1845 = EDGE_CURVE('',#1316,#1267,#1846,.T.);
#1846 = SURFACE_CURVE('',#1847,(#1852,#1858),.PCURVE_S1.);
#1847 = CIRCLE('',#1848,4.);
#1848 = AXIS2_PLACEMENT_3D('',#1849,#1850,#1851);
#1849 = CARTESIAN_POINT('',(3.4192,7.,27.2993));
#1850 = DIRECTION('',(1.,0.,1.608122649677E-16));
#1851 = DIRECTION('',(-1.608122649677E-16,-0.,1.));
#1852 = PCURVE('',#1204,#1853);
#1853 = DEFINITIONAL_REPRESENTATION('',(#1854),#1857);
#1854 = B_SPLINE_CURVE_WITH_KNOTS('',1,(#1855,#1856),.UNSPECIFIED.,.F.,
  .F.,(2,2),(4.712388980385,6.28318530718),.PIECEWISE_BEZIER_KNOTS.);
#1855 = CARTESIAN_POINT('',(0.,17.8));
#1856 = CARTESIAN_POINT('',(1.570796326795,17.8));
#1857 = ( GEOMETRIC_REPRESENTATION_CONTEXT(2) 
PARAMETRIC_REPRESENTATION_CONTEXT() REPRESENTATION_CONTEXT('2D SPACE',''
  ) );
#1858 = PCURVE('',#1280,#1859);
#1859 = DEFINITIONAL_REPRESENTATION('',(#1860),#1863);
#1860 = B_SPLINE_CURVE_WITH_KNOTS('',1,(#1861,#1862),.UNSPECIFIED.,.F.,
  .F.,(2,2),(4.712388980385,6.28318530718),.PIECEWISE_BEZIER_KNOTS.);
#1861 = CARTESIAN_POINT('',(1.570796326795,-1.570796326795));
#1862 = CARTESIAN_POINT('',(1.570796326795,0.));
#1863 = ( GEOMETRIC_REPRESENTATION_CONTEXT(2) 
PARAMETRIC_REPRESENTATION_CONTEXT() REPRESENTATION_CONTEXT('2D SPACE',''
  ) );
#1864 = ADVANCED_FACE('',(#1865),#1280,.F.);
#1865 = FACE_BOUND('',#1866,.F.);
#1866 = EDGE_LOOP('',(#1867,#1889,#1890,#1891));
#1867 = ORIENTED_EDGE('',*,*,#1868,.F.);
#1868 = EDGE_CURVE('',#1316,#1869,#1871,.T.);
#1869 = VERTEX_POINT('',#1870);
#1870 = CARTESIAN_POINT('',(7.141107976712,8.465401314618,27.2993));
#1871 = SURFACE_CURVE('',#1872,(#1877,#1883),.PCURVE_S1.);
#1872 = CIRCLE('',#1873,4.);
#1873 = AXIS2_PLACEMENT_3D('',#1874,#1875,#1876);
#1874 = CARTESIAN_POINT('',(3.4192,7.,27.2993));
#1875 = DIRECTION('',(0.,0.,-1.));
#1876 = DIRECTION('',(1.,0.,0.));
#1877 = PCURVE('',#1280,#1878);
#1878 = DEFINITIONAL_REPRESENTATION('',(#1879),#1882);
#1879 = B_SPLINE_CURVE_WITH_KNOTS('',1,(#1880,#1881),.UNSPECIFIED.,.F.,
  .F.,(2,2),(4.712388980385,6.28318530718),.PIECEWISE_BEZIER_KNOTS.);
#1880 = CARTESIAN_POINT('',(0.,-1.570796326795));
#1881 = CARTESIAN_POINT('',(0.,0.));
#1882 = ( GEOMETRIC_REPRESENTATION_CONTEXT(2) 
PARAMETRIC_REPRESENTATION_CONTEXT() REPRESENTATION_CONTEXT('2D SPACE',''
  ) );
#1883 = PCURVE('',#1354,#1884);
#1884 = DEFINITIONAL_REPRESENTATION('',(#1885),#1888);
#1885 = B_SPLINE_CURVE_WITH_KNOTS('',1,(#1886,#1887),.UNSPECIFIED.,.F.,
  .F.,(2,2),(4.712388980385,6.28318530718),.PIECEWISE_BEZIER_KNOTS.);
#1886 = CARTESIAN_POINT('',(1.570796326795,21.));
#1887 = CARTESIAN_POINT('',(0.,21.));
#1888 = ( GEOMETRIC_REPRESENTATION_CONTEXT(2) 
PARAMETRIC_REPRESENTATION_CONTEXT() REPRESENTATION_CONTEXT('2D SPACE',''
  ) );
#1889 = ORIENTED_EDGE('',*,*,#1845,.T.);
#1890 = ORIENTED_EDGE('',*,*,#1266,.T.);
#1891 = ORIENTED_EDGE('',*,*,#1892,.F.);
#1892 = EDGE_CURVE('',#1869,#1240,#1893,.T.);
#1893 = SURFACE_CURVE('',#1894,(#1899,#1923),.PCURVE_S1.);
#1894 = CIRCLE('',#1895,3.790581935046);
#1895 = AXIS2_PLACEMENT_3D('',#1896,#1897,#1898);
#1896 = CARTESIAN_POINT('',(3.434547964193,8.074357493503,26.60864161132
    ));
#1897 = DIRECTION('',(-1.201596781494E-02,-0.841117747046,0.540718551672
    ));
#1898 = DIRECTION('',(0.,-0.540757591313,-0.841178475377));
#1899 = PCURVE('',#1280,#1900);
#1900 = DEFINITIONAL_REPRESENTATION('',(#1901),#1922);
#1901 = B_SPLINE_CURVE_WITH_KNOTS('',7,(#1902,#1903,#1904,#1905,#1906,
    #1907,#1908,#1909,#1910,#1911,#1912,#1913,#1914,#1915,#1916,#1917,
    #1918,#1919,#1920,#1921),.UNSPECIFIED.,.F.,.F.,(8,6,6,8),(
    1.7814012672,2.450329125405,2.784793054508,3.119256983611),
  .UNSPECIFIED.);
#1902 = CARTESIAN_POINT('',(0.,-0.375083611189));
#1903 = CARTESIAN_POINT('',(7.99260598551E-02,-0.426755282998));
#1904 = CARTESIAN_POINT('',(0.161669507953,-0.478533881595));
#1905 = CARTESIAN_POINT('',(0.246084850734,-0.529884323651));
#1906 = CARTESIAN_POINT('',(0.334173997786,-0.580211093031));
#1907 = CARTESIAN_POINT('',(0.427060730666,-0.628831399518));
#1908 = CARTESIAN_POINT('',(0.526111190366,-0.674860884577));
#1909 = CARTESIAN_POINT('',(0.685418776522,-0.738401105223));
#1910 = CARTESIAN_POINT('',(0.740310035139,-0.758663907475));
#1911 = CARTESIAN_POINT('',(0.797112867201,-0.777874698701));
#1912 = CARTESIAN_POINT('',(0.855928685233,-0.79588750304));
#1913 = CARTESIAN_POINT('',(0.916811682442,-0.812545166243));
#1914 = CARTESIAN_POINT('',(0.979740833804,-0.827686278555));
#1915 = CARTESIAN_POINT('',(1.109438539312,-0.854631646912));
#1916 = CARTESIAN_POINT('',(1.176207321505,-0.866435805401));
#1917 = CARTESIAN_POINT('',(1.24477026215,-0.876420259556));
#1918 = CARTESIAN_POINT('',(1.314902051369,-0.884441381529));
#1919 = CARTESIAN_POINT('',(1.386251954104,-0.890382507527));
#1920 = CARTESIAN_POINT('',(1.45836926456,-0.89416854801));
#1921 = CARTESIAN_POINT('',(1.530780101376,-0.895775794819));
#1922 = ( GEOMETRIC_REPRESENTATION_CONTEXT(2) 
PARAMETRIC_REPRESENTATION_CONTEXT() REPRESENTATION_CONTEXT('2D SPACE',''
  ) );
#1923 = PCURVE('',#1255,#1924);
#1924 = DEFINITIONAL_REPRESENTATION('',(#1925),#1949);
#1925 = B_SPLINE_CURVE_WITH_KNOTS('',8,(#1926,#1927,#1928,#1929,#1930,
    #1931,#1932,#1933,#1934,#1935,#1936,#1937,#1938,#1939,#1940,#1941,
    #1942,#1943,#1944,#1945,#1946,#1947,#1948),.UNSPECIFIED.,.F.,.F.,(9,
    7,7,9),(1.7814012672,2.450329125405,2.784793054508,3.119256983611),
  .UNSPECIFIED.);
#1926 = CARTESIAN_POINT('',(0.991325751662,-0.597406416645));
#1927 = CARTESIAN_POINT('',(0.98577621411,-0.636758982953));
#1928 = CARTESIAN_POINT('',(0.983892411498,-0.67648132633));
#1929 = CARTESIAN_POINT('',(0.986081292142,-0.716286445881));
#1930 = CARTESIAN_POINT('',(0.992849234744,-0.75585555933));
#1931 = CARTESIAN_POINT('',(1.004840836701,-0.794817568308));
#1932 = CARTESIAN_POINT('',(1.022844545231,-0.832733197395));
#1933 = CARTESIAN_POINT('',(1.047859243702,-0.869036720288));
#1934 = CARTESIAN_POINT('',(1.097167696698,-0.920021763628));
#1935 = CARTESIAN_POINT('',(1.115568206175,-0.936438413569));
#1936 = CARTESIAN_POINT('',(1.136039122865,-0.952189045193));
#1937 = CARTESIAN_POINT('',(1.158676018275,-0.96717765618));
#1938 = CARTESIAN_POINT('',(1.183555281,-0.981299697952));
#1939 = CARTESIAN_POINT('',(1.210713025006,-0.994443134397));
#1940 = CARTESIAN_POINT('',(1.240119859241,-1.006492205998));
#1941 = CARTESIAN_POINT('',(1.303199672497,-1.02817849056));
#1942 = CARTESIAN_POINT('',(1.336872808781,-1.037815704577));
#1943 = CARTESIAN_POINT('',(1.372562666433,-1.046135365679));
#1944 = CARTESIAN_POINT('',(1.410070127674,-1.053030096657));
#1945 = CARTESIAN_POINT('',(1.449087695684,-1.058403737492));
#1946 = CARTESIAN_POINT('',(1.489203566432,-1.062183099461));
#1947 = CARTESIAN_POINT('',(1.529935734665,-1.064327612683));
#1948 = CARTESIAN_POINT('',(1.570796326795,-1.064829976159));
#1949 = ( GEOMETRIC_REPRESENTATION_CONTEXT(2) 
PARAMETRIC_REPRESENTATION_CONTEXT() REPRESENTATION_CONTEXT('2D SPACE',''
  ) );
#1950 = ADVANCED_FACE('',(#1951),#1255,.T.);
#1951 = FACE_BOUND('',#1952,.T.);
#1952 = EDGE_LOOP('',(#1953,#1954,#1955,#1956,#2066));
#1953 = ORIENTED_EDGE('',*,*,#1704,.F.);
#1954 = ORIENTED_EDGE('',*,*,#1239,.T.);
#1955 = ORIENTED_EDGE('',*,*,#1892,.F.);
#1956 = ORIENTED_EDGE('',*,*,#1957,.T.);
#1957 = EDGE_CURVE('',#1869,#1958,#1960,.T.);
#1958 = VERTEX_POINT('',#1959);
#1959 = CARTESIAN_POINT('',(7.419171873394,7.015000401809,22.7993));
#1960 = SURFACE_CURVE('',#1961,(#1994,#2030),.PCURVE_S1.);
#1961 = B_SPLINE_CURVE_WITH_KNOTS('',6,(#1962,#1963,#1964,#1965,#1966,
    #1967,#1968,#1969,#1970,#1971,#1972,#1973,#1974,#1975,#1976,#1977,
    #1978,#1979,#1980,#1981,#1982,#1983,#1984,#1985,#1986,#1987,#1988,
    #1989,#1990,#1991,#1992,#1993),.UNSPECIFIED.,.F.,.F.,(7,5,5,5,5,5,7)
  ,(0.,0.129705344173,0.252127856255,0.372968663225,0.49629451807,
    0.644969745975,1.),.UNSPECIFIED.);
#1962 = CARTESIAN_POINT('',(7.141107823989,8.465401702514,27.2993006));
#1963 = CARTESIAN_POINT('',(7.164023299565,8.407199717562,
    27.209273423757));
#1964 = CARTESIAN_POINT('',(7.185269159439,8.350034690114,
    27.118660765213));
#1965 = CARTESIAN_POINT('',(7.2049442517,8.293957287377,27.027491285099)
  );
#1966 = CARTESIAN_POINT('',(7.223143371677,8.239014436076,
    26.935791164426));
#1967 = CARTESIAN_POINT('',(7.239957261943,8.185249322453,
    26.843584104482));
#1968 = CARTESIAN_POINT('',(7.270116790461,8.083103978549,
    26.663403160759));
#1969 = CARTESIAN_POINT('',(7.283604228859,8.034591167824,26.57548259161
    ));
#1970 = CARTESIAN_POINT('',(7.296007899182,7.98719629243,26.487147592458
    ));
#1971 = CARTESIAN_POINT('',(7.307397964258,7.94095067977,26.398415077826
    ));
#1972 = CARTESIAN_POINT('',(7.317841778064,7.895883652321,
    26.309300903696));
#1973 = CARTESIAN_POINT('',(7.33684245047,7.808728090911,26.131494930864
    ));
#1974 = CARTESIAN_POINT('',(7.345421963308,7.766608727914,
    26.042812735446));
#1975 = CARTESIAN_POINT('',(7.353204562457,7.725690787705,
    25.953787565659));
#1976 = CARTESIAN_POINT('',(7.360249839281,7.685999191876,
    25.864433286746));
#1977 = CARTESIAN_POINT('',(7.366614838285,7.647557434545,
    25.774763344776));
#1978 = CARTESIAN_POINT('',(7.378211300928,7.572453345484,25.59296793471
    ));
#1979 = CARTESIAN_POINT('',(7.383416731042,7.535843921819,
    25.500830019355));
#1980 = CARTESIAN_POINT('',(7.388028338528,7.50058281981,25.408390900586
    ));
#1981 = CARTESIAN_POINT('',(7.392101206657,7.466692207672,
    25.315664449274));
#1982 = CARTESIAN_POINT('',(7.3956875109,7.434192913389,25.222664527158)
  );
#1983 = CARTESIAN_POINT('',(7.402632799008,7.365625761816,
    25.016976141909));
#1984 = CARTESIAN_POINT('',(7.405793374415,7.330197489093,
    24.904170128721));
#1985 = CARTESIAN_POINT('',(7.408404756554,7.296853847163,
    24.791011251258));
#1986 = CARTESIAN_POINT('',(7.410546408404,7.26562620241,24.677524437972
    ));
#1987 = CARTESIAN_POINT('',(7.412290744514,7.23654304698,24.563735241793
    ));
#1988 = CARTESIAN_POINT('',(7.41707585114,7.14536276024,24.177286410134)
  );
#1989 = CARTESIAN_POINT('',(7.418555083474,7.093469223286,
    23.903324708161));
#1990 = CARTESIAN_POINT('',(7.419024888799,7.054299186531,
    23.628149852499));
#1991 = CARTESIAN_POINT('',(7.419122628239,7.028099675658,
    23.352146550372));
#1992 = CARTESIAN_POINT('',(7.419171873394,7.015000401809,
    23.075720599918));
#1993 = CARTESIAN_POINT('',(7.419171873394,7.015000401809,22.7993));
#1994 = PCURVE('',#1255,#1995);
#1995 = DEFINITIONAL_REPRESENTATION('',(#1996),#2029);
#1996 = B_SPLINE_CURVE_WITH_KNOTS('',6,(#1997,#1998,#1999,#2000,#2001,
    #2002,#2003,#2004,#2005,#2006,#2007,#2008,#2009,#2010,#2011,#2012,
    #2013,#2014,#2015,#2016,#2017,#2018,#2019,#2020,#2021,#2022,#2023,
    #2024,#2025,#2026,#2027,#2028),.UNSPECIFIED.,.F.,.F.,(7,5,5,5,5,5,7)
  ,(0.,0.129705344173,0.252127856255,0.372968663225,0.49629451807,
    0.644969745975,1.),.UNSPECIFIED.);
#1997 = CARTESIAN_POINT('',(0.99132573887,-0.597406507357));
#1998 = CARTESIAN_POINT('',(0.993245151051,-0.583795676827));
#1999 = CARTESIAN_POINT('',(0.995247184066,-0.570247567591));
#2000 = CARTESIAN_POINT('',(0.997314275118,-0.556759374486));
#2001 = CARTESIAN_POINT('',(0.999430802748,-0.543328247387));
#2002 = CARTESIAN_POINT('',(1.00158308683,-0.529951291213));
#2003 = CARTESIAN_POINT('',(1.005813493037,-0.504048067476));
#2004 = CARTESIAN_POINT('',(1.007888853301,-0.491516242407));
#2005 = CARTESIAN_POINT('',(1.009975484943,-0.479027639974));
#2006 = CARTESIAN_POINT('',(1.012064317863,-0.466579859185));
#2007 = CARTESIAN_POINT('',(1.014147196278,-0.454170548803));
#2008 = CARTESIAN_POINT('',(1.01825982078,-0.429584127502));
#2009 = CARTESIAN_POINT('',(1.020289839568,-0.417406104026));
#2010 = CARTESIAN_POINT('',(1.022299925059,-0.405261130612));
#2011 = CARTESIAN_POINT('',(1.024283626459,-0.393147082366));
#2012 = CARTESIAN_POINT('',(1.026235052212,-0.381061915797));
#2013 = CARTESIAN_POINT('',(1.030102044777,-0.356697448318));
#2014 = CARTESIAN_POINT('',(1.032016014919,-0.34441927441));
#2015 = CARTESIAN_POINT('',(1.033885087402,-0.332167065112));
#2016 = CARTESIAN_POINT('',(1.035704005177,-0.319938841007));
#2017 = CARTESIAN_POINT('',(1.037467947178,-0.307732725243));
#2018 = CARTESIAN_POINT('',(1.041227482584,-0.280856399729));
#2019 = CARTESIAN_POINT('',(1.043196138725,-0.266195413209));
#2020 = CARTESIAN_POINT('',(1.045070790385,-0.251560883412));
#2021 = CARTESIAN_POINT('',(1.046844489543,-0.236949924402));
#2022 = CARTESIAN_POINT('',(1.048511046516,-0.222359864867));
#2023 = CARTESIAN_POINT('',(1.053775877718,-0.172991834016));
#2024 = CARTESIAN_POINT('',(1.0568447893,-0.138300124865));
#2025 = CARTESIAN_POINT('',(1.059197476121,-0.103680479507));
#2026 = CARTESIAN_POINT('',(1.060783324142,-6.910582035127E-02));
#2027 = CARTESIAN_POINT('',(1.06157618198,-3.455257498972E-02));
#2028 = CARTESIAN_POINT('',(1.06157618198,0.));
#2029 = ( GEOMETRIC_REPRESENTATION_CONTEXT(2) 
PARAMETRIC_REPRESENTATION_CONTEXT() REPRESENTATION_CONTEXT('2D SPACE',''
  ) );
#2030 = PCURVE('',#1354,#2031);
#2031 = DEFINITIONAL_REPRESENTATION('',(#2032),#2065);
#2032 = B_SPLINE_CURVE_WITH_KNOTS('',6,(#2033,#2034,#2035,#2036,#2037,
    #2038,#2039,#2040,#2041,#2042,#2043,#2044,#2045,#2046,#2047,#2048,
    #2049,#2050,#2051,#2052,#2053,#2054,#2055,#2056,#2057,#2058,#2059,
    #2060,#2061,#2062,#2063,#2064),.UNSPECIFIED.,.F.,.F.,(7,5,5,5,5,5,7)
  ,(0.,0.129705344173,0.252127856255,0.372968663225,0.49629451807,
    0.644969745975,1.),.UNSPECIFIED.);
#2033 = CARTESIAN_POINT('',(0.375083715409,21.0000006));
#2034 = CARTESIAN_POINT('',(0.359446040403,20.909973423757));
#2035 = CARTESIAN_POINT('',(0.344202442829,20.819360765213));
#2036 = CARTESIAN_POINT('',(0.3293489401,20.728191285099));
#2037 = CARTESIAN_POINT('',(0.314882495725,20.636491164426));
#2038 = CARTESIAN_POINT('',(0.300801019304,20.544284104482));
#2039 = CARTESIAN_POINT('',(0.274174823977,20.364103160759));
#2040 = CARTESIAN_POINT('',(0.261588192294,20.27618259161));
#2041 = CARTESIAN_POINT('',(0.249342502889,20.187847592458));
#2042 = CARTESIAN_POINT('',(0.237437371149,20.099115077826));
#2043 = CARTESIAN_POINT('',(0.225872996444,20.010000903696));
#2044 = CARTESIAN_POINT('',(0.203572327401,19.832194930864));
#2045 = CARTESIAN_POINT('',(0.192827240156,19.743512735446));
#2046 = CARTESIAN_POINT('',(0.182415654864,19.654487565659));
#2047 = CARTESIAN_POINT('',(0.172338723132,19.565133286746));
#2048 = CARTESIAN_POINT('',(0.162597993703,19.475463344776));
#2049 = CARTESIAN_POINT('',(0.143599470505,19.29366793471));
#2050 = CARTESIAN_POINT('',(0.134355696363,19.201530019355));
#2051 = CARTESIAN_POINT('',(0.125466164606,19.109090900586));
#2052 = CARTESIAN_POINT('',(0.116933196373,19.016364449274));
#2053 = CARTESIAN_POINT('',(0.108759359371,18.923364527158));
#2054 = CARTESIAN_POINT('',(9.152985832255E-02,18.717676141909));
#2055 = CARTESIAN_POINT('',(8.263820376564E-02,18.604870128721));
#2056 = CARTESIAN_POINT('',(7.427748685889E-02,18.491711251258));
#2057 = CARTESIAN_POINT('',(6.645273897344E-02,18.378224437972));
#2058 = CARTESIAN_POINT('',(5.916904019622E-02,18.264435241793));
#2059 = CARTESIAN_POINT('',(3.634260002329E-02,17.877986410134));
#2060 = CARTESIAN_POINT('',(2.33676732528E-02,17.604024708161));
#2061 = CARTESIAN_POINT('',(1.357491575333E-02,17.328849852499));
#2062 = CARTESIAN_POINT('',(7.024937889962E-03,17.052846550372));
#2063 = CARTESIAN_POINT('',(3.750109241988E-03,16.776420599918));
#2064 = CARTESIAN_POINT('',(3.750109241988E-03,16.5));
#2065 = ( GEOMETRIC_REPRESENTATION_CONTEXT(2) 
PARAMETRIC_REPRESENTATION_CONTEXT() REPRESENTATION_CONTEXT('2D SPACE',''
  ) );
#2066 = ORIENTED_EDGE('',*,*,#2067,.F.);
#2067 = EDGE_CURVE('',#1705,#1958,#2068,.T.);
#2068 = SURFACE_CURVE('',#2069,(#2074,#2081),.PCURVE_S1.);
#2069 = CIRCLE('',#2070,8.);
#2070 = AXIS2_PLACEMENT_3D('',#2071,#2072,#2073);
#2071 = CARTESIAN_POINT('',(3.5192,14.,22.7993));
#2072 = DIRECTION('',(0.,0.,-1.));
#2073 = DIRECTION('',(1.,0.,0.));
#2074 = PCURVE('',#1255,#2075);
#2075 = DEFINITIONAL_REPRESENTATION('',(#2076),#2080);
#2076 = LINE('',#2077,#2078);
#2077 = CARTESIAN_POINT('',(0.,0.));
#2078 = VECTOR('',#2079,1.);
#2079 = DIRECTION('',(1.,0.));
#2080 = ( GEOMETRIC_REPRESENTATION_CONTEXT(2) 
PARAMETRIC_REPRESENTATION_CONTEXT() REPRESENTATION_CONTEXT('2D SPACE',''
  ) );
#2081 = PCURVE('',#2082,#2087);
#2082 = CYLINDRICAL_SURFACE('',#2083,8.);
#2083 = AXIS2_PLACEMENT_3D('',#2084,#2085,#2086);
#2084 = CARTESIAN_POINT('',(3.5192,14.,6.7993));
#2085 = DIRECTION('',(0.,0.,1.));
#2086 = DIRECTION('',(1.,0.,-0.));
#2087 = DEFINITIONAL_REPRESENTATION('',(#2088),#2092);
#2088 = LINE('',#2089,#2090);
#2089 = CARTESIAN_POINT('',(-0.,16.));
#2090 = VECTOR('',#2091,1.);
#2091 = DIRECTION('',(-1.,0.));
#2092 = ( GEOMETRIC_REPRESENTATION_CONTEXT(2) 
PARAMETRIC_REPRESENTATION_CONTEXT() REPRESENTATION_CONTEXT('2D SPACE',''
  ) );
#2093 = ADVANCED_FACE('',(#2094),#1380,.F.);
#2094 = FACE_BOUND('',#2095,.T.);
#2095 = EDGE_LOOP('',(#2096,#2097,#2098,#2118));
#2096 = ORIENTED_EDGE('',*,*,#1458,.F.);
#2097 = ORIENTED_EDGE('',*,*,#1545,.T.);
#2098 = ORIENTED_EDGE('',*,*,#2099,.T.);
#2099 = EDGE_CURVE('',#1513,#1339,#2100,.T.);
#2100 = SURFACE_CURVE('',#2101,(#2106,#2112),.PCURVE_S1.);
#2101 = CIRCLE('',#2102,4.);
#2102 = AXIS2_PLACEMENT_3D('',#2103,#2104,#2105);
#2103 = CARTESIAN_POINT('',(3.4192,7.,10.2993));
#2104 = DIRECTION('',(1.,1.608122649677E-16,-0.));
#2105 = DIRECTION('',(-1.608122649677E-16,1.,0.));
#2106 = PCURVE('',#1380,#2107);
#2107 = DEFINITIONAL_REPRESENTATION('',(#2108),#2111);
#2108 = B_SPLINE_CURVE_WITH_KNOTS('',1,(#2109,#2110),.UNSPECIFIED.,.F.,
  .F.,(2,2),(4.712388980385,6.28318530718),.PIECEWISE_BEZIER_KNOTS.);
#2109 = CARTESIAN_POINT('',(-1.570796326795,17.8));
#2110 = CARTESIAN_POINT('',(0.,17.8));
#2111 = ( GEOMETRIC_REPRESENTATION_CONTEXT(2) 
PARAMETRIC_REPRESENTATION_CONTEXT() REPRESENTATION_CONTEXT('2D SPACE',''
  ) );
#2112 = PCURVE('',#1530,#2113);
#2113 = DEFINITIONAL_REPRESENTATION('',(#2114),#2117);
#2114 = B_SPLINE_CURVE_WITH_KNOTS('',1,(#2115,#2116),.UNSPECIFIED.,.F.,
  .F.,(2,2),(4.712388980385,6.28318530718),.PIECEWISE_BEZIER_KNOTS.);
#2115 = CARTESIAN_POINT('',(1.570796326795,-1.570796326795));
#2116 = CARTESIAN_POINT('',(1.570796326795,0.));
#2117 = ( GEOMETRIC_REPRESENTATION_CONTEXT(2) 
PARAMETRIC_REPRESENTATION_CONTEXT() REPRESENTATION_CONTEXT('2D SPACE',''
  ) );
#2118 = ORIENTED_EDGE('',*,*,#1366,.F.);
#2119 = ADVANCED_FACE('',(#2120),#1354,.F.);
#2120 = FACE_BOUND('',#2121,.F.);
#2121 = EDGE_LOOP('',(#2122,#2180,#2202,#2203,#2204,#2205));
#2122 = ORIENTED_EDGE('',*,*,#2123,.T.);
#2123 = EDGE_CURVE('',#2124,#2126,#2128,.T.);
#2124 = VERTEX_POINT('',#2125);
#2125 = CARTESIAN_POINT('',(7.419171873394,7.015000401809,14.7993));
#2126 = VERTEX_POINT('',#2127);
#2127 = CARTESIAN_POINT('',(7.141107976712,8.465401314618,10.2993));
#2128 = SURFACE_CURVE('',#2129,(#2144,#2162),.PCURVE_S1.);
#2129 = B_SPLINE_CURVE_WITH_KNOTS('',7,(#2130,#2131,#2132,#2133,#2134,
    #2135,#2136,#2137,#2138,#2139,#2140,#2141,#2142,#2143),
  .UNSPECIFIED.,.F.,.F.,(8,6,8),(0.,0.502407658942,1.),.UNSPECIFIED.);
#2130 = CARTESIAN_POINT('',(7.419171873394,7.015000401809,14.7993));
#2131 = CARTESIAN_POINT('',(7.419171873394,7.015000401809,
    14.463318035796));
#2132 = CARTESIAN_POINT('',(7.419099045857,7.033815379781,
    14.127806702177));
#2133 = CARTESIAN_POINT('',(7.418962050837,7.071350499296,
    13.793220983437));
#2134 = CARTESIAN_POINT('',(7.418193009548,7.127366089455,
    13.460054179844));
#2135 = CARTESIAN_POINT('',(7.415698667713,7.201457359188,
    13.128832736428));
#2136 = CARTESIAN_POINT('',(7.409936313739,7.293040318199,
    12.800113335599));
#2137 = CARTESIAN_POINT('',(7.388197270146,7.508609456976,
    12.151972177266));
#2138 = CARTESIAN_POINT('',(7.372320968592,7.632257987836,
    11.832547661435));
#2139 = CARTESIAN_POINT('',(7.349542722492,7.771584574939,
    11.516612403508));
#2140 = CARTESIAN_POINT('',(7.317674463705,7.925733539816,
    11.204674035841));
#2141 = CARTESIAN_POINT('',(7.274219128464,8.093649786536,
    10.897334304638));
#2142 = CARTESIAN_POINT('',(7.216446518638,8.274052343098,
    10.595279726414));
#2143 = CARTESIAN_POINT('',(7.141107823989,8.465401702514,10.2992994));
#2144 = PCURVE('',#1354,#2145);
#2145 = DEFINITIONAL_REPRESENTATION('',(#2146),#2161);
#2146 = B_SPLINE_CURVE_WITH_KNOTS('',7,(#2147,#2148,#2149,#2150,#2151,
    #2152,#2153,#2154,#2155,#2156,#2157,#2158,#2159,#2160),
  .UNSPECIFIED.,.F.,.F.,(8,6,8),(0.,0.502407658942,1.),.UNSPECIFIED.);
#2147 = CARTESIAN_POINT('',(3.750109241987E-03,8.5));
#2148 = CARTESIAN_POINT('',(3.750109241987E-03,8.164018035796));
#2149 = CARTESIAN_POINT('',(8.453577323584E-03,7.828506702177));
#2150 = CARTESIAN_POINT('',(1.78379728769E-02,7.493920983437));
#2151 = CARTESIAN_POINT('',(3.184219197062E-02,7.160754179844));
#2152 = CARTESIAN_POINT('',(5.036714928418E-02,6.829532736428));
#2153 = CARTESIAN_POINT('',(7.329187056653E-02,6.500813335599));
#2154 = CARTESIAN_POINT('',(0.127457495972,5.852672177266));
#2155 = CARTESIAN_POINT('',(0.158611813085,5.533247661435));
#2156 = CARTESIAN_POINT('',(0.193871347994,5.217312403508));
#2157 = CARTESIAN_POINT('',(0.233153503101,4.905374035841));
#2158 = CARTESIAN_POINT('',(0.276415670267,4.598034304638));
#2159 = CARTESIAN_POINT('',(0.323672082326,4.295979726414));
#2160 = CARTESIAN_POINT('',(0.375083715409,3.9999994));
#2161 = ( GEOMETRIC_REPRESENTATION_CONTEXT(2) 
PARAMETRIC_REPRESENTATION_CONTEXT() REPRESENTATION_CONTEXT('2D SPACE',''
  ) );
#2162 = PCURVE('',#1501,#2163);
#2163 = DEFINITIONAL_REPRESENTATION('',(#2164),#2179);
#2164 = B_SPLINE_CURVE_WITH_KNOTS('',7,(#2165,#2166,#2167,#2168,#2169,
    #2170,#2171,#2172,#2173,#2174,#2175,#2176,#2177,#2178),
  .UNSPECIFIED.,.F.,.F.,(8,6,8),(0.,0.502407658942,1.),.UNSPECIFIED.);
#2165 = CARTESIAN_POINT('',(-1.06157618198,0.));
#2166 = CARTESIAN_POINT('',(-1.06157618198,-4.199774552556E-02));
#2167 = CARTESIAN_POINT('',(-1.060437686962,-8.393671815808E-02));
#2168 = CARTESIAN_POINT('',(-1.058165223197,-0.125880824273));
#2169 = CARTESIAN_POINT('',(-1.054806244523,-0.167888182896));
#2170 = CARTESIAN_POINT('',(-1.050446344859,-0.210014439811));
#2171 = CARTESIAN_POINT('',(-1.045210320417,-0.252316425583));
#2172 = CARTESIAN_POINT('',(-1.03338478655,-0.336988168058));
#2173 = CARTESIAN_POINT('',(-1.026809659013,-0.379346051581));
#2174 = CARTESIAN_POINT('',(-1.019708230465,-0.422011397898));
#2175 = CARTESIAN_POINT('',(-1.012285594861,-0.465062631954));
#2176 = CARTESIAN_POINT('',(-1.004814140452,-0.508581461823));
#2177 = CARTESIAN_POINT('',(-0.997636147211,-0.552658485358));
#2178 = CARTESIAN_POINT('',(-0.99132573887,-0.597406507357));
#2179 = ( GEOMETRIC_REPRESENTATION_CONTEXT(2) 
PARAMETRIC_REPRESENTATION_CONTEXT() REPRESENTATION_CONTEXT('2D SPACE',''
  ) );
#2180 = ORIENTED_EDGE('',*,*,#2181,.T.);
#2181 = EDGE_CURVE('',#2126,#1339,#2182,.T.);
#2182 = SURFACE_CURVE('',#2183,(#2188,#2195),.PCURVE_S1.);
#2183 = CIRCLE('',#2184,4.);
#2184 = AXIS2_PLACEMENT_3D('',#2185,#2186,#2187);
#2185 = CARTESIAN_POINT('',(3.4192,7.,10.2993));
#2186 = DIRECTION('',(0.,0.,1.));
#2187 = DIRECTION('',(1.,2.22044604925E-16,-0.));
#2188 = PCURVE('',#1354,#2189);
#2189 = DEFINITIONAL_REPRESENTATION('',(#2190),#2194);
#2190 = LINE('',#2191,#2192);
#2191 = CARTESIAN_POINT('',(0.,4.));
#2192 = VECTOR('',#2193,1.);
#2193 = DIRECTION('',(1.,0.));
#2194 = ( GEOMETRIC_REPRESENTATION_CONTEXT(2) 
PARAMETRIC_REPRESENTATION_CONTEXT() REPRESENTATION_CONTEXT('2D SPACE',''
  ) );
#2195 = PCURVE('',#1530,#2196);
#2196 = DEFINITIONAL_REPRESENTATION('',(#2197),#2201);
#2197 = LINE('',#2198,#2199);
#2198 = CARTESIAN_POINT('',(0.,0.));
#2199 = VECTOR('',#2200,1.);
#2200 = DIRECTION('',(1.,0.));
#2201 = ( GEOMETRIC_REPRESENTATION_CONTEXT(2) 
PARAMETRIC_REPRESENTATION_CONTEXT() REPRESENTATION_CONTEXT('2D SPACE',''
  ) );
#2202 = ORIENTED_EDGE('',*,*,#1338,.T.);
#2203 = ORIENTED_EDGE('',*,*,#1868,.T.);
#2204 = ORIENTED_EDGE('',*,*,#1957,.T.);
#2205 = ORIENTED_EDGE('',*,*,#2206,.F.);
#2206 = EDGE_CURVE('',#2124,#1958,#2207,.T.);
#2207 = SURFACE_CURVE('',#2208,(#2212,#2218),.PCURVE_S1.);
#2208 = LINE('',#2209,#2210);
#2209 = CARTESIAN_POINT('',(7.419171873394,7.015000401809,6.7993));
#2210 = VECTOR('',#2211,1.);
#2211 = DIRECTION('',(0.,0.,1.));
#2212 = PCURVE('',#1354,#2213);
#2213 = DEFINITIONAL_REPRESENTATION('',(#2214),#2217);
#2214 = B_SPLINE_CURVE_WITH_KNOTS('',1,(#2215,#2216),.UNSPECIFIED.,.F.,
  .F.,(2,2),(7.9999994,16.0000006),.PIECEWISE_BEZIER_KNOTS.);
#2215 = CARTESIAN_POINT('',(3.750109241987E-03,8.4999994));
#2216 = CARTESIAN_POINT('',(3.750109241987E-03,16.5000006));
#2217 = ( GEOMETRIC_REPRESENTATION_CONTEXT(2) 
PARAMETRIC_REPRESENTATION_CONTEXT() REPRESENTATION_CONTEXT('2D SPACE',''
  ) );
#2218 = PCURVE('',#2082,#2219);
#2219 = DEFINITIONAL_REPRESENTATION('',(#2220),#2223);
#2220 = B_SPLINE_CURVE_WITH_KNOTS('',1,(#2221,#2222),.UNSPECIFIED.,.F.,
  .F.,(2,2),(7.9999994,16.0000006),.PIECEWISE_BEZIER_KNOTS.);
#2221 = CARTESIAN_POINT('',(-1.06157618198,7.9999994));
#2222 = CARTESIAN_POINT('',(-1.06157618198,16.0000006));
#2223 = ( GEOMETRIC_REPRESENTATION_CONTEXT(2) 
PARAMETRIC_REPRESENTATION_CONTEXT() REPRESENTATION_CONTEXT('2D SPACE',''
  ) );
#2224 = ADVANCED_FACE('',(#2225),#1415,.F.);
#2225 = FACE_BOUND('',#2226,.F.);
#2226 = EDGE_LOOP('',(#2227,#2228,#2251,#2278));
#2227 = ORIENTED_EDGE('',*,*,#1394,.F.);
#2228 = ORIENTED_EDGE('',*,*,#2229,.F.);
#2229 = EDGE_CURVE('',#2230,#1395,#2232,.T.);
#2230 = VERTEX_POINT('',#2231);
#2231 = CARTESIAN_POINT('',(-1.7808,21.,18.7993));
#2232 = SEAM_CURVE('',#2233,(#2237,#2244),.PCURVE_S1.);
#2233 = LINE('',#2234,#2235);
#2234 = CARTESIAN_POINT('',(-1.7808,21.,18.7993));
#2235 = VECTOR('',#2236,1.);
#2236 = DIRECTION('',(0.,-1.,0.));
#2237 = PCURVE('',#1415,#2238);
#2238 = DEFINITIONAL_REPRESENTATION('',(#2239),#2243);
#2239 = LINE('',#2240,#2241);
#2240 = CARTESIAN_POINT('',(6.28318530718,-0.));
#2241 = VECTOR('',#2242,1.);
#2242 = DIRECTION('',(0.,1.));
#2243 = ( GEOMETRIC_REPRESENTATION_CONTEXT(2) 
PARAMETRIC_REPRESENTATION_CONTEXT() REPRESENTATION_CONTEXT('2D SPACE',''
  ) );
#2244 = PCURVE('',#1415,#2245);
#2245 = DEFINITIONAL_REPRESENTATION('',(#2246),#2250);
#2246 = LINE('',#2247,#2248);
#2247 = CARTESIAN_POINT('',(0.,-0.));
#2248 = VECTOR('',#2249,1.);
#2249 = DIRECTION('',(0.,1.));
#2250 = ( GEOMETRIC_REPRESENTATION_CONTEXT(2) 
PARAMETRIC_REPRESENTATION_CONTEXT() REPRESENTATION_CONTEXT('2D SPACE',''
  ) );
#2251 = ORIENTED_EDGE('',*,*,#2252,.T.);
#2252 = EDGE_CURVE('',#2230,#2230,#2253,.T.);
#2253 = SURFACE_CURVE('',#2254,(#2259,#2266),.PCURVE_S1.);
#2254 = CIRCLE('',#2255,1.7);
#2255 = AXIS2_PLACEMENT_3D('',#2256,#2257,#2258);
#2256 = CARTESIAN_POINT('',(-3.4808,21.,18.7993));
#2257 = DIRECTION('',(0.,-1.,0.));
#2258 = DIRECTION('',(1.,0.,0.));
#2259 = PCURVE('',#1415,#2260);
#2260 = DEFINITIONAL_REPRESENTATION('',(#2261),#2265);
#2261 = LINE('',#2262,#2263);
#2262 = CARTESIAN_POINT('',(0.,0.));
#2263 = VECTOR('',#2264,1.);
#2264 = DIRECTION('',(1.,0.));
#2265 = ( GEOMETRIC_REPRESENTATION_CONTEXT(2) 
PARAMETRIC_REPRESENTATION_CONTEXT() REPRESENTATION_CONTEXT('2D SPACE',''
  ) );
#2266 = PCURVE('',#2267,#2272);
#2267 = PLANE('',#2268);
#2268 = AXIS2_PLACEMENT_3D('',#2269,#2270,#2271);
#2269 = CARTESIAN_POINT('',(-3.4808,21.,18.7993));
#2270 = DIRECTION('',(0.,-1.,0.));
#2271 = DIRECTION('',(1.,0.,0.));
#2272 = DEFINITIONAL_REPRESENTATION('',(#2273),#2277);
#2273 = CIRCLE('',#2274,1.7);
#2274 = AXIS2_PLACEMENT_2D('',#2275,#2276);
#2275 = CARTESIAN_POINT('',(0.,0.));
#2276 = DIRECTION('',(1.,0.));
#2277 = ( GEOMETRIC_REPRESENTATION_CONTEXT(2) 
PARAMETRIC_REPRESENTATION_CONTEXT() REPRESENTATION_CONTEXT('2D SPACE',''
  ) );
#2278 = ORIENTED_EDGE('',*,*,#2229,.T.);
#2279 = ADVANCED_FACE('',(#2280),#1530,.F.);
#2280 = FACE_BOUND('',#2281,.F.);
#2281 = EDGE_LOOP('',(#2282,#2283,#2284,#2285));
#2282 = ORIENTED_EDGE('',*,*,#1512,.F.);
#2283 = ORIENTED_EDGE('',*,*,#2099,.T.);
#2284 = ORIENTED_EDGE('',*,*,#2181,.F.);
#2285 = ORIENTED_EDGE('',*,*,#2286,.F.);
#2286 = EDGE_CURVE('',#1486,#2126,#2287,.T.);
#2287 = SURFACE_CURVE('',#2288,(#2293,#2317),.PCURVE_S1.);
#2288 = CIRCLE('',#2289,3.790581935046);
#2289 = AXIS2_PLACEMENT_3D('',#2290,#2291,#2292);
#2290 = CARTESIAN_POINT('',(3.434547964193,8.074357493503,10.98995838868
    ));
#2291 = DIRECTION('',(-1.201596781494E-02,-0.841117747046,
    -0.540718551672));
#2292 = DIRECTION('',(0.,0.540757591313,-0.841178475377));
#2293 = PCURVE('',#1530,#2294);
#2294 = DEFINITIONAL_REPRESENTATION('',(#2295),#2316);
#2295 = B_SPLINE_CURVE_WITH_KNOTS('',7,(#2296,#2297,#2298,#2299,#2300,
    #2301,#2302,#2303,#2304,#2305,#2306,#2307,#2308,#2309,#2310,#2311,
    #2312,#2313,#2314,#2315),.UNSPECIFIED.,.F.,.F.,(8,6,6,8),(
    2.233566997904E-02,0.356799599082,0.858495492736,1.36019138639),
  .UNSPECIFIED.);
#2296 = CARTESIAN_POINT('',(1.538784481047,-0.674379895188));
#2297 = CARTESIAN_POINT('',(1.480822942724,-0.673667423878));
#2298 = CARTESIAN_POINT('',(1.422954800442,-0.670237547501));
#2299 = CARTESIAN_POINT('',(1.365605754496,-0.664098831966));
#2300 = CARTESIAN_POINT('',(1.309197680376,-0.65531416241));
#2301 = CARTESIAN_POINT('',(1.254082077227,-0.643994371287));
#2302 = CARTESIAN_POINT('',(1.200511514422,-0.630284376451));
#2303 = CARTESIAN_POINT('',(1.070855419031,-0.590428008419));
#2304 = CARTESIAN_POINT('',(0.996904848967,-0.561491248888));
#2305 = CARTESIAN_POINT('',(0.927351006212,-0.52806516299));
#2306 = CARTESIAN_POINT('',(0.86228357915,-0.490761696687));
#2307 = CARTESIAN_POINT('',(0.801440034726,-0.450137652362));
#2308 = CARTESIAN_POINT('',(0.744470047284,-0.406669515327));
#2309 = CARTESIAN_POINT('',(0.637473663003,-0.314854800992));
#2310 = CARTESIAN_POINT('',(0.587447896413,-0.266508075297));
#2311 = CARTESIAN_POINT('',(0.540492996597,-0.216127229589));
#2312 = CARTESIAN_POINT('',(0.496174201059,-0.164042072699));
#2313 = CARTESIAN_POINT('',(0.454080101861,-0.11051937052));
#2314 = CARTESIAN_POINT('',(0.413837365046,-5.577701994786E-02));
#2315 = CARTESIAN_POINT('',(0.375083611189,-4.440892098501E-16));
#2316 = ( GEOMETRIC_REPRESENTATION_CONTEXT(2) 
PARAMETRIC_REPRESENTATION_CONTEXT() REPRESENTATION_CONTEXT('2D SPACE',''
  ) );
#2317 = PCURVE('',#1501,#2318);
#2318 = DEFINITIONAL_REPRESENTATION('',(#2319),#2343);
#2319 = B_SPLINE_CURVE_WITH_KNOTS('',8,(#2320,#2321,#2322,#2323,#2324,
    #2325,#2326,#2327,#2328,#2329,#2330,#2331,#2332,#2333,#2334,#2335,
    #2336,#2337,#2338,#2339,#2340,#2341,#2342),.UNSPECIFIED.,.F.,.F.,(9,
    7,7,9),(2.233566997904E-02,0.356799599082,0.858495492736,
    1.36019138639),.UNSPECIFIED.);
#2320 = CARTESIAN_POINT('',(-1.570796326795,-1.064829976159));
#2321 = CARTESIAN_POINT('',(-1.529935734665,-1.064327612683));
#2322 = CARTESIAN_POINT('',(-1.489203566432,-1.062183099461));
#2323 = CARTESIAN_POINT('',(-1.449087695684,-1.058403737492));
#2324 = CARTESIAN_POINT('',(-1.410070127674,-1.053030096658));
#2325 = CARTESIAN_POINT('',(-1.372562666433,-1.046135365679));
#2326 = CARTESIAN_POINT('',(-1.336872808781,-1.037815704577));
#2327 = CARTESIAN_POINT('',(-1.303199672497,-1.02817849056));
#2328 = CARTESIAN_POINT('',(-1.224349905927,-1.001070634858));
#2329 = CARTESIAN_POINT('',(-1.181839460041,-0.982092588641));
#2330 = CARTESIAN_POINT('',(-1.144519855893,-0.960777673469));
#2331 = CARTESIAN_POINT('',(-1.112345397591,-0.937523889483));
#2332 = CARTESIAN_POINT('',(-1.084984819637,-0.912689672372));
#2333 = CARTESIAN_POINT('',(-1.06206050125,-0.886582565914));
#2334 = CARTESIAN_POINT('',(-1.04317823016,-0.859468098466));
#2335 = CARTESIAN_POINT('',(-1.012766684897,-0.803682885391));
#2336 = CARTESIAN_POINT('',(-1.001237380899,-0.775012141074));
#2337 = CARTESIAN_POINT('',(-0.99301782755,-0.745792645608));
#2338 = CARTESIAN_POINT('',(-0.987767561688,-0.716217650248));
#2339 = CARTESIAN_POINT('',(-0.985196632065,-0.68645268353));
#2340 = CARTESIAN_POINT('',(-0.985063493325,-0.656643245351));
#2341 = CARTESIAN_POINT('',(-0.987163598498,-0.626920841376));
#2342 = CARTESIAN_POINT('',(-0.991325751662,-0.597406416645));
#2343 = ( GEOMETRIC_REPRESENTATION_CONTEXT(2) 
PARAMETRIC_REPRESENTATION_CONTEXT() REPRESENTATION_CONTEXT('2D SPACE',''
  ) );
#2344 = ADVANCED_FACE('',(#2345),#1501,.T.);
#2345 = FACE_BOUND('',#2346,.F.);
#2346 = EDGE_LOOP('',(#2347,#2348,#2349,#2350,#2351));
#2347 = ORIENTED_EDGE('',*,*,#1599,.F.);
#2348 = ORIENTED_EDGE('',*,*,#1485,.T.);
#2349 = ORIENTED_EDGE('',*,*,#2286,.T.);
#2350 = ORIENTED_EDGE('',*,*,#2123,.F.);
#2351 = ORIENTED_EDGE('',*,*,#2352,.F.);
#2352 = EDGE_CURVE('',#1600,#2124,#2353,.T.);
#2353 = SURFACE_CURVE('',#2354,(#2359,#2366),.PCURVE_S1.);
#2354 = CIRCLE('',#2355,8.);
#2355 = AXIS2_PLACEMENT_3D('',#2356,#2357,#2358);
#2356 = CARTESIAN_POINT('',(3.5192,14.,14.7993));
#2357 = DIRECTION('',(0.,-0.,-1.));
#2358 = DIRECTION('',(1.,0.,-0.));
#2359 = PCURVE('',#1501,#2360);
#2360 = DEFINITIONAL_REPRESENTATION('',(#2361),#2365);
#2361 = LINE('',#2362,#2363);
#2362 = CARTESIAN_POINT('',(-0.,0.));
#2363 = VECTOR('',#2364,1.);
#2364 = DIRECTION('',(-1.,0.));
#2365 = ( GEOMETRIC_REPRESENTATION_CONTEXT(2) 
PARAMETRIC_REPRESENTATION_CONTEXT() REPRESENTATION_CONTEXT('2D SPACE',''
  ) );
#2366 = PCURVE('',#2082,#2367);
#2367 = DEFINITIONAL_REPRESENTATION('',(#2368),#2372);
#2368 = LINE('',#2369,#2370);
#2369 = CARTESIAN_POINT('',(-0.,8.));
#2370 = VECTOR('',#2371,1.);
#2371 = DIRECTION('',(-1.,0.));
#2372 = ( GEOMETRIC_REPRESENTATION_CONTEXT(2) 
PARAMETRIC_REPRESENTATION_CONTEXT() REPRESENTATION_CONTEXT('2D SPACE',''
  ) );
#2373 = ADVANCED_FACE('',(#2374),#1584,.T.);
#2374 = FACE_BOUND('',#2375,.T.);
#2375 = EDGE_LOOP('',(#2376,#2377,#2378));
#2376 = ORIENTED_EDGE('',*,*,#1622,.F.);
#2377 = ORIENTED_EDGE('',*,*,#1570,.T.);
#2378 = ORIENTED_EDGE('',*,*,#1796,.F.);
#2379 = ADVANCED_FACE('',(#2380),#1658,.T.);
#2380 = FACE_BOUND('',#2381,.T.);
#2381 = EDGE_LOOP('',(#2382,#2403,#2404,#2405));
#2382 = ORIENTED_EDGE('',*,*,#2383,.F.);
#2383 = EDGE_CURVE('',#1600,#1705,#2384,.T.);
#2384 = SURFACE_CURVE('',#2385,(#2389,#2396),.PCURVE_S1.);
#2385 = LINE('',#2386,#2387);
#2386 = CARTESIAN_POINT('',(11.5192,14.,6.7993));
#2387 = VECTOR('',#2388,1.);
#2388 = DIRECTION('',(0.,0.,1.));
#2389 = PCURVE('',#1658,#2390);
#2390 = DEFINITIONAL_REPRESENTATION('',(#2391),#2395);
#2391 = LINE('',#2392,#2393);
#2392 = CARTESIAN_POINT('',(0.,-8.));
#2393 = VECTOR('',#2394,1.);
#2394 = DIRECTION('',(1.,0.));
#2395 = ( GEOMETRIC_REPRESENTATION_CONTEXT(2) 
PARAMETRIC_REPRESENTATION_CONTEXT() REPRESENTATION_CONTEXT('2D SPACE',''
  ) );
#2396 = PCURVE('',#2082,#2397);
#2397 = DEFINITIONAL_REPRESENTATION('',(#2398),#2402);
#2398 = LINE('',#2399,#2400);
#2399 = CARTESIAN_POINT('',(-0.,0.));
#2400 = VECTOR('',#2401,1.);
#2401 = DIRECTION('',(-0.,1.));
#2402 = ( GEOMETRIC_REPRESENTATION_CONTEXT(2) 
PARAMETRIC_REPRESENTATION_CONTEXT() REPRESENTATION_CONTEXT('2D SPACE',''
  ) );
#2403 = ORIENTED_EDGE('',*,*,#1644,.T.);
#2404 = ORIENTED_EDGE('',*,*,#1775,.T.);
#2405 = ORIENTED_EDGE('',*,*,#1751,.F.);
#2406 = ADVANCED_FACE('',(#2407),#1689,.T.);
#2407 = FACE_BOUND('',#2408,.T.);
#2408 = EDGE_LOOP('',(#2409,#2410,#2411));
#2409 = ORIENTED_EDGE('',*,*,#1819,.F.);
#2410 = ORIENTED_EDGE('',*,*,#1675,.T.);
#2411 = ORIENTED_EDGE('',*,*,#1727,.F.);
#2412 = ADVANCED_FACE('',(#2413),#2082,.T.);
#2413 = FACE_BOUND('',#2414,.F.);
#2414 = EDGE_LOOP('',(#2415,#2416,#2417,#2418));
#2415 = ORIENTED_EDGE('',*,*,#2383,.F.);
#2416 = ORIENTED_EDGE('',*,*,#2352,.T.);
#2417 = ORIENTED_EDGE('',*,*,#2206,.T.);
#2418 = ORIENTED_EDGE('',*,*,#2067,.F.);
#2419 = ADVANCED_FACE('',(#2420),#2267,.T.);
#2420 = FACE_BOUND('',#2421,.F.);
#2421 = EDGE_LOOP('',(#2422));
#2422 = ORIENTED_EDGE('',*,*,#2252,.F.);
#2423 = MANIFOLD_SOLID_BREP('',#2424);
#2424 = CLOSED_SHELL('',(#2425,#2545,#2633,#2712,#2793,#2869,#2899,#2929
    ,#3005,#3086,#3111,#3192,#3217,#3293,#3324,#3355,#3433,#3464,#3531,
    #3562,#3631,#3698,#3704,#3710,#3717,#3723));
#2425 = ADVANCED_FACE('',(#2426),#2440,.F.);
#2426 = FACE_BOUND('',#2427,.F.);
#2427 = EDGE_LOOP('',(#2428,#2463,#2491,#2519));
#2428 = ORIENTED_EDGE('',*,*,#2429,.F.);
#2429 = EDGE_CURVE('',#2430,#2432,#2434,.T.);
#2430 = VERTEX_POINT('',#2431);
#2431 = CARTESIAN_POINT('',(-16.8808,-5.,2.75));
#2432 = VERTEX_POINT('',#2433);
#2433 = CARTESIAN_POINT('',(-16.8808,-5.,3.25));
#2434 = SURFACE_CURVE('',#2435,(#2439,#2451),.PCURVE_S1.);
#2435 = LINE('',#2436,#2437);
#2436 = CARTESIAN_POINT('',(-16.8808,-5.,0.75));
#2437 = VECTOR('',#2438,1.);
#2438 = DIRECTION('',(0.,0.,1.));
#2439 = PCURVE('',#2440,#2445);
#2440 = PLANE('',#2441);
#2441 = AXIS2_PLACEMENT_3D('',#2442,#2443,#2444);
#2442 = CARTESIAN_POINT('',(-16.8808,-7.,0.75));
#2443 = DIRECTION('',(1.,0.,-0.));
#2444 = DIRECTION('',(0.,0.,1.));
#2445 = DEFINITIONAL_REPRESENTATION('',(#2446),#2450);
#2446 = LINE('',#2447,#2448);
#2447 = CARTESIAN_POINT('',(0.,-2.));
#2448 = VECTOR('',#2449,1.);
#2449 = DIRECTION('',(1.,0.));
#2450 = ( GEOMETRIC_REPRESENTATION_CONTEXT(2) 
PARAMETRIC_REPRESENTATION_CONTEXT() REPRESENTATION_CONTEXT('2D SPACE',''
  ) );
#2451 = PCURVE('',#2452,#2457);
#2452 = CYLINDRICAL_SURFACE('',#2453,2.);
#2453 = AXIS2_PLACEMENT_3D('',#2454,#2455,#2456);
#2454 = CARTESIAN_POINT('',(-14.8808,-5.,0.75));
#2455 = DIRECTION('',(0.,0.,1.));
#2456 = DIRECTION('',(-1.,-0.,0.));
#2457 = DEFINITIONAL_REPRESENTATION('',(#2458),#2462);
#2458 = LINE('',#2459,#2460);
#2459 = CARTESIAN_POINT('',(0.,0.));
#2460 = VECTOR('',#2461,1.);
#2461 = DIRECTION('',(0.,1.));
#2462 = ( GEOMETRIC_REPRESENTATION_CONTEXT(2) 
PARAMETRIC_REPRESENTATION_CONTEXT() REPRESENTATION_CONTEXT('2D SPACE',''
  ) );
#2463 = ORIENTED_EDGE('',*,*,#2464,.T.);
#2464 = EDGE_CURVE('',#2430,#2465,#2467,.T.);
#2465 = VERTEX_POINT('',#2466);
#2466 = CARTESIAN_POINT('',(-16.8808,9.,2.75));
#2467 = SURFACE_CURVE('',#2468,(#2472,#2479),.PCURVE_S1.);
#2468 = LINE('',#2469,#2470);
#2469 = CARTESIAN_POINT('',(-16.8808,-7.,2.75));
#2470 = VECTOR('',#2471,1.);
#2471 = DIRECTION('',(-0.,1.,0.));
#2472 = PCURVE('',#2440,#2473);
#2473 = DEFINITIONAL_REPRESENTATION('',(#2474),#2478);
#2474 = LINE('',#2475,#2476);
#2475 = CARTESIAN_POINT('',(2.,0.));
#2476 = VECTOR('',#2477,1.);
#2477 = DIRECTION('',(0.,-1.));
#2478 = ( GEOMETRIC_REPRESENTATION_CONTEXT(2) 
PARAMETRIC_REPRESENTATION_CONTEXT() REPRESENTATION_CONTEXT('2D SPACE',''
  ) );
#2479 = PCURVE('',#2480,#2485);
#2480 = CYLINDRICAL_SURFACE('',#2481,2.);
#2481 = AXIS2_PLACEMENT_3D('',#2482,#2483,#2484);
#2482 = CARTESIAN_POINT('',(-14.8808,-7.,2.75));
#2483 = DIRECTION('',(-0.,1.,0.));
#2484 = DIRECTION('',(-1.,-0.,0.));
#2485 = DEFINITIONAL_REPRESENTATION('',(#2486),#2490);
#2486 = LINE('',#2487,#2488);
#2487 = CARTESIAN_POINT('',(-0.,0.));
#2488 = VECTOR('',#2489,1.);
#2489 = DIRECTION('',(-0.,1.));
#2490 = ( GEOMETRIC_REPRESENTATION_CONTEXT(2) 
PARAMETRIC_REPRESENTATION_CONTEXT() REPRESENTATION_CONTEXT('2D SPACE',''
  ) );
#2491 = ORIENTED_EDGE('',*,*,#2492,.T.);
#2492 = EDGE_CURVE('',#2465,#2493,#2495,.T.);
#2493 = VERTEX_POINT('',#2494);
#2494 = CARTESIAN_POINT('',(-16.8808,9.,3.25));
#2495 = SURFACE_CURVE('',#2496,(#2500,#2507),.PCURVE_S1.);
#2496 = LINE('',#2497,#2498);
#2497 = CARTESIAN_POINT('',(-16.8808,9.,0.75));
#2498 = VECTOR('',#2499,1.);
#2499 = DIRECTION('',(0.,0.,1.));
#2500 = PCURVE('',#2440,#2501);
#2501 = DEFINITIONAL_REPRESENTATION('',(#2502),#2506);
#2502 = LINE('',#2503,#2504);
#2503 = CARTESIAN_POINT('',(0.,-16.));
#2504 = VECTOR('',#2505,1.);
#2505 = DIRECTION('',(1.,0.));
#2506 = ( GEOMETRIC_REPRESENTATION_CONTEXT(2) 
PARAMETRIC_REPRESENTATION_CONTEXT() REPRESENTATION_CONTEXT('2D SPACE',''
  ) );
#2507 = PCURVE('',#2508,#2513);
#2508 = CYLINDRICAL_SURFACE('',#2509,2.);
#2509 = AXIS2_PLACEMENT_3D('',#2510,#2511,#2512);
#2510 = CARTESIAN_POINT('',(-14.8808,9.,0.75));
#2511 = DIRECTION('',(0.,0.,1.));
#2512 = DIRECTION('',(-1.,-0.,0.));
#2513 = DEFINITIONAL_REPRESENTATION('',(#2514),#2518);
#2514 = LINE('',#2515,#2516);
#2515 = CARTESIAN_POINT('',(-0.,0.));
#2516 = VECTOR('',#2517,1.);
#2517 = DIRECTION('',(-0.,1.));
#2518 = ( GEOMETRIC_REPRESENTATION_CONTEXT(2) 
PARAMETRIC_REPRESENTATION_CONTEXT() REPRESENTATION_CONTEXT('2D SPACE',''
  ) );
#2519 = ORIENTED_EDGE('',*,*,#2520,.F.);
#2520 = EDGE_CURVE('',#2432,#2493,#2521,.T.);
#2521 = SURFACE_CURVE('',#2522,(#2526,#2533),.PCURVE_S1.);
#2522 = LINE('',#2523,#2524);
#2523 = CARTESIAN_POINT('',(-16.8808,-7.,3.25));
#2524 = VECTOR('',#2525,1.);
#2525 = DIRECTION('',(-0.,1.,0.));
#2526 = PCURVE('',#2440,#2527);
#2527 = DEFINITIONAL_REPRESENTATION('',(#2528),#2532);
#2528 = LINE('',#2529,#2530);
#2529 = CARTESIAN_POINT('',(2.5,0.));
#2530 = VECTOR('',#2531,1.);
#2531 = DIRECTION('',(0.,-1.));
#2532 = ( GEOMETRIC_REPRESENTATION_CONTEXT(2) 
PARAMETRIC_REPRESENTATION_CONTEXT() REPRESENTATION_CONTEXT('2D SPACE',''
  ) );
#2533 = PCURVE('',#2534,#2539);
#2534 = CYLINDRICAL_SURFACE('',#2535,2.);
#2535 = AXIS2_PLACEMENT_3D('',#2536,#2537,#2538);
#2536 = CARTESIAN_POINT('',(-14.8808,-7.,3.25));
#2537 = DIRECTION('',(-0.,1.,0.));
#2538 = DIRECTION('',(-1.,-0.,0.));
#2539 = DEFINITIONAL_REPRESENTATION('',(#2540),#2544);
#2540 = LINE('',#2541,#2542);
#2541 = CARTESIAN_POINT('',(0.,0.));
#2542 = VECTOR('',#2543,1.);
#2543 = DIRECTION('',(0.,1.));
#2544 = ( GEOMETRIC_REPRESENTATION_CONTEXT(2) 
PARAMETRIC_REPRESENTATION_CONTEXT() REPRESENTATION_CONTEXT('2D SPACE',''
  ) );
#2545 = ADVANCED_FACE('',(#2546),#2452,.T.);
#2546 = FACE_BOUND('',#2547,.T.);
#2547 = EDGE_LOOP('',(#2548,#2549,#2578,#2606));
#2548 = ORIENTED_EDGE('',*,*,#2429,.F.);
#2549 = ORIENTED_EDGE('',*,*,#2550,.T.);
#2550 = EDGE_CURVE('',#2430,#2551,#2553,.T.);
#2551 = VERTEX_POINT('',#2552);
#2552 = CARTESIAN_POINT('',(-14.8808,-7.,2.75));
#2553 = SURFACE_CURVE('',#2554,(#2559,#2566),.PCURVE_S1.);
#2554 = CIRCLE('',#2555,2.);
#2555 = AXIS2_PLACEMENT_3D('',#2556,#2557,#2558);
#2556 = CARTESIAN_POINT('',(-14.8808,-5.,2.75));
#2557 = DIRECTION('',(0.,0.,1.));
#2558 = DIRECTION('',(-1.,0.,0.));
#2559 = PCURVE('',#2452,#2560);
#2560 = DEFINITIONAL_REPRESENTATION('',(#2561),#2565);
#2561 = LINE('',#2562,#2563);
#2562 = CARTESIAN_POINT('',(0.,2.));
#2563 = VECTOR('',#2564,1.);
#2564 = DIRECTION('',(1.,0.));
#2565 = ( GEOMETRIC_REPRESENTATION_CONTEXT(2) 
PARAMETRIC_REPRESENTATION_CONTEXT() REPRESENTATION_CONTEXT('2D SPACE',''
  ) );
#2566 = PCURVE('',#2567,#2572);
#2567 = SPHERICAL_SURFACE('',#2568,2.);
#2568 = AXIS2_PLACEMENT_3D('',#2569,#2570,#2571);
#2569 = CARTESIAN_POINT('',(-14.8808,-5.,2.75));
#2570 = DIRECTION('',(0.,0.,1.));
#2571 = DIRECTION('',(-1.,0.,0.));
#2572 = DEFINITIONAL_REPRESENTATION('',(#2573),#2577);
#2573 = LINE('',#2574,#2575);
#2574 = CARTESIAN_POINT('',(0.,0.));
#2575 = VECTOR('',#2576,1.);
#2576 = DIRECTION('',(1.,0.));
#2577 = ( GEOMETRIC_REPRESENTATION_CONTEXT(2) 
PARAMETRIC_REPRESENTATION_CONTEXT() REPRESENTATION_CONTEXT('2D SPACE',''
  ) );
#2578 = ORIENTED_EDGE('',*,*,#2579,.T.);
#2579 = EDGE_CURVE('',#2551,#2580,#2582,.T.);
#2580 = VERTEX_POINT('',#2581);
#2581 = CARTESIAN_POINT('',(-14.8808,-7.,3.25));
#2582 = SURFACE_CURVE('',#2583,(#2587,#2594),.PCURVE_S1.);
#2583 = LINE('',#2584,#2585);
#2584 = CARTESIAN_POINT('',(-14.8808,-7.,0.75));
#2585 = VECTOR('',#2586,1.);
#2586 = DIRECTION('',(0.,0.,1.));
#2587 = PCURVE('',#2452,#2588);
#2588 = DEFINITIONAL_REPRESENTATION('',(#2589),#2593);
#2589 = LINE('',#2590,#2591);
#2590 = CARTESIAN_POINT('',(1.570796326795,0.));
#2591 = VECTOR('',#2592,1.);
#2592 = DIRECTION('',(0.,1.));
#2593 = ( GEOMETRIC_REPRESENTATION_CONTEXT(2) 
PARAMETRIC_REPRESENTATION_CONTEXT() REPRESENTATION_CONTEXT('2D SPACE',''
  ) );
#2594 = PCURVE('',#2595,#2600);
#2595 = PLANE('',#2596);
#2596 = AXIS2_PLACEMENT_3D('',#2597,#2598,#2599);
#2597 = CARTESIAN_POINT('',(-16.8808,-7.,0.75));
#2598 = DIRECTION('',(-0.,1.,0.));
#2599 = DIRECTION('',(0.,0.,1.));
#2600 = DEFINITIONAL_REPRESENTATION('',(#2601),#2605);
#2601 = LINE('',#2602,#2603);
#2602 = CARTESIAN_POINT('',(0.,2.));
#2603 = VECTOR('',#2604,1.);
#2604 = DIRECTION('',(1.,0.));
#2605 = ( GEOMETRIC_REPRESENTATION_CONTEXT(2) 
PARAMETRIC_REPRESENTATION_CONTEXT() REPRESENTATION_CONTEXT('2D SPACE',''
  ) );
#2606 = ORIENTED_EDGE('',*,*,#2607,.F.);
#2607 = EDGE_CURVE('',#2432,#2580,#2608,.T.);
#2608 = SURFACE_CURVE('',#2609,(#2614,#2621),.PCURVE_S1.);
#2609 = CIRCLE('',#2610,2.);
#2610 = AXIS2_PLACEMENT_3D('',#2611,#2612,#2613);
#2611 = CARTESIAN_POINT('',(-14.8808,-5.,3.25));
#2612 = DIRECTION('',(0.,0.,1.));
#2613 = DIRECTION('',(-1.,0.,0.));
#2614 = PCURVE('',#2452,#2615);
#2615 = DEFINITIONAL_REPRESENTATION('',(#2616),#2620);
#2616 = LINE('',#2617,#2618);
#2617 = CARTESIAN_POINT('',(0.,2.5));
#2618 = VECTOR('',#2619,1.);
#2619 = DIRECTION('',(1.,0.));
#2620 = ( GEOMETRIC_REPRESENTATION_CONTEXT(2) 
PARAMETRIC_REPRESENTATION_CONTEXT() REPRESENTATION_CONTEXT('2D SPACE',''
  ) );
#2621 = PCURVE('',#2622,#2627);
#2622 = SPHERICAL_SURFACE('',#2623,2.);
#2623 = AXIS2_PLACEMENT_3D('',#2624,#2625,#2626);
#2624 = CARTESIAN_POINT('',(-14.8808,-5.,3.25));
#2625 = DIRECTION('',(-0.,-0.,-1.));
#2626 = DIRECTION('',(-1.,0.,0.));
#2627 = DEFINITIONAL_REPRESENTATION('',(#2628),#2632);
#2628 = LINE('',#2629,#2630);
#2629 = CARTESIAN_POINT('',(-0.,0.));
#2630 = VECTOR('',#2631,1.);
#2631 = DIRECTION('',(-1.,0.));
#2632 = ( GEOMETRIC_REPRESENTATION_CONTEXT(2) 
PARAMETRIC_REPRESENTATION_CONTEXT() REPRESENTATION_CONTEXT('2D SPACE',''
  ) );
#2633 = ADVANCED_FACE('',(#2634),#2480,.T.);
#2634 = FACE_BOUND('',#2635,.F.);
#2635 = EDGE_LOOP('',(#2636,#2658,#2686,#2711));
#2636 = ORIENTED_EDGE('',*,*,#2637,.F.);
#2637 = EDGE_CURVE('',#2638,#2430,#2640,.T.);
#2638 = VERTEX_POINT('',#2639);
#2639 = CARTESIAN_POINT('',(-14.8808,-5.,0.75));
#2640 = SURFACE_CURVE('',#2641,(#2646,#2652),.PCURVE_S1.);
#2641 = CIRCLE('',#2642,2.);
#2642 = AXIS2_PLACEMENT_3D('',#2643,#2644,#2645);
#2643 = CARTESIAN_POINT('',(-14.8808,-5.,2.75));
#2644 = DIRECTION('',(0.,1.,-0.));
#2645 = DIRECTION('',(-1.,0.,0.));
#2646 = PCURVE('',#2480,#2647);
#2647 = DEFINITIONAL_REPRESENTATION('',(#2648),#2651);
#2648 = B_SPLINE_CURVE_WITH_KNOTS('',1,(#2649,#2650),.UNSPECIFIED.,.F.,
  .F.,(2,2),(4.712388980385,6.28318530718),.PIECEWISE_BEZIER_KNOTS.);
#2649 = CARTESIAN_POINT('',(-1.570796326795,2.));
#2650 = CARTESIAN_POINT('',(0.,2.));
#2651 = ( GEOMETRIC_REPRESENTATION_CONTEXT(2) 
PARAMETRIC_REPRESENTATION_CONTEXT() REPRESENTATION_CONTEXT('2D SPACE',''
  ) );
#2652 = PCURVE('',#2567,#2653);
#2653 = DEFINITIONAL_REPRESENTATION('',(#2654),#2657);
#2654 = B_SPLINE_CURVE_WITH_KNOTS('',1,(#2655,#2656),.UNSPECIFIED.,.F.,
  .F.,(2,2),(4.712388980385,6.28318530718),.PIECEWISE_BEZIER_KNOTS.);
#2655 = CARTESIAN_POINT('',(0.,-1.570796326795));
#2656 = CARTESIAN_POINT('',(0.,0.));
#2657 = ( GEOMETRIC_REPRESENTATION_CONTEXT(2) 
PARAMETRIC_REPRESENTATION_CONTEXT() REPRESENTATION_CONTEXT('2D SPACE',''
  ) );
#2658 = ORIENTED_EDGE('',*,*,#2659,.T.);
#2659 = EDGE_CURVE('',#2638,#2660,#2662,.T.);
#2660 = VERTEX_POINT('',#2661);
#2661 = CARTESIAN_POINT('',(-14.8808,9.,0.75));
#2662 = SURFACE_CURVE('',#2663,(#2667,#2674),.PCURVE_S1.);
#2663 = LINE('',#2664,#2665);
#2664 = CARTESIAN_POINT('',(-14.8808,-7.,0.75));
#2665 = VECTOR('',#2666,1.);
#2666 = DIRECTION('',(-0.,1.,0.));
#2667 = PCURVE('',#2480,#2668);
#2668 = DEFINITIONAL_REPRESENTATION('',(#2669),#2673);
#2669 = LINE('',#2670,#2671);
#2670 = CARTESIAN_POINT('',(-1.570796326795,0.));
#2671 = VECTOR('',#2672,1.);
#2672 = DIRECTION('',(-0.,1.));
#2673 = ( GEOMETRIC_REPRESENTATION_CONTEXT(2) 
PARAMETRIC_REPRESENTATION_CONTEXT() REPRESENTATION_CONTEXT('2D SPACE',''
  ) );
#2674 = PCURVE('',#2675,#2680);
#2675 = PLANE('',#2676);
#2676 = AXIS2_PLACEMENT_3D('',#2677,#2678,#2679);
#2677 = CARTESIAN_POINT('',(-16.8808,-7.,0.75));
#2678 = DIRECTION('',(0.,0.,1.));
#2679 = DIRECTION('',(1.,0.,-0.));
#2680 = DEFINITIONAL_REPRESENTATION('',(#2681),#2685);
#2681 = LINE('',#2682,#2683);
#2682 = CARTESIAN_POINT('',(2.,0.));
#2683 = VECTOR('',#2684,1.);
#2684 = DIRECTION('',(0.,1.));
#2685 = ( GEOMETRIC_REPRESENTATION_CONTEXT(2) 
PARAMETRIC_REPRESENTATION_CONTEXT() REPRESENTATION_CONTEXT('2D SPACE',''
  ) );
#2686 = ORIENTED_EDGE('',*,*,#2687,.T.);
#2687 = EDGE_CURVE('',#2660,#2465,#2688,.T.);
#2688 = SURFACE_CURVE('',#2689,(#2694,#2700),.PCURVE_S1.);
#2689 = CIRCLE('',#2690,2.);
#2690 = AXIS2_PLACEMENT_3D('',#2691,#2692,#2693);
#2691 = CARTESIAN_POINT('',(-14.8808,9.,2.75));
#2692 = DIRECTION('',(0.,1.,-0.));
#2693 = DIRECTION('',(-1.,0.,0.));
#2694 = PCURVE('',#2480,#2695);
#2695 = DEFINITIONAL_REPRESENTATION('',(#2696),#2699);
#2696 = B_SPLINE_CURVE_WITH_KNOTS('',1,(#2697,#2698),.UNSPECIFIED.,.F.,
  .F.,(2,2),(4.712388980385,6.28318530718),.PIECEWISE_BEZIER_KNOTS.);
#2697 = CARTESIAN_POINT('',(-1.570796326795,16.));
#2698 = CARTESIAN_POINT('',(0.,16.));
#2699 = ( GEOMETRIC_REPRESENTATION_CONTEXT(2) 
PARAMETRIC_REPRESENTATION_CONTEXT() REPRESENTATION_CONTEXT('2D SPACE',''
  ) );
#2700 = PCURVE('',#2701,#2706);
#2701 = SPHERICAL_SURFACE('',#2702,2.);
#2702 = AXIS2_PLACEMENT_3D('',#2703,#2704,#2705);
#2703 = CARTESIAN_POINT('',(-14.8808,9.,2.75));
#2704 = DIRECTION('',(0.,0.,1.));
#2705 = DIRECTION('',(-1.,0.,0.));
#2706 = DEFINITIONAL_REPRESENTATION('',(#2707),#2710);
#2707 = B_SPLINE_CURVE_WITH_KNOTS('',1,(#2708,#2709),.UNSPECIFIED.,.F.,
  .F.,(2,2),(4.712388980385,6.28318530718),.PIECEWISE_BEZIER_KNOTS.);
#2708 = CARTESIAN_POINT('',(0.,-1.570796326795));
#2709 = CARTESIAN_POINT('',(0.,0.));
#2710 = ( GEOMETRIC_REPRESENTATION_CONTEXT(2) 
PARAMETRIC_REPRESENTATION_CONTEXT() REPRESENTATION_CONTEXT('2D SPACE',''
  ) );
#2711 = ORIENTED_EDGE('',*,*,#2464,.F.);
#2712 = ADVANCED_FACE('',(#2713),#2534,.T.);
#2713 = FACE_BOUND('',#2714,.T.);
#2714 = EDGE_LOOP('',(#2715,#2737,#2765,#2792));
#2715 = ORIENTED_EDGE('',*,*,#2716,.F.);
#2716 = EDGE_CURVE('',#2717,#2432,#2719,.T.);
#2717 = VERTEX_POINT('',#2718);
#2718 = CARTESIAN_POINT('',(-14.8808,-5.,5.25));
#2719 = SURFACE_CURVE('',#2720,(#2725,#2731),.PCURVE_S1.);
#2720 = CIRCLE('',#2721,2.);
#2721 = AXIS2_PLACEMENT_3D('',#2722,#2723,#2724);
#2722 = CARTESIAN_POINT('',(-14.8808,-5.,3.25));
#2723 = DIRECTION('',(0.,-1.,0.));
#2724 = DIRECTION('',(-1.,0.,0.));
#2725 = PCURVE('',#2534,#2726);
#2726 = DEFINITIONAL_REPRESENTATION('',(#2727),#2730);
#2727 = B_SPLINE_CURVE_WITH_KNOTS('',1,(#2728,#2729),.UNSPECIFIED.,.F.,
  .F.,(2,2),(4.712388980385,6.28318530718),.PIECEWISE_BEZIER_KNOTS.);
#2728 = CARTESIAN_POINT('',(1.570796326795,2.));
#2729 = CARTESIAN_POINT('',(0.,2.));
#2730 = ( GEOMETRIC_REPRESENTATION_CONTEXT(2) 
PARAMETRIC_REPRESENTATION_CONTEXT() REPRESENTATION_CONTEXT('2D SPACE',''
  ) );
#2731 = PCURVE('',#2622,#2732);
#2732 = DEFINITIONAL_REPRESENTATION('',(#2733),#2736);
#2733 = B_SPLINE_CURVE_WITH_KNOTS('',1,(#2734,#2735),.UNSPECIFIED.,.F.,
  .F.,(2,2),(4.712388980385,6.28318530718),.PIECEWISE_BEZIER_KNOTS.);
#2734 = CARTESIAN_POINT('',(0.,-1.570796326795));
#2735 = CARTESIAN_POINT('',(0.,0.));
#2736 = ( GEOMETRIC_REPRESENTATION_CONTEXT(2) 
PARAMETRIC_REPRESENTATION_CONTEXT() REPRESENTATION_CONTEXT('2D SPACE',''
  ) );
#2737 = ORIENTED_EDGE('',*,*,#2738,.T.);
#2738 = EDGE_CURVE('',#2717,#2739,#2741,.T.);
#2739 = VERTEX_POINT('',#2740);
#2740 = CARTESIAN_POINT('',(-14.8808,9.,5.25));
#2741 = SURFACE_CURVE('',#2742,(#2746,#2753),.PCURVE_S1.);
#2742 = LINE('',#2743,#2744);
#2743 = CARTESIAN_POINT('',(-14.8808,-7.,5.25));
#2744 = VECTOR('',#2745,1.);
#2745 = DIRECTION('',(-0.,1.,0.));
#2746 = PCURVE('',#2534,#2747);
#2747 = DEFINITIONAL_REPRESENTATION('',(#2748),#2752);
#2748 = LINE('',#2749,#2750);
#2749 = CARTESIAN_POINT('',(1.570796326795,0.));
#2750 = VECTOR('',#2751,1.);
#2751 = DIRECTION('',(0.,1.));
#2752 = ( GEOMETRIC_REPRESENTATION_CONTEXT(2) 
PARAMETRIC_REPRESENTATION_CONTEXT() REPRESENTATION_CONTEXT('2D SPACE',''
  ) );
#2753 = PCURVE('',#2754,#2759);
#2754 = PLANE('',#2755);
#2755 = AXIS2_PLACEMENT_3D('',#2756,#2757,#2758);
#2756 = CARTESIAN_POINT('',(-16.8808,-7.,5.25));
#2757 = DIRECTION('',(0.,0.,1.));
#2758 = DIRECTION('',(1.,0.,-0.));
#2759 = DEFINITIONAL_REPRESENTATION('',(#2760),#2764);
#2760 = LINE('',#2761,#2762);
#2761 = CARTESIAN_POINT('',(2.,0.));
#2762 = VECTOR('',#2763,1.);
#2763 = DIRECTION('',(0.,1.));
#2764 = ( GEOMETRIC_REPRESENTATION_CONTEXT(2) 
PARAMETRIC_REPRESENTATION_CONTEXT() REPRESENTATION_CONTEXT('2D SPACE',''
  ) );
#2765 = ORIENTED_EDGE('',*,*,#2766,.F.);
#2766 = EDGE_CURVE('',#2493,#2739,#2767,.T.);
#2767 = SURFACE_CURVE('',#2768,(#2773,#2780),.PCURVE_S1.);
#2768 = CIRCLE('',#2769,2.);
#2769 = AXIS2_PLACEMENT_3D('',#2770,#2771,#2772);
#2770 = CARTESIAN_POINT('',(-14.8808,9.,3.25));
#2771 = DIRECTION('',(-0.,1.,0.));
#2772 = DIRECTION('',(-1.,-0.,0.));
#2773 = PCURVE('',#2534,#2774);
#2774 = DEFINITIONAL_REPRESENTATION('',(#2775),#2779);
#2775 = LINE('',#2776,#2777);
#2776 = CARTESIAN_POINT('',(0.,16.));
#2777 = VECTOR('',#2778,1.);
#2778 = DIRECTION('',(1.,0.));
#2779 = ( GEOMETRIC_REPRESENTATION_CONTEXT(2) 
PARAMETRIC_REPRESENTATION_CONTEXT() REPRESENTATION_CONTEXT('2D SPACE',''
  ) );
#2780 = PCURVE('',#2781,#2786);
#2781 = SPHERICAL_SURFACE('',#2782,2.);
#2782 = AXIS2_PLACEMENT_3D('',#2783,#2784,#2785);
#2783 = CARTESIAN_POINT('',(-14.8808,9.,3.25));
#2784 = DIRECTION('',(0.,-1.,-0.));
#2785 = DIRECTION('',(-1.,-0.,0.));
#2786 = DEFINITIONAL_REPRESENTATION('',(#2787),#2791);
#2787 = LINE('',#2788,#2789);
#2788 = CARTESIAN_POINT('',(-0.,0.));
#2789 = VECTOR('',#2790,1.);
#2790 = DIRECTION('',(-1.,0.));
#2791 = ( GEOMETRIC_REPRESENTATION_CONTEXT(2) 
PARAMETRIC_REPRESENTATION_CONTEXT() REPRESENTATION_CONTEXT('2D SPACE',''
  ) );
#2792 = ORIENTED_EDGE('',*,*,#2520,.F.);
#2793 = ADVANCED_FACE('',(#2794),#2508,.T.);
#2794 = FACE_BOUND('',#2795,.F.);
#2795 = EDGE_LOOP('',(#2796,#2797,#2821,#2849));
#2796 = ORIENTED_EDGE('',*,*,#2492,.F.);
#2797 = ORIENTED_EDGE('',*,*,#2798,.T.);
#2798 = EDGE_CURVE('',#2465,#2799,#2801,.T.);
#2799 = VERTEX_POINT('',#2800);
#2800 = CARTESIAN_POINT('',(-14.8808,11.,2.75));
#2801 = SURFACE_CURVE('',#2802,(#2807,#2814),.PCURVE_S1.);
#2802 = CIRCLE('',#2803,2.);
#2803 = AXIS2_PLACEMENT_3D('',#2804,#2805,#2806);
#2804 = CARTESIAN_POINT('',(-14.8808,9.,2.75));
#2805 = DIRECTION('',(-0.,0.,-1.));
#2806 = DIRECTION('',(-1.,0.,0.));
#2807 = PCURVE('',#2508,#2808);
#2808 = DEFINITIONAL_REPRESENTATION('',(#2809),#2813);
#2809 = LINE('',#2810,#2811);
#2810 = CARTESIAN_POINT('',(-0.,2.));
#2811 = VECTOR('',#2812,1.);
#2812 = DIRECTION('',(-1.,0.));
#2813 = ( GEOMETRIC_REPRESENTATION_CONTEXT(2) 
PARAMETRIC_REPRESENTATION_CONTEXT() REPRESENTATION_CONTEXT('2D SPACE',''
  ) );
#2814 = PCURVE('',#2701,#2815);
#2815 = DEFINITIONAL_REPRESENTATION('',(#2816),#2820);
#2816 = LINE('',#2817,#2818);
#2817 = CARTESIAN_POINT('',(-0.,0.));
#2818 = VECTOR('',#2819,1.);
#2819 = DIRECTION('',(-1.,0.));
#2820 = ( GEOMETRIC_REPRESENTATION_CONTEXT(2) 
PARAMETRIC_REPRESENTATION_CONTEXT() REPRESENTATION_CONTEXT('2D SPACE',''
  ) );
#2821 = ORIENTED_EDGE('',*,*,#2822,.T.);
#2822 = EDGE_CURVE('',#2799,#2823,#2825,.T.);
#2823 = VERTEX_POINT('',#2824);
#2824 = CARTESIAN_POINT('',(-14.8808,11.,3.25));
#2825 = SURFACE_CURVE('',#2826,(#2830,#2837),.PCURVE_S1.);
#2826 = LINE('',#2827,#2828);
#2827 = CARTESIAN_POINT('',(-14.8808,11.,0.75));
#2828 = VECTOR('',#2829,1.);
#2829 = DIRECTION('',(0.,0.,1.));
#2830 = PCURVE('',#2508,#2831);
#2831 = DEFINITIONAL_REPRESENTATION('',(#2832),#2836);
#2832 = LINE('',#2833,#2834);
#2833 = CARTESIAN_POINT('',(-1.570796326795,0.));
#2834 = VECTOR('',#2835,1.);
#2835 = DIRECTION('',(-0.,1.));
#2836 = ( GEOMETRIC_REPRESENTATION_CONTEXT(2) 
PARAMETRIC_REPRESENTATION_CONTEXT() REPRESENTATION_CONTEXT('2D SPACE',''
  ) );
#2837 = PCURVE('',#2838,#2843);
#2838 = PLANE('',#2839);
#2839 = AXIS2_PLACEMENT_3D('',#2840,#2841,#2842);
#2840 = CARTESIAN_POINT('',(-16.8808,11.,0.75));
#2841 = DIRECTION('',(-0.,1.,0.));
#2842 = DIRECTION('',(0.,0.,1.));
#2843 = DEFINITIONAL_REPRESENTATION('',(#2844),#2848);
#2844 = LINE('',#2845,#2846);
#2845 = CARTESIAN_POINT('',(0.,2.));
#2846 = VECTOR('',#2847,1.);
#2847 = DIRECTION('',(1.,0.));
#2848 = ( GEOMETRIC_REPRESENTATION_CONTEXT(2) 
PARAMETRIC_REPRESENTATION_CONTEXT() REPRESENTATION_CONTEXT('2D SPACE',''
  ) );
#2849 = ORIENTED_EDGE('',*,*,#2850,.T.);
#2850 = EDGE_CURVE('',#2823,#2493,#2851,.T.);
#2851 = SURFACE_CURVE('',#2852,(#2857,#2863),.PCURVE_S1.);
#2852 = CIRCLE('',#2853,2.);
#2853 = AXIS2_PLACEMENT_3D('',#2854,#2855,#2856);
#2854 = CARTESIAN_POINT('',(-14.8808,9.,3.25));
#2855 = DIRECTION('',(0.,0.,1.));
#2856 = DIRECTION('',(-1.,-0.,0.));
#2857 = PCURVE('',#2508,#2858);
#2858 = DEFINITIONAL_REPRESENTATION('',(#2859),#2862);
#2859 = B_SPLINE_CURVE_WITH_KNOTS('',1,(#2860,#2861),.UNSPECIFIED.,.F.,
  .F.,(2,2),(4.712388980385,6.28318530718),.PIECEWISE_BEZIER_KNOTS.);
#2860 = CARTESIAN_POINT('',(-1.570796326795,2.5));
#2861 = CARTESIAN_POINT('',(0.,2.5));
#2862 = ( GEOMETRIC_REPRESENTATION_CONTEXT(2) 
PARAMETRIC_REPRESENTATION_CONTEXT() REPRESENTATION_CONTEXT('2D SPACE',''
  ) );
#2863 = PCURVE('',#2781,#2864);
#2864 = DEFINITIONAL_REPRESENTATION('',(#2865),#2868);
#2865 = B_SPLINE_CURVE_WITH_KNOTS('',1,(#2866,#2867),.UNSPECIFIED.,.F.,
  .F.,(2,2),(4.712388980385,6.28318530718),.PIECEWISE_BEZIER_KNOTS.);
#2866 = CARTESIAN_POINT('',(0.,-1.570796326795));
#2867 = CARTESIAN_POINT('',(0.,0.));
#2868 = ( GEOMETRIC_REPRESENTATION_CONTEXT(2) 
PARAMETRIC_REPRESENTATION_CONTEXT() REPRESENTATION_CONTEXT('2D SPACE',''
  ) );
#2869 = ADVANCED_FACE('',(#2870),#2567,.T.);
#2870 = FACE_BOUND('',#2871,.T.);
#2871 = EDGE_LOOP('',(#2872,#2873,#2898));
#2872 = ORIENTED_EDGE('',*,*,#2637,.F.);
#2873 = ORIENTED_EDGE('',*,*,#2874,.T.);
#2874 = EDGE_CURVE('',#2638,#2551,#2875,.T.);
#2875 = SURFACE_CURVE('',#2876,(#2881,#2887),.PCURVE_S1.);
#2876 = CIRCLE('',#2877,2.);
#2877 = AXIS2_PLACEMENT_3D('',#2878,#2879,#2880);
#2878 = CARTESIAN_POINT('',(-14.8808,-5.,2.75));
#2879 = DIRECTION('',(-1.,6.123233995737E-17,0.));
#2880 = DIRECTION('',(-6.123233995737E-17,-1.,0.));
#2881 = PCURVE('',#2567,#2882);
#2882 = DEFINITIONAL_REPRESENTATION('',(#2883),#2886);
#2883 = B_SPLINE_CURVE_WITH_KNOTS('',1,(#2884,#2885),.UNSPECIFIED.,.F.,
  .F.,(2,2),(4.712388980385,6.28318530718),.PIECEWISE_BEZIER_KNOTS.);
#2884 = CARTESIAN_POINT('',(1.570796326795,-1.570796326795));
#2885 = CARTESIAN_POINT('',(1.570796326795,0.));
#2886 = ( GEOMETRIC_REPRESENTATION_CONTEXT(2) 
PARAMETRIC_REPRESENTATION_CONTEXT() REPRESENTATION_CONTEXT('2D SPACE',''
  ) );
#2887 = PCURVE('',#2888,#2893);
#2888 = CYLINDRICAL_SURFACE('',#2889,2.);
#2889 = AXIS2_PLACEMENT_3D('',#2890,#2891,#2892);
#2890 = CARTESIAN_POINT('',(-16.8808,-5.,2.75));
#2891 = DIRECTION('',(1.,0.,-0.));
#2892 = DIRECTION('',(0.,-1.,0.));
#2893 = DEFINITIONAL_REPRESENTATION('',(#2894),#2897);
#2894 = B_SPLINE_CURVE_WITH_KNOTS('',1,(#2895,#2896),.UNSPECIFIED.,.F.,
  .F.,(2,2),(4.712388980385,6.28318530718),.PIECEWISE_BEZIER_KNOTS.);
#2895 = CARTESIAN_POINT('',(1.570796326795,2.));
#2896 = CARTESIAN_POINT('',(0.,2.));
#2897 = ( GEOMETRIC_REPRESENTATION_CONTEXT(2) 
PARAMETRIC_REPRESENTATION_CONTEXT() REPRESENTATION_CONTEXT('2D SPACE',''
  ) );
#2898 = ORIENTED_EDGE('',*,*,#2550,.F.);
#2899 = ADVANCED_FACE('',(#2900),#2622,.T.);
#2900 = FACE_BOUND('',#2901,.F.);
#2901 = EDGE_LOOP('',(#2902,#2903,#2928));
#2902 = ORIENTED_EDGE('',*,*,#2716,.F.);
#2903 = ORIENTED_EDGE('',*,*,#2904,.T.);
#2904 = EDGE_CURVE('',#2717,#2580,#2905,.T.);
#2905 = SURFACE_CURVE('',#2906,(#2911,#2917),.PCURVE_S1.);
#2906 = CIRCLE('',#2907,2.);
#2907 = AXIS2_PLACEMENT_3D('',#2908,#2909,#2910);
#2908 = CARTESIAN_POINT('',(-14.8808,-5.,3.25));
#2909 = DIRECTION('',(1.,-6.123233995737E-17,0.));
#2910 = DIRECTION('',(-6.123233995737E-17,-1.,0.));
#2911 = PCURVE('',#2622,#2912);
#2912 = DEFINITIONAL_REPRESENTATION('',(#2913),#2916);
#2913 = B_SPLINE_CURVE_WITH_KNOTS('',1,(#2914,#2915),.UNSPECIFIED.,.F.,
  .F.,(2,2),(4.712388980385,6.28318530718),.PIECEWISE_BEZIER_KNOTS.);
#2914 = CARTESIAN_POINT('',(-1.570796326795,-1.570796326795));
#2915 = CARTESIAN_POINT('',(-1.570796326795,0.));
#2916 = ( GEOMETRIC_REPRESENTATION_CONTEXT(2) 
PARAMETRIC_REPRESENTATION_CONTEXT() REPRESENTATION_CONTEXT('2D SPACE',''
  ) );
#2917 = PCURVE('',#2918,#2923);
#2918 = CYLINDRICAL_SURFACE('',#2919,2.);
#2919 = AXIS2_PLACEMENT_3D('',#2920,#2921,#2922);
#2920 = CARTESIAN_POINT('',(-16.8808,-5.,3.25));
#2921 = DIRECTION('',(1.,0.,-0.));
#2922 = DIRECTION('',(0.,-1.,0.));
#2923 = DEFINITIONAL_REPRESENTATION('',(#2924),#2927);
#2924 = B_SPLINE_CURVE_WITH_KNOTS('',1,(#2925,#2926),.UNSPECIFIED.,.F.,
  .F.,(2,2),(4.712388980385,6.28318530718),.PIECEWISE_BEZIER_KNOTS.);
#2925 = CARTESIAN_POINT('',(-1.570796326795,2.));
#2926 = CARTESIAN_POINT('',(0.,2.));
#2927 = ( GEOMETRIC_REPRESENTATION_CONTEXT(2) 
PARAMETRIC_REPRESENTATION_CONTEXT() REPRESENTATION_CONTEXT('2D SPACE',''
  ) );
#2928 = ORIENTED_EDGE('',*,*,#2607,.F.);
#2929 = ADVANCED_FACE('',(#2930),#2595,.F.);
#2930 = FACE_BOUND('',#2931,.F.);
#2931 = EDGE_LOOP('',(#2932,#2933,#2956,#2984));
#2932 = ORIENTED_EDGE('',*,*,#2579,.T.);
#2933 = ORIENTED_EDGE('',*,*,#2934,.T.);
#2934 = EDGE_CURVE('',#2580,#2935,#2937,.T.);
#2935 = VERTEX_POINT('',#2936);
#2936 = CARTESIAN_POINT('',(7.9192,-7.,3.25));
#2937 = SURFACE_CURVE('',#2938,(#2942,#2949),.PCURVE_S1.);
#2938 = LINE('',#2939,#2940);
#2939 = CARTESIAN_POINT('',(-16.8808,-7.,3.25));
#2940 = VECTOR('',#2941,1.);
#2941 = DIRECTION('',(1.,0.,-0.));
#2942 = PCURVE('',#2595,#2943);
#2943 = DEFINITIONAL_REPRESENTATION('',(#2944),#2948);
#2944 = LINE('',#2945,#2946);
#2945 = CARTESIAN_POINT('',(2.5,0.));
#2946 = VECTOR('',#2947,1.);
#2947 = DIRECTION('',(0.,1.));
#2948 = ( GEOMETRIC_REPRESENTATION_CONTEXT(2) 
PARAMETRIC_REPRESENTATION_CONTEXT() REPRESENTATION_CONTEXT('2D SPACE',''
  ) );
#2949 = PCURVE('',#2918,#2950);
#2950 = DEFINITIONAL_REPRESENTATION('',(#2951),#2955);
#2951 = LINE('',#2952,#2953);
#2952 = CARTESIAN_POINT('',(-0.,0.));
#2953 = VECTOR('',#2954,1.);
#2954 = DIRECTION('',(-0.,1.));
#2955 = ( GEOMETRIC_REPRESENTATION_CONTEXT(2) 
PARAMETRIC_REPRESENTATION_CONTEXT() REPRESENTATION_CONTEXT('2D SPACE',''
  ) );
#2956 = ORIENTED_EDGE('',*,*,#2957,.F.);
#2957 = EDGE_CURVE('',#2958,#2935,#2960,.T.);
#2958 = VERTEX_POINT('',#2959);
#2959 = CARTESIAN_POINT('',(7.9192,-7.,2.75));
#2960 = SURFACE_CURVE('',#2961,(#2965,#2972),.PCURVE_S1.);
#2961 = LINE('',#2962,#2963);
#2962 = CARTESIAN_POINT('',(7.9192,-7.,0.75));
#2963 = VECTOR('',#2964,1.);
#2964 = DIRECTION('',(0.,0.,1.));
#2965 = PCURVE('',#2595,#2966);
#2966 = DEFINITIONAL_REPRESENTATION('',(#2967),#2971);
#2967 = LINE('',#2968,#2969);
#2968 = CARTESIAN_POINT('',(0.,24.8));
#2969 = VECTOR('',#2970,1.);
#2970 = DIRECTION('',(1.,0.));
#2971 = ( GEOMETRIC_REPRESENTATION_CONTEXT(2) 
PARAMETRIC_REPRESENTATION_CONTEXT() REPRESENTATION_CONTEXT('2D SPACE',''
  ) );
#2972 = PCURVE('',#2973,#2978);
#2973 = CYLINDRICAL_SURFACE('',#2974,2.);
#2974 = AXIS2_PLACEMENT_3D('',#2975,#2976,#2977);
#2975 = CARTESIAN_POINT('',(7.9192,-5.,0.75));
#2976 = DIRECTION('',(0.,0.,1.));
#2977 = DIRECTION('',(1.,0.,-0.));
#2978 = DEFINITIONAL_REPRESENTATION('',(#2979),#2983);
#2979 = LINE('',#2980,#2981);
#2980 = CARTESIAN_POINT('',(-1.570796326795,0.));
#2981 = VECTOR('',#2982,1.);
#2982 = DIRECTION('',(-0.,1.));
#2983 = ( GEOMETRIC_REPRESENTATION_CONTEXT(2) 
PARAMETRIC_REPRESENTATION_CONTEXT() REPRESENTATION_CONTEXT('2D SPACE',''
  ) );
#2984 = ORIENTED_EDGE('',*,*,#2985,.F.);
#2985 = EDGE_CURVE('',#2551,#2958,#2986,.T.);
#2986 = SURFACE_CURVE('',#2987,(#2991,#2998),.PCURVE_S1.);
#2987 = LINE('',#2988,#2989);
#2988 = CARTESIAN_POINT('',(-16.8808,-7.,2.75));
#2989 = VECTOR('',#2990,1.);
#2990 = DIRECTION('',(1.,0.,-0.));
#2991 = PCURVE('',#2595,#2992);
#2992 = DEFINITIONAL_REPRESENTATION('',(#2993),#2997);
#2993 = LINE('',#2994,#2995);
#2994 = CARTESIAN_POINT('',(2.,0.));
#2995 = VECTOR('',#2996,1.);
#2996 = DIRECTION('',(0.,1.));
#2997 = ( GEOMETRIC_REPRESENTATION_CONTEXT(2) 
PARAMETRIC_REPRESENTATION_CONTEXT() REPRESENTATION_CONTEXT('2D SPACE',''
  ) );
#2998 = PCURVE('',#2888,#2999);
#2999 = DEFINITIONAL_REPRESENTATION('',(#3000),#3004);
#3000 = LINE('',#3001,#3002);
#3001 = CARTESIAN_POINT('',(0.,0.));
#3002 = VECTOR('',#3003,1.);
#3003 = DIRECTION('',(0.,1.));
#3004 = ( GEOMETRIC_REPRESENTATION_CONTEXT(2) 
PARAMETRIC_REPRESENTATION_CONTEXT() REPRESENTATION_CONTEXT('2D SPACE',''
  ) );
#3005 = ADVANCED_FACE('',(#3006),#2675,.F.);
#3006 = FACE_BOUND('',#3007,.F.);
#3007 = EDGE_LOOP('',(#3008,#3009,#3032,#3060));
#3008 = ORIENTED_EDGE('',*,*,#2659,.F.);
#3009 = ORIENTED_EDGE('',*,*,#3010,.T.);
#3010 = EDGE_CURVE('',#2638,#3011,#3013,.T.);
#3011 = VERTEX_POINT('',#3012);
#3012 = CARTESIAN_POINT('',(7.9192,-5.,0.75));
#3013 = SURFACE_CURVE('',#3014,(#3018,#3025),.PCURVE_S1.);
#3014 = LINE('',#3015,#3016);
#3015 = CARTESIAN_POINT('',(-16.8808,-5.,0.75));
#3016 = VECTOR('',#3017,1.);
#3017 = DIRECTION('',(1.,0.,-0.));
#3018 = PCURVE('',#2675,#3019);
#3019 = DEFINITIONAL_REPRESENTATION('',(#3020),#3024);
#3020 = LINE('',#3021,#3022);
#3021 = CARTESIAN_POINT('',(0.,2.));
#3022 = VECTOR('',#3023,1.);
#3023 = DIRECTION('',(1.,0.));
#3024 = ( GEOMETRIC_REPRESENTATION_CONTEXT(2) 
PARAMETRIC_REPRESENTATION_CONTEXT() REPRESENTATION_CONTEXT('2D SPACE',''
  ) );
#3025 = PCURVE('',#2888,#3026);
#3026 = DEFINITIONAL_REPRESENTATION('',(#3027),#3031);
#3027 = LINE('',#3028,#3029);
#3028 = CARTESIAN_POINT('',(1.570796326795,0.));
#3029 = VECTOR('',#3030,1.);
#3030 = DIRECTION('',(0.,1.));
#3031 = ( GEOMETRIC_REPRESENTATION_CONTEXT(2) 
PARAMETRIC_REPRESENTATION_CONTEXT() REPRESENTATION_CONTEXT('2D SPACE',''
  ) );
#3032 = ORIENTED_EDGE('',*,*,#3033,.T.);
#3033 = EDGE_CURVE('',#3011,#3034,#3036,.T.);
#3034 = VERTEX_POINT('',#3035);
#3035 = CARTESIAN_POINT('',(7.9192,9.,0.75));
#3036 = SURFACE_CURVE('',#3037,(#3041,#3048),.PCURVE_S1.);
#3037 = LINE('',#3038,#3039);
#3038 = CARTESIAN_POINT('',(7.9192,-7.,0.75));
#3039 = VECTOR('',#3040,1.);
#3040 = DIRECTION('',(-0.,1.,0.));
#3041 = PCURVE('',#2675,#3042);
#3042 = DEFINITIONAL_REPRESENTATION('',(#3043),#3047);
#3043 = LINE('',#3044,#3045);
#3044 = CARTESIAN_POINT('',(24.8,0.));
#3045 = VECTOR('',#3046,1.);
#3046 = DIRECTION('',(0.,1.));
#3047 = ( GEOMETRIC_REPRESENTATION_CONTEXT(2) 
PARAMETRIC_REPRESENTATION_CONTEXT() REPRESENTATION_CONTEXT('2D SPACE',''
  ) );
#3048 = PCURVE('',#3049,#3054);
#3049 = CYLINDRICAL_SURFACE('',#3050,2.);
#3050 = AXIS2_PLACEMENT_3D('',#3051,#3052,#3053);
#3051 = CARTESIAN_POINT('',(7.9192,-7.,2.75));
#3052 = DIRECTION('',(-0.,1.,0.));
#3053 = DIRECTION('',(1.,0.,-0.));
#3054 = DEFINITIONAL_REPRESENTATION('',(#3055),#3059);
#3055 = LINE('',#3056,#3057);
#3056 = CARTESIAN_POINT('',(1.570796326795,0.));
#3057 = VECTOR('',#3058,1.);
#3058 = DIRECTION('',(0.,1.));
#3059 = ( GEOMETRIC_REPRESENTATION_CONTEXT(2) 
PARAMETRIC_REPRESENTATION_CONTEXT() REPRESENTATION_CONTEXT('2D SPACE',''
  ) );
#3060 = ORIENTED_EDGE('',*,*,#3061,.F.);
#3061 = EDGE_CURVE('',#2660,#3034,#3062,.T.);
#3062 = SURFACE_CURVE('',#3063,(#3067,#3074),.PCURVE_S1.);
#3063 = LINE('',#3064,#3065);
#3064 = CARTESIAN_POINT('',(-16.8808,9.,0.75));
#3065 = VECTOR('',#3066,1.);
#3066 = DIRECTION('',(1.,0.,-0.));
#3067 = PCURVE('',#2675,#3068);
#3068 = DEFINITIONAL_REPRESENTATION('',(#3069),#3073);
#3069 = LINE('',#3070,#3071);
#3070 = CARTESIAN_POINT('',(0.,16.));
#3071 = VECTOR('',#3072,1.);
#3072 = DIRECTION('',(1.,0.));
#3073 = ( GEOMETRIC_REPRESENTATION_CONTEXT(2) 
PARAMETRIC_REPRESENTATION_CONTEXT() REPRESENTATION_CONTEXT('2D SPACE',''
  ) );
#3074 = PCURVE('',#3075,#3080);
#3075 = CYLINDRICAL_SURFACE('',#3076,2.);
#3076 = AXIS2_PLACEMENT_3D('',#3077,#3078,#3079);
#3077 = CARTESIAN_POINT('',(-16.8808,9.,2.75));
#3078 = DIRECTION('',(1.,0.,-0.));
#3079 = DIRECTION('',(0.,1.,0.));
#3080 = DEFINITIONAL_REPRESENTATION('',(#3081),#3085);
#3081 = LINE('',#3082,#3083);
#3082 = CARTESIAN_POINT('',(-1.570796326795,0.));
#3083 = VECTOR('',#3084,1.);
#3084 = DIRECTION('',(-0.,1.));
#3085 = ( GEOMETRIC_REPRESENTATION_CONTEXT(2) 
PARAMETRIC_REPRESENTATION_CONTEXT() REPRESENTATION_CONTEXT('2D SPACE',''
  ) );
#3086 = ADVANCED_FACE('',(#3087),#2701,.T.);
#3087 = FACE_BOUND('',#3088,.F.);
#3088 = EDGE_LOOP('',(#3089,#3090,#3110));
#3089 = ORIENTED_EDGE('',*,*,#2687,.F.);
#3090 = ORIENTED_EDGE('',*,*,#3091,.T.);
#3091 = EDGE_CURVE('',#2660,#2799,#3092,.T.);
#3092 = SURFACE_CURVE('',#3093,(#3098,#3104),.PCURVE_S1.);
#3093 = CIRCLE('',#3094,2.);
#3094 = AXIS2_PLACEMENT_3D('',#3095,#3096,#3097);
#3095 = CARTESIAN_POINT('',(-14.8808,9.,2.75));
#3096 = DIRECTION('',(1.,6.123233995737E-17,-0.));
#3097 = DIRECTION('',(-6.123233995737E-17,1.,0.));
#3098 = PCURVE('',#2701,#3099);
#3099 = DEFINITIONAL_REPRESENTATION('',(#3100),#3103);
#3100 = B_SPLINE_CURVE_WITH_KNOTS('',1,(#3101,#3102),.UNSPECIFIED.,.F.,
  .F.,(2,2),(4.712388980385,6.28318530718),.PIECEWISE_BEZIER_KNOTS.);
#3101 = CARTESIAN_POINT('',(-1.570796326795,-1.570796326795));
#3102 = CARTESIAN_POINT('',(-1.570796326795,0.));
#3103 = ( GEOMETRIC_REPRESENTATION_CONTEXT(2) 
PARAMETRIC_REPRESENTATION_CONTEXT() REPRESENTATION_CONTEXT('2D SPACE',''
  ) );
#3104 = PCURVE('',#3075,#3105);
#3105 = DEFINITIONAL_REPRESENTATION('',(#3106),#3109);
#3106 = B_SPLINE_CURVE_WITH_KNOTS('',1,(#3107,#3108),.UNSPECIFIED.,.F.,
  .F.,(2,2),(4.712388980385,6.28318530718),.PIECEWISE_BEZIER_KNOTS.);
#3107 = CARTESIAN_POINT('',(-1.570796326795,2.));
#3108 = CARTESIAN_POINT('',(0.,2.));
#3109 = ( GEOMETRIC_REPRESENTATION_CONTEXT(2) 
PARAMETRIC_REPRESENTATION_CONTEXT() REPRESENTATION_CONTEXT('2D SPACE',''
  ) );
#3110 = ORIENTED_EDGE('',*,*,#2798,.F.);
#3111 = ADVANCED_FACE('',(#3112),#2754,.T.);
#3112 = FACE_BOUND('',#3113,.T.);
#3113 = EDGE_LOOP('',(#3114,#3115,#3138,#3166));
#3114 = ORIENTED_EDGE('',*,*,#2738,.F.);
#3115 = ORIENTED_EDGE('',*,*,#3116,.T.);
#3116 = EDGE_CURVE('',#2717,#3117,#3119,.T.);
#3117 = VERTEX_POINT('',#3118);
#3118 = CARTESIAN_POINT('',(7.9192,-5.,5.25));
#3119 = SURFACE_CURVE('',#3120,(#3124,#3131),.PCURVE_S1.);
#3120 = LINE('',#3121,#3122);
#3121 = CARTESIAN_POINT('',(-16.8808,-5.,5.25));
#3122 = VECTOR('',#3123,1.);
#3123 = DIRECTION('',(1.,0.,-0.));
#3124 = PCURVE('',#2754,#3125);
#3125 = DEFINITIONAL_REPRESENTATION('',(#3126),#3130);
#3126 = LINE('',#3127,#3128);
#3127 = CARTESIAN_POINT('',(0.,2.));
#3128 = VECTOR('',#3129,1.);
#3129 = DIRECTION('',(1.,0.));
#3130 = ( GEOMETRIC_REPRESENTATION_CONTEXT(2) 
PARAMETRIC_REPRESENTATION_CONTEXT() REPRESENTATION_CONTEXT('2D SPACE',''
  ) );
#3131 = PCURVE('',#2918,#3132);
#3132 = DEFINITIONAL_REPRESENTATION('',(#3133),#3137);
#3133 = LINE('',#3134,#3135);
#3134 = CARTESIAN_POINT('',(-1.570796326795,0.));
#3135 = VECTOR('',#3136,1.);
#3136 = DIRECTION('',(-0.,1.));
#3137 = ( GEOMETRIC_REPRESENTATION_CONTEXT(2) 
PARAMETRIC_REPRESENTATION_CONTEXT() REPRESENTATION_CONTEXT('2D SPACE',''
  ) );
#3138 = ORIENTED_EDGE('',*,*,#3139,.T.);
#3139 = EDGE_CURVE('',#3117,#3140,#3142,.T.);
#3140 = VERTEX_POINT('',#3141);
#3141 = CARTESIAN_POINT('',(7.9192,9.,5.25));
#3142 = SURFACE_CURVE('',#3143,(#3147,#3154),.PCURVE_S1.);
#3143 = LINE('',#3144,#3145);
#3144 = CARTESIAN_POINT('',(7.9192,-7.,5.25));
#3145 = VECTOR('',#3146,1.);
#3146 = DIRECTION('',(-0.,1.,0.));
#3147 = PCURVE('',#2754,#3148);
#3148 = DEFINITIONAL_REPRESENTATION('',(#3149),#3153);
#3149 = LINE('',#3150,#3151);
#3150 = CARTESIAN_POINT('',(24.8,0.));
#3151 = VECTOR('',#3152,1.);
#3152 = DIRECTION('',(0.,1.));
#3153 = ( GEOMETRIC_REPRESENTATION_CONTEXT(2) 
PARAMETRIC_REPRESENTATION_CONTEXT() REPRESENTATION_CONTEXT('2D SPACE',''
  ) );
#3154 = PCURVE('',#3155,#3160);
#3155 = CYLINDRICAL_SURFACE('',#3156,2.);
#3156 = AXIS2_PLACEMENT_3D('',#3157,#3158,#3159);
#3157 = CARTESIAN_POINT('',(7.9192,-7.,3.25));
#3158 = DIRECTION('',(-0.,1.,0.));
#3159 = DIRECTION('',(1.,0.,-0.));
#3160 = DEFINITIONAL_REPRESENTATION('',(#3161),#3165);
#3161 = LINE('',#3162,#3163);
#3162 = CARTESIAN_POINT('',(-1.570796326795,0.));
#3163 = VECTOR('',#3164,1.);
#3164 = DIRECTION('',(-0.,1.));
#3165 = ( GEOMETRIC_REPRESENTATION_CONTEXT(2) 
PARAMETRIC_REPRESENTATION_CONTEXT() REPRESENTATION_CONTEXT('2D SPACE',''
  ) );
#3166 = ORIENTED_EDGE('',*,*,#3167,.F.);
#3167 = EDGE_CURVE('',#2739,#3140,#3168,.T.);
#3168 = SURFACE_CURVE('',#3169,(#3173,#3180),.PCURVE_S1.);
#3169 = LINE('',#3170,#3171);
#3170 = CARTESIAN_POINT('',(-16.8808,9.,5.25));
#3171 = VECTOR('',#3172,1.);
#3172 = DIRECTION('',(1.,0.,-0.));
#3173 = PCURVE('',#2754,#3174);
#3174 = DEFINITIONAL_REPRESENTATION('',(#3175),#3179);
#3175 = LINE('',#3176,#3177);
#3176 = CARTESIAN_POINT('',(0.,16.));
#3177 = VECTOR('',#3178,1.);
#3178 = DIRECTION('',(1.,0.));
#3179 = ( GEOMETRIC_REPRESENTATION_CONTEXT(2) 
PARAMETRIC_REPRESENTATION_CONTEXT() REPRESENTATION_CONTEXT('2D SPACE',''
  ) );
#3180 = PCURVE('',#3181,#3186);
#3181 = CYLINDRICAL_SURFACE('',#3182,2.);
#3182 = AXIS2_PLACEMENT_3D('',#3183,#3184,#3185);
#3183 = CARTESIAN_POINT('',(-16.8808,9.,3.25));
#3184 = DIRECTION('',(1.,0.,-0.));
#3185 = DIRECTION('',(0.,1.,0.));
#3186 = DEFINITIONAL_REPRESENTATION('',(#3187),#3191);
#3187 = LINE('',#3188,#3189);
#3188 = CARTESIAN_POINT('',(1.570796326795,0.));
#3189 = VECTOR('',#3190,1.);
#3190 = DIRECTION('',(0.,1.));
#3191 = ( GEOMETRIC_REPRESENTATION_CONTEXT(2) 
PARAMETRIC_REPRESENTATION_CONTEXT() REPRESENTATION_CONTEXT('2D SPACE',''
  ) );
#3192 = ADVANCED_FACE('',(#3193),#2781,.T.);
#3193 = FACE_BOUND('',#3194,.F.);
#3194 = EDGE_LOOP('',(#3195,#3196,#3216));
#3195 = ORIENTED_EDGE('',*,*,#2850,.F.);
#3196 = ORIENTED_EDGE('',*,*,#3197,.T.);
#3197 = EDGE_CURVE('',#2823,#2739,#3198,.T.);
#3198 = SURFACE_CURVE('',#3199,(#3204,#3210),.PCURVE_S1.);
#3199 = CIRCLE('',#3200,2.);
#3200 = AXIS2_PLACEMENT_3D('',#3201,#3202,#3203);
#3201 = CARTESIAN_POINT('',(-14.8808,9.,3.25));
#3202 = DIRECTION('',(1.,0.,6.123233995737E-17));
#3203 = DIRECTION('',(-6.123233995737E-17,-0.,1.));
#3204 = PCURVE('',#2781,#3205);
#3205 = DEFINITIONAL_REPRESENTATION('',(#3206),#3209);
#3206 = B_SPLINE_CURVE_WITH_KNOTS('',1,(#3207,#3208),.UNSPECIFIED.,.F.,
  .F.,(2,2),(4.712388980385,6.28318530718),.PIECEWISE_BEZIER_KNOTS.);
#3207 = CARTESIAN_POINT('',(-1.570796326795,-1.570796326795));
#3208 = CARTESIAN_POINT('',(-1.570796326795,0.));
#3209 = ( GEOMETRIC_REPRESENTATION_CONTEXT(2) 
PARAMETRIC_REPRESENTATION_CONTEXT() REPRESENTATION_CONTEXT('2D SPACE',''
  ) );
#3210 = PCURVE('',#3181,#3211);
#3211 = DEFINITIONAL_REPRESENTATION('',(#3212),#3215);
#3212 = B_SPLINE_CURVE_WITH_KNOTS('',1,(#3213,#3214),.UNSPECIFIED.,.F.,
  .F.,(2,2),(4.712388980385,6.28318530718),.PIECEWISE_BEZIER_KNOTS.);
#3213 = CARTESIAN_POINT('',(0.,2.));
#3214 = CARTESIAN_POINT('',(1.570796326795,2.));
#3215 = ( GEOMETRIC_REPRESENTATION_CONTEXT(2) 
PARAMETRIC_REPRESENTATION_CONTEXT() REPRESENTATION_CONTEXT('2D SPACE',''
  ) );
#3216 = ORIENTED_EDGE('',*,*,#2766,.F.);
#3217 = ADVANCED_FACE('',(#3218),#2838,.T.);
#3218 = FACE_BOUND('',#3219,.T.);
#3219 = EDGE_LOOP('',(#3220,#3221,#3244,#3272));
#3220 = ORIENTED_EDGE('',*,*,#2822,.T.);
#3221 = ORIENTED_EDGE('',*,*,#3222,.T.);
#3222 = EDGE_CURVE('',#2823,#3223,#3225,.T.);
#3223 = VERTEX_POINT('',#3224);
#3224 = CARTESIAN_POINT('',(7.9192,11.,3.25));
#3225 = SURFACE_CURVE('',#3226,(#3230,#3237),.PCURVE_S1.);
#3226 = LINE('',#3227,#3228);
#3227 = CARTESIAN_POINT('',(-16.8808,11.,3.25));
#3228 = VECTOR('',#3229,1.);
#3229 = DIRECTION('',(1.,0.,-0.));
#3230 = PCURVE('',#2838,#3231);
#3231 = DEFINITIONAL_REPRESENTATION('',(#3232),#3236);
#3232 = LINE('',#3233,#3234);
#3233 = CARTESIAN_POINT('',(2.5,0.));
#3234 = VECTOR('',#3235,1.);
#3235 = DIRECTION('',(0.,1.));
#3236 = ( GEOMETRIC_REPRESENTATION_CONTEXT(2) 
PARAMETRIC_REPRESENTATION_CONTEXT() REPRESENTATION_CONTEXT('2D SPACE',''
  ) );
#3237 = PCURVE('',#3181,#3238);
#3238 = DEFINITIONAL_REPRESENTATION('',(#3239),#3243);
#3239 = LINE('',#3240,#3241);
#3240 = CARTESIAN_POINT('',(0.,0.));
#3241 = VECTOR('',#3242,1.);
#3242 = DIRECTION('',(0.,1.));
#3243 = ( GEOMETRIC_REPRESENTATION_CONTEXT(2) 
PARAMETRIC_REPRESENTATION_CONTEXT() REPRESENTATION_CONTEXT('2D SPACE',''
  ) );
#3244 = ORIENTED_EDGE('',*,*,#3245,.F.);
#3245 = EDGE_CURVE('',#3246,#3223,#3248,.T.);
#3246 = VERTEX_POINT('',#3247);
#3247 = CARTESIAN_POINT('',(7.9192,11.,2.75));
#3248 = SURFACE_CURVE('',#3249,(#3253,#3260),.PCURVE_S1.);
#3249 = LINE('',#3250,#3251);
#3250 = CARTESIAN_POINT('',(7.9192,11.,0.75));
#3251 = VECTOR('',#3252,1.);
#3252 = DIRECTION('',(0.,0.,1.));
#3253 = PCURVE('',#2838,#3254);
#3254 = DEFINITIONAL_REPRESENTATION('',(#3255),#3259);
#3255 = LINE('',#3256,#3257);
#3256 = CARTESIAN_POINT('',(0.,24.8));
#3257 = VECTOR('',#3258,1.);
#3258 = DIRECTION('',(1.,0.));
#3259 = ( GEOMETRIC_REPRESENTATION_CONTEXT(2) 
PARAMETRIC_REPRESENTATION_CONTEXT() REPRESENTATION_CONTEXT('2D SPACE',''
  ) );
#3260 = PCURVE('',#3261,#3266);
#3261 = CYLINDRICAL_SURFACE('',#3262,2.);
#3262 = AXIS2_PLACEMENT_3D('',#3263,#3264,#3265);
#3263 = CARTESIAN_POINT('',(7.9192,9.,0.75));
#3264 = DIRECTION('',(0.,0.,1.));
#3265 = DIRECTION('',(1.,0.,-0.));
#3266 = DEFINITIONAL_REPRESENTATION('',(#3267),#3271);
#3267 = LINE('',#3268,#3269);
#3268 = CARTESIAN_POINT('',(1.570796326795,0.));
#3269 = VECTOR('',#3270,1.);
#3270 = DIRECTION('',(0.,1.));
#3271 = ( GEOMETRIC_REPRESENTATION_CONTEXT(2) 
PARAMETRIC_REPRESENTATION_CONTEXT() REPRESENTATION_CONTEXT('2D SPACE',''
  ) );
#3272 = ORIENTED_EDGE('',*,*,#3273,.F.);
#3273 = EDGE_CURVE('',#2799,#3246,#3274,.T.);
#3274 = SURFACE_CURVE('',#3275,(#3279,#3286),.PCURVE_S1.);
#3275 = LINE('',#3276,#3277);
#3276 = CARTESIAN_POINT('',(-16.8808,11.,2.75));
#3277 = VECTOR('',#3278,1.);
#3278 = DIRECTION('',(1.,0.,-0.));
#3279 = PCURVE('',#2838,#3280);
#3280 = DEFINITIONAL_REPRESENTATION('',(#3281),#3285);
#3281 = LINE('',#3282,#3283);
#3282 = CARTESIAN_POINT('',(2.,0.));
#3283 = VECTOR('',#3284,1.);
#3284 = DIRECTION('',(0.,1.));
#3285 = ( GEOMETRIC_REPRESENTATION_CONTEXT(2) 
PARAMETRIC_REPRESENTATION_CONTEXT() REPRESENTATION_CONTEXT('2D SPACE',''
  ) );
#3286 = PCURVE('',#3075,#3287);
#3287 = DEFINITIONAL_REPRESENTATION('',(#3288),#3292);
#3288 = LINE('',#3289,#3290);
#3289 = CARTESIAN_POINT('',(-0.,0.));
#3290 = VECTOR('',#3291,1.);
#3291 = DIRECTION('',(-0.,1.));
#3292 = ( GEOMETRIC_REPRESENTATION_CONTEXT(2) 
PARAMETRIC_REPRESENTATION_CONTEXT() REPRESENTATION_CONTEXT('2D SPACE',''
  ) );
#3293 = ADVANCED_FACE('',(#3294),#2888,.T.);
#3294 = FACE_BOUND('',#3295,.T.);
#3295 = EDGE_LOOP('',(#3296,#3297,#3298,#3323));
#3296 = ORIENTED_EDGE('',*,*,#2874,.F.);
#3297 = ORIENTED_EDGE('',*,*,#3010,.T.);
#3298 = ORIENTED_EDGE('',*,*,#3299,.T.);
#3299 = EDGE_CURVE('',#3011,#2958,#3300,.T.);
#3300 = SURFACE_CURVE('',#3301,(#3306,#3312),.PCURVE_S1.);
#3301 = CIRCLE('',#3302,2.);
#3302 = AXIS2_PLACEMENT_3D('',#3303,#3304,#3305);
#3303 = CARTESIAN_POINT('',(7.9192,-5.,2.75));
#3304 = DIRECTION('',(-1.,-6.123233995737E-17,0.));
#3305 = DIRECTION('',(6.123233995737E-17,-1.,-0.));
#3306 = PCURVE('',#2888,#3307);
#3307 = DEFINITIONAL_REPRESENTATION('',(#3308),#3311);
#3308 = B_SPLINE_CURVE_WITH_KNOTS('',1,(#3309,#3310),.UNSPECIFIED.,.F.,
  .F.,(2,2),(4.712388980385,6.28318530718),.PIECEWISE_BEZIER_KNOTS.);
#3309 = CARTESIAN_POINT('',(1.570796326795,24.8));
#3310 = CARTESIAN_POINT('',(0.,24.8));
#3311 = ( GEOMETRIC_REPRESENTATION_CONTEXT(2) 
PARAMETRIC_REPRESENTATION_CONTEXT() REPRESENTATION_CONTEXT('2D SPACE',''
  ) );
#3312 = PCURVE('',#3313,#3318);
#3313 = SPHERICAL_SURFACE('',#3314,2.);
#3314 = AXIS2_PLACEMENT_3D('',#3315,#3316,#3317);
#3315 = CARTESIAN_POINT('',(7.9192,-5.,2.75));
#3316 = DIRECTION('',(0.,0.,1.));
#3317 = DIRECTION('',(1.,0.,-0.));
#3318 = DEFINITIONAL_REPRESENTATION('',(#3319),#3322);
#3319 = B_SPLINE_CURVE_WITH_KNOTS('',1,(#3320,#3321),.UNSPECIFIED.,.F.,
  .F.,(2,2),(4.712388980385,6.28318530718),.PIECEWISE_BEZIER_KNOTS.);
#3320 = CARTESIAN_POINT('',(-1.570796326795,-1.570796326795));
#3321 = CARTESIAN_POINT('',(-1.570796326795,0.));
#3322 = ( GEOMETRIC_REPRESENTATION_CONTEXT(2) 
PARAMETRIC_REPRESENTATION_CONTEXT() REPRESENTATION_CONTEXT('2D SPACE',''
  ) );
#3323 = ORIENTED_EDGE('',*,*,#2985,.F.);
#3324 = ADVANCED_FACE('',(#3325),#2918,.T.);
#3325 = FACE_BOUND('',#3326,.F.);
#3326 = EDGE_LOOP('',(#3327,#3328,#3329,#3354));
#3327 = ORIENTED_EDGE('',*,*,#2904,.F.);
#3328 = ORIENTED_EDGE('',*,*,#3116,.T.);
#3329 = ORIENTED_EDGE('',*,*,#3330,.T.);
#3330 = EDGE_CURVE('',#3117,#2935,#3331,.T.);
#3331 = SURFACE_CURVE('',#3332,(#3337,#3343),.PCURVE_S1.);
#3332 = CIRCLE('',#3333,2.);
#3333 = AXIS2_PLACEMENT_3D('',#3334,#3335,#3336);
#3334 = CARTESIAN_POINT('',(7.9192,-5.,3.25));
#3335 = DIRECTION('',(1.,6.123233995737E-17,0.));
#3336 = DIRECTION('',(6.123233995737E-17,-1.,0.));
#3337 = PCURVE('',#2918,#3338);
#3338 = DEFINITIONAL_REPRESENTATION('',(#3339),#3342);
#3339 = B_SPLINE_CURVE_WITH_KNOTS('',1,(#3340,#3341),.UNSPECIFIED.,.F.,
  .F.,(2,2),(4.712388980385,6.28318530718),.PIECEWISE_BEZIER_KNOTS.);
#3340 = CARTESIAN_POINT('',(-1.570796326795,24.8));
#3341 = CARTESIAN_POINT('',(0.,24.8));
#3342 = ( GEOMETRIC_REPRESENTATION_CONTEXT(2) 
PARAMETRIC_REPRESENTATION_CONTEXT() REPRESENTATION_CONTEXT('2D SPACE',''
  ) );
#3343 = PCURVE('',#3344,#3349);
#3344 = SPHERICAL_SURFACE('',#3345,2.);
#3345 = AXIS2_PLACEMENT_3D('',#3346,#3347,#3348);
#3346 = CARTESIAN_POINT('',(7.9192,-5.,3.25));
#3347 = DIRECTION('',(-0.,-0.,-1.));
#3348 = DIRECTION('',(1.,0.,0.));
#3349 = DEFINITIONAL_REPRESENTATION('',(#3350),#3353);
#3350 = B_SPLINE_CURVE_WITH_KNOTS('',1,(#3351,#3352),.UNSPECIFIED.,.F.,
  .F.,(2,2),(4.712388980385,6.28318530718),.PIECEWISE_BEZIER_KNOTS.);
#3351 = CARTESIAN_POINT('',(1.570796326795,-1.570796326795));
#3352 = CARTESIAN_POINT('',(1.570796326795,0.));
#3353 = ( GEOMETRIC_REPRESENTATION_CONTEXT(2) 
PARAMETRIC_REPRESENTATION_CONTEXT() REPRESENTATION_CONTEXT('2D SPACE',''
  ) );
#3354 = ORIENTED_EDGE('',*,*,#2934,.F.);
#3355 = ADVANCED_FACE('',(#3356),#2973,.T.);
#3356 = FACE_BOUND('',#3357,.F.);
#3357 = EDGE_LOOP('',(#3358,#3388,#3410,#3411));
#3358 = ORIENTED_EDGE('',*,*,#3359,.F.);
#3359 = EDGE_CURVE('',#3360,#3362,#3364,.T.);
#3360 = VERTEX_POINT('',#3361);
#3361 = CARTESIAN_POINT('',(9.9192,-5.,2.75));
#3362 = VERTEX_POINT('',#3363);
#3363 = CARTESIAN_POINT('',(9.9192,-5.,3.25));
#3364 = SURFACE_CURVE('',#3365,(#3369,#3376),.PCURVE_S1.);
#3365 = LINE('',#3366,#3367);
#3366 = CARTESIAN_POINT('',(9.9192,-5.,0.75));
#3367 = VECTOR('',#3368,1.);
#3368 = DIRECTION('',(0.,0.,1.));
#3369 = PCURVE('',#2973,#3370);
#3370 = DEFINITIONAL_REPRESENTATION('',(#3371),#3375);
#3371 = LINE('',#3372,#3373);
#3372 = CARTESIAN_POINT('',(-0.,0.));
#3373 = VECTOR('',#3374,1.);
#3374 = DIRECTION('',(-0.,1.));
#3375 = ( GEOMETRIC_REPRESENTATION_CONTEXT(2) 
PARAMETRIC_REPRESENTATION_CONTEXT() REPRESENTATION_CONTEXT('2D SPACE',''
  ) );
#3376 = PCURVE('',#3377,#3382);
#3377 = PLANE('',#3378);
#3378 = AXIS2_PLACEMENT_3D('',#3379,#3380,#3381);
#3379 = CARTESIAN_POINT('',(9.9192,-7.,0.75));
#3380 = DIRECTION('',(1.,0.,-0.));
#3381 = DIRECTION('',(0.,0.,1.));
#3382 = DEFINITIONAL_REPRESENTATION('',(#3383),#3387);
#3383 = LINE('',#3384,#3385);
#3384 = CARTESIAN_POINT('',(0.,-2.));
#3385 = VECTOR('',#3386,1.);
#3386 = DIRECTION('',(1.,0.));
#3387 = ( GEOMETRIC_REPRESENTATION_CONTEXT(2) 
PARAMETRIC_REPRESENTATION_CONTEXT() REPRESENTATION_CONTEXT('2D SPACE',''
  ) );
#3388 = ORIENTED_EDGE('',*,*,#3389,.T.);
#3389 = EDGE_CURVE('',#3360,#2958,#3390,.T.);
#3390 = SURFACE_CURVE('',#3391,(#3396,#3403),.PCURVE_S1.);
#3391 = CIRCLE('',#3392,2.);
#3392 = AXIS2_PLACEMENT_3D('',#3393,#3394,#3395);
#3393 = CARTESIAN_POINT('',(7.9192,-5.,2.75));
#3394 = DIRECTION('',(0.,-0.,-1.));
#3395 = DIRECTION('',(1.,0.,-0.));
#3396 = PCURVE('',#2973,#3397);
#3397 = DEFINITIONAL_REPRESENTATION('',(#3398),#3402);
#3398 = LINE('',#3399,#3400);
#3399 = CARTESIAN_POINT('',(-0.,2.));
#3400 = VECTOR('',#3401,1.);
#3401 = DIRECTION('',(-1.,0.));
#3402 = ( GEOMETRIC_REPRESENTATION_CONTEXT(2) 
PARAMETRIC_REPRESENTATION_CONTEXT() REPRESENTATION_CONTEXT('2D SPACE',''
  ) );
#3403 = PCURVE('',#3313,#3404);
#3404 = DEFINITIONAL_REPRESENTATION('',(#3405),#3409);
#3405 = LINE('',#3406,#3407);
#3406 = CARTESIAN_POINT('',(-0.,0.));
#3407 = VECTOR('',#3408,1.);
#3408 = DIRECTION('',(-1.,0.));
#3409 = ( GEOMETRIC_REPRESENTATION_CONTEXT(2) 
PARAMETRIC_REPRESENTATION_CONTEXT() REPRESENTATION_CONTEXT('2D SPACE',''
  ) );
#3410 = ORIENTED_EDGE('',*,*,#2957,.T.);
#3411 = ORIENTED_EDGE('',*,*,#3412,.F.);
#3412 = EDGE_CURVE('',#3362,#2935,#3413,.T.);
#3413 = SURFACE_CURVE('',#3414,(#3419,#3426),.PCURVE_S1.);
#3414 = CIRCLE('',#3415,2.);
#3415 = AXIS2_PLACEMENT_3D('',#3416,#3417,#3418);
#3416 = CARTESIAN_POINT('',(7.9192,-5.,3.25));
#3417 = DIRECTION('',(0.,0.,-1.));
#3418 = DIRECTION('',(1.,0.,0.));
#3419 = PCURVE('',#2973,#3420);
#3420 = DEFINITIONAL_REPRESENTATION('',(#3421),#3425);
#3421 = LINE('',#3422,#3423);
#3422 = CARTESIAN_POINT('',(-0.,2.5));
#3423 = VECTOR('',#3424,1.);
#3424 = DIRECTION('',(-1.,0.));
#3425 = ( GEOMETRIC_REPRESENTATION_CONTEXT(2) 
PARAMETRIC_REPRESENTATION_CONTEXT() REPRESENTATION_CONTEXT('2D SPACE',''
  ) );
#3426 = PCURVE('',#3344,#3427);
#3427 = DEFINITIONAL_REPRESENTATION('',(#3428),#3432);
#3428 = LINE('',#3429,#3430);
#3429 = CARTESIAN_POINT('',(0.,0.));
#3430 = VECTOR('',#3431,1.);
#3431 = DIRECTION('',(1.,0.));
#3432 = ( GEOMETRIC_REPRESENTATION_CONTEXT(2) 
PARAMETRIC_REPRESENTATION_CONTEXT() REPRESENTATION_CONTEXT('2D SPACE',''
  ) );
#3433 = ADVANCED_FACE('',(#3434),#3075,.T.);
#3434 = FACE_BOUND('',#3435,.F.);
#3435 = EDGE_LOOP('',(#3436,#3437,#3438,#3463));
#3436 = ORIENTED_EDGE('',*,*,#3091,.F.);
#3437 = ORIENTED_EDGE('',*,*,#3061,.T.);
#3438 = ORIENTED_EDGE('',*,*,#3439,.T.);
#3439 = EDGE_CURVE('',#3034,#3246,#3440,.T.);
#3440 = SURFACE_CURVE('',#3441,(#3446,#3452),.PCURVE_S1.);
#3441 = CIRCLE('',#3442,2.);
#3442 = AXIS2_PLACEMENT_3D('',#3443,#3444,#3445);
#3443 = CARTESIAN_POINT('',(7.9192,9.,2.75));
#3444 = DIRECTION('',(1.,-6.123233995737E-17,0.));
#3445 = DIRECTION('',(6.123233995737E-17,1.,0.));
#3446 = PCURVE('',#3075,#3447);
#3447 = DEFINITIONAL_REPRESENTATION('',(#3448),#3451);
#3448 = B_SPLINE_CURVE_WITH_KNOTS('',1,(#3449,#3450),.UNSPECIFIED.,.F.,
  .F.,(2,2),(4.712388980385,6.28318530718),.PIECEWISE_BEZIER_KNOTS.);
#3449 = CARTESIAN_POINT('',(-1.570796326795,24.8));
#3450 = CARTESIAN_POINT('',(0.,24.8));
#3451 = ( GEOMETRIC_REPRESENTATION_CONTEXT(2) 
PARAMETRIC_REPRESENTATION_CONTEXT() REPRESENTATION_CONTEXT('2D SPACE',''
  ) );
#3452 = PCURVE('',#3453,#3458);
#3453 = SPHERICAL_SURFACE('',#3454,2.);
#3454 = AXIS2_PLACEMENT_3D('',#3455,#3456,#3457);
#3455 = CARTESIAN_POINT('',(7.9192,9.,2.75));
#3456 = DIRECTION('',(0.,0.,1.));
#3457 = DIRECTION('',(1.,0.,-0.));
#3458 = DEFINITIONAL_REPRESENTATION('',(#3459),#3462);
#3459 = B_SPLINE_CURVE_WITH_KNOTS('',1,(#3460,#3461),.UNSPECIFIED.,.F.,
  .F.,(2,2),(4.712388980385,6.28318530718),.PIECEWISE_BEZIER_KNOTS.);
#3460 = CARTESIAN_POINT('',(1.570796326795,-1.570796326795));
#3461 = CARTESIAN_POINT('',(1.570796326795,0.));
#3462 = ( GEOMETRIC_REPRESENTATION_CONTEXT(2) 
PARAMETRIC_REPRESENTATION_CONTEXT() REPRESENTATION_CONTEXT('2D SPACE',''
  ) );
#3463 = ORIENTED_EDGE('',*,*,#3273,.F.);
#3464 = ADVANCED_FACE('',(#3465),#3049,.T.);
#3465 = FACE_BOUND('',#3466,.T.);
#3466 = EDGE_LOOP('',(#3467,#3487,#3488,#3510));
#3467 = ORIENTED_EDGE('',*,*,#3468,.F.);
#3468 = EDGE_CURVE('',#3011,#3360,#3469,.T.);
#3469 = SURFACE_CURVE('',#3470,(#3475,#3481),.PCURVE_S1.);
#3470 = CIRCLE('',#3471,2.);
#3471 = AXIS2_PLACEMENT_3D('',#3472,#3473,#3474);
#3472 = CARTESIAN_POINT('',(7.9192,-5.,2.75));
#3473 = DIRECTION('',(0.,-1.,0.));
#3474 = DIRECTION('',(1.,0.,0.));
#3475 = PCURVE('',#3049,#3476);
#3476 = DEFINITIONAL_REPRESENTATION('',(#3477),#3480);
#3477 = B_SPLINE_CURVE_WITH_KNOTS('',1,(#3478,#3479),.UNSPECIFIED.,.F.,
  .F.,(2,2),(4.712388980385,6.28318530718),.PIECEWISE_BEZIER_KNOTS.);
#3478 = CARTESIAN_POINT('',(1.570796326795,2.));
#3479 = CARTESIAN_POINT('',(0.,2.));
#3480 = ( GEOMETRIC_REPRESENTATION_CONTEXT(2) 
PARAMETRIC_REPRESENTATION_CONTEXT() REPRESENTATION_CONTEXT('2D SPACE',''
  ) );
#3481 = PCURVE('',#3313,#3482);
#3482 = DEFINITIONAL_REPRESENTATION('',(#3483),#3486);
#3483 = B_SPLINE_CURVE_WITH_KNOTS('',1,(#3484,#3485),.UNSPECIFIED.,.F.,
  .F.,(2,2),(4.712388980385,6.28318530718),.PIECEWISE_BEZIER_KNOTS.);
#3484 = CARTESIAN_POINT('',(0.,-1.570796326795));
#3485 = CARTESIAN_POINT('',(0.,0.));
#3486 = ( GEOMETRIC_REPRESENTATION_CONTEXT(2) 
PARAMETRIC_REPRESENTATION_CONTEXT() REPRESENTATION_CONTEXT('2D SPACE',''
  ) );
#3487 = ORIENTED_EDGE('',*,*,#3033,.T.);
#3488 = ORIENTED_EDGE('',*,*,#3489,.T.);
#3489 = EDGE_CURVE('',#3034,#3490,#3492,.T.);
#3490 = VERTEX_POINT('',#3491);
#3491 = CARTESIAN_POINT('',(9.9192,9.,2.75));
#3492 = SURFACE_CURVE('',#3493,(#3498,#3504),.PCURVE_S1.);
#3493 = CIRCLE('',#3494,2.);
#3494 = AXIS2_PLACEMENT_3D('',#3495,#3496,#3497);
#3495 = CARTESIAN_POINT('',(7.9192,9.,2.75));
#3496 = DIRECTION('',(0.,-1.,0.));
#3497 = DIRECTION('',(1.,0.,0.));
#3498 = PCURVE('',#3049,#3499);
#3499 = DEFINITIONAL_REPRESENTATION('',(#3500),#3503);
#3500 = B_SPLINE_CURVE_WITH_KNOTS('',1,(#3501,#3502),.UNSPECIFIED.,.F.,
  .F.,(2,2),(4.712388980385,6.28318530718),.PIECEWISE_BEZIER_KNOTS.);
#3501 = CARTESIAN_POINT('',(1.570796326795,16.));
#3502 = CARTESIAN_POINT('',(0.,16.));
#3503 = ( GEOMETRIC_REPRESENTATION_CONTEXT(2) 
PARAMETRIC_REPRESENTATION_CONTEXT() REPRESENTATION_CONTEXT('2D SPACE',''
  ) );
#3504 = PCURVE('',#3453,#3505);
#3505 = DEFINITIONAL_REPRESENTATION('',(#3506),#3509);
#3506 = B_SPLINE_CURVE_WITH_KNOTS('',1,(#3507,#3508),.UNSPECIFIED.,.F.,
  .F.,(2,2),(4.712388980385,6.28318530718),.PIECEWISE_BEZIER_KNOTS.);
#3507 = CARTESIAN_POINT('',(0.,-1.570796326795));
#3508 = CARTESIAN_POINT('',(0.,0.));
#3509 = ( GEOMETRIC_REPRESENTATION_CONTEXT(2) 
PARAMETRIC_REPRESENTATION_CONTEXT() REPRESENTATION_CONTEXT('2D SPACE',''
  ) );
#3510 = ORIENTED_EDGE('',*,*,#3511,.F.);
#3511 = EDGE_CURVE('',#3360,#3490,#3512,.T.);
#3512 = SURFACE_CURVE('',#3513,(#3517,#3524),.PCURVE_S1.);
#3513 = LINE('',#3514,#3515);
#3514 = CARTESIAN_POINT('',(9.9192,-7.,2.75));
#3515 = VECTOR('',#3516,1.);
#3516 = DIRECTION('',(-0.,1.,0.));
#3517 = PCURVE('',#3049,#3518);
#3518 = DEFINITIONAL_REPRESENTATION('',(#3519),#3523);
#3519 = LINE('',#3520,#3521);
#3520 = CARTESIAN_POINT('',(0.,0.));
#3521 = VECTOR('',#3522,1.);
#3522 = DIRECTION('',(0.,1.));
#3523 = ( GEOMETRIC_REPRESENTATION_CONTEXT(2) 
PARAMETRIC_REPRESENTATION_CONTEXT() REPRESENTATION_CONTEXT('2D SPACE',''
  ) );
#3524 = PCURVE('',#3377,#3525);
#3525 = DEFINITIONAL_REPRESENTATION('',(#3526),#3530);
#3526 = LINE('',#3527,#3528);
#3527 = CARTESIAN_POINT('',(2.,0.));
#3528 = VECTOR('',#3529,1.);
#3529 = DIRECTION('',(0.,-1.));
#3530 = ( GEOMETRIC_REPRESENTATION_CONTEXT(2) 
PARAMETRIC_REPRESENTATION_CONTEXT() REPRESENTATION_CONTEXT('2D SPACE',''
  ) );
#3531 = ADVANCED_FACE('',(#3532),#3181,.T.);
#3532 = FACE_BOUND('',#3533,.T.);
#3533 = EDGE_LOOP('',(#3534,#3535,#3536,#3561));
#3534 = ORIENTED_EDGE('',*,*,#3197,.T.);
#3535 = ORIENTED_EDGE('',*,*,#3167,.T.);
#3536 = ORIENTED_EDGE('',*,*,#3537,.F.);
#3537 = EDGE_CURVE('',#3223,#3140,#3538,.T.);
#3538 = SURFACE_CURVE('',#3539,(#3544,#3550),.PCURVE_S1.);
#3539 = CIRCLE('',#3540,2.);
#3540 = AXIS2_PLACEMENT_3D('',#3541,#3542,#3543);
#3541 = CARTESIAN_POINT('',(7.9192,9.,3.25));
#3542 = DIRECTION('',(1.,0.,-6.123233995737E-17));
#3543 = DIRECTION('',(6.123233995737E-17,0.,1.));
#3544 = PCURVE('',#3181,#3545);
#3545 = DEFINITIONAL_REPRESENTATION('',(#3546),#3549);
#3546 = B_SPLINE_CURVE_WITH_KNOTS('',1,(#3547,#3548),.UNSPECIFIED.,.F.,
  .F.,(2,2),(4.712388980385,6.28318530718),.PIECEWISE_BEZIER_KNOTS.);
#3547 = CARTESIAN_POINT('',(0.,24.8));
#3548 = CARTESIAN_POINT('',(1.570796326795,24.8));
#3549 = ( GEOMETRIC_REPRESENTATION_CONTEXT(2) 
PARAMETRIC_REPRESENTATION_CONTEXT() REPRESENTATION_CONTEXT('2D SPACE',''
  ) );
#3550 = PCURVE('',#3551,#3556);
#3551 = SPHERICAL_SURFACE('',#3552,2.);
#3552 = AXIS2_PLACEMENT_3D('',#3553,#3554,#3555);
#3553 = CARTESIAN_POINT('',(7.9192,9.,3.25));
#3554 = DIRECTION('',(0.,-1.,-0.));
#3555 = DIRECTION('',(1.,0.,0.));
#3556 = DEFINITIONAL_REPRESENTATION('',(#3557),#3560);
#3557 = B_SPLINE_CURVE_WITH_KNOTS('',1,(#3558,#3559),.UNSPECIFIED.,.F.,
  .F.,(2,2),(4.712388980385,6.28318530718),.PIECEWISE_BEZIER_KNOTS.);
#3558 = CARTESIAN_POINT('',(1.570796326795,-1.570796326795));
#3559 = CARTESIAN_POINT('',(1.570796326795,0.));
#3560 = ( GEOMETRIC_REPRESENTATION_CONTEXT(2) 
PARAMETRIC_REPRESENTATION_CONTEXT() REPRESENTATION_CONTEXT('2D SPACE',''
  ) );
#3561 = ORIENTED_EDGE('',*,*,#3222,.F.);
#3562 = ADVANCED_FACE('',(#3563),#3155,.T.);
#3563 = FACE_BOUND('',#3564,.F.);
#3564 = EDGE_LOOP('',(#3565,#3585,#3586,#3610));
#3565 = ORIENTED_EDGE('',*,*,#3566,.F.);
#3566 = EDGE_CURVE('',#3117,#3362,#3567,.T.);
#3567 = SURFACE_CURVE('',#3568,(#3573,#3579),.PCURVE_S1.);
#3568 = CIRCLE('',#3569,2.);
#3569 = AXIS2_PLACEMENT_3D('',#3570,#3571,#3572);
#3570 = CARTESIAN_POINT('',(7.9192,-5.,3.25));
#3571 = DIRECTION('',(-0.,1.,0.));
#3572 = DIRECTION('',(1.,0.,0.));
#3573 = PCURVE('',#3155,#3574);
#3574 = DEFINITIONAL_REPRESENTATION('',(#3575),#3578);
#3575 = B_SPLINE_CURVE_WITH_KNOTS('',1,(#3576,#3577),.UNSPECIFIED.,.F.,
  .F.,(2,2),(4.712388980385,6.28318530718),.PIECEWISE_BEZIER_KNOTS.);
#3576 = CARTESIAN_POINT('',(-1.570796326795,2.));
#3577 = CARTESIAN_POINT('',(0.,2.));
#3578 = ( GEOMETRIC_REPRESENTATION_CONTEXT(2) 
PARAMETRIC_REPRESENTATION_CONTEXT() REPRESENTATION_CONTEXT('2D SPACE',''
  ) );
#3579 = PCURVE('',#3344,#3580);
#3580 = DEFINITIONAL_REPRESENTATION('',(#3581),#3584);
#3581 = B_SPLINE_CURVE_WITH_KNOTS('',1,(#3582,#3583),.UNSPECIFIED.,.F.,
  .F.,(2,2),(4.712388980385,6.28318530718),.PIECEWISE_BEZIER_KNOTS.);
#3582 = CARTESIAN_POINT('',(0.,-1.570796326795));
#3583 = CARTESIAN_POINT('',(0.,0.));
#3584 = ( GEOMETRIC_REPRESENTATION_CONTEXT(2) 
PARAMETRIC_REPRESENTATION_CONTEXT() REPRESENTATION_CONTEXT('2D SPACE',''
  ) );
#3585 = ORIENTED_EDGE('',*,*,#3139,.T.);
#3586 = ORIENTED_EDGE('',*,*,#3587,.F.);
#3587 = EDGE_CURVE('',#3588,#3140,#3590,.T.);
#3588 = VERTEX_POINT('',#3589);
#3589 = CARTESIAN_POINT('',(9.9192,9.,3.25));
#3590 = SURFACE_CURVE('',#3591,(#3596,#3603),.PCURVE_S1.);
#3591 = CIRCLE('',#3592,2.);
#3592 = AXIS2_PLACEMENT_3D('',#3593,#3594,#3595);
#3593 = CARTESIAN_POINT('',(7.9192,9.,3.25));
#3594 = DIRECTION('',(0.,-1.,-0.));
#3595 = DIRECTION('',(1.,0.,0.));
#3596 = PCURVE('',#3155,#3597);
#3597 = DEFINITIONAL_REPRESENTATION('',(#3598),#3602);
#3598 = LINE('',#3599,#3600);
#3599 = CARTESIAN_POINT('',(-0.,16.));
#3600 = VECTOR('',#3601,1.);
#3601 = DIRECTION('',(-1.,0.));
#3602 = ( GEOMETRIC_REPRESENTATION_CONTEXT(2) 
PARAMETRIC_REPRESENTATION_CONTEXT() REPRESENTATION_CONTEXT('2D SPACE',''
  ) );
#3603 = PCURVE('',#3551,#3604);
#3604 = DEFINITIONAL_REPRESENTATION('',(#3605),#3609);
#3605 = LINE('',#3606,#3607);
#3606 = CARTESIAN_POINT('',(0.,0.));
#3607 = VECTOR('',#3608,1.);
#3608 = DIRECTION('',(1.,0.));
#3609 = ( GEOMETRIC_REPRESENTATION_CONTEXT(2) 
PARAMETRIC_REPRESENTATION_CONTEXT() REPRESENTATION_CONTEXT('2D SPACE',''
  ) );
#3610 = ORIENTED_EDGE('',*,*,#3611,.F.);
#3611 = EDGE_CURVE('',#3362,#3588,#3612,.T.);
#3612 = SURFACE_CURVE('',#3613,(#3617,#3624),.PCURVE_S1.);
#3613 = LINE('',#3614,#3615);
#3614 = CARTESIAN_POINT('',(9.9192,-7.,3.25));
#3615 = VECTOR('',#3616,1.);
#3616 = DIRECTION('',(-0.,1.,0.));
#3617 = PCURVE('',#3155,#3618);
#3618 = DEFINITIONAL_REPRESENTATION('',(#3619),#3623);
#3619 = LINE('',#3620,#3621);
#3620 = CARTESIAN_POINT('',(-0.,0.));
#3621 = VECTOR('',#3622,1.);
#3622 = DIRECTION('',(-0.,1.));
#3623 = ( GEOMETRIC_REPRESENTATION_CONTEXT(2) 
PARAMETRIC_REPRESENTATION_CONTEXT() REPRESENTATION_CONTEXT('2D SPACE',''
  ) );
#3624 = PCURVE('',#3377,#3625);
#3625 = DEFINITIONAL_REPRESENTATION('',(#3626),#3630);
#3626 = LINE('',#3627,#3628);
#3627 = CARTESIAN_POINT('',(2.5,0.));
#3628 = VECTOR('',#3629,1.);
#3629 = DIRECTION('',(0.,-1.));
#3630 = ( GEOMETRIC_REPRESENTATION_CONTEXT(2) 
PARAMETRIC_REPRESENTATION_CONTEXT() REPRESENTATION_CONTEXT('2D SPACE',''
  ) );
#3631 = ADVANCED_FACE('',(#3632),#3261,.T.);
#3632 = FACE_BOUND('',#3633,.T.);
#3633 = EDGE_LOOP('',(#3634,#3655,#3677,#3678));
#3634 = ORIENTED_EDGE('',*,*,#3635,.F.);
#3635 = EDGE_CURVE('',#3490,#3588,#3636,.T.);
#3636 = SURFACE_CURVE('',#3637,(#3641,#3648),.PCURVE_S1.);
#3637 = LINE('',#3638,#3639);
#3638 = CARTESIAN_POINT('',(9.9192,9.,0.75));
#3639 = VECTOR('',#3640,1.);
#3640 = DIRECTION('',(0.,0.,1.));
#3641 = PCURVE('',#3261,#3642);
#3642 = DEFINITIONAL_REPRESENTATION('',(#3643),#3647);
#3643 = LINE('',#3644,#3645);
#3644 = CARTESIAN_POINT('',(0.,0.));
#3645 = VECTOR('',#3646,1.);
#3646 = DIRECTION('',(0.,1.));
#3647 = ( GEOMETRIC_REPRESENTATION_CONTEXT(2) 
PARAMETRIC_REPRESENTATION_CONTEXT() REPRESENTATION_CONTEXT('2D SPACE',''
  ) );
#3648 = PCURVE('',#3377,#3649);
#3649 = DEFINITIONAL_REPRESENTATION('',(#3650),#3654);
#3650 = LINE('',#3651,#3652);
#3651 = CARTESIAN_POINT('',(0.,-16.));
#3652 = VECTOR('',#3653,1.);
#3653 = DIRECTION('',(1.,0.));
#3654 = ( GEOMETRIC_REPRESENTATION_CONTEXT(2) 
PARAMETRIC_REPRESENTATION_CONTEXT() REPRESENTATION_CONTEXT('2D SPACE',''
  ) );
#3655 = ORIENTED_EDGE('',*,*,#3656,.T.);
#3656 = EDGE_CURVE('',#3490,#3246,#3657,.T.);
#3657 = SURFACE_CURVE('',#3658,(#3663,#3670),.PCURVE_S1.);
#3658 = CIRCLE('',#3659,2.);
#3659 = AXIS2_PLACEMENT_3D('',#3660,#3661,#3662);
#3660 = CARTESIAN_POINT('',(7.9192,9.,2.75));
#3661 = DIRECTION('',(0.,0.,1.));
#3662 = DIRECTION('',(1.,0.,-0.));
#3663 = PCURVE('',#3261,#3664);
#3664 = DEFINITIONAL_REPRESENTATION('',(#3665),#3669);
#3665 = LINE('',#3666,#3667);
#3666 = CARTESIAN_POINT('',(0.,2.));
#3667 = VECTOR('',#3668,1.);
#3668 = DIRECTION('',(1.,0.));
#3669 = ( GEOMETRIC_REPRESENTATION_CONTEXT(2) 
PARAMETRIC_REPRESENTATION_CONTEXT() REPRESENTATION_CONTEXT('2D SPACE',''
  ) );
#3670 = PCURVE('',#3453,#3671);
#3671 = DEFINITIONAL_REPRESENTATION('',(#3672),#3676);
#3672 = LINE('',#3673,#3674);
#3673 = CARTESIAN_POINT('',(0.,0.));
#3674 = VECTOR('',#3675,1.);
#3675 = DIRECTION('',(1.,0.));
#3676 = ( GEOMETRIC_REPRESENTATION_CONTEXT(2) 
PARAMETRIC_REPRESENTATION_CONTEXT() REPRESENTATION_CONTEXT('2D SPACE',''
  ) );
#3677 = ORIENTED_EDGE('',*,*,#3245,.T.);
#3678 = ORIENTED_EDGE('',*,*,#3679,.T.);
#3679 = EDGE_CURVE('',#3223,#3588,#3680,.T.);
#3680 = SURFACE_CURVE('',#3681,(#3686,#3692),.PCURVE_S1.);
#3681 = CIRCLE('',#3682,2.);
#3682 = AXIS2_PLACEMENT_3D('',#3683,#3684,#3685);
#3683 = CARTESIAN_POINT('',(7.9192,9.,3.25));
#3684 = DIRECTION('',(0.,0.,-1.));
#3685 = DIRECTION('',(1.,0.,0.));
#3686 = PCURVE('',#3261,#3687);
#3687 = DEFINITIONAL_REPRESENTATION('',(#3688),#3691);
#3688 = B_SPLINE_CURVE_WITH_KNOTS('',1,(#3689,#3690),.UNSPECIFIED.,.F.,
  .F.,(2,2),(4.712388980385,6.28318530718),.PIECEWISE_BEZIER_KNOTS.);
#3689 = CARTESIAN_POINT('',(1.570796326795,2.5));
#3690 = CARTESIAN_POINT('',(0.,2.5));
#3691 = ( GEOMETRIC_REPRESENTATION_CONTEXT(2) 
PARAMETRIC_REPRESENTATION_CONTEXT() REPRESENTATION_CONTEXT('2D SPACE',''
  ) );
#3692 = PCURVE('',#3551,#3693);
#3693 = DEFINITIONAL_REPRESENTATION('',(#3694),#3697);
#3694 = B_SPLINE_CURVE_WITH_KNOTS('',1,(#3695,#3696),.UNSPECIFIED.,.F.,
  .F.,(2,2),(4.712388980385,6.28318530718),.PIECEWISE_BEZIER_KNOTS.);
#3695 = CARTESIAN_POINT('',(0.,-1.570796326795));
#3696 = CARTESIAN_POINT('',(0.,0.));
#3697 = ( GEOMETRIC_REPRESENTATION_CONTEXT(2) 
PARAMETRIC_REPRESENTATION_CONTEXT() REPRESENTATION_CONTEXT('2D SPACE',''
  ) );
#3698 = ADVANCED_FACE('',(#3699),#3313,.T.);
#3699 = FACE_BOUND('',#3700,.F.);
#3700 = EDGE_LOOP('',(#3701,#3702,#3703));
#3701 = ORIENTED_EDGE('',*,*,#3468,.F.);
#3702 = ORIENTED_EDGE('',*,*,#3299,.T.);
#3703 = ORIENTED_EDGE('',*,*,#3389,.F.);
#3704 = ADVANCED_FACE('',(#3705),#3344,.T.);
#3705 = FACE_BOUND('',#3706,.T.);
#3706 = EDGE_LOOP('',(#3707,#3708,#3709));
#3707 = ORIENTED_EDGE('',*,*,#3566,.F.);
#3708 = ORIENTED_EDGE('',*,*,#3330,.T.);
#3709 = ORIENTED_EDGE('',*,*,#3412,.F.);
#3710 = ADVANCED_FACE('',(#3711),#3377,.T.);
#3711 = FACE_BOUND('',#3712,.T.);
#3712 = EDGE_LOOP('',(#3713,#3714,#3715,#3716));
#3713 = ORIENTED_EDGE('',*,*,#3359,.F.);
#3714 = ORIENTED_EDGE('',*,*,#3511,.T.);
#3715 = ORIENTED_EDGE('',*,*,#3635,.T.);
#3716 = ORIENTED_EDGE('',*,*,#3611,.F.);
#3717 = ADVANCED_FACE('',(#3718),#3453,.T.);
#3718 = FACE_BOUND('',#3719,.T.);
#3719 = EDGE_LOOP('',(#3720,#3721,#3722));
#3720 = ORIENTED_EDGE('',*,*,#3489,.F.);
#3721 = ORIENTED_EDGE('',*,*,#3439,.T.);
#3722 = ORIENTED_EDGE('',*,*,#3656,.F.);
#3723 = ADVANCED_FACE('',(#3724),#3551,.T.);
#3724 = FACE_BOUND('',#3725,.T.);
#3725 = EDGE_LOOP('',(#3726,#3727,#3728));
#3726 = ORIENTED_EDGE('',*,*,#3679,.F.);
#3727 = ORIENTED_EDGE('',*,*,#3537,.T.);
#3728 = ORIENTED_EDGE('',*,*,#3587,.F.);
#3729 = MANIFOLD_SOLID_BREP('',#3730);
#3730 = CLOSED_SHELL('',(#3731,#3851,#3939,#4018,#4099,#4175,#4205,#4235
    ,#4311,#4392,#4417,#4498,#4523,#4599,#4630,#4661,#4739,#4770,#4837,
    #4868,#4937,#5004,#5010,#5016,#5023,#5029));
#3731 = ADVANCED_FACE('',(#3732),#3746,.F.);
#3732 = FACE_BOUND('',#3733,.F.);
#3733 = EDGE_LOOP('',(#3734,#3769,#3797,#3825));
#3734 = ORIENTED_EDGE('',*,*,#3735,.F.);
#3735 = EDGE_CURVE('',#3736,#3738,#3740,.T.);
#3736 = VERTEX_POINT('',#3737);
#3737 = CARTESIAN_POINT('',(-16.8808,-5.,34.35));
#3738 = VERTEX_POINT('',#3739);
#3739 = CARTESIAN_POINT('',(-16.8808,-5.,34.85));
#3740 = SURFACE_CURVE('',#3741,(#3745,#3757),.PCURVE_S1.);
#3741 = LINE('',#3742,#3743);
#3742 = CARTESIAN_POINT('',(-16.8808,-5.,32.35));
#3743 = VECTOR('',#3744,1.);
#3744 = DIRECTION('',(0.,0.,1.));
#3745 = PCURVE('',#3746,#3751);
#3746 = PLANE('',#3747);
#3747 = AXIS2_PLACEMENT_3D('',#3748,#3749,#3750);
#3748 = CARTESIAN_POINT('',(-16.8808,-7.,32.35));
#3749 = DIRECTION('',(1.,0.,-0.));
#3750 = DIRECTION('',(0.,0.,1.));
#3751 = DEFINITIONAL_REPRESENTATION('',(#3752),#3756);
#3752 = LINE('',#3753,#3754);
#3753 = CARTESIAN_POINT('',(0.,-2.));
#3754 = VECTOR('',#3755,1.);
#3755 = DIRECTION('',(1.,0.));
#3756 = ( GEOMETRIC_REPRESENTATION_CONTEXT(2) 
PARAMETRIC_REPRESENTATION_CONTEXT() REPRESENTATION_CONTEXT('2D SPACE',''
  ) );
#3757 = PCURVE('',#3758,#3763);
#3758 = CYLINDRICAL_SURFACE('',#3759,2.);
#3759 = AXIS2_PLACEMENT_3D('',#3760,#3761,#3762);
#3760 = CARTESIAN_POINT('',(-14.8808,-5.,32.35));
#3761 = DIRECTION('',(0.,0.,1.));
#3762 = DIRECTION('',(-1.,-0.,0.));
#3763 = DEFINITIONAL_REPRESENTATION('',(#3764),#3768);
#3764 = LINE('',#3765,#3766);
#3765 = CARTESIAN_POINT('',(0.,0.));
#3766 = VECTOR('',#3767,1.);
#3767 = DIRECTION('',(0.,1.));
#3768 = ( GEOMETRIC_REPRESENTATION_CONTEXT(2) 
PARAMETRIC_REPRESENTATION_CONTEXT() REPRESENTATION_CONTEXT('2D SPACE',''
  ) );
#3769 = ORIENTED_EDGE('',*,*,#3770,.T.);
#3770 = EDGE_CURVE('',#3736,#3771,#3773,.T.);
#3771 = VERTEX_POINT('',#3772);
#3772 = CARTESIAN_POINT('',(-16.8808,9.,34.35));
#3773 = SURFACE_CURVE('',#3774,(#3778,#3785),.PCURVE_S1.);
#3774 = LINE('',#3775,#3776);
#3775 = CARTESIAN_POINT('',(-16.8808,-7.,34.35));
#3776 = VECTOR('',#3777,1.);
#3777 = DIRECTION('',(-0.,1.,0.));
#3778 = PCURVE('',#3746,#3779);
#3779 = DEFINITIONAL_REPRESENTATION('',(#3780),#3784);
#3780 = LINE('',#3781,#3782);
#3781 = CARTESIAN_POINT('',(2.,0.));
#3782 = VECTOR('',#3783,1.);
#3783 = DIRECTION('',(0.,-1.));
#3784 = ( GEOMETRIC_REPRESENTATION_CONTEXT(2) 
PARAMETRIC_REPRESENTATION_CONTEXT() REPRESENTATION_CONTEXT('2D SPACE',''
  ) );
#3785 = PCURVE('',#3786,#3791);
#3786 = CYLINDRICAL_SURFACE('',#3787,2.);
#3787 = AXIS2_PLACEMENT_3D('',#3788,#3789,#3790);
#3788 = CARTESIAN_POINT('',(-14.8808,-7.,34.35));
#3789 = DIRECTION('',(-0.,1.,0.));
#3790 = DIRECTION('',(-1.,-0.,0.));
#3791 = DEFINITIONAL_REPRESENTATION('',(#3792),#3796);
#3792 = LINE('',#3793,#3794);
#3793 = CARTESIAN_POINT('',(-0.,0.));
#3794 = VECTOR('',#3795,1.);
#3795 = DIRECTION('',(-0.,1.));
#3796 = ( GEOMETRIC_REPRESENTATION_CONTEXT(2) 
PARAMETRIC_REPRESENTATION_CONTEXT() REPRESENTATION_CONTEXT('2D SPACE',''
  ) );
#3797 = ORIENTED_EDGE('',*,*,#3798,.T.);
#3798 = EDGE_CURVE('',#3771,#3799,#3801,.T.);
#3799 = VERTEX_POINT('',#3800);
#3800 = CARTESIAN_POINT('',(-16.8808,9.,34.85));
#3801 = SURFACE_CURVE('',#3802,(#3806,#3813),.PCURVE_S1.);
#3802 = LINE('',#3803,#3804);
#3803 = CARTESIAN_POINT('',(-16.8808,9.,32.35));
#3804 = VECTOR('',#3805,1.);
#3805 = DIRECTION('',(0.,0.,1.));
#3806 = PCURVE('',#3746,#3807);
#3807 = DEFINITIONAL_REPRESENTATION('',(#3808),#3812);
#3808 = LINE('',#3809,#3810);
#3809 = CARTESIAN_POINT('',(0.,-16.));
#3810 = VECTOR('',#3811,1.);
#3811 = DIRECTION('',(1.,0.));
#3812 = ( GEOMETRIC_REPRESENTATION_CONTEXT(2) 
PARAMETRIC_REPRESENTATION_CONTEXT() REPRESENTATION_CONTEXT('2D SPACE',''
  ) );
#3813 = PCURVE('',#3814,#3819);
#3814 = CYLINDRICAL_SURFACE('',#3815,2.);
#3815 = AXIS2_PLACEMENT_3D('',#3816,#3817,#3818);
#3816 = CARTESIAN_POINT('',(-14.8808,9.,32.35));
#3817 = DIRECTION('',(0.,0.,1.));
#3818 = DIRECTION('',(-1.,-0.,0.));
#3819 = DEFINITIONAL_REPRESENTATION('',(#3820),#3824);
#3820 = LINE('',#3821,#3822);
#3821 = CARTESIAN_POINT('',(-0.,0.));
#3822 = VECTOR('',#3823,1.);
#3823 = DIRECTION('',(-0.,1.));
#3824 = ( GEOMETRIC_REPRESENTATION_CONTEXT(2) 
PARAMETRIC_REPRESENTATION_CONTEXT() REPRESENTATION_CONTEXT('2D SPACE',''
  ) );
#3825 = ORIENTED_EDGE('',*,*,#3826,.F.);
#3826 = EDGE_CURVE('',#3738,#3799,#3827,.T.);
#3827 = SURFACE_CURVE('',#3828,(#3832,#3839),.PCURVE_S1.);
#3828 = LINE('',#3829,#3830);
#3829 = CARTESIAN_POINT('',(-16.8808,-7.,34.85));
#3830 = VECTOR('',#3831,1.);
#3831 = DIRECTION('',(-0.,1.,0.));
#3832 = PCURVE('',#3746,#3833);
#3833 = DEFINITIONAL_REPRESENTATION('',(#3834),#3838);
#3834 = LINE('',#3835,#3836);
#3835 = CARTESIAN_POINT('',(2.5,0.));
#3836 = VECTOR('',#3837,1.);
#3837 = DIRECTION('',(0.,-1.));
#3838 = ( GEOMETRIC_REPRESENTATION_CONTEXT(2) 
PARAMETRIC_REPRESENTATION_CONTEXT() REPRESENTATION_CONTEXT('2D SPACE',''
  ) );
#3839 = PCURVE('',#3840,#3845);
#3840 = CYLINDRICAL_SURFACE('',#3841,2.);
#3841 = AXIS2_PLACEMENT_3D('',#3842,#3843,#3844);
#3842 = CARTESIAN_POINT('',(-14.8808,-7.,34.85));
#3843 = DIRECTION('',(-0.,1.,0.));
#3844 = DIRECTION('',(-1.,-0.,0.));
#3845 = DEFINITIONAL_REPRESENTATION('',(#3846),#3850);
#3846 = LINE('',#3847,#3848);
#3847 = CARTESIAN_POINT('',(0.,0.));
#3848 = VECTOR('',#3849,1.);
#3849 = DIRECTION('',(0.,1.));
#3850 = ( GEOMETRIC_REPRESENTATION_CONTEXT(2) 
PARAMETRIC_REPRESENTATION_CONTEXT() REPRESENTATION_CONTEXT('2D SPACE',''
  ) );
#3851 = ADVANCED_FACE('',(#3852),#3758,.T.);
#3852 = FACE_BOUND('',#3853,.T.);
#3853 = EDGE_LOOP('',(#3854,#3855,#3884,#3912));
#3854 = ORIENTED_EDGE('',*,*,#3735,.F.);
#3855 = ORIENTED_EDGE('',*,*,#3856,.T.);
#3856 = EDGE_CURVE('',#3736,#3857,#3859,.T.);
#3857 = VERTEX_POINT('',#3858);
#3858 = CARTESIAN_POINT('',(-14.8808,-7.,34.35));
#3859 = SURFACE_CURVE('',#3860,(#3865,#3872),.PCURVE_S1.);
#3860 = CIRCLE('',#3861,2.);
#3861 = AXIS2_PLACEMENT_3D('',#3862,#3863,#3864);
#3862 = CARTESIAN_POINT('',(-14.8808,-5.,34.35));
#3863 = DIRECTION('',(0.,0.,1.));
#3864 = DIRECTION('',(-1.,0.,0.));
#3865 = PCURVE('',#3758,#3866);
#3866 = DEFINITIONAL_REPRESENTATION('',(#3867),#3871);
#3867 = LINE('',#3868,#3869);
#3868 = CARTESIAN_POINT('',(0.,2.));
#3869 = VECTOR('',#3870,1.);
#3870 = DIRECTION('',(1.,0.));
#3871 = ( GEOMETRIC_REPRESENTATION_CONTEXT(2) 
PARAMETRIC_REPRESENTATION_CONTEXT() REPRESENTATION_CONTEXT('2D SPACE',''
  ) );
#3872 = PCURVE('',#3873,#3878);
#3873 = SPHERICAL_SURFACE('',#3874,2.);
#3874 = AXIS2_PLACEMENT_3D('',#3875,#3876,#3877);
#3875 = CARTESIAN_POINT('',(-14.8808,-5.,34.35));
#3876 = DIRECTION('',(0.,0.,1.));
#3877 = DIRECTION('',(-1.,0.,0.));
#3878 = DEFINITIONAL_REPRESENTATION('',(#3879),#3883);
#3879 = LINE('',#3880,#3881);
#3880 = CARTESIAN_POINT('',(0.,0.));
#3881 = VECTOR('',#3882,1.);
#3882 = DIRECTION('',(1.,0.));
#3883 = ( GEOMETRIC_REPRESENTATION_CONTEXT(2) 
PARAMETRIC_REPRESENTATION_CONTEXT() REPRESENTATION_CONTEXT('2D SPACE',''
  ) );
#3884 = ORIENTED_EDGE('',*,*,#3885,.T.);
#3885 = EDGE_CURVE('',#3857,#3886,#3888,.T.);
#3886 = VERTEX_POINT('',#3887);
#3887 = CARTESIAN_POINT('',(-14.8808,-7.,34.85));
#3888 = SURFACE_CURVE('',#3889,(#3893,#3900),.PCURVE_S1.);
#3889 = LINE('',#3890,#3891);
#3890 = CARTESIAN_POINT('',(-14.8808,-7.,32.35));
#3891 = VECTOR('',#3892,1.);
#3892 = DIRECTION('',(0.,0.,1.));
#3893 = PCURVE('',#3758,#3894);
#3894 = DEFINITIONAL_REPRESENTATION('',(#3895),#3899);
#3895 = LINE('',#3896,#3897);
#3896 = CARTESIAN_POINT('',(1.570796326795,0.));
#3897 = VECTOR('',#3898,1.);
#3898 = DIRECTION('',(0.,1.));
#3899 = ( GEOMETRIC_REPRESENTATION_CONTEXT(2) 
PARAMETRIC_REPRESENTATION_CONTEXT() REPRESENTATION_CONTEXT('2D SPACE',''
  ) );
#3900 = PCURVE('',#3901,#3906);
#3901 = PLANE('',#3902);
#3902 = AXIS2_PLACEMENT_3D('',#3903,#3904,#3905);
#3903 = CARTESIAN_POINT('',(-16.8808,-7.,32.35));
#3904 = DIRECTION('',(-0.,1.,0.));
#3905 = DIRECTION('',(0.,0.,1.));
#3906 = DEFINITIONAL_REPRESENTATION('',(#3907),#3911);
#3907 = LINE('',#3908,#3909);
#3908 = CARTESIAN_POINT('',(0.,2.));
#3909 = VECTOR('',#3910,1.);
#3910 = DIRECTION('',(1.,0.));
#3911 = ( GEOMETRIC_REPRESENTATION_CONTEXT(2) 
PARAMETRIC_REPRESENTATION_CONTEXT() REPRESENTATION_CONTEXT('2D SPACE',''
  ) );
#3912 = ORIENTED_EDGE('',*,*,#3913,.F.);
#3913 = EDGE_CURVE('',#3738,#3886,#3914,.T.);
#3914 = SURFACE_CURVE('',#3915,(#3920,#3927),.PCURVE_S1.);
#3915 = CIRCLE('',#3916,2.);
#3916 = AXIS2_PLACEMENT_3D('',#3917,#3918,#3919);
#3917 = CARTESIAN_POINT('',(-14.8808,-5.,34.85));
#3918 = DIRECTION('',(0.,0.,1.));
#3919 = DIRECTION('',(-1.,0.,0.));
#3920 = PCURVE('',#3758,#3921);
#3921 = DEFINITIONAL_REPRESENTATION('',(#3922),#3926);
#3922 = LINE('',#3923,#3924);
#3923 = CARTESIAN_POINT('',(0.,2.5));
#3924 = VECTOR('',#3925,1.);
#3925 = DIRECTION('',(1.,0.));
#3926 = ( GEOMETRIC_REPRESENTATION_CONTEXT(2) 
PARAMETRIC_REPRESENTATION_CONTEXT() REPRESENTATION_CONTEXT('2D SPACE',''
  ) );
#3927 = PCURVE('',#3928,#3933);
#3928 = SPHERICAL_SURFACE('',#3929,2.);
#3929 = AXIS2_PLACEMENT_3D('',#3930,#3931,#3932);
#3930 = CARTESIAN_POINT('',(-14.8808,-5.,34.85));
#3931 = DIRECTION('',(-0.,-0.,-1.));
#3932 = DIRECTION('',(-1.,0.,0.));
#3933 = DEFINITIONAL_REPRESENTATION('',(#3934),#3938);
#3934 = LINE('',#3935,#3936);
#3935 = CARTESIAN_POINT('',(-0.,0.));
#3936 = VECTOR('',#3937,1.);
#3937 = DIRECTION('',(-1.,0.));
#3938 = ( GEOMETRIC_REPRESENTATION_CONTEXT(2) 
PARAMETRIC_REPRESENTATION_CONTEXT() REPRESENTATION_CONTEXT('2D SPACE',''
  ) );
#3939 = ADVANCED_FACE('',(#3940),#3786,.T.);
#3940 = FACE_BOUND('',#3941,.F.);
#3941 = EDGE_LOOP('',(#3942,#3964,#3992,#4017));
#3942 = ORIENTED_EDGE('',*,*,#3943,.F.);
#3943 = EDGE_CURVE('',#3944,#3736,#3946,.T.);
#3944 = VERTEX_POINT('',#3945);
#3945 = CARTESIAN_POINT('',(-14.8808,-5.,32.35));
#3946 = SURFACE_CURVE('',#3947,(#3952,#3958),.PCURVE_S1.);
#3947 = CIRCLE('',#3948,2.);
#3948 = AXIS2_PLACEMENT_3D('',#3949,#3950,#3951);
#3949 = CARTESIAN_POINT('',(-14.8808,-5.,34.35));
#3950 = DIRECTION('',(0.,1.,-0.));
#3951 = DIRECTION('',(-1.,0.,0.));
#3952 = PCURVE('',#3786,#3953);
#3953 = DEFINITIONAL_REPRESENTATION('',(#3954),#3957);
#3954 = B_SPLINE_CURVE_WITH_KNOTS('',1,(#3955,#3956),.UNSPECIFIED.,.F.,
  .F.,(2,2),(4.712388980385,6.28318530718),.PIECEWISE_BEZIER_KNOTS.);
#3955 = CARTESIAN_POINT('',(-1.570796326795,2.));
#3956 = CARTESIAN_POINT('',(0.,2.));
#3957 = ( GEOMETRIC_REPRESENTATION_CONTEXT(2) 
PARAMETRIC_REPRESENTATION_CONTEXT() REPRESENTATION_CONTEXT('2D SPACE',''
  ) );
#3958 = PCURVE('',#3873,#3959);
#3959 = DEFINITIONAL_REPRESENTATION('',(#3960),#3963);
#3960 = B_SPLINE_CURVE_WITH_KNOTS('',1,(#3961,#3962),.UNSPECIFIED.,.F.,
  .F.,(2,2),(4.712388980385,6.28318530718),.PIECEWISE_BEZIER_KNOTS.);
#3961 = CARTESIAN_POINT('',(0.,-1.570796326795));
#3962 = CARTESIAN_POINT('',(0.,0.));
#3963 = ( GEOMETRIC_REPRESENTATION_CONTEXT(2) 
PARAMETRIC_REPRESENTATION_CONTEXT() REPRESENTATION_CONTEXT('2D SPACE',''
  ) );
#3964 = ORIENTED_EDGE('',*,*,#3965,.T.);
#3965 = EDGE_CURVE('',#3944,#3966,#3968,.T.);
#3966 = VERTEX_POINT('',#3967);
#3967 = CARTESIAN_POINT('',(-14.8808,9.,32.35));
#3968 = SURFACE_CURVE('',#3969,(#3973,#3980),.PCURVE_S1.);
#3969 = LINE('',#3970,#3971);
#3970 = CARTESIAN_POINT('',(-14.8808,-7.,32.35));
#3971 = VECTOR('',#3972,1.);
#3972 = DIRECTION('',(-0.,1.,0.));
#3973 = PCURVE('',#3786,#3974);
#3974 = DEFINITIONAL_REPRESENTATION('',(#3975),#3979);
#3975 = LINE('',#3976,#3977);
#3976 = CARTESIAN_POINT('',(-1.570796326795,0.));
#3977 = VECTOR('',#3978,1.);
#3978 = DIRECTION('',(-0.,1.));
#3979 = ( GEOMETRIC_REPRESENTATION_CONTEXT(2) 
PARAMETRIC_REPRESENTATION_CONTEXT() REPRESENTATION_CONTEXT('2D SPACE',''
  ) );
#3980 = PCURVE('',#3981,#3986);
#3981 = PLANE('',#3982);
#3982 = AXIS2_PLACEMENT_3D('',#3983,#3984,#3985);
#3983 = CARTESIAN_POINT('',(-16.8808,-7.,32.35));
#3984 = DIRECTION('',(0.,0.,1.));
#3985 = DIRECTION('',(1.,0.,-0.));
#3986 = DEFINITIONAL_REPRESENTATION('',(#3987),#3991);
#3987 = LINE('',#3988,#3989);
#3988 = CARTESIAN_POINT('',(2.,0.));
#3989 = VECTOR('',#3990,1.);
#3990 = DIRECTION('',(0.,1.));
#3991 = ( GEOMETRIC_REPRESENTATION_CONTEXT(2) 
PARAMETRIC_REPRESENTATION_CONTEXT() REPRESENTATION_CONTEXT('2D SPACE',''
  ) );
#3992 = ORIENTED_EDGE('',*,*,#3993,.T.);
#3993 = EDGE_CURVE('',#3966,#3771,#3994,.T.);
#3994 = SURFACE_CURVE('',#3995,(#4000,#4006),.PCURVE_S1.);
#3995 = CIRCLE('',#3996,2.);
#3996 = AXIS2_PLACEMENT_3D('',#3997,#3998,#3999);
#3997 = CARTESIAN_POINT('',(-14.8808,9.,34.35));
#3998 = DIRECTION('',(0.,1.,-0.));
#3999 = DIRECTION('',(-1.,0.,0.));
#4000 = PCURVE('',#3786,#4001);
#4001 = DEFINITIONAL_REPRESENTATION('',(#4002),#4005);
#4002 = B_SPLINE_CURVE_WITH_KNOTS('',1,(#4003,#4004),.UNSPECIFIED.,.F.,
  .F.,(2,2),(4.712388980385,6.28318530718),.PIECEWISE_BEZIER_KNOTS.);
#4003 = CARTESIAN_POINT('',(-1.570796326795,16.));
#4004 = CARTESIAN_POINT('',(0.,16.));
#4005 = ( GEOMETRIC_REPRESENTATION_CONTEXT(2) 
PARAMETRIC_REPRESENTATION_CONTEXT() REPRESENTATION_CONTEXT('2D SPACE',''
  ) );
#4006 = PCURVE('',#4007,#4012);
#4007 = SPHERICAL_SURFACE('',#4008,2.);
#4008 = AXIS2_PLACEMENT_3D('',#4009,#4010,#4011);
#4009 = CARTESIAN_POINT('',(-14.8808,9.,34.35));
#4010 = DIRECTION('',(0.,0.,1.));
#4011 = DIRECTION('',(-1.,0.,0.));
#4012 = DEFINITIONAL_REPRESENTATION('',(#4013),#4016);
#4013 = B_SPLINE_CURVE_WITH_KNOTS('',1,(#4014,#4015),.UNSPECIFIED.,.F.,
  .F.,(2,2),(4.712388980385,6.28318530718),.PIECEWISE_BEZIER_KNOTS.);
#4014 = CARTESIAN_POINT('',(0.,-1.570796326795));
#4015 = CARTESIAN_POINT('',(0.,0.));
#4016 = ( GEOMETRIC_REPRESENTATION_CONTEXT(2) 
PARAMETRIC_REPRESENTATION_CONTEXT() REPRESENTATION_CONTEXT('2D SPACE',''
  ) );
#4017 = ORIENTED_EDGE('',*,*,#3770,.F.);
#4018 = ADVANCED_FACE('',(#4019),#3840,.T.);
#4019 = FACE_BOUND('',#4020,.T.);
#4020 = EDGE_LOOP('',(#4021,#4043,#4071,#4098));
#4021 = ORIENTED_EDGE('',*,*,#4022,.F.);
#4022 = EDGE_CURVE('',#4023,#3738,#4025,.T.);
#4023 = VERTEX_POINT('',#4024);
#4024 = CARTESIAN_POINT('',(-14.8808,-5.,36.85));
#4025 = SURFACE_CURVE('',#4026,(#4031,#4037),.PCURVE_S1.);
#4026 = CIRCLE('',#4027,2.);
#4027 = AXIS2_PLACEMENT_3D('',#4028,#4029,#4030);
#4028 = CARTESIAN_POINT('',(-14.8808,-5.,34.85));
#4029 = DIRECTION('',(0.,-1.,0.));
#4030 = DIRECTION('',(-1.,0.,0.));
#4031 = PCURVE('',#3840,#4032);
#4032 = DEFINITIONAL_REPRESENTATION('',(#4033),#4036);
#4033 = B_SPLINE_CURVE_WITH_KNOTS('',1,(#4034,#4035),.UNSPECIFIED.,.F.,
  .F.,(2,2),(4.712388980385,6.28318530718),.PIECEWISE_BEZIER_KNOTS.);
#4034 = CARTESIAN_POINT('',(1.570796326795,2.));
#4035 = CARTESIAN_POINT('',(0.,2.));
#4036 = ( GEOMETRIC_REPRESENTATION_CONTEXT(2) 
PARAMETRIC_REPRESENTATION_CONTEXT() REPRESENTATION_CONTEXT('2D SPACE',''
  ) );
#4037 = PCURVE('',#3928,#4038);
#4038 = DEFINITIONAL_REPRESENTATION('',(#4039),#4042);
#4039 = B_SPLINE_CURVE_WITH_KNOTS('',1,(#4040,#4041),.UNSPECIFIED.,.F.,
  .F.,(2,2),(4.712388980385,6.28318530718),.PIECEWISE_BEZIER_KNOTS.);
#4040 = CARTESIAN_POINT('',(0.,-1.570796326795));
#4041 = CARTESIAN_POINT('',(0.,0.));
#4042 = ( GEOMETRIC_REPRESENTATION_CONTEXT(2) 
PARAMETRIC_REPRESENTATION_CONTEXT() REPRESENTATION_CONTEXT('2D SPACE',''
  ) );
#4043 = ORIENTED_EDGE('',*,*,#4044,.T.);
#4044 = EDGE_CURVE('',#4023,#4045,#4047,.T.);
#4045 = VERTEX_POINT('',#4046);
#4046 = CARTESIAN_POINT('',(-14.8808,9.,36.85));
#4047 = SURFACE_CURVE('',#4048,(#4052,#4059),.PCURVE_S1.);
#4048 = LINE('',#4049,#4050);
#4049 = CARTESIAN_POINT('',(-14.8808,-7.,36.85));
#4050 = VECTOR('',#4051,1.);
#4051 = DIRECTION('',(-0.,1.,0.));
#4052 = PCURVE('',#3840,#4053);
#4053 = DEFINITIONAL_REPRESENTATION('',(#4054),#4058);
#4054 = LINE('',#4055,#4056);
#4055 = CARTESIAN_POINT('',(1.570796326795,0.));
#4056 = VECTOR('',#4057,1.);
#4057 = DIRECTION('',(0.,1.));
#4058 = ( GEOMETRIC_REPRESENTATION_CONTEXT(2) 
PARAMETRIC_REPRESENTATION_CONTEXT() REPRESENTATION_CONTEXT('2D SPACE',''
  ) );
#4059 = PCURVE('',#4060,#4065);
#4060 = PLANE('',#4061);
#4061 = AXIS2_PLACEMENT_3D('',#4062,#4063,#4064);
#4062 = CARTESIAN_POINT('',(-16.8808,-7.,36.85));
#4063 = DIRECTION('',(0.,0.,1.));
#4064 = DIRECTION('',(1.,0.,-0.));
#4065 = DEFINITIONAL_REPRESENTATION('',(#4066),#4070);
#4066 = LINE('',#4067,#4068);
#4067 = CARTESIAN_POINT('',(2.,0.));
#4068 = VECTOR('',#4069,1.);
#4069 = DIRECTION('',(0.,1.));
#4070 = ( GEOMETRIC_REPRESENTATION_CONTEXT(2) 
PARAMETRIC_REPRESENTATION_CONTEXT() REPRESENTATION_CONTEXT('2D SPACE',''
  ) );
#4071 = ORIENTED_EDGE('',*,*,#4072,.F.);
#4072 = EDGE_CURVE('',#3799,#4045,#4073,.T.);
#4073 = SURFACE_CURVE('',#4074,(#4079,#4086),.PCURVE_S1.);
#4074 = CIRCLE('',#4075,2.);
#4075 = AXIS2_PLACEMENT_3D('',#4076,#4077,#4078);
#4076 = CARTESIAN_POINT('',(-14.8808,9.,34.85));
#4077 = DIRECTION('',(-0.,1.,0.));
#4078 = DIRECTION('',(-1.,-0.,0.));
#4079 = PCURVE('',#3840,#4080);
#4080 = DEFINITIONAL_REPRESENTATION('',(#4081),#4085);
#4081 = LINE('',#4082,#4083);
#4082 = CARTESIAN_POINT('',(0.,16.));
#4083 = VECTOR('',#4084,1.);
#4084 = DIRECTION('',(1.,0.));
#4085 = ( GEOMETRIC_REPRESENTATION_CONTEXT(2) 
PARAMETRIC_REPRESENTATION_CONTEXT() REPRESENTATION_CONTEXT('2D SPACE',''
  ) );
#4086 = PCURVE('',#4087,#4092);
#4087 = SPHERICAL_SURFACE('',#4088,2.);
#4088 = AXIS2_PLACEMENT_3D('',#4089,#4090,#4091);
#4089 = CARTESIAN_POINT('',(-14.8808,9.,34.85));
#4090 = DIRECTION('',(0.,-1.,-0.));
#4091 = DIRECTION('',(-1.,-0.,0.));
#4092 = DEFINITIONAL_REPRESENTATION('',(#4093),#4097);
#4093 = LINE('',#4094,#4095);
#4094 = CARTESIAN_POINT('',(-0.,0.));
#4095 = VECTOR('',#4096,1.);
#4096 = DIRECTION('',(-1.,0.));
#4097 = ( GEOMETRIC_REPRESENTATION_CONTEXT(2) 
PARAMETRIC_REPRESENTATION_CONTEXT() REPRESENTATION_CONTEXT('2D SPACE',''
  ) );
#4098 = ORIENTED_EDGE('',*,*,#3826,.F.);
#4099 = ADVANCED_FACE('',(#4100),#3814,.T.);
#4100 = FACE_BOUND('',#4101,.F.);
#4101 = EDGE_LOOP('',(#4102,#4103,#4127,#4155));
#4102 = ORIENTED_EDGE('',*,*,#3798,.F.);
#4103 = ORIENTED_EDGE('',*,*,#4104,.T.);
#4104 = EDGE_CURVE('',#3771,#4105,#4107,.T.);
#4105 = VERTEX_POINT('',#4106);
#4106 = CARTESIAN_POINT('',(-14.8808,11.,34.35));
#4107 = SURFACE_CURVE('',#4108,(#4113,#4120),.PCURVE_S1.);
#4108 = CIRCLE('',#4109,2.);
#4109 = AXIS2_PLACEMENT_3D('',#4110,#4111,#4112);
#4110 = CARTESIAN_POINT('',(-14.8808,9.,34.35));
#4111 = DIRECTION('',(-0.,0.,-1.));
#4112 = DIRECTION('',(-1.,0.,0.));
#4113 = PCURVE('',#3814,#4114);
#4114 = DEFINITIONAL_REPRESENTATION('',(#4115),#4119);
#4115 = LINE('',#4116,#4117);
#4116 = CARTESIAN_POINT('',(-0.,2.));
#4117 = VECTOR('',#4118,1.);
#4118 = DIRECTION('',(-1.,0.));
#4119 = ( GEOMETRIC_REPRESENTATION_CONTEXT(2) 
PARAMETRIC_REPRESENTATION_CONTEXT() REPRESENTATION_CONTEXT('2D SPACE',''
  ) );
#4120 = PCURVE('',#4007,#4121);
#4121 = DEFINITIONAL_REPRESENTATION('',(#4122),#4126);
#4122 = LINE('',#4123,#4124);
#4123 = CARTESIAN_POINT('',(-0.,0.));
#4124 = VECTOR('',#4125,1.);
#4125 = DIRECTION('',(-1.,0.));
#4126 = ( GEOMETRIC_REPRESENTATION_CONTEXT(2) 
PARAMETRIC_REPRESENTATION_CONTEXT() REPRESENTATION_CONTEXT('2D SPACE',''
  ) );
#4127 = ORIENTED_EDGE('',*,*,#4128,.T.);
#4128 = EDGE_CURVE('',#4105,#4129,#4131,.T.);
#4129 = VERTEX_POINT('',#4130);
#4130 = CARTESIAN_POINT('',(-14.8808,11.,34.85));
#4131 = SURFACE_CURVE('',#4132,(#4136,#4143),.PCURVE_S1.);
#4132 = LINE('',#4133,#4134);
#4133 = CARTESIAN_POINT('',(-14.8808,11.,32.35));
#4134 = VECTOR('',#4135,1.);
#4135 = DIRECTION('',(0.,0.,1.));
#4136 = PCURVE('',#3814,#4137);
#4137 = DEFINITIONAL_REPRESENTATION('',(#4138),#4142);
#4138 = LINE('',#4139,#4140);
#4139 = CARTESIAN_POINT('',(-1.570796326795,0.));
#4140 = VECTOR('',#4141,1.);
#4141 = DIRECTION('',(-0.,1.));
#4142 = ( GEOMETRIC_REPRESENTATION_CONTEXT(2) 
PARAMETRIC_REPRESENTATION_CONTEXT() REPRESENTATION_CONTEXT('2D SPACE',''
  ) );
#4143 = PCURVE('',#4144,#4149);
#4144 = PLANE('',#4145);
#4145 = AXIS2_PLACEMENT_3D('',#4146,#4147,#4148);
#4146 = CARTESIAN_POINT('',(-16.8808,11.,32.35));
#4147 = DIRECTION('',(-0.,1.,0.));
#4148 = DIRECTION('',(0.,0.,1.));
#4149 = DEFINITIONAL_REPRESENTATION('',(#4150),#4154);
#4150 = LINE('',#4151,#4152);
#4151 = CARTESIAN_POINT('',(0.,2.));
#4152 = VECTOR('',#4153,1.);
#4153 = DIRECTION('',(1.,0.));
#4154 = ( GEOMETRIC_REPRESENTATION_CONTEXT(2) 
PARAMETRIC_REPRESENTATION_CONTEXT() REPRESENTATION_CONTEXT('2D SPACE',''
  ) );
#4155 = ORIENTED_EDGE('',*,*,#4156,.T.);
#4156 = EDGE_CURVE('',#4129,#3799,#4157,.T.);
#4157 = SURFACE_CURVE('',#4158,(#4163,#4169),.PCURVE_S1.);
#4158 = CIRCLE('',#4159,2.);
#4159 = AXIS2_PLACEMENT_3D('',#4160,#4161,#4162);
#4160 = CARTESIAN_POINT('',(-14.8808,9.,34.85));
#4161 = DIRECTION('',(0.,0.,1.));
#4162 = DIRECTION('',(-1.,-0.,0.));
#4163 = PCURVE('',#3814,#4164);
#4164 = DEFINITIONAL_REPRESENTATION('',(#4165),#4168);
#4165 = B_SPLINE_CURVE_WITH_KNOTS('',1,(#4166,#4167),.UNSPECIFIED.,.F.,
  .F.,(2,2),(4.712388980385,6.28318530718),.PIECEWISE_BEZIER_KNOTS.);
#4166 = CARTESIAN_POINT('',(-1.570796326795,2.5));
#4167 = CARTESIAN_POINT('',(0.,2.5));
#4168 = ( GEOMETRIC_REPRESENTATION_CONTEXT(2) 
PARAMETRIC_REPRESENTATION_CONTEXT() REPRESENTATION_CONTEXT('2D SPACE',''
  ) );
#4169 = PCURVE('',#4087,#4170);
#4170 = DEFINITIONAL_REPRESENTATION('',(#4171),#4174);
#4171 = B_SPLINE_CURVE_WITH_KNOTS('',1,(#4172,#4173),.UNSPECIFIED.,.F.,
  .F.,(2,2),(4.712388980385,6.28318530718),.PIECEWISE_BEZIER_KNOTS.);
#4172 = CARTESIAN_POINT('',(0.,-1.570796326795));
#4173 = CARTESIAN_POINT('',(0.,0.));
#4174 = ( GEOMETRIC_REPRESENTATION_CONTEXT(2) 
PARAMETRIC_REPRESENTATION_CONTEXT() REPRESENTATION_CONTEXT('2D SPACE',''
  ) );
#4175 = ADVANCED_FACE('',(#4176),#3873,.T.);
#4176 = FACE_BOUND('',#4177,.T.);
#4177 = EDGE_LOOP('',(#4178,#4179,#4204));
#4178 = ORIENTED_EDGE('',*,*,#3943,.F.);
#4179 = ORIENTED_EDGE('',*,*,#4180,.T.);
#4180 = EDGE_CURVE('',#3944,#3857,#4181,.T.);
#4181 = SURFACE_CURVE('',#4182,(#4187,#4193),.PCURVE_S1.);
#4182 = CIRCLE('',#4183,2.);
#4183 = AXIS2_PLACEMENT_3D('',#4184,#4185,#4186);
#4184 = CARTESIAN_POINT('',(-14.8808,-5.,34.35));
#4185 = DIRECTION('',(-1.,6.123233995737E-17,0.));
#4186 = DIRECTION('',(-6.123233995737E-17,-1.,0.));
#4187 = PCURVE('',#3873,#4188);
#4188 = DEFINITIONAL_REPRESENTATION('',(#4189),#4192);
#4189 = B_SPLINE_CURVE_WITH_KNOTS('',1,(#4190,#4191),.UNSPECIFIED.,.F.,
  .F.,(2,2),(4.712388980385,6.28318530718),.PIECEWISE_BEZIER_KNOTS.);
#4190 = CARTESIAN_POINT('',(1.570796326795,-1.570796326795));
#4191 = CARTESIAN_POINT('',(1.570796326795,0.));
#4192 = ( GEOMETRIC_REPRESENTATION_CONTEXT(2) 
PARAMETRIC_REPRESENTATION_CONTEXT() REPRESENTATION_CONTEXT('2D SPACE',''
  ) );
#4193 = PCURVE('',#4194,#4199);
#4194 = CYLINDRICAL_SURFACE('',#4195,2.);
#4195 = AXIS2_PLACEMENT_3D('',#4196,#4197,#4198);
#4196 = CARTESIAN_POINT('',(-16.8808,-5.,34.35));
#4197 = DIRECTION('',(1.,0.,-0.));
#4198 = DIRECTION('',(0.,-1.,0.));
#4199 = DEFINITIONAL_REPRESENTATION('',(#4200),#4203);
#4200 = B_SPLINE_CURVE_WITH_KNOTS('',1,(#4201,#4202),.UNSPECIFIED.,.F.,
  .F.,(2,2),(4.712388980385,6.28318530718),.PIECEWISE_BEZIER_KNOTS.);
#4201 = CARTESIAN_POINT('',(1.570796326795,2.));
#4202 = CARTESIAN_POINT('',(0.,2.));
#4203 = ( GEOMETRIC_REPRESENTATION_CONTEXT(2) 
PARAMETRIC_REPRESENTATION_CONTEXT() REPRESENTATION_CONTEXT('2D SPACE',''
  ) );
#4204 = ORIENTED_EDGE('',*,*,#3856,.F.);
#4205 = ADVANCED_FACE('',(#4206),#3928,.T.);
#4206 = FACE_BOUND('',#4207,.F.);
#4207 = EDGE_LOOP('',(#4208,#4209,#4234));
#4208 = ORIENTED_EDGE('',*,*,#4022,.F.);
#4209 = ORIENTED_EDGE('',*,*,#4210,.T.);
#4210 = EDGE_CURVE('',#4023,#3886,#4211,.T.);
#4211 = SURFACE_CURVE('',#4212,(#4217,#4223),.PCURVE_S1.);
#4212 = CIRCLE('',#4213,2.);
#4213 = AXIS2_PLACEMENT_3D('',#4214,#4215,#4216);
#4214 = CARTESIAN_POINT('',(-14.8808,-5.,34.85));
#4215 = DIRECTION('',(1.,-6.123233995737E-17,0.));
#4216 = DIRECTION('',(-6.123233995737E-17,-1.,0.));
#4217 = PCURVE('',#3928,#4218);
#4218 = DEFINITIONAL_REPRESENTATION('',(#4219),#4222);
#4219 = B_SPLINE_CURVE_WITH_KNOTS('',1,(#4220,#4221),.UNSPECIFIED.,.F.,
  .F.,(2,2),(4.712388980385,6.28318530718),.PIECEWISE_BEZIER_KNOTS.);
#4220 = CARTESIAN_POINT('',(-1.570796326795,-1.570796326795));
#4221 = CARTESIAN_POINT('',(-1.570796326795,0.));
#4222 = ( GEOMETRIC_REPRESENTATION_CONTEXT(2) 
PARAMETRIC_REPRESENTATION_CONTEXT() REPRESENTATION_CONTEXT('2D SPACE',''
  ) );
#4223 = PCURVE('',#4224,#4229);
#4224 = CYLINDRICAL_SURFACE('',#4225,2.);
#4225 = AXIS2_PLACEMENT_3D('',#4226,#4227,#4228);
#4226 = CARTESIAN_POINT('',(-16.8808,-5.,34.85));
#4227 = DIRECTION('',(1.,0.,-0.));
#4228 = DIRECTION('',(0.,-1.,0.));
#4229 = DEFINITIONAL_REPRESENTATION('',(#4230),#4233);
#4230 = B_SPLINE_CURVE_WITH_KNOTS('',1,(#4231,#4232),.UNSPECIFIED.,.F.,
  .F.,(2,2),(4.712388980385,6.28318530718),.PIECEWISE_BEZIER_KNOTS.);
#4231 = CARTESIAN_POINT('',(-1.570796326795,2.));
#4232 = CARTESIAN_POINT('',(0.,2.));
#4233 = ( GEOMETRIC_REPRESENTATION_CONTEXT(2) 
PARAMETRIC_REPRESENTATION_CONTEXT() REPRESENTATION_CONTEXT('2D SPACE',''
  ) );
#4234 = ORIENTED_EDGE('',*,*,#3913,.F.);
#4235 = ADVANCED_FACE('',(#4236),#3901,.F.);
#4236 = FACE_BOUND('',#4237,.F.);
#4237 = EDGE_LOOP('',(#4238,#4239,#4262,#4290));
#4238 = ORIENTED_EDGE('',*,*,#3885,.T.);
#4239 = ORIENTED_EDGE('',*,*,#4240,.T.);
#4240 = EDGE_CURVE('',#3886,#4241,#4243,.T.);
#4241 = VERTEX_POINT('',#4242);
#4242 = CARTESIAN_POINT('',(7.9192,-7.,34.85));
#4243 = SURFACE_CURVE('',#4244,(#4248,#4255),.PCURVE_S1.);
#4244 = LINE('',#4245,#4246);
#4245 = CARTESIAN_POINT('',(-16.8808,-7.,34.85));
#4246 = VECTOR('',#4247,1.);
#4247 = DIRECTION('',(1.,0.,-0.));
#4248 = PCURVE('',#3901,#4249);
#4249 = DEFINITIONAL_REPRESENTATION('',(#4250),#4254);
#4250 = LINE('',#4251,#4252);
#4251 = CARTESIAN_POINT('',(2.5,0.));
#4252 = VECTOR('',#4253,1.);
#4253 = DIRECTION('',(0.,1.));
#4254 = ( GEOMETRIC_REPRESENTATION_CONTEXT(2) 
PARAMETRIC_REPRESENTATION_CONTEXT() REPRESENTATION_CONTEXT('2D SPACE',''
  ) );
#4255 = PCURVE('',#4224,#4256);
#4256 = DEFINITIONAL_REPRESENTATION('',(#4257),#4261);
#4257 = LINE('',#4258,#4259);
#4258 = CARTESIAN_POINT('',(-0.,0.));
#4259 = VECTOR('',#4260,1.);
#4260 = DIRECTION('',(-0.,1.));
#4261 = ( GEOMETRIC_REPRESENTATION_CONTEXT(2) 
PARAMETRIC_REPRESENTATION_CONTEXT() REPRESENTATION_CONTEXT('2D SPACE',''
  ) );
#4262 = ORIENTED_EDGE('',*,*,#4263,.F.);
#4263 = EDGE_CURVE('',#4264,#4241,#4266,.T.);
#4264 = VERTEX_POINT('',#4265);
#4265 = CARTESIAN_POINT('',(7.9192,-7.,34.35));
#4266 = SURFACE_CURVE('',#4267,(#4271,#4278),.PCURVE_S1.);
#4267 = LINE('',#4268,#4269);
#4268 = CARTESIAN_POINT('',(7.9192,-7.,32.35));
#4269 = VECTOR('',#4270,1.);
#4270 = DIRECTION('',(0.,0.,1.));
#4271 = PCURVE('',#3901,#4272);
#4272 = DEFINITIONAL_REPRESENTATION('',(#4273),#4277);
#4273 = LINE('',#4274,#4275);
#4274 = CARTESIAN_POINT('',(0.,24.8));
#4275 = VECTOR('',#4276,1.);
#4276 = DIRECTION('',(1.,0.));
#4277 = ( GEOMETRIC_REPRESENTATION_CONTEXT(2) 
PARAMETRIC_REPRESENTATION_CONTEXT() REPRESENTATION_CONTEXT('2D SPACE',''
  ) );
#4278 = PCURVE('',#4279,#4284);
#4279 = CYLINDRICAL_SURFACE('',#4280,2.);
#4280 = AXIS2_PLACEMENT_3D('',#4281,#4282,#4283);
#4281 = CARTESIAN_POINT('',(7.9192,-5.,32.35));
#4282 = DIRECTION('',(0.,0.,1.));
#4283 = DIRECTION('',(1.,0.,-0.));
#4284 = DEFINITIONAL_REPRESENTATION('',(#4285),#4289);
#4285 = LINE('',#4286,#4287);
#4286 = CARTESIAN_POINT('',(-1.570796326795,0.));
#4287 = VECTOR('',#4288,1.);
#4288 = DIRECTION('',(-0.,1.));
#4289 = ( GEOMETRIC_REPRESENTATION_CONTEXT(2) 
PARAMETRIC_REPRESENTATION_CONTEXT() REPRESENTATION_CONTEXT('2D SPACE',''
  ) );
#4290 = ORIENTED_EDGE('',*,*,#4291,.F.);
#4291 = EDGE_CURVE('',#3857,#4264,#4292,.T.);
#4292 = SURFACE_CURVE('',#4293,(#4297,#4304),.PCURVE_S1.);
#4293 = LINE('',#4294,#4295);
#4294 = CARTESIAN_POINT('',(-16.8808,-7.,34.35));
#4295 = VECTOR('',#4296,1.);
#4296 = DIRECTION('',(1.,0.,-0.));
#4297 = PCURVE('',#3901,#4298);
#4298 = DEFINITIONAL_REPRESENTATION('',(#4299),#4303);
#4299 = LINE('',#4300,#4301);
#4300 = CARTESIAN_POINT('',(2.,0.));
#4301 = VECTOR('',#4302,1.);
#4302 = DIRECTION('',(0.,1.));
#4303 = ( GEOMETRIC_REPRESENTATION_CONTEXT(2) 
PARAMETRIC_REPRESENTATION_CONTEXT() REPRESENTATION_CONTEXT('2D SPACE',''
  ) );
#4304 = PCURVE('',#4194,#4305);
#4305 = DEFINITIONAL_REPRESENTATION('',(#4306),#4310);
#4306 = LINE('',#4307,#4308);
#4307 = CARTESIAN_POINT('',(0.,0.));
#4308 = VECTOR('',#4309,1.);
#4309 = DIRECTION('',(0.,1.));
#4310 = ( GEOMETRIC_REPRESENTATION_CONTEXT(2) 
PARAMETRIC_REPRESENTATION_CONTEXT() REPRESENTATION_CONTEXT('2D SPACE',''
  ) );
#4311 = ADVANCED_FACE('',(#4312),#3981,.F.);
#4312 = FACE_BOUND('',#4313,.F.);
#4313 = EDGE_LOOP('',(#4314,#4315,#4338,#4366));
#4314 = ORIENTED_EDGE('',*,*,#3965,.F.);
#4315 = ORIENTED_EDGE('',*,*,#4316,.T.);
#4316 = EDGE_CURVE('',#3944,#4317,#4319,.T.);
#4317 = VERTEX_POINT('',#4318);
#4318 = CARTESIAN_POINT('',(7.9192,-5.,32.35));
#4319 = SURFACE_CURVE('',#4320,(#4324,#4331),.PCURVE_S1.);
#4320 = LINE('',#4321,#4322);
#4321 = CARTESIAN_POINT('',(-16.8808,-5.,32.35));
#4322 = VECTOR('',#4323,1.);
#4323 = DIRECTION('',(1.,0.,-0.));
#4324 = PCURVE('',#3981,#4325);
#4325 = DEFINITIONAL_REPRESENTATION('',(#4326),#4330);
#4326 = LINE('',#4327,#4328);
#4327 = CARTESIAN_POINT('',(0.,2.));
#4328 = VECTOR('',#4329,1.);
#4329 = DIRECTION('',(1.,0.));
#4330 = ( GEOMETRIC_REPRESENTATION_CONTEXT(2) 
PARAMETRIC_REPRESENTATION_CONTEXT() REPRESENTATION_CONTEXT('2D SPACE',''
  ) );
#4331 = PCURVE('',#4194,#4332);
#4332 = DEFINITIONAL_REPRESENTATION('',(#4333),#4337);
#4333 = LINE('',#4334,#4335);
#4334 = CARTESIAN_POINT('',(1.570796326795,0.));
#4335 = VECTOR('',#4336,1.);
#4336 = DIRECTION('',(0.,1.));
#4337 = ( GEOMETRIC_REPRESENTATION_CONTEXT(2) 
PARAMETRIC_REPRESENTATION_CONTEXT() REPRESENTATION_CONTEXT('2D SPACE',''
  ) );
#4338 = ORIENTED_EDGE('',*,*,#4339,.T.);
#4339 = EDGE_CURVE('',#4317,#4340,#4342,.T.);
#4340 = VERTEX_POINT('',#4341);
#4341 = CARTESIAN_POINT('',(7.9192,9.,32.35));
#4342 = SURFACE_CURVE('',#4343,(#4347,#4354),.PCURVE_S1.);
#4343 = LINE('',#4344,#4345);
#4344 = CARTESIAN_POINT('',(7.9192,-7.,32.35));
#4345 = VECTOR('',#4346,1.);
#4346 = DIRECTION('',(-0.,1.,0.));
#4347 = PCURVE('',#3981,#4348);
#4348 = DEFINITIONAL_REPRESENTATION('',(#4349),#4353);
#4349 = LINE('',#4350,#4351);
#4350 = CARTESIAN_POINT('',(24.8,0.));
#4351 = VECTOR('',#4352,1.);
#4352 = DIRECTION('',(0.,1.));
#4353 = ( GEOMETRIC_REPRESENTATION_CONTEXT(2) 
PARAMETRIC_REPRESENTATION_CONTEXT() REPRESENTATION_CONTEXT('2D SPACE',''
  ) );
#4354 = PCURVE('',#4355,#4360);
#4355 = CYLINDRICAL_SURFACE('',#4356,2.);
#4356 = AXIS2_PLACEMENT_3D('',#4357,#4358,#4359);
#4357 = CARTESIAN_POINT('',(7.9192,-7.,34.35));
#4358 = DIRECTION('',(-0.,1.,0.));
#4359 = DIRECTION('',(1.,0.,-0.));
#4360 = DEFINITIONAL_REPRESENTATION('',(#4361),#4365);
#4361 = LINE('',#4362,#4363);
#4362 = CARTESIAN_POINT('',(1.570796326795,0.));
#4363 = VECTOR('',#4364,1.);
#4364 = DIRECTION('',(0.,1.));
#4365 = ( GEOMETRIC_REPRESENTATION_CONTEXT(2) 
PARAMETRIC_REPRESENTATION_CONTEXT() REPRESENTATION_CONTEXT('2D SPACE',''
  ) );
#4366 = ORIENTED_EDGE('',*,*,#4367,.F.);
#4367 = EDGE_CURVE('',#3966,#4340,#4368,.T.);
#4368 = SURFACE_CURVE('',#4369,(#4373,#4380),.PCURVE_S1.);
#4369 = LINE('',#4370,#4371);
#4370 = CARTESIAN_POINT('',(-16.8808,9.,32.35));
#4371 = VECTOR('',#4372,1.);
#4372 = DIRECTION('',(1.,0.,-0.));
#4373 = PCURVE('',#3981,#4374);
#4374 = DEFINITIONAL_REPRESENTATION('',(#4375),#4379);
#4375 = LINE('',#4376,#4377);
#4376 = CARTESIAN_POINT('',(0.,16.));
#4377 = VECTOR('',#4378,1.);
#4378 = DIRECTION('',(1.,0.));
#4379 = ( GEOMETRIC_REPRESENTATION_CONTEXT(2) 
PARAMETRIC_REPRESENTATION_CONTEXT() REPRESENTATION_CONTEXT('2D SPACE',''
  ) );
#4380 = PCURVE('',#4381,#4386);
#4381 = CYLINDRICAL_SURFACE('',#4382,2.);
#4382 = AXIS2_PLACEMENT_3D('',#4383,#4384,#4385);
#4383 = CARTESIAN_POINT('',(-16.8808,9.,34.35));
#4384 = DIRECTION('',(1.,0.,-0.));
#4385 = DIRECTION('',(0.,1.,0.));
#4386 = DEFINITIONAL_REPRESENTATION('',(#4387),#4391);
#4387 = LINE('',#4388,#4389);
#4388 = CARTESIAN_POINT('',(-1.570796326795,0.));
#4389 = VECTOR('',#4390,1.);
#4390 = DIRECTION('',(-0.,1.));
#4391 = ( GEOMETRIC_REPRESENTATION_CONTEXT(2) 
PARAMETRIC_REPRESENTATION_CONTEXT() REPRESENTATION_CONTEXT('2D SPACE',''
  ) );
#4392 = ADVANCED_FACE('',(#4393),#4007,.T.);
#4393 = FACE_BOUND('',#4394,.F.);
#4394 = EDGE_LOOP('',(#4395,#4396,#4416));
#4395 = ORIENTED_EDGE('',*,*,#3993,.F.);
#4396 = ORIENTED_EDGE('',*,*,#4397,.T.);
#4397 = EDGE_CURVE('',#3966,#4105,#4398,.T.);
#4398 = SURFACE_CURVE('',#4399,(#4404,#4410),.PCURVE_S1.);
#4399 = CIRCLE('',#4400,2.);
#4400 = AXIS2_PLACEMENT_3D('',#4401,#4402,#4403);
#4401 = CARTESIAN_POINT('',(-14.8808,9.,34.35));
#4402 = DIRECTION('',(1.,6.123233995737E-17,-0.));
#4403 = DIRECTION('',(-6.123233995737E-17,1.,0.));
#4404 = PCURVE('',#4007,#4405);
#4405 = DEFINITIONAL_REPRESENTATION('',(#4406),#4409);
#4406 = B_SPLINE_CURVE_WITH_KNOTS('',1,(#4407,#4408),.UNSPECIFIED.,.F.,
  .F.,(2,2),(4.712388980385,6.28318530718),.PIECEWISE_BEZIER_KNOTS.);
#4407 = CARTESIAN_POINT('',(-1.570796326795,-1.570796326795));
#4408 = CARTESIAN_POINT('',(-1.570796326795,0.));
#4409 = ( GEOMETRIC_REPRESENTATION_CONTEXT(2) 
PARAMETRIC_REPRESENTATION_CONTEXT() REPRESENTATION_CONTEXT('2D SPACE',''
  ) );
#4410 = PCURVE('',#4381,#4411);
#4411 = DEFINITIONAL_REPRESENTATION('',(#4412),#4415);
#4412 = B_SPLINE_CURVE_WITH_KNOTS('',1,(#4413,#4414),.UNSPECIFIED.,.F.,
  .F.,(2,2),(4.712388980385,6.28318530718),.PIECEWISE_BEZIER_KNOTS.);
#4413 = CARTESIAN_POINT('',(-1.570796326795,2.));
#4414 = CARTESIAN_POINT('',(0.,2.));
#4415 = ( GEOMETRIC_REPRESENTATION_CONTEXT(2) 
PARAMETRIC_REPRESENTATION_CONTEXT() REPRESENTATION_CONTEXT('2D SPACE',''
  ) );
#4416 = ORIENTED_EDGE('',*,*,#4104,.F.);
#4417 = ADVANCED_FACE('',(#4418),#4060,.T.);
#4418 = FACE_BOUND('',#4419,.T.);
#4419 = EDGE_LOOP('',(#4420,#4421,#4444,#4472));
#4420 = ORIENTED_EDGE('',*,*,#4044,.F.);
#4421 = ORIENTED_EDGE('',*,*,#4422,.T.);
#4422 = EDGE_CURVE('',#4023,#4423,#4425,.T.);
#4423 = VERTEX_POINT('',#4424);
#4424 = CARTESIAN_POINT('',(7.9192,-5.,36.85));
#4425 = SURFACE_CURVE('',#4426,(#4430,#4437),.PCURVE_S1.);
#4426 = LINE('',#4427,#4428);
#4427 = CARTESIAN_POINT('',(-16.8808,-5.,36.85));
#4428 = VECTOR('',#4429,1.);
#4429 = DIRECTION('',(1.,0.,-0.));
#4430 = PCURVE('',#4060,#4431);
#4431 = DEFINITIONAL_REPRESENTATION('',(#4432),#4436);
#4432 = LINE('',#4433,#4434);
#4433 = CARTESIAN_POINT('',(0.,2.));
#4434 = VECTOR('',#4435,1.);
#4435 = DIRECTION('',(1.,0.));
#4436 = ( GEOMETRIC_REPRESENTATION_CONTEXT(2) 
PARAMETRIC_REPRESENTATION_CONTEXT() REPRESENTATION_CONTEXT('2D SPACE',''
  ) );
#4437 = PCURVE('',#4224,#4438);
#4438 = DEFINITIONAL_REPRESENTATION('',(#4439),#4443);
#4439 = LINE('',#4440,#4441);
#4440 = CARTESIAN_POINT('',(-1.570796326795,0.));
#4441 = VECTOR('',#4442,1.);
#4442 = DIRECTION('',(-0.,1.));
#4443 = ( GEOMETRIC_REPRESENTATION_CONTEXT(2) 
PARAMETRIC_REPRESENTATION_CONTEXT() REPRESENTATION_CONTEXT('2D SPACE',''
  ) );
#4444 = ORIENTED_EDGE('',*,*,#4445,.T.);
#4445 = EDGE_CURVE('',#4423,#4446,#4448,.T.);
#4446 = VERTEX_POINT('',#4447);
#4447 = CARTESIAN_POINT('',(7.9192,9.,36.85));
#4448 = SURFACE_CURVE('',#4449,(#4453,#4460),.PCURVE_S1.);
#4449 = LINE('',#4450,#4451);
#4450 = CARTESIAN_POINT('',(7.9192,-7.,36.85));
#4451 = VECTOR('',#4452,1.);
#4452 = DIRECTION('',(-0.,1.,0.));
#4453 = PCURVE('',#4060,#4454);
#4454 = DEFINITIONAL_REPRESENTATION('',(#4455),#4459);
#4455 = LINE('',#4456,#4457);
#4456 = CARTESIAN_POINT('',(24.8,0.));
#4457 = VECTOR('',#4458,1.);
#4458 = DIRECTION('',(0.,1.));
#4459 = ( GEOMETRIC_REPRESENTATION_CONTEXT(2) 
PARAMETRIC_REPRESENTATION_CONTEXT() REPRESENTATION_CONTEXT('2D SPACE',''
  ) );
#4460 = PCURVE('',#4461,#4466);
#4461 = CYLINDRICAL_SURFACE('',#4462,2.);
#4462 = AXIS2_PLACEMENT_3D('',#4463,#4464,#4465);
#4463 = CARTESIAN_POINT('',(7.9192,-7.,34.85));
#4464 = DIRECTION('',(-0.,1.,0.));
#4465 = DIRECTION('',(1.,0.,-0.));
#4466 = DEFINITIONAL_REPRESENTATION('',(#4467),#4471);
#4467 = LINE('',#4468,#4469);
#4468 = CARTESIAN_POINT('',(-1.570796326795,0.));
#4469 = VECTOR('',#4470,1.);
#4470 = DIRECTION('',(-0.,1.));
#4471 = ( GEOMETRIC_REPRESENTATION_CONTEXT(2) 
PARAMETRIC_REPRESENTATION_CONTEXT() REPRESENTATION_CONTEXT('2D SPACE',''
  ) );
#4472 = ORIENTED_EDGE('',*,*,#4473,.F.);
#4473 = EDGE_CURVE('',#4045,#4446,#4474,.T.);
#4474 = SURFACE_CURVE('',#4475,(#4479,#4486),.PCURVE_S1.);
#4475 = LINE('',#4476,#4477);
#4476 = CARTESIAN_POINT('',(-16.8808,9.,36.85));
#4477 = VECTOR('',#4478,1.);
#4478 = DIRECTION('',(1.,0.,-0.));
#4479 = PCURVE('',#4060,#4480);
#4480 = DEFINITIONAL_REPRESENTATION('',(#4481),#4485);
#4481 = LINE('',#4482,#4483);
#4482 = CARTESIAN_POINT('',(0.,16.));
#4483 = VECTOR('',#4484,1.);
#4484 = DIRECTION('',(1.,0.));
#4485 = ( GEOMETRIC_REPRESENTATION_CONTEXT(2) 
PARAMETRIC_REPRESENTATION_CONTEXT() REPRESENTATION_CONTEXT('2D SPACE',''
  ) );
#4486 = PCURVE('',#4487,#4492);
#4487 = CYLINDRICAL_SURFACE('',#4488,2.);
#4488 = AXIS2_PLACEMENT_3D('',#4489,#4490,#4491);
#4489 = CARTESIAN_POINT('',(-16.8808,9.,34.85));
#4490 = DIRECTION('',(1.,0.,-0.));
#4491 = DIRECTION('',(0.,1.,0.));
#4492 = DEFINITIONAL_REPRESENTATION('',(#4493),#4497);
#4493 = LINE('',#4494,#4495);
#4494 = CARTESIAN_POINT('',(1.570796326795,0.));
#4495 = VECTOR('',#4496,1.);
#4496 = DIRECTION('',(0.,1.));
#4497 = ( GEOMETRIC_REPRESENTATION_CONTEXT(2) 
PARAMETRIC_REPRESENTATION_CONTEXT() REPRESENTATION_CONTEXT('2D SPACE',''
  ) );
#4498 = ADVANCED_FACE('',(#4499),#4087,.T.);
#4499 = FACE_BOUND('',#4500,.F.);
#4500 = EDGE_LOOP('',(#4501,#4502,#4522));
#4501 = ORIENTED_EDGE('',*,*,#4156,.F.);
#4502 = ORIENTED_EDGE('',*,*,#4503,.T.);
#4503 = EDGE_CURVE('',#4129,#4045,#4504,.T.);
#4504 = SURFACE_CURVE('',#4505,(#4510,#4516),.PCURVE_S1.);
#4505 = CIRCLE('',#4506,2.);
#4506 = AXIS2_PLACEMENT_3D('',#4507,#4508,#4509);
#4507 = CARTESIAN_POINT('',(-14.8808,9.,34.85));
#4508 = DIRECTION('',(1.,0.,6.123233995737E-17));
#4509 = DIRECTION('',(-6.123233995737E-17,-0.,1.));
#4510 = PCURVE('',#4087,#4511);
#4511 = DEFINITIONAL_REPRESENTATION('',(#4512),#4515);
#4512 = B_SPLINE_CURVE_WITH_KNOTS('',1,(#4513,#4514),.UNSPECIFIED.,.F.,
  .F.,(2,2),(4.712388980385,6.28318530718),.PIECEWISE_BEZIER_KNOTS.);
#4513 = CARTESIAN_POINT('',(-1.570796326795,-1.570796326795));
#4514 = CARTESIAN_POINT('',(-1.570796326795,0.));
#4515 = ( GEOMETRIC_REPRESENTATION_CONTEXT(2) 
PARAMETRIC_REPRESENTATION_CONTEXT() REPRESENTATION_CONTEXT('2D SPACE',''
  ) );
#4516 = PCURVE('',#4487,#4517);
#4517 = DEFINITIONAL_REPRESENTATION('',(#4518),#4521);
#4518 = B_SPLINE_CURVE_WITH_KNOTS('',1,(#4519,#4520),.UNSPECIFIED.,.F.,
  .F.,(2,2),(4.712388980385,6.28318530718),.PIECEWISE_BEZIER_KNOTS.);
#4519 = CARTESIAN_POINT('',(0.,2.));
#4520 = CARTESIAN_POINT('',(1.570796326795,2.));
#4521 = ( GEOMETRIC_REPRESENTATION_CONTEXT(2) 
PARAMETRIC_REPRESENTATION_CONTEXT() REPRESENTATION_CONTEXT('2D SPACE',''
  ) );
#4522 = ORIENTED_EDGE('',*,*,#4072,.F.);
#4523 = ADVANCED_FACE('',(#4524),#4144,.T.);
#4524 = FACE_BOUND('',#4525,.T.);
#4525 = EDGE_LOOP('',(#4526,#4527,#4550,#4578));
#4526 = ORIENTED_EDGE('',*,*,#4128,.T.);
#4527 = ORIENTED_EDGE('',*,*,#4528,.T.);
#4528 = EDGE_CURVE('',#4129,#4529,#4531,.T.);
#4529 = VERTEX_POINT('',#4530);
#4530 = CARTESIAN_POINT('',(7.9192,11.,34.85));
#4531 = SURFACE_CURVE('',#4532,(#4536,#4543),.PCURVE_S1.);
#4532 = LINE('',#4533,#4534);
#4533 = CARTESIAN_POINT('',(-16.8808,11.,34.85));
#4534 = VECTOR('',#4535,1.);
#4535 = DIRECTION('',(1.,0.,-0.));
#4536 = PCURVE('',#4144,#4537);
#4537 = DEFINITIONAL_REPRESENTATION('',(#4538),#4542);
#4538 = LINE('',#4539,#4540);
#4539 = CARTESIAN_POINT('',(2.5,0.));
#4540 = VECTOR('',#4541,1.);
#4541 = DIRECTION('',(0.,1.));
#4542 = ( GEOMETRIC_REPRESENTATION_CONTEXT(2) 
PARAMETRIC_REPRESENTATION_CONTEXT() REPRESENTATION_CONTEXT('2D SPACE',''
  ) );
#4543 = PCURVE('',#4487,#4544);
#4544 = DEFINITIONAL_REPRESENTATION('',(#4545),#4549);
#4545 = LINE('',#4546,#4547);
#4546 = CARTESIAN_POINT('',(0.,0.));
#4547 = VECTOR('',#4548,1.);
#4548 = DIRECTION('',(0.,1.));
#4549 = ( GEOMETRIC_REPRESENTATION_CONTEXT(2) 
PARAMETRIC_REPRESENTATION_CONTEXT() REPRESENTATION_CONTEXT('2D SPACE',''
  ) );
#4550 = ORIENTED_EDGE('',*,*,#4551,.F.);
#4551 = EDGE_CURVE('',#4552,#4529,#4554,.T.);
#4552 = VERTEX_POINT('',#4553);
#4553 = CARTESIAN_POINT('',(7.9192,11.,34.35));
#4554 = SURFACE_CURVE('',#4555,(#4559,#4566),.PCURVE_S1.);
#4555 = LINE('',#4556,#4557);
#4556 = CARTESIAN_POINT('',(7.9192,11.,32.35));
#4557 = VECTOR('',#4558,1.);
#4558 = DIRECTION('',(0.,0.,1.));
#4559 = PCURVE('',#4144,#4560);
#4560 = DEFINITIONAL_REPRESENTATION('',(#4561),#4565);
#4561 = LINE('',#4562,#4563);
#4562 = CARTESIAN_POINT('',(0.,24.8));
#4563 = VECTOR('',#4564,1.);
#4564 = DIRECTION('',(1.,0.));
#4565 = ( GEOMETRIC_REPRESENTATION_CONTEXT(2) 
PARAMETRIC_REPRESENTATION_CONTEXT() REPRESENTATION_CONTEXT('2D SPACE',''
  ) );
#4566 = PCURVE('',#4567,#4572);
#4567 = CYLINDRICAL_SURFACE('',#4568,2.);
#4568 = AXIS2_PLACEMENT_3D('',#4569,#4570,#4571);
#4569 = CARTESIAN_POINT('',(7.9192,9.,32.35));
#4570 = DIRECTION('',(0.,0.,1.));
#4571 = DIRECTION('',(1.,0.,-0.));
#4572 = DEFINITIONAL_REPRESENTATION('',(#4573),#4577);
#4573 = LINE('',#4574,#4575);
#4574 = CARTESIAN_POINT('',(1.570796326795,0.));
#4575 = VECTOR('',#4576,1.);
#4576 = DIRECTION('',(0.,1.));
#4577 = ( GEOMETRIC_REPRESENTATION_CONTEXT(2) 
PARAMETRIC_REPRESENTATION_CONTEXT() REPRESENTATION_CONTEXT('2D SPACE',''
  ) );
#4578 = ORIENTED_EDGE('',*,*,#4579,.F.);
#4579 = EDGE_CURVE('',#4105,#4552,#4580,.T.);
#4580 = SURFACE_CURVE('',#4581,(#4585,#4592),.PCURVE_S1.);
#4581 = LINE('',#4582,#4583);
#4582 = CARTESIAN_POINT('',(-16.8808,11.,34.35));
#4583 = VECTOR('',#4584,1.);
#4584 = DIRECTION('',(1.,0.,-0.));
#4585 = PCURVE('',#4144,#4586);
#4586 = DEFINITIONAL_REPRESENTATION('',(#4587),#4591);
#4587 = LINE('',#4588,#4589);
#4588 = CARTESIAN_POINT('',(2.,0.));
#4589 = VECTOR('',#4590,1.);
#4590 = DIRECTION('',(0.,1.));
#4591 = ( GEOMETRIC_REPRESENTATION_CONTEXT(2) 
PARAMETRIC_REPRESENTATION_CONTEXT() REPRESENTATION_CONTEXT('2D SPACE',''
  ) );
#4592 = PCURVE('',#4381,#4593);
#4593 = DEFINITIONAL_REPRESENTATION('',(#4594),#4598);
#4594 = LINE('',#4595,#4596);
#4595 = CARTESIAN_POINT('',(-0.,0.));
#4596 = VECTOR('',#4597,1.);
#4597 = DIRECTION('',(-0.,1.));
#4598 = ( GEOMETRIC_REPRESENTATION_CONTEXT(2) 
PARAMETRIC_REPRESENTATION_CONTEXT() REPRESENTATION_CONTEXT('2D SPACE',''
  ) );
#4599 = ADVANCED_FACE('',(#4600),#4194,.T.);
#4600 = FACE_BOUND('',#4601,.T.);
#4601 = EDGE_LOOP('',(#4602,#4603,#4604,#4629));
#4602 = ORIENTED_EDGE('',*,*,#4180,.F.);
#4603 = ORIENTED_EDGE('',*,*,#4316,.T.);
#4604 = ORIENTED_EDGE('',*,*,#4605,.T.);
#4605 = EDGE_CURVE('',#4317,#4264,#4606,.T.);
#4606 = SURFACE_CURVE('',#4607,(#4612,#4618),.PCURVE_S1.);
#4607 = CIRCLE('',#4608,2.);
#4608 = AXIS2_PLACEMENT_3D('',#4609,#4610,#4611);
#4609 = CARTESIAN_POINT('',(7.9192,-5.,34.35));
#4610 = DIRECTION('',(-1.,-6.123233995737E-17,0.));
#4611 = DIRECTION('',(6.123233995737E-17,-1.,-0.));
#4612 = PCURVE('',#4194,#4613);
#4613 = DEFINITIONAL_REPRESENTATION('',(#4614),#4617);
#4614 = B_SPLINE_CURVE_WITH_KNOTS('',1,(#4615,#4616),.UNSPECIFIED.,.F.,
  .F.,(2,2),(4.712388980385,6.28318530718),.PIECEWISE_BEZIER_KNOTS.);
#4615 = CARTESIAN_POINT('',(1.570796326795,24.8));
#4616 = CARTESIAN_POINT('',(0.,24.8));
#4617 = ( GEOMETRIC_REPRESENTATION_CONTEXT(2) 
PARAMETRIC_REPRESENTATION_CONTEXT() REPRESENTATION_CONTEXT('2D SPACE',''
  ) );
#4618 = PCURVE('',#4619,#4624);
#4619 = SPHERICAL_SURFACE('',#4620,2.);
#4620 = AXIS2_PLACEMENT_3D('',#4621,#4622,#4623);
#4621 = CARTESIAN_POINT('',(7.9192,-5.,34.35));
#4622 = DIRECTION('',(0.,0.,1.));
#4623 = DIRECTION('',(1.,0.,-0.));
#4624 = DEFINITIONAL_REPRESENTATION('',(#4625),#4628);
#4625 = B_SPLINE_CURVE_WITH_KNOTS('',1,(#4626,#4627),.UNSPECIFIED.,.F.,
  .F.,(2,2),(4.712388980385,6.28318530718),.PIECEWISE_BEZIER_KNOTS.);
#4626 = CARTESIAN_POINT('',(-1.570796326795,-1.570796326795));
#4627 = CARTESIAN_POINT('',(-1.570796326795,0.));
#4628 = ( GEOMETRIC_REPRESENTATION_CONTEXT(2) 
PARAMETRIC_REPRESENTATION_CONTEXT() REPRESENTATION_CONTEXT('2D SPACE',''
  ) );
#4629 = ORIENTED_EDGE('',*,*,#4291,.F.);
#4630 = ADVANCED_FACE('',(#4631),#4224,.T.);
#4631 = FACE_BOUND('',#4632,.F.);
#4632 = EDGE_LOOP('',(#4633,#4634,#4635,#4660));
#4633 = ORIENTED_EDGE('',*,*,#4210,.F.);
#4634 = ORIENTED_EDGE('',*,*,#4422,.T.);
#4635 = ORIENTED_EDGE('',*,*,#4636,.T.);
#4636 = EDGE_CURVE('',#4423,#4241,#4637,.T.);
#4637 = SURFACE_CURVE('',#4638,(#4643,#4649),.PCURVE_S1.);
#4638 = CIRCLE('',#4639,2.);
#4639 = AXIS2_PLACEMENT_3D('',#4640,#4641,#4642);
#4640 = CARTESIAN_POINT('',(7.9192,-5.,34.85));
#4641 = DIRECTION('',(1.,6.123233995737E-17,0.));
#4642 = DIRECTION('',(6.123233995737E-17,-1.,0.));
#4643 = PCURVE('',#4224,#4644);
#4644 = DEFINITIONAL_REPRESENTATION('',(#4645),#4648);
#4645 = B_SPLINE_CURVE_WITH_KNOTS('',1,(#4646,#4647),.UNSPECIFIED.,.F.,
  .F.,(2,2),(4.712388980385,6.28318530718),.PIECEWISE_BEZIER_KNOTS.);
#4646 = CARTESIAN_POINT('',(-1.570796326795,24.8));
#4647 = CARTESIAN_POINT('',(0.,24.8));
#4648 = ( GEOMETRIC_REPRESENTATION_CONTEXT(2) 
PARAMETRIC_REPRESENTATION_CONTEXT() REPRESENTATION_CONTEXT('2D SPACE',''
  ) );
#4649 = PCURVE('',#4650,#4655);
#4650 = SPHERICAL_SURFACE('',#4651,2.);
#4651 = AXIS2_PLACEMENT_3D('',#4652,#4653,#4654);
#4652 = CARTESIAN_POINT('',(7.9192,-5.,34.85));
#4653 = DIRECTION('',(-0.,-0.,-1.));
#4654 = DIRECTION('',(1.,0.,0.));
#4655 = DEFINITIONAL_REPRESENTATION('',(#4656),#4659);
#4656 = B_SPLINE_CURVE_WITH_KNOTS('',1,(#4657,#4658),.UNSPECIFIED.,.F.,
  .F.,(2,2),(4.712388980385,6.28318530718),.PIECEWISE_BEZIER_KNOTS.);
#4657 = CARTESIAN_POINT('',(1.570796326795,-1.570796326795));
#4658 = CARTESIAN_POINT('',(1.570796326795,0.));
#4659 = ( GEOMETRIC_REPRESENTATION_CONTEXT(2) 
PARAMETRIC_REPRESENTATION_CONTEXT() REPRESENTATION_CONTEXT('2D SPACE',''
  ) );
#4660 = ORIENTED_EDGE('',*,*,#4240,.F.);
#4661 = ADVANCED_FACE('',(#4662),#4279,.T.);
#4662 = FACE_BOUND('',#4663,.F.);
#4663 = EDGE_LOOP('',(#4664,#4694,#4716,#4717));
#4664 = ORIENTED_EDGE('',*,*,#4665,.F.);
#4665 = EDGE_CURVE('',#4666,#4668,#4670,.T.);
#4666 = VERTEX_POINT('',#4667);
#4667 = CARTESIAN_POINT('',(9.9192,-5.,34.35));
#4668 = VERTEX_POINT('',#4669);
#4669 = CARTESIAN_POINT('',(9.9192,-5.,34.85));
#4670 = SURFACE_CURVE('',#4671,(#4675,#4682),.PCURVE_S1.);
#4671 = LINE('',#4672,#4673);
#4672 = CARTESIAN_POINT('',(9.9192,-5.,32.35));
#4673 = VECTOR('',#4674,1.);
#4674 = DIRECTION('',(0.,0.,1.));
#4675 = PCURVE('',#4279,#4676);
#4676 = DEFINITIONAL_REPRESENTATION('',(#4677),#4681);
#4677 = LINE('',#4678,#4679);
#4678 = CARTESIAN_POINT('',(-0.,0.));
#4679 = VECTOR('',#4680,1.);
#4680 = DIRECTION('',(-0.,1.));
#4681 = ( GEOMETRIC_REPRESENTATION_CONTEXT(2) 
PARAMETRIC_REPRESENTATION_CONTEXT() REPRESENTATION_CONTEXT('2D SPACE',''
  ) );
#4682 = PCURVE('',#4683,#4688);
#4683 = PLANE('',#4684);
#4684 = AXIS2_PLACEMENT_3D('',#4685,#4686,#4687);
#4685 = CARTESIAN_POINT('',(9.9192,-7.,32.35));
#4686 = DIRECTION('',(1.,0.,-0.));
#4687 = DIRECTION('',(0.,0.,1.));
#4688 = DEFINITIONAL_REPRESENTATION('',(#4689),#4693);
#4689 = LINE('',#4690,#4691);
#4690 = CARTESIAN_POINT('',(0.,-2.));
#4691 = VECTOR('',#4692,1.);
#4692 = DIRECTION('',(1.,0.));
#4693 = ( GEOMETRIC_REPRESENTATION_CONTEXT(2) 
PARAMETRIC_REPRESENTATION_CONTEXT() REPRESENTATION_CONTEXT('2D SPACE',''
  ) );
#4694 = ORIENTED_EDGE('',*,*,#4695,.T.);
#4695 = EDGE_CURVE('',#4666,#4264,#4696,.T.);
#4696 = SURFACE_CURVE('',#4697,(#4702,#4709),.PCURVE_S1.);
#4697 = CIRCLE('',#4698,2.);
#4698 = AXIS2_PLACEMENT_3D('',#4699,#4700,#4701);
#4699 = CARTESIAN_POINT('',(7.9192,-5.,34.35));
#4700 = DIRECTION('',(0.,-0.,-1.));
#4701 = DIRECTION('',(1.,0.,-0.));
#4702 = PCURVE('',#4279,#4703);
#4703 = DEFINITIONAL_REPRESENTATION('',(#4704),#4708);
#4704 = LINE('',#4705,#4706);
#4705 = CARTESIAN_POINT('',(-0.,2.));
#4706 = VECTOR('',#4707,1.);
#4707 = DIRECTION('',(-1.,0.));
#4708 = ( GEOMETRIC_REPRESENTATION_CONTEXT(2) 
PARAMETRIC_REPRESENTATION_CONTEXT() REPRESENTATION_CONTEXT('2D SPACE',''
  ) );
#4709 = PCURVE('',#4619,#4710);
#4710 = DEFINITIONAL_REPRESENTATION('',(#4711),#4715);
#4711 = LINE('',#4712,#4713);
#4712 = CARTESIAN_POINT('',(-0.,0.));
#4713 = VECTOR('',#4714,1.);
#4714 = DIRECTION('',(-1.,0.));
#4715 = ( GEOMETRIC_REPRESENTATION_CONTEXT(2) 
PARAMETRIC_REPRESENTATION_CONTEXT() REPRESENTATION_CONTEXT('2D SPACE',''
  ) );
#4716 = ORIENTED_EDGE('',*,*,#4263,.T.);
#4717 = ORIENTED_EDGE('',*,*,#4718,.F.);
#4718 = EDGE_CURVE('',#4668,#4241,#4719,.T.);
#4719 = SURFACE_CURVE('',#4720,(#4725,#4732),.PCURVE_S1.);
#4720 = CIRCLE('',#4721,2.);
#4721 = AXIS2_PLACEMENT_3D('',#4722,#4723,#4724);
#4722 = CARTESIAN_POINT('',(7.9192,-5.,34.85));
#4723 = DIRECTION('',(0.,0.,-1.));
#4724 = DIRECTION('',(1.,0.,0.));
#4725 = PCURVE('',#4279,#4726);
#4726 = DEFINITIONAL_REPRESENTATION('',(#4727),#4731);
#4727 = LINE('',#4728,#4729);
#4728 = CARTESIAN_POINT('',(-0.,2.5));
#4729 = VECTOR('',#4730,1.);
#4730 = DIRECTION('',(-1.,0.));
#4731 = ( GEOMETRIC_REPRESENTATION_CONTEXT(2) 
PARAMETRIC_REPRESENTATION_CONTEXT() REPRESENTATION_CONTEXT('2D SPACE',''
  ) );
#4732 = PCURVE('',#4650,#4733);
#4733 = DEFINITIONAL_REPRESENTATION('',(#4734),#4738);
#4734 = LINE('',#4735,#4736);
#4735 = CARTESIAN_POINT('',(0.,0.));
#4736 = VECTOR('',#4737,1.);
#4737 = DIRECTION('',(1.,0.));
#4738 = ( GEOMETRIC_REPRESENTATION_CONTEXT(2) 
PARAMETRIC_REPRESENTATION_CONTEXT() REPRESENTATION_CONTEXT('2D SPACE',''
  ) );
#4739 = ADVANCED_FACE('',(#4740),#4381,.T.);
#4740 = FACE_BOUND('',#4741,.F.);
#4741 = EDGE_LOOP('',(#4742,#4743,#4744,#4769));
#4742 = ORIENTED_EDGE('',*,*,#4397,.F.);
#4743 = ORIENTED_EDGE('',*,*,#4367,.T.);
#4744 = ORIENTED_EDGE('',*,*,#4745,.T.);
#4745 = EDGE_CURVE('',#4340,#4552,#4746,.T.);
#4746 = SURFACE_CURVE('',#4747,(#4752,#4758),.PCURVE_S1.);
#4747 = CIRCLE('',#4748,2.);
#4748 = AXIS2_PLACEMENT_3D('',#4749,#4750,#4751);
#4749 = CARTESIAN_POINT('',(7.9192,9.,34.35));
#4750 = DIRECTION('',(1.,-6.123233995737E-17,0.));
#4751 = DIRECTION('',(6.123233995737E-17,1.,0.));
#4752 = PCURVE('',#4381,#4753);
#4753 = DEFINITIONAL_REPRESENTATION('',(#4754),#4757);
#4754 = B_SPLINE_CURVE_WITH_KNOTS('',1,(#4755,#4756),.UNSPECIFIED.,.F.,
  .F.,(2,2),(4.712388980385,6.28318530718),.PIECEWISE_BEZIER_KNOTS.);
#4755 = CARTESIAN_POINT('',(-1.570796326795,24.8));
#4756 = CARTESIAN_POINT('',(0.,24.8));
#4757 = ( GEOMETRIC_REPRESENTATION_CONTEXT(2) 
PARAMETRIC_REPRESENTATION_CONTEXT() REPRESENTATION_CONTEXT('2D SPACE',''
  ) );
#4758 = PCURVE('',#4759,#4764);
#4759 = SPHERICAL_SURFACE('',#4760,2.);
#4760 = AXIS2_PLACEMENT_3D('',#4761,#4762,#4763);
#4761 = CARTESIAN_POINT('',(7.9192,9.,34.35));
#4762 = DIRECTION('',(0.,0.,1.));
#4763 = DIRECTION('',(1.,0.,-0.));
#4764 = DEFINITIONAL_REPRESENTATION('',(#4765),#4768);
#4765 = B_SPLINE_CURVE_WITH_KNOTS('',1,(#4766,#4767),.UNSPECIFIED.,.F.,
  .F.,(2,2),(4.712388980385,6.28318530718),.PIECEWISE_BEZIER_KNOTS.);
#4766 = CARTESIAN_POINT('',(1.570796326795,-1.570796326795));
#4767 = CARTESIAN_POINT('',(1.570796326795,0.));
#4768 = ( GEOMETRIC_REPRESENTATION_CONTEXT(2) 
PARAMETRIC_REPRESENTATION_CONTEXT() REPRESENTATION_CONTEXT('2D SPACE',''
  ) );
#4769 = ORIENTED_EDGE('',*,*,#4579,.F.);
#4770 = ADVANCED_FACE('',(#4771),#4355,.T.);
#4771 = FACE_BOUND('',#4772,.T.);
#4772 = EDGE_LOOP('',(#4773,#4793,#4794,#4816));
#4773 = ORIENTED_EDGE('',*,*,#4774,.F.);
#4774 = EDGE_CURVE('',#4317,#4666,#4775,.T.);
#4775 = SURFACE_CURVE('',#4776,(#4781,#4787),.PCURVE_S1.);
#4776 = CIRCLE('',#4777,2.);
#4777 = AXIS2_PLACEMENT_3D('',#4778,#4779,#4780);
#4778 = CARTESIAN_POINT('',(7.9192,-5.,34.35));
#4779 = DIRECTION('',(0.,-1.,0.));
#4780 = DIRECTION('',(1.,0.,0.));
#4781 = PCURVE('',#4355,#4782);
#4782 = DEFINITIONAL_REPRESENTATION('',(#4783),#4786);
#4783 = B_SPLINE_CURVE_WITH_KNOTS('',1,(#4784,#4785),.UNSPECIFIED.,.F.,
  .F.,(2,2),(4.712388980385,6.28318530718),.PIECEWISE_BEZIER_KNOTS.);
#4784 = CARTESIAN_POINT('',(1.570796326795,2.));
#4785 = CARTESIAN_POINT('',(0.,2.));
#4786 = ( GEOMETRIC_REPRESENTATION_CONTEXT(2) 
PARAMETRIC_REPRESENTATION_CONTEXT() REPRESENTATION_CONTEXT('2D SPACE',''
  ) );
#4787 = PCURVE('',#4619,#4788);
#4788 = DEFINITIONAL_REPRESENTATION('',(#4789),#4792);
#4789 = B_SPLINE_CURVE_WITH_KNOTS('',1,(#4790,#4791),.UNSPECIFIED.,.F.,
  .F.,(2,2),(4.712388980385,6.28318530718),.PIECEWISE_BEZIER_KNOTS.);
#4790 = CARTESIAN_POINT('',(0.,-1.570796326795));
#4791 = CARTESIAN_POINT('',(0.,0.));
#4792 = ( GEOMETRIC_REPRESENTATION_CONTEXT(2) 
PARAMETRIC_REPRESENTATION_CONTEXT() REPRESENTATION_CONTEXT('2D SPACE',''
  ) );
#4793 = ORIENTED_EDGE('',*,*,#4339,.T.);
#4794 = ORIENTED_EDGE('',*,*,#4795,.T.);
#4795 = EDGE_CURVE('',#4340,#4796,#4798,.T.);
#4796 = VERTEX_POINT('',#4797);
#4797 = CARTESIAN_POINT('',(9.9192,9.,34.35));
#4798 = SURFACE_CURVE('',#4799,(#4804,#4810),.PCURVE_S1.);
#4799 = CIRCLE('',#4800,2.);
#4800 = AXIS2_PLACEMENT_3D('',#4801,#4802,#4803);
#4801 = CARTESIAN_POINT('',(7.9192,9.,34.35));
#4802 = DIRECTION('',(0.,-1.,0.));
#4803 = DIRECTION('',(1.,0.,0.));
#4804 = PCURVE('',#4355,#4805);
#4805 = DEFINITIONAL_REPRESENTATION('',(#4806),#4809);
#4806 = B_SPLINE_CURVE_WITH_KNOTS('',1,(#4807,#4808),.UNSPECIFIED.,.F.,
  .F.,(2,2),(4.712388980385,6.28318530718),.PIECEWISE_BEZIER_KNOTS.);
#4807 = CARTESIAN_POINT('',(1.570796326795,16.));
#4808 = CARTESIAN_POINT('',(0.,16.));
#4809 = ( GEOMETRIC_REPRESENTATION_CONTEXT(2) 
PARAMETRIC_REPRESENTATION_CONTEXT() REPRESENTATION_CONTEXT('2D SPACE',''
  ) );
#4810 = PCURVE('',#4759,#4811);
#4811 = DEFINITIONAL_REPRESENTATION('',(#4812),#4815);
#4812 = B_SPLINE_CURVE_WITH_KNOTS('',1,(#4813,#4814),.UNSPECIFIED.,.F.,
  .F.,(2,2),(4.712388980385,6.28318530718),.PIECEWISE_BEZIER_KNOTS.);
#4813 = CARTESIAN_POINT('',(0.,-1.570796326795));
#4814 = CARTESIAN_POINT('',(0.,0.));
#4815 = ( GEOMETRIC_REPRESENTATION_CONTEXT(2) 
PARAMETRIC_REPRESENTATION_CONTEXT() REPRESENTATION_CONTEXT('2D SPACE',''
  ) );
#4816 = ORIENTED_EDGE('',*,*,#4817,.F.);
#4817 = EDGE_CURVE('',#4666,#4796,#4818,.T.);
#4818 = SURFACE_CURVE('',#4819,(#4823,#4830),.PCURVE_S1.);
#4819 = LINE('',#4820,#4821);
#4820 = CARTESIAN_POINT('',(9.9192,-7.,34.35));
#4821 = VECTOR('',#4822,1.);
#4822 = DIRECTION('',(-0.,1.,0.));
#4823 = PCURVE('',#4355,#4824);
#4824 = DEFINITIONAL_REPRESENTATION('',(#4825),#4829);
#4825 = LINE('',#4826,#4827);
#4826 = CARTESIAN_POINT('',(0.,0.));
#4827 = VECTOR('',#4828,1.);
#4828 = DIRECTION('',(0.,1.));
#4829 = ( GEOMETRIC_REPRESENTATION_CONTEXT(2) 
PARAMETRIC_REPRESENTATION_CONTEXT() REPRESENTATION_CONTEXT('2D SPACE',''
  ) );
#4830 = PCURVE('',#4683,#4831);
#4831 = DEFINITIONAL_REPRESENTATION('',(#4832),#4836);
#4832 = LINE('',#4833,#4834);
#4833 = CARTESIAN_POINT('',(2.,0.));
#4834 = VECTOR('',#4835,1.);
#4835 = DIRECTION('',(0.,-1.));
#4836 = ( GEOMETRIC_REPRESENTATION_CONTEXT(2) 
PARAMETRIC_REPRESENTATION_CONTEXT() REPRESENTATION_CONTEXT('2D SPACE',''
  ) );
#4837 = ADVANCED_FACE('',(#4838),#4487,.T.);
#4838 = FACE_BOUND('',#4839,.T.);
#4839 = EDGE_LOOP('',(#4840,#4841,#4842,#4867));
#4840 = ORIENTED_EDGE('',*,*,#4503,.T.);
#4841 = ORIENTED_EDGE('',*,*,#4473,.T.);
#4842 = ORIENTED_EDGE('',*,*,#4843,.F.);
#4843 = EDGE_CURVE('',#4529,#4446,#4844,.T.);
#4844 = SURFACE_CURVE('',#4845,(#4850,#4856),.PCURVE_S1.);
#4845 = CIRCLE('',#4846,2.);
#4846 = AXIS2_PLACEMENT_3D('',#4847,#4848,#4849);
#4847 = CARTESIAN_POINT('',(7.9192,9.,34.85));
#4848 = DIRECTION('',(1.,0.,-6.123233995737E-17));
#4849 = DIRECTION('',(6.123233995737E-17,0.,1.));
#4850 = PCURVE('',#4487,#4851);
#4851 = DEFINITIONAL_REPRESENTATION('',(#4852),#4855);
#4852 = B_SPLINE_CURVE_WITH_KNOTS('',1,(#4853,#4854),.UNSPECIFIED.,.F.,
  .F.,(2,2),(4.712388980385,6.28318530718),.PIECEWISE_BEZIER_KNOTS.);
#4853 = CARTESIAN_POINT('',(0.,24.8));
#4854 = CARTESIAN_POINT('',(1.570796326795,24.8));
#4855 = ( GEOMETRIC_REPRESENTATION_CONTEXT(2) 
PARAMETRIC_REPRESENTATION_CONTEXT() REPRESENTATION_CONTEXT('2D SPACE',''
  ) );
#4856 = PCURVE('',#4857,#4862);
#4857 = SPHERICAL_SURFACE('',#4858,2.);
#4858 = AXIS2_PLACEMENT_3D('',#4859,#4860,#4861);
#4859 = CARTESIAN_POINT('',(7.9192,9.,34.85));
#4860 = DIRECTION('',(0.,-1.,-0.));
#4861 = DIRECTION('',(1.,0.,0.));
#4862 = DEFINITIONAL_REPRESENTATION('',(#4863),#4866);
#4863 = B_SPLINE_CURVE_WITH_KNOTS('',1,(#4864,#4865),.UNSPECIFIED.,.F.,
  .F.,(2,2),(4.712388980385,6.28318530718),.PIECEWISE_BEZIER_KNOTS.);
#4864 = CARTESIAN_POINT('',(1.570796326795,-1.570796326795));
#4865 = CARTESIAN_POINT('',(1.570796326795,0.));
#4866 = ( GEOMETRIC_REPRESENTATION_CONTEXT(2) 
PARAMETRIC_REPRESENTATION_CONTEXT() REPRESENTATION_CONTEXT('2D SPACE',''
  ) );
#4867 = ORIENTED_EDGE('',*,*,#4528,.F.);
#4868 = ADVANCED_FACE('',(#4869),#4461,.T.);
#4869 = FACE_BOUND('',#4870,.F.);
#4870 = EDGE_LOOP('',(#4871,#4891,#4892,#4916));
#4871 = ORIENTED_EDGE('',*,*,#4872,.F.);
#4872 = EDGE_CURVE('',#4423,#4668,#4873,.T.);
#4873 = SURFACE_CURVE('',#4874,(#4879,#4885),.PCURVE_S1.);
#4874 = CIRCLE('',#4875,2.);
#4875 = AXIS2_PLACEMENT_3D('',#4876,#4877,#4878);
#4876 = CARTESIAN_POINT('',(7.9192,-5.,34.85));
#4877 = DIRECTION('',(-0.,1.,0.));
#4878 = DIRECTION('',(1.,0.,0.));
#4879 = PCURVE('',#4461,#4880);
#4880 = DEFINITIONAL_REPRESENTATION('',(#4881),#4884);
#4881 = B_SPLINE_CURVE_WITH_KNOTS('',1,(#4882,#4883),.UNSPECIFIED.,.F.,
  .F.,(2,2),(4.712388980385,6.28318530718),.PIECEWISE_BEZIER_KNOTS.);
#4882 = CARTESIAN_POINT('',(-1.570796326795,2.));
#4883 = CARTESIAN_POINT('',(0.,2.));
#4884 = ( GEOMETRIC_REPRESENTATION_CONTEXT(2) 
PARAMETRIC_REPRESENTATION_CONTEXT() REPRESENTATION_CONTEXT('2D SPACE',''
  ) );
#4885 = PCURVE('',#4650,#4886);
#4886 = DEFINITIONAL_REPRESENTATION('',(#4887),#4890);
#4887 = B_SPLINE_CURVE_WITH_KNOTS('',1,(#4888,#4889),.UNSPECIFIED.,.F.,
  .F.,(2,2),(4.712388980385,6.28318530718),.PIECEWISE_BEZIER_KNOTS.);
#4888 = CARTESIAN_POINT('',(0.,-1.570796326795));
#4889 = CARTESIAN_POINT('',(0.,0.));
#4890 = ( GEOMETRIC_REPRESENTATION_CONTEXT(2) 
PARAMETRIC_REPRESENTATION_CONTEXT() REPRESENTATION_CONTEXT('2D SPACE',''
  ) );
#4891 = ORIENTED_EDGE('',*,*,#4445,.T.);
#4892 = ORIENTED_EDGE('',*,*,#4893,.F.);
#4893 = EDGE_CURVE('',#4894,#4446,#4896,.T.);
#4894 = VERTEX_POINT('',#4895);
#4895 = CARTESIAN_POINT('',(9.9192,9.,34.85));
#4896 = SURFACE_CURVE('',#4897,(#4902,#4909),.PCURVE_S1.);
#4897 = CIRCLE('',#4898,2.);
#4898 = AXIS2_PLACEMENT_3D('',#4899,#4900,#4901);
#4899 = CARTESIAN_POINT('',(7.9192,9.,34.85));
#4900 = DIRECTION('',(0.,-1.,-0.));
#4901 = DIRECTION('',(1.,0.,0.));
#4902 = PCURVE('',#4461,#4903);
#4903 = DEFINITIONAL_REPRESENTATION('',(#4904),#4908);
#4904 = LINE('',#4905,#4906);
#4905 = CARTESIAN_POINT('',(-0.,16.));
#4906 = VECTOR('',#4907,1.);
#4907 = DIRECTION('',(-1.,0.));
#4908 = ( GEOMETRIC_REPRESENTATION_CONTEXT(2) 
PARAMETRIC_REPRESENTATION_CONTEXT() REPRESENTATION_CONTEXT('2D SPACE',''
  ) );
#4909 = PCURVE('',#4857,#4910);
#4910 = DEFINITIONAL_REPRESENTATION('',(#4911),#4915);
#4911 = LINE('',#4912,#4913);
#4912 = CARTESIAN_POINT('',(0.,0.));
#4913 = VECTOR('',#4914,1.);
#4914 = DIRECTION('',(1.,0.));
#4915 = ( GEOMETRIC_REPRESENTATION_CONTEXT(2) 
PARAMETRIC_REPRESENTATION_CONTEXT() REPRESENTATION_CONTEXT('2D SPACE',''
  ) );
#4916 = ORIENTED_EDGE('',*,*,#4917,.F.);
#4917 = EDGE_CURVE('',#4668,#4894,#4918,.T.);
#4918 = SURFACE_CURVE('',#4919,(#4923,#4930),.PCURVE_S1.);
#4919 = LINE('',#4920,#4921);
#4920 = CARTESIAN_POINT('',(9.9192,-7.,34.85));
#4921 = VECTOR('',#4922,1.);
#4922 = DIRECTION('',(-0.,1.,0.));
#4923 = PCURVE('',#4461,#4924);
#4924 = DEFINITIONAL_REPRESENTATION('',(#4925),#4929);
#4925 = LINE('',#4926,#4927);
#4926 = CARTESIAN_POINT('',(-0.,0.));
#4927 = VECTOR('',#4928,1.);
#4928 = DIRECTION('',(-0.,1.));
#4929 = ( GEOMETRIC_REPRESENTATION_CONTEXT(2) 
PARAMETRIC_REPRESENTATION_CONTEXT() REPRESENTATION_CONTEXT('2D SPACE',''
  ) );
#4930 = PCURVE('',#4683,#4931);
#4931 = DEFINITIONAL_REPRESENTATION('',(#4932),#4936);
#4932 = LINE('',#4933,#4934);
#4933 = CARTESIAN_POINT('',(2.5,0.));
#4934 = VECTOR('',#4935,1.);
#4935 = DIRECTION('',(0.,-1.));
#4936 = ( GEOMETRIC_REPRESENTATION_CONTEXT(2) 
PARAMETRIC_REPRESENTATION_CONTEXT() REPRESENTATION_CONTEXT('2D SPACE',''
  ) );
#4937 = ADVANCED_FACE('',(#4938),#4567,.T.);
#4938 = FACE_BOUND('',#4939,.T.);
#4939 = EDGE_LOOP('',(#4940,#4961,#4983,#4984));
#4940 = ORIENTED_EDGE('',*,*,#4941,.F.);
#4941 = EDGE_CURVE('',#4796,#4894,#4942,.T.);
#4942 = SURFACE_CURVE('',#4943,(#4947,#4954),.PCURVE_S1.);
#4943 = LINE('',#4944,#4945);
#4944 = CARTESIAN_POINT('',(9.9192,9.,32.35));
#4945 = VECTOR('',#4946,1.);
#4946 = DIRECTION('',(0.,0.,1.));
#4947 = PCURVE('',#4567,#4948);
#4948 = DEFINITIONAL_REPRESENTATION('',(#4949),#4953);
#4949 = LINE('',#4950,#4951);
#4950 = CARTESIAN_POINT('',(0.,0.));
#4951 = VECTOR('',#4952,1.);
#4952 = DIRECTION('',(0.,1.));
#4953 = ( GEOMETRIC_REPRESENTATION_CONTEXT(2) 
PARAMETRIC_REPRESENTATION_CONTEXT() REPRESENTATION_CONTEXT('2D SPACE',''
  ) );
#4954 = PCURVE('',#4683,#4955);
#4955 = DEFINITIONAL_REPRESENTATION('',(#4956),#4960);
#4956 = LINE('',#4957,#4958);
#4957 = CARTESIAN_POINT('',(0.,-16.));
#4958 = VECTOR('',#4959,1.);
#4959 = DIRECTION('',(1.,0.));
#4960 = ( GEOMETRIC_REPRESENTATION_CONTEXT(2) 
PARAMETRIC_REPRESENTATION_CONTEXT() REPRESENTATION_CONTEXT('2D SPACE',''
  ) );
#4961 = ORIENTED_EDGE('',*,*,#4962,.T.);
#4962 = EDGE_CURVE('',#4796,#4552,#4963,.T.);
#4963 = SURFACE_CURVE('',#4964,(#4969,#4976),.PCURVE_S1.);
#4964 = CIRCLE('',#4965,2.);
#4965 = AXIS2_PLACEMENT_3D('',#4966,#4967,#4968);
#4966 = CARTESIAN_POINT('',(7.9192,9.,34.35));
#4967 = DIRECTION('',(0.,0.,1.));
#4968 = DIRECTION('',(1.,0.,-0.));
#4969 = PCURVE('',#4567,#4970);
#4970 = DEFINITIONAL_REPRESENTATION('',(#4971),#4975);
#4971 = LINE('',#4972,#4973);
#4972 = CARTESIAN_POINT('',(0.,2.));
#4973 = VECTOR('',#4974,1.);
#4974 = DIRECTION('',(1.,0.));
#4975 = ( GEOMETRIC_REPRESENTATION_CONTEXT(2) 
PARAMETRIC_REPRESENTATION_CONTEXT() REPRESENTATION_CONTEXT('2D SPACE',''
  ) );
#4976 = PCURVE('',#4759,#4977);
#4977 = DEFINITIONAL_REPRESENTATION('',(#4978),#4982);
#4978 = LINE('',#4979,#4980);
#4979 = CARTESIAN_POINT('',(0.,0.));
#4980 = VECTOR('',#4981,1.);
#4981 = DIRECTION('',(1.,0.));
#4982 = ( GEOMETRIC_REPRESENTATION_CONTEXT(2) 
PARAMETRIC_REPRESENTATION_CONTEXT() REPRESENTATION_CONTEXT('2D SPACE',''
  ) );
#4983 = ORIENTED_EDGE('',*,*,#4551,.T.);
#4984 = ORIENTED_EDGE('',*,*,#4985,.T.);
#4985 = EDGE_CURVE('',#4529,#4894,#4986,.T.);
#4986 = SURFACE_CURVE('',#4987,(#4992,#4998),.PCURVE_S1.);
#4987 = CIRCLE('',#4988,2.);
#4988 = AXIS2_PLACEMENT_3D('',#4989,#4990,#4991);
#4989 = CARTESIAN_POINT('',(7.9192,9.,34.85));
#4990 = DIRECTION('',(0.,0.,-1.));
#4991 = DIRECTION('',(1.,0.,0.));
#4992 = PCURVE('',#4567,#4993);
#4993 = DEFINITIONAL_REPRESENTATION('',(#4994),#4997);
#4994 = B_SPLINE_CURVE_WITH_KNOTS('',1,(#4995,#4996),.UNSPECIFIED.,.F.,
  .F.,(2,2),(4.712388980385,6.28318530718),.PIECEWISE_BEZIER_KNOTS.);
#4995 = CARTESIAN_POINT('',(1.570796326795,2.5));
#4996 = CARTESIAN_POINT('',(0.,2.5));
#4997 = ( GEOMETRIC_REPRESENTATION_CONTEXT(2) 
PARAMETRIC_REPRESENTATION_CONTEXT() REPRESENTATION_CONTEXT('2D SPACE',''
  ) );
#4998 = PCURVE('',#4857,#4999);
#4999 = DEFINITIONAL_REPRESENTATION('',(#5000),#5003);
#5000 = B_SPLINE_CURVE_WITH_KNOTS('',1,(#5001,#5002),.UNSPECIFIED.,.F.,
  .F.,(2,2),(4.712388980385,6.28318530718),.PIECEWISE_BEZIER_KNOTS.);
#5001 = CARTESIAN_POINT('',(0.,-1.570796326795));
#5002 = CARTESIAN_POINT('',(0.,0.));
#5003 = ( GEOMETRIC_REPRESENTATION_CONTEXT(2) 
PARAMETRIC_REPRESENTATION_CONTEXT() REPRESENTATION_CONTEXT('2D SPACE',''
  ) );
#5004 = ADVANCED_FACE('',(#5005),#4619,.T.);
#5005 = FACE_BOUND('',#5006,.F.);
#5006 = EDGE_LOOP('',(#5007,#5008,#5009));
#5007 = ORIENTED_EDGE('',*,*,#4774,.F.);
#5008 = ORIENTED_EDGE('',*,*,#4605,.T.);
#5009 = ORIENTED_EDGE('',*,*,#4695,.F.);
#5010 = ADVANCED_FACE('',(#5011),#4650,.T.);
#5011 = FACE_BOUND('',#5012,.T.);
#5012 = EDGE_LOOP('',(#5013,#5014,#5015));
#5013 = ORIENTED_EDGE('',*,*,#4872,.F.);
#5014 = ORIENTED_EDGE('',*,*,#4636,.T.);
#5015 = ORIENTED_EDGE('',*,*,#4718,.F.);
#5016 = ADVANCED_FACE('',(#5017),#4683,.T.);
#5017 = FACE_BOUND('',#5018,.T.);
#5018 = EDGE_LOOP('',(#5019,#5020,#5021,#5022));
#5019 = ORIENTED_EDGE('',*,*,#4665,.F.);
#5020 = ORIENTED_EDGE('',*,*,#4817,.T.);
#5021 = ORIENTED_EDGE('',*,*,#4941,.T.);
#5022 = ORIENTED_EDGE('',*,*,#4917,.F.);
#5023 = ADVANCED_FACE('',(#5024),#4759,.T.);
#5024 = FACE_BOUND('',#5025,.T.);
#5025 = EDGE_LOOP('',(#5026,#5027,#5028));
#5026 = ORIENTED_EDGE('',*,*,#4795,.F.);
#5027 = ORIENTED_EDGE('',*,*,#4745,.T.);
#5028 = ORIENTED_EDGE('',*,*,#4962,.F.);
#5029 = ADVANCED_FACE('',(#5030),#4857,.T.);
#5030 = FACE_BOUND('',#5031,.T.);
#5031 = EDGE_LOOP('',(#5032,#5033,#5034));
#5032 = ORIENTED_EDGE('',*,*,#4985,.F.);
#5033 = ORIENTED_EDGE('',*,*,#4843,.T.);
#5034 = ORIENTED_EDGE('',*,*,#4893,.F.);
#5035 = ( GEOMETRIC_REPRESENTATION_CONTEXT(3) 
GLOBAL_UNCERTAINTY_ASSIGNED_CONTEXT((#5039)) 
GLOBAL_UNIT_ASSIGNED_CONTEXT((#5036,#5037,#5038)) REPRESENTATION_CONTEXT
('Context #1','3D Context with UNIT and UNCERTAINTY') );
#5036 = ( LENGTH_UNIT() NAMED_UNIT(*) SI_UNIT(.MILLI.,.METRE.) );
#5037 = ( NAMED_UNIT(*) PLANE_ANGLE_UNIT() SI_UNIT($,.RADIAN.) );
#5038 = ( NAMED_UNIT(*) SI_UNIT($,.STERADIAN.) SOLID_ANGLE_UNIT() );
#5039 = UNCERTAINTY_MEASURE_WITH_UNIT(LENGTH_MEASURE(2.E-05),#5036,
  'distance_accuracy_value','confusion accuracy');
#5040 = PRODUCT_RELATED_PRODUCT_CATEGORY('part',$,(#7));
#5041 = MECHANICAL_DESIGN_GEOMETRIC_PRESENTATION_REPRESENTATION('',(
    #5042,#5052,#5061),#5035);
#5042 = STYLED_ITEM('color',(#5043),#15);
#5043 = PRESENTATION_STYLE_ASSIGNMENT((#5044,#5050));
#5044 = SURFACE_STYLE_USAGE(.BOTH.,#5045);
#5045 = SURFACE_SIDE_STYLE('',(#5046));
#5046 = SURFACE_STYLE_FILL_AREA(#5047);
#5047 = FILL_AREA_STYLE('',(#5048));
#5048 = FILL_AREA_STYLE_COLOUR('',#5049);
#5049 = COLOUR_RGB('',0.968627457133,0.97254901356,0.980392145089);
#5050 = CURVE_STYLE('',#5051,POSITIVE_LENGTH_MEASURE(0.1),#5049);
#5051 = DRAUGHTING_PRE_DEFINED_CURVE_FONT('continuous');
#5052 = STYLED_ITEM('color',(#5053),#2423);
#5053 = PRESENTATION_STYLE_ASSIGNMENT((#5054,#5059));
#5054 = SURFACE_STYLE_USAGE(.BOTH.,#5055);
#5055 = SURFACE_SIDE_STYLE('',(#5056));
#5056 = SURFACE_STYLE_FILL_AREA(#5057);
#5057 = FILL_AREA_STYLE('',(#5058));
#5058 = FILL_AREA_STYLE_COLOUR('',#5049);
#5059 = CURVE_STYLE('',#5060,POSITIVE_LENGTH_MEASURE(0.1),#5049);
#5060 = DRAUGHTING_PRE_DEFINED_CURVE_FONT('continuous');
#5061 = STYLED_ITEM('color',(#5062),#3729);
#5062 = PRESENTATION_STYLE_ASSIGNMENT((#5063,#5068));
#5063 = SURFACE_STYLE_USAGE(.BOTH.,#5064);
#5064 = SURFACE_SIDE_STYLE('',(#5065));
#5065 = SURFACE_STYLE_FILL_AREA(#5066);
#5066 = FILL_AREA_STYLE('',(#5067));
#5067 = FILL_AREA_STYLE_COLOUR('',#5049);
#5068 = CURVE_STYLE('',#5069,POSITIVE_LENGTH_MEASURE(0.1),#5049);
#5069 = DRAUGHTING_PRE_DEFINED_CURVE_FONT('continuous');
ENDSEC;
END-ISO-10303-21;
