ISO-10303-21;
HEADER;
FILE_DESCRIPTION(('Open CASCADE Model'),'2;1');
FILE_NAME('ZEROTH01_V4_UNITV2_REMOVABLE_M2P5_CRADLE',
  '2026-08-08T12:26:35',('Author'),('Open CASCADE'),
  'Open CASCADE STEP processor 7.9','build123d','Unknown');
FILE_SCHEMA(('AUTOMOTIVE_DESIGN { 1 0 10303 214 1 1 1 1 }'));
ENDSEC;
DATA;
#1 = APPLICATION_PROTOCOL_DEFINITION('international standard',
  'automotive_design',2000,#2);
#2 = APPLICATION_CONTEXT(
  'core data for automotive mechanical design processes');
#3 = SHAPE_DEFINITION_REPRESENTATION(#4,#10);
#4 = PRODUCT_DEFINITION_SHAPE('','',#5);
#5 = PRODUCT_DEFINITION('design','',#6,#9);
#6 = PRODUCT_DEFINITION_FORMATION('','',#7);
#7 = PRODUCT('ZEROTH01_V4_UNITV2_REMOVABLE_M2P5_CRADLE',
  'ZEROTH01_V4_UNITV2_REMOVABLE_M2P5_CRADLE','',(#8));
#8 = PRODUCT_CONTEXT('',#2,'mechanical');
#9 = PRODUCT_DEFINITION_CONTEXT('part definition',#2,'design');
#10 = ADVANCED_BREP_SHAPE_REPRESENTATION('',(#11,#15),#5615);
#11 = AXIS2_PLACEMENT_3D('',#12,#13,#14);
#12 = CARTESIAN_POINT('',(0.,0.,0.));
#13 = DIRECTION('',(0.,0.,1.));
#14 = DIRECTION('',(1.,0.,-0.));
#15 = MANIFOLD_SOLID_BREP('',#16);
#16 = CLOSED_SHELL('',(#17,#137,#297,#376,#457,#533,#643,#772,#826,#975,
    #1116,#1197,#1222,#1303,#1328,#1474,#1712,#1799,#1880,#1928,#1983,
    #2013,#2105,#2194,#2225,#2299,#2330,#2401,#2468,#2522,#2576,#2686,
    #2762,#2965,#2993,#3058,#3111,#3164,#3238,#3292,#3349,#3403,#3449,
    #3630,#3738,#3744,#3771,#3777,#3842,#3874,#3949,#4007,#4061,#4114,
    #4168,#4220,#4247,#4274,#4350,#4378,#4403,#4461,#4509,#4541,#4571,
    #4623,#4655,#4703,#4758,#4811,#4864,#4902,#4944,#4997,#5046,#5076,
    #5128,#5193,#5220,#5274,#5301,#5355,#5381,#5429,#5460,#5492,#5519,
    #5547,#5603,#5609));
#17 = ADVANCED_FACE('',(#18),#32,.F.);
#18 = FACE_BOUND('',#19,.F.);
#19 = EDGE_LOOP('',(#20,#55,#83,#111));
#20 = ORIENTED_EDGE('',*,*,#21,.F.);
#21 = EDGE_CURVE('',#22,#24,#26,.T.);
#22 = VERTEX_POINT('',#23);
#23 = CARTESIAN_POINT('',(-26.,16.05,31.8));
#24 = VERTEX_POINT('',#25);
#25 = CARTESIAN_POINT('',(-26.,16.05,58.2));
#26 = SURFACE_CURVE('',#27,(#31,#43),.PCURVE_S1.);
#27 = LINE('',#28,#29);
#28 = CARTESIAN_POINT('',(-26.,16.05,31.));
#29 = VECTOR('',#30,1.);
#30 = DIRECTION('',(0.,0.,1.));
#31 = PCURVE('',#32,#37);
#32 = PLANE('',#33);
#33 = AXIS2_PLACEMENT_3D('',#34,#35,#36);
#34 = CARTESIAN_POINT('',(-26.,15.25,31.));
#35 = DIRECTION('',(1.,0.,-0.));
#36 = DIRECTION('',(0.,0.,1.));
#37 = DEFINITIONAL_REPRESENTATION('',(#38),#42);
#38 = LINE('',#39,#40);
#39 = CARTESIAN_POINT('',(0.,-0.8));
#40 = VECTOR('',#41,1.);
#41 = DIRECTION('',(1.,0.));
#42 = ( GEOMETRIC_REPRESENTATION_CONTEXT(2) 
PARAMETRIC_REPRESENTATION_CONTEXT() REPRESENTATION_CONTEXT('2D SPACE',''
  ) );
#43 = PCURVE('',#44,#49);
#44 = CYLINDRICAL_SURFACE('',#45,0.8);
#45 = AXIS2_PLACEMENT_3D('',#46,#47,#48);
#46 = CARTESIAN_POINT('',(-25.2,16.05,31.));
#47 = DIRECTION('',(0.,0.,1.));
#48 = DIRECTION('',(-1.,-0.,0.));
#49 = DEFINITIONAL_REPRESENTATION('',(#50),#54);
#50 = LINE('',#51,#52);
#51 = CARTESIAN_POINT('',(0.,0.));
#52 = VECTOR('',#53,1.);
#53 = DIRECTION('',(0.,1.));
#54 = ( GEOMETRIC_REPRESENTATION_CONTEXT(2) 
PARAMETRIC_REPRESENTATION_CONTEXT() REPRESENTATION_CONTEXT('2D SPACE',''
  ) );
#55 = ORIENTED_EDGE('',*,*,#56,.T.);
#56 = EDGE_CURVE('',#22,#57,#59,.T.);
#57 = VERTEX_POINT('',#58);
#58 = CARTESIAN_POINT('',(-26.,16.45,31.8));
#59 = SURFACE_CURVE('',#60,(#64,#71),.PCURVE_S1.);
#60 = LINE('',#61,#62);
#61 = CARTESIAN_POINT('',(-26.,15.25,31.8));
#62 = VECTOR('',#63,1.);
#63 = DIRECTION('',(-0.,1.,0.));
#64 = PCURVE('',#32,#65);
#65 = DEFINITIONAL_REPRESENTATION('',(#66),#70);
#66 = LINE('',#67,#68);
#67 = CARTESIAN_POINT('',(0.8,0.));
#68 = VECTOR('',#69,1.);
#69 = DIRECTION('',(0.,-1.));
#70 = ( GEOMETRIC_REPRESENTATION_CONTEXT(2) 
PARAMETRIC_REPRESENTATION_CONTEXT() REPRESENTATION_CONTEXT('2D SPACE',''
  ) );
#71 = PCURVE('',#72,#77);
#72 = CYLINDRICAL_SURFACE('',#73,0.8);
#73 = AXIS2_PLACEMENT_3D('',#74,#75,#76);
#74 = CARTESIAN_POINT('',(-25.2,15.25,31.8));
#75 = DIRECTION('',(-0.,1.,0.));
#76 = DIRECTION('',(-1.,-0.,0.));
#77 = DEFINITIONAL_REPRESENTATION('',(#78),#82);
#78 = LINE('',#79,#80);
#79 = CARTESIAN_POINT('',(-0.,0.));
#80 = VECTOR('',#81,1.);
#81 = DIRECTION('',(-0.,1.));
#82 = ( GEOMETRIC_REPRESENTATION_CONTEXT(2) 
PARAMETRIC_REPRESENTATION_CONTEXT() REPRESENTATION_CONTEXT('2D SPACE',''
  ) );
#83 = ORIENTED_EDGE('',*,*,#84,.T.);
#84 = EDGE_CURVE('',#57,#85,#87,.T.);
#85 = VERTEX_POINT('',#86);
#86 = CARTESIAN_POINT('',(-26.,16.45,58.2));
#87 = SURFACE_CURVE('',#88,(#92,#99),.PCURVE_S1.);
#88 = LINE('',#89,#90);
#89 = CARTESIAN_POINT('',(-26.,16.45,31.));
#90 = VECTOR('',#91,1.);
#91 = DIRECTION('',(0.,0.,1.));
#92 = PCURVE('',#32,#93);
#93 = DEFINITIONAL_REPRESENTATION('',(#94),#98);
#94 = LINE('',#95,#96);
#95 = CARTESIAN_POINT('',(0.,-1.2));
#96 = VECTOR('',#97,1.);
#97 = DIRECTION('',(1.,0.));
#98 = ( GEOMETRIC_REPRESENTATION_CONTEXT(2) 
PARAMETRIC_REPRESENTATION_CONTEXT() REPRESENTATION_CONTEXT('2D SPACE',''
  ) );
#99 = PCURVE('',#100,#105);
#100 = CYLINDRICAL_SURFACE('',#101,0.8);
#101 = AXIS2_PLACEMENT_3D('',#102,#103,#104);
#102 = CARTESIAN_POINT('',(-25.2,16.45,31.));
#103 = DIRECTION('',(0.,0.,1.));
#104 = DIRECTION('',(-1.,-0.,0.));
#105 = DEFINITIONAL_REPRESENTATION('',(#106),#110);
#106 = LINE('',#107,#108);
#107 = CARTESIAN_POINT('',(-0.,0.));
#108 = VECTOR('',#109,1.);
#109 = DIRECTION('',(-0.,1.));
#110 = ( GEOMETRIC_REPRESENTATION_CONTEXT(2) 
PARAMETRIC_REPRESENTATION_CONTEXT() REPRESENTATION_CONTEXT('2D SPACE',''
  ) );
#111 = ORIENTED_EDGE('',*,*,#112,.F.);
#112 = EDGE_CURVE('',#24,#85,#113,.T.);
#113 = SURFACE_CURVE('',#114,(#118,#125),.PCURVE_S1.);
#114 = LINE('',#115,#116);
#115 = CARTESIAN_POINT('',(-26.,15.25,58.2));
#116 = VECTOR('',#117,1.);
#117 = DIRECTION('',(-0.,1.,0.));
#118 = PCURVE('',#32,#119);
#119 = DEFINITIONAL_REPRESENTATION('',(#120),#124);
#120 = LINE('',#121,#122);
#121 = CARTESIAN_POINT('',(27.2,0.));
#122 = VECTOR('',#123,1.);
#123 = DIRECTION('',(0.,-1.));
#124 = ( GEOMETRIC_REPRESENTATION_CONTEXT(2) 
PARAMETRIC_REPRESENTATION_CONTEXT() REPRESENTATION_CONTEXT('2D SPACE',''
  ) );
#125 = PCURVE('',#126,#131);
#126 = CYLINDRICAL_SURFACE('',#127,0.8);
#127 = AXIS2_PLACEMENT_3D('',#128,#129,#130);
#128 = CARTESIAN_POINT('',(-25.2,15.25,58.2));
#129 = DIRECTION('',(-0.,1.,0.));
#130 = DIRECTION('',(-1.,-0.,0.));
#131 = DEFINITIONAL_REPRESENTATION('',(#132),#136);
#132 = LINE('',#133,#134);
#133 = CARTESIAN_POINT('',(0.,0.));
#134 = VECTOR('',#135,1.);
#135 = DIRECTION('',(0.,1.));
#136 = ( GEOMETRIC_REPRESENTATION_CONTEXT(2) 
PARAMETRIC_REPRESENTATION_CONTEXT() REPRESENTATION_CONTEXT('2D SPACE',''
  ) );
#137 = ADVANCED_FACE('',(#138),#44,.T.);
#138 = FACE_BOUND('',#139,.T.);
#139 = EDGE_LOOP('',(#140,#141,#170,#207,#233,#270));
#140 = ORIENTED_EDGE('',*,*,#21,.F.);
#141 = ORIENTED_EDGE('',*,*,#142,.T.);
#142 = EDGE_CURVE('',#22,#143,#145,.T.);
#143 = VERTEX_POINT('',#144);
#144 = CARTESIAN_POINT('',(-25.76113036012,15.479795897113,31.8));
#145 = SURFACE_CURVE('',#146,(#151,#158),.PCURVE_S1.);
#146 = CIRCLE('',#147,0.8);
#147 = AXIS2_PLACEMENT_3D('',#148,#149,#150);
#148 = CARTESIAN_POINT('',(-25.2,16.05,31.8));
#149 = DIRECTION('',(0.,0.,1.));
#150 = DIRECTION('',(-1.,0.,0.));
#151 = PCURVE('',#44,#152);
#152 = DEFINITIONAL_REPRESENTATION('',(#153),#157);
#153 = LINE('',#154,#155);
#154 = CARTESIAN_POINT('',(0.,0.8));
#155 = VECTOR('',#156,1.);
#156 = DIRECTION('',(1.,0.));
#157 = ( GEOMETRIC_REPRESENTATION_CONTEXT(2) 
PARAMETRIC_REPRESENTATION_CONTEXT() REPRESENTATION_CONTEXT('2D SPACE',''
  ) );
#158 = PCURVE('',#159,#164);
#159 = SPHERICAL_SURFACE('',#160,0.8);
#160 = AXIS2_PLACEMENT_3D('',#161,#162,#163);
#161 = CARTESIAN_POINT('',(-25.2,16.05,31.8));
#162 = DIRECTION('',(0.,0.,1.));
#163 = DIRECTION('',(-1.,0.,0.));
#164 = DEFINITIONAL_REPRESENTATION('',(#165),#169);
#165 = LINE('',#166,#167);
#166 = CARTESIAN_POINT('',(0.,0.));
#167 = VECTOR('',#168,1.);
#168 = DIRECTION('',(1.,0.));
#169 = ( GEOMETRIC_REPRESENTATION_CONTEXT(2) 
PARAMETRIC_REPRESENTATION_CONTEXT() REPRESENTATION_CONTEXT('2D SPACE',''
  ) );
#170 = ORIENTED_EDGE('',*,*,#171,.F.);
#171 = EDGE_CURVE('',#172,#143,#174,.T.);
#172 = VERTEX_POINT('',#173);
#173 = CARTESIAN_POINT('',(-25.78094750193,15.5,32.));
#174 = SURFACE_CURVE('',#175,(#182,#192),.PCURVE_S1.);
#175 = B_SPLINE_CURVE_WITH_KNOTS('',5,(#176,#177,#178,#179,#180,#181),
  .UNSPECIFIED.,.F.,.F.,(6,6),(0.,1.),.PIECEWISE_BEZIER_KNOTS.);
#176 = CARTESIAN_POINT('',(-25.78094750193,15.5,32.));
#177 = CARTESIAN_POINT('',(-25.78094750193,15.5,31.95937272727));
#178 = CARTESIAN_POINT('',(-25.77899401488,15.497936760444,
    31.918733510159));
#179 = CARTESIAN_POINT('',(-25.77508583821,15.493807983738,
    31.878413145408));
#180 = CARTESIAN_POINT('',(-25.76916493687,15.487702614994,
    31.838734727651));
#181 = CARTESIAN_POINT('',(-25.76113023566,15.479795774639,31.7999994));
#182 = PCURVE('',#44,#183);
#183 = DEFINITIONAL_REPRESENTATION('',(#184),#191);
#184 = B_SPLINE_CURVE_WITH_KNOTS('',5,(#185,#186,#187,#188,#189,#190),
  .UNSPECIFIED.,.F.,.F.,(6,6),(0.,1.),.PIECEWISE_BEZIER_KNOTS.);
#185 = CARTESIAN_POINT('',(0.758040765426,1.));
#186 = CARTESIAN_POINT('',(0.758040765426,0.95937272727));
#187 = CARTESIAN_POINT('',(0.761592232112,0.918733510159));
#188 = CARTESIAN_POINT('',(0.76869936941,0.878413145408));
#189 = CARTESIAN_POINT('',(0.779327680555,0.838734727651));
#190 = CARTESIAN_POINT('',(0.793418598943,0.7999994));
#191 = ( GEOMETRIC_REPRESENTATION_CONTEXT(2) 
PARAMETRIC_REPRESENTATION_CONTEXT() REPRESENTATION_CONTEXT('2D SPACE',''
  ) );
#192 = PCURVE('',#193,#198);
#193 = CYLINDRICAL_SURFACE('',#194,1.);
#194 = AXIS2_PLACEMENT_3D('',#195,#196,#197);
#195 = CARTESIAN_POINT('',(-27.,14.5,32.));
#196 = DIRECTION('',(1.,0.,-0.));
#197 = DIRECTION('',(0.,1.,0.));
#198 = DEFINITIONAL_REPRESENTATION('',(#199),#206);
#199 = B_SPLINE_CURVE_WITH_KNOTS('',5,(#200,#201,#202,#203,#204,#205),
  .UNSPECIFIED.,.F.,.F.,(6,6),(0.,1.),.PIECEWISE_BEZIER_KNOTS.);
#200 = CARTESIAN_POINT('',(0.,1.219052498069));
#201 = CARTESIAN_POINT('',(-4.062727273033E-02,1.219052498069));
#202 = CARTESIAN_POINT('',(-8.126647352872E-02,1.221005985111));
#203 = CARTESIAN_POINT('',(-0.121726610802,1.224914161784));
#204 = CARTESIAN_POINT('',(-0.161824449986,1.230835063129));
#205 = CARTESIAN_POINT('',(-0.201358533163,1.238869764333));
#206 = ( GEOMETRIC_REPRESENTATION_CONTEXT(2) 
PARAMETRIC_REPRESENTATION_CONTEXT() REPRESENTATION_CONTEXT('2D SPACE',''
  ) );
#207 = ORIENTED_EDGE('',*,*,#208,.T.);
#208 = EDGE_CURVE('',#172,#209,#211,.T.);
#209 = VERTEX_POINT('',#210);
#210 = CARTESIAN_POINT('',(-25.78094750193,15.5,58.));
#211 = SURFACE_CURVE('',#212,(#216,#222),.PCURVE_S1.);
#212 = LINE('',#213,#214);
#213 = CARTESIAN_POINT('',(-25.78094750193,15.5,31.));
#214 = VECTOR('',#215,1.);
#215 = DIRECTION('',(0.,0.,1.));
#216 = PCURVE('',#44,#217);
#217 = DEFINITIONAL_REPRESENTATION('',(#218),#221);
#218 = B_SPLINE_CURVE_WITH_KNOTS('',1,(#219,#220),.UNSPECIFIED.,.F.,.F.,
  (2,2),(0.7999994,27.2000006),.PIECEWISE_BEZIER_KNOTS.);
#219 = CARTESIAN_POINT('',(0.758040765426,0.7999994));
#220 = CARTESIAN_POINT('',(0.758040765426,27.2000006));
#221 = ( GEOMETRIC_REPRESENTATION_CONTEXT(2) 
PARAMETRIC_REPRESENTATION_CONTEXT() REPRESENTATION_CONTEXT('2D SPACE',''
  ) );
#222 = PCURVE('',#223,#228);
#223 = PLANE('',#224);
#224 = AXIS2_PLACEMENT_3D('',#225,#226,#227);
#225 = CARTESIAN_POINT('',(-27.,15.5,31.));
#226 = DIRECTION('',(-0.,1.,0.));
#227 = DIRECTION('',(0.,0.,1.));
#228 = DEFINITIONAL_REPRESENTATION('',(#229),#232);
#229 = B_SPLINE_CURVE_WITH_KNOTS('',1,(#230,#231),.UNSPECIFIED.,.F.,.F.,
  (2,2),(0.7999994,27.2000006),.PIECEWISE_BEZIER_KNOTS.);
#230 = CARTESIAN_POINT('',(0.7999994,1.219052498069));
#231 = CARTESIAN_POINT('',(27.2000006,1.219052498069));
#232 = ( GEOMETRIC_REPRESENTATION_CONTEXT(2) 
PARAMETRIC_REPRESENTATION_CONTEXT() REPRESENTATION_CONTEXT('2D SPACE',''
  ) );
#233 = ORIENTED_EDGE('',*,*,#234,.T.);
#234 = EDGE_CURVE('',#209,#235,#237,.T.);
#235 = VERTEX_POINT('',#236);
#236 = CARTESIAN_POINT('',(-25.76113036012,15.479795897113,58.2));
#237 = SURFACE_CURVE('',#238,(#245,#255),.PCURVE_S1.);
#238 = B_SPLINE_CURVE_WITH_KNOTS('',5,(#239,#240,#241,#242,#243,#244),
  .UNSPECIFIED.,.F.,.F.,(6,6),(0.,1.),.PIECEWISE_BEZIER_KNOTS.);
#239 = CARTESIAN_POINT('',(-25.78094750193,15.5,58.));
#240 = CARTESIAN_POINT('',(-25.78094750193,15.5,58.04062727273));
#241 = CARTESIAN_POINT('',(-25.77899401488,15.497936760444,
    58.081266489841));
#242 = CARTESIAN_POINT('',(-25.77508583821,15.493807983738,
    58.121586854592));
#243 = CARTESIAN_POINT('',(-25.76916493687,15.487702614994,
    58.161265272349));
#244 = CARTESIAN_POINT('',(-25.76113023566,15.479795774639,58.2000006));
#245 = PCURVE('',#44,#246);
#246 = DEFINITIONAL_REPRESENTATION('',(#247),#254);
#247 = B_SPLINE_CURVE_WITH_KNOTS('',5,(#248,#249,#250,#251,#252,#253),
  .UNSPECIFIED.,.F.,.F.,(6,6),(0.,1.),.PIECEWISE_BEZIER_KNOTS.);
#248 = CARTESIAN_POINT('',(0.758040765426,27.));
#249 = CARTESIAN_POINT('',(0.758040765426,27.04062727273));
#250 = CARTESIAN_POINT('',(0.761592232112,27.081266489841));
#251 = CARTESIAN_POINT('',(0.76869936941,27.121586854592));
#252 = CARTESIAN_POINT('',(0.779327680555,27.161265272349));
#253 = CARTESIAN_POINT('',(0.793418598943,27.2000006));
#254 = ( GEOMETRIC_REPRESENTATION_CONTEXT(2) 
PARAMETRIC_REPRESENTATION_CONTEXT() REPRESENTATION_CONTEXT('2D SPACE',''
  ) );
#255 = PCURVE('',#256,#261);
#256 = CYLINDRICAL_SURFACE('',#257,1.);
#257 = AXIS2_PLACEMENT_3D('',#258,#259,#260);
#258 = CARTESIAN_POINT('',(-27.,14.5,58.));
#259 = DIRECTION('',(1.,0.,-0.));
#260 = DIRECTION('',(0.,1.,0.));
#261 = DEFINITIONAL_REPRESENTATION('',(#262),#269);
#262 = B_SPLINE_CURVE_WITH_KNOTS('',5,(#263,#264,#265,#266,#267,#268),
  .UNSPECIFIED.,.F.,.F.,(6,6),(0.,1.),.PIECEWISE_BEZIER_KNOTS.);
#263 = CARTESIAN_POINT('',(0.,1.219052498069));
#264 = CARTESIAN_POINT('',(4.062727273032E-02,1.219052498069));
#265 = CARTESIAN_POINT('',(8.126647352873E-02,1.221005985111));
#266 = CARTESIAN_POINT('',(0.121726610802,1.224914161784));
#267 = CARTESIAN_POINT('',(0.161824449986,1.230835063129));
#268 = CARTESIAN_POINT('',(0.201358533163,1.238869764333));
#269 = ( GEOMETRIC_REPRESENTATION_CONTEXT(2) 
PARAMETRIC_REPRESENTATION_CONTEXT() REPRESENTATION_CONTEXT('2D SPACE',''
  ) );
#270 = ORIENTED_EDGE('',*,*,#271,.F.);
#271 = EDGE_CURVE('',#24,#235,#272,.T.);
#272 = SURFACE_CURVE('',#273,(#278,#285),.PCURVE_S1.);
#273 = CIRCLE('',#274,0.8);
#274 = AXIS2_PLACEMENT_3D('',#275,#276,#277);
#275 = CARTESIAN_POINT('',(-25.2,16.05,58.2));
#276 = DIRECTION('',(0.,0.,1.));
#277 = DIRECTION('',(-1.,0.,0.));
#278 = PCURVE('',#44,#279);
#279 = DEFINITIONAL_REPRESENTATION('',(#280),#284);
#280 = LINE('',#281,#282);
#281 = CARTESIAN_POINT('',(0.,27.2));
#282 = VECTOR('',#283,1.);
#283 = DIRECTION('',(1.,0.));
#284 = ( GEOMETRIC_REPRESENTATION_CONTEXT(2) 
PARAMETRIC_REPRESENTATION_CONTEXT() REPRESENTATION_CONTEXT('2D SPACE',''
  ) );
#285 = PCURVE('',#286,#291);
#286 = SPHERICAL_SURFACE('',#287,0.8);
#287 = AXIS2_PLACEMENT_3D('',#288,#289,#290);
#288 = CARTESIAN_POINT('',(-25.2,16.05,58.2));
#289 = DIRECTION('',(-0.,-0.,-1.));
#290 = DIRECTION('',(-1.,0.,0.));
#291 = DEFINITIONAL_REPRESENTATION('',(#292),#296);
#292 = LINE('',#293,#294);
#293 = CARTESIAN_POINT('',(-0.,0.));
#294 = VECTOR('',#295,1.);
#295 = DIRECTION('',(-1.,0.));
#296 = ( GEOMETRIC_REPRESENTATION_CONTEXT(2) 
PARAMETRIC_REPRESENTATION_CONTEXT() REPRESENTATION_CONTEXT('2D SPACE',''
  ) );
#297 = ADVANCED_FACE('',(#298),#72,.T.);
#298 = FACE_BOUND('',#299,.F.);
#299 = EDGE_LOOP('',(#300,#322,#350,#375));
#300 = ORIENTED_EDGE('',*,*,#301,.F.);
#301 = EDGE_CURVE('',#302,#22,#304,.T.);
#302 = VERTEX_POINT('',#303);
#303 = CARTESIAN_POINT('',(-25.2,16.05,31.));
#304 = SURFACE_CURVE('',#305,(#310,#316),.PCURVE_S1.);
#305 = CIRCLE('',#306,0.8);
#306 = AXIS2_PLACEMENT_3D('',#307,#308,#309);
#307 = CARTESIAN_POINT('',(-25.2,16.05,31.8));
#308 = DIRECTION('',(0.,1.,-0.));
#309 = DIRECTION('',(-1.,0.,0.));
#310 = PCURVE('',#72,#311);
#311 = DEFINITIONAL_REPRESENTATION('',(#312),#315);
#312 = B_SPLINE_CURVE_WITH_KNOTS('',1,(#313,#314),.UNSPECIFIED.,.F.,.F.,
  (2,2),(4.712388980385,6.28318530718),.PIECEWISE_BEZIER_KNOTS.);
#313 = CARTESIAN_POINT('',(-1.570796326795,0.8));
#314 = CARTESIAN_POINT('',(0.,0.8));
#315 = ( GEOMETRIC_REPRESENTATION_CONTEXT(2) 
PARAMETRIC_REPRESENTATION_CONTEXT() REPRESENTATION_CONTEXT('2D SPACE',''
  ) );
#316 = PCURVE('',#159,#317);
#317 = DEFINITIONAL_REPRESENTATION('',(#318),#321);
#318 = B_SPLINE_CURVE_WITH_KNOTS('',1,(#319,#320),.UNSPECIFIED.,.F.,.F.,
  (2,2),(4.712388980385,6.28318530718),.PIECEWISE_BEZIER_KNOTS.);
#319 = CARTESIAN_POINT('',(0.,-1.570796326795));
#320 = CARTESIAN_POINT('',(0.,0.));
#321 = ( GEOMETRIC_REPRESENTATION_CONTEXT(2) 
PARAMETRIC_REPRESENTATION_CONTEXT() REPRESENTATION_CONTEXT('2D SPACE',''
  ) );
#322 = ORIENTED_EDGE('',*,*,#323,.T.);
#323 = EDGE_CURVE('',#302,#324,#326,.T.);
#324 = VERTEX_POINT('',#325);
#325 = CARTESIAN_POINT('',(-25.2,16.45,31.));
#326 = SURFACE_CURVE('',#327,(#331,#338),.PCURVE_S1.);
#327 = LINE('',#328,#329);
#328 = CARTESIAN_POINT('',(-25.2,15.25,31.));
#329 = VECTOR('',#330,1.);
#330 = DIRECTION('',(-0.,1.,0.));
#331 = PCURVE('',#72,#332);
#332 = DEFINITIONAL_REPRESENTATION('',(#333),#337);
#333 = LINE('',#334,#335);
#334 = CARTESIAN_POINT('',(-1.570796326795,0.));
#335 = VECTOR('',#336,1.);
#336 = DIRECTION('',(-0.,1.));
#337 = ( GEOMETRIC_REPRESENTATION_CONTEXT(2) 
PARAMETRIC_REPRESENTATION_CONTEXT() REPRESENTATION_CONTEXT('2D SPACE',''
  ) );
#338 = PCURVE('',#339,#344);
#339 = PLANE('',#340);
#340 = AXIS2_PLACEMENT_3D('',#341,#342,#343);
#341 = CARTESIAN_POINT('',(-26.,15.25,31.));
#342 = DIRECTION('',(0.,0.,1.));
#343 = DIRECTION('',(1.,0.,-0.));
#344 = DEFINITIONAL_REPRESENTATION('',(#345),#349);
#345 = LINE('',#346,#347);
#346 = CARTESIAN_POINT('',(0.8,0.));
#347 = VECTOR('',#348,1.);
#348 = DIRECTION('',(0.,1.));
#349 = ( GEOMETRIC_REPRESENTATION_CONTEXT(2) 
PARAMETRIC_REPRESENTATION_CONTEXT() REPRESENTATION_CONTEXT('2D SPACE',''
  ) );
#350 = ORIENTED_EDGE('',*,*,#351,.T.);
#351 = EDGE_CURVE('',#324,#57,#352,.T.);
#352 = SURFACE_CURVE('',#353,(#358,#364),.PCURVE_S1.);
#353 = CIRCLE('',#354,0.8);
#354 = AXIS2_PLACEMENT_3D('',#355,#356,#357);
#355 = CARTESIAN_POINT('',(-25.2,16.45,31.8));
#356 = DIRECTION('',(-1.387778780781E-16,1.,0.));
#357 = DIRECTION('',(-1.,-1.387778780781E-16,0.));
#358 = PCURVE('',#72,#359);
#359 = DEFINITIONAL_REPRESENTATION('',(#360),#363);
#360 = B_SPLINE_CURVE_WITH_KNOTS('',1,(#361,#362),.UNSPECIFIED.,.F.,.F.,
  (2,2),(4.712388980385,6.28318530718),.PIECEWISE_BEZIER_KNOTS.);
#361 = CARTESIAN_POINT('',(-1.570796326795,1.2));
#362 = CARTESIAN_POINT('',(0.,1.2));
#363 = ( GEOMETRIC_REPRESENTATION_CONTEXT(2) 
PARAMETRIC_REPRESENTATION_CONTEXT() REPRESENTATION_CONTEXT('2D SPACE',''
  ) );
#364 = PCURVE('',#365,#370);
#365 = SPHERICAL_SURFACE('',#366,0.8);
#366 = AXIS2_PLACEMENT_3D('',#367,#368,#369);
#367 = CARTESIAN_POINT('',(-25.2,16.45,31.8));
#368 = DIRECTION('',(0.,0.,1.));
#369 = DIRECTION('',(-1.,-1.387778780781E-16,0.));
#370 = DEFINITIONAL_REPRESENTATION('',(#371),#374);
#371 = B_SPLINE_CURVE_WITH_KNOTS('',1,(#372,#373),.UNSPECIFIED.,.F.,.F.,
  (2,2),(4.712388980385,6.28318530718),.PIECEWISE_BEZIER_KNOTS.);
#372 = CARTESIAN_POINT('',(0.,-1.570796326795));
#373 = CARTESIAN_POINT('',(0.,0.));
#374 = ( GEOMETRIC_REPRESENTATION_CONTEXT(2) 
PARAMETRIC_REPRESENTATION_CONTEXT() REPRESENTATION_CONTEXT('2D SPACE',''
  ) );
#375 = ORIENTED_EDGE('',*,*,#56,.F.);
#376 = ADVANCED_FACE('',(#377),#126,.T.);
#377 = FACE_BOUND('',#378,.T.);
#378 = EDGE_LOOP('',(#379,#401,#429,#456));
#379 = ORIENTED_EDGE('',*,*,#380,.F.);
#380 = EDGE_CURVE('',#381,#24,#383,.T.);
#381 = VERTEX_POINT('',#382);
#382 = CARTESIAN_POINT('',(-25.2,16.05,59.));
#383 = SURFACE_CURVE('',#384,(#389,#395),.PCURVE_S1.);
#384 = CIRCLE('',#385,0.8);
#385 = AXIS2_PLACEMENT_3D('',#386,#387,#388);
#386 = CARTESIAN_POINT('',(-25.2,16.05,58.2));
#387 = DIRECTION('',(0.,-1.,0.));
#388 = DIRECTION('',(-1.,0.,0.));
#389 = PCURVE('',#126,#390);
#390 = DEFINITIONAL_REPRESENTATION('',(#391),#394);
#391 = B_SPLINE_CURVE_WITH_KNOTS('',1,(#392,#393),.UNSPECIFIED.,.F.,.F.,
  (2,2),(4.712388980385,6.28318530718),.PIECEWISE_BEZIER_KNOTS.);
#392 = CARTESIAN_POINT('',(1.570796326795,0.8));
#393 = CARTESIAN_POINT('',(0.,0.8));
#394 = ( GEOMETRIC_REPRESENTATION_CONTEXT(2) 
PARAMETRIC_REPRESENTATION_CONTEXT() REPRESENTATION_CONTEXT('2D SPACE',''
  ) );
#395 = PCURVE('',#286,#396);
#396 = DEFINITIONAL_REPRESENTATION('',(#397),#400);
#397 = B_SPLINE_CURVE_WITH_KNOTS('',1,(#398,#399),.UNSPECIFIED.,.F.,.F.,
  (2,2),(4.712388980385,6.28318530718),.PIECEWISE_BEZIER_KNOTS.);
#398 = CARTESIAN_POINT('',(0.,-1.570796326795));
#399 = CARTESIAN_POINT('',(0.,0.));
#400 = ( GEOMETRIC_REPRESENTATION_CONTEXT(2) 
PARAMETRIC_REPRESENTATION_CONTEXT() REPRESENTATION_CONTEXT('2D SPACE',''
  ) );
#401 = ORIENTED_EDGE('',*,*,#402,.T.);
#402 = EDGE_CURVE('',#381,#403,#405,.T.);
#403 = VERTEX_POINT('',#404);
#404 = CARTESIAN_POINT('',(-25.2,16.45,59.));
#405 = SURFACE_CURVE('',#406,(#410,#417),.PCURVE_S1.);
#406 = LINE('',#407,#408);
#407 = CARTESIAN_POINT('',(-25.2,15.25,59.));
#408 = VECTOR('',#409,1.);
#409 = DIRECTION('',(-0.,1.,0.));
#410 = PCURVE('',#126,#411);
#411 = DEFINITIONAL_REPRESENTATION('',(#412),#416);
#412 = LINE('',#413,#414);
#413 = CARTESIAN_POINT('',(1.570796326795,0.));
#414 = VECTOR('',#415,1.);
#415 = DIRECTION('',(0.,1.));
#416 = ( GEOMETRIC_REPRESENTATION_CONTEXT(2) 
PARAMETRIC_REPRESENTATION_CONTEXT() REPRESENTATION_CONTEXT('2D SPACE',''
  ) );
#417 = PCURVE('',#418,#423);
#418 = PLANE('',#419);
#419 = AXIS2_PLACEMENT_3D('',#420,#421,#422);
#420 = CARTESIAN_POINT('',(-26.,15.25,59.));
#421 = DIRECTION('',(0.,0.,1.));
#422 = DIRECTION('',(1.,0.,-0.));
#423 = DEFINITIONAL_REPRESENTATION('',(#424),#428);
#424 = LINE('',#425,#426);
#425 = CARTESIAN_POINT('',(0.8,0.));
#426 = VECTOR('',#427,1.);
#427 = DIRECTION('',(0.,1.));
#428 = ( GEOMETRIC_REPRESENTATION_CONTEXT(2) 
PARAMETRIC_REPRESENTATION_CONTEXT() REPRESENTATION_CONTEXT('2D SPACE',''
  ) );
#429 = ORIENTED_EDGE('',*,*,#430,.F.);
#430 = EDGE_CURVE('',#85,#403,#431,.T.);
#431 = SURFACE_CURVE('',#432,(#437,#444),.PCURVE_S1.);
#432 = CIRCLE('',#433,0.8);
#433 = AXIS2_PLACEMENT_3D('',#434,#435,#436);
#434 = CARTESIAN_POINT('',(-25.2,16.45,58.2));
#435 = DIRECTION('',(-0.,1.,0.));
#436 = DIRECTION('',(-1.,-0.,0.));
#437 = PCURVE('',#126,#438);
#438 = DEFINITIONAL_REPRESENTATION('',(#439),#443);
#439 = LINE('',#440,#441);
#440 = CARTESIAN_POINT('',(0.,1.2));
#441 = VECTOR('',#442,1.);
#442 = DIRECTION('',(1.,0.));
#443 = ( GEOMETRIC_REPRESENTATION_CONTEXT(2) 
PARAMETRIC_REPRESENTATION_CONTEXT() REPRESENTATION_CONTEXT('2D SPACE',''
  ) );
#444 = PCURVE('',#445,#450);
#445 = SPHERICAL_SURFACE('',#446,0.8);
#446 = AXIS2_PLACEMENT_3D('',#447,#448,#449);
#447 = CARTESIAN_POINT('',(-25.2,16.45,58.2));
#448 = DIRECTION('',(0.,-1.,-0.));
#449 = DIRECTION('',(-1.,-0.,0.));
#450 = DEFINITIONAL_REPRESENTATION('',(#451),#455);
#451 = LINE('',#452,#453);
#452 = CARTESIAN_POINT('',(-0.,0.));
#453 = VECTOR('',#454,1.);
#454 = DIRECTION('',(-1.,0.));
#455 = ( GEOMETRIC_REPRESENTATION_CONTEXT(2) 
PARAMETRIC_REPRESENTATION_CONTEXT() REPRESENTATION_CONTEXT('2D SPACE',''
  ) );
#456 = ORIENTED_EDGE('',*,*,#112,.F.);
#457 = ADVANCED_FACE('',(#458),#100,.T.);
#458 = FACE_BOUND('',#459,.F.);
#459 = EDGE_LOOP('',(#460,#461,#485,#513));
#460 = ORIENTED_EDGE('',*,*,#84,.F.);
#461 = ORIENTED_EDGE('',*,*,#462,.T.);
#462 = EDGE_CURVE('',#57,#463,#465,.T.);
#463 = VERTEX_POINT('',#464);
#464 = CARTESIAN_POINT('',(-25.2,17.25,31.8));
#465 = SURFACE_CURVE('',#466,(#471,#478),.PCURVE_S1.);
#466 = CIRCLE('',#467,0.8);
#467 = AXIS2_PLACEMENT_3D('',#468,#469,#470);
#468 = CARTESIAN_POINT('',(-25.2,16.45,31.8));
#469 = DIRECTION('',(-0.,0.,-1.));
#470 = DIRECTION('',(-1.,-1.387778780781E-16,0.));
#471 = PCURVE('',#100,#472);
#472 = DEFINITIONAL_REPRESENTATION('',(#473),#477);
#473 = LINE('',#474,#475);
#474 = CARTESIAN_POINT('',(-0.,0.8));
#475 = VECTOR('',#476,1.);
#476 = DIRECTION('',(-1.,0.));
#477 = ( GEOMETRIC_REPRESENTATION_CONTEXT(2) 
PARAMETRIC_REPRESENTATION_CONTEXT() REPRESENTATION_CONTEXT('2D SPACE',''
  ) );
#478 = PCURVE('',#365,#479);
#479 = DEFINITIONAL_REPRESENTATION('',(#480),#484);
#480 = LINE('',#481,#482);
#481 = CARTESIAN_POINT('',(-0.,0.));
#482 = VECTOR('',#483,1.);
#483 = DIRECTION('',(-1.,0.));
#484 = ( GEOMETRIC_REPRESENTATION_CONTEXT(2) 
PARAMETRIC_REPRESENTATION_CONTEXT() REPRESENTATION_CONTEXT('2D SPACE',''
  ) );
#485 = ORIENTED_EDGE('',*,*,#486,.T.);
#486 = EDGE_CURVE('',#463,#487,#489,.T.);
#487 = VERTEX_POINT('',#488);
#488 = CARTESIAN_POINT('',(-25.2,17.25,58.2));
#489 = SURFACE_CURVE('',#490,(#494,#501),.PCURVE_S1.);
#490 = LINE('',#491,#492);
#491 = CARTESIAN_POINT('',(-25.2,17.25,31.));
#492 = VECTOR('',#493,1.);
#493 = DIRECTION('',(0.,0.,1.));
#494 = PCURVE('',#100,#495);
#495 = DEFINITIONAL_REPRESENTATION('',(#496),#500);
#496 = LINE('',#497,#498);
#497 = CARTESIAN_POINT('',(-1.570796326795,0.));
#498 = VECTOR('',#499,1.);
#499 = DIRECTION('',(-0.,1.));
#500 = ( GEOMETRIC_REPRESENTATION_CONTEXT(2) 
PARAMETRIC_REPRESENTATION_CONTEXT() REPRESENTATION_CONTEXT('2D SPACE',''
  ) );
#501 = PCURVE('',#502,#507);
#502 = PLANE('',#503);
#503 = AXIS2_PLACEMENT_3D('',#504,#505,#506);
#504 = CARTESIAN_POINT('',(-26.,17.25,31.));
#505 = DIRECTION('',(-0.,1.,0.));
#506 = DIRECTION('',(0.,0.,1.));
#507 = DEFINITIONAL_REPRESENTATION('',(#508),#512);
#508 = LINE('',#509,#510);
#509 = CARTESIAN_POINT('',(0.,0.8));
#510 = VECTOR('',#511,1.);
#511 = DIRECTION('',(1.,0.));
#512 = ( GEOMETRIC_REPRESENTATION_CONTEXT(2) 
PARAMETRIC_REPRESENTATION_CONTEXT() REPRESENTATION_CONTEXT('2D SPACE',''
  ) );
#513 = ORIENTED_EDGE('',*,*,#514,.T.);
#514 = EDGE_CURVE('',#487,#85,#515,.T.);
#515 = SURFACE_CURVE('',#516,(#521,#527),.PCURVE_S1.);
#516 = CIRCLE('',#517,0.8);
#517 = AXIS2_PLACEMENT_3D('',#518,#519,#520);
#518 = CARTESIAN_POINT('',(-25.2,16.45,58.2));
#519 = DIRECTION('',(0.,0.,1.));
#520 = DIRECTION('',(-1.,-0.,0.));
#521 = PCURVE('',#100,#522);
#522 = DEFINITIONAL_REPRESENTATION('',(#523),#526);
#523 = B_SPLINE_CURVE_WITH_KNOTS('',1,(#524,#525),.UNSPECIFIED.,.F.,.F.,
  (2,2),(4.712388980385,6.28318530718),.PIECEWISE_BEZIER_KNOTS.);
#524 = CARTESIAN_POINT('',(-1.570796326795,27.2));
#525 = CARTESIAN_POINT('',(0.,27.2));
#526 = ( GEOMETRIC_REPRESENTATION_CONTEXT(2) 
PARAMETRIC_REPRESENTATION_CONTEXT() REPRESENTATION_CONTEXT('2D SPACE',''
  ) );
#527 = PCURVE('',#445,#528);
#528 = DEFINITIONAL_REPRESENTATION('',(#529),#532);
#529 = B_SPLINE_CURVE_WITH_KNOTS('',1,(#530,#531),.UNSPECIFIED.,.F.,.F.,
  (2,2),(4.712388980385,6.28318530718),.PIECEWISE_BEZIER_KNOTS.);
#530 = CARTESIAN_POINT('',(0.,-1.570796326795));
#531 = CARTESIAN_POINT('',(0.,0.));
#532 = ( GEOMETRIC_REPRESENTATION_CONTEXT(2) 
PARAMETRIC_REPRESENTATION_CONTEXT() REPRESENTATION_CONTEXT('2D SPACE',''
  ) );
#533 = ADVANCED_FACE('',(#534),#286,.T.);
#534 = FACE_BOUND('',#535,.F.);
#535 = EDGE_LOOP('',(#536,#537,#564,#642));
#536 = ORIENTED_EDGE('',*,*,#380,.F.);
#537 = ORIENTED_EDGE('',*,*,#538,.T.);
#538 = EDGE_CURVE('',#381,#539,#541,.T.);
#539 = VERTEX_POINT('',#540);
#540 = CARTESIAN_POINT('',(-25.2,15.332556018006,58.553940860456));
#541 = SURFACE_CURVE('',#542,(#547,#553),.PCURVE_S1.);
#542 = CIRCLE('',#543,0.8);
#543 = AXIS2_PLACEMENT_3D('',#544,#545,#546);
#544 = CARTESIAN_POINT('',(-25.2,16.05,58.2));
#545 = DIRECTION('',(1.,-6.123233995737E-17,0.));
#546 = DIRECTION('',(-6.123233995737E-17,-1.,0.));
#547 = PCURVE('',#286,#548);
#548 = DEFINITIONAL_REPRESENTATION('',(#549),#552);
#549 = B_SPLINE_CURVE_WITH_KNOTS('',1,(#550,#551),.UNSPECIFIED.,.F.,.F.,
  (2,2),(4.712388980385,6.28318530718),.PIECEWISE_BEZIER_KNOTS.);
#550 = CARTESIAN_POINT('',(-1.570796326795,-1.570796326795));
#551 = CARTESIAN_POINT('',(-1.570796326795,0.));
#552 = ( GEOMETRIC_REPRESENTATION_CONTEXT(2) 
PARAMETRIC_REPRESENTATION_CONTEXT() REPRESENTATION_CONTEXT('2D SPACE',''
  ) );
#553 = PCURVE('',#554,#559);
#554 = CYLINDRICAL_SURFACE('',#555,0.8);
#555 = AXIS2_PLACEMENT_3D('',#556,#557,#558);
#556 = CARTESIAN_POINT('',(-26.,16.05,58.2));
#557 = DIRECTION('',(1.,0.,-0.));
#558 = DIRECTION('',(0.,-1.,0.));
#559 = DEFINITIONAL_REPRESENTATION('',(#560),#563);
#560 = B_SPLINE_CURVE_WITH_KNOTS('',1,(#561,#562),.UNSPECIFIED.,.F.,.F.,
  (2,2),(4.712388980385,6.28318530718),.PIECEWISE_BEZIER_KNOTS.);
#561 = CARTESIAN_POINT('',(-1.570796326795,0.8));
#562 = CARTESIAN_POINT('',(0.,0.8));
#563 = ( GEOMETRIC_REPRESENTATION_CONTEXT(2) 
PARAMETRIC_REPRESENTATION_CONTEXT() REPRESENTATION_CONTEXT('2D SPACE',''
  ) );
#564 = ORIENTED_EDGE('',*,*,#565,.F.);
#565 = EDGE_CURVE('',#235,#539,#566,.T.);
#566 = SURFACE_CURVE('',#567,(#590,#616),.PCURVE_S1.);
#567 = B_SPLINE_CURVE_WITH_KNOTS('',6,(#568,#569,#570,#571,#572,#573,
    #574,#575,#576,#577,#578,#579,#580,#581,#582,#583,#584,#585,#586,
    #587,#588,#589),.UNSPECIFIED.,.F.,.F.,(7,5,5,5,7),(0.,0.186247371512
    ,0.341173955263,0.529562381652,1.),.UNSPECIFIED.);
#568 = CARTESIAN_POINT('',(-25.76113036012,15.479795897113,58.2));
#569 = CARTESIAN_POINT('',(-25.75648141564,15.475220931978,
    58.222412660345));
#570 = CARTESIAN_POINT('',(-25.75011256718,15.470100246033,
    58.244358960184));
#571 = CARTESIAN_POINT('',(-25.74209710519,15.46450559771,
    58.265667731468));
#572 = CARTESIAN_POINT('',(-25.73254487628,15.458529522695,58.286209342)
  );
#573 = CARTESIAN_POINT('',(-25.72158681441,15.452273268626,
    58.305890410833));
#574 = CARTESIAN_POINT('',(-25.69918837353,15.440478945074,
    58.340252128248));
#575 = CARTESIAN_POINT('',(-25.68813798115,15.434996457807,
    58.355218763142));
#576 = CARTESIAN_POINT('',(-25.67628506327,15.42944286099,
    58.369515461271));
#577 = CARTESIAN_POINT('',(-25.66370691595,15.423871150455,
    58.383125175726));
#578 = CARTESIAN_POINT('',(-25.6504775909,15.418329695754,
    58.396042977974));
#579 = CARTESIAN_POINT('',(-25.61986715201,15.40620939884,
    58.423142876716));
#580 = CARTESIAN_POINT('',(-25.60220750575,15.399665406169,
    58.436994511055));
#581 = CARTESIAN_POINT('',(-25.58380447354,15.39330313942,
    58.449835346274));
#582 = CARTESIAN_POINT('',(-25.56476597102,15.387184932725,
    58.461687298094));
#583 = CARTESIAN_POINT('',(-25.54518580721,15.38136107372,
    58.472580291772));
#584 = CARTESIAN_POINT('',(-25.47508557036,15.362159016007,
    58.507433950661));
#585 = CARTESIAN_POINT('',(-25.42220138619,15.350544010624,
    58.526508555182));
#586 = CARTESIAN_POINT('',(-25.36758509249,15.341591240503,
    58.540359863752));
#587 = CARTESIAN_POINT('',(-25.31201290521,15.33557231647,
    58.549407748463));
#588 = CARTESIAN_POINT('',(-25.25603919851,15.332556018006,
    58.553940860456));
#589 = CARTESIAN_POINT('',(-25.2,15.332556018006,58.553940860456));
#590 = PCURVE('',#286,#591);
#591 = DEFINITIONAL_REPRESENTATION('',(#592),#615);
#592 = B_SPLINE_CURVE_WITH_KNOTS('',6,(#593,#594,#595,#596,#597,#598,
    #599,#600,#601,#602,#603,#604,#605,#606,#607,#608,#609,#610,#611,
    #612,#613,#614),.UNSPECIFIED.,.F.,.F.,(7,5,5,5,7),(0.,0.186247371512
    ,0.341173955263,0.529562381652,1.),.UNSPECIFIED.);
#593 = CARTESIAN_POINT('',(-0.793418380678,-8.881784197001E-15));
#594 = CARTESIAN_POINT('',(-0.801571504195,-2.801582543115E-02));
#595 = CARTESIAN_POINT('',(-0.811735429975,-5.544854088081E-02));
#596 = CARTESIAN_POINT('',(-0.823817455476,-8.212455186832E-02));
#597 = CARTESIAN_POINT('',(-0.837700419404,-0.107911531423));
#598 = CARTESIAN_POINT('',(-0.853251931257,-0.13271052875));
#599 = CARTESIAN_POINT('',(-0.884542685819,-0.176193738546));
#600 = CARTESIAN_POINT('',(-0.899811985465,-0.195207135843));
#601 = CARTESIAN_POINT('',(-0.916064730036,-0.213450185011));
#602 = CARTESIAN_POINT('',(-0.933223969861,-0.230899266813));
#603 = CARTESIAN_POINT('',(-0.951215369069,-0.247542107814));
#604 = CARTESIAN_POINT('',(-0.992775351217,-0.282626809923));
#605 = CARTESIAN_POINT('',(-1.016707801385,-0.300679699913));
#606 = CARTESIAN_POINT('',(-1.041645783391,-0.317528590926));
#607 = CARTESIAN_POINT('',(-1.067474382991,-0.333181572293));
#608 = CARTESIAN_POINT('',(-1.094088971206,-0.347655407704));
#609 = CARTESIAN_POINT('',(-1.189596171412,-0.394223606621));
#610 = CARTESIAN_POINT('',(-1.26203527878,-0.420210427094));
#611 = CARTESIAN_POINT('',(-1.337446559455,-0.439373729941));
#612 = CARTESIAN_POINT('',(-1.414668994714,-0.4519833355));
#613 = CARTESIAN_POINT('',(-1.492686815923,-0.458302117094));
#614 = CARTESIAN_POINT('',(-1.570796326795,-0.458302117094));
#615 = ( GEOMETRIC_REPRESENTATION_CONTEXT(2) 
PARAMETRIC_REPRESENTATION_CONTEXT() REPRESENTATION_CONTEXT('2D SPACE',''
  ) );
#616 = PCURVE('',#256,#617);
#617 = DEFINITIONAL_REPRESENTATION('',(#618),#641);
#618 = B_SPLINE_CURVE_WITH_KNOTS('',6,(#619,#620,#621,#622,#623,#624,
    #625,#626,#627,#628,#629,#630,#631,#632,#633,#634,#635,#636,#637,
    #638,#639,#640),.UNSPECIFIED.,.F.,.F.,(7,5,5,5,7),(0.,0.186247371512
    ,0.341173955263,0.529562381652,1.),.UNSPECIFIED.);
#619 = CARTESIAN_POINT('',(0.20135792079,1.238869639877));
#620 = CARTESIAN_POINT('',(0.224232746467,1.243518584358));
#621 = CARTESIAN_POINT('',(0.246759686221,1.249887432812));
#622 = CARTESIAN_POINT('',(0.268778671929,1.257902894801));
#623 = CARTESIAN_POINT('',(0.290161545532,1.267455123713));
#624 = CARTESIAN_POINT('',(0.310807763283,1.278413185582));
#625 = CARTESIAN_POINT('',(0.347137278718,1.300811626461));
#626 = CARTESIAN_POINT('',(0.36307310994,1.311862018845));
#627 = CARTESIAN_POINT('',(0.378406512456,1.323714936727));
#628 = CARTESIAN_POINT('',(0.393109343539,1.336293084049));
#629 = CARTESIAN_POINT('',(0.407163928202,1.349522409092));
#630 = CARTESIAN_POINT('',(0.436850728452,1.380132847986));
#631 = CARTESIAN_POINT('',(0.45216706701,1.397792494244));
#632 = CARTESIAN_POINT('',(0.466494271016,1.41619552646));
#633 = CARTESIAN_POINT('',(0.479830017958,1.435234028978));
#634 = CARTESIAN_POINT('',(0.492181151101,1.454814192789));
#635 = CARTESIAN_POINT('',(0.531974323358,1.524914429637));
#636 = CARTESIAN_POINT('',(0.55428610565,1.577798613803));
#637 = CARTESIAN_POINT('',(0.570778832197,1.63241490751));
#638 = CARTESIAN_POINT('',(0.581645204551,1.687987094788));
#639 = CARTESIAN_POINT('',(0.587090272853,1.743960801489));
#640 = CARTESIAN_POINT('',(0.587090272853,1.8));
#641 = ( GEOMETRIC_REPRESENTATION_CONTEXT(2) 
PARAMETRIC_REPRESENTATION_CONTEXT() REPRESENTATION_CONTEXT('2D SPACE',''
  ) );
#642 = ORIENTED_EDGE('',*,*,#271,.F.);
#643 = ADVANCED_FACE('',(#644),#256,.T.);
#644 = FACE_BOUND('',#645,.T.);
#645 = EDGE_LOOP('',(#646,#669,#696,#724,#751,#770,#771));
#646 = ORIENTED_EDGE('',*,*,#647,.F.);
#647 = EDGE_CURVE('',#648,#209,#650,.T.);
#648 = VERTEX_POINT('',#649);
#649 = CARTESIAN_POINT('',(-26.,15.5,58.));
#650 = SURFACE_CURVE('',#651,(#655,#662),.PCURVE_S1.);
#651 = LINE('',#652,#653);
#652 = CARTESIAN_POINT('',(-27.,15.5,58.));
#653 = VECTOR('',#654,1.);
#654 = DIRECTION('',(1.,0.,-0.));
#655 = PCURVE('',#256,#656);
#656 = DEFINITIONAL_REPRESENTATION('',(#657),#661);
#657 = LINE('',#658,#659);
#658 = CARTESIAN_POINT('',(0.,0.));
#659 = VECTOR('',#660,1.);
#660 = DIRECTION('',(0.,1.));
#661 = ( GEOMETRIC_REPRESENTATION_CONTEXT(2) 
PARAMETRIC_REPRESENTATION_CONTEXT() REPRESENTATION_CONTEXT('2D SPACE',''
  ) );
#662 = PCURVE('',#223,#663);
#663 = DEFINITIONAL_REPRESENTATION('',(#664),#668);
#664 = LINE('',#665,#666);
#665 = CARTESIAN_POINT('',(27.,0.));
#666 = VECTOR('',#667,1.);
#667 = DIRECTION('',(0.,1.));
#668 = ( GEOMETRIC_REPRESENTATION_CONTEXT(2) 
PARAMETRIC_REPRESENTATION_CONTEXT() REPRESENTATION_CONTEXT('2D SPACE',''
  ) );
#669 = ORIENTED_EDGE('',*,*,#670,.T.);
#670 = EDGE_CURVE('',#648,#671,#673,.T.);
#671 = VERTEX_POINT('',#672);
#672 = CARTESIAN_POINT('',(-26.,14.5,59.));
#673 = SURFACE_CURVE('',#674,(#679,#685),.PCURVE_S1.);
#674 = CIRCLE('',#675,1.);
#675 = AXIS2_PLACEMENT_3D('',#676,#677,#678);
#676 = CARTESIAN_POINT('',(-26.,14.5,58.));
#677 = DIRECTION('',(1.,0.,6.123233995737E-17));
#678 = DIRECTION('',(-6.123233995737E-17,-0.,1.));
#679 = PCURVE('',#256,#680);
#680 = DEFINITIONAL_REPRESENTATION('',(#681),#684);
#681 = B_SPLINE_CURVE_WITH_KNOTS('',1,(#682,#683),.UNSPECIFIED.,.F.,.F.,
  (2,2),(4.712388980385,6.28318530718),.PIECEWISE_BEZIER_KNOTS.);
#682 = CARTESIAN_POINT('',(0.,1.));
#683 = CARTESIAN_POINT('',(1.570796326795,1.));
#684 = ( GEOMETRIC_REPRESENTATION_CONTEXT(2) 
PARAMETRIC_REPRESENTATION_CONTEXT() REPRESENTATION_CONTEXT('2D SPACE',''
  ) );
#685 = PCURVE('',#686,#691);
#686 = SPHERICAL_SURFACE('',#687,1.);
#687 = AXIS2_PLACEMENT_3D('',#688,#689,#690);
#688 = CARTESIAN_POINT('',(-26.,14.5,58.));
#689 = DIRECTION('',(0.,-1.,-0.));
#690 = DIRECTION('',(-1.,-0.,0.));
#691 = DEFINITIONAL_REPRESENTATION('',(#692),#695);
#692 = B_SPLINE_CURVE_WITH_KNOTS('',1,(#693,#694),.UNSPECIFIED.,.F.,.F.,
  (2,2),(4.712388980385,6.28318530718),.PIECEWISE_BEZIER_KNOTS.);
#693 = CARTESIAN_POINT('',(-1.570796326795,-1.570796326795));
#694 = CARTESIAN_POINT('',(-1.570796326795,0.));
#695 = ( GEOMETRIC_REPRESENTATION_CONTEXT(2) 
PARAMETRIC_REPRESENTATION_CONTEXT() REPRESENTATION_CONTEXT('2D SPACE',''
  ) );
#696 = ORIENTED_EDGE('',*,*,#697,.T.);
#697 = EDGE_CURVE('',#671,#698,#700,.T.);
#698 = VERTEX_POINT('',#699);
#699 = CARTESIAN_POINT('',(-25.,14.5,59.));
#700 = SURFACE_CURVE('',#701,(#705,#712),.PCURVE_S1.);
#701 = LINE('',#702,#703);
#702 = CARTESIAN_POINT('',(-27.,14.5,59.));
#703 = VECTOR('',#704,1.);
#704 = DIRECTION('',(1.,0.,-0.));
#705 = PCURVE('',#256,#706);
#706 = DEFINITIONAL_REPRESENTATION('',(#707),#711);
#707 = LINE('',#708,#709);
#708 = CARTESIAN_POINT('',(1.570796326795,0.));
#709 = VECTOR('',#710,1.);
#710 = DIRECTION('',(0.,1.));
#711 = ( GEOMETRIC_REPRESENTATION_CONTEXT(2) 
PARAMETRIC_REPRESENTATION_CONTEXT() REPRESENTATION_CONTEXT('2D SPACE',''
  ) );
#712 = PCURVE('',#713,#718);
#713 = PLANE('',#714);
#714 = AXIS2_PLACEMENT_3D('',#715,#716,#717);
#715 = CARTESIAN_POINT('',(-27.,-3.5,59.));
#716 = DIRECTION('',(0.,0.,1.));
#717 = DIRECTION('',(1.,0.,-0.));
#718 = DEFINITIONAL_REPRESENTATION('',(#719),#723);
#719 = LINE('',#720,#721);
#720 = CARTESIAN_POINT('',(0.,18.));
#721 = VECTOR('',#722,1.);
#722 = DIRECTION('',(1.,0.));
#723 = ( GEOMETRIC_REPRESENTATION_CONTEXT(2) 
PARAMETRIC_REPRESENTATION_CONTEXT() REPRESENTATION_CONTEXT('2D SPACE',''
  ) );
#724 = ORIENTED_EDGE('',*,*,#725,.F.);
#725 = EDGE_CURVE('',#726,#698,#728,.T.);
#726 = VERTEX_POINT('',#727);
#727 = CARTESIAN_POINT('',(-25.,15.332556018006,58.553940860456));
#728 = SURFACE_CURVE('',#729,(#734,#740),.PCURVE_S1.);
#729 = CIRCLE('',#730,1.);
#730 = AXIS2_PLACEMENT_3D('',#731,#732,#733);
#731 = CARTESIAN_POINT('',(-25.,14.5,58.));
#732 = DIRECTION('',(1.,0.,-6.123233995737E-17));
#733 = DIRECTION('',(6.123233995737E-17,0.,1.));
#734 = PCURVE('',#256,#735);
#735 = DEFINITIONAL_REPRESENTATION('',(#736),#739);
#736 = B_SPLINE_CURVE_WITH_KNOTS('',1,(#737,#738),.UNSPECIFIED.,.F.,.F.,
  (2,2),(4.712388980385,6.28318530718),.PIECEWISE_BEZIER_KNOTS.);
#737 = CARTESIAN_POINT('',(0.,2.));
#738 = CARTESIAN_POINT('',(1.570796326795,2.));
#739 = ( GEOMETRIC_REPRESENTATION_CONTEXT(2) 
PARAMETRIC_REPRESENTATION_CONTEXT() REPRESENTATION_CONTEXT('2D SPACE',''
  ) );
#740 = PCURVE('',#741,#746);
#741 = SPHERICAL_SURFACE('',#742,1.);
#742 = AXIS2_PLACEMENT_3D('',#743,#744,#745);
#743 = CARTESIAN_POINT('',(-25.,14.5,58.));
#744 = DIRECTION('',(0.,-1.,-0.));
#745 = DIRECTION('',(1.,0.,0.));
#746 = DEFINITIONAL_REPRESENTATION('',(#747),#750);
#747 = B_SPLINE_CURVE_WITH_KNOTS('',1,(#748,#749),.UNSPECIFIED.,.F.,.F.,
  (2,2),(4.712388980385,6.28318530718),.PIECEWISE_BEZIER_KNOTS.);
#748 = CARTESIAN_POINT('',(1.570796326795,-1.570796326795));
#749 = CARTESIAN_POINT('',(1.570796326795,0.));
#750 = ( GEOMETRIC_REPRESENTATION_CONTEXT(2) 
PARAMETRIC_REPRESENTATION_CONTEXT() REPRESENTATION_CONTEXT('2D SPACE',''
  ) );
#751 = ORIENTED_EDGE('',*,*,#752,.F.);
#752 = EDGE_CURVE('',#539,#726,#753,.T.);
#753 = SURFACE_CURVE('',#754,(#758,#764),.PCURVE_S1.);
#754 = LINE('',#755,#756);
#755 = CARTESIAN_POINT('',(-26.,15.332556018006,58.553940860456));
#756 = VECTOR('',#757,1.);
#757 = DIRECTION('',(1.,0.,-0.));
#758 = PCURVE('',#256,#759);
#759 = DEFINITIONAL_REPRESENTATION('',(#760),#763);
#760 = B_SPLINE_CURVE_WITH_KNOTS('',1,(#761,#762),.UNSPECIFIED.,.F.,.F.,
  (2,2),(0.7999994,1.0000006),.PIECEWISE_BEZIER_KNOTS.);
#761 = CARTESIAN_POINT('',(0.587090272853,1.7999994));
#762 = CARTESIAN_POINT('',(0.587090272853,2.0000006));
#763 = ( GEOMETRIC_REPRESENTATION_CONTEXT(2) 
PARAMETRIC_REPRESENTATION_CONTEXT() REPRESENTATION_CONTEXT('2D SPACE',''
  ) );
#764 = PCURVE('',#554,#765);
#765 = DEFINITIONAL_REPRESENTATION('',(#766),#769);
#766 = B_SPLINE_CURVE_WITH_KNOTS('',1,(#767,#768),.UNSPECIFIED.,.F.,.F.,
  (2,2),(0.7999994,1.0000006),.PIECEWISE_BEZIER_KNOTS.);
#767 = CARTESIAN_POINT('',(-0.458302117094,0.7999994));
#768 = CARTESIAN_POINT('',(-0.458302117094,1.0000006));
#769 = ( GEOMETRIC_REPRESENTATION_CONTEXT(2) 
PARAMETRIC_REPRESENTATION_CONTEXT() REPRESENTATION_CONTEXT('2D SPACE',''
  ) );
#770 = ORIENTED_EDGE('',*,*,#565,.F.);
#771 = ORIENTED_EDGE('',*,*,#234,.F.);
#772 = ADVANCED_FACE('',(#773),#223,.T.);
#773 = FACE_BOUND('',#774,.T.);
#774 = EDGE_LOOP('',(#775,#798,#824,#825));
#775 = ORIENTED_EDGE('',*,*,#776,.F.);
#776 = EDGE_CURVE('',#777,#172,#779,.T.);
#777 = VERTEX_POINT('',#778);
#778 = CARTESIAN_POINT('',(-26.,15.5,32.));
#779 = SURFACE_CURVE('',#780,(#784,#791),.PCURVE_S1.);
#780 = LINE('',#781,#782);
#781 = CARTESIAN_POINT('',(-27.,15.5,32.));
#782 = VECTOR('',#783,1.);
#783 = DIRECTION('',(1.,0.,-0.));
#784 = PCURVE('',#223,#785);
#785 = DEFINITIONAL_REPRESENTATION('',(#786),#790);
#786 = LINE('',#787,#788);
#787 = CARTESIAN_POINT('',(1.,0.));
#788 = VECTOR('',#789,1.);
#789 = DIRECTION('',(0.,1.));
#790 = ( GEOMETRIC_REPRESENTATION_CONTEXT(2) 
PARAMETRIC_REPRESENTATION_CONTEXT() REPRESENTATION_CONTEXT('2D SPACE',''
  ) );
#791 = PCURVE('',#193,#792);
#792 = DEFINITIONAL_REPRESENTATION('',(#793),#797);
#793 = LINE('',#794,#795);
#794 = CARTESIAN_POINT('',(-0.,0.));
#795 = VECTOR('',#796,1.);
#796 = DIRECTION('',(-0.,1.));
#797 = ( GEOMETRIC_REPRESENTATION_CONTEXT(2) 
PARAMETRIC_REPRESENTATION_CONTEXT() REPRESENTATION_CONTEXT('2D SPACE',''
  ) );
#798 = ORIENTED_EDGE('',*,*,#799,.T.);
#799 = EDGE_CURVE('',#777,#648,#800,.T.);
#800 = SURFACE_CURVE('',#801,(#805,#812),.PCURVE_S1.);
#801 = LINE('',#802,#803);
#802 = CARTESIAN_POINT('',(-26.,15.5,31.));
#803 = VECTOR('',#804,1.);
#804 = DIRECTION('',(0.,0.,1.));
#805 = PCURVE('',#223,#806);
#806 = DEFINITIONAL_REPRESENTATION('',(#807),#811);
#807 = LINE('',#808,#809);
#808 = CARTESIAN_POINT('',(0.,1.));
#809 = VECTOR('',#810,1.);
#810 = DIRECTION('',(1.,0.));
#811 = ( GEOMETRIC_REPRESENTATION_CONTEXT(2) 
PARAMETRIC_REPRESENTATION_CONTEXT() REPRESENTATION_CONTEXT('2D SPACE',''
  ) );
#812 = PCURVE('',#813,#818);
#813 = CYLINDRICAL_SURFACE('',#814,1.);
#814 = AXIS2_PLACEMENT_3D('',#815,#816,#817);
#815 = CARTESIAN_POINT('',(-26.,14.5,31.));
#816 = DIRECTION('',(0.,0.,1.));
#817 = DIRECTION('',(-1.,-0.,0.));
#818 = DEFINITIONAL_REPRESENTATION('',(#819),#823);
#819 = LINE('',#820,#821);
#820 = CARTESIAN_POINT('',(-1.570796326795,0.));
#821 = VECTOR('',#822,1.);
#822 = DIRECTION('',(-0.,1.));
#823 = ( GEOMETRIC_REPRESENTATION_CONTEXT(2) 
PARAMETRIC_REPRESENTATION_CONTEXT() REPRESENTATION_CONTEXT('2D SPACE',''
  ) );
#824 = ORIENTED_EDGE('',*,*,#647,.T.);
#825 = ORIENTED_EDGE('',*,*,#208,.F.);
#826 = ADVANCED_FACE('',(#827),#193,.T.);
#827 = FACE_BOUND('',#828,.F.);
#828 = EDGE_LOOP('',(#829,#856,#895,#973,#974));
#829 = ORIENTED_EDGE('',*,*,#830,.F.);
#830 = EDGE_CURVE('',#831,#777,#833,.T.);
#831 = VERTEX_POINT('',#832);
#832 = CARTESIAN_POINT('',(-26.,14.5,31.));
#833 = SURFACE_CURVE('',#834,(#839,#845),.PCURVE_S1.);
#834 = CIRCLE('',#835,1.);
#835 = AXIS2_PLACEMENT_3D('',#836,#837,#838);
#836 = CARTESIAN_POINT('',(-26.,14.5,32.));
#837 = DIRECTION('',(1.,6.123233995737E-17,-0.));
#838 = DIRECTION('',(-6.123233995737E-17,1.,0.));
#839 = PCURVE('',#193,#840);
#840 = DEFINITIONAL_REPRESENTATION('',(#841),#844);
#841 = B_SPLINE_CURVE_WITH_KNOTS('',1,(#842,#843),.UNSPECIFIED.,.F.,.F.,
  (2,2),(4.712388980385,6.28318530718),.PIECEWISE_BEZIER_KNOTS.);
#842 = CARTESIAN_POINT('',(-1.570796326795,1.));
#843 = CARTESIAN_POINT('',(0.,1.));
#844 = ( GEOMETRIC_REPRESENTATION_CONTEXT(2) 
PARAMETRIC_REPRESENTATION_CONTEXT() REPRESENTATION_CONTEXT('2D SPACE',''
  ) );
#845 = PCURVE('',#846,#851);
#846 = SPHERICAL_SURFACE('',#847,1.);
#847 = AXIS2_PLACEMENT_3D('',#848,#849,#850);
#848 = CARTESIAN_POINT('',(-26.,14.5,32.));
#849 = DIRECTION('',(0.,0.,1.));
#850 = DIRECTION('',(-1.,0.,0.));
#851 = DEFINITIONAL_REPRESENTATION('',(#852),#855);
#852 = B_SPLINE_CURVE_WITH_KNOTS('',1,(#853,#854),.UNSPECIFIED.,.F.,.F.,
  (2,2),(4.712388980385,6.28318530718),.PIECEWISE_BEZIER_KNOTS.);
#853 = CARTESIAN_POINT('',(-1.570796326795,-1.570796326795));
#854 = CARTESIAN_POINT('',(-1.570796326795,0.));
#855 = ( GEOMETRIC_REPRESENTATION_CONTEXT(2) 
PARAMETRIC_REPRESENTATION_CONTEXT() REPRESENTATION_CONTEXT('2D SPACE',''
  ) );
#856 = ORIENTED_EDGE('',*,*,#857,.T.);
#857 = EDGE_CURVE('',#831,#858,#860,.T.);
#858 = VERTEX_POINT('',#859);
#859 = CARTESIAN_POINT('',(-25.49604269433,15.368298127043,
    31.503957297272));
#860 = SURFACE_CURVE('',#861,(#866,#878),.PCURVE_S1.);
#861 = ELLIPSE('',#862,1.414213562373,1.);
#862 = AXIS2_PLACEMENT_3D('',#863,#864,#865);
#863 = CARTESIAN_POINT('',(-25.,14.5,32.));
#864 = DIRECTION('',(0.707106781187,0.,-0.707106781187));
#865 = DIRECTION('',(0.707106781187,0.,0.707106781187));
#866 = PCURVE('',#193,#867);
#867 = DEFINITIONAL_REPRESENTATION('',(#868),#877);
#868 = B_SPLINE_CURVE_WITH_KNOTS('',7,(#869,#870,#871,#872,#873,#874,
    #875,#876),.UNSPECIFIED.,.F.,.F.,(8,8),(3.14159265359,4.71238894321)
  ,.PIECEWISE_BEZIER_KNOTS.);
#869 = CARTESIAN_POINT('',(-1.570796326795,1.));
#870 = CARTESIAN_POINT('',(-1.346396856849,1.));
#871 = CARTESIAN_POINT('',(-1.121997386903,1.058748669829));
#872 = CARTESIAN_POINT('',(-0.897597916958,1.176237487034));
#873 = CARTESIAN_POINT('',(-0.673198447012,1.345253158226));
#874 = CARTESIAN_POINT('',(-0.448798977066,1.551201936311));
#875 = CARTESIAN_POINT('',(-0.224399507121,1.775600492879));
#876 = CARTESIAN_POINT('',(-3.717478946896E-08,1.999999962825));
#877 = ( GEOMETRIC_REPRESENTATION_CONTEXT(2) 
PARAMETRIC_REPRESENTATION_CONTEXT() REPRESENTATION_CONTEXT('2D SPACE',''
  ) );
#878 = PCURVE('',#879,#884);
#879 = CYLINDRICAL_SURFACE('',#880,1.);
#880 = AXIS2_PLACEMENT_3D('',#881,#882,#883);
#881 = CARTESIAN_POINT('',(-25.,14.5,30.));
#882 = DIRECTION('',(0.,0.,1.));
#883 = DIRECTION('',(-1.,-0.,0.));
#884 = DEFINITIONAL_REPRESENTATION('',(#885),#894);
#885 = B_SPLINE_CURVE_WITH_KNOTS('',7,(#886,#887,#888,#889,#890,#891,
    #892,#893),.UNSPECIFIED.,.F.,.F.,(8,8),(3.14159265359,4.71238894321)
  ,.PIECEWISE_BEZIER_KNOTS.);
#886 = CARTESIAN_POINT('',(0.,1.));
#887 = CARTESIAN_POINT('',(-0.224399469946,1.));
#888 = CARTESIAN_POINT('',(-0.448798939891,1.058748669829));
#889 = CARTESIAN_POINT('',(-0.673198409837,1.176237487034));
#890 = CARTESIAN_POINT('',(-0.897597879783,1.345253158226));
#891 = CARTESIAN_POINT('',(-1.121997349729,1.551201936311));
#892 = CARTESIAN_POINT('',(-1.346396819674,1.775600492879));
#893 = CARTESIAN_POINT('',(-1.57079628962,1.999999962825));
#894 = ( GEOMETRIC_REPRESENTATION_CONTEXT(2) 
PARAMETRIC_REPRESENTATION_CONTEXT() REPRESENTATION_CONTEXT('2D SPACE',''
  ) );
#895 = ORIENTED_EDGE('',*,*,#896,.F.);
#896 = EDGE_CURVE('',#143,#858,#897,.T.);
#897 = SURFACE_CURVE('',#898,(#921,#947),.PCURVE_S1.);
#898 = B_SPLINE_CURVE_WITH_KNOTS('',6,(#899,#900,#901,#902,#903,#904,
    #905,#906,#907,#908,#909,#910,#911,#912,#913,#914,#915,#916,#917,
    #918,#919,#920),.UNSPECIFIED.,.F.,.F.,(7,5,5,5,7),(0.,0.186247371523
    ,0.341173955297,0.529562381676,1.),.UNSPECIFIED.);
#899 = CARTESIAN_POINT('',(-25.76113036012,15.479795897113,31.8));
#900 = CARTESIAN_POINT('',(-25.75648141564,15.475220931978,
    31.777587339654));
#901 = CARTESIAN_POINT('',(-25.75011256718,15.470100246032,
    31.755641039814));
#902 = CARTESIAN_POINT('',(-25.74209710519,15.464505597709,
    31.734332268529));
#903 = CARTESIAN_POINT('',(-25.73254487628,15.458529522693,
    31.713790657996));
#904 = CARTESIAN_POINT('',(-25.72158681441,15.452273268624,
    31.694109589161));
#905 = CARTESIAN_POINT('',(-25.69918837353,15.440478945071,
    31.659747871743));
#906 = CARTESIAN_POINT('',(-25.68813798114,15.434996457803,
    31.644781236847));
#907 = CARTESIAN_POINT('',(-25.67628506326,15.429442860985,
    31.630484538717));
#908 = CARTESIAN_POINT('',(-25.66370691593,15.423871150449,
    31.61687482426));
#909 = CARTESIAN_POINT('',(-25.65047759089,15.418329695747,
    31.603957022011));
#910 = CARTESIAN_POINT('',(-25.61986715199,15.406209398833,
    31.57685712327));
#911 = CARTESIAN_POINT('',(-25.60220750573,15.399665406162,
    31.563005488933));
#912 = CARTESIAN_POINT('',(-25.58380447352,15.393303139414,
    31.550164653715));
#913 = CARTESIAN_POINT('',(-25.564765971,15.38718493272,31.538312701896)
  );
#914 = CARTESIAN_POINT('',(-25.54518580719,15.381361073715,
    31.527419708219));
#915 = CARTESIAN_POINT('',(-25.47508557035,15.362159016004,
    31.492566049334));
#916 = CARTESIAN_POINT('',(-25.42220138618,15.350544010622,
    31.473491444816));
#917 = CARTESIAN_POINT('',(-25.36758509248,15.341591240501,
    31.459640136246));
#918 = CARTESIAN_POINT('',(-25.3120129052,15.33557231647,31.450592251538
    ));
#919 = CARTESIAN_POINT('',(-25.2560391985,15.332556018006,
    31.446059139544));
#920 = CARTESIAN_POINT('',(-25.2,15.332556018006,31.446059139544));
#921 = PCURVE('',#193,#922);
#922 = DEFINITIONAL_REPRESENTATION('',(#923),#946);
#923 = B_SPLINE_CURVE_WITH_KNOTS('',6,(#924,#925,#926,#927,#928,#929,
    #930,#931,#932,#933,#934,#935,#936,#937,#938,#939,#940,#941,#942,
    #943,#944,#945),.UNSPECIFIED.,.F.,.F.,(7,5,5,5,7),(0.,0.186247371523
    ,0.341173955297,0.529562381676,1.),.UNSPECIFIED.);
#924 = CARTESIAN_POINT('',(-0.20135792079,1.238869639878));
#925 = CARTESIAN_POINT('',(-0.224232746468,1.243518584359));
#926 = CARTESIAN_POINT('',(-0.246759686223,1.249887432813));
#927 = CARTESIAN_POINT('',(-0.268778671933,1.257902894803));
#928 = CARTESIAN_POINT('',(-0.290161545537,1.267455123716));
#929 = CARTESIAN_POINT('',(-0.310807763289,1.278413185586));
#930 = CARTESIAN_POINT('',(-0.347137278727,1.300811626467));
#931 = CARTESIAN_POINT('',(-0.363073109952,1.311862018853));
#932 = CARTESIAN_POINT('',(-0.378406512469,1.323714936738));
#933 = CARTESIAN_POINT('',(-0.393109343554,1.336293084062));
#934 = CARTESIAN_POINT('',(-0.407163928218,1.349522409108));
#935 = CARTESIAN_POINT('',(-0.436850728468,1.380132848005));
#936 = CARTESIAN_POINT('',(-0.452167067024,1.397792494262));
#937 = CARTESIAN_POINT('',(-0.466494271029,1.416195526478));
#938 = CARTESIAN_POINT('',(-0.47983001797,1.435234028996));
#939 = CARTESIAN_POINT('',(-0.49218115111,1.454814192806));
#940 = CARTESIAN_POINT('',(-0.531974323364,1.52491442965));
#941 = CARTESIAN_POINT('',(-0.554286105653,1.577798613815));
#942 = CARTESIAN_POINT('',(-0.570778832198,1.632414907519));
#943 = CARTESIAN_POINT('',(-0.581645204551,1.687987094794));
#944 = CARTESIAN_POINT('',(-0.587090272853,1.743960801492));
#945 = CARTESIAN_POINT('',(-0.587090272853,1.8));
#946 = ( GEOMETRIC_REPRESENTATION_CONTEXT(2) 
PARAMETRIC_REPRESENTATION_CONTEXT() REPRESENTATION_CONTEXT('2D SPACE',''
  ) );
#947 = PCURVE('',#159,#948);
#948 = DEFINITIONAL_REPRESENTATION('',(#949),#972);
#949 = B_SPLINE_CURVE_WITH_KNOTS('',6,(#950,#951,#952,#953,#954,#955,
    #956,#957,#958,#959,#960,#961,#962,#963,#964,#965,#966,#967,#968,
    #969,#970,#971),.UNSPECIFIED.,.F.,.F.,(7,5,5,5,7),(0.,0.186247371523
    ,0.341173955297,0.529562381676,1.),.UNSPECIFIED.);
#950 = CARTESIAN_POINT('',(0.793418380678,4.440892098501E-14));
#951 = CARTESIAN_POINT('',(0.801571504196,-2.801582543269E-02));
#952 = CARTESIAN_POINT('',(0.811735429976,-5.544854088388E-02));
#953 = CARTESIAN_POINT('',(0.823817455479,-8.212455187283E-02));
#954 = CARTESIAN_POINT('',(0.837700419407,-0.107911531429));
#955 = CARTESIAN_POINT('',(0.853251931262,-0.132710528758));
#956 = CARTESIAN_POINT('',(0.884542685828,-0.176193738557));
#957 = CARTESIAN_POINT('',(0.899811985477,-0.195207135856));
#958 = CARTESIAN_POINT('',(0.916064730051,-0.213450185027));
#959 = CARTESIAN_POINT('',(0.93322396988,-0.230899266831));
#960 = CARTESIAN_POINT('',(0.951215369091,-0.247542107834));
#961 = CARTESIAN_POINT('',(0.992775351242,-0.282626809942));
#962 = CARTESIAN_POINT('',(1.01670780141,-0.30067969993));
#963 = CARTESIAN_POINT('',(1.041645783415,-0.317528590941));
#964 = CARTESIAN_POINT('',(1.067474383014,-0.333181572307));
#965 = CARTESIAN_POINT('',(1.094088971228,-0.347655407715));
#966 = CARTESIAN_POINT('',(1.189596171431,-0.394223606627));
#967 = CARTESIAN_POINT('',(1.262035278796,-0.420210427097));
#968 = CARTESIAN_POINT('',(1.337446559467,-0.439373729943));
#969 = CARTESIAN_POINT('',(1.414668994722,-0.4519833355));
#970 = CARTESIAN_POINT('',(1.492686815928,-0.458302117094));
#971 = CARTESIAN_POINT('',(1.570796326795,-0.458302117094));
#972 = ( GEOMETRIC_REPRESENTATION_CONTEXT(2) 
PARAMETRIC_REPRESENTATION_CONTEXT() REPRESENTATION_CONTEXT('2D SPACE',''
  ) );
#973 = ORIENTED_EDGE('',*,*,#171,.F.);
#974 = ORIENTED_EDGE('',*,*,#776,.F.);
#975 = ADVANCED_FACE('',(#976),#159,.T.);
#976 = FACE_BOUND('',#977,.T.);
#977 = EDGE_LOOP('',(#978,#979,#1006,#1114,#1115));
#978 = ORIENTED_EDGE('',*,*,#301,.F.);
#979 = ORIENTED_EDGE('',*,*,#980,.T.);
#980 = EDGE_CURVE('',#302,#981,#983,.T.);
#981 = VERTEX_POINT('',#982);
#982 = CARTESIAN_POINT('',(-25.2,15.479795897113,31.238869639877));
#983 = SURFACE_CURVE('',#984,(#989,#995),.PCURVE_S1.);
#984 = CIRCLE('',#985,0.8);
#985 = AXIS2_PLACEMENT_3D('',#986,#987,#988);
#986 = CARTESIAN_POINT('',(-25.2,16.05,31.8));
#987 = DIRECTION('',(-1.,6.123233995737E-17,0.));
#988 = DIRECTION('',(-6.123233995737E-17,-1.,0.));
#989 = PCURVE('',#159,#990);
#990 = DEFINITIONAL_REPRESENTATION('',(#991),#994);
#991 = B_SPLINE_CURVE_WITH_KNOTS('',1,(#992,#993),.UNSPECIFIED.,.F.,.F.,
  (2,2),(4.712388980385,6.28318530718),.PIECEWISE_BEZIER_KNOTS.);
#992 = CARTESIAN_POINT('',(1.570796326795,-1.570796326795));
#993 = CARTESIAN_POINT('',(1.570796326795,0.));
#994 = ( GEOMETRIC_REPRESENTATION_CONTEXT(2) 
PARAMETRIC_REPRESENTATION_CONTEXT() REPRESENTATION_CONTEXT('2D SPACE',''
  ) );
#995 = PCURVE('',#996,#1001);
#996 = CYLINDRICAL_SURFACE('',#997,0.8);
#997 = AXIS2_PLACEMENT_3D('',#998,#999,#1000);
#998 = CARTESIAN_POINT('',(-26.,16.05,31.8));
#999 = DIRECTION('',(1.,0.,-0.));
#1000 = DIRECTION('',(0.,-1.,0.));
#1001 = DEFINITIONAL_REPRESENTATION('',(#1002),#1005);
#1002 = B_SPLINE_CURVE_WITH_KNOTS('',1,(#1003,#1004),.UNSPECIFIED.,.F.,
  .F.,(2,2),(4.712388980385,6.28318530718),.PIECEWISE_BEZIER_KNOTS.);
#1003 = CARTESIAN_POINT('',(1.570796326795,0.8));
#1004 = CARTESIAN_POINT('',(0.,0.8));
#1005 = ( GEOMETRIC_REPRESENTATION_CONTEXT(2) 
PARAMETRIC_REPRESENTATION_CONTEXT() REPRESENTATION_CONTEXT('2D SPACE',''
  ) );
#1006 = ORIENTED_EDGE('',*,*,#1007,.F.);
#1007 = EDGE_CURVE('',#858,#981,#1008,.T.);
#1008 = SURFACE_CURVE('',#1009,(#1042,#1078),.PCURVE_S1.);
#1009 = B_SPLINE_CURVE_WITH_KNOTS('',7,(#1010,#1011,#1012,#1013,#1014,
    #1015,#1016,#1017,#1018,#1019,#1020,#1021,#1022,#1023,#1024,#1025,
    #1026,#1027,#1028,#1029,#1030,#1031,#1032,#1033,#1034,#1035,#1036,
    #1037,#1038,#1039,#1040,#1041),.UNSPECIFIED.,.F.,.F.,(8,6,6,6,6,8),(
    0.,0.535748276532,0.643908183925,0.70334393043,0.830025732063,1.),
  .UNSPECIFIED.);
#1010 = CARTESIAN_POINT('',(-25.55394086045,15.332556018006,31.8));
#1011 = CARTESIAN_POINT('',(-25.55394086045,15.332556018006,
    31.741675548123));
#1012 = CARTESIAN_POINT('',(-25.54916822387,15.335732418525,
    31.683651779372));
#1013 = CARTESIAN_POINT('',(-25.53970282817,15.342026699461,
    31.626223070266));
#1014 = CARTESIAN_POINT('',(-25.52533850609,15.351342542708,
    31.570013097303));
#1015 = CARTESIAN_POINT('',(-25.50578177265,15.363370613501,
    31.515935711317));
#1016 = CARTESIAN_POINT('',(-25.48083354529,15.3774742908,
    31.465096066379));
#1017 = CARTESIAN_POINT('',(-25.44425391055,15.395927354615,
    31.409277240085));
#1018 = CARTESIAN_POINT('',(-25.43788993915,15.399075849605,
    31.400086611748));
#1019 = CARTESIAN_POINT('',(-25.43130782595,15.402265452788,
    31.391093143255));
#1020 = CARTESIAN_POINT('',(-25.42451009349,15.405487716072,
    31.382309181762));
#1021 = CARTESIAN_POINT('',(-25.4175005604,15.408733597573,
    31.373747449313));
#1022 = CARTESIAN_POINT('',(-25.41028451286,15.411993566197,
    31.365420740811));
#1023 = CARTESIAN_POINT('',(-25.39879385477,15.417051407804,
    31.352902005938));
#1024 = CARTESIAN_POINT('',(-25.394658574,15.418846371095,
    31.348537155921));
#1025 = CARTESIAN_POINT('',(-25.39046419987,15.420640932247,
    31.344249198372));
#1026 = CARTESIAN_POINT('',(-25.3862120441,15.422433413974,
    31.340040200455));
#1027 = CARTESIAN_POINT('',(-25.38190356395,15.424222125542,
    31.335912170052));
#1028 = CARTESIAN_POINT('',(-25.37754036217,15.426005362763,
    31.331867055759));
#1029 = CARTESIAN_POINT('',(-25.36371151784,15.43156688432,
    31.319465714483));
#1030 = CARTESIAN_POINT('',(-25.35405743608,15.435320028618,
    31.311409212867));
#1031 = CARTESIAN_POINT('',(-25.34417996913,15.439023821361,
    31.303756518722));
#1032 = CARTESIAN_POINT('',(-25.33409883347,15.442662007995,
    31.296523435432));
#1033 = CARTESIAN_POINT('',(-25.32383509487,15.446219420977,
    31.289722364813));
#1034 = CARTESIAN_POINT('',(-25.31341082851,15.4496823018,
    31.283362378852));
#1035 = CARTESIAN_POINT('',(-25.28867723608,15.457541939478,
    31.269515454912));
#1036 = CARTESIAN_POINT('',(-25.27425520991,15.461854165391,
    31.262385029704));
#1037 = CARTESIAN_POINT('',(-25.25963786925,15.46594595618,
    31.256071949462));
#1038 = CARTESIAN_POINT('',(-25.2448710615,15.469796919515,
    31.250575265859));
#1039 = CARTESIAN_POINT('',(-25.22999167038,15.473393743503,
    31.245884803734));
#1040 = CARTESIAN_POINT('',(-25.21502797352,15.476728324863,
    31.241986816219));
#1041 = CARTESIAN_POINT('',(-25.2,15.479795897113,31.238869639878));
#1042 = PCURVE('',#159,#1043);
#1043 = DEFINITIONAL_REPRESENTATION('',(#1044),#1077);
#1044 = B_SPLINE_CURVE_WITH_KNOTS('',7,(#1045,#1046,#1047,#1048,#1049,
    #1050,#1051,#1052,#1053,#1054,#1055,#1056,#1057,#1058,#1059,#1060,
    #1061,#1062,#1063,#1064,#1065,#1066,#1067,#1068,#1069,#1070,#1071,
    #1072,#1073,#1074,#1075,#1076),.UNSPECIFIED.,.F.,.F.,(8,6,6,6,6,8),(
    0.,0.535748276532,0.643908183925,0.70334393043,0.830025732063,1.),
  .UNSPECIFIED.);
#1045 = CARTESIAN_POINT('',(1.112494209701,0.));
#1046 = CARTESIAN_POINT('',(1.112494209701,-7.290556484588E-02));
#1047 = CARTESIAN_POINT('',(1.116090062578,-0.145434905625));
#1048 = CARTESIAN_POINT('',(1.123211533355,-0.217854908564));
#1049 = CARTESIAN_POINT('',(1.134457612152,-0.289985282955));
#1050 = CARTESIAN_POINT('',(1.150807815641,-0.361306167792));
#1051 = CARTESIAN_POINT('',(1.174087059688,-0.430838731108));
#1052 = CARTESIAN_POINT('',(1.213350095062,-0.510210258035));
#1053 = CARTESIAN_POINT('',(1.220323524262,-0.523391307562));
#1054 = CARTESIAN_POINT('',(1.227692615671,-0.536403752948));
#1055 = CARTESIAN_POINT('',(1.235474598242,-0.54922804255));
#1056 = CARTESIAN_POINT('',(1.243685631019,-0.561842637967));
#1057 = CARTESIAN_POINT('',(1.25233991091,-0.574224287257));
#1058 = CARTESIAN_POINT('',(1.266454262398,-0.593010652587));
#1059 = CARTESIAN_POINT('',(1.271596969018,-0.599595209588));
#1060 = CARTESIAN_POINT('',(1.276878810758,-0.606097812092));
#1061 = CARTESIAN_POINT('',(1.282301341859,-0.612514236877));
#1062 = CARTESIAN_POINT('',(1.287865760375,-0.618840194564));
#1063 = CARTESIAN_POINT('',(1.293572908169,-0.625071329619));
#1064 = CARTESIAN_POINT('',(1.311892778519,-0.644272778843));
#1065 = CARTESIAN_POINT('',(1.325013726958,-0.656892596317));
#1066 = CARTESIAN_POINT('',(1.338788980171,-0.669018526041));
#1067 = CARTESIAN_POINT('',(1.35321342921,-0.680608358812));
#1068 = CARTESIAN_POINT('',(1.368272698369,-0.691622745141));
#1069 = CARTESIAN_POINT('',(1.383941851304,-0.702026117426));
#1070 = CARTESIAN_POINT('',(1.421976997273,-0.724885017566));
#1071 = CARTESIAN_POINT('',(1.444805166562,-0.736828994957));
#1072 = CARTESIAN_POINT('',(1.468581624036,-0.747544618831));
#1073 = CARTESIAN_POINT('',(1.493197636019,-0.756981753921));
#1074 = CARTESIAN_POINT('',(1.518528761618,-0.765109589419));
#1075 = CARTESIAN_POINT('',(1.544440898189,-0.771911173209));
#1076 = CARTESIAN_POINT('',(1.570796326795,-0.777377946116));
#1077 = ( GEOMETRIC_REPRESENTATION_CONTEXT(2) 
PARAMETRIC_REPRESENTATION_CONTEXT() REPRESENTATION_CONTEXT('2D SPACE',''
  ) );
#1078 = PCURVE('',#879,#1079);
#1079 = DEFINITIONAL_REPRESENTATION('',(#1080),#1113);
#1080 = B_SPLINE_CURVE_WITH_KNOTS('',7,(#1081,#1082,#1083,#1084,#1085,
    #1086,#1087,#1088,#1089,#1090,#1091,#1092,#1093,#1094,#1095,#1096,
    #1097,#1098,#1099,#1100,#1101,#1102,#1103,#1104,#1105,#1106,#1107,
    #1108,#1109,#1110,#1111,#1112),.UNSPECIFIED.,.F.,.F.,(8,6,6,6,6,8),(
    0.,0.535748276532,0.643908183925,0.70334393043,0.830025732063,1.),
  .UNSPECIFIED.);
#1081 = CARTESIAN_POINT('',(-0.983706053942,1.8));
#1082 = CARTESIAN_POINT('',(-0.983706053942,1.741675548123));
#1083 = CARTESIAN_POINT('',(-0.989439213634,1.683651779372));
#1084 = CARTESIAN_POINT('',(-1.000805826602,1.626223070266));
#1085 = CARTESIAN_POINT('',(-1.017926429431,1.570013097303));
#1086 = CARTESIAN_POINT('',(-1.040869633203,1.515935711317));
#1087 = CARTESIAN_POINT('',(-1.069496329066,1.465096066379));
#1088 = CARTESIAN_POINT('',(-1.110466870208,1.409277240085));
#1089 = CARTESIAN_POINT('',(-1.117566878356,1.400086611748));
#1090 = CARTESIAN_POINT('',(-1.124880693811,1.391093143255));
#1091 = CARTESIAN_POINT('',(-1.132402948388,1.382309181762));
#1092 = CARTESIAN_POINT('',(-1.140127013087,1.373747449313));
#1093 = CARTESIAN_POINT('',(-1.148044895002,1.365420740811));
#1094 = CARTESIAN_POINT('',(-1.16059945533,1.352902005938));
#1095 = CARTESIAN_POINT('',(-1.16510743737,1.348537155921));
#1096 = CARTESIAN_POINT('',(-1.169669487699,1.344249198372));
#1097 = CARTESIAN_POINT('',(-1.174283890346,1.340040200455));
#1098 = CARTESIAN_POINT('',(-1.178948806024,1.335912170052));
#1099 = CARTESIAN_POINT('',(-1.183662272129,1.331867055759));
#1100 = CARTESIAN_POINT('',(-1.198567555007,1.319465714483));
#1101 = CARTESIAN_POINT('',(-1.208924823872,1.311409212867));
#1102 = CARTESIAN_POINT('',(-1.219472629695,1.303756518722));
#1103 = CARTESIAN_POINT('',(-1.230188653526,1.296523435432));
#1104 = CARTESIAN_POINT('',(-1.241049978953,1.289722364813));
#1105 = CARTESIAN_POINT('',(-1.252033433946,1.283362378852));
#1106 = CARTESIAN_POINT('',(-1.27798578449,1.269515454912));
#1107 = CARTESIAN_POINT('',(-1.293036465584,1.262385029704));
#1108 = CARTESIAN_POINT('',(-1.308211955099,1.256071949462));
#1109 = CARTESIAN_POINT('',(-1.323468252247,1.250575265859));
#1110 = CARTESIAN_POINT('',(-1.338772239332,1.245884803734));
#1111 = CARTESIAN_POINT('',(-1.354100544753,1.241986816219));
#1112 = CARTESIAN_POINT('',(-1.369438406005,1.238869639878));
#1113 = ( GEOMETRIC_REPRESENTATION_CONTEXT(2) 
PARAMETRIC_REPRESENTATION_CONTEXT() REPRESENTATION_CONTEXT('2D SPACE',''
  ) );
#1114 = ORIENTED_EDGE('',*,*,#896,.F.);
#1115 = ORIENTED_EDGE('',*,*,#142,.F.);
#1116 = ADVANCED_FACE('',(#1117),#339,.F.);
#1117 = FACE_BOUND('',#1118,.F.);
#1118 = EDGE_LOOP('',(#1119,#1120,#1143,#1171));
#1119 = ORIENTED_EDGE('',*,*,#323,.F.);
#1120 = ORIENTED_EDGE('',*,*,#1121,.T.);
#1121 = EDGE_CURVE('',#302,#1122,#1124,.T.);
#1122 = VERTEX_POINT('',#1123);
#1123 = CARTESIAN_POINT('',(25.2,16.05,31.));
#1124 = SURFACE_CURVE('',#1125,(#1129,#1136),.PCURVE_S1.);
#1125 = LINE('',#1126,#1127);
#1126 = CARTESIAN_POINT('',(-26.,16.05,31.));
#1127 = VECTOR('',#1128,1.);
#1128 = DIRECTION('',(1.,0.,-0.));
#1129 = PCURVE('',#339,#1130);
#1130 = DEFINITIONAL_REPRESENTATION('',(#1131),#1135);
#1131 = LINE('',#1132,#1133);
#1132 = CARTESIAN_POINT('',(0.,0.8));
#1133 = VECTOR('',#1134,1.);
#1134 = DIRECTION('',(1.,0.));
#1135 = ( GEOMETRIC_REPRESENTATION_CONTEXT(2) 
PARAMETRIC_REPRESENTATION_CONTEXT() REPRESENTATION_CONTEXT('2D SPACE',''
  ) );
#1136 = PCURVE('',#996,#1137);
#1137 = DEFINITIONAL_REPRESENTATION('',(#1138),#1142);
#1138 = LINE('',#1139,#1140);
#1139 = CARTESIAN_POINT('',(1.570796326795,0.));
#1140 = VECTOR('',#1141,1.);
#1141 = DIRECTION('',(0.,1.));
#1142 = ( GEOMETRIC_REPRESENTATION_CONTEXT(2) 
PARAMETRIC_REPRESENTATION_CONTEXT() REPRESENTATION_CONTEXT('2D SPACE',''
  ) );
#1143 = ORIENTED_EDGE('',*,*,#1144,.T.);
#1144 = EDGE_CURVE('',#1122,#1145,#1147,.T.);
#1145 = VERTEX_POINT('',#1146);
#1146 = CARTESIAN_POINT('',(25.2,16.45,31.));
#1147 = SURFACE_CURVE('',#1148,(#1152,#1159),.PCURVE_S1.);
#1148 = LINE('',#1149,#1150);
#1149 = CARTESIAN_POINT('',(25.2,15.25,31.));
#1150 = VECTOR('',#1151,1.);
#1151 = DIRECTION('',(-0.,1.,0.));
#1152 = PCURVE('',#339,#1153);
#1153 = DEFINITIONAL_REPRESENTATION('',(#1154),#1158);
#1154 = LINE('',#1155,#1156);
#1155 = CARTESIAN_POINT('',(51.2,0.));
#1156 = VECTOR('',#1157,1.);
#1157 = DIRECTION('',(0.,1.));
#1158 = ( GEOMETRIC_REPRESENTATION_CONTEXT(2) 
PARAMETRIC_REPRESENTATION_CONTEXT() REPRESENTATION_CONTEXT('2D SPACE',''
  ) );
#1159 = PCURVE('',#1160,#1165);
#1160 = CYLINDRICAL_SURFACE('',#1161,0.8);
#1161 = AXIS2_PLACEMENT_3D('',#1162,#1163,#1164);
#1162 = CARTESIAN_POINT('',(25.2,15.25,31.8));
#1163 = DIRECTION('',(-0.,1.,0.));
#1164 = DIRECTION('',(1.,0.,-0.));
#1165 = DEFINITIONAL_REPRESENTATION('',(#1166),#1170);
#1166 = LINE('',#1167,#1168);
#1167 = CARTESIAN_POINT('',(1.570796326795,0.));
#1168 = VECTOR('',#1169,1.);
#1169 = DIRECTION('',(0.,1.));
#1170 = ( GEOMETRIC_REPRESENTATION_CONTEXT(2) 
PARAMETRIC_REPRESENTATION_CONTEXT() REPRESENTATION_CONTEXT('2D SPACE',''
  ) );
#1171 = ORIENTED_EDGE('',*,*,#1172,.F.);
#1172 = EDGE_CURVE('',#324,#1145,#1173,.T.);
#1173 = SURFACE_CURVE('',#1174,(#1178,#1185),.PCURVE_S1.);
#1174 = LINE('',#1175,#1176);
#1175 = CARTESIAN_POINT('',(-26.,16.45,31.));
#1176 = VECTOR('',#1177,1.);
#1177 = DIRECTION('',(1.,0.,-0.));
#1178 = PCURVE('',#339,#1179);
#1179 = DEFINITIONAL_REPRESENTATION('',(#1180),#1184);
#1180 = LINE('',#1181,#1182);
#1181 = CARTESIAN_POINT('',(0.,1.2));
#1182 = VECTOR('',#1183,1.);
#1183 = DIRECTION('',(1.,0.));
#1184 = ( GEOMETRIC_REPRESENTATION_CONTEXT(2) 
PARAMETRIC_REPRESENTATION_CONTEXT() REPRESENTATION_CONTEXT('2D SPACE',''
  ) );
#1185 = PCURVE('',#1186,#1191);
#1186 = CYLINDRICAL_SURFACE('',#1187,0.8);
#1187 = AXIS2_PLACEMENT_3D('',#1188,#1189,#1190);
#1188 = CARTESIAN_POINT('',(-26.,16.45,31.8));
#1189 = DIRECTION('',(1.,0.,-0.));
#1190 = DIRECTION('',(0.,1.,0.));
#1191 = DEFINITIONAL_REPRESENTATION('',(#1192),#1196);
#1192 = LINE('',#1193,#1194);
#1193 = CARTESIAN_POINT('',(-1.570796326795,0.));
#1194 = VECTOR('',#1195,1.);
#1195 = DIRECTION('',(-0.,1.));
#1196 = ( GEOMETRIC_REPRESENTATION_CONTEXT(2) 
PARAMETRIC_REPRESENTATION_CONTEXT() REPRESENTATION_CONTEXT('2D SPACE',''
  ) );
#1197 = ADVANCED_FACE('',(#1198),#365,.T.);
#1198 = FACE_BOUND('',#1199,.F.);
#1199 = EDGE_LOOP('',(#1200,#1201,#1221));
#1200 = ORIENTED_EDGE('',*,*,#351,.F.);
#1201 = ORIENTED_EDGE('',*,*,#1202,.T.);
#1202 = EDGE_CURVE('',#324,#463,#1203,.T.);
#1203 = SURFACE_CURVE('',#1204,(#1209,#1215),.PCURVE_S1.);
#1204 = CIRCLE('',#1205,0.8);
#1205 = AXIS2_PLACEMENT_3D('',#1206,#1207,#1208);
#1206 = CARTESIAN_POINT('',(-25.2,16.45,31.8));
#1207 = DIRECTION('',(1.,-2.203438688952E-17,0.));
#1208 = DIRECTION('',(2.203438688952E-17,1.,0.));
#1209 = PCURVE('',#365,#1210);
#1210 = DEFINITIONAL_REPRESENTATION('',(#1211),#1214);
#1211 = B_SPLINE_CURVE_WITH_KNOTS('',1,(#1212,#1213),.UNSPECIFIED.,.F.,
  .F.,(2,2),(4.712388980385,6.28318530718),.PIECEWISE_BEZIER_KNOTS.);
#1212 = CARTESIAN_POINT('',(-1.570796326795,-1.570796326795));
#1213 = CARTESIAN_POINT('',(-1.570796326795,0.));
#1214 = ( GEOMETRIC_REPRESENTATION_CONTEXT(2) 
PARAMETRIC_REPRESENTATION_CONTEXT() REPRESENTATION_CONTEXT('2D SPACE',''
  ) );
#1215 = PCURVE('',#1186,#1216);
#1216 = DEFINITIONAL_REPRESENTATION('',(#1217),#1220);
#1217 = B_SPLINE_CURVE_WITH_KNOTS('',1,(#1218,#1219),.UNSPECIFIED.,.F.,
  .F.,(2,2),(4.712388980385,6.28318530718),.PIECEWISE_BEZIER_KNOTS.);
#1218 = CARTESIAN_POINT('',(-1.570796326795,0.8));
#1219 = CARTESIAN_POINT('',(0.,0.8));
#1220 = ( GEOMETRIC_REPRESENTATION_CONTEXT(2) 
PARAMETRIC_REPRESENTATION_CONTEXT() REPRESENTATION_CONTEXT('2D SPACE',''
  ) );
#1221 = ORIENTED_EDGE('',*,*,#462,.F.);
#1222 = ADVANCED_FACE('',(#1223),#418,.T.);
#1223 = FACE_BOUND('',#1224,.T.);
#1224 = EDGE_LOOP('',(#1225,#1226,#1249,#1277));
#1225 = ORIENTED_EDGE('',*,*,#402,.F.);
#1226 = ORIENTED_EDGE('',*,*,#1227,.T.);
#1227 = EDGE_CURVE('',#381,#1228,#1230,.T.);
#1228 = VERTEX_POINT('',#1229);
#1229 = CARTESIAN_POINT('',(25.2,16.05,59.));
#1230 = SURFACE_CURVE('',#1231,(#1235,#1242),.PCURVE_S1.);
#1231 = LINE('',#1232,#1233);
#1232 = CARTESIAN_POINT('',(-26.,16.05,59.));
#1233 = VECTOR('',#1234,1.);
#1234 = DIRECTION('',(1.,0.,-0.));
#1235 = PCURVE('',#418,#1236);
#1236 = DEFINITIONAL_REPRESENTATION('',(#1237),#1241);
#1237 = LINE('',#1238,#1239);
#1238 = CARTESIAN_POINT('',(0.,0.8));
#1239 = VECTOR('',#1240,1.);
#1240 = DIRECTION('',(1.,0.));
#1241 = ( GEOMETRIC_REPRESENTATION_CONTEXT(2) 
PARAMETRIC_REPRESENTATION_CONTEXT() REPRESENTATION_CONTEXT('2D SPACE',''
  ) );
#1242 = PCURVE('',#554,#1243);
#1243 = DEFINITIONAL_REPRESENTATION('',(#1244),#1248);
#1244 = LINE('',#1245,#1246);
#1245 = CARTESIAN_POINT('',(-1.570796326795,0.));
#1246 = VECTOR('',#1247,1.);
#1247 = DIRECTION('',(-0.,1.));
#1248 = ( GEOMETRIC_REPRESENTATION_CONTEXT(2) 
PARAMETRIC_REPRESENTATION_CONTEXT() REPRESENTATION_CONTEXT('2D SPACE',''
  ) );
#1249 = ORIENTED_EDGE('',*,*,#1250,.T.);
#1250 = EDGE_CURVE('',#1228,#1251,#1253,.T.);
#1251 = VERTEX_POINT('',#1252);
#1252 = CARTESIAN_POINT('',(25.2,16.45,59.));
#1253 = SURFACE_CURVE('',#1254,(#1258,#1265),.PCURVE_S1.);
#1254 = LINE('',#1255,#1256);
#1255 = CARTESIAN_POINT('',(25.2,15.25,59.));
#1256 = VECTOR('',#1257,1.);
#1257 = DIRECTION('',(-0.,1.,0.));
#1258 = PCURVE('',#418,#1259);
#1259 = DEFINITIONAL_REPRESENTATION('',(#1260),#1264);
#1260 = LINE('',#1261,#1262);
#1261 = CARTESIAN_POINT('',(51.2,0.));
#1262 = VECTOR('',#1263,1.);
#1263 = DIRECTION('',(0.,1.));
#1264 = ( GEOMETRIC_REPRESENTATION_CONTEXT(2) 
PARAMETRIC_REPRESENTATION_CONTEXT() REPRESENTATION_CONTEXT('2D SPACE',''
  ) );
#1265 = PCURVE('',#1266,#1271);
#1266 = CYLINDRICAL_SURFACE('',#1267,0.8);
#1267 = AXIS2_PLACEMENT_3D('',#1268,#1269,#1270);
#1268 = CARTESIAN_POINT('',(25.2,15.25,58.2));
#1269 = DIRECTION('',(-0.,1.,0.));
#1270 = DIRECTION('',(1.,0.,-0.));
#1271 = DEFINITIONAL_REPRESENTATION('',(#1272),#1276);
#1272 = LINE('',#1273,#1274);
#1273 = CARTESIAN_POINT('',(-1.570796326795,0.));
#1274 = VECTOR('',#1275,1.);
#1275 = DIRECTION('',(-0.,1.));
#1276 = ( GEOMETRIC_REPRESENTATION_CONTEXT(2) 
PARAMETRIC_REPRESENTATION_CONTEXT() REPRESENTATION_CONTEXT('2D SPACE',''
  ) );
#1277 = ORIENTED_EDGE('',*,*,#1278,.F.);
#1278 = EDGE_CURVE('',#403,#1251,#1279,.T.);
#1279 = SURFACE_CURVE('',#1280,(#1284,#1291),.PCURVE_S1.);
#1280 = LINE('',#1281,#1282);
#1281 = CARTESIAN_POINT('',(-26.,16.45,59.));
#1282 = VECTOR('',#1283,1.);
#1283 = DIRECTION('',(1.,0.,-0.));
#1284 = PCURVE('',#418,#1285);
#1285 = DEFINITIONAL_REPRESENTATION('',(#1286),#1290);
#1286 = LINE('',#1287,#1288);
#1287 = CARTESIAN_POINT('',(0.,1.2));
#1288 = VECTOR('',#1289,1.);
#1289 = DIRECTION('',(1.,0.));
#1290 = ( GEOMETRIC_REPRESENTATION_CONTEXT(2) 
PARAMETRIC_REPRESENTATION_CONTEXT() REPRESENTATION_CONTEXT('2D SPACE',''
  ) );
#1291 = PCURVE('',#1292,#1297);
#1292 = CYLINDRICAL_SURFACE('',#1293,0.8);
#1293 = AXIS2_PLACEMENT_3D('',#1294,#1295,#1296);
#1294 = CARTESIAN_POINT('',(-26.,16.45,58.2));
#1295 = DIRECTION('',(1.,0.,-0.));
#1296 = DIRECTION('',(0.,1.,0.));
#1297 = DEFINITIONAL_REPRESENTATION('',(#1298),#1302);
#1298 = LINE('',#1299,#1300);
#1299 = CARTESIAN_POINT('',(1.570796326795,0.));
#1300 = VECTOR('',#1301,1.);
#1301 = DIRECTION('',(0.,1.));
#1302 = ( GEOMETRIC_REPRESENTATION_CONTEXT(2) 
PARAMETRIC_REPRESENTATION_CONTEXT() REPRESENTATION_CONTEXT('2D SPACE',''
  ) );
#1303 = ADVANCED_FACE('',(#1304),#445,.T.);
#1304 = FACE_BOUND('',#1305,.F.);
#1305 = EDGE_LOOP('',(#1306,#1307,#1327));
#1306 = ORIENTED_EDGE('',*,*,#514,.F.);
#1307 = ORIENTED_EDGE('',*,*,#1308,.T.);
#1308 = EDGE_CURVE('',#487,#403,#1309,.T.);
#1309 = SURFACE_CURVE('',#1310,(#1315,#1321),.PCURVE_S1.);
#1310 = CIRCLE('',#1311,0.8);
#1311 = AXIS2_PLACEMENT_3D('',#1312,#1313,#1314);
#1312 = CARTESIAN_POINT('',(-25.2,16.45,58.2));
#1313 = DIRECTION('',(1.,0.,6.123233995737E-17));
#1314 = DIRECTION('',(-6.123233995737E-17,-0.,1.));
#1315 = PCURVE('',#445,#1316);
#1316 = DEFINITIONAL_REPRESENTATION('',(#1317),#1320);
#1317 = B_SPLINE_CURVE_WITH_KNOTS('',1,(#1318,#1319),.UNSPECIFIED.,.F.,
  .F.,(2,2),(4.712388980385,6.28318530718),.PIECEWISE_BEZIER_KNOTS.);
#1318 = CARTESIAN_POINT('',(-1.570796326795,-1.570796326795));
#1319 = CARTESIAN_POINT('',(-1.570796326795,0.));
#1320 = ( GEOMETRIC_REPRESENTATION_CONTEXT(2) 
PARAMETRIC_REPRESENTATION_CONTEXT() REPRESENTATION_CONTEXT('2D SPACE',''
  ) );
#1321 = PCURVE('',#1292,#1322);
#1322 = DEFINITIONAL_REPRESENTATION('',(#1323),#1326);
#1323 = B_SPLINE_CURVE_WITH_KNOTS('',1,(#1324,#1325),.UNSPECIFIED.,.F.,
  .F.,(2,2),(4.712388980385,6.28318530718),.PIECEWISE_BEZIER_KNOTS.);
#1324 = CARTESIAN_POINT('',(0.,0.8));
#1325 = CARTESIAN_POINT('',(1.570796326795,0.8));
#1326 = ( GEOMETRIC_REPRESENTATION_CONTEXT(2) 
PARAMETRIC_REPRESENTATION_CONTEXT() REPRESENTATION_CONTEXT('2D SPACE',''
  ) );
#1327 = ORIENTED_EDGE('',*,*,#430,.F.);
#1328 = ADVANCED_FACE('',(#1329,#1404,#1439),#502,.T.);
#1329 = FACE_BOUND('',#1330,.T.);
#1330 = EDGE_LOOP('',(#1331,#1332,#1355,#1383));
#1331 = ORIENTED_EDGE('',*,*,#486,.T.);
#1332 = ORIENTED_EDGE('',*,*,#1333,.T.);
#1333 = EDGE_CURVE('',#487,#1334,#1336,.T.);
#1334 = VERTEX_POINT('',#1335);
#1335 = CARTESIAN_POINT('',(25.2,17.25,58.2));
#1336 = SURFACE_CURVE('',#1337,(#1341,#1348),.PCURVE_S1.);
#1337 = LINE('',#1338,#1339);
#1338 = CARTESIAN_POINT('',(-26.,17.25,58.2));
#1339 = VECTOR('',#1340,1.);
#1340 = DIRECTION('',(1.,0.,-0.));
#1341 = PCURVE('',#502,#1342);
#1342 = DEFINITIONAL_REPRESENTATION('',(#1343),#1347);
#1343 = LINE('',#1344,#1345);
#1344 = CARTESIAN_POINT('',(27.2,0.));
#1345 = VECTOR('',#1346,1.);
#1346 = DIRECTION('',(0.,1.));
#1347 = ( GEOMETRIC_REPRESENTATION_CONTEXT(2) 
PARAMETRIC_REPRESENTATION_CONTEXT() REPRESENTATION_CONTEXT('2D SPACE',''
  ) );
#1348 = PCURVE('',#1292,#1349);
#1349 = DEFINITIONAL_REPRESENTATION('',(#1350),#1354);
#1350 = LINE('',#1351,#1352);
#1351 = CARTESIAN_POINT('',(0.,0.));
#1352 = VECTOR('',#1353,1.);
#1353 = DIRECTION('',(0.,1.));
#1354 = ( GEOMETRIC_REPRESENTATION_CONTEXT(2) 
PARAMETRIC_REPRESENTATION_CONTEXT() REPRESENTATION_CONTEXT('2D SPACE',''
  ) );
#1355 = ORIENTED_EDGE('',*,*,#1356,.F.);
#1356 = EDGE_CURVE('',#1357,#1334,#1359,.T.);
#1357 = VERTEX_POINT('',#1358);
#1358 = CARTESIAN_POINT('',(25.2,17.25,31.8));
#1359 = SURFACE_CURVE('',#1360,(#1364,#1371),.PCURVE_S1.);
#1360 = LINE('',#1361,#1362);
#1361 = CARTESIAN_POINT('',(25.2,17.25,31.));
#1362 = VECTOR('',#1363,1.);
#1363 = DIRECTION('',(0.,0.,1.));
#1364 = PCURVE('',#502,#1365);
#1365 = DEFINITIONAL_REPRESENTATION('',(#1366),#1370);
#1366 = LINE('',#1367,#1368);
#1367 = CARTESIAN_POINT('',(0.,51.2));
#1368 = VECTOR('',#1369,1.);
#1369 = DIRECTION('',(1.,0.));
#1370 = ( GEOMETRIC_REPRESENTATION_CONTEXT(2) 
PARAMETRIC_REPRESENTATION_CONTEXT() REPRESENTATION_CONTEXT('2D SPACE',''
  ) );
#1371 = PCURVE('',#1372,#1377);
#1372 = CYLINDRICAL_SURFACE('',#1373,0.8);
#1373 = AXIS2_PLACEMENT_3D('',#1374,#1375,#1376);
#1374 = CARTESIAN_POINT('',(25.2,16.45,31.));
#1375 = DIRECTION('',(0.,0.,1.));
#1376 = DIRECTION('',(1.,0.,-0.));
#1377 = DEFINITIONAL_REPRESENTATION('',(#1378),#1382);
#1378 = LINE('',#1379,#1380);
#1379 = CARTESIAN_POINT('',(1.570796326795,0.));
#1380 = VECTOR('',#1381,1.);
#1381 = DIRECTION('',(0.,1.));
#1382 = ( GEOMETRIC_REPRESENTATION_CONTEXT(2) 
PARAMETRIC_REPRESENTATION_CONTEXT() REPRESENTATION_CONTEXT('2D SPACE',''
  ) );
#1383 = ORIENTED_EDGE('',*,*,#1384,.F.);
#1384 = EDGE_CURVE('',#463,#1357,#1385,.T.);
#1385 = SURFACE_CURVE('',#1386,(#1390,#1397),.PCURVE_S1.);
#1386 = LINE('',#1387,#1388);
#1387 = CARTESIAN_POINT('',(-26.,17.25,31.8));
#1388 = VECTOR('',#1389,1.);
#1389 = DIRECTION('',(1.,0.,-0.));
#1390 = PCURVE('',#502,#1391);
#1391 = DEFINITIONAL_REPRESENTATION('',(#1392),#1396);
#1392 = LINE('',#1393,#1394);
#1393 = CARTESIAN_POINT('',(0.8,0.));
#1394 = VECTOR('',#1395,1.);
#1395 = DIRECTION('',(0.,1.));
#1396 = ( GEOMETRIC_REPRESENTATION_CONTEXT(2) 
PARAMETRIC_REPRESENTATION_CONTEXT() REPRESENTATION_CONTEXT('2D SPACE',''
  ) );
#1397 = PCURVE('',#1186,#1398);
#1398 = DEFINITIONAL_REPRESENTATION('',(#1399),#1403);
#1399 = LINE('',#1400,#1401);
#1400 = CARTESIAN_POINT('',(-0.,0.));
#1401 = VECTOR('',#1402,1.);
#1402 = DIRECTION('',(-0.,1.));
#1403 = ( GEOMETRIC_REPRESENTATION_CONTEXT(2) 
PARAMETRIC_REPRESENTATION_CONTEXT() REPRESENTATION_CONTEXT('2D SPACE',''
  ) );
#1404 = FACE_BOUND('',#1405,.T.);
#1405 = EDGE_LOOP('',(#1406));
#1406 = ORIENTED_EDGE('',*,*,#1407,.T.);
#1407 = EDGE_CURVE('',#1408,#1408,#1410,.T.);
#1408 = VERTEX_POINT('',#1409);
#1409 = CARTESIAN_POINT('',(-18.65,17.25,45.));
#1410 = SURFACE_CURVE('',#1411,(#1416,#1427),.PCURVE_S1.);
#1411 = CIRCLE('',#1412,1.35);
#1412 = AXIS2_PLACEMENT_3D('',#1413,#1414,#1415);
#1413 = CARTESIAN_POINT('',(-20.,17.25,45.));
#1414 = DIRECTION('',(0.,-1.,0.));
#1415 = DIRECTION('',(1.,0.,0.));
#1416 = PCURVE('',#502,#1417);
#1417 = DEFINITIONAL_REPRESENTATION('',(#1418),#1426);
#1418 = ( BOUNDED_CURVE() B_SPLINE_CURVE(2,(#1419,#1420,#1421,#1422,
#1423,#1424,#1425),.UNSPECIFIED.,.T.,.F.) B_SPLINE_CURVE_WITH_KNOTS((1,2
    ,2,2,2,1),(-2.094395102393,0.,2.094395102393,4.188790204786,
6.28318530718,8.377580409573),.UNSPECIFIED.) CURVE() 
GEOMETRIC_REPRESENTATION_ITEM() RATIONAL_B_SPLINE_CURVE((1.,0.5,1.,0.5,
1.,0.5,1.)) REPRESENTATION_ITEM('') );
#1419 = CARTESIAN_POINT('',(14.,7.35));
#1420 = CARTESIAN_POINT('',(16.338268590218,7.35));
#1421 = CARTESIAN_POINT('',(15.169134295109,5.325));
#1422 = CARTESIAN_POINT('',(14.,3.3));
#1423 = CARTESIAN_POINT('',(12.830865704891,5.325));
#1424 = CARTESIAN_POINT('',(11.661731409782,7.35));
#1425 = CARTESIAN_POINT('',(14.,7.35));
#1426 = ( GEOMETRIC_REPRESENTATION_CONTEXT(2) 
PARAMETRIC_REPRESENTATION_CONTEXT() REPRESENTATION_CONTEXT('2D SPACE',''
  ) );
#1427 = PCURVE('',#1428,#1433);
#1428 = CYLINDRICAL_SURFACE('',#1429,1.35);
#1429 = AXIS2_PLACEMENT_3D('',#1430,#1431,#1432);
#1430 = CARTESIAN_POINT('',(-20.,20.25,45.));
#1431 = DIRECTION('',(0.,-1.,0.));
#1432 = DIRECTION('',(1.,0.,0.));
#1433 = DEFINITIONAL_REPRESENTATION('',(#1434),#1438);
#1434 = LINE('',#1435,#1436);
#1435 = CARTESIAN_POINT('',(0.,3.));
#1436 = VECTOR('',#1437,1.);
#1437 = DIRECTION('',(1.,0.));
#1438 = ( GEOMETRIC_REPRESENTATION_CONTEXT(2) 
PARAMETRIC_REPRESENTATION_CONTEXT() REPRESENTATION_CONTEXT('2D SPACE',''
  ) );
#1439 = FACE_BOUND('',#1440,.T.);
#1440 = EDGE_LOOP('',(#1441));
#1441 = ORIENTED_EDGE('',*,*,#1442,.T.);
#1442 = EDGE_CURVE('',#1443,#1443,#1445,.T.);
#1443 = VERTEX_POINT('',#1444);
#1444 = CARTESIAN_POINT('',(21.35,17.25,45.));
#1445 = SURFACE_CURVE('',#1446,(#1451,#1462),.PCURVE_S1.);
#1446 = CIRCLE('',#1447,1.35);
#1447 = AXIS2_PLACEMENT_3D('',#1448,#1449,#1450);
#1448 = CARTESIAN_POINT('',(20.,17.25,45.));
#1449 = DIRECTION('',(0.,-1.,0.));
#1450 = DIRECTION('',(1.,0.,0.));
#1451 = PCURVE('',#502,#1452);
#1452 = DEFINITIONAL_REPRESENTATION('',(#1453),#1461);
#1453 = ( BOUNDED_CURVE() B_SPLINE_CURVE(2,(#1454,#1455,#1456,#1457,
#1458,#1459,#1460),.UNSPECIFIED.,.T.,.F.) B_SPLINE_CURVE_WITH_KNOTS((1,2
    ,2,2,2,1),(-2.094395102393,0.,2.094395102393,4.188790204786,
6.28318530718,8.377580409573),.UNSPECIFIED.) CURVE() 
GEOMETRIC_REPRESENTATION_ITEM() RATIONAL_B_SPLINE_CURVE((1.,0.5,1.,0.5,
1.,0.5,1.)) REPRESENTATION_ITEM('') );
#1454 = CARTESIAN_POINT('',(14.,47.35));
#1455 = CARTESIAN_POINT('',(16.338268590218,47.35));
#1456 = CARTESIAN_POINT('',(15.169134295109,45.325));
#1457 = CARTESIAN_POINT('',(14.,43.3));
#1458 = CARTESIAN_POINT('',(12.830865704891,45.325));
#1459 = CARTESIAN_POINT('',(11.661731409782,47.35));
#1460 = CARTESIAN_POINT('',(14.,47.35));
#1461 = ( GEOMETRIC_REPRESENTATION_CONTEXT(2) 
PARAMETRIC_REPRESENTATION_CONTEXT() REPRESENTATION_CONTEXT('2D SPACE',''
  ) );
#1462 = PCURVE('',#1463,#1468);
#1463 = CYLINDRICAL_SURFACE('',#1464,1.35);
#1464 = AXIS2_PLACEMENT_3D('',#1465,#1466,#1467);
#1465 = CARTESIAN_POINT('',(20.,20.25,45.));
#1466 = DIRECTION('',(0.,-1.,0.));
#1467 = DIRECTION('',(1.,0.,0.));
#1468 = DEFINITIONAL_REPRESENTATION('',(#1469),#1473);
#1469 = LINE('',#1470,#1471);
#1470 = CARTESIAN_POINT('',(0.,3.));
#1471 = VECTOR('',#1472,1.);
#1472 = DIRECTION('',(1.,0.));
#1473 = ( GEOMETRIC_REPRESENTATION_CONTEXT(2) 
PARAMETRIC_REPRESENTATION_CONTEXT() REPRESENTATION_CONTEXT('2D SPACE',''
  ) );
#1474 = ADVANCED_FACE('',(#1475),#554,.T.);
#1475 = FACE_BOUND('',#1476,.F.);
#1476 = EDGE_LOOP('',(#1477,#1478,#1479,#1506,#1532,#1611,#1639,#1711));
#1477 = ORIENTED_EDGE('',*,*,#538,.F.);
#1478 = ORIENTED_EDGE('',*,*,#1227,.T.);
#1479 = ORIENTED_EDGE('',*,*,#1480,.T.);
#1480 = EDGE_CURVE('',#1228,#1481,#1483,.T.);
#1481 = VERTEX_POINT('',#1482);
#1482 = CARTESIAN_POINT('',(25.2,15.332556018006,58.553940860456));
#1483 = SURFACE_CURVE('',#1484,(#1489,#1495),.PCURVE_S1.);
#1484 = CIRCLE('',#1485,0.8);
#1485 = AXIS2_PLACEMENT_3D('',#1486,#1487,#1488);
#1486 = CARTESIAN_POINT('',(25.2,16.05,58.2));
#1487 = DIRECTION('',(1.,6.123233995737E-17,0.));
#1488 = DIRECTION('',(6.123233995737E-17,-1.,0.));
#1489 = PCURVE('',#554,#1490);
#1490 = DEFINITIONAL_REPRESENTATION('',(#1491),#1494);
#1491 = B_SPLINE_CURVE_WITH_KNOTS('',1,(#1492,#1493),.UNSPECIFIED.,.F.,
  .F.,(2,2),(4.712388980385,6.28318530718),.PIECEWISE_BEZIER_KNOTS.);
#1492 = CARTESIAN_POINT('',(-1.570796326795,51.2));
#1493 = CARTESIAN_POINT('',(0.,51.2));
#1494 = ( GEOMETRIC_REPRESENTATION_CONTEXT(2) 
PARAMETRIC_REPRESENTATION_CONTEXT() REPRESENTATION_CONTEXT('2D SPACE',''
  ) );
#1495 = PCURVE('',#1496,#1501);
#1496 = SPHERICAL_SURFACE('',#1497,0.8);
#1497 = AXIS2_PLACEMENT_3D('',#1498,#1499,#1500);
#1498 = CARTESIAN_POINT('',(25.2,16.05,58.2));
#1499 = DIRECTION('',(-0.,-0.,-1.));
#1500 = DIRECTION('',(1.,0.,0.));
#1501 = DEFINITIONAL_REPRESENTATION('',(#1502),#1505);
#1502 = B_SPLINE_CURVE_WITH_KNOTS('',1,(#1503,#1504),.UNSPECIFIED.,.F.,
  .F.,(2,2),(4.712388980385,6.28318530718),.PIECEWISE_BEZIER_KNOTS.);
#1503 = CARTESIAN_POINT('',(1.570796326795,-1.570796326795));
#1504 = CARTESIAN_POINT('',(1.570796326795,0.));
#1505 = ( GEOMETRIC_REPRESENTATION_CONTEXT(2) 
PARAMETRIC_REPRESENTATION_CONTEXT() REPRESENTATION_CONTEXT('2D SPACE',''
  ) );
#1506 = ORIENTED_EDGE('',*,*,#1507,.F.);
#1507 = EDGE_CURVE('',#1508,#1481,#1510,.T.);
#1508 = VERTEX_POINT('',#1509);
#1509 = CARTESIAN_POINT('',(25.,15.332556018006,58.553940860456));
#1510 = SURFACE_CURVE('',#1511,(#1515,#1521),.PCURVE_S1.);
#1511 = LINE('',#1512,#1513);
#1512 = CARTESIAN_POINT('',(-26.,15.332556018006,58.553940860456));
#1513 = VECTOR('',#1514,1.);
#1514 = DIRECTION('',(1.,0.,-0.));
#1515 = PCURVE('',#554,#1516);
#1516 = DEFINITIONAL_REPRESENTATION('',(#1517),#1520);
#1517 = B_SPLINE_CURVE_WITH_KNOTS('',1,(#1518,#1519),.UNSPECIFIED.,.F.,
  .F.,(2,2),(50.9999994,51.2000006),.PIECEWISE_BEZIER_KNOTS.);
#1518 = CARTESIAN_POINT('',(-0.458302117094,50.9999994));
#1519 = CARTESIAN_POINT('',(-0.458302117094,51.2000006));
#1520 = ( GEOMETRIC_REPRESENTATION_CONTEXT(2) 
PARAMETRIC_REPRESENTATION_CONTEXT() REPRESENTATION_CONTEXT('2D SPACE',''
  ) );
#1521 = PCURVE('',#1522,#1527);
#1522 = CYLINDRICAL_SURFACE('',#1523,1.);
#1523 = AXIS2_PLACEMENT_3D('',#1524,#1525,#1526);
#1524 = CARTESIAN_POINT('',(24.,14.5,58.));
#1525 = DIRECTION('',(1.,0.,-0.));
#1526 = DIRECTION('',(0.,1.,0.));
#1527 = DEFINITIONAL_REPRESENTATION('',(#1528),#1531);
#1528 = B_SPLINE_CURVE_WITH_KNOTS('',1,(#1529,#1530),.UNSPECIFIED.,.F.,
  .F.,(2,2),(50.9999994,51.2000006),.PIECEWISE_BEZIER_KNOTS.);
#1529 = CARTESIAN_POINT('',(0.587090272853,0.9999994));
#1530 = CARTESIAN_POINT('',(0.587090272853,1.2000006));
#1531 = ( GEOMETRIC_REPRESENTATION_CONTEXT(2) 
PARAMETRIC_REPRESENTATION_CONTEXT() REPRESENTATION_CONTEXT('2D SPACE',''
  ) );
#1532 = ORIENTED_EDGE('',*,*,#1533,.F.);
#1533 = EDGE_CURVE('',#1534,#1508,#1536,.T.);
#1534 = VERTEX_POINT('',#1535);
#1535 = CARTESIAN_POINT('',(24.369523989353,15.25,58.2));
#1536 = SURFACE_CURVE('',#1537,(#1558,#1582),.PCURVE_S1.);
#1537 = B_SPLINE_CURVE_WITH_KNOTS('',7,(#1538,#1539,#1540,#1541,#1542,
    #1543,#1544,#1545,#1546,#1547,#1548,#1549,#1550,#1551,#1552,#1553,
    #1554,#1555,#1556,#1557),.UNSPECIFIED.,.F.,.F.,(8,6,6,8),(0.,
    0.244203813124,0.546092579629,1.),.UNSPECIFIED.);
#1538 = CARTESIAN_POINT('',(24.369523989353,15.25,58.2));
#1539 = CARTESIAN_POINT('',(24.377773641104,15.25,58.226006037625));
#1540 = CARTESIAN_POINT('',(24.388364738837,15.250986273683,
    58.25135222209));
#1541 = CARTESIAN_POINT('',(24.401126003814,15.252868830517,
    58.275792517297));
#1542 = CARTESIAN_POINT('',(24.415837482171,15.255512428694,
    58.299147187336));
#1543 = CARTESIAN_POINT('',(24.432264329656,15.258765941012,
    58.321298292946));
#1544 = CARTESIAN_POINT('',(24.450179841353,15.262481944542,
    58.342180809638));
#1545 = CARTESIAN_POINT('',(24.493110467296,15.271526522199,
    58.385985064523));
#1546 = CARTESIAN_POINT('',(24.518798142287,15.277027670676,
    58.408218351812));
#1547 = CARTESIAN_POINT('',(24.546065373737,15.282779394599,
    58.42843824761));
#1548 = CARTESIAN_POINT('',(24.574572017033,15.288560866471,
    58.446677229475));
#1549 = CARTESIAN_POINT('',(24.604028101864,15.294196255548,
    58.463009280309));
#1550 = CARTESIAN_POINT('',(24.634202278795,15.299556083472,
    58.47752994622));
#1551 = CARTESIAN_POINT('',(24.711115331879,15.312045367363,
    58.509596674972));
#1552 = CARTESIAN_POINT('',(24.758513594879,15.318702051864,
    58.524971531436));
#1553 = CARTESIAN_POINT('',(24.80653306125,15.324192173669,
    58.536808679101));
#1554 = CARTESIAN_POINT('',(24.854811877317,15.328361458766,
    58.545438742772));
#1555 = CARTESIAN_POINT('',(24.903183460944,15.331157800237,
    58.551106566361));
#1556 = CARTESIAN_POINT('',(24.951589236205,15.332556018006,
    58.553940860455));
#1557 = CARTESIAN_POINT('',(25.,15.332556018006,58.553940860455));
#1558 = PCURVE('',#554,#1559);
#1559 = DEFINITIONAL_REPRESENTATION('',(#1560),#1581);
#1560 = B_SPLINE_CURVE_WITH_KNOTS('',7,(#1561,#1562,#1563,#1564,#1565,
    #1566,#1567,#1568,#1569,#1570,#1571,#1572,#1573,#1574,#1575,#1576,
    #1577,#1578,#1579,#1580),.UNSPECIFIED.,.F.,.F.,(8,6,6,8),(0.,
    0.244203813124,0.546092579629,1.),.UNSPECIFIED.);
#1561 = CARTESIAN_POINT('',(0.,50.369523989353));
#1562 = CARTESIAN_POINT('',(-3.250754703118E-02,50.377773641104));
#1563 = CARTESIAN_POINT('',(-6.419021178576E-02,50.388364738837));
#1564 = CARTESIAN_POINT('',(-9.479691882788E-02,50.401126003814));
#1565 = CARTESIAN_POINT('',(-0.124145449736,50.415837482171));
#1566 = CARTESIAN_POINT('',(-0.152110446591,50.432264329656));
#1567 = CARTESIAN_POINT('',(-0.17861356253,50.450179841353));
#1568 = CARTESIAN_POINT('',(-0.23452388597,50.493110467296));
#1569 = CARTESIAN_POINT('',(-0.263131805402,50.518798142287));
#1570 = CARTESIAN_POINT('',(-0.289386834553,50.546065373737));
#1571 = CARTESIAN_POINT('',(-0.313287923475,50.574572017033));
#1572 = CARTESIAN_POINT('',(-0.334876064263,50.604028101864));
#1573 = CARTESIAN_POINT('',(-0.354220804859,50.634202278795));
#1574 = CARTESIAN_POINT('',(-0.397237104549,50.711115331879));
#1575 = CARTESIAN_POINT('',(-0.41816517201,50.758513594879));
#1576 = CARTESIAN_POINT('',(-0.434471522172,50.80653306125));
#1577 = CARTESIAN_POINT('',(-0.446451402272,50.854811877317));
#1578 = CARTESIAN_POINT('',(-0.454351609611,50.903183460944));
#1579 = CARTESIAN_POINT('',(-0.458302117094,50.951589236205));
#1580 = CARTESIAN_POINT('',(-0.458302117094,51.));
#1581 = ( GEOMETRIC_REPRESENTATION_CONTEXT(2) 
PARAMETRIC_REPRESENTATION_CONTEXT() REPRESENTATION_CONTEXT('2D SPACE',''
  ) );
#1582 = PCURVE('',#1583,#1588);
#1583 = SPHERICAL_SURFACE('',#1584,1.);
#1584 = AXIS2_PLACEMENT_3D('',#1585,#1586,#1587);
#1585 = CARTESIAN_POINT('',(25.,14.5,58.));
#1586 = DIRECTION('',(0.,-1.,-0.));
#1587 = DIRECTION('',(-1.,-0.,0.));
#1588 = DEFINITIONAL_REPRESENTATION('',(#1589),#1610);
#1589 = B_SPLINE_CURVE_WITH_KNOTS('',7,(#1590,#1591,#1592,#1593,#1594,
    #1595,#1596,#1597,#1598,#1599,#1600,#1601,#1602,#1603,#1604,#1605,
    #1606,#1607,#1608,#1609),.UNSPECIFIED.,.F.,.F.,(8,6,6,8),(0.,
    0.244203813124,0.546092579629,1.),.UNSPECIFIED.);
#1590 = CARTESIAN_POINT('',(-0.307179718886,-0.848062078981));
#1591 = CARTESIAN_POINT('',(-0.348427977639,-0.848062078981));
#1592 = CARTESIAN_POINT('',(-0.389795575649,-0.84955324459));
#1593 = CARTESIAN_POINT('',(-0.431257947693,-0.852399175165));
#1594 = CARTESIAN_POINT('',(-0.472822048668,-0.856412200252));
#1595 = CARTESIAN_POINT('',(-0.514510314066,-0.861386001323));
#1596 = CARTESIAN_POINT('',(-0.556353875743,-0.867117064178));
#1597 = CARTESIAN_POINT('',(-0.650367002348,-0.881200526759));
#1598 = CARTESIAN_POINT('',(-0.702630197111,-0.889850768846));
#1599 = CARTESIAN_POINT('',(-0.755296667024,-0.899010530487));
#1600 = CARTESIAN_POINT('',(-0.808455484073,-0.908352577422));
#1601 = CARTESIAN_POINT('',(-0.862163897071,-0.91759526529));
#1602 = CARTESIAN_POINT('',(-0.916450104261,-0.926508561949));
#1603 = CARTESIAN_POINT('',(-1.053839234993,-0.947538112262));
#1604 = CARTESIAN_POINT('',(-1.137633135257,-0.958998719478));
#1605 = CARTESIAN_POINT('',(-1.22274909602,-0.968666923639));
#1606 = CARTESIAN_POINT('',(-1.308998445774,-0.976134180444));
#1607 = CARTESIAN_POINT('',(-1.396018542137,-0.981181829544));
#1608 = CARTESIAN_POINT('',(-1.483402947373,-0.983706053942));
#1609 = CARTESIAN_POINT('',(-1.570796326795,-0.983706053942));
#1610 = ( GEOMETRIC_REPRESENTATION_CONTEXT(2) 
PARAMETRIC_REPRESENTATION_CONTEXT() REPRESENTATION_CONTEXT('2D SPACE',''
  ) );
#1611 = ORIENTED_EDGE('',*,*,#1612,.F.);
#1612 = EDGE_CURVE('',#1613,#1534,#1615,.T.);
#1613 = VERTEX_POINT('',#1614);
#1614 = CARTESIAN_POINT('',(-24.36952398935,15.25,58.2));
#1615 = SURFACE_CURVE('',#1616,(#1620,#1627),.PCURVE_S1.);
#1616 = LINE('',#1617,#1618);
#1617 = CARTESIAN_POINT('',(-26.,15.25,58.2));
#1618 = VECTOR('',#1619,1.);
#1619 = DIRECTION('',(1.,0.,-0.));
#1620 = PCURVE('',#554,#1621);
#1621 = DEFINITIONAL_REPRESENTATION('',(#1622),#1626);
#1622 = LINE('',#1623,#1624);
#1623 = CARTESIAN_POINT('',(-0.,0.));
#1624 = VECTOR('',#1625,1.);
#1625 = DIRECTION('',(-0.,1.));
#1626 = ( GEOMETRIC_REPRESENTATION_CONTEXT(2) 
PARAMETRIC_REPRESENTATION_CONTEXT() REPRESENTATION_CONTEXT('2D SPACE',''
  ) );
#1627 = PCURVE('',#1628,#1633);
#1628 = PLANE('',#1629);
#1629 = AXIS2_PLACEMENT_3D('',#1630,#1631,#1632);
#1630 = CARTESIAN_POINT('',(-26.,15.25,31.));
#1631 = DIRECTION('',(-0.,1.,0.));
#1632 = DIRECTION('',(0.,0.,1.));
#1633 = DEFINITIONAL_REPRESENTATION('',(#1634),#1638);
#1634 = LINE('',#1635,#1636);
#1635 = CARTESIAN_POINT('',(27.2,0.));
#1636 = VECTOR('',#1637,1.);
#1637 = DIRECTION('',(0.,1.));
#1638 = ( GEOMETRIC_REPRESENTATION_CONTEXT(2) 
PARAMETRIC_REPRESENTATION_CONTEXT() REPRESENTATION_CONTEXT('2D SPACE',''
  ) );
#1639 = ORIENTED_EDGE('',*,*,#1640,.T.);
#1640 = EDGE_CURVE('',#1613,#726,#1641,.T.);
#1641 = SURFACE_CURVE('',#1642,(#1663,#1687),.PCURVE_S1.);
#1642 = B_SPLINE_CURVE_WITH_KNOTS('',7,(#1643,#1644,#1645,#1646,#1647,
    #1648,#1649,#1650,#1651,#1652,#1653,#1654,#1655,#1656,#1657,#1658,
    #1659,#1660,#1661,#1662),.UNSPECIFIED.,.F.,.F.,(8,6,6,8),(0.,
    0.244203812262,0.54609257897,1.),.UNSPECIFIED.);
#1643 = CARTESIAN_POINT('',(-24.36952398935,15.25,58.2));
#1644 = CARTESIAN_POINT('',(-24.37777364107,15.25,58.226006037534));
#1645 = CARTESIAN_POINT('',(-24.38836473876,15.250986273676,
    58.251352221911));
#1646 = CARTESIAN_POINT('',(-24.40112600367,15.252868830497,
    58.275792517039));
#1647 = CARTESIAN_POINT('',(-24.41583748196,15.255512428657,
    58.299147187007));
#1648 = CARTESIAN_POINT('',(-24.43226432936,15.258765940954,
    58.321298292556));
#1649 = CARTESIAN_POINT('',(-24.45017984097,15.262481944463,
    58.342180809198));
#1650 = CARTESIAN_POINT('',(-24.4931104668,15.271526522094,
    58.38598506409));
#1651 = CARTESIAN_POINT('',(-24.51879814178,15.27702767057,
    58.408218351427));
#1652 = CARTESIAN_POINT('',(-24.54606537323,15.282779394496,
    58.42843824727));
#1653 = CARTESIAN_POINT('',(-24.57457201653,15.288560866373,
    58.446677229177));
#1654 = CARTESIAN_POINT('',(-24.60402810137,15.294196255456,
    58.46300928005));
#1655 = CARTESIAN_POINT('',(-24.63420227831,15.299556083387,
    58.477529945995));
#1656 = CARTESIAN_POINT('',(-24.71111533146,15.312045367305,
    58.50959667484));
#1657 = CARTESIAN_POINT('',(-24.75851359453,15.318702051825,
    58.524971531351));
#1658 = CARTESIAN_POINT('',(-24.80653306097,15.324192173645,
    58.536808679052));
#1659 = CARTESIAN_POINT('',(-24.8548118771,15.328361458754,
    58.545438742746));
#1660 = CARTESIAN_POINT('',(-24.9031834608,15.331157800234,
    58.551106566355));
#1661 = CARTESIAN_POINT('',(-24.95158923613,15.332556018006,
    58.553940860455));
#1662 = CARTESIAN_POINT('',(-25.,15.332556018006,58.553940860455));
#1663 = PCURVE('',#554,#1664);
#1664 = DEFINITIONAL_REPRESENTATION('',(#1665),#1686);
#1665 = B_SPLINE_CURVE_WITH_KNOTS('',7,(#1666,#1667,#1668,#1669,#1670,
    #1671,#1672,#1673,#1674,#1675,#1676,#1677,#1678,#1679,#1680,#1681,
    #1682,#1683,#1684,#1685),.UNSPECIFIED.,.F.,.F.,(8,6,6,8),(0.,
    0.244203812262,0.54609257897,1.),.UNSPECIFIED.);
#1666 = CARTESIAN_POINT('',(0.,1.630476010647));
#1667 = CARTESIAN_POINT('',(-3.250754691734E-02,1.622226358925));
#1668 = CARTESIAN_POINT('',(-6.419021156272E-02,1.61163526124));
#1669 = CARTESIAN_POINT('',(-9.479691850528E-02,1.598873996321));
#1670 = CARTESIAN_POINT('',(-0.124145449324,1.584162518036));
#1671 = CARTESIAN_POINT('',(-0.152110446098,1.567735670635));
#1672 = CARTESIAN_POINT('',(-0.178613561971,1.549820159026));
#1673 = CARTESIAN_POINT('',(-0.234523885415,1.506889533196));
#1674 = CARTESIAN_POINT('',(-0.263131804904,1.481201858213));
#1675 = CARTESIAN_POINT('',(-0.289386834109,1.453934626766));
#1676 = CARTESIAN_POINT('',(-0.313287923083,1.425427983467));
#1677 = CARTESIAN_POINT('',(-0.334876063919,1.395971898628));
#1678 = CARTESIAN_POINT('',(-0.354220804558,1.365797721686));
#1679 = CARTESIAN_POINT('',(-0.397237104368,1.288884668532));
#1680 = CARTESIAN_POINT('',(-0.418165171893,1.24148640547));
#1681 = CARTESIAN_POINT('',(-0.434471522102,1.193466939026));
#1682 = CARTESIAN_POINT('',(-0.44645140224,1.145188122896));
#1683 = CARTESIAN_POINT('',(-0.454351609599,1.096816539193));
#1684 = CARTESIAN_POINT('',(-0.458302117094,1.048410763865));
#1685 = CARTESIAN_POINT('',(-0.458302117094,1.));
#1686 = ( GEOMETRIC_REPRESENTATION_CONTEXT(2) 
PARAMETRIC_REPRESENTATION_CONTEXT() REPRESENTATION_CONTEXT('2D SPACE',''
  ) );
#1687 = PCURVE('',#741,#1688);
#1688 = DEFINITIONAL_REPRESENTATION('',(#1689),#1710);
#1689 = B_SPLINE_CURVE_WITH_KNOTS('',7,(#1690,#1691,#1692,#1693,#1694,
    #1695,#1696,#1697,#1698,#1699,#1700,#1701,#1702,#1703,#1704,#1705,
    #1706,#1707,#1708,#1709),.UNSPECIFIED.,.F.,.F.,(8,6,6,8),(0.,
    0.244203812262,0.54609257897,1.),.UNSPECIFIED.);
#1690 = CARTESIAN_POINT('',(0.307179718886,-0.848062078981));
#1691 = CARTESIAN_POINT('',(0.348427977495,-0.848062078981));
#1692 = CARTESIAN_POINT('',(0.389795575357,-0.849553244578));
#1693 = CARTESIAN_POINT('',(0.431257947256,-0.852399175135));
#1694 = CARTESIAN_POINT('',(0.472822048083,-0.856412200195));
#1695 = CARTESIAN_POINT('',(0.514510313331,-0.861386001235));
#1696 = CARTESIAN_POINT('',(0.55635387486,-0.867117064056));
#1697 = CARTESIAN_POINT('',(0.650367001342,-0.881200526594));
#1698 = CARTESIAN_POINT('',(0.702630196134,-0.889850768677));
#1699 = CARTESIAN_POINT('',(0.755296666075,-0.899010530321));
#1700 = CARTESIAN_POINT('',(0.808455483152,-0.908352577261));
#1701 = CARTESIAN_POINT('',(0.862163896179,-0.917595265138));
#1702 = CARTESIAN_POINT('',(0.916450103397,-0.926508561809));
#1703 = CARTESIAN_POINT('',(1.053839234267,-0.947538112162));
#1704 = CARTESIAN_POINT('',(1.137633134639,-0.958998719407));
#1705 = CARTESIAN_POINT('',(1.222749095526,-0.968666923597));
#1706 = CARTESIAN_POINT('',(1.308998445393,-0.976134180421));
#1707 = CARTESIAN_POINT('',(1.396018541889,-0.981181829537));
#1708 = CARTESIAN_POINT('',(1.483402947247,-0.983706053942));
#1709 = CARTESIAN_POINT('',(1.570796326795,-0.983706053942));
#1710 = ( GEOMETRIC_REPRESENTATION_CONTEXT(2) 
PARAMETRIC_REPRESENTATION_CONTEXT() REPRESENTATION_CONTEXT('2D SPACE',''
  ) );
#1711 = ORIENTED_EDGE('',*,*,#752,.F.);
#1712 = ADVANCED_FACE('',(#1713),#741,.T.);
#1713 = FACE_BOUND('',#1714,.T.);
#1714 = EDGE_LOOP('',(#1715,#1744,#1770,#1771,#1772));
#1715 = ORIENTED_EDGE('',*,*,#1716,.F.);
#1716 = EDGE_CURVE('',#1717,#1719,#1721,.T.);
#1717 = VERTEX_POINT('',#1718);
#1718 = CARTESIAN_POINT('',(-24.33856217223,15.25,58.));
#1719 = VERTEX_POINT('',#1720);
#1720 = CARTESIAN_POINT('',(-24.,14.5,58.));
#1721 = SURFACE_CURVE('',#1722,(#1727,#1733),.PCURVE_S1.);
#1722 = CIRCLE('',#1723,1.);
#1723 = AXIS2_PLACEMENT_3D('',#1724,#1725,#1726);
#1724 = CARTESIAN_POINT('',(-25.,14.5,58.));
#1725 = DIRECTION('',(0.,0.,-1.));
#1726 = DIRECTION('',(1.,0.,0.));
#1727 = PCURVE('',#741,#1728);
#1728 = DEFINITIONAL_REPRESENTATION('',(#1729),#1732);
#1729 = B_SPLINE_CURVE_WITH_KNOTS('',1,(#1730,#1731),.UNSPECIFIED.,.F.,
  .F.,(2,2),(4.712388980385,6.28318530718),.PIECEWISE_BEZIER_KNOTS.);
#1730 = CARTESIAN_POINT('',(0.,-1.570796326795));
#1731 = CARTESIAN_POINT('',(0.,0.));
#1732 = ( GEOMETRIC_REPRESENTATION_CONTEXT(2) 
PARAMETRIC_REPRESENTATION_CONTEXT() REPRESENTATION_CONTEXT('2D SPACE',''
  ) );
#1733 = PCURVE('',#1734,#1739);
#1734 = CYLINDRICAL_SURFACE('',#1735,1.);
#1735 = AXIS2_PLACEMENT_3D('',#1736,#1737,#1738);
#1736 = CARTESIAN_POINT('',(-25.,14.5,31.));
#1737 = DIRECTION('',(0.,0.,1.));
#1738 = DIRECTION('',(1.,0.,-0.));
#1739 = DEFINITIONAL_REPRESENTATION('',(#1740),#1743);
#1740 = B_SPLINE_CURVE_WITH_KNOTS('',1,(#1741,#1742),.UNSPECIFIED.,.F.,
  .F.,(2,2),(4.712388980385,6.28318530718),.PIECEWISE_BEZIER_KNOTS.);
#1741 = CARTESIAN_POINT('',(1.570796326795,27.));
#1742 = CARTESIAN_POINT('',(0.,27.));
#1743 = ( GEOMETRIC_REPRESENTATION_CONTEXT(2) 
PARAMETRIC_REPRESENTATION_CONTEXT() REPRESENTATION_CONTEXT('2D SPACE',''
  ) );
#1744 = ORIENTED_EDGE('',*,*,#1745,.T.);
#1745 = EDGE_CURVE('',#1717,#1613,#1746,.T.);
#1746 = SURFACE_CURVE('',#1747,(#1752,#1759),.PCURVE_S1.);
#1747 = CIRCLE('',#1748,0.661437827766);
#1748 = AXIS2_PLACEMENT_3D('',#1749,#1750,#1751);
#1749 = CARTESIAN_POINT('',(-25.,15.25,58.));
#1750 = DIRECTION('',(0.,-1.,-0.));
#1751 = DIRECTION('',(1.,0.,0.));
#1752 = PCURVE('',#741,#1753);
#1753 = DEFINITIONAL_REPRESENTATION('',(#1754),#1758);
#1754 = LINE('',#1755,#1756);
#1755 = CARTESIAN_POINT('',(0.,-0.848062078981));
#1756 = VECTOR('',#1757,1.);
#1757 = DIRECTION('',(1.,0.));
#1758 = ( GEOMETRIC_REPRESENTATION_CONTEXT(2) 
PARAMETRIC_REPRESENTATION_CONTEXT() REPRESENTATION_CONTEXT('2D SPACE',''
  ) );
#1759 = PCURVE('',#1628,#1760);
#1760 = DEFINITIONAL_REPRESENTATION('',(#1761),#1769);
#1761 = ( BOUNDED_CURVE() B_SPLINE_CURVE(2,(#1762,#1763,#1764,#1765,
#1766,#1767,#1768),.UNSPECIFIED.,.T.,.F.) B_SPLINE_CURVE_WITH_KNOTS((1,2
    ,2,2,2,1),(-2.094395102393,0.,2.094395102393,4.188790204786,
6.28318530718,8.377580409573),.UNSPECIFIED.) CURVE() 
GEOMETRIC_REPRESENTATION_ITEM() RATIONAL_B_SPLINE_CURVE((1.,0.5,1.,0.5,
1.,0.5,1.)) REPRESENTATION_ITEM('') );
#1762 = CARTESIAN_POINT('',(27.,1.661437827766));
#1763 = CARTESIAN_POINT('',(28.145643923739,1.661437827766));
#1764 = CARTESIAN_POINT('',(27.572821961869,0.669281086117));
#1765 = CARTESIAN_POINT('',(27.,-0.322875655532));
#1766 = CARTESIAN_POINT('',(26.427178038131,0.669281086117));
#1767 = CARTESIAN_POINT('',(25.854356076261,1.661437827766));
#1768 = CARTESIAN_POINT('',(27.,1.661437827766));
#1769 = ( GEOMETRIC_REPRESENTATION_CONTEXT(2) 
PARAMETRIC_REPRESENTATION_CONTEXT() REPRESENTATION_CONTEXT('2D SPACE',''
  ) );
#1770 = ORIENTED_EDGE('',*,*,#1640,.T.);
#1771 = ORIENTED_EDGE('',*,*,#725,.T.);
#1772 = ORIENTED_EDGE('',*,*,#1773,.F.);
#1773 = EDGE_CURVE('',#1719,#698,#1774,.T.);
#1774 = SURFACE_CURVE('',#1775,(#1780,#1787),.PCURVE_S1.);
#1775 = CIRCLE('',#1776,1.);
#1776 = AXIS2_PLACEMENT_3D('',#1777,#1778,#1779);
#1777 = CARTESIAN_POINT('',(-25.,14.5,58.));
#1778 = DIRECTION('',(0.,-1.,-0.));
#1779 = DIRECTION('',(1.,0.,0.));
#1780 = PCURVE('',#741,#1781);
#1781 = DEFINITIONAL_REPRESENTATION('',(#1782),#1786);
#1782 = LINE('',#1783,#1784);
#1783 = CARTESIAN_POINT('',(0.,0.));
#1784 = VECTOR('',#1785,1.);
#1785 = DIRECTION('',(1.,0.));
#1786 = ( GEOMETRIC_REPRESENTATION_CONTEXT(2) 
PARAMETRIC_REPRESENTATION_CONTEXT() REPRESENTATION_CONTEXT('2D SPACE',''
  ) );
#1787 = PCURVE('',#1788,#1793);
#1788 = CYLINDRICAL_SURFACE('',#1789,1.);
#1789 = AXIS2_PLACEMENT_3D('',#1790,#1791,#1792);
#1790 = CARTESIAN_POINT('',(-25.,-3.5,58.));
#1791 = DIRECTION('',(-0.,1.,0.));
#1792 = DIRECTION('',(1.,0.,-0.));
#1793 = DEFINITIONAL_REPRESENTATION('',(#1794),#1798);
#1794 = LINE('',#1795,#1796);
#1795 = CARTESIAN_POINT('',(-0.,18.));
#1796 = VECTOR('',#1797,1.);
#1797 = DIRECTION('',(-1.,0.));
#1798 = ( GEOMETRIC_REPRESENTATION_CONTEXT(2) 
PARAMETRIC_REPRESENTATION_CONTEXT() REPRESENTATION_CONTEXT('2D SPACE',''
  ) );
#1799 = ADVANCED_FACE('',(#1800),#713,.T.);
#1800 = FACE_BOUND('',#1801,.T.);
#1801 = EDGE_LOOP('',(#1802,#1830,#1858,#1879));
#1802 = ORIENTED_EDGE('',*,*,#1803,.F.);
#1803 = EDGE_CURVE('',#1804,#671,#1806,.T.);
#1804 = VERTEX_POINT('',#1805);
#1805 = CARTESIAN_POINT('',(-26.,-2.5,59.));
#1806 = SURFACE_CURVE('',#1807,(#1811,#1818),.PCURVE_S1.);
#1807 = LINE('',#1808,#1809);
#1808 = CARTESIAN_POINT('',(-26.,-3.5,59.));
#1809 = VECTOR('',#1810,1.);
#1810 = DIRECTION('',(-0.,1.,0.));
#1811 = PCURVE('',#713,#1812);
#1812 = DEFINITIONAL_REPRESENTATION('',(#1813),#1817);
#1813 = LINE('',#1814,#1815);
#1814 = CARTESIAN_POINT('',(1.,0.));
#1815 = VECTOR('',#1816,1.);
#1816 = DIRECTION('',(0.,1.));
#1817 = ( GEOMETRIC_REPRESENTATION_CONTEXT(2) 
PARAMETRIC_REPRESENTATION_CONTEXT() REPRESENTATION_CONTEXT('2D SPACE',''
  ) );
#1818 = PCURVE('',#1819,#1824);
#1819 = CYLINDRICAL_SURFACE('',#1820,1.);
#1820 = AXIS2_PLACEMENT_3D('',#1821,#1822,#1823);
#1821 = CARTESIAN_POINT('',(-26.,-3.5,58.));
#1822 = DIRECTION('',(-0.,1.,0.));
#1823 = DIRECTION('',(-1.,-0.,0.));
#1824 = DEFINITIONAL_REPRESENTATION('',(#1825),#1829);
#1825 = LINE('',#1826,#1827);
#1826 = CARTESIAN_POINT('',(1.570796326795,0.));
#1827 = VECTOR('',#1828,1.);
#1828 = DIRECTION('',(0.,1.));
#1829 = ( GEOMETRIC_REPRESENTATION_CONTEXT(2) 
PARAMETRIC_REPRESENTATION_CONTEXT() REPRESENTATION_CONTEXT('2D SPACE',''
  ) );
#1830 = ORIENTED_EDGE('',*,*,#1831,.T.);
#1831 = EDGE_CURVE('',#1804,#1832,#1834,.T.);
#1832 = VERTEX_POINT('',#1833);
#1833 = CARTESIAN_POINT('',(-25.,-2.5,59.));
#1834 = SURFACE_CURVE('',#1835,(#1839,#1846),.PCURVE_S1.);
#1835 = LINE('',#1836,#1837);
#1836 = CARTESIAN_POINT('',(-27.,-2.5,59.));
#1837 = VECTOR('',#1838,1.);
#1838 = DIRECTION('',(1.,0.,-0.));
#1839 = PCURVE('',#713,#1840);
#1840 = DEFINITIONAL_REPRESENTATION('',(#1841),#1845);
#1841 = LINE('',#1842,#1843);
#1842 = CARTESIAN_POINT('',(0.,1.));
#1843 = VECTOR('',#1844,1.);
#1844 = DIRECTION('',(1.,0.));
#1845 = ( GEOMETRIC_REPRESENTATION_CONTEXT(2) 
PARAMETRIC_REPRESENTATION_CONTEXT() REPRESENTATION_CONTEXT('2D SPACE',''
  ) );
#1846 = PCURVE('',#1847,#1852);
#1847 = CYLINDRICAL_SURFACE('',#1848,1.);
#1848 = AXIS2_PLACEMENT_3D('',#1849,#1850,#1851);
#1849 = CARTESIAN_POINT('',(-27.,-2.5,58.));
#1850 = DIRECTION('',(1.,0.,-0.));
#1851 = DIRECTION('',(0.,-1.,0.));
#1852 = DEFINITIONAL_REPRESENTATION('',(#1853),#1857);
#1853 = LINE('',#1854,#1855);
#1854 = CARTESIAN_POINT('',(-1.570796326795,0.));
#1855 = VECTOR('',#1856,1.);
#1856 = DIRECTION('',(-0.,1.));
#1857 = ( GEOMETRIC_REPRESENTATION_CONTEXT(2) 
PARAMETRIC_REPRESENTATION_CONTEXT() REPRESENTATION_CONTEXT('2D SPACE',''
  ) );
#1858 = ORIENTED_EDGE('',*,*,#1859,.T.);
#1859 = EDGE_CURVE('',#1832,#698,#1860,.T.);
#1860 = SURFACE_CURVE('',#1861,(#1865,#1872),.PCURVE_S1.);
#1861 = LINE('',#1862,#1863);
#1862 = CARTESIAN_POINT('',(-25.,-3.5,59.));
#1863 = VECTOR('',#1864,1.);
#1864 = DIRECTION('',(-0.,1.,0.));
#1865 = PCURVE('',#713,#1866);
#1866 = DEFINITIONAL_REPRESENTATION('',(#1867),#1871);
#1867 = LINE('',#1868,#1869);
#1868 = CARTESIAN_POINT('',(2.,0.));
#1869 = VECTOR('',#1870,1.);
#1870 = DIRECTION('',(0.,1.));
#1871 = ( GEOMETRIC_REPRESENTATION_CONTEXT(2) 
PARAMETRIC_REPRESENTATION_CONTEXT() REPRESENTATION_CONTEXT('2D SPACE',''
  ) );
#1872 = PCURVE('',#1788,#1873);
#1873 = DEFINITIONAL_REPRESENTATION('',(#1874),#1878);
#1874 = LINE('',#1875,#1876);
#1875 = CARTESIAN_POINT('',(-1.570796326795,0.));
#1876 = VECTOR('',#1877,1.);
#1877 = DIRECTION('',(-0.,1.));
#1878 = ( GEOMETRIC_REPRESENTATION_CONTEXT(2) 
PARAMETRIC_REPRESENTATION_CONTEXT() REPRESENTATION_CONTEXT('2D SPACE',''
  ) );
#1879 = ORIENTED_EDGE('',*,*,#697,.F.);
#1880 = ADVANCED_FACE('',(#1881),#686,.T.);
#1881 = FACE_BOUND('',#1882,.F.);
#1882 = EDGE_LOOP('',(#1883,#1905,#1906));
#1883 = ORIENTED_EDGE('',*,*,#1884,.F.);
#1884 = EDGE_CURVE('',#648,#1885,#1887,.T.);
#1885 = VERTEX_POINT('',#1886);
#1886 = CARTESIAN_POINT('',(-27.,14.5,58.));
#1887 = SURFACE_CURVE('',#1888,(#1893,#1899),.PCURVE_S1.);
#1888 = CIRCLE('',#1889,1.);
#1889 = AXIS2_PLACEMENT_3D('',#1890,#1891,#1892);
#1890 = CARTESIAN_POINT('',(-26.,14.5,58.));
#1891 = DIRECTION('',(0.,0.,1.));
#1892 = DIRECTION('',(-1.,-0.,0.));
#1893 = PCURVE('',#686,#1894);
#1894 = DEFINITIONAL_REPRESENTATION('',(#1895),#1898);
#1895 = B_SPLINE_CURVE_WITH_KNOTS('',1,(#1896,#1897),.UNSPECIFIED.,.F.,
  .F.,(2,2),(4.712388980385,6.28318530718),.PIECEWISE_BEZIER_KNOTS.);
#1896 = CARTESIAN_POINT('',(0.,-1.570796326795));
#1897 = CARTESIAN_POINT('',(0.,0.));
#1898 = ( GEOMETRIC_REPRESENTATION_CONTEXT(2) 
PARAMETRIC_REPRESENTATION_CONTEXT() REPRESENTATION_CONTEXT('2D SPACE',''
  ) );
#1899 = PCURVE('',#813,#1900);
#1900 = DEFINITIONAL_REPRESENTATION('',(#1901),#1904);
#1901 = B_SPLINE_CURVE_WITH_KNOTS('',1,(#1902,#1903),.UNSPECIFIED.,.F.,
  .F.,(2,2),(4.712388980385,6.28318530718),.PIECEWISE_BEZIER_KNOTS.);
#1902 = CARTESIAN_POINT('',(-1.570796326795,27.));
#1903 = CARTESIAN_POINT('',(0.,27.));
#1904 = ( GEOMETRIC_REPRESENTATION_CONTEXT(2) 
PARAMETRIC_REPRESENTATION_CONTEXT() REPRESENTATION_CONTEXT('2D SPACE',''
  ) );
#1905 = ORIENTED_EDGE('',*,*,#670,.T.);
#1906 = ORIENTED_EDGE('',*,*,#1907,.F.);
#1907 = EDGE_CURVE('',#1885,#671,#1908,.T.);
#1908 = SURFACE_CURVE('',#1909,(#1914,#1921),.PCURVE_S1.);
#1909 = CIRCLE('',#1910,1.);
#1910 = AXIS2_PLACEMENT_3D('',#1911,#1912,#1913);
#1911 = CARTESIAN_POINT('',(-26.,14.5,58.));
#1912 = DIRECTION('',(-0.,1.,0.));
#1913 = DIRECTION('',(-1.,-0.,0.));
#1914 = PCURVE('',#686,#1915);
#1915 = DEFINITIONAL_REPRESENTATION('',(#1916),#1920);
#1916 = LINE('',#1917,#1918);
#1917 = CARTESIAN_POINT('',(-0.,0.));
#1918 = VECTOR('',#1919,1.);
#1919 = DIRECTION('',(-1.,0.));
#1920 = ( GEOMETRIC_REPRESENTATION_CONTEXT(2) 
PARAMETRIC_REPRESENTATION_CONTEXT() REPRESENTATION_CONTEXT('2D SPACE',''
  ) );
#1921 = PCURVE('',#1819,#1922);
#1922 = DEFINITIONAL_REPRESENTATION('',(#1923),#1927);
#1923 = LINE('',#1924,#1925);
#1924 = CARTESIAN_POINT('',(0.,18.));
#1925 = VECTOR('',#1926,1.);
#1926 = DIRECTION('',(1.,0.));
#1927 = ( GEOMETRIC_REPRESENTATION_CONTEXT(2) 
PARAMETRIC_REPRESENTATION_CONTEXT() REPRESENTATION_CONTEXT('2D SPACE',''
  ) );
#1928 = ADVANCED_FACE('',(#1929),#813,.T.);
#1929 = FACE_BOUND('',#1930,.F.);
#1930 = EDGE_LOOP('',(#1931,#1959,#1981,#1982));
#1931 = ORIENTED_EDGE('',*,*,#1932,.F.);
#1932 = EDGE_CURVE('',#1933,#1885,#1935,.T.);
#1933 = VERTEX_POINT('',#1934);
#1934 = CARTESIAN_POINT('',(-27.,14.5,32.));
#1935 = SURFACE_CURVE('',#1936,(#1940,#1947),.PCURVE_S1.);
#1936 = LINE('',#1937,#1938);
#1937 = CARTESIAN_POINT('',(-27.,14.5,31.));
#1938 = VECTOR('',#1939,1.);
#1939 = DIRECTION('',(0.,0.,1.));
#1940 = PCURVE('',#813,#1941);
#1941 = DEFINITIONAL_REPRESENTATION('',(#1942),#1946);
#1942 = LINE('',#1943,#1944);
#1943 = CARTESIAN_POINT('',(-0.,0.));
#1944 = VECTOR('',#1945,1.);
#1945 = DIRECTION('',(-0.,1.));
#1946 = ( GEOMETRIC_REPRESENTATION_CONTEXT(2) 
PARAMETRIC_REPRESENTATION_CONTEXT() REPRESENTATION_CONTEXT('2D SPACE',''
  ) );
#1947 = PCURVE('',#1948,#1953);
#1948 = PLANE('',#1949);
#1949 = AXIS2_PLACEMENT_3D('',#1950,#1951,#1952);
#1950 = CARTESIAN_POINT('',(-27.,-3.5,31.));
#1951 = DIRECTION('',(1.,0.,-0.));
#1952 = DIRECTION('',(0.,0.,1.));
#1953 = DEFINITIONAL_REPRESENTATION('',(#1954),#1958);
#1954 = LINE('',#1955,#1956);
#1955 = CARTESIAN_POINT('',(0.,-18.));
#1956 = VECTOR('',#1957,1.);
#1957 = DIRECTION('',(1.,0.));
#1958 = ( GEOMETRIC_REPRESENTATION_CONTEXT(2) 
PARAMETRIC_REPRESENTATION_CONTEXT() REPRESENTATION_CONTEXT('2D SPACE',''
  ) );
#1959 = ORIENTED_EDGE('',*,*,#1960,.T.);
#1960 = EDGE_CURVE('',#1933,#777,#1961,.T.);
#1961 = SURFACE_CURVE('',#1962,(#1967,#1974),.PCURVE_S1.);
#1962 = CIRCLE('',#1963,1.);
#1963 = AXIS2_PLACEMENT_3D('',#1964,#1965,#1966);
#1964 = CARTESIAN_POINT('',(-26.,14.5,32.));
#1965 = DIRECTION('',(-0.,0.,-1.));
#1966 = DIRECTION('',(-1.,0.,0.));
#1967 = PCURVE('',#813,#1968);
#1968 = DEFINITIONAL_REPRESENTATION('',(#1969),#1973);
#1969 = LINE('',#1970,#1971);
#1970 = CARTESIAN_POINT('',(-0.,1.));
#1971 = VECTOR('',#1972,1.);
#1972 = DIRECTION('',(-1.,0.));
#1973 = ( GEOMETRIC_REPRESENTATION_CONTEXT(2) 
PARAMETRIC_REPRESENTATION_CONTEXT() REPRESENTATION_CONTEXT('2D SPACE',''
  ) );
#1974 = PCURVE('',#846,#1975);
#1975 = DEFINITIONAL_REPRESENTATION('',(#1976),#1980);
#1976 = LINE('',#1977,#1978);
#1977 = CARTESIAN_POINT('',(-0.,0.));
#1978 = VECTOR('',#1979,1.);
#1979 = DIRECTION('',(-1.,0.));
#1980 = ( GEOMETRIC_REPRESENTATION_CONTEXT(2) 
PARAMETRIC_REPRESENTATION_CONTEXT() REPRESENTATION_CONTEXT('2D SPACE',''
  ) );
#1981 = ORIENTED_EDGE('',*,*,#799,.T.);
#1982 = ORIENTED_EDGE('',*,*,#1884,.T.);
#1983 = ADVANCED_FACE('',(#1984),#846,.T.);
#1984 = FACE_BOUND('',#1985,.F.);
#1985 = EDGE_LOOP('',(#1986,#2011,#2012));
#1986 = ORIENTED_EDGE('',*,*,#1987,.F.);
#1987 = EDGE_CURVE('',#831,#1933,#1988,.T.);
#1988 = SURFACE_CURVE('',#1989,(#1994,#2000),.PCURVE_S1.);
#1989 = CIRCLE('',#1990,1.);
#1990 = AXIS2_PLACEMENT_3D('',#1991,#1992,#1993);
#1991 = CARTESIAN_POINT('',(-26.,14.5,32.));
#1992 = DIRECTION('',(0.,1.,-0.));
#1993 = DIRECTION('',(-1.,0.,0.));
#1994 = PCURVE('',#846,#1995);
#1995 = DEFINITIONAL_REPRESENTATION('',(#1996),#1999);
#1996 = B_SPLINE_CURVE_WITH_KNOTS('',1,(#1997,#1998),.UNSPECIFIED.,.F.,
  .F.,(2,2),(4.712388980385,6.28318530718),.PIECEWISE_BEZIER_KNOTS.);
#1997 = CARTESIAN_POINT('',(0.,-1.570796326795));
#1998 = CARTESIAN_POINT('',(0.,0.));
#1999 = ( GEOMETRIC_REPRESENTATION_CONTEXT(2) 
PARAMETRIC_REPRESENTATION_CONTEXT() REPRESENTATION_CONTEXT('2D SPACE',''
  ) );
#2000 = PCURVE('',#2001,#2006);
#2001 = CYLINDRICAL_SURFACE('',#2002,1.);
#2002 = AXIS2_PLACEMENT_3D('',#2003,#2004,#2005);
#2003 = CARTESIAN_POINT('',(-26.,-3.5,32.));
#2004 = DIRECTION('',(-0.,1.,0.));
#2005 = DIRECTION('',(-1.,-0.,0.));
#2006 = DEFINITIONAL_REPRESENTATION('',(#2007),#2010);
#2007 = B_SPLINE_CURVE_WITH_KNOTS('',1,(#2008,#2009),.UNSPECIFIED.,.F.,
  .F.,(2,2),(4.712388980385,6.28318530718),.PIECEWISE_BEZIER_KNOTS.);
#2008 = CARTESIAN_POINT('',(-1.570796326795,18.));
#2009 = CARTESIAN_POINT('',(0.,18.));
#2010 = ( GEOMETRIC_REPRESENTATION_CONTEXT(2) 
PARAMETRIC_REPRESENTATION_CONTEXT() REPRESENTATION_CONTEXT('2D SPACE',''
  ) );
#2011 = ORIENTED_EDGE('',*,*,#830,.T.);
#2012 = ORIENTED_EDGE('',*,*,#1960,.F.);
#2013 = ADVANCED_FACE('',(#2014),#879,.T.);
#2014 = FACE_BOUND('',#2015,.F.);
#2015 = EDGE_LOOP('',(#2016,#2017,#2046,#2074,#2104));
#2016 = ORIENTED_EDGE('',*,*,#857,.F.);
#2017 = ORIENTED_EDGE('',*,*,#2018,.T.);
#2018 = EDGE_CURVE('',#831,#2019,#2021,.T.);
#2019 = VERTEX_POINT('',#2020);
#2020 = CARTESIAN_POINT('',(-25.,15.5,31.));
#2021 = SURFACE_CURVE('',#2022,(#2027,#2034),.PCURVE_S1.);
#2022 = CIRCLE('',#2023,1.);
#2023 = AXIS2_PLACEMENT_3D('',#2024,#2025,#2026);
#2024 = CARTESIAN_POINT('',(-25.,14.5,31.));
#2025 = DIRECTION('',(-0.,0.,-1.));
#2026 = DIRECTION('',(-1.,0.,0.));
#2027 = PCURVE('',#879,#2028);
#2028 = DEFINITIONAL_REPRESENTATION('',(#2029),#2033);
#2029 = LINE('',#2030,#2031);
#2030 = CARTESIAN_POINT('',(-0.,1.));
#2031 = VECTOR('',#2032,1.);
#2032 = DIRECTION('',(-1.,0.));
#2033 = ( GEOMETRIC_REPRESENTATION_CONTEXT(2) 
PARAMETRIC_REPRESENTATION_CONTEXT() REPRESENTATION_CONTEXT('2D SPACE',''
  ) );
#2034 = PCURVE('',#2035,#2040);
#2035 = SPHERICAL_SURFACE('',#2036,1.);
#2036 = AXIS2_PLACEMENT_3D('',#2037,#2038,#2039);
#2037 = CARTESIAN_POINT('',(-25.,14.5,31.));
#2038 = DIRECTION('',(0.,0.,1.));
#2039 = DIRECTION('',(-1.,0.,0.));
#2040 = DEFINITIONAL_REPRESENTATION('',(#2041),#2045);
#2041 = LINE('',#2042,#2043);
#2042 = CARTESIAN_POINT('',(-0.,0.));
#2043 = VECTOR('',#2044,1.);
#2044 = DIRECTION('',(-1.,0.));
#2045 = ( GEOMETRIC_REPRESENTATION_CONTEXT(2) 
PARAMETRIC_REPRESENTATION_CONTEXT() REPRESENTATION_CONTEXT('2D SPACE',''
  ) );
#2046 = ORIENTED_EDGE('',*,*,#2047,.T.);
#2047 = EDGE_CURVE('',#2019,#2048,#2050,.T.);
#2048 = VERTEX_POINT('',#2049);
#2049 = CARTESIAN_POINT('',(-25.,15.5,31.219052498069));
#2050 = SURFACE_CURVE('',#2051,(#2055,#2062),.PCURVE_S1.);
#2051 = LINE('',#2052,#2053);
#2052 = CARTESIAN_POINT('',(-25.,15.5,30.));
#2053 = VECTOR('',#2054,1.);
#2054 = DIRECTION('',(0.,0.,1.));
#2055 = PCURVE('',#879,#2056);
#2056 = DEFINITIONAL_REPRESENTATION('',(#2057),#2061);
#2057 = LINE('',#2058,#2059);
#2058 = CARTESIAN_POINT('',(-1.570796326795,0.));
#2059 = VECTOR('',#2060,1.);
#2060 = DIRECTION('',(-0.,1.));
#2061 = ( GEOMETRIC_REPRESENTATION_CONTEXT(2) 
PARAMETRIC_REPRESENTATION_CONTEXT() REPRESENTATION_CONTEXT('2D SPACE',''
  ) );
#2062 = PCURVE('',#2063,#2068);
#2063 = PLANE('',#2064);
#2064 = AXIS2_PLACEMENT_3D('',#2065,#2066,#2067);
#2065 = CARTESIAN_POINT('',(-26.,15.5,30.));
#2066 = DIRECTION('',(-0.,1.,0.));
#2067 = DIRECTION('',(0.,0.,1.));
#2068 = DEFINITIONAL_REPRESENTATION('',(#2069),#2073);
#2069 = LINE('',#2070,#2071);
#2070 = CARTESIAN_POINT('',(0.,1.));
#2071 = VECTOR('',#2072,1.);
#2072 = DIRECTION('',(1.,0.));
#2073 = ( GEOMETRIC_REPRESENTATION_CONTEXT(2) 
PARAMETRIC_REPRESENTATION_CONTEXT() REPRESENTATION_CONTEXT('2D SPACE',''
  ) );
#2074 = ORIENTED_EDGE('',*,*,#2075,.F.);
#2075 = EDGE_CURVE('',#981,#2048,#2076,.T.);
#2076 = SURFACE_CURVE('',#2077,(#2084,#2094),.PCURVE_S1.);
#2077 = B_SPLINE_CURVE_WITH_KNOTS('',5,(#2078,#2079,#2080,#2081,#2082,
    #2083),.UNSPECIFIED.,.F.,.F.,(6,6),(0.,1.),
  .PIECEWISE_BEZIER_KNOTS.);
#2078 = CARTESIAN_POINT('',(-25.2000006,15.479795774639,31.238869764333)
  );
#2079 = CARTESIAN_POINT('',(-25.16126564646,15.487702538629,
    31.230835140729));
#2080 = CARTESIAN_POINT('',(-25.12158714724,15.493807963743,
    31.224914165541));
#2081 = CARTESIAN_POINT('',(-25.08126645978,15.497936787592,
    31.221005969309));
#2082 = CARTESIAN_POINT('',(-25.04062699186,15.5,31.219052498069));
#2083 = CARTESIAN_POINT('',(-25.,15.5,31.219052498069));
#2084 = PCURVE('',#879,#2085);
#2085 = DEFINITIONAL_REPRESENTATION('',(#2086),#2093);
#2086 = B_SPLINE_CURVE_WITH_KNOTS('',5,(#2087,#2088,#2089,#2090,#2091,
    #2092),.UNSPECIFIED.,.F.,.F.,(6,6),(0.,1.),
  .PIECEWISE_BEZIER_KNOTS.);
#2087 = CARTESIAN_POINT('',(-1.369437793632,1.238869764333));
#2088 = CARTESIAN_POINT('',(-1.408971494983,1.230835140729));
#2089 = CARTESIAN_POINT('',(-1.449069423978,1.224914165541));
#2090 = CARTESIAN_POINT('',(-1.48952988459,1.221005969309));
#2091 = CARTESIAN_POINT('',(-1.530169334933,1.219052498069));
#2092 = CARTESIAN_POINT('',(-1.570796326795,1.219052498069));
#2093 = ( GEOMETRIC_REPRESENTATION_CONTEXT(2) 
PARAMETRIC_REPRESENTATION_CONTEXT() REPRESENTATION_CONTEXT('2D SPACE',''
  ) );
#2094 = PCURVE('',#996,#2095);
#2095 = DEFINITIONAL_REPRESENTATION('',(#2096),#2103);
#2096 = B_SPLINE_CURVE_WITH_KNOTS('',5,(#2097,#2098,#2099,#2100,#2101,
    #2102),.UNSPECIFIED.,.F.,.F.,(6,6),(0.,1.),
  .PIECEWISE_BEZIER_KNOTS.);
#2097 = CARTESIAN_POINT('',(0.777377727852,0.7999994));
#2098 = CARTESIAN_POINT('',(0.791468510148,0.838734353539));
#2099 = CARTESIAN_POINT('',(0.802096922766,0.878412852756));
#2100 = CARTESIAN_POINT('',(0.80920414282,0.91873354022));
#2101 = CARTESIAN_POINT('',(0.812755561369,0.959373008138));
#2102 = CARTESIAN_POINT('',(0.812755561369,1.));
#2103 = ( GEOMETRIC_REPRESENTATION_CONTEXT(2) 
PARAMETRIC_REPRESENTATION_CONTEXT() REPRESENTATION_CONTEXT('2D SPACE',''
  ) );
#2104 = ORIENTED_EDGE('',*,*,#1007,.F.);
#2105 = ADVANCED_FACE('',(#2106),#996,.T.);
#2106 = FACE_BOUND('',#2107,.T.);
#2107 = EDGE_LOOP('',(#2108,#2109,#2110,#2137,#2174,#2193));
#2108 = ORIENTED_EDGE('',*,*,#980,.F.);
#2109 = ORIENTED_EDGE('',*,*,#1121,.T.);
#2110 = ORIENTED_EDGE('',*,*,#2111,.T.);
#2111 = EDGE_CURVE('',#1122,#2112,#2114,.T.);
#2112 = VERTEX_POINT('',#2113);
#2113 = CARTESIAN_POINT('',(25.2,15.479795897113,31.238869639877));
#2114 = SURFACE_CURVE('',#2115,(#2120,#2126),.PCURVE_S1.);
#2115 = CIRCLE('',#2116,0.8);
#2116 = AXIS2_PLACEMENT_3D('',#2117,#2118,#2119);
#2117 = CARTESIAN_POINT('',(25.2,16.05,31.8));
#2118 = DIRECTION('',(-1.,-6.123233995737E-17,0.));
#2119 = DIRECTION('',(6.123233995737E-17,-1.,-0.));
#2120 = PCURVE('',#996,#2121);
#2121 = DEFINITIONAL_REPRESENTATION('',(#2122),#2125);
#2122 = B_SPLINE_CURVE_WITH_KNOTS('',1,(#2123,#2124),.UNSPECIFIED.,.F.,
  .F.,(2,2),(4.712388980385,6.28318530718),.PIECEWISE_BEZIER_KNOTS.);
#2123 = CARTESIAN_POINT('',(1.570796326795,51.2));
#2124 = CARTESIAN_POINT('',(0.,51.2));
#2125 = ( GEOMETRIC_REPRESENTATION_CONTEXT(2) 
PARAMETRIC_REPRESENTATION_CONTEXT() REPRESENTATION_CONTEXT('2D SPACE',''
  ) );
#2126 = PCURVE('',#2127,#2132);
#2127 = SPHERICAL_SURFACE('',#2128,0.8);
#2128 = AXIS2_PLACEMENT_3D('',#2129,#2130,#2131);
#2129 = CARTESIAN_POINT('',(25.2,16.05,31.8));
#2130 = DIRECTION('',(0.,0.,1.));
#2131 = DIRECTION('',(1.,0.,-0.));
#2132 = DEFINITIONAL_REPRESENTATION('',(#2133),#2136);
#2133 = B_SPLINE_CURVE_WITH_KNOTS('',1,(#2134,#2135),.UNSPECIFIED.,.F.,
  .F.,(2,2),(4.712388980385,6.28318530718),.PIECEWISE_BEZIER_KNOTS.);
#2134 = CARTESIAN_POINT('',(-1.570796326795,-1.570796326795));
#2135 = CARTESIAN_POINT('',(-1.570796326795,0.));
#2136 = ( GEOMETRIC_REPRESENTATION_CONTEXT(2) 
PARAMETRIC_REPRESENTATION_CONTEXT() REPRESENTATION_CONTEXT('2D SPACE',''
  ) );
#2137 = ORIENTED_EDGE('',*,*,#2138,.T.);
#2138 = EDGE_CURVE('',#2112,#2139,#2141,.T.);
#2139 = VERTEX_POINT('',#2140);
#2140 = CARTESIAN_POINT('',(25.,15.5,31.219052498069));
#2141 = SURFACE_CURVE('',#2142,(#2149,#2159),.PCURVE_S1.);
#2142 = B_SPLINE_CURVE_WITH_KNOTS('',5,(#2143,#2144,#2145,#2146,#2147,
    #2148),.UNSPECIFIED.,.F.,.F.,(6,6),(0.,1.),
  .PIECEWISE_BEZIER_KNOTS.);
#2143 = CARTESIAN_POINT('',(25.2000006,15.479795774639,31.238869764333)
  );
#2144 = CARTESIAN_POINT('',(25.161265646461,15.487702538629,
    31.230835140729));
#2145 = CARTESIAN_POINT('',(25.121587147244,15.493807963743,
    31.224914165541));
#2146 = CARTESIAN_POINT('',(25.08126645978,15.497936787592,
    31.221005969309));
#2147 = CARTESIAN_POINT('',(25.040626991862,15.5,31.219052498069));
#2148 = CARTESIAN_POINT('',(25.,15.5,31.219052498069));
#2149 = PCURVE('',#996,#2150);
#2150 = DEFINITIONAL_REPRESENTATION('',(#2151),#2158);
#2151 = B_SPLINE_CURVE_WITH_KNOTS('',5,(#2152,#2153,#2154,#2155,#2156,
    #2157),.UNSPECIFIED.,.F.,.F.,(6,6),(0.,1.),
  .PIECEWISE_BEZIER_KNOTS.);
#2152 = CARTESIAN_POINT('',(0.777377727852,51.2000006));
#2153 = CARTESIAN_POINT('',(0.791468510148,51.161265646461));
#2154 = CARTESIAN_POINT('',(0.802096922766,51.121587147244));
#2155 = CARTESIAN_POINT('',(0.80920414282,51.08126645978));
#2156 = CARTESIAN_POINT('',(0.812755561369,51.040626991862));
#2157 = CARTESIAN_POINT('',(0.812755561369,51.));
#2158 = ( GEOMETRIC_REPRESENTATION_CONTEXT(2) 
PARAMETRIC_REPRESENTATION_CONTEXT() REPRESENTATION_CONTEXT('2D SPACE',''
  ) );
#2159 = PCURVE('',#2160,#2165);
#2160 = CYLINDRICAL_SURFACE('',#2161,1.);
#2161 = AXIS2_PLACEMENT_3D('',#2162,#2163,#2164);
#2162 = CARTESIAN_POINT('',(25.,14.5,30.));
#2163 = DIRECTION('',(0.,0.,1.));
#2164 = DIRECTION('',(1.,0.,-0.));
#2165 = DEFINITIONAL_REPRESENTATION('',(#2166),#2173);
#2166 = B_SPLINE_CURVE_WITH_KNOTS('',5,(#2167,#2168,#2169,#2170,#2171,
    #2172),.UNSPECIFIED.,.F.,.F.,(6,6),(0.,1.),
  .PIECEWISE_BEZIER_KNOTS.);
#2167 = CARTESIAN_POINT('',(1.369437793632,1.238869764333));
#2168 = CARTESIAN_POINT('',(1.408971494983,1.230835140729));
#2169 = CARTESIAN_POINT('',(1.449069423978,1.224914165541));
#2170 = CARTESIAN_POINT('',(1.48952988459,1.221005969309));
#2171 = CARTESIAN_POINT('',(1.530169334933,1.219052498069));
#2172 = CARTESIAN_POINT('',(1.570796326795,1.219052498069));
#2173 = ( GEOMETRIC_REPRESENTATION_CONTEXT(2) 
PARAMETRIC_REPRESENTATION_CONTEXT() REPRESENTATION_CONTEXT('2D SPACE',''
  ) );
#2174 = ORIENTED_EDGE('',*,*,#2175,.F.);
#2175 = EDGE_CURVE('',#2048,#2139,#2176,.T.);
#2176 = SURFACE_CURVE('',#2177,(#2181,#2187),.PCURVE_S1.);
#2177 = LINE('',#2178,#2179);
#2178 = CARTESIAN_POINT('',(-26.,15.5,31.219052498069));
#2179 = VECTOR('',#2180,1.);
#2180 = DIRECTION('',(1.,0.,-0.));
#2181 = PCURVE('',#996,#2182);
#2182 = DEFINITIONAL_REPRESENTATION('',(#2183),#2186);
#2183 = B_SPLINE_CURVE_WITH_KNOTS('',1,(#2184,#2185),.UNSPECIFIED.,.F.,
  .F.,(2,2),(0.7999994,51.2000006),.PIECEWISE_BEZIER_KNOTS.);
#2184 = CARTESIAN_POINT('',(0.812755561369,0.7999994));
#2185 = CARTESIAN_POINT('',(0.812755561369,51.2000006));
#2186 = ( GEOMETRIC_REPRESENTATION_CONTEXT(2) 
PARAMETRIC_REPRESENTATION_CONTEXT() REPRESENTATION_CONTEXT('2D SPACE',''
  ) );
#2187 = PCURVE('',#2063,#2188);
#2188 = DEFINITIONAL_REPRESENTATION('',(#2189),#2192);
#2189 = B_SPLINE_CURVE_WITH_KNOTS('',1,(#2190,#2191),.UNSPECIFIED.,.F.,
  .F.,(2,2),(0.7999994,51.2000006),.PIECEWISE_BEZIER_KNOTS.);
#2190 = CARTESIAN_POINT('',(1.219052498069,0.7999994));
#2191 = CARTESIAN_POINT('',(1.219052498069,51.2000006));
#2192 = ( GEOMETRIC_REPRESENTATION_CONTEXT(2) 
PARAMETRIC_REPRESENTATION_CONTEXT() REPRESENTATION_CONTEXT('2D SPACE',''
  ) );
#2193 = ORIENTED_EDGE('',*,*,#2075,.F.);
#2194 = ADVANCED_FACE('',(#2195),#1186,.T.);
#2195 = FACE_BOUND('',#2196,.F.);
#2196 = EDGE_LOOP('',(#2197,#2198,#2199,#2224));
#2197 = ORIENTED_EDGE('',*,*,#1202,.F.);
#2198 = ORIENTED_EDGE('',*,*,#1172,.T.);
#2199 = ORIENTED_EDGE('',*,*,#2200,.T.);
#2200 = EDGE_CURVE('',#1145,#1357,#2201,.T.);
#2201 = SURFACE_CURVE('',#2202,(#2207,#2213),.PCURVE_S1.);
#2202 = CIRCLE('',#2203,0.8);
#2203 = AXIS2_PLACEMENT_3D('',#2204,#2205,#2206);
#2204 = CARTESIAN_POINT('',(25.2,16.45,31.8));
#2205 = DIRECTION('',(1.,2.203438688952E-17,-0.));
#2206 = DIRECTION('',(-2.203438688952E-17,1.,-0.));
#2207 = PCURVE('',#1186,#2208);
#2208 = DEFINITIONAL_REPRESENTATION('',(#2209),#2212);
#2209 = B_SPLINE_CURVE_WITH_KNOTS('',1,(#2210,#2211),.UNSPECIFIED.,.F.,
  .F.,(2,2),(4.712388980385,6.28318530718),.PIECEWISE_BEZIER_KNOTS.);
#2210 = CARTESIAN_POINT('',(-1.570796326795,51.2));
#2211 = CARTESIAN_POINT('',(0.,51.2));
#2212 = ( GEOMETRIC_REPRESENTATION_CONTEXT(2) 
PARAMETRIC_REPRESENTATION_CONTEXT() REPRESENTATION_CONTEXT('2D SPACE',''
  ) );
#2213 = PCURVE('',#2214,#2219);
#2214 = SPHERICAL_SURFACE('',#2215,0.8);
#2215 = AXIS2_PLACEMENT_3D('',#2216,#2217,#2218);
#2216 = CARTESIAN_POINT('',(25.2,16.45,31.8));
#2217 = DIRECTION('',(0.,0.,1.));
#2218 = DIRECTION('',(1.,-1.387778780781E-16,0.));
#2219 = DEFINITIONAL_REPRESENTATION('',(#2220),#2223);
#2220 = B_SPLINE_CURVE_WITH_KNOTS('',1,(#2221,#2222),.UNSPECIFIED.,.F.,
  .F.,(2,2),(4.712388980385,6.28318530718),.PIECEWISE_BEZIER_KNOTS.);
#2221 = CARTESIAN_POINT('',(1.570796326795,-1.570796326795));
#2222 = CARTESIAN_POINT('',(1.570796326795,0.));
#2223 = ( GEOMETRIC_REPRESENTATION_CONTEXT(2) 
PARAMETRIC_REPRESENTATION_CONTEXT() REPRESENTATION_CONTEXT('2D SPACE',''
  ) );
#2224 = ORIENTED_EDGE('',*,*,#1384,.F.);
#2225 = ADVANCED_FACE('',(#2226),#1160,.T.);
#2226 = FACE_BOUND('',#2227,.T.);
#2227 = EDGE_LOOP('',(#2228,#2250,#2251,#2273));
#2228 = ORIENTED_EDGE('',*,*,#2229,.F.);
#2229 = EDGE_CURVE('',#1122,#2230,#2232,.T.);
#2230 = VERTEX_POINT('',#2231);
#2231 = CARTESIAN_POINT('',(26.,16.05,31.8));
#2232 = SURFACE_CURVE('',#2233,(#2238,#2244),.PCURVE_S1.);
#2233 = CIRCLE('',#2234,0.8);
#2234 = AXIS2_PLACEMENT_3D('',#2235,#2236,#2237);
#2235 = CARTESIAN_POINT('',(25.2,16.05,31.8));
#2236 = DIRECTION('',(0.,-1.,0.));
#2237 = DIRECTION('',(1.,0.,0.));
#2238 = PCURVE('',#1160,#2239);
#2239 = DEFINITIONAL_REPRESENTATION('',(#2240),#2243);
#2240 = B_SPLINE_CURVE_WITH_KNOTS('',1,(#2241,#2242),.UNSPECIFIED.,.F.,
  .F.,(2,2),(4.712388980385,6.28318530718),.PIECEWISE_BEZIER_KNOTS.);
#2241 = CARTESIAN_POINT('',(1.570796326795,0.8));
#2242 = CARTESIAN_POINT('',(0.,0.8));
#2243 = ( GEOMETRIC_REPRESENTATION_CONTEXT(2) 
PARAMETRIC_REPRESENTATION_CONTEXT() REPRESENTATION_CONTEXT('2D SPACE',''
  ) );
#2244 = PCURVE('',#2127,#2245);
#2245 = DEFINITIONAL_REPRESENTATION('',(#2246),#2249);
#2246 = B_SPLINE_CURVE_WITH_KNOTS('',1,(#2247,#2248),.UNSPECIFIED.,.F.,
  .F.,(2,2),(4.712388980385,6.28318530718),.PIECEWISE_BEZIER_KNOTS.);
#2247 = CARTESIAN_POINT('',(0.,-1.570796326795));
#2248 = CARTESIAN_POINT('',(0.,0.));
#2249 = ( GEOMETRIC_REPRESENTATION_CONTEXT(2) 
PARAMETRIC_REPRESENTATION_CONTEXT() REPRESENTATION_CONTEXT('2D SPACE',''
  ) );
#2250 = ORIENTED_EDGE('',*,*,#1144,.T.);
#2251 = ORIENTED_EDGE('',*,*,#2252,.T.);
#2252 = EDGE_CURVE('',#1145,#2253,#2255,.T.);
#2253 = VERTEX_POINT('',#2254);
#2254 = CARTESIAN_POINT('',(26.,16.45,31.8));
#2255 = SURFACE_CURVE('',#2256,(#2261,#2267),.PCURVE_S1.);
#2256 = CIRCLE('',#2257,0.8);
#2257 = AXIS2_PLACEMENT_3D('',#2258,#2259,#2260);
#2258 = CARTESIAN_POINT('',(25.2,16.45,31.8));
#2259 = DIRECTION('',(-1.387778780781E-16,-1.,0.));
#2260 = DIRECTION('',(1.,-1.387778780781E-16,0.));
#2261 = PCURVE('',#1160,#2262);
#2262 = DEFINITIONAL_REPRESENTATION('',(#2263),#2266);
#2263 = B_SPLINE_CURVE_WITH_KNOTS('',1,(#2264,#2265),.UNSPECIFIED.,.F.,
  .F.,(2,2),(4.712388980385,6.28318530718),.PIECEWISE_BEZIER_KNOTS.);
#2264 = CARTESIAN_POINT('',(1.570796326795,1.2));
#2265 = CARTESIAN_POINT('',(0.,1.2));
#2266 = ( GEOMETRIC_REPRESENTATION_CONTEXT(2) 
PARAMETRIC_REPRESENTATION_CONTEXT() REPRESENTATION_CONTEXT('2D SPACE',''
  ) );
#2267 = PCURVE('',#2214,#2268);
#2268 = DEFINITIONAL_REPRESENTATION('',(#2269),#2272);
#2269 = B_SPLINE_CURVE_WITH_KNOTS('',1,(#2270,#2271),.UNSPECIFIED.,.F.,
  .F.,(2,2),(4.712388980385,6.28318530718),.PIECEWISE_BEZIER_KNOTS.);
#2270 = CARTESIAN_POINT('',(0.,-1.570796326795));
#2271 = CARTESIAN_POINT('',(0.,0.));
#2272 = ( GEOMETRIC_REPRESENTATION_CONTEXT(2) 
PARAMETRIC_REPRESENTATION_CONTEXT() REPRESENTATION_CONTEXT('2D SPACE',''
  ) );
#2273 = ORIENTED_EDGE('',*,*,#2274,.F.);
#2274 = EDGE_CURVE('',#2230,#2253,#2275,.T.);
#2275 = SURFACE_CURVE('',#2276,(#2280,#2287),.PCURVE_S1.);
#2276 = LINE('',#2277,#2278);
#2277 = CARTESIAN_POINT('',(26.,15.25,31.8));
#2278 = VECTOR('',#2279,1.);
#2279 = DIRECTION('',(-0.,1.,0.));
#2280 = PCURVE('',#1160,#2281);
#2281 = DEFINITIONAL_REPRESENTATION('',(#2282),#2286);
#2282 = LINE('',#2283,#2284);
#2283 = CARTESIAN_POINT('',(0.,0.));
#2284 = VECTOR('',#2285,1.);
#2285 = DIRECTION('',(0.,1.));
#2286 = ( GEOMETRIC_REPRESENTATION_CONTEXT(2) 
PARAMETRIC_REPRESENTATION_CONTEXT() REPRESENTATION_CONTEXT('2D SPACE',''
  ) );
#2287 = PCURVE('',#2288,#2293);
#2288 = PLANE('',#2289);
#2289 = AXIS2_PLACEMENT_3D('',#2290,#2291,#2292);
#2290 = CARTESIAN_POINT('',(26.,15.25,31.));
#2291 = DIRECTION('',(1.,0.,-0.));
#2292 = DIRECTION('',(0.,0.,1.));
#2293 = DEFINITIONAL_REPRESENTATION('',(#2294),#2298);
#2294 = LINE('',#2295,#2296);
#2295 = CARTESIAN_POINT('',(0.8,0.));
#2296 = VECTOR('',#2297,1.);
#2297 = DIRECTION('',(0.,-1.));
#2298 = ( GEOMETRIC_REPRESENTATION_CONTEXT(2) 
PARAMETRIC_REPRESENTATION_CONTEXT() REPRESENTATION_CONTEXT('2D SPACE',''
  ) );
#2299 = ADVANCED_FACE('',(#2300),#1292,.T.);
#2300 = FACE_BOUND('',#2301,.T.);
#2301 = EDGE_LOOP('',(#2302,#2303,#2304,#2329));
#2302 = ORIENTED_EDGE('',*,*,#1308,.T.);
#2303 = ORIENTED_EDGE('',*,*,#1278,.T.);
#2304 = ORIENTED_EDGE('',*,*,#2305,.F.);
#2305 = EDGE_CURVE('',#1334,#1251,#2306,.T.);
#2306 = SURFACE_CURVE('',#2307,(#2312,#2318),.PCURVE_S1.);
#2307 = CIRCLE('',#2308,0.8);
#2308 = AXIS2_PLACEMENT_3D('',#2309,#2310,#2311);
#2309 = CARTESIAN_POINT('',(25.2,16.45,58.2));
#2310 = DIRECTION('',(1.,0.,-6.123233995737E-17));
#2311 = DIRECTION('',(6.123233995737E-17,0.,1.));
#2312 = PCURVE('',#1292,#2313);
#2313 = DEFINITIONAL_REPRESENTATION('',(#2314),#2317);
#2314 = B_SPLINE_CURVE_WITH_KNOTS('',1,(#2315,#2316),.UNSPECIFIED.,.F.,
  .F.,(2,2),(4.712388980385,6.28318530718),.PIECEWISE_BEZIER_KNOTS.);
#2315 = CARTESIAN_POINT('',(0.,51.2));
#2316 = CARTESIAN_POINT('',(1.570796326795,51.2));
#2317 = ( GEOMETRIC_REPRESENTATION_CONTEXT(2) 
PARAMETRIC_REPRESENTATION_CONTEXT() REPRESENTATION_CONTEXT('2D SPACE',''
  ) );
#2318 = PCURVE('',#2319,#2324);
#2319 = SPHERICAL_SURFACE('',#2320,0.8);
#2320 = AXIS2_PLACEMENT_3D('',#2321,#2322,#2323);
#2321 = CARTESIAN_POINT('',(25.2,16.45,58.2));
#2322 = DIRECTION('',(0.,-1.,-0.));
#2323 = DIRECTION('',(1.,0.,0.));
#2324 = DEFINITIONAL_REPRESENTATION('',(#2325),#2328);
#2325 = B_SPLINE_CURVE_WITH_KNOTS('',1,(#2326,#2327),.UNSPECIFIED.,.F.,
  .F.,(2,2),(4.712388980385,6.28318530718),.PIECEWISE_BEZIER_KNOTS.);
#2326 = CARTESIAN_POINT('',(1.570796326795,-1.570796326795));
#2327 = CARTESIAN_POINT('',(1.570796326795,0.));
#2328 = ( GEOMETRIC_REPRESENTATION_CONTEXT(2) 
PARAMETRIC_REPRESENTATION_CONTEXT() REPRESENTATION_CONTEXT('2D SPACE',''
  ) );
#2329 = ORIENTED_EDGE('',*,*,#1333,.F.);
#2330 = ADVANCED_FACE('',(#2331),#1266,.T.);
#2331 = FACE_BOUND('',#2332,.F.);
#2332 = EDGE_LOOP('',(#2333,#2355,#2356,#2380));
#2333 = ORIENTED_EDGE('',*,*,#2334,.F.);
#2334 = EDGE_CURVE('',#1228,#2335,#2337,.T.);
#2335 = VERTEX_POINT('',#2336);
#2336 = CARTESIAN_POINT('',(26.,16.05,58.2));
#2337 = SURFACE_CURVE('',#2338,(#2343,#2349),.PCURVE_S1.);
#2338 = CIRCLE('',#2339,0.8);
#2339 = AXIS2_PLACEMENT_3D('',#2340,#2341,#2342);
#2340 = CARTESIAN_POINT('',(25.2,16.05,58.2));
#2341 = DIRECTION('',(-0.,1.,0.));
#2342 = DIRECTION('',(1.,0.,0.));
#2343 = PCURVE('',#1266,#2344);
#2344 = DEFINITIONAL_REPRESENTATION('',(#2345),#2348);
#2345 = B_SPLINE_CURVE_WITH_KNOTS('',1,(#2346,#2347),.UNSPECIFIED.,.F.,
  .F.,(2,2),(4.712388980385,6.28318530718),.PIECEWISE_BEZIER_KNOTS.);
#2346 = CARTESIAN_POINT('',(-1.570796326795,0.8));
#2347 = CARTESIAN_POINT('',(0.,0.8));
#2348 = ( GEOMETRIC_REPRESENTATION_CONTEXT(2) 
PARAMETRIC_REPRESENTATION_CONTEXT() REPRESENTATION_CONTEXT('2D SPACE',''
  ) );
#2349 = PCURVE('',#1496,#2350);
#2350 = DEFINITIONAL_REPRESENTATION('',(#2351),#2354);
#2351 = B_SPLINE_CURVE_WITH_KNOTS('',1,(#2352,#2353),.UNSPECIFIED.,.F.,
  .F.,(2,2),(4.712388980385,6.28318530718),.PIECEWISE_BEZIER_KNOTS.);
#2352 = CARTESIAN_POINT('',(0.,-1.570796326795));
#2353 = CARTESIAN_POINT('',(0.,0.));
#2354 = ( GEOMETRIC_REPRESENTATION_CONTEXT(2) 
PARAMETRIC_REPRESENTATION_CONTEXT() REPRESENTATION_CONTEXT('2D SPACE',''
  ) );
#2355 = ORIENTED_EDGE('',*,*,#1250,.T.);
#2356 = ORIENTED_EDGE('',*,*,#2357,.F.);
#2357 = EDGE_CURVE('',#2358,#1251,#2360,.T.);
#2358 = VERTEX_POINT('',#2359);
#2359 = CARTESIAN_POINT('',(26.,16.45,58.2));
#2360 = SURFACE_CURVE('',#2361,(#2366,#2373),.PCURVE_S1.);
#2361 = CIRCLE('',#2362,0.8);
#2362 = AXIS2_PLACEMENT_3D('',#2363,#2364,#2365);
#2363 = CARTESIAN_POINT('',(25.2,16.45,58.2));
#2364 = DIRECTION('',(0.,-1.,-0.));
#2365 = DIRECTION('',(1.,0.,0.));
#2366 = PCURVE('',#1266,#2367);
#2367 = DEFINITIONAL_REPRESENTATION('',(#2368),#2372);
#2368 = LINE('',#2369,#2370);
#2369 = CARTESIAN_POINT('',(-0.,1.2));
#2370 = VECTOR('',#2371,1.);
#2371 = DIRECTION('',(-1.,0.));
#2372 = ( GEOMETRIC_REPRESENTATION_CONTEXT(2) 
PARAMETRIC_REPRESENTATION_CONTEXT() REPRESENTATION_CONTEXT('2D SPACE',''
  ) );
#2373 = PCURVE('',#2319,#2374);
#2374 = DEFINITIONAL_REPRESENTATION('',(#2375),#2379);
#2375 = LINE('',#2376,#2377);
#2376 = CARTESIAN_POINT('',(0.,0.));
#2377 = VECTOR('',#2378,1.);
#2378 = DIRECTION('',(1.,0.));
#2379 = ( GEOMETRIC_REPRESENTATION_CONTEXT(2) 
PARAMETRIC_REPRESENTATION_CONTEXT() REPRESENTATION_CONTEXT('2D SPACE',''
  ) );
#2380 = ORIENTED_EDGE('',*,*,#2381,.F.);
#2381 = EDGE_CURVE('',#2335,#2358,#2382,.T.);
#2382 = SURFACE_CURVE('',#2383,(#2387,#2394),.PCURVE_S1.);
#2383 = LINE('',#2384,#2385);
#2384 = CARTESIAN_POINT('',(26.,15.25,58.2));
#2385 = VECTOR('',#2386,1.);
#2386 = DIRECTION('',(-0.,1.,0.));
#2387 = PCURVE('',#1266,#2388);
#2388 = DEFINITIONAL_REPRESENTATION('',(#2389),#2393);
#2389 = LINE('',#2390,#2391);
#2390 = CARTESIAN_POINT('',(-0.,0.));
#2391 = VECTOR('',#2392,1.);
#2392 = DIRECTION('',(-0.,1.));
#2393 = ( GEOMETRIC_REPRESENTATION_CONTEXT(2) 
PARAMETRIC_REPRESENTATION_CONTEXT() REPRESENTATION_CONTEXT('2D SPACE',''
  ) );
#2394 = PCURVE('',#2288,#2395);
#2395 = DEFINITIONAL_REPRESENTATION('',(#2396),#2400);
#2396 = LINE('',#2397,#2398);
#2397 = CARTESIAN_POINT('',(27.2,0.));
#2398 = VECTOR('',#2399,1.);
#2399 = DIRECTION('',(0.,-1.));
#2400 = ( GEOMETRIC_REPRESENTATION_CONTEXT(2) 
PARAMETRIC_REPRESENTATION_CONTEXT() REPRESENTATION_CONTEXT('2D SPACE',''
  ) );
#2401 = ADVANCED_FACE('',(#2402),#1372,.T.);
#2402 = FACE_BOUND('',#2403,.T.);
#2403 = EDGE_LOOP('',(#2404,#2425,#2447,#2448));
#2404 = ORIENTED_EDGE('',*,*,#2405,.F.);
#2405 = EDGE_CURVE('',#2253,#2358,#2406,.T.);
#2406 = SURFACE_CURVE('',#2407,(#2411,#2418),.PCURVE_S1.);
#2407 = LINE('',#2408,#2409);
#2408 = CARTESIAN_POINT('',(26.,16.45,31.));
#2409 = VECTOR('',#2410,1.);
#2410 = DIRECTION('',(0.,0.,1.));
#2411 = PCURVE('',#1372,#2412);
#2412 = DEFINITIONAL_REPRESENTATION('',(#2413),#2417);
#2413 = LINE('',#2414,#2415);
#2414 = CARTESIAN_POINT('',(0.,0.));
#2415 = VECTOR('',#2416,1.);
#2416 = DIRECTION('',(0.,1.));
#2417 = ( GEOMETRIC_REPRESENTATION_CONTEXT(2) 
PARAMETRIC_REPRESENTATION_CONTEXT() REPRESENTATION_CONTEXT('2D SPACE',''
  ) );
#2418 = PCURVE('',#2288,#2419);
#2419 = DEFINITIONAL_REPRESENTATION('',(#2420),#2424);
#2420 = LINE('',#2421,#2422);
#2421 = CARTESIAN_POINT('',(0.,-1.2));
#2422 = VECTOR('',#2423,1.);
#2423 = DIRECTION('',(1.,0.));
#2424 = ( GEOMETRIC_REPRESENTATION_CONTEXT(2) 
PARAMETRIC_REPRESENTATION_CONTEXT() REPRESENTATION_CONTEXT('2D SPACE',''
  ) );
#2425 = ORIENTED_EDGE('',*,*,#2426,.T.);
#2426 = EDGE_CURVE('',#2253,#1357,#2427,.T.);
#2427 = SURFACE_CURVE('',#2428,(#2433,#2440),.PCURVE_S1.);
#2428 = CIRCLE('',#2429,0.8);
#2429 = AXIS2_PLACEMENT_3D('',#2430,#2431,#2432);
#2430 = CARTESIAN_POINT('',(25.2,16.45,31.8));
#2431 = DIRECTION('',(0.,0.,1.));
#2432 = DIRECTION('',(1.,-1.387778780781E-16,0.));
#2433 = PCURVE('',#1372,#2434);
#2434 = DEFINITIONAL_REPRESENTATION('',(#2435),#2439);
#2435 = LINE('',#2436,#2437);
#2436 = CARTESIAN_POINT('',(0.,0.8));
#2437 = VECTOR('',#2438,1.);
#2438 = DIRECTION('',(1.,0.));
#2439 = ( GEOMETRIC_REPRESENTATION_CONTEXT(2) 
PARAMETRIC_REPRESENTATION_CONTEXT() REPRESENTATION_CONTEXT('2D SPACE',''
  ) );
#2440 = PCURVE('',#2214,#2441);
#2441 = DEFINITIONAL_REPRESENTATION('',(#2442),#2446);
#2442 = LINE('',#2443,#2444);
#2443 = CARTESIAN_POINT('',(0.,0.));
#2444 = VECTOR('',#2445,1.);
#2445 = DIRECTION('',(1.,0.));
#2446 = ( GEOMETRIC_REPRESENTATION_CONTEXT(2) 
PARAMETRIC_REPRESENTATION_CONTEXT() REPRESENTATION_CONTEXT('2D SPACE',''
  ) );
#2447 = ORIENTED_EDGE('',*,*,#1356,.T.);
#2448 = ORIENTED_EDGE('',*,*,#2449,.T.);
#2449 = EDGE_CURVE('',#1334,#2358,#2450,.T.);
#2450 = SURFACE_CURVE('',#2451,(#2456,#2462),.PCURVE_S1.);
#2451 = CIRCLE('',#2452,0.8);
#2452 = AXIS2_PLACEMENT_3D('',#2453,#2454,#2455);
#2453 = CARTESIAN_POINT('',(25.2,16.45,58.2));
#2454 = DIRECTION('',(0.,0.,-1.));
#2455 = DIRECTION('',(1.,0.,0.));
#2456 = PCURVE('',#1372,#2457);
#2457 = DEFINITIONAL_REPRESENTATION('',(#2458),#2461);
#2458 = B_SPLINE_CURVE_WITH_KNOTS('',1,(#2459,#2460),.UNSPECIFIED.,.F.,
  .F.,(2,2),(4.712388980385,6.28318530718),.PIECEWISE_BEZIER_KNOTS.);
#2459 = CARTESIAN_POINT('',(1.570796326795,27.2));
#2460 = CARTESIAN_POINT('',(0.,27.2));
#2461 = ( GEOMETRIC_REPRESENTATION_CONTEXT(2) 
PARAMETRIC_REPRESENTATION_CONTEXT() REPRESENTATION_CONTEXT('2D SPACE',''
  ) );
#2462 = PCURVE('',#2319,#2463);
#2463 = DEFINITIONAL_REPRESENTATION('',(#2464),#2467);
#2464 = B_SPLINE_CURVE_WITH_KNOTS('',1,(#2465,#2466),.UNSPECIFIED.,.F.,
  .F.,(2,2),(4.712388980385,6.28318530718),.PIECEWISE_BEZIER_KNOTS.);
#2465 = CARTESIAN_POINT('',(0.,-1.570796326795));
#2466 = CARTESIAN_POINT('',(0.,0.));
#2467 = ( GEOMETRIC_REPRESENTATION_CONTEXT(2) 
PARAMETRIC_REPRESENTATION_CONTEXT() REPRESENTATION_CONTEXT('2D SPACE',''
  ) );
#2468 = ADVANCED_FACE('',(#2469),#1428,.F.);
#2469 = FACE_BOUND('',#2470,.F.);
#2470 = EDGE_LOOP('',(#2471,#2499,#2520,#2521));
#2471 = ORIENTED_EDGE('',*,*,#2472,.F.);
#2472 = EDGE_CURVE('',#2473,#2473,#2475,.T.);
#2473 = VERTEX_POINT('',#2474);
#2474 = CARTESIAN_POINT('',(-18.65,15.25,45.));
#2475 = SURFACE_CURVE('',#2476,(#2481,#2488),.PCURVE_S1.);
#2476 = CIRCLE('',#2477,1.35);
#2477 = AXIS2_PLACEMENT_3D('',#2478,#2479,#2480);
#2478 = CARTESIAN_POINT('',(-20.,15.25,45.));
#2479 = DIRECTION('',(0.,-1.,0.));
#2480 = DIRECTION('',(1.,0.,0.));
#2481 = PCURVE('',#1428,#2482);
#2482 = DEFINITIONAL_REPRESENTATION('',(#2483),#2487);
#2483 = LINE('',#2484,#2485);
#2484 = CARTESIAN_POINT('',(0.,5.));
#2485 = VECTOR('',#2486,1.);
#2486 = DIRECTION('',(1.,0.));
#2487 = ( GEOMETRIC_REPRESENTATION_CONTEXT(2) 
PARAMETRIC_REPRESENTATION_CONTEXT() REPRESENTATION_CONTEXT('2D SPACE',''
  ) );
#2488 = PCURVE('',#1628,#2489);
#2489 = DEFINITIONAL_REPRESENTATION('',(#2490),#2498);
#2490 = ( BOUNDED_CURVE() B_SPLINE_CURVE(2,(#2491,#2492,#2493,#2494,
#2495,#2496,#2497),.UNSPECIFIED.,.T.,.F.) B_SPLINE_CURVE_WITH_KNOTS((1,2
    ,2,2,2,1),(-2.094395102393,0.,2.094395102393,4.188790204786,
6.28318530718,8.377580409573),.UNSPECIFIED.) CURVE() 
GEOMETRIC_REPRESENTATION_ITEM() RATIONAL_B_SPLINE_CURVE((1.,0.5,1.,0.5,
1.,0.5,1.)) REPRESENTATION_ITEM('') );
#2491 = CARTESIAN_POINT('',(14.,7.35));
#2492 = CARTESIAN_POINT('',(16.338268590218,7.35));
#2493 = CARTESIAN_POINT('',(15.169134295109,5.325));
#2494 = CARTESIAN_POINT('',(14.,3.3));
#2495 = CARTESIAN_POINT('',(12.830865704891,5.325));
#2496 = CARTESIAN_POINT('',(11.661731409782,7.35));
#2497 = CARTESIAN_POINT('',(14.,7.35));
#2498 = ( GEOMETRIC_REPRESENTATION_CONTEXT(2) 
PARAMETRIC_REPRESENTATION_CONTEXT() REPRESENTATION_CONTEXT('2D SPACE',''
  ) );
#2499 = ORIENTED_EDGE('',*,*,#2500,.F.);
#2500 = EDGE_CURVE('',#1408,#2473,#2501,.T.);
#2501 = SEAM_CURVE('',#2502,(#2506,#2513),.PCURVE_S1.);
#2502 = LINE('',#2503,#2504);
#2503 = CARTESIAN_POINT('',(-18.65,20.25,45.));
#2504 = VECTOR('',#2505,1.);
#2505 = DIRECTION('',(0.,-1.,0.));
#2506 = PCURVE('',#1428,#2507);
#2507 = DEFINITIONAL_REPRESENTATION('',(#2508),#2512);
#2508 = LINE('',#2509,#2510);
#2509 = CARTESIAN_POINT('',(6.28318530718,-0.));
#2510 = VECTOR('',#2511,1.);
#2511 = DIRECTION('',(0.,1.));
#2512 = ( GEOMETRIC_REPRESENTATION_CONTEXT(2) 
PARAMETRIC_REPRESENTATION_CONTEXT() REPRESENTATION_CONTEXT('2D SPACE',''
  ) );
#2513 = PCURVE('',#1428,#2514);
#2514 = DEFINITIONAL_REPRESENTATION('',(#2515),#2519);
#2515 = LINE('',#2516,#2517);
#2516 = CARTESIAN_POINT('',(0.,-0.));
#2517 = VECTOR('',#2518,1.);
#2518 = DIRECTION('',(0.,1.));
#2519 = ( GEOMETRIC_REPRESENTATION_CONTEXT(2) 
PARAMETRIC_REPRESENTATION_CONTEXT() REPRESENTATION_CONTEXT('2D SPACE',''
  ) );
#2520 = ORIENTED_EDGE('',*,*,#1407,.T.);
#2521 = ORIENTED_EDGE('',*,*,#2500,.T.);
#2522 = ADVANCED_FACE('',(#2523),#1463,.F.);
#2523 = FACE_BOUND('',#2524,.F.);
#2524 = EDGE_LOOP('',(#2525,#2553,#2574,#2575));
#2525 = ORIENTED_EDGE('',*,*,#2526,.F.);
#2526 = EDGE_CURVE('',#2527,#2527,#2529,.T.);
#2527 = VERTEX_POINT('',#2528);
#2528 = CARTESIAN_POINT('',(21.35,15.25,45.));
#2529 = SURFACE_CURVE('',#2530,(#2535,#2542),.PCURVE_S1.);
#2530 = CIRCLE('',#2531,1.35);
#2531 = AXIS2_PLACEMENT_3D('',#2532,#2533,#2534);
#2532 = CARTESIAN_POINT('',(20.,15.25,45.));
#2533 = DIRECTION('',(0.,-1.,0.));
#2534 = DIRECTION('',(1.,0.,0.));
#2535 = PCURVE('',#1463,#2536);
#2536 = DEFINITIONAL_REPRESENTATION('',(#2537),#2541);
#2537 = LINE('',#2538,#2539);
#2538 = CARTESIAN_POINT('',(0.,5.));
#2539 = VECTOR('',#2540,1.);
#2540 = DIRECTION('',(1.,0.));
#2541 = ( GEOMETRIC_REPRESENTATION_CONTEXT(2) 
PARAMETRIC_REPRESENTATION_CONTEXT() REPRESENTATION_CONTEXT('2D SPACE',''
  ) );
#2542 = PCURVE('',#1628,#2543);
#2543 = DEFINITIONAL_REPRESENTATION('',(#2544),#2552);
#2544 = ( BOUNDED_CURVE() B_SPLINE_CURVE(2,(#2545,#2546,#2547,#2548,
#2549,#2550,#2551),.UNSPECIFIED.,.T.,.F.) B_SPLINE_CURVE_WITH_KNOTS((1,2
    ,2,2,2,1),(-2.094395102393,0.,2.094395102393,4.188790204786,
6.28318530718,8.377580409573),.UNSPECIFIED.) CURVE() 
GEOMETRIC_REPRESENTATION_ITEM() RATIONAL_B_SPLINE_CURVE((1.,0.5,1.,0.5,
1.,0.5,1.)) REPRESENTATION_ITEM('') );
#2545 = CARTESIAN_POINT('',(14.,47.35));
#2546 = CARTESIAN_POINT('',(16.338268590218,47.35));
#2547 = CARTESIAN_POINT('',(15.169134295109,45.325));
#2548 = CARTESIAN_POINT('',(14.,43.3));
#2549 = CARTESIAN_POINT('',(12.830865704891,45.325));
#2550 = CARTESIAN_POINT('',(11.661731409782,47.35));
#2551 = CARTESIAN_POINT('',(14.,47.35));
#2552 = ( GEOMETRIC_REPRESENTATION_CONTEXT(2) 
PARAMETRIC_REPRESENTATION_CONTEXT() REPRESENTATION_CONTEXT('2D SPACE',''
  ) );
#2553 = ORIENTED_EDGE('',*,*,#2554,.F.);
#2554 = EDGE_CURVE('',#1443,#2527,#2555,.T.);
#2555 = SEAM_CURVE('',#2556,(#2560,#2567),.PCURVE_S1.);
#2556 = LINE('',#2557,#2558);
#2557 = CARTESIAN_POINT('',(21.35,20.25,45.));
#2558 = VECTOR('',#2559,1.);
#2559 = DIRECTION('',(0.,-1.,0.));
#2560 = PCURVE('',#1463,#2561);
#2561 = DEFINITIONAL_REPRESENTATION('',(#2562),#2566);
#2562 = LINE('',#2563,#2564);
#2563 = CARTESIAN_POINT('',(6.28318530718,-0.));
#2564 = VECTOR('',#2565,1.);
#2565 = DIRECTION('',(0.,1.));
#2566 = ( GEOMETRIC_REPRESENTATION_CONTEXT(2) 
PARAMETRIC_REPRESENTATION_CONTEXT() REPRESENTATION_CONTEXT('2D SPACE',''
  ) );
#2567 = PCURVE('',#1463,#2568);
#2568 = DEFINITIONAL_REPRESENTATION('',(#2569),#2573);
#2569 = LINE('',#2570,#2571);
#2570 = CARTESIAN_POINT('',(0.,-0.));
#2571 = VECTOR('',#2572,1.);
#2572 = DIRECTION('',(0.,1.));
#2573 = ( GEOMETRIC_REPRESENTATION_CONTEXT(2) 
PARAMETRIC_REPRESENTATION_CONTEXT() REPRESENTATION_CONTEXT('2D SPACE',''
  ) );
#2574 = ORIENTED_EDGE('',*,*,#1442,.T.);
#2575 = ORIENTED_EDGE('',*,*,#2554,.T.);
#2576 = ADVANCED_FACE('',(#2577,#2680,#2683),#1628,.F.);
#2577 = FACE_BOUND('',#2578,.F.);
#2578 = EDGE_LOOP('',(#2579,#2580,#2581,#2609,#2635,#2661));
#2579 = ORIENTED_EDGE('',*,*,#1745,.T.);
#2580 = ORIENTED_EDGE('',*,*,#1612,.T.);
#2581 = ORIENTED_EDGE('',*,*,#2582,.T.);
#2582 = EDGE_CURVE('',#1534,#2583,#2585,.T.);
#2583 = VERTEX_POINT('',#2584);
#2584 = CARTESIAN_POINT('',(24.338562172234,15.25,58.));
#2585 = SURFACE_CURVE('',#2586,(#2591,#2602),.PCURVE_S1.);
#2586 = CIRCLE('',#2587,0.661437827766);
#2587 = AXIS2_PLACEMENT_3D('',#2588,#2589,#2590);
#2588 = CARTESIAN_POINT('',(25.,15.25,58.));
#2589 = DIRECTION('',(0.,-1.,-0.));
#2590 = DIRECTION('',(-1.,-0.,0.));
#2591 = PCURVE('',#1628,#2592);
#2592 = DEFINITIONAL_REPRESENTATION('',(#2593),#2601);
#2593 = ( BOUNDED_CURVE() B_SPLINE_CURVE(2,(#2594,#2595,#2596,#2597,
#2598,#2599,#2600),.UNSPECIFIED.,.T.,.F.) B_SPLINE_CURVE_WITH_KNOTS((1,2
    ,2,2,2,1),(-2.094395102393,0.,2.094395102393,4.188790204786,
6.28318530718,8.377580409573),.UNSPECIFIED.) CURVE() 
GEOMETRIC_REPRESENTATION_ITEM() RATIONAL_B_SPLINE_CURVE((1.,0.5,1.,0.5,
1.,0.5,1.)) REPRESENTATION_ITEM('') );
#2594 = CARTESIAN_POINT('',(27.,50.338562172234));
#2595 = CARTESIAN_POINT('',(25.854356076261,50.338562172234));
#2596 = CARTESIAN_POINT('',(26.427178038131,51.330718913883));
#2597 = CARTESIAN_POINT('',(27.,52.322875655532));
#2598 = CARTESIAN_POINT('',(27.572821961869,51.330718913883));
#2599 = CARTESIAN_POINT('',(28.145643923739,50.338562172234));
#2600 = CARTESIAN_POINT('',(27.,50.338562172234));
#2601 = ( GEOMETRIC_REPRESENTATION_CONTEXT(2) 
PARAMETRIC_REPRESENTATION_CONTEXT() REPRESENTATION_CONTEXT('2D SPACE',''
  ) );
#2602 = PCURVE('',#1583,#2603);
#2603 = DEFINITIONAL_REPRESENTATION('',(#2604),#2608);
#2604 = LINE('',#2605,#2606);
#2605 = CARTESIAN_POINT('',(-6.28318530718,-0.848062078981));
#2606 = VECTOR('',#2607,1.);
#2607 = DIRECTION('',(1.,-0.));
#2608 = ( GEOMETRIC_REPRESENTATION_CONTEXT(2) 
PARAMETRIC_REPRESENTATION_CONTEXT() REPRESENTATION_CONTEXT('2D SPACE',''
  ) );
#2609 = ORIENTED_EDGE('',*,*,#2610,.F.);
#2610 = EDGE_CURVE('',#2611,#2583,#2613,.T.);
#2611 = VERTEX_POINT('',#2612);
#2612 = CARTESIAN_POINT('',(24.338562172234,15.25,32.661437827766));
#2613 = SURFACE_CURVE('',#2614,(#2618,#2624),.PCURVE_S1.);
#2614 = LINE('',#2615,#2616);
#2615 = CARTESIAN_POINT('',(24.338562172234,15.25,31.));
#2616 = VECTOR('',#2617,1.);
#2617 = DIRECTION('',(0.,0.,1.));
#2618 = PCURVE('',#1628,#2619);
#2619 = DEFINITIONAL_REPRESENTATION('',(#2620),#2623);
#2620 = B_SPLINE_CURVE_WITH_KNOTS('',1,(#2621,#2622),.UNSPECIFIED.,.F.,
  .F.,(2,2),(0.9999994,27.0000006),.PIECEWISE_BEZIER_KNOTS.);
#2621 = CARTESIAN_POINT('',(0.9999994,50.338562172234));
#2622 = CARTESIAN_POINT('',(27.0000006,50.338562172234));
#2623 = ( GEOMETRIC_REPRESENTATION_CONTEXT(2) 
PARAMETRIC_REPRESENTATION_CONTEXT() REPRESENTATION_CONTEXT('2D SPACE',''
  ) );
#2624 = PCURVE('',#2625,#2630);
#2625 = CYLINDRICAL_SURFACE('',#2626,1.);
#2626 = AXIS2_PLACEMENT_3D('',#2627,#2628,#2629);
#2627 = CARTESIAN_POINT('',(25.,14.5,31.));
#2628 = DIRECTION('',(0.,0.,1.));
#2629 = DIRECTION('',(-1.,-0.,0.));
#2630 = DEFINITIONAL_REPRESENTATION('',(#2631),#2634);
#2631 = B_SPLINE_CURVE_WITH_KNOTS('',1,(#2632,#2633),.UNSPECIFIED.,.F.,
  .F.,(2,2),(0.9999994,27.0000006),.PIECEWISE_BEZIER_KNOTS.);
#2632 = CARTESIAN_POINT('',(-0.848062078981,0.9999994));
#2633 = CARTESIAN_POINT('',(-0.848062078981,27.0000006));
#2634 = ( GEOMETRIC_REPRESENTATION_CONTEXT(2) 
PARAMETRIC_REPRESENTATION_CONTEXT() REPRESENTATION_CONTEXT('2D SPACE',''
  ) );
#2635 = ORIENTED_EDGE('',*,*,#2636,.F.);
#2636 = EDGE_CURVE('',#2637,#2611,#2639,.T.);
#2637 = VERTEX_POINT('',#2638);
#2638 = CARTESIAN_POINT('',(-24.33856217223,15.25,32.661437827766));
#2639 = SURFACE_CURVE('',#2640,(#2644,#2650),.PCURVE_S1.);
#2640 = LINE('',#2641,#2642);
#2641 = CARTESIAN_POINT('',(-26.,15.25,32.661437827766));
#2642 = VECTOR('',#2643,1.);
#2643 = DIRECTION('',(1.,0.,-0.));
#2644 = PCURVE('',#1628,#2645);
#2645 = DEFINITIONAL_REPRESENTATION('',(#2646),#2649);
#2646 = B_SPLINE_CURVE_WITH_KNOTS('',1,(#2647,#2648),.UNSPECIFIED.,.F.,
  .F.,(2,2),(0.9999994,51.0000006),.PIECEWISE_BEZIER_KNOTS.);
#2647 = CARTESIAN_POINT('',(1.661437827766,0.9999994));
#2648 = CARTESIAN_POINT('',(1.661437827766,51.0000006));
#2649 = ( GEOMETRIC_REPRESENTATION_CONTEXT(2) 
PARAMETRIC_REPRESENTATION_CONTEXT() REPRESENTATION_CONTEXT('2D SPACE',''
  ) );
#2650 = PCURVE('',#2651,#2656);
#2651 = CYLINDRICAL_SURFACE('',#2652,1.);
#2652 = AXIS2_PLACEMENT_3D('',#2653,#2654,#2655);
#2653 = CARTESIAN_POINT('',(-26.,14.5,32.));
#2654 = DIRECTION('',(1.,0.,-0.));
#2655 = DIRECTION('',(0.,1.,0.));
#2656 = DEFINITIONAL_REPRESENTATION('',(#2657),#2660);
#2657 = B_SPLINE_CURVE_WITH_KNOTS('',1,(#2658,#2659),.UNSPECIFIED.,.F.,
  .F.,(2,2),(0.9999994,51.0000006),.PIECEWISE_BEZIER_KNOTS.);
#2658 = CARTESIAN_POINT('',(0.722734247813,0.9999994));
#2659 = CARTESIAN_POINT('',(0.722734247813,51.0000006));
#2660 = ( GEOMETRIC_REPRESENTATION_CONTEXT(2) 
PARAMETRIC_REPRESENTATION_CONTEXT() REPRESENTATION_CONTEXT('2D SPACE',''
  ) );
#2661 = ORIENTED_EDGE('',*,*,#2662,.T.);
#2662 = EDGE_CURVE('',#2637,#1717,#2663,.T.);
#2663 = SURFACE_CURVE('',#2664,(#2668,#2674),.PCURVE_S1.);
#2664 = LINE('',#2665,#2666);
#2665 = CARTESIAN_POINT('',(-24.33856217223,15.25,31.));
#2666 = VECTOR('',#2667,1.);
#2667 = DIRECTION('',(0.,0.,1.));
#2668 = PCURVE('',#1628,#2669);
#2669 = DEFINITIONAL_REPRESENTATION('',(#2670),#2673);
#2670 = B_SPLINE_CURVE_WITH_KNOTS('',1,(#2671,#2672),.UNSPECIFIED.,.F.,
  .F.,(2,2),(0.9999994,27.0000006),.PIECEWISE_BEZIER_KNOTS.);
#2671 = CARTESIAN_POINT('',(0.9999994,1.661437827766));
#2672 = CARTESIAN_POINT('',(27.0000006,1.661437827766));
#2673 = ( GEOMETRIC_REPRESENTATION_CONTEXT(2) 
PARAMETRIC_REPRESENTATION_CONTEXT() REPRESENTATION_CONTEXT('2D SPACE',''
  ) );
#2674 = PCURVE('',#1734,#2675);
#2675 = DEFINITIONAL_REPRESENTATION('',(#2676),#2679);
#2676 = B_SPLINE_CURVE_WITH_KNOTS('',1,(#2677,#2678),.UNSPECIFIED.,.F.,
  .F.,(2,2),(0.9999994,27.0000006),.PIECEWISE_BEZIER_KNOTS.);
#2677 = CARTESIAN_POINT('',(0.848062078981,0.9999994));
#2678 = CARTESIAN_POINT('',(0.848062078981,27.0000006));
#2679 = ( GEOMETRIC_REPRESENTATION_CONTEXT(2) 
PARAMETRIC_REPRESENTATION_CONTEXT() REPRESENTATION_CONTEXT('2D SPACE',''
  ) );
#2680 = FACE_BOUND('',#2681,.F.);
#2681 = EDGE_LOOP('',(#2682));
#2682 = ORIENTED_EDGE('',*,*,#2472,.T.);
#2683 = FACE_BOUND('',#2684,.F.);
#2684 = EDGE_LOOP('',(#2685));
#2685 = ORIENTED_EDGE('',*,*,#2526,.T.);
#2686 = ADVANCED_FACE('',(#2687),#1583,.T.);
#2687 = FACE_BOUND('',#2688,.F.);
#2688 = EDGE_LOOP('',(#2689,#2711,#2712,#2713,#2735));
#2689 = ORIENTED_EDGE('',*,*,#2690,.F.);
#2690 = EDGE_CURVE('',#2583,#2691,#2693,.T.);
#2691 = VERTEX_POINT('',#2692);
#2692 = CARTESIAN_POINT('',(24.,14.5,58.));
#2693 = SURFACE_CURVE('',#2694,(#2699,#2705),.PCURVE_S1.);
#2694 = CIRCLE('',#2695,1.);
#2695 = AXIS2_PLACEMENT_3D('',#2696,#2697,#2698);
#2696 = CARTESIAN_POINT('',(25.,14.5,58.));
#2697 = DIRECTION('',(0.,0.,1.));
#2698 = DIRECTION('',(-1.,-0.,0.));
#2699 = PCURVE('',#1583,#2700);
#2700 = DEFINITIONAL_REPRESENTATION('',(#2701),#2704);
#2701 = B_SPLINE_CURVE_WITH_KNOTS('',1,(#2702,#2703),.UNSPECIFIED.,.F.,
  .F.,(2,2),(4.712388980385,6.28318530718),.PIECEWISE_BEZIER_KNOTS.);
#2702 = CARTESIAN_POINT('',(0.,-1.570796326795));
#2703 = CARTESIAN_POINT('',(0.,0.));
#2704 = ( GEOMETRIC_REPRESENTATION_CONTEXT(2) 
PARAMETRIC_REPRESENTATION_CONTEXT() REPRESENTATION_CONTEXT('2D SPACE',''
  ) );
#2705 = PCURVE('',#2625,#2706);
#2706 = DEFINITIONAL_REPRESENTATION('',(#2707),#2710);
#2707 = B_SPLINE_CURVE_WITH_KNOTS('',1,(#2708,#2709),.UNSPECIFIED.,.F.,
  .F.,(2,2),(4.712388980385,6.28318530718),.PIECEWISE_BEZIER_KNOTS.);
#2708 = CARTESIAN_POINT('',(-1.570796326795,27.));
#2709 = CARTESIAN_POINT('',(0.,27.));
#2710 = ( GEOMETRIC_REPRESENTATION_CONTEXT(2) 
PARAMETRIC_REPRESENTATION_CONTEXT() REPRESENTATION_CONTEXT('2D SPACE',''
  ) );
#2711 = ORIENTED_EDGE('',*,*,#2582,.F.);
#2712 = ORIENTED_EDGE('',*,*,#1533,.T.);
#2713 = ORIENTED_EDGE('',*,*,#2714,.T.);
#2714 = EDGE_CURVE('',#1508,#2715,#2717,.T.);
#2715 = VERTEX_POINT('',#2716);
#2716 = CARTESIAN_POINT('',(25.,14.5,59.));
#2717 = SURFACE_CURVE('',#2718,(#2723,#2729),.PCURVE_S1.);
#2718 = CIRCLE('',#2719,1.);
#2719 = AXIS2_PLACEMENT_3D('',#2720,#2721,#2722);
#2720 = CARTESIAN_POINT('',(25.,14.5,58.));
#2721 = DIRECTION('',(1.,0.,6.123233995737E-17));
#2722 = DIRECTION('',(-6.123233995737E-17,-0.,1.));
#2723 = PCURVE('',#1583,#2724);
#2724 = DEFINITIONAL_REPRESENTATION('',(#2725),#2728);
#2725 = B_SPLINE_CURVE_WITH_KNOTS('',1,(#2726,#2727),.UNSPECIFIED.,.F.,
  .F.,(2,2),(4.712388980385,6.28318530718),.PIECEWISE_BEZIER_KNOTS.);
#2726 = CARTESIAN_POINT('',(-1.570796326795,-1.570796326795));
#2727 = CARTESIAN_POINT('',(-1.570796326795,0.));
#2728 = ( GEOMETRIC_REPRESENTATION_CONTEXT(2) 
PARAMETRIC_REPRESENTATION_CONTEXT() REPRESENTATION_CONTEXT('2D SPACE',''
  ) );
#2729 = PCURVE('',#1522,#2730);
#2730 = DEFINITIONAL_REPRESENTATION('',(#2731),#2734);
#2731 = B_SPLINE_CURVE_WITH_KNOTS('',1,(#2732,#2733),.UNSPECIFIED.,.F.,
  .F.,(2,2),(4.712388980385,6.28318530718),.PIECEWISE_BEZIER_KNOTS.);
#2732 = CARTESIAN_POINT('',(0.,1.));
#2733 = CARTESIAN_POINT('',(1.570796326795,1.));
#2734 = ( GEOMETRIC_REPRESENTATION_CONTEXT(2) 
PARAMETRIC_REPRESENTATION_CONTEXT() REPRESENTATION_CONTEXT('2D SPACE',''
  ) );
#2735 = ORIENTED_EDGE('',*,*,#2736,.F.);
#2736 = EDGE_CURVE('',#2691,#2715,#2737,.T.);
#2737 = SURFACE_CURVE('',#2738,(#2743,#2750),.PCURVE_S1.);
#2738 = CIRCLE('',#2739,1.);
#2739 = AXIS2_PLACEMENT_3D('',#2740,#2741,#2742);
#2740 = CARTESIAN_POINT('',(25.,14.5,58.));
#2741 = DIRECTION('',(-0.,1.,0.));
#2742 = DIRECTION('',(-1.,-0.,0.));
#2743 = PCURVE('',#1583,#2744);
#2744 = DEFINITIONAL_REPRESENTATION('',(#2745),#2749);
#2745 = LINE('',#2746,#2747);
#2746 = CARTESIAN_POINT('',(-0.,0.));
#2747 = VECTOR('',#2748,1.);
#2748 = DIRECTION('',(-1.,0.));
#2749 = ( GEOMETRIC_REPRESENTATION_CONTEXT(2) 
PARAMETRIC_REPRESENTATION_CONTEXT() REPRESENTATION_CONTEXT('2D SPACE',''
  ) );
#2750 = PCURVE('',#2751,#2756);
#2751 = CYLINDRICAL_SURFACE('',#2752,1.);
#2752 = AXIS2_PLACEMENT_3D('',#2753,#2754,#2755);
#2753 = CARTESIAN_POINT('',(25.,-3.5,58.));
#2754 = DIRECTION('',(-0.,1.,0.));
#2755 = DIRECTION('',(-1.,-0.,0.));
#2756 = DEFINITIONAL_REPRESENTATION('',(#2757),#2761);
#2757 = LINE('',#2758,#2759);
#2758 = CARTESIAN_POINT('',(0.,18.));
#2759 = VECTOR('',#2760,1.);
#2760 = DIRECTION('',(1.,0.));
#2761 = ( GEOMETRIC_REPRESENTATION_CONTEXT(2) 
PARAMETRIC_REPRESENTATION_CONTEXT() REPRESENTATION_CONTEXT('2D SPACE',''
  ) );
#2762 = ADVANCED_FACE('',(#2763),#1522,.T.);
#2763 = FACE_BOUND('',#2764,.T.);
#2764 = EDGE_LOOP('',(#2765,#2766,#2767,#2795,#2822,#2850,#2887));
#2765 = ORIENTED_EDGE('',*,*,#1507,.F.);
#2766 = ORIENTED_EDGE('',*,*,#2714,.T.);
#2767 = ORIENTED_EDGE('',*,*,#2768,.T.);
#2768 = EDGE_CURVE('',#2715,#2769,#2771,.T.);
#2769 = VERTEX_POINT('',#2770);
#2770 = CARTESIAN_POINT('',(26.,14.5,59.));
#2771 = SURFACE_CURVE('',#2772,(#2776,#2783),.PCURVE_S1.);
#2772 = LINE('',#2773,#2774);
#2773 = CARTESIAN_POINT('',(24.,14.5,59.));
#2774 = VECTOR('',#2775,1.);
#2775 = DIRECTION('',(1.,0.,-0.));
#2776 = PCURVE('',#1522,#2777);
#2777 = DEFINITIONAL_REPRESENTATION('',(#2778),#2782);
#2778 = LINE('',#2779,#2780);
#2779 = CARTESIAN_POINT('',(1.570796326795,0.));
#2780 = VECTOR('',#2781,1.);
#2781 = DIRECTION('',(0.,1.));
#2782 = ( GEOMETRIC_REPRESENTATION_CONTEXT(2) 
PARAMETRIC_REPRESENTATION_CONTEXT() REPRESENTATION_CONTEXT('2D SPACE',''
  ) );
#2783 = PCURVE('',#2784,#2789);
#2784 = PLANE('',#2785);
#2785 = AXIS2_PLACEMENT_3D('',#2786,#2787,#2788);
#2786 = CARTESIAN_POINT('',(24.,-3.5,59.));
#2787 = DIRECTION('',(0.,0.,1.));
#2788 = DIRECTION('',(1.,0.,-0.));
#2789 = DEFINITIONAL_REPRESENTATION('',(#2790),#2794);
#2790 = LINE('',#2791,#2792);
#2791 = CARTESIAN_POINT('',(0.,18.));
#2792 = VECTOR('',#2793,1.);
#2793 = DIRECTION('',(1.,0.));
#2794 = ( GEOMETRIC_REPRESENTATION_CONTEXT(2) 
PARAMETRIC_REPRESENTATION_CONTEXT() REPRESENTATION_CONTEXT('2D SPACE',''
  ) );
#2795 = ORIENTED_EDGE('',*,*,#2796,.F.);
#2796 = EDGE_CURVE('',#2797,#2769,#2799,.T.);
#2797 = VERTEX_POINT('',#2798);
#2798 = CARTESIAN_POINT('',(26.,15.5,58.));
#2799 = SURFACE_CURVE('',#2800,(#2805,#2811),.PCURVE_S1.);
#2800 = CIRCLE('',#2801,1.);
#2801 = AXIS2_PLACEMENT_3D('',#2802,#2803,#2804);
#2802 = CARTESIAN_POINT('',(26.,14.5,58.));
#2803 = DIRECTION('',(1.,0.,-6.123233995737E-17));
#2804 = DIRECTION('',(6.123233995737E-17,0.,1.));
#2805 = PCURVE('',#1522,#2806);
#2806 = DEFINITIONAL_REPRESENTATION('',(#2807),#2810);
#2807 = B_SPLINE_CURVE_WITH_KNOTS('',1,(#2808,#2809),.UNSPECIFIED.,.F.,
  .F.,(2,2),(4.712388980385,6.28318530718),.PIECEWISE_BEZIER_KNOTS.);
#2808 = CARTESIAN_POINT('',(0.,2.));
#2809 = CARTESIAN_POINT('',(1.570796326795,2.));
#2810 = ( GEOMETRIC_REPRESENTATION_CONTEXT(2) 
PARAMETRIC_REPRESENTATION_CONTEXT() REPRESENTATION_CONTEXT('2D SPACE',''
  ) );
#2811 = PCURVE('',#2812,#2817);
#2812 = SPHERICAL_SURFACE('',#2813,1.);
#2813 = AXIS2_PLACEMENT_3D('',#2814,#2815,#2816);
#2814 = CARTESIAN_POINT('',(26.,14.5,58.));
#2815 = DIRECTION('',(0.,-1.,-0.));
#2816 = DIRECTION('',(1.,0.,0.));
#2817 = DEFINITIONAL_REPRESENTATION('',(#2818),#2821);
#2818 = B_SPLINE_CURVE_WITH_KNOTS('',1,(#2819,#2820),.UNSPECIFIED.,.F.,
  .F.,(2,2),(4.712388980385,6.28318530718),.PIECEWISE_BEZIER_KNOTS.);
#2819 = CARTESIAN_POINT('',(1.570796326795,-1.570796326795));
#2820 = CARTESIAN_POINT('',(1.570796326795,0.));
#2821 = ( GEOMETRIC_REPRESENTATION_CONTEXT(2) 
PARAMETRIC_REPRESENTATION_CONTEXT() REPRESENTATION_CONTEXT('2D SPACE',''
  ) );
#2822 = ORIENTED_EDGE('',*,*,#2823,.F.);
#2823 = EDGE_CURVE('',#2824,#2797,#2826,.T.);
#2824 = VERTEX_POINT('',#2825);
#2825 = CARTESIAN_POINT('',(25.780947501931,15.5,58.));
#2826 = SURFACE_CURVE('',#2827,(#2831,#2838),.PCURVE_S1.);
#2827 = LINE('',#2828,#2829);
#2828 = CARTESIAN_POINT('',(24.,15.5,58.));
#2829 = VECTOR('',#2830,1.);
#2830 = DIRECTION('',(1.,0.,-0.));
#2831 = PCURVE('',#1522,#2832);
#2832 = DEFINITIONAL_REPRESENTATION('',(#2833),#2837);
#2833 = LINE('',#2834,#2835);
#2834 = CARTESIAN_POINT('',(0.,0.));
#2835 = VECTOR('',#2836,1.);
#2836 = DIRECTION('',(0.,1.));
#2837 = ( GEOMETRIC_REPRESENTATION_CONTEXT(2) 
PARAMETRIC_REPRESENTATION_CONTEXT() REPRESENTATION_CONTEXT('2D SPACE',''
  ) );
#2838 = PCURVE('',#2839,#2844);
#2839 = PLANE('',#2840);
#2840 = AXIS2_PLACEMENT_3D('',#2841,#2842,#2843);
#2841 = CARTESIAN_POINT('',(24.,15.5,31.));
#2842 = DIRECTION('',(-0.,1.,0.));
#2843 = DIRECTION('',(0.,0.,1.));
#2844 = DEFINITIONAL_REPRESENTATION('',(#2845),#2849);
#2845 = LINE('',#2846,#2847);
#2846 = CARTESIAN_POINT('',(27.,0.));
#2847 = VECTOR('',#2848,1.);
#2848 = DIRECTION('',(0.,1.));
#2849 = ( GEOMETRIC_REPRESENTATION_CONTEXT(2) 
PARAMETRIC_REPRESENTATION_CONTEXT() REPRESENTATION_CONTEXT('2D SPACE',''
  ) );
#2850 = ORIENTED_EDGE('',*,*,#2851,.T.);
#2851 = EDGE_CURVE('',#2824,#2852,#2854,.T.);
#2852 = VERTEX_POINT('',#2853);
#2853 = CARTESIAN_POINT('',(25.761130360122,15.479795897113,58.2));
#2854 = SURFACE_CURVE('',#2855,(#2862,#2872),.PCURVE_S1.);
#2855 = B_SPLINE_CURVE_WITH_KNOTS('',5,(#2856,#2857,#2858,#2859,#2860,
    #2861),.UNSPECIFIED.,.F.,.F.,(6,6),(0.,1.),
  .PIECEWISE_BEZIER_KNOTS.);
#2856 = CARTESIAN_POINT('',(25.780947501931,15.5,58.));
#2857 = CARTESIAN_POINT('',(25.780947501931,15.5,58.04062727273));
#2858 = CARTESIAN_POINT('',(25.778994014889,15.497936760444,
    58.081266489841));
#2859 = CARTESIAN_POINT('',(25.775085838216,15.493807983738,
    58.121586854592));
#2860 = CARTESIAN_POINT('',(25.769164936871,15.487702614994,
    58.161265272349));
#2861 = CARTESIAN_POINT('',(25.761130235667,15.479795774639,58.2000006)
  );
#2862 = PCURVE('',#1522,#2863);
#2863 = DEFINITIONAL_REPRESENTATION('',(#2864),#2871);
#2864 = B_SPLINE_CURVE_WITH_KNOTS('',5,(#2865,#2866,#2867,#2868,#2869,
    #2870),.UNSPECIFIED.,.F.,.F.,(6,6),(0.,1.),
  .PIECEWISE_BEZIER_KNOTS.);
#2865 = CARTESIAN_POINT('',(0.,1.780947501931));
#2866 = CARTESIAN_POINT('',(4.062727273032E-02,1.780947501931));
#2867 = CARTESIAN_POINT('',(8.126647352872E-02,1.778994014889));
#2868 = CARTESIAN_POINT('',(0.121726610802,1.775085838216));
#2869 = CARTESIAN_POINT('',(0.161824449986,1.769164936871));
#2870 = CARTESIAN_POINT('',(0.201358533163,1.761130235667));
#2871 = ( GEOMETRIC_REPRESENTATION_CONTEXT(2) 
PARAMETRIC_REPRESENTATION_CONTEXT() REPRESENTATION_CONTEXT('2D SPACE',''
  ) );
#2872 = PCURVE('',#2873,#2878);
#2873 = CYLINDRICAL_SURFACE('',#2874,0.8);
#2874 = AXIS2_PLACEMENT_3D('',#2875,#2876,#2877);
#2875 = CARTESIAN_POINT('',(25.2,16.05,31.));
#2876 = DIRECTION('',(0.,0.,1.));
#2877 = DIRECTION('',(1.,0.,-0.));
#2878 = DEFINITIONAL_REPRESENTATION('',(#2879),#2886);
#2879 = B_SPLINE_CURVE_WITH_KNOTS('',5,(#2880,#2881,#2882,#2883,#2884,
    #2885),.UNSPECIFIED.,.F.,.F.,(6,6),(0.,1.),
  .PIECEWISE_BEZIER_KNOTS.);
#2880 = CARTESIAN_POINT('',(-0.758040765426,27.));
#2881 = CARTESIAN_POINT('',(-0.758040765426,27.04062727273));
#2882 = CARTESIAN_POINT('',(-0.761592232112,27.081266489841));
#2883 = CARTESIAN_POINT('',(-0.76869936941,27.121586854592));
#2884 = CARTESIAN_POINT('',(-0.779327680555,27.161265272349));
#2885 = CARTESIAN_POINT('',(-0.793418598943,27.2000006));
#2886 = ( GEOMETRIC_REPRESENTATION_CONTEXT(2) 
PARAMETRIC_REPRESENTATION_CONTEXT() REPRESENTATION_CONTEXT('2D SPACE',''
  ) );
#2887 = ORIENTED_EDGE('',*,*,#2888,.T.);
#2888 = EDGE_CURVE('',#2852,#1481,#2889,.T.);
#2889 = SURFACE_CURVE('',#2890,(#2913,#2939),.PCURVE_S1.);
#2890 = B_SPLINE_CURVE_WITH_KNOTS('',6,(#2891,#2892,#2893,#2894,#2895,
    #2896,#2897,#2898,#2899,#2900,#2901,#2902,#2903,#2904,#2905,#2906,
    #2907,#2908,#2909,#2910,#2911,#2912),.UNSPECIFIED.,.F.,.F.,(7,5,5,5,
    7),(0.,0.186247371509,0.341173955277,0.529562381632,1.),
  .UNSPECIFIED.);
#2891 = CARTESIAN_POINT('',(25.761130360122,15.479795897113,58.2));
#2892 = CARTESIAN_POINT('',(25.756481415641,15.475220931978,
    58.222412660345));
#2893 = CARTESIAN_POINT('',(25.750112567187,15.470100246033,
    58.244358960183));
#2894 = CARTESIAN_POINT('',(25.742097105199,15.46450559771,
    58.265667731467));
#2895 = CARTESIAN_POINT('',(25.732544876286,15.458529522695,
    58.286209341998));
#2896 = CARTESIAN_POINT('',(25.721586814418,15.452273268627,
    58.305890410831));
#2897 = CARTESIAN_POINT('',(25.699188373538,15.440478945074,
    58.340252128248));
#2898 = CARTESIAN_POINT('',(25.688137981153,15.434996457806,
    58.355218763144));
#2899 = CARTESIAN_POINT('',(25.676285063269,15.429442860989,
    58.369515461274));
#2900 = CARTESIAN_POINT('',(25.663706915946,15.423871150453,
    58.38312517573));
#2901 = CARTESIAN_POINT('',(25.650477590901,15.418329695751,
    58.39604297798));
#2902 = CARTESIAN_POINT('',(25.619867152008,15.406209398838,
    58.42314287672));
#2903 = CARTESIAN_POINT('',(25.602207505753,15.399665406168,
    58.436994511056));
#2904 = CARTESIAN_POINT('',(25.58380447354,15.39330313942,
    58.449835346273));
#2905 = CARTESIAN_POINT('',(25.564765971026,15.387184932727,
    58.461687298091));
#2906 = CARTESIAN_POINT('',(25.545185807218,15.381361073722,
    58.472580291768));
#2907 = CARTESIAN_POINT('',(25.475085570374,15.36215901601,
    58.507433950657));
#2908 = CARTESIAN_POINT('',(25.422201386205,15.350544010626,
    58.526508555179));
#2909 = CARTESIAN_POINT('',(25.367585092496,15.341591240503,
    58.540359863752));
#2910 = CARTESIAN_POINT('',(25.312012905217,15.335572316471,
    58.549407748461));
#2911 = CARTESIAN_POINT('',(25.256039198513,15.332556018006,
    58.553940860456));
#2912 = CARTESIAN_POINT('',(25.2,15.332556018006,58.553940860456));
#2913 = PCURVE('',#1522,#2914);
#2914 = DEFINITIONAL_REPRESENTATION('',(#2915),#2938);
#2915 = B_SPLINE_CURVE_WITH_KNOTS('',6,(#2916,#2917,#2918,#2919,#2920,
    #2921,#2922,#2923,#2924,#2925,#2926,#2927,#2928,#2929,#2930,#2931,
    #2932,#2933,#2934,#2935,#2936,#2937),.UNSPECIFIED.,.F.,.F.,(7,5,5,5,
    7),(0.,0.186247371509,0.341173955277,0.529562381632,1.),
  .UNSPECIFIED.);
#2916 = CARTESIAN_POINT('',(0.20135792079,1.761130360122));
#2917 = CARTESIAN_POINT('',(0.224232746466,1.756481415641));
#2918 = CARTESIAN_POINT('',(0.24675968622,1.750112567187));
#2919 = CARTESIAN_POINT('',(0.268778671928,1.742097105199));
#2920 = CARTESIAN_POINT('',(0.290161545531,1.732544876286));
#2921 = CARTESIAN_POINT('',(0.310807763281,1.721586814418));
#2922 = CARTESIAN_POINT('',(0.347137278718,1.699188373538));
#2923 = CARTESIAN_POINT('',(0.363073109942,1.688137981153));
#2924 = CARTESIAN_POINT('',(0.378406512459,1.676285063269));
#2925 = CARTESIAN_POINT('',(0.393109343544,1.663706915946));
#2926 = CARTESIAN_POINT('',(0.407163928208,1.650477590901));
#2927 = CARTESIAN_POINT('',(0.436850728456,1.619867152008));
#2928 = CARTESIAN_POINT('',(0.452167067011,1.602207505753));
#2929 = CARTESIAN_POINT('',(0.466494271015,1.58380447354));
#2930 = CARTESIAN_POINT('',(0.479830017955,1.564765971026));
#2931 = CARTESIAN_POINT('',(0.492181151095,1.545185807218));
#2932 = CARTESIAN_POINT('',(0.531974323353,1.475085570374));
#2933 = CARTESIAN_POINT('',(0.554286105646,1.422201386205));
#2934 = CARTESIAN_POINT('',(0.570778832195,1.367585092496));
#2935 = CARTESIAN_POINT('',(0.58164520455,1.312012905217));
#2936 = CARTESIAN_POINT('',(0.587090272853,1.256039198513));
#2937 = CARTESIAN_POINT('',(0.587090272853,1.2));
#2938 = ( GEOMETRIC_REPRESENTATION_CONTEXT(2) 
PARAMETRIC_REPRESENTATION_CONTEXT() REPRESENTATION_CONTEXT('2D SPACE',''
  ) );
#2939 = PCURVE('',#1496,#2940);
#2940 = DEFINITIONAL_REPRESENTATION('',(#2941),#2964);
#2941 = B_SPLINE_CURVE_WITH_KNOTS('',6,(#2942,#2943,#2944,#2945,#2946,
    #2947,#2948,#2949,#2950,#2951,#2952,#2953,#2954,#2955,#2956,#2957,
    #2958,#2959,#2960,#2961,#2962,#2963),.UNSPECIFIED.,.F.,.F.,(7,5,5,5,
    7),(0.,0.186247371509,0.341173955277,0.529562381632,1.),
  .UNSPECIFIED.);
#2942 = CARTESIAN_POINT('',(0.793418380679,-8.881784197001E-15));
#2943 = CARTESIAN_POINT('',(0.801571504196,-2.801582543072E-02));
#2944 = CARTESIAN_POINT('',(0.811735429975,-5.544854087999E-02));
#2945 = CARTESIAN_POINT('',(0.823817455476,-8.212455186713E-02));
#2946 = CARTESIAN_POINT('',(0.837700419404,-0.107911531422));
#2947 = CARTESIAN_POINT('',(0.853251931256,-0.132710528749));
#2948 = CARTESIAN_POINT('',(0.884542685819,-0.176193738546));
#2949 = CARTESIAN_POINT('',(0.899811985468,-0.195207135845));
#2950 = CARTESIAN_POINT('',(0.91606473004,-0.213450185015));
#2951 = CARTESIAN_POINT('',(0.933223969868,-0.230899266819));
#2952 = CARTESIAN_POINT('',(0.951215369078,-0.247542107821));
#2953 = CARTESIAN_POINT('',(0.992775351224,-0.282626809928));
#2954 = CARTESIAN_POINT('',(1.016707801389,-0.300679699914));
#2955 = CARTESIAN_POINT('',(1.04164578339,-0.317528590925));
#2956 = CARTESIAN_POINT('',(1.067474382985,-0.333181572289));
#2957 = CARTESIAN_POINT('',(1.094088971195,-0.347655407697));
#2958 = CARTESIAN_POINT('',(1.189596171398,-0.394223606615));
#2959 = CARTESIAN_POINT('',(1.262035278768,-0.42021042709));
#2960 = CARTESIAN_POINT('',(1.337446559446,-0.439373729939));
#2961 = CARTESIAN_POINT('',(1.414668994707,-0.451983335499));
#2962 = CARTESIAN_POINT('',(1.492686815921,-0.458302117094));
#2963 = CARTESIAN_POINT('',(1.570796326795,-0.458302117094));
#2964 = ( GEOMETRIC_REPRESENTATION_CONTEXT(2) 
PARAMETRIC_REPRESENTATION_CONTEXT() REPRESENTATION_CONTEXT('2D SPACE',''
  ) );
#2965 = ADVANCED_FACE('',(#2966),#1496,.T.);
#2966 = FACE_BOUND('',#2967,.T.);
#2967 = EDGE_LOOP('',(#2968,#2969,#2970,#2971));
#2968 = ORIENTED_EDGE('',*,*,#2334,.F.);
#2969 = ORIENTED_EDGE('',*,*,#1480,.T.);
#2970 = ORIENTED_EDGE('',*,*,#2888,.F.);
#2971 = ORIENTED_EDGE('',*,*,#2972,.F.);
#2972 = EDGE_CURVE('',#2335,#2852,#2973,.T.);
#2973 = SURFACE_CURVE('',#2974,(#2979,#2986),.PCURVE_S1.);
#2974 = CIRCLE('',#2975,0.8);
#2975 = AXIS2_PLACEMENT_3D('',#2976,#2977,#2978);
#2976 = CARTESIAN_POINT('',(25.2,16.05,58.2));
#2977 = DIRECTION('',(0.,0.,-1.));
#2978 = DIRECTION('',(1.,0.,0.));
#2979 = PCURVE('',#1496,#2980);
#2980 = DEFINITIONAL_REPRESENTATION('',(#2981),#2985);
#2981 = LINE('',#2982,#2983);
#2982 = CARTESIAN_POINT('',(0.,0.));
#2983 = VECTOR('',#2984,1.);
#2984 = DIRECTION('',(1.,0.));
#2985 = ( GEOMETRIC_REPRESENTATION_CONTEXT(2) 
PARAMETRIC_REPRESENTATION_CONTEXT() REPRESENTATION_CONTEXT('2D SPACE',''
  ) );
#2986 = PCURVE('',#2873,#2987);
#2987 = DEFINITIONAL_REPRESENTATION('',(#2988),#2992);
#2988 = LINE('',#2989,#2990);
#2989 = CARTESIAN_POINT('',(-0.,27.2));
#2990 = VECTOR('',#2991,1.);
#2991 = DIRECTION('',(-1.,0.));
#2992 = ( GEOMETRIC_REPRESENTATION_CONTEXT(2) 
PARAMETRIC_REPRESENTATION_CONTEXT() REPRESENTATION_CONTEXT('2D SPACE',''
  ) );
#2993 = ADVANCED_FACE('',(#2994),#1734,.T.);
#2994 = FACE_BOUND('',#2995,.T.);
#2995 = EDGE_LOOP('',(#2996,#3024,#3056,#3057));
#2996 = ORIENTED_EDGE('',*,*,#2997,.F.);
#2997 = EDGE_CURVE('',#2998,#1719,#3000,.T.);
#2998 = VERTEX_POINT('',#2999);
#2999 = CARTESIAN_POINT('',(-24.,14.5,33.));
#3000 = SURFACE_CURVE('',#3001,(#3005,#3012),.PCURVE_S1.);
#3001 = LINE('',#3002,#3003);
#3002 = CARTESIAN_POINT('',(-24.,14.5,31.));
#3003 = VECTOR('',#3004,1.);
#3004 = DIRECTION('',(0.,0.,1.));
#3005 = PCURVE('',#1734,#3006);
#3006 = DEFINITIONAL_REPRESENTATION('',(#3007),#3011);
#3007 = LINE('',#3008,#3009);
#3008 = CARTESIAN_POINT('',(0.,0.));
#3009 = VECTOR('',#3010,1.);
#3010 = DIRECTION('',(0.,1.));
#3011 = ( GEOMETRIC_REPRESENTATION_CONTEXT(2) 
PARAMETRIC_REPRESENTATION_CONTEXT() REPRESENTATION_CONTEXT('2D SPACE',''
  ) );
#3012 = PCURVE('',#3013,#3018);
#3013 = PLANE('',#3014);
#3014 = AXIS2_PLACEMENT_3D('',#3015,#3016,#3017);
#3015 = CARTESIAN_POINT('',(-24.,-3.5,31.));
#3016 = DIRECTION('',(1.,0.,-0.));
#3017 = DIRECTION('',(0.,0.,1.));
#3018 = DEFINITIONAL_REPRESENTATION('',(#3019),#3023);
#3019 = LINE('',#3020,#3021);
#3020 = CARTESIAN_POINT('',(0.,-18.));
#3021 = VECTOR('',#3022,1.);
#3022 = DIRECTION('',(1.,0.));
#3023 = ( GEOMETRIC_REPRESENTATION_CONTEXT(2) 
PARAMETRIC_REPRESENTATION_CONTEXT() REPRESENTATION_CONTEXT('2D SPACE',''
  ) );
#3024 = ORIENTED_EDGE('',*,*,#3025,.T.);
#3025 = EDGE_CURVE('',#2998,#2637,#3026,.T.);
#3026 = SURFACE_CURVE('',#3027,(#3032,#3044),.PCURVE_S1.);
#3027 = ELLIPSE('',#3028,1.414213562373,1.);
#3028 = AXIS2_PLACEMENT_3D('',#3029,#3030,#3031);
#3029 = CARTESIAN_POINT('',(-25.,14.5,32.));
#3030 = DIRECTION('',(-0.707106781187,0.,0.707106781187));
#3031 = DIRECTION('',(0.707106781187,0.,0.707106781187));
#3032 = PCURVE('',#1734,#3033);
#3033 = DEFINITIONAL_REPRESENTATION('',(#3034),#3043);
#3034 = B_SPLINE_CURVE_WITH_KNOTS('',7,(#3035,#3036,#3037,#3038,#3039,
    #3040,#3041,#3042),.UNSPECIFIED.,.F.,.F.,(8,8),(0.,1.57079628962),
  .PIECEWISE_BEZIER_KNOTS.);
#3035 = CARTESIAN_POINT('',(0.,2.));
#3036 = CARTESIAN_POINT('',(0.224399469946,2.));
#3037 = CARTESIAN_POINT('',(0.448798939892,1.941251330171));
#3038 = CARTESIAN_POINT('',(0.673198409837,1.823762512967));
#3039 = CARTESIAN_POINT('',(0.897597879783,1.654746841774));
#3040 = CARTESIAN_POINT('',(1.121997349729,1.448798063689));
#3041 = CARTESIAN_POINT('',(1.346396819674,1.224399507121));
#3042 = CARTESIAN_POINT('',(1.57079628962,1.000000037175));
#3043 = ( GEOMETRIC_REPRESENTATION_CONTEXT(2) 
PARAMETRIC_REPRESENTATION_CONTEXT() REPRESENTATION_CONTEXT('2D SPACE',''
  ) );
#3044 = PCURVE('',#2651,#3045);
#3045 = DEFINITIONAL_REPRESENTATION('',(#3046),#3055);
#3046 = B_SPLINE_CURVE_WITH_KNOTS('',7,(#3047,#3048,#3049,#3050,#3051,
    #3052,#3053,#3054),.UNSPECIFIED.,.F.,.F.,(8,8),(0.,1.57079628962),
  .PIECEWISE_BEZIER_KNOTS.);
#3047 = CARTESIAN_POINT('',(1.570796326795,2.));
#3048 = CARTESIAN_POINT('',(1.346396856849,2.));
#3049 = CARTESIAN_POINT('',(1.121997386903,1.941251330171));
#3050 = CARTESIAN_POINT('',(0.897597916958,1.823762512967));
#3051 = CARTESIAN_POINT('',(0.673198447012,1.654746841774));
#3052 = CARTESIAN_POINT('',(0.448798977066,1.448798063689));
#3053 = CARTESIAN_POINT('',(0.224399507121,1.224399507121));
#3054 = CARTESIAN_POINT('',(3.717479302168E-08,1.000000037175));
#3055 = ( GEOMETRIC_REPRESENTATION_CONTEXT(2) 
PARAMETRIC_REPRESENTATION_CONTEXT() REPRESENTATION_CONTEXT('2D SPACE',''
  ) );
#3056 = ORIENTED_EDGE('',*,*,#2662,.T.);
#3057 = ORIENTED_EDGE('',*,*,#1716,.T.);
#3058 = ADVANCED_FACE('',(#3059),#1788,.T.);
#3059 = FACE_BOUND('',#3060,.F.);
#3060 = EDGE_LOOP('',(#3061,#3088,#3089,#3090));
#3061 = ORIENTED_EDGE('',*,*,#3062,.F.);
#3062 = EDGE_CURVE('',#1832,#3063,#3065,.T.);
#3063 = VERTEX_POINT('',#3064);
#3064 = CARTESIAN_POINT('',(-24.,-2.5,58.));
#3065 = SURFACE_CURVE('',#3066,(#3071,#3077),.PCURVE_S1.);
#3066 = CIRCLE('',#3067,1.);
#3067 = AXIS2_PLACEMENT_3D('',#3068,#3069,#3070);
#3068 = CARTESIAN_POINT('',(-25.,-2.5,58.));
#3069 = DIRECTION('',(-0.,1.,0.));
#3070 = DIRECTION('',(1.,0.,0.));
#3071 = PCURVE('',#1788,#3072);
#3072 = DEFINITIONAL_REPRESENTATION('',(#3073),#3076);
#3073 = B_SPLINE_CURVE_WITH_KNOTS('',1,(#3074,#3075),.UNSPECIFIED.,.F.,
  .F.,(2,2),(4.712388980385,6.28318530718),.PIECEWISE_BEZIER_KNOTS.);
#3074 = CARTESIAN_POINT('',(-1.570796326795,1.));
#3075 = CARTESIAN_POINT('',(0.,1.));
#3076 = ( GEOMETRIC_REPRESENTATION_CONTEXT(2) 
PARAMETRIC_REPRESENTATION_CONTEXT() REPRESENTATION_CONTEXT('2D SPACE',''
  ) );
#3077 = PCURVE('',#3078,#3083);
#3078 = SPHERICAL_SURFACE('',#3079,1.);
#3079 = AXIS2_PLACEMENT_3D('',#3080,#3081,#3082);
#3080 = CARTESIAN_POINT('',(-25.,-2.5,58.));
#3081 = DIRECTION('',(-0.,-0.,-1.));
#3082 = DIRECTION('',(1.,0.,0.));
#3083 = DEFINITIONAL_REPRESENTATION('',(#3084),#3087);
#3084 = B_SPLINE_CURVE_WITH_KNOTS('',1,(#3085,#3086),.UNSPECIFIED.,.F.,
  .F.,(2,2),(4.712388980385,6.28318530718),.PIECEWISE_BEZIER_KNOTS.);
#3085 = CARTESIAN_POINT('',(0.,-1.570796326795));
#3086 = CARTESIAN_POINT('',(0.,0.));
#3087 = ( GEOMETRIC_REPRESENTATION_CONTEXT(2) 
PARAMETRIC_REPRESENTATION_CONTEXT() REPRESENTATION_CONTEXT('2D SPACE',''
  ) );
#3088 = ORIENTED_EDGE('',*,*,#1859,.T.);
#3089 = ORIENTED_EDGE('',*,*,#1773,.F.);
#3090 = ORIENTED_EDGE('',*,*,#3091,.F.);
#3091 = EDGE_CURVE('',#3063,#1719,#3092,.T.);
#3092 = SURFACE_CURVE('',#3093,(#3097,#3104),.PCURVE_S1.);
#3093 = LINE('',#3094,#3095);
#3094 = CARTESIAN_POINT('',(-24.,-3.5,58.));
#3095 = VECTOR('',#3096,1.);
#3096 = DIRECTION('',(-0.,1.,0.));
#3097 = PCURVE('',#1788,#3098);
#3098 = DEFINITIONAL_REPRESENTATION('',(#3099),#3103);
#3099 = LINE('',#3100,#3101);
#3100 = CARTESIAN_POINT('',(-0.,0.));
#3101 = VECTOR('',#3102,1.);
#3102 = DIRECTION('',(-0.,1.));
#3103 = ( GEOMETRIC_REPRESENTATION_CONTEXT(2) 
PARAMETRIC_REPRESENTATION_CONTEXT() REPRESENTATION_CONTEXT('2D SPACE',''
  ) );
#3104 = PCURVE('',#3013,#3105);
#3105 = DEFINITIONAL_REPRESENTATION('',(#3106),#3110);
#3106 = LINE('',#3107,#3108);
#3107 = CARTESIAN_POINT('',(27.,0.));
#3108 = VECTOR('',#3109,1.);
#3109 = DIRECTION('',(0.,-1.));
#3110 = ( GEOMETRIC_REPRESENTATION_CONTEXT(2) 
PARAMETRIC_REPRESENTATION_CONTEXT() REPRESENTATION_CONTEXT('2D SPACE',''
  ) );
#3111 = ADVANCED_FACE('',(#3112),#1819,.T.);
#3112 = FACE_BOUND('',#3113,.T.);
#3113 = EDGE_LOOP('',(#3114,#3141,#3142,#3143));
#3114 = ORIENTED_EDGE('',*,*,#3115,.F.);
#3115 = EDGE_CURVE('',#1804,#3116,#3118,.T.);
#3116 = VERTEX_POINT('',#3117);
#3117 = CARTESIAN_POINT('',(-27.,-2.5,58.));
#3118 = SURFACE_CURVE('',#3119,(#3124,#3130),.PCURVE_S1.);
#3119 = CIRCLE('',#3120,1.);
#3120 = AXIS2_PLACEMENT_3D('',#3121,#3122,#3123);
#3121 = CARTESIAN_POINT('',(-26.,-2.5,58.));
#3122 = DIRECTION('',(0.,-1.,0.));
#3123 = DIRECTION('',(-1.,0.,0.));
#3124 = PCURVE('',#1819,#3125);
#3125 = DEFINITIONAL_REPRESENTATION('',(#3126),#3129);
#3126 = B_SPLINE_CURVE_WITH_KNOTS('',1,(#3127,#3128),.UNSPECIFIED.,.F.,
  .F.,(2,2),(4.712388980385,6.28318530718),.PIECEWISE_BEZIER_KNOTS.);
#3127 = CARTESIAN_POINT('',(1.570796326795,1.));
#3128 = CARTESIAN_POINT('',(0.,1.));
#3129 = ( GEOMETRIC_REPRESENTATION_CONTEXT(2) 
PARAMETRIC_REPRESENTATION_CONTEXT() REPRESENTATION_CONTEXT('2D SPACE',''
  ) );
#3130 = PCURVE('',#3131,#3136);
#3131 = SPHERICAL_SURFACE('',#3132,1.);
#3132 = AXIS2_PLACEMENT_3D('',#3133,#3134,#3135);
#3133 = CARTESIAN_POINT('',(-26.,-2.5,58.));
#3134 = DIRECTION('',(-0.,-0.,-1.));
#3135 = DIRECTION('',(-1.,0.,0.));
#3136 = DEFINITIONAL_REPRESENTATION('',(#3137),#3140);
#3137 = B_SPLINE_CURVE_WITH_KNOTS('',1,(#3138,#3139),.UNSPECIFIED.,.F.,
  .F.,(2,2),(4.712388980385,6.28318530718),.PIECEWISE_BEZIER_KNOTS.);
#3138 = CARTESIAN_POINT('',(0.,-1.570796326795));
#3139 = CARTESIAN_POINT('',(0.,0.));
#3140 = ( GEOMETRIC_REPRESENTATION_CONTEXT(2) 
PARAMETRIC_REPRESENTATION_CONTEXT() REPRESENTATION_CONTEXT('2D SPACE',''
  ) );
#3141 = ORIENTED_EDGE('',*,*,#1803,.T.);
#3142 = ORIENTED_EDGE('',*,*,#1907,.F.);
#3143 = ORIENTED_EDGE('',*,*,#3144,.F.);
#3144 = EDGE_CURVE('',#3116,#1885,#3145,.T.);
#3145 = SURFACE_CURVE('',#3146,(#3150,#3157),.PCURVE_S1.);
#3146 = LINE('',#3147,#3148);
#3147 = CARTESIAN_POINT('',(-27.,-3.5,58.));
#3148 = VECTOR('',#3149,1.);
#3149 = DIRECTION('',(-0.,1.,0.));
#3150 = PCURVE('',#1819,#3151);
#3151 = DEFINITIONAL_REPRESENTATION('',(#3152),#3156);
#3152 = LINE('',#3153,#3154);
#3153 = CARTESIAN_POINT('',(0.,0.));
#3154 = VECTOR('',#3155,1.);
#3155 = DIRECTION('',(0.,1.));
#3156 = ( GEOMETRIC_REPRESENTATION_CONTEXT(2) 
PARAMETRIC_REPRESENTATION_CONTEXT() REPRESENTATION_CONTEXT('2D SPACE',''
  ) );
#3157 = PCURVE('',#1948,#3158);
#3158 = DEFINITIONAL_REPRESENTATION('',(#3159),#3163);
#3159 = LINE('',#3160,#3161);
#3160 = CARTESIAN_POINT('',(27.,0.));
#3161 = VECTOR('',#3162,1.);
#3162 = DIRECTION('',(0.,-1.));
#3163 = ( GEOMETRIC_REPRESENTATION_CONTEXT(2) 
PARAMETRIC_REPRESENTATION_CONTEXT() REPRESENTATION_CONTEXT('2D SPACE',''
  ) );
#3164 = ADVANCED_FACE('',(#3165),#1847,.T.);
#3165 = FACE_BOUND('',#3166,.F.);
#3166 = EDGE_LOOP('',(#3167,#3189,#3190,#3212));
#3167 = ORIENTED_EDGE('',*,*,#3168,.F.);
#3168 = EDGE_CURVE('',#1804,#3169,#3171,.T.);
#3169 = VERTEX_POINT('',#3170);
#3170 = CARTESIAN_POINT('',(-26.,-3.5,58.));
#3171 = SURFACE_CURVE('',#3172,(#3177,#3183),.PCURVE_S1.);
#3172 = CIRCLE('',#3173,1.);
#3173 = AXIS2_PLACEMENT_3D('',#3174,#3175,#3176);
#3174 = CARTESIAN_POINT('',(-26.,-2.5,58.));
#3175 = DIRECTION('',(1.,-6.123233995737E-17,0.));
#3176 = DIRECTION('',(-6.123233995737E-17,-1.,0.));
#3177 = PCURVE('',#1847,#3178);
#3178 = DEFINITIONAL_REPRESENTATION('',(#3179),#3182);
#3179 = B_SPLINE_CURVE_WITH_KNOTS('',1,(#3180,#3181),.UNSPECIFIED.,.F.,
  .F.,(2,2),(4.712388980385,6.28318530718),.PIECEWISE_BEZIER_KNOTS.);
#3180 = CARTESIAN_POINT('',(-1.570796326795,1.));
#3181 = CARTESIAN_POINT('',(0.,1.));
#3182 = ( GEOMETRIC_REPRESENTATION_CONTEXT(2) 
PARAMETRIC_REPRESENTATION_CONTEXT() REPRESENTATION_CONTEXT('2D SPACE',''
  ) );
#3183 = PCURVE('',#3131,#3184);
#3184 = DEFINITIONAL_REPRESENTATION('',(#3185),#3188);
#3185 = B_SPLINE_CURVE_WITH_KNOTS('',1,(#3186,#3187),.UNSPECIFIED.,.F.,
  .F.,(2,2),(4.712388980385,6.28318530718),.PIECEWISE_BEZIER_KNOTS.);
#3186 = CARTESIAN_POINT('',(-1.570796326795,-1.570796326795));
#3187 = CARTESIAN_POINT('',(-1.570796326795,0.));
#3188 = ( GEOMETRIC_REPRESENTATION_CONTEXT(2) 
PARAMETRIC_REPRESENTATION_CONTEXT() REPRESENTATION_CONTEXT('2D SPACE',''
  ) );
#3189 = ORIENTED_EDGE('',*,*,#1831,.T.);
#3190 = ORIENTED_EDGE('',*,*,#3191,.T.);
#3191 = EDGE_CURVE('',#1832,#3192,#3194,.T.);
#3192 = VERTEX_POINT('',#3193);
#3193 = CARTESIAN_POINT('',(-25.,-3.5,58.));
#3194 = SURFACE_CURVE('',#3195,(#3200,#3206),.PCURVE_S1.);
#3195 = CIRCLE('',#3196,1.);
#3196 = AXIS2_PLACEMENT_3D('',#3197,#3198,#3199);
#3197 = CARTESIAN_POINT('',(-25.,-2.5,58.));
#3198 = DIRECTION('',(1.,6.123233995737E-17,0.));
#3199 = DIRECTION('',(6.123233995737E-17,-1.,0.));
#3200 = PCURVE('',#1847,#3201);
#3201 = DEFINITIONAL_REPRESENTATION('',(#3202),#3205);
#3202 = B_SPLINE_CURVE_WITH_KNOTS('',1,(#3203,#3204),.UNSPECIFIED.,.F.,
  .F.,(2,2),(4.712388980385,6.28318530718),.PIECEWISE_BEZIER_KNOTS.);
#3203 = CARTESIAN_POINT('',(-1.570796326795,2.));
#3204 = CARTESIAN_POINT('',(0.,2.));
#3205 = ( GEOMETRIC_REPRESENTATION_CONTEXT(2) 
PARAMETRIC_REPRESENTATION_CONTEXT() REPRESENTATION_CONTEXT('2D SPACE',''
  ) );
#3206 = PCURVE('',#3078,#3207);
#3207 = DEFINITIONAL_REPRESENTATION('',(#3208),#3211);
#3208 = B_SPLINE_CURVE_WITH_KNOTS('',1,(#3209,#3210),.UNSPECIFIED.,.F.,
  .F.,(2,2),(4.712388980385,6.28318530718),.PIECEWISE_BEZIER_KNOTS.);
#3209 = CARTESIAN_POINT('',(1.570796326795,-1.570796326795));
#3210 = CARTESIAN_POINT('',(1.570796326795,0.));
#3211 = ( GEOMETRIC_REPRESENTATION_CONTEXT(2) 
PARAMETRIC_REPRESENTATION_CONTEXT() REPRESENTATION_CONTEXT('2D SPACE',''
  ) );
#3212 = ORIENTED_EDGE('',*,*,#3213,.F.);
#3213 = EDGE_CURVE('',#3169,#3192,#3214,.T.);
#3214 = SURFACE_CURVE('',#3215,(#3219,#3226),.PCURVE_S1.);
#3215 = LINE('',#3216,#3217);
#3216 = CARTESIAN_POINT('',(-27.,-3.5,58.));
#3217 = VECTOR('',#3218,1.);
#3218 = DIRECTION('',(1.,0.,-0.));
#3219 = PCURVE('',#1847,#3220);
#3220 = DEFINITIONAL_REPRESENTATION('',(#3221),#3225);
#3221 = LINE('',#3222,#3223);
#3222 = CARTESIAN_POINT('',(-0.,0.));
#3223 = VECTOR('',#3224,1.);
#3224 = DIRECTION('',(-0.,1.));
#3225 = ( GEOMETRIC_REPRESENTATION_CONTEXT(2) 
PARAMETRIC_REPRESENTATION_CONTEXT() REPRESENTATION_CONTEXT('2D SPACE',''
  ) );
#3226 = PCURVE('',#3227,#3232);
#3227 = PLANE('',#3228);
#3228 = AXIS2_PLACEMENT_3D('',#3229,#3230,#3231);
#3229 = CARTESIAN_POINT('',(-27.,-3.5,31.));
#3230 = DIRECTION('',(-0.,1.,0.));
#3231 = DIRECTION('',(0.,0.,1.));
#3232 = DEFINITIONAL_REPRESENTATION('',(#3233),#3237);
#3233 = LINE('',#3234,#3235);
#3234 = CARTESIAN_POINT('',(27.,0.));
#3235 = VECTOR('',#3236,1.);
#3236 = DIRECTION('',(0.,1.));
#3237 = ( GEOMETRIC_REPRESENTATION_CONTEXT(2) 
PARAMETRIC_REPRESENTATION_CONTEXT() REPRESENTATION_CONTEXT('2D SPACE',''
  ) );
#3238 = ADVANCED_FACE('',(#3239),#1948,.F.);
#3239 = FACE_BOUND('',#3240,.F.);
#3240 = EDGE_LOOP('',(#3241,#3269,#3290,#3291));
#3241 = ORIENTED_EDGE('',*,*,#3242,.F.);
#3242 = EDGE_CURVE('',#3243,#3116,#3245,.T.);
#3243 = VERTEX_POINT('',#3244);
#3244 = CARTESIAN_POINT('',(-27.,-2.5,32.));
#3245 = SURFACE_CURVE('',#3246,(#3250,#3257),.PCURVE_S1.);
#3246 = LINE('',#3247,#3248);
#3247 = CARTESIAN_POINT('',(-27.,-2.5,31.));
#3248 = VECTOR('',#3249,1.);
#3249 = DIRECTION('',(0.,0.,1.));
#3250 = PCURVE('',#1948,#3251);
#3251 = DEFINITIONAL_REPRESENTATION('',(#3252),#3256);
#3252 = LINE('',#3253,#3254);
#3253 = CARTESIAN_POINT('',(0.,-1.));
#3254 = VECTOR('',#3255,1.);
#3255 = DIRECTION('',(1.,0.));
#3256 = ( GEOMETRIC_REPRESENTATION_CONTEXT(2) 
PARAMETRIC_REPRESENTATION_CONTEXT() REPRESENTATION_CONTEXT('2D SPACE',''
  ) );
#3257 = PCURVE('',#3258,#3263);
#3258 = CYLINDRICAL_SURFACE('',#3259,1.);
#3259 = AXIS2_PLACEMENT_3D('',#3260,#3261,#3262);
#3260 = CARTESIAN_POINT('',(-26.,-2.5,31.));
#3261 = DIRECTION('',(0.,0.,1.));
#3262 = DIRECTION('',(-1.,-0.,0.));
#3263 = DEFINITIONAL_REPRESENTATION('',(#3264),#3268);
#3264 = LINE('',#3265,#3266);
#3265 = CARTESIAN_POINT('',(0.,0.));
#3266 = VECTOR('',#3267,1.);
#3267 = DIRECTION('',(0.,1.));
#3268 = ( GEOMETRIC_REPRESENTATION_CONTEXT(2) 
PARAMETRIC_REPRESENTATION_CONTEXT() REPRESENTATION_CONTEXT('2D SPACE',''
  ) );
#3269 = ORIENTED_EDGE('',*,*,#3270,.T.);
#3270 = EDGE_CURVE('',#3243,#1933,#3271,.T.);
#3271 = SURFACE_CURVE('',#3272,(#3276,#3283),.PCURVE_S1.);
#3272 = LINE('',#3273,#3274);
#3273 = CARTESIAN_POINT('',(-27.,-3.5,32.));
#3274 = VECTOR('',#3275,1.);
#3275 = DIRECTION('',(-0.,1.,0.));
#3276 = PCURVE('',#1948,#3277);
#3277 = DEFINITIONAL_REPRESENTATION('',(#3278),#3282);
#3278 = LINE('',#3279,#3280);
#3279 = CARTESIAN_POINT('',(1.,0.));
#3280 = VECTOR('',#3281,1.);
#3281 = DIRECTION('',(0.,-1.));
#3282 = ( GEOMETRIC_REPRESENTATION_CONTEXT(2) 
PARAMETRIC_REPRESENTATION_CONTEXT() REPRESENTATION_CONTEXT('2D SPACE',''
  ) );
#3283 = PCURVE('',#2001,#3284);
#3284 = DEFINITIONAL_REPRESENTATION('',(#3285),#3289);
#3285 = LINE('',#3286,#3287);
#3286 = CARTESIAN_POINT('',(-0.,0.));
#3287 = VECTOR('',#3288,1.);
#3288 = DIRECTION('',(-0.,1.));
#3289 = ( GEOMETRIC_REPRESENTATION_CONTEXT(2) 
PARAMETRIC_REPRESENTATION_CONTEXT() REPRESENTATION_CONTEXT('2D SPACE',''
  ) );
#3290 = ORIENTED_EDGE('',*,*,#1932,.T.);
#3291 = ORIENTED_EDGE('',*,*,#3144,.F.);
#3292 = ADVANCED_FACE('',(#3293),#2001,.T.);
#3293 = FACE_BOUND('',#3294,.F.);
#3294 = EDGE_LOOP('',(#3295,#3322,#3347,#3348));
#3295 = ORIENTED_EDGE('',*,*,#3296,.F.);
#3296 = EDGE_CURVE('',#3297,#3243,#3299,.T.);
#3297 = VERTEX_POINT('',#3298);
#3298 = CARTESIAN_POINT('',(-26.,-2.5,31.));
#3299 = SURFACE_CURVE('',#3300,(#3305,#3311),.PCURVE_S1.);
#3300 = CIRCLE('',#3301,1.);
#3301 = AXIS2_PLACEMENT_3D('',#3302,#3303,#3304);
#3302 = CARTESIAN_POINT('',(-26.,-2.5,32.));
#3303 = DIRECTION('',(0.,1.,-0.));
#3304 = DIRECTION('',(-1.,0.,0.));
#3305 = PCURVE('',#2001,#3306);
#3306 = DEFINITIONAL_REPRESENTATION('',(#3307),#3310);
#3307 = B_SPLINE_CURVE_WITH_KNOTS('',1,(#3308,#3309),.UNSPECIFIED.,.F.,
  .F.,(2,2),(4.712388980385,6.28318530718),.PIECEWISE_BEZIER_KNOTS.);
#3308 = CARTESIAN_POINT('',(-1.570796326795,1.));
#3309 = CARTESIAN_POINT('',(0.,1.));
#3310 = ( GEOMETRIC_REPRESENTATION_CONTEXT(2) 
PARAMETRIC_REPRESENTATION_CONTEXT() REPRESENTATION_CONTEXT('2D SPACE',''
  ) );
#3311 = PCURVE('',#3312,#3317);
#3312 = SPHERICAL_SURFACE('',#3313,1.);
#3313 = AXIS2_PLACEMENT_3D('',#3314,#3315,#3316);
#3314 = CARTESIAN_POINT('',(-26.,-2.5,32.));
#3315 = DIRECTION('',(0.,0.,1.));
#3316 = DIRECTION('',(-1.,0.,0.));
#3317 = DEFINITIONAL_REPRESENTATION('',(#3318),#3321);
#3318 = B_SPLINE_CURVE_WITH_KNOTS('',1,(#3319,#3320),.UNSPECIFIED.,.F.,
  .F.,(2,2),(4.712388980385,6.28318530718),.PIECEWISE_BEZIER_KNOTS.);
#3319 = CARTESIAN_POINT('',(0.,-1.570796326795));
#3320 = CARTESIAN_POINT('',(0.,0.));
#3321 = ( GEOMETRIC_REPRESENTATION_CONTEXT(2) 
PARAMETRIC_REPRESENTATION_CONTEXT() REPRESENTATION_CONTEXT('2D SPACE',''
  ) );
#3322 = ORIENTED_EDGE('',*,*,#3323,.T.);
#3323 = EDGE_CURVE('',#3297,#831,#3324,.T.);
#3324 = SURFACE_CURVE('',#3325,(#3329,#3336),.PCURVE_S1.);
#3325 = LINE('',#3326,#3327);
#3326 = CARTESIAN_POINT('',(-26.,-3.5,31.));
#3327 = VECTOR('',#3328,1.);
#3328 = DIRECTION('',(-0.,1.,0.));
#3329 = PCURVE('',#2001,#3330);
#3330 = DEFINITIONAL_REPRESENTATION('',(#3331),#3335);
#3331 = LINE('',#3332,#3333);
#3332 = CARTESIAN_POINT('',(-1.570796326795,0.));
#3333 = VECTOR('',#3334,1.);
#3334 = DIRECTION('',(-0.,1.));
#3335 = ( GEOMETRIC_REPRESENTATION_CONTEXT(2) 
PARAMETRIC_REPRESENTATION_CONTEXT() REPRESENTATION_CONTEXT('2D SPACE',''
  ) );
#3336 = PCURVE('',#3337,#3342);
#3337 = CYLINDRICAL_SURFACE('',#3338,1.);
#3338 = AXIS2_PLACEMENT_3D('',#3339,#3340,#3341);
#3339 = CARTESIAN_POINT('',(-25.,-3.5,31.));
#3340 = DIRECTION('',(-0.,1.,0.));
#3341 = DIRECTION('',(-1.,-0.,0.));
#3342 = DEFINITIONAL_REPRESENTATION('',(#3343),#3346);
#3343 = B_SPLINE_CURVE_WITH_KNOTS('',1,(#3344,#3345),.UNSPECIFIED.,.F.,
  .F.,(2,2),(1.,18.),.PIECEWISE_BEZIER_KNOTS.);
#3344 = CARTESIAN_POINT('',(0.,1.));
#3345 = CARTESIAN_POINT('',(0.,18.));
#3346 = ( GEOMETRIC_REPRESENTATION_CONTEXT(2) 
PARAMETRIC_REPRESENTATION_CONTEXT() REPRESENTATION_CONTEXT('2D SPACE',''
  ) );
#3347 = ORIENTED_EDGE('',*,*,#1987,.T.);
#3348 = ORIENTED_EDGE('',*,*,#3270,.F.);
#3349 = ADVANCED_FACE('',(#3350),#2063,.T.);
#3350 = FACE_BOUND('',#3351,.T.);
#3351 = EDGE_LOOP('',(#3352,#3380,#3381,#3382));
#3352 = ORIENTED_EDGE('',*,*,#3353,.F.);
#3353 = EDGE_CURVE('',#2019,#3354,#3356,.T.);
#3354 = VERTEX_POINT('',#3355);
#3355 = CARTESIAN_POINT('',(25.,15.5,31.));
#3356 = SURFACE_CURVE('',#3357,(#3361,#3368),.PCURVE_S1.);
#3357 = LINE('',#3358,#3359);
#3358 = CARTESIAN_POINT('',(-26.,15.5,31.));
#3359 = VECTOR('',#3360,1.);
#3360 = DIRECTION('',(1.,0.,-0.));
#3361 = PCURVE('',#2063,#3362);
#3362 = DEFINITIONAL_REPRESENTATION('',(#3363),#3367);
#3363 = LINE('',#3364,#3365);
#3364 = CARTESIAN_POINT('',(1.,0.));
#3365 = VECTOR('',#3366,1.);
#3366 = DIRECTION('',(0.,1.));
#3367 = ( GEOMETRIC_REPRESENTATION_CONTEXT(2) 
PARAMETRIC_REPRESENTATION_CONTEXT() REPRESENTATION_CONTEXT('2D SPACE',''
  ) );
#3368 = PCURVE('',#3369,#3374);
#3369 = CYLINDRICAL_SURFACE('',#3370,1.);
#3370 = AXIS2_PLACEMENT_3D('',#3371,#3372,#3373);
#3371 = CARTESIAN_POINT('',(-26.,14.5,31.));
#3372 = DIRECTION('',(1.,0.,-0.));
#3373 = DIRECTION('',(0.,1.,0.));
#3374 = DEFINITIONAL_REPRESENTATION('',(#3375),#3379);
#3375 = LINE('',#3376,#3377);
#3376 = CARTESIAN_POINT('',(-0.,0.));
#3377 = VECTOR('',#3378,1.);
#3378 = DIRECTION('',(-0.,1.));
#3379 = ( GEOMETRIC_REPRESENTATION_CONTEXT(2) 
PARAMETRIC_REPRESENTATION_CONTEXT() REPRESENTATION_CONTEXT('2D SPACE',''
  ) );
#3380 = ORIENTED_EDGE('',*,*,#2047,.T.);
#3381 = ORIENTED_EDGE('',*,*,#2175,.T.);
#3382 = ORIENTED_EDGE('',*,*,#3383,.F.);
#3383 = EDGE_CURVE('',#3354,#2139,#3384,.T.);
#3384 = SURFACE_CURVE('',#3385,(#3389,#3396),.PCURVE_S1.);
#3385 = LINE('',#3386,#3387);
#3386 = CARTESIAN_POINT('',(25.,15.5,30.));
#3387 = VECTOR('',#3388,1.);
#3388 = DIRECTION('',(0.,0.,1.));
#3389 = PCURVE('',#2063,#3390);
#3390 = DEFINITIONAL_REPRESENTATION('',(#3391),#3395);
#3391 = LINE('',#3392,#3393);
#3392 = CARTESIAN_POINT('',(0.,51.));
#3393 = VECTOR('',#3394,1.);
#3394 = DIRECTION('',(1.,0.));
#3395 = ( GEOMETRIC_REPRESENTATION_CONTEXT(2) 
PARAMETRIC_REPRESENTATION_CONTEXT() REPRESENTATION_CONTEXT('2D SPACE',''
  ) );
#3396 = PCURVE('',#2160,#3397);
#3397 = DEFINITIONAL_REPRESENTATION('',(#3398),#3402);
#3398 = LINE('',#3399,#3400);
#3399 = CARTESIAN_POINT('',(1.570796326795,0.));
#3400 = VECTOR('',#3401,1.);
#3401 = DIRECTION('',(0.,1.));
#3402 = ( GEOMETRIC_REPRESENTATION_CONTEXT(2) 
PARAMETRIC_REPRESENTATION_CONTEXT() REPRESENTATION_CONTEXT('2D SPACE',''
  ) );
#3403 = ADVANCED_FACE('',(#3404),#2035,.T.);
#3404 = FACE_BOUND('',#3405,.F.);
#3405 = EDGE_LOOP('',(#3406,#3428,#3448));
#3406 = ORIENTED_EDGE('',*,*,#3407,.F.);
#3407 = EDGE_CURVE('',#3408,#831,#3410,.T.);
#3408 = VERTEX_POINT('',#3409);
#3409 = CARTESIAN_POINT('',(-25.,14.5,30.));
#3410 = SURFACE_CURVE('',#3411,(#3416,#3422),.PCURVE_S1.);
#3411 = CIRCLE('',#3412,1.);
#3412 = AXIS2_PLACEMENT_3D('',#3413,#3414,#3415);
#3413 = CARTESIAN_POINT('',(-25.,14.5,31.));
#3414 = DIRECTION('',(0.,1.,-0.));
#3415 = DIRECTION('',(-1.,0.,0.));
#3416 = PCURVE('',#2035,#3417);
#3417 = DEFINITIONAL_REPRESENTATION('',(#3418),#3421);
#3418 = B_SPLINE_CURVE_WITH_KNOTS('',1,(#3419,#3420),.UNSPECIFIED.,.F.,
  .F.,(2,2),(4.712388980385,6.28318530718),.PIECEWISE_BEZIER_KNOTS.);
#3419 = CARTESIAN_POINT('',(0.,-1.570796326795));
#3420 = CARTESIAN_POINT('',(0.,0.));
#3421 = ( GEOMETRIC_REPRESENTATION_CONTEXT(2) 
PARAMETRIC_REPRESENTATION_CONTEXT() REPRESENTATION_CONTEXT('2D SPACE',''
  ) );
#3422 = PCURVE('',#3337,#3423);
#3423 = DEFINITIONAL_REPRESENTATION('',(#3424),#3427);
#3424 = B_SPLINE_CURVE_WITH_KNOTS('',1,(#3425,#3426),.UNSPECIFIED.,.F.,
  .F.,(2,2),(4.712388980385,6.28318530718),.PIECEWISE_BEZIER_KNOTS.);
#3425 = CARTESIAN_POINT('',(-1.570796326795,18.));
#3426 = CARTESIAN_POINT('',(0.,18.));
#3427 = ( GEOMETRIC_REPRESENTATION_CONTEXT(2) 
PARAMETRIC_REPRESENTATION_CONTEXT() REPRESENTATION_CONTEXT('2D SPACE',''
  ) );
#3428 = ORIENTED_EDGE('',*,*,#3429,.T.);
#3429 = EDGE_CURVE('',#3408,#2019,#3430,.T.);
#3430 = SURFACE_CURVE('',#3431,(#3436,#3442),.PCURVE_S1.);
#3431 = CIRCLE('',#3432,1.);
#3432 = AXIS2_PLACEMENT_3D('',#3433,#3434,#3435);
#3433 = CARTESIAN_POINT('',(-25.,14.5,31.));
#3434 = DIRECTION('',(1.,6.123233995737E-17,-0.));
#3435 = DIRECTION('',(-6.123233995737E-17,1.,0.));
#3436 = PCURVE('',#2035,#3437);
#3437 = DEFINITIONAL_REPRESENTATION('',(#3438),#3441);
#3438 = B_SPLINE_CURVE_WITH_KNOTS('',1,(#3439,#3440),.UNSPECIFIED.,.F.,
  .F.,(2,2),(4.712388980385,6.28318530718),.PIECEWISE_BEZIER_KNOTS.);
#3439 = CARTESIAN_POINT('',(-1.570796326795,-1.570796326795));
#3440 = CARTESIAN_POINT('',(-1.570796326795,0.));
#3441 = ( GEOMETRIC_REPRESENTATION_CONTEXT(2) 
PARAMETRIC_REPRESENTATION_CONTEXT() REPRESENTATION_CONTEXT('2D SPACE',''
  ) );
#3442 = PCURVE('',#3369,#3443);
#3443 = DEFINITIONAL_REPRESENTATION('',(#3444),#3447);
#3444 = B_SPLINE_CURVE_WITH_KNOTS('',1,(#3445,#3446),.UNSPECIFIED.,.F.,
  .F.,(2,2),(4.712388980385,6.28318530718),.PIECEWISE_BEZIER_KNOTS.);
#3445 = CARTESIAN_POINT('',(-1.570796326795,1.));
#3446 = CARTESIAN_POINT('',(0.,1.));
#3447 = ( GEOMETRIC_REPRESENTATION_CONTEXT(2) 
PARAMETRIC_REPRESENTATION_CONTEXT() REPRESENTATION_CONTEXT('2D SPACE',''
  ) );
#3448 = ORIENTED_EDGE('',*,*,#2018,.F.);
#3449 = ADVANCED_FACE('',(#3450),#2160,.T.);
#3450 = FACE_BOUND('',#3451,.T.);
#3451 = EDGE_LOOP('',(#3452,#3493,#3520,#3521,#3522));
#3452 = ORIENTED_EDGE('',*,*,#3453,.F.);
#3453 = EDGE_CURVE('',#3454,#3456,#3458,.T.);
#3454 = VERTEX_POINT('',#3455);
#3455 = CARTESIAN_POINT('',(26.,14.5,31.));
#3456 = VERTEX_POINT('',#3457);
#3457 = CARTESIAN_POINT('',(25.496042694334,15.368298127044,
    31.503957297268));
#3458 = SURFACE_CURVE('',#3459,(#3464,#3476),.PCURVE_S1.);
#3459 = ELLIPSE('',#3460,1.414213562373,1.);
#3460 = AXIS2_PLACEMENT_3D('',#3461,#3462,#3463);
#3461 = CARTESIAN_POINT('',(25.,14.5,32.));
#3462 = DIRECTION('',(0.707106781187,0.,0.707106781187));
#3463 = DIRECTION('',(0.707106781187,0.,-0.707106781187));
#3464 = PCURVE('',#2160,#3465);
#3465 = DEFINITIONAL_REPRESENTATION('',(#3466),#3475);
#3466 = B_SPLINE_CURVE_WITH_KNOTS('',7,(#3467,#3468,#3469,#3470,#3471,
    #3472,#3473,#3474),.UNSPECIFIED.,.F.,.F.,(8,8),(0.,1.57079628962),
  .PIECEWISE_BEZIER_KNOTS.);
#3467 = CARTESIAN_POINT('',(0.,1.));
#3468 = CARTESIAN_POINT('',(0.224399469946,1.));
#3469 = CARTESIAN_POINT('',(0.448798939891,1.058748669829));
#3470 = CARTESIAN_POINT('',(0.673198409837,1.176237487033));
#3471 = CARTESIAN_POINT('',(0.897597879783,1.345253158226));
#3472 = CARTESIAN_POINT('',(1.121997349729,1.551201936311));
#3473 = CARTESIAN_POINT('',(1.346396819674,1.775600492879));
#3474 = CARTESIAN_POINT('',(1.57079628962,1.999999962825));
#3475 = ( GEOMETRIC_REPRESENTATION_CONTEXT(2) 
PARAMETRIC_REPRESENTATION_CONTEXT() REPRESENTATION_CONTEXT('2D SPACE',''
  ) );
#3476 = PCURVE('',#3477,#3482);
#3477 = CYLINDRICAL_SURFACE('',#3478,1.);
#3478 = AXIS2_PLACEMENT_3D('',#3479,#3480,#3481);
#3479 = CARTESIAN_POINT('',(24.,14.5,32.));
#3480 = DIRECTION('',(1.,0.,-0.));
#3481 = DIRECTION('',(0.,1.,0.));
#3482 = DEFINITIONAL_REPRESENTATION('',(#3483),#3492);
#3483 = B_SPLINE_CURVE_WITH_KNOTS('',7,(#3484,#3485,#3486,#3487,#3488,
    #3489,#3490,#3491),.UNSPECIFIED.,.F.,.F.,(8,8),(0.,1.57079628962),
  .PIECEWISE_BEZIER_KNOTS.);
#3484 = CARTESIAN_POINT('',(-1.570796326795,2.));
#3485 = CARTESIAN_POINT('',(-1.346396856849,2.));
#3486 = CARTESIAN_POINT('',(-1.121997386904,1.941251330171));
#3487 = CARTESIAN_POINT('',(-0.897597916958,1.823762512967));
#3488 = CARTESIAN_POINT('',(-0.673198447012,1.654746841775));
#3489 = CARTESIAN_POINT('',(-0.448798977066,1.448798063689));
#3490 = CARTESIAN_POINT('',(-0.224399507121,1.224399507121));
#3491 = CARTESIAN_POINT('',(-3.717478946896E-08,1.000000037175));
#3492 = ( GEOMETRIC_REPRESENTATION_CONTEXT(2) 
PARAMETRIC_REPRESENTATION_CONTEXT() REPRESENTATION_CONTEXT('2D SPACE',''
  ) );
#3493 = ORIENTED_EDGE('',*,*,#3494,.T.);
#3494 = EDGE_CURVE('',#3454,#3354,#3495,.T.);
#3495 = SURFACE_CURVE('',#3496,(#3501,#3508),.PCURVE_S1.);
#3496 = CIRCLE('',#3497,1.);
#3497 = AXIS2_PLACEMENT_3D('',#3498,#3499,#3500);
#3498 = CARTESIAN_POINT('',(25.,14.5,31.));
#3499 = DIRECTION('',(0.,0.,1.));
#3500 = DIRECTION('',(1.,0.,-0.));
#3501 = PCURVE('',#2160,#3502);
#3502 = DEFINITIONAL_REPRESENTATION('',(#3503),#3507);
#3503 = LINE('',#3504,#3505);
#3504 = CARTESIAN_POINT('',(0.,1.));
#3505 = VECTOR('',#3506,1.);
#3506 = DIRECTION('',(1.,0.));
#3507 = ( GEOMETRIC_REPRESENTATION_CONTEXT(2) 
PARAMETRIC_REPRESENTATION_CONTEXT() REPRESENTATION_CONTEXT('2D SPACE',''
  ) );
#3508 = PCURVE('',#3509,#3514);
#3509 = SPHERICAL_SURFACE('',#3510,1.);
#3510 = AXIS2_PLACEMENT_3D('',#3511,#3512,#3513);
#3511 = CARTESIAN_POINT('',(25.,14.5,31.));
#3512 = DIRECTION('',(0.,0.,1.));
#3513 = DIRECTION('',(1.,0.,-0.));
#3514 = DEFINITIONAL_REPRESENTATION('',(#3515),#3519);
#3515 = LINE('',#3516,#3517);
#3516 = CARTESIAN_POINT('',(0.,0.));
#3517 = VECTOR('',#3518,1.);
#3518 = DIRECTION('',(1.,0.));
#3519 = ( GEOMETRIC_REPRESENTATION_CONTEXT(2) 
PARAMETRIC_REPRESENTATION_CONTEXT() REPRESENTATION_CONTEXT('2D SPACE',''
  ) );
#3520 = ORIENTED_EDGE('',*,*,#3383,.T.);
#3521 = ORIENTED_EDGE('',*,*,#2138,.F.);
#3522 = ORIENTED_EDGE('',*,*,#3523,.F.);
#3523 = EDGE_CURVE('',#3456,#2112,#3524,.T.);
#3524 = SURFACE_CURVE('',#3525,(#3558,#3594),.PCURVE_S1.);
#3525 = B_SPLINE_CURVE_WITH_KNOTS('',7,(#3526,#3527,#3528,#3529,#3530,
    #3531,#3532,#3533,#3534,#3535,#3536,#3537,#3538,#3539,#3540,#3541,
    #3542,#3543,#3544,#3545,#3546,#3547,#3548,#3549,#3550,#3551,#3552,
    #3553,#3554,#3555,#3556,#3557),.UNSPECIFIED.,.F.,.F.,(8,6,6,6,6,8),(
    0.,0.535748276531,0.643908183925,0.70334393043,0.830025732063,1.),
  .UNSPECIFIED.);
#3526 = CARTESIAN_POINT('',(25.553940860456,15.332556018006,31.8));
#3527 = CARTESIAN_POINT('',(25.553940860456,15.332556018006,
    31.741675548128));
#3528 = CARTESIAN_POINT('',(25.549168223872,15.335732418525,
    31.683651779364));
#3529 = CARTESIAN_POINT('',(25.539702828176,15.34202669946,
    31.626223070273));
#3530 = CARTESIAN_POINT('',(25.525338506097,15.351342542709,
    31.5700130973));
#3531 = CARTESIAN_POINT('',(25.505781772654,15.3633706135,
    31.515935711318));
#3532 = CARTESIAN_POINT('',(25.480833545291,15.3774742908,
    31.465096066379));
#3533 = CARTESIAN_POINT('',(25.444253910557,15.395927354615,
    31.409277240085));
#3534 = CARTESIAN_POINT('',(25.437889939155,15.399075849605,
    31.400086611748));
#3535 = CARTESIAN_POINT('',(25.431307825956,15.402265452788,
    31.391093143255));
#3536 = CARTESIAN_POINT('',(25.42451009349,15.405487716072,
    31.382309181762));
#3537 = CARTESIAN_POINT('',(25.417500560404,15.408733597573,
    31.373747449313));
#3538 = CARTESIAN_POINT('',(25.410284512864,15.411993566197,
    31.365420740811));
#3539 = CARTESIAN_POINT('',(25.398793854776,15.417051407804,
    31.352902005938));
#3540 = CARTESIAN_POINT('',(25.394658574006,15.418846371095,
    31.348537155921));
#3541 = CARTESIAN_POINT('',(25.390464199873,15.420640932247,
    31.344249198372));
#3542 = CARTESIAN_POINT('',(25.386212044107,15.422433413974,
    31.340040200455));
#3543 = CARTESIAN_POINT('',(25.381903563954,15.424222125542,
    31.335912170052));
#3544 = CARTESIAN_POINT('',(25.377540362177,15.426005362763,
    31.331867055759));
#3545 = CARTESIAN_POINT('',(25.363711517842,15.43156688432,
    31.319465714483));
#3546 = CARTESIAN_POINT('',(25.354057436083,15.435320028618,
    31.311409212867));
#3547 = CARTESIAN_POINT('',(25.344179969133,15.439023821361,
    31.303756518722));
#3548 = CARTESIAN_POINT('',(25.334098833476,15.442662007995,
    31.296523435432));
#3549 = CARTESIAN_POINT('',(25.323835094873,15.446219420977,
    31.289722364813));
#3550 = CARTESIAN_POINT('',(25.31341082851,15.4496823018,31.283362378852
    ));
#3551 = CARTESIAN_POINT('',(25.288677236083,15.457541939478,
    31.269515454912));
#3552 = CARTESIAN_POINT('',(25.274255209915,15.461854165391,
    31.262385029704));
#3553 = CARTESIAN_POINT('',(25.259637869256,15.46594595618,
    31.256071949462));
#3554 = CARTESIAN_POINT('',(25.244871061501,15.469796919515,
    31.250575265859));
#3555 = CARTESIAN_POINT('',(25.229991670382,15.473393743503,
    31.245884803734));
#3556 = CARTESIAN_POINT('',(25.215027973525,15.476728324863,
    31.241986816219));
#3557 = CARTESIAN_POINT('',(25.2,15.479795897113,31.238869639877));
#3558 = PCURVE('',#2160,#3559);
#3559 = DEFINITIONAL_REPRESENTATION('',(#3560),#3593);
#3560 = B_SPLINE_CURVE_WITH_KNOTS('',7,(#3561,#3562,#3563,#3564,#3565,
    #3566,#3567,#3568,#3569,#3570,#3571,#3572,#3573,#3574,#3575,#3576,
    #3577,#3578,#3579,#3580,#3581,#3582,#3583,#3584,#3585,#3586,#3587,
    #3588,#3589,#3590,#3591,#3592),.UNSPECIFIED.,.F.,.F.,(8,6,6,6,6,8),(
    0.,0.535748276531,0.643908183925,0.70334393043,0.830025732063,1.),
  .UNSPECIFIED.);
#3561 = CARTESIAN_POINT('',(0.983706053942,1.8));
#3562 = CARTESIAN_POINT('',(0.983706053942,1.741675548128));
#3563 = CARTESIAN_POINT('',(0.989439213634,1.683651779364));
#3564 = CARTESIAN_POINT('',(1.000805826601,1.626223070273));
#3565 = CARTESIAN_POINT('',(1.017926429432,1.5700130973));
#3566 = CARTESIAN_POINT('',(1.040869633203,1.515935711318));
#3567 = CARTESIAN_POINT('',(1.069496329066,1.465096066379));
#3568 = CARTESIAN_POINT('',(1.110466870208,1.409277240085));
#3569 = CARTESIAN_POINT('',(1.117566878356,1.400086611748));
#3570 = CARTESIAN_POINT('',(1.124880693811,1.391093143255));
#3571 = CARTESIAN_POINT('',(1.132402948388,1.382309181762));
#3572 = CARTESIAN_POINT('',(1.140127013087,1.373747449313));
#3573 = CARTESIAN_POINT('',(1.148044895002,1.365420740811));
#3574 = CARTESIAN_POINT('',(1.16059945533,1.352902005938));
#3575 = CARTESIAN_POINT('',(1.16510743737,1.348537155921));
#3576 = CARTESIAN_POINT('',(1.169669487699,1.344249198372));
#3577 = CARTESIAN_POINT('',(1.174283890346,1.340040200455));
#3578 = CARTESIAN_POINT('',(1.178948806024,1.335912170052));
#3579 = CARTESIAN_POINT('',(1.183662272129,1.331867055759));
#3580 = CARTESIAN_POINT('',(1.198567555007,1.319465714483));
#3581 = CARTESIAN_POINT('',(1.208924823872,1.311409212867));
#3582 = CARTESIAN_POINT('',(1.219472629695,1.303756518722));
#3583 = CARTESIAN_POINT('',(1.230188653526,1.296523435432));
#3584 = CARTESIAN_POINT('',(1.241049978953,1.289722364813));
#3585 = CARTESIAN_POINT('',(1.252033433945,1.283362378852));
#3586 = CARTESIAN_POINT('',(1.27798578449,1.269515454912));
#3587 = CARTESIAN_POINT('',(1.293036465584,1.262385029704));
#3588 = CARTESIAN_POINT('',(1.308211955099,1.256071949462));
#3589 = CARTESIAN_POINT('',(1.323468252247,1.250575265859));
#3590 = CARTESIAN_POINT('',(1.338772239332,1.245884803734));
#3591 = CARTESIAN_POINT('',(1.354100544753,1.241986816219));
#3592 = CARTESIAN_POINT('',(1.369438406005,1.238869639877));
#3593 = ( GEOMETRIC_REPRESENTATION_CONTEXT(2) 
PARAMETRIC_REPRESENTATION_CONTEXT() REPRESENTATION_CONTEXT('2D SPACE',''
  ) );
#3594 = PCURVE('',#2127,#3595);
#3595 = DEFINITIONAL_REPRESENTATION('',(#3596),#3629);
#3596 = B_SPLINE_CURVE_WITH_KNOTS('',7,(#3597,#3598,#3599,#3600,#3601,
    #3602,#3603,#3604,#3605,#3606,#3607,#3608,#3609,#3610,#3611,#3612,
    #3613,#3614,#3615,#3616,#3617,#3618,#3619,#3620,#3621,#3622,#3623,
    #3624,#3625,#3626,#3627,#3628),.UNSPECIFIED.,.F.,.F.,(8,6,6,6,6,8),(
    0.,0.535748276531,0.643908183925,0.70334393043,0.830025732063,1.),
  .UNSPECIFIED.);
#3597 = CARTESIAN_POINT('',(-1.112494209701,0.));
#3598 = CARTESIAN_POINT('',(-1.112494209701,-7.290556483952E-02));
#3599 = CARTESIAN_POINT('',(-1.116090062578,-0.145434905634));
#3600 = CARTESIAN_POINT('',(-1.123211533354,-0.217854908555));
#3601 = CARTESIAN_POINT('',(-1.134457612153,-0.289985282959));
#3602 = CARTESIAN_POINT('',(-1.150807815641,-0.36130616779));
#3603 = CARTESIAN_POINT('',(-1.174087059688,-0.430838731108));
#3604 = CARTESIAN_POINT('',(-1.213350095062,-0.510210258035));
#3605 = CARTESIAN_POINT('',(-1.220323524262,-0.523391307562));
#3606 = CARTESIAN_POINT('',(-1.227692615671,-0.536403752948));
#3607 = CARTESIAN_POINT('',(-1.235474598242,-0.54922804255));
#3608 = CARTESIAN_POINT('',(-1.243685631019,-0.561842637967));
#3609 = CARTESIAN_POINT('',(-1.25233991091,-0.574224287257));
#3610 = CARTESIAN_POINT('',(-1.266454262398,-0.593010652587));
#3611 = CARTESIAN_POINT('',(-1.271596969018,-0.599595209588));
#3612 = CARTESIAN_POINT('',(-1.276878810758,-0.606097812092));
#3613 = CARTESIAN_POINT('',(-1.282301341859,-0.612514236877));
#3614 = CARTESIAN_POINT('',(-1.287865760375,-0.618840194564));
#3615 = CARTESIAN_POINT('',(-1.293572908169,-0.625071329619));
#3616 = CARTESIAN_POINT('',(-1.311892778519,-0.644272778843));
#3617 = CARTESIAN_POINT('',(-1.325013726958,-0.656892596317));
#3618 = CARTESIAN_POINT('',(-1.338788980171,-0.669018526041));
#3619 = CARTESIAN_POINT('',(-1.35321342921,-0.680608358812));
#3620 = CARTESIAN_POINT('',(-1.368272698369,-0.691622745141));
#3621 = CARTESIAN_POINT('',(-1.383941851304,-0.702026117426));
#3622 = CARTESIAN_POINT('',(-1.421976997272,-0.724885017566));
#3623 = CARTESIAN_POINT('',(-1.444805166562,-0.736828994957));
#3624 = CARTESIAN_POINT('',(-1.468581624036,-0.747544618831));
#3625 = CARTESIAN_POINT('',(-1.493197636019,-0.756981753921));
#3626 = CARTESIAN_POINT('',(-1.518528761618,-0.765109589419));
#3627 = CARTESIAN_POINT('',(-1.544440898189,-0.771911173209));
#3628 = CARTESIAN_POINT('',(-1.570796326795,-0.777377946117));
#3629 = ( GEOMETRIC_REPRESENTATION_CONTEXT(2) 
PARAMETRIC_REPRESENTATION_CONTEXT() REPRESENTATION_CONTEXT('2D SPACE',''
  ) );
#3630 = ADVANCED_FACE('',(#3631),#2127,.T.);
#3631 = FACE_BOUND('',#3632,.F.);
#3632 = EDGE_LOOP('',(#3633,#3634,#3635,#3636,#3716));
#3633 = ORIENTED_EDGE('',*,*,#2229,.F.);
#3634 = ORIENTED_EDGE('',*,*,#2111,.T.);
#3635 = ORIENTED_EDGE('',*,*,#3523,.F.);
#3636 = ORIENTED_EDGE('',*,*,#3637,.F.);
#3637 = EDGE_CURVE('',#3638,#3456,#3640,.T.);
#3638 = VERTEX_POINT('',#3639);
#3639 = CARTESIAN_POINT('',(25.761130360123,15.479795897113,31.8));
#3640 = SURFACE_CURVE('',#3641,(#3664,#3690),.PCURVE_S1.);
#3641 = B_SPLINE_CURVE_WITH_KNOTS('',6,(#3642,#3643,#3644,#3645,#3646,
    #3647,#3648,#3649,#3650,#3651,#3652,#3653,#3654,#3655,#3656,#3657,
    #3658,#3659,#3660,#3661,#3662,#3663),.UNSPECIFIED.,.F.,.F.,(7,5,5,5,
    7),(0.,0.186247371518,0.34117395529,0.529562381674,1.),
  .UNSPECIFIED.);
#3642 = CARTESIAN_POINT('',(25.761130360122,15.479795897113,31.8));
#3643 = CARTESIAN_POINT('',(25.756481415641,15.475220931978,
    31.777587339654));
#3644 = CARTESIAN_POINT('',(25.750112567187,15.470100246033,
    31.755641039815));
#3645 = CARTESIAN_POINT('',(25.742097105198,15.464505597709,
    31.73433226853));
#3646 = CARTESIAN_POINT('',(25.732544876285,15.458529522694,
    31.713790657998));
#3647 = CARTESIAN_POINT('',(25.721586814416,15.452273268625,
    31.694109589164));
#3648 = CARTESIAN_POINT('',(25.699188373534,15.440478945072,
    31.659747871746));
#3649 = CARTESIAN_POINT('',(25.688137981149,15.434996457804,
    31.64478123685));
#3650 = CARTESIAN_POINT('',(25.676285063264,15.429442860987,
    31.63048453872));
#3651 = CARTESIAN_POINT('',(25.66370691594,15.423871150451,
    31.616874824264));
#3652 = CARTESIAN_POINT('',(25.650477590895,15.418329695749,
    31.603957022014));
#3653 = CARTESIAN_POINT('',(25.619867151998,15.406209398835,
    31.576857123272));
#3654 = CARTESIAN_POINT('',(25.602207505741,15.399665406163,
    31.563005488935));
#3655 = CARTESIAN_POINT('',(25.583804473524,15.393303139415,
    31.550164653717));
#3656 = CARTESIAN_POINT('',(25.564765971006,15.387184932721,
    31.538312701897));
#3657 = CARTESIAN_POINT('',(25.545185807195,15.381361073716,
    31.52741970822));
#3658 = CARTESIAN_POINT('',(25.47508557035,15.362159016005,
    31.492566049335));
#3659 = CARTESIAN_POINT('',(25.422201386186,15.350544010622,
    31.473491444816));
#3660 = CARTESIAN_POINT('',(25.367585092482,15.341591240502,
    31.459640136245));
#3661 = CARTESIAN_POINT('',(25.312012905207,15.33557231647,
    31.450592251539));
#3662 = CARTESIAN_POINT('',(25.256039198508,15.332556018006,
    31.446059139544));
#3663 = CARTESIAN_POINT('',(25.2,15.332556018006,31.446059139544));
#3664 = PCURVE('',#2127,#3665);
#3665 = DEFINITIONAL_REPRESENTATION('',(#3666),#3689);
#3666 = B_SPLINE_CURVE_WITH_KNOTS('',6,(#3667,#3668,#3669,#3670,#3671,
    #3672,#3673,#3674,#3675,#3676,#3677,#3678,#3679,#3680,#3681,#3682,
    #3683,#3684,#3685,#3686,#3687,#3688),.UNSPECIFIED.,.F.,.F.,(7,5,5,5,
    7),(0.,0.186247371518,0.34117395529,0.529562381674,1.),
  .UNSPECIFIED.);
#3667 = CARTESIAN_POINT('',(-0.793418380679,4.440892098501E-14));
#3668 = CARTESIAN_POINT('',(-0.801571504196,-2.801582543203E-02));
#3669 = CARTESIAN_POINT('',(-0.811735429976,-5.544854088258E-02));
#3670 = CARTESIAN_POINT('',(-0.823817455478,-8.212455187093E-02));
#3671 = CARTESIAN_POINT('',(-0.837700419406,-0.107911531427));
#3672 = CARTESIAN_POINT('',(-0.85325193126,-0.132710528755));
#3673 = CARTESIAN_POINT('',(-0.884542685825,-0.176193738553));
#3674 = CARTESIAN_POINT('',(-0.899811985474,-0.195207135852));
#3675 = CARTESIAN_POINT('',(-0.916064730047,-0.213450185023));
#3676 = CARTESIAN_POINT('',(-0.933223969876,-0.230899266826));
#3677 = CARTESIAN_POINT('',(-0.951215369086,-0.247542107829));
#3678 = CARTESIAN_POINT('',(-0.992775351237,-0.282626809939));
#3679 = CARTESIAN_POINT('',(-1.016707801406,-0.300679699927));
#3680 = CARTESIAN_POINT('',(-1.041645783412,-0.317528590939));
#3681 = CARTESIAN_POINT('',(-1.067474383012,-0.333181572305));
#3682 = CARTESIAN_POINT('',(-1.094088971227,-0.347655407714));
#3683 = CARTESIAN_POINT('',(-1.18959617143,-0.394223606627));
#3684 = CARTESIAN_POINT('',(-1.262035278795,-0.420210427097));
#3685 = CARTESIAN_POINT('',(-1.337446559467,-0.439373729942));
#3686 = CARTESIAN_POINT('',(-1.414668994721,-0.4519833355));
#3687 = CARTESIAN_POINT('',(-1.492686815928,-0.458302117094));
#3688 = CARTESIAN_POINT('',(-1.570796326795,-0.458302117094));
#3689 = ( GEOMETRIC_REPRESENTATION_CONTEXT(2) 
PARAMETRIC_REPRESENTATION_CONTEXT() REPRESENTATION_CONTEXT('2D SPACE',''
  ) );
#3690 = PCURVE('',#3477,#3691);
#3691 = DEFINITIONAL_REPRESENTATION('',(#3692),#3715);
#3692 = B_SPLINE_CURVE_WITH_KNOTS('',6,(#3693,#3694,#3695,#3696,#3697,
    #3698,#3699,#3700,#3701,#3702,#3703,#3704,#3705,#3706,#3707,#3708,
    #3709,#3710,#3711,#3712,#3713,#3714),.UNSPECIFIED.,.F.,.F.,(7,5,5,5,
    7),(0.,0.186247371518,0.34117395529,0.529562381674,1.),
  .UNSPECIFIED.);
#3693 = CARTESIAN_POINT('',(-0.20135792079,1.761130360122));
#3694 = CARTESIAN_POINT('',(-0.224232746467,1.756481415641));
#3695 = CARTESIAN_POINT('',(-0.246759686222,1.750112567187));
#3696 = CARTESIAN_POINT('',(-0.268778671931,1.742097105198));
#3697 = CARTESIAN_POINT('',(-0.290161545535,1.732544876285));
#3698 = CARTESIAN_POINT('',(-0.310807763286,1.721586814416));
#3699 = CARTESIAN_POINT('',(-0.347137278724,1.699188373534));
#3700 = CARTESIAN_POINT('',(-0.363073109948,1.688137981149));
#3701 = CARTESIAN_POINT('',(-0.378406512465,1.676285063264));
#3702 = CARTESIAN_POINT('',(-0.393109343551,1.66370691594));
#3703 = CARTESIAN_POINT('',(-0.407163928215,1.650477590895));
#3704 = CARTESIAN_POINT('',(-0.436850728465,1.619867151998));
#3705 = CARTESIAN_POINT('',(-0.452167067021,1.602207505741));
#3706 = CARTESIAN_POINT('',(-0.466494271027,1.583804473524));
#3707 = CARTESIAN_POINT('',(-0.479830017968,1.564765971006));
#3708 = CARTESIAN_POINT('',(-0.49218115111,1.545185807195));
#3709 = CARTESIAN_POINT('',(-0.531974323363,1.47508557035));
#3710 = CARTESIAN_POINT('',(-0.554286105652,1.422201386186));
#3711 = CARTESIAN_POINT('',(-0.570778832198,1.367585092482));
#3712 = CARTESIAN_POINT('',(-0.581645204551,1.312012905207));
#3713 = CARTESIAN_POINT('',(-0.587090272853,1.256039198508));
#3714 = CARTESIAN_POINT('',(-0.587090272853,1.2));
#3715 = ( GEOMETRIC_REPRESENTATION_CONTEXT(2) 
PARAMETRIC_REPRESENTATION_CONTEXT() REPRESENTATION_CONTEXT('2D SPACE',''
  ) );
#3716 = ORIENTED_EDGE('',*,*,#3717,.F.);
#3717 = EDGE_CURVE('',#2230,#3638,#3718,.T.);
#3718 = SURFACE_CURVE('',#3719,(#3724,#3731),.PCURVE_S1.);
#3719 = CIRCLE('',#3720,0.8);
#3720 = AXIS2_PLACEMENT_3D('',#3721,#3722,#3723);
#3721 = CARTESIAN_POINT('',(25.2,16.05,31.8));
#3722 = DIRECTION('',(0.,-0.,-1.));
#3723 = DIRECTION('',(1.,0.,-0.));
#3724 = PCURVE('',#2127,#3725);
#3725 = DEFINITIONAL_REPRESENTATION('',(#3726),#3730);
#3726 = LINE('',#3727,#3728);
#3727 = CARTESIAN_POINT('',(-0.,0.));
#3728 = VECTOR('',#3729,1.);
#3729 = DIRECTION('',(-1.,0.));
#3730 = ( GEOMETRIC_REPRESENTATION_CONTEXT(2) 
PARAMETRIC_REPRESENTATION_CONTEXT() REPRESENTATION_CONTEXT('2D SPACE',''
  ) );
#3731 = PCURVE('',#2873,#3732);
#3732 = DEFINITIONAL_REPRESENTATION('',(#3733),#3737);
#3733 = LINE('',#3734,#3735);
#3734 = CARTESIAN_POINT('',(-0.,0.8));
#3735 = VECTOR('',#3736,1.);
#3736 = DIRECTION('',(-1.,0.));
#3737 = ( GEOMETRIC_REPRESENTATION_CONTEXT(2) 
PARAMETRIC_REPRESENTATION_CONTEXT() REPRESENTATION_CONTEXT('2D SPACE',''
  ) );
#3738 = ADVANCED_FACE('',(#3739),#2214,.T.);
#3739 = FACE_BOUND('',#3740,.T.);
#3740 = EDGE_LOOP('',(#3741,#3742,#3743));
#3741 = ORIENTED_EDGE('',*,*,#2252,.F.);
#3742 = ORIENTED_EDGE('',*,*,#2200,.T.);
#3743 = ORIENTED_EDGE('',*,*,#2426,.F.);
#3744 = ADVANCED_FACE('',(#3745),#2288,.T.);
#3745 = FACE_BOUND('',#3746,.T.);
#3746 = EDGE_LOOP('',(#3747,#3768,#3769,#3770));
#3747 = ORIENTED_EDGE('',*,*,#3748,.F.);
#3748 = EDGE_CURVE('',#2230,#2335,#3749,.T.);
#3749 = SURFACE_CURVE('',#3750,(#3754,#3761),.PCURVE_S1.);
#3750 = LINE('',#3751,#3752);
#3751 = CARTESIAN_POINT('',(26.,16.05,31.));
#3752 = VECTOR('',#3753,1.);
#3753 = DIRECTION('',(0.,0.,1.));
#3754 = PCURVE('',#2288,#3755);
#3755 = DEFINITIONAL_REPRESENTATION('',(#3756),#3760);
#3756 = LINE('',#3757,#3758);
#3757 = CARTESIAN_POINT('',(0.,-0.8));
#3758 = VECTOR('',#3759,1.);
#3759 = DIRECTION('',(1.,0.));
#3760 = ( GEOMETRIC_REPRESENTATION_CONTEXT(2) 
PARAMETRIC_REPRESENTATION_CONTEXT() REPRESENTATION_CONTEXT('2D SPACE',''
  ) );
#3761 = PCURVE('',#2873,#3762);
#3762 = DEFINITIONAL_REPRESENTATION('',(#3763),#3767);
#3763 = LINE('',#3764,#3765);
#3764 = CARTESIAN_POINT('',(-0.,0.));
#3765 = VECTOR('',#3766,1.);
#3766 = DIRECTION('',(-0.,1.));
#3767 = ( GEOMETRIC_REPRESENTATION_CONTEXT(2) 
PARAMETRIC_REPRESENTATION_CONTEXT() REPRESENTATION_CONTEXT('2D SPACE',''
  ) );
#3768 = ORIENTED_EDGE('',*,*,#2274,.T.);
#3769 = ORIENTED_EDGE('',*,*,#2405,.T.);
#3770 = ORIENTED_EDGE('',*,*,#2381,.F.);
#3771 = ADVANCED_FACE('',(#3772),#2319,.T.);
#3772 = FACE_BOUND('',#3773,.T.);
#3773 = EDGE_LOOP('',(#3774,#3775,#3776));
#3774 = ORIENTED_EDGE('',*,*,#2449,.F.);
#3775 = ORIENTED_EDGE('',*,*,#2305,.T.);
#3776 = ORIENTED_EDGE('',*,*,#2357,.F.);
#3777 = ADVANCED_FACE('',(#3778),#2651,.T.);
#3778 = FACE_BOUND('',#3779,.T.);
#3779 = EDGE_LOOP('',(#3780,#3781,#3782,#3810));
#3780 = ORIENTED_EDGE('',*,*,#2636,.F.);
#3781 = ORIENTED_EDGE('',*,*,#3025,.F.);
#3782 = ORIENTED_EDGE('',*,*,#3783,.T.);
#3783 = EDGE_CURVE('',#2998,#3784,#3786,.T.);
#3784 = VERTEX_POINT('',#3785);
#3785 = CARTESIAN_POINT('',(24.,14.5,33.));
#3786 = SURFACE_CURVE('',#3787,(#3791,#3798),.PCURVE_S1.);
#3787 = LINE('',#3788,#3789);
#3788 = CARTESIAN_POINT('',(-26.,14.5,33.));
#3789 = VECTOR('',#3790,1.);
#3790 = DIRECTION('',(1.,0.,-0.));
#3791 = PCURVE('',#2651,#3792);
#3792 = DEFINITIONAL_REPRESENTATION('',(#3793),#3797);
#3793 = LINE('',#3794,#3795);
#3794 = CARTESIAN_POINT('',(1.570796326795,0.));
#3795 = VECTOR('',#3796,1.);
#3796 = DIRECTION('',(0.,1.));
#3797 = ( GEOMETRIC_REPRESENTATION_CONTEXT(2) 
PARAMETRIC_REPRESENTATION_CONTEXT() REPRESENTATION_CONTEXT('2D SPACE',''
  ) );
#3798 = PCURVE('',#3799,#3804);
#3799 = PLANE('',#3800);
#3800 = AXIS2_PLACEMENT_3D('',#3801,#3802,#3803);
#3801 = CARTESIAN_POINT('',(-26.,-3.5,33.));
#3802 = DIRECTION('',(0.,0.,1.));
#3803 = DIRECTION('',(1.,0.,-0.));
#3804 = DEFINITIONAL_REPRESENTATION('',(#3805),#3809);
#3805 = LINE('',#3806,#3807);
#3806 = CARTESIAN_POINT('',(0.,18.));
#3807 = VECTOR('',#3808,1.);
#3808 = DIRECTION('',(1.,0.));
#3809 = ( GEOMETRIC_REPRESENTATION_CONTEXT(2) 
PARAMETRIC_REPRESENTATION_CONTEXT() REPRESENTATION_CONTEXT('2D SPACE',''
  ) );
#3810 = ORIENTED_EDGE('',*,*,#3811,.F.);
#3811 = EDGE_CURVE('',#2611,#3784,#3812,.T.);
#3812 = SURFACE_CURVE('',#3813,(#3818,#3830),.PCURVE_S1.);
#3813 = ELLIPSE('',#3814,1.414213562373,1.);
#3814 = AXIS2_PLACEMENT_3D('',#3815,#3816,#3817);
#3815 = CARTESIAN_POINT('',(25.,14.5,32.));
#3816 = DIRECTION('',(0.707106781187,0.,0.707106781187));
#3817 = DIRECTION('',(-0.707106781187,0.,0.707106781187));
#3818 = PCURVE('',#2651,#3819);
#3819 = DEFINITIONAL_REPRESENTATION('',(#3820),#3829);
#3820 = B_SPLINE_CURVE_WITH_KNOTS('',7,(#3821,#3822,#3823,#3824,#3825,
    #3826,#3827,#3828),.UNSPECIFIED.,.F.,.F.,(8,8),(4.712388980385,
    6.28318530718),.PIECEWISE_BEZIER_KNOTS.);
#3821 = CARTESIAN_POINT('',(0.,51.));
#3822 = CARTESIAN_POINT('',(0.224399475256,50.775600524744));
#3823 = CARTESIAN_POINT('',(0.448798950513,50.551201960683));
#3824 = CARTESIAN_POINT('',(0.673198425769,50.345253174193));
#3825 = CARTESIAN_POINT('',(0.897597901026,50.176237495391));
#3826 = CARTESIAN_POINT('',(1.121997376282,50.058748672598));
#3827 = CARTESIAN_POINT('',(1.346396851538,50.));
#3828 = CARTESIAN_POINT('',(1.570796326795,50.));
#3829 = ( GEOMETRIC_REPRESENTATION_CONTEXT(2) 
PARAMETRIC_REPRESENTATION_CONTEXT() REPRESENTATION_CONTEXT('2D SPACE',''
  ) );
#3830 = PCURVE('',#2625,#3831);
#3831 = DEFINITIONAL_REPRESENTATION('',(#3832),#3841);
#3832 = B_SPLINE_CURVE_WITH_KNOTS('',7,(#3833,#3834,#3835,#3836,#3837,
    #3838,#3839,#3840),.UNSPECIFIED.,.F.,.F.,(8,8),(4.712388980385,
    6.28318530718),.PIECEWISE_BEZIER_KNOTS.);
#3833 = CARTESIAN_POINT('',(-1.570796326795,1.));
#3834 = CARTESIAN_POINT('',(-1.346396851538,1.224399475256));
#3835 = CARTESIAN_POINT('',(-1.121997376282,1.448798039319));
#3836 = CARTESIAN_POINT('',(-0.897597901026,1.654746825774));
#3837 = CARTESIAN_POINT('',(-0.673198425769,1.823762504625));
#3838 = CARTESIAN_POINT('',(-0.448798950513,1.94125132739));
#3839 = CARTESIAN_POINT('',(-0.224399475256,2.));
#3840 = CARTESIAN_POINT('',(0.,2.));
#3841 = ( GEOMETRIC_REPRESENTATION_CONTEXT(2) 
PARAMETRIC_REPRESENTATION_CONTEXT() REPRESENTATION_CONTEXT('2D SPACE',''
  ) );
#3842 = ADVANCED_FACE('',(#3843),#2625,.T.);
#3843 = FACE_BOUND('',#3844,.F.);
#3844 = EDGE_LOOP('',(#3845,#3871,#3872,#3873));
#3845 = ORIENTED_EDGE('',*,*,#3846,.F.);
#3846 = EDGE_CURVE('',#3784,#2691,#3847,.T.);
#3847 = SURFACE_CURVE('',#3848,(#3852,#3859),.PCURVE_S1.);
#3848 = LINE('',#3849,#3850);
#3849 = CARTESIAN_POINT('',(24.,14.5,31.));
#3850 = VECTOR('',#3851,1.);
#3851 = DIRECTION('',(0.,0.,1.));
#3852 = PCURVE('',#2625,#3853);
#3853 = DEFINITIONAL_REPRESENTATION('',(#3854),#3858);
#3854 = LINE('',#3855,#3856);
#3855 = CARTESIAN_POINT('',(-0.,0.));
#3856 = VECTOR('',#3857,1.);
#3857 = DIRECTION('',(-0.,1.));
#3858 = ( GEOMETRIC_REPRESENTATION_CONTEXT(2) 
PARAMETRIC_REPRESENTATION_CONTEXT() REPRESENTATION_CONTEXT('2D SPACE',''
  ) );
#3859 = PCURVE('',#3860,#3865);
#3860 = PLANE('',#3861);
#3861 = AXIS2_PLACEMENT_3D('',#3862,#3863,#3864);
#3862 = CARTESIAN_POINT('',(24.,-3.5,31.));
#3863 = DIRECTION('',(1.,0.,-0.));
#3864 = DIRECTION('',(0.,0.,1.));
#3865 = DEFINITIONAL_REPRESENTATION('',(#3866),#3870);
#3866 = LINE('',#3867,#3868);
#3867 = CARTESIAN_POINT('',(0.,-18.));
#3868 = VECTOR('',#3869,1.);
#3869 = DIRECTION('',(1.,0.));
#3870 = ( GEOMETRIC_REPRESENTATION_CONTEXT(2) 
PARAMETRIC_REPRESENTATION_CONTEXT() REPRESENTATION_CONTEXT('2D SPACE',''
  ) );
#3871 = ORIENTED_EDGE('',*,*,#3811,.F.);
#3872 = ORIENTED_EDGE('',*,*,#2610,.T.);
#3873 = ORIENTED_EDGE('',*,*,#2690,.T.);
#3874 = ADVANCED_FACE('',(#3875),#2751,.T.);
#3875 = FACE_BOUND('',#3876,.T.);
#3876 = EDGE_LOOP('',(#3877,#3906,#3927,#3928));
#3877 = ORIENTED_EDGE('',*,*,#3878,.F.);
#3878 = EDGE_CURVE('',#3879,#3881,#3883,.T.);
#3879 = VERTEX_POINT('',#3880);
#3880 = CARTESIAN_POINT('',(25.,-2.5,59.));
#3881 = VERTEX_POINT('',#3882);
#3882 = CARTESIAN_POINT('',(24.,-2.5,58.));
#3883 = SURFACE_CURVE('',#3884,(#3889,#3895),.PCURVE_S1.);
#3884 = CIRCLE('',#3885,1.);
#3885 = AXIS2_PLACEMENT_3D('',#3886,#3887,#3888);
#3886 = CARTESIAN_POINT('',(25.,-2.5,58.));
#3887 = DIRECTION('',(0.,-1.,0.));
#3888 = DIRECTION('',(-1.,0.,0.));
#3889 = PCURVE('',#2751,#3890);
#3890 = DEFINITIONAL_REPRESENTATION('',(#3891),#3894);
#3891 = B_SPLINE_CURVE_WITH_KNOTS('',1,(#3892,#3893),.UNSPECIFIED.,.F.,
  .F.,(2,2),(4.712388980385,6.28318530718),.PIECEWISE_BEZIER_KNOTS.);
#3892 = CARTESIAN_POINT('',(1.570796326795,1.));
#3893 = CARTESIAN_POINT('',(0.,1.));
#3894 = ( GEOMETRIC_REPRESENTATION_CONTEXT(2) 
PARAMETRIC_REPRESENTATION_CONTEXT() REPRESENTATION_CONTEXT('2D SPACE',''
  ) );
#3895 = PCURVE('',#3896,#3901);
#3896 = SPHERICAL_SURFACE('',#3897,1.);
#3897 = AXIS2_PLACEMENT_3D('',#3898,#3899,#3900);
#3898 = CARTESIAN_POINT('',(25.,-2.5,58.));
#3899 = DIRECTION('',(-0.,-0.,-1.));
#3900 = DIRECTION('',(-1.,0.,0.));
#3901 = DEFINITIONAL_REPRESENTATION('',(#3902),#3905);
#3902 = B_SPLINE_CURVE_WITH_KNOTS('',1,(#3903,#3904),.UNSPECIFIED.,.F.,
  .F.,(2,2),(4.712388980385,6.28318530718),.PIECEWISE_BEZIER_KNOTS.);
#3903 = CARTESIAN_POINT('',(0.,-1.570796326795));
#3904 = CARTESIAN_POINT('',(0.,0.));
#3905 = ( GEOMETRIC_REPRESENTATION_CONTEXT(2) 
PARAMETRIC_REPRESENTATION_CONTEXT() REPRESENTATION_CONTEXT('2D SPACE',''
  ) );
#3906 = ORIENTED_EDGE('',*,*,#3907,.T.);
#3907 = EDGE_CURVE('',#3879,#2715,#3908,.T.);
#3908 = SURFACE_CURVE('',#3909,(#3913,#3920),.PCURVE_S1.);
#3909 = LINE('',#3910,#3911);
#3910 = CARTESIAN_POINT('',(25.,-3.5,59.));
#3911 = VECTOR('',#3912,1.);
#3912 = DIRECTION('',(-0.,1.,0.));
#3913 = PCURVE('',#2751,#3914);
#3914 = DEFINITIONAL_REPRESENTATION('',(#3915),#3919);
#3915 = LINE('',#3916,#3917);
#3916 = CARTESIAN_POINT('',(1.570796326795,0.));
#3917 = VECTOR('',#3918,1.);
#3918 = DIRECTION('',(0.,1.));
#3919 = ( GEOMETRIC_REPRESENTATION_CONTEXT(2) 
PARAMETRIC_REPRESENTATION_CONTEXT() REPRESENTATION_CONTEXT('2D SPACE',''
  ) );
#3920 = PCURVE('',#2784,#3921);
#3921 = DEFINITIONAL_REPRESENTATION('',(#3922),#3926);
#3922 = LINE('',#3923,#3924);
#3923 = CARTESIAN_POINT('',(1.,0.));
#3924 = VECTOR('',#3925,1.);
#3925 = DIRECTION('',(0.,1.));
#3926 = ( GEOMETRIC_REPRESENTATION_CONTEXT(2) 
PARAMETRIC_REPRESENTATION_CONTEXT() REPRESENTATION_CONTEXT('2D SPACE',''
  ) );
#3927 = ORIENTED_EDGE('',*,*,#2736,.F.);
#3928 = ORIENTED_EDGE('',*,*,#3929,.F.);
#3929 = EDGE_CURVE('',#3881,#2691,#3930,.T.);
#3930 = SURFACE_CURVE('',#3931,(#3935,#3942),.PCURVE_S1.);
#3931 = LINE('',#3932,#3933);
#3932 = CARTESIAN_POINT('',(24.,-3.5,58.));
#3933 = VECTOR('',#3934,1.);
#3934 = DIRECTION('',(-0.,1.,0.));
#3935 = PCURVE('',#2751,#3936);
#3936 = DEFINITIONAL_REPRESENTATION('',(#3937),#3941);
#3937 = LINE('',#3938,#3939);
#3938 = CARTESIAN_POINT('',(0.,0.));
#3939 = VECTOR('',#3940,1.);
#3940 = DIRECTION('',(0.,1.));
#3941 = ( GEOMETRIC_REPRESENTATION_CONTEXT(2) 
PARAMETRIC_REPRESENTATION_CONTEXT() REPRESENTATION_CONTEXT('2D SPACE',''
  ) );
#3942 = PCURVE('',#3860,#3943);
#3943 = DEFINITIONAL_REPRESENTATION('',(#3944),#3948);
#3944 = LINE('',#3945,#3946);
#3945 = CARTESIAN_POINT('',(27.,0.));
#3946 = VECTOR('',#3947,1.);
#3947 = DIRECTION('',(0.,-1.));
#3948 = ( GEOMETRIC_REPRESENTATION_CONTEXT(2) 
PARAMETRIC_REPRESENTATION_CONTEXT() REPRESENTATION_CONTEXT('2D SPACE',''
  ) );
#3949 = ADVANCED_FACE('',(#3950),#2873,.T.);
#3950 = FACE_BOUND('',#3951,.F.);
#3951 = EDGE_LOOP('',(#3952,#3953,#3954,#3986,#4005,#4006));
#3952 = ORIENTED_EDGE('',*,*,#3748,.F.);
#3953 = ORIENTED_EDGE('',*,*,#3717,.T.);
#3954 = ORIENTED_EDGE('',*,*,#3955,.F.);
#3955 = EDGE_CURVE('',#3956,#3638,#3958,.T.);
#3956 = VERTEX_POINT('',#3957);
#3957 = CARTESIAN_POINT('',(25.780947501931,15.5,32.));
#3958 = SURFACE_CURVE('',#3959,(#3966,#3976),.PCURVE_S1.);
#3959 = B_SPLINE_CURVE_WITH_KNOTS('',5,(#3960,#3961,#3962,#3963,#3964,
    #3965),.UNSPECIFIED.,.F.,.F.,(6,6),(0.,1.),
  .PIECEWISE_BEZIER_KNOTS.);
#3960 = CARTESIAN_POINT('',(25.780947501931,15.5,32.));
#3961 = CARTESIAN_POINT('',(25.780947501931,15.5,31.95937272727));
#3962 = CARTESIAN_POINT('',(25.778994014889,15.497936760444,
    31.918733510159));
#3963 = CARTESIAN_POINT('',(25.775085838216,15.493807983738,
    31.878413145408));
#3964 = CARTESIAN_POINT('',(25.769164936871,15.487702614994,
    31.838734727651));
#3965 = CARTESIAN_POINT('',(25.761130235667,15.479795774639,31.7999994)
  );
#3966 = PCURVE('',#2873,#3967);
#3967 = DEFINITIONAL_REPRESENTATION('',(#3968),#3975);
#3968 = B_SPLINE_CURVE_WITH_KNOTS('',5,(#3969,#3970,#3971,#3972,#3973,
    #3974),.UNSPECIFIED.,.F.,.F.,(6,6),(0.,1.),
  .PIECEWISE_BEZIER_KNOTS.);
#3969 = CARTESIAN_POINT('',(-0.758040765426,1.));
#3970 = CARTESIAN_POINT('',(-0.758040765426,0.95937272727));
#3971 = CARTESIAN_POINT('',(-0.761592232112,0.918733510159));
#3972 = CARTESIAN_POINT('',(-0.76869936941,0.878413145408));
#3973 = CARTESIAN_POINT('',(-0.779327680555,0.838734727651));
#3974 = CARTESIAN_POINT('',(-0.793418598943,0.7999994));
#3975 = ( GEOMETRIC_REPRESENTATION_CONTEXT(2) 
PARAMETRIC_REPRESENTATION_CONTEXT() REPRESENTATION_CONTEXT('2D SPACE',''
  ) );
#3976 = PCURVE('',#3477,#3977);
#3977 = DEFINITIONAL_REPRESENTATION('',(#3978),#3985);
#3978 = B_SPLINE_CURVE_WITH_KNOTS('',5,(#3979,#3980,#3981,#3982,#3983,
    #3984),.UNSPECIFIED.,.F.,.F.,(6,6),(0.,1.),
  .PIECEWISE_BEZIER_KNOTS.);
#3979 = CARTESIAN_POINT('',(0.,1.780947501931));
#3980 = CARTESIAN_POINT('',(-4.062727273033E-02,1.780947501931));
#3981 = CARTESIAN_POINT('',(-8.126647352872E-02,1.778994014889));
#3982 = CARTESIAN_POINT('',(-0.121726610802,1.775085838216));
#3983 = CARTESIAN_POINT('',(-0.161824449986,1.769164936871));
#3984 = CARTESIAN_POINT('',(-0.201358533163,1.761130235667));
#3985 = ( GEOMETRIC_REPRESENTATION_CONTEXT(2) 
PARAMETRIC_REPRESENTATION_CONTEXT() REPRESENTATION_CONTEXT('2D SPACE',''
  ) );
#3986 = ORIENTED_EDGE('',*,*,#3987,.T.);
#3987 = EDGE_CURVE('',#3956,#2824,#3988,.T.);
#3988 = SURFACE_CURVE('',#3989,(#3993,#3999),.PCURVE_S1.);
#3989 = LINE('',#3990,#3991);
#3990 = CARTESIAN_POINT('',(25.780947501931,15.5,31.));
#3991 = VECTOR('',#3992,1.);
#3992 = DIRECTION('',(0.,0.,1.));
#3993 = PCURVE('',#2873,#3994);
#3994 = DEFINITIONAL_REPRESENTATION('',(#3995),#3998);
#3995 = B_SPLINE_CURVE_WITH_KNOTS('',1,(#3996,#3997),.UNSPECIFIED.,.F.,
  .F.,(2,2),(0.7999994,27.2000006),.PIECEWISE_BEZIER_KNOTS.);
#3996 = CARTESIAN_POINT('',(-0.758040765426,0.7999994));
#3997 = CARTESIAN_POINT('',(-0.758040765426,27.2000006));
#3998 = ( GEOMETRIC_REPRESENTATION_CONTEXT(2) 
PARAMETRIC_REPRESENTATION_CONTEXT() REPRESENTATION_CONTEXT('2D SPACE',''
  ) );
#3999 = PCURVE('',#2839,#4000);
#4000 = DEFINITIONAL_REPRESENTATION('',(#4001),#4004);
#4001 = B_SPLINE_CURVE_WITH_KNOTS('',1,(#4002,#4003),.UNSPECIFIED.,.F.,
  .F.,(2,2),(0.7999994,27.2000006),.PIECEWISE_BEZIER_KNOTS.);
#4002 = CARTESIAN_POINT('',(0.7999994,1.780947501931));
#4003 = CARTESIAN_POINT('',(27.2000006,1.780947501931));
#4004 = ( GEOMETRIC_REPRESENTATION_CONTEXT(2) 
PARAMETRIC_REPRESENTATION_CONTEXT() REPRESENTATION_CONTEXT('2D SPACE',''
  ) );
#4005 = ORIENTED_EDGE('',*,*,#2851,.T.);
#4006 = ORIENTED_EDGE('',*,*,#2972,.F.);
#4007 = ADVANCED_FACE('',(#4008),#2839,.T.);
#4008 = FACE_BOUND('',#4009,.T.);
#4009 = EDGE_LOOP('',(#4010,#4033,#4034,#4035));
#4010 = ORIENTED_EDGE('',*,*,#4011,.F.);
#4011 = EDGE_CURVE('',#3956,#4012,#4014,.T.);
#4012 = VERTEX_POINT('',#4013);
#4013 = CARTESIAN_POINT('',(26.,15.5,32.));
#4014 = SURFACE_CURVE('',#4015,(#4019,#4026),.PCURVE_S1.);
#4015 = LINE('',#4016,#4017);
#4016 = CARTESIAN_POINT('',(24.,15.5,32.));
#4017 = VECTOR('',#4018,1.);
#4018 = DIRECTION('',(1.,0.,-0.));
#4019 = PCURVE('',#2839,#4020);
#4020 = DEFINITIONAL_REPRESENTATION('',(#4021),#4025);
#4021 = LINE('',#4022,#4023);
#4022 = CARTESIAN_POINT('',(1.,0.));
#4023 = VECTOR('',#4024,1.);
#4024 = DIRECTION('',(0.,1.));
#4025 = ( GEOMETRIC_REPRESENTATION_CONTEXT(2) 
PARAMETRIC_REPRESENTATION_CONTEXT() REPRESENTATION_CONTEXT('2D SPACE',''
  ) );
#4026 = PCURVE('',#3477,#4027);
#4027 = DEFINITIONAL_REPRESENTATION('',(#4028),#4032);
#4028 = LINE('',#4029,#4030);
#4029 = CARTESIAN_POINT('',(-0.,0.));
#4030 = VECTOR('',#4031,1.);
#4031 = DIRECTION('',(-0.,1.));
#4032 = ( GEOMETRIC_REPRESENTATION_CONTEXT(2) 
PARAMETRIC_REPRESENTATION_CONTEXT() REPRESENTATION_CONTEXT('2D SPACE',''
  ) );
#4033 = ORIENTED_EDGE('',*,*,#3987,.T.);
#4034 = ORIENTED_EDGE('',*,*,#2823,.T.);
#4035 = ORIENTED_EDGE('',*,*,#4036,.F.);
#4036 = EDGE_CURVE('',#4012,#2797,#4037,.T.);
#4037 = SURFACE_CURVE('',#4038,(#4042,#4049),.PCURVE_S1.);
#4038 = LINE('',#4039,#4040);
#4039 = CARTESIAN_POINT('',(26.,15.5,31.));
#4040 = VECTOR('',#4041,1.);
#4041 = DIRECTION('',(0.,0.,1.));
#4042 = PCURVE('',#2839,#4043);
#4043 = DEFINITIONAL_REPRESENTATION('',(#4044),#4048);
#4044 = LINE('',#4045,#4046);
#4045 = CARTESIAN_POINT('',(0.,2.));
#4046 = VECTOR('',#4047,1.);
#4047 = DIRECTION('',(1.,0.));
#4048 = ( GEOMETRIC_REPRESENTATION_CONTEXT(2) 
PARAMETRIC_REPRESENTATION_CONTEXT() REPRESENTATION_CONTEXT('2D SPACE',''
  ) );
#4049 = PCURVE('',#4050,#4055);
#4050 = CYLINDRICAL_SURFACE('',#4051,1.);
#4051 = AXIS2_PLACEMENT_3D('',#4052,#4053,#4054);
#4052 = CARTESIAN_POINT('',(26.,14.5,31.));
#4053 = DIRECTION('',(0.,0.,1.));
#4054 = DIRECTION('',(1.,0.,-0.));
#4055 = DEFINITIONAL_REPRESENTATION('',(#4056),#4060);
#4056 = LINE('',#4057,#4058);
#4057 = CARTESIAN_POINT('',(1.570796326795,0.));
#4058 = VECTOR('',#4059,1.);
#4059 = DIRECTION('',(0.,1.));
#4060 = ( GEOMETRIC_REPRESENTATION_CONTEXT(2) 
PARAMETRIC_REPRESENTATION_CONTEXT() REPRESENTATION_CONTEXT('2D SPACE',''
  ) );
#4061 = ADVANCED_FACE('',(#4062),#2812,.T.);
#4062 = FACE_BOUND('',#4063,.T.);
#4063 = EDGE_LOOP('',(#4064,#4086,#4087));
#4064 = ORIENTED_EDGE('',*,*,#4065,.F.);
#4065 = EDGE_CURVE('',#2797,#4066,#4068,.T.);
#4066 = VERTEX_POINT('',#4067);
#4067 = CARTESIAN_POINT('',(27.,14.5,58.));
#4068 = SURFACE_CURVE('',#4069,(#4074,#4080),.PCURVE_S1.);
#4069 = CIRCLE('',#4070,1.);
#4070 = AXIS2_PLACEMENT_3D('',#4071,#4072,#4073);
#4071 = CARTESIAN_POINT('',(26.,14.5,58.));
#4072 = DIRECTION('',(0.,0.,-1.));
#4073 = DIRECTION('',(1.,0.,0.));
#4074 = PCURVE('',#2812,#4075);
#4075 = DEFINITIONAL_REPRESENTATION('',(#4076),#4079);
#4076 = B_SPLINE_CURVE_WITH_KNOTS('',1,(#4077,#4078),.UNSPECIFIED.,.F.,
  .F.,(2,2),(4.712388980385,6.28318530718),.PIECEWISE_BEZIER_KNOTS.);
#4077 = CARTESIAN_POINT('',(0.,-1.570796326795));
#4078 = CARTESIAN_POINT('',(0.,0.));
#4079 = ( GEOMETRIC_REPRESENTATION_CONTEXT(2) 
PARAMETRIC_REPRESENTATION_CONTEXT() REPRESENTATION_CONTEXT('2D SPACE',''
  ) );
#4080 = PCURVE('',#4050,#4081);
#4081 = DEFINITIONAL_REPRESENTATION('',(#4082),#4085);
#4082 = B_SPLINE_CURVE_WITH_KNOTS('',1,(#4083,#4084),.UNSPECIFIED.,.F.,
  .F.,(2,2),(4.712388980385,6.28318530718),.PIECEWISE_BEZIER_KNOTS.);
#4083 = CARTESIAN_POINT('',(1.570796326795,27.));
#4084 = CARTESIAN_POINT('',(0.,27.));
#4085 = ( GEOMETRIC_REPRESENTATION_CONTEXT(2) 
PARAMETRIC_REPRESENTATION_CONTEXT() REPRESENTATION_CONTEXT('2D SPACE',''
  ) );
#4086 = ORIENTED_EDGE('',*,*,#2796,.T.);
#4087 = ORIENTED_EDGE('',*,*,#4088,.F.);
#4088 = EDGE_CURVE('',#4066,#2769,#4089,.T.);
#4089 = SURFACE_CURVE('',#4090,(#4095,#4102),.PCURVE_S1.);
#4090 = CIRCLE('',#4091,1.);
#4091 = AXIS2_PLACEMENT_3D('',#4092,#4093,#4094);
#4092 = CARTESIAN_POINT('',(26.,14.5,58.));
#4093 = DIRECTION('',(0.,-1.,-0.));
#4094 = DIRECTION('',(1.,0.,0.));
#4095 = PCURVE('',#2812,#4096);
#4096 = DEFINITIONAL_REPRESENTATION('',(#4097),#4101);
#4097 = LINE('',#4098,#4099);
#4098 = CARTESIAN_POINT('',(0.,0.));
#4099 = VECTOR('',#4100,1.);
#4100 = DIRECTION('',(1.,0.));
#4101 = ( GEOMETRIC_REPRESENTATION_CONTEXT(2) 
PARAMETRIC_REPRESENTATION_CONTEXT() REPRESENTATION_CONTEXT('2D SPACE',''
  ) );
#4102 = PCURVE('',#4103,#4108);
#4103 = CYLINDRICAL_SURFACE('',#4104,1.);
#4104 = AXIS2_PLACEMENT_3D('',#4105,#4106,#4107);
#4105 = CARTESIAN_POINT('',(26.,-3.5,58.));
#4106 = DIRECTION('',(-0.,1.,0.));
#4107 = DIRECTION('',(1.,0.,-0.));
#4108 = DEFINITIONAL_REPRESENTATION('',(#4109),#4113);
#4109 = LINE('',#4110,#4111);
#4110 = CARTESIAN_POINT('',(-0.,18.));
#4111 = VECTOR('',#4112,1.);
#4112 = DIRECTION('',(-1.,0.));
#4113 = ( GEOMETRIC_REPRESENTATION_CONTEXT(2) 
PARAMETRIC_REPRESENTATION_CONTEXT() REPRESENTATION_CONTEXT('2D SPACE',''
  ) );
#4114 = ADVANCED_FACE('',(#4115),#2784,.T.);
#4115 = FACE_BOUND('',#4116,.T.);
#4116 = EDGE_LOOP('',(#4117,#4118,#4146,#4167));
#4117 = ORIENTED_EDGE('',*,*,#3907,.F.);
#4118 = ORIENTED_EDGE('',*,*,#4119,.T.);
#4119 = EDGE_CURVE('',#3879,#4120,#4122,.T.);
#4120 = VERTEX_POINT('',#4121);
#4121 = CARTESIAN_POINT('',(26.,-2.5,59.));
#4122 = SURFACE_CURVE('',#4123,(#4127,#4134),.PCURVE_S1.);
#4123 = LINE('',#4124,#4125);
#4124 = CARTESIAN_POINT('',(24.,-2.5,59.));
#4125 = VECTOR('',#4126,1.);
#4126 = DIRECTION('',(1.,0.,-0.));
#4127 = PCURVE('',#2784,#4128);
#4128 = DEFINITIONAL_REPRESENTATION('',(#4129),#4133);
#4129 = LINE('',#4130,#4131);
#4130 = CARTESIAN_POINT('',(0.,1.));
#4131 = VECTOR('',#4132,1.);
#4132 = DIRECTION('',(1.,0.));
#4133 = ( GEOMETRIC_REPRESENTATION_CONTEXT(2) 
PARAMETRIC_REPRESENTATION_CONTEXT() REPRESENTATION_CONTEXT('2D SPACE',''
  ) );
#4134 = PCURVE('',#4135,#4140);
#4135 = CYLINDRICAL_SURFACE('',#4136,1.);
#4136 = AXIS2_PLACEMENT_3D('',#4137,#4138,#4139);
#4137 = CARTESIAN_POINT('',(24.,-2.5,58.));
#4138 = DIRECTION('',(1.,0.,-0.));
#4139 = DIRECTION('',(0.,-1.,0.));
#4140 = DEFINITIONAL_REPRESENTATION('',(#4141),#4145);
#4141 = LINE('',#4142,#4143);
#4142 = CARTESIAN_POINT('',(-1.570796326795,0.));
#4143 = VECTOR('',#4144,1.);
#4144 = DIRECTION('',(-0.,1.));
#4145 = ( GEOMETRIC_REPRESENTATION_CONTEXT(2) 
PARAMETRIC_REPRESENTATION_CONTEXT() REPRESENTATION_CONTEXT('2D SPACE',''
  ) );
#4146 = ORIENTED_EDGE('',*,*,#4147,.T.);
#4147 = EDGE_CURVE('',#4120,#2769,#4148,.T.);
#4148 = SURFACE_CURVE('',#4149,(#4153,#4160),.PCURVE_S1.);
#4149 = LINE('',#4150,#4151);
#4150 = CARTESIAN_POINT('',(26.,-3.5,59.));
#4151 = VECTOR('',#4152,1.);
#4152 = DIRECTION('',(-0.,1.,0.));
#4153 = PCURVE('',#2784,#4154);
#4154 = DEFINITIONAL_REPRESENTATION('',(#4155),#4159);
#4155 = LINE('',#4156,#4157);
#4156 = CARTESIAN_POINT('',(2.,0.));
#4157 = VECTOR('',#4158,1.);
#4158 = DIRECTION('',(0.,1.));
#4159 = ( GEOMETRIC_REPRESENTATION_CONTEXT(2) 
PARAMETRIC_REPRESENTATION_CONTEXT() REPRESENTATION_CONTEXT('2D SPACE',''
  ) );
#4160 = PCURVE('',#4103,#4161);
#4161 = DEFINITIONAL_REPRESENTATION('',(#4162),#4166);
#4162 = LINE('',#4163,#4164);
#4163 = CARTESIAN_POINT('',(-1.570796326795,0.));
#4164 = VECTOR('',#4165,1.);
#4165 = DIRECTION('',(-0.,1.));
#4166 = ( GEOMETRIC_REPRESENTATION_CONTEXT(2) 
PARAMETRIC_REPRESENTATION_CONTEXT() REPRESENTATION_CONTEXT('2D SPACE',''
  ) );
#4167 = ORIENTED_EDGE('',*,*,#2768,.F.);
#4168 = ADVANCED_FACE('',(#4169),#3013,.T.);
#4169 = FACE_BOUND('',#4170,.T.);
#4170 = EDGE_LOOP('',(#4171,#4199,#4218,#4219));
#4171 = ORIENTED_EDGE('',*,*,#4172,.F.);
#4172 = EDGE_CURVE('',#4173,#3063,#4175,.T.);
#4173 = VERTEX_POINT('',#4174);
#4174 = CARTESIAN_POINT('',(-24.,-2.5,33.));
#4175 = SURFACE_CURVE('',#4176,(#4180,#4187),.PCURVE_S1.);
#4176 = LINE('',#4177,#4178);
#4177 = CARTESIAN_POINT('',(-24.,-2.5,31.));
#4178 = VECTOR('',#4179,1.);
#4179 = DIRECTION('',(0.,0.,1.));
#4180 = PCURVE('',#3013,#4181);
#4181 = DEFINITIONAL_REPRESENTATION('',(#4182),#4186);
#4182 = LINE('',#4183,#4184);
#4183 = CARTESIAN_POINT('',(0.,-1.));
#4184 = VECTOR('',#4185,1.);
#4185 = DIRECTION('',(1.,0.));
#4186 = ( GEOMETRIC_REPRESENTATION_CONTEXT(2) 
PARAMETRIC_REPRESENTATION_CONTEXT() REPRESENTATION_CONTEXT('2D SPACE',''
  ) );
#4187 = PCURVE('',#4188,#4193);
#4188 = CYLINDRICAL_SURFACE('',#4189,1.);
#4189 = AXIS2_PLACEMENT_3D('',#4190,#4191,#4192);
#4190 = CARTESIAN_POINT('',(-25.,-2.5,31.));
#4191 = DIRECTION('',(0.,0.,1.));
#4192 = DIRECTION('',(1.,0.,-0.));
#4193 = DEFINITIONAL_REPRESENTATION('',(#4194),#4198);
#4194 = LINE('',#4195,#4196);
#4195 = CARTESIAN_POINT('',(-0.,0.));
#4196 = VECTOR('',#4197,1.);
#4197 = DIRECTION('',(-0.,1.));
#4198 = ( GEOMETRIC_REPRESENTATION_CONTEXT(2) 
PARAMETRIC_REPRESENTATION_CONTEXT() REPRESENTATION_CONTEXT('2D SPACE',''
  ) );
#4199 = ORIENTED_EDGE('',*,*,#4200,.F.);
#4200 = EDGE_CURVE('',#2998,#4173,#4201,.T.);
#4201 = SURFACE_CURVE('',#4202,(#4206,#4212),.PCURVE_S1.);
#4202 = LINE('',#4203,#4204);
#4203 = CARTESIAN_POINT('',(-24.,-3.5,33.));
#4204 = VECTOR('',#4205,1.);
#4205 = DIRECTION('',(0.,-1.,0.));
#4206 = PCURVE('',#3013,#4207);
#4207 = DEFINITIONAL_REPRESENTATION('',(#4208),#4211);
#4208 = B_SPLINE_CURVE_WITH_KNOTS('',1,(#4209,#4210),.UNSPECIFIED.,.F.,
  .F.,(2,2),(-18.,-1.),.PIECEWISE_BEZIER_KNOTS.);
#4209 = CARTESIAN_POINT('',(2.,-18.));
#4210 = CARTESIAN_POINT('',(2.,-1.));
#4211 = ( GEOMETRIC_REPRESENTATION_CONTEXT(2) 
PARAMETRIC_REPRESENTATION_CONTEXT() REPRESENTATION_CONTEXT('2D SPACE',''
  ) );
#4212 = PCURVE('',#3799,#4213);
#4213 = DEFINITIONAL_REPRESENTATION('',(#4214),#4217);
#4214 = B_SPLINE_CURVE_WITH_KNOTS('',1,(#4215,#4216),.UNSPECIFIED.,.F.,
  .F.,(2,2),(-18.,-1.),.PIECEWISE_BEZIER_KNOTS.);
#4215 = CARTESIAN_POINT('',(2.,18.));
#4216 = CARTESIAN_POINT('',(2.,1.));
#4217 = ( GEOMETRIC_REPRESENTATION_CONTEXT(2) 
PARAMETRIC_REPRESENTATION_CONTEXT() REPRESENTATION_CONTEXT('2D SPACE',''
  ) );
#4218 = ORIENTED_EDGE('',*,*,#2997,.T.);
#4219 = ORIENTED_EDGE('',*,*,#3091,.F.);
#4220 = ADVANCED_FACE('',(#4221),#3078,.T.);
#4221 = FACE_BOUND('',#4222,.T.);
#4222 = EDGE_LOOP('',(#4223,#4224,#4225));
#4223 = ORIENTED_EDGE('',*,*,#3062,.F.);
#4224 = ORIENTED_EDGE('',*,*,#3191,.T.);
#4225 = ORIENTED_EDGE('',*,*,#4226,.F.);
#4226 = EDGE_CURVE('',#3063,#3192,#4227,.T.);
#4227 = SURFACE_CURVE('',#4228,(#4233,#4240),.PCURVE_S1.);
#4228 = CIRCLE('',#4229,1.);
#4229 = AXIS2_PLACEMENT_3D('',#4230,#4231,#4232);
#4230 = CARTESIAN_POINT('',(-25.,-2.5,58.));
#4231 = DIRECTION('',(0.,0.,-1.));
#4232 = DIRECTION('',(1.,0.,0.));
#4233 = PCURVE('',#3078,#4234);
#4234 = DEFINITIONAL_REPRESENTATION('',(#4235),#4239);
#4235 = LINE('',#4236,#4237);
#4236 = CARTESIAN_POINT('',(0.,0.));
#4237 = VECTOR('',#4238,1.);
#4238 = DIRECTION('',(1.,0.));
#4239 = ( GEOMETRIC_REPRESENTATION_CONTEXT(2) 
PARAMETRIC_REPRESENTATION_CONTEXT() REPRESENTATION_CONTEXT('2D SPACE',''
  ) );
#4240 = PCURVE('',#4188,#4241);
#4241 = DEFINITIONAL_REPRESENTATION('',(#4242),#4246);
#4242 = LINE('',#4243,#4244);
#4243 = CARTESIAN_POINT('',(-0.,27.));
#4244 = VECTOR('',#4245,1.);
#4245 = DIRECTION('',(-1.,0.));
#4246 = ( GEOMETRIC_REPRESENTATION_CONTEXT(2) 
PARAMETRIC_REPRESENTATION_CONTEXT() REPRESENTATION_CONTEXT('2D SPACE',''
  ) );
#4247 = ADVANCED_FACE('',(#4248),#3131,.T.);
#4248 = FACE_BOUND('',#4249,.F.);
#4249 = EDGE_LOOP('',(#4250,#4251,#4252));
#4250 = ORIENTED_EDGE('',*,*,#3115,.F.);
#4251 = ORIENTED_EDGE('',*,*,#3168,.T.);
#4252 = ORIENTED_EDGE('',*,*,#4253,.F.);
#4253 = EDGE_CURVE('',#3116,#3169,#4254,.T.);
#4254 = SURFACE_CURVE('',#4255,(#4260,#4267),.PCURVE_S1.);
#4255 = CIRCLE('',#4256,1.);
#4256 = AXIS2_PLACEMENT_3D('',#4257,#4258,#4259);
#4257 = CARTESIAN_POINT('',(-26.,-2.5,58.));
#4258 = DIRECTION('',(0.,0.,1.));
#4259 = DIRECTION('',(-1.,0.,0.));
#4260 = PCURVE('',#3131,#4261);
#4261 = DEFINITIONAL_REPRESENTATION('',(#4262),#4266);
#4262 = LINE('',#4263,#4264);
#4263 = CARTESIAN_POINT('',(-0.,0.));
#4264 = VECTOR('',#4265,1.);
#4265 = DIRECTION('',(-1.,0.));
#4266 = ( GEOMETRIC_REPRESENTATION_CONTEXT(2) 
PARAMETRIC_REPRESENTATION_CONTEXT() REPRESENTATION_CONTEXT('2D SPACE',''
  ) );
#4267 = PCURVE('',#3258,#4268);
#4268 = DEFINITIONAL_REPRESENTATION('',(#4269),#4273);
#4269 = LINE('',#4270,#4271);
#4270 = CARTESIAN_POINT('',(0.,27.));
#4271 = VECTOR('',#4272,1.);
#4272 = DIRECTION('',(1.,0.));
#4273 = ( GEOMETRIC_REPRESENTATION_CONTEXT(2) 
PARAMETRIC_REPRESENTATION_CONTEXT() REPRESENTATION_CONTEXT('2D SPACE',''
  ) );
#4274 = ADVANCED_FACE('',(#4275),#3227,.F.);
#4275 = FACE_BOUND('',#4276,.F.);
#4276 = EDGE_LOOP('',(#4277,#4300,#4301,#4324));
#4277 = ORIENTED_EDGE('',*,*,#4278,.T.);
#4278 = EDGE_CURVE('',#4279,#3169,#4281,.T.);
#4279 = VERTEX_POINT('',#4280);
#4280 = CARTESIAN_POINT('',(-26.,-3.5,32.));
#4281 = SURFACE_CURVE('',#4282,(#4286,#4293),.PCURVE_S1.);
#4282 = LINE('',#4283,#4284);
#4283 = CARTESIAN_POINT('',(-26.,-3.5,31.));
#4284 = VECTOR('',#4285,1.);
#4285 = DIRECTION('',(0.,0.,1.));
#4286 = PCURVE('',#3227,#4287);
#4287 = DEFINITIONAL_REPRESENTATION('',(#4288),#4292);
#4288 = LINE('',#4289,#4290);
#4289 = CARTESIAN_POINT('',(0.,1.));
#4290 = VECTOR('',#4291,1.);
#4291 = DIRECTION('',(1.,0.));
#4292 = ( GEOMETRIC_REPRESENTATION_CONTEXT(2) 
PARAMETRIC_REPRESENTATION_CONTEXT() REPRESENTATION_CONTEXT('2D SPACE',''
  ) );
#4293 = PCURVE('',#3258,#4294);
#4294 = DEFINITIONAL_REPRESENTATION('',(#4295),#4299);
#4295 = LINE('',#4296,#4297);
#4296 = CARTESIAN_POINT('',(1.570796326795,0.));
#4297 = VECTOR('',#4298,1.);
#4298 = DIRECTION('',(0.,1.));
#4299 = ( GEOMETRIC_REPRESENTATION_CONTEXT(2) 
PARAMETRIC_REPRESENTATION_CONTEXT() REPRESENTATION_CONTEXT('2D SPACE',''
  ) );
#4300 = ORIENTED_EDGE('',*,*,#3213,.T.);
#4301 = ORIENTED_EDGE('',*,*,#4302,.F.);
#4302 = EDGE_CURVE('',#4303,#3192,#4305,.T.);
#4303 = VERTEX_POINT('',#4304);
#4304 = CARTESIAN_POINT('',(-25.,-3.5,32.));
#4305 = SURFACE_CURVE('',#4306,(#4310,#4317),.PCURVE_S1.);
#4306 = LINE('',#4307,#4308);
#4307 = CARTESIAN_POINT('',(-25.,-3.5,31.));
#4308 = VECTOR('',#4309,1.);
#4309 = DIRECTION('',(0.,0.,1.));
#4310 = PCURVE('',#3227,#4311);
#4311 = DEFINITIONAL_REPRESENTATION('',(#4312),#4316);
#4312 = LINE('',#4313,#4314);
#4313 = CARTESIAN_POINT('',(0.,2.));
#4314 = VECTOR('',#4315,1.);
#4315 = DIRECTION('',(1.,0.));
#4316 = ( GEOMETRIC_REPRESENTATION_CONTEXT(2) 
PARAMETRIC_REPRESENTATION_CONTEXT() REPRESENTATION_CONTEXT('2D SPACE',''
  ) );
#4317 = PCURVE('',#4188,#4318);
#4318 = DEFINITIONAL_REPRESENTATION('',(#4319),#4323);
#4319 = LINE('',#4320,#4321);
#4320 = CARTESIAN_POINT('',(-1.570796326795,0.));
#4321 = VECTOR('',#4322,1.);
#4322 = DIRECTION('',(-0.,1.));
#4323 = ( GEOMETRIC_REPRESENTATION_CONTEXT(2) 
PARAMETRIC_REPRESENTATION_CONTEXT() REPRESENTATION_CONTEXT('2D SPACE',''
  ) );
#4324 = ORIENTED_EDGE('',*,*,#4325,.F.);
#4325 = EDGE_CURVE('',#4279,#4303,#4326,.T.);
#4326 = SURFACE_CURVE('',#4327,(#4331,#4338),.PCURVE_S1.);
#4327 = LINE('',#4328,#4329);
#4328 = CARTESIAN_POINT('',(-27.,-3.5,32.));
#4329 = VECTOR('',#4330,1.);
#4330 = DIRECTION('',(1.,0.,-0.));
#4331 = PCURVE('',#3227,#4332);
#4332 = DEFINITIONAL_REPRESENTATION('',(#4333),#4337);
#4333 = LINE('',#4334,#4335);
#4334 = CARTESIAN_POINT('',(1.,0.));
#4335 = VECTOR('',#4336,1.);
#4336 = DIRECTION('',(0.,1.));
#4337 = ( GEOMETRIC_REPRESENTATION_CONTEXT(2) 
PARAMETRIC_REPRESENTATION_CONTEXT() REPRESENTATION_CONTEXT('2D SPACE',''
  ) );
#4338 = PCURVE('',#4339,#4344);
#4339 = CYLINDRICAL_SURFACE('',#4340,1.);
#4340 = AXIS2_PLACEMENT_3D('',#4341,#4342,#4343);
#4341 = CARTESIAN_POINT('',(-27.,-2.5,32.));
#4342 = DIRECTION('',(1.,0.,-0.));
#4343 = DIRECTION('',(0.,-1.,0.));
#4344 = DEFINITIONAL_REPRESENTATION('',(#4345),#4349);
#4345 = LINE('',#4346,#4347);
#4346 = CARTESIAN_POINT('',(0.,0.));
#4347 = VECTOR('',#4348,1.);
#4348 = DIRECTION('',(0.,1.));
#4349 = ( GEOMETRIC_REPRESENTATION_CONTEXT(2) 
PARAMETRIC_REPRESENTATION_CONTEXT() REPRESENTATION_CONTEXT('2D SPACE',''
  ) );
#4350 = ADVANCED_FACE('',(#4351),#3258,.T.);
#4351 = FACE_BOUND('',#4352,.T.);
#4352 = EDGE_LOOP('',(#4353,#4354,#4376,#4377));
#4353 = ORIENTED_EDGE('',*,*,#3242,.F.);
#4354 = ORIENTED_EDGE('',*,*,#4355,.T.);
#4355 = EDGE_CURVE('',#3243,#4279,#4356,.T.);
#4356 = SURFACE_CURVE('',#4357,(#4362,#4369),.PCURVE_S1.);
#4357 = CIRCLE('',#4358,1.);
#4358 = AXIS2_PLACEMENT_3D('',#4359,#4360,#4361);
#4359 = CARTESIAN_POINT('',(-26.,-2.5,32.));
#4360 = DIRECTION('',(0.,0.,1.));
#4361 = DIRECTION('',(-1.,0.,0.));
#4362 = PCURVE('',#3258,#4363);
#4363 = DEFINITIONAL_REPRESENTATION('',(#4364),#4368);
#4364 = LINE('',#4365,#4366);
#4365 = CARTESIAN_POINT('',(0.,1.));
#4366 = VECTOR('',#4367,1.);
#4367 = DIRECTION('',(1.,0.));
#4368 = ( GEOMETRIC_REPRESENTATION_CONTEXT(2) 
PARAMETRIC_REPRESENTATION_CONTEXT() REPRESENTATION_CONTEXT('2D SPACE',''
  ) );
#4369 = PCURVE('',#3312,#4370);
#4370 = DEFINITIONAL_REPRESENTATION('',(#4371),#4375);
#4371 = LINE('',#4372,#4373);
#4372 = CARTESIAN_POINT('',(0.,0.));
#4373 = VECTOR('',#4374,1.);
#4374 = DIRECTION('',(1.,0.));
#4375 = ( GEOMETRIC_REPRESENTATION_CONTEXT(2) 
PARAMETRIC_REPRESENTATION_CONTEXT() REPRESENTATION_CONTEXT('2D SPACE',''
  ) );
#4376 = ORIENTED_EDGE('',*,*,#4278,.T.);
#4377 = ORIENTED_EDGE('',*,*,#4253,.F.);
#4378 = ADVANCED_FACE('',(#4379),#3312,.T.);
#4379 = FACE_BOUND('',#4380,.T.);
#4380 = EDGE_LOOP('',(#4381,#4382,#4402));
#4381 = ORIENTED_EDGE('',*,*,#3296,.F.);
#4382 = ORIENTED_EDGE('',*,*,#4383,.T.);
#4383 = EDGE_CURVE('',#3297,#4279,#4384,.T.);
#4384 = SURFACE_CURVE('',#4385,(#4390,#4396),.PCURVE_S1.);
#4385 = CIRCLE('',#4386,1.);
#4386 = AXIS2_PLACEMENT_3D('',#4387,#4388,#4389);
#4387 = CARTESIAN_POINT('',(-26.,-2.5,32.));
#4388 = DIRECTION('',(-1.,6.123233995737E-17,0.));
#4389 = DIRECTION('',(-6.123233995737E-17,-1.,0.));
#4390 = PCURVE('',#3312,#4391);
#4391 = DEFINITIONAL_REPRESENTATION('',(#4392),#4395);
#4392 = B_SPLINE_CURVE_WITH_KNOTS('',1,(#4393,#4394),.UNSPECIFIED.,.F.,
  .F.,(2,2),(4.712388980385,6.28318530718),.PIECEWISE_BEZIER_KNOTS.);
#4393 = CARTESIAN_POINT('',(1.570796326795,-1.570796326795));
#4394 = CARTESIAN_POINT('',(1.570796326795,0.));
#4395 = ( GEOMETRIC_REPRESENTATION_CONTEXT(2) 
PARAMETRIC_REPRESENTATION_CONTEXT() REPRESENTATION_CONTEXT('2D SPACE',''
  ) );
#4396 = PCURVE('',#4339,#4397);
#4397 = DEFINITIONAL_REPRESENTATION('',(#4398),#4401);
#4398 = B_SPLINE_CURVE_WITH_KNOTS('',1,(#4399,#4400),.UNSPECIFIED.,.F.,
  .F.,(2,2),(4.712388980385,6.28318530718),.PIECEWISE_BEZIER_KNOTS.);
#4399 = CARTESIAN_POINT('',(1.570796326795,1.));
#4400 = CARTESIAN_POINT('',(0.,1.));
#4401 = ( GEOMETRIC_REPRESENTATION_CONTEXT(2) 
PARAMETRIC_REPRESENTATION_CONTEXT() REPRESENTATION_CONTEXT('2D SPACE',''
  ) );
#4402 = ORIENTED_EDGE('',*,*,#4355,.F.);
#4403 = ADVANCED_FACE('',(#4404),#3337,.T.);
#4404 = FACE_BOUND('',#4405,.F.);
#4405 = EDGE_LOOP('',(#4406,#4433,#4459,#4460));
#4406 = ORIENTED_EDGE('',*,*,#4407,.F.);
#4407 = EDGE_CURVE('',#4408,#3297,#4410,.T.);
#4408 = VERTEX_POINT('',#4409);
#4409 = CARTESIAN_POINT('',(-25.,-2.5,30.));
#4410 = SURFACE_CURVE('',#4411,(#4416,#4422),.PCURVE_S1.);
#4411 = CIRCLE('',#4412,1.);
#4412 = AXIS2_PLACEMENT_3D('',#4413,#4414,#4415);
#4413 = CARTESIAN_POINT('',(-25.,-2.5,31.));
#4414 = DIRECTION('',(0.,1.,-0.));
#4415 = DIRECTION('',(-1.,0.,0.));
#4416 = PCURVE('',#3337,#4417);
#4417 = DEFINITIONAL_REPRESENTATION('',(#4418),#4421);
#4418 = B_SPLINE_CURVE_WITH_KNOTS('',1,(#4419,#4420),.UNSPECIFIED.,.F.,
  .F.,(2,2),(4.712388980385,6.28318530718),.PIECEWISE_BEZIER_KNOTS.);
#4419 = CARTESIAN_POINT('',(-1.570796326795,1.));
#4420 = CARTESIAN_POINT('',(0.,1.));
#4421 = ( GEOMETRIC_REPRESENTATION_CONTEXT(2) 
PARAMETRIC_REPRESENTATION_CONTEXT() REPRESENTATION_CONTEXT('2D SPACE',''
  ) );
#4422 = PCURVE('',#4423,#4428);
#4423 = SPHERICAL_SURFACE('',#4424,1.);
#4424 = AXIS2_PLACEMENT_3D('',#4425,#4426,#4427);
#4425 = CARTESIAN_POINT('',(-25.,-2.5,31.));
#4426 = DIRECTION('',(0.,0.,1.));
#4427 = DIRECTION('',(-1.,0.,0.));
#4428 = DEFINITIONAL_REPRESENTATION('',(#4429),#4432);
#4429 = B_SPLINE_CURVE_WITH_KNOTS('',1,(#4430,#4431),.UNSPECIFIED.,.F.,
  .F.,(2,2),(4.712388980385,6.28318530718),.PIECEWISE_BEZIER_KNOTS.);
#4430 = CARTESIAN_POINT('',(0.,-1.570796326795));
#4431 = CARTESIAN_POINT('',(0.,0.));
#4432 = ( GEOMETRIC_REPRESENTATION_CONTEXT(2) 
PARAMETRIC_REPRESENTATION_CONTEXT() REPRESENTATION_CONTEXT('2D SPACE',''
  ) );
#4433 = ORIENTED_EDGE('',*,*,#4434,.T.);
#4434 = EDGE_CURVE('',#4408,#3408,#4435,.T.);
#4435 = SURFACE_CURVE('',#4436,(#4440,#4447),.PCURVE_S1.);
#4436 = LINE('',#4437,#4438);
#4437 = CARTESIAN_POINT('',(-25.,-3.5,30.));
#4438 = VECTOR('',#4439,1.);
#4439 = DIRECTION('',(-0.,1.,0.));
#4440 = PCURVE('',#3337,#4441);
#4441 = DEFINITIONAL_REPRESENTATION('',(#4442),#4446);
#4442 = LINE('',#4443,#4444);
#4443 = CARTESIAN_POINT('',(-1.570796326795,0.));
#4444 = VECTOR('',#4445,1.);
#4445 = DIRECTION('',(-0.,1.));
#4446 = ( GEOMETRIC_REPRESENTATION_CONTEXT(2) 
PARAMETRIC_REPRESENTATION_CONTEXT() REPRESENTATION_CONTEXT('2D SPACE',''
  ) );
#4447 = PCURVE('',#4448,#4453);
#4448 = PLANE('',#4449);
#4449 = AXIS2_PLACEMENT_3D('',#4450,#4451,#4452);
#4450 = CARTESIAN_POINT('',(-26.,-3.5,30.));
#4451 = DIRECTION('',(0.,0.,1.));
#4452 = DIRECTION('',(1.,0.,-0.));
#4453 = DEFINITIONAL_REPRESENTATION('',(#4454),#4458);
#4454 = LINE('',#4455,#4456);
#4455 = CARTESIAN_POINT('',(1.,0.));
#4456 = VECTOR('',#4457,1.);
#4457 = DIRECTION('',(0.,1.));
#4458 = ( GEOMETRIC_REPRESENTATION_CONTEXT(2) 
PARAMETRIC_REPRESENTATION_CONTEXT() REPRESENTATION_CONTEXT('2D SPACE',''
  ) );
#4459 = ORIENTED_EDGE('',*,*,#3407,.T.);
#4460 = ORIENTED_EDGE('',*,*,#3323,.F.);
#4461 = ADVANCED_FACE('',(#4462),#3369,.T.);
#4462 = FACE_BOUND('',#4463,.F.);
#4463 = EDGE_LOOP('',(#4464,#4465,#4488,#4508));
#4464 = ORIENTED_EDGE('',*,*,#3429,.F.);
#4465 = ORIENTED_EDGE('',*,*,#4466,.T.);
#4466 = EDGE_CURVE('',#3408,#4467,#4469,.T.);
#4467 = VERTEX_POINT('',#4468);
#4468 = CARTESIAN_POINT('',(25.,14.5,30.));
#4469 = SURFACE_CURVE('',#4470,(#4474,#4481),.PCURVE_S1.);
#4470 = LINE('',#4471,#4472);
#4471 = CARTESIAN_POINT('',(-26.,14.5,30.));
#4472 = VECTOR('',#4473,1.);
#4473 = DIRECTION('',(1.,0.,-0.));
#4474 = PCURVE('',#3369,#4475);
#4475 = DEFINITIONAL_REPRESENTATION('',(#4476),#4480);
#4476 = LINE('',#4477,#4478);
#4477 = CARTESIAN_POINT('',(-1.570796326795,0.));
#4478 = VECTOR('',#4479,1.);
#4479 = DIRECTION('',(-0.,1.));
#4480 = ( GEOMETRIC_REPRESENTATION_CONTEXT(2) 
PARAMETRIC_REPRESENTATION_CONTEXT() REPRESENTATION_CONTEXT('2D SPACE',''
  ) );
#4481 = PCURVE('',#4448,#4482);
#4482 = DEFINITIONAL_REPRESENTATION('',(#4483),#4487);
#4483 = LINE('',#4484,#4485);
#4484 = CARTESIAN_POINT('',(0.,18.));
#4485 = VECTOR('',#4486,1.);
#4486 = DIRECTION('',(1.,0.));
#4487 = ( GEOMETRIC_REPRESENTATION_CONTEXT(2) 
PARAMETRIC_REPRESENTATION_CONTEXT() REPRESENTATION_CONTEXT('2D SPACE',''
  ) );
#4488 = ORIENTED_EDGE('',*,*,#4489,.T.);
#4489 = EDGE_CURVE('',#4467,#3354,#4490,.T.);
#4490 = SURFACE_CURVE('',#4491,(#4496,#4502),.PCURVE_S1.);
#4491 = CIRCLE('',#4492,1.);
#4492 = AXIS2_PLACEMENT_3D('',#4493,#4494,#4495);
#4493 = CARTESIAN_POINT('',(25.,14.5,31.));
#4494 = DIRECTION('',(1.,-6.123233995737E-17,0.));
#4495 = DIRECTION('',(6.123233995737E-17,1.,0.));
#4496 = PCURVE('',#3369,#4497);
#4497 = DEFINITIONAL_REPRESENTATION('',(#4498),#4501);
#4498 = B_SPLINE_CURVE_WITH_KNOTS('',1,(#4499,#4500),.UNSPECIFIED.,.F.,
  .F.,(2,2),(4.712388980385,6.28318530718),.PIECEWISE_BEZIER_KNOTS.);
#4499 = CARTESIAN_POINT('',(-1.570796326795,51.));
#4500 = CARTESIAN_POINT('',(0.,51.));
#4501 = ( GEOMETRIC_REPRESENTATION_CONTEXT(2) 
PARAMETRIC_REPRESENTATION_CONTEXT() REPRESENTATION_CONTEXT('2D SPACE',''
  ) );
#4502 = PCURVE('',#3509,#4503);
#4503 = DEFINITIONAL_REPRESENTATION('',(#4504),#4507);
#4504 = B_SPLINE_CURVE_WITH_KNOTS('',1,(#4505,#4506),.UNSPECIFIED.,.F.,
  .F.,(2,2),(4.712388980385,6.28318530718),.PIECEWISE_BEZIER_KNOTS.);
#4505 = CARTESIAN_POINT('',(1.570796326795,-1.570796326795));
#4506 = CARTESIAN_POINT('',(1.570796326795,0.));
#4507 = ( GEOMETRIC_REPRESENTATION_CONTEXT(2) 
PARAMETRIC_REPRESENTATION_CONTEXT() REPRESENTATION_CONTEXT('2D SPACE',''
  ) );
#4508 = ORIENTED_EDGE('',*,*,#3353,.F.);
#4509 = ADVANCED_FACE('',(#4510),#3477,.T.);
#4510 = FACE_BOUND('',#4511,.F.);
#4511 = EDGE_LOOP('',(#4512,#4513,#4538,#4539,#4540));
#4512 = ORIENTED_EDGE('',*,*,#3453,.F.);
#4513 = ORIENTED_EDGE('',*,*,#4514,.T.);
#4514 = EDGE_CURVE('',#3454,#4012,#4515,.T.);
#4515 = SURFACE_CURVE('',#4516,(#4521,#4527),.PCURVE_S1.);
#4516 = CIRCLE('',#4517,1.);
#4517 = AXIS2_PLACEMENT_3D('',#4518,#4519,#4520);
#4518 = CARTESIAN_POINT('',(26.,14.5,32.));
#4519 = DIRECTION('',(1.,-6.123233995737E-17,0.));
#4520 = DIRECTION('',(6.123233995737E-17,1.,0.));
#4521 = PCURVE('',#3477,#4522);
#4522 = DEFINITIONAL_REPRESENTATION('',(#4523),#4526);
#4523 = B_SPLINE_CURVE_WITH_KNOTS('',1,(#4524,#4525),.UNSPECIFIED.,.F.,
  .F.,(2,2),(4.712388980385,6.28318530718),.PIECEWISE_BEZIER_KNOTS.);
#4524 = CARTESIAN_POINT('',(-1.570796326795,2.));
#4525 = CARTESIAN_POINT('',(0.,2.));
#4526 = ( GEOMETRIC_REPRESENTATION_CONTEXT(2) 
PARAMETRIC_REPRESENTATION_CONTEXT() REPRESENTATION_CONTEXT('2D SPACE',''
  ) );
#4527 = PCURVE('',#4528,#4533);
#4528 = SPHERICAL_SURFACE('',#4529,1.);
#4529 = AXIS2_PLACEMENT_3D('',#4530,#4531,#4532);
#4530 = CARTESIAN_POINT('',(26.,14.5,32.));
#4531 = DIRECTION('',(0.,0.,1.));
#4532 = DIRECTION('',(1.,0.,-0.));
#4533 = DEFINITIONAL_REPRESENTATION('',(#4534),#4537);
#4534 = B_SPLINE_CURVE_WITH_KNOTS('',1,(#4535,#4536),.UNSPECIFIED.,.F.,
  .F.,(2,2),(4.712388980385,6.28318530718),.PIECEWISE_BEZIER_KNOTS.);
#4535 = CARTESIAN_POINT('',(1.570796326795,-1.570796326795));
#4536 = CARTESIAN_POINT('',(1.570796326795,0.));
#4537 = ( GEOMETRIC_REPRESENTATION_CONTEXT(2) 
PARAMETRIC_REPRESENTATION_CONTEXT() REPRESENTATION_CONTEXT('2D SPACE',''
  ) );
#4538 = ORIENTED_EDGE('',*,*,#4011,.F.);
#4539 = ORIENTED_EDGE('',*,*,#3955,.T.);
#4540 = ORIENTED_EDGE('',*,*,#3637,.T.);
#4541 = ADVANCED_FACE('',(#4542),#3509,.T.);
#4542 = FACE_BOUND('',#4543,.T.);
#4543 = EDGE_LOOP('',(#4544,#4569,#4570));
#4544 = ORIENTED_EDGE('',*,*,#4545,.F.);
#4545 = EDGE_CURVE('',#4467,#3454,#4546,.T.);
#4546 = SURFACE_CURVE('',#4547,(#4552,#4558),.PCURVE_S1.);
#4547 = CIRCLE('',#4548,1.);
#4548 = AXIS2_PLACEMENT_3D('',#4549,#4550,#4551);
#4549 = CARTESIAN_POINT('',(25.,14.5,31.));
#4550 = DIRECTION('',(0.,-1.,0.));
#4551 = DIRECTION('',(1.,0.,0.));
#4552 = PCURVE('',#3509,#4553);
#4553 = DEFINITIONAL_REPRESENTATION('',(#4554),#4557);
#4554 = B_SPLINE_CURVE_WITH_KNOTS('',1,(#4555,#4556),.UNSPECIFIED.,.F.,
  .F.,(2,2),(4.712388980385,6.28318530718),.PIECEWISE_BEZIER_KNOTS.);
#4555 = CARTESIAN_POINT('',(0.,-1.570796326795));
#4556 = CARTESIAN_POINT('',(0.,0.));
#4557 = ( GEOMETRIC_REPRESENTATION_CONTEXT(2) 
PARAMETRIC_REPRESENTATION_CONTEXT() REPRESENTATION_CONTEXT('2D SPACE',''
  ) );
#4558 = PCURVE('',#4559,#4564);
#4559 = CYLINDRICAL_SURFACE('',#4560,1.);
#4560 = AXIS2_PLACEMENT_3D('',#4561,#4562,#4563);
#4561 = CARTESIAN_POINT('',(25.,-3.5,31.));
#4562 = DIRECTION('',(-0.,1.,0.));
#4563 = DIRECTION('',(1.,0.,-0.));
#4564 = DEFINITIONAL_REPRESENTATION('',(#4565),#4568);
#4565 = B_SPLINE_CURVE_WITH_KNOTS('',1,(#4566,#4567),.UNSPECIFIED.,.F.,
  .F.,(2,2),(4.712388980385,6.28318530718),.PIECEWISE_BEZIER_KNOTS.);
#4566 = CARTESIAN_POINT('',(1.570796326795,18.));
#4567 = CARTESIAN_POINT('',(0.,18.));
#4568 = ( GEOMETRIC_REPRESENTATION_CONTEXT(2) 
PARAMETRIC_REPRESENTATION_CONTEXT() REPRESENTATION_CONTEXT('2D SPACE',''
  ) );
#4569 = ORIENTED_EDGE('',*,*,#4489,.T.);
#4570 = ORIENTED_EDGE('',*,*,#3494,.F.);
#4571 = ADVANCED_FACE('',(#4572),#3799,.T.);
#4572 = FACE_BOUND('',#4573,.T.);
#4573 = EDGE_LOOP('',(#4574,#4575,#4603,#4622));
#4574 = ORIENTED_EDGE('',*,*,#4200,.T.);
#4575 = ORIENTED_EDGE('',*,*,#4576,.T.);
#4576 = EDGE_CURVE('',#4173,#4577,#4579,.T.);
#4577 = VERTEX_POINT('',#4578);
#4578 = CARTESIAN_POINT('',(24.,-2.5,33.));
#4579 = SURFACE_CURVE('',#4580,(#4584,#4591),.PCURVE_S1.);
#4580 = LINE('',#4581,#4582);
#4581 = CARTESIAN_POINT('',(-26.,-2.5,33.));
#4582 = VECTOR('',#4583,1.);
#4583 = DIRECTION('',(1.,0.,-0.));
#4584 = PCURVE('',#3799,#4585);
#4585 = DEFINITIONAL_REPRESENTATION('',(#4586),#4590);
#4586 = LINE('',#4587,#4588);
#4587 = CARTESIAN_POINT('',(0.,1.));
#4588 = VECTOR('',#4589,1.);
#4589 = DIRECTION('',(1.,0.));
#4590 = ( GEOMETRIC_REPRESENTATION_CONTEXT(2) 
PARAMETRIC_REPRESENTATION_CONTEXT() REPRESENTATION_CONTEXT('2D SPACE',''
  ) );
#4591 = PCURVE('',#4592,#4597);
#4592 = CYLINDRICAL_SURFACE('',#4593,1.);
#4593 = AXIS2_PLACEMENT_3D('',#4594,#4595,#4596);
#4594 = CARTESIAN_POINT('',(-26.,-2.5,32.));
#4595 = DIRECTION('',(1.,0.,-0.));
#4596 = DIRECTION('',(0.,-1.,0.));
#4597 = DEFINITIONAL_REPRESENTATION('',(#4598),#4602);
#4598 = LINE('',#4599,#4600);
#4599 = CARTESIAN_POINT('',(-1.570796326795,0.));
#4600 = VECTOR('',#4601,1.);
#4601 = DIRECTION('',(-0.,1.));
#4602 = ( GEOMETRIC_REPRESENTATION_CONTEXT(2) 
PARAMETRIC_REPRESENTATION_CONTEXT() REPRESENTATION_CONTEXT('2D SPACE',''
  ) );
#4603 = ORIENTED_EDGE('',*,*,#4604,.F.);
#4604 = EDGE_CURVE('',#3784,#4577,#4605,.T.);
#4605 = SURFACE_CURVE('',#4606,(#4610,#4616),.PCURVE_S1.);
#4606 = LINE('',#4607,#4608);
#4607 = CARTESIAN_POINT('',(24.,-3.5,33.));
#4608 = VECTOR('',#4609,1.);
#4609 = DIRECTION('',(0.,-1.,0.));
#4610 = PCURVE('',#3799,#4611);
#4611 = DEFINITIONAL_REPRESENTATION('',(#4612),#4615);
#4612 = B_SPLINE_CURVE_WITH_KNOTS('',1,(#4613,#4614),.UNSPECIFIED.,.F.,
  .F.,(2,2),(-18.,-1.),.PIECEWISE_BEZIER_KNOTS.);
#4613 = CARTESIAN_POINT('',(50.,18.));
#4614 = CARTESIAN_POINT('',(50.,1.));
#4615 = ( GEOMETRIC_REPRESENTATION_CONTEXT(2) 
PARAMETRIC_REPRESENTATION_CONTEXT() REPRESENTATION_CONTEXT('2D SPACE',''
  ) );
#4616 = PCURVE('',#3860,#4617);
#4617 = DEFINITIONAL_REPRESENTATION('',(#4618),#4621);
#4618 = B_SPLINE_CURVE_WITH_KNOTS('',1,(#4619,#4620),.UNSPECIFIED.,.F.,
  .F.,(2,2),(-18.,-1.),.PIECEWISE_BEZIER_KNOTS.);
#4619 = CARTESIAN_POINT('',(2.,-18.));
#4620 = CARTESIAN_POINT('',(2.,-1.));
#4621 = ( GEOMETRIC_REPRESENTATION_CONTEXT(2) 
PARAMETRIC_REPRESENTATION_CONTEXT() REPRESENTATION_CONTEXT('2D SPACE',''
  ) );
#4622 = ORIENTED_EDGE('',*,*,#3783,.F.);
#4623 = ADVANCED_FACE('',(#4624),#3860,.F.);
#4624 = FACE_BOUND('',#4625,.F.);
#4625 = EDGE_LOOP('',(#4626,#4652,#4653,#4654));
#4626 = ORIENTED_EDGE('',*,*,#4627,.F.);
#4627 = EDGE_CURVE('',#4577,#3881,#4628,.T.);
#4628 = SURFACE_CURVE('',#4629,(#4633,#4640),.PCURVE_S1.);
#4629 = LINE('',#4630,#4631);
#4630 = CARTESIAN_POINT('',(24.,-2.5,31.));
#4631 = VECTOR('',#4632,1.);
#4632 = DIRECTION('',(0.,0.,1.));
#4633 = PCURVE('',#3860,#4634);
#4634 = DEFINITIONAL_REPRESENTATION('',(#4635),#4639);
#4635 = LINE('',#4636,#4637);
#4636 = CARTESIAN_POINT('',(0.,-1.));
#4637 = VECTOR('',#4638,1.);
#4638 = DIRECTION('',(1.,0.));
#4639 = ( GEOMETRIC_REPRESENTATION_CONTEXT(2) 
PARAMETRIC_REPRESENTATION_CONTEXT() REPRESENTATION_CONTEXT('2D SPACE',''
  ) );
#4640 = PCURVE('',#4641,#4646);
#4641 = CYLINDRICAL_SURFACE('',#4642,1.);
#4642 = AXIS2_PLACEMENT_3D('',#4643,#4644,#4645);
#4643 = CARTESIAN_POINT('',(25.,-2.5,31.));
#4644 = DIRECTION('',(0.,0.,1.));
#4645 = DIRECTION('',(-1.,-0.,0.));
#4646 = DEFINITIONAL_REPRESENTATION('',(#4647),#4651);
#4647 = LINE('',#4648,#4649);
#4648 = CARTESIAN_POINT('',(0.,0.));
#4649 = VECTOR('',#4650,1.);
#4650 = DIRECTION('',(0.,1.));
#4651 = ( GEOMETRIC_REPRESENTATION_CONTEXT(2) 
PARAMETRIC_REPRESENTATION_CONTEXT() REPRESENTATION_CONTEXT('2D SPACE',''
  ) );
#4652 = ORIENTED_EDGE('',*,*,#4604,.F.);
#4653 = ORIENTED_EDGE('',*,*,#3846,.T.);
#4654 = ORIENTED_EDGE('',*,*,#3929,.F.);
#4655 = ADVANCED_FACE('',(#4656),#3896,.T.);
#4656 = FACE_BOUND('',#4657,.F.);
#4657 = EDGE_LOOP('',(#4658,#4659,#4681));
#4658 = ORIENTED_EDGE('',*,*,#3878,.F.);
#4659 = ORIENTED_EDGE('',*,*,#4660,.T.);
#4660 = EDGE_CURVE('',#3879,#4661,#4663,.T.);
#4661 = VERTEX_POINT('',#4662);
#4662 = CARTESIAN_POINT('',(25.,-3.5,58.));
#4663 = SURFACE_CURVE('',#4664,(#4669,#4675),.PCURVE_S1.);
#4664 = CIRCLE('',#4665,1.);
#4665 = AXIS2_PLACEMENT_3D('',#4666,#4667,#4668);
#4666 = CARTESIAN_POINT('',(25.,-2.5,58.));
#4667 = DIRECTION('',(1.,-6.123233995737E-17,0.));
#4668 = DIRECTION('',(-6.123233995737E-17,-1.,0.));
#4669 = PCURVE('',#3896,#4670);
#4670 = DEFINITIONAL_REPRESENTATION('',(#4671),#4674);
#4671 = B_SPLINE_CURVE_WITH_KNOTS('',1,(#4672,#4673),.UNSPECIFIED.,.F.,
  .F.,(2,2),(4.712388980385,6.28318530718),.PIECEWISE_BEZIER_KNOTS.);
#4672 = CARTESIAN_POINT('',(-1.570796326795,-1.570796326795));
#4673 = CARTESIAN_POINT('',(-1.570796326795,0.));
#4674 = ( GEOMETRIC_REPRESENTATION_CONTEXT(2) 
PARAMETRIC_REPRESENTATION_CONTEXT() REPRESENTATION_CONTEXT('2D SPACE',''
  ) );
#4675 = PCURVE('',#4135,#4676);
#4676 = DEFINITIONAL_REPRESENTATION('',(#4677),#4680);
#4677 = B_SPLINE_CURVE_WITH_KNOTS('',1,(#4678,#4679),.UNSPECIFIED.,.F.,
  .F.,(2,2),(4.712388980385,6.28318530718),.PIECEWISE_BEZIER_KNOTS.);
#4678 = CARTESIAN_POINT('',(-1.570796326795,1.));
#4679 = CARTESIAN_POINT('',(0.,1.));
#4680 = ( GEOMETRIC_REPRESENTATION_CONTEXT(2) 
PARAMETRIC_REPRESENTATION_CONTEXT() REPRESENTATION_CONTEXT('2D SPACE',''
  ) );
#4681 = ORIENTED_EDGE('',*,*,#4682,.F.);
#4682 = EDGE_CURVE('',#3881,#4661,#4683,.T.);
#4683 = SURFACE_CURVE('',#4684,(#4689,#4696),.PCURVE_S1.);
#4684 = CIRCLE('',#4685,1.);
#4685 = AXIS2_PLACEMENT_3D('',#4686,#4687,#4688);
#4686 = CARTESIAN_POINT('',(25.,-2.5,58.));
#4687 = DIRECTION('',(0.,0.,1.));
#4688 = DIRECTION('',(-1.,0.,0.));
#4689 = PCURVE('',#3896,#4690);
#4690 = DEFINITIONAL_REPRESENTATION('',(#4691),#4695);
#4691 = LINE('',#4692,#4693);
#4692 = CARTESIAN_POINT('',(-0.,0.));
#4693 = VECTOR('',#4694,1.);
#4694 = DIRECTION('',(-1.,0.));
#4695 = ( GEOMETRIC_REPRESENTATION_CONTEXT(2) 
PARAMETRIC_REPRESENTATION_CONTEXT() REPRESENTATION_CONTEXT('2D SPACE',''
  ) );
#4696 = PCURVE('',#4641,#4697);
#4697 = DEFINITIONAL_REPRESENTATION('',(#4698),#4702);
#4698 = LINE('',#4699,#4700);
#4699 = CARTESIAN_POINT('',(0.,27.));
#4700 = VECTOR('',#4701,1.);
#4701 = DIRECTION('',(1.,0.));
#4702 = ( GEOMETRIC_REPRESENTATION_CONTEXT(2) 
PARAMETRIC_REPRESENTATION_CONTEXT() REPRESENTATION_CONTEXT('2D SPACE',''
  ) );
#4703 = ADVANCED_FACE('',(#4704),#4050,.T.);
#4704 = FACE_BOUND('',#4705,.T.);
#4705 = EDGE_LOOP('',(#4706,#4734,#4756,#4757));
#4706 = ORIENTED_EDGE('',*,*,#4707,.F.);
#4707 = EDGE_CURVE('',#4708,#4066,#4710,.T.);
#4708 = VERTEX_POINT('',#4709);
#4709 = CARTESIAN_POINT('',(27.,14.5,32.));
#4710 = SURFACE_CURVE('',#4711,(#4715,#4722),.PCURVE_S1.);
#4711 = LINE('',#4712,#4713);
#4712 = CARTESIAN_POINT('',(27.,14.5,31.));
#4713 = VECTOR('',#4714,1.);
#4714 = DIRECTION('',(0.,0.,1.));
#4715 = PCURVE('',#4050,#4716);
#4716 = DEFINITIONAL_REPRESENTATION('',(#4717),#4721);
#4717 = LINE('',#4718,#4719);
#4718 = CARTESIAN_POINT('',(0.,0.));
#4719 = VECTOR('',#4720,1.);
#4720 = DIRECTION('',(0.,1.));
#4721 = ( GEOMETRIC_REPRESENTATION_CONTEXT(2) 
PARAMETRIC_REPRESENTATION_CONTEXT() REPRESENTATION_CONTEXT('2D SPACE',''
  ) );
#4722 = PCURVE('',#4723,#4728);
#4723 = PLANE('',#4724);
#4724 = AXIS2_PLACEMENT_3D('',#4725,#4726,#4727);
#4725 = CARTESIAN_POINT('',(27.,-3.5,31.));
#4726 = DIRECTION('',(1.,0.,-0.));
#4727 = DIRECTION('',(0.,0.,1.));
#4728 = DEFINITIONAL_REPRESENTATION('',(#4729),#4733);
#4729 = LINE('',#4730,#4731);
#4730 = CARTESIAN_POINT('',(0.,-18.));
#4731 = VECTOR('',#4732,1.);
#4732 = DIRECTION('',(1.,0.));
#4733 = ( GEOMETRIC_REPRESENTATION_CONTEXT(2) 
PARAMETRIC_REPRESENTATION_CONTEXT() REPRESENTATION_CONTEXT('2D SPACE',''
  ) );
#4734 = ORIENTED_EDGE('',*,*,#4735,.T.);
#4735 = EDGE_CURVE('',#4708,#4012,#4736,.T.);
#4736 = SURFACE_CURVE('',#4737,(#4742,#4749),.PCURVE_S1.);
#4737 = CIRCLE('',#4738,1.);
#4738 = AXIS2_PLACEMENT_3D('',#4739,#4740,#4741);
#4739 = CARTESIAN_POINT('',(26.,14.5,32.));
#4740 = DIRECTION('',(0.,0.,1.));
#4741 = DIRECTION('',(1.,0.,-0.));
#4742 = PCURVE('',#4050,#4743);
#4743 = DEFINITIONAL_REPRESENTATION('',(#4744),#4748);
#4744 = LINE('',#4745,#4746);
#4745 = CARTESIAN_POINT('',(0.,1.));
#4746 = VECTOR('',#4747,1.);
#4747 = DIRECTION('',(1.,0.));
#4748 = ( GEOMETRIC_REPRESENTATION_CONTEXT(2) 
PARAMETRIC_REPRESENTATION_CONTEXT() REPRESENTATION_CONTEXT('2D SPACE',''
  ) );
#4749 = PCURVE('',#4528,#4750);
#4750 = DEFINITIONAL_REPRESENTATION('',(#4751),#4755);
#4751 = LINE('',#4752,#4753);
#4752 = CARTESIAN_POINT('',(0.,0.));
#4753 = VECTOR('',#4754,1.);
#4754 = DIRECTION('',(1.,0.));
#4755 = ( GEOMETRIC_REPRESENTATION_CONTEXT(2) 
PARAMETRIC_REPRESENTATION_CONTEXT() REPRESENTATION_CONTEXT('2D SPACE',''
  ) );
#4756 = ORIENTED_EDGE('',*,*,#4036,.T.);
#4757 = ORIENTED_EDGE('',*,*,#4065,.T.);
#4758 = ADVANCED_FACE('',(#4759),#4103,.T.);
#4759 = FACE_BOUND('',#4760,.F.);
#4760 = EDGE_LOOP('',(#4761,#4788,#4789,#4790));
#4761 = ORIENTED_EDGE('',*,*,#4762,.F.);
#4762 = EDGE_CURVE('',#4120,#4763,#4765,.T.);
#4763 = VERTEX_POINT('',#4764);
#4764 = CARTESIAN_POINT('',(27.,-2.5,58.));
#4765 = SURFACE_CURVE('',#4766,(#4771,#4777),.PCURVE_S1.);
#4766 = CIRCLE('',#4767,1.);
#4767 = AXIS2_PLACEMENT_3D('',#4768,#4769,#4770);
#4768 = CARTESIAN_POINT('',(26.,-2.5,58.));
#4769 = DIRECTION('',(-0.,1.,0.));
#4770 = DIRECTION('',(1.,0.,0.));
#4771 = PCURVE('',#4103,#4772);
#4772 = DEFINITIONAL_REPRESENTATION('',(#4773),#4776);
#4773 = B_SPLINE_CURVE_WITH_KNOTS('',1,(#4774,#4775),.UNSPECIFIED.,.F.,
  .F.,(2,2),(4.712388980385,6.28318530718),.PIECEWISE_BEZIER_KNOTS.);
#4774 = CARTESIAN_POINT('',(-1.570796326795,1.));
#4775 = CARTESIAN_POINT('',(0.,1.));
#4776 = ( GEOMETRIC_REPRESENTATION_CONTEXT(2) 
PARAMETRIC_REPRESENTATION_CONTEXT() REPRESENTATION_CONTEXT('2D SPACE',''
  ) );
#4777 = PCURVE('',#4778,#4783);
#4778 = SPHERICAL_SURFACE('',#4779,1.);
#4779 = AXIS2_PLACEMENT_3D('',#4780,#4781,#4782);
#4780 = CARTESIAN_POINT('',(26.,-2.5,58.));
#4781 = DIRECTION('',(-0.,-0.,-1.));
#4782 = DIRECTION('',(1.,0.,0.));
#4783 = DEFINITIONAL_REPRESENTATION('',(#4784),#4787);
#4784 = B_SPLINE_CURVE_WITH_KNOTS('',1,(#4785,#4786),.UNSPECIFIED.,.F.,
  .F.,(2,2),(4.712388980385,6.28318530718),.PIECEWISE_BEZIER_KNOTS.);
#4785 = CARTESIAN_POINT('',(0.,-1.570796326795));
#4786 = CARTESIAN_POINT('',(0.,0.));
#4787 = ( GEOMETRIC_REPRESENTATION_CONTEXT(2) 
PARAMETRIC_REPRESENTATION_CONTEXT() REPRESENTATION_CONTEXT('2D SPACE',''
  ) );
#4788 = ORIENTED_EDGE('',*,*,#4147,.T.);
#4789 = ORIENTED_EDGE('',*,*,#4088,.F.);
#4790 = ORIENTED_EDGE('',*,*,#4791,.F.);
#4791 = EDGE_CURVE('',#4763,#4066,#4792,.T.);
#4792 = SURFACE_CURVE('',#4793,(#4797,#4804),.PCURVE_S1.);
#4793 = LINE('',#4794,#4795);
#4794 = CARTESIAN_POINT('',(27.,-3.5,58.));
#4795 = VECTOR('',#4796,1.);
#4796 = DIRECTION('',(-0.,1.,0.));
#4797 = PCURVE('',#4103,#4798);
#4798 = DEFINITIONAL_REPRESENTATION('',(#4799),#4803);
#4799 = LINE('',#4800,#4801);
#4800 = CARTESIAN_POINT('',(-0.,0.));
#4801 = VECTOR('',#4802,1.);
#4802 = DIRECTION('',(-0.,1.));
#4803 = ( GEOMETRIC_REPRESENTATION_CONTEXT(2) 
PARAMETRIC_REPRESENTATION_CONTEXT() REPRESENTATION_CONTEXT('2D SPACE',''
  ) );
#4804 = PCURVE('',#4723,#4805);
#4805 = DEFINITIONAL_REPRESENTATION('',(#4806),#4810);
#4806 = LINE('',#4807,#4808);
#4807 = CARTESIAN_POINT('',(27.,0.));
#4808 = VECTOR('',#4809,1.);
#4809 = DIRECTION('',(0.,-1.));
#4810 = ( GEOMETRIC_REPRESENTATION_CONTEXT(2) 
PARAMETRIC_REPRESENTATION_CONTEXT() REPRESENTATION_CONTEXT('2D SPACE',''
  ) );
#4811 = ADVANCED_FACE('',(#4812),#4135,.T.);
#4812 = FACE_BOUND('',#4813,.F.);
#4813 = EDGE_LOOP('',(#4814,#4815,#4816,#4838));
#4814 = ORIENTED_EDGE('',*,*,#4660,.F.);
#4815 = ORIENTED_EDGE('',*,*,#4119,.T.);
#4816 = ORIENTED_EDGE('',*,*,#4817,.T.);
#4817 = EDGE_CURVE('',#4120,#4818,#4820,.T.);
#4818 = VERTEX_POINT('',#4819);
#4819 = CARTESIAN_POINT('',(26.,-3.5,58.));
#4820 = SURFACE_CURVE('',#4821,(#4826,#4832),.PCURVE_S1.);
#4821 = CIRCLE('',#4822,1.);
#4822 = AXIS2_PLACEMENT_3D('',#4823,#4824,#4825);
#4823 = CARTESIAN_POINT('',(26.,-2.5,58.));
#4824 = DIRECTION('',(1.,6.123233995737E-17,0.));
#4825 = DIRECTION('',(6.123233995737E-17,-1.,0.));
#4826 = PCURVE('',#4135,#4827);
#4827 = DEFINITIONAL_REPRESENTATION('',(#4828),#4831);
#4828 = B_SPLINE_CURVE_WITH_KNOTS('',1,(#4829,#4830),.UNSPECIFIED.,.F.,
  .F.,(2,2),(4.712388980385,6.28318530718),.PIECEWISE_BEZIER_KNOTS.);
#4829 = CARTESIAN_POINT('',(-1.570796326795,2.));
#4830 = CARTESIAN_POINT('',(0.,2.));
#4831 = ( GEOMETRIC_REPRESENTATION_CONTEXT(2) 
PARAMETRIC_REPRESENTATION_CONTEXT() REPRESENTATION_CONTEXT('2D SPACE',''
  ) );
#4832 = PCURVE('',#4778,#4833);
#4833 = DEFINITIONAL_REPRESENTATION('',(#4834),#4837);
#4834 = B_SPLINE_CURVE_WITH_KNOTS('',1,(#4835,#4836),.UNSPECIFIED.,.F.,
  .F.,(2,2),(4.712388980385,6.28318530718),.PIECEWISE_BEZIER_KNOTS.);
#4835 = CARTESIAN_POINT('',(1.570796326795,-1.570796326795));
#4836 = CARTESIAN_POINT('',(1.570796326795,0.));
#4837 = ( GEOMETRIC_REPRESENTATION_CONTEXT(2) 
PARAMETRIC_REPRESENTATION_CONTEXT() REPRESENTATION_CONTEXT('2D SPACE',''
  ) );
#4838 = ORIENTED_EDGE('',*,*,#4839,.F.);
#4839 = EDGE_CURVE('',#4661,#4818,#4840,.T.);
#4840 = SURFACE_CURVE('',#4841,(#4845,#4852),.PCURVE_S1.);
#4841 = LINE('',#4842,#4843);
#4842 = CARTESIAN_POINT('',(24.,-3.5,58.));
#4843 = VECTOR('',#4844,1.);
#4844 = DIRECTION('',(1.,0.,-0.));
#4845 = PCURVE('',#4135,#4846);
#4846 = DEFINITIONAL_REPRESENTATION('',(#4847),#4851);
#4847 = LINE('',#4848,#4849);
#4848 = CARTESIAN_POINT('',(-0.,0.));
#4849 = VECTOR('',#4850,1.);
#4850 = DIRECTION('',(-0.,1.));
#4851 = ( GEOMETRIC_REPRESENTATION_CONTEXT(2) 
PARAMETRIC_REPRESENTATION_CONTEXT() REPRESENTATION_CONTEXT('2D SPACE',''
  ) );
#4852 = PCURVE('',#4853,#4858);
#4853 = PLANE('',#4854);
#4854 = AXIS2_PLACEMENT_3D('',#4855,#4856,#4857);
#4855 = CARTESIAN_POINT('',(24.,-3.5,31.));
#4856 = DIRECTION('',(-0.,1.,0.));
#4857 = DIRECTION('',(0.,0.,1.));
#4858 = DEFINITIONAL_REPRESENTATION('',(#4859),#4863);
#4859 = LINE('',#4860,#4861);
#4860 = CARTESIAN_POINT('',(27.,0.));
#4861 = VECTOR('',#4862,1.);
#4862 = DIRECTION('',(0.,1.));
#4863 = ( GEOMETRIC_REPRESENTATION_CONTEXT(2) 
PARAMETRIC_REPRESENTATION_CONTEXT() REPRESENTATION_CONTEXT('2D SPACE',''
  ) );
#4864 = ADVANCED_FACE('',(#4865),#4188,.T.);
#4865 = FACE_BOUND('',#4866,.F.);
#4866 = EDGE_LOOP('',(#4867,#4868,#4900,#4901));
#4867 = ORIENTED_EDGE('',*,*,#4172,.F.);
#4868 = ORIENTED_EDGE('',*,*,#4869,.F.);
#4869 = EDGE_CURVE('',#4303,#4173,#4870,.T.);
#4870 = SURFACE_CURVE('',#4871,(#4876,#4888),.PCURVE_S1.);
#4871 = ELLIPSE('',#4872,1.414213562373,1.);
#4872 = AXIS2_PLACEMENT_3D('',#4873,#4874,#4875);
#4873 = CARTESIAN_POINT('',(-25.,-2.5,32.));
#4874 = DIRECTION('',(-0.707106781187,0.,0.707106781187));
#4875 = DIRECTION('',(0.707106781187,0.,0.707106781187));
#4876 = PCURVE('',#4188,#4877);
#4877 = DEFINITIONAL_REPRESENTATION('',(#4878),#4887);
#4878 = B_SPLINE_CURVE_WITH_KNOTS('',7,(#4879,#4880,#4881,#4882,#4883,
    #4884,#4885,#4886),.UNSPECIFIED.,.F.,.F.,(8,8),(4.712388980385,
    6.28318530718),.PIECEWISE_BEZIER_KNOTS.);
#4879 = CARTESIAN_POINT('',(-1.570796326795,1.));
#4880 = CARTESIAN_POINT('',(-1.346396851538,1.224399475256));
#4881 = CARTESIAN_POINT('',(-1.121997376282,1.448798039319));
#4882 = CARTESIAN_POINT('',(-0.897597901026,1.654746825774));
#4883 = CARTESIAN_POINT('',(-0.673198425769,1.823762504625));
#4884 = CARTESIAN_POINT('',(-0.448798950513,1.94125132739));
#4885 = CARTESIAN_POINT('',(-0.224399475256,2.));
#4886 = CARTESIAN_POINT('',(-4.440892098501E-16,2.));
#4887 = ( GEOMETRIC_REPRESENTATION_CONTEXT(2) 
PARAMETRIC_REPRESENTATION_CONTEXT() REPRESENTATION_CONTEXT('2D SPACE',''
  ) );
#4888 = PCURVE('',#4592,#4889);
#4889 = DEFINITIONAL_REPRESENTATION('',(#4890),#4899);
#4890 = B_SPLINE_CURVE_WITH_KNOTS('',7,(#4891,#4892,#4893,#4894,#4895,
    #4896,#4897,#4898),.UNSPECIFIED.,.F.,.F.,(8,8),(4.712388980385,
    6.28318530718),.PIECEWISE_BEZIER_KNOTS.);
#4891 = CARTESIAN_POINT('',(0.,1.));
#4892 = CARTESIAN_POINT('',(-0.224399475256,1.224399475256));
#4893 = CARTESIAN_POINT('',(-0.448798950513,1.448798039319));
#4894 = CARTESIAN_POINT('',(-0.673198425769,1.654746825773));
#4895 = CARTESIAN_POINT('',(-0.897597901026,1.823762504625));
#4896 = CARTESIAN_POINT('',(-1.121997376282,1.94125132739));
#4897 = CARTESIAN_POINT('',(-1.346396851538,2.));
#4898 = CARTESIAN_POINT('',(-1.570796326795,2.));
#4899 = ( GEOMETRIC_REPRESENTATION_CONTEXT(2) 
PARAMETRIC_REPRESENTATION_CONTEXT() REPRESENTATION_CONTEXT('2D SPACE',''
  ) );
#4900 = ORIENTED_EDGE('',*,*,#4302,.T.);
#4901 = ORIENTED_EDGE('',*,*,#4226,.F.);
#4902 = ADVANCED_FACE('',(#4903),#4339,.T.);
#4903 = FACE_BOUND('',#4904,.T.);
#4904 = EDGE_LOOP('',(#4905,#4906,#4943));
#4905 = ORIENTED_EDGE('',*,*,#4383,.F.);
#4906 = ORIENTED_EDGE('',*,*,#4907,.F.);
#4907 = EDGE_CURVE('',#4303,#3297,#4908,.T.);
#4908 = SURFACE_CURVE('',#4909,(#4914,#4926),.PCURVE_S1.);
#4909 = ELLIPSE('',#4910,1.414213562373,1.);
#4910 = AXIS2_PLACEMENT_3D('',#4911,#4912,#4913);
#4911 = CARTESIAN_POINT('',(-25.,-2.5,32.));
#4912 = DIRECTION('',(0.707106781187,0.,-0.707106781187));
#4913 = DIRECTION('',(0.707106781187,0.,0.707106781187));
#4914 = PCURVE('',#4339,#4915);
#4915 = DEFINITIONAL_REPRESENTATION('',(#4916),#4925);
#4916 = B_SPLINE_CURVE_WITH_KNOTS('',7,(#4917,#4918,#4919,#4920,#4921,
    #4922,#4923,#4924),.UNSPECIFIED.,.F.,.F.,(8,8),(1.570796265213,
    3.14159265359),.PIECEWISE_BEZIER_KNOTS.);
#4917 = CARTESIAN_POINT('',(-6.158142440427E-08,2.000000061581));
#4918 = CARTESIAN_POINT('',(0.224399422472,1.775600577528));
#4919 = CARTESIAN_POINT('',(0.448798906526,1.55120200105));
#4920 = CARTESIAN_POINT('',(0.67319839058,1.345253200732));
#4921 = CARTESIAN_POINT('',(0.897597874634,1.176237509192));
#4922 = CARTESIAN_POINT('',(1.121997358687,1.058748677217));
#4923 = CARTESIAN_POINT('',(1.346396842741,1.));
#4924 = CARTESIAN_POINT('',(1.570796326795,1.));
#4925 = ( GEOMETRIC_REPRESENTATION_CONTEXT(2) 
PARAMETRIC_REPRESENTATION_CONTEXT() REPRESENTATION_CONTEXT('2D SPACE',''
  ) );
#4926 = PCURVE('',#4927,#4932);
#4927 = CYLINDRICAL_SURFACE('',#4928,1.);
#4928 = AXIS2_PLACEMENT_3D('',#4929,#4930,#4931);
#4929 = CARTESIAN_POINT('',(-25.,-2.5,30.));
#4930 = DIRECTION('',(0.,0.,1.));
#4931 = DIRECTION('',(-1.,-0.,0.));
#4932 = DEFINITIONAL_REPRESENTATION('',(#4933),#4942);
#4933 = B_SPLINE_CURVE_WITH_KNOTS('',7,(#4934,#4935,#4936,#4937,#4938,
    #4939,#4940,#4941),.UNSPECIFIED.,.F.,.F.,(8,8),(1.570796265213,
    3.14159265359),.PIECEWISE_BEZIER_KNOTS.);
#4934 = CARTESIAN_POINT('',(1.570796388376,2.000000061581));
#4935 = CARTESIAN_POINT('',(1.346396904323,1.775600577528));
#4936 = CARTESIAN_POINT('',(1.121997420269,1.55120200105));
#4937 = CARTESIAN_POINT('',(0.897597936215,1.345253200733));
#4938 = CARTESIAN_POINT('',(0.673198452161,1.176237509192));
#4939 = CARTESIAN_POINT('',(0.448798968107,1.058748677217));
#4940 = CARTESIAN_POINT('',(0.224399484054,1.));
#4941 = CARTESIAN_POINT('',(0.,1.));
#4942 = ( GEOMETRIC_REPRESENTATION_CONTEXT(2) 
PARAMETRIC_REPRESENTATION_CONTEXT() REPRESENTATION_CONTEXT('2D SPACE',''
  ) );
#4943 = ORIENTED_EDGE('',*,*,#4325,.F.);
#4944 = ADVANCED_FACE('',(#4945),#4423,.T.);
#4945 = FACE_BOUND('',#4946,.T.);
#4946 = EDGE_LOOP('',(#4947,#4948,#4975));
#4947 = ORIENTED_EDGE('',*,*,#4407,.F.);
#4948 = ORIENTED_EDGE('',*,*,#4949,.T.);
#4949 = EDGE_CURVE('',#4408,#4950,#4952,.T.);
#4950 = VERTEX_POINT('',#4951);
#4951 = CARTESIAN_POINT('',(-25.,-3.5,31.));
#4952 = SURFACE_CURVE('',#4953,(#4958,#4964),.PCURVE_S1.);
#4953 = CIRCLE('',#4954,1.);
#4954 = AXIS2_PLACEMENT_3D('',#4955,#4956,#4957);
#4955 = CARTESIAN_POINT('',(-25.,-2.5,31.));
#4956 = DIRECTION('',(-1.,6.123233995737E-17,0.));
#4957 = DIRECTION('',(-6.123233995737E-17,-1.,0.));
#4958 = PCURVE('',#4423,#4959);
#4959 = DEFINITIONAL_REPRESENTATION('',(#4960),#4963);
#4960 = B_SPLINE_CURVE_WITH_KNOTS('',1,(#4961,#4962),.UNSPECIFIED.,.F.,
  .F.,(2,2),(4.712388980385,6.28318530718),.PIECEWISE_BEZIER_KNOTS.);
#4961 = CARTESIAN_POINT('',(1.570796326795,-1.570796326795));
#4962 = CARTESIAN_POINT('',(1.570796326795,0.));
#4963 = ( GEOMETRIC_REPRESENTATION_CONTEXT(2) 
PARAMETRIC_REPRESENTATION_CONTEXT() REPRESENTATION_CONTEXT('2D SPACE',''
  ) );
#4964 = PCURVE('',#4965,#4970);
#4965 = CYLINDRICAL_SURFACE('',#4966,1.);
#4966 = AXIS2_PLACEMENT_3D('',#4967,#4968,#4969);
#4967 = CARTESIAN_POINT('',(-26.,-2.5,31.));
#4968 = DIRECTION('',(1.,0.,-0.));
#4969 = DIRECTION('',(0.,-1.,0.));
#4970 = DEFINITIONAL_REPRESENTATION('',(#4971),#4974);
#4971 = B_SPLINE_CURVE_WITH_KNOTS('',1,(#4972,#4973),.UNSPECIFIED.,.F.,
  .F.,(2,2),(4.712388980385,6.28318530718),.PIECEWISE_BEZIER_KNOTS.);
#4972 = CARTESIAN_POINT('',(1.570796326795,1.));
#4973 = CARTESIAN_POINT('',(0.,1.));
#4974 = ( GEOMETRIC_REPRESENTATION_CONTEXT(2) 
PARAMETRIC_REPRESENTATION_CONTEXT() REPRESENTATION_CONTEXT('2D SPACE',''
  ) );
#4975 = ORIENTED_EDGE('',*,*,#4976,.F.);
#4976 = EDGE_CURVE('',#3297,#4950,#4977,.T.);
#4977 = SURFACE_CURVE('',#4978,(#4983,#4990),.PCURVE_S1.);
#4978 = CIRCLE('',#4979,1.);
#4979 = AXIS2_PLACEMENT_3D('',#4980,#4981,#4982);
#4980 = CARTESIAN_POINT('',(-25.,-2.5,31.));
#4981 = DIRECTION('',(0.,0.,1.));
#4982 = DIRECTION('',(-1.,0.,0.));
#4983 = PCURVE('',#4423,#4984);
#4984 = DEFINITIONAL_REPRESENTATION('',(#4985),#4989);
#4985 = LINE('',#4986,#4987);
#4986 = CARTESIAN_POINT('',(0.,0.));
#4987 = VECTOR('',#4988,1.);
#4988 = DIRECTION('',(1.,0.));
#4989 = ( GEOMETRIC_REPRESENTATION_CONTEXT(2) 
PARAMETRIC_REPRESENTATION_CONTEXT() REPRESENTATION_CONTEXT('2D SPACE',''
  ) );
#4990 = PCURVE('',#4927,#4991);
#4991 = DEFINITIONAL_REPRESENTATION('',(#4992),#4996);
#4992 = LINE('',#4993,#4994);
#4993 = CARTESIAN_POINT('',(0.,1.));
#4994 = VECTOR('',#4995,1.);
#4995 = DIRECTION('',(1.,0.));
#4996 = ( GEOMETRIC_REPRESENTATION_CONTEXT(2) 
PARAMETRIC_REPRESENTATION_CONTEXT() REPRESENTATION_CONTEXT('2D SPACE',''
  ) );
#4997 = ADVANCED_FACE('',(#4998),#4448,.F.);
#4998 = FACE_BOUND('',#4999,.F.);
#4999 = EDGE_LOOP('',(#5000,#5001,#5024,#5045));
#5000 = ORIENTED_EDGE('',*,*,#4434,.F.);
#5001 = ORIENTED_EDGE('',*,*,#5002,.T.);
#5002 = EDGE_CURVE('',#4408,#5003,#5005,.T.);
#5003 = VERTEX_POINT('',#5004);
#5004 = CARTESIAN_POINT('',(25.,-2.5,30.));
#5005 = SURFACE_CURVE('',#5006,(#5010,#5017),.PCURVE_S1.);
#5006 = LINE('',#5007,#5008);
#5007 = CARTESIAN_POINT('',(-26.,-2.5,30.));
#5008 = VECTOR('',#5009,1.);
#5009 = DIRECTION('',(1.,0.,-0.));
#5010 = PCURVE('',#4448,#5011);
#5011 = DEFINITIONAL_REPRESENTATION('',(#5012),#5016);
#5012 = LINE('',#5013,#5014);
#5013 = CARTESIAN_POINT('',(0.,1.));
#5014 = VECTOR('',#5015,1.);
#5015 = DIRECTION('',(1.,0.));
#5016 = ( GEOMETRIC_REPRESENTATION_CONTEXT(2) 
PARAMETRIC_REPRESENTATION_CONTEXT() REPRESENTATION_CONTEXT('2D SPACE',''
  ) );
#5017 = PCURVE('',#4965,#5018);
#5018 = DEFINITIONAL_REPRESENTATION('',(#5019),#5023);
#5019 = LINE('',#5020,#5021);
#5020 = CARTESIAN_POINT('',(1.570796326795,0.));
#5021 = VECTOR('',#5022,1.);
#5022 = DIRECTION('',(0.,1.));
#5023 = ( GEOMETRIC_REPRESENTATION_CONTEXT(2) 
PARAMETRIC_REPRESENTATION_CONTEXT() REPRESENTATION_CONTEXT('2D SPACE',''
  ) );
#5024 = ORIENTED_EDGE('',*,*,#5025,.T.);
#5025 = EDGE_CURVE('',#5003,#4467,#5026,.T.);
#5026 = SURFACE_CURVE('',#5027,(#5031,#5038),.PCURVE_S1.);
#5027 = LINE('',#5028,#5029);
#5028 = CARTESIAN_POINT('',(25.,-3.5,30.));
#5029 = VECTOR('',#5030,1.);
#5030 = DIRECTION('',(-0.,1.,0.));
#5031 = PCURVE('',#4448,#5032);
#5032 = DEFINITIONAL_REPRESENTATION('',(#5033),#5037);
#5033 = LINE('',#5034,#5035);
#5034 = CARTESIAN_POINT('',(51.,0.));
#5035 = VECTOR('',#5036,1.);
#5036 = DIRECTION('',(0.,1.));
#5037 = ( GEOMETRIC_REPRESENTATION_CONTEXT(2) 
PARAMETRIC_REPRESENTATION_CONTEXT() REPRESENTATION_CONTEXT('2D SPACE',''
  ) );
#5038 = PCURVE('',#4559,#5039);
#5039 = DEFINITIONAL_REPRESENTATION('',(#5040),#5044);
#5040 = LINE('',#5041,#5042);
#5041 = CARTESIAN_POINT('',(1.570796326795,0.));
#5042 = VECTOR('',#5043,1.);
#5043 = DIRECTION('',(0.,1.));
#5044 = ( GEOMETRIC_REPRESENTATION_CONTEXT(2) 
PARAMETRIC_REPRESENTATION_CONTEXT() REPRESENTATION_CONTEXT('2D SPACE',''
  ) );
#5045 = ORIENTED_EDGE('',*,*,#4466,.F.);
#5046 = ADVANCED_FACE('',(#5047),#4528,.T.);
#5047 = FACE_BOUND('',#5048,.T.);
#5048 = EDGE_LOOP('',(#5049,#5074,#5075));
#5049 = ORIENTED_EDGE('',*,*,#5050,.F.);
#5050 = EDGE_CURVE('',#3454,#4708,#5051,.T.);
#5051 = SURFACE_CURVE('',#5052,(#5057,#5063),.PCURVE_S1.);
#5052 = CIRCLE('',#5053,1.);
#5053 = AXIS2_PLACEMENT_3D('',#5054,#5055,#5056);
#5054 = CARTESIAN_POINT('',(26.,14.5,32.));
#5055 = DIRECTION('',(0.,-1.,0.));
#5056 = DIRECTION('',(1.,0.,0.));
#5057 = PCURVE('',#4528,#5058);
#5058 = DEFINITIONAL_REPRESENTATION('',(#5059),#5062);
#5059 = B_SPLINE_CURVE_WITH_KNOTS('',1,(#5060,#5061),.UNSPECIFIED.,.F.,
  .F.,(2,2),(4.712388980385,6.28318530718),.PIECEWISE_BEZIER_KNOTS.);
#5060 = CARTESIAN_POINT('',(0.,-1.570796326795));
#5061 = CARTESIAN_POINT('',(0.,0.));
#5062 = ( GEOMETRIC_REPRESENTATION_CONTEXT(2) 
PARAMETRIC_REPRESENTATION_CONTEXT() REPRESENTATION_CONTEXT('2D SPACE',''
  ) );
#5063 = PCURVE('',#5064,#5069);
#5064 = CYLINDRICAL_SURFACE('',#5065,1.);
#5065 = AXIS2_PLACEMENT_3D('',#5066,#5067,#5068);
#5066 = CARTESIAN_POINT('',(26.,-3.5,32.));
#5067 = DIRECTION('',(-0.,1.,0.));
#5068 = DIRECTION('',(1.,0.,-0.));
#5069 = DEFINITIONAL_REPRESENTATION('',(#5070),#5073);
#5070 = B_SPLINE_CURVE_WITH_KNOTS('',1,(#5071,#5072),.UNSPECIFIED.,.F.,
  .F.,(2,2),(4.712388980385,6.28318530718),.PIECEWISE_BEZIER_KNOTS.);
#5071 = CARTESIAN_POINT('',(1.570796326795,18.));
#5072 = CARTESIAN_POINT('',(0.,18.));
#5073 = ( GEOMETRIC_REPRESENTATION_CONTEXT(2) 
PARAMETRIC_REPRESENTATION_CONTEXT() REPRESENTATION_CONTEXT('2D SPACE',''
  ) );
#5074 = ORIENTED_EDGE('',*,*,#4514,.T.);
#5075 = ORIENTED_EDGE('',*,*,#4735,.F.);
#5076 = ADVANCED_FACE('',(#5077),#4559,.T.);
#5077 = FACE_BOUND('',#5078,.T.);
#5078 = EDGE_LOOP('',(#5079,#5106,#5107,#5108));
#5079 = ORIENTED_EDGE('',*,*,#5080,.F.);
#5080 = EDGE_CURVE('',#5003,#5081,#5083,.T.);
#5081 = VERTEX_POINT('',#5082);
#5082 = CARTESIAN_POINT('',(26.,-2.5,31.));
#5083 = SURFACE_CURVE('',#5084,(#5089,#5095),.PCURVE_S1.);
#5084 = CIRCLE('',#5085,1.);
#5085 = AXIS2_PLACEMENT_3D('',#5086,#5087,#5088);
#5086 = CARTESIAN_POINT('',(25.,-2.5,31.));
#5087 = DIRECTION('',(0.,-1.,0.));
#5088 = DIRECTION('',(1.,0.,0.));
#5089 = PCURVE('',#4559,#5090);
#5090 = DEFINITIONAL_REPRESENTATION('',(#5091),#5094);
#5091 = B_SPLINE_CURVE_WITH_KNOTS('',1,(#5092,#5093),.UNSPECIFIED.,.F.,
  .F.,(2,2),(4.712388980385,6.28318530718),.PIECEWISE_BEZIER_KNOTS.);
#5092 = CARTESIAN_POINT('',(1.570796326795,1.));
#5093 = CARTESIAN_POINT('',(0.,1.));
#5094 = ( GEOMETRIC_REPRESENTATION_CONTEXT(2) 
PARAMETRIC_REPRESENTATION_CONTEXT() REPRESENTATION_CONTEXT('2D SPACE',''
  ) );
#5095 = PCURVE('',#5096,#5101);
#5096 = SPHERICAL_SURFACE('',#5097,1.);
#5097 = AXIS2_PLACEMENT_3D('',#5098,#5099,#5100);
#5098 = CARTESIAN_POINT('',(25.,-2.5,31.));
#5099 = DIRECTION('',(0.,0.,1.));
#5100 = DIRECTION('',(1.,0.,-0.));
#5101 = DEFINITIONAL_REPRESENTATION('',(#5102),#5105);
#5102 = B_SPLINE_CURVE_WITH_KNOTS('',1,(#5103,#5104),.UNSPECIFIED.,.F.,
  .F.,(2,2),(4.712388980385,6.28318530718),.PIECEWISE_BEZIER_KNOTS.);
#5103 = CARTESIAN_POINT('',(0.,-1.570796326795));
#5104 = CARTESIAN_POINT('',(0.,0.));
#5105 = ( GEOMETRIC_REPRESENTATION_CONTEXT(2) 
PARAMETRIC_REPRESENTATION_CONTEXT() REPRESENTATION_CONTEXT('2D SPACE',''
  ) );
#5106 = ORIENTED_EDGE('',*,*,#5025,.T.);
#5107 = ORIENTED_EDGE('',*,*,#4545,.T.);
#5108 = ORIENTED_EDGE('',*,*,#5109,.F.);
#5109 = EDGE_CURVE('',#5081,#3454,#5110,.T.);
#5110 = SURFACE_CURVE('',#5111,(#5115,#5121),.PCURVE_S1.);
#5111 = LINE('',#5112,#5113);
#5112 = CARTESIAN_POINT('',(26.,-3.5,31.));
#5113 = VECTOR('',#5114,1.);
#5114 = DIRECTION('',(-0.,1.,0.));
#5115 = PCURVE('',#4559,#5116);
#5116 = DEFINITIONAL_REPRESENTATION('',(#5117),#5120);
#5117 = B_SPLINE_CURVE_WITH_KNOTS('',1,(#5118,#5119),.UNSPECIFIED.,.F.,
  .F.,(2,2),(1.,18.),.PIECEWISE_BEZIER_KNOTS.);
#5118 = CARTESIAN_POINT('',(0.,1.));
#5119 = CARTESIAN_POINT('',(0.,18.));
#5120 = ( GEOMETRIC_REPRESENTATION_CONTEXT(2) 
PARAMETRIC_REPRESENTATION_CONTEXT() REPRESENTATION_CONTEXT('2D SPACE',''
  ) );
#5121 = PCURVE('',#5064,#5122);
#5122 = DEFINITIONAL_REPRESENTATION('',(#5123),#5127);
#5123 = LINE('',#5124,#5125);
#5124 = CARTESIAN_POINT('',(1.570796326795,0.));
#5125 = VECTOR('',#5126,1.);
#5126 = DIRECTION('',(0.,1.));
#5127 = ( GEOMETRIC_REPRESENTATION_CONTEXT(2) 
PARAMETRIC_REPRESENTATION_CONTEXT() REPRESENTATION_CONTEXT('2D SPACE',''
  ) );
#5128 = ADVANCED_FACE('',(#5129),#4592,.T.);
#5129 = FACE_BOUND('',#5130,.F.);
#5130 = EDGE_LOOP('',(#5131,#5159,#5160,#5161));
#5131 = ORIENTED_EDGE('',*,*,#5132,.F.);
#5132 = EDGE_CURVE('',#4303,#5133,#5135,.T.);
#5133 = VERTEX_POINT('',#5134);
#5134 = CARTESIAN_POINT('',(25.,-3.5,32.));
#5135 = SURFACE_CURVE('',#5136,(#5140,#5147),.PCURVE_S1.);
#5136 = LINE('',#5137,#5138);
#5137 = CARTESIAN_POINT('',(-26.,-3.5,32.));
#5138 = VECTOR('',#5139,1.);
#5139 = DIRECTION('',(1.,0.,-0.));
#5140 = PCURVE('',#4592,#5141);
#5141 = DEFINITIONAL_REPRESENTATION('',(#5142),#5146);
#5142 = LINE('',#5143,#5144);
#5143 = CARTESIAN_POINT('',(-0.,0.));
#5144 = VECTOR('',#5145,1.);
#5145 = DIRECTION('',(-0.,1.));
#5146 = ( GEOMETRIC_REPRESENTATION_CONTEXT(2) 
PARAMETRIC_REPRESENTATION_CONTEXT() REPRESENTATION_CONTEXT('2D SPACE',''
  ) );
#5147 = PCURVE('',#5148,#5153);
#5148 = PLANE('',#5149);
#5149 = AXIS2_PLACEMENT_3D('',#5150,#5151,#5152);
#5150 = CARTESIAN_POINT('',(-26.,-3.5,30.));
#5151 = DIRECTION('',(-0.,1.,0.));
#5152 = DIRECTION('',(0.,0.,1.));
#5153 = DEFINITIONAL_REPRESENTATION('',(#5154),#5158);
#5154 = LINE('',#5155,#5156);
#5155 = CARTESIAN_POINT('',(2.,0.));
#5156 = VECTOR('',#5157,1.);
#5157 = DIRECTION('',(0.,1.));
#5158 = ( GEOMETRIC_REPRESENTATION_CONTEXT(2) 
PARAMETRIC_REPRESENTATION_CONTEXT() REPRESENTATION_CONTEXT('2D SPACE',''
  ) );
#5159 = ORIENTED_EDGE('',*,*,#4869,.T.);
#5160 = ORIENTED_EDGE('',*,*,#4576,.T.);
#5161 = ORIENTED_EDGE('',*,*,#5162,.T.);
#5162 = EDGE_CURVE('',#4577,#5133,#5163,.T.);
#5163 = SURFACE_CURVE('',#5164,(#5169,#5181),.PCURVE_S1.);
#5164 = ELLIPSE('',#5165,1.414213562373,1.);
#5165 = AXIS2_PLACEMENT_3D('',#5166,#5167,#5168);
#5166 = CARTESIAN_POINT('',(25.,-2.5,32.));
#5167 = DIRECTION('',(0.707106781187,0.,0.707106781187));
#5168 = DIRECTION('',(-0.707106781187,0.,0.707106781187));
#5169 = PCURVE('',#4592,#5170);
#5170 = DEFINITIONAL_REPRESENTATION('',(#5171),#5180);
#5171 = B_SPLINE_CURVE_WITH_KNOTS('',7,(#5172,#5173,#5174,#5175,#5176,
    #5177,#5178,#5179),.UNSPECIFIED.,.F.,.F.,(8,8),(0.,1.57079628962),
  .PIECEWISE_BEZIER_KNOTS.);
#5172 = CARTESIAN_POINT('',(-1.570796326795,50.));
#5173 = CARTESIAN_POINT('',(-1.346396856849,50.));
#5174 = CARTESIAN_POINT('',(-1.121997386903,50.05874866983));
#5175 = CARTESIAN_POINT('',(-0.897597916958,50.176237487045));
#5176 = CARTESIAN_POINT('',(-0.673198447012,50.345253158201));
#5177 = CARTESIAN_POINT('',(-0.448798977066,50.551201936318));
#5178 = CARTESIAN_POINT('',(-0.224399507121,50.775600492879));
#5179 = CARTESIAN_POINT('',(-3.717479302168E-08,50.999999962825));
#5180 = ( GEOMETRIC_REPRESENTATION_CONTEXT(2) 
PARAMETRIC_REPRESENTATION_CONTEXT() REPRESENTATION_CONTEXT('2D SPACE',''
  ) );
#5181 = PCURVE('',#4641,#5182);
#5182 = DEFINITIONAL_REPRESENTATION('',(#5183),#5192);
#5183 = B_SPLINE_CURVE_WITH_KNOTS('',7,(#5184,#5185,#5186,#5187,#5188,
    #5189,#5190,#5191),.UNSPECIFIED.,.F.,.F.,(8,8),(0.,1.57079628962),
  .PIECEWISE_BEZIER_KNOTS.);
#5184 = CARTESIAN_POINT('',(0.,2.));
#5185 = CARTESIAN_POINT('',(0.224399469946,2.));
#5186 = CARTESIAN_POINT('',(0.448798939891,1.941251330171));
#5187 = CARTESIAN_POINT('',(0.673198409837,1.823762512967));
#5188 = CARTESIAN_POINT('',(0.897597879783,1.654746841774));
#5189 = CARTESIAN_POINT('',(1.121997349729,1.448798063689));
#5190 = CARTESIAN_POINT('',(1.346396819674,1.224399507121));
#5191 = CARTESIAN_POINT('',(1.57079628962,1.000000037175));
#5192 = ( GEOMETRIC_REPRESENTATION_CONTEXT(2) 
PARAMETRIC_REPRESENTATION_CONTEXT() REPRESENTATION_CONTEXT('2D SPACE',''
  ) );
#5193 = ADVANCED_FACE('',(#5194),#4641,.T.);
#5194 = FACE_BOUND('',#5195,.T.);
#5195 = EDGE_LOOP('',(#5196,#5197,#5198,#5219));
#5196 = ORIENTED_EDGE('',*,*,#4627,.F.);
#5197 = ORIENTED_EDGE('',*,*,#5162,.T.);
#5198 = ORIENTED_EDGE('',*,*,#5199,.T.);
#5199 = EDGE_CURVE('',#5133,#4661,#5200,.T.);
#5200 = SURFACE_CURVE('',#5201,(#5205,#5212),.PCURVE_S1.);
#5201 = LINE('',#5202,#5203);
#5202 = CARTESIAN_POINT('',(25.,-3.5,31.));
#5203 = VECTOR('',#5204,1.);
#5204 = DIRECTION('',(0.,0.,1.));
#5205 = PCURVE('',#4641,#5206);
#5206 = DEFINITIONAL_REPRESENTATION('',(#5207),#5211);
#5207 = LINE('',#5208,#5209);
#5208 = CARTESIAN_POINT('',(1.570796326795,0.));
#5209 = VECTOR('',#5210,1.);
#5210 = DIRECTION('',(0.,1.));
#5211 = ( GEOMETRIC_REPRESENTATION_CONTEXT(2) 
PARAMETRIC_REPRESENTATION_CONTEXT() REPRESENTATION_CONTEXT('2D SPACE',''
  ) );
#5212 = PCURVE('',#4853,#5213);
#5213 = DEFINITIONAL_REPRESENTATION('',(#5214),#5218);
#5214 = LINE('',#5215,#5216);
#5215 = CARTESIAN_POINT('',(0.,1.));
#5216 = VECTOR('',#5217,1.);
#5217 = DIRECTION('',(1.,0.));
#5218 = ( GEOMETRIC_REPRESENTATION_CONTEXT(2) 
PARAMETRIC_REPRESENTATION_CONTEXT() REPRESENTATION_CONTEXT('2D SPACE',''
  ) );
#5219 = ORIENTED_EDGE('',*,*,#4682,.F.);
#5220 = ADVANCED_FACE('',(#5221),#4723,.T.);
#5221 = FACE_BOUND('',#5222,.T.);
#5222 = EDGE_LOOP('',(#5223,#5251,#5272,#5273));
#5223 = ORIENTED_EDGE('',*,*,#5224,.F.);
#5224 = EDGE_CURVE('',#5225,#4763,#5227,.T.);
#5225 = VERTEX_POINT('',#5226);
#5226 = CARTESIAN_POINT('',(27.,-2.5,32.));
#5227 = SURFACE_CURVE('',#5228,(#5232,#5239),.PCURVE_S1.);
#5228 = LINE('',#5229,#5230);
#5229 = CARTESIAN_POINT('',(27.,-2.5,31.));
#5230 = VECTOR('',#5231,1.);
#5231 = DIRECTION('',(0.,0.,1.));
#5232 = PCURVE('',#4723,#5233);
#5233 = DEFINITIONAL_REPRESENTATION('',(#5234),#5238);
#5234 = LINE('',#5235,#5236);
#5235 = CARTESIAN_POINT('',(0.,-1.));
#5236 = VECTOR('',#5237,1.);
#5237 = DIRECTION('',(1.,0.));
#5238 = ( GEOMETRIC_REPRESENTATION_CONTEXT(2) 
PARAMETRIC_REPRESENTATION_CONTEXT() REPRESENTATION_CONTEXT('2D SPACE',''
  ) );
#5239 = PCURVE('',#5240,#5245);
#5240 = CYLINDRICAL_SURFACE('',#5241,1.);
#5241 = AXIS2_PLACEMENT_3D('',#5242,#5243,#5244);
#5242 = CARTESIAN_POINT('',(26.,-2.5,31.));
#5243 = DIRECTION('',(0.,0.,1.));
#5244 = DIRECTION('',(1.,0.,-0.));
#5245 = DEFINITIONAL_REPRESENTATION('',(#5246),#5250);
#5246 = LINE('',#5247,#5248);
#5247 = CARTESIAN_POINT('',(-0.,0.));
#5248 = VECTOR('',#5249,1.);
#5249 = DIRECTION('',(-0.,1.));
#5250 = ( GEOMETRIC_REPRESENTATION_CONTEXT(2) 
PARAMETRIC_REPRESENTATION_CONTEXT() REPRESENTATION_CONTEXT('2D SPACE',''
  ) );
#5251 = ORIENTED_EDGE('',*,*,#5252,.T.);
#5252 = EDGE_CURVE('',#5225,#4708,#5253,.T.);
#5253 = SURFACE_CURVE('',#5254,(#5258,#5265),.PCURVE_S1.);
#5254 = LINE('',#5255,#5256);
#5255 = CARTESIAN_POINT('',(27.,-3.5,32.));
#5256 = VECTOR('',#5257,1.);
#5257 = DIRECTION('',(-0.,1.,0.));
#5258 = PCURVE('',#4723,#5259);
#5259 = DEFINITIONAL_REPRESENTATION('',(#5260),#5264);
#5260 = LINE('',#5261,#5262);
#5261 = CARTESIAN_POINT('',(1.,0.));
#5262 = VECTOR('',#5263,1.);
#5263 = DIRECTION('',(0.,-1.));
#5264 = ( GEOMETRIC_REPRESENTATION_CONTEXT(2) 
PARAMETRIC_REPRESENTATION_CONTEXT() REPRESENTATION_CONTEXT('2D SPACE',''
  ) );
#5265 = PCURVE('',#5064,#5266);
#5266 = DEFINITIONAL_REPRESENTATION('',(#5267),#5271);
#5267 = LINE('',#5268,#5269);
#5268 = CARTESIAN_POINT('',(0.,0.));
#5269 = VECTOR('',#5270,1.);
#5270 = DIRECTION('',(0.,1.));
#5271 = ( GEOMETRIC_REPRESENTATION_CONTEXT(2) 
PARAMETRIC_REPRESENTATION_CONTEXT() REPRESENTATION_CONTEXT('2D SPACE',''
  ) );
#5272 = ORIENTED_EDGE('',*,*,#4707,.T.);
#5273 = ORIENTED_EDGE('',*,*,#4791,.F.);
#5274 = ADVANCED_FACE('',(#5275),#4778,.T.);
#5275 = FACE_BOUND('',#5276,.T.);
#5276 = EDGE_LOOP('',(#5277,#5278,#5279));
#5277 = ORIENTED_EDGE('',*,*,#4762,.F.);
#5278 = ORIENTED_EDGE('',*,*,#4817,.T.);
#5279 = ORIENTED_EDGE('',*,*,#5280,.F.);
#5280 = EDGE_CURVE('',#4763,#4818,#5281,.T.);
#5281 = SURFACE_CURVE('',#5282,(#5287,#5294),.PCURVE_S1.);
#5282 = CIRCLE('',#5283,1.);
#5283 = AXIS2_PLACEMENT_3D('',#5284,#5285,#5286);
#5284 = CARTESIAN_POINT('',(26.,-2.5,58.));
#5285 = DIRECTION('',(0.,0.,-1.));
#5286 = DIRECTION('',(1.,0.,0.));
#5287 = PCURVE('',#4778,#5288);
#5288 = DEFINITIONAL_REPRESENTATION('',(#5289),#5293);
#5289 = LINE('',#5290,#5291);
#5290 = CARTESIAN_POINT('',(0.,0.));
#5291 = VECTOR('',#5292,1.);
#5292 = DIRECTION('',(1.,0.));
#5293 = ( GEOMETRIC_REPRESENTATION_CONTEXT(2) 
PARAMETRIC_REPRESENTATION_CONTEXT() REPRESENTATION_CONTEXT('2D SPACE',''
  ) );
#5294 = PCURVE('',#5240,#5295);
#5295 = DEFINITIONAL_REPRESENTATION('',(#5296),#5300);
#5296 = LINE('',#5297,#5298);
#5297 = CARTESIAN_POINT('',(-0.,27.));
#5298 = VECTOR('',#5299,1.);
#5299 = DIRECTION('',(-1.,0.));
#5300 = ( GEOMETRIC_REPRESENTATION_CONTEXT(2) 
PARAMETRIC_REPRESENTATION_CONTEXT() REPRESENTATION_CONTEXT('2D SPACE',''
  ) );
#5301 = ADVANCED_FACE('',(#5302),#4853,.F.);
#5302 = FACE_BOUND('',#5303,.F.);
#5303 = EDGE_LOOP('',(#5304,#5305,#5306,#5329));
#5304 = ORIENTED_EDGE('',*,*,#5199,.T.);
#5305 = ORIENTED_EDGE('',*,*,#4839,.T.);
#5306 = ORIENTED_EDGE('',*,*,#5307,.F.);
#5307 = EDGE_CURVE('',#5308,#4818,#5310,.T.);
#5308 = VERTEX_POINT('',#5309);
#5309 = CARTESIAN_POINT('',(26.,-3.5,32.));
#5310 = SURFACE_CURVE('',#5311,(#5315,#5322),.PCURVE_S1.);
#5311 = LINE('',#5312,#5313);
#5312 = CARTESIAN_POINT('',(26.,-3.5,31.));
#5313 = VECTOR('',#5314,1.);
#5314 = DIRECTION('',(0.,0.,1.));
#5315 = PCURVE('',#4853,#5316);
#5316 = DEFINITIONAL_REPRESENTATION('',(#5317),#5321);
#5317 = LINE('',#5318,#5319);
#5318 = CARTESIAN_POINT('',(0.,2.));
#5319 = VECTOR('',#5320,1.);
#5320 = DIRECTION('',(1.,0.));
#5321 = ( GEOMETRIC_REPRESENTATION_CONTEXT(2) 
PARAMETRIC_REPRESENTATION_CONTEXT() REPRESENTATION_CONTEXT('2D SPACE',''
  ) );
#5322 = PCURVE('',#5240,#5323);
#5323 = DEFINITIONAL_REPRESENTATION('',(#5324),#5328);
#5324 = LINE('',#5325,#5326);
#5325 = CARTESIAN_POINT('',(-1.570796326795,0.));
#5326 = VECTOR('',#5327,1.);
#5327 = DIRECTION('',(-0.,1.));
#5328 = ( GEOMETRIC_REPRESENTATION_CONTEXT(2) 
PARAMETRIC_REPRESENTATION_CONTEXT() REPRESENTATION_CONTEXT('2D SPACE',''
  ) );
#5329 = ORIENTED_EDGE('',*,*,#5330,.F.);
#5330 = EDGE_CURVE('',#5133,#5308,#5331,.T.);
#5331 = SURFACE_CURVE('',#5332,(#5336,#5343),.PCURVE_S1.);
#5332 = LINE('',#5333,#5334);
#5333 = CARTESIAN_POINT('',(24.,-3.5,32.));
#5334 = VECTOR('',#5335,1.);
#5335 = DIRECTION('',(1.,0.,-0.));
#5336 = PCURVE('',#4853,#5337);
#5337 = DEFINITIONAL_REPRESENTATION('',(#5338),#5342);
#5338 = LINE('',#5339,#5340);
#5339 = CARTESIAN_POINT('',(1.,0.));
#5340 = VECTOR('',#5341,1.);
#5341 = DIRECTION('',(0.,1.));
#5342 = ( GEOMETRIC_REPRESENTATION_CONTEXT(2) 
PARAMETRIC_REPRESENTATION_CONTEXT() REPRESENTATION_CONTEXT('2D SPACE',''
  ) );
#5343 = PCURVE('',#5344,#5349);
#5344 = CYLINDRICAL_SURFACE('',#5345,1.);
#5345 = AXIS2_PLACEMENT_3D('',#5346,#5347,#5348);
#5346 = CARTESIAN_POINT('',(24.,-2.5,32.));
#5347 = DIRECTION('',(1.,0.,-0.));
#5348 = DIRECTION('',(0.,-1.,0.));
#5349 = DEFINITIONAL_REPRESENTATION('',(#5350),#5354);
#5350 = LINE('',#5351,#5352);
#5351 = CARTESIAN_POINT('',(0.,0.));
#5352 = VECTOR('',#5353,1.);
#5353 = DIRECTION('',(0.,1.));
#5354 = ( GEOMETRIC_REPRESENTATION_CONTEXT(2) 
PARAMETRIC_REPRESENTATION_CONTEXT() REPRESENTATION_CONTEXT('2D SPACE',''
  ) );
#5355 = ADVANCED_FACE('',(#5356),#4927,.T.);
#5356 = FACE_BOUND('',#5357,.T.);
#5357 = EDGE_LOOP('',(#5358,#5359,#5360));
#5358 = ORIENTED_EDGE('',*,*,#4907,.T.);
#5359 = ORIENTED_EDGE('',*,*,#4976,.T.);
#5360 = ORIENTED_EDGE('',*,*,#5361,.T.);
#5361 = EDGE_CURVE('',#4950,#4303,#5362,.T.);
#5362 = SURFACE_CURVE('',#5363,(#5367,#5374),.PCURVE_S1.);
#5363 = LINE('',#5364,#5365);
#5364 = CARTESIAN_POINT('',(-25.,-3.5,30.));
#5365 = VECTOR('',#5366,1.);
#5366 = DIRECTION('',(0.,0.,1.));
#5367 = PCURVE('',#4927,#5368);
#5368 = DEFINITIONAL_REPRESENTATION('',(#5369),#5373);
#5369 = LINE('',#5370,#5371);
#5370 = CARTESIAN_POINT('',(1.570796326795,0.));
#5371 = VECTOR('',#5372,1.);
#5372 = DIRECTION('',(0.,1.));
#5373 = ( GEOMETRIC_REPRESENTATION_CONTEXT(2) 
PARAMETRIC_REPRESENTATION_CONTEXT() REPRESENTATION_CONTEXT('2D SPACE',''
  ) );
#5374 = PCURVE('',#5148,#5375);
#5375 = DEFINITIONAL_REPRESENTATION('',(#5376),#5380);
#5376 = LINE('',#5377,#5378);
#5377 = CARTESIAN_POINT('',(0.,1.));
#5378 = VECTOR('',#5379,1.);
#5379 = DIRECTION('',(1.,0.));
#5380 = ( GEOMETRIC_REPRESENTATION_CONTEXT(2) 
PARAMETRIC_REPRESENTATION_CONTEXT() REPRESENTATION_CONTEXT('2D SPACE',''
  ) );
#5381 = ADVANCED_FACE('',(#5382),#4965,.T.);
#5382 = FACE_BOUND('',#5383,.T.);
#5383 = EDGE_LOOP('',(#5384,#5385,#5386,#5408));
#5384 = ORIENTED_EDGE('',*,*,#4949,.F.);
#5385 = ORIENTED_EDGE('',*,*,#5002,.T.);
#5386 = ORIENTED_EDGE('',*,*,#5387,.T.);
#5387 = EDGE_CURVE('',#5003,#5388,#5390,.T.);
#5388 = VERTEX_POINT('',#5389);
#5389 = CARTESIAN_POINT('',(25.,-3.5,31.));
#5390 = SURFACE_CURVE('',#5391,(#5396,#5402),.PCURVE_S1.);
#5391 = CIRCLE('',#5392,1.);
#5392 = AXIS2_PLACEMENT_3D('',#5393,#5394,#5395);
#5393 = CARTESIAN_POINT('',(25.,-2.5,31.));
#5394 = DIRECTION('',(-1.,-6.123233995737E-17,0.));
#5395 = DIRECTION('',(6.123233995737E-17,-1.,-0.));
#5396 = PCURVE('',#4965,#5397);
#5397 = DEFINITIONAL_REPRESENTATION('',(#5398),#5401);
#5398 = B_SPLINE_CURVE_WITH_KNOTS('',1,(#5399,#5400),.UNSPECIFIED.,.F.,
  .F.,(2,2),(4.712388980385,6.28318530718),.PIECEWISE_BEZIER_KNOTS.);
#5399 = CARTESIAN_POINT('',(1.570796326795,51.));
#5400 = CARTESIAN_POINT('',(0.,51.));
#5401 = ( GEOMETRIC_REPRESENTATION_CONTEXT(2) 
PARAMETRIC_REPRESENTATION_CONTEXT() REPRESENTATION_CONTEXT('2D SPACE',''
  ) );
#5402 = PCURVE('',#5096,#5403);
#5403 = DEFINITIONAL_REPRESENTATION('',(#5404),#5407);
#5404 = B_SPLINE_CURVE_WITH_KNOTS('',1,(#5405,#5406),.UNSPECIFIED.,.F.,
  .F.,(2,2),(4.712388980385,6.28318530718),.PIECEWISE_BEZIER_KNOTS.);
#5405 = CARTESIAN_POINT('',(-1.570796326795,-1.570796326795));
#5406 = CARTESIAN_POINT('',(-1.570796326795,0.));
#5407 = ( GEOMETRIC_REPRESENTATION_CONTEXT(2) 
PARAMETRIC_REPRESENTATION_CONTEXT() REPRESENTATION_CONTEXT('2D SPACE',''
  ) );
#5408 = ORIENTED_EDGE('',*,*,#5409,.F.);
#5409 = EDGE_CURVE('',#4950,#5388,#5410,.T.);
#5410 = SURFACE_CURVE('',#5411,(#5415,#5422),.PCURVE_S1.);
#5411 = LINE('',#5412,#5413);
#5412 = CARTESIAN_POINT('',(-26.,-3.5,31.));
#5413 = VECTOR('',#5414,1.);
#5414 = DIRECTION('',(1.,0.,-0.));
#5415 = PCURVE('',#4965,#5416);
#5416 = DEFINITIONAL_REPRESENTATION('',(#5417),#5421);
#5417 = LINE('',#5418,#5419);
#5418 = CARTESIAN_POINT('',(0.,0.));
#5419 = VECTOR('',#5420,1.);
#5420 = DIRECTION('',(0.,1.));
#5421 = ( GEOMETRIC_REPRESENTATION_CONTEXT(2) 
PARAMETRIC_REPRESENTATION_CONTEXT() REPRESENTATION_CONTEXT('2D SPACE',''
  ) );
#5422 = PCURVE('',#5148,#5423);
#5423 = DEFINITIONAL_REPRESENTATION('',(#5424),#5428);
#5424 = LINE('',#5425,#5426);
#5425 = CARTESIAN_POINT('',(1.,0.));
#5426 = VECTOR('',#5427,1.);
#5427 = DIRECTION('',(0.,1.));
#5428 = ( GEOMETRIC_REPRESENTATION_CONTEXT(2) 
PARAMETRIC_REPRESENTATION_CONTEXT() REPRESENTATION_CONTEXT('2D SPACE',''
  ) );
#5429 = ADVANCED_FACE('',(#5430),#5064,.T.);
#5430 = FACE_BOUND('',#5431,.T.);
#5431 = EDGE_LOOP('',(#5432,#5457,#5458,#5459));
#5432 = ORIENTED_EDGE('',*,*,#5433,.F.);
#5433 = EDGE_CURVE('',#5081,#5225,#5434,.T.);
#5434 = SURFACE_CURVE('',#5435,(#5440,#5446),.PCURVE_S1.);
#5435 = CIRCLE('',#5436,1.);
#5436 = AXIS2_PLACEMENT_3D('',#5437,#5438,#5439);
#5437 = CARTESIAN_POINT('',(26.,-2.5,32.));
#5438 = DIRECTION('',(0.,-1.,0.));
#5439 = DIRECTION('',(1.,0.,0.));
#5440 = PCURVE('',#5064,#5441);
#5441 = DEFINITIONAL_REPRESENTATION('',(#5442),#5445);
#5442 = B_SPLINE_CURVE_WITH_KNOTS('',1,(#5443,#5444),.UNSPECIFIED.,.F.,
  .F.,(2,2),(4.712388980385,6.28318530718),.PIECEWISE_BEZIER_KNOTS.);
#5443 = CARTESIAN_POINT('',(1.570796326795,1.));
#5444 = CARTESIAN_POINT('',(0.,1.));
#5445 = ( GEOMETRIC_REPRESENTATION_CONTEXT(2) 
PARAMETRIC_REPRESENTATION_CONTEXT() REPRESENTATION_CONTEXT('2D SPACE',''
  ) );
#5446 = PCURVE('',#5447,#5452);
#5447 = SPHERICAL_SURFACE('',#5448,1.);
#5448 = AXIS2_PLACEMENT_3D('',#5449,#5450,#5451);
#5449 = CARTESIAN_POINT('',(26.,-2.5,32.));
#5450 = DIRECTION('',(0.,0.,1.));
#5451 = DIRECTION('',(1.,0.,-0.));
#5452 = DEFINITIONAL_REPRESENTATION('',(#5453),#5456);
#5453 = B_SPLINE_CURVE_WITH_KNOTS('',1,(#5454,#5455),.UNSPECIFIED.,.F.,
  .F.,(2,2),(4.712388980385,6.28318530718),.PIECEWISE_BEZIER_KNOTS.);
#5454 = CARTESIAN_POINT('',(0.,-1.570796326795));
#5455 = CARTESIAN_POINT('',(0.,0.));
#5456 = ( GEOMETRIC_REPRESENTATION_CONTEXT(2) 
PARAMETRIC_REPRESENTATION_CONTEXT() REPRESENTATION_CONTEXT('2D SPACE',''
  ) );
#5457 = ORIENTED_EDGE('',*,*,#5109,.T.);
#5458 = ORIENTED_EDGE('',*,*,#5050,.T.);
#5459 = ORIENTED_EDGE('',*,*,#5252,.F.);
#5460 = ADVANCED_FACE('',(#5461),#5096,.T.);
#5461 = FACE_BOUND('',#5462,.F.);
#5462 = EDGE_LOOP('',(#5463,#5464,#5465));
#5463 = ORIENTED_EDGE('',*,*,#5080,.F.);
#5464 = ORIENTED_EDGE('',*,*,#5387,.T.);
#5465 = ORIENTED_EDGE('',*,*,#5466,.F.);
#5466 = EDGE_CURVE('',#5081,#5388,#5467,.T.);
#5467 = SURFACE_CURVE('',#5468,(#5473,#5480),.PCURVE_S1.);
#5468 = CIRCLE('',#5469,1.);
#5469 = AXIS2_PLACEMENT_3D('',#5470,#5471,#5472);
#5470 = CARTESIAN_POINT('',(25.,-2.5,31.));
#5471 = DIRECTION('',(0.,-0.,-1.));
#5472 = DIRECTION('',(1.,0.,-0.));
#5473 = PCURVE('',#5096,#5474);
#5474 = DEFINITIONAL_REPRESENTATION('',(#5475),#5479);
#5475 = LINE('',#5476,#5477);
#5476 = CARTESIAN_POINT('',(-0.,0.));
#5477 = VECTOR('',#5478,1.);
#5478 = DIRECTION('',(-1.,0.));
#5479 = ( GEOMETRIC_REPRESENTATION_CONTEXT(2) 
PARAMETRIC_REPRESENTATION_CONTEXT() REPRESENTATION_CONTEXT('2D SPACE',''
  ) );
#5480 = PCURVE('',#5481,#5486);
#5481 = CYLINDRICAL_SURFACE('',#5482,1.);
#5482 = AXIS2_PLACEMENT_3D('',#5483,#5484,#5485);
#5483 = CARTESIAN_POINT('',(25.,-2.5,30.));
#5484 = DIRECTION('',(0.,0.,1.));
#5485 = DIRECTION('',(1.,0.,-0.));
#5486 = DEFINITIONAL_REPRESENTATION('',(#5487),#5491);
#5487 = LINE('',#5488,#5489);
#5488 = CARTESIAN_POINT('',(-0.,1.));
#5489 = VECTOR('',#5490,1.);
#5490 = DIRECTION('',(-1.,0.));
#5491 = ( GEOMETRIC_REPRESENTATION_CONTEXT(2) 
PARAMETRIC_REPRESENTATION_CONTEXT() REPRESENTATION_CONTEXT('2D SPACE',''
  ) );
#5492 = ADVANCED_FACE('',(#5493),#5148,.F.);
#5493 = FACE_BOUND('',#5494,.F.);
#5494 = EDGE_LOOP('',(#5495,#5496,#5497,#5518));
#5495 = ORIENTED_EDGE('',*,*,#5361,.T.);
#5496 = ORIENTED_EDGE('',*,*,#5132,.T.);
#5497 = ORIENTED_EDGE('',*,*,#5498,.F.);
#5498 = EDGE_CURVE('',#5388,#5133,#5499,.T.);
#5499 = SURFACE_CURVE('',#5500,(#5504,#5511),.PCURVE_S1.);
#5500 = LINE('',#5501,#5502);
#5501 = CARTESIAN_POINT('',(25.,-3.5,30.));
#5502 = VECTOR('',#5503,1.);
#5503 = DIRECTION('',(0.,0.,1.));
#5504 = PCURVE('',#5148,#5505);
#5505 = DEFINITIONAL_REPRESENTATION('',(#5506),#5510);
#5506 = LINE('',#5507,#5508);
#5507 = CARTESIAN_POINT('',(0.,51.));
#5508 = VECTOR('',#5509,1.);
#5509 = DIRECTION('',(1.,0.));
#5510 = ( GEOMETRIC_REPRESENTATION_CONTEXT(2) 
PARAMETRIC_REPRESENTATION_CONTEXT() REPRESENTATION_CONTEXT('2D SPACE',''
  ) );
#5511 = PCURVE('',#5481,#5512);
#5512 = DEFINITIONAL_REPRESENTATION('',(#5513),#5517);
#5513 = LINE('',#5514,#5515);
#5514 = CARTESIAN_POINT('',(-1.570796326795,0.));
#5515 = VECTOR('',#5516,1.);
#5516 = DIRECTION('',(-0.,1.));
#5517 = ( GEOMETRIC_REPRESENTATION_CONTEXT(2) 
PARAMETRIC_REPRESENTATION_CONTEXT() REPRESENTATION_CONTEXT('2D SPACE',''
  ) );
#5518 = ORIENTED_EDGE('',*,*,#5409,.F.);
#5519 = ADVANCED_FACE('',(#5520),#5240,.T.);
#5520 = FACE_BOUND('',#5521,.F.);
#5521 = EDGE_LOOP('',(#5522,#5523,#5545,#5546));
#5522 = ORIENTED_EDGE('',*,*,#5224,.F.);
#5523 = ORIENTED_EDGE('',*,*,#5524,.T.);
#5524 = EDGE_CURVE('',#5225,#5308,#5525,.T.);
#5525 = SURFACE_CURVE('',#5526,(#5531,#5538),.PCURVE_S1.);
#5526 = CIRCLE('',#5527,1.);
#5527 = AXIS2_PLACEMENT_3D('',#5528,#5529,#5530);
#5528 = CARTESIAN_POINT('',(26.,-2.5,32.));
#5529 = DIRECTION('',(0.,-0.,-1.));
#5530 = DIRECTION('',(1.,0.,-0.));
#5531 = PCURVE('',#5240,#5532);
#5532 = DEFINITIONAL_REPRESENTATION('',(#5533),#5537);
#5533 = LINE('',#5534,#5535);
#5534 = CARTESIAN_POINT('',(-0.,1.));
#5535 = VECTOR('',#5536,1.);
#5536 = DIRECTION('',(-1.,0.));
#5537 = ( GEOMETRIC_REPRESENTATION_CONTEXT(2) 
PARAMETRIC_REPRESENTATION_CONTEXT() REPRESENTATION_CONTEXT('2D SPACE',''
  ) );
#5538 = PCURVE('',#5447,#5539);
#5539 = DEFINITIONAL_REPRESENTATION('',(#5540),#5544);
#5540 = LINE('',#5541,#5542);
#5541 = CARTESIAN_POINT('',(-0.,0.));
#5542 = VECTOR('',#5543,1.);
#5543 = DIRECTION('',(-1.,0.));
#5544 = ( GEOMETRIC_REPRESENTATION_CONTEXT(2) 
PARAMETRIC_REPRESENTATION_CONTEXT() REPRESENTATION_CONTEXT('2D SPACE',''
  ) );
#5545 = ORIENTED_EDGE('',*,*,#5307,.T.);
#5546 = ORIENTED_EDGE('',*,*,#5280,.F.);
#5547 = ADVANCED_FACE('',(#5548),#5344,.T.);
#5548 = FACE_BOUND('',#5549,.T.);
#5549 = EDGE_LOOP('',(#5550,#5551,#5583));
#5550 = ORIENTED_EDGE('',*,*,#5330,.F.);
#5551 = ORIENTED_EDGE('',*,*,#5552,.T.);
#5552 = EDGE_CURVE('',#5133,#5081,#5553,.T.);
#5553 = SURFACE_CURVE('',#5554,(#5559,#5571),.PCURVE_S1.);
#5554 = ELLIPSE('',#5555,1.414213562373,1.);
#5555 = AXIS2_PLACEMENT_3D('',#5556,#5557,#5558);
#5556 = CARTESIAN_POINT('',(25.,-2.5,32.));
#5557 = DIRECTION('',(0.707106781187,0.,0.707106781187));
#5558 = DIRECTION('',(0.707106781187,0.,-0.707106781187));
#5559 = PCURVE('',#5344,#5560);
#5560 = DEFINITIONAL_REPRESENTATION('',(#5561),#5570);
#5561 = B_SPLINE_CURVE_WITH_KNOTS('',7,(#5562,#5563,#5564,#5565,#5566,
    #5567,#5568,#5569),.UNSPECIFIED.,.F.,.F.,(8,8),(4.712388918803,
    6.28318530718),.PIECEWISE_BEZIER_KNOTS.);
#5562 = CARTESIAN_POINT('',(-6.158142440427E-08,0.999999938419));
#5563 = CARTESIAN_POINT('',(0.224399422472,1.224399422472));
#5564 = CARTESIAN_POINT('',(0.448798906526,1.44879799895));
#5565 = CARTESIAN_POINT('',(0.67319839058,1.654746799268));
#5566 = CARTESIAN_POINT('',(0.897597874634,1.823762490808));
#5567 = CARTESIAN_POINT('',(1.121997358687,1.941251322784));
#5568 = CARTESIAN_POINT('',(1.346396842741,2.));
#5569 = CARTESIAN_POINT('',(1.570796326795,2.));
#5570 = ( GEOMETRIC_REPRESENTATION_CONTEXT(2) 
PARAMETRIC_REPRESENTATION_CONTEXT() REPRESENTATION_CONTEXT('2D SPACE',''
  ) );
#5571 = PCURVE('',#5481,#5572);
#5572 = DEFINITIONAL_REPRESENTATION('',(#5573),#5582);
#5573 = B_SPLINE_CURVE_WITH_KNOTS('',7,(#5574,#5575,#5576,#5577,#5578,
    #5579,#5580,#5581),.UNSPECIFIED.,.F.,.F.,(8,8),(4.712388918803,
    6.28318530718),.PIECEWISE_BEZIER_KNOTS.);
#5574 = CARTESIAN_POINT('',(-1.570796388376,2.000000061581));
#5575 = CARTESIAN_POINT('',(-1.346396904323,1.775600577528));
#5576 = CARTESIAN_POINT('',(-1.121997420269,1.55120200105));
#5577 = CARTESIAN_POINT('',(-0.897597936216,1.345253200733));
#5578 = CARTESIAN_POINT('',(-0.673198452161,1.176237509191));
#5579 = CARTESIAN_POINT('',(-0.448798968108,1.058748677217));
#5580 = CARTESIAN_POINT('',(-0.224399484054,1.));
#5581 = CARTESIAN_POINT('',(-4.440892098501E-16,1.));
#5582 = ( GEOMETRIC_REPRESENTATION_CONTEXT(2) 
PARAMETRIC_REPRESENTATION_CONTEXT() REPRESENTATION_CONTEXT('2D SPACE',''
  ) );
#5583 = ORIENTED_EDGE('',*,*,#5584,.T.);
#5584 = EDGE_CURVE('',#5081,#5308,#5585,.T.);
#5585 = SURFACE_CURVE('',#5586,(#5591,#5597),.PCURVE_S1.);
#5586 = CIRCLE('',#5587,1.);
#5587 = AXIS2_PLACEMENT_3D('',#5588,#5589,#5590);
#5588 = CARTESIAN_POINT('',(26.,-2.5,32.));
#5589 = DIRECTION('',(-1.,-6.123233995737E-17,0.));
#5590 = DIRECTION('',(6.123233995737E-17,-1.,-0.));
#5591 = PCURVE('',#5344,#5592);
#5592 = DEFINITIONAL_REPRESENTATION('',(#5593),#5596);
#5593 = B_SPLINE_CURVE_WITH_KNOTS('',1,(#5594,#5595),.UNSPECIFIED.,.F.,
  .F.,(2,2),(4.712388980385,6.28318530718),.PIECEWISE_BEZIER_KNOTS.);
#5594 = CARTESIAN_POINT('',(1.570796326795,2.));
#5595 = CARTESIAN_POINT('',(0.,2.));
#5596 = ( GEOMETRIC_REPRESENTATION_CONTEXT(2) 
PARAMETRIC_REPRESENTATION_CONTEXT() REPRESENTATION_CONTEXT('2D SPACE',''
  ) );
#5597 = PCURVE('',#5447,#5598);
#5598 = DEFINITIONAL_REPRESENTATION('',(#5599),#5602);
#5599 = B_SPLINE_CURVE_WITH_KNOTS('',1,(#5600,#5601),.UNSPECIFIED.,.F.,
  .F.,(2,2),(4.712388980385,6.28318530718),.PIECEWISE_BEZIER_KNOTS.);
#5600 = CARTESIAN_POINT('',(-1.570796326795,-1.570796326795));
#5601 = CARTESIAN_POINT('',(-1.570796326795,0.));
#5602 = ( GEOMETRIC_REPRESENTATION_CONTEXT(2) 
PARAMETRIC_REPRESENTATION_CONTEXT() REPRESENTATION_CONTEXT('2D SPACE',''
  ) );
#5603 = ADVANCED_FACE('',(#5604),#5447,.T.);
#5604 = FACE_BOUND('',#5605,.F.);
#5605 = EDGE_LOOP('',(#5606,#5607,#5608));
#5606 = ORIENTED_EDGE('',*,*,#5433,.F.);
#5607 = ORIENTED_EDGE('',*,*,#5584,.T.);
#5608 = ORIENTED_EDGE('',*,*,#5524,.F.);
#5609 = ADVANCED_FACE('',(#5610),#5481,.T.);
#5610 = FACE_BOUND('',#5611,.F.);
#5611 = EDGE_LOOP('',(#5612,#5613,#5614));
#5612 = ORIENTED_EDGE('',*,*,#5552,.T.);
#5613 = ORIENTED_EDGE('',*,*,#5466,.T.);
#5614 = ORIENTED_EDGE('',*,*,#5498,.T.);
#5615 = ( GEOMETRIC_REPRESENTATION_CONTEXT(3) 
GLOBAL_UNCERTAINTY_ASSIGNED_CONTEXT((#5619)) 
GLOBAL_UNIT_ASSIGNED_CONTEXT((#5616,#5617,#5618)) REPRESENTATION_CONTEXT
('Context #1','3D Context with UNIT and UNCERTAINTY') );
#5616 = ( LENGTH_UNIT() NAMED_UNIT(*) SI_UNIT(.MILLI.,.METRE.) );
#5617 = ( NAMED_UNIT(*) PLANE_ANGLE_UNIT() SI_UNIT($,.RADIAN.) );
#5618 = ( NAMED_UNIT(*) SI_UNIT($,.STERADIAN.) SOLID_ANGLE_UNIT() );
#5619 = UNCERTAINTY_MEASURE_WITH_UNIT(LENGTH_MEASURE(1.E-07),#5616,
  'distance_accuracy_value','confusion accuracy');
#5620 = PRODUCT_RELATED_PRODUCT_CATEGORY('part',$,(#7));
#5621 = MECHANICAL_DESIGN_GEOMETRIC_PRESENTATION_REPRESENTATION('',(
    #5622),#5615);
#5622 = STYLED_ITEM('color',(#5623),#15);
#5623 = PRESENTATION_STYLE_ASSIGNMENT((#5624,#5630));
#5624 = SURFACE_STYLE_USAGE(.BOTH.,#5625);
#5625 = SURFACE_SIDE_STYLE('',(#5626));
#5626 = SURFACE_STYLE_FILL_AREA(#5627);
#5627 = FILL_AREA_STYLE('',(#5628));
#5628 = FILL_AREA_STYLE_COLOUR('',#5629);
#5629 = COLOUR_RGB('',0.749019597622,0.780392170416,0.819607826924);
#5630 = CURVE_STYLE('',#5631,POSITIVE_LENGTH_MEASURE(0.1),#5629);
#5631 = DRAUGHTING_PRE_DEFINED_CURVE_FONT('continuous');
ENDSEC;
END-ISO-10303-21;
