ISO-10303-21;
HEADER;
FILE_DESCRIPTION(('Open CASCADE Model'),'2;1');
FILE_NAME('LEFT_9MM_LIGHTWEIGHT_REPLACEABLE_SOLE_RING_RIB',
  '2026-08-07T02:04:01',('Author'),('Open CASCADE'),
  'Open CASCADE STEP processor 7.9','build123d','Unknown');
FILE_SCHEMA(('AUTOMOTIVE_DESIGN { 1 0 10303 214 1 1 1 1 }'));
ENDSEC;
DATA;
#1 = APPLICATION_PROTOCOL_DEFINITION('international standard',
  'automotive_design',2000,#2);
#2 = APPLICATION_CONTEXT(
  'core data for automotive mechanical design processes');
#3 = SHAPE_DEFINITION_REPRESENTATION(#4,#10);
#4 = PRODUCT_DEFINITION_SHAPE('','',#5);
#5 = PRODUCT_DEFINITION('design','',#6,#9);
#6 = PRODUCT_DEFINITION_FORMATION('','',#7);
#7 = PRODUCT('LEFT_9MM_LIGHTWEIGHT_REPLACEABLE_SOLE_RING_RIB',
  'LEFT_9MM_LIGHTWEIGHT_REPLACEABLE_SOLE_RING_RIB','',(#8));
#8 = PRODUCT_CONTEXT('',#2,'mechanical');
#9 = PRODUCT_DEFINITION_CONTEXT('part definition',#2,'design');
#10 = ADVANCED_BREP_SHAPE_REPRESENTATION('',(#11,#15),#12012);
#11 = AXIS2_PLACEMENT_3D('',#12,#13,#14);
#12 = CARTESIAN_POINT('',(0.,0.,0.));
#13 = DIRECTION('',(0.,0.,1.));
#14 = DIRECTION('',(1.,0.,-0.));
#15 = MANIFOLD_SOLID_BREP('',#16);
#16 = CLOSED_SHELL('',(#17,#137,#225,#304,#385,#461,#491,#521,#1391,
    #1472,#1497,#1578,#1603,#1679,#1710,#1741,#1819,#1905,#2349,#2430,
    #2504,#2590,#2712,#2788,#2912,#3000,#3058,#3139,#3225,#3283,#3355,
    #3441,#3499,#3580,#3666,#3721,#3766,#3847,#3926,#4007,#4412,#4488,
    #4611,#4692,#4816,#4847,#4914,#4945,#5014,#5081,#5087,#5093,#5100,
    #5186,#5211,#5294,#5382,#5414,#5491,#5517,#5548,#5620,#5647,#5728,
    #5753,#5829,#5915,#5940,#5967,#6055,#6087,#6161,#6237,#6311,#6385,
    #6415,#6469,#6550,#6577,#6651,#6710,#6738,#6771,#6845,#6877,#6931,
    #7012,#7037,#7111,#7165,#7246,#7273,#7354,#7381,#7462,#7543,#7577,
    #7649,#7716,#7792,#7824,#7898,#7979,#8004,#8078,#8084,#8090,#8178,
    #8204,#8230,#8261,#8292,#8323,#8721,#8747,#8773,#8849,#8875,#8940,
    #9028,#9054,#9080,#9111,#9142,#9247,#9318,#9421,#9509,#9540,#9588,
    #9664,#9690,#9769,#9824,#9850,#9881,#9964,#9995,#10043,#10119,#10145
    ,#10224,#10274,#10357,#10383,#10455,#10481,#10557,#10583,#10614,
    #11000,#11078,#11109,#11220,#11296,#11322,#11431,#11437,#11506,
    #11513,#11582,#11590,#11616,#11662,#11669,#11677,#11683,#11689,
    #11695,#11702,#11771,#11779,#11814,#11820,#11826,#11852,#11878,
    #11884,#11890,#11896,#11903,#11909,#11978,#11986,#11993,#12000,
    #12006));
#17 = ADVANCED_FACE('',(#18),#32,.F.);
#18 = FACE_BOUND('',#19,.F.);
#19 = EDGE_LOOP('',(#20,#55,#83,#111));
#20 = ORIENTED_EDGE('',*,*,#21,.F.);
#21 = EDGE_CURVE('',#22,#24,#26,.T.);
#22 = VERTEX_POINT('',#23);
#23 = CARTESIAN_POINT('',(-71.,43.4,-6.7));
#24 = VERTEX_POINT('',#25);
#25 = CARTESIAN_POINT('',(-71.,43.4,34.1));
#26 = SURFACE_CURVE('',#27,(#31,#43),.PCURVE_S1.);
#27 = LINE('',#28,#29);
#28 = CARTESIAN_POINT('',(-71.,43.4,-7.5));
#29 = VECTOR('',#30,1.);
#30 = DIRECTION('',(0.,0.,1.));
#31 = PCURVE('',#32,#37);
#32 = PLANE('',#33);
#33 = AXIS2_PLACEMENT_3D('',#34,#35,#36);
#34 = CARTESIAN_POINT('',(-71.,42.6,-7.5));
#35 = DIRECTION('',(1.,0.,-0.));
#36 = DIRECTION('',(0.,0.,1.));
#37 = DEFINITIONAL_REPRESENTATION('',(#38),#42);
#38 = LINE('',#39,#40);
#39 = CARTESIAN_POINT('',(0.,-0.8));
#40 = VECTOR('',#41,1.);
#41 = DIRECTION('',(1.,0.));
#42 = ( GEOMETRIC_REPRESENTATION_CONTEXT(2) 
PARAMETRIC_REPRESENTATION_CONTEXT() REPRESENTATION_CONTEXT('2D SPACE',''
  ) );
#43 = PCURVE('',#44,#49);
#44 = CYLINDRICAL_SURFACE('',#45,0.8);
#45 = AXIS2_PLACEMENT_3D('',#46,#47,#48);
#46 = CARTESIAN_POINT('',(-70.2,43.4,-7.5));
#47 = DIRECTION('',(0.,0.,1.));
#48 = DIRECTION('',(-1.,-0.,0.));
#49 = DEFINITIONAL_REPRESENTATION('',(#50),#54);
#50 = LINE('',#51,#52);
#51 = CARTESIAN_POINT('',(0.,0.));
#52 = VECTOR('',#53,1.);
#53 = DIRECTION('',(0.,1.));
#54 = ( GEOMETRIC_REPRESENTATION_CONTEXT(2) 
PARAMETRIC_REPRESENTATION_CONTEXT() REPRESENTATION_CONTEXT('2D SPACE',''
  ) );
#55 = ORIENTED_EDGE('',*,*,#56,.T.);
#56 = EDGE_CURVE('',#22,#57,#59,.T.);
#57 = VERTEX_POINT('',#58);
#58 = CARTESIAN_POINT('',(-71.,43.8,-6.7));
#59 = SURFACE_CURVE('',#60,(#64,#71),.PCURVE_S1.);
#60 = LINE('',#61,#62);
#61 = CARTESIAN_POINT('',(-71.,42.6,-6.7));
#62 = VECTOR('',#63,1.);
#63 = DIRECTION('',(-0.,1.,0.));
#64 = PCURVE('',#32,#65);
#65 = DEFINITIONAL_REPRESENTATION('',(#66),#70);
#66 = LINE('',#67,#68);
#67 = CARTESIAN_POINT('',(0.8,0.));
#68 = VECTOR('',#69,1.);
#69 = DIRECTION('',(0.,-1.));
#70 = ( GEOMETRIC_REPRESENTATION_CONTEXT(2) 
PARAMETRIC_REPRESENTATION_CONTEXT() REPRESENTATION_CONTEXT('2D SPACE',''
  ) );
#71 = PCURVE('',#72,#77);
#72 = CYLINDRICAL_SURFACE('',#73,0.8);
#73 = AXIS2_PLACEMENT_3D('',#74,#75,#76);
#74 = CARTESIAN_POINT('',(-70.2,42.6,-6.7));
#75 = DIRECTION('',(-0.,1.,0.));
#76 = DIRECTION('',(-1.,-0.,0.));
#77 = DEFINITIONAL_REPRESENTATION('',(#78),#82);
#78 = LINE('',#79,#80);
#79 = CARTESIAN_POINT('',(-0.,0.));
#80 = VECTOR('',#81,1.);
#81 = DIRECTION('',(-0.,1.));
#82 = ( GEOMETRIC_REPRESENTATION_CONTEXT(2) 
PARAMETRIC_REPRESENTATION_CONTEXT() REPRESENTATION_CONTEXT('2D SPACE',''
  ) );
#83 = ORIENTED_EDGE('',*,*,#84,.T.);
#84 = EDGE_CURVE('',#57,#85,#87,.T.);
#85 = VERTEX_POINT('',#86);
#86 = CARTESIAN_POINT('',(-71.,43.8,34.1));
#87 = SURFACE_CURVE('',#88,(#92,#99),.PCURVE_S1.);
#88 = LINE('',#89,#90);
#89 = CARTESIAN_POINT('',(-71.,43.8,-7.5));
#90 = VECTOR('',#91,1.);
#91 = DIRECTION('',(0.,0.,1.));
#92 = PCURVE('',#32,#93);
#93 = DEFINITIONAL_REPRESENTATION('',(#94),#98);
#94 = LINE('',#95,#96);
#95 = CARTESIAN_POINT('',(0.,-1.2));
#96 = VECTOR('',#97,1.);
#97 = DIRECTION('',(1.,0.));
#98 = ( GEOMETRIC_REPRESENTATION_CONTEXT(2) 
PARAMETRIC_REPRESENTATION_CONTEXT() REPRESENTATION_CONTEXT('2D SPACE',''
  ) );
#99 = PCURVE('',#100,#105);
#100 = CYLINDRICAL_SURFACE('',#101,0.8);
#101 = AXIS2_PLACEMENT_3D('',#102,#103,#104);
#102 = CARTESIAN_POINT('',(-70.2,43.8,-7.5));
#103 = DIRECTION('',(0.,0.,1.));
#104 = DIRECTION('',(-1.,-0.,0.));
#105 = DEFINITIONAL_REPRESENTATION('',(#106),#110);
#106 = LINE('',#107,#108);
#107 = CARTESIAN_POINT('',(-0.,0.));
#108 = VECTOR('',#109,1.);
#109 = DIRECTION('',(-0.,1.));
#110 = ( GEOMETRIC_REPRESENTATION_CONTEXT(2) 
PARAMETRIC_REPRESENTATION_CONTEXT() REPRESENTATION_CONTEXT('2D SPACE',''
  ) );
#111 = ORIENTED_EDGE('',*,*,#112,.F.);
#112 = EDGE_CURVE('',#24,#85,#113,.T.);
#113 = SURFACE_CURVE('',#114,(#118,#125),.PCURVE_S1.);
#114 = LINE('',#115,#116);
#115 = CARTESIAN_POINT('',(-71.,42.6,34.1));
#116 = VECTOR('',#117,1.);
#117 = DIRECTION('',(-0.,1.,0.));
#118 = PCURVE('',#32,#119);
#119 = DEFINITIONAL_REPRESENTATION('',(#120),#124);
#120 = LINE('',#121,#122);
#121 = CARTESIAN_POINT('',(41.6,0.));
#122 = VECTOR('',#123,1.);
#123 = DIRECTION('',(0.,-1.));
#124 = ( GEOMETRIC_REPRESENTATION_CONTEXT(2) 
PARAMETRIC_REPRESENTATION_CONTEXT() REPRESENTATION_CONTEXT('2D SPACE',''
  ) );
#125 = PCURVE('',#126,#131);
#126 = CYLINDRICAL_SURFACE('',#127,0.8);
#127 = AXIS2_PLACEMENT_3D('',#128,#129,#130);
#128 = CARTESIAN_POINT('',(-70.2,42.6,34.1));
#129 = DIRECTION('',(-0.,1.,0.));
#130 = DIRECTION('',(-1.,-0.,0.));
#131 = DEFINITIONAL_REPRESENTATION('',(#132),#136);
#132 = LINE('',#133,#134);
#133 = CARTESIAN_POINT('',(0.,0.));
#134 = VECTOR('',#135,1.);
#135 = DIRECTION('',(0.,1.));
#136 = ( GEOMETRIC_REPRESENTATION_CONTEXT(2) 
PARAMETRIC_REPRESENTATION_CONTEXT() REPRESENTATION_CONTEXT('2D SPACE',''
  ) );
#137 = ADVANCED_FACE('',(#138),#44,.T.);
#138 = FACE_BOUND('',#139,.T.);
#139 = EDGE_LOOP('',(#140,#141,#170,#198));
#140 = ORIENTED_EDGE('',*,*,#21,.F.);
#141 = ORIENTED_EDGE('',*,*,#142,.T.);
#142 = EDGE_CURVE('',#22,#143,#145,.T.);
#143 = VERTEX_POINT('',#144);
#144 = CARTESIAN_POINT('',(-70.2,42.6,-6.7));
#145 = SURFACE_CURVE('',#146,(#151,#158),.PCURVE_S1.);
#146 = CIRCLE('',#147,0.8);
#147 = AXIS2_PLACEMENT_3D('',#148,#149,#150);
#148 = CARTESIAN_POINT('',(-70.2,43.4,-6.7));
#149 = DIRECTION('',(0.,0.,1.));
#150 = DIRECTION('',(-1.,0.,0.));
#151 = PCURVE('',#44,#152);
#152 = DEFINITIONAL_REPRESENTATION('',(#153),#157);
#153 = LINE('',#154,#155);
#154 = CARTESIAN_POINT('',(0.,0.8));
#155 = VECTOR('',#156,1.);
#156 = DIRECTION('',(1.,0.));
#157 = ( GEOMETRIC_REPRESENTATION_CONTEXT(2) 
PARAMETRIC_REPRESENTATION_CONTEXT() REPRESENTATION_CONTEXT('2D SPACE',''
  ) );
#158 = PCURVE('',#159,#164);
#159 = SPHERICAL_SURFACE('',#160,0.8);
#160 = AXIS2_PLACEMENT_3D('',#161,#162,#163);
#161 = CARTESIAN_POINT('',(-70.2,43.4,-6.7));
#162 = DIRECTION('',(0.,0.,1.));
#163 = DIRECTION('',(-1.,0.,0.));
#164 = DEFINITIONAL_REPRESENTATION('',(#165),#169);
#165 = LINE('',#166,#167);
#166 = CARTESIAN_POINT('',(0.,0.));
#167 = VECTOR('',#168,1.);
#168 = DIRECTION('',(1.,0.));
#169 = ( GEOMETRIC_REPRESENTATION_CONTEXT(2) 
PARAMETRIC_REPRESENTATION_CONTEXT() REPRESENTATION_CONTEXT('2D SPACE',''
  ) );
#170 = ORIENTED_EDGE('',*,*,#171,.T.);
#171 = EDGE_CURVE('',#143,#172,#174,.T.);
#172 = VERTEX_POINT('',#173);
#173 = CARTESIAN_POINT('',(-70.2,42.6,34.1));
#174 = SURFACE_CURVE('',#175,(#179,#186),.PCURVE_S1.);
#175 = LINE('',#176,#177);
#176 = CARTESIAN_POINT('',(-70.2,42.6,-7.5));
#177 = VECTOR('',#178,1.);
#178 = DIRECTION('',(0.,0.,1.));
#179 = PCURVE('',#44,#180);
#180 = DEFINITIONAL_REPRESENTATION('',(#181),#185);
#181 = LINE('',#182,#183);
#182 = CARTESIAN_POINT('',(1.570796326795,0.));
#183 = VECTOR('',#184,1.);
#184 = DIRECTION('',(0.,1.));
#185 = ( GEOMETRIC_REPRESENTATION_CONTEXT(2) 
PARAMETRIC_REPRESENTATION_CONTEXT() REPRESENTATION_CONTEXT('2D SPACE',''
  ) );
#186 = PCURVE('',#187,#192);
#187 = PLANE('',#188);
#188 = AXIS2_PLACEMENT_3D('',#189,#190,#191);
#189 = CARTESIAN_POINT('',(-71.,42.6,-7.5));
#190 = DIRECTION('',(-0.,1.,0.));
#191 = DIRECTION('',(0.,0.,1.));
#192 = DEFINITIONAL_REPRESENTATION('',(#193),#197);
#193 = LINE('',#194,#195);
#194 = CARTESIAN_POINT('',(0.,0.8));
#195 = VECTOR('',#196,1.);
#196 = DIRECTION('',(1.,0.));
#197 = ( GEOMETRIC_REPRESENTATION_CONTEXT(2) 
PARAMETRIC_REPRESENTATION_CONTEXT() REPRESENTATION_CONTEXT('2D SPACE',''
  ) );
#198 = ORIENTED_EDGE('',*,*,#199,.F.);
#199 = EDGE_CURVE('',#24,#172,#200,.T.);
#200 = SURFACE_CURVE('',#201,(#206,#213),.PCURVE_S1.);
#201 = CIRCLE('',#202,0.8);
#202 = AXIS2_PLACEMENT_3D('',#203,#204,#205);
#203 = CARTESIAN_POINT('',(-70.2,43.4,34.1));
#204 = DIRECTION('',(0.,0.,1.));
#205 = DIRECTION('',(-1.,0.,0.));
#206 = PCURVE('',#44,#207);
#207 = DEFINITIONAL_REPRESENTATION('',(#208),#212);
#208 = LINE('',#209,#210);
#209 = CARTESIAN_POINT('',(0.,41.6));
#210 = VECTOR('',#211,1.);
#211 = DIRECTION('',(1.,0.));
#212 = ( GEOMETRIC_REPRESENTATION_CONTEXT(2) 
PARAMETRIC_REPRESENTATION_CONTEXT() REPRESENTATION_CONTEXT('2D SPACE',''
  ) );
#213 = PCURVE('',#214,#219);
#214 = SPHERICAL_SURFACE('',#215,0.8);
#215 = AXIS2_PLACEMENT_3D('',#216,#217,#218);
#216 = CARTESIAN_POINT('',(-70.2,43.4,34.1));
#217 = DIRECTION('',(-0.,-0.,-1.));
#218 = DIRECTION('',(-1.,0.,0.));
#219 = DEFINITIONAL_REPRESENTATION('',(#220),#224);
#220 = LINE('',#221,#222);
#221 = CARTESIAN_POINT('',(-0.,0.));
#222 = VECTOR('',#223,1.);
#223 = DIRECTION('',(-1.,0.));
#224 = ( GEOMETRIC_REPRESENTATION_CONTEXT(2) 
PARAMETRIC_REPRESENTATION_CONTEXT() REPRESENTATION_CONTEXT('2D SPACE',''
  ) );
#225 = ADVANCED_FACE('',(#226),#72,.T.);
#226 = FACE_BOUND('',#227,.F.);
#227 = EDGE_LOOP('',(#228,#250,#278,#303));
#228 = ORIENTED_EDGE('',*,*,#229,.F.);
#229 = EDGE_CURVE('',#230,#22,#232,.T.);
#230 = VERTEX_POINT('',#231);
#231 = CARTESIAN_POINT('',(-70.2,43.4,-7.5));
#232 = SURFACE_CURVE('',#233,(#238,#244),.PCURVE_S1.);
#233 = CIRCLE('',#234,0.8);
#234 = AXIS2_PLACEMENT_3D('',#235,#236,#237);
#235 = CARTESIAN_POINT('',(-70.2,43.4,-6.7));
#236 = DIRECTION('',(0.,1.,-0.));
#237 = DIRECTION('',(-1.,0.,0.));
#238 = PCURVE('',#72,#239);
#239 = DEFINITIONAL_REPRESENTATION('',(#240),#243);
#240 = B_SPLINE_CURVE_WITH_KNOTS('',1,(#241,#242),.UNSPECIFIED.,.F.,.F.,
  (2,2),(4.712388980385,6.28318530718),.PIECEWISE_BEZIER_KNOTS.);
#241 = CARTESIAN_POINT('',(-1.570796326795,0.8));
#242 = CARTESIAN_POINT('',(0.,0.8));
#243 = ( GEOMETRIC_REPRESENTATION_CONTEXT(2) 
PARAMETRIC_REPRESENTATION_CONTEXT() REPRESENTATION_CONTEXT('2D SPACE',''
  ) );
#244 = PCURVE('',#159,#245);
#245 = DEFINITIONAL_REPRESENTATION('',(#246),#249);
#246 = B_SPLINE_CURVE_WITH_KNOTS('',1,(#247,#248),.UNSPECIFIED.,.F.,.F.,
  (2,2),(4.712388980385,6.28318530718),.PIECEWISE_BEZIER_KNOTS.);
#247 = CARTESIAN_POINT('',(0.,-1.570796326795));
#248 = CARTESIAN_POINT('',(0.,0.));
#249 = ( GEOMETRIC_REPRESENTATION_CONTEXT(2) 
PARAMETRIC_REPRESENTATION_CONTEXT() REPRESENTATION_CONTEXT('2D SPACE',''
  ) );
#250 = ORIENTED_EDGE('',*,*,#251,.T.);
#251 = EDGE_CURVE('',#230,#252,#254,.T.);
#252 = VERTEX_POINT('',#253);
#253 = CARTESIAN_POINT('',(-70.2,43.8,-7.5));
#254 = SURFACE_CURVE('',#255,(#259,#266),.PCURVE_S1.);
#255 = LINE('',#256,#257);
#256 = CARTESIAN_POINT('',(-70.2,42.6,-7.5));
#257 = VECTOR('',#258,1.);
#258 = DIRECTION('',(-0.,1.,0.));
#259 = PCURVE('',#72,#260);
#260 = DEFINITIONAL_REPRESENTATION('',(#261),#265);
#261 = LINE('',#262,#263);
#262 = CARTESIAN_POINT('',(-1.570796326795,0.));
#263 = VECTOR('',#264,1.);
#264 = DIRECTION('',(-0.,1.));
#265 = ( GEOMETRIC_REPRESENTATION_CONTEXT(2) 
PARAMETRIC_REPRESENTATION_CONTEXT() REPRESENTATION_CONTEXT('2D SPACE',''
  ) );
#266 = PCURVE('',#267,#272);
#267 = PLANE('',#268);
#268 = AXIS2_PLACEMENT_3D('',#269,#270,#271);
#269 = CARTESIAN_POINT('',(-71.,42.6,-7.5));
#270 = DIRECTION('',(0.,0.,1.));
#271 = DIRECTION('',(1.,0.,-0.));
#272 = DEFINITIONAL_REPRESENTATION('',(#273),#277);
#273 = LINE('',#274,#275);
#274 = CARTESIAN_POINT('',(0.8,0.));
#275 = VECTOR('',#276,1.);
#276 = DIRECTION('',(0.,1.));
#277 = ( GEOMETRIC_REPRESENTATION_CONTEXT(2) 
PARAMETRIC_REPRESENTATION_CONTEXT() REPRESENTATION_CONTEXT('2D SPACE',''
  ) );
#278 = ORIENTED_EDGE('',*,*,#279,.T.);
#279 = EDGE_CURVE('',#252,#57,#280,.T.);
#280 = SURFACE_CURVE('',#281,(#286,#292),.PCURVE_S1.);
#281 = CIRCLE('',#282,0.8);
#282 = AXIS2_PLACEMENT_3D('',#283,#284,#285);
#283 = CARTESIAN_POINT('',(-70.2,43.8,-6.7));
#284 = DIRECTION('',(-1.387778780781E-16,1.,0.));
#285 = DIRECTION('',(-1.,-1.387778780781E-16,0.));
#286 = PCURVE('',#72,#287);
#287 = DEFINITIONAL_REPRESENTATION('',(#288),#291);
#288 = B_SPLINE_CURVE_WITH_KNOTS('',1,(#289,#290),.UNSPECIFIED.,.F.,.F.,
  (2,2),(4.712388980385,6.28318530718),.PIECEWISE_BEZIER_KNOTS.);
#289 = CARTESIAN_POINT('',(-1.570796326795,1.2));
#290 = CARTESIAN_POINT('',(0.,1.2));
#291 = ( GEOMETRIC_REPRESENTATION_CONTEXT(2) 
PARAMETRIC_REPRESENTATION_CONTEXT() REPRESENTATION_CONTEXT('2D SPACE',''
  ) );
#292 = PCURVE('',#293,#298);
#293 = SPHERICAL_SURFACE('',#294,0.8);
#294 = AXIS2_PLACEMENT_3D('',#295,#296,#297);
#295 = CARTESIAN_POINT('',(-70.2,43.8,-6.7));
#296 = DIRECTION('',(0.,0.,1.));
#297 = DIRECTION('',(-1.,-1.387778780781E-16,0.));
#298 = DEFINITIONAL_REPRESENTATION('',(#299),#302);
#299 = B_SPLINE_CURVE_WITH_KNOTS('',1,(#300,#301),.UNSPECIFIED.,.F.,.F.,
  (2,2),(4.712388980385,6.28318530718),.PIECEWISE_BEZIER_KNOTS.);
#300 = CARTESIAN_POINT('',(0.,-1.570796326795));
#301 = CARTESIAN_POINT('',(0.,0.));
#302 = ( GEOMETRIC_REPRESENTATION_CONTEXT(2) 
PARAMETRIC_REPRESENTATION_CONTEXT() REPRESENTATION_CONTEXT('2D SPACE',''
  ) );
#303 = ORIENTED_EDGE('',*,*,#56,.F.);
#304 = ADVANCED_FACE('',(#305),#126,.T.);
#305 = FACE_BOUND('',#306,.T.);
#306 = EDGE_LOOP('',(#307,#329,#357,#384));
#307 = ORIENTED_EDGE('',*,*,#308,.F.);
#308 = EDGE_CURVE('',#309,#24,#311,.T.);
#309 = VERTEX_POINT('',#310);
#310 = CARTESIAN_POINT('',(-70.2,43.4,34.9));
#311 = SURFACE_CURVE('',#312,(#317,#323),.PCURVE_S1.);
#312 = CIRCLE('',#313,0.8);
#313 = AXIS2_PLACEMENT_3D('',#314,#315,#316);
#314 = CARTESIAN_POINT('',(-70.2,43.4,34.1));
#315 = DIRECTION('',(0.,-1.,0.));
#316 = DIRECTION('',(-1.,0.,0.));
#317 = PCURVE('',#126,#318);
#318 = DEFINITIONAL_REPRESENTATION('',(#319),#322);
#319 = B_SPLINE_CURVE_WITH_KNOTS('',1,(#320,#321),.UNSPECIFIED.,.F.,.F.,
  (2,2),(4.712388980385,6.28318530718),.PIECEWISE_BEZIER_KNOTS.);
#320 = CARTESIAN_POINT('',(1.570796326795,0.8));
#321 = CARTESIAN_POINT('',(0.,0.8));
#322 = ( GEOMETRIC_REPRESENTATION_CONTEXT(2) 
PARAMETRIC_REPRESENTATION_CONTEXT() REPRESENTATION_CONTEXT('2D SPACE',''
  ) );
#323 = PCURVE('',#214,#324);
#324 = DEFINITIONAL_REPRESENTATION('',(#325),#328);
#325 = B_SPLINE_CURVE_WITH_KNOTS('',1,(#326,#327),.UNSPECIFIED.,.F.,.F.,
  (2,2),(4.712388980385,6.28318530718),.PIECEWISE_BEZIER_KNOTS.);
#326 = CARTESIAN_POINT('',(0.,-1.570796326795));
#327 = CARTESIAN_POINT('',(0.,0.));
#328 = ( GEOMETRIC_REPRESENTATION_CONTEXT(2) 
PARAMETRIC_REPRESENTATION_CONTEXT() REPRESENTATION_CONTEXT('2D SPACE',''
  ) );
#329 = ORIENTED_EDGE('',*,*,#330,.T.);
#330 = EDGE_CURVE('',#309,#331,#333,.T.);
#331 = VERTEX_POINT('',#332);
#332 = CARTESIAN_POINT('',(-70.2,43.8,34.9));
#333 = SURFACE_CURVE('',#334,(#338,#345),.PCURVE_S1.);
#334 = LINE('',#335,#336);
#335 = CARTESIAN_POINT('',(-70.2,42.6,34.9));
#336 = VECTOR('',#337,1.);
#337 = DIRECTION('',(-0.,1.,0.));
#338 = PCURVE('',#126,#339);
#339 = DEFINITIONAL_REPRESENTATION('',(#340),#344);
#340 = LINE('',#341,#342);
#341 = CARTESIAN_POINT('',(1.570796326795,0.));
#342 = VECTOR('',#343,1.);
#343 = DIRECTION('',(0.,1.));
#344 = ( GEOMETRIC_REPRESENTATION_CONTEXT(2) 
PARAMETRIC_REPRESENTATION_CONTEXT() REPRESENTATION_CONTEXT('2D SPACE',''
  ) );
#345 = PCURVE('',#346,#351);
#346 = PLANE('',#347);
#347 = AXIS2_PLACEMENT_3D('',#348,#349,#350);
#348 = CARTESIAN_POINT('',(-71.,42.6,34.9));
#349 = DIRECTION('',(0.,0.,1.));
#350 = DIRECTION('',(1.,0.,-0.));
#351 = DEFINITIONAL_REPRESENTATION('',(#352),#356);
#352 = LINE('',#353,#354);
#353 = CARTESIAN_POINT('',(0.8,0.));
#354 = VECTOR('',#355,1.);
#355 = DIRECTION('',(0.,1.));
#356 = ( GEOMETRIC_REPRESENTATION_CONTEXT(2) 
PARAMETRIC_REPRESENTATION_CONTEXT() REPRESENTATION_CONTEXT('2D SPACE',''
  ) );
#357 = ORIENTED_EDGE('',*,*,#358,.F.);
#358 = EDGE_CURVE('',#85,#331,#359,.T.);
#359 = SURFACE_CURVE('',#360,(#365,#372),.PCURVE_S1.);
#360 = CIRCLE('',#361,0.8);
#361 = AXIS2_PLACEMENT_3D('',#362,#363,#364);
#362 = CARTESIAN_POINT('',(-70.2,43.8,34.1));
#363 = DIRECTION('',(-0.,1.,0.));
#364 = DIRECTION('',(-1.,-0.,4.440892098501E-15));
#365 = PCURVE('',#126,#366);
#366 = DEFINITIONAL_REPRESENTATION('',(#367),#371);
#367 = LINE('',#368,#369);
#368 = CARTESIAN_POINT('',(0.,1.2));
#369 = VECTOR('',#370,1.);
#370 = DIRECTION('',(1.,0.));
#371 = ( GEOMETRIC_REPRESENTATION_CONTEXT(2) 
PARAMETRIC_REPRESENTATION_CONTEXT() REPRESENTATION_CONTEXT('2D SPACE',''
  ) );
#372 = PCURVE('',#373,#378);
#373 = SPHERICAL_SURFACE('',#374,0.8);
#374 = AXIS2_PLACEMENT_3D('',#375,#376,#377);
#375 = CARTESIAN_POINT('',(-70.2,43.8,34.1));
#376 = DIRECTION('',(0.,-1.,-0.));
#377 = DIRECTION('',(-1.,-0.,4.440892098501E-15));
#378 = DEFINITIONAL_REPRESENTATION('',(#379),#383);
#379 = LINE('',#380,#381);
#380 = CARTESIAN_POINT('',(-0.,0.));
#381 = VECTOR('',#382,1.);
#382 = DIRECTION('',(-1.,0.));
#383 = ( GEOMETRIC_REPRESENTATION_CONTEXT(2) 
PARAMETRIC_REPRESENTATION_CONTEXT() REPRESENTATION_CONTEXT('2D SPACE',''
  ) );
#384 = ORIENTED_EDGE('',*,*,#112,.F.);
#385 = ADVANCED_FACE('',(#386),#100,.T.);
#386 = FACE_BOUND('',#387,.F.);
#387 = EDGE_LOOP('',(#388,#389,#413,#441));
#388 = ORIENTED_EDGE('',*,*,#84,.F.);
#389 = ORIENTED_EDGE('',*,*,#390,.T.);
#390 = EDGE_CURVE('',#57,#391,#393,.T.);
#391 = VERTEX_POINT('',#392);
#392 = CARTESIAN_POINT('',(-70.2,44.6,-6.7));
#393 = SURFACE_CURVE('',#394,(#399,#406),.PCURVE_S1.);
#394 = CIRCLE('',#395,0.8);
#395 = AXIS2_PLACEMENT_3D('',#396,#397,#398);
#396 = CARTESIAN_POINT('',(-70.2,43.8,-6.7));
#397 = DIRECTION('',(-0.,0.,-1.));
#398 = DIRECTION('',(-1.,-1.387778780781E-16,0.));
#399 = PCURVE('',#100,#400);
#400 = DEFINITIONAL_REPRESENTATION('',(#401),#405);
#401 = LINE('',#402,#403);
#402 = CARTESIAN_POINT('',(-0.,0.8));
#403 = VECTOR('',#404,1.);
#404 = DIRECTION('',(-1.,0.));
#405 = ( GEOMETRIC_REPRESENTATION_CONTEXT(2) 
PARAMETRIC_REPRESENTATION_CONTEXT() REPRESENTATION_CONTEXT('2D SPACE',''
  ) );
#406 = PCURVE('',#293,#407);
#407 = DEFINITIONAL_REPRESENTATION('',(#408),#412);
#408 = LINE('',#409,#410);
#409 = CARTESIAN_POINT('',(-0.,0.));
#410 = VECTOR('',#411,1.);
#411 = DIRECTION('',(-1.,0.));
#412 = ( GEOMETRIC_REPRESENTATION_CONTEXT(2) 
PARAMETRIC_REPRESENTATION_CONTEXT() REPRESENTATION_CONTEXT('2D SPACE',''
  ) );
#413 = ORIENTED_EDGE('',*,*,#414,.T.);
#414 = EDGE_CURVE('',#391,#415,#417,.T.);
#415 = VERTEX_POINT('',#416);
#416 = CARTESIAN_POINT('',(-70.2,44.6,34.1));
#417 = SURFACE_CURVE('',#418,(#422,#429),.PCURVE_S1.);
#418 = LINE('',#419,#420);
#419 = CARTESIAN_POINT('',(-70.2,44.6,-7.5));
#420 = VECTOR('',#421,1.);
#421 = DIRECTION('',(0.,0.,1.));
#422 = PCURVE('',#100,#423);
#423 = DEFINITIONAL_REPRESENTATION('',(#424),#428);
#424 = LINE('',#425,#426);
#425 = CARTESIAN_POINT('',(-1.570796326795,0.));
#426 = VECTOR('',#427,1.);
#427 = DIRECTION('',(-0.,1.));
#428 = ( GEOMETRIC_REPRESENTATION_CONTEXT(2) 
PARAMETRIC_REPRESENTATION_CONTEXT() REPRESENTATION_CONTEXT('2D SPACE',''
  ) );
#429 = PCURVE('',#430,#435);
#430 = PLANE('',#431);
#431 = AXIS2_PLACEMENT_3D('',#432,#433,#434);
#432 = CARTESIAN_POINT('',(-71.,44.6,-7.5));
#433 = DIRECTION('',(-0.,1.,0.));
#434 = DIRECTION('',(0.,0.,1.));
#435 = DEFINITIONAL_REPRESENTATION('',(#436),#440);
#436 = LINE('',#437,#438);
#437 = CARTESIAN_POINT('',(0.,0.8));
#438 = VECTOR('',#439,1.);
#439 = DIRECTION('',(1.,0.));
#440 = ( GEOMETRIC_REPRESENTATION_CONTEXT(2) 
PARAMETRIC_REPRESENTATION_CONTEXT() REPRESENTATION_CONTEXT('2D SPACE',''
  ) );
#441 = ORIENTED_EDGE('',*,*,#442,.T.);
#442 = EDGE_CURVE('',#415,#85,#443,.T.);
#443 = SURFACE_CURVE('',#444,(#449,#455),.PCURVE_S1.);
#444 = CIRCLE('',#445,0.8);
#445 = AXIS2_PLACEMENT_3D('',#446,#447,#448);
#446 = CARTESIAN_POINT('',(-70.2,43.8,34.1));
#447 = DIRECTION('',(4.440892098501E-15,0.,1.));
#448 = DIRECTION('',(-1.,-0.,4.440892098501E-15));
#449 = PCURVE('',#100,#450);
#450 = DEFINITIONAL_REPRESENTATION('',(#451),#454);
#451 = B_SPLINE_CURVE_WITH_KNOTS('',1,(#452,#453),.UNSPECIFIED.,.F.,.F.,
  (2,2),(4.712388980385,6.28318530718),.PIECEWISE_BEZIER_KNOTS.);
#452 = CARTESIAN_POINT('',(-1.570796326795,41.6));
#453 = CARTESIAN_POINT('',(0.,41.6));
#454 = ( GEOMETRIC_REPRESENTATION_CONTEXT(2) 
PARAMETRIC_REPRESENTATION_CONTEXT() REPRESENTATION_CONTEXT('2D SPACE',''
  ) );
#455 = PCURVE('',#373,#456);
#456 = DEFINITIONAL_REPRESENTATION('',(#457),#460);
#457 = B_SPLINE_CURVE_WITH_KNOTS('',1,(#458,#459),.UNSPECIFIED.,.F.,.F.,
  (2,2),(4.712388980385,6.28318530718),.PIECEWISE_BEZIER_KNOTS.);
#458 = CARTESIAN_POINT('',(0.,-1.570796326795));
#459 = CARTESIAN_POINT('',(0.,0.));
#460 = ( GEOMETRIC_REPRESENTATION_CONTEXT(2) 
PARAMETRIC_REPRESENTATION_CONTEXT() REPRESENTATION_CONTEXT('2D SPACE',''
  ) );
#461 = ADVANCED_FACE('',(#462),#159,.T.);
#462 = FACE_BOUND('',#463,.T.);
#463 = EDGE_LOOP('',(#464,#465,#490));
#464 = ORIENTED_EDGE('',*,*,#229,.F.);
#465 = ORIENTED_EDGE('',*,*,#466,.T.);
#466 = EDGE_CURVE('',#230,#143,#467,.T.);
#467 = SURFACE_CURVE('',#468,(#473,#479),.PCURVE_S1.);
#468 = CIRCLE('',#469,0.8);
#469 = AXIS2_PLACEMENT_3D('',#470,#471,#472);
#470 = CARTESIAN_POINT('',(-70.2,43.4,-6.7));
#471 = DIRECTION('',(-1.,6.123233995737E-17,0.));
#472 = DIRECTION('',(-6.123233995737E-17,-1.,0.));
#473 = PCURVE('',#159,#474);
#474 = DEFINITIONAL_REPRESENTATION('',(#475),#478);
#475 = B_SPLINE_CURVE_WITH_KNOTS('',1,(#476,#477),.UNSPECIFIED.,.F.,.F.,
  (2,2),(4.712388980385,6.28318530718),.PIECEWISE_BEZIER_KNOTS.);
#476 = CARTESIAN_POINT('',(1.570796326795,-1.570796326795));
#477 = CARTESIAN_POINT('',(1.570796326795,0.));
#478 = ( GEOMETRIC_REPRESENTATION_CONTEXT(2) 
PARAMETRIC_REPRESENTATION_CONTEXT() REPRESENTATION_CONTEXT('2D SPACE',''
  ) );
#479 = PCURVE('',#480,#485);
#480 = CYLINDRICAL_SURFACE('',#481,0.8);
#481 = AXIS2_PLACEMENT_3D('',#482,#483,#484);
#482 = CARTESIAN_POINT('',(-71.,43.4,-6.7));
#483 = DIRECTION('',(1.,0.,-0.));
#484 = DIRECTION('',(0.,-1.,0.));
#485 = DEFINITIONAL_REPRESENTATION('',(#486),#489);
#486 = B_SPLINE_CURVE_WITH_KNOTS('',1,(#487,#488),.UNSPECIFIED.,.F.,.F.,
  (2,2),(4.712388980385,6.28318530718),.PIECEWISE_BEZIER_KNOTS.);
#487 = CARTESIAN_POINT('',(1.570796326795,0.8));
#488 = CARTESIAN_POINT('',(0.,0.8));
#489 = ( GEOMETRIC_REPRESENTATION_CONTEXT(2) 
PARAMETRIC_REPRESENTATION_CONTEXT() REPRESENTATION_CONTEXT('2D SPACE',''
  ) );
#490 = ORIENTED_EDGE('',*,*,#142,.F.);
#491 = ADVANCED_FACE('',(#492),#214,.T.);
#492 = FACE_BOUND('',#493,.F.);
#493 = EDGE_LOOP('',(#494,#495,#520));
#494 = ORIENTED_EDGE('',*,*,#308,.F.);
#495 = ORIENTED_EDGE('',*,*,#496,.T.);
#496 = EDGE_CURVE('',#309,#172,#497,.T.);
#497 = SURFACE_CURVE('',#498,(#503,#509),.PCURVE_S1.);
#498 = CIRCLE('',#499,0.8);
#499 = AXIS2_PLACEMENT_3D('',#500,#501,#502);
#500 = CARTESIAN_POINT('',(-70.2,43.4,34.1));
#501 = DIRECTION('',(1.,-6.123233995737E-17,0.));
#502 = DIRECTION('',(-6.123233995737E-17,-1.,0.));
#503 = PCURVE('',#214,#504);
#504 = DEFINITIONAL_REPRESENTATION('',(#505),#508);
#505 = B_SPLINE_CURVE_WITH_KNOTS('',1,(#506,#507),.UNSPECIFIED.,.F.,.F.,
  (2,2),(4.712388980385,6.28318530718),.PIECEWISE_BEZIER_KNOTS.);
#506 = CARTESIAN_POINT('',(-1.570796326795,-1.570796326795));
#507 = CARTESIAN_POINT('',(-1.570796326795,0.));
#508 = ( GEOMETRIC_REPRESENTATION_CONTEXT(2) 
PARAMETRIC_REPRESENTATION_CONTEXT() REPRESENTATION_CONTEXT('2D SPACE',''
  ) );
#509 = PCURVE('',#510,#515);
#510 = CYLINDRICAL_SURFACE('',#511,0.8);
#511 = AXIS2_PLACEMENT_3D('',#512,#513,#514);
#512 = CARTESIAN_POINT('',(-71.,43.4,34.1));
#513 = DIRECTION('',(1.,0.,-0.));
#514 = DIRECTION('',(0.,-1.,0.));
#515 = DEFINITIONAL_REPRESENTATION('',(#516),#519);
#516 = B_SPLINE_CURVE_WITH_KNOTS('',1,(#517,#518),.UNSPECIFIED.,.F.,.F.,
  (2,2),(4.712388980385,6.28318530718),.PIECEWISE_BEZIER_KNOTS.);
#517 = CARTESIAN_POINT('',(-1.570796326795,0.8));
#518 = CARTESIAN_POINT('',(0.,0.8));
#519 = ( GEOMETRIC_REPRESENTATION_CONTEXT(2) 
PARAMETRIC_REPRESENTATION_CONTEXT() REPRESENTATION_CONTEXT('2D SPACE',''
  ) );
#520 = ORIENTED_EDGE('',*,*,#199,.F.);
#521 = ADVANCED_FACE('',(#522,#597,#711,#825,#1163,#1277),#187,.F.);
#522 = FACE_BOUND('',#523,.F.);
#523 = EDGE_LOOP('',(#524,#525,#548,#576));
#524 = ORIENTED_EDGE('',*,*,#171,.T.);
#525 = ORIENTED_EDGE('',*,*,#526,.T.);
#526 = EDGE_CURVE('',#172,#527,#529,.T.);
#527 = VERTEX_POINT('',#528);
#528 = CARTESIAN_POINT('',(38.2,42.6,34.1));
#529 = SURFACE_CURVE('',#530,(#534,#541),.PCURVE_S1.);
#530 = LINE('',#531,#532);
#531 = CARTESIAN_POINT('',(-71.,42.6,34.1));
#532 = VECTOR('',#533,1.);
#533 = DIRECTION('',(1.,0.,-0.));
#534 = PCURVE('',#187,#535);
#535 = DEFINITIONAL_REPRESENTATION('',(#536),#540);
#536 = LINE('',#537,#538);
#537 = CARTESIAN_POINT('',(41.6,0.));
#538 = VECTOR('',#539,1.);
#539 = DIRECTION('',(0.,1.));
#540 = ( GEOMETRIC_REPRESENTATION_CONTEXT(2) 
PARAMETRIC_REPRESENTATION_CONTEXT() REPRESENTATION_CONTEXT('2D SPACE',''
  ) );
#541 = PCURVE('',#510,#542);
#542 = DEFINITIONAL_REPRESENTATION('',(#543),#547);
#543 = LINE('',#544,#545);
#544 = CARTESIAN_POINT('',(-0.,0.));
#545 = VECTOR('',#546,1.);
#546 = DIRECTION('',(-0.,1.));
#547 = ( GEOMETRIC_REPRESENTATION_CONTEXT(2) 
PARAMETRIC_REPRESENTATION_CONTEXT() REPRESENTATION_CONTEXT('2D SPACE',''
  ) );
#548 = ORIENTED_EDGE('',*,*,#549,.F.);
#549 = EDGE_CURVE('',#550,#527,#552,.T.);
#550 = VERTEX_POINT('',#551);
#551 = CARTESIAN_POINT('',(38.2,42.6,-6.7));
#552 = SURFACE_CURVE('',#553,(#557,#564),.PCURVE_S1.);
#553 = LINE('',#554,#555);
#554 = CARTESIAN_POINT('',(38.2,42.6,-7.5));
#555 = VECTOR('',#556,1.);
#556 = DIRECTION('',(0.,0.,1.));
#557 = PCURVE('',#187,#558);
#558 = DEFINITIONAL_REPRESENTATION('',(#559),#563);
#559 = LINE('',#560,#561);
#560 = CARTESIAN_POINT('',(0.,109.2));
#561 = VECTOR('',#562,1.);
#562 = DIRECTION('',(1.,0.));
#563 = ( GEOMETRIC_REPRESENTATION_CONTEXT(2) 
PARAMETRIC_REPRESENTATION_CONTEXT() REPRESENTATION_CONTEXT('2D SPACE',''
  ) );
#564 = PCURVE('',#565,#570);
#565 = CYLINDRICAL_SURFACE('',#566,0.8);
#566 = AXIS2_PLACEMENT_3D('',#567,#568,#569);
#567 = CARTESIAN_POINT('',(38.2,43.4,-7.5));
#568 = DIRECTION('',(0.,0.,1.));
#569 = DIRECTION('',(1.,0.,-0.));
#570 = DEFINITIONAL_REPRESENTATION('',(#571),#575);
#571 = LINE('',#572,#573);
#572 = CARTESIAN_POINT('',(-1.570796326795,0.));
#573 = VECTOR('',#574,1.);
#574 = DIRECTION('',(-0.,1.));
#575 = ( GEOMETRIC_REPRESENTATION_CONTEXT(2) 
PARAMETRIC_REPRESENTATION_CONTEXT() REPRESENTATION_CONTEXT('2D SPACE',''
  ) );
#576 = ORIENTED_EDGE('',*,*,#577,.F.);
#577 = EDGE_CURVE('',#143,#550,#578,.T.);
#578 = SURFACE_CURVE('',#579,(#583,#590),.PCURVE_S1.);
#579 = LINE('',#580,#581);
#580 = CARTESIAN_POINT('',(-71.,42.6,-6.7));
#581 = VECTOR('',#582,1.);
#582 = DIRECTION('',(1.,0.,-0.));
#583 = PCURVE('',#187,#584);
#584 = DEFINITIONAL_REPRESENTATION('',(#585),#589);
#585 = LINE('',#586,#587);
#586 = CARTESIAN_POINT('',(0.8,0.));
#587 = VECTOR('',#588,1.);
#588 = DIRECTION('',(0.,1.));
#589 = ( GEOMETRIC_REPRESENTATION_CONTEXT(2) 
PARAMETRIC_REPRESENTATION_CONTEXT() REPRESENTATION_CONTEXT('2D SPACE',''
  ) );
#590 = PCURVE('',#480,#591);
#591 = DEFINITIONAL_REPRESENTATION('',(#592),#596);
#592 = LINE('',#593,#594);
#593 = CARTESIAN_POINT('',(0.,0.));
#594 = VECTOR('',#595,1.);
#595 = DIRECTION('',(0.,1.));
#596 = ( GEOMETRIC_REPRESENTATION_CONTEXT(2) 
PARAMETRIC_REPRESENTATION_CONTEXT() REPRESENTATION_CONTEXT('2D SPACE',''
  ) );
#597 = FACE_BOUND('',#598,.F.);
#598 = EDGE_LOOP('',(#599,#629,#657,#685));
#599 = ORIENTED_EDGE('',*,*,#600,.F.);
#600 = EDGE_CURVE('',#601,#603,#605,.T.);
#601 = VERTEX_POINT('',#602);
#602 = CARTESIAN_POINT('',(-65.5,42.6,-5.5));
#603 = VERTEX_POINT('',#604);
#604 = CARTESIAN_POINT('',(-65.5,42.6,-4.5));
#605 = SURFACE_CURVE('',#606,(#610,#617),.PCURVE_S1.);
#606 = LINE('',#607,#608);
#607 = CARTESIAN_POINT('',(-65.5,42.6,-7.));
#608 = VECTOR('',#609,1.);
#609 = DIRECTION('',(0.,0.,1.));
#610 = PCURVE('',#187,#611);
#611 = DEFINITIONAL_REPRESENTATION('',(#612),#616);
#612 = LINE('',#613,#614);
#613 = CARTESIAN_POINT('',(0.5,5.5));
#614 = VECTOR('',#615,1.);
#615 = DIRECTION('',(1.,0.));
#616 = ( GEOMETRIC_REPRESENTATION_CONTEXT(2) 
PARAMETRIC_REPRESENTATION_CONTEXT() REPRESENTATION_CONTEXT('2D SPACE',''
  ) );
#617 = PCURVE('',#618,#623);
#618 = CYLINDRICAL_SURFACE('',#619,1.5);
#619 = AXIS2_PLACEMENT_3D('',#620,#621,#622);
#620 = CARTESIAN_POINT('',(-65.5,41.1,-7.));
#621 = DIRECTION('',(0.,0.,1.));
#622 = DIRECTION('',(-1.,-0.,0.));
#623 = DEFINITIONAL_REPRESENTATION('',(#624),#628);
#624 = LINE('',#625,#626);
#625 = CARTESIAN_POINT('',(-1.570796326795,0.));
#626 = VECTOR('',#627,1.);
#627 = DIRECTION('',(-0.,1.));
#628 = ( GEOMETRIC_REPRESENTATION_CONTEXT(2) 
PARAMETRIC_REPRESENTATION_CONTEXT() REPRESENTATION_CONTEXT('2D SPACE',''
  ) );
#629 = ORIENTED_EDGE('',*,*,#630,.T.);
#630 = EDGE_CURVE('',#601,#631,#633,.T.);
#631 = VERTEX_POINT('',#632);
#632 = CARTESIAN_POINT('',(33.5,42.6,-5.5));
#633 = SURFACE_CURVE('',#634,(#638,#645),.PCURVE_S1.);
#634 = LINE('',#635,#636);
#635 = CARTESIAN_POINT('',(-67.,42.6,-5.5));
#636 = VECTOR('',#637,1.);
#637 = DIRECTION('',(1.,0.,-0.));
#638 = PCURVE('',#187,#639);
#639 = DEFINITIONAL_REPRESENTATION('',(#640),#644);
#640 = LINE('',#641,#642);
#641 = CARTESIAN_POINT('',(2.,4.));
#642 = VECTOR('',#643,1.);
#643 = DIRECTION('',(0.,1.));
#644 = ( GEOMETRIC_REPRESENTATION_CONTEXT(2) 
PARAMETRIC_REPRESENTATION_CONTEXT() REPRESENTATION_CONTEXT('2D SPACE',''
  ) );
#645 = PCURVE('',#646,#651);
#646 = CYLINDRICAL_SURFACE('',#647,1.5);
#647 = AXIS2_PLACEMENT_3D('',#648,#649,#650);
#648 = CARTESIAN_POINT('',(-67.,41.1,-5.5));
#649 = DIRECTION('',(1.,0.,-0.));
#650 = DIRECTION('',(0.,1.,0.));
#651 = DEFINITIONAL_REPRESENTATION('',(#652),#656);
#652 = LINE('',#653,#654);
#653 = CARTESIAN_POINT('',(-0.,0.));
#654 = VECTOR('',#655,1.);
#655 = DIRECTION('',(-0.,1.));
#656 = ( GEOMETRIC_REPRESENTATION_CONTEXT(2) 
PARAMETRIC_REPRESENTATION_CONTEXT() REPRESENTATION_CONTEXT('2D SPACE',''
  ) );
#657 = ORIENTED_EDGE('',*,*,#658,.T.);
#658 = EDGE_CURVE('',#631,#659,#661,.T.);
#659 = VERTEX_POINT('',#660);
#660 = CARTESIAN_POINT('',(33.5,42.6,-4.5));
#661 = SURFACE_CURVE('',#662,(#666,#673),.PCURVE_S1.);
#662 = LINE('',#663,#664);
#663 = CARTESIAN_POINT('',(33.5,42.6,-7.));
#664 = VECTOR('',#665,1.);
#665 = DIRECTION('',(0.,0.,1.));
#666 = PCURVE('',#187,#667);
#667 = DEFINITIONAL_REPRESENTATION('',(#668),#672);
#668 = LINE('',#669,#670);
#669 = CARTESIAN_POINT('',(0.5,104.5));
#670 = VECTOR('',#671,1.);
#671 = DIRECTION('',(1.,0.));
#672 = ( GEOMETRIC_REPRESENTATION_CONTEXT(2) 
PARAMETRIC_REPRESENTATION_CONTEXT() REPRESENTATION_CONTEXT('2D SPACE',''
  ) );
#673 = PCURVE('',#674,#679);
#674 = CYLINDRICAL_SURFACE('',#675,1.5);
#675 = AXIS2_PLACEMENT_3D('',#676,#677,#678);
#676 = CARTESIAN_POINT('',(33.5,41.1,-7.));
#677 = DIRECTION('',(0.,0.,1.));
#678 = DIRECTION('',(1.,0.,-0.));
#679 = DEFINITIONAL_REPRESENTATION('',(#680),#684);
#680 = LINE('',#681,#682);
#681 = CARTESIAN_POINT('',(1.570796326795,0.));
#682 = VECTOR('',#683,1.);
#683 = DIRECTION('',(0.,1.));
#684 = ( GEOMETRIC_REPRESENTATION_CONTEXT(2) 
PARAMETRIC_REPRESENTATION_CONTEXT() REPRESENTATION_CONTEXT('2D SPACE',''
  ) );
#685 = ORIENTED_EDGE('',*,*,#686,.F.);
#686 = EDGE_CURVE('',#603,#659,#687,.T.);
#687 = SURFACE_CURVE('',#688,(#692,#699),.PCURVE_S1.);
#688 = LINE('',#689,#690);
#689 = CARTESIAN_POINT('',(-67.,42.6,-4.5));
#690 = VECTOR('',#691,1.);
#691 = DIRECTION('',(1.,0.,-0.));
#692 = PCURVE('',#187,#693);
#693 = DEFINITIONAL_REPRESENTATION('',(#694),#698);
#694 = LINE('',#695,#696);
#695 = CARTESIAN_POINT('',(3.,4.));
#696 = VECTOR('',#697,1.);
#697 = DIRECTION('',(0.,1.));
#698 = ( GEOMETRIC_REPRESENTATION_CONTEXT(2) 
PARAMETRIC_REPRESENTATION_CONTEXT() REPRESENTATION_CONTEXT('2D SPACE',''
  ) );
#699 = PCURVE('',#700,#705);
#700 = CYLINDRICAL_SURFACE('',#701,1.5);
#701 = AXIS2_PLACEMENT_3D('',#702,#703,#704);
#702 = CARTESIAN_POINT('',(-67.,41.1,-4.5));
#703 = DIRECTION('',(1.,0.,-0.));
#704 = DIRECTION('',(0.,1.,0.));
#705 = DEFINITIONAL_REPRESENTATION('',(#706),#710);
#706 = LINE('',#707,#708);
#707 = CARTESIAN_POINT('',(0.,0.));
#708 = VECTOR('',#709,1.);
#709 = DIRECTION('',(0.,1.));
#710 = ( GEOMETRIC_REPRESENTATION_CONTEXT(2) 
PARAMETRIC_REPRESENTATION_CONTEXT() REPRESENTATION_CONTEXT('2D SPACE',''
  ) );
#711 = FACE_BOUND('',#712,.F.);
#712 = EDGE_LOOP('',(#713,#743,#771,#799));
#713 = ORIENTED_EDGE('',*,*,#714,.F.);
#714 = EDGE_CURVE('',#715,#717,#719,.T.);
#715 = VERTEX_POINT('',#716);
#716 = CARTESIAN_POINT('',(-67.5,42.6,-2.));
#717 = VERTEX_POINT('',#718);
#718 = CARTESIAN_POINT('',(-67.5,42.6,29.4));
#719 = SURFACE_CURVE('',#720,(#724,#731),.PCURVE_S1.);
#720 = LINE('',#721,#722);
#721 = CARTESIAN_POINT('',(-67.5,42.6,-3.5));
#722 = VECTOR('',#723,1.);
#723 = DIRECTION('',(0.,0.,1.));
#724 = PCURVE('',#187,#725);
#725 = DEFINITIONAL_REPRESENTATION('',(#726),#730);
#726 = LINE('',#727,#728);
#727 = CARTESIAN_POINT('',(4.,3.5));
#728 = VECTOR('',#729,1.);
#729 = DIRECTION('',(1.,0.));
#730 = ( GEOMETRIC_REPRESENTATION_CONTEXT(2) 
PARAMETRIC_REPRESENTATION_CONTEXT() REPRESENTATION_CONTEXT('2D SPACE',''
  ) );
#731 = PCURVE('',#732,#737);
#732 = CYLINDRICAL_SURFACE('',#733,1.5);
#733 = AXIS2_PLACEMENT_3D('',#734,#735,#736);
#734 = CARTESIAN_POINT('',(-67.5,41.1,-3.5));
#735 = DIRECTION('',(0.,0.,1.));
#736 = DIRECTION('',(-1.,-0.,0.));
#737 = DEFINITIONAL_REPRESENTATION('',(#738),#742);
#738 = LINE('',#739,#740);
#739 = CARTESIAN_POINT('',(-1.570796326795,0.));
#740 = VECTOR('',#741,1.);
#741 = DIRECTION('',(-0.,1.));
#742 = ( GEOMETRIC_REPRESENTATION_CONTEXT(2) 
PARAMETRIC_REPRESENTATION_CONTEXT() REPRESENTATION_CONTEXT('2D SPACE',''
  ) );
#743 = ORIENTED_EDGE('',*,*,#744,.T.);
#744 = EDGE_CURVE('',#715,#745,#747,.T.);
#745 = VERTEX_POINT('',#746);
#746 = CARTESIAN_POINT('',(-66.5,42.6,-2.));
#747 = SURFACE_CURVE('',#748,(#752,#759),.PCURVE_S1.);
#748 = LINE('',#749,#750);
#749 = CARTESIAN_POINT('',(-69.,42.6,-2.));
#750 = VECTOR('',#751,1.);
#751 = DIRECTION('',(1.,0.,-0.));
#752 = PCURVE('',#187,#753);
#753 = DEFINITIONAL_REPRESENTATION('',(#754),#758);
#754 = LINE('',#755,#756);
#755 = CARTESIAN_POINT('',(5.5,2.));
#756 = VECTOR('',#757,1.);
#757 = DIRECTION('',(0.,1.));
#758 = ( GEOMETRIC_REPRESENTATION_CONTEXT(2) 
PARAMETRIC_REPRESENTATION_CONTEXT() REPRESENTATION_CONTEXT('2D SPACE',''
  ) );
#759 = PCURVE('',#760,#765);
#760 = CYLINDRICAL_SURFACE('',#761,1.5);
#761 = AXIS2_PLACEMENT_3D('',#762,#763,#764);
#762 = CARTESIAN_POINT('',(-69.,41.1,-2.));
#763 = DIRECTION('',(1.,0.,-0.));
#764 = DIRECTION('',(0.,1.,0.));
#765 = DEFINITIONAL_REPRESENTATION('',(#766),#770);
#766 = LINE('',#767,#768);
#767 = CARTESIAN_POINT('',(-0.,0.));
#768 = VECTOR('',#769,1.);
#769 = DIRECTION('',(-0.,1.));
#770 = ( GEOMETRIC_REPRESENTATION_CONTEXT(2) 
PARAMETRIC_REPRESENTATION_CONTEXT() REPRESENTATION_CONTEXT('2D SPACE',''
  ) );
#771 = ORIENTED_EDGE('',*,*,#772,.T.);
#772 = EDGE_CURVE('',#745,#773,#775,.T.);
#773 = VERTEX_POINT('',#774);
#774 = CARTESIAN_POINT('',(-66.5,42.6,29.4));
#775 = SURFACE_CURVE('',#776,(#780,#787),.PCURVE_S1.);
#776 = LINE('',#777,#778);
#777 = CARTESIAN_POINT('',(-66.5,42.6,-3.5));
#778 = VECTOR('',#779,1.);
#779 = DIRECTION('',(0.,0.,1.));
#780 = PCURVE('',#187,#781);
#781 = DEFINITIONAL_REPRESENTATION('',(#782),#786);
#782 = LINE('',#783,#784);
#783 = CARTESIAN_POINT('',(4.,4.5));
#784 = VECTOR('',#785,1.);
#785 = DIRECTION('',(1.,0.));
#786 = ( GEOMETRIC_REPRESENTATION_CONTEXT(2) 
PARAMETRIC_REPRESENTATION_CONTEXT() REPRESENTATION_CONTEXT('2D SPACE',''
  ) );
#787 = PCURVE('',#788,#793);
#788 = CYLINDRICAL_SURFACE('',#789,1.5);
#789 = AXIS2_PLACEMENT_3D('',#790,#791,#792);
#790 = CARTESIAN_POINT('',(-66.5,41.1,-3.5));
#791 = DIRECTION('',(0.,0.,1.));
#792 = DIRECTION('',(1.,0.,-0.));
#793 = DEFINITIONAL_REPRESENTATION('',(#794),#798);
#794 = LINE('',#795,#796);
#795 = CARTESIAN_POINT('',(1.570796326795,0.));
#796 = VECTOR('',#797,1.);
#797 = DIRECTION('',(0.,1.));
#798 = ( GEOMETRIC_REPRESENTATION_CONTEXT(2) 
PARAMETRIC_REPRESENTATION_CONTEXT() REPRESENTATION_CONTEXT('2D SPACE',''
  ) );
#799 = ORIENTED_EDGE('',*,*,#800,.F.);
#800 = EDGE_CURVE('',#717,#773,#801,.T.);
#801 = SURFACE_CURVE('',#802,(#806,#813),.PCURVE_S1.);
#802 = LINE('',#803,#804);
#803 = CARTESIAN_POINT('',(-69.,42.6,29.4));
#804 = VECTOR('',#805,1.);
#805 = DIRECTION('',(1.,0.,-0.));
#806 = PCURVE('',#187,#807);
#807 = DEFINITIONAL_REPRESENTATION('',(#808),#812);
#808 = LINE('',#809,#810);
#809 = CARTESIAN_POINT('',(36.9,2.));
#810 = VECTOR('',#811,1.);
#811 = DIRECTION('',(0.,1.));
#812 = ( GEOMETRIC_REPRESENTATION_CONTEXT(2) 
PARAMETRIC_REPRESENTATION_CONTEXT() REPRESENTATION_CONTEXT('2D SPACE',''
  ) );
#813 = PCURVE('',#814,#819);
#814 = CYLINDRICAL_SURFACE('',#815,1.5);
#815 = AXIS2_PLACEMENT_3D('',#816,#817,#818);
#816 = CARTESIAN_POINT('',(-69.,41.1,29.4));
#817 = DIRECTION('',(1.,0.,-0.));
#818 = DIRECTION('',(0.,1.,0.));
#819 = DEFINITIONAL_REPRESENTATION('',(#820),#824);
#820 = LINE('',#821,#822);
#821 = CARTESIAN_POINT('',(0.,0.));
#822 = VECTOR('',#823,1.);
#823 = DIRECTION('',(0.,1.));
#824 = ( GEOMETRIC_REPRESENTATION_CONTEXT(2) 
PARAMETRIC_REPRESENTATION_CONTEXT() REPRESENTATION_CONTEXT('2D SPACE',''
  ) );
#825 = FACE_BOUND('',#826,.F.);
#826 = EDGE_LOOP('',(#827,#857,#885,#913,#941,#969,#997,#1025,#1053,
    #1081,#1109,#1137));
#827 = ORIENTED_EDGE('',*,*,#828,.F.);
#828 = EDGE_CURVE('',#829,#831,#833,.T.);
#829 = VERTEX_POINT('',#830);
#830 = CARTESIAN_POINT('',(-18.,42.6,-2.));
#831 = VERTEX_POINT('',#832);
#832 = CARTESIAN_POINT('',(-18.,42.6,12.7));
#833 = SURFACE_CURVE('',#834,(#838,#845),.PCURVE_S1.);
#834 = LINE('',#835,#836);
#835 = CARTESIAN_POINT('',(-18.,42.6,-3.5));
#836 = VECTOR('',#837,1.);
#837 = DIRECTION('',(0.,0.,1.));
#838 = PCURVE('',#187,#839);
#839 = DEFINITIONAL_REPRESENTATION('',(#840),#844);
#840 = LINE('',#841,#842);
#841 = CARTESIAN_POINT('',(4.,53.));
#842 = VECTOR('',#843,1.);
#843 = DIRECTION('',(1.,0.));
#844 = ( GEOMETRIC_REPRESENTATION_CONTEXT(2) 
PARAMETRIC_REPRESENTATION_CONTEXT() REPRESENTATION_CONTEXT('2D SPACE',''
  ) );
#845 = PCURVE('',#846,#851);
#846 = CYLINDRICAL_SURFACE('',#847,1.5);
#847 = AXIS2_PLACEMENT_3D('',#848,#849,#850);
#848 = CARTESIAN_POINT('',(-18.,41.1,-3.5));
#849 = DIRECTION('',(0.,0.,1.));
#850 = DIRECTION('',(-1.,-0.,0.));
#851 = DEFINITIONAL_REPRESENTATION('',(#852),#856);
#852 = LINE('',#853,#854);
#853 = CARTESIAN_POINT('',(-1.570796326795,0.));
#854 = VECTOR('',#855,1.);
#855 = DIRECTION('',(-0.,1.));
#856 = ( GEOMETRIC_REPRESENTATION_CONTEXT(2) 
PARAMETRIC_REPRESENTATION_CONTEXT() REPRESENTATION_CONTEXT('2D SPACE',''
  ) );
#857 = ORIENTED_EDGE('',*,*,#858,.T.);
#858 = EDGE_CURVE('',#829,#859,#861,.T.);
#859 = VERTEX_POINT('',#860);
#860 = CARTESIAN_POINT('',(-14.,42.6,-2.));
#861 = SURFACE_CURVE('',#862,(#866,#873),.PCURVE_S1.);
#862 = LINE('',#863,#864);
#863 = CARTESIAN_POINT('',(-19.5,42.6,-2.));
#864 = VECTOR('',#865,1.);
#865 = DIRECTION('',(1.,0.,-0.));
#866 = PCURVE('',#187,#867);
#867 = DEFINITIONAL_REPRESENTATION('',(#868),#872);
#868 = LINE('',#869,#870);
#869 = CARTESIAN_POINT('',(5.5,51.5));
#870 = VECTOR('',#871,1.);
#871 = DIRECTION('',(0.,1.));
#872 = ( GEOMETRIC_REPRESENTATION_CONTEXT(2) 
PARAMETRIC_REPRESENTATION_CONTEXT() REPRESENTATION_CONTEXT('2D SPACE',''
  ) );
#873 = PCURVE('',#874,#879);
#874 = CYLINDRICAL_SURFACE('',#875,1.5);
#875 = AXIS2_PLACEMENT_3D('',#876,#877,#878);
#876 = CARTESIAN_POINT('',(-19.5,41.1,-2.));
#877 = DIRECTION('',(1.,0.,-0.));
#878 = DIRECTION('',(0.,1.,0.));
#879 = DEFINITIONAL_REPRESENTATION('',(#880),#884);
#880 = LINE('',#881,#882);
#881 = CARTESIAN_POINT('',(-0.,0.));
#882 = VECTOR('',#883,1.);
#883 = DIRECTION('',(-0.,1.));
#884 = ( GEOMETRIC_REPRESENTATION_CONTEXT(2) 
PARAMETRIC_REPRESENTATION_CONTEXT() REPRESENTATION_CONTEXT('2D SPACE',''
  ) );
#885 = ORIENTED_EDGE('',*,*,#886,.T.);
#886 = EDGE_CURVE('',#859,#887,#889,.T.);
#887 = VERTEX_POINT('',#888);
#888 = CARTESIAN_POINT('',(-14.,42.6,12.7));
#889 = SURFACE_CURVE('',#890,(#894,#901),.PCURVE_S1.);
#890 = LINE('',#891,#892);
#891 = CARTESIAN_POINT('',(-14.,42.6,-3.5));
#892 = VECTOR('',#893,1.);
#893 = DIRECTION('',(0.,0.,1.));
#894 = PCURVE('',#187,#895);
#895 = DEFINITIONAL_REPRESENTATION('',(#896),#900);
#896 = LINE('',#897,#898);
#897 = CARTESIAN_POINT('',(4.,57.));
#898 = VECTOR('',#899,1.);
#899 = DIRECTION('',(1.,0.));
#900 = ( GEOMETRIC_REPRESENTATION_CONTEXT(2) 
PARAMETRIC_REPRESENTATION_CONTEXT() REPRESENTATION_CONTEXT('2D SPACE',''
  ) );
#901 = PCURVE('',#902,#907);
#902 = CYLINDRICAL_SURFACE('',#903,1.5);
#903 = AXIS2_PLACEMENT_3D('',#904,#905,#906);
#904 = CARTESIAN_POINT('',(-14.,41.1,-3.5));
#905 = DIRECTION('',(0.,0.,1.));
#906 = DIRECTION('',(1.,0.,-0.));
#907 = DEFINITIONAL_REPRESENTATION('',(#908),#912);
#908 = LINE('',#909,#910);
#909 = CARTESIAN_POINT('',(1.570796326795,0.));
#910 = VECTOR('',#911,1.);
#911 = DIRECTION('',(0.,1.));
#912 = ( GEOMETRIC_REPRESENTATION_CONTEXT(2) 
PARAMETRIC_REPRESENTATION_CONTEXT() REPRESENTATION_CONTEXT('2D SPACE',''
  ) );
#913 = ORIENTED_EDGE('',*,*,#914,.T.);
#914 = EDGE_CURVE('',#887,#915,#917,.T.);
#915 = VERTEX_POINT('',#916);
#916 = CARTESIAN_POINT('',(30.5,42.6,12.7));
#917 = SURFACE_CURVE('',#918,(#922,#929),.PCURVE_S1.);
#918 = LINE('',#919,#920);
#919 = CARTESIAN_POINT('',(-64.,42.6,12.7));
#920 = VECTOR('',#921,1.);
#921 = DIRECTION('',(1.,0.,-0.));
#922 = PCURVE('',#187,#923);
#923 = DEFINITIONAL_REPRESENTATION('',(#924),#928);
#924 = LINE('',#925,#926);
#925 = CARTESIAN_POINT('',(20.2,7.));
#926 = VECTOR('',#927,1.);
#927 = DIRECTION('',(0.,1.));
#928 = ( GEOMETRIC_REPRESENTATION_CONTEXT(2) 
PARAMETRIC_REPRESENTATION_CONTEXT() REPRESENTATION_CONTEXT('2D SPACE',''
  ) );
#929 = PCURVE('',#930,#935);
#930 = CYLINDRICAL_SURFACE('',#931,1.5);
#931 = AXIS2_PLACEMENT_3D('',#932,#933,#934);
#932 = CARTESIAN_POINT('',(-64.,41.1,12.7));
#933 = DIRECTION('',(1.,0.,-0.));
#934 = DIRECTION('',(0.,1.,0.));
#935 = DEFINITIONAL_REPRESENTATION('',(#936),#940);
#936 = LINE('',#937,#938);
#937 = CARTESIAN_POINT('',(-0.,0.));
#938 = VECTOR('',#939,1.);
#939 = DIRECTION('',(-0.,1.));
#940 = ( GEOMETRIC_REPRESENTATION_CONTEXT(2) 
PARAMETRIC_REPRESENTATION_CONTEXT() REPRESENTATION_CONTEXT('2D SPACE',''
  ) );
#941 = ORIENTED_EDGE('',*,*,#942,.T.);
#942 = EDGE_CURVE('',#915,#943,#945,.T.);
#943 = VERTEX_POINT('',#944);
#944 = CARTESIAN_POINT('',(30.5,42.6,14.7));
#945 = SURFACE_CURVE('',#946,(#950,#957),.PCURVE_S1.);
#946 = LINE('',#947,#948);
#947 = CARTESIAN_POINT('',(30.5,42.6,11.2));
#948 = VECTOR('',#949,1.);
#949 = DIRECTION('',(0.,0.,1.));
#950 = PCURVE('',#187,#951);
#951 = DEFINITIONAL_REPRESENTATION('',(#952),#956);
#952 = LINE('',#953,#954);
#953 = CARTESIAN_POINT('',(18.7,101.5));
#954 = VECTOR('',#955,1.);
#955 = DIRECTION('',(1.,0.));
#956 = ( GEOMETRIC_REPRESENTATION_CONTEXT(2) 
PARAMETRIC_REPRESENTATION_CONTEXT() REPRESENTATION_CONTEXT('2D SPACE',''
  ) );
#957 = PCURVE('',#958,#963);
#958 = CYLINDRICAL_SURFACE('',#959,1.5);
#959 = AXIS2_PLACEMENT_3D('',#960,#961,#962);
#960 = CARTESIAN_POINT('',(30.5,41.1,11.2));
#961 = DIRECTION('',(0.,0.,1.));
#962 = DIRECTION('',(1.,0.,-0.));
#963 = DEFINITIONAL_REPRESENTATION('',(#964),#968);
#964 = LINE('',#965,#966);
#965 = CARTESIAN_POINT('',(1.570796326795,0.));
#966 = VECTOR('',#967,1.);
#967 = DIRECTION('',(0.,1.));
#968 = ( GEOMETRIC_REPRESENTATION_CONTEXT(2) 
PARAMETRIC_REPRESENTATION_CONTEXT() REPRESENTATION_CONTEXT('2D SPACE',''
  ) );
#969 = ORIENTED_EDGE('',*,*,#970,.F.);
#970 = EDGE_CURVE('',#971,#943,#973,.T.);
#971 = VERTEX_POINT('',#972);
#972 = CARTESIAN_POINT('',(-14.,42.6,14.7));
#973 = SURFACE_CURVE('',#974,(#978,#985),.PCURVE_S1.);
#974 = LINE('',#975,#976);
#975 = CARTESIAN_POINT('',(-64.,42.6,14.7));
#976 = VECTOR('',#977,1.);
#977 = DIRECTION('',(1.,0.,-0.));
#978 = PCURVE('',#187,#979);
#979 = DEFINITIONAL_REPRESENTATION('',(#980),#984);
#980 = LINE('',#981,#982);
#981 = CARTESIAN_POINT('',(22.2,7.));
#982 = VECTOR('',#983,1.);
#983 = DIRECTION('',(0.,1.));
#984 = ( GEOMETRIC_REPRESENTATION_CONTEXT(2) 
PARAMETRIC_REPRESENTATION_CONTEXT() REPRESENTATION_CONTEXT('2D SPACE',''
  ) );
#985 = PCURVE('',#986,#991);
#986 = CYLINDRICAL_SURFACE('',#987,1.5);
#987 = AXIS2_PLACEMENT_3D('',#988,#989,#990);
#988 = CARTESIAN_POINT('',(-64.,41.1,14.7));
#989 = DIRECTION('',(1.,0.,-0.));
#990 = DIRECTION('',(0.,1.,0.));
#991 = DEFINITIONAL_REPRESENTATION('',(#992),#996);
#992 = LINE('',#993,#994);
#993 = CARTESIAN_POINT('',(0.,0.));
#994 = VECTOR('',#995,1.);
#995 = DIRECTION('',(0.,1.));
#996 = ( GEOMETRIC_REPRESENTATION_CONTEXT(2) 
PARAMETRIC_REPRESENTATION_CONTEXT() REPRESENTATION_CONTEXT('2D SPACE',''
  ) );
#997 = ORIENTED_EDGE('',*,*,#998,.T.);
#998 = EDGE_CURVE('',#971,#999,#1001,.T.);
#999 = VERTEX_POINT('',#1000);
#1000 = CARTESIAN_POINT('',(-14.,42.6,29.4));
#1001 = SURFACE_CURVE('',#1002,(#1006,#1013),.PCURVE_S1.);
#1002 = LINE('',#1003,#1004);
#1003 = CARTESIAN_POINT('',(-14.,42.6,-3.5));
#1004 = VECTOR('',#1005,1.);
#1005 = DIRECTION('',(0.,0.,1.));
#1006 = PCURVE('',#187,#1007);
#1007 = DEFINITIONAL_REPRESENTATION('',(#1008),#1012);
#1008 = LINE('',#1009,#1010);
#1009 = CARTESIAN_POINT('',(4.,57.));
#1010 = VECTOR('',#1011,1.);
#1011 = DIRECTION('',(1.,0.));
#1012 = ( GEOMETRIC_REPRESENTATION_CONTEXT(2) 
PARAMETRIC_REPRESENTATION_CONTEXT() REPRESENTATION_CONTEXT('2D SPACE',''
  ) );
#1013 = PCURVE('',#1014,#1019);
#1014 = CYLINDRICAL_SURFACE('',#1015,1.5);
#1015 = AXIS2_PLACEMENT_3D('',#1016,#1017,#1018);
#1016 = CARTESIAN_POINT('',(-14.,41.1,-3.5));
#1017 = DIRECTION('',(0.,0.,1.));
#1018 = DIRECTION('',(1.,0.,-0.));
#1019 = DEFINITIONAL_REPRESENTATION('',(#1020),#1024);
#1020 = LINE('',#1021,#1022);
#1021 = CARTESIAN_POINT('',(1.570796326795,0.));
#1022 = VECTOR('',#1023,1.);
#1023 = DIRECTION('',(0.,1.));
#1024 = ( GEOMETRIC_REPRESENTATION_CONTEXT(2) 
PARAMETRIC_REPRESENTATION_CONTEXT() REPRESENTATION_CONTEXT('2D SPACE',''
  ) );
#1025 = ORIENTED_EDGE('',*,*,#1026,.F.);
#1026 = EDGE_CURVE('',#1027,#999,#1029,.T.);
#1027 = VERTEX_POINT('',#1028);
#1028 = CARTESIAN_POINT('',(-18.,42.6,29.4));
#1029 = SURFACE_CURVE('',#1030,(#1034,#1041),.PCURVE_S1.);
#1030 = LINE('',#1031,#1032);
#1031 = CARTESIAN_POINT('',(-19.5,42.6,29.4));
#1032 = VECTOR('',#1033,1.);
#1033 = DIRECTION('',(1.,0.,-0.));
#1034 = PCURVE('',#187,#1035);
#1035 = DEFINITIONAL_REPRESENTATION('',(#1036),#1040);
#1036 = LINE('',#1037,#1038);
#1037 = CARTESIAN_POINT('',(36.9,51.5));
#1038 = VECTOR('',#1039,1.);
#1039 = DIRECTION('',(0.,1.));
#1040 = ( GEOMETRIC_REPRESENTATION_CONTEXT(2) 
PARAMETRIC_REPRESENTATION_CONTEXT() REPRESENTATION_CONTEXT('2D SPACE',''
  ) );
#1041 = PCURVE('',#1042,#1047);
#1042 = CYLINDRICAL_SURFACE('',#1043,1.5);
#1043 = AXIS2_PLACEMENT_3D('',#1044,#1045,#1046);
#1044 = CARTESIAN_POINT('',(-19.5,41.1,29.4));
#1045 = DIRECTION('',(1.,0.,-0.));
#1046 = DIRECTION('',(0.,1.,0.));
#1047 = DEFINITIONAL_REPRESENTATION('',(#1048),#1052);
#1048 = LINE('',#1049,#1050);
#1049 = CARTESIAN_POINT('',(0.,0.));
#1050 = VECTOR('',#1051,1.);
#1051 = DIRECTION('',(0.,1.));
#1052 = ( GEOMETRIC_REPRESENTATION_CONTEXT(2) 
PARAMETRIC_REPRESENTATION_CONTEXT() REPRESENTATION_CONTEXT('2D SPACE',''
  ) );
#1053 = ORIENTED_EDGE('',*,*,#1054,.F.);
#1054 = EDGE_CURVE('',#1055,#1027,#1057,.T.);
#1055 = VERTEX_POINT('',#1056);
#1056 = CARTESIAN_POINT('',(-18.,42.6,14.7));
#1057 = SURFACE_CURVE('',#1058,(#1062,#1069),.PCURVE_S1.);
#1058 = LINE('',#1059,#1060);
#1059 = CARTESIAN_POINT('',(-18.,42.6,-3.5));
#1060 = VECTOR('',#1061,1.);
#1061 = DIRECTION('',(0.,0.,1.));
#1062 = PCURVE('',#187,#1063);
#1063 = DEFINITIONAL_REPRESENTATION('',(#1064),#1068);
#1064 = LINE('',#1065,#1066);
#1065 = CARTESIAN_POINT('',(4.,53.));
#1066 = VECTOR('',#1067,1.);
#1067 = DIRECTION('',(1.,0.));
#1068 = ( GEOMETRIC_REPRESENTATION_CONTEXT(2) 
PARAMETRIC_REPRESENTATION_CONTEXT() REPRESENTATION_CONTEXT('2D SPACE',''
  ) );
#1069 = PCURVE('',#1070,#1075);
#1070 = CYLINDRICAL_SURFACE('',#1071,1.5);
#1071 = AXIS2_PLACEMENT_3D('',#1072,#1073,#1074);
#1072 = CARTESIAN_POINT('',(-18.,41.1,-3.5));
#1073 = DIRECTION('',(0.,0.,1.));
#1074 = DIRECTION('',(-1.,-0.,0.));
#1075 = DEFINITIONAL_REPRESENTATION('',(#1076),#1080);
#1076 = LINE('',#1077,#1078);
#1077 = CARTESIAN_POINT('',(-1.570796326795,0.));
#1078 = VECTOR('',#1079,1.);
#1079 = DIRECTION('',(-0.,1.));
#1080 = ( GEOMETRIC_REPRESENTATION_CONTEXT(2) 
PARAMETRIC_REPRESENTATION_CONTEXT() REPRESENTATION_CONTEXT('2D SPACE',''
  ) );
#1081 = ORIENTED_EDGE('',*,*,#1082,.F.);
#1082 = EDGE_CURVE('',#1083,#1055,#1085,.T.);
#1083 = VERTEX_POINT('',#1084);
#1084 = CARTESIAN_POINT('',(-62.5,42.6,14.7));
#1085 = SURFACE_CURVE('',#1086,(#1090,#1097),.PCURVE_S1.);
#1086 = LINE('',#1087,#1088);
#1087 = CARTESIAN_POINT('',(-64.,42.6,14.7));
#1088 = VECTOR('',#1089,1.);
#1089 = DIRECTION('',(1.,0.,-0.));
#1090 = PCURVE('',#187,#1091);
#1091 = DEFINITIONAL_REPRESENTATION('',(#1092),#1096);
#1092 = LINE('',#1093,#1094);
#1093 = CARTESIAN_POINT('',(22.2,7.));
#1094 = VECTOR('',#1095,1.);
#1095 = DIRECTION('',(0.,1.));
#1096 = ( GEOMETRIC_REPRESENTATION_CONTEXT(2) 
PARAMETRIC_REPRESENTATION_CONTEXT() REPRESENTATION_CONTEXT('2D SPACE',''
  ) );
#1097 = PCURVE('',#1098,#1103);
#1098 = CYLINDRICAL_SURFACE('',#1099,1.5);
#1099 = AXIS2_PLACEMENT_3D('',#1100,#1101,#1102);
#1100 = CARTESIAN_POINT('',(-64.,41.1,14.7));
#1101 = DIRECTION('',(1.,0.,-0.));
#1102 = DIRECTION('',(0.,1.,0.));
#1103 = DEFINITIONAL_REPRESENTATION('',(#1104),#1108);
#1104 = LINE('',#1105,#1106);
#1105 = CARTESIAN_POINT('',(0.,0.));
#1106 = VECTOR('',#1107,1.);
#1107 = DIRECTION('',(0.,1.));
#1108 = ( GEOMETRIC_REPRESENTATION_CONTEXT(2) 
PARAMETRIC_REPRESENTATION_CONTEXT() REPRESENTATION_CONTEXT('2D SPACE',''
  ) );
#1109 = ORIENTED_EDGE('',*,*,#1110,.F.);
#1110 = EDGE_CURVE('',#1111,#1083,#1113,.T.);
#1111 = VERTEX_POINT('',#1112);
#1112 = CARTESIAN_POINT('',(-62.5,42.6,12.7));
#1113 = SURFACE_CURVE('',#1114,(#1118,#1125),.PCURVE_S1.);
#1114 = LINE('',#1115,#1116);
#1115 = CARTESIAN_POINT('',(-62.5,42.6,11.2));
#1116 = VECTOR('',#1117,1.);
#1117 = DIRECTION('',(0.,0.,1.));
#1118 = PCURVE('',#187,#1119);
#1119 = DEFINITIONAL_REPRESENTATION('',(#1120),#1124);
#1120 = LINE('',#1121,#1122);
#1121 = CARTESIAN_POINT('',(18.7,8.5));
#1122 = VECTOR('',#1123,1.);
#1123 = DIRECTION('',(1.,0.));
#1124 = ( GEOMETRIC_REPRESENTATION_CONTEXT(2) 
PARAMETRIC_REPRESENTATION_CONTEXT() REPRESENTATION_CONTEXT('2D SPACE',''
  ) );
#1125 = PCURVE('',#1126,#1131);
#1126 = CYLINDRICAL_SURFACE('',#1127,1.5);
#1127 = AXIS2_PLACEMENT_3D('',#1128,#1129,#1130);
#1128 = CARTESIAN_POINT('',(-62.5,41.1,11.2));
#1129 = DIRECTION('',(0.,0.,1.));
#1130 = DIRECTION('',(-1.,-0.,0.));
#1131 = DEFINITIONAL_REPRESENTATION('',(#1132),#1136);
#1132 = LINE('',#1133,#1134);
#1133 = CARTESIAN_POINT('',(-1.570796326795,0.));
#1134 = VECTOR('',#1135,1.);
#1135 = DIRECTION('',(-0.,1.));
#1136 = ( GEOMETRIC_REPRESENTATION_CONTEXT(2) 
PARAMETRIC_REPRESENTATION_CONTEXT() REPRESENTATION_CONTEXT('2D SPACE',''
  ) );
#1137 = ORIENTED_EDGE('',*,*,#1138,.T.);
#1138 = EDGE_CURVE('',#1111,#831,#1139,.T.);
#1139 = SURFACE_CURVE('',#1140,(#1144,#1151),.PCURVE_S1.);
#1140 = LINE('',#1141,#1142);
#1141 = CARTESIAN_POINT('',(-64.,42.6,12.7));
#1142 = VECTOR('',#1143,1.);
#1143 = DIRECTION('',(1.,0.,-0.));
#1144 = PCURVE('',#187,#1145);
#1145 = DEFINITIONAL_REPRESENTATION('',(#1146),#1150);
#1146 = LINE('',#1147,#1148);
#1147 = CARTESIAN_POINT('',(20.2,7.));
#1148 = VECTOR('',#1149,1.);
#1149 = DIRECTION('',(0.,1.));
#1150 = ( GEOMETRIC_REPRESENTATION_CONTEXT(2) 
PARAMETRIC_REPRESENTATION_CONTEXT() REPRESENTATION_CONTEXT('2D SPACE',''
  ) );
#1151 = PCURVE('',#1152,#1157);
#1152 = CYLINDRICAL_SURFACE('',#1153,1.5);
#1153 = AXIS2_PLACEMENT_3D('',#1154,#1155,#1156);
#1154 = CARTESIAN_POINT('',(-64.,41.1,12.7));
#1155 = DIRECTION('',(1.,0.,-0.));
#1156 = DIRECTION('',(0.,1.,0.));
#1157 = DEFINITIONAL_REPRESENTATION('',(#1158),#1162);
#1158 = LINE('',#1159,#1160);
#1159 = CARTESIAN_POINT('',(-0.,0.));
#1160 = VECTOR('',#1161,1.);
#1161 = DIRECTION('',(-0.,1.));
#1162 = ( GEOMETRIC_REPRESENTATION_CONTEXT(2) 
PARAMETRIC_REPRESENTATION_CONTEXT() REPRESENTATION_CONTEXT('2D SPACE',''
  ) );
#1163 = FACE_BOUND('',#1164,.F.);
#1164 = EDGE_LOOP('',(#1165,#1195,#1223,#1251));
#1165 = ORIENTED_EDGE('',*,*,#1166,.F.);
#1166 = EDGE_CURVE('',#1167,#1169,#1171,.T.);
#1167 = VERTEX_POINT('',#1168);
#1168 = CARTESIAN_POINT('',(-65.5,42.6,31.9));
#1169 = VERTEX_POINT('',#1170);
#1170 = CARTESIAN_POINT('',(-65.5,42.6,32.9));
#1171 = SURFACE_CURVE('',#1172,(#1176,#1183),.PCURVE_S1.);
#1172 = LINE('',#1173,#1174);
#1173 = CARTESIAN_POINT('',(-65.5,42.6,30.4));
#1174 = VECTOR('',#1175,1.);
#1175 = DIRECTION('',(0.,0.,1.));
#1176 = PCURVE('',#187,#1177);
#1177 = DEFINITIONAL_REPRESENTATION('',(#1178),#1182);
#1178 = LINE('',#1179,#1180);
#1179 = CARTESIAN_POINT('',(37.9,5.5));
#1180 = VECTOR('',#1181,1.);
#1181 = DIRECTION('',(1.,0.));
#1182 = ( GEOMETRIC_REPRESENTATION_CONTEXT(2) 
PARAMETRIC_REPRESENTATION_CONTEXT() REPRESENTATION_CONTEXT('2D SPACE',''
  ) );
#1183 = PCURVE('',#1184,#1189);
#1184 = CYLINDRICAL_SURFACE('',#1185,1.5);
#1185 = AXIS2_PLACEMENT_3D('',#1186,#1187,#1188);
#1186 = CARTESIAN_POINT('',(-65.5,41.1,30.4));
#1187 = DIRECTION('',(0.,0.,1.));
#1188 = DIRECTION('',(-1.,-0.,0.));
#1189 = DEFINITIONAL_REPRESENTATION('',(#1190),#1194);
#1190 = LINE('',#1191,#1192);
#1191 = CARTESIAN_POINT('',(-1.570796326795,0.));
#1192 = VECTOR('',#1193,1.);
#1193 = DIRECTION('',(-0.,1.));
#1194 = ( GEOMETRIC_REPRESENTATION_CONTEXT(2) 
PARAMETRIC_REPRESENTATION_CONTEXT() REPRESENTATION_CONTEXT('2D SPACE',''
  ) );
#1195 = ORIENTED_EDGE('',*,*,#1196,.T.);
#1196 = EDGE_CURVE('',#1167,#1197,#1199,.T.);
#1197 = VERTEX_POINT('',#1198);
#1198 = CARTESIAN_POINT('',(33.5,42.6,31.9));
#1199 = SURFACE_CURVE('',#1200,(#1204,#1211),.PCURVE_S1.);
#1200 = LINE('',#1201,#1202);
#1201 = CARTESIAN_POINT('',(-67.,42.6,31.9));
#1202 = VECTOR('',#1203,1.);
#1203 = DIRECTION('',(1.,0.,-0.));
#1204 = PCURVE('',#187,#1205);
#1205 = DEFINITIONAL_REPRESENTATION('',(#1206),#1210);
#1206 = LINE('',#1207,#1208);
#1207 = CARTESIAN_POINT('',(39.4,4.));
#1208 = VECTOR('',#1209,1.);
#1209 = DIRECTION('',(0.,1.));
#1210 = ( GEOMETRIC_REPRESENTATION_CONTEXT(2) 
PARAMETRIC_REPRESENTATION_CONTEXT() REPRESENTATION_CONTEXT('2D SPACE',''
  ) );
#1211 = PCURVE('',#1212,#1217);
#1212 = CYLINDRICAL_SURFACE('',#1213,1.5);
#1213 = AXIS2_PLACEMENT_3D('',#1214,#1215,#1216);
#1214 = CARTESIAN_POINT('',(-67.,41.1,31.9));
#1215 = DIRECTION('',(1.,0.,-0.));
#1216 = DIRECTION('',(0.,1.,0.));
#1217 = DEFINITIONAL_REPRESENTATION('',(#1218),#1222);
#1218 = LINE('',#1219,#1220);
#1219 = CARTESIAN_POINT('',(-0.,0.));
#1220 = VECTOR('',#1221,1.);
#1221 = DIRECTION('',(-0.,1.));
#1222 = ( GEOMETRIC_REPRESENTATION_CONTEXT(2) 
PARAMETRIC_REPRESENTATION_CONTEXT() REPRESENTATION_CONTEXT('2D SPACE',''
  ) );
#1223 = ORIENTED_EDGE('',*,*,#1224,.T.);
#1224 = EDGE_CURVE('',#1197,#1225,#1227,.T.);
#1225 = VERTEX_POINT('',#1226);
#1226 = CARTESIAN_POINT('',(33.5,42.6,32.9));
#1227 = SURFACE_CURVE('',#1228,(#1232,#1239),.PCURVE_S1.);
#1228 = LINE('',#1229,#1230);
#1229 = CARTESIAN_POINT('',(33.5,42.6,30.4));
#1230 = VECTOR('',#1231,1.);
#1231 = DIRECTION('',(0.,0.,1.));
#1232 = PCURVE('',#187,#1233);
#1233 = DEFINITIONAL_REPRESENTATION('',(#1234),#1238);
#1234 = LINE('',#1235,#1236);
#1235 = CARTESIAN_POINT('',(37.9,104.5));
#1236 = VECTOR('',#1237,1.);
#1237 = DIRECTION('',(1.,0.));
#1238 = ( GEOMETRIC_REPRESENTATION_CONTEXT(2) 
PARAMETRIC_REPRESENTATION_CONTEXT() REPRESENTATION_CONTEXT('2D SPACE',''
  ) );
#1239 = PCURVE('',#1240,#1245);
#1240 = CYLINDRICAL_SURFACE('',#1241,1.5);
#1241 = AXIS2_PLACEMENT_3D('',#1242,#1243,#1244);
#1242 = CARTESIAN_POINT('',(33.5,41.1,30.4));
#1243 = DIRECTION('',(0.,0.,1.));
#1244 = DIRECTION('',(1.,0.,-0.));
#1245 = DEFINITIONAL_REPRESENTATION('',(#1246),#1250);
#1246 = LINE('',#1247,#1248);
#1247 = CARTESIAN_POINT('',(1.570796326795,0.));
#1248 = VECTOR('',#1249,1.);
#1249 = DIRECTION('',(0.,1.));
#1250 = ( GEOMETRIC_REPRESENTATION_CONTEXT(2) 
PARAMETRIC_REPRESENTATION_CONTEXT() REPRESENTATION_CONTEXT('2D SPACE',''
  ) );
#1251 = ORIENTED_EDGE('',*,*,#1252,.F.);
#1252 = EDGE_CURVE('',#1169,#1225,#1253,.T.);
#1253 = SURFACE_CURVE('',#1254,(#1258,#1265),.PCURVE_S1.);
#1254 = LINE('',#1255,#1256);
#1255 = CARTESIAN_POINT('',(-67.,42.6,32.9));
#1256 = VECTOR('',#1257,1.);
#1257 = DIRECTION('',(1.,0.,-0.));
#1258 = PCURVE('',#187,#1259);
#1259 = DEFINITIONAL_REPRESENTATION('',(#1260),#1264);
#1260 = LINE('',#1261,#1262);
#1261 = CARTESIAN_POINT('',(40.4,4.));
#1262 = VECTOR('',#1263,1.);
#1263 = DIRECTION('',(0.,1.));
#1264 = ( GEOMETRIC_REPRESENTATION_CONTEXT(2) 
PARAMETRIC_REPRESENTATION_CONTEXT() REPRESENTATION_CONTEXT('2D SPACE',''
  ) );
#1265 = PCURVE('',#1266,#1271);
#1266 = CYLINDRICAL_SURFACE('',#1267,1.5);
#1267 = AXIS2_PLACEMENT_3D('',#1268,#1269,#1270);
#1268 = CARTESIAN_POINT('',(-67.,41.1,32.9));
#1269 = DIRECTION('',(1.,0.,-0.));
#1270 = DIRECTION('',(0.,1.,0.));
#1271 = DEFINITIONAL_REPRESENTATION('',(#1272),#1276);
#1272 = LINE('',#1273,#1274);
#1273 = CARTESIAN_POINT('',(0.,0.));
#1274 = VECTOR('',#1275,1.);
#1275 = DIRECTION('',(0.,1.));
#1276 = ( GEOMETRIC_REPRESENTATION_CONTEXT(2) 
PARAMETRIC_REPRESENTATION_CONTEXT() REPRESENTATION_CONTEXT('2D SPACE',''
  ) );
#1277 = FACE_BOUND('',#1278,.F.);
#1278 = EDGE_LOOP('',(#1279,#1309,#1337,#1365));
#1279 = ORIENTED_EDGE('',*,*,#1280,.F.);
#1280 = EDGE_CURVE('',#1281,#1283,#1285,.T.);
#1281 = VERTEX_POINT('',#1282);
#1282 = CARTESIAN_POINT('',(34.5,42.6,-2.));
#1283 = VERTEX_POINT('',#1284);
#1284 = CARTESIAN_POINT('',(34.5,42.6,29.4));
#1285 = SURFACE_CURVE('',#1286,(#1290,#1297),.PCURVE_S1.);
#1286 = LINE('',#1287,#1288);
#1287 = CARTESIAN_POINT('',(34.5,42.6,-3.5));
#1288 = VECTOR('',#1289,1.);
#1289 = DIRECTION('',(0.,0.,1.));
#1290 = PCURVE('',#187,#1291);
#1291 = DEFINITIONAL_REPRESENTATION('',(#1292),#1296);
#1292 = LINE('',#1293,#1294);
#1293 = CARTESIAN_POINT('',(4.,105.5));
#1294 = VECTOR('',#1295,1.);
#1295 = DIRECTION('',(1.,0.));
#1296 = ( GEOMETRIC_REPRESENTATION_CONTEXT(2) 
PARAMETRIC_REPRESENTATION_CONTEXT() REPRESENTATION_CONTEXT('2D SPACE',''
  ) );
#1297 = PCURVE('',#1298,#1303);
#1298 = CYLINDRICAL_SURFACE('',#1299,1.5);
#1299 = AXIS2_PLACEMENT_3D('',#1300,#1301,#1302);
#1300 = CARTESIAN_POINT('',(34.5,41.1,-3.5));
#1301 = DIRECTION('',(0.,0.,1.));
#1302 = DIRECTION('',(-1.,-0.,0.));
#1303 = DEFINITIONAL_REPRESENTATION('',(#1304),#1308);
#1304 = LINE('',#1305,#1306);
#1305 = CARTESIAN_POINT('',(-1.570796326795,0.));
#1306 = VECTOR('',#1307,1.);
#1307 = DIRECTION('',(-0.,1.));
#1308 = ( GEOMETRIC_REPRESENTATION_CONTEXT(2) 
PARAMETRIC_REPRESENTATION_CONTEXT() REPRESENTATION_CONTEXT('2D SPACE',''
  ) );
#1309 = ORIENTED_EDGE('',*,*,#1310,.T.);
#1310 = EDGE_CURVE('',#1281,#1311,#1313,.T.);
#1311 = VERTEX_POINT('',#1312);
#1312 = CARTESIAN_POINT('',(35.5,42.6,-2.));
#1313 = SURFACE_CURVE('',#1314,(#1318,#1325),.PCURVE_S1.);
#1314 = LINE('',#1315,#1316);
#1315 = CARTESIAN_POINT('',(33.,42.6,-2.));
#1316 = VECTOR('',#1317,1.);
#1317 = DIRECTION('',(1.,0.,-0.));
#1318 = PCURVE('',#187,#1319);
#1319 = DEFINITIONAL_REPRESENTATION('',(#1320),#1324);
#1320 = LINE('',#1321,#1322);
#1321 = CARTESIAN_POINT('',(5.5,104.));
#1322 = VECTOR('',#1323,1.);
#1323 = DIRECTION('',(0.,1.));
#1324 = ( GEOMETRIC_REPRESENTATION_CONTEXT(2) 
PARAMETRIC_REPRESENTATION_CONTEXT() REPRESENTATION_CONTEXT('2D SPACE',''
  ) );
#1325 = PCURVE('',#1326,#1331);
#1326 = CYLINDRICAL_SURFACE('',#1327,1.5);
#1327 = AXIS2_PLACEMENT_3D('',#1328,#1329,#1330);
#1328 = CARTESIAN_POINT('',(33.,41.1,-2.));
#1329 = DIRECTION('',(1.,0.,-0.));
#1330 = DIRECTION('',(0.,1.,0.));
#1331 = DEFINITIONAL_REPRESENTATION('',(#1332),#1336);
#1332 = LINE('',#1333,#1334);
#1333 = CARTESIAN_POINT('',(-0.,0.));
#1334 = VECTOR('',#1335,1.);
#1335 = DIRECTION('',(-0.,1.));
#1336 = ( GEOMETRIC_REPRESENTATION_CONTEXT(2) 
PARAMETRIC_REPRESENTATION_CONTEXT() REPRESENTATION_CONTEXT('2D SPACE',''
  ) );
#1337 = ORIENTED_EDGE('',*,*,#1338,.T.);
#1338 = EDGE_CURVE('',#1311,#1339,#1341,.T.);
#1339 = VERTEX_POINT('',#1340);
#1340 = CARTESIAN_POINT('',(35.5,42.6,29.4));
#1341 = SURFACE_CURVE('',#1342,(#1346,#1353),.PCURVE_S1.);
#1342 = LINE('',#1343,#1344);
#1343 = CARTESIAN_POINT('',(35.5,42.6,-3.5));
#1344 = VECTOR('',#1345,1.);
#1345 = DIRECTION('',(0.,0.,1.));
#1346 = PCURVE('',#187,#1347);
#1347 = DEFINITIONAL_REPRESENTATION('',(#1348),#1352);
#1348 = LINE('',#1349,#1350);
#1349 = CARTESIAN_POINT('',(4.,106.5));
#1350 = VECTOR('',#1351,1.);
#1351 = DIRECTION('',(1.,0.));
#1352 = ( GEOMETRIC_REPRESENTATION_CONTEXT(2) 
PARAMETRIC_REPRESENTATION_CONTEXT() REPRESENTATION_CONTEXT('2D SPACE',''
  ) );
#1353 = PCURVE('',#1354,#1359);
#1354 = CYLINDRICAL_SURFACE('',#1355,1.5);
#1355 = AXIS2_PLACEMENT_3D('',#1356,#1357,#1358);
#1356 = CARTESIAN_POINT('',(35.5,41.1,-3.5));
#1357 = DIRECTION('',(0.,0.,1.));
#1358 = DIRECTION('',(1.,0.,-0.));
#1359 = DEFINITIONAL_REPRESENTATION('',(#1360),#1364);
#1360 = LINE('',#1361,#1362);
#1361 = CARTESIAN_POINT('',(1.570796326795,0.));
#1362 = VECTOR('',#1363,1.);
#1363 = DIRECTION('',(0.,1.));
#1364 = ( GEOMETRIC_REPRESENTATION_CONTEXT(2) 
PARAMETRIC_REPRESENTATION_CONTEXT() REPRESENTATION_CONTEXT('2D SPACE',''
  ) );
#1365 = ORIENTED_EDGE('',*,*,#1366,.F.);
#1366 = EDGE_CURVE('',#1283,#1339,#1367,.T.);
#1367 = SURFACE_CURVE('',#1368,(#1372,#1379),.PCURVE_S1.);
#1368 = LINE('',#1369,#1370);
#1369 = CARTESIAN_POINT('',(33.,42.6,29.4));
#1370 = VECTOR('',#1371,1.);
#1371 = DIRECTION('',(1.,0.,-0.));
#1372 = PCURVE('',#187,#1373);
#1373 = DEFINITIONAL_REPRESENTATION('',(#1374),#1378);
#1374 = LINE('',#1375,#1376);
#1375 = CARTESIAN_POINT('',(36.9,104.));
#1376 = VECTOR('',#1377,1.);
#1377 = DIRECTION('',(0.,1.));
#1378 = ( GEOMETRIC_REPRESENTATION_CONTEXT(2) 
PARAMETRIC_REPRESENTATION_CONTEXT() REPRESENTATION_CONTEXT('2D SPACE',''
  ) );
#1379 = PCURVE('',#1380,#1385);
#1380 = CYLINDRICAL_SURFACE('',#1381,1.5);
#1381 = AXIS2_PLACEMENT_3D('',#1382,#1383,#1384);
#1382 = CARTESIAN_POINT('',(33.,41.1,29.4));
#1383 = DIRECTION('',(1.,0.,-0.));
#1384 = DIRECTION('',(0.,1.,0.));
#1385 = DEFINITIONAL_REPRESENTATION('',(#1386),#1390);
#1386 = LINE('',#1387,#1388);
#1387 = CARTESIAN_POINT('',(0.,0.));
#1388 = VECTOR('',#1389,1.);
#1389 = DIRECTION('',(0.,1.));
#1390 = ( GEOMETRIC_REPRESENTATION_CONTEXT(2) 
PARAMETRIC_REPRESENTATION_CONTEXT() REPRESENTATION_CONTEXT('2D SPACE',''
  ) );
#1391 = ADVANCED_FACE('',(#1392),#267,.F.);
#1392 = FACE_BOUND('',#1393,.F.);
#1393 = EDGE_LOOP('',(#1394,#1395,#1418,#1446));
#1394 = ORIENTED_EDGE('',*,*,#251,.F.);
#1395 = ORIENTED_EDGE('',*,*,#1396,.T.);
#1396 = EDGE_CURVE('',#230,#1397,#1399,.T.);
#1397 = VERTEX_POINT('',#1398);
#1398 = CARTESIAN_POINT('',(38.2,43.4,-7.5));
#1399 = SURFACE_CURVE('',#1400,(#1404,#1411),.PCURVE_S1.);
#1400 = LINE('',#1401,#1402);
#1401 = CARTESIAN_POINT('',(-71.,43.4,-7.5));
#1402 = VECTOR('',#1403,1.);
#1403 = DIRECTION('',(1.,0.,-0.));
#1404 = PCURVE('',#267,#1405);
#1405 = DEFINITIONAL_REPRESENTATION('',(#1406),#1410);
#1406 = LINE('',#1407,#1408);
#1407 = CARTESIAN_POINT('',(0.,0.8));
#1408 = VECTOR('',#1409,1.);
#1409 = DIRECTION('',(1.,0.));
#1410 = ( GEOMETRIC_REPRESENTATION_CONTEXT(2) 
PARAMETRIC_REPRESENTATION_CONTEXT() REPRESENTATION_CONTEXT('2D SPACE',''
  ) );
#1411 = PCURVE('',#480,#1412);
#1412 = DEFINITIONAL_REPRESENTATION('',(#1413),#1417);
#1413 = LINE('',#1414,#1415);
#1414 = CARTESIAN_POINT('',(1.570796326795,0.));
#1415 = VECTOR('',#1416,1.);
#1416 = DIRECTION('',(0.,1.));
#1417 = ( GEOMETRIC_REPRESENTATION_CONTEXT(2) 
PARAMETRIC_REPRESENTATION_CONTEXT() REPRESENTATION_CONTEXT('2D SPACE',''
  ) );
#1418 = ORIENTED_EDGE('',*,*,#1419,.T.);
#1419 = EDGE_CURVE('',#1397,#1420,#1422,.T.);
#1420 = VERTEX_POINT('',#1421);
#1421 = CARTESIAN_POINT('',(38.2,43.8,-7.5));
#1422 = SURFACE_CURVE('',#1423,(#1427,#1434),.PCURVE_S1.);
#1423 = LINE('',#1424,#1425);
#1424 = CARTESIAN_POINT('',(38.2,42.6,-7.5));
#1425 = VECTOR('',#1426,1.);
#1426 = DIRECTION('',(-0.,1.,0.));
#1427 = PCURVE('',#267,#1428);
#1428 = DEFINITIONAL_REPRESENTATION('',(#1429),#1433);
#1429 = LINE('',#1430,#1431);
#1430 = CARTESIAN_POINT('',(109.2,0.));
#1431 = VECTOR('',#1432,1.);
#1432 = DIRECTION('',(0.,1.));
#1433 = ( GEOMETRIC_REPRESENTATION_CONTEXT(2) 
PARAMETRIC_REPRESENTATION_CONTEXT() REPRESENTATION_CONTEXT('2D SPACE',''
  ) );
#1434 = PCURVE('',#1435,#1440);
#1435 = CYLINDRICAL_SURFACE('',#1436,0.8);
#1436 = AXIS2_PLACEMENT_3D('',#1437,#1438,#1439);
#1437 = CARTESIAN_POINT('',(38.2,42.6,-6.7));
#1438 = DIRECTION('',(-0.,1.,0.));
#1439 = DIRECTION('',(1.,0.,-0.));
#1440 = DEFINITIONAL_REPRESENTATION('',(#1441),#1445);
#1441 = LINE('',#1442,#1443);
#1442 = CARTESIAN_POINT('',(1.570796326795,0.));
#1443 = VECTOR('',#1444,1.);
#1444 = DIRECTION('',(0.,1.));
#1445 = ( GEOMETRIC_REPRESENTATION_CONTEXT(2) 
PARAMETRIC_REPRESENTATION_CONTEXT() REPRESENTATION_CONTEXT('2D SPACE',''
  ) );
#1446 = ORIENTED_EDGE('',*,*,#1447,.F.);
#1447 = EDGE_CURVE('',#252,#1420,#1448,.T.);
#1448 = SURFACE_CURVE('',#1449,(#1453,#1460),.PCURVE_S1.);
#1449 = LINE('',#1450,#1451);
#1450 = CARTESIAN_POINT('',(-71.,43.8,-7.5));
#1451 = VECTOR('',#1452,1.);
#1452 = DIRECTION('',(1.,0.,-0.));
#1453 = PCURVE('',#267,#1454);
#1454 = DEFINITIONAL_REPRESENTATION('',(#1455),#1459);
#1455 = LINE('',#1456,#1457);
#1456 = CARTESIAN_POINT('',(0.,1.2));
#1457 = VECTOR('',#1458,1.);
#1458 = DIRECTION('',(1.,0.));
#1459 = ( GEOMETRIC_REPRESENTATION_CONTEXT(2) 
PARAMETRIC_REPRESENTATION_CONTEXT() REPRESENTATION_CONTEXT('2D SPACE',''
  ) );
#1460 = PCURVE('',#1461,#1466);
#1461 = CYLINDRICAL_SURFACE('',#1462,0.8);
#1462 = AXIS2_PLACEMENT_3D('',#1463,#1464,#1465);
#1463 = CARTESIAN_POINT('',(-71.,43.8,-6.7));
#1464 = DIRECTION('',(1.,0.,-0.));
#1465 = DIRECTION('',(0.,1.,0.));
#1466 = DEFINITIONAL_REPRESENTATION('',(#1467),#1471);
#1467 = LINE('',#1468,#1469);
#1468 = CARTESIAN_POINT('',(-1.570796326795,0.));
#1469 = VECTOR('',#1470,1.);
#1470 = DIRECTION('',(-0.,1.));
#1471 = ( GEOMETRIC_REPRESENTATION_CONTEXT(2) 
PARAMETRIC_REPRESENTATION_CONTEXT() REPRESENTATION_CONTEXT('2D SPACE',''
  ) );
#1472 = ADVANCED_FACE('',(#1473),#293,.T.);
#1473 = FACE_BOUND('',#1474,.F.);
#1474 = EDGE_LOOP('',(#1475,#1476,#1496));
#1475 = ORIENTED_EDGE('',*,*,#279,.F.);
#1476 = ORIENTED_EDGE('',*,*,#1477,.T.);
#1477 = EDGE_CURVE('',#252,#391,#1478,.T.);
#1478 = SURFACE_CURVE('',#1479,(#1484,#1490),.PCURVE_S1.);
#1479 = CIRCLE('',#1480,0.8);
#1480 = AXIS2_PLACEMENT_3D('',#1481,#1482,#1483);
#1481 = CARTESIAN_POINT('',(-70.2,43.8,-6.7));
#1482 = DIRECTION('',(1.,-2.203438688952E-17,0.));
#1483 = DIRECTION('',(2.203438688952E-17,1.,0.));
#1484 = PCURVE('',#293,#1485);
#1485 = DEFINITIONAL_REPRESENTATION('',(#1486),#1489);
#1486 = B_SPLINE_CURVE_WITH_KNOTS('',1,(#1487,#1488),.UNSPECIFIED.,.F.,
  .F.,(2,2),(4.712388980385,6.28318530718),.PIECEWISE_BEZIER_KNOTS.);
#1487 = CARTESIAN_POINT('',(-1.570796326795,-1.570796326795));
#1488 = CARTESIAN_POINT('',(-1.570796326795,0.));
#1489 = ( GEOMETRIC_REPRESENTATION_CONTEXT(2) 
PARAMETRIC_REPRESENTATION_CONTEXT() REPRESENTATION_CONTEXT('2D SPACE',''
  ) );
#1490 = PCURVE('',#1461,#1491);
#1491 = DEFINITIONAL_REPRESENTATION('',(#1492),#1495);
#1492 = B_SPLINE_CURVE_WITH_KNOTS('',1,(#1493,#1494),.UNSPECIFIED.,.F.,
  .F.,(2,2),(4.712388980385,6.28318530718),.PIECEWISE_BEZIER_KNOTS.);
#1493 = CARTESIAN_POINT('',(-1.570796326795,0.8));
#1494 = CARTESIAN_POINT('',(0.,0.8));
#1495 = ( GEOMETRIC_REPRESENTATION_CONTEXT(2) 
PARAMETRIC_REPRESENTATION_CONTEXT() REPRESENTATION_CONTEXT('2D SPACE',''
  ) );
#1496 = ORIENTED_EDGE('',*,*,#390,.F.);
#1497 = ADVANCED_FACE('',(#1498),#346,.T.);
#1498 = FACE_BOUND('',#1499,.T.);
#1499 = EDGE_LOOP('',(#1500,#1501,#1524,#1552));
#1500 = ORIENTED_EDGE('',*,*,#330,.F.);
#1501 = ORIENTED_EDGE('',*,*,#1502,.T.);
#1502 = EDGE_CURVE('',#309,#1503,#1505,.T.);
#1503 = VERTEX_POINT('',#1504);
#1504 = CARTESIAN_POINT('',(38.2,43.4,34.9));
#1505 = SURFACE_CURVE('',#1506,(#1510,#1517),.PCURVE_S1.);
#1506 = LINE('',#1507,#1508);
#1507 = CARTESIAN_POINT('',(-71.,43.4,34.9));
#1508 = VECTOR('',#1509,1.);
#1509 = DIRECTION('',(1.,0.,-0.));
#1510 = PCURVE('',#346,#1511);
#1511 = DEFINITIONAL_REPRESENTATION('',(#1512),#1516);
#1512 = LINE('',#1513,#1514);
#1513 = CARTESIAN_POINT('',(0.,0.8));
#1514 = VECTOR('',#1515,1.);
#1515 = DIRECTION('',(1.,0.));
#1516 = ( GEOMETRIC_REPRESENTATION_CONTEXT(2) 
PARAMETRIC_REPRESENTATION_CONTEXT() REPRESENTATION_CONTEXT('2D SPACE',''
  ) );
#1517 = PCURVE('',#510,#1518);
#1518 = DEFINITIONAL_REPRESENTATION('',(#1519),#1523);
#1519 = LINE('',#1520,#1521);
#1520 = CARTESIAN_POINT('',(-1.570796326795,0.));
#1521 = VECTOR('',#1522,1.);
#1522 = DIRECTION('',(-0.,1.));
#1523 = ( GEOMETRIC_REPRESENTATION_CONTEXT(2) 
PARAMETRIC_REPRESENTATION_CONTEXT() REPRESENTATION_CONTEXT('2D SPACE',''
  ) );
#1524 = ORIENTED_EDGE('',*,*,#1525,.T.);
#1525 = EDGE_CURVE('',#1503,#1526,#1528,.T.);
#1526 = VERTEX_POINT('',#1527);
#1527 = CARTESIAN_POINT('',(38.2,43.8,34.9));
#1528 = SURFACE_CURVE('',#1529,(#1533,#1540),.PCURVE_S1.);
#1529 = LINE('',#1530,#1531);
#1530 = CARTESIAN_POINT('',(38.2,42.6,34.9));
#1531 = VECTOR('',#1532,1.);
#1532 = DIRECTION('',(-0.,1.,0.));
#1533 = PCURVE('',#346,#1534);
#1534 = DEFINITIONAL_REPRESENTATION('',(#1535),#1539);
#1535 = LINE('',#1536,#1537);
#1536 = CARTESIAN_POINT('',(109.2,0.));
#1537 = VECTOR('',#1538,1.);
#1538 = DIRECTION('',(0.,1.));
#1539 = ( GEOMETRIC_REPRESENTATION_CONTEXT(2) 
PARAMETRIC_REPRESENTATION_CONTEXT() REPRESENTATION_CONTEXT('2D SPACE',''
  ) );
#1540 = PCURVE('',#1541,#1546);
#1541 = CYLINDRICAL_SURFACE('',#1542,0.8);
#1542 = AXIS2_PLACEMENT_3D('',#1543,#1544,#1545);
#1543 = CARTESIAN_POINT('',(38.2,42.6,34.1));
#1544 = DIRECTION('',(-0.,1.,0.));
#1545 = DIRECTION('',(1.,0.,-0.));
#1546 = DEFINITIONAL_REPRESENTATION('',(#1547),#1551);
#1547 = LINE('',#1548,#1549);
#1548 = CARTESIAN_POINT('',(-1.570796326795,0.));
#1549 = VECTOR('',#1550,1.);
#1550 = DIRECTION('',(-0.,1.));
#1551 = ( GEOMETRIC_REPRESENTATION_CONTEXT(2) 
PARAMETRIC_REPRESENTATION_CONTEXT() REPRESENTATION_CONTEXT('2D SPACE',''
  ) );
#1552 = ORIENTED_EDGE('',*,*,#1553,.F.);
#1553 = EDGE_CURVE('',#331,#1526,#1554,.T.);
#1554 = SURFACE_CURVE('',#1555,(#1559,#1566),.PCURVE_S1.);
#1555 = LINE('',#1556,#1557);
#1556 = CARTESIAN_POINT('',(-71.,43.8,34.9));
#1557 = VECTOR('',#1558,1.);
#1558 = DIRECTION('',(1.,0.,-0.));
#1559 = PCURVE('',#346,#1560);
#1560 = DEFINITIONAL_REPRESENTATION('',(#1561),#1565);
#1561 = LINE('',#1562,#1563);
#1562 = CARTESIAN_POINT('',(0.,1.2));
#1563 = VECTOR('',#1564,1.);
#1564 = DIRECTION('',(1.,0.));
#1565 = ( GEOMETRIC_REPRESENTATION_CONTEXT(2) 
PARAMETRIC_REPRESENTATION_CONTEXT() REPRESENTATION_CONTEXT('2D SPACE',''
  ) );
#1566 = PCURVE('',#1567,#1572);
#1567 = CYLINDRICAL_SURFACE('',#1568,0.8);
#1568 = AXIS2_PLACEMENT_3D('',#1569,#1570,#1571);
#1569 = CARTESIAN_POINT('',(-71.,43.8,34.1));
#1570 = DIRECTION('',(1.,0.,-0.));
#1571 = DIRECTION('',(0.,1.,0.));
#1572 = DEFINITIONAL_REPRESENTATION('',(#1573),#1577);
#1573 = LINE('',#1574,#1575);
#1574 = CARTESIAN_POINT('',(1.570796326795,0.));
#1575 = VECTOR('',#1576,1.);
#1576 = DIRECTION('',(0.,1.));
#1577 = ( GEOMETRIC_REPRESENTATION_CONTEXT(2) 
PARAMETRIC_REPRESENTATION_CONTEXT() REPRESENTATION_CONTEXT('2D SPACE',''
  ) );
#1578 = ADVANCED_FACE('',(#1579),#373,.T.);
#1579 = FACE_BOUND('',#1580,.F.);
#1580 = EDGE_LOOP('',(#1581,#1582,#1602));
#1581 = ORIENTED_EDGE('',*,*,#442,.F.);
#1582 = ORIENTED_EDGE('',*,*,#1583,.T.);
#1583 = EDGE_CURVE('',#415,#331,#1584,.T.);
#1584 = SURFACE_CURVE('',#1585,(#1590,#1596),.PCURVE_S1.);
#1585 = CIRCLE('',#1586,0.8);
#1586 = AXIS2_PLACEMENT_3D('',#1587,#1588,#1589);
#1587 = CARTESIAN_POINT('',(-70.2,43.8,34.1));
#1588 = DIRECTION('',(1.,0.,6.123233995735E-17));
#1589 = DIRECTION('',(-6.123233995735E-17,-0.,1.));
#1590 = PCURVE('',#373,#1591);
#1591 = DEFINITIONAL_REPRESENTATION('',(#1592),#1595);
#1592 = B_SPLINE_CURVE_WITH_KNOTS('',1,(#1593,#1594),.UNSPECIFIED.,.F.,
  .F.,(2,2),(4.712388980385,6.28318530718),.PIECEWISE_BEZIER_KNOTS.);
#1593 = CARTESIAN_POINT('',(-1.570796326795,-1.570796326795));
#1594 = CARTESIAN_POINT('',(-1.570796326795,0.));
#1595 = ( GEOMETRIC_REPRESENTATION_CONTEXT(2) 
PARAMETRIC_REPRESENTATION_CONTEXT() REPRESENTATION_CONTEXT('2D SPACE',''
  ) );
#1596 = PCURVE('',#1567,#1597);
#1597 = DEFINITIONAL_REPRESENTATION('',(#1598),#1601);
#1598 = B_SPLINE_CURVE_WITH_KNOTS('',1,(#1599,#1600),.UNSPECIFIED.,.F.,
  .F.,(2,2),(4.712388980385,6.28318530718),.PIECEWISE_BEZIER_KNOTS.);
#1599 = CARTESIAN_POINT('',(0.,0.8));
#1600 = CARTESIAN_POINT('',(1.570796326795,0.8));
#1601 = ( GEOMETRIC_REPRESENTATION_CONTEXT(2) 
PARAMETRIC_REPRESENTATION_CONTEXT() REPRESENTATION_CONTEXT('2D SPACE',''
  ) );
#1602 = ORIENTED_EDGE('',*,*,#358,.F.);
#1603 = ADVANCED_FACE('',(#1604),#430,.T.);
#1604 = FACE_BOUND('',#1605,.T.);
#1605 = EDGE_LOOP('',(#1606,#1607,#1630,#1658));
#1606 = ORIENTED_EDGE('',*,*,#414,.T.);
#1607 = ORIENTED_EDGE('',*,*,#1608,.T.);
#1608 = EDGE_CURVE('',#415,#1609,#1611,.T.);
#1609 = VERTEX_POINT('',#1610);
#1610 = CARTESIAN_POINT('',(38.2,44.6,34.1));
#1611 = SURFACE_CURVE('',#1612,(#1616,#1623),.PCURVE_S1.);
#1612 = LINE('',#1613,#1614);
#1613 = CARTESIAN_POINT('',(-71.,44.6,34.1));
#1614 = VECTOR('',#1615,1.);
#1615 = DIRECTION('',(1.,0.,-0.));
#1616 = PCURVE('',#430,#1617);
#1617 = DEFINITIONAL_REPRESENTATION('',(#1618),#1622);
#1618 = LINE('',#1619,#1620);
#1619 = CARTESIAN_POINT('',(41.6,0.));
#1620 = VECTOR('',#1621,1.);
#1621 = DIRECTION('',(0.,1.));
#1622 = ( GEOMETRIC_REPRESENTATION_CONTEXT(2) 
PARAMETRIC_REPRESENTATION_CONTEXT() REPRESENTATION_CONTEXT('2D SPACE',''
  ) );
#1623 = PCURVE('',#1567,#1624);
#1624 = DEFINITIONAL_REPRESENTATION('',(#1625),#1629);
#1625 = LINE('',#1626,#1627);
#1626 = CARTESIAN_POINT('',(0.,0.));
#1627 = VECTOR('',#1628,1.);
#1628 = DIRECTION('',(0.,1.));
#1629 = ( GEOMETRIC_REPRESENTATION_CONTEXT(2) 
PARAMETRIC_REPRESENTATION_CONTEXT() REPRESENTATION_CONTEXT('2D SPACE',''
  ) );
#1630 = ORIENTED_EDGE('',*,*,#1631,.F.);
#1631 = EDGE_CURVE('',#1632,#1609,#1634,.T.);
#1632 = VERTEX_POINT('',#1633);
#1633 = CARTESIAN_POINT('',(38.2,44.6,-6.7));
#1634 = SURFACE_CURVE('',#1635,(#1639,#1646),.PCURVE_S1.);
#1635 = LINE('',#1636,#1637);
#1636 = CARTESIAN_POINT('',(38.2,44.6,-7.5));
#1637 = VECTOR('',#1638,1.);
#1638 = DIRECTION('',(0.,0.,1.));
#1639 = PCURVE('',#430,#1640);
#1640 = DEFINITIONAL_REPRESENTATION('',(#1641),#1645);
#1641 = LINE('',#1642,#1643);
#1642 = CARTESIAN_POINT('',(0.,109.2));
#1643 = VECTOR('',#1644,1.);
#1644 = DIRECTION('',(1.,0.));
#1645 = ( GEOMETRIC_REPRESENTATION_CONTEXT(2) 
PARAMETRIC_REPRESENTATION_CONTEXT() REPRESENTATION_CONTEXT('2D SPACE',''
  ) );
#1646 = PCURVE('',#1647,#1652);
#1647 = CYLINDRICAL_SURFACE('',#1648,0.8);
#1648 = AXIS2_PLACEMENT_3D('',#1649,#1650,#1651);
#1649 = CARTESIAN_POINT('',(38.2,43.8,-7.5));
#1650 = DIRECTION('',(0.,0.,1.));
#1651 = DIRECTION('',(1.,0.,-0.));
#1652 = DEFINITIONAL_REPRESENTATION('',(#1653),#1657);
#1653 = LINE('',#1654,#1655);
#1654 = CARTESIAN_POINT('',(1.570796326795,0.));
#1655 = VECTOR('',#1656,1.);
#1656 = DIRECTION('',(0.,1.));
#1657 = ( GEOMETRIC_REPRESENTATION_CONTEXT(2) 
PARAMETRIC_REPRESENTATION_CONTEXT() REPRESENTATION_CONTEXT('2D SPACE',''
  ) );
#1658 = ORIENTED_EDGE('',*,*,#1659,.F.);
#1659 = EDGE_CURVE('',#391,#1632,#1660,.T.);
#1660 = SURFACE_CURVE('',#1661,(#1665,#1672),.PCURVE_S1.);
#1661 = LINE('',#1662,#1663);
#1662 = CARTESIAN_POINT('',(-71.,44.6,-6.7));
#1663 = VECTOR('',#1664,1.);
#1664 = DIRECTION('',(1.,0.,-0.));
#1665 = PCURVE('',#430,#1666);
#1666 = DEFINITIONAL_REPRESENTATION('',(#1667),#1671);
#1667 = LINE('',#1668,#1669);
#1668 = CARTESIAN_POINT('',(0.8,0.));
#1669 = VECTOR('',#1670,1.);
#1670 = DIRECTION('',(0.,1.));
#1671 = ( GEOMETRIC_REPRESENTATION_CONTEXT(2) 
PARAMETRIC_REPRESENTATION_CONTEXT() REPRESENTATION_CONTEXT('2D SPACE',''
  ) );
#1672 = PCURVE('',#1461,#1673);
#1673 = DEFINITIONAL_REPRESENTATION('',(#1674),#1678);
#1674 = LINE('',#1675,#1676);
#1675 = CARTESIAN_POINT('',(-0.,0.));
#1676 = VECTOR('',#1677,1.);
#1677 = DIRECTION('',(-0.,1.));
#1678 = ( GEOMETRIC_REPRESENTATION_CONTEXT(2) 
PARAMETRIC_REPRESENTATION_CONTEXT() REPRESENTATION_CONTEXT('2D SPACE',''
  ) );
#1679 = ADVANCED_FACE('',(#1680),#480,.T.);
#1680 = FACE_BOUND('',#1681,.T.);
#1681 = EDGE_LOOP('',(#1682,#1683,#1684,#1709));
#1682 = ORIENTED_EDGE('',*,*,#466,.F.);
#1683 = ORIENTED_EDGE('',*,*,#1396,.T.);
#1684 = ORIENTED_EDGE('',*,*,#1685,.T.);
#1685 = EDGE_CURVE('',#1397,#550,#1686,.T.);
#1686 = SURFACE_CURVE('',#1687,(#1692,#1698),.PCURVE_S1.);
#1687 = CIRCLE('',#1688,0.8);
#1688 = AXIS2_PLACEMENT_3D('',#1689,#1690,#1691);
#1689 = CARTESIAN_POINT('',(38.2,43.4,-6.7));
#1690 = DIRECTION('',(-1.,-6.123233995737E-17,0.));
#1691 = DIRECTION('',(6.123233995737E-17,-1.,-0.));
#1692 = PCURVE('',#480,#1693);
#1693 = DEFINITIONAL_REPRESENTATION('',(#1694),#1697);
#1694 = B_SPLINE_CURVE_WITH_KNOTS('',1,(#1695,#1696),.UNSPECIFIED.,.F.,
  .F.,(2,2),(4.712388980385,6.28318530718),.PIECEWISE_BEZIER_KNOTS.);
#1695 = CARTESIAN_POINT('',(1.570796326795,109.2));
#1696 = CARTESIAN_POINT('',(0.,109.2));
#1697 = ( GEOMETRIC_REPRESENTATION_CONTEXT(2) 
PARAMETRIC_REPRESENTATION_CONTEXT() REPRESENTATION_CONTEXT('2D SPACE',''
  ) );
#1698 = PCURVE('',#1699,#1704);
#1699 = SPHERICAL_SURFACE('',#1700,0.8);
#1700 = AXIS2_PLACEMENT_3D('',#1701,#1702,#1703);
#1701 = CARTESIAN_POINT('',(38.2,43.4,-6.7));
#1702 = DIRECTION('',(0.,0.,1.));
#1703 = DIRECTION('',(1.,0.,-0.));
#1704 = DEFINITIONAL_REPRESENTATION('',(#1705),#1708);
#1705 = B_SPLINE_CURVE_WITH_KNOTS('',1,(#1706,#1707),.UNSPECIFIED.,.F.,
  .F.,(2,2),(4.712388980385,6.28318530718),.PIECEWISE_BEZIER_KNOTS.);
#1706 = CARTESIAN_POINT('',(-1.570796326795,-1.570796326795));
#1707 = CARTESIAN_POINT('',(-1.570796326795,0.));
#1708 = ( GEOMETRIC_REPRESENTATION_CONTEXT(2) 
PARAMETRIC_REPRESENTATION_CONTEXT() REPRESENTATION_CONTEXT('2D SPACE',''
  ) );
#1709 = ORIENTED_EDGE('',*,*,#577,.F.);
#1710 = ADVANCED_FACE('',(#1711),#510,.T.);
#1711 = FACE_BOUND('',#1712,.F.);
#1712 = EDGE_LOOP('',(#1713,#1714,#1715,#1740));
#1713 = ORIENTED_EDGE('',*,*,#496,.F.);
#1714 = ORIENTED_EDGE('',*,*,#1502,.T.);
#1715 = ORIENTED_EDGE('',*,*,#1716,.T.);
#1716 = EDGE_CURVE('',#1503,#527,#1717,.T.);
#1717 = SURFACE_CURVE('',#1718,(#1723,#1729),.PCURVE_S1.);
#1718 = CIRCLE('',#1719,0.8);
#1719 = AXIS2_PLACEMENT_3D('',#1720,#1721,#1722);
#1720 = CARTESIAN_POINT('',(38.2,43.4,34.1));
#1721 = DIRECTION('',(1.,6.123233995737E-17,0.));
#1722 = DIRECTION('',(6.123233995737E-17,-1.,0.));
#1723 = PCURVE('',#510,#1724);
#1724 = DEFINITIONAL_REPRESENTATION('',(#1725),#1728);
#1725 = B_SPLINE_CURVE_WITH_KNOTS('',1,(#1726,#1727),.UNSPECIFIED.,.F.,
  .F.,(2,2),(4.712388980385,6.28318530718),.PIECEWISE_BEZIER_KNOTS.);
#1726 = CARTESIAN_POINT('',(-1.570796326795,109.2));
#1727 = CARTESIAN_POINT('',(0.,109.2));
#1728 = ( GEOMETRIC_REPRESENTATION_CONTEXT(2) 
PARAMETRIC_REPRESENTATION_CONTEXT() REPRESENTATION_CONTEXT('2D SPACE',''
  ) );
#1729 = PCURVE('',#1730,#1735);
#1730 = SPHERICAL_SURFACE('',#1731,0.8);
#1731 = AXIS2_PLACEMENT_3D('',#1732,#1733,#1734);
#1732 = CARTESIAN_POINT('',(38.2,43.4,34.1));
#1733 = DIRECTION('',(-0.,-0.,-1.));
#1734 = DIRECTION('',(1.,0.,-0.));
#1735 = DEFINITIONAL_REPRESENTATION('',(#1736),#1739);
#1736 = B_SPLINE_CURVE_WITH_KNOTS('',1,(#1737,#1738),.UNSPECIFIED.,.F.,
  .F.,(2,2),(4.712388980385,6.28318530718),.PIECEWISE_BEZIER_KNOTS.);
#1737 = CARTESIAN_POINT('',(1.570796326795,-1.570796326795));
#1738 = CARTESIAN_POINT('',(1.570796326795,0.));
#1739 = ( GEOMETRIC_REPRESENTATION_CONTEXT(2) 
PARAMETRIC_REPRESENTATION_CONTEXT() REPRESENTATION_CONTEXT('2D SPACE',''
  ) );
#1740 = ORIENTED_EDGE('',*,*,#526,.F.);
#1741 = ADVANCED_FACE('',(#1742),#565,.T.);
#1742 = FACE_BOUND('',#1743,.F.);
#1743 = EDGE_LOOP('',(#1744,#1774,#1796,#1797));
#1744 = ORIENTED_EDGE('',*,*,#1745,.F.);
#1745 = EDGE_CURVE('',#1746,#1748,#1750,.T.);
#1746 = VERTEX_POINT('',#1747);
#1747 = CARTESIAN_POINT('',(39.,43.4,-6.7));
#1748 = VERTEX_POINT('',#1749);
#1749 = CARTESIAN_POINT('',(39.,43.4,34.1));
#1750 = SURFACE_CURVE('',#1751,(#1755,#1762),.PCURVE_S1.);
#1751 = LINE('',#1752,#1753);
#1752 = CARTESIAN_POINT('',(39.,43.4,-7.5));
#1753 = VECTOR('',#1754,1.);
#1754 = DIRECTION('',(0.,0.,1.));
#1755 = PCURVE('',#565,#1756);
#1756 = DEFINITIONAL_REPRESENTATION('',(#1757),#1761);
#1757 = LINE('',#1758,#1759);
#1758 = CARTESIAN_POINT('',(-0.,0.));
#1759 = VECTOR('',#1760,1.);
#1760 = DIRECTION('',(-0.,1.));
#1761 = ( GEOMETRIC_REPRESENTATION_CONTEXT(2) 
PARAMETRIC_REPRESENTATION_CONTEXT() REPRESENTATION_CONTEXT('2D SPACE',''
  ) );
#1762 = PCURVE('',#1763,#1768);
#1763 = PLANE('',#1764);
#1764 = AXIS2_PLACEMENT_3D('',#1765,#1766,#1767);
#1765 = CARTESIAN_POINT('',(39.,42.6,-7.5));
#1766 = DIRECTION('',(1.,0.,-0.));
#1767 = DIRECTION('',(0.,0.,1.));
#1768 = DEFINITIONAL_REPRESENTATION('',(#1769),#1773);
#1769 = LINE('',#1770,#1771);
#1770 = CARTESIAN_POINT('',(0.,-0.8));
#1771 = VECTOR('',#1772,1.);
#1772 = DIRECTION('',(1.,0.));
#1773 = ( GEOMETRIC_REPRESENTATION_CONTEXT(2) 
PARAMETRIC_REPRESENTATION_CONTEXT() REPRESENTATION_CONTEXT('2D SPACE',''
  ) );
#1774 = ORIENTED_EDGE('',*,*,#1775,.T.);
#1775 = EDGE_CURVE('',#1746,#550,#1776,.T.);
#1776 = SURFACE_CURVE('',#1777,(#1782,#1789),.PCURVE_S1.);
#1777 = CIRCLE('',#1778,0.8);
#1778 = AXIS2_PLACEMENT_3D('',#1779,#1780,#1781);
#1779 = CARTESIAN_POINT('',(38.2,43.4,-6.7));
#1780 = DIRECTION('',(0.,-0.,-1.));
#1781 = DIRECTION('',(1.,0.,-0.));
#1782 = PCURVE('',#565,#1783);
#1783 = DEFINITIONAL_REPRESENTATION('',(#1784),#1788);
#1784 = LINE('',#1785,#1786);
#1785 = CARTESIAN_POINT('',(-0.,0.8));
#1786 = VECTOR('',#1787,1.);
#1787 = DIRECTION('',(-1.,0.));
#1788 = ( GEOMETRIC_REPRESENTATION_CONTEXT(2) 
PARAMETRIC_REPRESENTATION_CONTEXT() REPRESENTATION_CONTEXT('2D SPACE',''
  ) );
#1789 = PCURVE('',#1699,#1790);
#1790 = DEFINITIONAL_REPRESENTATION('',(#1791),#1795);
#1791 = LINE('',#1792,#1793);
#1792 = CARTESIAN_POINT('',(-0.,0.));
#1793 = VECTOR('',#1794,1.);
#1794 = DIRECTION('',(-1.,0.));
#1795 = ( GEOMETRIC_REPRESENTATION_CONTEXT(2) 
PARAMETRIC_REPRESENTATION_CONTEXT() REPRESENTATION_CONTEXT('2D SPACE',''
  ) );
#1796 = ORIENTED_EDGE('',*,*,#549,.T.);
#1797 = ORIENTED_EDGE('',*,*,#1798,.F.);
#1798 = EDGE_CURVE('',#1748,#527,#1799,.T.);
#1799 = SURFACE_CURVE('',#1800,(#1805,#1812),.PCURVE_S1.);
#1800 = CIRCLE('',#1801,0.8);
#1801 = AXIS2_PLACEMENT_3D('',#1802,#1803,#1804);
#1802 = CARTESIAN_POINT('',(38.2,43.4,34.1));
#1803 = DIRECTION('',(0.,-0.,-1.));
#1804 = DIRECTION('',(1.,0.,-0.));
#1805 = PCURVE('',#565,#1806);
#1806 = DEFINITIONAL_REPRESENTATION('',(#1807),#1811);
#1807 = LINE('',#1808,#1809);
#1808 = CARTESIAN_POINT('',(-0.,41.6));
#1809 = VECTOR('',#1810,1.);
#1810 = DIRECTION('',(-1.,0.));
#1811 = ( GEOMETRIC_REPRESENTATION_CONTEXT(2) 
PARAMETRIC_REPRESENTATION_CONTEXT() REPRESENTATION_CONTEXT('2D SPACE',''
  ) );
#1812 = PCURVE('',#1730,#1813);
#1813 = DEFINITIONAL_REPRESENTATION('',(#1814),#1818);
#1814 = LINE('',#1815,#1816);
#1815 = CARTESIAN_POINT('',(0.,0.));
#1816 = VECTOR('',#1817,1.);
#1817 = DIRECTION('',(1.,0.));
#1818 = ( GEOMETRIC_REPRESENTATION_CONTEXT(2) 
PARAMETRIC_REPRESENTATION_CONTEXT() REPRESENTATION_CONTEXT('2D SPACE',''
  ) );
#1819 = ADVANCED_FACE('',(#1820),#618,.T.);
#1820 = FACE_BOUND('',#1821,.F.);
#1821 = EDGE_LOOP('',(#1822,#1852,#1879,#1880));
#1822 = ORIENTED_EDGE('',*,*,#1823,.F.);
#1823 = EDGE_CURVE('',#1824,#1826,#1828,.T.);
#1824 = VERTEX_POINT('',#1825);
#1825 = CARTESIAN_POINT('',(-67.,41.1,-5.5));
#1826 = VERTEX_POINT('',#1827);
#1827 = CARTESIAN_POINT('',(-67.,41.1,-4.5));
#1828 = SURFACE_CURVE('',#1829,(#1833,#1840),.PCURVE_S1.);
#1829 = LINE('',#1830,#1831);
#1830 = CARTESIAN_POINT('',(-67.,41.1,-7.));
#1831 = VECTOR('',#1832,1.);
#1832 = DIRECTION('',(0.,0.,1.));
#1833 = PCURVE('',#618,#1834);
#1834 = DEFINITIONAL_REPRESENTATION('',(#1835),#1839);
#1835 = LINE('',#1836,#1837);
#1836 = CARTESIAN_POINT('',(-0.,0.));
#1837 = VECTOR('',#1838,1.);
#1838 = DIRECTION('',(-0.,1.));
#1839 = ( GEOMETRIC_REPRESENTATION_CONTEXT(2) 
PARAMETRIC_REPRESENTATION_CONTEXT() REPRESENTATION_CONTEXT('2D SPACE',''
  ) );
#1840 = PCURVE('',#1841,#1846);
#1841 = PLANE('',#1842);
#1842 = AXIS2_PLACEMENT_3D('',#1843,#1844,#1845);
#1843 = CARTESIAN_POINT('',(-67.,35.6,-7.));
#1844 = DIRECTION('',(1.,0.,-0.));
#1845 = DIRECTION('',(0.,0.,1.));
#1846 = DEFINITIONAL_REPRESENTATION('',(#1847),#1851);
#1847 = LINE('',#1848,#1849);
#1848 = CARTESIAN_POINT('',(0.,-5.5));
#1849 = VECTOR('',#1850,1.);
#1850 = DIRECTION('',(1.,0.));
#1851 = ( GEOMETRIC_REPRESENTATION_CONTEXT(2) 
PARAMETRIC_REPRESENTATION_CONTEXT() REPRESENTATION_CONTEXT('2D SPACE',''
  ) );
#1852 = ORIENTED_EDGE('',*,*,#1853,.T.);
#1853 = EDGE_CURVE('',#1824,#601,#1854,.T.);
#1854 = SURFACE_CURVE('',#1855,(#1860,#1867),.PCURVE_S1.);
#1855 = CIRCLE('',#1856,1.5);
#1856 = AXIS2_PLACEMENT_3D('',#1857,#1858,#1859);
#1857 = CARTESIAN_POINT('',(-65.5,41.1,-5.5));
#1858 = DIRECTION('',(-0.,0.,-1.));
#1859 = DIRECTION('',(-1.,0.,0.));
#1860 = PCURVE('',#618,#1861);
#1861 = DEFINITIONAL_REPRESENTATION('',(#1862),#1866);
#1862 = LINE('',#1863,#1864);
#1863 = CARTESIAN_POINT('',(-0.,1.5));
#1864 = VECTOR('',#1865,1.);
#1865 = DIRECTION('',(-1.,0.));
#1866 = ( GEOMETRIC_REPRESENTATION_CONTEXT(2) 
PARAMETRIC_REPRESENTATION_CONTEXT() REPRESENTATION_CONTEXT('2D SPACE',''
  ) );
#1867 = PCURVE('',#1868,#1873);
#1868 = SPHERICAL_SURFACE('',#1869,1.5);
#1869 = AXIS2_PLACEMENT_3D('',#1870,#1871,#1872);
#1870 = CARTESIAN_POINT('',(-65.5,41.1,-5.5));
#1871 = DIRECTION('',(0.,0.,1.));
#1872 = DIRECTION('',(-1.,0.,0.));
#1873 = DEFINITIONAL_REPRESENTATION('',(#1874),#1878);
#1874 = LINE('',#1875,#1876);
#1875 = CARTESIAN_POINT('',(-0.,0.));
#1876 = VECTOR('',#1877,1.);
#1877 = DIRECTION('',(-1.,0.));
#1878 = ( GEOMETRIC_REPRESENTATION_CONTEXT(2) 
PARAMETRIC_REPRESENTATION_CONTEXT() REPRESENTATION_CONTEXT('2D SPACE',''
  ) );
#1879 = ORIENTED_EDGE('',*,*,#600,.T.);
#1880 = ORIENTED_EDGE('',*,*,#1881,.T.);
#1881 = EDGE_CURVE('',#603,#1826,#1882,.T.);
#1882 = SURFACE_CURVE('',#1883,(#1888,#1894),.PCURVE_S1.);
#1883 = CIRCLE('',#1884,1.5);
#1884 = AXIS2_PLACEMENT_3D('',#1885,#1886,#1887);
#1885 = CARTESIAN_POINT('',(-65.5,41.1,-4.5));
#1886 = DIRECTION('',(1.480297366167E-16,0.,1.));
#1887 = DIRECTION('',(-1.,-0.,1.480297366167E-16));
#1888 = PCURVE('',#618,#1889);
#1889 = DEFINITIONAL_REPRESENTATION('',(#1890),#1893);
#1890 = B_SPLINE_CURVE_WITH_KNOTS('',1,(#1891,#1892),.UNSPECIFIED.,.F.,
  .F.,(2,2),(4.712388980385,6.28318530718),.PIECEWISE_BEZIER_KNOTS.);
#1891 = CARTESIAN_POINT('',(-1.570796326795,2.5));
#1892 = CARTESIAN_POINT('',(0.,2.5));
#1893 = ( GEOMETRIC_REPRESENTATION_CONTEXT(2) 
PARAMETRIC_REPRESENTATION_CONTEXT() REPRESENTATION_CONTEXT('2D SPACE',''
  ) );
#1894 = PCURVE('',#1895,#1900);
#1895 = SPHERICAL_SURFACE('',#1896,1.5);
#1896 = AXIS2_PLACEMENT_3D('',#1897,#1898,#1899);
#1897 = CARTESIAN_POINT('',(-65.5,41.1,-4.5));
#1898 = DIRECTION('',(0.,-1.,-0.));
#1899 = DIRECTION('',(-1.,-0.,1.480297366167E-16));
#1900 = DEFINITIONAL_REPRESENTATION('',(#1901),#1904);
#1901 = B_SPLINE_CURVE_WITH_KNOTS('',1,(#1902,#1903),.UNSPECIFIED.,.F.,
  .F.,(2,2),(4.712388980385,6.28318530718),.PIECEWISE_BEZIER_KNOTS.);
#1902 = CARTESIAN_POINT('',(0.,-1.570796326795));
#1903 = CARTESIAN_POINT('',(0.,0.));
#1904 = ( GEOMETRIC_REPRESENTATION_CONTEXT(2) 
PARAMETRIC_REPRESENTATION_CONTEXT() REPRESENTATION_CONTEXT('2D SPACE',''
  ) );
#1905 = ADVANCED_FACE('',(#1906),#700,.T.);
#1906 = FACE_BOUND('',#1907,.T.);
#1907 = EDGE_LOOP('',(#1908,#1909,#1931,#1980,#2008,#2117,#2138,#2253,
    #2281,#2324));
#1908 = ORIENTED_EDGE('',*,*,#686,.F.);
#1909 = ORIENTED_EDGE('',*,*,#1910,.T.);
#1910 = EDGE_CURVE('',#603,#1911,#1913,.T.);
#1911 = VERTEX_POINT('',#1912);
#1912 = CARTESIAN_POINT('',(-65.5,41.484057287393,-3.05));
#1913 = SURFACE_CURVE('',#1914,(#1919,#1925),.PCURVE_S1.);
#1914 = CIRCLE('',#1915,1.5);
#1915 = AXIS2_PLACEMENT_3D('',#1916,#1917,#1918);
#1916 = CARTESIAN_POINT('',(-65.5,41.1,-4.5));
#1917 = DIRECTION('',(1.,0.,-8.679739665932E-17));
#1918 = DIRECTION('',(8.679739665932E-17,-0.,1.));
#1919 = PCURVE('',#700,#1920);
#1920 = DEFINITIONAL_REPRESENTATION('',(#1921),#1924);
#1921 = B_SPLINE_CURVE_WITH_KNOTS('',1,(#1922,#1923),.UNSPECIFIED.,.F.,
  .F.,(2,2),(4.712388980385,6.28318530718),.PIECEWISE_BEZIER_KNOTS.);
#1922 = CARTESIAN_POINT('',(0.,1.5));
#1923 = CARTESIAN_POINT('',(1.570796326795,1.5));
#1924 = ( GEOMETRIC_REPRESENTATION_CONTEXT(2) 
PARAMETRIC_REPRESENTATION_CONTEXT() REPRESENTATION_CONTEXT('2D SPACE',''
  ) );
#1925 = PCURVE('',#1895,#1926);
#1926 = DEFINITIONAL_REPRESENTATION('',(#1927),#1930);
#1927 = B_SPLINE_CURVE_WITH_KNOTS('',1,(#1928,#1929),.UNSPECIFIED.,.F.,
  .F.,(2,2),(4.712388980385,6.28318530718),.PIECEWISE_BEZIER_KNOTS.);
#1928 = CARTESIAN_POINT('',(-1.570796326795,-1.570796326795));
#1929 = CARTESIAN_POINT('',(-1.570796326795,0.));
#1930 = ( GEOMETRIC_REPRESENTATION_CONTEXT(2) 
PARAMETRIC_REPRESENTATION_CONTEXT() REPRESENTATION_CONTEXT('2D SPACE',''
  ) );
#1931 = ORIENTED_EDGE('',*,*,#1932,.F.);
#1932 = EDGE_CURVE('',#1933,#1911,#1935,.T.);
#1933 = VERTEX_POINT('',#1934);
#1934 = CARTESIAN_POINT('',(-65.38196601125,41.1,-3.));
#1935 = SURFACE_CURVE('',#1936,(#1947,#1961),.PCURVE_S1.);
#1936 = B_SPLINE_CURVE_WITH_KNOTS('',5,(#1937,#1938,#1939,#1940,#1941,
    #1942,#1943,#1944,#1945,#1946),.UNSPECIFIED.,.F.,.F.,(6,4,6),(0.,
    0.475095894205,1.),.UNSPECIFIED.);
#1937 = CARTESIAN_POINT('',(-65.38196601125,41.1,-3.));
#1938 = CARTESIAN_POINT('',(-65.38196601125,41.13969801722,-3.));
#1939 = CARTESIAN_POINT('',(-65.38490273802,41.179403621766,
    -3.001313206444));
#1940 = CARTESIAN_POINT('',(-65.39077743419,41.218663455861,
    -3.003941088738));
#1941 = CARTESIAN_POINT('',(-65.39943068209,41.257093795142,
    -3.007774476757));
#1942 = CARTESIAN_POINT('',(-65.42298299507,41.335615782128,
    -3.018037441521));
#1943 = CARTESIAN_POINT('',(-65.438444625,41.375467885284,
    -3.024698596522));
#1944 = CARTESIAN_POINT('',(-65.45668685828,41.41358703734,
    -3.032417650338));
#1945 = CARTESIAN_POINT('',(-65.47731687687,41.449801537711,
    -3.040926756194));
#1946 = CARTESIAN_POINT('',(-65.5000006,41.484058193506,-3.05000024));
#1947 = PCURVE('',#700,#1948);
#1948 = DEFINITIONAL_REPRESENTATION('',(#1949),#1960);
#1949 = B_SPLINE_CURVE_WITH_KNOTS('',5,(#1950,#1951,#1952,#1953,#1954,
    #1955,#1956,#1957,#1958,#1959),.UNSPECIFIED.,.F.,.F.,(6,4,6),(0.,
    0.475095894205,1.),.UNSPECIFIED.);
#1950 = CARTESIAN_POINT('',(1.570796326795,1.61803398875));
#1951 = CARTESIAN_POINT('',(1.544330981982,1.61803398875));
#1952 = CARTESIAN_POINT('',(1.517860644527,1.61509726198));
#1953 = CARTESIAN_POINT('',(1.49164852048,1.609222565804));
#1954 = CARTESIAN_POINT('',(1.465913097009,1.60056931791));
#1955 = CARTESIAN_POINT('',(1.413119869809,1.577017004923));
#1956 = CARTESIAN_POINT('',(1.386200453451,1.561555374998));
#1957 = CARTESIAN_POINT('',(1.360290236785,1.543313141716));
#1958 = CARTESIAN_POINT('',(1.335499443653,1.522683123124));
#1959 = CARTESIAN_POINT('',(1.311874159884,1.4999994));
#1960 = ( GEOMETRIC_REPRESENTATION_CONTEXT(2) 
PARAMETRIC_REPRESENTATION_CONTEXT() REPRESENTATION_CONTEXT('2D SPACE',''
  ) );
#1961 = PCURVE('',#1962,#1967);
#1962 = SPHERICAL_SURFACE('',#1963,1.5);
#1963 = AXIS2_PLACEMENT_3D('',#1964,#1965,#1966);
#1964 = CARTESIAN_POINT('',(-66.5,41.1,-2.));
#1965 = DIRECTION('',(0.,0.,1.));
#1966 = DIRECTION('',(1.,0.,-0.));
#1967 = DEFINITIONAL_REPRESENTATION('',(#1968),#1979);
#1968 = B_SPLINE_CURVE_WITH_KNOTS('',5,(#1969,#1970,#1971,#1972,#1973,
    #1974,#1975,#1976,#1977,#1978),.UNSPECIFIED.,.F.,.F.,(6,4,6),(0.,
    0.475095894205,1.),.UNSPECIFIED.);
#1969 = CARTESIAN_POINT('',(0.,-0.729727656227));
#1970 = CARTESIAN_POINT('',(3.550698602994E-02,-0.729727656227));
#1971 = CARTESIAN_POINT('',(7.102053393982E-02,-0.730902283858));
#1972 = CARTESIAN_POINT('',(0.106416404291,-0.733252454245));
#1973 = CARTESIAN_POINT('',(0.141626461413,-0.736694342962));
#1974 = CARTESIAN_POINT('',(0.215220520057,-0.745968757131));
#1975 = CARTESIAN_POINT('',(0.253558342901,-0.752015343001));
#1976 = CARTESIAN_POINT('',(0.291555874065,-0.759071843216));
#1977 = CARTESIAN_POINT('',(0.329243219228,-0.766927439685));
#1978 = CARTESIAN_POINT('',(0.366688555907,-0.775397720656));
#1979 = ( GEOMETRIC_REPRESENTATION_CONTEXT(2) 
PARAMETRIC_REPRESENTATION_CONTEXT() REPRESENTATION_CONTEXT('2D SPACE',''
  ) );
#1980 = ORIENTED_EDGE('',*,*,#1981,.T.);
#1981 = EDGE_CURVE('',#1933,#1982,#1984,.T.);
#1982 = VERTEX_POINT('',#1983);
#1983 = CARTESIAN_POINT('',(-19.11803398875,41.1,-3.));
#1984 = SURFACE_CURVE('',#1985,(#1989,#1996),.PCURVE_S1.);
#1985 = LINE('',#1986,#1987);
#1986 = CARTESIAN_POINT('',(-67.,41.1,-3.));
#1987 = VECTOR('',#1988,1.);
#1988 = DIRECTION('',(1.,0.,-0.));
#1989 = PCURVE('',#700,#1990);
#1990 = DEFINITIONAL_REPRESENTATION('',(#1991),#1995);
#1991 = LINE('',#1992,#1993);
#1992 = CARTESIAN_POINT('',(1.570796326795,0.));
#1993 = VECTOR('',#1994,1.);
#1994 = DIRECTION('',(0.,1.));
#1995 = ( GEOMETRIC_REPRESENTATION_CONTEXT(2) 
PARAMETRIC_REPRESENTATION_CONTEXT() REPRESENTATION_CONTEXT('2D SPACE',''
  ) );
#1996 = PCURVE('',#1997,#2002);
#1997 = PLANE('',#1998);
#1998 = AXIS2_PLACEMENT_3D('',#1999,#2000,#2001);
#1999 = CARTESIAN_POINT('',(-67.,35.6,-3.));
#2000 = DIRECTION('',(0.,0.,1.));
#2001 = DIRECTION('',(1.,0.,-0.));
#2002 = DEFINITIONAL_REPRESENTATION('',(#2003),#2007);
#2003 = LINE('',#2004,#2005);
#2004 = CARTESIAN_POINT('',(0.,5.5));
#2005 = VECTOR('',#2006,1.);
#2006 = DIRECTION('',(1.,0.));
#2007 = ( GEOMETRIC_REPRESENTATION_CONTEXT(2) 
PARAMETRIC_REPRESENTATION_CONTEXT() REPRESENTATION_CONTEXT('2D SPACE',''
  ) );
#2008 = ORIENTED_EDGE('',*,*,#2009,.F.);
#2009 = EDGE_CURVE('',#2010,#1982,#2012,.T.);
#2010 = VERTEX_POINT('',#2011);
#2011 = CARTESIAN_POINT('',(-18.,41.929156197589,-3.25));
#2012 = SURFACE_CURVE('',#2013,(#2044,#2078),.PCURVE_S1.);
#2013 = B_SPLINE_CURVE_WITH_KNOTS('',8,(#2014,#2015,#2016,#2017,#2018,
    #2019,#2020,#2021,#2022,#2023,#2024,#2025,#2026,#2027,#2028,#2029,
    #2030,#2031,#2032,#2033,#2034,#2035,#2036,#2037,#2038,#2039,#2040,
    #2041,#2042,#2043),.UNSPECIFIED.,.F.,.F.,(9,7,7,7,9),(0.,
    0.594560738301,0.734749412087,0.836855280602,1.),.UNSPECIFIED.);
#2014 = CARTESIAN_POINT('',(-18.,41.929156197589,-3.25));
#2015 = CARTESIAN_POINT('',(-18.10523625408,41.929156197589,-3.25));
#2016 = CARTESIAN_POINT('',(-18.21025031322,41.921522957903,
    -3.244939380277));
#2017 = CARTESIAN_POINT('',(-18.31540186848,41.906317426201,
    -3.234843031953));
#2018 = CARTESIAN_POINT('',(-18.4206646371,41.882875035447,
    -3.219688458478));
#2019 = CARTESIAN_POINT('',(-18.5255404563,41.850090671519,
    -3.19940419863));
#2020 = CARTESIAN_POINT('',(-18.62839158653,41.80634223634,
    -3.174430968143));
#2021 = CARTESIAN_POINT('',(-18.72702275372,41.749989326917,
    -3.145943734928));
#2022 = CARTESIAN_POINT('',(-18.83947757881,41.662014685539,
    -3.109147552198));
#2023 = CARTESIAN_POINT('',(-18.86049188265,41.64441811362,
    -3.102061099356));
#2024 = CARTESIAN_POINT('',(-18.88101595795,41.625987305187,
    -3.094939638806));
#2025 = CARTESIAN_POINT('',(-18.90099433849,41.60670155215,
    -3.087818848308));
#2026 = CARTESIAN_POINT('',(-18.92036504434,41.586543603426,
    -3.080739087326));
#2027 = CARTESIAN_POINT('',(-18.93906015087,41.565500785138,
    -3.073745210253));
#2028 = CARTESIAN_POINT('',(-18.95700635777,41.543566120822,
    -3.066886379641));
#2029 = CARTESIAN_POINT('',(-18.98659426015,41.504113737013,
    -3.055357446871));
#2030 = CARTESIAN_POINT('',(-18.99862342686,41.487015898783,
    -3.050599227554));
#2031 = CARTESIAN_POINT('',(-19.0101826161,41.469446683679,
    -3.045961789197));
#2032 = CARTESIAN_POINT('',(-19.0212392451,41.451409906387,
    -3.041467185466));
#2033 = CARTESIAN_POINT('',(-19.0317592164,41.432912975878,
    -3.037138533946));
#2034 = CARTESIAN_POINT('',(-19.04170754401,41.413967421746,
    -3.032999594125));
#2035 = CARTESIAN_POINT('',(-19.05104897945,41.394589420541,
    -3.029074345371));
#2036 = CARTESIAN_POINT('',(-19.07364894893,41.343181307864,
    -3.019494230619));
#2037 = CARTESIAN_POINT('',(-19.08591769197,41.310497455567,
    -3.014205239725));
#2038 = CARTESIAN_POINT('',(-19.09640115695,41.276854395081,
    -3.009620807035));
#2039 = CARTESIAN_POINT('',(-19.10495929109,41.242386213266,
    -3.00583646273));
#2040 = CARTESIAN_POINT('',(-19.1114718873,41.207257144758,
    -3.002934753824));
#2041 = CARTESIAN_POINT('',(-19.11584734289,41.171662023872,
    -3.000977842313));
#2042 = CARTESIAN_POINT('',(-19.11803398875,41.135825497645,-3.));
#2043 = CARTESIAN_POINT('',(-19.11803398875,41.1,-3.));
#2044 = PCURVE('',#700,#2045);
#2045 = DEFINITIONAL_REPRESENTATION('',(#2046),#2077);
#2046 = B_SPLINE_CURVE_WITH_KNOTS('',8,(#2047,#2048,#2049,#2050,#2051,
    #2052,#2053,#2054,#2055,#2056,#2057,#2058,#2059,#2060,#2061,#2062,
    #2063,#2064,#2065,#2066,#2067,#2068,#2069,#2070,#2071,#2072,#2073,
    #2074,#2075,#2076),.UNSPECIFIED.,.F.,.F.,(9,7,7,7,9),(0.,
    0.594560738301,0.734749412087,0.836855280602,1.),.UNSPECIFIED.);
#2047 = CARTESIAN_POINT('',(0.985110783338,49.));
#2048 = CARTESIAN_POINT('',(0.985110783338,48.894763745912));
#2049 = CARTESIAN_POINT('',(0.991216765614,48.789749686778));
#2050 = CARTESIAN_POINT('',(1.003383568628,48.684598131514));
#2051 = CARTESIAN_POINT('',(1.021994095993,48.579335362894));
#2052 = CARTESIAN_POINT('',(1.047680270883,48.4744595437));
#2053 = CARTESIAN_POINT('',(1.081218308447,48.371608413463));
#2054 = CARTESIAN_POINT('',(1.123205641557,48.272977246278));
#2055 = CARTESIAN_POINT('',(1.1867788595,48.160522421182));
#2056 = CARTESIAN_POINT('',(1.199424345849,48.139508117341));
#2057 = CARTESIAN_POINT('',(1.212594636362,48.118984042044));
#2058 = CARTESIAN_POINT('',(1.226296982434,48.099005661505));
#2059 = CARTESIAN_POINT('',(1.240536508802,48.079634955656));
#2060 = CARTESIAN_POINT('',(1.255315792301,48.060939849125));
#2061 = CARTESIAN_POINT('',(1.270634440615,48.042993642229));
#2062 = CARTESIAN_POINT('',(1.298036037316,48.013405739842));
#2063 = CARTESIAN_POINT('',(1.309866786954,48.001376573138));
#2064 = CARTESIAN_POINT('',(1.321978914755,47.989817383892));
#2065 = CARTESIAN_POINT('',(1.334368704139,47.978760754897));
#2066 = CARTESIAN_POINT('',(1.347030464642,47.968240783596));
#2067 = CARTESIAN_POINT('',(1.359956269435,47.95829245599));
#2068 = CARTESIAN_POINT('',(1.37313569283,47.94895102055));
#2069 = CARTESIAN_POINT('',(1.407997787161,47.926351051063));
#2070 = CARTESIAN_POINT('',(1.430064216226,47.914082308026));
#2071 = CARTESIAN_POINT('',(1.45268826757,47.903598843046));
#2072 = CARTESIAN_POINT('',(1.475789081408,47.895040708903));
#2073 = CARTESIAN_POINT('',(1.499270805411,47.8885281127));
#2074 = CARTESIAN_POINT('',(1.523021644654,47.884152657107));
#2075 = CARTESIAN_POINT('',(1.546912661698,47.88196601125));
#2076 = CARTESIAN_POINT('',(1.570796326795,47.88196601125));
#2077 = ( GEOMETRIC_REPRESENTATION_CONTEXT(2) 
PARAMETRIC_REPRESENTATION_CONTEXT() REPRESENTATION_CONTEXT('2D SPACE',''
  ) );
#2078 = PCURVE('',#2079,#2084);
#2079 = SPHERICAL_SURFACE('',#2080,1.5);
#2080 = AXIS2_PLACEMENT_3D('',#2081,#2082,#2083);
#2081 = CARTESIAN_POINT('',(-18.,41.1,-2.));
#2082 = DIRECTION('',(0.,0.,1.));
#2083 = DIRECTION('',(-1.,0.,0.));
#2084 = DEFINITIONAL_REPRESENTATION('',(#2085),#2116);
#2085 = B_SPLINE_CURVE_WITH_KNOTS('',8,(#2086,#2087,#2088,#2089,#2090,
    #2091,#2092,#2093,#2094,#2095,#2096,#2097,#2098,#2099,#2100,#2101,
    #2102,#2103,#2104,#2105,#2106,#2107,#2108,#2109,#2110,#2111,#2112,
    #2113,#2114,#2115),.UNSPECIFIED.,.F.,.F.,(9,7,7,7,9),(0.,
    0.594560738301,0.734749412087,0.836855280602,1.),.UNSPECIFIED.);
#2086 = CARTESIAN_POINT('',(-1.570796326795,-0.985110783338));
#2087 = CARTESIAN_POINT('',(-1.443876628922,-0.985110783338));
#2088 = CARTESIAN_POINT('',(-1.317219456076,-0.979005851262));
#2089 = CARTESIAN_POINT('',(-1.191981936121,-0.966834991513));
#2090 = CARTESIAN_POINT('',(-1.069624976086,-0.948862408581));
#2091 = CARTESIAN_POINT('',(-0.951475974365,-0.925656656416));
#2092 = CARTESIAN_POINT('',(-0.837339050168,-0.898470683489));
#2093 = CARTESIAN_POINT('',(-0.726226447103,-0.868918490219));
#2094 = CARTESIAN_POINT('',(-0.589741393319,-0.832198762382));
#2095 = CARTESIAN_POINT('',(-0.563758647732,-0.825189486927));
#2096 = CARTESIAN_POINT('',(-0.537809249602,-0.8182074008));
#2097 = CARTESIAN_POINT('',(-0.511868691109,-0.811286088667));
#2098 = CARTESIAN_POINT('',(-0.48591278955,-0.804462092852));
#2099 = CARTESIAN_POINT('',(-0.459917546301,-0.797774702709));
#2100 = CARTESIAN_POINT('',(-0.433859005776,-0.791265743994));
#2101 = CARTESIAN_POINT('',(-0.388669857348,-0.780400711209));
#2102 = CARTESIAN_POINT('',(-0.369581479709,-0.775940426445));
#2103 = CARTESIAN_POINT('',(-0.350439568483,-0.771615613992));
#2104 = CARTESIAN_POINT('',(-0.331236815696,-0.767444330285));
#2105 = CARTESIAN_POINT('',(-0.311967179051,-0.7634452744));
#2106 = CARTESIAN_POINT('',(-0.292626042591,-0.759637474303));
#2107 = CARTESIAN_POINT('',(-0.27321037737,-0.756039973098));
#2108 = CARTESIAN_POINT('',(-0.22257543007,-0.747289394614));
#2109 = CARTESIAN_POINT('',(-0.191223432601,-0.742489354929));
#2110 = CARTESIAN_POINT('',(-0.159677401873,-0.738351989289));
#2111 = CARTESIAN_POINT('',(-0.127956090903,-0.734951780714));
#2112 = CARTESIAN_POINT('',(-9.608421904881E-02,-0.732352537429));
#2113 = CARTESIAN_POINT('',(-6.409640099387E-02,-0.730602290836));
#2114 = CARTESIAN_POINT('',(-3.204329922483E-02,-0.729727656227));
#2115 = CARTESIAN_POINT('',(0.,-0.729727656227));
#2116 = ( GEOMETRIC_REPRESENTATION_CONTEXT(2) 
PARAMETRIC_REPRESENTATION_CONTEXT() REPRESENTATION_CONTEXT('2D SPACE',''
  ) );
#2117 = ORIENTED_EDGE('',*,*,#2118,.T.);
#2118 = EDGE_CURVE('',#2010,#2119,#2121,.T.);
#2119 = VERTEX_POINT('',#2120);
#2120 = CARTESIAN_POINT('',(-14.,41.929156197589,-3.25));
#2121 = SURFACE_CURVE('',#2122,(#2126,#2132),.PCURVE_S1.);
#2122 = LINE('',#2123,#2124);
#2123 = CARTESIAN_POINT('',(-67.,41.929156197589,-3.25));
#2124 = VECTOR('',#2125,1.);
#2125 = DIRECTION('',(1.,0.,-0.));
#2126 = PCURVE('',#700,#2127);
#2127 = DEFINITIONAL_REPRESENTATION('',(#2128),#2131);
#2128 = B_SPLINE_CURVE_WITH_KNOTS('',1,(#2129,#2130),.UNSPECIFIED.,.F.,
  .F.,(2,2),(48.9999994,53.0000006),.PIECEWISE_BEZIER_KNOTS.);
#2129 = CARTESIAN_POINT('',(0.985110783338,48.9999994));
#2130 = CARTESIAN_POINT('',(0.985110783338,53.0000006));
#2131 = ( GEOMETRIC_REPRESENTATION_CONTEXT(2) 
PARAMETRIC_REPRESENTATION_CONTEXT() REPRESENTATION_CONTEXT('2D SPACE',''
  ) );
#2132 = PCURVE('',#874,#2133);
#2133 = DEFINITIONAL_REPRESENTATION('',(#2134),#2137);
#2134 = B_SPLINE_CURVE_WITH_KNOTS('',1,(#2135,#2136),.UNSPECIFIED.,.F.,
  .F.,(2,2),(48.9999994,53.0000006),.PIECEWISE_BEZIER_KNOTS.);
#2135 = CARTESIAN_POINT('',(-0.985110783338,1.4999994));
#2136 = CARTESIAN_POINT('',(-0.985110783338,5.5000006));
#2137 = ( GEOMETRIC_REPRESENTATION_CONTEXT(2) 
PARAMETRIC_REPRESENTATION_CONTEXT() REPRESENTATION_CONTEXT('2D SPACE',''
  ) );
#2138 = ORIENTED_EDGE('',*,*,#2139,.F.);
#2139 = EDGE_CURVE('',#2140,#2119,#2142,.T.);
#2140 = VERTEX_POINT('',#2141);
#2141 = CARTESIAN_POINT('',(-12.88196601125,41.1,-3.));
#2142 = SURFACE_CURVE('',#2143,(#2176,#2212),.PCURVE_S1.);
#2143 = B_SPLINE_CURVE_WITH_KNOTS('',7,(#2144,#2145,#2146,#2147,#2148,
    #2149,#2150,#2151,#2152,#2153,#2154,#2155,#2156,#2157,#2158,#2159,
    #2160,#2161,#2162,#2163,#2164,#2165,#2166,#2167,#2168,#2169,#2170,
    #2171,#2172,#2173,#2174,#2175),.UNSPECIFIED.,.F.,.F.,(8,6,6,6,6,8),(
    0.,0.163233426443,0.266710449571,0.407677191169,0.584752332262,1.),
  .UNSPECIFIED.);
#2144 = CARTESIAN_POINT('',(-12.88196601125,41.1,-3.));
#2145 = CARTESIAN_POINT('',(-12.88196601125,41.140945071597,-3.));
#2146 = CARTESIAN_POINT('',(-12.88488177345,41.181904849555,
    -3.001303894556));
#2147 = CARTESIAN_POINT('',(-12.89071676053,41.222475389691,
    -3.003913647003));
#2148 = CARTESIAN_POINT('',(-12.89936675148,41.262308331901,
    -3.007760211564));
#2149 = CARTESIAN_POINT('',(-12.91065691495,41.301116302957,
    -3.012723827341));
#2150 = CARTESIAN_POINT('',(-12.92436859851,41.338673362748,
    -3.018653898478));
#2151 = CARTESIAN_POINT('',(-12.95032707895,41.397718564001,
    -3.02965763776));
#2152 = CARTESIAN_POINT('',(-12.96127624928,41.420064209208,
    -3.034251657095));
#2153 = CARTESIAN_POINT('',(-12.9730453403,41.441811964216,
    -3.039130979002));
#2154 = CARTESIAN_POINT('',(-12.98557559176,41.462937235108,
    -3.044255647727));
#2155 = CARTESIAN_POINT('',(-12.9988092553,41.483424807275,
    -3.049586481947));
#2156 = CARTESIAN_POINT('',(-13.01269136191,41.50326735327,
    -3.055086265452));
#2157 = CARTESIAN_POINT('',(-13.04689776621,41.548615450342,
    -3.06839705159));
#2158 = CARTESIAN_POINT('',(-13.06773172079,41.573565327867,
    -3.076322689426));
#2159 = CARTESIAN_POINT('',(-13.08954699426,41.597314663272,
    -3.084411647182));
#2160 = CARTESIAN_POINT('',(-13.11222705848,41.619878164771,
    -3.092586165566));
#2161 = CARTESIAN_POINT('',(-13.13566671299,41.641281159536,
    -3.100777400259));
#2162 = CARTESIAN_POINT('',(-13.15977358187,41.661556594474,
    -3.108925892025));
#2163 = CARTESIAN_POINT('',(-13.21549148683,41.704841799185,
    -3.127101749914));
#2164 = CARTESIAN_POINT('',(-13.24743759569,41.727217647366,
    -3.137073937063));
#2165 = CARTESIAN_POINT('',(-13.28015186992,41.747944442767,
    -3.146799213829));
#2166 = CARTESIAN_POINT('',(-13.31349779909,41.767098383313,
    -3.156196688504));
#2167 = CARTESIAN_POINT('',(-13.34735832821,41.784755475368,
    -3.165201904751));
#2168 = CARTESIAN_POINT('',(-13.38163575628,41.800990005452,
    -3.173764784228));
#2169 = CARTESIAN_POINT('',(-13.49742713311,41.850774205307,
    -3.200801994999));
#2170 = CARTESIAN_POINT('',(-13.58041247669,41.87822092854,
    -3.21710399767));
#2171 = CARTESIAN_POINT('',(-13.66421100374,41.899149468598,
    -3.230273557869));
#2172 = CARTESIAN_POINT('',(-13.74821124908,41.914293164397,
    -3.240141267106));
#2173 = CARTESIAN_POINT('',(-13.83216668228,41.924201242487,
    -3.246713162893));
#2174 = CARTESIAN_POINT('',(-13.91607502765,41.929156197589,-3.25));
#2175 = CARTESIAN_POINT('',(-14.,41.929156197589,-3.25));
#2176 = PCURVE('',#700,#2177);
#2177 = DEFINITIONAL_REPRESENTATION('',(#2178),#2211);
#2178 = B_SPLINE_CURVE_WITH_KNOTS('',7,(#2179,#2180,#2181,#2182,#2183,
    #2184,#2185,#2186,#2187,#2188,#2189,#2190,#2191,#2192,#2193,#2194,
    #2195,#2196,#2197,#2198,#2199,#2200,#2201,#2202,#2203,#2204,#2205,
    #2206,#2207,#2208,#2209,#2210),.UNSPECIFIED.,.F.,.F.,(8,6,6,6,6,8),(
    0.,0.163233426443,0.266710449571,0.407677191169,0.584752332262,1.),
  .UNSPECIFIED.);
#2179 = CARTESIAN_POINT('',(1.570796326795,54.11803398875));
#2180 = CARTESIAN_POINT('',(1.543499612397,54.11803398875));
#2181 = CARTESIAN_POINT('',(1.516193094347,54.115118226544));
#2182 = CARTESIAN_POINT('',(1.4891128495,54.109283239467));
#2183 = CARTESIAN_POINT('',(1.462457763223,54.100633248516));
#2184 = CARTESIAN_POINT('',(1.436393396595,54.089343085048));
#2185 = CARTESIAN_POINT('',(1.411054853818,54.075631401484));
#2186 = CARTESIAN_POINT('',(1.371013663531,54.049672921044));
#2187 = CARTESIAN_POINT('',(1.35580761666,54.038723750714));
#2188 = CARTESIAN_POINT('',(1.340952412798,54.026954659696));
#2189 = CARTESIAN_POINT('',(1.326464156037,54.014424408237));
#2190 = CARTESIAN_POINT('',(1.312353893957,54.0011907447));
#2191 = CARTESIAN_POINT('',(1.298628360641,53.987308638083));
#2192 = CARTESIAN_POINT('',(1.26712085229,53.953102233784));
#2193 = CARTESIAN_POINT('',(1.249672794911,53.932268279208));
#2194 = CARTESIAN_POINT('',(1.232952228705,53.910453005735));
#2195 = CARTESIAN_POINT('',(1.21695807689,53.887772941511));
#2196 = CARTESIAN_POINT('',(1.201683624178,53.86433328701));
#2197 = CARTESIAN_POINT('',(1.187117636222,53.840226418125));
#2198 = CARTESIAN_POINT('',(1.155819991605,53.784508513163));
#2199 = CARTESIAN_POINT('',(1.13949218496,53.75256240431));
#2200 = CARTESIAN_POINT('',(1.124233218244,53.71984813008));
#2201 = CARTESIAN_POINT('',(1.110013186393,53.68650220091));
#2202 = CARTESIAN_POINT('',(1.096801286232,53.652641671785));
#2203 = CARTESIAN_POINT('',(1.084565982552,53.618364243713));
#2204 = CARTESIAN_POINT('',(1.046797816524,53.502572866889));
#2205 = CARTESIAN_POINT('',(1.025531517994,53.419587523309));
#2206 = CARTESIAN_POINT('',(1.009050321301,53.335788996254));
#2207 = CARTESIAN_POINT('',(0.997001251678,53.25178875092));
#2208 = CARTESIAN_POINT('',(0.989074741984,53.167833317711));
#2209 = CARTESIAN_POINT('',(0.985110783338,53.083924972348));
#2210 = CARTESIAN_POINT('',(0.985110783338,53.));
#2211 = ( GEOMETRIC_REPRESENTATION_CONTEXT(2) 
PARAMETRIC_REPRESENTATION_CONTEXT() REPRESENTATION_CONTEXT('2D SPACE',''
  ) );
#2212 = PCURVE('',#2213,#2218);
#2213 = SPHERICAL_SURFACE('',#2214,1.5);
#2214 = AXIS2_PLACEMENT_3D('',#2215,#2216,#2217);
#2215 = CARTESIAN_POINT('',(-14.,41.1,-2.));
#2216 = DIRECTION('',(0.,0.,1.));
#2217 = DIRECTION('',(1.,0.,-0.));
#2218 = DEFINITIONAL_REPRESENTATION('',(#2219),#2252);
#2219 = B_SPLINE_CURVE_WITH_KNOTS('',7,(#2220,#2221,#2222,#2223,#2224,
    #2225,#2226,#2227,#2228,#2229,#2230,#2231,#2232,#2233,#2234,#2235,
    #2236,#2237,#2238,#2239,#2240,#2241,#2242,#2243,#2244,#2245,#2246,
    #2247,#2248,#2249,#2250,#2251),.UNSPECIFIED.,.F.,.F.,(8,6,6,6,6,8),(
    0.,0.163233426443,0.266710449571,0.407677191169,0.584752332262,1.),
  .UNSPECIFIED.);
#2220 = CARTESIAN_POINT('',(0.,-0.729727656227));
#2221 = CARTESIAN_POINT('',(3.662238537385E-02,-0.729727656227));
#2222 = CARTESIAN_POINT('',(7.325784220148E-02,-0.730893929456));
#2223 = CARTESIAN_POINT('',(0.109786216984,-0.733228039946));
#2224 = CARTESIAN_POINT('',(0.146136212661,-0.736676357313));
#2225 = CARTESIAN_POINT('',(0.182263047983,-0.741146531273));
#2226 = CARTESIAN_POINT('',(0.218135013056,-0.746521816344));
#2227 = CARTESIAN_POINT('',(0.276292630682,-0.756572764883));
#2228 = CARTESIAN_POINT('',(0.298752601509,-0.760785602166));
#2229 = CARTESIAN_POINT('',(0.321110998435,-0.765280589271));
#2230 = CARTESIAN_POINT('',(0.343373644513,-0.770025934385));
#2231 = CARTESIAN_POINT('',(0.365549569555,-0.77499010861));
#2232 = CARTESIAN_POINT('',(0.38765055876,-0.780142731368));
#2233 = CARTESIAN_POINT('',(0.439715986077,-0.792692979944));
#2234 = CARTESIAN_POINT('',(0.469625140806,-0.800226850503));
#2235 = CARTESIAN_POINT('',(0.499457540834,-0.807985571325));
#2236 = CARTESIAN_POINT('',(0.529252205279,-0.815902411872));
#2237 = CARTESIAN_POINT('',(0.559048195866,-0.823915955106));
#2238 = CARTESIAN_POINT('',(0.588885015725,-0.831970645385));
#2239 = CARTESIAN_POINT('',(0.656384445306,-0.850125173981));
#2240 = CARTESIAN_POINT('',(0.69408762856,-0.86021859866));
#2241 = CARTESIAN_POINT('',(0.731991795261,-0.870199522739));
#2242 = CARTESIAN_POINT('',(0.770161344776,-0.879980114764));
#2243 = CARTESIAN_POINT('',(0.808647281698,-0.889482479453));
#2244 = CARTESIAN_POINT('',(0.847488659026,-0.898638337692));
#2245 = CARTESIAN_POINT('',(0.978698927425,-0.927908640738));
#2246 = CARTESIAN_POINT('',(1.072737697479,-0.946185489578));
#2247 = CARTESIAN_POINT('',(1.169210184653,-0.961467305043));
#2248 = CARTESIAN_POINT('',(1.267971868638,-0.973221532984));
#2249 = CARTESIAN_POINT('',(1.368382509375,-0.981146483682));
#2250 = CARTESIAN_POINT('',(1.46957900177,-0.985110783338));
#2251 = CARTESIAN_POINT('',(1.570796326795,-0.985110783338));
#2252 = ( GEOMETRIC_REPRESENTATION_CONTEXT(2) 
PARAMETRIC_REPRESENTATION_CONTEXT() REPRESENTATION_CONTEXT('2D SPACE',''
  ) );
#2253 = ORIENTED_EDGE('',*,*,#2254,.T.);
#2254 = EDGE_CURVE('',#2140,#2255,#2257,.T.);
#2255 = VERTEX_POINT('',#2256);
#2256 = CARTESIAN_POINT('',(33.38196601125,41.1,-3.));
#2257 = SURFACE_CURVE('',#2258,(#2262,#2269),.PCURVE_S1.);
#2258 = LINE('',#2259,#2260);
#2259 = CARTESIAN_POINT('',(-67.,41.1,-3.));
#2260 = VECTOR('',#2261,1.);
#2261 = DIRECTION('',(1.,0.,-0.));
#2262 = PCURVE('',#700,#2263);
#2263 = DEFINITIONAL_REPRESENTATION('',(#2264),#2268);
#2264 = LINE('',#2265,#2266);
#2265 = CARTESIAN_POINT('',(1.570796326795,0.));
#2266 = VECTOR('',#2267,1.);
#2267 = DIRECTION('',(0.,1.));
#2268 = ( GEOMETRIC_REPRESENTATION_CONTEXT(2) 
PARAMETRIC_REPRESENTATION_CONTEXT() REPRESENTATION_CONTEXT('2D SPACE',''
  ) );
#2269 = PCURVE('',#2270,#2275);
#2270 = PLANE('',#2271);
#2271 = AXIS2_PLACEMENT_3D('',#2272,#2273,#2274);
#2272 = CARTESIAN_POINT('',(-67.,35.6,-3.));
#2273 = DIRECTION('',(0.,0.,1.));
#2274 = DIRECTION('',(1.,0.,-0.));
#2275 = DEFINITIONAL_REPRESENTATION('',(#2276),#2280);
#2276 = LINE('',#2277,#2278);
#2277 = CARTESIAN_POINT('',(0.,5.5));
#2278 = VECTOR('',#2279,1.);
#2279 = DIRECTION('',(1.,0.));
#2280 = ( GEOMETRIC_REPRESENTATION_CONTEXT(2) 
PARAMETRIC_REPRESENTATION_CONTEXT() REPRESENTATION_CONTEXT('2D SPACE',''
  ) );
#2281 = ORIENTED_EDGE('',*,*,#2282,.F.);
#2282 = EDGE_CURVE('',#2283,#2255,#2285,.T.);
#2283 = VERTEX_POINT('',#2284);
#2284 = CARTESIAN_POINT('',(33.5,41.484057287393,-3.05));
#2285 = SURFACE_CURVE('',#2286,(#2295,#2307),.PCURVE_S1.);
#2286 = B_SPLINE_CURVE_WITH_KNOTS('',7,(#2287,#2288,#2289,#2290,#2291,
    #2292,#2293,#2294),.UNSPECIFIED.,.F.,.F.,(8,8),(0.,1.),
  .PIECEWISE_BEZIER_KNOTS.);
#2287 = CARTESIAN_POINT('',(33.5000006,41.484058193507,-3.05000024));
#2288 = CARTESIAN_POINT('',(33.469160324189,41.437483620747,
    -3.037664137077));
#2289 = CARTESIAN_POINT('',(33.441803904514,41.387442772369,
    -3.026277644067));
#2290 = CARTESIAN_POINT('',(33.418680149894,41.334111156924,
    -3.016321326425));
#2291 = CARTESIAN_POINT('',(33.400568482752,41.277881706655,
    -3.008319647164));
#2292 = CARTESIAN_POINT('',(33.388163100936,41.219416408176,
    -3.002771341798));
#2293 = CARTESIAN_POINT('',(33.38196601125,41.159692821136,-3.));
#2294 = CARTESIAN_POINT('',(33.38196601125,41.1,-3.));
#2295 = PCURVE('',#700,#2296);
#2296 = DEFINITIONAL_REPRESENTATION('',(#2297),#2306);
#2297 = B_SPLINE_CURVE_WITH_KNOTS('',7,(#2298,#2299,#2300,#2301,#2302,
    #2303,#2304,#2305),.UNSPECIFIED.,.F.,.F.,(8,8),(0.,1.),
  .PIECEWISE_BEZIER_KNOTS.);
#2298 = CARTESIAN_POINT('',(1.311874159883,100.5000006));
#2299 = CARTESIAN_POINT('',(1.343994560206,100.46916032418));
#2300 = CARTESIAN_POINT('',(1.37818666464,100.44180390451));
#2301 = CARTESIAN_POINT('',(1.414309650707,100.41868014989));
#2302 = CARTESIAN_POINT('',(1.45210570414,100.40056848275));
#2303 = CARTESIAN_POINT('',(1.491185363925,100.38816310093));
#2304 = CARTESIAN_POINT('',(1.531001112704,100.38196601125));
#2305 = CARTESIAN_POINT('',(1.570796326795,100.38196601125));
#2306 = ( GEOMETRIC_REPRESENTATION_CONTEXT(2) 
PARAMETRIC_REPRESENTATION_CONTEXT() REPRESENTATION_CONTEXT('2D SPACE',''
  ) );
#2307 = PCURVE('',#2308,#2313);
#2308 = SPHERICAL_SURFACE('',#2309,1.5);
#2309 = AXIS2_PLACEMENT_3D('',#2310,#2311,#2312);
#2310 = CARTESIAN_POINT('',(34.5,41.1,-2.));
#2311 = DIRECTION('',(0.,0.,1.));
#2312 = DIRECTION('',(-1.,0.,0.));
#2313 = DEFINITIONAL_REPRESENTATION('',(#2314),#2323);
#2314 = B_SPLINE_CURVE_WITH_KNOTS('',7,(#2315,#2316,#2317,#2318,#2319,
    #2320,#2321,#2322),.UNSPECIFIED.,.F.,.F.,(8,8),(0.,1.),
  .PIECEWISE_BEZIER_KNOTS.);
#2315 = CARTESIAN_POINT('',(-0.366688555908,-0.775397720656));
#2316 = CARTESIAN_POINT('',(-0.315778724893,-0.763881718635));
#2317 = CARTESIAN_POINT('',(-0.264354917162,-0.753403891459));
#2318 = CARTESIAN_POINT('',(-0.21238007253,-0.74436086665));
#2319 = CARTESIAN_POINT('',(-0.159848688674,-0.737168830583));
#2320 = CARTESIAN_POINT('',(-0.106809129621,-0.732206452475));
#2321 = CARTESIAN_POINT('',(-5.339088233118E-02,-0.729727656227));
#2322 = CARTESIAN_POINT('',(0.,-0.729727656227));
#2323 = ( GEOMETRIC_REPRESENTATION_CONTEXT(2) 
PARAMETRIC_REPRESENTATION_CONTEXT() REPRESENTATION_CONTEXT('2D SPACE',''
  ) );
#2324 = ORIENTED_EDGE('',*,*,#2325,.F.);
#2325 = EDGE_CURVE('',#659,#2283,#2326,.T.);
#2326 = SURFACE_CURVE('',#2327,(#2332,#2338),.PCURVE_S1.);
#2327 = CIRCLE('',#2328,1.5);
#2328 = AXIS2_PLACEMENT_3D('',#2329,#2330,#2331);
#2329 = CARTESIAN_POINT('',(33.5,41.1,-4.5));
#2330 = DIRECTION('',(1.,0.,8.679739665932E-17));
#2331 = DIRECTION('',(-8.679739665932E-17,0.,1.));
#2332 = PCURVE('',#700,#2333);
#2333 = DEFINITIONAL_REPRESENTATION('',(#2334),#2337);
#2334 = B_SPLINE_CURVE_WITH_KNOTS('',1,(#2335,#2336),.UNSPECIFIED.,.F.,
  .F.,(2,2),(4.712388980385,6.28318530718),.PIECEWISE_BEZIER_KNOTS.);
#2335 = CARTESIAN_POINT('',(0.,100.5));
#2336 = CARTESIAN_POINT('',(1.570796326795,100.5));
#2337 = ( GEOMETRIC_REPRESENTATION_CONTEXT(2) 
PARAMETRIC_REPRESENTATION_CONTEXT() REPRESENTATION_CONTEXT('2D SPACE',''
  ) );
#2338 = PCURVE('',#2339,#2344);
#2339 = SPHERICAL_SURFACE('',#2340,1.5);
#2340 = AXIS2_PLACEMENT_3D('',#2341,#2342,#2343);
#2341 = CARTESIAN_POINT('',(33.5,41.1,-4.5));
#2342 = DIRECTION('',(0.,-1.,-0.));
#2343 = DIRECTION('',(1.,0.,1.480297366167E-16));
#2344 = DEFINITIONAL_REPRESENTATION('',(#2345),#2348);
#2345 = B_SPLINE_CURVE_WITH_KNOTS('',1,(#2346,#2347),.UNSPECIFIED.,.F.,
  .F.,(2,2),(4.712388980385,6.28318530718),.PIECEWISE_BEZIER_KNOTS.);
#2346 = CARTESIAN_POINT('',(1.570796326795,-1.570796326795));
#2347 = CARTESIAN_POINT('',(1.570796326795,0.));
#2348 = ( GEOMETRIC_REPRESENTATION_CONTEXT(2) 
PARAMETRIC_REPRESENTATION_CONTEXT() REPRESENTATION_CONTEXT('2D SPACE',''
  ) );
#2349 = ADVANCED_FACE('',(#2350),#674,.T.);
#2350 = FACE_BOUND('',#2351,.T.);
#2351 = EDGE_LOOP('',(#2352,#2382,#2409,#2410));
#2352 = ORIENTED_EDGE('',*,*,#2353,.F.);
#2353 = EDGE_CURVE('',#2354,#2356,#2358,.T.);
#2354 = VERTEX_POINT('',#2355);
#2355 = CARTESIAN_POINT('',(35.,41.1,-5.5));
#2356 = VERTEX_POINT('',#2357);
#2357 = CARTESIAN_POINT('',(35.,41.1,-4.5));
#2358 = SURFACE_CURVE('',#2359,(#2363,#2370),.PCURVE_S1.);
#2359 = LINE('',#2360,#2361);
#2360 = CARTESIAN_POINT('',(35.,41.1,-7.));
#2361 = VECTOR('',#2362,1.);
#2362 = DIRECTION('',(0.,0.,1.));
#2363 = PCURVE('',#674,#2364);
#2364 = DEFINITIONAL_REPRESENTATION('',(#2365),#2369);
#2365 = LINE('',#2366,#2367);
#2366 = CARTESIAN_POINT('',(0.,0.));
#2367 = VECTOR('',#2368,1.);
#2368 = DIRECTION('',(0.,1.));
#2369 = ( GEOMETRIC_REPRESENTATION_CONTEXT(2) 
PARAMETRIC_REPRESENTATION_CONTEXT() REPRESENTATION_CONTEXT('2D SPACE',''
  ) );
#2370 = PCURVE('',#2371,#2376);
#2371 = PLANE('',#2372);
#2372 = AXIS2_PLACEMENT_3D('',#2373,#2374,#2375);
#2373 = CARTESIAN_POINT('',(35.,35.6,-7.));
#2374 = DIRECTION('',(1.,0.,-0.));
#2375 = DIRECTION('',(0.,0.,1.));
#2376 = DEFINITIONAL_REPRESENTATION('',(#2377),#2381);
#2377 = LINE('',#2378,#2379);
#2378 = CARTESIAN_POINT('',(0.,-5.5));
#2379 = VECTOR('',#2380,1.);
#2380 = DIRECTION('',(1.,0.));
#2381 = ( GEOMETRIC_REPRESENTATION_CONTEXT(2) 
PARAMETRIC_REPRESENTATION_CONTEXT() REPRESENTATION_CONTEXT('2D SPACE',''
  ) );
#2382 = ORIENTED_EDGE('',*,*,#2383,.T.);
#2383 = EDGE_CURVE('',#2354,#631,#2384,.T.);
#2384 = SURFACE_CURVE('',#2385,(#2390,#2397),.PCURVE_S1.);
#2385 = CIRCLE('',#2386,1.5);
#2386 = AXIS2_PLACEMENT_3D('',#2387,#2388,#2389);
#2387 = CARTESIAN_POINT('',(33.5,41.1,-5.5));
#2388 = DIRECTION('',(0.,0.,1.));
#2389 = DIRECTION('',(1.,0.,-0.));
#2390 = PCURVE('',#674,#2391);
#2391 = DEFINITIONAL_REPRESENTATION('',(#2392),#2396);
#2392 = LINE('',#2393,#2394);
#2393 = CARTESIAN_POINT('',(0.,1.5));
#2394 = VECTOR('',#2395,1.);
#2395 = DIRECTION('',(1.,0.));
#2396 = ( GEOMETRIC_REPRESENTATION_CONTEXT(2) 
PARAMETRIC_REPRESENTATION_CONTEXT() REPRESENTATION_CONTEXT('2D SPACE',''
  ) );
#2397 = PCURVE('',#2398,#2403);
#2398 = SPHERICAL_SURFACE('',#2399,1.5);
#2399 = AXIS2_PLACEMENT_3D('',#2400,#2401,#2402);
#2400 = CARTESIAN_POINT('',(33.5,41.1,-5.5));
#2401 = DIRECTION('',(0.,0.,1.));
#2402 = DIRECTION('',(1.,0.,-0.));
#2403 = DEFINITIONAL_REPRESENTATION('',(#2404),#2408);
#2404 = LINE('',#2405,#2406);
#2405 = CARTESIAN_POINT('',(0.,0.));
#2406 = VECTOR('',#2407,1.);
#2407 = DIRECTION('',(1.,0.));
#2408 = ( GEOMETRIC_REPRESENTATION_CONTEXT(2) 
PARAMETRIC_REPRESENTATION_CONTEXT() REPRESENTATION_CONTEXT('2D SPACE',''
  ) );
#2409 = ORIENTED_EDGE('',*,*,#658,.T.);
#2410 = ORIENTED_EDGE('',*,*,#2411,.T.);
#2411 = EDGE_CURVE('',#659,#2356,#2412,.T.);
#2412 = SURFACE_CURVE('',#2413,(#2418,#2424),.PCURVE_S1.);
#2413 = CIRCLE('',#2414,1.5);
#2414 = AXIS2_PLACEMENT_3D('',#2415,#2416,#2417);
#2415 = CARTESIAN_POINT('',(33.5,41.1,-4.5));
#2416 = DIRECTION('',(1.480297366167E-16,0.,-1.));
#2417 = DIRECTION('',(1.,0.,1.480297366167E-16));
#2418 = PCURVE('',#674,#2419);
#2419 = DEFINITIONAL_REPRESENTATION('',(#2420),#2423);
#2420 = B_SPLINE_CURVE_WITH_KNOTS('',1,(#2421,#2422),.UNSPECIFIED.,.F.,
  .F.,(2,2),(4.712388980385,6.28318530718),.PIECEWISE_BEZIER_KNOTS.);
#2421 = CARTESIAN_POINT('',(1.570796326795,2.5));
#2422 = CARTESIAN_POINT('',(0.,2.5));
#2423 = ( GEOMETRIC_REPRESENTATION_CONTEXT(2) 
PARAMETRIC_REPRESENTATION_CONTEXT() REPRESENTATION_CONTEXT('2D SPACE',''
  ) );
#2424 = PCURVE('',#2339,#2425);
#2425 = DEFINITIONAL_REPRESENTATION('',(#2426),#2429);
#2426 = B_SPLINE_CURVE_WITH_KNOTS('',1,(#2427,#2428),.UNSPECIFIED.,.F.,
  .F.,(2,2),(4.712388980385,6.28318530718),.PIECEWISE_BEZIER_KNOTS.);
#2427 = CARTESIAN_POINT('',(0.,-1.570796326795));
#2428 = CARTESIAN_POINT('',(0.,0.));
#2429 = ( GEOMETRIC_REPRESENTATION_CONTEXT(2) 
PARAMETRIC_REPRESENTATION_CONTEXT() REPRESENTATION_CONTEXT('2D SPACE',''
  ) );
#2430 = ADVANCED_FACE('',(#2431),#646,.T.);
#2431 = FACE_BOUND('',#2432,.F.);
#2432 = EDGE_LOOP('',(#2433,#2455,#2483,#2503));
#2433 = ORIENTED_EDGE('',*,*,#2434,.F.);
#2434 = EDGE_CURVE('',#2435,#601,#2437,.T.);
#2435 = VERTEX_POINT('',#2436);
#2436 = CARTESIAN_POINT('',(-65.5,41.1,-7.));
#2437 = SURFACE_CURVE('',#2438,(#2443,#2449),.PCURVE_S1.);
#2438 = CIRCLE('',#2439,1.5);
#2439 = AXIS2_PLACEMENT_3D('',#2440,#2441,#2442);
#2440 = CARTESIAN_POINT('',(-65.5,41.1,-5.5));
#2441 = DIRECTION('',(1.,6.123233995737E-17,-0.));
#2442 = DIRECTION('',(-6.123233995737E-17,1.,0.));
#2443 = PCURVE('',#646,#2444);
#2444 = DEFINITIONAL_REPRESENTATION('',(#2445),#2448);
#2445 = B_SPLINE_CURVE_WITH_KNOTS('',1,(#2446,#2447),.UNSPECIFIED.,.F.,
  .F.,(2,2),(4.712388980385,6.28318530718),.PIECEWISE_BEZIER_KNOTS.);
#2446 = CARTESIAN_POINT('',(-1.570796326795,1.5));
#2447 = CARTESIAN_POINT('',(0.,1.5));
#2448 = ( GEOMETRIC_REPRESENTATION_CONTEXT(2) 
PARAMETRIC_REPRESENTATION_CONTEXT() REPRESENTATION_CONTEXT('2D SPACE',''
  ) );
#2449 = PCURVE('',#1868,#2450);
#2450 = DEFINITIONAL_REPRESENTATION('',(#2451),#2454);
#2451 = B_SPLINE_CURVE_WITH_KNOTS('',1,(#2452,#2453),.UNSPECIFIED.,.F.,
  .F.,(2,2),(4.712388980385,6.28318530718),.PIECEWISE_BEZIER_KNOTS.);
#2452 = CARTESIAN_POINT('',(-1.570796326795,-1.570796326795));
#2453 = CARTESIAN_POINT('',(-1.570796326795,0.));
#2454 = ( GEOMETRIC_REPRESENTATION_CONTEXT(2) 
PARAMETRIC_REPRESENTATION_CONTEXT() REPRESENTATION_CONTEXT('2D SPACE',''
  ) );
#2455 = ORIENTED_EDGE('',*,*,#2456,.T.);
#2456 = EDGE_CURVE('',#2435,#2457,#2459,.T.);
#2457 = VERTEX_POINT('',#2458);
#2458 = CARTESIAN_POINT('',(33.5,41.1,-7.));
#2459 = SURFACE_CURVE('',#2460,(#2464,#2471),.PCURVE_S1.);
#2460 = LINE('',#2461,#2462);
#2461 = CARTESIAN_POINT('',(-67.,41.1,-7.));
#2462 = VECTOR('',#2463,1.);
#2463 = DIRECTION('',(1.,0.,-0.));
#2464 = PCURVE('',#646,#2465);
#2465 = DEFINITIONAL_REPRESENTATION('',(#2466),#2470);
#2466 = LINE('',#2467,#2468);
#2467 = CARTESIAN_POINT('',(-1.570796326795,0.));
#2468 = VECTOR('',#2469,1.);
#2469 = DIRECTION('',(-0.,1.));
#2470 = ( GEOMETRIC_REPRESENTATION_CONTEXT(2) 
PARAMETRIC_REPRESENTATION_CONTEXT() REPRESENTATION_CONTEXT('2D SPACE',''
  ) );
#2471 = PCURVE('',#2472,#2477);
#2472 = PLANE('',#2473);
#2473 = AXIS2_PLACEMENT_3D('',#2474,#2475,#2476);
#2474 = CARTESIAN_POINT('',(-67.,35.6,-7.));
#2475 = DIRECTION('',(0.,0.,1.));
#2476 = DIRECTION('',(1.,0.,-0.));
#2477 = DEFINITIONAL_REPRESENTATION('',(#2478),#2482);
#2478 = LINE('',#2479,#2480);
#2479 = CARTESIAN_POINT('',(0.,5.5));
#2480 = VECTOR('',#2481,1.);
#2481 = DIRECTION('',(1.,0.));
#2482 = ( GEOMETRIC_REPRESENTATION_CONTEXT(2) 
PARAMETRIC_REPRESENTATION_CONTEXT() REPRESENTATION_CONTEXT('2D SPACE',''
  ) );
#2483 = ORIENTED_EDGE('',*,*,#2484,.T.);
#2484 = EDGE_CURVE('',#2457,#631,#2485,.T.);
#2485 = SURFACE_CURVE('',#2486,(#2491,#2497),.PCURVE_S1.);
#2486 = CIRCLE('',#2487,1.5);
#2487 = AXIS2_PLACEMENT_3D('',#2488,#2489,#2490);
#2488 = CARTESIAN_POINT('',(33.5,41.1,-5.5));
#2489 = DIRECTION('',(1.,-6.123233995737E-17,0.));
#2490 = DIRECTION('',(6.123233995737E-17,1.,0.));
#2491 = PCURVE('',#646,#2492);
#2492 = DEFINITIONAL_REPRESENTATION('',(#2493),#2496);
#2493 = B_SPLINE_CURVE_WITH_KNOTS('',1,(#2494,#2495),.UNSPECIFIED.,.F.,
  .F.,(2,2),(4.712388980385,6.28318530718),.PIECEWISE_BEZIER_KNOTS.);
#2494 = CARTESIAN_POINT('',(-1.570796326795,100.5));
#2495 = CARTESIAN_POINT('',(0.,100.5));
#2496 = ( GEOMETRIC_REPRESENTATION_CONTEXT(2) 
PARAMETRIC_REPRESENTATION_CONTEXT() REPRESENTATION_CONTEXT('2D SPACE',''
  ) );
#2497 = PCURVE('',#2398,#2498);
#2498 = DEFINITIONAL_REPRESENTATION('',(#2499),#2502);
#2499 = B_SPLINE_CURVE_WITH_KNOTS('',1,(#2500,#2501),.UNSPECIFIED.,.F.,
  .F.,(2,2),(4.712388980385,6.28318530718),.PIECEWISE_BEZIER_KNOTS.);
#2500 = CARTESIAN_POINT('',(1.570796326795,-1.570796326795));
#2501 = CARTESIAN_POINT('',(1.570796326795,0.));
#2502 = ( GEOMETRIC_REPRESENTATION_CONTEXT(2) 
PARAMETRIC_REPRESENTATION_CONTEXT() REPRESENTATION_CONTEXT('2D SPACE',''
  ) );
#2503 = ORIENTED_EDGE('',*,*,#630,.F.);
#2504 = ADVANCED_FACE('',(#2505),#732,.T.);
#2505 = FACE_BOUND('',#2506,.F.);
#2506 = EDGE_LOOP('',(#2507,#2537,#2564,#2565));
#2507 = ORIENTED_EDGE('',*,*,#2508,.F.);
#2508 = EDGE_CURVE('',#2509,#2511,#2513,.T.);
#2509 = VERTEX_POINT('',#2510);
#2510 = CARTESIAN_POINT('',(-69.,41.1,-2.));
#2511 = VERTEX_POINT('',#2512);
#2512 = CARTESIAN_POINT('',(-69.,41.1,29.4));
#2513 = SURFACE_CURVE('',#2514,(#2518,#2525),.PCURVE_S1.);
#2514 = LINE('',#2515,#2516);
#2515 = CARTESIAN_POINT('',(-69.,41.1,-3.5));
#2516 = VECTOR('',#2517,1.);
#2517 = DIRECTION('',(0.,0.,1.));
#2518 = PCURVE('',#732,#2519);
#2519 = DEFINITIONAL_REPRESENTATION('',(#2520),#2524);
#2520 = LINE('',#2521,#2522);
#2521 = CARTESIAN_POINT('',(-0.,0.));
#2522 = VECTOR('',#2523,1.);
#2523 = DIRECTION('',(-0.,1.));
#2524 = ( GEOMETRIC_REPRESENTATION_CONTEXT(2) 
PARAMETRIC_REPRESENTATION_CONTEXT() REPRESENTATION_CONTEXT('2D SPACE',''
  ) );
#2525 = PCURVE('',#2526,#2531);
#2526 = PLANE('',#2527);
#2527 = AXIS2_PLACEMENT_3D('',#2528,#2529,#2530);
#2528 = CARTESIAN_POINT('',(-69.,35.6,-3.5));
#2529 = DIRECTION('',(1.,0.,-0.));
#2530 = DIRECTION('',(0.,0.,1.));
#2531 = DEFINITIONAL_REPRESENTATION('',(#2532),#2536);
#2532 = LINE('',#2533,#2534);
#2533 = CARTESIAN_POINT('',(0.,-5.5));
#2534 = VECTOR('',#2535,1.);
#2535 = DIRECTION('',(1.,0.));
#2536 = ( GEOMETRIC_REPRESENTATION_CONTEXT(2) 
PARAMETRIC_REPRESENTATION_CONTEXT() REPRESENTATION_CONTEXT('2D SPACE',''
  ) );
#2537 = ORIENTED_EDGE('',*,*,#2538,.T.);
#2538 = EDGE_CURVE('',#2509,#715,#2539,.T.);
#2539 = SURFACE_CURVE('',#2540,(#2545,#2552),.PCURVE_S1.);
#2540 = CIRCLE('',#2541,1.5);
#2541 = AXIS2_PLACEMENT_3D('',#2542,#2543,#2544);
#2542 = CARTESIAN_POINT('',(-67.5,41.1,-2.));
#2543 = DIRECTION('',(-0.,0.,-1.));
#2544 = DIRECTION('',(-1.,0.,0.));
#2545 = PCURVE('',#732,#2546);
#2546 = DEFINITIONAL_REPRESENTATION('',(#2547),#2551);
#2547 = LINE('',#2548,#2549);
#2548 = CARTESIAN_POINT('',(-0.,1.5));
#2549 = VECTOR('',#2550,1.);
#2550 = DIRECTION('',(-1.,0.));
#2551 = ( GEOMETRIC_REPRESENTATION_CONTEXT(2) 
PARAMETRIC_REPRESENTATION_CONTEXT() REPRESENTATION_CONTEXT('2D SPACE',''
  ) );
#2552 = PCURVE('',#2553,#2558);
#2553 = SPHERICAL_SURFACE('',#2554,1.5);
#2554 = AXIS2_PLACEMENT_3D('',#2555,#2556,#2557);
#2555 = CARTESIAN_POINT('',(-67.5,41.1,-2.));
#2556 = DIRECTION('',(0.,0.,1.));
#2557 = DIRECTION('',(-1.,0.,0.));
#2558 = DEFINITIONAL_REPRESENTATION('',(#2559),#2563);
#2559 = LINE('',#2560,#2561);
#2560 = CARTESIAN_POINT('',(-0.,0.));
#2561 = VECTOR('',#2562,1.);
#2562 = DIRECTION('',(-1.,0.));
#2563 = ( GEOMETRIC_REPRESENTATION_CONTEXT(2) 
PARAMETRIC_REPRESENTATION_CONTEXT() REPRESENTATION_CONTEXT('2D SPACE',''
  ) );
#2564 = ORIENTED_EDGE('',*,*,#714,.T.);
#2565 = ORIENTED_EDGE('',*,*,#2566,.T.);
#2566 = EDGE_CURVE('',#717,#2511,#2567,.T.);
#2567 = SURFACE_CURVE('',#2568,(#2573,#2579),.PCURVE_S1.);
#2568 = CIRCLE('',#2569,1.5);
#2569 = AXIS2_PLACEMENT_3D('',#2570,#2571,#2572);
#2570 = CARTESIAN_POINT('',(-67.5,41.1,29.4));
#2571 = DIRECTION('',(0.,0.,1.));
#2572 = DIRECTION('',(-1.,-0.,0.));
#2573 = PCURVE('',#732,#2574);
#2574 = DEFINITIONAL_REPRESENTATION('',(#2575),#2578);
#2575 = B_SPLINE_CURVE_WITH_KNOTS('',1,(#2576,#2577),.UNSPECIFIED.,.F.,
  .F.,(2,2),(4.712388980385,6.28318530718),.PIECEWISE_BEZIER_KNOTS.);
#2576 = CARTESIAN_POINT('',(-1.570796326795,32.9));
#2577 = CARTESIAN_POINT('',(0.,32.9));
#2578 = ( GEOMETRIC_REPRESENTATION_CONTEXT(2) 
PARAMETRIC_REPRESENTATION_CONTEXT() REPRESENTATION_CONTEXT('2D SPACE',''
  ) );
#2579 = PCURVE('',#2580,#2585);
#2580 = SPHERICAL_SURFACE('',#2581,1.5);
#2581 = AXIS2_PLACEMENT_3D('',#2582,#2583,#2584);
#2582 = CARTESIAN_POINT('',(-67.5,41.1,29.4));
#2583 = DIRECTION('',(0.,-1.,-0.));
#2584 = DIRECTION('',(-1.,-0.,0.));
#2585 = DEFINITIONAL_REPRESENTATION('',(#2586),#2589);
#2586 = B_SPLINE_CURVE_WITH_KNOTS('',1,(#2587,#2588),.UNSPECIFIED.,.F.,
  .F.,(2,2),(4.712388980385,6.28318530718),.PIECEWISE_BEZIER_KNOTS.);
#2587 = CARTESIAN_POINT('',(0.,-1.570796326795));
#2588 = CARTESIAN_POINT('',(0.,0.));
#2589 = ( GEOMETRIC_REPRESENTATION_CONTEXT(2) 
PARAMETRIC_REPRESENTATION_CONTEXT() REPRESENTATION_CONTEXT('2D SPACE',''
  ) );
#2590 = ADVANCED_FACE('',(#2591),#814,.T.);
#2591 = FACE_BOUND('',#2592,.T.);
#2592 = EDGE_LOOP('',(#2593,#2594,#2616,#2644,#2687));
#2593 = ORIENTED_EDGE('',*,*,#800,.F.);
#2594 = ORIENTED_EDGE('',*,*,#2595,.T.);
#2595 = EDGE_CURVE('',#717,#2596,#2598,.T.);
#2596 = VERTEX_POINT('',#2597);
#2597 = CARTESIAN_POINT('',(-67.5,41.1,30.9));
#2598 = SURFACE_CURVE('',#2599,(#2604,#2610),.PCURVE_S1.);
#2599 = CIRCLE('',#2600,1.5);
#2600 = AXIS2_PLACEMENT_3D('',#2601,#2602,#2603);
#2601 = CARTESIAN_POINT('',(-67.5,41.1,29.4));
#2602 = DIRECTION('',(1.,0.,2.832769448824E-16));
#2603 = DIRECTION('',(-2.832769448824E-16,-0.,1.));
#2604 = PCURVE('',#814,#2605);
#2605 = DEFINITIONAL_REPRESENTATION('',(#2606),#2609);
#2606 = B_SPLINE_CURVE_WITH_KNOTS('',1,(#2607,#2608),.UNSPECIFIED.,.F.,
  .F.,(2,2),(4.712388980385,6.28318530718),.PIECEWISE_BEZIER_KNOTS.);
#2607 = CARTESIAN_POINT('',(0.,1.5));
#2608 = CARTESIAN_POINT('',(1.570796326795,1.5));
#2609 = ( GEOMETRIC_REPRESENTATION_CONTEXT(2) 
PARAMETRIC_REPRESENTATION_CONTEXT() REPRESENTATION_CONTEXT('2D SPACE',''
  ) );
#2610 = PCURVE('',#2580,#2611);
#2611 = DEFINITIONAL_REPRESENTATION('',(#2612),#2615);
#2612 = B_SPLINE_CURVE_WITH_KNOTS('',1,(#2613,#2614),.UNSPECIFIED.,.F.,
  .F.,(2,2),(4.712388980385,6.28318530718),.PIECEWISE_BEZIER_KNOTS.);
#2613 = CARTESIAN_POINT('',(-1.570796326795,-1.570796326795));
#2614 = CARTESIAN_POINT('',(-1.570796326795,0.));
#2615 = ( GEOMETRIC_REPRESENTATION_CONTEXT(2) 
PARAMETRIC_REPRESENTATION_CONTEXT() REPRESENTATION_CONTEXT('2D SPACE',''
  ) );
#2616 = ORIENTED_EDGE('',*,*,#2617,.T.);
#2617 = EDGE_CURVE('',#2596,#2618,#2620,.T.);
#2618 = VERTEX_POINT('',#2619);
#2619 = CARTESIAN_POINT('',(-66.61803398875,41.1,30.9));
#2620 = SURFACE_CURVE('',#2621,(#2625,#2632),.PCURVE_S1.);
#2621 = LINE('',#2622,#2623);
#2622 = CARTESIAN_POINT('',(-69.,41.1,30.9));
#2623 = VECTOR('',#2624,1.);
#2624 = DIRECTION('',(1.,0.,-0.));
#2625 = PCURVE('',#814,#2626);
#2626 = DEFINITIONAL_REPRESENTATION('',(#2627),#2631);
#2627 = LINE('',#2628,#2629);
#2628 = CARTESIAN_POINT('',(1.570796326795,0.));
#2629 = VECTOR('',#2630,1.);
#2630 = DIRECTION('',(0.,1.));
#2631 = ( GEOMETRIC_REPRESENTATION_CONTEXT(2) 
PARAMETRIC_REPRESENTATION_CONTEXT() REPRESENTATION_CONTEXT('2D SPACE',''
  ) );
#2632 = PCURVE('',#2633,#2638);
#2633 = PLANE('',#2634);
#2634 = AXIS2_PLACEMENT_3D('',#2635,#2636,#2637);
#2635 = CARTESIAN_POINT('',(-69.,35.6,30.9));
#2636 = DIRECTION('',(0.,0.,1.));
#2637 = DIRECTION('',(1.,0.,-0.));
#2638 = DEFINITIONAL_REPRESENTATION('',(#2639),#2643);
#2639 = LINE('',#2640,#2641);
#2640 = CARTESIAN_POINT('',(0.,5.5));
#2641 = VECTOR('',#2642,1.);
#2642 = DIRECTION('',(1.,0.));
#2643 = ( GEOMETRIC_REPRESENTATION_CONTEXT(2) 
PARAMETRIC_REPRESENTATION_CONTEXT() REPRESENTATION_CONTEXT('2D SPACE',''
  ) );
#2644 = ORIENTED_EDGE('',*,*,#2645,.F.);
#2645 = EDGE_CURVE('',#2646,#2618,#2648,.T.);
#2646 = VERTEX_POINT('',#2647);
#2647 = CARTESIAN_POINT('',(-66.5,41.484057287393,30.85));
#2648 = SURFACE_CURVE('',#2649,(#2658,#2670),.PCURVE_S1.);
#2649 = B_SPLINE_CURVE_WITH_KNOTS('',7,(#2650,#2651,#2652,#2653,#2654,
    #2655,#2656,#2657),.UNSPECIFIED.,.F.,.F.,(8,8),(0.,1.),
  .PIECEWISE_BEZIER_KNOTS.);
#2650 = CARTESIAN_POINT('',(-66.4999994,41.484058193507,30.84999976));
#2651 = CARTESIAN_POINT('',(-66.53083967581,41.437483620747,
    30.862335862923));
#2652 = CARTESIAN_POINT('',(-66.55819609548,41.387442772369,
    30.873722355933));
#2653 = CARTESIAN_POINT('',(-66.5813198501,41.334111156924,
    30.883678673575));
#2654 = CARTESIAN_POINT('',(-66.59943151724,41.277881706656,
    30.891680352836));
#2655 = CARTESIAN_POINT('',(-66.61183689906,41.219416408176,
    30.897228658202));
#2656 = CARTESIAN_POINT('',(-66.61803398875,41.159692821136,30.9));
#2657 = CARTESIAN_POINT('',(-66.61803398875,41.1,30.9));
#2658 = PCURVE('',#814,#2659);
#2659 = DEFINITIONAL_REPRESENTATION('',(#2660),#2669);
#2660 = B_SPLINE_CURVE_WITH_KNOTS('',7,(#2661,#2662,#2663,#2664,#2665,
    #2666,#2667,#2668),.UNSPECIFIED.,.F.,.F.,(8,8),(0.,1.),
  .PIECEWISE_BEZIER_KNOTS.);
#2661 = CARTESIAN_POINT('',(1.311874159883,2.5000006));
#2662 = CARTESIAN_POINT('',(1.343994560206,2.469160324189));
#2663 = CARTESIAN_POINT('',(1.37818666464,2.441803904514));
#2664 = CARTESIAN_POINT('',(1.414309650708,2.418680149893));
#2665 = CARTESIAN_POINT('',(1.452105704139,2.400568482751));
#2666 = CARTESIAN_POINT('',(1.491185363925,2.388163100936));
#2667 = CARTESIAN_POINT('',(1.531001112704,2.38196601125));
#2668 = CARTESIAN_POINT('',(1.570796326795,2.38196601125));
#2669 = ( GEOMETRIC_REPRESENTATION_CONTEXT(2) 
PARAMETRIC_REPRESENTATION_CONTEXT() REPRESENTATION_CONTEXT('2D SPACE',''
  ) );
#2670 = PCURVE('',#2671,#2676);
#2671 = SPHERICAL_SURFACE('',#2672,1.5);
#2672 = AXIS2_PLACEMENT_3D('',#2673,#2674,#2675);
#2673 = CARTESIAN_POINT('',(-65.5,41.1,31.9));
#2674 = DIRECTION('',(0.,0.,1.));
#2675 = DIRECTION('',(-1.,0.,0.));
#2676 = DEFINITIONAL_REPRESENTATION('',(#2677),#2686);
#2677 = B_SPLINE_CURVE_WITH_KNOTS('',7,(#2678,#2679,#2680,#2681,#2682,
    #2683,#2684,#2685),.UNSPECIFIED.,.F.,.F.,(8,8),(0.,1.),
  .PIECEWISE_BEZIER_KNOTS.);
#2678 = CARTESIAN_POINT('',(-0.366688555908,-0.775397720656));
#2679 = CARTESIAN_POINT('',(-0.315778724893,-0.763881718635));
#2680 = CARTESIAN_POINT('',(-0.264354917162,-0.753403891459));
#2681 = CARTESIAN_POINT('',(-0.212380072529,-0.744360866649));
#2682 = CARTESIAN_POINT('',(-0.159848688675,-0.737168830583));
#2683 = CARTESIAN_POINT('',(-0.10680912962,-0.732206452475));
#2684 = CARTESIAN_POINT('',(-5.339088233121E-02,-0.729727656227));
#2685 = CARTESIAN_POINT('',(0.,-0.729727656227));
#2686 = ( GEOMETRIC_REPRESENTATION_CONTEXT(2) 
PARAMETRIC_REPRESENTATION_CONTEXT() REPRESENTATION_CONTEXT('2D SPACE',''
  ) );
#2687 = ORIENTED_EDGE('',*,*,#2688,.F.);
#2688 = EDGE_CURVE('',#773,#2646,#2689,.T.);
#2689 = SURFACE_CURVE('',#2690,(#2695,#2701),.PCURVE_S1.);
#2690 = CIRCLE('',#2691,1.5);
#2691 = AXIS2_PLACEMENT_3D('',#2692,#2693,#2694);
#2692 = CARTESIAN_POINT('',(-66.5,41.1,29.4));
#2693 = DIRECTION('',(1.,0.,-2.832769448824E-16));
#2694 = DIRECTION('',(2.832769448824E-16,0.,1.));
#2695 = PCURVE('',#814,#2696);
#2696 = DEFINITIONAL_REPRESENTATION('',(#2697),#2700);
#2697 = B_SPLINE_CURVE_WITH_KNOTS('',1,(#2698,#2699),.UNSPECIFIED.,.F.,
  .F.,(2,2),(4.712388980385,6.28318530718),.PIECEWISE_BEZIER_KNOTS.);
#2698 = CARTESIAN_POINT('',(0.,2.5));
#2699 = CARTESIAN_POINT('',(1.570796326795,2.5));
#2700 = ( GEOMETRIC_REPRESENTATION_CONTEXT(2) 
PARAMETRIC_REPRESENTATION_CONTEXT() REPRESENTATION_CONTEXT('2D SPACE',''
  ) );
#2701 = PCURVE('',#2702,#2707);
#2702 = SPHERICAL_SURFACE('',#2703,1.5);
#2703 = AXIS2_PLACEMENT_3D('',#2704,#2705,#2706);
#2704 = CARTESIAN_POINT('',(-66.5,41.1,29.4));
#2705 = DIRECTION('',(0.,-1.,-0.));
#2706 = DIRECTION('',(1.,0.,0.));
#2707 = DEFINITIONAL_REPRESENTATION('',(#2708),#2711);
#2708 = B_SPLINE_CURVE_WITH_KNOTS('',1,(#2709,#2710),.UNSPECIFIED.,.F.,
  .F.,(2,2),(4.712388980385,6.28318530718),.PIECEWISE_BEZIER_KNOTS.);
#2709 = CARTESIAN_POINT('',(1.570796326795,-1.570796326795));
#2710 = CARTESIAN_POINT('',(1.570796326795,0.));
#2711 = ( GEOMETRIC_REPRESENTATION_CONTEXT(2) 
PARAMETRIC_REPRESENTATION_CONTEXT() REPRESENTATION_CONTEXT('2D SPACE',''
  ) );
#2712 = ADVANCED_FACE('',(#2713),#788,.T.);
#2713 = FACE_BOUND('',#2714,.T.);
#2714 = EDGE_LOOP('',(#2715,#2745,#2767,#2768));
#2715 = ORIENTED_EDGE('',*,*,#2716,.F.);
#2716 = EDGE_CURVE('',#2717,#2719,#2721,.T.);
#2717 = VERTEX_POINT('',#2718);
#2718 = CARTESIAN_POINT('',(-65.,41.1,-2.));
#2719 = VERTEX_POINT('',#2720);
#2720 = CARTESIAN_POINT('',(-65.,41.1,29.4));
#2721 = SURFACE_CURVE('',#2722,(#2726,#2733),.PCURVE_S1.);
#2722 = LINE('',#2723,#2724);
#2723 = CARTESIAN_POINT('',(-65.,41.1,-3.5));
#2724 = VECTOR('',#2725,1.);
#2725 = DIRECTION('',(0.,0.,1.));
#2726 = PCURVE('',#788,#2727);
#2727 = DEFINITIONAL_REPRESENTATION('',(#2728),#2732);
#2728 = LINE('',#2729,#2730);
#2729 = CARTESIAN_POINT('',(0.,0.));
#2730 = VECTOR('',#2731,1.);
#2731 = DIRECTION('',(0.,1.));
#2732 = ( GEOMETRIC_REPRESENTATION_CONTEXT(2) 
PARAMETRIC_REPRESENTATION_CONTEXT() REPRESENTATION_CONTEXT('2D SPACE',''
  ) );
#2733 = PCURVE('',#2734,#2739);
#2734 = PLANE('',#2735);
#2735 = AXIS2_PLACEMENT_3D('',#2736,#2737,#2738);
#2736 = CARTESIAN_POINT('',(-65.,35.6,-3.5));
#2737 = DIRECTION('',(1.,0.,-0.));
#2738 = DIRECTION('',(0.,0.,1.));
#2739 = DEFINITIONAL_REPRESENTATION('',(#2740),#2744);
#2740 = LINE('',#2741,#2742);
#2741 = CARTESIAN_POINT('',(0.,-5.5));
#2742 = VECTOR('',#2743,1.);
#2743 = DIRECTION('',(1.,0.));
#2744 = ( GEOMETRIC_REPRESENTATION_CONTEXT(2) 
PARAMETRIC_REPRESENTATION_CONTEXT() REPRESENTATION_CONTEXT('2D SPACE',''
  ) );
#2745 = ORIENTED_EDGE('',*,*,#2746,.T.);
#2746 = EDGE_CURVE('',#2717,#745,#2747,.T.);
#2747 = SURFACE_CURVE('',#2748,(#2753,#2760),.PCURVE_S1.);
#2748 = CIRCLE('',#2749,1.5);
#2749 = AXIS2_PLACEMENT_3D('',#2750,#2751,#2752);
#2750 = CARTESIAN_POINT('',(-66.5,41.1,-2.));
#2751 = DIRECTION('',(0.,0.,1.));
#2752 = DIRECTION('',(1.,0.,-0.));
#2753 = PCURVE('',#788,#2754);
#2754 = DEFINITIONAL_REPRESENTATION('',(#2755),#2759);
#2755 = LINE('',#2756,#2757);
#2756 = CARTESIAN_POINT('',(0.,1.5));
#2757 = VECTOR('',#2758,1.);
#2758 = DIRECTION('',(1.,0.));
#2759 = ( GEOMETRIC_REPRESENTATION_CONTEXT(2) 
PARAMETRIC_REPRESENTATION_CONTEXT() REPRESENTATION_CONTEXT('2D SPACE',''
  ) );
#2760 = PCURVE('',#1962,#2761);
#2761 = DEFINITIONAL_REPRESENTATION('',(#2762),#2766);
#2762 = LINE('',#2763,#2764);
#2763 = CARTESIAN_POINT('',(0.,0.));
#2764 = VECTOR('',#2765,1.);
#2765 = DIRECTION('',(1.,0.));
#2766 = ( GEOMETRIC_REPRESENTATION_CONTEXT(2) 
PARAMETRIC_REPRESENTATION_CONTEXT() REPRESENTATION_CONTEXT('2D SPACE',''
  ) );
#2767 = ORIENTED_EDGE('',*,*,#772,.T.);
#2768 = ORIENTED_EDGE('',*,*,#2769,.T.);
#2769 = EDGE_CURVE('',#773,#2719,#2770,.T.);
#2770 = SURFACE_CURVE('',#2771,(#2776,#2782),.PCURVE_S1.);
#2771 = CIRCLE('',#2772,1.5);
#2772 = AXIS2_PLACEMENT_3D('',#2773,#2774,#2775);
#2773 = CARTESIAN_POINT('',(-66.5,41.1,29.4));
#2774 = DIRECTION('',(0.,0.,-1.));
#2775 = DIRECTION('',(1.,0.,0.));
#2776 = PCURVE('',#788,#2777);
#2777 = DEFINITIONAL_REPRESENTATION('',(#2778),#2781);
#2778 = B_SPLINE_CURVE_WITH_KNOTS('',1,(#2779,#2780),.UNSPECIFIED.,.F.,
  .F.,(2,2),(4.712388980385,6.28318530718),.PIECEWISE_BEZIER_KNOTS.);
#2779 = CARTESIAN_POINT('',(1.570796326795,32.9));
#2780 = CARTESIAN_POINT('',(0.,32.9));
#2781 = ( GEOMETRIC_REPRESENTATION_CONTEXT(2) 
PARAMETRIC_REPRESENTATION_CONTEXT() REPRESENTATION_CONTEXT('2D SPACE',''
  ) );
#2782 = PCURVE('',#2702,#2783);
#2783 = DEFINITIONAL_REPRESENTATION('',(#2784),#2787);
#2784 = B_SPLINE_CURVE_WITH_KNOTS('',1,(#2785,#2786),.UNSPECIFIED.,.F.,
  .F.,(2,2),(4.712388980385,6.28318530718),.PIECEWISE_BEZIER_KNOTS.);
#2785 = CARTESIAN_POINT('',(0.,-1.570796326795));
#2786 = CARTESIAN_POINT('',(0.,0.));
#2787 = ( GEOMETRIC_REPRESENTATION_CONTEXT(2) 
PARAMETRIC_REPRESENTATION_CONTEXT() REPRESENTATION_CONTEXT('2D SPACE',''
  ) );
#2788 = ADVANCED_FACE('',(#2789),#760,.T.);
#2789 = FACE_BOUND('',#2790,.F.);
#2790 = EDGE_LOOP('',(#2791,#2813,#2841,#2891,#2911));
#2791 = ORIENTED_EDGE('',*,*,#2792,.F.);
#2792 = EDGE_CURVE('',#2793,#715,#2795,.T.);
#2793 = VERTEX_POINT('',#2794);
#2794 = CARTESIAN_POINT('',(-67.5,41.1,-3.5));
#2795 = SURFACE_CURVE('',#2796,(#2801,#2807),.PCURVE_S1.);
#2796 = CIRCLE('',#2797,1.5);
#2797 = AXIS2_PLACEMENT_3D('',#2798,#2799,#2800);
#2798 = CARTESIAN_POINT('',(-67.5,41.1,-2.));
#2799 = DIRECTION('',(1.,2.832769448824E-16,-0.));
#2800 = DIRECTION('',(-2.832769448824E-16,1.,0.));
#2801 = PCURVE('',#760,#2802);
#2802 = DEFINITIONAL_REPRESENTATION('',(#2803),#2806);
#2803 = B_SPLINE_CURVE_WITH_KNOTS('',1,(#2804,#2805),.UNSPECIFIED.,.F.,
  .F.,(2,2),(4.712388980385,6.28318530718),.PIECEWISE_BEZIER_KNOTS.);
#2804 = CARTESIAN_POINT('',(-1.570796326795,1.5));
#2805 = CARTESIAN_POINT('',(0.,1.5));
#2806 = ( GEOMETRIC_REPRESENTATION_CONTEXT(2) 
PARAMETRIC_REPRESENTATION_CONTEXT() REPRESENTATION_CONTEXT('2D SPACE',''
  ) );
#2807 = PCURVE('',#2553,#2808);
#2808 = DEFINITIONAL_REPRESENTATION('',(#2809),#2812);
#2809 = B_SPLINE_CURVE_WITH_KNOTS('',1,(#2810,#2811),.UNSPECIFIED.,.F.,
  .F.,(2,2),(4.712388980385,6.28318530718),.PIECEWISE_BEZIER_KNOTS.);
#2810 = CARTESIAN_POINT('',(-1.570796326795,-1.570796326795));
#2811 = CARTESIAN_POINT('',(-1.570796326795,0.));
#2812 = ( GEOMETRIC_REPRESENTATION_CONTEXT(2) 
PARAMETRIC_REPRESENTATION_CONTEXT() REPRESENTATION_CONTEXT('2D SPACE',''
  ) );
#2813 = ORIENTED_EDGE('',*,*,#2814,.T.);
#2814 = EDGE_CURVE('',#2793,#2815,#2817,.T.);
#2815 = VERTEX_POINT('',#2816);
#2816 = CARTESIAN_POINT('',(-66.61803398875,41.1,-3.5));
#2817 = SURFACE_CURVE('',#2818,(#2822,#2829),.PCURVE_S1.);
#2818 = LINE('',#2819,#2820);
#2819 = CARTESIAN_POINT('',(-69.,41.1,-3.5));
#2820 = VECTOR('',#2821,1.);
#2821 = DIRECTION('',(1.,0.,-0.));
#2822 = PCURVE('',#760,#2823);
#2823 = DEFINITIONAL_REPRESENTATION('',(#2824),#2828);
#2824 = LINE('',#2825,#2826);
#2825 = CARTESIAN_POINT('',(-1.570796326795,0.));
#2826 = VECTOR('',#2827,1.);
#2827 = DIRECTION('',(-0.,1.));
#2828 = ( GEOMETRIC_REPRESENTATION_CONTEXT(2) 
PARAMETRIC_REPRESENTATION_CONTEXT() REPRESENTATION_CONTEXT('2D SPACE',''
  ) );
#2829 = PCURVE('',#2830,#2835);
#2830 = PLANE('',#2831);
#2831 = AXIS2_PLACEMENT_3D('',#2832,#2833,#2834);
#2832 = CARTESIAN_POINT('',(-69.,35.6,-3.5));
#2833 = DIRECTION('',(0.,0.,1.));
#2834 = DIRECTION('',(1.,0.,-0.));
#2835 = DEFINITIONAL_REPRESENTATION('',(#2836),#2840);
#2836 = LINE('',#2837,#2838);
#2837 = CARTESIAN_POINT('',(0.,5.5));
#2838 = VECTOR('',#2839,1.);
#2839 = DIRECTION('',(1.,0.));
#2840 = ( GEOMETRIC_REPRESENTATION_CONTEXT(2) 
PARAMETRIC_REPRESENTATION_CONTEXT() REPRESENTATION_CONTEXT('2D SPACE',''
  ) );
#2841 = ORIENTED_EDGE('',*,*,#2842,.F.);
#2842 = EDGE_CURVE('',#2843,#2815,#2845,.T.);
#2843 = VERTEX_POINT('',#2844);
#2844 = CARTESIAN_POINT('',(-66.5,41.484057287393,-3.45));
#2845 = SURFACE_CURVE('',#2846,(#2859,#2875),.PCURVE_S1.);
#2846 = B_SPLINE_CURVE_WITH_KNOTS('',6,(#2847,#2848,#2849,#2850,#2851,
    #2852,#2853,#2854,#2855,#2856,#2857,#2858),.UNSPECIFIED.,.F.,.F.,(7,
    5,7),(0.,0.371628808905,1.),.UNSPECIFIED.);
#2847 = CARTESIAN_POINT('',(-66.4999994,41.484058193509,-3.44999976));
#2848 = CARTESIAN_POINT('',(-66.51336848035,41.46386838686,
    -3.455347388932));
#2849 = CARTESIAN_POINT('',(-66.52605327626,41.443025021416,
    -3.460507079803));
#2850 = CARTESIAN_POINT('',(-66.53799525024,41.421536091983,
    -3.465439028099));
#2851 = CARTESIAN_POINT('',(-66.54913087513,41.399419335743,
    -3.470100100589));
#2852 = CARTESIAN_POINT('',(-66.55939513203,41.376704973583,
    -3.474446199836));
#2853 = CARTESIAN_POINT('',(-66.5845004955,41.314098088486,
    -3.485178491749));
#2854 = CARTESIAN_POINT('',(-66.59761511079,41.273153356992,
    -3.490904266091));
#2855 = CARTESIAN_POINT('',(-66.60773835482,41.230868902712,
    -3.495395432472));
#2856 = CARTESIAN_POINT('',(-66.61460370722,41.187597793631,
    -3.49846598586));
#2857 = CARTESIAN_POINT('',(-66.61803398875,41.14378966396,-3.5));
#2858 = CARTESIAN_POINT('',(-66.61803398875,41.1,-3.5));
#2859 = PCURVE('',#760,#2860);
#2860 = DEFINITIONAL_REPRESENTATION('',(#2861),#2874);
#2861 = B_SPLINE_CURVE_WITH_KNOTS('',6,(#2862,#2863,#2864,#2865,#2866,
    #2867,#2868,#2869,#2870,#2871,#2872,#2873),.UNSPECIFIED.,.F.,.F.,(7,
    5,7),(0.,0.371628808905,1.),.UNSPECIFIED.);
#2862 = CARTESIAN_POINT('',(-1.311874159882,2.5000006));
#2863 = CARTESIAN_POINT('',(-1.325798166771,2.486631519648));
#2864 = CARTESIAN_POINT('',(-1.340111285116,2.473946723739));
#2865 = CARTESIAN_POINT('',(-1.354806386569,2.462004749753));
#2866 = CARTESIAN_POINT('',(-1.369870969453,2.450869124868));
#2867 = CARTESIAN_POINT('',(-1.385285702906,2.440604867967));
#2868 = CARTESIAN_POINT('',(-1.427632441735,2.4154995045));
#2869 = CARTESIAN_POINT('',(-1.455181434565,2.402384889209));
#2870 = CARTESIAN_POINT('',(-1.48350560285,2.39226164518));
#2871 = CARTESIAN_POINT('',(-1.512397799843,2.385396292777));
#2872 = CARTESIAN_POINT('',(-1.541603217489,2.38196601125));
#2873 = CARTESIAN_POINT('',(-1.570796326795,2.38196601125));
#2874 = ( GEOMETRIC_REPRESENTATION_CONTEXT(2) 
PARAMETRIC_REPRESENTATION_CONTEXT() REPRESENTATION_CONTEXT('2D SPACE',''
  ) );
#2875 = PCURVE('',#1895,#2876);
#2876 = DEFINITIONAL_REPRESENTATION('',(#2877),#2890);
#2877 = B_SPLINE_CURVE_WITH_KNOTS('',6,(#2878,#2879,#2880,#2881,#2882,
    #2883,#2884,#2885,#2886,#2887,#2888,#2889),.UNSPECIFIED.,.F.,.F.,(7,
    5,7),(0.,0.371628808905,1.),.UNSPECIFIED.);
#2878 = CARTESIAN_POINT('',(-0.809783986364,-0.258922166913));
#2879 = CARTESIAN_POINT('',(-0.800563929422,-0.244998160024));
#2880 = CARTESIAN_POINT('',(-0.791856589227,-0.230685041679));
#2881 = CARTESIAN_POINT('',(-0.783694910689,-0.215989940226));
#2882 = CARTESIAN_POINT('',(-0.776114424159,-0.200925357342));
#2883 = CARTESIAN_POINT('',(-0.769151350336,-0.185510623889));
#2884 = CARTESIAN_POINT('',(-0.752170306345,-0.14316388506));
#2885 = CARTESIAN_POINT('',(-0.743358078836,-0.115614892229));
#2886 = CARTESIAN_POINT('',(-0.736591295728,-8.729072394494E-02));
#2887 = CARTESIAN_POINT('',(-0.732014539506,-5.839852695163E-02));
#2888 = CARTESIAN_POINT('',(-0.729727656227,-2.919310930635E-02));
#2889 = CARTESIAN_POINT('',(-0.729727656227,0.));
#2890 = ( GEOMETRIC_REPRESENTATION_CONTEXT(2) 
PARAMETRIC_REPRESENTATION_CONTEXT() REPRESENTATION_CONTEXT('2D SPACE',''
  ) );
#2891 = ORIENTED_EDGE('',*,*,#2892,.T.);
#2892 = EDGE_CURVE('',#2843,#745,#2893,.T.);
#2893 = SURFACE_CURVE('',#2894,(#2899,#2905),.PCURVE_S1.);
#2894 = CIRCLE('',#2895,1.5);
#2895 = AXIS2_PLACEMENT_3D('',#2896,#2897,#2898);
#2896 = CARTESIAN_POINT('',(-66.5,41.1,-2.));
#2897 = DIRECTION('',(1.,-2.832769448824E-16,0.));
#2898 = DIRECTION('',(2.832769448824E-16,1.,0.));
#2899 = PCURVE('',#760,#2900);
#2900 = DEFINITIONAL_REPRESENTATION('',(#2901),#2904);
#2901 = B_SPLINE_CURVE_WITH_KNOTS('',1,(#2902,#2903),.UNSPECIFIED.,.F.,
  .F.,(2,2),(4.712388980385,6.28318530718),.PIECEWISE_BEZIER_KNOTS.);
#2902 = CARTESIAN_POINT('',(-1.570796326795,2.5));
#2903 = CARTESIAN_POINT('',(0.,2.5));
#2904 = ( GEOMETRIC_REPRESENTATION_CONTEXT(2) 
PARAMETRIC_REPRESENTATION_CONTEXT() REPRESENTATION_CONTEXT('2D SPACE',''
  ) );
#2905 = PCURVE('',#1962,#2906);
#2906 = DEFINITIONAL_REPRESENTATION('',(#2907),#2910);
#2907 = B_SPLINE_CURVE_WITH_KNOTS('',1,(#2908,#2909),.UNSPECIFIED.,.F.,
  .F.,(2,2),(4.712388980385,6.28318530718),.PIECEWISE_BEZIER_KNOTS.);
#2908 = CARTESIAN_POINT('',(1.570796326795,-1.570796326795));
#2909 = CARTESIAN_POINT('',(1.570796326795,0.));
#2910 = ( GEOMETRIC_REPRESENTATION_CONTEXT(2) 
PARAMETRIC_REPRESENTATION_CONTEXT() REPRESENTATION_CONTEXT('2D SPACE',''
  ) );
#2911 = ORIENTED_EDGE('',*,*,#744,.F.);
#2912 = ADVANCED_FACE('',(#2913),#846,.T.);
#2913 = FACE_BOUND('',#2914,.F.);
#2914 = EDGE_LOOP('',(#2915,#2945,#2967,#2968));
#2915 = ORIENTED_EDGE('',*,*,#2916,.F.);
#2916 = EDGE_CURVE('',#2917,#2919,#2921,.T.);
#2917 = VERTEX_POINT('',#2918);
#2918 = CARTESIAN_POINT('',(-19.5,41.1,-2.));
#2919 = VERTEX_POINT('',#2920);
#2920 = CARTESIAN_POINT('',(-19.5,41.1,11.2));
#2921 = SURFACE_CURVE('',#2922,(#2926,#2933),.PCURVE_S1.);
#2922 = LINE('',#2923,#2924);
#2923 = CARTESIAN_POINT('',(-19.5,41.1,-3.5));
#2924 = VECTOR('',#2925,1.);
#2925 = DIRECTION('',(0.,0.,1.));
#2926 = PCURVE('',#846,#2927);
#2927 = DEFINITIONAL_REPRESENTATION('',(#2928),#2932);
#2928 = LINE('',#2929,#2930);
#2929 = CARTESIAN_POINT('',(-0.,0.));
#2930 = VECTOR('',#2931,1.);
#2931 = DIRECTION('',(-0.,1.));
#2932 = ( GEOMETRIC_REPRESENTATION_CONTEXT(2) 
PARAMETRIC_REPRESENTATION_CONTEXT() REPRESENTATION_CONTEXT('2D SPACE',''
  ) );
#2933 = PCURVE('',#2934,#2939);
#2934 = PLANE('',#2935);
#2935 = AXIS2_PLACEMENT_3D('',#2936,#2937,#2938);
#2936 = CARTESIAN_POINT('',(-19.5,35.6,-3.5));
#2937 = DIRECTION('',(1.,0.,-0.));
#2938 = DIRECTION('',(0.,0.,1.));
#2939 = DEFINITIONAL_REPRESENTATION('',(#2940),#2944);
#2940 = LINE('',#2941,#2942);
#2941 = CARTESIAN_POINT('',(0.,-5.5));
#2942 = VECTOR('',#2943,1.);
#2943 = DIRECTION('',(1.,0.));
#2944 = ( GEOMETRIC_REPRESENTATION_CONTEXT(2) 
PARAMETRIC_REPRESENTATION_CONTEXT() REPRESENTATION_CONTEXT('2D SPACE',''
  ) );
#2945 = ORIENTED_EDGE('',*,*,#2946,.T.);
#2946 = EDGE_CURVE('',#2917,#829,#2947,.T.);
#2947 = SURFACE_CURVE('',#2948,(#2953,#2960),.PCURVE_S1.);
#2948 = CIRCLE('',#2949,1.5);
#2949 = AXIS2_PLACEMENT_3D('',#2950,#2951,#2952);
#2950 = CARTESIAN_POINT('',(-18.,41.1,-2.));
#2951 = DIRECTION('',(-0.,0.,-1.));
#2952 = DIRECTION('',(-1.,0.,0.));
#2953 = PCURVE('',#846,#2954);
#2954 = DEFINITIONAL_REPRESENTATION('',(#2955),#2959);
#2955 = LINE('',#2956,#2957);
#2956 = CARTESIAN_POINT('',(-0.,1.5));
#2957 = VECTOR('',#2958,1.);
#2958 = DIRECTION('',(-1.,0.));
#2959 = ( GEOMETRIC_REPRESENTATION_CONTEXT(2) 
PARAMETRIC_REPRESENTATION_CONTEXT() REPRESENTATION_CONTEXT('2D SPACE',''
  ) );
#2960 = PCURVE('',#2079,#2961);
#2961 = DEFINITIONAL_REPRESENTATION('',(#2962),#2966);
#2962 = LINE('',#2963,#2964);
#2963 = CARTESIAN_POINT('',(-0.,0.));
#2964 = VECTOR('',#2965,1.);
#2965 = DIRECTION('',(-1.,0.));
#2966 = ( GEOMETRIC_REPRESENTATION_CONTEXT(2) 
PARAMETRIC_REPRESENTATION_CONTEXT() REPRESENTATION_CONTEXT('2D SPACE',''
  ) );
#2967 = ORIENTED_EDGE('',*,*,#828,.T.);
#2968 = ORIENTED_EDGE('',*,*,#2969,.T.);
#2969 = EDGE_CURVE('',#831,#2919,#2970,.T.);
#2970 = SURFACE_CURVE('',#2971,(#2976,#2988),.PCURVE_S1.);
#2971 = ELLIPSE('',#2972,2.12132034356,1.5);
#2972 = AXIS2_PLACEMENT_3D('',#2973,#2974,#2975);
#2973 = CARTESIAN_POINT('',(-18.,41.1,12.7));
#2974 = DIRECTION('',(-0.707106781187,0.,0.707106781187));
#2975 = DIRECTION('',(0.707106781187,0.,0.707106781187));
#2976 = PCURVE('',#846,#2977);
#2977 = DEFINITIONAL_REPRESENTATION('',(#2978),#2987);
#2978 = B_SPLINE_CURVE_WITH_KNOTS('',7,(#2979,#2980,#2981,#2982,#2983,
    #2984,#2985,#2986),.UNSPECIFIED.,.F.,.F.,(8,8),(1.570796326795,
    3.14159265359),.PIECEWISE_BEZIER_KNOTS.);
#2979 = CARTESIAN_POINT('',(-1.570796326795,16.2));
#2980 = CARTESIAN_POINT('',(-1.346396851538,15.863400787115));
#2981 = CARTESIAN_POINT('',(-1.121997376282,15.526802941019));
#2982 = CARTESIAN_POINT('',(-0.897597901026,15.217879761347));
#2983 = CARTESIAN_POINT('',(-0.673198425769,14.964356243059));
#2984 = CARTESIAN_POINT('',(-0.448798950513,14.788123008917));
#2985 = CARTESIAN_POINT('',(-0.224399475256,14.7));
#2986 = CARTESIAN_POINT('',(0.,14.7));
#2987 = ( GEOMETRIC_REPRESENTATION_CONTEXT(2) 
PARAMETRIC_REPRESENTATION_CONTEXT() REPRESENTATION_CONTEXT('2D SPACE',''
  ) );
#2988 = PCURVE('',#1152,#2989);
#2989 = DEFINITIONAL_REPRESENTATION('',(#2990),#2999);
#2990 = B_SPLINE_CURVE_WITH_KNOTS('',7,(#2991,#2992,#2993,#2994,#2995,
    #2996,#2997,#2998),.UNSPECIFIED.,.F.,.F.,(8,8),(1.570796326795,
    3.14159265359),.PIECEWISE_BEZIER_KNOTS.);
#2991 = CARTESIAN_POINT('',(0.,46.));
#2992 = CARTESIAN_POINT('',(-0.224399475256,45.663400787115));
#2993 = CARTESIAN_POINT('',(-0.448798950513,45.326802941017));
#2994 = CARTESIAN_POINT('',(-0.673198425769,45.017879761341));
#2995 = CARTESIAN_POINT('',(-0.897597901026,44.764356243082));
#2996 = CARTESIAN_POINT('',(-1.121997376282,44.588123008905));
#2997 = CARTESIAN_POINT('',(-1.346396851538,44.5));
#2998 = CARTESIAN_POINT('',(-1.570796326795,44.5));
#2999 = ( GEOMETRIC_REPRESENTATION_CONTEXT(2) 
PARAMETRIC_REPRESENTATION_CONTEXT() REPRESENTATION_CONTEXT('2D SPACE',''
  ) );
#3000 = ADVANCED_FACE('',(#3001),#1152,.T.);
#3001 = FACE_BOUND('',#3002,.F.);
#3002 = EDGE_LOOP('',(#3003,#3030,#3056,#3057));
#3003 = ORIENTED_EDGE('',*,*,#3004,.F.);
#3004 = EDGE_CURVE('',#3005,#1111,#3007,.T.);
#3005 = VERTEX_POINT('',#3006);
#3006 = CARTESIAN_POINT('',(-62.5,41.1,11.2));
#3007 = SURFACE_CURVE('',#3008,(#3013,#3019),.PCURVE_S1.);
#3008 = CIRCLE('',#3009,1.5);
#3009 = AXIS2_PLACEMENT_3D('',#3010,#3011,#3012);
#3010 = CARTESIAN_POINT('',(-62.5,41.1,12.7));
#3011 = DIRECTION('',(1.,6.123233995737E-17,-0.));
#3012 = DIRECTION('',(-6.123233995737E-17,1.,0.));
#3013 = PCURVE('',#1152,#3014);
#3014 = DEFINITIONAL_REPRESENTATION('',(#3015),#3018);
#3015 = B_SPLINE_CURVE_WITH_KNOTS('',1,(#3016,#3017),.UNSPECIFIED.,.F.,
  .F.,(2,2),(4.712388980385,6.28318530718),.PIECEWISE_BEZIER_KNOTS.);
#3016 = CARTESIAN_POINT('',(-1.570796326795,1.5));
#3017 = CARTESIAN_POINT('',(0.,1.5));
#3018 = ( GEOMETRIC_REPRESENTATION_CONTEXT(2) 
PARAMETRIC_REPRESENTATION_CONTEXT() REPRESENTATION_CONTEXT('2D SPACE',''
  ) );
#3019 = PCURVE('',#3020,#3025);
#3020 = SPHERICAL_SURFACE('',#3021,1.5);
#3021 = AXIS2_PLACEMENT_3D('',#3022,#3023,#3024);
#3022 = CARTESIAN_POINT('',(-62.5,41.1,12.7));
#3023 = DIRECTION('',(0.,0.,1.));
#3024 = DIRECTION('',(-1.,0.,0.));
#3025 = DEFINITIONAL_REPRESENTATION('',(#3026),#3029);
#3026 = B_SPLINE_CURVE_WITH_KNOTS('',1,(#3027,#3028),.UNSPECIFIED.,.F.,
  .F.,(2,2),(4.712388980385,6.28318530718),.PIECEWISE_BEZIER_KNOTS.);
#3027 = CARTESIAN_POINT('',(-1.570796326795,-1.570796326795));
#3028 = CARTESIAN_POINT('',(-1.570796326795,0.));
#3029 = ( GEOMETRIC_REPRESENTATION_CONTEXT(2) 
PARAMETRIC_REPRESENTATION_CONTEXT() REPRESENTATION_CONTEXT('2D SPACE',''
  ) );
#3030 = ORIENTED_EDGE('',*,*,#3031,.T.);
#3031 = EDGE_CURVE('',#3005,#2919,#3032,.T.);
#3032 = SURFACE_CURVE('',#3033,(#3037,#3044),.PCURVE_S1.);
#3033 = LINE('',#3034,#3035);
#3034 = CARTESIAN_POINT('',(-64.,41.1,11.2));
#3035 = VECTOR('',#3036,1.);
#3036 = DIRECTION('',(1.,0.,-0.));
#3037 = PCURVE('',#1152,#3038);
#3038 = DEFINITIONAL_REPRESENTATION('',(#3039),#3043);
#3039 = LINE('',#3040,#3041);
#3040 = CARTESIAN_POINT('',(-1.570796326795,0.));
#3041 = VECTOR('',#3042,1.);
#3042 = DIRECTION('',(-0.,1.));
#3043 = ( GEOMETRIC_REPRESENTATION_CONTEXT(2) 
PARAMETRIC_REPRESENTATION_CONTEXT() REPRESENTATION_CONTEXT('2D SPACE',''
  ) );
#3044 = PCURVE('',#3045,#3050);
#3045 = PLANE('',#3046);
#3046 = AXIS2_PLACEMENT_3D('',#3047,#3048,#3049);
#3047 = CARTESIAN_POINT('',(-64.,35.6,11.2));
#3048 = DIRECTION('',(0.,0.,1.));
#3049 = DIRECTION('',(1.,0.,-0.));
#3050 = DEFINITIONAL_REPRESENTATION('',(#3051),#3055);
#3051 = LINE('',#3052,#3053);
#3052 = CARTESIAN_POINT('',(0.,5.5));
#3053 = VECTOR('',#3054,1.);
#3054 = DIRECTION('',(1.,0.));
#3055 = ( GEOMETRIC_REPRESENTATION_CONTEXT(2) 
PARAMETRIC_REPRESENTATION_CONTEXT() REPRESENTATION_CONTEXT('2D SPACE',''
  ) );
#3056 = ORIENTED_EDGE('',*,*,#2969,.F.);
#3057 = ORIENTED_EDGE('',*,*,#1138,.F.);
#3058 = ADVANCED_FACE('',(#3059),#1126,.T.);
#3059 = FACE_BOUND('',#3060,.F.);
#3060 = EDGE_LOOP('',(#3061,#3091,#3113,#3114));
#3061 = ORIENTED_EDGE('',*,*,#3062,.F.);
#3062 = EDGE_CURVE('',#3063,#3065,#3067,.T.);
#3063 = VERTEX_POINT('',#3064);
#3064 = CARTESIAN_POINT('',(-64.,41.1,12.7));
#3065 = VERTEX_POINT('',#3066);
#3066 = CARTESIAN_POINT('',(-64.,41.1,14.7));
#3067 = SURFACE_CURVE('',#3068,(#3072,#3079),.PCURVE_S1.);
#3068 = LINE('',#3069,#3070);
#3069 = CARTESIAN_POINT('',(-64.,41.1,11.2));
#3070 = VECTOR('',#3071,1.);
#3071 = DIRECTION('',(0.,0.,1.));
#3072 = PCURVE('',#1126,#3073);
#3073 = DEFINITIONAL_REPRESENTATION('',(#3074),#3078);
#3074 = LINE('',#3075,#3076);
#3075 = CARTESIAN_POINT('',(-0.,0.));
#3076 = VECTOR('',#3077,1.);
#3077 = DIRECTION('',(-0.,1.));
#3078 = ( GEOMETRIC_REPRESENTATION_CONTEXT(2) 
PARAMETRIC_REPRESENTATION_CONTEXT() REPRESENTATION_CONTEXT('2D SPACE',''
  ) );
#3079 = PCURVE('',#3080,#3085);
#3080 = PLANE('',#3081);
#3081 = AXIS2_PLACEMENT_3D('',#3082,#3083,#3084);
#3082 = CARTESIAN_POINT('',(-64.,35.6,11.2));
#3083 = DIRECTION('',(1.,0.,-0.));
#3084 = DIRECTION('',(0.,0.,1.));
#3085 = DEFINITIONAL_REPRESENTATION('',(#3086),#3090);
#3086 = LINE('',#3087,#3088);
#3087 = CARTESIAN_POINT('',(0.,-5.5));
#3088 = VECTOR('',#3089,1.);
#3089 = DIRECTION('',(1.,0.));
#3090 = ( GEOMETRIC_REPRESENTATION_CONTEXT(2) 
PARAMETRIC_REPRESENTATION_CONTEXT() REPRESENTATION_CONTEXT('2D SPACE',''
  ) );
#3091 = ORIENTED_EDGE('',*,*,#3092,.T.);
#3092 = EDGE_CURVE('',#3063,#1111,#3093,.T.);
#3093 = SURFACE_CURVE('',#3094,(#3099,#3106),.PCURVE_S1.);
#3094 = CIRCLE('',#3095,1.5);
#3095 = AXIS2_PLACEMENT_3D('',#3096,#3097,#3098);
#3096 = CARTESIAN_POINT('',(-62.5,41.1,12.7));
#3097 = DIRECTION('',(-0.,0.,-1.));
#3098 = DIRECTION('',(-1.,0.,0.));
#3099 = PCURVE('',#1126,#3100);
#3100 = DEFINITIONAL_REPRESENTATION('',(#3101),#3105);
#3101 = LINE('',#3102,#3103);
#3102 = CARTESIAN_POINT('',(-0.,1.5));
#3103 = VECTOR('',#3104,1.);
#3104 = DIRECTION('',(-1.,0.));
#3105 = ( GEOMETRIC_REPRESENTATION_CONTEXT(2) 
PARAMETRIC_REPRESENTATION_CONTEXT() REPRESENTATION_CONTEXT('2D SPACE',''
  ) );
#3106 = PCURVE('',#3020,#3107);
#3107 = DEFINITIONAL_REPRESENTATION('',(#3108),#3112);
#3108 = LINE('',#3109,#3110);
#3109 = CARTESIAN_POINT('',(-0.,0.));
#3110 = VECTOR('',#3111,1.);
#3111 = DIRECTION('',(-1.,0.));
#3112 = ( GEOMETRIC_REPRESENTATION_CONTEXT(2) 
PARAMETRIC_REPRESENTATION_CONTEXT() REPRESENTATION_CONTEXT('2D SPACE',''
  ) );
#3113 = ORIENTED_EDGE('',*,*,#1110,.T.);
#3114 = ORIENTED_EDGE('',*,*,#3115,.T.);
#3115 = EDGE_CURVE('',#1083,#3065,#3116,.T.);
#3116 = SURFACE_CURVE('',#3117,(#3122,#3128),.PCURVE_S1.);
#3117 = CIRCLE('',#3118,1.5);
#3118 = AXIS2_PLACEMENT_3D('',#3119,#3120,#3121);
#3119 = CARTESIAN_POINT('',(-62.5,41.1,14.7));
#3120 = DIRECTION('',(1.480297366167E-16,0.,1.));
#3121 = DIRECTION('',(-1.,-0.,1.480297366167E-16));
#3122 = PCURVE('',#1126,#3123);
#3123 = DEFINITIONAL_REPRESENTATION('',(#3124),#3127);
#3124 = B_SPLINE_CURVE_WITH_KNOTS('',1,(#3125,#3126),.UNSPECIFIED.,.F.,
  .F.,(2,2),(4.712388980385,6.28318530718),.PIECEWISE_BEZIER_KNOTS.);
#3125 = CARTESIAN_POINT('',(-1.570796326795,3.5));
#3126 = CARTESIAN_POINT('',(0.,3.5));
#3127 = ( GEOMETRIC_REPRESENTATION_CONTEXT(2) 
PARAMETRIC_REPRESENTATION_CONTEXT() REPRESENTATION_CONTEXT('2D SPACE',''
  ) );
#3128 = PCURVE('',#3129,#3134);
#3129 = SPHERICAL_SURFACE('',#3130,1.5);
#3130 = AXIS2_PLACEMENT_3D('',#3131,#3132,#3133);
#3131 = CARTESIAN_POINT('',(-62.5,41.1,14.7));
#3132 = DIRECTION('',(0.,-1.,-0.));
#3133 = DIRECTION('',(-1.,-0.,1.480297366167E-16));
#3134 = DEFINITIONAL_REPRESENTATION('',(#3135),#3138);
#3135 = B_SPLINE_CURVE_WITH_KNOTS('',1,(#3136,#3137),.UNSPECIFIED.,.F.,
  .F.,(2,2),(4.712388980385,6.28318530718),.PIECEWISE_BEZIER_KNOTS.);
#3136 = CARTESIAN_POINT('',(0.,-1.570796326795));
#3137 = CARTESIAN_POINT('',(0.,0.));
#3138 = ( GEOMETRIC_REPRESENTATION_CONTEXT(2) 
PARAMETRIC_REPRESENTATION_CONTEXT() REPRESENTATION_CONTEXT('2D SPACE',''
  ) );
#3139 = ADVANCED_FACE('',(#3140),#1098,.T.);
#3140 = FACE_BOUND('',#3141,.T.);
#3141 = EDGE_LOOP('',(#3142,#3143,#3165,#3193));
#3142 = ORIENTED_EDGE('',*,*,#1082,.F.);
#3143 = ORIENTED_EDGE('',*,*,#3144,.T.);
#3144 = EDGE_CURVE('',#1083,#3145,#3147,.T.);
#3145 = VERTEX_POINT('',#3146);
#3146 = CARTESIAN_POINT('',(-62.5,41.1,16.2));
#3147 = SURFACE_CURVE('',#3148,(#3153,#3159),.PCURVE_S1.);
#3148 = CIRCLE('',#3149,1.5);
#3149 = AXIS2_PLACEMENT_3D('',#3150,#3151,#3152);
#3150 = CARTESIAN_POINT('',(-62.5,41.1,14.7));
#3151 = DIRECTION('',(1.,0.,-8.679739665932E-17));
#3152 = DIRECTION('',(8.679739665932E-17,-0.,1.));
#3153 = PCURVE('',#1098,#3154);
#3154 = DEFINITIONAL_REPRESENTATION('',(#3155),#3158);
#3155 = B_SPLINE_CURVE_WITH_KNOTS('',1,(#3156,#3157),.UNSPECIFIED.,.F.,
  .F.,(2,2),(4.712388980385,6.28318530718),.PIECEWISE_BEZIER_KNOTS.);
#3156 = CARTESIAN_POINT('',(0.,1.5));
#3157 = CARTESIAN_POINT('',(1.570796326795,1.5));
#3158 = ( GEOMETRIC_REPRESENTATION_CONTEXT(2) 
PARAMETRIC_REPRESENTATION_CONTEXT() REPRESENTATION_CONTEXT('2D SPACE',''
  ) );
#3159 = PCURVE('',#3129,#3160);
#3160 = DEFINITIONAL_REPRESENTATION('',(#3161),#3164);
#3161 = B_SPLINE_CURVE_WITH_KNOTS('',1,(#3162,#3163),.UNSPECIFIED.,.F.,
  .F.,(2,2),(4.712388980385,6.28318530718),.PIECEWISE_BEZIER_KNOTS.);
#3162 = CARTESIAN_POINT('',(-1.570796326795,-1.570796326795));
#3163 = CARTESIAN_POINT('',(-1.570796326795,0.));
#3164 = ( GEOMETRIC_REPRESENTATION_CONTEXT(2) 
PARAMETRIC_REPRESENTATION_CONTEXT() REPRESENTATION_CONTEXT('2D SPACE',''
  ) );
#3165 = ORIENTED_EDGE('',*,*,#3166,.T.);
#3166 = EDGE_CURVE('',#3145,#3167,#3169,.T.);
#3167 = VERTEX_POINT('',#3168);
#3168 = CARTESIAN_POINT('',(-19.5,41.1,16.2));
#3169 = SURFACE_CURVE('',#3170,(#3174,#3181),.PCURVE_S1.);
#3170 = LINE('',#3171,#3172);
#3171 = CARTESIAN_POINT('',(-64.,41.1,16.2));
#3172 = VECTOR('',#3173,1.);
#3173 = DIRECTION('',(1.,0.,-0.));
#3174 = PCURVE('',#1098,#3175);
#3175 = DEFINITIONAL_REPRESENTATION('',(#3176),#3180);
#3176 = LINE('',#3177,#3178);
#3177 = CARTESIAN_POINT('',(1.570796326795,0.));
#3178 = VECTOR('',#3179,1.);
#3179 = DIRECTION('',(0.,1.));
#3180 = ( GEOMETRIC_REPRESENTATION_CONTEXT(2) 
PARAMETRIC_REPRESENTATION_CONTEXT() REPRESENTATION_CONTEXT('2D SPACE',''
  ) );
#3181 = PCURVE('',#3182,#3187);
#3182 = PLANE('',#3183);
#3183 = AXIS2_PLACEMENT_3D('',#3184,#3185,#3186);
#3184 = CARTESIAN_POINT('',(-64.,35.6,16.2));
#3185 = DIRECTION('',(0.,0.,1.));
#3186 = DIRECTION('',(1.,0.,-0.));
#3187 = DEFINITIONAL_REPRESENTATION('',(#3188),#3192);
#3188 = LINE('',#3189,#3190);
#3189 = CARTESIAN_POINT('',(0.,5.5));
#3190 = VECTOR('',#3191,1.);
#3191 = DIRECTION('',(1.,0.));
#3192 = ( GEOMETRIC_REPRESENTATION_CONTEXT(2) 
PARAMETRIC_REPRESENTATION_CONTEXT() REPRESENTATION_CONTEXT('2D SPACE',''
  ) );
#3193 = ORIENTED_EDGE('',*,*,#3194,.F.);
#3194 = EDGE_CURVE('',#1055,#3167,#3195,.T.);
#3195 = SURFACE_CURVE('',#3196,(#3201,#3213),.PCURVE_S1.);
#3196 = ELLIPSE('',#3197,2.12132034356,1.5);
#3197 = AXIS2_PLACEMENT_3D('',#3198,#3199,#3200);
#3198 = CARTESIAN_POINT('',(-18.,41.1,14.7));
#3199 = DIRECTION('',(0.707106781187,0.,0.707106781187));
#3200 = DIRECTION('',(-0.707106781187,0.,0.707106781187));
#3201 = PCURVE('',#1098,#3202);
#3202 = DEFINITIONAL_REPRESENTATION('',(#3203),#3212);
#3203 = B_SPLINE_CURVE_WITH_KNOTS('',7,(#3204,#3205,#3206,#3207,#3208,
    #3209,#3210,#3211),.UNSPECIFIED.,.F.,.F.,(8,8),(4.712388980385,
    6.28318530718),.PIECEWISE_BEZIER_KNOTS.);
#3204 = CARTESIAN_POINT('',(0.,46.));
#3205 = CARTESIAN_POINT('',(0.224399475256,45.663400787115));
#3206 = CARTESIAN_POINT('',(0.448798950513,45.326802941017));
#3207 = CARTESIAN_POINT('',(0.67319842577,45.017879761341));
#3208 = CARTESIAN_POINT('',(0.897597901025,44.764356243082));
#3209 = CARTESIAN_POINT('',(1.121997376282,44.588123008905));
#3210 = CARTESIAN_POINT('',(1.346396851538,44.5));
#3211 = CARTESIAN_POINT('',(1.570796326795,44.5));
#3212 = ( GEOMETRIC_REPRESENTATION_CONTEXT(2) 
PARAMETRIC_REPRESENTATION_CONTEXT() REPRESENTATION_CONTEXT('2D SPACE',''
  ) );
#3213 = PCURVE('',#1070,#3214);
#3214 = DEFINITIONAL_REPRESENTATION('',(#3215),#3224);
#3215 = B_SPLINE_CURVE_WITH_KNOTS('',7,(#3216,#3217,#3218,#3219,#3220,
    #3221,#3222,#3223),.UNSPECIFIED.,.F.,.F.,(8,8),(4.712388980385,
    6.28318530718),.PIECEWISE_BEZIER_KNOTS.);
#3216 = CARTESIAN_POINT('',(-1.570796326795,18.2));
#3217 = CARTESIAN_POINT('',(-1.346396851538,18.536599212885));
#3218 = CARTESIAN_POINT('',(-1.121997376282,18.873197058978));
#3219 = CARTESIAN_POINT('',(-0.897597901026,19.182120238658));
#3220 = CARTESIAN_POINT('',(-0.673198425769,19.435643756944));
#3221 = CARTESIAN_POINT('',(-0.448798950513,19.611876991085));
#3222 = CARTESIAN_POINT('',(-0.224399475256,19.7));
#3223 = CARTESIAN_POINT('',(0.,19.7));
#3224 = ( GEOMETRIC_REPRESENTATION_CONTEXT(2) 
PARAMETRIC_REPRESENTATION_CONTEXT() REPRESENTATION_CONTEXT('2D SPACE',''
  ) );
#3225 = ADVANCED_FACE('',(#3226),#1070,.T.);
#3226 = FACE_BOUND('',#3227,.F.);
#3227 = EDGE_LOOP('',(#3228,#3256,#3257,#3258));
#3228 = ORIENTED_EDGE('',*,*,#3229,.F.);
#3229 = EDGE_CURVE('',#3167,#3230,#3232,.T.);
#3230 = VERTEX_POINT('',#3231);
#3231 = CARTESIAN_POINT('',(-19.5,41.1,29.4));
#3232 = SURFACE_CURVE('',#3233,(#3237,#3244),.PCURVE_S1.);
#3233 = LINE('',#3234,#3235);
#3234 = CARTESIAN_POINT('',(-19.5,41.1,-3.5));
#3235 = VECTOR('',#3236,1.);
#3236 = DIRECTION('',(0.,0.,1.));
#3237 = PCURVE('',#1070,#3238);
#3238 = DEFINITIONAL_REPRESENTATION('',(#3239),#3243);
#3239 = LINE('',#3240,#3241);
#3240 = CARTESIAN_POINT('',(-0.,0.));
#3241 = VECTOR('',#3242,1.);
#3242 = DIRECTION('',(-0.,1.));
#3243 = ( GEOMETRIC_REPRESENTATION_CONTEXT(2) 
PARAMETRIC_REPRESENTATION_CONTEXT() REPRESENTATION_CONTEXT('2D SPACE',''
  ) );
#3244 = PCURVE('',#3245,#3250);
#3245 = PLANE('',#3246);
#3246 = AXIS2_PLACEMENT_3D('',#3247,#3248,#3249);
#3247 = CARTESIAN_POINT('',(-19.5,35.6,-3.5));
#3248 = DIRECTION('',(1.,0.,-0.));
#3249 = DIRECTION('',(0.,0.,1.));
#3250 = DEFINITIONAL_REPRESENTATION('',(#3251),#3255);
#3251 = LINE('',#3252,#3253);
#3252 = CARTESIAN_POINT('',(0.,-5.5));
#3253 = VECTOR('',#3254,1.);
#3254 = DIRECTION('',(1.,0.));
#3255 = ( GEOMETRIC_REPRESENTATION_CONTEXT(2) 
PARAMETRIC_REPRESENTATION_CONTEXT() REPRESENTATION_CONTEXT('2D SPACE',''
  ) );
#3256 = ORIENTED_EDGE('',*,*,#3194,.F.);
#3257 = ORIENTED_EDGE('',*,*,#1054,.T.);
#3258 = ORIENTED_EDGE('',*,*,#3259,.T.);
#3259 = EDGE_CURVE('',#1027,#3230,#3260,.T.);
#3260 = SURFACE_CURVE('',#3261,(#3266,#3272),.PCURVE_S1.);
#3261 = CIRCLE('',#3262,1.5);
#3262 = AXIS2_PLACEMENT_3D('',#3263,#3264,#3265);
#3263 = CARTESIAN_POINT('',(-18.,41.1,29.4));
#3264 = DIRECTION('',(0.,0.,1.));
#3265 = DIRECTION('',(-1.,-0.,0.));
#3266 = PCURVE('',#1070,#3267);
#3267 = DEFINITIONAL_REPRESENTATION('',(#3268),#3271);
#3268 = B_SPLINE_CURVE_WITH_KNOTS('',1,(#3269,#3270),.UNSPECIFIED.,.F.,
  .F.,(2,2),(4.712388980385,6.28318530718),.PIECEWISE_BEZIER_KNOTS.);
#3269 = CARTESIAN_POINT('',(-1.570796326795,32.9));
#3270 = CARTESIAN_POINT('',(0.,32.9));
#3271 = ( GEOMETRIC_REPRESENTATION_CONTEXT(2) 
PARAMETRIC_REPRESENTATION_CONTEXT() REPRESENTATION_CONTEXT('2D SPACE',''
  ) );
#3272 = PCURVE('',#3273,#3278);
#3273 = SPHERICAL_SURFACE('',#3274,1.5);
#3274 = AXIS2_PLACEMENT_3D('',#3275,#3276,#3277);
#3275 = CARTESIAN_POINT('',(-18.,41.1,29.4));
#3276 = DIRECTION('',(0.,-1.,-0.));
#3277 = DIRECTION('',(-1.,-0.,0.));
#3278 = DEFINITIONAL_REPRESENTATION('',(#3279),#3282);
#3279 = B_SPLINE_CURVE_WITH_KNOTS('',1,(#3280,#3281),.UNSPECIFIED.,.F.,
  .F.,(2,2),(4.712388980385,6.28318530718),.PIECEWISE_BEZIER_KNOTS.);
#3280 = CARTESIAN_POINT('',(0.,-1.570796326795));
#3281 = CARTESIAN_POINT('',(0.,0.));
#3282 = ( GEOMETRIC_REPRESENTATION_CONTEXT(2) 
PARAMETRIC_REPRESENTATION_CONTEXT() REPRESENTATION_CONTEXT('2D SPACE',''
  ) );
#3283 = ADVANCED_FACE('',(#3284),#1042,.T.);
#3284 = FACE_BOUND('',#3285,.T.);
#3285 = EDGE_LOOP('',(#3286,#3287,#3309,#3330));
#3286 = ORIENTED_EDGE('',*,*,#1026,.F.);
#3287 = ORIENTED_EDGE('',*,*,#3288,.T.);
#3288 = EDGE_CURVE('',#1027,#3289,#3291,.T.);
#3289 = VERTEX_POINT('',#3290);
#3290 = CARTESIAN_POINT('',(-18.,41.929156197589,30.65));
#3291 = SURFACE_CURVE('',#3292,(#3297,#3303),.PCURVE_S1.);
#3292 = CIRCLE('',#3293,1.5);
#3293 = AXIS2_PLACEMENT_3D('',#3294,#3295,#3296);
#3294 = CARTESIAN_POINT('',(-18.,41.1,29.4));
#3295 = DIRECTION('',(1.,0.,6.123233995737E-17));
#3296 = DIRECTION('',(-6.123233995737E-17,-0.,1.));
#3297 = PCURVE('',#1042,#3298);
#3298 = DEFINITIONAL_REPRESENTATION('',(#3299),#3302);
#3299 = B_SPLINE_CURVE_WITH_KNOTS('',1,(#3300,#3301),.UNSPECIFIED.,.F.,
  .F.,(2,2),(4.712388980385,6.28318530718),.PIECEWISE_BEZIER_KNOTS.);
#3300 = CARTESIAN_POINT('',(0.,1.5));
#3301 = CARTESIAN_POINT('',(1.570796326795,1.5));
#3302 = ( GEOMETRIC_REPRESENTATION_CONTEXT(2) 
PARAMETRIC_REPRESENTATION_CONTEXT() REPRESENTATION_CONTEXT('2D SPACE',''
  ) );
#3303 = PCURVE('',#3273,#3304);
#3304 = DEFINITIONAL_REPRESENTATION('',(#3305),#3308);
#3305 = B_SPLINE_CURVE_WITH_KNOTS('',1,(#3306,#3307),.UNSPECIFIED.,.F.,
  .F.,(2,2),(4.712388980385,6.28318530718),.PIECEWISE_BEZIER_KNOTS.);
#3306 = CARTESIAN_POINT('',(-1.570796326795,-1.570796326795));
#3307 = CARTESIAN_POINT('',(-1.570796326795,0.));
#3308 = ( GEOMETRIC_REPRESENTATION_CONTEXT(2) 
PARAMETRIC_REPRESENTATION_CONTEXT() REPRESENTATION_CONTEXT('2D SPACE',''
  ) );
#3309 = ORIENTED_EDGE('',*,*,#3310,.T.);
#3310 = EDGE_CURVE('',#3289,#3311,#3313,.T.);
#3311 = VERTEX_POINT('',#3312);
#3312 = CARTESIAN_POINT('',(-14.,41.929156197589,30.65));
#3313 = SURFACE_CURVE('',#3314,(#3318,#3324),.PCURVE_S1.);
#3314 = LINE('',#3315,#3316);
#3315 = CARTESIAN_POINT('',(-67.,41.929156197589,30.65));
#3316 = VECTOR('',#3317,1.);
#3317 = DIRECTION('',(1.,0.,-0.));
#3318 = PCURVE('',#1042,#3319);
#3319 = DEFINITIONAL_REPRESENTATION('',(#3320),#3323);
#3320 = B_SPLINE_CURVE_WITH_KNOTS('',1,(#3321,#3322),.UNSPECIFIED.,.F.,
  .F.,(2,2),(48.9999994,53.0000006),.PIECEWISE_BEZIER_KNOTS.);
#3321 = CARTESIAN_POINT('',(0.985110783338,1.4999994));
#3322 = CARTESIAN_POINT('',(0.985110783338,5.5000006));
#3323 = ( GEOMETRIC_REPRESENTATION_CONTEXT(2) 
PARAMETRIC_REPRESENTATION_CONTEXT() REPRESENTATION_CONTEXT('2D SPACE',''
  ) );
#3324 = PCURVE('',#1212,#3325);
#3325 = DEFINITIONAL_REPRESENTATION('',(#3326),#3329);
#3326 = B_SPLINE_CURVE_WITH_KNOTS('',1,(#3327,#3328),.UNSPECIFIED.,.F.,
  .F.,(2,2),(48.9999994,53.0000006),.PIECEWISE_BEZIER_KNOTS.);
#3327 = CARTESIAN_POINT('',(-0.985110783338,48.9999994));
#3328 = CARTESIAN_POINT('',(-0.985110783338,53.0000006));
#3329 = ( GEOMETRIC_REPRESENTATION_CONTEXT(2) 
PARAMETRIC_REPRESENTATION_CONTEXT() REPRESENTATION_CONTEXT('2D SPACE',''
  ) );
#3330 = ORIENTED_EDGE('',*,*,#3331,.F.);
#3331 = EDGE_CURVE('',#999,#3311,#3332,.T.);
#3332 = SURFACE_CURVE('',#3333,(#3338,#3344),.PCURVE_S1.);
#3333 = CIRCLE('',#3334,1.5);
#3334 = AXIS2_PLACEMENT_3D('',#3335,#3336,#3337);
#3335 = CARTESIAN_POINT('',(-14.,41.1,29.4));
#3336 = DIRECTION('',(1.,0.,-6.123233995737E-17));
#3337 = DIRECTION('',(6.123233995737E-17,0.,1.));
#3338 = PCURVE('',#1042,#3339);
#3339 = DEFINITIONAL_REPRESENTATION('',(#3340),#3343);
#3340 = B_SPLINE_CURVE_WITH_KNOTS('',1,(#3341,#3342),.UNSPECIFIED.,.F.,
  .F.,(2,2),(4.712388980385,6.28318530718),.PIECEWISE_BEZIER_KNOTS.);
#3341 = CARTESIAN_POINT('',(0.,5.5));
#3342 = CARTESIAN_POINT('',(1.570796326795,5.5));
#3343 = ( GEOMETRIC_REPRESENTATION_CONTEXT(2) 
PARAMETRIC_REPRESENTATION_CONTEXT() REPRESENTATION_CONTEXT('2D SPACE',''
  ) );
#3344 = PCURVE('',#3345,#3350);
#3345 = SPHERICAL_SURFACE('',#3346,1.5);
#3346 = AXIS2_PLACEMENT_3D('',#3347,#3348,#3349);
#3347 = CARTESIAN_POINT('',(-14.,41.1,29.4));
#3348 = DIRECTION('',(0.,-1.,-0.));
#3349 = DIRECTION('',(1.,0.,0.));
#3350 = DEFINITIONAL_REPRESENTATION('',(#3351),#3354);
#3351 = B_SPLINE_CURVE_WITH_KNOTS('',1,(#3352,#3353),.UNSPECIFIED.,.F.,
  .F.,(2,2),(4.712388980385,6.28318530718),.PIECEWISE_BEZIER_KNOTS.);
#3352 = CARTESIAN_POINT('',(1.570796326795,-1.570796326795));
#3353 = CARTESIAN_POINT('',(1.570796326795,0.));
#3354 = ( GEOMETRIC_REPRESENTATION_CONTEXT(2) 
PARAMETRIC_REPRESENTATION_CONTEXT() REPRESENTATION_CONTEXT('2D SPACE',''
  ) );
#3355 = ADVANCED_FACE('',(#3356),#1014,.T.);
#3356 = FACE_BOUND('',#3357,.T.);
#3357 = EDGE_LOOP('',(#3358,#3388,#3420,#3421));
#3358 = ORIENTED_EDGE('',*,*,#3359,.F.);
#3359 = EDGE_CURVE('',#3360,#3362,#3364,.T.);
#3360 = VERTEX_POINT('',#3361);
#3361 = CARTESIAN_POINT('',(-12.5,41.1,16.2));
#3362 = VERTEX_POINT('',#3363);
#3363 = CARTESIAN_POINT('',(-12.5,41.1,29.4));
#3364 = SURFACE_CURVE('',#3365,(#3369,#3376),.PCURVE_S1.);
#3365 = LINE('',#3366,#3367);
#3366 = CARTESIAN_POINT('',(-12.5,41.1,-3.5));
#3367 = VECTOR('',#3368,1.);
#3368 = DIRECTION('',(0.,0.,1.));
#3369 = PCURVE('',#1014,#3370);
#3370 = DEFINITIONAL_REPRESENTATION('',(#3371),#3375);
#3371 = LINE('',#3372,#3373);
#3372 = CARTESIAN_POINT('',(0.,0.));
#3373 = VECTOR('',#3374,1.);
#3374 = DIRECTION('',(0.,1.));
#3375 = ( GEOMETRIC_REPRESENTATION_CONTEXT(2) 
PARAMETRIC_REPRESENTATION_CONTEXT() REPRESENTATION_CONTEXT('2D SPACE',''
  ) );
#3376 = PCURVE('',#3377,#3382);
#3377 = PLANE('',#3378);
#3378 = AXIS2_PLACEMENT_3D('',#3379,#3380,#3381);
#3379 = CARTESIAN_POINT('',(-12.5,35.6,-3.5));
#3380 = DIRECTION('',(1.,0.,-0.));
#3381 = DIRECTION('',(0.,0.,1.));
#3382 = DEFINITIONAL_REPRESENTATION('',(#3383),#3387);
#3383 = LINE('',#3384,#3385);
#3384 = CARTESIAN_POINT('',(0.,-5.5));
#3385 = VECTOR('',#3386,1.);
#3386 = DIRECTION('',(1.,0.));
#3387 = ( GEOMETRIC_REPRESENTATION_CONTEXT(2) 
PARAMETRIC_REPRESENTATION_CONTEXT() REPRESENTATION_CONTEXT('2D SPACE',''
  ) );
#3388 = ORIENTED_EDGE('',*,*,#3389,.T.);
#3389 = EDGE_CURVE('',#3360,#971,#3390,.T.);
#3390 = SURFACE_CURVE('',#3391,(#3396,#3408),.PCURVE_S1.);
#3391 = ELLIPSE('',#3392,2.12132034356,1.5);
#3392 = AXIS2_PLACEMENT_3D('',#3393,#3394,#3395);
#3393 = CARTESIAN_POINT('',(-14.,41.1,14.7));
#3394 = DIRECTION('',(-0.707106781187,0.,0.707106781187));
#3395 = DIRECTION('',(0.707106781187,0.,0.707106781187));
#3396 = PCURVE('',#1014,#3397);
#3397 = DEFINITIONAL_REPRESENTATION('',(#3398),#3407);
#3398 = B_SPLINE_CURVE_WITH_KNOTS('',7,(#3399,#3400,#3401,#3402,#3403,
    #3404,#3405,#3406),.UNSPECIFIED.,.F.,.F.,(8,8),(0.,1.570796326795),
  .PIECEWISE_BEZIER_KNOTS.);
#3399 = CARTESIAN_POINT('',(0.,19.7));
#3400 = CARTESIAN_POINT('',(0.224399475256,19.7));
#3401 = CARTESIAN_POINT('',(0.448798950513,19.611876991087));
#3402 = CARTESIAN_POINT('',(0.67319842577,19.435643756937));
#3403 = CARTESIAN_POINT('',(0.897597901026,19.182120238671));
#3404 = CARTESIAN_POINT('',(1.121997376282,18.873197058977));
#3405 = CARTESIAN_POINT('',(1.346396851538,18.536599212885));
#3406 = CARTESIAN_POINT('',(1.570796326795,18.2));
#3407 = ( GEOMETRIC_REPRESENTATION_CONTEXT(2) 
PARAMETRIC_REPRESENTATION_CONTEXT() REPRESENTATION_CONTEXT('2D SPACE',''
  ) );
#3408 = PCURVE('',#986,#3409);
#3409 = DEFINITIONAL_REPRESENTATION('',(#3410),#3419);
#3410 = B_SPLINE_CURVE_WITH_KNOTS('',7,(#3411,#3412,#3413,#3414,#3415,
    #3416,#3417,#3418),.UNSPECIFIED.,.F.,.F.,(8,8),(0.,1.570796326795),
  .PIECEWISE_BEZIER_KNOTS.);
#3411 = CARTESIAN_POINT('',(1.570796326795,51.5));
#3412 = CARTESIAN_POINT('',(1.346396851538,51.5));
#3413 = CARTESIAN_POINT('',(1.121997376282,51.411876991084));
#3414 = CARTESIAN_POINT('',(0.897597901026,51.235643756932));
#3415 = CARTESIAN_POINT('',(0.673198425769,50.982120238674));
#3416 = CARTESIAN_POINT('',(0.448798950513,50.673197058977));
#3417 = CARTESIAN_POINT('',(0.224399475256,50.336599212885));
#3418 = CARTESIAN_POINT('',(0.,50.));
#3419 = ( GEOMETRIC_REPRESENTATION_CONTEXT(2) 
PARAMETRIC_REPRESENTATION_CONTEXT() REPRESENTATION_CONTEXT('2D SPACE',''
  ) );
#3420 = ORIENTED_EDGE('',*,*,#998,.T.);
#3421 = ORIENTED_EDGE('',*,*,#3422,.T.);
#3422 = EDGE_CURVE('',#999,#3362,#3423,.T.);
#3423 = SURFACE_CURVE('',#3424,(#3429,#3435),.PCURVE_S1.);
#3424 = CIRCLE('',#3425,1.5);
#3425 = AXIS2_PLACEMENT_3D('',#3426,#3427,#3428);
#3426 = CARTESIAN_POINT('',(-14.,41.1,29.4));
#3427 = DIRECTION('',(0.,0.,-1.));
#3428 = DIRECTION('',(1.,0.,0.));
#3429 = PCURVE('',#1014,#3430);
#3430 = DEFINITIONAL_REPRESENTATION('',(#3431),#3434);
#3431 = B_SPLINE_CURVE_WITH_KNOTS('',1,(#3432,#3433),.UNSPECIFIED.,.F.,
  .F.,(2,2),(4.712388980385,6.28318530718),.PIECEWISE_BEZIER_KNOTS.);
#3432 = CARTESIAN_POINT('',(1.570796326795,32.9));
#3433 = CARTESIAN_POINT('',(0.,32.9));
#3434 = ( GEOMETRIC_REPRESENTATION_CONTEXT(2) 
PARAMETRIC_REPRESENTATION_CONTEXT() REPRESENTATION_CONTEXT('2D SPACE',''
  ) );
#3435 = PCURVE('',#3345,#3436);
#3436 = DEFINITIONAL_REPRESENTATION('',(#3437),#3440);
#3437 = B_SPLINE_CURVE_WITH_KNOTS('',1,(#3438,#3439),.UNSPECIFIED.,.F.,
  .F.,(2,2),(4.712388980385,6.28318530718),.PIECEWISE_BEZIER_KNOTS.);
#3438 = CARTESIAN_POINT('',(0.,-1.570796326795));
#3439 = CARTESIAN_POINT('',(0.,0.));
#3440 = ( GEOMETRIC_REPRESENTATION_CONTEXT(2) 
PARAMETRIC_REPRESENTATION_CONTEXT() REPRESENTATION_CONTEXT('2D SPACE',''
  ) );
#3441 = ADVANCED_FACE('',(#3442),#986,.T.);
#3442 = FACE_BOUND('',#3443,.T.);
#3443 = EDGE_LOOP('',(#3444,#3445,#3446,#3474));
#3444 = ORIENTED_EDGE('',*,*,#970,.F.);
#3445 = ORIENTED_EDGE('',*,*,#3389,.F.);
#3446 = ORIENTED_EDGE('',*,*,#3447,.T.);
#3447 = EDGE_CURVE('',#3360,#3448,#3450,.T.);
#3448 = VERTEX_POINT('',#3449);
#3449 = CARTESIAN_POINT('',(30.5,41.1,16.2));
#3450 = SURFACE_CURVE('',#3451,(#3455,#3462),.PCURVE_S1.);
#3451 = LINE('',#3452,#3453);
#3452 = CARTESIAN_POINT('',(-64.,41.1,16.2));
#3453 = VECTOR('',#3454,1.);
#3454 = DIRECTION('',(1.,0.,-0.));
#3455 = PCURVE('',#986,#3456);
#3456 = DEFINITIONAL_REPRESENTATION('',(#3457),#3461);
#3457 = LINE('',#3458,#3459);
#3458 = CARTESIAN_POINT('',(1.570796326795,0.));
#3459 = VECTOR('',#3460,1.);
#3460 = DIRECTION('',(0.,1.));
#3461 = ( GEOMETRIC_REPRESENTATION_CONTEXT(2) 
PARAMETRIC_REPRESENTATION_CONTEXT() REPRESENTATION_CONTEXT('2D SPACE',''
  ) );
#3462 = PCURVE('',#3463,#3468);
#3463 = PLANE('',#3464);
#3464 = AXIS2_PLACEMENT_3D('',#3465,#3466,#3467);
#3465 = CARTESIAN_POINT('',(-64.,35.6,16.2));
#3466 = DIRECTION('',(0.,0.,1.));
#3467 = DIRECTION('',(1.,0.,-0.));
#3468 = DEFINITIONAL_REPRESENTATION('',(#3469),#3473);
#3469 = LINE('',#3470,#3471);
#3470 = CARTESIAN_POINT('',(0.,5.5));
#3471 = VECTOR('',#3472,1.);
#3472 = DIRECTION('',(1.,0.));
#3473 = ( GEOMETRIC_REPRESENTATION_CONTEXT(2) 
PARAMETRIC_REPRESENTATION_CONTEXT() REPRESENTATION_CONTEXT('2D SPACE',''
  ) );
#3474 = ORIENTED_EDGE('',*,*,#3475,.F.);
#3475 = EDGE_CURVE('',#943,#3448,#3476,.T.);
#3476 = SURFACE_CURVE('',#3477,(#3482,#3488),.PCURVE_S1.);
#3477 = CIRCLE('',#3478,1.5);
#3478 = AXIS2_PLACEMENT_3D('',#3479,#3480,#3481);
#3479 = CARTESIAN_POINT('',(30.5,41.1,14.7));
#3480 = DIRECTION('',(1.,0.,8.679739665932E-17));
#3481 = DIRECTION('',(-8.679739665932E-17,0.,1.));
#3482 = PCURVE('',#986,#3483);
#3483 = DEFINITIONAL_REPRESENTATION('',(#3484),#3487);
#3484 = B_SPLINE_CURVE_WITH_KNOTS('',1,(#3485,#3486),.UNSPECIFIED.,.F.,
  .F.,(2,2),(4.712388980385,6.28318530718),.PIECEWISE_BEZIER_KNOTS.);
#3485 = CARTESIAN_POINT('',(0.,94.5));
#3486 = CARTESIAN_POINT('',(1.570796326795,94.5));
#3487 = ( GEOMETRIC_REPRESENTATION_CONTEXT(2) 
PARAMETRIC_REPRESENTATION_CONTEXT() REPRESENTATION_CONTEXT('2D SPACE',''
  ) );
#3488 = PCURVE('',#3489,#3494);
#3489 = SPHERICAL_SURFACE('',#3490,1.5);
#3490 = AXIS2_PLACEMENT_3D('',#3491,#3492,#3493);
#3491 = CARTESIAN_POINT('',(30.5,41.1,14.7));
#3492 = DIRECTION('',(0.,-1.,-0.));
#3493 = DIRECTION('',(1.,0.,1.480297366167E-16));
#3494 = DEFINITIONAL_REPRESENTATION('',(#3495),#3498);
#3495 = B_SPLINE_CURVE_WITH_KNOTS('',1,(#3496,#3497),.UNSPECIFIED.,.F.,
  .F.,(2,2),(4.712388980385,6.28318530718),.PIECEWISE_BEZIER_KNOTS.);
#3496 = CARTESIAN_POINT('',(1.570796326795,-1.570796326795));
#3497 = CARTESIAN_POINT('',(1.570796326795,0.));
#3498 = ( GEOMETRIC_REPRESENTATION_CONTEXT(2) 
PARAMETRIC_REPRESENTATION_CONTEXT() REPRESENTATION_CONTEXT('2D SPACE',''
  ) );
#3499 = ADVANCED_FACE('',(#3500),#958,.T.);
#3500 = FACE_BOUND('',#3501,.T.);
#3501 = EDGE_LOOP('',(#3502,#3532,#3559,#3560));
#3502 = ORIENTED_EDGE('',*,*,#3503,.F.);
#3503 = EDGE_CURVE('',#3504,#3506,#3508,.T.);
#3504 = VERTEX_POINT('',#3505);
#3505 = CARTESIAN_POINT('',(32.,41.1,12.7));
#3506 = VERTEX_POINT('',#3507);
#3507 = CARTESIAN_POINT('',(32.,41.1,14.7));
#3508 = SURFACE_CURVE('',#3509,(#3513,#3520),.PCURVE_S1.);
#3509 = LINE('',#3510,#3511);
#3510 = CARTESIAN_POINT('',(32.,41.1,11.2));
#3511 = VECTOR('',#3512,1.);
#3512 = DIRECTION('',(0.,0.,1.));
#3513 = PCURVE('',#958,#3514);
#3514 = DEFINITIONAL_REPRESENTATION('',(#3515),#3519);
#3515 = LINE('',#3516,#3517);
#3516 = CARTESIAN_POINT('',(0.,0.));
#3517 = VECTOR('',#3518,1.);
#3518 = DIRECTION('',(0.,1.));
#3519 = ( GEOMETRIC_REPRESENTATION_CONTEXT(2) 
PARAMETRIC_REPRESENTATION_CONTEXT() REPRESENTATION_CONTEXT('2D SPACE',''
  ) );
#3520 = PCURVE('',#3521,#3526);
#3521 = PLANE('',#3522);
#3522 = AXIS2_PLACEMENT_3D('',#3523,#3524,#3525);
#3523 = CARTESIAN_POINT('',(32.,35.6,11.2));
#3524 = DIRECTION('',(1.,0.,-0.));
#3525 = DIRECTION('',(0.,0.,1.));
#3526 = DEFINITIONAL_REPRESENTATION('',(#3527),#3531);
#3527 = LINE('',#3528,#3529);
#3528 = CARTESIAN_POINT('',(0.,-5.5));
#3529 = VECTOR('',#3530,1.);
#3530 = DIRECTION('',(1.,0.));
#3531 = ( GEOMETRIC_REPRESENTATION_CONTEXT(2) 
PARAMETRIC_REPRESENTATION_CONTEXT() REPRESENTATION_CONTEXT('2D SPACE',''
  ) );
#3532 = ORIENTED_EDGE('',*,*,#3533,.T.);
#3533 = EDGE_CURVE('',#3504,#915,#3534,.T.);
#3534 = SURFACE_CURVE('',#3535,(#3540,#3547),.PCURVE_S1.);
#3535 = CIRCLE('',#3536,1.5);
#3536 = AXIS2_PLACEMENT_3D('',#3537,#3538,#3539);
#3537 = CARTESIAN_POINT('',(30.5,41.1,12.7));
#3538 = DIRECTION('',(0.,0.,1.));
#3539 = DIRECTION('',(1.,0.,-0.));
#3540 = PCURVE('',#958,#3541);
#3541 = DEFINITIONAL_REPRESENTATION('',(#3542),#3546);
#3542 = LINE('',#3543,#3544);
#3543 = CARTESIAN_POINT('',(0.,1.5));
#3544 = VECTOR('',#3545,1.);
#3545 = DIRECTION('',(1.,0.));
#3546 = ( GEOMETRIC_REPRESENTATION_CONTEXT(2) 
PARAMETRIC_REPRESENTATION_CONTEXT() REPRESENTATION_CONTEXT('2D SPACE',''
  ) );
#3547 = PCURVE('',#3548,#3553);
#3548 = SPHERICAL_SURFACE('',#3549,1.5);
#3549 = AXIS2_PLACEMENT_3D('',#3550,#3551,#3552);
#3550 = CARTESIAN_POINT('',(30.5,41.1,12.7));
#3551 = DIRECTION('',(0.,0.,1.));
#3552 = DIRECTION('',(1.,0.,-0.));
#3553 = DEFINITIONAL_REPRESENTATION('',(#3554),#3558);
#3554 = LINE('',#3555,#3556);
#3555 = CARTESIAN_POINT('',(0.,0.));
#3556 = VECTOR('',#3557,1.);
#3557 = DIRECTION('',(1.,0.));
#3558 = ( GEOMETRIC_REPRESENTATION_CONTEXT(2) 
PARAMETRIC_REPRESENTATION_CONTEXT() REPRESENTATION_CONTEXT('2D SPACE',''
  ) );
#3559 = ORIENTED_EDGE('',*,*,#942,.T.);
#3560 = ORIENTED_EDGE('',*,*,#3561,.T.);
#3561 = EDGE_CURVE('',#943,#3506,#3562,.T.);
#3562 = SURFACE_CURVE('',#3563,(#3568,#3574),.PCURVE_S1.);
#3563 = CIRCLE('',#3564,1.5);
#3564 = AXIS2_PLACEMENT_3D('',#3565,#3566,#3567);
#3565 = CARTESIAN_POINT('',(30.5,41.1,14.7));
#3566 = DIRECTION('',(1.480297366167E-16,0.,-1.));
#3567 = DIRECTION('',(1.,0.,1.480297366167E-16));
#3568 = PCURVE('',#958,#3569);
#3569 = DEFINITIONAL_REPRESENTATION('',(#3570),#3573);
#3570 = B_SPLINE_CURVE_WITH_KNOTS('',1,(#3571,#3572),.UNSPECIFIED.,.F.,
  .F.,(2,2),(4.712388980385,6.28318530718),.PIECEWISE_BEZIER_KNOTS.);
#3571 = CARTESIAN_POINT('',(1.570796326795,3.5));
#3572 = CARTESIAN_POINT('',(0.,3.5));
#3573 = ( GEOMETRIC_REPRESENTATION_CONTEXT(2) 
PARAMETRIC_REPRESENTATION_CONTEXT() REPRESENTATION_CONTEXT('2D SPACE',''
  ) );
#3574 = PCURVE('',#3489,#3575);
#3575 = DEFINITIONAL_REPRESENTATION('',(#3576),#3579);
#3576 = B_SPLINE_CURVE_WITH_KNOTS('',1,(#3577,#3578),.UNSPECIFIED.,.F.,
  .F.,(2,2),(4.712388980385,6.28318530718),.PIECEWISE_BEZIER_KNOTS.);
#3577 = CARTESIAN_POINT('',(0.,-1.570796326795));
#3578 = CARTESIAN_POINT('',(0.,0.));
#3579 = ( GEOMETRIC_REPRESENTATION_CONTEXT(2) 
PARAMETRIC_REPRESENTATION_CONTEXT() REPRESENTATION_CONTEXT('2D SPACE',''
  ) );
#3580 = ADVANCED_FACE('',(#3581),#930,.T.);
#3581 = FACE_BOUND('',#3582,.F.);
#3582 = EDGE_LOOP('',(#3583,#3617,#3645,#3665));
#3583 = ORIENTED_EDGE('',*,*,#3584,.F.);
#3584 = EDGE_CURVE('',#3585,#887,#3587,.T.);
#3585 = VERTEX_POINT('',#3586);
#3586 = CARTESIAN_POINT('',(-12.5,41.1,11.2));
#3587 = SURFACE_CURVE('',#3588,(#3593,#3605),.PCURVE_S1.);
#3588 = ELLIPSE('',#3589,2.12132034356,1.5);
#3589 = AXIS2_PLACEMENT_3D('',#3590,#3591,#3592);
#3590 = CARTESIAN_POINT('',(-14.,41.1,12.7));
#3591 = DIRECTION('',(0.707106781187,0.,0.707106781187));
#3592 = DIRECTION('',(-0.707106781187,0.,0.707106781187));
#3593 = PCURVE('',#930,#3594);
#3594 = DEFINITIONAL_REPRESENTATION('',(#3595),#3604);
#3595 = B_SPLINE_CURVE_WITH_KNOTS('',7,(#3596,#3597,#3598,#3599,#3600,
    #3601,#3602,#3603),.UNSPECIFIED.,.F.,.F.,(8,8),(3.14159265359,
    4.712388980385),.PIECEWISE_BEZIER_KNOTS.);
#3596 = CARTESIAN_POINT('',(-1.570796326795,51.5));
#3597 = CARTESIAN_POINT('',(-1.346396851538,51.5));
#3598 = CARTESIAN_POINT('',(-1.121997376282,51.411876991084));
#3599 = CARTESIAN_POINT('',(-0.897597901026,51.235643756932));
#3600 = CARTESIAN_POINT('',(-0.673198425769,50.982120238674));
#3601 = CARTESIAN_POINT('',(-0.448798950513,50.673197058977));
#3602 = CARTESIAN_POINT('',(-0.224399475256,50.336599212885));
#3603 = CARTESIAN_POINT('',(0.,50.));
#3604 = ( GEOMETRIC_REPRESENTATION_CONTEXT(2) 
PARAMETRIC_REPRESENTATION_CONTEXT() REPRESENTATION_CONTEXT('2D SPACE',''
  ) );
#3605 = PCURVE('',#902,#3606);
#3606 = DEFINITIONAL_REPRESENTATION('',(#3607),#3616);
#3607 = B_SPLINE_CURVE_WITH_KNOTS('',7,(#3608,#3609,#3610,#3611,#3612,
    #3613,#3614,#3615),.UNSPECIFIED.,.F.,.F.,(8,8),(3.14159265359,
    4.712388980385),.PIECEWISE_BEZIER_KNOTS.);
#3608 = CARTESIAN_POINT('',(0.,14.7));
#3609 = CARTESIAN_POINT('',(0.224399475256,14.7));
#3610 = CARTESIAN_POINT('',(0.448798950513,14.788123008915));
#3611 = CARTESIAN_POINT('',(0.67319842577,14.964356243063));
#3612 = CARTESIAN_POINT('',(0.897597901025,15.217879761341));
#3613 = CARTESIAN_POINT('',(1.121997376282,15.526802941022));
#3614 = CARTESIAN_POINT('',(1.346396851538,15.863400787115));
#3615 = CARTESIAN_POINT('',(1.570796326795,16.2));
#3616 = ( GEOMETRIC_REPRESENTATION_CONTEXT(2) 
PARAMETRIC_REPRESENTATION_CONTEXT() REPRESENTATION_CONTEXT('2D SPACE',''
  ) );
#3617 = ORIENTED_EDGE('',*,*,#3618,.T.);
#3618 = EDGE_CURVE('',#3585,#3619,#3621,.T.);
#3619 = VERTEX_POINT('',#3620);
#3620 = CARTESIAN_POINT('',(30.5,41.1,11.2));
#3621 = SURFACE_CURVE('',#3622,(#3626,#3633),.PCURVE_S1.);
#3622 = LINE('',#3623,#3624);
#3623 = CARTESIAN_POINT('',(-64.,41.1,11.2));
#3624 = VECTOR('',#3625,1.);
#3625 = DIRECTION('',(1.,0.,-0.));
#3626 = PCURVE('',#930,#3627);
#3627 = DEFINITIONAL_REPRESENTATION('',(#3628),#3632);
#3628 = LINE('',#3629,#3630);
#3629 = CARTESIAN_POINT('',(-1.570796326795,0.));
#3630 = VECTOR('',#3631,1.);
#3631 = DIRECTION('',(-0.,1.));
#3632 = ( GEOMETRIC_REPRESENTATION_CONTEXT(2) 
PARAMETRIC_REPRESENTATION_CONTEXT() REPRESENTATION_CONTEXT('2D SPACE',''
  ) );
#3633 = PCURVE('',#3634,#3639);
#3634 = PLANE('',#3635);
#3635 = AXIS2_PLACEMENT_3D('',#3636,#3637,#3638);
#3636 = CARTESIAN_POINT('',(-64.,35.6,11.2));
#3637 = DIRECTION('',(0.,0.,1.));
#3638 = DIRECTION('',(1.,0.,-0.));
#3639 = DEFINITIONAL_REPRESENTATION('',(#3640),#3644);
#3640 = LINE('',#3641,#3642);
#3641 = CARTESIAN_POINT('',(0.,5.5));
#3642 = VECTOR('',#3643,1.);
#3643 = DIRECTION('',(1.,0.));
#3644 = ( GEOMETRIC_REPRESENTATION_CONTEXT(2) 
PARAMETRIC_REPRESENTATION_CONTEXT() REPRESENTATION_CONTEXT('2D SPACE',''
  ) );
#3645 = ORIENTED_EDGE('',*,*,#3646,.T.);
#3646 = EDGE_CURVE('',#3619,#915,#3647,.T.);
#3647 = SURFACE_CURVE('',#3648,(#3653,#3659),.PCURVE_S1.);
#3648 = CIRCLE('',#3649,1.5);
#3649 = AXIS2_PLACEMENT_3D('',#3650,#3651,#3652);
#3650 = CARTESIAN_POINT('',(30.5,41.1,12.7));
#3651 = DIRECTION('',(1.,-6.123233995737E-17,0.));
#3652 = DIRECTION('',(6.123233995737E-17,1.,0.));
#3653 = PCURVE('',#930,#3654);
#3654 = DEFINITIONAL_REPRESENTATION('',(#3655),#3658);
#3655 = B_SPLINE_CURVE_WITH_KNOTS('',1,(#3656,#3657),.UNSPECIFIED.,.F.,
  .F.,(2,2),(4.712388980385,6.28318530718),.PIECEWISE_BEZIER_KNOTS.);
#3656 = CARTESIAN_POINT('',(-1.570796326795,94.5));
#3657 = CARTESIAN_POINT('',(0.,94.5));
#3658 = ( GEOMETRIC_REPRESENTATION_CONTEXT(2) 
PARAMETRIC_REPRESENTATION_CONTEXT() REPRESENTATION_CONTEXT('2D SPACE',''
  ) );
#3659 = PCURVE('',#3548,#3660);
#3660 = DEFINITIONAL_REPRESENTATION('',(#3661),#3664);
#3661 = B_SPLINE_CURVE_WITH_KNOTS('',1,(#3662,#3663),.UNSPECIFIED.,.F.,
  .F.,(2,2),(4.712388980385,6.28318530718),.PIECEWISE_BEZIER_KNOTS.);
#3662 = CARTESIAN_POINT('',(1.570796326795,-1.570796326795));
#3663 = CARTESIAN_POINT('',(1.570796326795,0.));
#3664 = ( GEOMETRIC_REPRESENTATION_CONTEXT(2) 
PARAMETRIC_REPRESENTATION_CONTEXT() REPRESENTATION_CONTEXT('2D SPACE',''
  ) );
#3665 = ORIENTED_EDGE('',*,*,#914,.F.);
#3666 = ADVANCED_FACE('',(#3667),#902,.T.);
#3667 = FACE_BOUND('',#3668,.T.);
#3668 = EDGE_LOOP('',(#3669,#3697,#3719,#3720));
#3669 = ORIENTED_EDGE('',*,*,#3670,.F.);
#3670 = EDGE_CURVE('',#3671,#3585,#3673,.T.);
#3671 = VERTEX_POINT('',#3672);
#3672 = CARTESIAN_POINT('',(-12.5,41.1,-2.));
#3673 = SURFACE_CURVE('',#3674,(#3678,#3685),.PCURVE_S1.);
#3674 = LINE('',#3675,#3676);
#3675 = CARTESIAN_POINT('',(-12.5,41.1,-3.5));
#3676 = VECTOR('',#3677,1.);
#3677 = DIRECTION('',(0.,0.,1.));
#3678 = PCURVE('',#902,#3679);
#3679 = DEFINITIONAL_REPRESENTATION('',(#3680),#3684);
#3680 = LINE('',#3681,#3682);
#3681 = CARTESIAN_POINT('',(0.,0.));
#3682 = VECTOR('',#3683,1.);
#3683 = DIRECTION('',(0.,1.));
#3684 = ( GEOMETRIC_REPRESENTATION_CONTEXT(2) 
PARAMETRIC_REPRESENTATION_CONTEXT() REPRESENTATION_CONTEXT('2D SPACE',''
  ) );
#3685 = PCURVE('',#3686,#3691);
#3686 = PLANE('',#3687);
#3687 = AXIS2_PLACEMENT_3D('',#3688,#3689,#3690);
#3688 = CARTESIAN_POINT('',(-12.5,35.6,-3.5));
#3689 = DIRECTION('',(1.,0.,-0.));
#3690 = DIRECTION('',(0.,0.,1.));
#3691 = DEFINITIONAL_REPRESENTATION('',(#3692),#3696);
#3692 = LINE('',#3693,#3694);
#3693 = CARTESIAN_POINT('',(0.,-5.5));
#3694 = VECTOR('',#3695,1.);
#3695 = DIRECTION('',(1.,0.));
#3696 = ( GEOMETRIC_REPRESENTATION_CONTEXT(2) 
PARAMETRIC_REPRESENTATION_CONTEXT() REPRESENTATION_CONTEXT('2D SPACE',''
  ) );
#3697 = ORIENTED_EDGE('',*,*,#3698,.T.);
#3698 = EDGE_CURVE('',#3671,#859,#3699,.T.);
#3699 = SURFACE_CURVE('',#3700,(#3705,#3712),.PCURVE_S1.);
#3700 = CIRCLE('',#3701,1.5);
#3701 = AXIS2_PLACEMENT_3D('',#3702,#3703,#3704);
#3702 = CARTESIAN_POINT('',(-14.,41.1,-2.));
#3703 = DIRECTION('',(0.,0.,1.));
#3704 = DIRECTION('',(1.,0.,-0.));
#3705 = PCURVE('',#902,#3706);
#3706 = DEFINITIONAL_REPRESENTATION('',(#3707),#3711);
#3707 = LINE('',#3708,#3709);
#3708 = CARTESIAN_POINT('',(0.,1.5));
#3709 = VECTOR('',#3710,1.);
#3710 = DIRECTION('',(1.,0.));
#3711 = ( GEOMETRIC_REPRESENTATION_CONTEXT(2) 
PARAMETRIC_REPRESENTATION_CONTEXT() REPRESENTATION_CONTEXT('2D SPACE',''
  ) );
#3712 = PCURVE('',#2213,#3713);
#3713 = DEFINITIONAL_REPRESENTATION('',(#3714),#3718);
#3714 = LINE('',#3715,#3716);
#3715 = CARTESIAN_POINT('',(0.,0.));
#3716 = VECTOR('',#3717,1.);
#3717 = DIRECTION('',(1.,0.));
#3718 = ( GEOMETRIC_REPRESENTATION_CONTEXT(2) 
PARAMETRIC_REPRESENTATION_CONTEXT() REPRESENTATION_CONTEXT('2D SPACE',''
  ) );
#3719 = ORIENTED_EDGE('',*,*,#886,.T.);
#3720 = ORIENTED_EDGE('',*,*,#3584,.F.);
#3721 = ADVANCED_FACE('',(#3722),#874,.T.);
#3722 = FACE_BOUND('',#3723,.F.);
#3723 = EDGE_LOOP('',(#3724,#3744,#3745,#3765));
#3724 = ORIENTED_EDGE('',*,*,#3725,.F.);
#3725 = EDGE_CURVE('',#2010,#829,#3726,.T.);
#3726 = SURFACE_CURVE('',#3727,(#3732,#3738),.PCURVE_S1.);
#3727 = CIRCLE('',#3728,1.5);
#3728 = AXIS2_PLACEMENT_3D('',#3729,#3730,#3731);
#3729 = CARTESIAN_POINT('',(-18.,41.1,-2.));
#3730 = DIRECTION('',(1.,6.123233995737E-17,-0.));
#3731 = DIRECTION('',(-6.123233995737E-17,1.,0.));
#3732 = PCURVE('',#874,#3733);
#3733 = DEFINITIONAL_REPRESENTATION('',(#3734),#3737);
#3734 = B_SPLINE_CURVE_WITH_KNOTS('',1,(#3735,#3736),.UNSPECIFIED.,.F.,
  .F.,(2,2),(4.712388980385,6.28318530718),.PIECEWISE_BEZIER_KNOTS.);
#3735 = CARTESIAN_POINT('',(-1.570796326795,1.5));
#3736 = CARTESIAN_POINT('',(0.,1.5));
#3737 = ( GEOMETRIC_REPRESENTATION_CONTEXT(2) 
PARAMETRIC_REPRESENTATION_CONTEXT() REPRESENTATION_CONTEXT('2D SPACE',''
  ) );
#3738 = PCURVE('',#2079,#3739);
#3739 = DEFINITIONAL_REPRESENTATION('',(#3740),#3743);
#3740 = B_SPLINE_CURVE_WITH_KNOTS('',1,(#3741,#3742),.UNSPECIFIED.,.F.,
  .F.,(2,2),(4.712388980385,6.28318530718),.PIECEWISE_BEZIER_KNOTS.);
#3741 = CARTESIAN_POINT('',(-1.570796326795,-1.570796326795));
#3742 = CARTESIAN_POINT('',(-1.570796326795,0.));
#3743 = ( GEOMETRIC_REPRESENTATION_CONTEXT(2) 
PARAMETRIC_REPRESENTATION_CONTEXT() REPRESENTATION_CONTEXT('2D SPACE',''
  ) );
#3744 = ORIENTED_EDGE('',*,*,#2118,.T.);
#3745 = ORIENTED_EDGE('',*,*,#3746,.T.);
#3746 = EDGE_CURVE('',#2119,#859,#3747,.T.);
#3747 = SURFACE_CURVE('',#3748,(#3753,#3759),.PCURVE_S1.);
#3748 = CIRCLE('',#3749,1.5);
#3749 = AXIS2_PLACEMENT_3D('',#3750,#3751,#3752);
#3750 = CARTESIAN_POINT('',(-14.,41.1,-2.));
#3751 = DIRECTION('',(1.,-6.123233995737E-17,0.));
#3752 = DIRECTION('',(6.123233995737E-17,1.,0.));
#3753 = PCURVE('',#874,#3754);
#3754 = DEFINITIONAL_REPRESENTATION('',(#3755),#3758);
#3755 = B_SPLINE_CURVE_WITH_KNOTS('',1,(#3756,#3757),.UNSPECIFIED.,.F.,
  .F.,(2,2),(4.712388980385,6.28318530718),.PIECEWISE_BEZIER_KNOTS.);
#3756 = CARTESIAN_POINT('',(-1.570796326795,5.5));
#3757 = CARTESIAN_POINT('',(0.,5.5));
#3758 = ( GEOMETRIC_REPRESENTATION_CONTEXT(2) 
PARAMETRIC_REPRESENTATION_CONTEXT() REPRESENTATION_CONTEXT('2D SPACE',''
  ) );
#3759 = PCURVE('',#2213,#3760);
#3760 = DEFINITIONAL_REPRESENTATION('',(#3761),#3764);
#3761 = B_SPLINE_CURVE_WITH_KNOTS('',1,(#3762,#3763),.UNSPECIFIED.,.F.,
  .F.,(2,2),(4.712388980385,6.28318530718),.PIECEWISE_BEZIER_KNOTS.);
#3762 = CARTESIAN_POINT('',(1.570796326795,-1.570796326795));
#3763 = CARTESIAN_POINT('',(1.570796326795,0.));
#3764 = ( GEOMETRIC_REPRESENTATION_CONTEXT(2) 
PARAMETRIC_REPRESENTATION_CONTEXT() REPRESENTATION_CONTEXT('2D SPACE',''
  ) );
#3765 = ORIENTED_EDGE('',*,*,#858,.F.);
#3766 = ADVANCED_FACE('',(#3767),#1184,.T.);
#3767 = FACE_BOUND('',#3768,.F.);
#3768 = EDGE_LOOP('',(#3769,#3799,#3821,#3822));
#3769 = ORIENTED_EDGE('',*,*,#3770,.F.);
#3770 = EDGE_CURVE('',#3771,#3773,#3775,.T.);
#3771 = VERTEX_POINT('',#3772);
#3772 = CARTESIAN_POINT('',(-67.,41.1,31.9));
#3773 = VERTEX_POINT('',#3774);
#3774 = CARTESIAN_POINT('',(-67.,41.1,32.9));
#3775 = SURFACE_CURVE('',#3776,(#3780,#3787),.PCURVE_S1.);
#3776 = LINE('',#3777,#3778);
#3777 = CARTESIAN_POINT('',(-67.,41.1,30.4));
#3778 = VECTOR('',#3779,1.);
#3779 = DIRECTION('',(0.,0.,1.));
#3780 = PCURVE('',#1184,#3781);
#3781 = DEFINITIONAL_REPRESENTATION('',(#3782),#3786);
#3782 = LINE('',#3783,#3784);
#3783 = CARTESIAN_POINT('',(-0.,0.));
#3784 = VECTOR('',#3785,1.);
#3785 = DIRECTION('',(-0.,1.));
#3786 = ( GEOMETRIC_REPRESENTATION_CONTEXT(2) 
PARAMETRIC_REPRESENTATION_CONTEXT() REPRESENTATION_CONTEXT('2D SPACE',''
  ) );
#3787 = PCURVE('',#3788,#3793);
#3788 = PLANE('',#3789);
#3789 = AXIS2_PLACEMENT_3D('',#3790,#3791,#3792);
#3790 = CARTESIAN_POINT('',(-67.,35.6,30.4));
#3791 = DIRECTION('',(1.,0.,-0.));
#3792 = DIRECTION('',(0.,0.,1.));
#3793 = DEFINITIONAL_REPRESENTATION('',(#3794),#3798);
#3794 = LINE('',#3795,#3796);
#3795 = CARTESIAN_POINT('',(0.,-5.5));
#3796 = VECTOR('',#3797,1.);
#3797 = DIRECTION('',(1.,0.));
#3798 = ( GEOMETRIC_REPRESENTATION_CONTEXT(2) 
PARAMETRIC_REPRESENTATION_CONTEXT() REPRESENTATION_CONTEXT('2D SPACE',''
  ) );
#3799 = ORIENTED_EDGE('',*,*,#3800,.T.);
#3800 = EDGE_CURVE('',#3771,#1167,#3801,.T.);
#3801 = SURFACE_CURVE('',#3802,(#3807,#3814),.PCURVE_S1.);
#3802 = CIRCLE('',#3803,1.5);
#3803 = AXIS2_PLACEMENT_3D('',#3804,#3805,#3806);
#3804 = CARTESIAN_POINT('',(-65.5,41.1,31.9));
#3805 = DIRECTION('',(-0.,0.,-1.));
#3806 = DIRECTION('',(-1.,0.,0.));
#3807 = PCURVE('',#1184,#3808);
#3808 = DEFINITIONAL_REPRESENTATION('',(#3809),#3813);
#3809 = LINE('',#3810,#3811);
#3810 = CARTESIAN_POINT('',(-0.,1.5));
#3811 = VECTOR('',#3812,1.);
#3812 = DIRECTION('',(-1.,0.));
#3813 = ( GEOMETRIC_REPRESENTATION_CONTEXT(2) 
PARAMETRIC_REPRESENTATION_CONTEXT() REPRESENTATION_CONTEXT('2D SPACE',''
  ) );
#3814 = PCURVE('',#2671,#3815);
#3815 = DEFINITIONAL_REPRESENTATION('',(#3816),#3820);
#3816 = LINE('',#3817,#3818);
#3817 = CARTESIAN_POINT('',(-0.,0.));
#3818 = VECTOR('',#3819,1.);
#3819 = DIRECTION('',(-1.,0.));
#3820 = ( GEOMETRIC_REPRESENTATION_CONTEXT(2) 
PARAMETRIC_REPRESENTATION_CONTEXT() REPRESENTATION_CONTEXT('2D SPACE',''
  ) );
#3821 = ORIENTED_EDGE('',*,*,#1166,.T.);
#3822 = ORIENTED_EDGE('',*,*,#3823,.T.);
#3823 = EDGE_CURVE('',#1169,#3773,#3824,.T.);
#3824 = SURFACE_CURVE('',#3825,(#3830,#3836),.PCURVE_S1.);
#3825 = CIRCLE('',#3826,1.5);
#3826 = AXIS2_PLACEMENT_3D('',#3827,#3828,#3829);
#3827 = CARTESIAN_POINT('',(-65.5,41.1,32.9));
#3828 = DIRECTION('',(1.480297366167E-16,0.,1.));
#3829 = DIRECTION('',(-1.,-0.,1.480297366167E-16));
#3830 = PCURVE('',#1184,#3831);
#3831 = DEFINITIONAL_REPRESENTATION('',(#3832),#3835);
#3832 = B_SPLINE_CURVE_WITH_KNOTS('',1,(#3833,#3834),.UNSPECIFIED.,.F.,
  .F.,(2,2),(4.712388980385,6.28318530718),.PIECEWISE_BEZIER_KNOTS.);
#3833 = CARTESIAN_POINT('',(-1.570796326795,2.5));
#3834 = CARTESIAN_POINT('',(0.,2.5));
#3835 = ( GEOMETRIC_REPRESENTATION_CONTEXT(2) 
PARAMETRIC_REPRESENTATION_CONTEXT() REPRESENTATION_CONTEXT('2D SPACE',''
  ) );
#3836 = PCURVE('',#3837,#3842);
#3837 = SPHERICAL_SURFACE('',#3838,1.5);
#3838 = AXIS2_PLACEMENT_3D('',#3839,#3840,#3841);
#3839 = CARTESIAN_POINT('',(-65.5,41.1,32.9));
#3840 = DIRECTION('',(0.,-1.,-0.));
#3841 = DIRECTION('',(-1.,-0.,1.480297366167E-16));
#3842 = DEFINITIONAL_REPRESENTATION('',(#3843),#3846);
#3843 = B_SPLINE_CURVE_WITH_KNOTS('',1,(#3844,#3845),.UNSPECIFIED.,.F.,
  .F.,(2,2),(4.712388980385,6.28318530718),.PIECEWISE_BEZIER_KNOTS.);
#3844 = CARTESIAN_POINT('',(0.,-1.570796326795));
#3845 = CARTESIAN_POINT('',(0.,0.));
#3846 = ( GEOMETRIC_REPRESENTATION_CONTEXT(2) 
PARAMETRIC_REPRESENTATION_CONTEXT() REPRESENTATION_CONTEXT('2D SPACE',''
  ) );
#3847 = ADVANCED_FACE('',(#3848),#1266,.T.);
#3848 = FACE_BOUND('',#3849,.T.);
#3849 = EDGE_LOOP('',(#3850,#3872,#3900,#3925));
#3850 = ORIENTED_EDGE('',*,*,#3851,.T.);
#3851 = EDGE_CURVE('',#1169,#3852,#3854,.T.);
#3852 = VERTEX_POINT('',#3853);
#3853 = CARTESIAN_POINT('',(-65.5,41.1,34.4));
#3854 = SURFACE_CURVE('',#3855,(#3860,#3866),.PCURVE_S1.);
#3855 = CIRCLE('',#3856,1.5);
#3856 = AXIS2_PLACEMENT_3D('',#3857,#3858,#3859);
#3857 = CARTESIAN_POINT('',(-65.5,41.1,32.9));
#3858 = DIRECTION('',(1.,0.,-8.679739665932E-17));
#3859 = DIRECTION('',(8.679739665932E-17,-0.,1.));
#3860 = PCURVE('',#1266,#3861);
#3861 = DEFINITIONAL_REPRESENTATION('',(#3862),#3865);
#3862 = B_SPLINE_CURVE_WITH_KNOTS('',1,(#3863,#3864),.UNSPECIFIED.,.F.,
  .F.,(2,2),(4.712388980385,6.28318530718),.PIECEWISE_BEZIER_KNOTS.);
#3863 = CARTESIAN_POINT('',(0.,1.5));
#3864 = CARTESIAN_POINT('',(1.570796326795,1.5));
#3865 = ( GEOMETRIC_REPRESENTATION_CONTEXT(2) 
PARAMETRIC_REPRESENTATION_CONTEXT() REPRESENTATION_CONTEXT('2D SPACE',''
  ) );
#3866 = PCURVE('',#3837,#3867);
#3867 = DEFINITIONAL_REPRESENTATION('',(#3868),#3871);
#3868 = B_SPLINE_CURVE_WITH_KNOTS('',1,(#3869,#3870),.UNSPECIFIED.,.F.,
  .F.,(2,2),(4.712388980385,6.28318530718),.PIECEWISE_BEZIER_KNOTS.);
#3869 = CARTESIAN_POINT('',(-1.570796326795,-1.570796326795));
#3870 = CARTESIAN_POINT('',(-1.570796326795,0.));
#3871 = ( GEOMETRIC_REPRESENTATION_CONTEXT(2) 
PARAMETRIC_REPRESENTATION_CONTEXT() REPRESENTATION_CONTEXT('2D SPACE',''
  ) );
#3872 = ORIENTED_EDGE('',*,*,#3873,.T.);
#3873 = EDGE_CURVE('',#3852,#3874,#3876,.T.);
#3874 = VERTEX_POINT('',#3875);
#3875 = CARTESIAN_POINT('',(33.5,41.1,34.4));
#3876 = SURFACE_CURVE('',#3877,(#3881,#3888),.PCURVE_S1.);
#3877 = LINE('',#3878,#3879);
#3878 = CARTESIAN_POINT('',(-67.,41.1,34.4));
#3879 = VECTOR('',#3880,1.);
#3880 = DIRECTION('',(1.,0.,-0.));
#3881 = PCURVE('',#1266,#3882);
#3882 = DEFINITIONAL_REPRESENTATION('',(#3883),#3887);
#3883 = LINE('',#3884,#3885);
#3884 = CARTESIAN_POINT('',(1.570796326795,0.));
#3885 = VECTOR('',#3886,1.);
#3886 = DIRECTION('',(0.,1.));
#3887 = ( GEOMETRIC_REPRESENTATION_CONTEXT(2) 
PARAMETRIC_REPRESENTATION_CONTEXT() REPRESENTATION_CONTEXT('2D SPACE',''
  ) );
#3888 = PCURVE('',#3889,#3894);
#3889 = PLANE('',#3890);
#3890 = AXIS2_PLACEMENT_3D('',#3891,#3892,#3893);
#3891 = CARTESIAN_POINT('',(-67.,35.6,34.4));
#3892 = DIRECTION('',(0.,0.,1.));
#3893 = DIRECTION('',(1.,0.,-0.));
#3894 = DEFINITIONAL_REPRESENTATION('',(#3895),#3899);
#3895 = LINE('',#3896,#3897);
#3896 = CARTESIAN_POINT('',(0.,5.5));
#3897 = VECTOR('',#3898,1.);
#3898 = DIRECTION('',(1.,0.));
#3899 = ( GEOMETRIC_REPRESENTATION_CONTEXT(2) 
PARAMETRIC_REPRESENTATION_CONTEXT() REPRESENTATION_CONTEXT('2D SPACE',''
  ) );
#3900 = ORIENTED_EDGE('',*,*,#3901,.F.);
#3901 = EDGE_CURVE('',#1225,#3874,#3902,.T.);
#3902 = SURFACE_CURVE('',#3903,(#3908,#3914),.PCURVE_S1.);
#3903 = CIRCLE('',#3904,1.5);
#3904 = AXIS2_PLACEMENT_3D('',#3905,#3906,#3907);
#3905 = CARTESIAN_POINT('',(33.5,41.1,32.9));
#3906 = DIRECTION('',(1.,0.,8.679739665932E-17));
#3907 = DIRECTION('',(-8.679739665932E-17,0.,1.));
#3908 = PCURVE('',#1266,#3909);
#3909 = DEFINITIONAL_REPRESENTATION('',(#3910),#3913);
#3910 = B_SPLINE_CURVE_WITH_KNOTS('',1,(#3911,#3912),.UNSPECIFIED.,.F.,
  .F.,(2,2),(4.712388980385,6.28318530718),.PIECEWISE_BEZIER_KNOTS.);
#3911 = CARTESIAN_POINT('',(0.,100.5));
#3912 = CARTESIAN_POINT('',(1.570796326795,100.5));
#3913 = ( GEOMETRIC_REPRESENTATION_CONTEXT(2) 
PARAMETRIC_REPRESENTATION_CONTEXT() REPRESENTATION_CONTEXT('2D SPACE',''
  ) );
#3914 = PCURVE('',#3915,#3920);
#3915 = SPHERICAL_SURFACE('',#3916,1.5);
#3916 = AXIS2_PLACEMENT_3D('',#3917,#3918,#3919);
#3917 = CARTESIAN_POINT('',(33.5,41.1,32.9));
#3918 = DIRECTION('',(0.,-1.,-0.));
#3919 = DIRECTION('',(1.,0.,1.480297366167E-16));
#3920 = DEFINITIONAL_REPRESENTATION('',(#3921),#3924);
#3921 = B_SPLINE_CURVE_WITH_KNOTS('',1,(#3922,#3923),.UNSPECIFIED.,.F.,
  .F.,(2,2),(4.712388980385,6.28318530718),.PIECEWISE_BEZIER_KNOTS.);
#3922 = CARTESIAN_POINT('',(1.570796326795,-1.570796326795));
#3923 = CARTESIAN_POINT('',(1.570796326795,0.));
#3924 = ( GEOMETRIC_REPRESENTATION_CONTEXT(2) 
PARAMETRIC_REPRESENTATION_CONTEXT() REPRESENTATION_CONTEXT('2D SPACE',''
  ) );
#3925 = ORIENTED_EDGE('',*,*,#1252,.F.);
#3926 = ADVANCED_FACE('',(#3927),#1240,.T.);
#3927 = FACE_BOUND('',#3928,.T.);
#3928 = EDGE_LOOP('',(#3929,#3959,#3986,#3987));
#3929 = ORIENTED_EDGE('',*,*,#3930,.F.);
#3930 = EDGE_CURVE('',#3931,#3933,#3935,.T.);
#3931 = VERTEX_POINT('',#3932);
#3932 = CARTESIAN_POINT('',(35.,41.1,31.9));
#3933 = VERTEX_POINT('',#3934);
#3934 = CARTESIAN_POINT('',(35.,41.1,32.9));
#3935 = SURFACE_CURVE('',#3936,(#3940,#3947),.PCURVE_S1.);
#3936 = LINE('',#3937,#3938);
#3937 = CARTESIAN_POINT('',(35.,41.1,30.4));
#3938 = VECTOR('',#3939,1.);
#3939 = DIRECTION('',(0.,0.,1.));
#3940 = PCURVE('',#1240,#3941);
#3941 = DEFINITIONAL_REPRESENTATION('',(#3942),#3946);
#3942 = LINE('',#3943,#3944);
#3943 = CARTESIAN_POINT('',(0.,0.));
#3944 = VECTOR('',#3945,1.);
#3945 = DIRECTION('',(0.,1.));
#3946 = ( GEOMETRIC_REPRESENTATION_CONTEXT(2) 
PARAMETRIC_REPRESENTATION_CONTEXT() REPRESENTATION_CONTEXT('2D SPACE',''
  ) );
#3947 = PCURVE('',#3948,#3953);
#3948 = PLANE('',#3949);
#3949 = AXIS2_PLACEMENT_3D('',#3950,#3951,#3952);
#3950 = CARTESIAN_POINT('',(35.,35.6,30.4));
#3951 = DIRECTION('',(1.,0.,-0.));
#3952 = DIRECTION('',(0.,0.,1.));
#3953 = DEFINITIONAL_REPRESENTATION('',(#3954),#3958);
#3954 = LINE('',#3955,#3956);
#3955 = CARTESIAN_POINT('',(0.,-5.5));
#3956 = VECTOR('',#3957,1.);
#3957 = DIRECTION('',(1.,0.));
#3958 = ( GEOMETRIC_REPRESENTATION_CONTEXT(2) 
PARAMETRIC_REPRESENTATION_CONTEXT() REPRESENTATION_CONTEXT('2D SPACE',''
  ) );
#3959 = ORIENTED_EDGE('',*,*,#3960,.T.);
#3960 = EDGE_CURVE('',#3931,#1197,#3961,.T.);
#3961 = SURFACE_CURVE('',#3962,(#3967,#3974),.PCURVE_S1.);
#3962 = CIRCLE('',#3963,1.5);
#3963 = AXIS2_PLACEMENT_3D('',#3964,#3965,#3966);
#3964 = CARTESIAN_POINT('',(33.5,41.1,31.9));
#3965 = DIRECTION('',(0.,0.,1.));
#3966 = DIRECTION('',(1.,0.,-0.));
#3967 = PCURVE('',#1240,#3968);
#3968 = DEFINITIONAL_REPRESENTATION('',(#3969),#3973);
#3969 = LINE('',#3970,#3971);
#3970 = CARTESIAN_POINT('',(0.,1.5));
#3971 = VECTOR('',#3972,1.);
#3972 = DIRECTION('',(1.,0.));
#3973 = ( GEOMETRIC_REPRESENTATION_CONTEXT(2) 
PARAMETRIC_REPRESENTATION_CONTEXT() REPRESENTATION_CONTEXT('2D SPACE',''
  ) );
#3974 = PCURVE('',#3975,#3980);
#3975 = SPHERICAL_SURFACE('',#3976,1.5);
#3976 = AXIS2_PLACEMENT_3D('',#3977,#3978,#3979);
#3977 = CARTESIAN_POINT('',(33.5,41.1,31.9));
#3978 = DIRECTION('',(0.,0.,1.));
#3979 = DIRECTION('',(1.,0.,-0.));
#3980 = DEFINITIONAL_REPRESENTATION('',(#3981),#3985);
#3981 = LINE('',#3982,#3983);
#3982 = CARTESIAN_POINT('',(0.,0.));
#3983 = VECTOR('',#3984,1.);
#3984 = DIRECTION('',(1.,0.));
#3985 = ( GEOMETRIC_REPRESENTATION_CONTEXT(2) 
PARAMETRIC_REPRESENTATION_CONTEXT() REPRESENTATION_CONTEXT('2D SPACE',''
  ) );
#3986 = ORIENTED_EDGE('',*,*,#1224,.T.);
#3987 = ORIENTED_EDGE('',*,*,#3988,.T.);
#3988 = EDGE_CURVE('',#1225,#3933,#3989,.T.);
#3989 = SURFACE_CURVE('',#3990,(#3995,#4001),.PCURVE_S1.);
#3990 = CIRCLE('',#3991,1.5);
#3991 = AXIS2_PLACEMENT_3D('',#3992,#3993,#3994);
#3992 = CARTESIAN_POINT('',(33.5,41.1,32.9));
#3993 = DIRECTION('',(1.480297366167E-16,0.,-1.));
#3994 = DIRECTION('',(1.,0.,1.480297366167E-16));
#3995 = PCURVE('',#1240,#3996);
#3996 = DEFINITIONAL_REPRESENTATION('',(#3997),#4000);
#3997 = B_SPLINE_CURVE_WITH_KNOTS('',1,(#3998,#3999),.UNSPECIFIED.,.F.,
  .F.,(2,2),(4.712388980385,6.28318530718),.PIECEWISE_BEZIER_KNOTS.);
#3998 = CARTESIAN_POINT('',(1.570796326795,2.5));
#3999 = CARTESIAN_POINT('',(0.,2.5));
#4000 = ( GEOMETRIC_REPRESENTATION_CONTEXT(2) 
PARAMETRIC_REPRESENTATION_CONTEXT() REPRESENTATION_CONTEXT('2D SPACE',''
  ) );
#4001 = PCURVE('',#3915,#4002);
#4002 = DEFINITIONAL_REPRESENTATION('',(#4003),#4006);
#4003 = B_SPLINE_CURVE_WITH_KNOTS('',1,(#4004,#4005),.UNSPECIFIED.,.F.,
  .F.,(2,2),(4.712388980385,6.28318530718),.PIECEWISE_BEZIER_KNOTS.);
#4004 = CARTESIAN_POINT('',(0.,-1.570796326795));
#4005 = CARTESIAN_POINT('',(0.,0.));
#4006 = ( GEOMETRIC_REPRESENTATION_CONTEXT(2) 
PARAMETRIC_REPRESENTATION_CONTEXT() REPRESENTATION_CONTEXT('2D SPACE',''
  ) );
#4007 = ADVANCED_FACE('',(#4008),#1212,.T.);
#4008 = FACE_BOUND('',#4009,.F.);
#4009 = EDGE_LOOP('',(#4010,#4032,#4082,#4110,#4212,#4213,#4308,#4336,
    #4391,#4411));
#4010 = ORIENTED_EDGE('',*,*,#4011,.F.);
#4011 = EDGE_CURVE('',#4012,#1167,#4014,.T.);
#4012 = VERTEX_POINT('',#4013);
#4013 = CARTESIAN_POINT('',(-65.5,41.484057287393,30.45));
#4014 = SURFACE_CURVE('',#4015,(#4020,#4026),.PCURVE_S1.);
#4015 = CIRCLE('',#4016,1.5);
#4016 = AXIS2_PLACEMENT_3D('',#4017,#4018,#4019);
#4017 = CARTESIAN_POINT('',(-65.5,41.1,31.9));
#4018 = DIRECTION('',(1.,6.123233995737E-17,-0.));
#4019 = DIRECTION('',(-6.123233995737E-17,1.,0.));
#4020 = PCURVE('',#1212,#4021);
#4021 = DEFINITIONAL_REPRESENTATION('',(#4022),#4025);
#4022 = B_SPLINE_CURVE_WITH_KNOTS('',1,(#4023,#4024),.UNSPECIFIED.,.F.,
  .F.,(2,2),(4.712388980385,6.28318530718),.PIECEWISE_BEZIER_KNOTS.);
#4023 = CARTESIAN_POINT('',(-1.570796326795,1.5));
#4024 = CARTESIAN_POINT('',(0.,1.5));
#4025 = ( GEOMETRIC_REPRESENTATION_CONTEXT(2) 
PARAMETRIC_REPRESENTATION_CONTEXT() REPRESENTATION_CONTEXT('2D SPACE',''
  ) );
#4026 = PCURVE('',#2671,#4027);
#4027 = DEFINITIONAL_REPRESENTATION('',(#4028),#4031);
#4028 = B_SPLINE_CURVE_WITH_KNOTS('',1,(#4029,#4030),.UNSPECIFIED.,.F.,
  .F.,(2,2),(4.712388980385,6.28318530718),.PIECEWISE_BEZIER_KNOTS.);
#4029 = CARTESIAN_POINT('',(-1.570796326795,-1.570796326795));
#4030 = CARTESIAN_POINT('',(-1.570796326795,0.));
#4031 = ( GEOMETRIC_REPRESENTATION_CONTEXT(2) 
PARAMETRIC_REPRESENTATION_CONTEXT() REPRESENTATION_CONTEXT('2D SPACE',''
  ) );
#4032 = ORIENTED_EDGE('',*,*,#4033,.F.);
#4033 = EDGE_CURVE('',#4034,#4012,#4036,.T.);
#4034 = VERTEX_POINT('',#4035);
#4035 = CARTESIAN_POINT('',(-65.38196601125,41.1,30.4));
#4036 = SURFACE_CURVE('',#4037,(#4050,#4066),.PCURVE_S1.);
#4037 = B_SPLINE_CURVE_WITH_KNOTS('',6,(#4038,#4039,#4040,#4041,#4042,
    #4043,#4044,#4045,#4046,#4047,#4048,#4049),.UNSPECIFIED.,.F.,.F.,(7,
    5,7),(0.,0.629873284319,1.),.UNSPECIFIED.);
#4038 = CARTESIAN_POINT('',(-65.38196601125,41.1,30.4));
#4039 = CARTESIAN_POINT('',(-65.38196601125,41.143894349754,30.4));
#4040 = CARTESIAN_POINT('',(-65.38541271477,41.187807323096,
    30.401541357356));
#4041 = CARTESIAN_POINT('',(-65.39231095933,41.231179280198,
    30.404626625255));
#4042 = CARTESIAN_POINT('',(-65.4024818075,41.273557630684,
    30.409138728459));
#4043 = CARTESIAN_POINT('',(-65.41565639819,41.31458736988,
    30.414890004555));
#4044 = CARTESIAN_POINT('',(-65.44081252882,41.377164107313,
    30.425641718963));
#4045 = CARTESIAN_POINT('',(-65.4510493144,41.399776994761,
    30.429975315667));
#4046 = CARTESIAN_POINT('',(-65.46214965009,41.421796734143,
    30.434620810945));
#4047 = CARTESIAN_POINT('',(-65.47404931637,41.443193570958,
    30.439534649229));
#4048 = CARTESIAN_POINT('',(-65.48668557658,41.463950022927,
    30.44467423383));
#4049 = CARTESIAN_POINT('',(-65.5000006,41.484058193507,30.45000024));
#4050 = PCURVE('',#1212,#4051);
#4051 = DEFINITIONAL_REPRESENTATION('',(#4052),#4065);
#4052 = B_SPLINE_CURVE_WITH_KNOTS('',6,(#4053,#4054,#4055,#4056,#4057,
    #4058,#4059,#4060,#4061,#4062,#4063,#4064),.UNSPECIFIED.,.F.,.F.,(7,
    5,7),(0.,0.629873284319,1.),.UNSPECIFIED.);
#4053 = CARTESIAN_POINT('',(-1.570796326795,1.61803398875));
#4054 = CARTESIAN_POINT('',(-1.541533426959,1.61803398875));
#4055 = CARTESIAN_POINT('',(-1.512258113622,1.614587285228));
#4056 = CARTESIAN_POINT('',(-1.483298362274,1.607689040669));
#4057 = CARTESIAN_POINT('',(-1.454910628915,1.597518192493));
#4058 = CARTESIAN_POINT('',(-1.427303230266,1.584343601808));
#4059 = CARTESIAN_POINT('',(-1.384974110106,1.559187471172));
#4060 = CARTESIAN_POINT('',(-1.369627348376,1.548950685599));
#4061 = CARTESIAN_POINT('',(-1.354628144795,1.537850349901));
#4062 = CARTESIAN_POINT('',(-1.339995541256,1.525950683623));
#4063 = CARTESIAN_POINT('',(-1.325741866026,1.513314423413));
#4064 = CARTESIAN_POINT('',(-1.311874159883,1.4999994));
#4065 = ( GEOMETRIC_REPRESENTATION_CONTEXT(2) 
PARAMETRIC_REPRESENTATION_CONTEXT() REPRESENTATION_CONTEXT('2D SPACE',''
  ) );
#4066 = PCURVE('',#2702,#4067);
#4067 = DEFINITIONAL_REPRESENTATION('',(#4068),#4081);
#4068 = B_SPLINE_CURVE_WITH_KNOTS('',6,(#4069,#4070,#4071,#4072,#4073,
    #4074,#4075,#4076,#4077,#4078,#4079,#4080),.UNSPECIFIED.,.F.,.F.,(7,
    5,7),(0.,0.629873284319,1.),.UNSPECIFIED.);
#4069 = CARTESIAN_POINT('',(0.729727656227,0.));
#4070 = CARTESIAN_POINT('',(0.729727656227,-2.92628998362E-02));
#4071 = CARTESIAN_POINT('',(0.732025487994,-5.853821317266E-02));
#4072 = CARTESIAN_POINT('',(0.736624169832,-8.749796452062E-02));
#4073 = CARTESIAN_POINT('',(0.743422864544,-0.11588569788));
#4074 = CARTESIAN_POINT('',(0.752275730717,-0.143493096529));
#4075 = CARTESIAN_POINT('',(0.769292227904,-0.185822216689));
#4076 = CARTESIAN_POINT('',(0.776237089732,-0.201168978419));
#4077 = CARTESIAN_POINT('',(0.783793943854,-0.216168182));
#4078 = CARTESIAN_POINT('',(0.791927013662,-0.230800785539));
#4079 = CARTESIAN_POINT('',(0.800601210076,-0.245054460769));
#4080 = CARTESIAN_POINT('',(0.809783986363,-0.258922166912));
#4081 = ( GEOMETRIC_REPRESENTATION_CONTEXT(2) 
PARAMETRIC_REPRESENTATION_CONTEXT() REPRESENTATION_CONTEXT('2D SPACE',''
  ) );
#4082 = ORIENTED_EDGE('',*,*,#4083,.T.);
#4083 = EDGE_CURVE('',#4034,#4084,#4086,.T.);
#4084 = VERTEX_POINT('',#4085);
#4085 = CARTESIAN_POINT('',(-19.11803398875,41.1,30.4));
#4086 = SURFACE_CURVE('',#4087,(#4091,#4098),.PCURVE_S1.);
#4087 = LINE('',#4088,#4089);
#4088 = CARTESIAN_POINT('',(-67.,41.1,30.4));
#4089 = VECTOR('',#4090,1.);
#4090 = DIRECTION('',(1.,0.,-0.));
#4091 = PCURVE('',#1212,#4092);
#4092 = DEFINITIONAL_REPRESENTATION('',(#4093),#4097);
#4093 = LINE('',#4094,#4095);
#4094 = CARTESIAN_POINT('',(-1.570796326795,0.));
#4095 = VECTOR('',#4096,1.);
#4096 = DIRECTION('',(-0.,1.));
#4097 = ( GEOMETRIC_REPRESENTATION_CONTEXT(2) 
PARAMETRIC_REPRESENTATION_CONTEXT() REPRESENTATION_CONTEXT('2D SPACE',''
  ) );
#4098 = PCURVE('',#4099,#4104);
#4099 = PLANE('',#4100);
#4100 = AXIS2_PLACEMENT_3D('',#4101,#4102,#4103);
#4101 = CARTESIAN_POINT('',(-67.,35.6,30.4));
#4102 = DIRECTION('',(0.,0.,1.));
#4103 = DIRECTION('',(1.,0.,-0.));
#4104 = DEFINITIONAL_REPRESENTATION('',(#4105),#4109);
#4105 = LINE('',#4106,#4107);
#4106 = CARTESIAN_POINT('',(0.,5.5));
#4107 = VECTOR('',#4108,1.);
#4108 = DIRECTION('',(1.,0.));
#4109 = ( GEOMETRIC_REPRESENTATION_CONTEXT(2) 
PARAMETRIC_REPRESENTATION_CONTEXT() REPRESENTATION_CONTEXT('2D SPACE',''
  ) );
#4110 = ORIENTED_EDGE('',*,*,#4111,.F.);
#4111 = EDGE_CURVE('',#3289,#4084,#4112,.T.);
#4112 = SURFACE_CURVE('',#4113,(#4144,#4178),.PCURVE_S1.);
#4113 = B_SPLINE_CURVE_WITH_KNOTS('',8,(#4114,#4115,#4116,#4117,#4118,
    #4119,#4120,#4121,#4122,#4123,#4124,#4125,#4126,#4127,#4128,#4129,
    #4130,#4131,#4132,#4133,#4134,#4135,#4136,#4137,#4138,#4139,#4140,
    #4141,#4142,#4143),.UNSPECIFIED.,.F.,.F.,(9,7,7,7,9),(0.,
    0.550344975966,0.710299135701,0.825161949724,1.),.UNSPECIFIED.);
#4114 = CARTESIAN_POINT('',(-18.,41.929156197589,30.65));
#4115 = CARTESIAN_POINT('',(-18.10096278136,41.929156197589,30.65));
#4116 = CARTESIAN_POINT('',(-18.20141450486,41.922130244064,
    30.645340869943));
#4117 = CARTESIAN_POINT('',(-18.3014348915,41.908207454249,
    30.636100687434));
#4118 = CARTESIAN_POINT('',(-18.40065929529,41.886990957157,
    30.622354145266));
#4119 = CARTESIAN_POINT('',(-18.49849223624,41.857899039705,
    30.604292706361));
#4120 = CARTESIAN_POINT('',(-18.59391132194,41.819977758009,
    30.582388668669));
#4121 = CARTESIAN_POINT('',(-18.68562454966,41.772182046562,
    30.557465244737));
#4122 = CARTESIAN_POINT('',(-18.79670424685,41.695581471629,
    30.523177611988));
#4123 = CARTESIAN_POINT('',(-18.8212231445,41.677368106695,
    30.515323270345));
#4124 = CARTESIAN_POINT('',(-18.84519440993,41.658156380144,
    30.507371554758));
#4125 = CARTESIAN_POINT('',(-18.86855490314,41.63791313334,
    30.499364790471));
#4126 = CARTESIAN_POINT('',(-18.89123120381,41.616608278291,
    30.491352022506));
#4127 = CARTESIAN_POINT('',(-18.91314027478,41.594216142172,
    30.483389054288));
#4128 = CARTESIAN_POINT('',(-18.93419012562,41.570716811835,
    30.475538486275));
#4129 = CARTESIAN_POINT('',(-18.96870732311,41.528418376196,
    30.462362851212));
#4130 = CARTESIAN_POINT('',(-18.98263780483,41.510163589223,
    30.45695030505));
#4131 = CARTESIAN_POINT('',(-18.99603420032,41.491329755081,
    30.451657858611));
#4132 = CARTESIAN_POINT('',(-19.00885500845,41.471917374663,
    30.446513741704));
#4133 = CARTESIAN_POINT('',(-19.02105584777,41.451931674674,
    30.441548096255));
#4134 = CARTESIAN_POINT('',(-19.03259035631,41.431383470214,
    30.436792401123));
#4135 = CARTESIAN_POINT('',(-19.04341109143,41.410290027378,
    30.432278896912));
#4136 = CARTESIAN_POINT('',(-19.06878221775,41.355776093074,
    30.421587804374));
#4137 = CARTESIAN_POINT('',(-19.08234127751,41.32164607519,
    30.41576706571));
#4138 = CARTESIAN_POINT('',(-19.09396016246,41.286401946766,
    30.410699428609));
#4139 = CARTESIAN_POINT('',(-19.1034688272,41.250193038209,
    30.406500408401));
#4140 = CARTESIAN_POINT('',(-19.11071945349,41.213204355813,
    30.403271293199));
#4141 = CARTESIAN_POINT('',(-19.11559678761,41.175659155817,
    30.401089872053));
#4142 = CARTESIAN_POINT('',(-19.11803398875,41.137821672454,30.4));
#4143 = CARTESIAN_POINT('',(-19.11803398875,41.1,30.4));
#4144 = PCURVE('',#1212,#4145);
#4145 = DEFINITIONAL_REPRESENTATION('',(#4146),#4177);
#4146 = B_SPLINE_CURVE_WITH_KNOTS('',8,(#4147,#4148,#4149,#4150,#4151,
    #4152,#4153,#4154,#4155,#4156,#4157,#4158,#4159,#4160,#4161,#4162,
    #4163,#4164,#4165,#4166,#4167,#4168,#4169,#4170,#4171,#4172,#4173,
    #4174,#4175,#4176),.UNSPECIFIED.,.F.,.F.,(9,7,7,7,9),(0.,
    0.550344975966,0.710299135701,0.825161949724,1.),.UNSPECIFIED.);
#4147 = CARTESIAN_POINT('',(-0.985110783338,49.));
#4148 = CARTESIAN_POINT('',(-0.985110783338,48.899037218634));
#4149 = CARTESIAN_POINT('',(-0.99073134778,48.798585495132));
#4150 = CARTESIAN_POINT('',(-1.001870282159,48.698565108492));
#4151 = CARTESIAN_POINT('',(-1.018724960082,48.599340704705));
#4152 = CARTESIAN_POINT('',(-1.041540628985,48.501507763754));
#4153 = CARTESIAN_POINT('',(-1.070705095343,48.406088678054));
#4154 = CARTESIAN_POINT('',(-1.106576701939,48.314375450334));
#4155 = CARTESIAN_POINT('',(-1.162526242061,48.203295753149));
#4156 = CARTESIAN_POINT('',(-1.175748159218,48.1787768555));
#4157 = CARTESIAN_POINT('',(-1.189607150706,48.154805590068));
#4158 = CARTESIAN_POINT('',(-1.204116158349,48.131445096851));
#4159 = CARTESIAN_POINT('',(-1.219286055162,48.108768796182));
#4160 = CARTESIAN_POINT('',(-1.235125218296,48.086859725212));
#4161 = CARTESIAN_POINT('',(-1.251639101972,48.065809874379));
#4162 = CARTESIAN_POINT('',(-1.281174429344,48.031292676887));
#4163 = CARTESIAN_POINT('',(-1.293866778825,48.017362195162));
#4164 = CARTESIAN_POINT('',(-1.306906720175,48.003965799674));
#4165 = CARTESIAN_POINT('',(-1.320291909227,47.991144991543));
#4166 = CARTESIAN_POINT('',(-1.33401737529,47.978944152223));
#4167 = CARTESIAN_POINT('',(-1.348075100102,47.967409643681));
#4168 = CARTESIAN_POINT('',(-1.362453596786,47.956588908567));
#4169 = CARTESIAN_POINT('',(-1.399488526202,47.931217782247));
#4170 = CARTESIAN_POINT('',(-1.422563329736,47.917658722485));
#4171 = CARTESIAN_POINT('',(-1.446287414417,47.906039837537));
#4172 = CARTESIAN_POINT('',(-1.470569830782,47.8965311728));
#4173 = CARTESIAN_POINT('',(-1.495302319231,47.889280546501));
#4174 = CARTESIAN_POINT('',(-1.520356897104,47.884403212389));
#4175 = CARTESIAN_POINT('',(-1.545581878492,47.88196601125));
#4176 = CARTESIAN_POINT('',(-1.570796326795,47.88196601125));
#4177 = ( GEOMETRIC_REPRESENTATION_CONTEXT(2) 
PARAMETRIC_REPRESENTATION_CONTEXT() REPRESENTATION_CONTEXT('2D SPACE',''
  ) );
#4178 = PCURVE('',#3273,#4179);
#4179 = DEFINITIONAL_REPRESENTATION('',(#4180),#4211);
#4180 = B_SPLINE_CURVE_WITH_KNOTS('',8,(#4181,#4182,#4183,#4184,#4185,
    #4186,#4187,#4188,#4189,#4190,#4191,#4192,#4193,#4194,#4195,#4196,
    #4197,#4198,#4199,#4200,#4201,#4202,#4203,#4204,#4205,#4206,#4207,
    #4208,#4209,#4210),.UNSPECIFIED.,.F.,.F.,(9,7,7,7,9),(0.,
    0.550344975966,0.710299135701,0.825161949724,1.),.UNSPECIFIED.);
#4181 = CARTESIAN_POINT('',(-1.570796326795,-0.585685543457));
#4182 = CARTESIAN_POINT('',(-1.490026101702,-0.585685543457));
#4183 = CARTESIAN_POINT('',(-1.409664493619,-0.580064979015));
#4184 = CARTESIAN_POINT('',(-1.330050468719,-0.568926044636));
#4185 = CARTESIAN_POINT('',(-1.251856927525,-0.552071366714));
#4186 = CARTESIAN_POINT('',(-1.175914052395,-0.529255697809));
#4187 = CARTESIAN_POINT('',(-1.103246482179,-0.500091231452));
#4188 = CARTESIAN_POINT('',(-1.034864472913,-0.464219624855));
#4189 = CARTESIAN_POINT('',(-0.953731165758,-0.408270084734));
#4190 = CARTESIAN_POINT('',(-0.935940124223,-0.395048167577));
#4191 = CARTESIAN_POINT('',(-0.918662089353,-0.381189176089));
#4192 = CARTESIAN_POINT('',(-0.901936306995,-0.366680168446));
#4193 = CARTESIAN_POINT('',(-0.885807262215,-0.351510271632));
#4194 = CARTESIAN_POINT('',(-0.870324094697,-0.335671108498));
#4195 = CARTESIAN_POINT('',(-0.855540014151,-0.319157224823));
#4196 = CARTESIAN_POINT('',(-0.83143801812,-0.28962189745));
#4197 = CARTESIAN_POINT('',(-0.821755164375,-0.27692954797));
#4198 = CARTESIAN_POINT('',(-0.812484658701,-0.26388960662));
#4199 = CARTESIAN_POINT('',(-0.803649999481,-0.250504417568));
#4200 = CARTESIAN_POINT('',(-0.795276177293,-0.236778951505));
#4201 = CARTESIAN_POINT('',(-0.787389172935,-0.222721226693));
#4202 = CARTESIAN_POINT('',(-0.780015455456,-0.208342730009));
#4203 = CARTESIAN_POINT('',(-0.762779167441,-0.171307800593));
#4204 = CARTESIAN_POINT('',(-0.753619674783,-0.148232997059));
#4205 = CARTESIAN_POINT('',(-0.745810030144,-0.124508912378));
#4206 = CARTESIAN_POINT('',(-0.739444386743,-0.100226496013));
#4207 = CARTESIAN_POINT('',(-0.734603942432,-7.549400756391E-02));
#4208 = CARTESIAN_POINT('',(-0.731352498261,-5.043942969109E-02));
#4209 = CARTESIAN_POINT('',(-0.729727656227,-2.521444830278E-02));
#4210 = CARTESIAN_POINT('',(-0.729727656227,0.));
#4211 = ( GEOMETRIC_REPRESENTATION_CONTEXT(2) 
PARAMETRIC_REPRESENTATION_CONTEXT() REPRESENTATION_CONTEXT('2D SPACE',''
  ) );
#4212 = ORIENTED_EDGE('',*,*,#3310,.T.);
#4213 = ORIENTED_EDGE('',*,*,#4214,.F.);
#4214 = EDGE_CURVE('',#4215,#3311,#4217,.T.);
#4215 = VERTEX_POINT('',#4216);
#4216 = CARTESIAN_POINT('',(-12.88196601125,41.1,30.4));
#4217 = SURFACE_CURVE('',#4218,(#4246,#4277),.PCURVE_S1.);
#4218 = B_SPLINE_CURVE_WITH_KNOTS('',6,(#4219,#4220,#4221,#4222,#4223,
    #4224,#4225,#4226,#4227,#4228,#4229,#4230,#4231,#4232,#4233,#4234,
    #4235,#4236,#4237,#4238,#4239,#4240,#4241,#4242,#4243,#4244,#4245),
  .UNSPECIFIED.,.F.,.F.,(7,5,5,5,5,7),(0.,0.175362579338,0.290639359443,
    0.450942721131,0.612404031189,1.),.UNSPECIFIED.);
#4219 = CARTESIAN_POINT('',(-12.88196601125,41.1,30.4));
#4220 = CARTESIAN_POINT('',(-12.88196601125,41.15057156509,30.4));
#4221 = CARTESIAN_POINT('',(-12.88654123519,41.201172895973,
    30.402045955013));
#4222 = CARTESIAN_POINT('',(-12.89569996959,41.250933707934,
    30.406142615332));
#4223 = CARTESIAN_POINT('',(-12.90912110236,41.299191087978,
    30.412079752164));
#4224 = CARTESIAN_POINT('',(-12.92635651663,41.34546204553,30.419542149)
  );
#4225 = CARTESIAN_POINT('',(-12.96036575553,41.41831711201,
    30.433868518938));
#4226 = CARTESIAN_POINT('',(-12.97528359787,41.446233896889,
    30.440065373514));
#4227 = CARTESIAN_POINT('',(-12.99149543209,41.473101845406,
    30.446685056664));
#4228 = CARTESIAN_POINT('',(-13.00886751636,41.498886418804,
    30.453636801425));
#4229 = CARTESIAN_POINT('',(-13.02727555471,41.523579373977,
    30.460836219428));
#4230 = CARTESIAN_POINT('',(-13.07350398344,41.580024273888,
    30.478465649365));
#4231 = CARTESIAN_POINT('',(-13.10218647006,41.610759235859,
    30.489056942432));
#4232 = CARTESIAN_POINT('',(-13.132379127,41.639432695666,
    30.499789612282));
#4233 = CARTESIAN_POINT('',(-13.16383940645,41.666114645842,
    30.510500849592));
#4234 = CARTESIAN_POINT('',(-13.19636979168,41.690895408183,
    30.521059532689));
#4235 = CARTESIAN_POINT('',(-13.26351959727,41.737016922309,
    30.541746403728));
#4236 = CARTESIAN_POINT('',(-13.29814528638,41.758326767721,
    30.55186859907));
#4237 = CARTESIAN_POINT('',(-13.33354680657,41.777901253862,
    30.561628262661));
#4238 = CARTESIAN_POINT('',(-13.36959583618,41.795832388364,
    30.570943867451));
#4239 = CARTESIAN_POINT('',(-13.40618925814,41.812205215004,
    30.579752438918));
#4240 = CARTESIAN_POINT('',(-13.53221126614,41.862846783339,
    30.607817612773));
#4241 = CARTESIAN_POINT('',(-13.62378801382,41.890035720844,
    30.624412882216));
#4242 = CARTESIAN_POINT('',(-13.71696397686,41.909781677237,
    30.637146979221));
#4243 = CARTESIAN_POINT('',(-13.81102991441,41.922689779012,
    30.645711219079));
#4244 = CARTESIAN_POINT('',(-13.90547415157,41.929156197589,30.65));
#4245 = CARTESIAN_POINT('',(-14.,41.929156197589,30.65));
#4246 = PCURVE('',#1212,#4247);
#4247 = DEFINITIONAL_REPRESENTATION('',(#4248),#4276);
#4248 = B_SPLINE_CURVE_WITH_KNOTS('',6,(#4249,#4250,#4251,#4252,#4253,
    #4254,#4255,#4256,#4257,#4258,#4259,#4260,#4261,#4262,#4263,#4264,
    #4265,#4266,#4267,#4268,#4269,#4270,#4271,#4272,#4273,#4274,#4275),
  .UNSPECIFIED.,.F.,.F.,(7,5,5,5,5,7),(0.,0.175362579338,0.290639359443,
    0.450942721131,0.612404031189,1.),.UNSPECIFIED.);
#4249 = CARTESIAN_POINT('',(-1.570796326795,54.11803398875));
#4250 = CARTESIAN_POINT('',(-1.537081950068,54.11803398875));
#4251 = CARTESIAN_POINT('',(-1.503347743964,54.113458764806));
#4252 = CARTESIAN_POINT('',(-1.470104826363,54.104300030401));
#4253 = CARTESIAN_POINT('',(-1.437726024028,54.090878897634));
#4254 = CARTESIAN_POINT('',(-1.406498484122,54.07364348337));
#4255 = CARTESIAN_POINT('',(-1.356998290689,54.039634244463));
#4256 = CARTESIAN_POINT('',(-1.337939732713,54.024716402124));
#4257 = CARTESIAN_POINT('',(-1.319499158871,54.008504567909));
#4258 = CARTESIAN_POINT('',(-1.301701450317,53.991132483631));
#4259 = CARTESIAN_POINT('',(-1.284557148753,53.972724445285));
#4260 = CARTESIAN_POINT('',(-1.245134518332,53.926496016558));
#4261 = CARTESIAN_POINT('',(-1.223471250426,53.897813529932));
#4262 = CARTESIAN_POINT('',(-1.203070069679,53.867620872996));
#4263 = CARTESIAN_POINT('',(-1.183908998545,53.836160593547));
#4264 = CARTESIAN_POINT('',(-1.165954566792,53.803630208313));
#4265 = CARTESIAN_POINT('',(-1.132255633748,53.736480402725));
#4266 = CARTESIAN_POINT('',(-1.116531547962,53.701854713614));
#4267 = CARTESIAN_POINT('',(-1.101953368532,53.66645319343));
#4268 = CARTESIAN_POINT('',(-1.088484481965,53.630404163814));
#4269 = CARTESIAN_POINT('',(-1.076090845195,53.593810741851));
#4270 = CARTESIAN_POINT('',(-1.037491925078,53.467788733851));
#4271 = CARTESIAN_POINT('',(-1.016274822833,53.376211986177));
#4272 = CARTESIAN_POINT('',(-1.000610236373,53.283036023137));
#4273 = CARTESIAN_POINT('',(-0.990283938065,53.188970085583));
#4274 = CARTESIAN_POINT('',(-0.985110783338,53.094525848425));
#4275 = CARTESIAN_POINT('',(-0.985110783338,53.));
#4276 = ( GEOMETRIC_REPRESENTATION_CONTEXT(2) 
PARAMETRIC_REPRESENTATION_CONTEXT() REPRESENTATION_CONTEXT('2D SPACE',''
  ) );
#4277 = PCURVE('',#3345,#4278);
#4278 = DEFINITIONAL_REPRESENTATION('',(#4279),#4307);
#4279 = B_SPLINE_CURVE_WITH_KNOTS('',6,(#4280,#4281,#4282,#4283,#4284,
    #4285,#4286,#4287,#4288,#4289,#4290,#4291,#4292,#4293,#4294,#4295,
    #4296,#4297,#4298,#4299,#4300,#4301,#4302,#4303,#4304,#4305,#4306),
  .UNSPECIFIED.,.F.,.F.,(7,5,5,5,5,7),(0.,0.175362579338,0.290639359443,
    0.450942721131,0.612404031189,1.),.UNSPECIFIED.);
#4280 = CARTESIAN_POINT('',(0.729727656227,0.));
#4281 = CARTESIAN_POINT('',(0.729727656227,-3.371437672681E-02));
#4282 = CARTESIAN_POINT('',(0.732777884064,-6.744858283055E-02));
#4283 = CARTESIAN_POINT('',(0.738883308973,-0.100691500432));
#4284 = CARTESIAN_POINT('',(0.747863082223,-0.133070302767));
#4285 = CARTESIAN_POINT('',(0.759475214235,-0.164297842672));
#4286 = CARTESIAN_POINT('',(0.782582240084,-0.213798036106));
#4287 = CARTESIAN_POINT('',(0.792760354427,-0.232856594082));
#4288 = CARTESIAN_POINT('',(0.803876772495,-0.251297167924));
#4289 = CARTESIAN_POINT('',(0.815856653046,-0.269094876478));
#4290 = CARTESIAN_POINT('',(0.828629879178,-0.286239178042));
#4291 = CARTESIAN_POINT('',(0.860917052395,-0.325661808462));
#4292 = CARTESIAN_POINT('',(0.881110996287,-0.347325076369));
#4293 = CARTESIAN_POINT('',(0.902558439137,-0.367726257116));
#4294 = CARTESIAN_POINT('',(0.925116548835,-0.38688732825));
#4295 = CARTESIAN_POINT('',(0.948664254457,-0.404841760003));
#4296 = CARTESIAN_POINT('',(0.99772762207,-0.438540693047));
#4297 = CARTESIAN_POINT('',(1.02325113268,-0.454264778833));
#4298 = CARTESIAN_POINT('',(1.049579245972,-0.468842958262));
#4299 = CARTESIAN_POINT('',(1.07662206543,-0.48231184483));
#4300 = CARTESIAN_POINT('',(1.104300302494,-0.4947054816));
#4301 = CARTESIAN_POINT('',(1.200354069778,-0.533304401717));
#4302 = CARTESIAN_POINT('',(1.271382269915,-0.554521503962));
#4303 = CARTESIAN_POINT('',(1.344755742502,-0.570186090422));
#4304 = CARTESIAN_POINT('',(1.419620541915,-0.58051238873));
#4305 = CARTESIAN_POINT('',(1.495175648055,-0.585685543457));
#4306 = CARTESIAN_POINT('',(1.570796326795,-0.585685543457));
#4307 = ( GEOMETRIC_REPRESENTATION_CONTEXT(2) 
PARAMETRIC_REPRESENTATION_CONTEXT() REPRESENTATION_CONTEXT('2D SPACE',''
  ) );
#4308 = ORIENTED_EDGE('',*,*,#4309,.T.);
#4309 = EDGE_CURVE('',#4215,#4310,#4312,.T.);
#4310 = VERTEX_POINT('',#4311);
#4311 = CARTESIAN_POINT('',(33.38196601125,41.1,30.4));
#4312 = SURFACE_CURVE('',#4313,(#4317,#4324),.PCURVE_S1.);
#4313 = LINE('',#4314,#4315);
#4314 = CARTESIAN_POINT('',(-67.,41.1,30.4));
#4315 = VECTOR('',#4316,1.);
#4316 = DIRECTION('',(1.,0.,-0.));
#4317 = PCURVE('',#1212,#4318);
#4318 = DEFINITIONAL_REPRESENTATION('',(#4319),#4323);
#4319 = LINE('',#4320,#4321);
#4320 = CARTESIAN_POINT('',(-1.570796326795,0.));
#4321 = VECTOR('',#4322,1.);
#4322 = DIRECTION('',(-0.,1.));
#4323 = ( GEOMETRIC_REPRESENTATION_CONTEXT(2) 
PARAMETRIC_REPRESENTATION_CONTEXT() REPRESENTATION_CONTEXT('2D SPACE',''
  ) );
#4324 = PCURVE('',#4325,#4330);
#4325 = PLANE('',#4326);
#4326 = AXIS2_PLACEMENT_3D('',#4327,#4328,#4329);
#4327 = CARTESIAN_POINT('',(-67.,35.6,30.4));
#4328 = DIRECTION('',(0.,0.,1.));
#4329 = DIRECTION('',(1.,0.,-0.));
#4330 = DEFINITIONAL_REPRESENTATION('',(#4331),#4335);
#4331 = LINE('',#4332,#4333);
#4332 = CARTESIAN_POINT('',(0.,5.5));
#4333 = VECTOR('',#4334,1.);
#4334 = DIRECTION('',(1.,0.));
#4335 = ( GEOMETRIC_REPRESENTATION_CONTEXT(2) 
PARAMETRIC_REPRESENTATION_CONTEXT() REPRESENTATION_CONTEXT('2D SPACE',''
  ) );
#4336 = ORIENTED_EDGE('',*,*,#4337,.F.);
#4337 = EDGE_CURVE('',#4338,#4310,#4340,.T.);
#4338 = VERTEX_POINT('',#4339);
#4339 = CARTESIAN_POINT('',(33.5,41.484057287393,30.45));
#4340 = SURFACE_CURVE('',#4341,(#4354,#4370),.PCURVE_S1.);
#4341 = B_SPLINE_CURVE_WITH_KNOTS('',6,(#4342,#4343,#4344,#4345,#4346,
    #4347,#4348,#4349,#4350,#4351,#4352,#4353),.UNSPECIFIED.,.F.,.F.,(7,
    5,7),(0.,0.3716288089,1.),.UNSPECIFIED.);
#4342 = CARTESIAN_POINT('',(33.5000006,41.484058193507,30.45000024));
#4343 = CARTESIAN_POINT('',(33.486631519648,41.463868386859,
    30.444652611068));
#4344 = CARTESIAN_POINT('',(33.473946723739,41.443025021414,
    30.439492920196));
#4345 = CARTESIAN_POINT('',(33.462004749753,41.421536091982,
    30.434560971901));
#4346 = CARTESIAN_POINT('',(33.450869124868,41.399419335741,
    30.429899899411));
#4347 = CARTESIAN_POINT('',(33.440604867967,41.376704973581,
    30.425553800163));
#4348 = CARTESIAN_POINT('',(33.4154995045,41.314098088484,
    30.414821508251));
#4349 = CARTESIAN_POINT('',(33.402384889212,41.273153356993,
    30.40909573391));
#4350 = CARTESIAN_POINT('',(33.392261645176,41.230868902708,
    30.404604567527));
#4351 = CARTESIAN_POINT('',(33.385396292781,41.187597793634,
    30.40153401414));
#4352 = CARTESIAN_POINT('',(33.38196601125,41.143789663958,30.4));
#4353 = CARTESIAN_POINT('',(33.38196601125,41.1,30.4));
#4354 = PCURVE('',#1212,#4355);
#4355 = DEFINITIONAL_REPRESENTATION('',(#4356),#4369);
#4356 = B_SPLINE_CURVE_WITH_KNOTS('',6,(#4357,#4358,#4359,#4360,#4361,
    #4362,#4363,#4364,#4365,#4366,#4367,#4368),.UNSPECIFIED.,.F.,.F.,(7,
    5,7),(0.,0.3716288089,1.),.UNSPECIFIED.);
#4357 = CARTESIAN_POINT('',(-1.311874159883,100.5000006));
#4358 = CARTESIAN_POINT('',(-1.325798166772,100.48663151964));
#4359 = CARTESIAN_POINT('',(-1.340111285117,100.47394672373));
#4360 = CARTESIAN_POINT('',(-1.354806386569,100.46200474975));
#4361 = CARTESIAN_POINT('',(-1.369870969454,100.45086912486));
#4362 = CARTESIAN_POINT('',(-1.385285702907,100.44060486796));
#4363 = CARTESIAN_POINT('',(-1.427632441736,100.4154995045));
#4364 = CARTESIAN_POINT('',(-1.455181434564,100.40238488921));
#4365 = CARTESIAN_POINT('',(-1.483505602853,100.39226164517));
#4366 = CARTESIAN_POINT('',(-1.512397799842,100.38539629278));
#4367 = CARTESIAN_POINT('',(-1.54160321749,100.38196601125));
#4368 = CARTESIAN_POINT('',(-1.570796326795,100.38196601125));
#4369 = ( GEOMETRIC_REPRESENTATION_CONTEXT(2) 
PARAMETRIC_REPRESENTATION_CONTEXT() REPRESENTATION_CONTEXT('2D SPACE',''
  ) );
#4370 = PCURVE('',#4371,#4376);
#4371 = SPHERICAL_SURFACE('',#4372,1.5);
#4372 = AXIS2_PLACEMENT_3D('',#4373,#4374,#4375);
#4373 = CARTESIAN_POINT('',(34.5,41.1,29.4));
#4374 = DIRECTION('',(0.,-1.,-0.));
#4375 = DIRECTION('',(-1.,-0.,0.));
#4376 = DEFINITIONAL_REPRESENTATION('',(#4377),#4390);
#4377 = B_SPLINE_CURVE_WITH_KNOTS('',6,(#4378,#4379,#4380,#4381,#4382,
    #4383,#4384,#4385,#4386,#4387,#4388,#4389),.UNSPECIFIED.,.F.,.F.,(7,
    5,7),(0.,0.3716288089,1.),.UNSPECIFIED.);
#4378 = CARTESIAN_POINT('',(-0.809783986363,-0.258922166912));
#4379 = CARTESIAN_POINT('',(-0.800563929422,-0.244998160023));
#4380 = CARTESIAN_POINT('',(-0.791856589227,-0.230685041678));
#4381 = CARTESIAN_POINT('',(-0.783694910689,-0.215989940226));
#4382 = CARTESIAN_POINT('',(-0.776114424159,-0.200925357341));
#4383 = CARTESIAN_POINT('',(-0.769151350336,-0.185510623888));
#4384 = CARTESIAN_POINT('',(-0.752170306345,-0.143163885059));
#4385 = CARTESIAN_POINT('',(-0.743358078837,-0.11561489223));
#4386 = CARTESIAN_POINT('',(-0.736591295726,-8.729072394238E-02));
#4387 = CARTESIAN_POINT('',(-0.732014539508,-5.839852695336E-02));
#4388 = CARTESIAN_POINT('',(-0.729727656227,-2.919310930531E-02));
#4389 = CARTESIAN_POINT('',(-0.729727656227,0.));
#4390 = ( GEOMETRIC_REPRESENTATION_CONTEXT(2) 
PARAMETRIC_REPRESENTATION_CONTEXT() REPRESENTATION_CONTEXT('2D SPACE',''
  ) );
#4391 = ORIENTED_EDGE('',*,*,#4392,.T.);
#4392 = EDGE_CURVE('',#4338,#1197,#4393,.T.);
#4393 = SURFACE_CURVE('',#4394,(#4399,#4405),.PCURVE_S1.);
#4394 = CIRCLE('',#4395,1.5);
#4395 = AXIS2_PLACEMENT_3D('',#4396,#4397,#4398);
#4396 = CARTESIAN_POINT('',(33.5,41.1,31.9));
#4397 = DIRECTION('',(1.,-6.123233995737E-17,0.));
#4398 = DIRECTION('',(6.123233995737E-17,1.,0.));
#4399 = PCURVE('',#1212,#4400);
#4400 = DEFINITIONAL_REPRESENTATION('',(#4401),#4404);
#4401 = B_SPLINE_CURVE_WITH_KNOTS('',1,(#4402,#4403),.UNSPECIFIED.,.F.,
  .F.,(2,2),(4.712388980385,6.28318530718),.PIECEWISE_BEZIER_KNOTS.);
#4402 = CARTESIAN_POINT('',(-1.570796326795,100.5));
#4403 = CARTESIAN_POINT('',(0.,100.5));
#4404 = ( GEOMETRIC_REPRESENTATION_CONTEXT(2) 
PARAMETRIC_REPRESENTATION_CONTEXT() REPRESENTATION_CONTEXT('2D SPACE',''
  ) );
#4405 = PCURVE('',#3975,#4406);
#4406 = DEFINITIONAL_REPRESENTATION('',(#4407),#4410);
#4407 = B_SPLINE_CURVE_WITH_KNOTS('',1,(#4408,#4409),.UNSPECIFIED.,.F.,
  .F.,(2,2),(4.712388980385,6.28318530718),.PIECEWISE_BEZIER_KNOTS.);
#4408 = CARTESIAN_POINT('',(1.570796326795,-1.570796326795));
#4409 = CARTESIAN_POINT('',(1.570796326795,0.));
#4410 = ( GEOMETRIC_REPRESENTATION_CONTEXT(2) 
PARAMETRIC_REPRESENTATION_CONTEXT() REPRESENTATION_CONTEXT('2D SPACE',''
  ) );
#4411 = ORIENTED_EDGE('',*,*,#1196,.F.);
#4412 = ADVANCED_FACE('',(#4413),#1298,.T.);
#4413 = FACE_BOUND('',#4414,.F.);
#4414 = EDGE_LOOP('',(#4415,#4445,#4467,#4468));
#4415 = ORIENTED_EDGE('',*,*,#4416,.F.);
#4416 = EDGE_CURVE('',#4417,#4419,#4421,.T.);
#4417 = VERTEX_POINT('',#4418);
#4418 = CARTESIAN_POINT('',(33.,41.1,-2.));
#4419 = VERTEX_POINT('',#4420);
#4420 = CARTESIAN_POINT('',(33.,41.1,29.4));
#4421 = SURFACE_CURVE('',#4422,(#4426,#4433),.PCURVE_S1.);
#4422 = LINE('',#4423,#4424);
#4423 = CARTESIAN_POINT('',(33.,41.1,-3.5));
#4424 = VECTOR('',#4425,1.);
#4425 = DIRECTION('',(0.,0.,1.));
#4426 = PCURVE('',#1298,#4427);
#4427 = DEFINITIONAL_REPRESENTATION('',(#4428),#4432);
#4428 = LINE('',#4429,#4430);
#4429 = CARTESIAN_POINT('',(-0.,0.));
#4430 = VECTOR('',#4431,1.);
#4431 = DIRECTION('',(-0.,1.));
#4432 = ( GEOMETRIC_REPRESENTATION_CONTEXT(2) 
PARAMETRIC_REPRESENTATION_CONTEXT() REPRESENTATION_CONTEXT('2D SPACE',''
  ) );
#4433 = PCURVE('',#4434,#4439);
#4434 = PLANE('',#4435);
#4435 = AXIS2_PLACEMENT_3D('',#4436,#4437,#4438);
#4436 = CARTESIAN_POINT('',(33.,35.6,-3.5));
#4437 = DIRECTION('',(1.,0.,-0.));
#4438 = DIRECTION('',(0.,0.,1.));
#4439 = DEFINITIONAL_REPRESENTATION('',(#4440),#4444);
#4440 = LINE('',#4441,#4442);
#4441 = CARTESIAN_POINT('',(0.,-5.5));
#4442 = VECTOR('',#4443,1.);
#4443 = DIRECTION('',(1.,0.));
#4444 = ( GEOMETRIC_REPRESENTATION_CONTEXT(2) 
PARAMETRIC_REPRESENTATION_CONTEXT() REPRESENTATION_CONTEXT('2D SPACE',''
  ) );
#4445 = ORIENTED_EDGE('',*,*,#4446,.T.);
#4446 = EDGE_CURVE('',#4417,#1281,#4447,.T.);
#4447 = SURFACE_CURVE('',#4448,(#4453,#4460),.PCURVE_S1.);
#4448 = CIRCLE('',#4449,1.5);
#4449 = AXIS2_PLACEMENT_3D('',#4450,#4451,#4452);
#4450 = CARTESIAN_POINT('',(34.5,41.1,-2.));
#4451 = DIRECTION('',(-0.,0.,-1.));
#4452 = DIRECTION('',(-1.,0.,0.));
#4453 = PCURVE('',#1298,#4454);
#4454 = DEFINITIONAL_REPRESENTATION('',(#4455),#4459);
#4455 = LINE('',#4456,#4457);
#4456 = CARTESIAN_POINT('',(-0.,1.5));
#4457 = VECTOR('',#4458,1.);
#4458 = DIRECTION('',(-1.,0.));
#4459 = ( GEOMETRIC_REPRESENTATION_CONTEXT(2) 
PARAMETRIC_REPRESENTATION_CONTEXT() REPRESENTATION_CONTEXT('2D SPACE',''
  ) );
#4460 = PCURVE('',#2308,#4461);
#4461 = DEFINITIONAL_REPRESENTATION('',(#4462),#4466);
#4462 = LINE('',#4463,#4464);
#4463 = CARTESIAN_POINT('',(-0.,0.));
#4464 = VECTOR('',#4465,1.);
#4465 = DIRECTION('',(-1.,0.));
#4466 = ( GEOMETRIC_REPRESENTATION_CONTEXT(2) 
PARAMETRIC_REPRESENTATION_CONTEXT() REPRESENTATION_CONTEXT('2D SPACE',''
  ) );
#4467 = ORIENTED_EDGE('',*,*,#1280,.T.);
#4468 = ORIENTED_EDGE('',*,*,#4469,.T.);
#4469 = EDGE_CURVE('',#1283,#4419,#4470,.T.);
#4470 = SURFACE_CURVE('',#4471,(#4476,#4482),.PCURVE_S1.);
#4471 = CIRCLE('',#4472,1.5);
#4472 = AXIS2_PLACEMENT_3D('',#4473,#4474,#4475);
#4473 = CARTESIAN_POINT('',(34.5,41.1,29.4));
#4474 = DIRECTION('',(0.,0.,1.));
#4475 = DIRECTION('',(-1.,-0.,0.));
#4476 = PCURVE('',#1298,#4477);
#4477 = DEFINITIONAL_REPRESENTATION('',(#4478),#4481);
#4478 = B_SPLINE_CURVE_WITH_KNOTS('',1,(#4479,#4480),.UNSPECIFIED.,.F.,
  .F.,(2,2),(4.712388980385,6.28318530718),.PIECEWISE_BEZIER_KNOTS.);
#4479 = CARTESIAN_POINT('',(-1.570796326795,32.9));
#4480 = CARTESIAN_POINT('',(0.,32.9));
#4481 = ( GEOMETRIC_REPRESENTATION_CONTEXT(2) 
PARAMETRIC_REPRESENTATION_CONTEXT() REPRESENTATION_CONTEXT('2D SPACE',''
  ) );
#4482 = PCURVE('',#4371,#4483);
#4483 = DEFINITIONAL_REPRESENTATION('',(#4484),#4487);
#4484 = B_SPLINE_CURVE_WITH_KNOTS('',1,(#4485,#4486),.UNSPECIFIED.,.F.,
  .F.,(2,2),(4.712388980385,6.28318530718),.PIECEWISE_BEZIER_KNOTS.);
#4485 = CARTESIAN_POINT('',(0.,-1.570796326795));
#4486 = CARTESIAN_POINT('',(0.,0.));
#4487 = ( GEOMETRIC_REPRESENTATION_CONTEXT(2) 
PARAMETRIC_REPRESENTATION_CONTEXT() REPRESENTATION_CONTEXT('2D SPACE',''
  ) );
#4488 = ADVANCED_FACE('',(#4489),#1380,.T.);
#4489 = FACE_BOUND('',#4490,.T.);
#4490 = EDGE_LOOP('',(#4491,#4492,#4514,#4558,#4586));
#4491 = ORIENTED_EDGE('',*,*,#1366,.F.);
#4492 = ORIENTED_EDGE('',*,*,#4493,.T.);
#4493 = EDGE_CURVE('',#1283,#4494,#4496,.T.);
#4494 = VERTEX_POINT('',#4495);
#4495 = CARTESIAN_POINT('',(34.5,41.484057287393,30.85));
#4496 = SURFACE_CURVE('',#4497,(#4502,#4508),.PCURVE_S1.);
#4497 = CIRCLE('',#4498,1.5);
#4498 = AXIS2_PLACEMENT_3D('',#4499,#4500,#4501);
#4499 = CARTESIAN_POINT('',(34.5,41.1,29.4));
#4500 = DIRECTION('',(1.,0.,2.832769448824E-16));
#4501 = DIRECTION('',(-2.832769448824E-16,-0.,1.));
#4502 = PCURVE('',#1380,#4503);
#4503 = DEFINITIONAL_REPRESENTATION('',(#4504),#4507);
#4504 = B_SPLINE_CURVE_WITH_KNOTS('',1,(#4505,#4506),.UNSPECIFIED.,.F.,
  .F.,(2,2),(4.712388980385,6.28318530718),.PIECEWISE_BEZIER_KNOTS.);
#4505 = CARTESIAN_POINT('',(0.,1.5));
#4506 = CARTESIAN_POINT('',(1.570796326795,1.5));
#4507 = ( GEOMETRIC_REPRESENTATION_CONTEXT(2) 
PARAMETRIC_REPRESENTATION_CONTEXT() REPRESENTATION_CONTEXT('2D SPACE',''
  ) );
#4508 = PCURVE('',#4371,#4509);
#4509 = DEFINITIONAL_REPRESENTATION('',(#4510),#4513);
#4510 = B_SPLINE_CURVE_WITH_KNOTS('',1,(#4511,#4512),.UNSPECIFIED.,.F.,
  .F.,(2,2),(4.712388980385,6.28318530718),.PIECEWISE_BEZIER_KNOTS.);
#4511 = CARTESIAN_POINT('',(-1.570796326795,-1.570796326795));
#4512 = CARTESIAN_POINT('',(-1.570796326795,0.));
#4513 = ( GEOMETRIC_REPRESENTATION_CONTEXT(2) 
PARAMETRIC_REPRESENTATION_CONTEXT() REPRESENTATION_CONTEXT('2D SPACE',''
  ) );
#4514 = ORIENTED_EDGE('',*,*,#4515,.F.);
#4515 = EDGE_CURVE('',#4516,#4494,#4518,.T.);
#4516 = VERTEX_POINT('',#4517);
#4517 = CARTESIAN_POINT('',(34.61803398875,41.1,30.9));
#4518 = SURFACE_CURVE('',#4519,(#4530,#4544),.PCURVE_S1.);
#4519 = B_SPLINE_CURVE_WITH_KNOTS('',5,(#4520,#4521,#4522,#4523,#4524,
    #4525,#4526,#4527,#4528,#4529),.UNSPECIFIED.,.F.,.F.,(6,4,6),(0.,
    0.475095894205,1.),.UNSPECIFIED.);
#4520 = CARTESIAN_POINT('',(34.61803398875,41.1,30.9));
#4521 = CARTESIAN_POINT('',(34.61803398875,41.139698017219,30.9));
#4522 = CARTESIAN_POINT('',(34.615097261978,41.179403621767,
    30.898686793556));
#4523 = CARTESIAN_POINT('',(34.609222565804,41.21866345586,
    30.896058911262));
#4524 = CARTESIAN_POINT('',(34.600569317909,41.257093795143,
    30.892225523243));
#4525 = CARTESIAN_POINT('',(34.577017004922,41.335615782128,
    30.881962558479));
#4526 = CARTESIAN_POINT('',(34.561555374998,41.375467885286,
    30.875301403477));
#4527 = CARTESIAN_POINT('',(34.543313141713,41.413587037337,
    30.867582349663));
#4528 = CARTESIAN_POINT('',(34.522683123124,41.449801537712,
    30.859073243805));
#4529 = CARTESIAN_POINT('',(34.4999994,41.484058193506,30.84999976));
#4530 = PCURVE('',#1380,#4531);
#4531 = DEFINITIONAL_REPRESENTATION('',(#4532),#4543);
#4532 = B_SPLINE_CURVE_WITH_KNOTS('',5,(#4533,#4534,#4535,#4536,#4537,
    #4538,#4539,#4540,#4541,#4542),.UNSPECIFIED.,.F.,.F.,(6,4,6),(0.,
    0.475095894205,1.),.UNSPECIFIED.);
#4533 = CARTESIAN_POINT('',(1.570796326795,1.61803398875));
#4534 = CARTESIAN_POINT('',(1.544330981982,1.61803398875));
#4535 = CARTESIAN_POINT('',(1.517860644526,1.615097261978));
#4536 = CARTESIAN_POINT('',(1.49164852048,1.609222565804));
#4537 = CARTESIAN_POINT('',(1.465913097009,1.600569317909));
#4538 = CARTESIAN_POINT('',(1.413119869809,1.577017004922));
#4539 = CARTESIAN_POINT('',(1.38620045345,1.561555374998));
#4540 = CARTESIAN_POINT('',(1.360290236787,1.543313141713));
#4541 = CARTESIAN_POINT('',(1.335499443652,1.522683123124));
#4542 = CARTESIAN_POINT('',(1.311874159883,1.4999994));
#4543 = ( GEOMETRIC_REPRESENTATION_CONTEXT(2) 
PARAMETRIC_REPRESENTATION_CONTEXT() REPRESENTATION_CONTEXT('2D SPACE',''
  ) );
#4544 = PCURVE('',#3975,#4545);
#4545 = DEFINITIONAL_REPRESENTATION('',(#4546),#4557);
#4546 = B_SPLINE_CURVE_WITH_KNOTS('',5,(#4547,#4548,#4549,#4550,#4551,
    #4552,#4553,#4554,#4555,#4556),.UNSPECIFIED.,.F.,.F.,(6,4,6),(0.,
    0.475095894205,1.),.UNSPECIFIED.);
#4547 = CARTESIAN_POINT('',(0.,-0.729727656227));
#4548 = CARTESIAN_POINT('',(3.550698602939E-02,-0.729727656227));
#4549 = CARTESIAN_POINT('',(7.1020533941E-02,-0.730902283859));
#4550 = CARTESIAN_POINT('',(0.10641640429,-0.733252454245));
#4551 = CARTESIAN_POINT('',(0.141626461414,-0.736694342963));
#4552 = CARTESIAN_POINT('',(0.215220520057,-0.745968757132));
#4553 = CARTESIAN_POINT('',(0.253558342902,-0.752015343001));
#4554 = CARTESIAN_POINT('',(0.291555874063,-0.759071843217));
#4555 = CARTESIAN_POINT('',(0.329243219229,-0.766927439685));
#4556 = CARTESIAN_POINT('',(0.366688555907,-0.775397720656));
#4557 = ( GEOMETRIC_REPRESENTATION_CONTEXT(2) 
PARAMETRIC_REPRESENTATION_CONTEXT() REPRESENTATION_CONTEXT('2D SPACE',''
  ) );
#4558 = ORIENTED_EDGE('',*,*,#4559,.T.);
#4559 = EDGE_CURVE('',#4516,#4560,#4562,.T.);
#4560 = VERTEX_POINT('',#4561);
#4561 = CARTESIAN_POINT('',(35.5,41.1,30.9));
#4562 = SURFACE_CURVE('',#4563,(#4567,#4574),.PCURVE_S1.);
#4563 = LINE('',#4564,#4565);
#4564 = CARTESIAN_POINT('',(33.,41.1,30.9));
#4565 = VECTOR('',#4566,1.);
#4566 = DIRECTION('',(1.,0.,-0.));
#4567 = PCURVE('',#1380,#4568);
#4568 = DEFINITIONAL_REPRESENTATION('',(#4569),#4573);
#4569 = LINE('',#4570,#4571);
#4570 = CARTESIAN_POINT('',(1.570796326795,0.));
#4571 = VECTOR('',#4572,1.);
#4572 = DIRECTION('',(0.,1.));
#4573 = ( GEOMETRIC_REPRESENTATION_CONTEXT(2) 
PARAMETRIC_REPRESENTATION_CONTEXT() REPRESENTATION_CONTEXT('2D SPACE',''
  ) );
#4574 = PCURVE('',#4575,#4580);
#4575 = PLANE('',#4576);
#4576 = AXIS2_PLACEMENT_3D('',#4577,#4578,#4579);
#4577 = CARTESIAN_POINT('',(33.,35.6,30.9));
#4578 = DIRECTION('',(0.,0.,1.));
#4579 = DIRECTION('',(1.,0.,-0.));
#4580 = DEFINITIONAL_REPRESENTATION('',(#4581),#4585);
#4581 = LINE('',#4582,#4583);
#4582 = CARTESIAN_POINT('',(0.,5.5));
#4583 = VECTOR('',#4584,1.);
#4584 = DIRECTION('',(1.,0.));
#4585 = ( GEOMETRIC_REPRESENTATION_CONTEXT(2) 
PARAMETRIC_REPRESENTATION_CONTEXT() REPRESENTATION_CONTEXT('2D SPACE',''
  ) );
#4586 = ORIENTED_EDGE('',*,*,#4587,.F.);
#4587 = EDGE_CURVE('',#1339,#4560,#4588,.T.);
#4588 = SURFACE_CURVE('',#4589,(#4594,#4600),.PCURVE_S1.);
#4589 = CIRCLE('',#4590,1.5);
#4590 = AXIS2_PLACEMENT_3D('',#4591,#4592,#4593);
#4591 = CARTESIAN_POINT('',(35.5,41.1,29.4));
#4592 = DIRECTION('',(1.,0.,-2.832769448824E-16));
#4593 = DIRECTION('',(2.832769448824E-16,0.,1.));
#4594 = PCURVE('',#1380,#4595);
#4595 = DEFINITIONAL_REPRESENTATION('',(#4596),#4599);
#4596 = B_SPLINE_CURVE_WITH_KNOTS('',1,(#4597,#4598),.UNSPECIFIED.,.F.,
  .F.,(2,2),(4.712388980385,6.28318530718),.PIECEWISE_BEZIER_KNOTS.);
#4597 = CARTESIAN_POINT('',(0.,2.5));
#4598 = CARTESIAN_POINT('',(1.570796326795,2.5));
#4599 = ( GEOMETRIC_REPRESENTATION_CONTEXT(2) 
PARAMETRIC_REPRESENTATION_CONTEXT() REPRESENTATION_CONTEXT('2D SPACE',''
  ) );
#4600 = PCURVE('',#4601,#4606);
#4601 = SPHERICAL_SURFACE('',#4602,1.5);
#4602 = AXIS2_PLACEMENT_3D('',#4603,#4604,#4605);
#4603 = CARTESIAN_POINT('',(35.5,41.1,29.4));
#4604 = DIRECTION('',(0.,-1.,-0.));
#4605 = DIRECTION('',(1.,0.,0.));
#4606 = DEFINITIONAL_REPRESENTATION('',(#4607),#4610);
#4607 = B_SPLINE_CURVE_WITH_KNOTS('',1,(#4608,#4609),.UNSPECIFIED.,.F.,
  .F.,(2,2),(4.712388980385,6.28318530718),.PIECEWISE_BEZIER_KNOTS.);
#4608 = CARTESIAN_POINT('',(1.570796326795,-1.570796326795));
#4609 = CARTESIAN_POINT('',(1.570796326795,0.));
#4610 = ( GEOMETRIC_REPRESENTATION_CONTEXT(2) 
PARAMETRIC_REPRESENTATION_CONTEXT() REPRESENTATION_CONTEXT('2D SPACE',''
  ) );
#4611 = ADVANCED_FACE('',(#4612),#1354,.T.);
#4612 = FACE_BOUND('',#4613,.T.);
#4613 = EDGE_LOOP('',(#4614,#4644,#4671,#4672));
#4614 = ORIENTED_EDGE('',*,*,#4615,.F.);
#4615 = EDGE_CURVE('',#4616,#4618,#4620,.T.);
#4616 = VERTEX_POINT('',#4617);
#4617 = CARTESIAN_POINT('',(37.,41.1,-2.));
#4618 = VERTEX_POINT('',#4619);
#4619 = CARTESIAN_POINT('',(37.,41.1,29.4));
#4620 = SURFACE_CURVE('',#4621,(#4625,#4632),.PCURVE_S1.);
#4621 = LINE('',#4622,#4623);
#4622 = CARTESIAN_POINT('',(37.,41.1,-3.5));
#4623 = VECTOR('',#4624,1.);
#4624 = DIRECTION('',(0.,0.,1.));
#4625 = PCURVE('',#1354,#4626);
#4626 = DEFINITIONAL_REPRESENTATION('',(#4627),#4631);
#4627 = LINE('',#4628,#4629);
#4628 = CARTESIAN_POINT('',(0.,0.));
#4629 = VECTOR('',#4630,1.);
#4630 = DIRECTION('',(0.,1.));
#4631 = ( GEOMETRIC_REPRESENTATION_CONTEXT(2) 
PARAMETRIC_REPRESENTATION_CONTEXT() REPRESENTATION_CONTEXT('2D SPACE',''
  ) );
#4632 = PCURVE('',#4633,#4638);
#4633 = PLANE('',#4634);
#4634 = AXIS2_PLACEMENT_3D('',#4635,#4636,#4637);
#4635 = CARTESIAN_POINT('',(37.,35.6,-3.5));
#4636 = DIRECTION('',(1.,0.,-0.));
#4637 = DIRECTION('',(0.,0.,1.));
#4638 = DEFINITIONAL_REPRESENTATION('',(#4639),#4643);
#4639 = LINE('',#4640,#4641);
#4640 = CARTESIAN_POINT('',(0.,-5.5));
#4641 = VECTOR('',#4642,1.);
#4642 = DIRECTION('',(1.,0.));
#4643 = ( GEOMETRIC_REPRESENTATION_CONTEXT(2) 
PARAMETRIC_REPRESENTATION_CONTEXT() REPRESENTATION_CONTEXT('2D SPACE',''
  ) );
#4644 = ORIENTED_EDGE('',*,*,#4645,.T.);
#4645 = EDGE_CURVE('',#4616,#1311,#4646,.T.);
#4646 = SURFACE_CURVE('',#4647,(#4652,#4659),.PCURVE_S1.);
#4647 = CIRCLE('',#4648,1.5);
#4648 = AXIS2_PLACEMENT_3D('',#4649,#4650,#4651);
#4649 = CARTESIAN_POINT('',(35.5,41.1,-2.));
#4650 = DIRECTION('',(0.,0.,1.));
#4651 = DIRECTION('',(1.,0.,-0.));
#4652 = PCURVE('',#1354,#4653);
#4653 = DEFINITIONAL_REPRESENTATION('',(#4654),#4658);
#4654 = LINE('',#4655,#4656);
#4655 = CARTESIAN_POINT('',(0.,1.5));
#4656 = VECTOR('',#4657,1.);
#4657 = DIRECTION('',(1.,0.));
#4658 = ( GEOMETRIC_REPRESENTATION_CONTEXT(2) 
PARAMETRIC_REPRESENTATION_CONTEXT() REPRESENTATION_CONTEXT('2D SPACE',''
  ) );
#4659 = PCURVE('',#4660,#4665);
#4660 = SPHERICAL_SURFACE('',#4661,1.5);
#4661 = AXIS2_PLACEMENT_3D('',#4662,#4663,#4664);
#4662 = CARTESIAN_POINT('',(35.5,41.1,-2.));
#4663 = DIRECTION('',(0.,0.,1.));
#4664 = DIRECTION('',(1.,0.,-0.));
#4665 = DEFINITIONAL_REPRESENTATION('',(#4666),#4670);
#4666 = LINE('',#4667,#4668);
#4667 = CARTESIAN_POINT('',(0.,0.));
#4668 = VECTOR('',#4669,1.);
#4669 = DIRECTION('',(1.,0.));
#4670 = ( GEOMETRIC_REPRESENTATION_CONTEXT(2) 
PARAMETRIC_REPRESENTATION_CONTEXT() REPRESENTATION_CONTEXT('2D SPACE',''
  ) );
#4671 = ORIENTED_EDGE('',*,*,#1338,.T.);
#4672 = ORIENTED_EDGE('',*,*,#4673,.T.);
#4673 = EDGE_CURVE('',#1339,#4618,#4674,.T.);
#4674 = SURFACE_CURVE('',#4675,(#4680,#4686),.PCURVE_S1.);
#4675 = CIRCLE('',#4676,1.5);
#4676 = AXIS2_PLACEMENT_3D('',#4677,#4678,#4679);
#4677 = CARTESIAN_POINT('',(35.5,41.1,29.4));
#4678 = DIRECTION('',(0.,0.,-1.));
#4679 = DIRECTION('',(1.,0.,0.));
#4680 = PCURVE('',#1354,#4681);
#4681 = DEFINITIONAL_REPRESENTATION('',(#4682),#4685);
#4682 = B_SPLINE_CURVE_WITH_KNOTS('',1,(#4683,#4684),.UNSPECIFIED.,.F.,
  .F.,(2,2),(4.712388980385,6.28318530718),.PIECEWISE_BEZIER_KNOTS.);
#4683 = CARTESIAN_POINT('',(1.570796326795,32.9));
#4684 = CARTESIAN_POINT('',(0.,32.9));
#4685 = ( GEOMETRIC_REPRESENTATION_CONTEXT(2) 
PARAMETRIC_REPRESENTATION_CONTEXT() REPRESENTATION_CONTEXT('2D SPACE',''
  ) );
#4686 = PCURVE('',#4601,#4687);
#4687 = DEFINITIONAL_REPRESENTATION('',(#4688),#4691);
#4688 = B_SPLINE_CURVE_WITH_KNOTS('',1,(#4689,#4690),.UNSPECIFIED.,.F.,
  .F.,(2,2),(4.712388980385,6.28318530718),.PIECEWISE_BEZIER_KNOTS.);
#4689 = CARTESIAN_POINT('',(0.,-1.570796326795));
#4690 = CARTESIAN_POINT('',(0.,0.));
#4691 = ( GEOMETRIC_REPRESENTATION_CONTEXT(2) 
PARAMETRIC_REPRESENTATION_CONTEXT() REPRESENTATION_CONTEXT('2D SPACE',''
  ) );
#4692 = ADVANCED_FACE('',(#4693),#1326,.T.);
#4693 = FACE_BOUND('',#4694,.F.);
#4694 = EDGE_LOOP('',(#4695,#4717,#4767,#4795,#4815));
#4695 = ORIENTED_EDGE('',*,*,#4696,.F.);
#4696 = EDGE_CURVE('',#4697,#1281,#4699,.T.);
#4697 = VERTEX_POINT('',#4698);
#4698 = CARTESIAN_POINT('',(34.5,41.484057287393,-3.45));
#4699 = SURFACE_CURVE('',#4700,(#4705,#4711),.PCURVE_S1.);
#4700 = CIRCLE('',#4701,1.5);
#4701 = AXIS2_PLACEMENT_3D('',#4702,#4703,#4704);
#4702 = CARTESIAN_POINT('',(34.5,41.1,-2.));
#4703 = DIRECTION('',(1.,2.832769448824E-16,-0.));
#4704 = DIRECTION('',(-2.832769448824E-16,1.,0.));
#4705 = PCURVE('',#1326,#4706);
#4706 = DEFINITIONAL_REPRESENTATION('',(#4707),#4710);
#4707 = B_SPLINE_CURVE_WITH_KNOTS('',1,(#4708,#4709),.UNSPECIFIED.,.F.,
  .F.,(2,2),(4.712388980385,6.28318530718),.PIECEWISE_BEZIER_KNOTS.);
#4708 = CARTESIAN_POINT('',(-1.570796326795,1.5));
#4709 = CARTESIAN_POINT('',(0.,1.5));
#4710 = ( GEOMETRIC_REPRESENTATION_CONTEXT(2) 
PARAMETRIC_REPRESENTATION_CONTEXT() REPRESENTATION_CONTEXT('2D SPACE',''
  ) );
#4711 = PCURVE('',#2308,#4712);
#4712 = DEFINITIONAL_REPRESENTATION('',(#4713),#4716);
#4713 = B_SPLINE_CURVE_WITH_KNOTS('',1,(#4714,#4715),.UNSPECIFIED.,.F.,
  .F.,(2,2),(4.712388980385,6.28318530718),.PIECEWISE_BEZIER_KNOTS.);
#4714 = CARTESIAN_POINT('',(-1.570796326795,-1.570796326795));
#4715 = CARTESIAN_POINT('',(-1.570796326795,0.));
#4716 = ( GEOMETRIC_REPRESENTATION_CONTEXT(2) 
PARAMETRIC_REPRESENTATION_CONTEXT() REPRESENTATION_CONTEXT('2D SPACE',''
  ) );
#4717 = ORIENTED_EDGE('',*,*,#4718,.F.);
#4718 = EDGE_CURVE('',#4719,#4697,#4721,.T.);
#4719 = VERTEX_POINT('',#4720);
#4720 = CARTESIAN_POINT('',(34.61803398875,41.1,-3.5));
#4721 = SURFACE_CURVE('',#4722,(#4735,#4751),.PCURVE_S1.);
#4722 = B_SPLINE_CURVE_WITH_KNOTS('',6,(#4723,#4724,#4725,#4726,#4727,
    #4728,#4729,#4730,#4731,#4732,#4733,#4734),.UNSPECIFIED.,.F.,.F.,(7,
    5,7),(0.,0.629873284319,1.),.UNSPECIFIED.);
#4723 = CARTESIAN_POINT('',(34.61803398875,41.1,-3.5));
#4724 = CARTESIAN_POINT('',(34.61803398875,41.143894349754,-3.5));
#4725 = CARTESIAN_POINT('',(34.614587285228,41.187807323096,
    -3.498458642644));
#4726 = CARTESIAN_POINT('',(34.607689040669,41.231179280198,
    -3.495373374745));
#4727 = CARTESIAN_POINT('',(34.597518192493,41.273557630684,
    -3.490861271541));
#4728 = CARTESIAN_POINT('',(34.584343601808,41.31458736988,
    -3.485109995445));
#4729 = CARTESIAN_POINT('',(34.559187471172,41.377164107313,
    -3.474358281037));
#4730 = CARTESIAN_POINT('',(34.548950685599,41.399776994761,
    -3.470024684334));
#4731 = CARTESIAN_POINT('',(34.537850349901,41.421796734143,
    -3.465379189055));
#4732 = CARTESIAN_POINT('',(34.525950683624,41.443193570958,
    -3.460465350771));
#4733 = CARTESIAN_POINT('',(34.513314423413,41.463950022926,
    -3.45532576617));
#4734 = CARTESIAN_POINT('',(34.4999994,41.484058193506,-3.44999976));
#4735 = PCURVE('',#1326,#4736);
#4736 = DEFINITIONAL_REPRESENTATION('',(#4737),#4750);
#4737 = B_SPLINE_CURVE_WITH_KNOTS('',6,(#4738,#4739,#4740,#4741,#4742,
    #4743,#4744,#4745,#4746,#4747,#4748,#4749),.UNSPECIFIED.,.F.,.F.,(7,
    5,7),(0.,0.629873284319,1.),.UNSPECIFIED.);
#4738 = CARTESIAN_POINT('',(-1.570796326795,1.61803398875));
#4739 = CARTESIAN_POINT('',(-1.541533426959,1.61803398875));
#4740 = CARTESIAN_POINT('',(-1.512258113622,1.614587285228));
#4741 = CARTESIAN_POINT('',(-1.483298362274,1.607689040669));
#4742 = CARTESIAN_POINT('',(-1.454910628915,1.597518192493));
#4743 = CARTESIAN_POINT('',(-1.427303230266,1.584343601808));
#4744 = CARTESIAN_POINT('',(-1.384974110106,1.559187471172));
#4745 = CARTESIAN_POINT('',(-1.369627348377,1.548950685599));
#4746 = CARTESIAN_POINT('',(-1.354628144795,1.537850349901));
#4747 = CARTESIAN_POINT('',(-1.339995541256,1.525950683624));
#4748 = CARTESIAN_POINT('',(-1.325741866027,1.513314423413));
#4749 = CARTESIAN_POINT('',(-1.311874159883,1.4999994));
#4750 = ( GEOMETRIC_REPRESENTATION_CONTEXT(2) 
PARAMETRIC_REPRESENTATION_CONTEXT() REPRESENTATION_CONTEXT('2D SPACE',''
  ) );
#4751 = PCURVE('',#2339,#4752);
#4752 = DEFINITIONAL_REPRESENTATION('',(#4753),#4766);
#4753 = B_SPLINE_CURVE_WITH_KNOTS('',6,(#4754,#4755,#4756,#4757,#4758,
    #4759,#4760,#4761,#4762,#4763,#4764,#4765),.UNSPECIFIED.,.F.,.F.,(7,
    5,7),(0.,0.629873284319,1.),.UNSPECIFIED.);
#4754 = CARTESIAN_POINT('',(0.729727656227,0.));
#4755 = CARTESIAN_POINT('',(0.729727656227,-2.92628998362E-02));
#4756 = CARTESIAN_POINT('',(0.732025487994,-5.853821317265E-02));
#4757 = CARTESIAN_POINT('',(0.736624169832,-8.749796452063E-02));
#4758 = CARTESIAN_POINT('',(0.743422864544,-0.11588569788));
#4759 = CARTESIAN_POINT('',(0.752275730717,-0.143493096529));
#4760 = CARTESIAN_POINT('',(0.769292227904,-0.185822216689));
#4761 = CARTESIAN_POINT('',(0.776237089732,-0.201168978418));
#4762 = CARTESIAN_POINT('',(0.783793943854,-0.216168182));
#4763 = CARTESIAN_POINT('',(0.791927013662,-0.230800785539));
#4764 = CARTESIAN_POINT('',(0.800601210076,-0.245054460768));
#4765 = CARTESIAN_POINT('',(0.809783986363,-0.258922166912));
#4766 = ( GEOMETRIC_REPRESENTATION_CONTEXT(2) 
PARAMETRIC_REPRESENTATION_CONTEXT() REPRESENTATION_CONTEXT('2D SPACE',''
  ) );
#4767 = ORIENTED_EDGE('',*,*,#4768,.T.);
#4768 = EDGE_CURVE('',#4719,#4769,#4771,.T.);
#4769 = VERTEX_POINT('',#4770);
#4770 = CARTESIAN_POINT('',(35.5,41.1,-3.5));
#4771 = SURFACE_CURVE('',#4772,(#4776,#4783),.PCURVE_S1.);
#4772 = LINE('',#4773,#4774);
#4773 = CARTESIAN_POINT('',(33.,41.1,-3.5));
#4774 = VECTOR('',#4775,1.);
#4775 = DIRECTION('',(1.,0.,-0.));
#4776 = PCURVE('',#1326,#4777);
#4777 = DEFINITIONAL_REPRESENTATION('',(#4778),#4782);
#4778 = LINE('',#4779,#4780);
#4779 = CARTESIAN_POINT('',(-1.570796326795,0.));
#4780 = VECTOR('',#4781,1.);
#4781 = DIRECTION('',(-0.,1.));
#4782 = ( GEOMETRIC_REPRESENTATION_CONTEXT(2) 
PARAMETRIC_REPRESENTATION_CONTEXT() REPRESENTATION_CONTEXT('2D SPACE',''
  ) );
#4783 = PCURVE('',#4784,#4789);
#4784 = PLANE('',#4785);
#4785 = AXIS2_PLACEMENT_3D('',#4786,#4787,#4788);
#4786 = CARTESIAN_POINT('',(33.,35.6,-3.5));
#4787 = DIRECTION('',(0.,0.,1.));
#4788 = DIRECTION('',(1.,0.,-0.));
#4789 = DEFINITIONAL_REPRESENTATION('',(#4790),#4794);
#4790 = LINE('',#4791,#4792);
#4791 = CARTESIAN_POINT('',(0.,5.5));
#4792 = VECTOR('',#4793,1.);
#4793 = DIRECTION('',(1.,0.));
#4794 = ( GEOMETRIC_REPRESENTATION_CONTEXT(2) 
PARAMETRIC_REPRESENTATION_CONTEXT() REPRESENTATION_CONTEXT('2D SPACE',''
  ) );
#4795 = ORIENTED_EDGE('',*,*,#4796,.T.);
#4796 = EDGE_CURVE('',#4769,#1311,#4797,.T.);
#4797 = SURFACE_CURVE('',#4798,(#4803,#4809),.PCURVE_S1.);
#4798 = CIRCLE('',#4799,1.5);
#4799 = AXIS2_PLACEMENT_3D('',#4800,#4801,#4802);
#4800 = CARTESIAN_POINT('',(35.5,41.1,-2.));
#4801 = DIRECTION('',(1.,-2.832769448824E-16,0.));
#4802 = DIRECTION('',(2.832769448824E-16,1.,0.));
#4803 = PCURVE('',#1326,#4804);
#4804 = DEFINITIONAL_REPRESENTATION('',(#4805),#4808);
#4805 = B_SPLINE_CURVE_WITH_KNOTS('',1,(#4806,#4807),.UNSPECIFIED.,.F.,
  .F.,(2,2),(4.712388980385,6.28318530718),.PIECEWISE_BEZIER_KNOTS.);
#4806 = CARTESIAN_POINT('',(-1.570796326795,2.5));
#4807 = CARTESIAN_POINT('',(0.,2.5));
#4808 = ( GEOMETRIC_REPRESENTATION_CONTEXT(2) 
PARAMETRIC_REPRESENTATION_CONTEXT() REPRESENTATION_CONTEXT('2D SPACE',''
  ) );
#4809 = PCURVE('',#4660,#4810);
#4810 = DEFINITIONAL_REPRESENTATION('',(#4811),#4814);
#4811 = B_SPLINE_CURVE_WITH_KNOTS('',1,(#4812,#4813),.UNSPECIFIED.,.F.,
  .F.,(2,2),(4.712388980385,6.28318530718),.PIECEWISE_BEZIER_KNOTS.);
#4812 = CARTESIAN_POINT('',(1.570796326795,-1.570796326795));
#4813 = CARTESIAN_POINT('',(1.570796326795,0.));
#4814 = ( GEOMETRIC_REPRESENTATION_CONTEXT(2) 
PARAMETRIC_REPRESENTATION_CONTEXT() REPRESENTATION_CONTEXT('2D SPACE',''
  ) );
#4815 = ORIENTED_EDGE('',*,*,#1310,.F.);
#4816 = ADVANCED_FACE('',(#4817),#1461,.T.);
#4817 = FACE_BOUND('',#4818,.F.);
#4818 = EDGE_LOOP('',(#4819,#4820,#4821,#4846));
#4819 = ORIENTED_EDGE('',*,*,#1477,.F.);
#4820 = ORIENTED_EDGE('',*,*,#1447,.T.);
#4821 = ORIENTED_EDGE('',*,*,#4822,.T.);
#4822 = EDGE_CURVE('',#1420,#1632,#4823,.T.);
#4823 = SURFACE_CURVE('',#4824,(#4829,#4835),.PCURVE_S1.);
#4824 = CIRCLE('',#4825,0.8);
#4825 = AXIS2_PLACEMENT_3D('',#4826,#4827,#4828);
#4826 = CARTESIAN_POINT('',(38.2,43.8,-6.7));
#4827 = DIRECTION('',(1.,2.203438688952E-17,-0.));
#4828 = DIRECTION('',(-2.203438688952E-17,1.,-0.));
#4829 = PCURVE('',#1461,#4830);
#4830 = DEFINITIONAL_REPRESENTATION('',(#4831),#4834);
#4831 = B_SPLINE_CURVE_WITH_KNOTS('',1,(#4832,#4833),.UNSPECIFIED.,.F.,
  .F.,(2,2),(4.712388980385,6.28318530718),.PIECEWISE_BEZIER_KNOTS.);
#4832 = CARTESIAN_POINT('',(-1.570796326795,109.2));
#4833 = CARTESIAN_POINT('',(0.,109.2));
#4834 = ( GEOMETRIC_REPRESENTATION_CONTEXT(2) 
PARAMETRIC_REPRESENTATION_CONTEXT() REPRESENTATION_CONTEXT('2D SPACE',''
  ) );
#4835 = PCURVE('',#4836,#4841);
#4836 = SPHERICAL_SURFACE('',#4837,0.8);
#4837 = AXIS2_PLACEMENT_3D('',#4838,#4839,#4840);
#4838 = CARTESIAN_POINT('',(38.2,43.8,-6.7));
#4839 = DIRECTION('',(0.,0.,1.));
#4840 = DIRECTION('',(1.,-1.387778780781E-16,0.));
#4841 = DEFINITIONAL_REPRESENTATION('',(#4842),#4845);
#4842 = B_SPLINE_CURVE_WITH_KNOTS('',1,(#4843,#4844),.UNSPECIFIED.,.F.,
  .F.,(2,2),(4.712388980385,6.28318530718),.PIECEWISE_BEZIER_KNOTS.);
#4843 = CARTESIAN_POINT('',(1.570796326795,-1.570796326795));
#4844 = CARTESIAN_POINT('',(1.570796326795,0.));
#4845 = ( GEOMETRIC_REPRESENTATION_CONTEXT(2) 
PARAMETRIC_REPRESENTATION_CONTEXT() REPRESENTATION_CONTEXT('2D SPACE',''
  ) );
#4846 = ORIENTED_EDGE('',*,*,#1659,.F.);
#4847 = ADVANCED_FACE('',(#4848),#1435,.T.);
#4848 = FACE_BOUND('',#4849,.T.);
#4849 = EDGE_LOOP('',(#4850,#4870,#4871,#4893));
#4850 = ORIENTED_EDGE('',*,*,#4851,.F.);
#4851 = EDGE_CURVE('',#1397,#1746,#4852,.T.);
#4852 = SURFACE_CURVE('',#4853,(#4858,#4864),.PCURVE_S1.);
#4853 = CIRCLE('',#4854,0.8);
#4854 = AXIS2_PLACEMENT_3D('',#4855,#4856,#4857);
#4855 = CARTESIAN_POINT('',(38.2,43.4,-6.7));
#4856 = DIRECTION('',(0.,-1.,0.));
#4857 = DIRECTION('',(1.,0.,0.));
#4858 = PCURVE('',#1435,#4859);
#4859 = DEFINITIONAL_REPRESENTATION('',(#4860),#4863);
#4860 = B_SPLINE_CURVE_WITH_KNOTS('',1,(#4861,#4862),.UNSPECIFIED.,.F.,
  .F.,(2,2),(4.712388980385,6.28318530718),.PIECEWISE_BEZIER_KNOTS.);
#4861 = CARTESIAN_POINT('',(1.570796326795,0.8));
#4862 = CARTESIAN_POINT('',(0.,0.8));
#4863 = ( GEOMETRIC_REPRESENTATION_CONTEXT(2) 
PARAMETRIC_REPRESENTATION_CONTEXT() REPRESENTATION_CONTEXT('2D SPACE',''
  ) );
#4864 = PCURVE('',#1699,#4865);
#4865 = DEFINITIONAL_REPRESENTATION('',(#4866),#4869);
#4866 = B_SPLINE_CURVE_WITH_KNOTS('',1,(#4867,#4868),.UNSPECIFIED.,.F.,
  .F.,(2,2),(4.712388980385,6.28318530718),.PIECEWISE_BEZIER_KNOTS.);
#4867 = CARTESIAN_POINT('',(0.,-1.570796326795));
#4868 = CARTESIAN_POINT('',(0.,0.));
#4869 = ( GEOMETRIC_REPRESENTATION_CONTEXT(2) 
PARAMETRIC_REPRESENTATION_CONTEXT() REPRESENTATION_CONTEXT('2D SPACE',''
  ) );
#4870 = ORIENTED_EDGE('',*,*,#1419,.T.);
#4871 = ORIENTED_EDGE('',*,*,#4872,.T.);
#4872 = EDGE_CURVE('',#1420,#4873,#4875,.T.);
#4873 = VERTEX_POINT('',#4874);
#4874 = CARTESIAN_POINT('',(39.,43.8,-6.7));
#4875 = SURFACE_CURVE('',#4876,(#4881,#4887),.PCURVE_S1.);
#4876 = CIRCLE('',#4877,0.8);
#4877 = AXIS2_PLACEMENT_3D('',#4878,#4879,#4880);
#4878 = CARTESIAN_POINT('',(38.2,43.8,-6.7));
#4879 = DIRECTION('',(-1.387778780781E-16,-1.,0.));
#4880 = DIRECTION('',(1.,-1.387778780781E-16,0.));
#4881 = PCURVE('',#1435,#4882);
#4882 = DEFINITIONAL_REPRESENTATION('',(#4883),#4886);
#4883 = B_SPLINE_CURVE_WITH_KNOTS('',1,(#4884,#4885),.UNSPECIFIED.,.F.,
  .F.,(2,2),(4.712388980385,6.28318530718),.PIECEWISE_BEZIER_KNOTS.);
#4884 = CARTESIAN_POINT('',(1.570796326795,1.2));
#4885 = CARTESIAN_POINT('',(0.,1.2));
#4886 = ( GEOMETRIC_REPRESENTATION_CONTEXT(2) 
PARAMETRIC_REPRESENTATION_CONTEXT() REPRESENTATION_CONTEXT('2D SPACE',''
  ) );
#4887 = PCURVE('',#4836,#4888);
#4888 = DEFINITIONAL_REPRESENTATION('',(#4889),#4892);
#4889 = B_SPLINE_CURVE_WITH_KNOTS('',1,(#4890,#4891),.UNSPECIFIED.,.F.,
  .F.,(2,2),(4.712388980385,6.28318530718),.PIECEWISE_BEZIER_KNOTS.);
#4890 = CARTESIAN_POINT('',(0.,-1.570796326795));
#4891 = CARTESIAN_POINT('',(0.,0.));
#4892 = ( GEOMETRIC_REPRESENTATION_CONTEXT(2) 
PARAMETRIC_REPRESENTATION_CONTEXT() REPRESENTATION_CONTEXT('2D SPACE',''
  ) );
#4893 = ORIENTED_EDGE('',*,*,#4894,.F.);
#4894 = EDGE_CURVE('',#1746,#4873,#4895,.T.);
#4895 = SURFACE_CURVE('',#4896,(#4900,#4907),.PCURVE_S1.);
#4896 = LINE('',#4897,#4898);
#4897 = CARTESIAN_POINT('',(39.,42.6,-6.7));
#4898 = VECTOR('',#4899,1.);
#4899 = DIRECTION('',(-0.,1.,0.));
#4900 = PCURVE('',#1435,#4901);
#4901 = DEFINITIONAL_REPRESENTATION('',(#4902),#4906);
#4902 = LINE('',#4903,#4904);
#4903 = CARTESIAN_POINT('',(0.,0.));
#4904 = VECTOR('',#4905,1.);
#4905 = DIRECTION('',(0.,1.));
#4906 = ( GEOMETRIC_REPRESENTATION_CONTEXT(2) 
PARAMETRIC_REPRESENTATION_CONTEXT() REPRESENTATION_CONTEXT('2D SPACE',''
  ) );
#4907 = PCURVE('',#1763,#4908);
#4908 = DEFINITIONAL_REPRESENTATION('',(#4909),#4913);
#4909 = LINE('',#4910,#4911);
#4910 = CARTESIAN_POINT('',(0.8,0.));
#4911 = VECTOR('',#4912,1.);
#4912 = DIRECTION('',(0.,-1.));
#4913 = ( GEOMETRIC_REPRESENTATION_CONTEXT(2) 
PARAMETRIC_REPRESENTATION_CONTEXT() REPRESENTATION_CONTEXT('2D SPACE',''
  ) );
#4914 = ADVANCED_FACE('',(#4915),#1567,.T.);
#4915 = FACE_BOUND('',#4916,.T.);
#4916 = EDGE_LOOP('',(#4917,#4918,#4919,#4944));
#4917 = ORIENTED_EDGE('',*,*,#1583,.T.);
#4918 = ORIENTED_EDGE('',*,*,#1553,.T.);
#4919 = ORIENTED_EDGE('',*,*,#4920,.F.);
#4920 = EDGE_CURVE('',#1609,#1526,#4921,.T.);
#4921 = SURFACE_CURVE('',#4922,(#4927,#4933),.PCURVE_S1.);
#4922 = CIRCLE('',#4923,0.8);
#4923 = AXIS2_PLACEMENT_3D('',#4924,#4925,#4926);
#4924 = CARTESIAN_POINT('',(38.2,43.8,34.1));
#4925 = DIRECTION('',(1.,0.,-6.123233995735E-17));
#4926 = DIRECTION('',(6.123233995735E-17,0.,1.));
#4927 = PCURVE('',#1567,#4928);
#4928 = DEFINITIONAL_REPRESENTATION('',(#4929),#4932);
#4929 = B_SPLINE_CURVE_WITH_KNOTS('',1,(#4930,#4931),.UNSPECIFIED.,.F.,
  .F.,(2,2),(4.712388980385,6.28318530718),.PIECEWISE_BEZIER_KNOTS.);
#4930 = CARTESIAN_POINT('',(0.,109.2));
#4931 = CARTESIAN_POINT('',(1.570796326795,109.2));
#4932 = ( GEOMETRIC_REPRESENTATION_CONTEXT(2) 
PARAMETRIC_REPRESENTATION_CONTEXT() REPRESENTATION_CONTEXT('2D SPACE',''
  ) );
#4933 = PCURVE('',#4934,#4939);
#4934 = SPHERICAL_SURFACE('',#4935,0.8);
#4935 = AXIS2_PLACEMENT_3D('',#4936,#4937,#4938);
#4936 = CARTESIAN_POINT('',(38.2,43.8,34.1));
#4937 = DIRECTION('',(0.,-1.,-0.));
#4938 = DIRECTION('',(1.,0.,4.440892098501E-15));
#4939 = DEFINITIONAL_REPRESENTATION('',(#4940),#4943);
#4940 = B_SPLINE_CURVE_WITH_KNOTS('',1,(#4941,#4942),.UNSPECIFIED.,.F.,
  .F.,(2,2),(4.712388980385,6.28318530718),.PIECEWISE_BEZIER_KNOTS.);
#4941 = CARTESIAN_POINT('',(1.570796326795,-1.570796326795));
#4942 = CARTESIAN_POINT('',(1.570796326795,0.));
#4943 = ( GEOMETRIC_REPRESENTATION_CONTEXT(2) 
PARAMETRIC_REPRESENTATION_CONTEXT() REPRESENTATION_CONTEXT('2D SPACE',''
  ) );
#4944 = ORIENTED_EDGE('',*,*,#1608,.F.);
#4945 = ADVANCED_FACE('',(#4946),#1541,.T.);
#4946 = FACE_BOUND('',#4947,.F.);
#4947 = EDGE_LOOP('',(#4948,#4968,#4969,#4993));
#4948 = ORIENTED_EDGE('',*,*,#4949,.F.);
#4949 = EDGE_CURVE('',#1503,#1748,#4950,.T.);
#4950 = SURFACE_CURVE('',#4951,(#4956,#4962),.PCURVE_S1.);
#4951 = CIRCLE('',#4952,0.8);
#4952 = AXIS2_PLACEMENT_3D('',#4953,#4954,#4955);
#4953 = CARTESIAN_POINT('',(38.2,43.4,34.1));
#4954 = DIRECTION('',(-0.,1.,0.));
#4955 = DIRECTION('',(1.,0.,0.));
#4956 = PCURVE('',#1541,#4957);
#4957 = DEFINITIONAL_REPRESENTATION('',(#4958),#4961);
#4958 = B_SPLINE_CURVE_WITH_KNOTS('',1,(#4959,#4960),.UNSPECIFIED.,.F.,
  .F.,(2,2),(4.712388980385,6.28318530718),.PIECEWISE_BEZIER_KNOTS.);
#4959 = CARTESIAN_POINT('',(-1.570796326795,0.8));
#4960 = CARTESIAN_POINT('',(0.,0.8));
#4961 = ( GEOMETRIC_REPRESENTATION_CONTEXT(2) 
PARAMETRIC_REPRESENTATION_CONTEXT() REPRESENTATION_CONTEXT('2D SPACE',''
  ) );
#4962 = PCURVE('',#1730,#4963);
#4963 = DEFINITIONAL_REPRESENTATION('',(#4964),#4967);
#4964 = B_SPLINE_CURVE_WITH_KNOTS('',1,(#4965,#4966),.UNSPECIFIED.,.F.,
  .F.,(2,2),(4.712388980385,6.28318530718),.PIECEWISE_BEZIER_KNOTS.);
#4965 = CARTESIAN_POINT('',(0.,-1.570796326795));
#4966 = CARTESIAN_POINT('',(0.,0.));
#4967 = ( GEOMETRIC_REPRESENTATION_CONTEXT(2) 
PARAMETRIC_REPRESENTATION_CONTEXT() REPRESENTATION_CONTEXT('2D SPACE',''
  ) );
#4968 = ORIENTED_EDGE('',*,*,#1525,.T.);
#4969 = ORIENTED_EDGE('',*,*,#4970,.F.);
#4970 = EDGE_CURVE('',#4971,#1526,#4973,.T.);
#4971 = VERTEX_POINT('',#4972);
#4972 = CARTESIAN_POINT('',(39.,43.8,34.1));
#4973 = SURFACE_CURVE('',#4974,(#4979,#4986),.PCURVE_S1.);
#4974 = CIRCLE('',#4975,0.8);
#4975 = AXIS2_PLACEMENT_3D('',#4976,#4977,#4978);
#4976 = CARTESIAN_POINT('',(38.2,43.8,34.1));
#4977 = DIRECTION('',(0.,-1.,0.));
#4978 = DIRECTION('',(1.,0.,4.440892098501E-15));
#4979 = PCURVE('',#1541,#4980);
#4980 = DEFINITIONAL_REPRESENTATION('',(#4981),#4985);
#4981 = LINE('',#4982,#4983);
#4982 = CARTESIAN_POINT('',(-0.,1.2));
#4983 = VECTOR('',#4984,1.);
#4984 = DIRECTION('',(-1.,0.));
#4985 = ( GEOMETRIC_REPRESENTATION_CONTEXT(2) 
PARAMETRIC_REPRESENTATION_CONTEXT() REPRESENTATION_CONTEXT('2D SPACE',''
  ) );
#4986 = PCURVE('',#4934,#4987);
#4987 = DEFINITIONAL_REPRESENTATION('',(#4988),#4992);
#4988 = LINE('',#4989,#4990);
#4989 = CARTESIAN_POINT('',(0.,0.));
#4990 = VECTOR('',#4991,1.);
#4991 = DIRECTION('',(1.,0.));
#4992 = ( GEOMETRIC_REPRESENTATION_CONTEXT(2) 
PARAMETRIC_REPRESENTATION_CONTEXT() REPRESENTATION_CONTEXT('2D SPACE',''
  ) );
#4993 = ORIENTED_EDGE('',*,*,#4994,.F.);
#4994 = EDGE_CURVE('',#1748,#4971,#4995,.T.);
#4995 = SURFACE_CURVE('',#4996,(#5000,#5007),.PCURVE_S1.);
#4996 = LINE('',#4997,#4998);
#4997 = CARTESIAN_POINT('',(39.,42.6,34.1));
#4998 = VECTOR('',#4999,1.);
#4999 = DIRECTION('',(-0.,1.,0.));
#5000 = PCURVE('',#1541,#5001);
#5001 = DEFINITIONAL_REPRESENTATION('',(#5002),#5006);
#5002 = LINE('',#5003,#5004);
#5003 = CARTESIAN_POINT('',(-0.,0.));
#5004 = VECTOR('',#5005,1.);
#5005 = DIRECTION('',(-0.,1.));
#5006 = ( GEOMETRIC_REPRESENTATION_CONTEXT(2) 
PARAMETRIC_REPRESENTATION_CONTEXT() REPRESENTATION_CONTEXT('2D SPACE',''
  ) );
#5007 = PCURVE('',#1763,#5008);
#5008 = DEFINITIONAL_REPRESENTATION('',(#5009),#5013);
#5009 = LINE('',#5010,#5011);
#5010 = CARTESIAN_POINT('',(41.6,0.));
#5011 = VECTOR('',#5012,1.);
#5012 = DIRECTION('',(0.,-1.));
#5013 = ( GEOMETRIC_REPRESENTATION_CONTEXT(2) 
PARAMETRIC_REPRESENTATION_CONTEXT() REPRESENTATION_CONTEXT('2D SPACE',''
  ) );
#5014 = ADVANCED_FACE('',(#5015),#1647,.T.);
#5015 = FACE_BOUND('',#5016,.T.);
#5016 = EDGE_LOOP('',(#5017,#5038,#5060,#5061));
#5017 = ORIENTED_EDGE('',*,*,#5018,.F.);
#5018 = EDGE_CURVE('',#4873,#4971,#5019,.T.);
#5019 = SURFACE_CURVE('',#5020,(#5024,#5031),.PCURVE_S1.);
#5020 = LINE('',#5021,#5022);
#5021 = CARTESIAN_POINT('',(39.,43.8,-7.5));
#5022 = VECTOR('',#5023,1.);
#5023 = DIRECTION('',(0.,0.,1.));
#5024 = PCURVE('',#1647,#5025);
#5025 = DEFINITIONAL_REPRESENTATION('',(#5026),#5030);
#5026 = LINE('',#5027,#5028);
#5027 = CARTESIAN_POINT('',(0.,0.));
#5028 = VECTOR('',#5029,1.);
#5029 = DIRECTION('',(0.,1.));
#5030 = ( GEOMETRIC_REPRESENTATION_CONTEXT(2) 
PARAMETRIC_REPRESENTATION_CONTEXT() REPRESENTATION_CONTEXT('2D SPACE',''
  ) );
#5031 = PCURVE('',#1763,#5032);
#5032 = DEFINITIONAL_REPRESENTATION('',(#5033),#5037);
#5033 = LINE('',#5034,#5035);
#5034 = CARTESIAN_POINT('',(0.,-1.2));
#5035 = VECTOR('',#5036,1.);
#5036 = DIRECTION('',(1.,0.));
#5037 = ( GEOMETRIC_REPRESENTATION_CONTEXT(2) 
PARAMETRIC_REPRESENTATION_CONTEXT() REPRESENTATION_CONTEXT('2D SPACE',''
  ) );
#5038 = ORIENTED_EDGE('',*,*,#5039,.T.);
#5039 = EDGE_CURVE('',#4873,#1632,#5040,.T.);
#5040 = SURFACE_CURVE('',#5041,(#5046,#5053),.PCURVE_S1.);
#5041 = CIRCLE('',#5042,0.8);
#5042 = AXIS2_PLACEMENT_3D('',#5043,#5044,#5045);
#5043 = CARTESIAN_POINT('',(38.2,43.8,-6.7));
#5044 = DIRECTION('',(0.,0.,1.));
#5045 = DIRECTION('',(1.,-1.387778780781E-16,0.));
#5046 = PCURVE('',#1647,#5047);
#5047 = DEFINITIONAL_REPRESENTATION('',(#5048),#5052);
#5048 = LINE('',#5049,#5050);
#5049 = CARTESIAN_POINT('',(0.,0.8));
#5050 = VECTOR('',#5051,1.);
#5051 = DIRECTION('',(1.,0.));
#5052 = ( GEOMETRIC_REPRESENTATION_CONTEXT(2) 
PARAMETRIC_REPRESENTATION_CONTEXT() REPRESENTATION_CONTEXT('2D SPACE',''
  ) );
#5053 = PCURVE('',#4836,#5054);
#5054 = DEFINITIONAL_REPRESENTATION('',(#5055),#5059);
#5055 = LINE('',#5056,#5057);
#5056 = CARTESIAN_POINT('',(0.,0.));
#5057 = VECTOR('',#5058,1.);
#5058 = DIRECTION('',(1.,0.));
#5059 = ( GEOMETRIC_REPRESENTATION_CONTEXT(2) 
PARAMETRIC_REPRESENTATION_CONTEXT() REPRESENTATION_CONTEXT('2D SPACE',''
  ) );
#5060 = ORIENTED_EDGE('',*,*,#1631,.T.);
#5061 = ORIENTED_EDGE('',*,*,#5062,.T.);
#5062 = EDGE_CURVE('',#1609,#4971,#5063,.T.);
#5063 = SURFACE_CURVE('',#5064,(#5069,#5075),.PCURVE_S1.);
#5064 = CIRCLE('',#5065,0.8);
#5065 = AXIS2_PLACEMENT_3D('',#5066,#5067,#5068);
#5066 = CARTESIAN_POINT('',(38.2,43.8,34.1));
#5067 = DIRECTION('',(4.440892098501E-15,0.,-1.));
#5068 = DIRECTION('',(1.,0.,4.440892098501E-15));
#5069 = PCURVE('',#1647,#5070);
#5070 = DEFINITIONAL_REPRESENTATION('',(#5071),#5074);
#5071 = B_SPLINE_CURVE_WITH_KNOTS('',1,(#5072,#5073),.UNSPECIFIED.,.F.,
  .F.,(2,2),(4.712388980385,6.28318530718),.PIECEWISE_BEZIER_KNOTS.);
#5072 = CARTESIAN_POINT('',(1.570796326795,41.6));
#5073 = CARTESIAN_POINT('',(0.,41.6));
#5074 = ( GEOMETRIC_REPRESENTATION_CONTEXT(2) 
PARAMETRIC_REPRESENTATION_CONTEXT() REPRESENTATION_CONTEXT('2D SPACE',''
  ) );
#5075 = PCURVE('',#4934,#5076);
#5076 = DEFINITIONAL_REPRESENTATION('',(#5077),#5080);
#5077 = B_SPLINE_CURVE_WITH_KNOTS('',1,(#5078,#5079),.UNSPECIFIED.,.F.,
  .F.,(2,2),(4.712388980385,6.28318530718),.PIECEWISE_BEZIER_KNOTS.);
#5078 = CARTESIAN_POINT('',(0.,-1.570796326795));
#5079 = CARTESIAN_POINT('',(0.,0.));
#5080 = ( GEOMETRIC_REPRESENTATION_CONTEXT(2) 
PARAMETRIC_REPRESENTATION_CONTEXT() REPRESENTATION_CONTEXT('2D SPACE',''
  ) );
#5081 = ADVANCED_FACE('',(#5082),#1699,.T.);
#5082 = FACE_BOUND('',#5083,.F.);
#5083 = EDGE_LOOP('',(#5084,#5085,#5086));
#5084 = ORIENTED_EDGE('',*,*,#4851,.F.);
#5085 = ORIENTED_EDGE('',*,*,#1685,.T.);
#5086 = ORIENTED_EDGE('',*,*,#1775,.F.);
#5087 = ADVANCED_FACE('',(#5088),#1730,.T.);
#5088 = FACE_BOUND('',#5089,.T.);
#5089 = EDGE_LOOP('',(#5090,#5091,#5092));
#5090 = ORIENTED_EDGE('',*,*,#4949,.F.);
#5091 = ORIENTED_EDGE('',*,*,#1716,.T.);
#5092 = ORIENTED_EDGE('',*,*,#1798,.F.);
#5093 = ADVANCED_FACE('',(#5094),#1763,.T.);
#5094 = FACE_BOUND('',#5095,.T.);
#5095 = EDGE_LOOP('',(#5096,#5097,#5098,#5099));
#5096 = ORIENTED_EDGE('',*,*,#1745,.F.);
#5097 = ORIENTED_EDGE('',*,*,#4894,.T.);
#5098 = ORIENTED_EDGE('',*,*,#5018,.T.);
#5099 = ORIENTED_EDGE('',*,*,#4994,.F.);
#5100 = ADVANCED_FACE('',(#5101),#1841,.F.);
#5101 = FACE_BOUND('',#5102,.F.);
#5102 = EDGE_LOOP('',(#5103,#5133,#5159,#5160));
#5103 = ORIENTED_EDGE('',*,*,#5104,.F.);
#5104 = EDGE_CURVE('',#5105,#5107,#5109,.T.);
#5105 = VERTEX_POINT('',#5106);
#5106 = CARTESIAN_POINT('',(-67.,37.1,-5.5));
#5107 = VERTEX_POINT('',#5108);
#5108 = CARTESIAN_POINT('',(-67.,37.1,-4.5));
#5109 = SURFACE_CURVE('',#5110,(#5114,#5121),.PCURVE_S1.);
#5110 = LINE('',#5111,#5112);
#5111 = CARTESIAN_POINT('',(-67.,37.1,-7.));
#5112 = VECTOR('',#5113,1.);
#5113 = DIRECTION('',(0.,0.,1.));
#5114 = PCURVE('',#1841,#5115);
#5115 = DEFINITIONAL_REPRESENTATION('',(#5116),#5120);
#5116 = LINE('',#5117,#5118);
#5117 = CARTESIAN_POINT('',(0.,-1.5));
#5118 = VECTOR('',#5119,1.);
#5119 = DIRECTION('',(1.,0.));
#5120 = ( GEOMETRIC_REPRESENTATION_CONTEXT(2) 
PARAMETRIC_REPRESENTATION_CONTEXT() REPRESENTATION_CONTEXT('2D SPACE',''
  ) );
#5121 = PCURVE('',#5122,#5127);
#5122 = CYLINDRICAL_SURFACE('',#5123,1.5);
#5123 = AXIS2_PLACEMENT_3D('',#5124,#5125,#5126);
#5124 = CARTESIAN_POINT('',(-65.5,37.1,-7.));
#5125 = DIRECTION('',(0.,0.,1.));
#5126 = DIRECTION('',(-1.,-0.,0.));
#5127 = DEFINITIONAL_REPRESENTATION('',(#5128),#5132);
#5128 = LINE('',#5129,#5130);
#5129 = CARTESIAN_POINT('',(0.,0.));
#5130 = VECTOR('',#5131,1.);
#5131 = DIRECTION('',(0.,1.));
#5132 = ( GEOMETRIC_REPRESENTATION_CONTEXT(2) 
PARAMETRIC_REPRESENTATION_CONTEXT() REPRESENTATION_CONTEXT('2D SPACE',''
  ) );
#5133 = ORIENTED_EDGE('',*,*,#5134,.T.);
#5134 = EDGE_CURVE('',#5105,#1824,#5135,.T.);
#5135 = SURFACE_CURVE('',#5136,(#5140,#5147),.PCURVE_S1.);
#5136 = LINE('',#5137,#5138);
#5137 = CARTESIAN_POINT('',(-67.,35.6,-5.5));
#5138 = VECTOR('',#5139,1.);
#5139 = DIRECTION('',(-0.,1.,0.));
#5140 = PCURVE('',#1841,#5141);
#5141 = DEFINITIONAL_REPRESENTATION('',(#5142),#5146);
#5142 = LINE('',#5143,#5144);
#5143 = CARTESIAN_POINT('',(1.5,0.));
#5144 = VECTOR('',#5145,1.);
#5145 = DIRECTION('',(0.,-1.));
#5146 = ( GEOMETRIC_REPRESENTATION_CONTEXT(2) 
PARAMETRIC_REPRESENTATION_CONTEXT() REPRESENTATION_CONTEXT('2D SPACE',''
  ) );
#5147 = PCURVE('',#5148,#5153);
#5148 = CYLINDRICAL_SURFACE('',#5149,1.5);
#5149 = AXIS2_PLACEMENT_3D('',#5150,#5151,#5152);
#5150 = CARTESIAN_POINT('',(-65.5,35.6,-5.5));
#5151 = DIRECTION('',(-0.,1.,0.));
#5152 = DIRECTION('',(-1.,-0.,0.));
#5153 = DEFINITIONAL_REPRESENTATION('',(#5154),#5158);
#5154 = LINE('',#5155,#5156);
#5155 = CARTESIAN_POINT('',(-0.,0.));
#5156 = VECTOR('',#5157,1.);
#5157 = DIRECTION('',(-0.,1.));
#5158 = ( GEOMETRIC_REPRESENTATION_CONTEXT(2) 
PARAMETRIC_REPRESENTATION_CONTEXT() REPRESENTATION_CONTEXT('2D SPACE',''
  ) );
#5159 = ORIENTED_EDGE('',*,*,#1823,.T.);
#5160 = ORIENTED_EDGE('',*,*,#5161,.F.);
#5161 = EDGE_CURVE('',#5107,#1826,#5162,.T.);
#5162 = SURFACE_CURVE('',#5163,(#5167,#5174),.PCURVE_S1.);
#5163 = LINE('',#5164,#5165);
#5164 = CARTESIAN_POINT('',(-67.,35.6,-4.5));
#5165 = VECTOR('',#5166,1.);
#5166 = DIRECTION('',(-0.,1.,0.));
#5167 = PCURVE('',#1841,#5168);
#5168 = DEFINITIONAL_REPRESENTATION('',(#5169),#5173);
#5169 = LINE('',#5170,#5171);
#5170 = CARTESIAN_POINT('',(2.5,0.));
#5171 = VECTOR('',#5172,1.);
#5172 = DIRECTION('',(0.,-1.));
#5173 = ( GEOMETRIC_REPRESENTATION_CONTEXT(2) 
PARAMETRIC_REPRESENTATION_CONTEXT() REPRESENTATION_CONTEXT('2D SPACE',''
  ) );
#5174 = PCURVE('',#5175,#5180);
#5175 = CYLINDRICAL_SURFACE('',#5176,1.5);
#5176 = AXIS2_PLACEMENT_3D('',#5177,#5178,#5179);
#5177 = CARTESIAN_POINT('',(-65.5,35.6,-4.5));
#5178 = DIRECTION('',(-0.,1.,0.));
#5179 = DIRECTION('',(-1.,-0.,0.));
#5180 = DEFINITIONAL_REPRESENTATION('',(#5181),#5185);
#5181 = LINE('',#5182,#5183);
#5182 = CARTESIAN_POINT('',(0.,0.));
#5183 = VECTOR('',#5184,1.);
#5184 = DIRECTION('',(0.,1.));
#5185 = ( GEOMETRIC_REPRESENTATION_CONTEXT(2) 
PARAMETRIC_REPRESENTATION_CONTEXT() REPRESENTATION_CONTEXT('2D SPACE',''
  ) );
#5186 = ADVANCED_FACE('',(#5187),#1868,.T.);
#5187 = FACE_BOUND('',#5188,.F.);
#5188 = EDGE_LOOP('',(#5189,#5209,#5210));
#5189 = ORIENTED_EDGE('',*,*,#5190,.F.);
#5190 = EDGE_CURVE('',#2435,#1824,#5191,.T.);
#5191 = SURFACE_CURVE('',#5192,(#5197,#5203),.PCURVE_S1.);
#5192 = CIRCLE('',#5193,1.5);
#5193 = AXIS2_PLACEMENT_3D('',#5194,#5195,#5196);
#5194 = CARTESIAN_POINT('',(-65.5,41.1,-5.5));
#5195 = DIRECTION('',(0.,1.,-0.));
#5196 = DIRECTION('',(-1.,0.,0.));
#5197 = PCURVE('',#1868,#5198);
#5198 = DEFINITIONAL_REPRESENTATION('',(#5199),#5202);
#5199 = B_SPLINE_CURVE_WITH_KNOTS('',1,(#5200,#5201),.UNSPECIFIED.,.F.,
  .F.,(2,2),(4.712388980385,6.28318530718),.PIECEWISE_BEZIER_KNOTS.);
#5200 = CARTESIAN_POINT('',(0.,-1.570796326795));
#5201 = CARTESIAN_POINT('',(0.,0.));
#5202 = ( GEOMETRIC_REPRESENTATION_CONTEXT(2) 
PARAMETRIC_REPRESENTATION_CONTEXT() REPRESENTATION_CONTEXT('2D SPACE',''
  ) );
#5203 = PCURVE('',#5148,#5204);
#5204 = DEFINITIONAL_REPRESENTATION('',(#5205),#5208);
#5205 = B_SPLINE_CURVE_WITH_KNOTS('',1,(#5206,#5207),.UNSPECIFIED.,.F.,
  .F.,(2,2),(4.712388980385,6.28318530718),.PIECEWISE_BEZIER_KNOTS.);
#5206 = CARTESIAN_POINT('',(-1.570796326795,5.5));
#5207 = CARTESIAN_POINT('',(0.,5.5));
#5208 = ( GEOMETRIC_REPRESENTATION_CONTEXT(2) 
PARAMETRIC_REPRESENTATION_CONTEXT() REPRESENTATION_CONTEXT('2D SPACE',''
  ) );
#5209 = ORIENTED_EDGE('',*,*,#2434,.T.);
#5210 = ORIENTED_EDGE('',*,*,#1853,.F.);
#5211 = ADVANCED_FACE('',(#5212),#1895,.T.);
#5212 = FACE_BOUND('',#5213,.F.);
#5213 = EDGE_LOOP('',(#5214,#5215,#5216,#5271,#5272));
#5214 = ORIENTED_EDGE('',*,*,#1881,.F.);
#5215 = ORIENTED_EDGE('',*,*,#1910,.T.);
#5216 = ORIENTED_EDGE('',*,*,#5217,.T.);
#5217 = EDGE_CURVE('',#1911,#2843,#5218,.T.);
#5218 = SURFACE_CURVE('',#5219,(#5224,#5244),.PCURVE_S1.);
#5219 = CIRCLE('',#5220,0.661437827766);
#5220 = AXIS2_PLACEMENT_3D('',#5221,#5222,#5223);
#5221 = CARTESIAN_POINT('',(-66.,41.1,-3.25));
#5222 = DIRECTION('',(-0.371390676354,0.,0.928476690885));
#5223 = DIRECTION('',(-0.928476690885,0.,-0.371390676354));
#5224 = PCURVE('',#1895,#5225);
#5225 = DEFINITIONAL_REPRESENTATION('',(#5226),#5243);
#5226 = B_SPLINE_CURVE_WITH_KNOTS('',8,(#5227,#5228,#5229,#5230,#5231,
    #5232,#5233,#5234,#5235,#5236,#5237,#5238,#5239,#5240,#5241,#5242),
  .UNSPECIFIED.,.F.,.F.,(9,7,9),(3.761107260273,4.712388980385,
    5.663670700496),.UNSPECIFIED.);
#5227 = CARTESIAN_POINT('',(-1.570796326794,-0.258921542007));
#5228 = CARTESIAN_POINT('',(-1.541553579065,-0.303083687186));
#5229 = CARTESIAN_POINT('',(-1.50595715733,-0.343556125745));
#5230 = CARTESIAN_POINT('',(-1.464151391263,-0.379345358531));
#5231 = CARTESIAN_POINT('',(-1.416502250964,-0.409440920889));
#5232 = CARTESIAN_POINT('',(-1.363688977751,-0.432849419132));
#5233 = CARTESIAN_POINT('',(-1.30713159208,-0.448726994615));
#5234 = CARTESIAN_POINT('',(-1.248710976436,-0.456666385207));
#5235 = CARTESIAN_POINT('',(-1.131868922929,-0.456666385207));
#5236 = CARTESIAN_POINT('',(-1.073448307286,-0.448726994615));
#5237 = CARTESIAN_POINT('',(-1.016890921601,-0.432849419132));
#5238 = CARTESIAN_POINT('',(-0.964077648408,-0.409440920889));
#5239 = CARTESIAN_POINT('',(-0.916428508089,-0.379345358531));
#5240 = CARTESIAN_POINT('',(-0.874622742037,-0.343556125745));
#5241 = CARTESIAN_POINT('',(-0.8390263203,-0.303083687186));
#5242 = CARTESIAN_POINT('',(-0.809783572571,-0.258921542007));
#5243 = ( GEOMETRIC_REPRESENTATION_CONTEXT(2) 
PARAMETRIC_REPRESENTATION_CONTEXT() REPRESENTATION_CONTEXT('2D SPACE',''
  ) );
#5244 = PCURVE('',#1962,#5245);
#5245 = DEFINITIONAL_REPRESENTATION('',(#5246),#5270);
#5246 = B_SPLINE_CURVE_WITH_KNOTS('',8,(#5247,#5248,#5249,#5250,#5251,
    #5252,#5253,#5254,#5255,#5256,#5257,#5258,#5259,#5260,#5261,#5262,
    #5263,#5264,#5265,#5266,#5267,#5268,#5269),.UNSPECIFIED.,.F.,.F.,(9,
    7,7,9),(3.761107260273,4.712388980385,5.18802984044,5.663670700496),
  .UNSPECIFIED.);
#5247 = CARTESIAN_POINT('',(0.366687565453,-0.775397496611));
#5248 = CARTESIAN_POINT('',(0.436683122355,-0.79123073768));
#5249 = CARTESIAN_POINT('',(0.506457233988,-0.810361873314));
#5250 = CARTESIAN_POINT('',(0.575997224229,-0.832660510426));
#5251 = CARTESIAN_POINT('',(0.645324784584,-0.857962521437));
#5252 = CARTESIAN_POINT('',(0.714525328814,-0.886076241898));
#5253 = CARTESIAN_POINT('',(0.783750699886,-0.916790693846));
#5254 = CARTESIAN_POINT('',(0.853253520539,-0.949881578681));
#5255 = CARTESIAN_POINT('',(0.958640457899,-1.002725385666));
#5256 = CARTESIAN_POINT('',(0.993958535558,-1.020874556427));
#5257 = CARTESIAN_POINT('',(1.029524539304,-1.039528570936));
#5258 = CARTESIAN_POINT('',(1.065414860018,-1.058656708065));
#5259 = CARTESIAN_POINT('',(1.101722983274,-1.078227421081));
#5260 = CARTESIAN_POINT('',(1.138568290086,-1.098208105587));
#5261 = CARTESIAN_POINT('',(1.176114127059,-1.118564464569));
#5262 = CARTESIAN_POINT('',(1.253076164811,-1.159954476537));
#5263 = CARTESIAN_POINT('',(1.29249284544,-1.180988108162));
#5264 = CARTESIAN_POINT('',(1.333079979111,-1.202323348783));
#5265 = CARTESIAN_POINT('',(1.375155922356,-1.223919871885));
#5266 = CARTESIAN_POINT('',(1.419132329236,-1.245734023179));
#5267 = CARTESIAN_POINT('',(1.465650238865,-1.267712651581));
#5268 = CARTESIAN_POINT('',(1.515593645319,-1.289793712198));
#5269 = CARTESIAN_POINT('',(1.570796326793,-1.311874784788));
#5270 = ( GEOMETRIC_REPRESENTATION_CONTEXT(2) 
PARAMETRIC_REPRESENTATION_CONTEXT() REPRESENTATION_CONTEXT('2D SPACE',''
  ) );
#5271 = ORIENTED_EDGE('',*,*,#2842,.T.);
#5272 = ORIENTED_EDGE('',*,*,#5273,.F.);
#5273 = EDGE_CURVE('',#1826,#2815,#5274,.T.);
#5274 = SURFACE_CURVE('',#5275,(#5280,#5287),.PCURVE_S1.);
#5275 = CIRCLE('',#5276,1.5);
#5276 = AXIS2_PLACEMENT_3D('',#5277,#5278,#5279);
#5277 = CARTESIAN_POINT('',(-65.5,41.1,-4.5));
#5278 = DIRECTION('',(-0.,1.,0.));
#5279 = DIRECTION('',(-1.,-0.,1.480297366167E-16));
#5280 = PCURVE('',#1895,#5281);
#5281 = DEFINITIONAL_REPRESENTATION('',(#5282),#5286);
#5282 = LINE('',#5283,#5284);
#5283 = CARTESIAN_POINT('',(-0.,0.));
#5284 = VECTOR('',#5285,1.);
#5285 = DIRECTION('',(-1.,0.));
#5286 = ( GEOMETRIC_REPRESENTATION_CONTEXT(2) 
PARAMETRIC_REPRESENTATION_CONTEXT() REPRESENTATION_CONTEXT('2D SPACE',''
  ) );
#5287 = PCURVE('',#5175,#5288);
#5288 = DEFINITIONAL_REPRESENTATION('',(#5289),#5293);
#5289 = LINE('',#5290,#5291);
#5290 = CARTESIAN_POINT('',(0.,5.5));
#5291 = VECTOR('',#5292,1.);
#5292 = DIRECTION('',(1.,0.));
#5293 = ( GEOMETRIC_REPRESENTATION_CONTEXT(2) 
PARAMETRIC_REPRESENTATION_CONTEXT() REPRESENTATION_CONTEXT('2D SPACE',''
  ) );
#5294 = ADVANCED_FACE('',(#5295),#2339,.T.);
#5295 = FACE_BOUND('',#5296,.T.);
#5296 = EDGE_LOOP('',(#5297,#5298,#5299,#5354,#5355));
#5297 = ORIENTED_EDGE('',*,*,#2411,.F.);
#5298 = ORIENTED_EDGE('',*,*,#2325,.T.);
#5299 = ORIENTED_EDGE('',*,*,#5300,.F.);
#5300 = EDGE_CURVE('',#4697,#2283,#5301,.T.);
#5301 = SURFACE_CURVE('',#5302,(#5307,#5327),.PCURVE_S1.);
#5302 = CIRCLE('',#5303,0.661437827766);
#5303 = AXIS2_PLACEMENT_3D('',#5304,#5305,#5306);
#5304 = CARTESIAN_POINT('',(34.,41.1,-3.25));
#5305 = DIRECTION('',(0.371390676354,0.,0.928476690885));
#5306 = DIRECTION('',(-0.928476690885,0.,0.371390676354));
#5307 = PCURVE('',#2339,#5308);
#5308 = DEFINITIONAL_REPRESENTATION('',(#5309),#5326);
#5309 = B_SPLINE_CURVE_WITH_KNOTS('',8,(#5310,#5311,#5312,#5313,#5314,
    #5315,#5316,#5317,#5318,#5319,#5320,#5321,#5322,#5323,#5324,#5325),
  .UNSPECIFIED.,.F.,.F.,(9,7,9),(3.761107260271,4.712388980385,
    5.663670700498),.UNSPECIFIED.);
#5310 = CARTESIAN_POINT('',(0.80978357257,-0.258921542006));
#5311 = CARTESIAN_POINT('',(0.8390263203,-0.303083687186));
#5312 = CARTESIAN_POINT('',(0.874622742036,-0.343556125745));
#5313 = CARTESIAN_POINT('',(0.916428508087,-0.379345358529));
#5314 = CARTESIAN_POINT('',(0.964077648405,-0.409440920889));
#5315 = CARTESIAN_POINT('',(1.016890921601,-0.43284941913));
#5316 = CARTESIAN_POINT('',(1.073448307286,-0.448726994615));
#5317 = CARTESIAN_POINT('',(1.131868922928,-0.456666385207));
#5318 = CARTESIAN_POINT('',(1.248710976437,-0.456666385207));
#5319 = CARTESIAN_POINT('',(1.307131592077,-0.448726994615));
#5320 = CARTESIAN_POINT('',(1.363688977762,-0.43284941913));
#5321 = CARTESIAN_POINT('',(1.416502250953,-0.40944092089));
#5322 = CARTESIAN_POINT('',(1.464151391273,-0.379345358529));
#5323 = CARTESIAN_POINT('',(1.505957157328,-0.343556125745));
#5324 = CARTESIAN_POINT('',(1.541553579065,-0.303083687186));
#5325 = CARTESIAN_POINT('',(1.570796326795,-0.258921542006));
#5326 = ( GEOMETRIC_REPRESENTATION_CONTEXT(2) 
PARAMETRIC_REPRESENTATION_CONTEXT() REPRESENTATION_CONTEXT('2D SPACE',''
  ) );
#5327 = PCURVE('',#2308,#5328);
#5328 = DEFINITIONAL_REPRESENTATION('',(#5329),#5353);
#5329 = B_SPLINE_CURVE_WITH_KNOTS('',8,(#5330,#5331,#5332,#5333,#5334,
    #5335,#5336,#5337,#5338,#5339,#5340,#5341,#5342,#5343,#5344,#5345,
    #5346,#5347,#5348,#5349,#5350,#5351,#5352),.UNSPECIFIED.,.F.,.F.,(9,
    7,7,9),(3.761107260271,4.236748120328,4.950209410413,5.663670700498)
  ,.UNSPECIFIED.);
#5330 = CARTESIAN_POINT('',(-1.570796326795,-1.311874784789));
#5331 = CARTESIAN_POINT('',(-1.51559364532,-1.289793712199));
#5332 = CARTESIAN_POINT('',(-1.465650238865,-1.267712651582));
#5333 = CARTESIAN_POINT('',(-1.419132329237,-1.245734023178));
#5334 = CARTESIAN_POINT('',(-1.375155922359,-1.223919871878));
#5335 = CARTESIAN_POINT('',(-1.333079979111,-1.202323348783));
#5336 = CARTESIAN_POINT('',(-1.29249284544,-1.180988108163));
#5337 = CARTESIAN_POINT('',(-1.253076164811,-1.159954476537));
#5338 = CARTESIAN_POINT('',(-1.156873617622,-1.108216961577));
#5339 = CARTESIAN_POINT('',(-1.101256404755,-1.077936402117));
#5340 = CARTESIAN_POINT('',(-1.046950088419,-1.048542818696));
#5341 = CARTESIAN_POINT('',(-0.993529652008,-1.020147117571));
#5342 = CARTESIAN_POINT('',(-0.94070513303,-0.992854998106));
#5343 = CARTESIAN_POINT('',(-0.888258770159,-0.966768671917));
#5344 = CARTESIAN_POINT('',(-0.836046091185,-0.941985666303));
#5345 = CARTESIAN_POINT('',(-0.731862683893,-0.895212314553));
#5346 = CARTESIAN_POINT('',(-0.679892217865,-0.8732219654));
#5347 = CARTESIAN_POINT('',(-0.627933519704,-0.852720786448));
#5348 = CARTESIAN_POINT('',(-0.575916292596,-0.833796902983));
#5349 = CARTESIAN_POINT('',(-0.523798138533,-0.816532503674));
#5350 = CARTESIAN_POINT('',(-0.471556559373,-0.801002409124));
#5351 = CARTESIAN_POINT('',(-0.419184233128,-0.787272427413));
#5352 = CARTESIAN_POINT('',(-0.366687565452,-0.775397496611));
#5353 = ( GEOMETRIC_REPRESENTATION_CONTEXT(2) 
PARAMETRIC_REPRESENTATION_CONTEXT() REPRESENTATION_CONTEXT('2D SPACE',''
  ) );
#5354 = ORIENTED_EDGE('',*,*,#4718,.F.);
#5355 = ORIENTED_EDGE('',*,*,#5356,.F.);
#5356 = EDGE_CURVE('',#2356,#4719,#5357,.T.);
#5357 = SURFACE_CURVE('',#5358,(#5363,#5370),.PCURVE_S1.);
#5358 = CIRCLE('',#5359,1.5);
#5359 = AXIS2_PLACEMENT_3D('',#5360,#5361,#5362);
#5360 = CARTESIAN_POINT('',(33.5,41.1,-4.5));
#5361 = DIRECTION('',(0.,-1.,0.));
#5362 = DIRECTION('',(1.,0.,1.480297366167E-16));
#5363 = PCURVE('',#2339,#5364);
#5364 = DEFINITIONAL_REPRESENTATION('',(#5365),#5369);
#5365 = LINE('',#5366,#5367);
#5366 = CARTESIAN_POINT('',(0.,0.));
#5367 = VECTOR('',#5368,1.);
#5368 = DIRECTION('',(1.,0.));
#5369 = ( GEOMETRIC_REPRESENTATION_CONTEXT(2) 
PARAMETRIC_REPRESENTATION_CONTEXT() REPRESENTATION_CONTEXT('2D SPACE',''
  ) );
#5370 = PCURVE('',#5371,#5376);
#5371 = CYLINDRICAL_SURFACE('',#5372,1.5);
#5372 = AXIS2_PLACEMENT_3D('',#5373,#5374,#5375);
#5373 = CARTESIAN_POINT('',(33.5,35.6,-4.5));
#5374 = DIRECTION('',(-0.,1.,0.));
#5375 = DIRECTION('',(1.,0.,-0.));
#5376 = DEFINITIONAL_REPRESENTATION('',(#5377),#5381);
#5377 = LINE('',#5378,#5379);
#5378 = CARTESIAN_POINT('',(-0.,5.5));
#5379 = VECTOR('',#5380,1.);
#5380 = DIRECTION('',(-1.,0.));
#5381 = ( GEOMETRIC_REPRESENTATION_CONTEXT(2) 
PARAMETRIC_REPRESENTATION_CONTEXT() REPRESENTATION_CONTEXT('2D SPACE',''
  ) );
#5382 = ADVANCED_FACE('',(#5383),#2308,.T.);
#5383 = FACE_BOUND('',#5384,.F.);
#5384 = EDGE_LOOP('',(#5385,#5410,#5411,#5412,#5413));
#5385 = ORIENTED_EDGE('',*,*,#5386,.F.);
#5386 = EDGE_CURVE('',#2255,#4417,#5387,.T.);
#5387 = SURFACE_CURVE('',#5388,(#5393,#5399),.PCURVE_S1.);
#5388 = CIRCLE('',#5389,1.5);
#5389 = AXIS2_PLACEMENT_3D('',#5390,#5391,#5392);
#5390 = CARTESIAN_POINT('',(34.5,41.1,-2.));
#5391 = DIRECTION('',(0.,1.,-0.));
#5392 = DIRECTION('',(-1.,0.,0.));
#5393 = PCURVE('',#2308,#5394);
#5394 = DEFINITIONAL_REPRESENTATION('',(#5395),#5398);
#5395 = B_SPLINE_CURVE_WITH_KNOTS('',1,(#5396,#5397),.UNSPECIFIED.,.F.,
  .F.,(2,2),(4.712388980385,6.28318530718),.PIECEWISE_BEZIER_KNOTS.);
#5396 = CARTESIAN_POINT('',(0.,-1.570796326795));
#5397 = CARTESIAN_POINT('',(0.,0.));
#5398 = ( GEOMETRIC_REPRESENTATION_CONTEXT(2) 
PARAMETRIC_REPRESENTATION_CONTEXT() REPRESENTATION_CONTEXT('2D SPACE',''
  ) );
#5399 = PCURVE('',#5400,#5405);
#5400 = CYLINDRICAL_SURFACE('',#5401,1.5);
#5401 = AXIS2_PLACEMENT_3D('',#5402,#5403,#5404);
#5402 = CARTESIAN_POINT('',(34.5,35.6,-2.));
#5403 = DIRECTION('',(-0.,1.,0.));
#5404 = DIRECTION('',(-1.,-0.,0.));
#5405 = DEFINITIONAL_REPRESENTATION('',(#5406),#5409);
#5406 = B_SPLINE_CURVE_WITH_KNOTS('',1,(#5407,#5408),.UNSPECIFIED.,.F.,
  .F.,(2,2),(4.712388980385,6.28318530718),.PIECEWISE_BEZIER_KNOTS.);
#5407 = CARTESIAN_POINT('',(-1.570796326795,5.5));
#5408 = CARTESIAN_POINT('',(0.,5.5));
#5409 = ( GEOMETRIC_REPRESENTATION_CONTEXT(2) 
PARAMETRIC_REPRESENTATION_CONTEXT() REPRESENTATION_CONTEXT('2D SPACE',''
  ) );
#5410 = ORIENTED_EDGE('',*,*,#2282,.F.);
#5411 = ORIENTED_EDGE('',*,*,#5300,.F.);
#5412 = ORIENTED_EDGE('',*,*,#4696,.T.);
#5413 = ORIENTED_EDGE('',*,*,#4446,.F.);
#5414 = ADVANCED_FACE('',(#5415),#2270,.T.);
#5415 = FACE_BOUND('',#5416,.T.);
#5416 = EDGE_LOOP('',(#5417,#5443,#5471,#5490));
#5417 = ORIENTED_EDGE('',*,*,#5418,.F.);
#5418 = EDGE_CURVE('',#5419,#2140,#5421,.T.);
#5419 = VERTEX_POINT('',#5420);
#5420 = CARTESIAN_POINT('',(-12.88196601125,37.1,-3.));
#5421 = SURFACE_CURVE('',#5422,(#5426,#5432),.PCURVE_S1.);
#5422 = LINE('',#5423,#5424);
#5423 = CARTESIAN_POINT('',(-12.88196601125,35.6,-3.));
#5424 = VECTOR('',#5425,1.);
#5425 = DIRECTION('',(-0.,1.,0.));
#5426 = PCURVE('',#2270,#5427);
#5427 = DEFINITIONAL_REPRESENTATION('',(#5428),#5431);
#5428 = B_SPLINE_CURVE_WITH_KNOTS('',1,(#5429,#5430),.UNSPECIFIED.,.F.,
  .F.,(2,2),(1.4999994,5.5000006),.PIECEWISE_BEZIER_KNOTS.);
#5429 = CARTESIAN_POINT('',(54.11803398875,1.4999994));
#5430 = CARTESIAN_POINT('',(54.11803398875,5.5000006));
#5431 = ( GEOMETRIC_REPRESENTATION_CONTEXT(2) 
PARAMETRIC_REPRESENTATION_CONTEXT() REPRESENTATION_CONTEXT('2D SPACE',''
  ) );
#5432 = PCURVE('',#5433,#5438);
#5433 = CYLINDRICAL_SURFACE('',#5434,1.5);
#5434 = AXIS2_PLACEMENT_3D('',#5435,#5436,#5437);
#5435 = CARTESIAN_POINT('',(-14.,35.6,-2.));
#5436 = DIRECTION('',(-0.,1.,0.));
#5437 = DIRECTION('',(1.,0.,-0.));
#5438 = DEFINITIONAL_REPRESENTATION('',(#5439),#5442);
#5439 = B_SPLINE_CURVE_WITH_KNOTS('',1,(#5440,#5441),.UNSPECIFIED.,.F.,
  .F.,(2,2),(1.4999994,5.5000006),.PIECEWISE_BEZIER_KNOTS.);
#5440 = CARTESIAN_POINT('',(0.729727656227,1.4999994));
#5441 = CARTESIAN_POINT('',(0.729727656227,5.5000006));
#5442 = ( GEOMETRIC_REPRESENTATION_CONTEXT(2) 
PARAMETRIC_REPRESENTATION_CONTEXT() REPRESENTATION_CONTEXT('2D SPACE',''
  ) );
#5443 = ORIENTED_EDGE('',*,*,#5444,.T.);
#5444 = EDGE_CURVE('',#5419,#5445,#5447,.T.);
#5445 = VERTEX_POINT('',#5446);
#5446 = CARTESIAN_POINT('',(33.38196601125,37.1,-3.));
#5447 = SURFACE_CURVE('',#5448,(#5452,#5459),.PCURVE_S1.);
#5448 = LINE('',#5449,#5450);
#5449 = CARTESIAN_POINT('',(-67.,37.1,-3.));
#5450 = VECTOR('',#5451,1.);
#5451 = DIRECTION('',(1.,0.,-0.));
#5452 = PCURVE('',#2270,#5453);
#5453 = DEFINITIONAL_REPRESENTATION('',(#5454),#5458);
#5454 = LINE('',#5455,#5456);
#5455 = CARTESIAN_POINT('',(0.,1.5));
#5456 = VECTOR('',#5457,1.);
#5457 = DIRECTION('',(1.,0.));
#5458 = ( GEOMETRIC_REPRESENTATION_CONTEXT(2) 
PARAMETRIC_REPRESENTATION_CONTEXT() REPRESENTATION_CONTEXT('2D SPACE',''
  ) );
#5459 = PCURVE('',#5460,#5465);
#5460 = CYLINDRICAL_SURFACE('',#5461,1.5);
#5461 = AXIS2_PLACEMENT_3D('',#5462,#5463,#5464);
#5462 = CARTESIAN_POINT('',(-67.,37.1,-4.5));
#5463 = DIRECTION('',(1.,0.,-0.));
#5464 = DIRECTION('',(0.,-1.,0.));
#5465 = DEFINITIONAL_REPRESENTATION('',(#5466),#5470);
#5466 = LINE('',#5467,#5468);
#5467 = CARTESIAN_POINT('',(-1.570796326795,0.));
#5468 = VECTOR('',#5469,1.);
#5469 = DIRECTION('',(-0.,1.));
#5470 = ( GEOMETRIC_REPRESENTATION_CONTEXT(2) 
PARAMETRIC_REPRESENTATION_CONTEXT() REPRESENTATION_CONTEXT('2D SPACE',''
  ) );
#5471 = ORIENTED_EDGE('',*,*,#5472,.T.);
#5472 = EDGE_CURVE('',#5445,#2255,#5473,.T.);
#5473 = SURFACE_CURVE('',#5474,(#5478,#5484),.PCURVE_S1.);
#5474 = LINE('',#5475,#5476);
#5475 = CARTESIAN_POINT('',(33.38196601125,35.6,-3.));
#5476 = VECTOR('',#5477,1.);
#5477 = DIRECTION('',(-0.,1.,0.));
#5478 = PCURVE('',#2270,#5479);
#5479 = DEFINITIONAL_REPRESENTATION('',(#5480),#5483);
#5480 = B_SPLINE_CURVE_WITH_KNOTS('',1,(#5481,#5482),.UNSPECIFIED.,.F.,
  .F.,(2,2),(1.4999994,5.5000006),.PIECEWISE_BEZIER_KNOTS.);
#5481 = CARTESIAN_POINT('',(100.38196601125,1.4999994));
#5482 = CARTESIAN_POINT('',(100.38196601125,5.5000006));
#5483 = ( GEOMETRIC_REPRESENTATION_CONTEXT(2) 
PARAMETRIC_REPRESENTATION_CONTEXT() REPRESENTATION_CONTEXT('2D SPACE',''
  ) );
#5484 = PCURVE('',#5400,#5485);
#5485 = DEFINITIONAL_REPRESENTATION('',(#5486),#5489);
#5486 = B_SPLINE_CURVE_WITH_KNOTS('',1,(#5487,#5488),.UNSPECIFIED.,.F.,
  .F.,(2,2),(1.4999994,5.5000006),.PIECEWISE_BEZIER_KNOTS.);
#5487 = CARTESIAN_POINT('',(-0.729727656227,1.4999994));
#5488 = CARTESIAN_POINT('',(-0.729727656227,5.5000006));
#5489 = ( GEOMETRIC_REPRESENTATION_CONTEXT(2) 
PARAMETRIC_REPRESENTATION_CONTEXT() REPRESENTATION_CONTEXT('2D SPACE',''
  ) );
#5490 = ORIENTED_EDGE('',*,*,#2254,.F.);
#5491 = ADVANCED_FACE('',(#5492),#2213,.T.);
#5492 = FACE_BOUND('',#5493,.T.);
#5493 = EDGE_LOOP('',(#5494,#5514,#5515,#5516));
#5494 = ORIENTED_EDGE('',*,*,#5495,.F.);
#5495 = EDGE_CURVE('',#2140,#3671,#5496,.T.);
#5496 = SURFACE_CURVE('',#5497,(#5502,#5508),.PCURVE_S1.);
#5497 = CIRCLE('',#5498,1.5);
#5498 = AXIS2_PLACEMENT_3D('',#5499,#5500,#5501);
#5499 = CARTESIAN_POINT('',(-14.,41.1,-2.));
#5500 = DIRECTION('',(0.,-1.,0.));
#5501 = DIRECTION('',(1.,0.,0.));
#5502 = PCURVE('',#2213,#5503);
#5503 = DEFINITIONAL_REPRESENTATION('',(#5504),#5507);
#5504 = B_SPLINE_CURVE_WITH_KNOTS('',1,(#5505,#5506),.UNSPECIFIED.,.F.,
  .F.,(2,2),(4.712388980385,6.28318530718),.PIECEWISE_BEZIER_KNOTS.);
#5505 = CARTESIAN_POINT('',(0.,-1.570796326795));
#5506 = CARTESIAN_POINT('',(0.,0.));
#5507 = ( GEOMETRIC_REPRESENTATION_CONTEXT(2) 
PARAMETRIC_REPRESENTATION_CONTEXT() REPRESENTATION_CONTEXT('2D SPACE',''
  ) );
#5508 = PCURVE('',#5433,#5509);
#5509 = DEFINITIONAL_REPRESENTATION('',(#5510),#5513);
#5510 = B_SPLINE_CURVE_WITH_KNOTS('',1,(#5511,#5512),.UNSPECIFIED.,.F.,
  .F.,(2,2),(4.712388980385,6.28318530718),.PIECEWISE_BEZIER_KNOTS.);
#5511 = CARTESIAN_POINT('',(1.570796326795,5.5));
#5512 = CARTESIAN_POINT('',(0.,5.5));
#5513 = ( GEOMETRIC_REPRESENTATION_CONTEXT(2) 
PARAMETRIC_REPRESENTATION_CONTEXT() REPRESENTATION_CONTEXT('2D SPACE',''
  ) );
#5514 = ORIENTED_EDGE('',*,*,#2139,.T.);
#5515 = ORIENTED_EDGE('',*,*,#3746,.T.);
#5516 = ORIENTED_EDGE('',*,*,#3698,.F.);
#5517 = ADVANCED_FACE('',(#5518),#2079,.T.);
#5518 = FACE_BOUND('',#5519,.F.);
#5519 = EDGE_LOOP('',(#5520,#5545,#5546,#5547));
#5520 = ORIENTED_EDGE('',*,*,#5521,.F.);
#5521 = EDGE_CURVE('',#1982,#2917,#5522,.T.);
#5522 = SURFACE_CURVE('',#5523,(#5528,#5534),.PCURVE_S1.);
#5523 = CIRCLE('',#5524,1.5);
#5524 = AXIS2_PLACEMENT_3D('',#5525,#5526,#5527);
#5525 = CARTESIAN_POINT('',(-18.,41.1,-2.));
#5526 = DIRECTION('',(0.,1.,-0.));
#5527 = DIRECTION('',(-1.,0.,0.));
#5528 = PCURVE('',#2079,#5529);
#5529 = DEFINITIONAL_REPRESENTATION('',(#5530),#5533);
#5530 = B_SPLINE_CURVE_WITH_KNOTS('',1,(#5531,#5532),.UNSPECIFIED.,.F.,
  .F.,(2,2),(4.712388980385,6.28318530718),.PIECEWISE_BEZIER_KNOTS.);
#5531 = CARTESIAN_POINT('',(0.,-1.570796326795));
#5532 = CARTESIAN_POINT('',(0.,0.));
#5533 = ( GEOMETRIC_REPRESENTATION_CONTEXT(2) 
PARAMETRIC_REPRESENTATION_CONTEXT() REPRESENTATION_CONTEXT('2D SPACE',''
  ) );
#5534 = PCURVE('',#5535,#5540);
#5535 = CYLINDRICAL_SURFACE('',#5536,1.5);
#5536 = AXIS2_PLACEMENT_3D('',#5537,#5538,#5539);
#5537 = CARTESIAN_POINT('',(-18.,35.6,-2.));
#5538 = DIRECTION('',(-0.,1.,0.));
#5539 = DIRECTION('',(-1.,-0.,0.));
#5540 = DEFINITIONAL_REPRESENTATION('',(#5541),#5544);
#5541 = B_SPLINE_CURVE_WITH_KNOTS('',1,(#5542,#5543),.UNSPECIFIED.,.F.,
  .F.,(2,2),(4.712388980385,6.28318530718),.PIECEWISE_BEZIER_KNOTS.);
#5542 = CARTESIAN_POINT('',(-1.570796326795,5.5));
#5543 = CARTESIAN_POINT('',(0.,5.5));
#5544 = ( GEOMETRIC_REPRESENTATION_CONTEXT(2) 
PARAMETRIC_REPRESENTATION_CONTEXT() REPRESENTATION_CONTEXT('2D SPACE',''
  ) );
#5545 = ORIENTED_EDGE('',*,*,#2009,.F.);
#5546 = ORIENTED_EDGE('',*,*,#3725,.T.);
#5547 = ORIENTED_EDGE('',*,*,#2946,.F.);
#5548 = ADVANCED_FACE('',(#5549),#1997,.T.);
#5549 = FACE_BOUND('',#5550,.T.);
#5550 = EDGE_LOOP('',(#5551,#5577,#5600,#5619));
#5551 = ORIENTED_EDGE('',*,*,#5552,.F.);
#5552 = EDGE_CURVE('',#5553,#1933,#5555,.T.);
#5553 = VERTEX_POINT('',#5554);
#5554 = CARTESIAN_POINT('',(-65.38196601125,37.1,-3.));
#5555 = SURFACE_CURVE('',#5556,(#5560,#5566),.PCURVE_S1.);
#5556 = LINE('',#5557,#5558);
#5557 = CARTESIAN_POINT('',(-65.38196601125,35.6,-3.));
#5558 = VECTOR('',#5559,1.);
#5559 = DIRECTION('',(-0.,1.,0.));
#5560 = PCURVE('',#1997,#5561);
#5561 = DEFINITIONAL_REPRESENTATION('',(#5562),#5565);
#5562 = B_SPLINE_CURVE_WITH_KNOTS('',1,(#5563,#5564),.UNSPECIFIED.,.F.,
  .F.,(2,2),(1.4999994,5.5000006),.PIECEWISE_BEZIER_KNOTS.);
#5563 = CARTESIAN_POINT('',(1.61803398875,1.4999994));
#5564 = CARTESIAN_POINT('',(1.61803398875,5.5000006));
#5565 = ( GEOMETRIC_REPRESENTATION_CONTEXT(2) 
PARAMETRIC_REPRESENTATION_CONTEXT() REPRESENTATION_CONTEXT('2D SPACE',''
  ) );
#5566 = PCURVE('',#5567,#5572);
#5567 = CYLINDRICAL_SURFACE('',#5568,1.5);
#5568 = AXIS2_PLACEMENT_3D('',#5569,#5570,#5571);
#5569 = CARTESIAN_POINT('',(-66.5,35.6,-2.));
#5570 = DIRECTION('',(-0.,1.,0.));
#5571 = DIRECTION('',(1.,0.,-0.));
#5572 = DEFINITIONAL_REPRESENTATION('',(#5573),#5576);
#5573 = B_SPLINE_CURVE_WITH_KNOTS('',1,(#5574,#5575),.UNSPECIFIED.,.F.,
  .F.,(2,2),(1.4999994,5.5000006),.PIECEWISE_BEZIER_KNOTS.);
#5574 = CARTESIAN_POINT('',(0.729727656227,1.4999994));
#5575 = CARTESIAN_POINT('',(0.729727656227,5.5000006));
#5576 = ( GEOMETRIC_REPRESENTATION_CONTEXT(2) 
PARAMETRIC_REPRESENTATION_CONTEXT() REPRESENTATION_CONTEXT('2D SPACE',''
  ) );
#5577 = ORIENTED_EDGE('',*,*,#5578,.T.);
#5578 = EDGE_CURVE('',#5553,#5579,#5581,.T.);
#5579 = VERTEX_POINT('',#5580);
#5580 = CARTESIAN_POINT('',(-19.11803398875,37.1,-3.));
#5581 = SURFACE_CURVE('',#5582,(#5586,#5593),.PCURVE_S1.);
#5582 = LINE('',#5583,#5584);
#5583 = CARTESIAN_POINT('',(-67.,37.1,-3.));
#5584 = VECTOR('',#5585,1.);
#5585 = DIRECTION('',(1.,0.,-0.));
#5586 = PCURVE('',#1997,#5587);
#5587 = DEFINITIONAL_REPRESENTATION('',(#5588),#5592);
#5588 = LINE('',#5589,#5590);
#5589 = CARTESIAN_POINT('',(0.,1.5));
#5590 = VECTOR('',#5591,1.);
#5591 = DIRECTION('',(1.,0.));
#5592 = ( GEOMETRIC_REPRESENTATION_CONTEXT(2) 
PARAMETRIC_REPRESENTATION_CONTEXT() REPRESENTATION_CONTEXT('2D SPACE',''
  ) );
#5593 = PCURVE('',#5460,#5594);
#5594 = DEFINITIONAL_REPRESENTATION('',(#5595),#5599);
#5595 = LINE('',#5596,#5597);
#5596 = CARTESIAN_POINT('',(-1.570796326795,0.));
#5597 = VECTOR('',#5598,1.);
#5598 = DIRECTION('',(-0.,1.));
#5599 = ( GEOMETRIC_REPRESENTATION_CONTEXT(2) 
PARAMETRIC_REPRESENTATION_CONTEXT() REPRESENTATION_CONTEXT('2D SPACE',''
  ) );
#5600 = ORIENTED_EDGE('',*,*,#5601,.T.);
#5601 = EDGE_CURVE('',#5579,#1982,#5602,.T.);
#5602 = SURFACE_CURVE('',#5603,(#5607,#5613),.PCURVE_S1.);
#5603 = LINE('',#5604,#5605);
#5604 = CARTESIAN_POINT('',(-19.11803398875,35.6,-3.));
#5605 = VECTOR('',#5606,1.);
#5606 = DIRECTION('',(-0.,1.,0.));
#5607 = PCURVE('',#1997,#5608);
#5608 = DEFINITIONAL_REPRESENTATION('',(#5609),#5612);
#5609 = B_SPLINE_CURVE_WITH_KNOTS('',1,(#5610,#5611),.UNSPECIFIED.,.F.,
  .F.,(2,2),(1.4999994,5.5000006),.PIECEWISE_BEZIER_KNOTS.);
#5610 = CARTESIAN_POINT('',(47.88196601125,1.4999994));
#5611 = CARTESIAN_POINT('',(47.88196601125,5.5000006));
#5612 = ( GEOMETRIC_REPRESENTATION_CONTEXT(2) 
PARAMETRIC_REPRESENTATION_CONTEXT() REPRESENTATION_CONTEXT('2D SPACE',''
  ) );
#5613 = PCURVE('',#5535,#5614);
#5614 = DEFINITIONAL_REPRESENTATION('',(#5615),#5618);
#5615 = B_SPLINE_CURVE_WITH_KNOTS('',1,(#5616,#5617),.UNSPECIFIED.,.F.,
  .F.,(2,2),(1.4999994,5.5000006),.PIECEWISE_BEZIER_KNOTS.);
#5616 = CARTESIAN_POINT('',(-0.729727656227,1.4999994));
#5617 = CARTESIAN_POINT('',(-0.729727656227,5.5000006));
#5618 = ( GEOMETRIC_REPRESENTATION_CONTEXT(2) 
PARAMETRIC_REPRESENTATION_CONTEXT() REPRESENTATION_CONTEXT('2D SPACE',''
  ) );
#5619 = ORIENTED_EDGE('',*,*,#1981,.F.);
#5620 = ADVANCED_FACE('',(#5621),#1962,.T.);
#5621 = FACE_BOUND('',#5622,.T.);
#5622 = EDGE_LOOP('',(#5623,#5643,#5644,#5645,#5646));
#5623 = ORIENTED_EDGE('',*,*,#5624,.F.);
#5624 = EDGE_CURVE('',#1933,#2717,#5625,.T.);
#5625 = SURFACE_CURVE('',#5626,(#5631,#5637),.PCURVE_S1.);
#5626 = CIRCLE('',#5627,1.5);
#5627 = AXIS2_PLACEMENT_3D('',#5628,#5629,#5630);
#5628 = CARTESIAN_POINT('',(-66.5,41.1,-2.));
#5629 = DIRECTION('',(0.,-1.,0.));
#5630 = DIRECTION('',(1.,0.,0.));
#5631 = PCURVE('',#1962,#5632);
#5632 = DEFINITIONAL_REPRESENTATION('',(#5633),#5636);
#5633 = B_SPLINE_CURVE_WITH_KNOTS('',1,(#5634,#5635),.UNSPECIFIED.,.F.,
  .F.,(2,2),(4.712388980385,6.28318530718),.PIECEWISE_BEZIER_KNOTS.);
#5634 = CARTESIAN_POINT('',(0.,-1.570796326795));
#5635 = CARTESIAN_POINT('',(0.,0.));
#5636 = ( GEOMETRIC_REPRESENTATION_CONTEXT(2) 
PARAMETRIC_REPRESENTATION_CONTEXT() REPRESENTATION_CONTEXT('2D SPACE',''
  ) );
#5637 = PCURVE('',#5567,#5638);
#5638 = DEFINITIONAL_REPRESENTATION('',(#5639),#5642);
#5639 = B_SPLINE_CURVE_WITH_KNOTS('',1,(#5640,#5641),.UNSPECIFIED.,.F.,
  .F.,(2,2),(4.712388980385,6.28318530718),.PIECEWISE_BEZIER_KNOTS.);
#5640 = CARTESIAN_POINT('',(1.570796326795,5.5));
#5641 = CARTESIAN_POINT('',(0.,5.5));
#5642 = ( GEOMETRIC_REPRESENTATION_CONTEXT(2) 
PARAMETRIC_REPRESENTATION_CONTEXT() REPRESENTATION_CONTEXT('2D SPACE',''
  ) );
#5643 = ORIENTED_EDGE('',*,*,#1932,.T.);
#5644 = ORIENTED_EDGE('',*,*,#5217,.T.);
#5645 = ORIENTED_EDGE('',*,*,#2892,.T.);
#5646 = ORIENTED_EDGE('',*,*,#2746,.F.);
#5647 = ADVANCED_FACE('',(#5648),#2371,.T.);
#5648 = FACE_BOUND('',#5649,.T.);
#5649 = EDGE_LOOP('',(#5650,#5680,#5706,#5707));
#5650 = ORIENTED_EDGE('',*,*,#5651,.F.);
#5651 = EDGE_CURVE('',#5652,#5654,#5656,.T.);
#5652 = VERTEX_POINT('',#5653);
#5653 = CARTESIAN_POINT('',(35.,37.1,-5.5));
#5654 = VERTEX_POINT('',#5655);
#5655 = CARTESIAN_POINT('',(35.,37.1,-4.5));
#5656 = SURFACE_CURVE('',#5657,(#5661,#5668),.PCURVE_S1.);
#5657 = LINE('',#5658,#5659);
#5658 = CARTESIAN_POINT('',(35.,37.1,-7.));
#5659 = VECTOR('',#5660,1.);
#5660 = DIRECTION('',(0.,0.,1.));
#5661 = PCURVE('',#2371,#5662);
#5662 = DEFINITIONAL_REPRESENTATION('',(#5663),#5667);
#5663 = LINE('',#5664,#5665);
#5664 = CARTESIAN_POINT('',(0.,-1.5));
#5665 = VECTOR('',#5666,1.);
#5666 = DIRECTION('',(1.,0.));
#5667 = ( GEOMETRIC_REPRESENTATION_CONTEXT(2) 
PARAMETRIC_REPRESENTATION_CONTEXT() REPRESENTATION_CONTEXT('2D SPACE',''
  ) );
#5668 = PCURVE('',#5669,#5674);
#5669 = CYLINDRICAL_SURFACE('',#5670,1.5);
#5670 = AXIS2_PLACEMENT_3D('',#5671,#5672,#5673);
#5671 = CARTESIAN_POINT('',(33.5,37.1,-7.));
#5672 = DIRECTION('',(0.,0.,1.));
#5673 = DIRECTION('',(1.,0.,-0.));
#5674 = DEFINITIONAL_REPRESENTATION('',(#5675),#5679);
#5675 = LINE('',#5676,#5677);
#5676 = CARTESIAN_POINT('',(-0.,0.));
#5677 = VECTOR('',#5678,1.);
#5678 = DIRECTION('',(-0.,1.));
#5679 = ( GEOMETRIC_REPRESENTATION_CONTEXT(2) 
PARAMETRIC_REPRESENTATION_CONTEXT() REPRESENTATION_CONTEXT('2D SPACE',''
  ) );
#5680 = ORIENTED_EDGE('',*,*,#5681,.T.);
#5681 = EDGE_CURVE('',#5652,#2354,#5682,.T.);
#5682 = SURFACE_CURVE('',#5683,(#5687,#5694),.PCURVE_S1.);
#5683 = LINE('',#5684,#5685);
#5684 = CARTESIAN_POINT('',(35.,35.6,-5.5));
#5685 = VECTOR('',#5686,1.);
#5686 = DIRECTION('',(-0.,1.,0.));
#5687 = PCURVE('',#2371,#5688);
#5688 = DEFINITIONAL_REPRESENTATION('',(#5689),#5693);
#5689 = LINE('',#5690,#5691);
#5690 = CARTESIAN_POINT('',(1.5,0.));
#5691 = VECTOR('',#5692,1.);
#5692 = DIRECTION('',(0.,-1.));
#5693 = ( GEOMETRIC_REPRESENTATION_CONTEXT(2) 
PARAMETRIC_REPRESENTATION_CONTEXT() REPRESENTATION_CONTEXT('2D SPACE',''
  ) );
#5694 = PCURVE('',#5695,#5700);
#5695 = CYLINDRICAL_SURFACE('',#5696,1.5);
#5696 = AXIS2_PLACEMENT_3D('',#5697,#5698,#5699);
#5697 = CARTESIAN_POINT('',(33.5,35.6,-5.5));
#5698 = DIRECTION('',(-0.,1.,0.));
#5699 = DIRECTION('',(1.,0.,-0.));
#5700 = DEFINITIONAL_REPRESENTATION('',(#5701),#5705);
#5701 = LINE('',#5702,#5703);
#5702 = CARTESIAN_POINT('',(0.,0.));
#5703 = VECTOR('',#5704,1.);
#5704 = DIRECTION('',(0.,1.));
#5705 = ( GEOMETRIC_REPRESENTATION_CONTEXT(2) 
PARAMETRIC_REPRESENTATION_CONTEXT() REPRESENTATION_CONTEXT('2D SPACE',''
  ) );
#5706 = ORIENTED_EDGE('',*,*,#2353,.T.);
#5707 = ORIENTED_EDGE('',*,*,#5708,.F.);
#5708 = EDGE_CURVE('',#5654,#2356,#5709,.T.);
#5709 = SURFACE_CURVE('',#5710,(#5714,#5721),.PCURVE_S1.);
#5710 = LINE('',#5711,#5712);
#5711 = CARTESIAN_POINT('',(35.,35.6,-4.5));
#5712 = VECTOR('',#5713,1.);
#5713 = DIRECTION('',(-0.,1.,0.));
#5714 = PCURVE('',#2371,#5715);
#5715 = DEFINITIONAL_REPRESENTATION('',(#5716),#5720);
#5716 = LINE('',#5717,#5718);
#5717 = CARTESIAN_POINT('',(2.5,0.));
#5718 = VECTOR('',#5719,1.);
#5719 = DIRECTION('',(0.,-1.));
#5720 = ( GEOMETRIC_REPRESENTATION_CONTEXT(2) 
PARAMETRIC_REPRESENTATION_CONTEXT() REPRESENTATION_CONTEXT('2D SPACE',''
  ) );
#5721 = PCURVE('',#5371,#5722);
#5722 = DEFINITIONAL_REPRESENTATION('',(#5723),#5727);
#5723 = LINE('',#5724,#5725);
#5724 = CARTESIAN_POINT('',(-0.,0.));
#5725 = VECTOR('',#5726,1.);
#5726 = DIRECTION('',(-0.,1.));
#5727 = ( GEOMETRIC_REPRESENTATION_CONTEXT(2) 
PARAMETRIC_REPRESENTATION_CONTEXT() REPRESENTATION_CONTEXT('2D SPACE',''
  ) );
#5728 = ADVANCED_FACE('',(#5729),#2398,.T.);
#5729 = FACE_BOUND('',#5730,.T.);
#5730 = EDGE_LOOP('',(#5731,#5751,#5752));
#5731 = ORIENTED_EDGE('',*,*,#5732,.F.);
#5732 = EDGE_CURVE('',#2457,#2354,#5733,.T.);
#5733 = SURFACE_CURVE('',#5734,(#5739,#5745),.PCURVE_S1.);
#5734 = CIRCLE('',#5735,1.5);
#5735 = AXIS2_PLACEMENT_3D('',#5736,#5737,#5738);
#5736 = CARTESIAN_POINT('',(33.5,41.1,-5.5));
#5737 = DIRECTION('',(0.,-1.,0.));
#5738 = DIRECTION('',(1.,0.,0.));
#5739 = PCURVE('',#2398,#5740);
#5740 = DEFINITIONAL_REPRESENTATION('',(#5741),#5744);
#5741 = B_SPLINE_CURVE_WITH_KNOTS('',1,(#5742,#5743),.UNSPECIFIED.,.F.,
  .F.,(2,2),(4.712388980385,6.28318530718),.PIECEWISE_BEZIER_KNOTS.);
#5742 = CARTESIAN_POINT('',(0.,-1.570796326795));
#5743 = CARTESIAN_POINT('',(0.,0.));
#5744 = ( GEOMETRIC_REPRESENTATION_CONTEXT(2) 
PARAMETRIC_REPRESENTATION_CONTEXT() REPRESENTATION_CONTEXT('2D SPACE',''
  ) );
#5745 = PCURVE('',#5695,#5746);
#5746 = DEFINITIONAL_REPRESENTATION('',(#5747),#5750);
#5747 = B_SPLINE_CURVE_WITH_KNOTS('',1,(#5748,#5749),.UNSPECIFIED.,.F.,
  .F.,(2,2),(4.712388980385,6.28318530718),.PIECEWISE_BEZIER_KNOTS.);
#5748 = CARTESIAN_POINT('',(1.570796326795,5.5));
#5749 = CARTESIAN_POINT('',(0.,5.5));
#5750 = ( GEOMETRIC_REPRESENTATION_CONTEXT(2) 
PARAMETRIC_REPRESENTATION_CONTEXT() REPRESENTATION_CONTEXT('2D SPACE',''
  ) );
#5751 = ORIENTED_EDGE('',*,*,#2484,.T.);
#5752 = ORIENTED_EDGE('',*,*,#2383,.F.);
#5753 = ADVANCED_FACE('',(#5754),#2472,.F.);
#5754 = FACE_BOUND('',#5755,.F.);
#5755 = EDGE_LOOP('',(#5756,#5779,#5807,#5828));
#5756 = ORIENTED_EDGE('',*,*,#5757,.F.);
#5757 = EDGE_CURVE('',#5758,#2435,#5760,.T.);
#5758 = VERTEX_POINT('',#5759);
#5759 = CARTESIAN_POINT('',(-65.5,37.1,-7.));
#5760 = SURFACE_CURVE('',#5761,(#5765,#5772),.PCURVE_S1.);
#5761 = LINE('',#5762,#5763);
#5762 = CARTESIAN_POINT('',(-65.5,35.6,-7.));
#5763 = VECTOR('',#5764,1.);
#5764 = DIRECTION('',(-0.,1.,0.));
#5765 = PCURVE('',#2472,#5766);
#5766 = DEFINITIONAL_REPRESENTATION('',(#5767),#5771);
#5767 = LINE('',#5768,#5769);
#5768 = CARTESIAN_POINT('',(1.5,0.));
#5769 = VECTOR('',#5770,1.);
#5770 = DIRECTION('',(0.,1.));
#5771 = ( GEOMETRIC_REPRESENTATION_CONTEXT(2) 
PARAMETRIC_REPRESENTATION_CONTEXT() REPRESENTATION_CONTEXT('2D SPACE',''
  ) );
#5772 = PCURVE('',#5148,#5773);
#5773 = DEFINITIONAL_REPRESENTATION('',(#5774),#5778);
#5774 = LINE('',#5775,#5776);
#5775 = CARTESIAN_POINT('',(-1.570796326795,0.));
#5776 = VECTOR('',#5777,1.);
#5777 = DIRECTION('',(-0.,1.));
#5778 = ( GEOMETRIC_REPRESENTATION_CONTEXT(2) 
PARAMETRIC_REPRESENTATION_CONTEXT() REPRESENTATION_CONTEXT('2D SPACE',''
  ) );
#5779 = ORIENTED_EDGE('',*,*,#5780,.T.);
#5780 = EDGE_CURVE('',#5758,#5781,#5783,.T.);
#5781 = VERTEX_POINT('',#5782);
#5782 = CARTESIAN_POINT('',(33.5,37.1,-7.));
#5783 = SURFACE_CURVE('',#5784,(#5788,#5795),.PCURVE_S1.);
#5784 = LINE('',#5785,#5786);
#5785 = CARTESIAN_POINT('',(-67.,37.1,-7.));
#5786 = VECTOR('',#5787,1.);
#5787 = DIRECTION('',(1.,0.,-0.));
#5788 = PCURVE('',#2472,#5789);
#5789 = DEFINITIONAL_REPRESENTATION('',(#5790),#5794);
#5790 = LINE('',#5791,#5792);
#5791 = CARTESIAN_POINT('',(0.,1.5));
#5792 = VECTOR('',#5793,1.);
#5793 = DIRECTION('',(1.,0.));
#5794 = ( GEOMETRIC_REPRESENTATION_CONTEXT(2) 
PARAMETRIC_REPRESENTATION_CONTEXT() REPRESENTATION_CONTEXT('2D SPACE',''
  ) );
#5795 = PCURVE('',#5796,#5801);
#5796 = CYLINDRICAL_SURFACE('',#5797,1.5);
#5797 = AXIS2_PLACEMENT_3D('',#5798,#5799,#5800);
#5798 = CARTESIAN_POINT('',(-67.,37.1,-5.5));
#5799 = DIRECTION('',(1.,0.,-0.));
#5800 = DIRECTION('',(0.,-1.,0.));
#5801 = DEFINITIONAL_REPRESENTATION('',(#5802),#5806);
#5802 = LINE('',#5803,#5804);
#5803 = CARTESIAN_POINT('',(1.570796326795,0.));
#5804 = VECTOR('',#5805,1.);
#5805 = DIRECTION('',(0.,1.));
#5806 = ( GEOMETRIC_REPRESENTATION_CONTEXT(2) 
PARAMETRIC_REPRESENTATION_CONTEXT() REPRESENTATION_CONTEXT('2D SPACE',''
  ) );
#5807 = ORIENTED_EDGE('',*,*,#5808,.T.);
#5808 = EDGE_CURVE('',#5781,#2457,#5809,.T.);
#5809 = SURFACE_CURVE('',#5810,(#5814,#5821),.PCURVE_S1.);
#5810 = LINE('',#5811,#5812);
#5811 = CARTESIAN_POINT('',(33.5,35.6,-7.));
#5812 = VECTOR('',#5813,1.);
#5813 = DIRECTION('',(-0.,1.,0.));
#5814 = PCURVE('',#2472,#5815);
#5815 = DEFINITIONAL_REPRESENTATION('',(#5816),#5820);
#5816 = LINE('',#5817,#5818);
#5817 = CARTESIAN_POINT('',(100.5,0.));
#5818 = VECTOR('',#5819,1.);
#5819 = DIRECTION('',(0.,1.));
#5820 = ( GEOMETRIC_REPRESENTATION_CONTEXT(2) 
PARAMETRIC_REPRESENTATION_CONTEXT() REPRESENTATION_CONTEXT('2D SPACE',''
  ) );
#5821 = PCURVE('',#5695,#5822);
#5822 = DEFINITIONAL_REPRESENTATION('',(#5823),#5827);
#5823 = LINE('',#5824,#5825);
#5824 = CARTESIAN_POINT('',(1.570796326795,0.));
#5825 = VECTOR('',#5826,1.);
#5826 = DIRECTION('',(0.,1.));
#5827 = ( GEOMETRIC_REPRESENTATION_CONTEXT(2) 
PARAMETRIC_REPRESENTATION_CONTEXT() REPRESENTATION_CONTEXT('2D SPACE',''
  ) );
#5828 = ORIENTED_EDGE('',*,*,#2456,.F.);
#5829 = ADVANCED_FACE('',(#5830),#2526,.F.);
#5830 = FACE_BOUND('',#5831,.F.);
#5831 = EDGE_LOOP('',(#5832,#5862,#5888,#5889));
#5832 = ORIENTED_EDGE('',*,*,#5833,.F.);
#5833 = EDGE_CURVE('',#5834,#5836,#5838,.T.);
#5834 = VERTEX_POINT('',#5835);
#5835 = CARTESIAN_POINT('',(-69.,37.1,-2.));
#5836 = VERTEX_POINT('',#5837);
#5837 = CARTESIAN_POINT('',(-69.,37.1,29.4));
#5838 = SURFACE_CURVE('',#5839,(#5843,#5850),.PCURVE_S1.);
#5839 = LINE('',#5840,#5841);
#5840 = CARTESIAN_POINT('',(-69.,37.1,-3.5));
#5841 = VECTOR('',#5842,1.);
#5842 = DIRECTION('',(0.,0.,1.));
#5843 = PCURVE('',#2526,#5844);
#5844 = DEFINITIONAL_REPRESENTATION('',(#5845),#5849);
#5845 = LINE('',#5846,#5847);
#5846 = CARTESIAN_POINT('',(0.,-1.5));
#5847 = VECTOR('',#5848,1.);
#5848 = DIRECTION('',(1.,0.));
#5849 = ( GEOMETRIC_REPRESENTATION_CONTEXT(2) 
PARAMETRIC_REPRESENTATION_CONTEXT() REPRESENTATION_CONTEXT('2D SPACE',''
  ) );
#5850 = PCURVE('',#5851,#5856);
#5851 = CYLINDRICAL_SURFACE('',#5852,1.5);
#5852 = AXIS2_PLACEMENT_3D('',#5853,#5854,#5855);
#5853 = CARTESIAN_POINT('',(-67.5,37.1,-3.5));
#5854 = DIRECTION('',(0.,0.,1.));
#5855 = DIRECTION('',(-1.,-0.,0.));
#5856 = DEFINITIONAL_REPRESENTATION('',(#5857),#5861);
#5857 = LINE('',#5858,#5859);
#5858 = CARTESIAN_POINT('',(0.,0.));
#5859 = VECTOR('',#5860,1.);
#5860 = DIRECTION('',(0.,1.));
#5861 = ( GEOMETRIC_REPRESENTATION_CONTEXT(2) 
PARAMETRIC_REPRESENTATION_CONTEXT() REPRESENTATION_CONTEXT('2D SPACE',''
  ) );
#5862 = ORIENTED_EDGE('',*,*,#5863,.T.);
#5863 = EDGE_CURVE('',#5834,#2509,#5864,.T.);
#5864 = SURFACE_CURVE('',#5865,(#5869,#5876),.PCURVE_S1.);
#5865 = LINE('',#5866,#5867);
#5866 = CARTESIAN_POINT('',(-69.,35.6,-2.));
#5867 = VECTOR('',#5868,1.);
#5868 = DIRECTION('',(-0.,1.,0.));
#5869 = PCURVE('',#2526,#5870);
#5870 = DEFINITIONAL_REPRESENTATION('',(#5871),#5875);
#5871 = LINE('',#5872,#5873);
#5872 = CARTESIAN_POINT('',(1.5,0.));
#5873 = VECTOR('',#5874,1.);
#5874 = DIRECTION('',(0.,-1.));
#5875 = ( GEOMETRIC_REPRESENTATION_CONTEXT(2) 
PARAMETRIC_REPRESENTATION_CONTEXT() REPRESENTATION_CONTEXT('2D SPACE',''
  ) );
#5876 = PCURVE('',#5877,#5882);
#5877 = CYLINDRICAL_SURFACE('',#5878,1.5);
#5878 = AXIS2_PLACEMENT_3D('',#5879,#5880,#5881);
#5879 = CARTESIAN_POINT('',(-67.5,35.6,-2.));
#5880 = DIRECTION('',(-0.,1.,0.));
#5881 = DIRECTION('',(-1.,-0.,0.));
#5882 = DEFINITIONAL_REPRESENTATION('',(#5883),#5887);
#5883 = LINE('',#5884,#5885);
#5884 = CARTESIAN_POINT('',(-0.,0.));
#5885 = VECTOR('',#5886,1.);
#5886 = DIRECTION('',(-0.,1.));
#5887 = ( GEOMETRIC_REPRESENTATION_CONTEXT(2) 
PARAMETRIC_REPRESENTATION_CONTEXT() REPRESENTATION_CONTEXT('2D SPACE',''
  ) );
#5888 = ORIENTED_EDGE('',*,*,#2508,.T.);
#5889 = ORIENTED_EDGE('',*,*,#5890,.F.);
#5890 = EDGE_CURVE('',#5836,#2511,#5891,.T.);
#5891 = SURFACE_CURVE('',#5892,(#5896,#5903),.PCURVE_S1.);
#5892 = LINE('',#5893,#5894);
#5893 = CARTESIAN_POINT('',(-69.,35.6,29.4));
#5894 = VECTOR('',#5895,1.);
#5895 = DIRECTION('',(-0.,1.,0.));
#5896 = PCURVE('',#2526,#5897);
#5897 = DEFINITIONAL_REPRESENTATION('',(#5898),#5902);
#5898 = LINE('',#5899,#5900);
#5899 = CARTESIAN_POINT('',(32.9,0.));
#5900 = VECTOR('',#5901,1.);
#5901 = DIRECTION('',(0.,-1.));
#5902 = ( GEOMETRIC_REPRESENTATION_CONTEXT(2) 
PARAMETRIC_REPRESENTATION_CONTEXT() REPRESENTATION_CONTEXT('2D SPACE',''
  ) );
#5903 = PCURVE('',#5904,#5909);
#5904 = CYLINDRICAL_SURFACE('',#5905,1.5);
#5905 = AXIS2_PLACEMENT_3D('',#5906,#5907,#5908);
#5906 = CARTESIAN_POINT('',(-67.5,35.6,29.4));
#5907 = DIRECTION('',(-0.,1.,0.));
#5908 = DIRECTION('',(-1.,-0.,0.));
#5909 = DEFINITIONAL_REPRESENTATION('',(#5910),#5914);
#5910 = LINE('',#5911,#5912);
#5911 = CARTESIAN_POINT('',(0.,0.));
#5912 = VECTOR('',#5913,1.);
#5913 = DIRECTION('',(0.,1.));
#5914 = ( GEOMETRIC_REPRESENTATION_CONTEXT(2) 
PARAMETRIC_REPRESENTATION_CONTEXT() REPRESENTATION_CONTEXT('2D SPACE',''
  ) );
#5915 = ADVANCED_FACE('',(#5916),#2553,.T.);
#5916 = FACE_BOUND('',#5917,.F.);
#5917 = EDGE_LOOP('',(#5918,#5938,#5939));
#5918 = ORIENTED_EDGE('',*,*,#5919,.F.);
#5919 = EDGE_CURVE('',#2793,#2509,#5920,.T.);
#5920 = SURFACE_CURVE('',#5921,(#5926,#5932),.PCURVE_S1.);
#5921 = CIRCLE('',#5922,1.5);
#5922 = AXIS2_PLACEMENT_3D('',#5923,#5924,#5925);
#5923 = CARTESIAN_POINT('',(-67.5,41.1,-2.));
#5924 = DIRECTION('',(0.,1.,-0.));
#5925 = DIRECTION('',(-1.,0.,0.));
#5926 = PCURVE('',#2553,#5927);
#5927 = DEFINITIONAL_REPRESENTATION('',(#5928),#5931);
#5928 = B_SPLINE_CURVE_WITH_KNOTS('',1,(#5929,#5930),.UNSPECIFIED.,.F.,
  .F.,(2,2),(4.712388980385,6.28318530718),.PIECEWISE_BEZIER_KNOTS.);
#5929 = CARTESIAN_POINT('',(0.,-1.570796326795));
#5930 = CARTESIAN_POINT('',(0.,0.));
#5931 = ( GEOMETRIC_REPRESENTATION_CONTEXT(2) 
PARAMETRIC_REPRESENTATION_CONTEXT() REPRESENTATION_CONTEXT('2D SPACE',''
  ) );
#5932 = PCURVE('',#5877,#5933);
#5933 = DEFINITIONAL_REPRESENTATION('',(#5934),#5937);
#5934 = B_SPLINE_CURVE_WITH_KNOTS('',1,(#5935,#5936),.UNSPECIFIED.,.F.,
  .F.,(2,2),(4.712388980385,6.28318530718),.PIECEWISE_BEZIER_KNOTS.);
#5935 = CARTESIAN_POINT('',(-1.570796326795,5.5));
#5936 = CARTESIAN_POINT('',(0.,5.5));
#5937 = ( GEOMETRIC_REPRESENTATION_CONTEXT(2) 
PARAMETRIC_REPRESENTATION_CONTEXT() REPRESENTATION_CONTEXT('2D SPACE',''
  ) );
#5938 = ORIENTED_EDGE('',*,*,#2792,.T.);
#5939 = ORIENTED_EDGE('',*,*,#2538,.F.);
#5940 = ADVANCED_FACE('',(#5941),#2580,.T.);
#5941 = FACE_BOUND('',#5942,.F.);
#5942 = EDGE_LOOP('',(#5943,#5944,#5945));
#5943 = ORIENTED_EDGE('',*,*,#2566,.F.);
#5944 = ORIENTED_EDGE('',*,*,#2595,.T.);
#5945 = ORIENTED_EDGE('',*,*,#5946,.F.);
#5946 = EDGE_CURVE('',#2511,#2596,#5947,.T.);
#5947 = SURFACE_CURVE('',#5948,(#5953,#5960),.PCURVE_S1.);
#5948 = CIRCLE('',#5949,1.5);
#5949 = AXIS2_PLACEMENT_3D('',#5950,#5951,#5952);
#5950 = CARTESIAN_POINT('',(-67.5,41.1,29.4));
#5951 = DIRECTION('',(-0.,1.,0.));
#5952 = DIRECTION('',(-1.,-0.,0.));
#5953 = PCURVE('',#2580,#5954);
#5954 = DEFINITIONAL_REPRESENTATION('',(#5955),#5959);
#5955 = LINE('',#5956,#5957);
#5956 = CARTESIAN_POINT('',(-0.,0.));
#5957 = VECTOR('',#5958,1.);
#5958 = DIRECTION('',(-1.,0.));
#5959 = ( GEOMETRIC_REPRESENTATION_CONTEXT(2) 
PARAMETRIC_REPRESENTATION_CONTEXT() REPRESENTATION_CONTEXT('2D SPACE',''
  ) );
#5960 = PCURVE('',#5904,#5961);
#5961 = DEFINITIONAL_REPRESENTATION('',(#5962),#5966);
#5962 = LINE('',#5963,#5964);
#5963 = CARTESIAN_POINT('',(0.,5.5));
#5964 = VECTOR('',#5965,1.);
#5965 = DIRECTION('',(1.,0.));
#5966 = ( GEOMETRIC_REPRESENTATION_CONTEXT(2) 
PARAMETRIC_REPRESENTATION_CONTEXT() REPRESENTATION_CONTEXT('2D SPACE',''
  ) );
#5967 = ADVANCED_FACE('',(#5968),#2702,.T.);
#5968 = FACE_BOUND('',#5969,.T.);
#5969 = EDGE_LOOP('',(#5970,#5971,#5972,#6027,#6028));
#5970 = ORIENTED_EDGE('',*,*,#2769,.F.);
#5971 = ORIENTED_EDGE('',*,*,#2688,.T.);
#5972 = ORIENTED_EDGE('',*,*,#5973,.T.);
#5973 = EDGE_CURVE('',#2646,#4012,#5974,.T.);
#5974 = SURFACE_CURVE('',#5975,(#5980,#6000),.PCURVE_S1.);
#5975 = CIRCLE('',#5976,0.661437827766);
#5976 = AXIS2_PLACEMENT_3D('',#5977,#5978,#5979);
#5977 = CARTESIAN_POINT('',(-66.,41.1,30.65));
#5978 = DIRECTION('',(-0.371390676354,0.,-0.928476690885));
#5979 = DIRECTION('',(0.928476690885,0.,-0.371390676354));
#5980 = PCURVE('',#2702,#5981);
#5981 = DEFINITIONAL_REPRESENTATION('',(#5982),#5999);
#5982 = B_SPLINE_CURVE_WITH_KNOTS('',8,(#5983,#5984,#5985,#5986,#5987,
    #5988,#5989,#5990,#5991,#5992,#5993,#5994,#5995,#5996,#5997,#5998),
  .UNSPECIFIED.,.F.,.F.,(9,7,9),(3.761107260273,4.712388980386,
    5.663670700498),.UNSPECIFIED.);
#5983 = CARTESIAN_POINT('',(1.570796326794,-0.258921542007));
#5984 = CARTESIAN_POINT('',(1.541553579065,-0.303083687186));
#5985 = CARTESIAN_POINT('',(1.505957157328,-0.343556125745));
#5986 = CARTESIAN_POINT('',(1.464151391267,-0.379345358532));
#5987 = CARTESIAN_POINT('',(1.416502250961,-0.409440920888));
#5988 = CARTESIAN_POINT('',(1.363688977751,-0.432849419132));
#5989 = CARTESIAN_POINT('',(1.307131592079,-0.448726994615));
#5990 = CARTESIAN_POINT('',(1.248710976436,-0.456666385207));
#5991 = CARTESIAN_POINT('',(1.131868922928,-0.456666385207));
#5992 = CARTESIAN_POINT('',(1.073448307284,-0.448726994614));
#5993 = CARTESIAN_POINT('',(1.016890921608,-0.432849419133));
#5994 = CARTESIAN_POINT('',(0.964077648401,-0.409440920887));
#5995 = CARTESIAN_POINT('',(0.916428508093,-0.379345358532));
#5996 = CARTESIAN_POINT('',(0.874622742035,-0.343556125744));
#5997 = CARTESIAN_POINT('',(0.8390263203,-0.303083687186));
#5998 = CARTESIAN_POINT('',(0.80978357257,-0.258921542006));
#5999 = ( GEOMETRIC_REPRESENTATION_CONTEXT(2) 
PARAMETRIC_REPRESENTATION_CONTEXT() REPRESENTATION_CONTEXT('2D SPACE',''
  ) );
#6000 = PCURVE('',#2671,#6001);
#6001 = DEFINITIONAL_REPRESENTATION('',(#6002),#6026);
#6002 = B_SPLINE_CURVE_WITH_KNOTS('',8,(#6003,#6004,#6005,#6006,#6007,
    #6008,#6009,#6010,#6011,#6012,#6013,#6014,#6015,#6016,#6017,#6018,
    #6019,#6020,#6021,#6022,#6023,#6024,#6025),.UNSPECIFIED.,.F.,.F.,(9,
    7,7,9),(3.761107260273,4.712388980386,5.188029840442,5.663670700498)
  ,.UNSPECIFIED.);
#6003 = CARTESIAN_POINT('',(-0.366687565453,-0.775397496611));
#6004 = CARTESIAN_POINT('',(-0.436683122355,-0.79123073768));
#6005 = CARTESIAN_POINT('',(-0.506457233988,-0.810361873314));
#6006 = CARTESIAN_POINT('',(-0.57599722423,-0.832660510426));
#6007 = CARTESIAN_POINT('',(-0.645324784584,-0.857962521437));
#6008 = CARTESIAN_POINT('',(-0.714525328814,-0.886076241898));
#6009 = CARTESIAN_POINT('',(-0.783750699887,-0.916790693847));
#6010 = CARTESIAN_POINT('',(-0.85325352054,-0.949881578682));
#6011 = CARTESIAN_POINT('',(-0.9586404579,-1.002725385666));
#6012 = CARTESIAN_POINT('',(-0.993958535559,-1.020874556428));
#6013 = CARTESIAN_POINT('',(-1.029524539304,-1.039528570936));
#6014 = CARTESIAN_POINT('',(-1.065414860018,-1.058656708065));
#6015 = CARTESIAN_POINT('',(-1.101722983274,-1.078227421082));
#6016 = CARTESIAN_POINT('',(-1.138568290086,-1.098208105587));
#6017 = CARTESIAN_POINT('',(-1.17611412706,-1.118564464569));
#6018 = CARTESIAN_POINT('',(-1.253076164811,-1.159954476537));
#6019 = CARTESIAN_POINT('',(-1.292492845444,-1.180988108161));
#6020 = CARTESIAN_POINT('',(-1.333079979097,-1.202323348792));
#6021 = CARTESIAN_POINT('',(-1.375155922383,-1.223919871878));
#6022 = CARTESIAN_POINT('',(-1.419132329222,-1.245734023182));
#6023 = CARTESIAN_POINT('',(-1.46565023887,-1.267712651581));
#6024 = CARTESIAN_POINT('',(-1.515593645321,-1.289793712199));
#6025 = CARTESIAN_POINT('',(-1.570796326795,-1.311874784789));
#6026 = ( GEOMETRIC_REPRESENTATION_CONTEXT(2) 
PARAMETRIC_REPRESENTATION_CONTEXT() REPRESENTATION_CONTEXT('2D SPACE',''
  ) );
#6027 = ORIENTED_EDGE('',*,*,#4033,.F.);
#6028 = ORIENTED_EDGE('',*,*,#6029,.F.);
#6029 = EDGE_CURVE('',#2719,#4034,#6030,.T.);
#6030 = SURFACE_CURVE('',#6031,(#6036,#6043),.PCURVE_S1.);
#6031 = CIRCLE('',#6032,1.5);
#6032 = AXIS2_PLACEMENT_3D('',#6033,#6034,#6035);
#6033 = CARTESIAN_POINT('',(-66.5,41.1,29.4));
#6034 = DIRECTION('',(0.,-1.,-0.));
#6035 = DIRECTION('',(1.,0.,0.));
#6036 = PCURVE('',#2702,#6037);
#6037 = DEFINITIONAL_REPRESENTATION('',(#6038),#6042);
#6038 = LINE('',#6039,#6040);
#6039 = CARTESIAN_POINT('',(0.,0.));
#6040 = VECTOR('',#6041,1.);
#6041 = DIRECTION('',(1.,0.));
#6042 = ( GEOMETRIC_REPRESENTATION_CONTEXT(2) 
PARAMETRIC_REPRESENTATION_CONTEXT() REPRESENTATION_CONTEXT('2D SPACE',''
  ) );
#6043 = PCURVE('',#6044,#6049);
#6044 = CYLINDRICAL_SURFACE('',#6045,1.5);
#6045 = AXIS2_PLACEMENT_3D('',#6046,#6047,#6048);
#6046 = CARTESIAN_POINT('',(-66.5,35.6,29.4));
#6047 = DIRECTION('',(-0.,1.,0.));
#6048 = DIRECTION('',(1.,0.,-0.));
#6049 = DEFINITIONAL_REPRESENTATION('',(#6050),#6054);
#6050 = LINE('',#6051,#6052);
#6051 = CARTESIAN_POINT('',(-0.,5.5));
#6052 = VECTOR('',#6053,1.);
#6053 = DIRECTION('',(-1.,0.));
#6054 = ( GEOMETRIC_REPRESENTATION_CONTEXT(2) 
PARAMETRIC_REPRESENTATION_CONTEXT() REPRESENTATION_CONTEXT('2D SPACE',''
  ) );
#6055 = ADVANCED_FACE('',(#6056),#2671,.T.);
#6056 = FACE_BOUND('',#6057,.F.);
#6057 = EDGE_LOOP('',(#6058,#6083,#6084,#6085,#6086));
#6058 = ORIENTED_EDGE('',*,*,#6059,.F.);
#6059 = EDGE_CURVE('',#2618,#3771,#6060,.T.);
#6060 = SURFACE_CURVE('',#6061,(#6066,#6072),.PCURVE_S1.);
#6061 = CIRCLE('',#6062,1.5);
#6062 = AXIS2_PLACEMENT_3D('',#6063,#6064,#6065);
#6063 = CARTESIAN_POINT('',(-65.5,41.1,31.9));
#6064 = DIRECTION('',(0.,1.,-0.));
#6065 = DIRECTION('',(-1.,0.,0.));
#6066 = PCURVE('',#2671,#6067);
#6067 = DEFINITIONAL_REPRESENTATION('',(#6068),#6071);
#6068 = B_SPLINE_CURVE_WITH_KNOTS('',1,(#6069,#6070),.UNSPECIFIED.,.F.,
  .F.,(2,2),(4.712388980385,6.28318530718),.PIECEWISE_BEZIER_KNOTS.);
#6069 = CARTESIAN_POINT('',(0.,-1.570796326795));
#6070 = CARTESIAN_POINT('',(0.,0.));
#6071 = ( GEOMETRIC_REPRESENTATION_CONTEXT(2) 
PARAMETRIC_REPRESENTATION_CONTEXT() REPRESENTATION_CONTEXT('2D SPACE',''
  ) );
#6072 = PCURVE('',#6073,#6078);
#6073 = CYLINDRICAL_SURFACE('',#6074,1.5);
#6074 = AXIS2_PLACEMENT_3D('',#6075,#6076,#6077);
#6075 = CARTESIAN_POINT('',(-65.5,35.6,31.9));
#6076 = DIRECTION('',(-0.,1.,0.));
#6077 = DIRECTION('',(-1.,-0.,0.));
#6078 = DEFINITIONAL_REPRESENTATION('',(#6079),#6082);
#6079 = B_SPLINE_CURVE_WITH_KNOTS('',1,(#6080,#6081),.UNSPECIFIED.,.F.,
  .F.,(2,2),(4.712388980385,6.28318530718),.PIECEWISE_BEZIER_KNOTS.);
#6080 = CARTESIAN_POINT('',(-1.570796326795,5.5));
#6081 = CARTESIAN_POINT('',(0.,5.5));
#6082 = ( GEOMETRIC_REPRESENTATION_CONTEXT(2) 
PARAMETRIC_REPRESENTATION_CONTEXT() REPRESENTATION_CONTEXT('2D SPACE',''
  ) );
#6083 = ORIENTED_EDGE('',*,*,#2645,.F.);
#6084 = ORIENTED_EDGE('',*,*,#5973,.T.);
#6085 = ORIENTED_EDGE('',*,*,#4011,.T.);
#6086 = ORIENTED_EDGE('',*,*,#3800,.F.);
#6087 = ADVANCED_FACE('',(#6088),#2633,.T.);
#6088 = FACE_BOUND('',#6089,.T.);
#6089 = EDGE_LOOP('',(#6090,#6113,#6141,#6160));
#6090 = ORIENTED_EDGE('',*,*,#6091,.F.);
#6091 = EDGE_CURVE('',#6092,#2596,#6094,.T.);
#6092 = VERTEX_POINT('',#6093);
#6093 = CARTESIAN_POINT('',(-67.5,37.1,30.9));
#6094 = SURFACE_CURVE('',#6095,(#6099,#6106),.PCURVE_S1.);
#6095 = LINE('',#6096,#6097);
#6096 = CARTESIAN_POINT('',(-67.5,35.6,30.9));
#6097 = VECTOR('',#6098,1.);
#6098 = DIRECTION('',(-0.,1.,0.));
#6099 = PCURVE('',#2633,#6100);
#6100 = DEFINITIONAL_REPRESENTATION('',(#6101),#6105);
#6101 = LINE('',#6102,#6103);
#6102 = CARTESIAN_POINT('',(1.5,0.));
#6103 = VECTOR('',#6104,1.);
#6104 = DIRECTION('',(0.,1.));
#6105 = ( GEOMETRIC_REPRESENTATION_CONTEXT(2) 
PARAMETRIC_REPRESENTATION_CONTEXT() REPRESENTATION_CONTEXT('2D SPACE',''
  ) );
#6106 = PCURVE('',#5904,#6107);
#6107 = DEFINITIONAL_REPRESENTATION('',(#6108),#6112);
#6108 = LINE('',#6109,#6110);
#6109 = CARTESIAN_POINT('',(1.570796326795,0.));
#6110 = VECTOR('',#6111,1.);
#6111 = DIRECTION('',(0.,1.));
#6112 = ( GEOMETRIC_REPRESENTATION_CONTEXT(2) 
PARAMETRIC_REPRESENTATION_CONTEXT() REPRESENTATION_CONTEXT('2D SPACE',''
  ) );
#6113 = ORIENTED_EDGE('',*,*,#6114,.T.);
#6114 = EDGE_CURVE('',#6092,#6115,#6117,.T.);
#6115 = VERTEX_POINT('',#6116);
#6116 = CARTESIAN_POINT('',(-66.61803398875,37.1,30.9));
#6117 = SURFACE_CURVE('',#6118,(#6122,#6129),.PCURVE_S1.);
#6118 = LINE('',#6119,#6120);
#6119 = CARTESIAN_POINT('',(-69.,37.1,30.9));
#6120 = VECTOR('',#6121,1.);
#6121 = DIRECTION('',(1.,0.,-0.));
#6122 = PCURVE('',#2633,#6123);
#6123 = DEFINITIONAL_REPRESENTATION('',(#6124),#6128);
#6124 = LINE('',#6125,#6126);
#6125 = CARTESIAN_POINT('',(0.,1.5));
#6126 = VECTOR('',#6127,1.);
#6127 = DIRECTION('',(1.,0.));
#6128 = ( GEOMETRIC_REPRESENTATION_CONTEXT(2) 
PARAMETRIC_REPRESENTATION_CONTEXT() REPRESENTATION_CONTEXT('2D SPACE',''
  ) );
#6129 = PCURVE('',#6130,#6135);
#6130 = CYLINDRICAL_SURFACE('',#6131,1.5);
#6131 = AXIS2_PLACEMENT_3D('',#6132,#6133,#6134);
#6132 = CARTESIAN_POINT('',(-69.,37.1,29.4));
#6133 = DIRECTION('',(1.,0.,-0.));
#6134 = DIRECTION('',(0.,-1.,0.));
#6135 = DEFINITIONAL_REPRESENTATION('',(#6136),#6140);
#6136 = LINE('',#6137,#6138);
#6137 = CARTESIAN_POINT('',(-1.570796326795,0.));
#6138 = VECTOR('',#6139,1.);
#6139 = DIRECTION('',(-0.,1.));
#6140 = ( GEOMETRIC_REPRESENTATION_CONTEXT(2) 
PARAMETRIC_REPRESENTATION_CONTEXT() REPRESENTATION_CONTEXT('2D SPACE',''
  ) );
#6141 = ORIENTED_EDGE('',*,*,#6142,.T.);
#6142 = EDGE_CURVE('',#6115,#2618,#6143,.T.);
#6143 = SURFACE_CURVE('',#6144,(#6148,#6154),.PCURVE_S1.);
#6144 = LINE('',#6145,#6146);
#6145 = CARTESIAN_POINT('',(-66.61803398875,35.6,30.9));
#6146 = VECTOR('',#6147,1.);
#6147 = DIRECTION('',(-0.,1.,0.));
#6148 = PCURVE('',#2633,#6149);
#6149 = DEFINITIONAL_REPRESENTATION('',(#6150),#6153);
#6150 = B_SPLINE_CURVE_WITH_KNOTS('',1,(#6151,#6152),.UNSPECIFIED.,.F.,
  .F.,(2,2),(1.4999994,5.5000006),.PIECEWISE_BEZIER_KNOTS.);
#6151 = CARTESIAN_POINT('',(2.38196601125,1.4999994));
#6152 = CARTESIAN_POINT('',(2.38196601125,5.5000006));
#6153 = ( GEOMETRIC_REPRESENTATION_CONTEXT(2) 
PARAMETRIC_REPRESENTATION_CONTEXT() REPRESENTATION_CONTEXT('2D SPACE',''
  ) );
#6154 = PCURVE('',#6073,#6155);
#6155 = DEFINITIONAL_REPRESENTATION('',(#6156),#6159);
#6156 = B_SPLINE_CURVE_WITH_KNOTS('',1,(#6157,#6158),.UNSPECIFIED.,.F.,
  .F.,(2,2),(1.4999994,5.5000006),.PIECEWISE_BEZIER_KNOTS.);
#6157 = CARTESIAN_POINT('',(-0.729727656227,1.4999994));
#6158 = CARTESIAN_POINT('',(-0.729727656227,5.5000006));
#6159 = ( GEOMETRIC_REPRESENTATION_CONTEXT(2) 
PARAMETRIC_REPRESENTATION_CONTEXT() REPRESENTATION_CONTEXT('2D SPACE',''
  ) );
#6160 = ORIENTED_EDGE('',*,*,#2617,.F.);
#6161 = ADVANCED_FACE('',(#6162),#2734,.T.);
#6162 = FACE_BOUND('',#6163,.T.);
#6163 = EDGE_LOOP('',(#6164,#6194,#6215,#6216));
#6164 = ORIENTED_EDGE('',*,*,#6165,.F.);
#6165 = EDGE_CURVE('',#6166,#6168,#6170,.T.);
#6166 = VERTEX_POINT('',#6167);
#6167 = CARTESIAN_POINT('',(-65.,37.1,-2.));
#6168 = VERTEX_POINT('',#6169);
#6169 = CARTESIAN_POINT('',(-65.,37.1,29.4));
#6170 = SURFACE_CURVE('',#6171,(#6175,#6182),.PCURVE_S1.);
#6171 = LINE('',#6172,#6173);
#6172 = CARTESIAN_POINT('',(-65.,37.1,-3.5));
#6173 = VECTOR('',#6174,1.);
#6174 = DIRECTION('',(0.,0.,1.));
#6175 = PCURVE('',#2734,#6176);
#6176 = DEFINITIONAL_REPRESENTATION('',(#6177),#6181);
#6177 = LINE('',#6178,#6179);
#6178 = CARTESIAN_POINT('',(0.,-1.5));
#6179 = VECTOR('',#6180,1.);
#6180 = DIRECTION('',(1.,0.));
#6181 = ( GEOMETRIC_REPRESENTATION_CONTEXT(2) 
PARAMETRIC_REPRESENTATION_CONTEXT() REPRESENTATION_CONTEXT('2D SPACE',''
  ) );
#6182 = PCURVE('',#6183,#6188);
#6183 = CYLINDRICAL_SURFACE('',#6184,1.5);
#6184 = AXIS2_PLACEMENT_3D('',#6185,#6186,#6187);
#6185 = CARTESIAN_POINT('',(-66.5,37.1,-3.5));
#6186 = DIRECTION('',(0.,0.,1.));
#6187 = DIRECTION('',(1.,0.,-0.));
#6188 = DEFINITIONAL_REPRESENTATION('',(#6189),#6193);
#6189 = LINE('',#6190,#6191);
#6190 = CARTESIAN_POINT('',(-0.,0.));
#6191 = VECTOR('',#6192,1.);
#6192 = DIRECTION('',(-0.,1.));
#6193 = ( GEOMETRIC_REPRESENTATION_CONTEXT(2) 
PARAMETRIC_REPRESENTATION_CONTEXT() REPRESENTATION_CONTEXT('2D SPACE',''
  ) );
#6194 = ORIENTED_EDGE('',*,*,#6195,.T.);
#6195 = EDGE_CURVE('',#6166,#2717,#6196,.T.);
#6196 = SURFACE_CURVE('',#6197,(#6201,#6208),.PCURVE_S1.);
#6197 = LINE('',#6198,#6199);
#6198 = CARTESIAN_POINT('',(-65.,35.6,-2.));
#6199 = VECTOR('',#6200,1.);
#6200 = DIRECTION('',(-0.,1.,0.));
#6201 = PCURVE('',#2734,#6202);
#6202 = DEFINITIONAL_REPRESENTATION('',(#6203),#6207);
#6203 = LINE('',#6204,#6205);
#6204 = CARTESIAN_POINT('',(1.5,0.));
#6205 = VECTOR('',#6206,1.);
#6206 = DIRECTION('',(0.,-1.));
#6207 = ( GEOMETRIC_REPRESENTATION_CONTEXT(2) 
PARAMETRIC_REPRESENTATION_CONTEXT() REPRESENTATION_CONTEXT('2D SPACE',''
  ) );
#6208 = PCURVE('',#5567,#6209);
#6209 = DEFINITIONAL_REPRESENTATION('',(#6210),#6214);
#6210 = LINE('',#6211,#6212);
#6211 = CARTESIAN_POINT('',(0.,0.));
#6212 = VECTOR('',#6213,1.);
#6213 = DIRECTION('',(0.,1.));
#6214 = ( GEOMETRIC_REPRESENTATION_CONTEXT(2) 
PARAMETRIC_REPRESENTATION_CONTEXT() REPRESENTATION_CONTEXT('2D SPACE',''
  ) );
#6215 = ORIENTED_EDGE('',*,*,#2716,.T.);
#6216 = ORIENTED_EDGE('',*,*,#6217,.F.);
#6217 = EDGE_CURVE('',#6168,#2719,#6218,.T.);
#6218 = SURFACE_CURVE('',#6219,(#6223,#6230),.PCURVE_S1.);
#6219 = LINE('',#6220,#6221);
#6220 = CARTESIAN_POINT('',(-65.,35.6,29.4));
#6221 = VECTOR('',#6222,1.);
#6222 = DIRECTION('',(-0.,1.,0.));
#6223 = PCURVE('',#2734,#6224);
#6224 = DEFINITIONAL_REPRESENTATION('',(#6225),#6229);
#6225 = LINE('',#6226,#6227);
#6226 = CARTESIAN_POINT('',(32.9,0.));
#6227 = VECTOR('',#6228,1.);
#6228 = DIRECTION('',(0.,-1.));
#6229 = ( GEOMETRIC_REPRESENTATION_CONTEXT(2) 
PARAMETRIC_REPRESENTATION_CONTEXT() REPRESENTATION_CONTEXT('2D SPACE',''
  ) );
#6230 = PCURVE('',#6044,#6231);
#6231 = DEFINITIONAL_REPRESENTATION('',(#6232),#6236);
#6232 = LINE('',#6233,#6234);
#6233 = CARTESIAN_POINT('',(-0.,0.));
#6234 = VECTOR('',#6235,1.);
#6235 = DIRECTION('',(-0.,1.));
#6236 = ( GEOMETRIC_REPRESENTATION_CONTEXT(2) 
PARAMETRIC_REPRESENTATION_CONTEXT() REPRESENTATION_CONTEXT('2D SPACE',''
  ) );
#6237 = ADVANCED_FACE('',(#6238),#2830,.F.);
#6238 = FACE_BOUND('',#6239,.F.);
#6239 = EDGE_LOOP('',(#6240,#6263,#6291,#6310));
#6240 = ORIENTED_EDGE('',*,*,#6241,.F.);
#6241 = EDGE_CURVE('',#6242,#2793,#6244,.T.);
#6242 = VERTEX_POINT('',#6243);
#6243 = CARTESIAN_POINT('',(-67.5,37.1,-3.5));
#6244 = SURFACE_CURVE('',#6245,(#6249,#6256),.PCURVE_S1.);
#6245 = LINE('',#6246,#6247);
#6246 = CARTESIAN_POINT('',(-67.5,35.6,-3.5));
#6247 = VECTOR('',#6248,1.);
#6248 = DIRECTION('',(-0.,1.,0.));
#6249 = PCURVE('',#2830,#6250);
#6250 = DEFINITIONAL_REPRESENTATION('',(#6251),#6255);
#6251 = LINE('',#6252,#6253);
#6252 = CARTESIAN_POINT('',(1.5,0.));
#6253 = VECTOR('',#6254,1.);
#6254 = DIRECTION('',(0.,1.));
#6255 = ( GEOMETRIC_REPRESENTATION_CONTEXT(2) 
PARAMETRIC_REPRESENTATION_CONTEXT() REPRESENTATION_CONTEXT('2D SPACE',''
  ) );
#6256 = PCURVE('',#5877,#6257);
#6257 = DEFINITIONAL_REPRESENTATION('',(#6258),#6262);
#6258 = LINE('',#6259,#6260);
#6259 = CARTESIAN_POINT('',(-1.570796326795,0.));
#6260 = VECTOR('',#6261,1.);
#6261 = DIRECTION('',(-0.,1.));
#6262 = ( GEOMETRIC_REPRESENTATION_CONTEXT(2) 
PARAMETRIC_REPRESENTATION_CONTEXT() REPRESENTATION_CONTEXT('2D SPACE',''
  ) );
#6263 = ORIENTED_EDGE('',*,*,#6264,.T.);
#6264 = EDGE_CURVE('',#6242,#6265,#6267,.T.);
#6265 = VERTEX_POINT('',#6266);
#6266 = CARTESIAN_POINT('',(-66.61803398875,37.1,-3.5));
#6267 = SURFACE_CURVE('',#6268,(#6272,#6279),.PCURVE_S1.);
#6268 = LINE('',#6269,#6270);
#6269 = CARTESIAN_POINT('',(-69.,37.1,-3.5));
#6270 = VECTOR('',#6271,1.);
#6271 = DIRECTION('',(1.,0.,-0.));
#6272 = PCURVE('',#2830,#6273);
#6273 = DEFINITIONAL_REPRESENTATION('',(#6274),#6278);
#6274 = LINE('',#6275,#6276);
#6275 = CARTESIAN_POINT('',(0.,1.5));
#6276 = VECTOR('',#6277,1.);
#6277 = DIRECTION('',(1.,0.));
#6278 = ( GEOMETRIC_REPRESENTATION_CONTEXT(2) 
PARAMETRIC_REPRESENTATION_CONTEXT() REPRESENTATION_CONTEXT('2D SPACE',''
  ) );
#6279 = PCURVE('',#6280,#6285);
#6280 = CYLINDRICAL_SURFACE('',#6281,1.5);
#6281 = AXIS2_PLACEMENT_3D('',#6282,#6283,#6284);
#6282 = CARTESIAN_POINT('',(-69.,37.1,-2.));
#6283 = DIRECTION('',(1.,0.,-0.));
#6284 = DIRECTION('',(0.,-1.,0.));
#6285 = DEFINITIONAL_REPRESENTATION('',(#6286),#6290);
#6286 = LINE('',#6287,#6288);
#6287 = CARTESIAN_POINT('',(1.570796326795,0.));
#6288 = VECTOR('',#6289,1.);
#6289 = DIRECTION('',(0.,1.));
#6290 = ( GEOMETRIC_REPRESENTATION_CONTEXT(2) 
PARAMETRIC_REPRESENTATION_CONTEXT() REPRESENTATION_CONTEXT('2D SPACE',''
  ) );
#6291 = ORIENTED_EDGE('',*,*,#6292,.T.);
#6292 = EDGE_CURVE('',#6265,#2815,#6293,.T.);
#6293 = SURFACE_CURVE('',#6294,(#6298,#6304),.PCURVE_S1.);
#6294 = LINE('',#6295,#6296);
#6295 = CARTESIAN_POINT('',(-66.61803398875,35.6,-3.5));
#6296 = VECTOR('',#6297,1.);
#6297 = DIRECTION('',(-0.,1.,0.));
#6298 = PCURVE('',#2830,#6299);
#6299 = DEFINITIONAL_REPRESENTATION('',(#6300),#6303);
#6300 = B_SPLINE_CURVE_WITH_KNOTS('',1,(#6301,#6302),.UNSPECIFIED.,.F.,
  .F.,(2,2),(1.4999994,5.5000006),.PIECEWISE_BEZIER_KNOTS.);
#6301 = CARTESIAN_POINT('',(2.38196601125,1.4999994));
#6302 = CARTESIAN_POINT('',(2.38196601125,5.5000006));
#6303 = ( GEOMETRIC_REPRESENTATION_CONTEXT(2) 
PARAMETRIC_REPRESENTATION_CONTEXT() REPRESENTATION_CONTEXT('2D SPACE',''
  ) );
#6304 = PCURVE('',#5175,#6305);
#6305 = DEFINITIONAL_REPRESENTATION('',(#6306),#6309);
#6306 = B_SPLINE_CURVE_WITH_KNOTS('',1,(#6307,#6308),.UNSPECIFIED.,.F.,
  .F.,(2,2),(1.4999994,5.5000006),.PIECEWISE_BEZIER_KNOTS.);
#6307 = CARTESIAN_POINT('',(0.729727656227,1.4999994));
#6308 = CARTESIAN_POINT('',(0.729727656227,5.5000006));
#6309 = ( GEOMETRIC_REPRESENTATION_CONTEXT(2) 
PARAMETRIC_REPRESENTATION_CONTEXT() REPRESENTATION_CONTEXT('2D SPACE',''
  ) );
#6310 = ORIENTED_EDGE('',*,*,#2814,.F.);
#6311 = ADVANCED_FACE('',(#6312),#2934,.F.);
#6312 = FACE_BOUND('',#6313,.F.);
#6313 = EDGE_LOOP('',(#6314,#6344,#6365,#6366));
#6314 = ORIENTED_EDGE('',*,*,#6315,.F.);
#6315 = EDGE_CURVE('',#6316,#6318,#6320,.T.);
#6316 = VERTEX_POINT('',#6317);
#6317 = CARTESIAN_POINT('',(-19.5,37.1,-2.));
#6318 = VERTEX_POINT('',#6319);
#6319 = CARTESIAN_POINT('',(-19.5,37.1,11.2));
#6320 = SURFACE_CURVE('',#6321,(#6325,#6332),.PCURVE_S1.);
#6321 = LINE('',#6322,#6323);
#6322 = CARTESIAN_POINT('',(-19.5,37.1,-3.5));
#6323 = VECTOR('',#6324,1.);
#6324 = DIRECTION('',(0.,0.,1.));
#6325 = PCURVE('',#2934,#6326);
#6326 = DEFINITIONAL_REPRESENTATION('',(#6327),#6331);
#6327 = LINE('',#6328,#6329);
#6328 = CARTESIAN_POINT('',(0.,-1.5));
#6329 = VECTOR('',#6330,1.);
#6330 = DIRECTION('',(1.,0.));
#6331 = ( GEOMETRIC_REPRESENTATION_CONTEXT(2) 
PARAMETRIC_REPRESENTATION_CONTEXT() REPRESENTATION_CONTEXT('2D SPACE',''
  ) );
#6332 = PCURVE('',#6333,#6338);
#6333 = CYLINDRICAL_SURFACE('',#6334,1.5);
#6334 = AXIS2_PLACEMENT_3D('',#6335,#6336,#6337);
#6335 = CARTESIAN_POINT('',(-18.,37.1,-3.5));
#6336 = DIRECTION('',(0.,0.,1.));
#6337 = DIRECTION('',(-1.,-0.,0.));
#6338 = DEFINITIONAL_REPRESENTATION('',(#6339),#6343);
#6339 = LINE('',#6340,#6341);
#6340 = CARTESIAN_POINT('',(0.,0.));
#6341 = VECTOR('',#6342,1.);
#6342 = DIRECTION('',(0.,1.));
#6343 = ( GEOMETRIC_REPRESENTATION_CONTEXT(2) 
PARAMETRIC_REPRESENTATION_CONTEXT() REPRESENTATION_CONTEXT('2D SPACE',''
  ) );
#6344 = ORIENTED_EDGE('',*,*,#6345,.T.);
#6345 = EDGE_CURVE('',#6316,#2917,#6346,.T.);
#6346 = SURFACE_CURVE('',#6347,(#6351,#6358),.PCURVE_S1.);
#6347 = LINE('',#6348,#6349);
#6348 = CARTESIAN_POINT('',(-19.5,35.6,-2.));
#6349 = VECTOR('',#6350,1.);
#6350 = DIRECTION('',(-0.,1.,0.));
#6351 = PCURVE('',#2934,#6352);
#6352 = DEFINITIONAL_REPRESENTATION('',(#6353),#6357);
#6353 = LINE('',#6354,#6355);
#6354 = CARTESIAN_POINT('',(1.5,0.));
#6355 = VECTOR('',#6356,1.);
#6356 = DIRECTION('',(0.,-1.));
#6357 = ( GEOMETRIC_REPRESENTATION_CONTEXT(2) 
PARAMETRIC_REPRESENTATION_CONTEXT() REPRESENTATION_CONTEXT('2D SPACE',''
  ) );
#6358 = PCURVE('',#5535,#6359);
#6359 = DEFINITIONAL_REPRESENTATION('',(#6360),#6364);
#6360 = LINE('',#6361,#6362);
#6361 = CARTESIAN_POINT('',(-0.,0.));
#6362 = VECTOR('',#6363,1.);
#6363 = DIRECTION('',(-0.,1.));
#6364 = ( GEOMETRIC_REPRESENTATION_CONTEXT(2) 
PARAMETRIC_REPRESENTATION_CONTEXT() REPRESENTATION_CONTEXT('2D SPACE',''
  ) );
#6365 = ORIENTED_EDGE('',*,*,#2916,.T.);
#6366 = ORIENTED_EDGE('',*,*,#6367,.T.);
#6367 = EDGE_CURVE('',#2919,#6318,#6368,.T.);
#6368 = SURFACE_CURVE('',#6369,(#6373,#6379),.PCURVE_S1.);
#6369 = LINE('',#6370,#6371);
#6370 = CARTESIAN_POINT('',(-19.5,35.6,11.2));
#6371 = VECTOR('',#6372,1.);
#6372 = DIRECTION('',(0.,-1.,0.));
#6373 = PCURVE('',#2934,#6374);
#6374 = DEFINITIONAL_REPRESENTATION('',(#6375),#6378);
#6375 = B_SPLINE_CURVE_WITH_KNOTS('',1,(#6376,#6377),.UNSPECIFIED.,.F.,
  .F.,(2,2),(-5.5,-1.5),.PIECEWISE_BEZIER_KNOTS.);
#6376 = CARTESIAN_POINT('',(14.7,-5.5));
#6377 = CARTESIAN_POINT('',(14.7,-1.5));
#6378 = ( GEOMETRIC_REPRESENTATION_CONTEXT(2) 
PARAMETRIC_REPRESENTATION_CONTEXT() REPRESENTATION_CONTEXT('2D SPACE',''
  ) );
#6379 = PCURVE('',#3045,#6380);
#6380 = DEFINITIONAL_REPRESENTATION('',(#6381),#6384);
#6381 = B_SPLINE_CURVE_WITH_KNOTS('',1,(#6382,#6383),.UNSPECIFIED.,.F.,
  .F.,(2,2),(-5.5,-1.5),.PIECEWISE_BEZIER_KNOTS.);
#6382 = CARTESIAN_POINT('',(44.5,5.5));
#6383 = CARTESIAN_POINT('',(44.5,1.5));
#6384 = ( GEOMETRIC_REPRESENTATION_CONTEXT(2) 
PARAMETRIC_REPRESENTATION_CONTEXT() REPRESENTATION_CONTEXT('2D SPACE',''
  ) );
#6385 = ADVANCED_FACE('',(#6386),#3020,.T.);
#6386 = FACE_BOUND('',#6387,.F.);
#6387 = EDGE_LOOP('',(#6388,#6413,#6414));
#6388 = ORIENTED_EDGE('',*,*,#6389,.F.);
#6389 = EDGE_CURVE('',#3005,#3063,#6390,.T.);
#6390 = SURFACE_CURVE('',#6391,(#6396,#6402),.PCURVE_S1.);
#6391 = CIRCLE('',#6392,1.5);
#6392 = AXIS2_PLACEMENT_3D('',#6393,#6394,#6395);
#6393 = CARTESIAN_POINT('',(-62.5,41.1,12.7));
#6394 = DIRECTION('',(0.,1.,-0.));
#6395 = DIRECTION('',(-1.,0.,0.));
#6396 = PCURVE('',#3020,#6397);
#6397 = DEFINITIONAL_REPRESENTATION('',(#6398),#6401);
#6398 = B_SPLINE_CURVE_WITH_KNOTS('',1,(#6399,#6400),.UNSPECIFIED.,.F.,
  .F.,(2,2),(4.712388980385,6.28318530718),.PIECEWISE_BEZIER_KNOTS.);
#6399 = CARTESIAN_POINT('',(0.,-1.570796326795));
#6400 = CARTESIAN_POINT('',(0.,0.));
#6401 = ( GEOMETRIC_REPRESENTATION_CONTEXT(2) 
PARAMETRIC_REPRESENTATION_CONTEXT() REPRESENTATION_CONTEXT('2D SPACE',''
  ) );
#6402 = PCURVE('',#6403,#6408);
#6403 = CYLINDRICAL_SURFACE('',#6404,1.5);
#6404 = AXIS2_PLACEMENT_3D('',#6405,#6406,#6407);
#6405 = CARTESIAN_POINT('',(-62.5,35.6,12.7));
#6406 = DIRECTION('',(-0.,1.,0.));
#6407 = DIRECTION('',(-1.,-0.,0.));
#6408 = DEFINITIONAL_REPRESENTATION('',(#6409),#6412);
#6409 = B_SPLINE_CURVE_WITH_KNOTS('',1,(#6410,#6411),.UNSPECIFIED.,.F.,
  .F.,(2,2),(4.712388980385,6.28318530718),.PIECEWISE_BEZIER_KNOTS.);
#6410 = CARTESIAN_POINT('',(-1.570796326795,5.5));
#6411 = CARTESIAN_POINT('',(0.,5.5));
#6412 = ( GEOMETRIC_REPRESENTATION_CONTEXT(2) 
PARAMETRIC_REPRESENTATION_CONTEXT() REPRESENTATION_CONTEXT('2D SPACE',''
  ) );
#6413 = ORIENTED_EDGE('',*,*,#3004,.T.);
#6414 = ORIENTED_EDGE('',*,*,#3092,.F.);
#6415 = ADVANCED_FACE('',(#6416),#3045,.F.);
#6416 = FACE_BOUND('',#6417,.F.);
#6417 = EDGE_LOOP('',(#6418,#6441,#6467,#6468));
#6418 = ORIENTED_EDGE('',*,*,#6419,.F.);
#6419 = EDGE_CURVE('',#6420,#3005,#6422,.T.);
#6420 = VERTEX_POINT('',#6421);
#6421 = CARTESIAN_POINT('',(-62.5,37.1,11.2));
#6422 = SURFACE_CURVE('',#6423,(#6427,#6434),.PCURVE_S1.);
#6423 = LINE('',#6424,#6425);
#6424 = CARTESIAN_POINT('',(-62.5,35.6,11.2));
#6425 = VECTOR('',#6426,1.);
#6426 = DIRECTION('',(-0.,1.,0.));
#6427 = PCURVE('',#3045,#6428);
#6428 = DEFINITIONAL_REPRESENTATION('',(#6429),#6433);
#6429 = LINE('',#6430,#6431);
#6430 = CARTESIAN_POINT('',(1.5,0.));
#6431 = VECTOR('',#6432,1.);
#6432 = DIRECTION('',(0.,1.));
#6433 = ( GEOMETRIC_REPRESENTATION_CONTEXT(2) 
PARAMETRIC_REPRESENTATION_CONTEXT() REPRESENTATION_CONTEXT('2D SPACE',''
  ) );
#6434 = PCURVE('',#6403,#6435);
#6435 = DEFINITIONAL_REPRESENTATION('',(#6436),#6440);
#6436 = LINE('',#6437,#6438);
#6437 = CARTESIAN_POINT('',(-1.570796326795,0.));
#6438 = VECTOR('',#6439,1.);
#6439 = DIRECTION('',(-0.,1.));
#6440 = ( GEOMETRIC_REPRESENTATION_CONTEXT(2) 
PARAMETRIC_REPRESENTATION_CONTEXT() REPRESENTATION_CONTEXT('2D SPACE',''
  ) );
#6441 = ORIENTED_EDGE('',*,*,#6442,.T.);
#6442 = EDGE_CURVE('',#6420,#6318,#6443,.T.);
#6443 = SURFACE_CURVE('',#6444,(#6448,#6455),.PCURVE_S1.);
#6444 = LINE('',#6445,#6446);
#6445 = CARTESIAN_POINT('',(-64.,37.1,11.2));
#6446 = VECTOR('',#6447,1.);
#6447 = DIRECTION('',(1.,0.,-0.));
#6448 = PCURVE('',#3045,#6449);
#6449 = DEFINITIONAL_REPRESENTATION('',(#6450),#6454);
#6450 = LINE('',#6451,#6452);
#6451 = CARTESIAN_POINT('',(0.,1.5));
#6452 = VECTOR('',#6453,1.);
#6453 = DIRECTION('',(1.,0.));
#6454 = ( GEOMETRIC_REPRESENTATION_CONTEXT(2) 
PARAMETRIC_REPRESENTATION_CONTEXT() REPRESENTATION_CONTEXT('2D SPACE',''
  ) );
#6455 = PCURVE('',#6456,#6461);
#6456 = CYLINDRICAL_SURFACE('',#6457,1.5);
#6457 = AXIS2_PLACEMENT_3D('',#6458,#6459,#6460);
#6458 = CARTESIAN_POINT('',(-64.,37.1,12.7));
#6459 = DIRECTION('',(1.,0.,-0.));
#6460 = DIRECTION('',(0.,-1.,0.));
#6461 = DEFINITIONAL_REPRESENTATION('',(#6462),#6466);
#6462 = LINE('',#6463,#6464);
#6463 = CARTESIAN_POINT('',(1.570796326795,0.));
#6464 = VECTOR('',#6465,1.);
#6465 = DIRECTION('',(0.,1.));
#6466 = ( GEOMETRIC_REPRESENTATION_CONTEXT(2) 
PARAMETRIC_REPRESENTATION_CONTEXT() REPRESENTATION_CONTEXT('2D SPACE',''
  ) );
#6467 = ORIENTED_EDGE('',*,*,#6367,.F.);
#6468 = ORIENTED_EDGE('',*,*,#3031,.F.);
#6469 = ADVANCED_FACE('',(#6470),#3080,.F.);
#6470 = FACE_BOUND('',#6471,.F.);
#6471 = EDGE_LOOP('',(#6472,#6502,#6523,#6524));
#6472 = ORIENTED_EDGE('',*,*,#6473,.F.);
#6473 = EDGE_CURVE('',#6474,#6476,#6478,.T.);
#6474 = VERTEX_POINT('',#6475);
#6475 = CARTESIAN_POINT('',(-64.,37.1,12.7));
#6476 = VERTEX_POINT('',#6477);
#6477 = CARTESIAN_POINT('',(-64.,37.1,14.7));
#6478 = SURFACE_CURVE('',#6479,(#6483,#6490),.PCURVE_S1.);
#6479 = LINE('',#6480,#6481);
#6480 = CARTESIAN_POINT('',(-64.,37.1,11.2));
#6481 = VECTOR('',#6482,1.);
#6482 = DIRECTION('',(0.,0.,1.));
#6483 = PCURVE('',#3080,#6484);
#6484 = DEFINITIONAL_REPRESENTATION('',(#6485),#6489);
#6485 = LINE('',#6486,#6487);
#6486 = CARTESIAN_POINT('',(0.,-1.5));
#6487 = VECTOR('',#6488,1.);
#6488 = DIRECTION('',(1.,0.));
#6489 = ( GEOMETRIC_REPRESENTATION_CONTEXT(2) 
PARAMETRIC_REPRESENTATION_CONTEXT() REPRESENTATION_CONTEXT('2D SPACE',''
  ) );
#6490 = PCURVE('',#6491,#6496);
#6491 = CYLINDRICAL_SURFACE('',#6492,1.5);
#6492 = AXIS2_PLACEMENT_3D('',#6493,#6494,#6495);
#6493 = CARTESIAN_POINT('',(-62.5,37.1,11.2));
#6494 = DIRECTION('',(0.,0.,1.));
#6495 = DIRECTION('',(-1.,-0.,0.));
#6496 = DEFINITIONAL_REPRESENTATION('',(#6497),#6501);
#6497 = LINE('',#6498,#6499);
#6498 = CARTESIAN_POINT('',(0.,0.));
#6499 = VECTOR('',#6500,1.);
#6500 = DIRECTION('',(0.,1.));
#6501 = ( GEOMETRIC_REPRESENTATION_CONTEXT(2) 
PARAMETRIC_REPRESENTATION_CONTEXT() REPRESENTATION_CONTEXT('2D SPACE',''
  ) );
#6502 = ORIENTED_EDGE('',*,*,#6503,.T.);
#6503 = EDGE_CURVE('',#6474,#3063,#6504,.T.);
#6504 = SURFACE_CURVE('',#6505,(#6509,#6516),.PCURVE_S1.);
#6505 = LINE('',#6506,#6507);
#6506 = CARTESIAN_POINT('',(-64.,35.6,12.7));
#6507 = VECTOR('',#6508,1.);
#6508 = DIRECTION('',(-0.,1.,0.));
#6509 = PCURVE('',#3080,#6510);
#6510 = DEFINITIONAL_REPRESENTATION('',(#6511),#6515);
#6511 = LINE('',#6512,#6513);
#6512 = CARTESIAN_POINT('',(1.5,0.));
#6513 = VECTOR('',#6514,1.);
#6514 = DIRECTION('',(0.,-1.));
#6515 = ( GEOMETRIC_REPRESENTATION_CONTEXT(2) 
PARAMETRIC_REPRESENTATION_CONTEXT() REPRESENTATION_CONTEXT('2D SPACE',''
  ) );
#6516 = PCURVE('',#6403,#6517);
#6517 = DEFINITIONAL_REPRESENTATION('',(#6518),#6522);
#6518 = LINE('',#6519,#6520);
#6519 = CARTESIAN_POINT('',(-0.,0.));
#6520 = VECTOR('',#6521,1.);
#6521 = DIRECTION('',(-0.,1.));
#6522 = ( GEOMETRIC_REPRESENTATION_CONTEXT(2) 
PARAMETRIC_REPRESENTATION_CONTEXT() REPRESENTATION_CONTEXT('2D SPACE',''
  ) );
#6523 = ORIENTED_EDGE('',*,*,#3062,.T.);
#6524 = ORIENTED_EDGE('',*,*,#6525,.F.);
#6525 = EDGE_CURVE('',#6476,#3065,#6526,.T.);
#6526 = SURFACE_CURVE('',#6527,(#6531,#6538),.PCURVE_S1.);
#6527 = LINE('',#6528,#6529);
#6528 = CARTESIAN_POINT('',(-64.,35.6,14.7));
#6529 = VECTOR('',#6530,1.);
#6530 = DIRECTION('',(-0.,1.,0.));
#6531 = PCURVE('',#3080,#6532);
#6532 = DEFINITIONAL_REPRESENTATION('',(#6533),#6537);
#6533 = LINE('',#6534,#6535);
#6534 = CARTESIAN_POINT('',(3.5,0.));
#6535 = VECTOR('',#6536,1.);
#6536 = DIRECTION('',(0.,-1.));
#6537 = ( GEOMETRIC_REPRESENTATION_CONTEXT(2) 
PARAMETRIC_REPRESENTATION_CONTEXT() REPRESENTATION_CONTEXT('2D SPACE',''
  ) );
#6538 = PCURVE('',#6539,#6544);
#6539 = CYLINDRICAL_SURFACE('',#6540,1.5);
#6540 = AXIS2_PLACEMENT_3D('',#6541,#6542,#6543);
#6541 = CARTESIAN_POINT('',(-62.5,35.6,14.7));
#6542 = DIRECTION('',(-0.,1.,0.));
#6543 = DIRECTION('',(-1.,-0.,0.));
#6544 = DEFINITIONAL_REPRESENTATION('',(#6545),#6549);
#6545 = LINE('',#6546,#6547);
#6546 = CARTESIAN_POINT('',(0.,0.));
#6547 = VECTOR('',#6548,1.);
#6548 = DIRECTION('',(0.,1.));
#6549 = ( GEOMETRIC_REPRESENTATION_CONTEXT(2) 
PARAMETRIC_REPRESENTATION_CONTEXT() REPRESENTATION_CONTEXT('2D SPACE',''
  ) );
#6550 = ADVANCED_FACE('',(#6551),#3129,.T.);
#6551 = FACE_BOUND('',#6552,.F.);
#6552 = EDGE_LOOP('',(#6553,#6554,#6555));
#6553 = ORIENTED_EDGE('',*,*,#3115,.F.);
#6554 = ORIENTED_EDGE('',*,*,#3144,.T.);
#6555 = ORIENTED_EDGE('',*,*,#6556,.F.);
#6556 = EDGE_CURVE('',#3065,#3145,#6557,.T.);
#6557 = SURFACE_CURVE('',#6558,(#6563,#6570),.PCURVE_S1.);
#6558 = CIRCLE('',#6559,1.5);
#6559 = AXIS2_PLACEMENT_3D('',#6560,#6561,#6562);
#6560 = CARTESIAN_POINT('',(-62.5,41.1,14.7));
#6561 = DIRECTION('',(-0.,1.,0.));
#6562 = DIRECTION('',(-1.,-0.,1.480297366167E-16));
#6563 = PCURVE('',#3129,#6564);
#6564 = DEFINITIONAL_REPRESENTATION('',(#6565),#6569);
#6565 = LINE('',#6566,#6567);
#6566 = CARTESIAN_POINT('',(-0.,0.));
#6567 = VECTOR('',#6568,1.);
#6568 = DIRECTION('',(-1.,0.));
#6569 = ( GEOMETRIC_REPRESENTATION_CONTEXT(2) 
PARAMETRIC_REPRESENTATION_CONTEXT() REPRESENTATION_CONTEXT('2D SPACE',''
  ) );
#6570 = PCURVE('',#6539,#6571);
#6571 = DEFINITIONAL_REPRESENTATION('',(#6572),#6576);
#6572 = LINE('',#6573,#6574);
#6573 = CARTESIAN_POINT('',(0.,5.5));
#6574 = VECTOR('',#6575,1.);
#6575 = DIRECTION('',(1.,0.));
#6576 = ( GEOMETRIC_REPRESENTATION_CONTEXT(2) 
PARAMETRIC_REPRESENTATION_CONTEXT() REPRESENTATION_CONTEXT('2D SPACE',''
  ) );
#6577 = ADVANCED_FACE('',(#6578),#3182,.T.);
#6578 = FACE_BOUND('',#6579,.T.);
#6579 = EDGE_LOOP('',(#6580,#6603,#6631,#6650));
#6580 = ORIENTED_EDGE('',*,*,#6581,.F.);
#6581 = EDGE_CURVE('',#6582,#3145,#6584,.T.);
#6582 = VERTEX_POINT('',#6583);
#6583 = CARTESIAN_POINT('',(-62.5,37.1,16.2));
#6584 = SURFACE_CURVE('',#6585,(#6589,#6596),.PCURVE_S1.);
#6585 = LINE('',#6586,#6587);
#6586 = CARTESIAN_POINT('',(-62.5,35.6,16.2));
#6587 = VECTOR('',#6588,1.);
#6588 = DIRECTION('',(-0.,1.,0.));
#6589 = PCURVE('',#3182,#6590);
#6590 = DEFINITIONAL_REPRESENTATION('',(#6591),#6595);
#6591 = LINE('',#6592,#6593);
#6592 = CARTESIAN_POINT('',(1.5,0.));
#6593 = VECTOR('',#6594,1.);
#6594 = DIRECTION('',(0.,1.));
#6595 = ( GEOMETRIC_REPRESENTATION_CONTEXT(2) 
PARAMETRIC_REPRESENTATION_CONTEXT() REPRESENTATION_CONTEXT('2D SPACE',''
  ) );
#6596 = PCURVE('',#6539,#6597);
#6597 = DEFINITIONAL_REPRESENTATION('',(#6598),#6602);
#6598 = LINE('',#6599,#6600);
#6599 = CARTESIAN_POINT('',(1.570796326795,0.));
#6600 = VECTOR('',#6601,1.);
#6601 = DIRECTION('',(0.,1.));
#6602 = ( GEOMETRIC_REPRESENTATION_CONTEXT(2) 
PARAMETRIC_REPRESENTATION_CONTEXT() REPRESENTATION_CONTEXT('2D SPACE',''
  ) );
#6603 = ORIENTED_EDGE('',*,*,#6604,.T.);
#6604 = EDGE_CURVE('',#6582,#6605,#6607,.T.);
#6605 = VERTEX_POINT('',#6606);
#6606 = CARTESIAN_POINT('',(-19.5,37.1,16.2));
#6607 = SURFACE_CURVE('',#6608,(#6612,#6619),.PCURVE_S1.);
#6608 = LINE('',#6609,#6610);
#6609 = CARTESIAN_POINT('',(-64.,37.1,16.2));
#6610 = VECTOR('',#6611,1.);
#6611 = DIRECTION('',(1.,0.,-0.));
#6612 = PCURVE('',#3182,#6613);
#6613 = DEFINITIONAL_REPRESENTATION('',(#6614),#6618);
#6614 = LINE('',#6615,#6616);
#6615 = CARTESIAN_POINT('',(0.,1.5));
#6616 = VECTOR('',#6617,1.);
#6617 = DIRECTION('',(1.,0.));
#6618 = ( GEOMETRIC_REPRESENTATION_CONTEXT(2) 
PARAMETRIC_REPRESENTATION_CONTEXT() REPRESENTATION_CONTEXT('2D SPACE',''
  ) );
#6619 = PCURVE('',#6620,#6625);
#6620 = CYLINDRICAL_SURFACE('',#6621,1.5);
#6621 = AXIS2_PLACEMENT_3D('',#6622,#6623,#6624);
#6622 = CARTESIAN_POINT('',(-64.,37.1,14.7));
#6623 = DIRECTION('',(1.,0.,-0.));
#6624 = DIRECTION('',(0.,-1.,0.));
#6625 = DEFINITIONAL_REPRESENTATION('',(#6626),#6630);
#6626 = LINE('',#6627,#6628);
#6627 = CARTESIAN_POINT('',(-1.570796326795,0.));
#6628 = VECTOR('',#6629,1.);
#6629 = DIRECTION('',(-0.,1.));
#6630 = ( GEOMETRIC_REPRESENTATION_CONTEXT(2) 
PARAMETRIC_REPRESENTATION_CONTEXT() REPRESENTATION_CONTEXT('2D SPACE',''
  ) );
#6631 = ORIENTED_EDGE('',*,*,#6632,.F.);
#6632 = EDGE_CURVE('',#3167,#6605,#6633,.T.);
#6633 = SURFACE_CURVE('',#6634,(#6638,#6644),.PCURVE_S1.);
#6634 = LINE('',#6635,#6636);
#6635 = CARTESIAN_POINT('',(-19.5,35.6,16.2));
#6636 = VECTOR('',#6637,1.);
#6637 = DIRECTION('',(0.,-1.,0.));
#6638 = PCURVE('',#3182,#6639);
#6639 = DEFINITIONAL_REPRESENTATION('',(#6640),#6643);
#6640 = B_SPLINE_CURVE_WITH_KNOTS('',1,(#6641,#6642),.UNSPECIFIED.,.F.,
  .F.,(2,2),(-5.5,-1.5),.PIECEWISE_BEZIER_KNOTS.);
#6641 = CARTESIAN_POINT('',(44.5,5.5));
#6642 = CARTESIAN_POINT('',(44.5,1.5));
#6643 = ( GEOMETRIC_REPRESENTATION_CONTEXT(2) 
PARAMETRIC_REPRESENTATION_CONTEXT() REPRESENTATION_CONTEXT('2D SPACE',''
  ) );
#6644 = PCURVE('',#3245,#6645);
#6645 = DEFINITIONAL_REPRESENTATION('',(#6646),#6649);
#6646 = B_SPLINE_CURVE_WITH_KNOTS('',1,(#6647,#6648),.UNSPECIFIED.,.F.,
  .F.,(2,2),(-5.5,-1.5),.PIECEWISE_BEZIER_KNOTS.);
#6647 = CARTESIAN_POINT('',(19.7,-5.5));
#6648 = CARTESIAN_POINT('',(19.7,-1.5));
#6649 = ( GEOMETRIC_REPRESENTATION_CONTEXT(2) 
PARAMETRIC_REPRESENTATION_CONTEXT() REPRESENTATION_CONTEXT('2D SPACE',''
  ) );
#6650 = ORIENTED_EDGE('',*,*,#3166,.F.);
#6651 = ADVANCED_FACE('',(#6652),#3245,.F.);
#6652 = FACE_BOUND('',#6653,.F.);
#6653 = EDGE_LOOP('',(#6654,#6682,#6683,#6684));
#6654 = ORIENTED_EDGE('',*,*,#6655,.F.);
#6655 = EDGE_CURVE('',#6605,#6656,#6658,.T.);
#6656 = VERTEX_POINT('',#6657);
#6657 = CARTESIAN_POINT('',(-19.5,37.1,29.4));
#6658 = SURFACE_CURVE('',#6659,(#6663,#6670),.PCURVE_S1.);
#6659 = LINE('',#6660,#6661);
#6660 = CARTESIAN_POINT('',(-19.5,37.1,-3.5));
#6661 = VECTOR('',#6662,1.);
#6662 = DIRECTION('',(0.,0.,1.));
#6663 = PCURVE('',#3245,#6664);
#6664 = DEFINITIONAL_REPRESENTATION('',(#6665),#6669);
#6665 = LINE('',#6666,#6667);
#6666 = CARTESIAN_POINT('',(0.,-1.5));
#6667 = VECTOR('',#6668,1.);
#6668 = DIRECTION('',(1.,0.));
#6669 = ( GEOMETRIC_REPRESENTATION_CONTEXT(2) 
PARAMETRIC_REPRESENTATION_CONTEXT() REPRESENTATION_CONTEXT('2D SPACE',''
  ) );
#6670 = PCURVE('',#6671,#6676);
#6671 = CYLINDRICAL_SURFACE('',#6672,1.5);
#6672 = AXIS2_PLACEMENT_3D('',#6673,#6674,#6675);
#6673 = CARTESIAN_POINT('',(-18.,37.1,-3.5));
#6674 = DIRECTION('',(0.,0.,1.));
#6675 = DIRECTION('',(-1.,-0.,0.));
#6676 = DEFINITIONAL_REPRESENTATION('',(#6677),#6681);
#6677 = LINE('',#6678,#6679);
#6678 = CARTESIAN_POINT('',(0.,0.));
#6679 = VECTOR('',#6680,1.);
#6680 = DIRECTION('',(0.,1.));
#6681 = ( GEOMETRIC_REPRESENTATION_CONTEXT(2) 
PARAMETRIC_REPRESENTATION_CONTEXT() REPRESENTATION_CONTEXT('2D SPACE',''
  ) );
#6682 = ORIENTED_EDGE('',*,*,#6632,.F.);
#6683 = ORIENTED_EDGE('',*,*,#3229,.T.);
#6684 = ORIENTED_EDGE('',*,*,#6685,.F.);
#6685 = EDGE_CURVE('',#6656,#3230,#6686,.T.);
#6686 = SURFACE_CURVE('',#6687,(#6691,#6698),.PCURVE_S1.);
#6687 = LINE('',#6688,#6689);
#6688 = CARTESIAN_POINT('',(-19.5,35.6,29.4));
#6689 = VECTOR('',#6690,1.);
#6690 = DIRECTION('',(-0.,1.,0.));
#6691 = PCURVE('',#3245,#6692);
#6692 = DEFINITIONAL_REPRESENTATION('',(#6693),#6697);
#6693 = LINE('',#6694,#6695);
#6694 = CARTESIAN_POINT('',(32.9,0.));
#6695 = VECTOR('',#6696,1.);
#6696 = DIRECTION('',(0.,-1.));
#6697 = ( GEOMETRIC_REPRESENTATION_CONTEXT(2) 
PARAMETRIC_REPRESENTATION_CONTEXT() REPRESENTATION_CONTEXT('2D SPACE',''
  ) );
#6698 = PCURVE('',#6699,#6704);
#6699 = CYLINDRICAL_SURFACE('',#6700,1.5);
#6700 = AXIS2_PLACEMENT_3D('',#6701,#6702,#6703);
#6701 = CARTESIAN_POINT('',(-18.,35.6,29.4));
#6702 = DIRECTION('',(-0.,1.,0.));
#6703 = DIRECTION('',(-1.,-0.,0.));
#6704 = DEFINITIONAL_REPRESENTATION('',(#6705),#6709);
#6705 = LINE('',#6706,#6707);
#6706 = CARTESIAN_POINT('',(0.,0.));
#6707 = VECTOR('',#6708,1.);
#6708 = DIRECTION('',(0.,1.));
#6709 = ( GEOMETRIC_REPRESENTATION_CONTEXT(2) 
PARAMETRIC_REPRESENTATION_CONTEXT() REPRESENTATION_CONTEXT('2D SPACE',''
  ) );
#6710 = ADVANCED_FACE('',(#6711),#3273,.T.);
#6711 = FACE_BOUND('',#6712,.F.);
#6712 = EDGE_LOOP('',(#6713,#6714,#6715,#6716));
#6713 = ORIENTED_EDGE('',*,*,#3259,.F.);
#6714 = ORIENTED_EDGE('',*,*,#3288,.T.);
#6715 = ORIENTED_EDGE('',*,*,#4111,.T.);
#6716 = ORIENTED_EDGE('',*,*,#6717,.F.);
#6717 = EDGE_CURVE('',#3230,#4084,#6718,.T.);
#6718 = SURFACE_CURVE('',#6719,(#6724,#6731),.PCURVE_S1.);
#6719 = CIRCLE('',#6720,1.5);
#6720 = AXIS2_PLACEMENT_3D('',#6721,#6722,#6723);
#6721 = CARTESIAN_POINT('',(-18.,41.1,29.4));
#6722 = DIRECTION('',(-0.,1.,0.));
#6723 = DIRECTION('',(-1.,-0.,0.));
#6724 = PCURVE('',#3273,#6725);
#6725 = DEFINITIONAL_REPRESENTATION('',(#6726),#6730);
#6726 = LINE('',#6727,#6728);
#6727 = CARTESIAN_POINT('',(-0.,0.));
#6728 = VECTOR('',#6729,1.);
#6729 = DIRECTION('',(-1.,0.));
#6730 = ( GEOMETRIC_REPRESENTATION_CONTEXT(2) 
PARAMETRIC_REPRESENTATION_CONTEXT() REPRESENTATION_CONTEXT('2D SPACE',''
  ) );
#6731 = PCURVE('',#6699,#6732);
#6732 = DEFINITIONAL_REPRESENTATION('',(#6733),#6737);
#6733 = LINE('',#6734,#6735);
#6734 = CARTESIAN_POINT('',(0.,5.5));
#6735 = VECTOR('',#6736,1.);
#6736 = DIRECTION('',(1.,0.));
#6737 = ( GEOMETRIC_REPRESENTATION_CONTEXT(2) 
PARAMETRIC_REPRESENTATION_CONTEXT() REPRESENTATION_CONTEXT('2D SPACE',''
  ) );
#6738 = ADVANCED_FACE('',(#6739),#3345,.T.);
#6739 = FACE_BOUND('',#6740,.T.);
#6740 = EDGE_LOOP('',(#6741,#6742,#6743,#6744));
#6741 = ORIENTED_EDGE('',*,*,#3422,.F.);
#6742 = ORIENTED_EDGE('',*,*,#3331,.T.);
#6743 = ORIENTED_EDGE('',*,*,#4214,.F.);
#6744 = ORIENTED_EDGE('',*,*,#6745,.F.);
#6745 = EDGE_CURVE('',#3362,#4215,#6746,.T.);
#6746 = SURFACE_CURVE('',#6747,(#6752,#6759),.PCURVE_S1.);
#6747 = CIRCLE('',#6748,1.5);
#6748 = AXIS2_PLACEMENT_3D('',#6749,#6750,#6751);
#6749 = CARTESIAN_POINT('',(-14.,41.1,29.4));
#6750 = DIRECTION('',(0.,-1.,-0.));
#6751 = DIRECTION('',(1.,0.,0.));
#6752 = PCURVE('',#3345,#6753);
#6753 = DEFINITIONAL_REPRESENTATION('',(#6754),#6758);
#6754 = LINE('',#6755,#6756);
#6755 = CARTESIAN_POINT('',(0.,0.));
#6756 = VECTOR('',#6757,1.);
#6757 = DIRECTION('',(1.,0.));
#6758 = ( GEOMETRIC_REPRESENTATION_CONTEXT(2) 
PARAMETRIC_REPRESENTATION_CONTEXT() REPRESENTATION_CONTEXT('2D SPACE',''
  ) );
#6759 = PCURVE('',#6760,#6765);
#6760 = CYLINDRICAL_SURFACE('',#6761,1.5);
#6761 = AXIS2_PLACEMENT_3D('',#6762,#6763,#6764);
#6762 = CARTESIAN_POINT('',(-14.,35.6,29.4));
#6763 = DIRECTION('',(-0.,1.,0.));
#6764 = DIRECTION('',(1.,0.,-0.));
#6765 = DEFINITIONAL_REPRESENTATION('',(#6766),#6770);
#6766 = LINE('',#6767,#6768);
#6767 = CARTESIAN_POINT('',(-0.,5.5));
#6768 = VECTOR('',#6769,1.);
#6769 = DIRECTION('',(-1.,0.));
#6770 = ( GEOMETRIC_REPRESENTATION_CONTEXT(2) 
PARAMETRIC_REPRESENTATION_CONTEXT() REPRESENTATION_CONTEXT('2D SPACE',''
  ) );
#6771 = ADVANCED_FACE('',(#6772),#3377,.T.);
#6772 = FACE_BOUND('',#6773,.T.);
#6773 = EDGE_LOOP('',(#6774,#6804,#6823,#6824));
#6774 = ORIENTED_EDGE('',*,*,#6775,.F.);
#6775 = EDGE_CURVE('',#6776,#6778,#6780,.T.);
#6776 = VERTEX_POINT('',#6777);
#6777 = CARTESIAN_POINT('',(-12.5,37.1,16.2));
#6778 = VERTEX_POINT('',#6779);
#6779 = CARTESIAN_POINT('',(-12.5,37.1,29.4));
#6780 = SURFACE_CURVE('',#6781,(#6785,#6792),.PCURVE_S1.);
#6781 = LINE('',#6782,#6783);
#6782 = CARTESIAN_POINT('',(-12.5,37.1,-3.5));
#6783 = VECTOR('',#6784,1.);
#6784 = DIRECTION('',(0.,0.,1.));
#6785 = PCURVE('',#3377,#6786);
#6786 = DEFINITIONAL_REPRESENTATION('',(#6787),#6791);
#6787 = LINE('',#6788,#6789);
#6788 = CARTESIAN_POINT('',(0.,-1.5));
#6789 = VECTOR('',#6790,1.);
#6790 = DIRECTION('',(1.,0.));
#6791 = ( GEOMETRIC_REPRESENTATION_CONTEXT(2) 
PARAMETRIC_REPRESENTATION_CONTEXT() REPRESENTATION_CONTEXT('2D SPACE',''
  ) );
#6792 = PCURVE('',#6793,#6798);
#6793 = CYLINDRICAL_SURFACE('',#6794,1.5);
#6794 = AXIS2_PLACEMENT_3D('',#6795,#6796,#6797);
#6795 = CARTESIAN_POINT('',(-14.,37.1,-3.5));
#6796 = DIRECTION('',(0.,0.,1.));
#6797 = DIRECTION('',(1.,0.,-0.));
#6798 = DEFINITIONAL_REPRESENTATION('',(#6799),#6803);
#6799 = LINE('',#6800,#6801);
#6800 = CARTESIAN_POINT('',(-0.,0.));
#6801 = VECTOR('',#6802,1.);
#6802 = DIRECTION('',(-0.,1.));
#6803 = ( GEOMETRIC_REPRESENTATION_CONTEXT(2) 
PARAMETRIC_REPRESENTATION_CONTEXT() REPRESENTATION_CONTEXT('2D SPACE',''
  ) );
#6804 = ORIENTED_EDGE('',*,*,#6805,.F.);
#6805 = EDGE_CURVE('',#3360,#6776,#6806,.T.);
#6806 = SURFACE_CURVE('',#6807,(#6811,#6817),.PCURVE_S1.);
#6807 = LINE('',#6808,#6809);
#6808 = CARTESIAN_POINT('',(-12.5,35.6,16.2));
#6809 = VECTOR('',#6810,1.);
#6810 = DIRECTION('',(0.,-1.,0.));
#6811 = PCURVE('',#3377,#6812);
#6812 = DEFINITIONAL_REPRESENTATION('',(#6813),#6816);
#6813 = B_SPLINE_CURVE_WITH_KNOTS('',1,(#6814,#6815),.UNSPECIFIED.,.F.,
  .F.,(2,2),(-5.5,-1.5),.PIECEWISE_BEZIER_KNOTS.);
#6814 = CARTESIAN_POINT('',(19.7,-5.5));
#6815 = CARTESIAN_POINT('',(19.7,-1.5));
#6816 = ( GEOMETRIC_REPRESENTATION_CONTEXT(2) 
PARAMETRIC_REPRESENTATION_CONTEXT() REPRESENTATION_CONTEXT('2D SPACE',''
  ) );
#6817 = PCURVE('',#3463,#6818);
#6818 = DEFINITIONAL_REPRESENTATION('',(#6819),#6822);
#6819 = B_SPLINE_CURVE_WITH_KNOTS('',1,(#6820,#6821),.UNSPECIFIED.,.F.,
  .F.,(2,2),(-5.5,-1.5),.PIECEWISE_BEZIER_KNOTS.);
#6820 = CARTESIAN_POINT('',(51.5,5.5));
#6821 = CARTESIAN_POINT('',(51.5,1.5));
#6822 = ( GEOMETRIC_REPRESENTATION_CONTEXT(2) 
PARAMETRIC_REPRESENTATION_CONTEXT() REPRESENTATION_CONTEXT('2D SPACE',''
  ) );
#6823 = ORIENTED_EDGE('',*,*,#3359,.T.);
#6824 = ORIENTED_EDGE('',*,*,#6825,.F.);
#6825 = EDGE_CURVE('',#6778,#3362,#6826,.T.);
#6826 = SURFACE_CURVE('',#6827,(#6831,#6838),.PCURVE_S1.);
#6827 = LINE('',#6828,#6829);
#6828 = CARTESIAN_POINT('',(-12.5,35.6,29.4));
#6829 = VECTOR('',#6830,1.);
#6830 = DIRECTION('',(-0.,1.,0.));
#6831 = PCURVE('',#3377,#6832);
#6832 = DEFINITIONAL_REPRESENTATION('',(#6833),#6837);
#6833 = LINE('',#6834,#6835);
#6834 = CARTESIAN_POINT('',(32.9,0.));
#6835 = VECTOR('',#6836,1.);
#6836 = DIRECTION('',(0.,-1.));
#6837 = ( GEOMETRIC_REPRESENTATION_CONTEXT(2) 
PARAMETRIC_REPRESENTATION_CONTEXT() REPRESENTATION_CONTEXT('2D SPACE',''
  ) );
#6838 = PCURVE('',#6760,#6839);
#6839 = DEFINITIONAL_REPRESENTATION('',(#6840),#6844);
#6840 = LINE('',#6841,#6842);
#6841 = CARTESIAN_POINT('',(-0.,0.));
#6842 = VECTOR('',#6843,1.);
#6843 = DIRECTION('',(-0.,1.));
#6844 = ( GEOMETRIC_REPRESENTATION_CONTEXT(2) 
PARAMETRIC_REPRESENTATION_CONTEXT() REPRESENTATION_CONTEXT('2D SPACE',''
  ) );
#6845 = ADVANCED_FACE('',(#6846),#3489,.T.);
#6846 = FACE_BOUND('',#6847,.T.);
#6847 = EDGE_LOOP('',(#6848,#6849,#6850));
#6848 = ORIENTED_EDGE('',*,*,#3561,.F.);
#6849 = ORIENTED_EDGE('',*,*,#3475,.T.);
#6850 = ORIENTED_EDGE('',*,*,#6851,.F.);
#6851 = EDGE_CURVE('',#3506,#3448,#6852,.T.);
#6852 = SURFACE_CURVE('',#6853,(#6858,#6865),.PCURVE_S1.);
#6853 = CIRCLE('',#6854,1.5);
#6854 = AXIS2_PLACEMENT_3D('',#6855,#6856,#6857);
#6855 = CARTESIAN_POINT('',(30.5,41.1,14.7));
#6856 = DIRECTION('',(0.,-1.,0.));
#6857 = DIRECTION('',(1.,0.,1.480297366167E-16));
#6858 = PCURVE('',#3489,#6859);
#6859 = DEFINITIONAL_REPRESENTATION('',(#6860),#6864);
#6860 = LINE('',#6861,#6862);
#6861 = CARTESIAN_POINT('',(0.,0.));
#6862 = VECTOR('',#6863,1.);
#6863 = DIRECTION('',(1.,0.));
#6864 = ( GEOMETRIC_REPRESENTATION_CONTEXT(2) 
PARAMETRIC_REPRESENTATION_CONTEXT() REPRESENTATION_CONTEXT('2D SPACE',''
  ) );
#6865 = PCURVE('',#6866,#6871);
#6866 = CYLINDRICAL_SURFACE('',#6867,1.5);
#6867 = AXIS2_PLACEMENT_3D('',#6868,#6869,#6870);
#6868 = CARTESIAN_POINT('',(30.5,35.6,14.7));
#6869 = DIRECTION('',(-0.,1.,0.));
#6870 = DIRECTION('',(1.,0.,-0.));
#6871 = DEFINITIONAL_REPRESENTATION('',(#6872),#6876);
#6872 = LINE('',#6873,#6874);
#6873 = CARTESIAN_POINT('',(-0.,5.5));
#6874 = VECTOR('',#6875,1.);
#6875 = DIRECTION('',(-1.,0.));
#6876 = ( GEOMETRIC_REPRESENTATION_CONTEXT(2) 
PARAMETRIC_REPRESENTATION_CONTEXT() REPRESENTATION_CONTEXT('2D SPACE',''
  ) );
#6877 = ADVANCED_FACE('',(#6878),#3463,.T.);
#6878 = FACE_BOUND('',#6879,.T.);
#6879 = EDGE_LOOP('',(#6880,#6881,#6909,#6930));
#6880 = ORIENTED_EDGE('',*,*,#6805,.T.);
#6881 = ORIENTED_EDGE('',*,*,#6882,.T.);
#6882 = EDGE_CURVE('',#6776,#6883,#6885,.T.);
#6883 = VERTEX_POINT('',#6884);
#6884 = CARTESIAN_POINT('',(30.5,37.1,16.2));
#6885 = SURFACE_CURVE('',#6886,(#6890,#6897),.PCURVE_S1.);
#6886 = LINE('',#6887,#6888);
#6887 = CARTESIAN_POINT('',(-64.,37.1,16.2));
#6888 = VECTOR('',#6889,1.);
#6889 = DIRECTION('',(1.,0.,-0.));
#6890 = PCURVE('',#3463,#6891);
#6891 = DEFINITIONAL_REPRESENTATION('',(#6892),#6896);
#6892 = LINE('',#6893,#6894);
#6893 = CARTESIAN_POINT('',(0.,1.5));
#6894 = VECTOR('',#6895,1.);
#6895 = DIRECTION('',(1.,0.));
#6896 = ( GEOMETRIC_REPRESENTATION_CONTEXT(2) 
PARAMETRIC_REPRESENTATION_CONTEXT() REPRESENTATION_CONTEXT('2D SPACE',''
  ) );
#6897 = PCURVE('',#6898,#6903);
#6898 = CYLINDRICAL_SURFACE('',#6899,1.5);
#6899 = AXIS2_PLACEMENT_3D('',#6900,#6901,#6902);
#6900 = CARTESIAN_POINT('',(-64.,37.1,14.7));
#6901 = DIRECTION('',(1.,0.,-0.));
#6902 = DIRECTION('',(0.,-1.,0.));
#6903 = DEFINITIONAL_REPRESENTATION('',(#6904),#6908);
#6904 = LINE('',#6905,#6906);
#6905 = CARTESIAN_POINT('',(-1.570796326795,0.));
#6906 = VECTOR('',#6907,1.);
#6907 = DIRECTION('',(-0.,1.));
#6908 = ( GEOMETRIC_REPRESENTATION_CONTEXT(2) 
PARAMETRIC_REPRESENTATION_CONTEXT() REPRESENTATION_CONTEXT('2D SPACE',''
  ) );
#6909 = ORIENTED_EDGE('',*,*,#6910,.T.);
#6910 = EDGE_CURVE('',#6883,#3448,#6911,.T.);
#6911 = SURFACE_CURVE('',#6912,(#6916,#6923),.PCURVE_S1.);
#6912 = LINE('',#6913,#6914);
#6913 = CARTESIAN_POINT('',(30.5,35.6,16.2));
#6914 = VECTOR('',#6915,1.);
#6915 = DIRECTION('',(-0.,1.,0.));
#6916 = PCURVE('',#3463,#6917);
#6917 = DEFINITIONAL_REPRESENTATION('',(#6918),#6922);
#6918 = LINE('',#6919,#6920);
#6919 = CARTESIAN_POINT('',(94.5,0.));
#6920 = VECTOR('',#6921,1.);
#6921 = DIRECTION('',(0.,1.));
#6922 = ( GEOMETRIC_REPRESENTATION_CONTEXT(2) 
PARAMETRIC_REPRESENTATION_CONTEXT() REPRESENTATION_CONTEXT('2D SPACE',''
  ) );
#6923 = PCURVE('',#6866,#6924);
#6924 = DEFINITIONAL_REPRESENTATION('',(#6925),#6929);
#6925 = LINE('',#6926,#6927);
#6926 = CARTESIAN_POINT('',(-1.570796326795,0.));
#6927 = VECTOR('',#6928,1.);
#6928 = DIRECTION('',(-0.,1.));
#6929 = ( GEOMETRIC_REPRESENTATION_CONTEXT(2) 
PARAMETRIC_REPRESENTATION_CONTEXT() REPRESENTATION_CONTEXT('2D SPACE',''
  ) );
#6930 = ORIENTED_EDGE('',*,*,#3447,.F.);
#6931 = ADVANCED_FACE('',(#6932),#3521,.T.);
#6932 = FACE_BOUND('',#6933,.T.);
#6933 = EDGE_LOOP('',(#6934,#6964,#6990,#6991));
#6934 = ORIENTED_EDGE('',*,*,#6935,.F.);
#6935 = EDGE_CURVE('',#6936,#6938,#6940,.T.);
#6936 = VERTEX_POINT('',#6937);
#6937 = CARTESIAN_POINT('',(32.,37.1,12.7));
#6938 = VERTEX_POINT('',#6939);
#6939 = CARTESIAN_POINT('',(32.,37.1,14.7));
#6940 = SURFACE_CURVE('',#6941,(#6945,#6952),.PCURVE_S1.);
#6941 = LINE('',#6942,#6943);
#6942 = CARTESIAN_POINT('',(32.,37.1,11.2));
#6943 = VECTOR('',#6944,1.);
#6944 = DIRECTION('',(0.,0.,1.));
#6945 = PCURVE('',#3521,#6946);
#6946 = DEFINITIONAL_REPRESENTATION('',(#6947),#6951);
#6947 = LINE('',#6948,#6949);
#6948 = CARTESIAN_POINT('',(0.,-1.5));
#6949 = VECTOR('',#6950,1.);
#6950 = DIRECTION('',(1.,0.));
#6951 = ( GEOMETRIC_REPRESENTATION_CONTEXT(2) 
PARAMETRIC_REPRESENTATION_CONTEXT() REPRESENTATION_CONTEXT('2D SPACE',''
  ) );
#6952 = PCURVE('',#6953,#6958);
#6953 = CYLINDRICAL_SURFACE('',#6954,1.5);
#6954 = AXIS2_PLACEMENT_3D('',#6955,#6956,#6957);
#6955 = CARTESIAN_POINT('',(30.5,37.1,11.2));
#6956 = DIRECTION('',(0.,0.,1.));
#6957 = DIRECTION('',(1.,0.,-0.));
#6958 = DEFINITIONAL_REPRESENTATION('',(#6959),#6963);
#6959 = LINE('',#6960,#6961);
#6960 = CARTESIAN_POINT('',(-0.,0.));
#6961 = VECTOR('',#6962,1.);
#6962 = DIRECTION('',(-0.,1.));
#6963 = ( GEOMETRIC_REPRESENTATION_CONTEXT(2) 
PARAMETRIC_REPRESENTATION_CONTEXT() REPRESENTATION_CONTEXT('2D SPACE',''
  ) );
#6964 = ORIENTED_EDGE('',*,*,#6965,.T.);
#6965 = EDGE_CURVE('',#6936,#3504,#6966,.T.);
#6966 = SURFACE_CURVE('',#6967,(#6971,#6978),.PCURVE_S1.);
#6967 = LINE('',#6968,#6969);
#6968 = CARTESIAN_POINT('',(32.,35.6,12.7));
#6969 = VECTOR('',#6970,1.);
#6970 = DIRECTION('',(-0.,1.,0.));
#6971 = PCURVE('',#3521,#6972);
#6972 = DEFINITIONAL_REPRESENTATION('',(#6973),#6977);
#6973 = LINE('',#6974,#6975);
#6974 = CARTESIAN_POINT('',(1.5,0.));
#6975 = VECTOR('',#6976,1.);
#6976 = DIRECTION('',(0.,-1.));
#6977 = ( GEOMETRIC_REPRESENTATION_CONTEXT(2) 
PARAMETRIC_REPRESENTATION_CONTEXT() REPRESENTATION_CONTEXT('2D SPACE',''
  ) );
#6978 = PCURVE('',#6979,#6984);
#6979 = CYLINDRICAL_SURFACE('',#6980,1.5);
#6980 = AXIS2_PLACEMENT_3D('',#6981,#6982,#6983);
#6981 = CARTESIAN_POINT('',(30.5,35.6,12.7));
#6982 = DIRECTION('',(-0.,1.,0.));
#6983 = DIRECTION('',(1.,0.,-0.));
#6984 = DEFINITIONAL_REPRESENTATION('',(#6985),#6989);
#6985 = LINE('',#6986,#6987);
#6986 = CARTESIAN_POINT('',(0.,0.));
#6987 = VECTOR('',#6988,1.);
#6988 = DIRECTION('',(0.,1.));
#6989 = ( GEOMETRIC_REPRESENTATION_CONTEXT(2) 
PARAMETRIC_REPRESENTATION_CONTEXT() REPRESENTATION_CONTEXT('2D SPACE',''
  ) );
#6990 = ORIENTED_EDGE('',*,*,#3503,.T.);
#6991 = ORIENTED_EDGE('',*,*,#6992,.F.);
#6992 = EDGE_CURVE('',#6938,#3506,#6993,.T.);
#6993 = SURFACE_CURVE('',#6994,(#6998,#7005),.PCURVE_S1.);
#6994 = LINE('',#6995,#6996);
#6995 = CARTESIAN_POINT('',(32.,35.6,14.7));
#6996 = VECTOR('',#6997,1.);
#6997 = DIRECTION('',(-0.,1.,0.));
#6998 = PCURVE('',#3521,#6999);
#6999 = DEFINITIONAL_REPRESENTATION('',(#7000),#7004);
#7000 = LINE('',#7001,#7002);
#7001 = CARTESIAN_POINT('',(3.5,0.));
#7002 = VECTOR('',#7003,1.);
#7003 = DIRECTION('',(0.,-1.));
#7004 = ( GEOMETRIC_REPRESENTATION_CONTEXT(2) 
PARAMETRIC_REPRESENTATION_CONTEXT() REPRESENTATION_CONTEXT('2D SPACE',''
  ) );
#7005 = PCURVE('',#6866,#7006);
#7006 = DEFINITIONAL_REPRESENTATION('',(#7007),#7011);
#7007 = LINE('',#7008,#7009);
#7008 = CARTESIAN_POINT('',(-0.,0.));
#7009 = VECTOR('',#7010,1.);
#7010 = DIRECTION('',(-0.,1.));
#7011 = ( GEOMETRIC_REPRESENTATION_CONTEXT(2) 
PARAMETRIC_REPRESENTATION_CONTEXT() REPRESENTATION_CONTEXT('2D SPACE',''
  ) );
#7012 = ADVANCED_FACE('',(#7013),#3548,.T.);
#7013 = FACE_BOUND('',#7014,.T.);
#7014 = EDGE_LOOP('',(#7015,#7035,#7036));
#7015 = ORIENTED_EDGE('',*,*,#7016,.F.);
#7016 = EDGE_CURVE('',#3619,#3504,#7017,.T.);
#7017 = SURFACE_CURVE('',#7018,(#7023,#7029),.PCURVE_S1.);
#7018 = CIRCLE('',#7019,1.5);
#7019 = AXIS2_PLACEMENT_3D('',#7020,#7021,#7022);
#7020 = CARTESIAN_POINT('',(30.5,41.1,12.7));
#7021 = DIRECTION('',(0.,-1.,0.));
#7022 = DIRECTION('',(1.,0.,0.));
#7023 = PCURVE('',#3548,#7024);
#7024 = DEFINITIONAL_REPRESENTATION('',(#7025),#7028);
#7025 = B_SPLINE_CURVE_WITH_KNOTS('',1,(#7026,#7027),.UNSPECIFIED.,.F.,
  .F.,(2,2),(4.712388980385,6.28318530718),.PIECEWISE_BEZIER_KNOTS.);
#7026 = CARTESIAN_POINT('',(0.,-1.570796326795));
#7027 = CARTESIAN_POINT('',(0.,0.));
#7028 = ( GEOMETRIC_REPRESENTATION_CONTEXT(2) 
PARAMETRIC_REPRESENTATION_CONTEXT() REPRESENTATION_CONTEXT('2D SPACE',''
  ) );
#7029 = PCURVE('',#6979,#7030);
#7030 = DEFINITIONAL_REPRESENTATION('',(#7031),#7034);
#7031 = B_SPLINE_CURVE_WITH_KNOTS('',1,(#7032,#7033),.UNSPECIFIED.,.F.,
  .F.,(2,2),(4.712388980385,6.28318530718),.PIECEWISE_BEZIER_KNOTS.);
#7032 = CARTESIAN_POINT('',(1.570796326795,5.5));
#7033 = CARTESIAN_POINT('',(0.,5.5));
#7034 = ( GEOMETRIC_REPRESENTATION_CONTEXT(2) 
PARAMETRIC_REPRESENTATION_CONTEXT() REPRESENTATION_CONTEXT('2D SPACE',''
  ) );
#7035 = ORIENTED_EDGE('',*,*,#3646,.T.);
#7036 = ORIENTED_EDGE('',*,*,#3533,.F.);
#7037 = ADVANCED_FACE('',(#7038),#3634,.F.);
#7038 = FACE_BOUND('',#7039,.F.);
#7039 = EDGE_LOOP('',(#7040,#7061,#7089,#7110));
#7040 = ORIENTED_EDGE('',*,*,#7041,.T.);
#7041 = EDGE_CURVE('',#3585,#7042,#7044,.T.);
#7042 = VERTEX_POINT('',#7043);
#7043 = CARTESIAN_POINT('',(-12.5,37.1,11.2));
#7044 = SURFACE_CURVE('',#7045,(#7049,#7055),.PCURVE_S1.);
#7045 = LINE('',#7046,#7047);
#7046 = CARTESIAN_POINT('',(-12.5,35.6,11.2));
#7047 = VECTOR('',#7048,1.);
#7048 = DIRECTION('',(0.,-1.,0.));
#7049 = PCURVE('',#3634,#7050);
#7050 = DEFINITIONAL_REPRESENTATION('',(#7051),#7054);
#7051 = B_SPLINE_CURVE_WITH_KNOTS('',1,(#7052,#7053),.UNSPECIFIED.,.F.,
  .F.,(2,2),(-5.5,-1.5),.PIECEWISE_BEZIER_KNOTS.);
#7052 = CARTESIAN_POINT('',(51.5,5.5));
#7053 = CARTESIAN_POINT('',(51.5,1.5));
#7054 = ( GEOMETRIC_REPRESENTATION_CONTEXT(2) 
PARAMETRIC_REPRESENTATION_CONTEXT() REPRESENTATION_CONTEXT('2D SPACE',''
  ) );
#7055 = PCURVE('',#3686,#7056);
#7056 = DEFINITIONAL_REPRESENTATION('',(#7057),#7060);
#7057 = B_SPLINE_CURVE_WITH_KNOTS('',1,(#7058,#7059),.UNSPECIFIED.,.F.,
  .F.,(2,2),(-5.5,-1.5),.PIECEWISE_BEZIER_KNOTS.);
#7058 = CARTESIAN_POINT('',(14.7,-5.5));
#7059 = CARTESIAN_POINT('',(14.7,-1.5));
#7060 = ( GEOMETRIC_REPRESENTATION_CONTEXT(2) 
PARAMETRIC_REPRESENTATION_CONTEXT() REPRESENTATION_CONTEXT('2D SPACE',''
  ) );
#7061 = ORIENTED_EDGE('',*,*,#7062,.T.);
#7062 = EDGE_CURVE('',#7042,#7063,#7065,.T.);
#7063 = VERTEX_POINT('',#7064);
#7064 = CARTESIAN_POINT('',(30.5,37.1,11.2));
#7065 = SURFACE_CURVE('',#7066,(#7070,#7077),.PCURVE_S1.);
#7066 = LINE('',#7067,#7068);
#7067 = CARTESIAN_POINT('',(-64.,37.1,11.2));
#7068 = VECTOR('',#7069,1.);
#7069 = DIRECTION('',(1.,0.,-0.));
#7070 = PCURVE('',#3634,#7071);
#7071 = DEFINITIONAL_REPRESENTATION('',(#7072),#7076);
#7072 = LINE('',#7073,#7074);
#7073 = CARTESIAN_POINT('',(0.,1.5));
#7074 = VECTOR('',#7075,1.);
#7075 = DIRECTION('',(1.,0.));
#7076 = ( GEOMETRIC_REPRESENTATION_CONTEXT(2) 
PARAMETRIC_REPRESENTATION_CONTEXT() REPRESENTATION_CONTEXT('2D SPACE',''
  ) );
#7077 = PCURVE('',#7078,#7083);
#7078 = CYLINDRICAL_SURFACE('',#7079,1.5);
#7079 = AXIS2_PLACEMENT_3D('',#7080,#7081,#7082);
#7080 = CARTESIAN_POINT('',(-64.,37.1,12.7));
#7081 = DIRECTION('',(1.,0.,-0.));
#7082 = DIRECTION('',(0.,-1.,0.));
#7083 = DEFINITIONAL_REPRESENTATION('',(#7084),#7088);
#7084 = LINE('',#7085,#7086);
#7085 = CARTESIAN_POINT('',(1.570796326795,0.));
#7086 = VECTOR('',#7087,1.);
#7087 = DIRECTION('',(0.,1.));
#7088 = ( GEOMETRIC_REPRESENTATION_CONTEXT(2) 
PARAMETRIC_REPRESENTATION_CONTEXT() REPRESENTATION_CONTEXT('2D SPACE',''
  ) );
#7089 = ORIENTED_EDGE('',*,*,#7090,.T.);
#7090 = EDGE_CURVE('',#7063,#3619,#7091,.T.);
#7091 = SURFACE_CURVE('',#7092,(#7096,#7103),.PCURVE_S1.);
#7092 = LINE('',#7093,#7094);
#7093 = CARTESIAN_POINT('',(30.5,35.6,11.2));
#7094 = VECTOR('',#7095,1.);
#7095 = DIRECTION('',(-0.,1.,0.));
#7096 = PCURVE('',#3634,#7097);
#7097 = DEFINITIONAL_REPRESENTATION('',(#7098),#7102);
#7098 = LINE('',#7099,#7100);
#7099 = CARTESIAN_POINT('',(94.5,0.));
#7100 = VECTOR('',#7101,1.);
#7101 = DIRECTION('',(0.,1.));
#7102 = ( GEOMETRIC_REPRESENTATION_CONTEXT(2) 
PARAMETRIC_REPRESENTATION_CONTEXT() REPRESENTATION_CONTEXT('2D SPACE',''
  ) );
#7103 = PCURVE('',#6979,#7104);
#7104 = DEFINITIONAL_REPRESENTATION('',(#7105),#7109);
#7105 = LINE('',#7106,#7107);
#7106 = CARTESIAN_POINT('',(1.570796326795,0.));
#7107 = VECTOR('',#7108,1.);
#7108 = DIRECTION('',(0.,1.));
#7109 = ( GEOMETRIC_REPRESENTATION_CONTEXT(2) 
PARAMETRIC_REPRESENTATION_CONTEXT() REPRESENTATION_CONTEXT('2D SPACE',''
  ) );
#7110 = ORIENTED_EDGE('',*,*,#3618,.F.);
#7111 = ADVANCED_FACE('',(#7112),#3686,.T.);
#7112 = FACE_BOUND('',#7113,.T.);
#7113 = EDGE_LOOP('',(#7114,#7142,#7163,#7164));
#7114 = ORIENTED_EDGE('',*,*,#7115,.F.);
#7115 = EDGE_CURVE('',#7116,#7042,#7118,.T.);
#7116 = VERTEX_POINT('',#7117);
#7117 = CARTESIAN_POINT('',(-12.5,37.1,-2.));
#7118 = SURFACE_CURVE('',#7119,(#7123,#7130),.PCURVE_S1.);
#7119 = LINE('',#7120,#7121);
#7120 = CARTESIAN_POINT('',(-12.5,37.1,-3.5));
#7121 = VECTOR('',#7122,1.);
#7122 = DIRECTION('',(0.,0.,1.));
#7123 = PCURVE('',#3686,#7124);
#7124 = DEFINITIONAL_REPRESENTATION('',(#7125),#7129);
#7125 = LINE('',#7126,#7127);
#7126 = CARTESIAN_POINT('',(0.,-1.5));
#7127 = VECTOR('',#7128,1.);
#7128 = DIRECTION('',(1.,0.));
#7129 = ( GEOMETRIC_REPRESENTATION_CONTEXT(2) 
PARAMETRIC_REPRESENTATION_CONTEXT() REPRESENTATION_CONTEXT('2D SPACE',''
  ) );
#7130 = PCURVE('',#7131,#7136);
#7131 = CYLINDRICAL_SURFACE('',#7132,1.5);
#7132 = AXIS2_PLACEMENT_3D('',#7133,#7134,#7135);
#7133 = CARTESIAN_POINT('',(-14.,37.1,-3.5));
#7134 = DIRECTION('',(0.,0.,1.));
#7135 = DIRECTION('',(1.,0.,-0.));
#7136 = DEFINITIONAL_REPRESENTATION('',(#7137),#7141);
#7137 = LINE('',#7138,#7139);
#7138 = CARTESIAN_POINT('',(-0.,0.));
#7139 = VECTOR('',#7140,1.);
#7140 = DIRECTION('',(-0.,1.));
#7141 = ( GEOMETRIC_REPRESENTATION_CONTEXT(2) 
PARAMETRIC_REPRESENTATION_CONTEXT() REPRESENTATION_CONTEXT('2D SPACE',''
  ) );
#7142 = ORIENTED_EDGE('',*,*,#7143,.T.);
#7143 = EDGE_CURVE('',#7116,#3671,#7144,.T.);
#7144 = SURFACE_CURVE('',#7145,(#7149,#7156),.PCURVE_S1.);
#7145 = LINE('',#7146,#7147);
#7146 = CARTESIAN_POINT('',(-12.5,35.6,-2.));
#7147 = VECTOR('',#7148,1.);
#7148 = DIRECTION('',(-0.,1.,0.));
#7149 = PCURVE('',#3686,#7150);
#7150 = DEFINITIONAL_REPRESENTATION('',(#7151),#7155);
#7151 = LINE('',#7152,#7153);
#7152 = CARTESIAN_POINT('',(1.5,0.));
#7153 = VECTOR('',#7154,1.);
#7154 = DIRECTION('',(0.,-1.));
#7155 = ( GEOMETRIC_REPRESENTATION_CONTEXT(2) 
PARAMETRIC_REPRESENTATION_CONTEXT() REPRESENTATION_CONTEXT('2D SPACE',''
  ) );
#7156 = PCURVE('',#5433,#7157);
#7157 = DEFINITIONAL_REPRESENTATION('',(#7158),#7162);
#7158 = LINE('',#7159,#7160);
#7159 = CARTESIAN_POINT('',(0.,0.));
#7160 = VECTOR('',#7161,1.);
#7161 = DIRECTION('',(0.,1.));
#7162 = ( GEOMETRIC_REPRESENTATION_CONTEXT(2) 
PARAMETRIC_REPRESENTATION_CONTEXT() REPRESENTATION_CONTEXT('2D SPACE',''
  ) );
#7163 = ORIENTED_EDGE('',*,*,#3670,.T.);
#7164 = ORIENTED_EDGE('',*,*,#7041,.T.);
#7165 = ADVANCED_FACE('',(#7166),#3788,.F.);
#7166 = FACE_BOUND('',#7167,.F.);
#7167 = EDGE_LOOP('',(#7168,#7198,#7219,#7220));
#7168 = ORIENTED_EDGE('',*,*,#7169,.F.);
#7169 = EDGE_CURVE('',#7170,#7172,#7174,.T.);
#7170 = VERTEX_POINT('',#7171);
#7171 = CARTESIAN_POINT('',(-67.,37.1,31.9));
#7172 = VERTEX_POINT('',#7173);
#7173 = CARTESIAN_POINT('',(-67.,37.1,32.9));
#7174 = SURFACE_CURVE('',#7175,(#7179,#7186),.PCURVE_S1.);
#7175 = LINE('',#7176,#7177);
#7176 = CARTESIAN_POINT('',(-67.,37.1,30.4));
#7177 = VECTOR('',#7178,1.);
#7178 = DIRECTION('',(0.,0.,1.));
#7179 = PCURVE('',#3788,#7180);
#7180 = DEFINITIONAL_REPRESENTATION('',(#7181),#7185);
#7181 = LINE('',#7182,#7183);
#7182 = CARTESIAN_POINT('',(0.,-1.5));
#7183 = VECTOR('',#7184,1.);
#7184 = DIRECTION('',(1.,0.));
#7185 = ( GEOMETRIC_REPRESENTATION_CONTEXT(2) 
PARAMETRIC_REPRESENTATION_CONTEXT() REPRESENTATION_CONTEXT('2D SPACE',''
  ) );
#7186 = PCURVE('',#7187,#7192);
#7187 = CYLINDRICAL_SURFACE('',#7188,1.5);
#7188 = AXIS2_PLACEMENT_3D('',#7189,#7190,#7191);
#7189 = CARTESIAN_POINT('',(-65.5,37.1,30.4));
#7190 = DIRECTION('',(0.,0.,1.));
#7191 = DIRECTION('',(-1.,-0.,0.));
#7192 = DEFINITIONAL_REPRESENTATION('',(#7193),#7197);
#7193 = LINE('',#7194,#7195);
#7194 = CARTESIAN_POINT('',(0.,0.));
#7195 = VECTOR('',#7196,1.);
#7196 = DIRECTION('',(0.,1.));
#7197 = ( GEOMETRIC_REPRESENTATION_CONTEXT(2) 
PARAMETRIC_REPRESENTATION_CONTEXT() REPRESENTATION_CONTEXT('2D SPACE',''
  ) );
#7198 = ORIENTED_EDGE('',*,*,#7199,.T.);
#7199 = EDGE_CURVE('',#7170,#3771,#7200,.T.);
#7200 = SURFACE_CURVE('',#7201,(#7205,#7212),.PCURVE_S1.);
#7201 = LINE('',#7202,#7203);
#7202 = CARTESIAN_POINT('',(-67.,35.6,31.9));
#7203 = VECTOR('',#7204,1.);
#7204 = DIRECTION('',(-0.,1.,0.));
#7205 = PCURVE('',#3788,#7206);
#7206 = DEFINITIONAL_REPRESENTATION('',(#7207),#7211);
#7207 = LINE('',#7208,#7209);
#7208 = CARTESIAN_POINT('',(1.5,0.));
#7209 = VECTOR('',#7210,1.);
#7210 = DIRECTION('',(0.,-1.));
#7211 = ( GEOMETRIC_REPRESENTATION_CONTEXT(2) 
PARAMETRIC_REPRESENTATION_CONTEXT() REPRESENTATION_CONTEXT('2D SPACE',''
  ) );
#7212 = PCURVE('',#6073,#7213);
#7213 = DEFINITIONAL_REPRESENTATION('',(#7214),#7218);
#7214 = LINE('',#7215,#7216);
#7215 = CARTESIAN_POINT('',(-0.,0.));
#7216 = VECTOR('',#7217,1.);
#7217 = DIRECTION('',(-0.,1.));
#7218 = ( GEOMETRIC_REPRESENTATION_CONTEXT(2) 
PARAMETRIC_REPRESENTATION_CONTEXT() REPRESENTATION_CONTEXT('2D SPACE',''
  ) );
#7219 = ORIENTED_EDGE('',*,*,#3770,.T.);
#7220 = ORIENTED_EDGE('',*,*,#7221,.F.);
#7221 = EDGE_CURVE('',#7172,#3773,#7222,.T.);
#7222 = SURFACE_CURVE('',#7223,(#7227,#7234),.PCURVE_S1.);
#7223 = LINE('',#7224,#7225);
#7224 = CARTESIAN_POINT('',(-67.,35.6,32.9));
#7225 = VECTOR('',#7226,1.);
#7226 = DIRECTION('',(-0.,1.,0.));
#7227 = PCURVE('',#3788,#7228);
#7228 = DEFINITIONAL_REPRESENTATION('',(#7229),#7233);
#7229 = LINE('',#7230,#7231);
#7230 = CARTESIAN_POINT('',(2.5,0.));
#7231 = VECTOR('',#7232,1.);
#7232 = DIRECTION('',(0.,-1.));
#7233 = ( GEOMETRIC_REPRESENTATION_CONTEXT(2) 
PARAMETRIC_REPRESENTATION_CONTEXT() REPRESENTATION_CONTEXT('2D SPACE',''
  ) );
#7234 = PCURVE('',#7235,#7240);
#7235 = CYLINDRICAL_SURFACE('',#7236,1.5);
#7236 = AXIS2_PLACEMENT_3D('',#7237,#7238,#7239);
#7237 = CARTESIAN_POINT('',(-65.5,35.6,32.9));
#7238 = DIRECTION('',(-0.,1.,0.));
#7239 = DIRECTION('',(-1.,-0.,0.));
#7240 = DEFINITIONAL_REPRESENTATION('',(#7241),#7245);
#7241 = LINE('',#7242,#7243);
#7242 = CARTESIAN_POINT('',(0.,0.));
#7243 = VECTOR('',#7244,1.);
#7244 = DIRECTION('',(0.,1.));
#7245 = ( GEOMETRIC_REPRESENTATION_CONTEXT(2) 
PARAMETRIC_REPRESENTATION_CONTEXT() REPRESENTATION_CONTEXT('2D SPACE',''
  ) );
#7246 = ADVANCED_FACE('',(#7247),#3837,.T.);
#7247 = FACE_BOUND('',#7248,.F.);
#7248 = EDGE_LOOP('',(#7249,#7250,#7251));
#7249 = ORIENTED_EDGE('',*,*,#3823,.F.);
#7250 = ORIENTED_EDGE('',*,*,#3851,.T.);
#7251 = ORIENTED_EDGE('',*,*,#7252,.F.);
#7252 = EDGE_CURVE('',#3773,#3852,#7253,.T.);
#7253 = SURFACE_CURVE('',#7254,(#7259,#7266),.PCURVE_S1.);
#7254 = CIRCLE('',#7255,1.5);
#7255 = AXIS2_PLACEMENT_3D('',#7256,#7257,#7258);
#7256 = CARTESIAN_POINT('',(-65.5,41.1,32.9));
#7257 = DIRECTION('',(-0.,1.,0.));
#7258 = DIRECTION('',(-1.,-0.,1.480297366167E-16));
#7259 = PCURVE('',#3837,#7260);
#7260 = DEFINITIONAL_REPRESENTATION('',(#7261),#7265);
#7261 = LINE('',#7262,#7263);
#7262 = CARTESIAN_POINT('',(-0.,0.));
#7263 = VECTOR('',#7264,1.);
#7264 = DIRECTION('',(-1.,0.));
#7265 = ( GEOMETRIC_REPRESENTATION_CONTEXT(2) 
PARAMETRIC_REPRESENTATION_CONTEXT() REPRESENTATION_CONTEXT('2D SPACE',''
  ) );
#7266 = PCURVE('',#7235,#7267);
#7267 = DEFINITIONAL_REPRESENTATION('',(#7268),#7272);
#7268 = LINE('',#7269,#7270);
#7269 = CARTESIAN_POINT('',(0.,5.5));
#7270 = VECTOR('',#7271,1.);
#7271 = DIRECTION('',(1.,0.));
#7272 = ( GEOMETRIC_REPRESENTATION_CONTEXT(2) 
PARAMETRIC_REPRESENTATION_CONTEXT() REPRESENTATION_CONTEXT('2D SPACE',''
  ) );
#7273 = ADVANCED_FACE('',(#7274),#3889,.T.);
#7274 = FACE_BOUND('',#7275,.T.);
#7275 = EDGE_LOOP('',(#7276,#7299,#7327,#7353));
#7276 = ORIENTED_EDGE('',*,*,#7277,.F.);
#7277 = EDGE_CURVE('',#7278,#3852,#7280,.T.);
#7278 = VERTEX_POINT('',#7279);
#7279 = CARTESIAN_POINT('',(-65.5,37.1,34.4));
#7280 = SURFACE_CURVE('',#7281,(#7285,#7292),.PCURVE_S1.);
#7281 = LINE('',#7282,#7283);
#7282 = CARTESIAN_POINT('',(-65.5,35.6,34.4));
#7283 = VECTOR('',#7284,1.);
#7284 = DIRECTION('',(-0.,1.,0.));
#7285 = PCURVE('',#3889,#7286);
#7286 = DEFINITIONAL_REPRESENTATION('',(#7287),#7291);
#7287 = LINE('',#7288,#7289);
#7288 = CARTESIAN_POINT('',(1.5,0.));
#7289 = VECTOR('',#7290,1.);
#7290 = DIRECTION('',(0.,1.));
#7291 = ( GEOMETRIC_REPRESENTATION_CONTEXT(2) 
PARAMETRIC_REPRESENTATION_CONTEXT() REPRESENTATION_CONTEXT('2D SPACE',''
  ) );
#7292 = PCURVE('',#7235,#7293);
#7293 = DEFINITIONAL_REPRESENTATION('',(#7294),#7298);
#7294 = LINE('',#7295,#7296);
#7295 = CARTESIAN_POINT('',(1.570796326795,0.));
#7296 = VECTOR('',#7297,1.);
#7297 = DIRECTION('',(0.,1.));
#7298 = ( GEOMETRIC_REPRESENTATION_CONTEXT(2) 
PARAMETRIC_REPRESENTATION_CONTEXT() REPRESENTATION_CONTEXT('2D SPACE',''
  ) );
#7299 = ORIENTED_EDGE('',*,*,#7300,.T.);
#7300 = EDGE_CURVE('',#7278,#7301,#7303,.T.);
#7301 = VERTEX_POINT('',#7302);
#7302 = CARTESIAN_POINT('',(33.5,37.1,34.4));
#7303 = SURFACE_CURVE('',#7304,(#7308,#7315),.PCURVE_S1.);
#7304 = LINE('',#7305,#7306);
#7305 = CARTESIAN_POINT('',(-67.,37.1,34.4));
#7306 = VECTOR('',#7307,1.);
#7307 = DIRECTION('',(1.,0.,-0.));
#7308 = PCURVE('',#3889,#7309);
#7309 = DEFINITIONAL_REPRESENTATION('',(#7310),#7314);
#7310 = LINE('',#7311,#7312);
#7311 = CARTESIAN_POINT('',(0.,1.5));
#7312 = VECTOR('',#7313,1.);
#7313 = DIRECTION('',(1.,0.));
#7314 = ( GEOMETRIC_REPRESENTATION_CONTEXT(2) 
PARAMETRIC_REPRESENTATION_CONTEXT() REPRESENTATION_CONTEXT('2D SPACE',''
  ) );
#7315 = PCURVE('',#7316,#7321);
#7316 = CYLINDRICAL_SURFACE('',#7317,1.5);
#7317 = AXIS2_PLACEMENT_3D('',#7318,#7319,#7320);
#7318 = CARTESIAN_POINT('',(-67.,37.1,32.9));
#7319 = DIRECTION('',(1.,0.,-0.));
#7320 = DIRECTION('',(0.,-1.,0.));
#7321 = DEFINITIONAL_REPRESENTATION('',(#7322),#7326);
#7322 = LINE('',#7323,#7324);
#7323 = CARTESIAN_POINT('',(-1.570796326795,0.));
#7324 = VECTOR('',#7325,1.);
#7325 = DIRECTION('',(-0.,1.));
#7326 = ( GEOMETRIC_REPRESENTATION_CONTEXT(2) 
PARAMETRIC_REPRESENTATION_CONTEXT() REPRESENTATION_CONTEXT('2D SPACE',''
  ) );
#7327 = ORIENTED_EDGE('',*,*,#7328,.T.);
#7328 = EDGE_CURVE('',#7301,#3874,#7329,.T.);
#7329 = SURFACE_CURVE('',#7330,(#7334,#7341),.PCURVE_S1.);
#7330 = LINE('',#7331,#7332);
#7331 = CARTESIAN_POINT('',(33.5,35.6,34.4));
#7332 = VECTOR('',#7333,1.);
#7333 = DIRECTION('',(-0.,1.,0.));
#7334 = PCURVE('',#3889,#7335);
#7335 = DEFINITIONAL_REPRESENTATION('',(#7336),#7340);
#7336 = LINE('',#7337,#7338);
#7337 = CARTESIAN_POINT('',(100.5,0.));
#7338 = VECTOR('',#7339,1.);
#7339 = DIRECTION('',(0.,1.));
#7340 = ( GEOMETRIC_REPRESENTATION_CONTEXT(2) 
PARAMETRIC_REPRESENTATION_CONTEXT() REPRESENTATION_CONTEXT('2D SPACE',''
  ) );
#7341 = PCURVE('',#7342,#7347);
#7342 = CYLINDRICAL_SURFACE('',#7343,1.5);
#7343 = AXIS2_PLACEMENT_3D('',#7344,#7345,#7346);
#7344 = CARTESIAN_POINT('',(33.5,35.6,32.9));
#7345 = DIRECTION('',(-0.,1.,0.));
#7346 = DIRECTION('',(1.,0.,-0.));
#7347 = DEFINITIONAL_REPRESENTATION('',(#7348),#7352);
#7348 = LINE('',#7349,#7350);
#7349 = CARTESIAN_POINT('',(-1.570796326795,0.));
#7350 = VECTOR('',#7351,1.);
#7351 = DIRECTION('',(-0.,1.));
#7352 = ( GEOMETRIC_REPRESENTATION_CONTEXT(2) 
PARAMETRIC_REPRESENTATION_CONTEXT() REPRESENTATION_CONTEXT('2D SPACE',''
  ) );
#7353 = ORIENTED_EDGE('',*,*,#3873,.F.);
#7354 = ADVANCED_FACE('',(#7355),#3915,.T.);
#7355 = FACE_BOUND('',#7356,.T.);
#7356 = EDGE_LOOP('',(#7357,#7358,#7359));
#7357 = ORIENTED_EDGE('',*,*,#3988,.F.);
#7358 = ORIENTED_EDGE('',*,*,#3901,.T.);
#7359 = ORIENTED_EDGE('',*,*,#7360,.F.);
#7360 = EDGE_CURVE('',#3933,#3874,#7361,.T.);
#7361 = SURFACE_CURVE('',#7362,(#7367,#7374),.PCURVE_S1.);
#7362 = CIRCLE('',#7363,1.5);
#7363 = AXIS2_PLACEMENT_3D('',#7364,#7365,#7366);
#7364 = CARTESIAN_POINT('',(33.5,41.1,32.9));
#7365 = DIRECTION('',(0.,-1.,0.));
#7366 = DIRECTION('',(1.,0.,1.480297366167E-16));
#7367 = PCURVE('',#3915,#7368);
#7368 = DEFINITIONAL_REPRESENTATION('',(#7369),#7373);
#7369 = LINE('',#7370,#7371);
#7370 = CARTESIAN_POINT('',(0.,0.));
#7371 = VECTOR('',#7372,1.);
#7372 = DIRECTION('',(1.,0.));
#7373 = ( GEOMETRIC_REPRESENTATION_CONTEXT(2) 
PARAMETRIC_REPRESENTATION_CONTEXT() REPRESENTATION_CONTEXT('2D SPACE',''
  ) );
#7374 = PCURVE('',#7342,#7375);
#7375 = DEFINITIONAL_REPRESENTATION('',(#7376),#7380);
#7376 = LINE('',#7377,#7378);
#7377 = CARTESIAN_POINT('',(-0.,5.5));
#7378 = VECTOR('',#7379,1.);
#7379 = DIRECTION('',(-1.,0.));
#7380 = ( GEOMETRIC_REPRESENTATION_CONTEXT(2) 
PARAMETRIC_REPRESENTATION_CONTEXT() REPRESENTATION_CONTEXT('2D SPACE',''
  ) );
#7381 = ADVANCED_FACE('',(#7382),#3948,.T.);
#7382 = FACE_BOUND('',#7383,.T.);
#7383 = EDGE_LOOP('',(#7384,#7414,#7440,#7441));
#7384 = ORIENTED_EDGE('',*,*,#7385,.F.);
#7385 = EDGE_CURVE('',#7386,#7388,#7390,.T.);
#7386 = VERTEX_POINT('',#7387);
#7387 = CARTESIAN_POINT('',(35.,37.1,31.9));
#7388 = VERTEX_POINT('',#7389);
#7389 = CARTESIAN_POINT('',(35.,37.1,32.9));
#7390 = SURFACE_CURVE('',#7391,(#7395,#7402),.PCURVE_S1.);
#7391 = LINE('',#7392,#7393);
#7392 = CARTESIAN_POINT('',(35.,37.1,30.4));
#7393 = VECTOR('',#7394,1.);
#7394 = DIRECTION('',(0.,0.,1.));
#7395 = PCURVE('',#3948,#7396);
#7396 = DEFINITIONAL_REPRESENTATION('',(#7397),#7401);
#7397 = LINE('',#7398,#7399);
#7398 = CARTESIAN_POINT('',(0.,-1.5));
#7399 = VECTOR('',#7400,1.);
#7400 = DIRECTION('',(1.,0.));
#7401 = ( GEOMETRIC_REPRESENTATION_CONTEXT(2) 
PARAMETRIC_REPRESENTATION_CONTEXT() REPRESENTATION_CONTEXT('2D SPACE',''
  ) );
#7402 = PCURVE('',#7403,#7408);
#7403 = CYLINDRICAL_SURFACE('',#7404,1.5);
#7404 = AXIS2_PLACEMENT_3D('',#7405,#7406,#7407);
#7405 = CARTESIAN_POINT('',(33.5,37.1,30.4));
#7406 = DIRECTION('',(0.,0.,1.));
#7407 = DIRECTION('',(1.,0.,-0.));
#7408 = DEFINITIONAL_REPRESENTATION('',(#7409),#7413);
#7409 = LINE('',#7410,#7411);
#7410 = CARTESIAN_POINT('',(-0.,0.));
#7411 = VECTOR('',#7412,1.);
#7412 = DIRECTION('',(-0.,1.));
#7413 = ( GEOMETRIC_REPRESENTATION_CONTEXT(2) 
PARAMETRIC_REPRESENTATION_CONTEXT() REPRESENTATION_CONTEXT('2D SPACE',''
  ) );
#7414 = ORIENTED_EDGE('',*,*,#7415,.T.);
#7415 = EDGE_CURVE('',#7386,#3931,#7416,.T.);
#7416 = SURFACE_CURVE('',#7417,(#7421,#7428),.PCURVE_S1.);
#7417 = LINE('',#7418,#7419);
#7418 = CARTESIAN_POINT('',(35.,35.6,31.9));
#7419 = VECTOR('',#7420,1.);
#7420 = DIRECTION('',(-0.,1.,0.));
#7421 = PCURVE('',#3948,#7422);
#7422 = DEFINITIONAL_REPRESENTATION('',(#7423),#7427);
#7423 = LINE('',#7424,#7425);
#7424 = CARTESIAN_POINT('',(1.5,0.));
#7425 = VECTOR('',#7426,1.);
#7426 = DIRECTION('',(0.,-1.));
#7427 = ( GEOMETRIC_REPRESENTATION_CONTEXT(2) 
PARAMETRIC_REPRESENTATION_CONTEXT() REPRESENTATION_CONTEXT('2D SPACE',''
  ) );
#7428 = PCURVE('',#7429,#7434);
#7429 = CYLINDRICAL_SURFACE('',#7430,1.5);
#7430 = AXIS2_PLACEMENT_3D('',#7431,#7432,#7433);
#7431 = CARTESIAN_POINT('',(33.5,35.6,31.9));
#7432 = DIRECTION('',(-0.,1.,0.));
#7433 = DIRECTION('',(1.,0.,-0.));
#7434 = DEFINITIONAL_REPRESENTATION('',(#7435),#7439);
#7435 = LINE('',#7436,#7437);
#7436 = CARTESIAN_POINT('',(0.,0.));
#7437 = VECTOR('',#7438,1.);
#7438 = DIRECTION('',(0.,1.));
#7439 = ( GEOMETRIC_REPRESENTATION_CONTEXT(2) 
PARAMETRIC_REPRESENTATION_CONTEXT() REPRESENTATION_CONTEXT('2D SPACE',''
  ) );
#7440 = ORIENTED_EDGE('',*,*,#3930,.T.);
#7441 = ORIENTED_EDGE('',*,*,#7442,.F.);
#7442 = EDGE_CURVE('',#7388,#3933,#7443,.T.);
#7443 = SURFACE_CURVE('',#7444,(#7448,#7455),.PCURVE_S1.);
#7444 = LINE('',#7445,#7446);
#7445 = CARTESIAN_POINT('',(35.,35.6,32.9));
#7446 = VECTOR('',#7447,1.);
#7447 = DIRECTION('',(-0.,1.,0.));
#7448 = PCURVE('',#3948,#7449);
#7449 = DEFINITIONAL_REPRESENTATION('',(#7450),#7454);
#7450 = LINE('',#7451,#7452);
#7451 = CARTESIAN_POINT('',(2.5,0.));
#7452 = VECTOR('',#7453,1.);
#7453 = DIRECTION('',(0.,-1.));
#7454 = ( GEOMETRIC_REPRESENTATION_CONTEXT(2) 
PARAMETRIC_REPRESENTATION_CONTEXT() REPRESENTATION_CONTEXT('2D SPACE',''
  ) );
#7455 = PCURVE('',#7342,#7456);
#7456 = DEFINITIONAL_REPRESENTATION('',(#7457),#7461);
#7457 = LINE('',#7458,#7459);
#7458 = CARTESIAN_POINT('',(-0.,0.));
#7459 = VECTOR('',#7460,1.);
#7460 = DIRECTION('',(-0.,1.));
#7461 = ( GEOMETRIC_REPRESENTATION_CONTEXT(2) 
PARAMETRIC_REPRESENTATION_CONTEXT() REPRESENTATION_CONTEXT('2D SPACE',''
  ) );
#7462 = ADVANCED_FACE('',(#7463),#3975,.T.);
#7463 = FACE_BOUND('',#7464,.T.);
#7464 = EDGE_LOOP('',(#7465,#7485,#7486,#7541,#7542));
#7465 = ORIENTED_EDGE('',*,*,#7466,.F.);
#7466 = EDGE_CURVE('',#4516,#3931,#7467,.T.);
#7467 = SURFACE_CURVE('',#7468,(#7473,#7479),.PCURVE_S1.);
#7468 = CIRCLE('',#7469,1.5);
#7469 = AXIS2_PLACEMENT_3D('',#7470,#7471,#7472);
#7470 = CARTESIAN_POINT('',(33.5,41.1,31.9));
#7471 = DIRECTION('',(0.,-1.,0.));
#7472 = DIRECTION('',(1.,0.,0.));
#7473 = PCURVE('',#3975,#7474);
#7474 = DEFINITIONAL_REPRESENTATION('',(#7475),#7478);
#7475 = B_SPLINE_CURVE_WITH_KNOTS('',1,(#7476,#7477),.UNSPECIFIED.,.F.,
  .F.,(2,2),(4.712388980385,6.28318530718),.PIECEWISE_BEZIER_KNOTS.);
#7476 = CARTESIAN_POINT('',(0.,-1.570796326795));
#7477 = CARTESIAN_POINT('',(0.,0.));
#7478 = ( GEOMETRIC_REPRESENTATION_CONTEXT(2) 
PARAMETRIC_REPRESENTATION_CONTEXT() REPRESENTATION_CONTEXT('2D SPACE',''
  ) );
#7479 = PCURVE('',#7429,#7480);
#7480 = DEFINITIONAL_REPRESENTATION('',(#7481),#7484);
#7481 = B_SPLINE_CURVE_WITH_KNOTS('',1,(#7482,#7483),.UNSPECIFIED.,.F.,
  .F.,(2,2),(4.712388980385,6.28318530718),.PIECEWISE_BEZIER_KNOTS.);
#7482 = CARTESIAN_POINT('',(1.570796326795,5.5));
#7483 = CARTESIAN_POINT('',(0.,5.5));
#7484 = ( GEOMETRIC_REPRESENTATION_CONTEXT(2) 
PARAMETRIC_REPRESENTATION_CONTEXT() REPRESENTATION_CONTEXT('2D SPACE',''
  ) );
#7485 = ORIENTED_EDGE('',*,*,#4515,.T.);
#7486 = ORIENTED_EDGE('',*,*,#7487,.F.);
#7487 = EDGE_CURVE('',#4338,#4494,#7488,.T.);
#7488 = SURFACE_CURVE('',#7489,(#7494,#7521),.PCURVE_S1.);
#7489 = CIRCLE('',#7490,0.661437827766);
#7490 = AXIS2_PLACEMENT_3D('',#7491,#7492,#7493);
#7491 = CARTESIAN_POINT('',(34.,41.1,30.65));
#7492 = DIRECTION('',(0.371390676354,0.,-0.928476690885));
#7493 = DIRECTION('',(0.928476690885,0.,0.371390676354));
#7494 = PCURVE('',#3975,#7495);
#7495 = DEFINITIONAL_REPRESENTATION('',(#7496),#7520);
#7496 = B_SPLINE_CURVE_WITH_KNOTS('',8,(#7497,#7498,#7499,#7500,#7501,
    #7502,#7503,#7504,#7505,#7506,#7507,#7508,#7509,#7510,#7511,#7512,
    #7513,#7514,#7515,#7516,#7517,#7518,#7519),.UNSPECIFIED.,.F.,.F.,(9,
    7,7,9),(3.761107260271,4.236748120328,4.950209410413,5.663670700498)
  ,.UNSPECIFIED.);
#7497 = CARTESIAN_POINT('',(1.570796326795,-1.311874784789));
#7498 = CARTESIAN_POINT('',(1.51559364532,-1.289793712199));
#7499 = CARTESIAN_POINT('',(1.465650238865,-1.267712651584));
#7500 = CARTESIAN_POINT('',(1.419132329237,-1.245734023171));
#7501 = CARTESIAN_POINT('',(1.375155922359,-1.223919871893));
#7502 = CARTESIAN_POINT('',(1.333079979111,-1.202323348775));
#7503 = CARTESIAN_POINT('',(1.29249284544,-1.180988108165));
#7504 = CARTESIAN_POINT('',(1.253076164811,-1.159954476537));
#7505 = CARTESIAN_POINT('',(1.156873617622,-1.108216961577));
#7506 = CARTESIAN_POINT('',(1.101256404755,-1.077936402117));
#7507 = CARTESIAN_POINT('',(1.046950088419,-1.048542818695));
#7508 = CARTESIAN_POINT('',(0.993529652008,-1.020147117571));
#7509 = CARTESIAN_POINT('',(0.94070513303,-0.992854998107));
#7510 = CARTESIAN_POINT('',(0.888258770159,-0.966768671917));
#7511 = CARTESIAN_POINT('',(0.836046091185,-0.941985666303));
#7512 = CARTESIAN_POINT('',(0.731862683893,-0.895212314553));
#7513 = CARTESIAN_POINT('',(0.679892217865,-0.8732219654));
#7514 = CARTESIAN_POINT('',(0.627933519704,-0.852720786448));
#7515 = CARTESIAN_POINT('',(0.575916292596,-0.833796902983));
#7516 = CARTESIAN_POINT('',(0.523798138533,-0.816532503674));
#7517 = CARTESIAN_POINT('',(0.471556559373,-0.801002409124));
#7518 = CARTESIAN_POINT('',(0.419184233128,-0.787272427413));
#7519 = CARTESIAN_POINT('',(0.366687565452,-0.775397496611));
#7520 = ( GEOMETRIC_REPRESENTATION_CONTEXT(2) 
PARAMETRIC_REPRESENTATION_CONTEXT() REPRESENTATION_CONTEXT('2D SPACE',''
  ) );
#7521 = PCURVE('',#4371,#7522);
#7522 = DEFINITIONAL_REPRESENTATION('',(#7523),#7540);
#7523 = B_SPLINE_CURVE_WITH_KNOTS('',8,(#7524,#7525,#7526,#7527,#7528,
    #7529,#7530,#7531,#7532,#7533,#7534,#7535,#7536,#7537,#7538,#7539),
  .UNSPECIFIED.,.F.,.F.,(9,7,9),(3.761107260271,4.712388980385,
    5.663670700498),.UNSPECIFIED.);
#7524 = CARTESIAN_POINT('',(-0.80978357257,-0.258921542006));
#7525 = CARTESIAN_POINT('',(-0.8390263203,-0.303083687186));
#7526 = CARTESIAN_POINT('',(-0.874622742035,-0.343556125745));
#7527 = CARTESIAN_POINT('',(-0.916428508094,-0.379345358531));
#7528 = CARTESIAN_POINT('',(-0.9640776484,-0.409440920889));
#7529 = CARTESIAN_POINT('',(-1.016890921607,-0.432849419131));
#7530 = CARTESIAN_POINT('',(-1.073448307284,-0.448726994615));
#7531 = CARTESIAN_POINT('',(-1.131868922928,-0.456666385207));
#7532 = CARTESIAN_POINT('',(-1.248710976437,-0.456666385207));
#7533 = CARTESIAN_POINT('',(-1.307131592079,-0.448726994615));
#7534 = CARTESIAN_POINT('',(-1.363688977755,-0.432849419133));
#7535 = CARTESIAN_POINT('',(-1.416502250967,-0.409440920887));
#7536 = CARTESIAN_POINT('',(-1.464151391269,-0.379345358532));
#7537 = CARTESIAN_POINT('',(-1.505957157329,-0.343556125745));
#7538 = CARTESIAN_POINT('',(-1.541553579065,-0.303083687186));
#7539 = CARTESIAN_POINT('',(-1.570796326795,-0.258921542006));
#7540 = ( GEOMETRIC_REPRESENTATION_CONTEXT(2) 
PARAMETRIC_REPRESENTATION_CONTEXT() REPRESENTATION_CONTEXT('2D SPACE',''
  ) );
#7541 = ORIENTED_EDGE('',*,*,#4392,.T.);
#7542 = ORIENTED_EDGE('',*,*,#3960,.F.);
#7543 = ADVANCED_FACE('',(#7544),#4371,.T.);
#7544 = FACE_BOUND('',#7545,.F.);
#7545 = EDGE_LOOP('',(#7546,#7547,#7548,#7549,#7550));
#7546 = ORIENTED_EDGE('',*,*,#4469,.F.);
#7547 = ORIENTED_EDGE('',*,*,#4493,.T.);
#7548 = ORIENTED_EDGE('',*,*,#7487,.F.);
#7549 = ORIENTED_EDGE('',*,*,#4337,.T.);
#7550 = ORIENTED_EDGE('',*,*,#7551,.F.);
#7551 = EDGE_CURVE('',#4419,#4310,#7552,.T.);
#7552 = SURFACE_CURVE('',#7553,(#7558,#7565),.PCURVE_S1.);
#7553 = CIRCLE('',#7554,1.5);
#7554 = AXIS2_PLACEMENT_3D('',#7555,#7556,#7557);
#7555 = CARTESIAN_POINT('',(34.5,41.1,29.4));
#7556 = DIRECTION('',(-0.,1.,0.));
#7557 = DIRECTION('',(-1.,-0.,0.));
#7558 = PCURVE('',#4371,#7559);
#7559 = DEFINITIONAL_REPRESENTATION('',(#7560),#7564);
#7560 = LINE('',#7561,#7562);
#7561 = CARTESIAN_POINT('',(-0.,0.));
#7562 = VECTOR('',#7563,1.);
#7563 = DIRECTION('',(-1.,0.));
#7564 = ( GEOMETRIC_REPRESENTATION_CONTEXT(2) 
PARAMETRIC_REPRESENTATION_CONTEXT() REPRESENTATION_CONTEXT('2D SPACE',''
  ) );
#7565 = PCURVE('',#7566,#7571);
#7566 = CYLINDRICAL_SURFACE('',#7567,1.5);
#7567 = AXIS2_PLACEMENT_3D('',#7568,#7569,#7570);
#7568 = CARTESIAN_POINT('',(34.5,35.6,29.4));
#7569 = DIRECTION('',(-0.,1.,0.));
#7570 = DIRECTION('',(-1.,-0.,0.));
#7571 = DEFINITIONAL_REPRESENTATION('',(#7572),#7576);
#7572 = LINE('',#7573,#7574);
#7573 = CARTESIAN_POINT('',(0.,5.5));
#7574 = VECTOR('',#7575,1.);
#7575 = DIRECTION('',(1.,0.));
#7576 = ( GEOMETRIC_REPRESENTATION_CONTEXT(2) 
PARAMETRIC_REPRESENTATION_CONTEXT() REPRESENTATION_CONTEXT('2D SPACE',''
  ) );
#7577 = ADVANCED_FACE('',(#7578),#4325,.F.);
#7578 = FACE_BOUND('',#7579,.F.);
#7579 = EDGE_LOOP('',(#7580,#7601,#7629,#7648));
#7580 = ORIENTED_EDGE('',*,*,#7581,.F.);
#7581 = EDGE_CURVE('',#7582,#4215,#7584,.T.);
#7582 = VERTEX_POINT('',#7583);
#7583 = CARTESIAN_POINT('',(-12.88196601125,37.1,30.4));
#7584 = SURFACE_CURVE('',#7585,(#7589,#7595),.PCURVE_S1.);
#7585 = LINE('',#7586,#7587);
#7586 = CARTESIAN_POINT('',(-12.88196601125,35.6,30.4));
#7587 = VECTOR('',#7588,1.);
#7588 = DIRECTION('',(-0.,1.,0.));
#7589 = PCURVE('',#4325,#7590);
#7590 = DEFINITIONAL_REPRESENTATION('',(#7591),#7594);
#7591 = B_SPLINE_CURVE_WITH_KNOTS('',1,(#7592,#7593),.UNSPECIFIED.,.F.,
  .F.,(2,2),(1.4999994,5.5000006),.PIECEWISE_BEZIER_KNOTS.);
#7592 = CARTESIAN_POINT('',(54.11803398875,1.4999994));
#7593 = CARTESIAN_POINT('',(54.11803398875,5.5000006));
#7594 = ( GEOMETRIC_REPRESENTATION_CONTEXT(2) 
PARAMETRIC_REPRESENTATION_CONTEXT() REPRESENTATION_CONTEXT('2D SPACE',''
  ) );
#7595 = PCURVE('',#6760,#7596);
#7596 = DEFINITIONAL_REPRESENTATION('',(#7597),#7600);
#7597 = B_SPLINE_CURVE_WITH_KNOTS('',1,(#7598,#7599),.UNSPECIFIED.,.F.,
  .F.,(2,2),(1.4999994,5.5000006),.PIECEWISE_BEZIER_KNOTS.);
#7598 = CARTESIAN_POINT('',(-0.729727656227,1.4999994));
#7599 = CARTESIAN_POINT('',(-0.729727656227,5.5000006));
#7600 = ( GEOMETRIC_REPRESENTATION_CONTEXT(2) 
PARAMETRIC_REPRESENTATION_CONTEXT() REPRESENTATION_CONTEXT('2D SPACE',''
  ) );
#7601 = ORIENTED_EDGE('',*,*,#7602,.T.);
#7602 = EDGE_CURVE('',#7582,#7603,#7605,.T.);
#7603 = VERTEX_POINT('',#7604);
#7604 = CARTESIAN_POINT('',(33.38196601125,37.1,30.4));
#7605 = SURFACE_CURVE('',#7606,(#7610,#7617),.PCURVE_S1.);
#7606 = LINE('',#7607,#7608);
#7607 = CARTESIAN_POINT('',(-67.,37.1,30.4));
#7608 = VECTOR('',#7609,1.);
#7609 = DIRECTION('',(1.,0.,-0.));
#7610 = PCURVE('',#4325,#7611);
#7611 = DEFINITIONAL_REPRESENTATION('',(#7612),#7616);
#7612 = LINE('',#7613,#7614);
#7613 = CARTESIAN_POINT('',(0.,1.5));
#7614 = VECTOR('',#7615,1.);
#7615 = DIRECTION('',(1.,0.));
#7616 = ( GEOMETRIC_REPRESENTATION_CONTEXT(2) 
PARAMETRIC_REPRESENTATION_CONTEXT() REPRESENTATION_CONTEXT('2D SPACE',''
  ) );
#7617 = PCURVE('',#7618,#7623);
#7618 = CYLINDRICAL_SURFACE('',#7619,1.5);
#7619 = AXIS2_PLACEMENT_3D('',#7620,#7621,#7622);
#7620 = CARTESIAN_POINT('',(-67.,37.1,31.9));
#7621 = DIRECTION('',(1.,0.,-0.));
#7622 = DIRECTION('',(0.,-1.,0.));
#7623 = DEFINITIONAL_REPRESENTATION('',(#7624),#7628);
#7624 = LINE('',#7625,#7626);
#7625 = CARTESIAN_POINT('',(1.570796326795,0.));
#7626 = VECTOR('',#7627,1.);
#7627 = DIRECTION('',(0.,1.));
#7628 = ( GEOMETRIC_REPRESENTATION_CONTEXT(2) 
PARAMETRIC_REPRESENTATION_CONTEXT() REPRESENTATION_CONTEXT('2D SPACE',''
  ) );
#7629 = ORIENTED_EDGE('',*,*,#7630,.T.);
#7630 = EDGE_CURVE('',#7603,#4310,#7631,.T.);
#7631 = SURFACE_CURVE('',#7632,(#7636,#7642),.PCURVE_S1.);
#7632 = LINE('',#7633,#7634);
#7633 = CARTESIAN_POINT('',(33.38196601125,35.6,30.4));
#7634 = VECTOR('',#7635,1.);
#7635 = DIRECTION('',(-0.,1.,0.));
#7636 = PCURVE('',#4325,#7637);
#7637 = DEFINITIONAL_REPRESENTATION('',(#7638),#7641);
#7638 = B_SPLINE_CURVE_WITH_KNOTS('',1,(#7639,#7640),.UNSPECIFIED.,.F.,
  .F.,(2,2),(1.4999994,5.5000006),.PIECEWISE_BEZIER_KNOTS.);
#7639 = CARTESIAN_POINT('',(100.38196601125,1.4999994));
#7640 = CARTESIAN_POINT('',(100.38196601125,5.5000006));
#7641 = ( GEOMETRIC_REPRESENTATION_CONTEXT(2) 
PARAMETRIC_REPRESENTATION_CONTEXT() REPRESENTATION_CONTEXT('2D SPACE',''
  ) );
#7642 = PCURVE('',#7566,#7643);
#7643 = DEFINITIONAL_REPRESENTATION('',(#7644),#7647);
#7644 = B_SPLINE_CURVE_WITH_KNOTS('',1,(#7645,#7646),.UNSPECIFIED.,.F.,
  .F.,(2,2),(1.4999994,5.5000006),.PIECEWISE_BEZIER_KNOTS.);
#7645 = CARTESIAN_POINT('',(0.729727656227,1.4999994));
#7646 = CARTESIAN_POINT('',(0.729727656227,5.5000006));
#7647 = ( GEOMETRIC_REPRESENTATION_CONTEXT(2) 
PARAMETRIC_REPRESENTATION_CONTEXT() REPRESENTATION_CONTEXT('2D SPACE',''
  ) );
#7648 = ORIENTED_EDGE('',*,*,#4309,.F.);
#7649 = ADVANCED_FACE('',(#7650),#4099,.F.);
#7650 = FACE_BOUND('',#7651,.F.);
#7651 = EDGE_LOOP('',(#7652,#7673,#7696,#7715));
#7652 = ORIENTED_EDGE('',*,*,#7653,.F.);
#7653 = EDGE_CURVE('',#7654,#4034,#7656,.T.);
#7654 = VERTEX_POINT('',#7655);
#7655 = CARTESIAN_POINT('',(-65.38196601125,37.1,30.4));
#7656 = SURFACE_CURVE('',#7657,(#7661,#7667),.PCURVE_S1.);
#7657 = LINE('',#7658,#7659);
#7658 = CARTESIAN_POINT('',(-65.38196601125,35.6,30.4));
#7659 = VECTOR('',#7660,1.);
#7660 = DIRECTION('',(-0.,1.,0.));
#7661 = PCURVE('',#4099,#7662);
#7662 = DEFINITIONAL_REPRESENTATION('',(#7663),#7666);
#7663 = B_SPLINE_CURVE_WITH_KNOTS('',1,(#7664,#7665),.UNSPECIFIED.,.F.,
  .F.,(2,2),(1.4999994,5.5000006),.PIECEWISE_BEZIER_KNOTS.);
#7664 = CARTESIAN_POINT('',(1.61803398875,1.4999994));
#7665 = CARTESIAN_POINT('',(1.61803398875,5.5000006));
#7666 = ( GEOMETRIC_REPRESENTATION_CONTEXT(2) 
PARAMETRIC_REPRESENTATION_CONTEXT() REPRESENTATION_CONTEXT('2D SPACE',''
  ) );
#7667 = PCURVE('',#6044,#7668);
#7668 = DEFINITIONAL_REPRESENTATION('',(#7669),#7672);
#7669 = B_SPLINE_CURVE_WITH_KNOTS('',1,(#7670,#7671),.UNSPECIFIED.,.F.,
  .F.,(2,2),(1.4999994,5.5000006),.PIECEWISE_BEZIER_KNOTS.);
#7670 = CARTESIAN_POINT('',(-0.729727656227,1.4999994));
#7671 = CARTESIAN_POINT('',(-0.729727656227,5.5000006));
#7672 = ( GEOMETRIC_REPRESENTATION_CONTEXT(2) 
PARAMETRIC_REPRESENTATION_CONTEXT() REPRESENTATION_CONTEXT('2D SPACE',''
  ) );
#7673 = ORIENTED_EDGE('',*,*,#7674,.T.);
#7674 = EDGE_CURVE('',#7654,#7675,#7677,.T.);
#7675 = VERTEX_POINT('',#7676);
#7676 = CARTESIAN_POINT('',(-19.11803398875,37.1,30.4));
#7677 = SURFACE_CURVE('',#7678,(#7682,#7689),.PCURVE_S1.);
#7678 = LINE('',#7679,#7680);
#7679 = CARTESIAN_POINT('',(-67.,37.1,30.4));
#7680 = VECTOR('',#7681,1.);
#7681 = DIRECTION('',(1.,0.,-0.));
#7682 = PCURVE('',#4099,#7683);
#7683 = DEFINITIONAL_REPRESENTATION('',(#7684),#7688);
#7684 = LINE('',#7685,#7686);
#7685 = CARTESIAN_POINT('',(0.,1.5));
#7686 = VECTOR('',#7687,1.);
#7687 = DIRECTION('',(1.,0.));
#7688 = ( GEOMETRIC_REPRESENTATION_CONTEXT(2) 
PARAMETRIC_REPRESENTATION_CONTEXT() REPRESENTATION_CONTEXT('2D SPACE',''
  ) );
#7689 = PCURVE('',#7618,#7690);
#7690 = DEFINITIONAL_REPRESENTATION('',(#7691),#7695);
#7691 = LINE('',#7692,#7693);
#7692 = CARTESIAN_POINT('',(1.570796326795,0.));
#7693 = VECTOR('',#7694,1.);
#7694 = DIRECTION('',(0.,1.));
#7695 = ( GEOMETRIC_REPRESENTATION_CONTEXT(2) 
PARAMETRIC_REPRESENTATION_CONTEXT() REPRESENTATION_CONTEXT('2D SPACE',''
  ) );
#7696 = ORIENTED_EDGE('',*,*,#7697,.T.);
#7697 = EDGE_CURVE('',#7675,#4084,#7698,.T.);
#7698 = SURFACE_CURVE('',#7699,(#7703,#7709),.PCURVE_S1.);
#7699 = LINE('',#7700,#7701);
#7700 = CARTESIAN_POINT('',(-19.11803398875,35.6,30.4));
#7701 = VECTOR('',#7702,1.);
#7702 = DIRECTION('',(-0.,1.,0.));
#7703 = PCURVE('',#4099,#7704);
#7704 = DEFINITIONAL_REPRESENTATION('',(#7705),#7708);
#7705 = B_SPLINE_CURVE_WITH_KNOTS('',1,(#7706,#7707),.UNSPECIFIED.,.F.,
  .F.,(2,2),(1.4999994,5.5000006),.PIECEWISE_BEZIER_KNOTS.);
#7706 = CARTESIAN_POINT('',(47.88196601125,1.4999994));
#7707 = CARTESIAN_POINT('',(47.88196601125,5.5000006));
#7708 = ( GEOMETRIC_REPRESENTATION_CONTEXT(2) 
PARAMETRIC_REPRESENTATION_CONTEXT() REPRESENTATION_CONTEXT('2D SPACE',''
  ) );
#7709 = PCURVE('',#6699,#7710);
#7710 = DEFINITIONAL_REPRESENTATION('',(#7711),#7714);
#7711 = B_SPLINE_CURVE_WITH_KNOTS('',1,(#7712,#7713),.UNSPECIFIED.,.F.,
  .F.,(2,2),(1.4999994,5.5000006),.PIECEWISE_BEZIER_KNOTS.);
#7712 = CARTESIAN_POINT('',(0.729727656227,1.4999994));
#7713 = CARTESIAN_POINT('',(0.729727656227,5.5000006));
#7714 = ( GEOMETRIC_REPRESENTATION_CONTEXT(2) 
PARAMETRIC_REPRESENTATION_CONTEXT() REPRESENTATION_CONTEXT('2D SPACE',''
  ) );
#7715 = ORIENTED_EDGE('',*,*,#4083,.F.);
#7716 = ADVANCED_FACE('',(#7717),#4434,.F.);
#7717 = FACE_BOUND('',#7718,.F.);
#7718 = EDGE_LOOP('',(#7719,#7749,#7770,#7771));
#7719 = ORIENTED_EDGE('',*,*,#7720,.F.);
#7720 = EDGE_CURVE('',#7721,#7723,#7725,.T.);
#7721 = VERTEX_POINT('',#7722);
#7722 = CARTESIAN_POINT('',(33.,37.1,-2.));
#7723 = VERTEX_POINT('',#7724);
#7724 = CARTESIAN_POINT('',(33.,37.1,29.4));
#7725 = SURFACE_CURVE('',#7726,(#7730,#7737),.PCURVE_S1.);
#7726 = LINE('',#7727,#7728);
#7727 = CARTESIAN_POINT('',(33.,37.1,-3.5));
#7728 = VECTOR('',#7729,1.);
#7729 = DIRECTION('',(0.,0.,1.));
#7730 = PCURVE('',#4434,#7731);
#7731 = DEFINITIONAL_REPRESENTATION('',(#7732),#7736);
#7732 = LINE('',#7733,#7734);
#7733 = CARTESIAN_POINT('',(0.,-1.5));
#7734 = VECTOR('',#7735,1.);
#7735 = DIRECTION('',(1.,0.));
#7736 = ( GEOMETRIC_REPRESENTATION_CONTEXT(2) 
PARAMETRIC_REPRESENTATION_CONTEXT() REPRESENTATION_CONTEXT('2D SPACE',''
  ) );
#7737 = PCURVE('',#7738,#7743);
#7738 = CYLINDRICAL_SURFACE('',#7739,1.5);
#7739 = AXIS2_PLACEMENT_3D('',#7740,#7741,#7742);
#7740 = CARTESIAN_POINT('',(34.5,37.1,-3.5));
#7741 = DIRECTION('',(0.,0.,1.));
#7742 = DIRECTION('',(-1.,-0.,0.));
#7743 = DEFINITIONAL_REPRESENTATION('',(#7744),#7748);
#7744 = LINE('',#7745,#7746);
#7745 = CARTESIAN_POINT('',(0.,0.));
#7746 = VECTOR('',#7747,1.);
#7747 = DIRECTION('',(0.,1.));
#7748 = ( GEOMETRIC_REPRESENTATION_CONTEXT(2) 
PARAMETRIC_REPRESENTATION_CONTEXT() REPRESENTATION_CONTEXT('2D SPACE',''
  ) );
#7749 = ORIENTED_EDGE('',*,*,#7750,.T.);
#7750 = EDGE_CURVE('',#7721,#4417,#7751,.T.);
#7751 = SURFACE_CURVE('',#7752,(#7756,#7763),.PCURVE_S1.);
#7752 = LINE('',#7753,#7754);
#7753 = CARTESIAN_POINT('',(33.,35.6,-2.));
#7754 = VECTOR('',#7755,1.);
#7755 = DIRECTION('',(-0.,1.,0.));
#7756 = PCURVE('',#4434,#7757);
#7757 = DEFINITIONAL_REPRESENTATION('',(#7758),#7762);
#7758 = LINE('',#7759,#7760);
#7759 = CARTESIAN_POINT('',(1.5,0.));
#7760 = VECTOR('',#7761,1.);
#7761 = DIRECTION('',(0.,-1.));
#7762 = ( GEOMETRIC_REPRESENTATION_CONTEXT(2) 
PARAMETRIC_REPRESENTATION_CONTEXT() REPRESENTATION_CONTEXT('2D SPACE',''
  ) );
#7763 = PCURVE('',#5400,#7764);
#7764 = DEFINITIONAL_REPRESENTATION('',(#7765),#7769);
#7765 = LINE('',#7766,#7767);
#7766 = CARTESIAN_POINT('',(-0.,0.));
#7767 = VECTOR('',#7768,1.);
#7768 = DIRECTION('',(-0.,1.));
#7769 = ( GEOMETRIC_REPRESENTATION_CONTEXT(2) 
PARAMETRIC_REPRESENTATION_CONTEXT() REPRESENTATION_CONTEXT('2D SPACE',''
  ) );
#7770 = ORIENTED_EDGE('',*,*,#4416,.T.);
#7771 = ORIENTED_EDGE('',*,*,#7772,.F.);
#7772 = EDGE_CURVE('',#7723,#4419,#7773,.T.);
#7773 = SURFACE_CURVE('',#7774,(#7778,#7785),.PCURVE_S1.);
#7774 = LINE('',#7775,#7776);
#7775 = CARTESIAN_POINT('',(33.,35.6,29.4));
#7776 = VECTOR('',#7777,1.);
#7777 = DIRECTION('',(-0.,1.,0.));
#7778 = PCURVE('',#4434,#7779);
#7779 = DEFINITIONAL_REPRESENTATION('',(#7780),#7784);
#7780 = LINE('',#7781,#7782);
#7781 = CARTESIAN_POINT('',(32.9,0.));
#7782 = VECTOR('',#7783,1.);
#7783 = DIRECTION('',(0.,-1.));
#7784 = ( GEOMETRIC_REPRESENTATION_CONTEXT(2) 
PARAMETRIC_REPRESENTATION_CONTEXT() REPRESENTATION_CONTEXT('2D SPACE',''
  ) );
#7785 = PCURVE('',#7566,#7786);
#7786 = DEFINITIONAL_REPRESENTATION('',(#7787),#7791);
#7787 = LINE('',#7788,#7789);
#7788 = CARTESIAN_POINT('',(0.,0.));
#7789 = VECTOR('',#7790,1.);
#7790 = DIRECTION('',(0.,1.));
#7791 = ( GEOMETRIC_REPRESENTATION_CONTEXT(2) 
PARAMETRIC_REPRESENTATION_CONTEXT() REPRESENTATION_CONTEXT('2D SPACE',''
  ) );
#7792 = ADVANCED_FACE('',(#7793),#4601,.T.);
#7793 = FACE_BOUND('',#7794,.T.);
#7794 = EDGE_LOOP('',(#7795,#7796,#7797));
#7795 = ORIENTED_EDGE('',*,*,#4673,.F.);
#7796 = ORIENTED_EDGE('',*,*,#4587,.T.);
#7797 = ORIENTED_EDGE('',*,*,#7798,.F.);
#7798 = EDGE_CURVE('',#4618,#4560,#7799,.T.);
#7799 = SURFACE_CURVE('',#7800,(#7805,#7812),.PCURVE_S1.);
#7800 = CIRCLE('',#7801,1.5);
#7801 = AXIS2_PLACEMENT_3D('',#7802,#7803,#7804);
#7802 = CARTESIAN_POINT('',(35.5,41.1,29.4));
#7803 = DIRECTION('',(0.,-1.,-0.));
#7804 = DIRECTION('',(1.,0.,0.));
#7805 = PCURVE('',#4601,#7806);
#7806 = DEFINITIONAL_REPRESENTATION('',(#7807),#7811);
#7807 = LINE('',#7808,#7809);
#7808 = CARTESIAN_POINT('',(0.,0.));
#7809 = VECTOR('',#7810,1.);
#7810 = DIRECTION('',(1.,0.));
#7811 = ( GEOMETRIC_REPRESENTATION_CONTEXT(2) 
PARAMETRIC_REPRESENTATION_CONTEXT() REPRESENTATION_CONTEXT('2D SPACE',''
  ) );
#7812 = PCURVE('',#7813,#7818);
#7813 = CYLINDRICAL_SURFACE('',#7814,1.5);
#7814 = AXIS2_PLACEMENT_3D('',#7815,#7816,#7817);
#7815 = CARTESIAN_POINT('',(35.5,35.6,29.4));
#7816 = DIRECTION('',(-0.,1.,0.));
#7817 = DIRECTION('',(1.,0.,-0.));
#7818 = DEFINITIONAL_REPRESENTATION('',(#7819),#7823);
#7819 = LINE('',#7820,#7821);
#7820 = CARTESIAN_POINT('',(-0.,5.5));
#7821 = VECTOR('',#7822,1.);
#7822 = DIRECTION('',(-1.,0.));
#7823 = ( GEOMETRIC_REPRESENTATION_CONTEXT(2) 
PARAMETRIC_REPRESENTATION_CONTEXT() REPRESENTATION_CONTEXT('2D SPACE',''
  ) );
#7824 = ADVANCED_FACE('',(#7825),#4575,.T.);
#7825 = FACE_BOUND('',#7826,.T.);
#7826 = EDGE_LOOP('',(#7827,#7848,#7876,#7897));
#7827 = ORIENTED_EDGE('',*,*,#7828,.F.);
#7828 = EDGE_CURVE('',#7829,#4516,#7831,.T.);
#7829 = VERTEX_POINT('',#7830);
#7830 = CARTESIAN_POINT('',(34.61803398875,37.1,30.9));
#7831 = SURFACE_CURVE('',#7832,(#7836,#7842),.PCURVE_S1.);
#7832 = LINE('',#7833,#7834);
#7833 = CARTESIAN_POINT('',(34.61803398875,35.6,30.9));
#7834 = VECTOR('',#7835,1.);
#7835 = DIRECTION('',(-0.,1.,0.));
#7836 = PCURVE('',#4575,#7837);
#7837 = DEFINITIONAL_REPRESENTATION('',(#7838),#7841);
#7838 = B_SPLINE_CURVE_WITH_KNOTS('',1,(#7839,#7840),.UNSPECIFIED.,.F.,
  .F.,(2,2),(1.4999994,5.5000006),.PIECEWISE_BEZIER_KNOTS.);
#7839 = CARTESIAN_POINT('',(1.61803398875,1.4999994));
#7840 = CARTESIAN_POINT('',(1.61803398875,5.5000006));
#7841 = ( GEOMETRIC_REPRESENTATION_CONTEXT(2) 
PARAMETRIC_REPRESENTATION_CONTEXT() REPRESENTATION_CONTEXT('2D SPACE',''
  ) );
#7842 = PCURVE('',#7429,#7843);
#7843 = DEFINITIONAL_REPRESENTATION('',(#7844),#7847);
#7844 = B_SPLINE_CURVE_WITH_KNOTS('',1,(#7845,#7846),.UNSPECIFIED.,.F.,
  .F.,(2,2),(1.4999994,5.5000006),.PIECEWISE_BEZIER_KNOTS.);
#7845 = CARTESIAN_POINT('',(0.729727656227,1.4999994));
#7846 = CARTESIAN_POINT('',(0.729727656227,5.5000006));
#7847 = ( GEOMETRIC_REPRESENTATION_CONTEXT(2) 
PARAMETRIC_REPRESENTATION_CONTEXT() REPRESENTATION_CONTEXT('2D SPACE',''
  ) );
#7848 = ORIENTED_EDGE('',*,*,#7849,.T.);
#7849 = EDGE_CURVE('',#7829,#7850,#7852,.T.);
#7850 = VERTEX_POINT('',#7851);
#7851 = CARTESIAN_POINT('',(35.5,37.1,30.9));
#7852 = SURFACE_CURVE('',#7853,(#7857,#7864),.PCURVE_S1.);
#7853 = LINE('',#7854,#7855);
#7854 = CARTESIAN_POINT('',(33.,37.1,30.9));
#7855 = VECTOR('',#7856,1.);
#7856 = DIRECTION('',(1.,0.,-0.));
#7857 = PCURVE('',#4575,#7858);
#7858 = DEFINITIONAL_REPRESENTATION('',(#7859),#7863);
#7859 = LINE('',#7860,#7861);
#7860 = CARTESIAN_POINT('',(0.,1.5));
#7861 = VECTOR('',#7862,1.);
#7862 = DIRECTION('',(1.,0.));
#7863 = ( GEOMETRIC_REPRESENTATION_CONTEXT(2) 
PARAMETRIC_REPRESENTATION_CONTEXT() REPRESENTATION_CONTEXT('2D SPACE',''
  ) );
#7864 = PCURVE('',#7865,#7870);
#7865 = CYLINDRICAL_SURFACE('',#7866,1.5);
#7866 = AXIS2_PLACEMENT_3D('',#7867,#7868,#7869);
#7867 = CARTESIAN_POINT('',(33.,37.1,29.4));
#7868 = DIRECTION('',(1.,0.,-0.));
#7869 = DIRECTION('',(0.,-1.,0.));
#7870 = DEFINITIONAL_REPRESENTATION('',(#7871),#7875);
#7871 = LINE('',#7872,#7873);
#7872 = CARTESIAN_POINT('',(-1.570796326795,0.));
#7873 = VECTOR('',#7874,1.);
#7874 = DIRECTION('',(-0.,1.));
#7875 = ( GEOMETRIC_REPRESENTATION_CONTEXT(2) 
PARAMETRIC_REPRESENTATION_CONTEXT() REPRESENTATION_CONTEXT('2D SPACE',''
  ) );
#7876 = ORIENTED_EDGE('',*,*,#7877,.T.);
#7877 = EDGE_CURVE('',#7850,#4560,#7878,.T.);
#7878 = SURFACE_CURVE('',#7879,(#7883,#7890),.PCURVE_S1.);
#7879 = LINE('',#7880,#7881);
#7880 = CARTESIAN_POINT('',(35.5,35.6,30.9));
#7881 = VECTOR('',#7882,1.);
#7882 = DIRECTION('',(-0.,1.,0.));
#7883 = PCURVE('',#4575,#7884);
#7884 = DEFINITIONAL_REPRESENTATION('',(#7885),#7889);
#7885 = LINE('',#7886,#7887);
#7886 = CARTESIAN_POINT('',(2.5,0.));
#7887 = VECTOR('',#7888,1.);
#7888 = DIRECTION('',(0.,1.));
#7889 = ( GEOMETRIC_REPRESENTATION_CONTEXT(2) 
PARAMETRIC_REPRESENTATION_CONTEXT() REPRESENTATION_CONTEXT('2D SPACE',''
  ) );
#7890 = PCURVE('',#7813,#7891);
#7891 = DEFINITIONAL_REPRESENTATION('',(#7892),#7896);
#7892 = LINE('',#7893,#7894);
#7893 = CARTESIAN_POINT('',(-1.570796326795,0.));
#7894 = VECTOR('',#7895,1.);
#7895 = DIRECTION('',(-0.,1.));
#7896 = ( GEOMETRIC_REPRESENTATION_CONTEXT(2) 
PARAMETRIC_REPRESENTATION_CONTEXT() REPRESENTATION_CONTEXT('2D SPACE',''
  ) );
#7897 = ORIENTED_EDGE('',*,*,#4559,.F.);
#7898 = ADVANCED_FACE('',(#7899),#4633,.T.);
#7899 = FACE_BOUND('',#7900,.T.);
#7900 = EDGE_LOOP('',(#7901,#7931,#7957,#7958));
#7901 = ORIENTED_EDGE('',*,*,#7902,.F.);
#7902 = EDGE_CURVE('',#7903,#7905,#7907,.T.);
#7903 = VERTEX_POINT('',#7904);
#7904 = CARTESIAN_POINT('',(37.,37.1,-2.));
#7905 = VERTEX_POINT('',#7906);
#7906 = CARTESIAN_POINT('',(37.,37.1,29.4));
#7907 = SURFACE_CURVE('',#7908,(#7912,#7919),.PCURVE_S1.);
#7908 = LINE('',#7909,#7910);
#7909 = CARTESIAN_POINT('',(37.,37.1,-3.5));
#7910 = VECTOR('',#7911,1.);
#7911 = DIRECTION('',(0.,0.,1.));
#7912 = PCURVE('',#4633,#7913);
#7913 = DEFINITIONAL_REPRESENTATION('',(#7914),#7918);
#7914 = LINE('',#7915,#7916);
#7915 = CARTESIAN_POINT('',(0.,-1.5));
#7916 = VECTOR('',#7917,1.);
#7917 = DIRECTION('',(1.,0.));
#7918 = ( GEOMETRIC_REPRESENTATION_CONTEXT(2) 
PARAMETRIC_REPRESENTATION_CONTEXT() REPRESENTATION_CONTEXT('2D SPACE',''
  ) );
#7919 = PCURVE('',#7920,#7925);
#7920 = CYLINDRICAL_SURFACE('',#7921,1.5);
#7921 = AXIS2_PLACEMENT_3D('',#7922,#7923,#7924);
#7922 = CARTESIAN_POINT('',(35.5,37.1,-3.5));
#7923 = DIRECTION('',(0.,0.,1.));
#7924 = DIRECTION('',(1.,0.,-0.));
#7925 = DEFINITIONAL_REPRESENTATION('',(#7926),#7930);
#7926 = LINE('',#7927,#7928);
#7927 = CARTESIAN_POINT('',(-0.,0.));
#7928 = VECTOR('',#7929,1.);
#7929 = DIRECTION('',(-0.,1.));
#7930 = ( GEOMETRIC_REPRESENTATION_CONTEXT(2) 
PARAMETRIC_REPRESENTATION_CONTEXT() REPRESENTATION_CONTEXT('2D SPACE',''
  ) );
#7931 = ORIENTED_EDGE('',*,*,#7932,.T.);
#7932 = EDGE_CURVE('',#7903,#4616,#7933,.T.);
#7933 = SURFACE_CURVE('',#7934,(#7938,#7945),.PCURVE_S1.);
#7934 = LINE('',#7935,#7936);
#7935 = CARTESIAN_POINT('',(37.,35.6,-2.));
#7936 = VECTOR('',#7937,1.);
#7937 = DIRECTION('',(-0.,1.,0.));
#7938 = PCURVE('',#4633,#7939);
#7939 = DEFINITIONAL_REPRESENTATION('',(#7940),#7944);
#7940 = LINE('',#7941,#7942);
#7941 = CARTESIAN_POINT('',(1.5,0.));
#7942 = VECTOR('',#7943,1.);
#7943 = DIRECTION('',(0.,-1.));
#7944 = ( GEOMETRIC_REPRESENTATION_CONTEXT(2) 
PARAMETRIC_REPRESENTATION_CONTEXT() REPRESENTATION_CONTEXT('2D SPACE',''
  ) );
#7945 = PCURVE('',#7946,#7951);
#7946 = CYLINDRICAL_SURFACE('',#7947,1.5);
#7947 = AXIS2_PLACEMENT_3D('',#7948,#7949,#7950);
#7948 = CARTESIAN_POINT('',(35.5,35.6,-2.));
#7949 = DIRECTION('',(-0.,1.,0.));
#7950 = DIRECTION('',(1.,0.,-0.));
#7951 = DEFINITIONAL_REPRESENTATION('',(#7952),#7956);
#7952 = LINE('',#7953,#7954);
#7953 = CARTESIAN_POINT('',(0.,0.));
#7954 = VECTOR('',#7955,1.);
#7955 = DIRECTION('',(0.,1.));
#7956 = ( GEOMETRIC_REPRESENTATION_CONTEXT(2) 
PARAMETRIC_REPRESENTATION_CONTEXT() REPRESENTATION_CONTEXT('2D SPACE',''
  ) );
#7957 = ORIENTED_EDGE('',*,*,#4615,.T.);
#7958 = ORIENTED_EDGE('',*,*,#7959,.F.);
#7959 = EDGE_CURVE('',#7905,#4618,#7960,.T.);
#7960 = SURFACE_CURVE('',#7961,(#7965,#7972),.PCURVE_S1.);
#7961 = LINE('',#7962,#7963);
#7962 = CARTESIAN_POINT('',(37.,35.6,29.4));
#7963 = VECTOR('',#7964,1.);
#7964 = DIRECTION('',(-0.,1.,0.));
#7965 = PCURVE('',#4633,#7966);
#7966 = DEFINITIONAL_REPRESENTATION('',(#7967),#7971);
#7967 = LINE('',#7968,#7969);
#7968 = CARTESIAN_POINT('',(32.9,0.));
#7969 = VECTOR('',#7970,1.);
#7970 = DIRECTION('',(0.,-1.));
#7971 = ( GEOMETRIC_REPRESENTATION_CONTEXT(2) 
PARAMETRIC_REPRESENTATION_CONTEXT() REPRESENTATION_CONTEXT('2D SPACE',''
  ) );
#7972 = PCURVE('',#7813,#7973);
#7973 = DEFINITIONAL_REPRESENTATION('',(#7974),#7978);
#7974 = LINE('',#7975,#7976);
#7975 = CARTESIAN_POINT('',(-0.,0.));
#7976 = VECTOR('',#7977,1.);
#7977 = DIRECTION('',(-0.,1.));
#7978 = ( GEOMETRIC_REPRESENTATION_CONTEXT(2) 
PARAMETRIC_REPRESENTATION_CONTEXT() REPRESENTATION_CONTEXT('2D SPACE',''
  ) );
#7979 = ADVANCED_FACE('',(#7980),#4660,.T.);
#7980 = FACE_BOUND('',#7981,.T.);
#7981 = EDGE_LOOP('',(#7982,#8002,#8003));
#7982 = ORIENTED_EDGE('',*,*,#7983,.F.);
#7983 = EDGE_CURVE('',#4769,#4616,#7984,.T.);
#7984 = SURFACE_CURVE('',#7985,(#7990,#7996),.PCURVE_S1.);
#7985 = CIRCLE('',#7986,1.5);
#7986 = AXIS2_PLACEMENT_3D('',#7987,#7988,#7989);
#7987 = CARTESIAN_POINT('',(35.5,41.1,-2.));
#7988 = DIRECTION('',(0.,-1.,0.));
#7989 = DIRECTION('',(1.,0.,0.));
#7990 = PCURVE('',#4660,#7991);
#7991 = DEFINITIONAL_REPRESENTATION('',(#7992),#7995);
#7992 = B_SPLINE_CURVE_WITH_KNOTS('',1,(#7993,#7994),.UNSPECIFIED.,.F.,
  .F.,(2,2),(4.712388980385,6.28318530718),.PIECEWISE_BEZIER_KNOTS.);
#7993 = CARTESIAN_POINT('',(0.,-1.570796326795));
#7994 = CARTESIAN_POINT('',(0.,0.));
#7995 = ( GEOMETRIC_REPRESENTATION_CONTEXT(2) 
PARAMETRIC_REPRESENTATION_CONTEXT() REPRESENTATION_CONTEXT('2D SPACE',''
  ) );
#7996 = PCURVE('',#7946,#7997);
#7997 = DEFINITIONAL_REPRESENTATION('',(#7998),#8001);
#7998 = B_SPLINE_CURVE_WITH_KNOTS('',1,(#7999,#8000),.UNSPECIFIED.,.F.,
  .F.,(2,2),(4.712388980385,6.28318530718),.PIECEWISE_BEZIER_KNOTS.);
#7999 = CARTESIAN_POINT('',(1.570796326795,5.5));
#8000 = CARTESIAN_POINT('',(0.,5.5));
#8001 = ( GEOMETRIC_REPRESENTATION_CONTEXT(2) 
PARAMETRIC_REPRESENTATION_CONTEXT() REPRESENTATION_CONTEXT('2D SPACE',''
  ) );
#8002 = ORIENTED_EDGE('',*,*,#4796,.T.);
#8003 = ORIENTED_EDGE('',*,*,#4645,.F.);
#8004 = ADVANCED_FACE('',(#8005),#4784,.F.);
#8005 = FACE_BOUND('',#8006,.F.);
#8006 = EDGE_LOOP('',(#8007,#8028,#8056,#8077));
#8007 = ORIENTED_EDGE('',*,*,#8008,.F.);
#8008 = EDGE_CURVE('',#8009,#4719,#8011,.T.);
#8009 = VERTEX_POINT('',#8010);
#8010 = CARTESIAN_POINT('',(34.61803398875,37.1,-3.5));
#8011 = SURFACE_CURVE('',#8012,(#8016,#8022),.PCURVE_S1.);
#8012 = LINE('',#8013,#8014);
#8013 = CARTESIAN_POINT('',(34.61803398875,35.6,-3.5));
#8014 = VECTOR('',#8015,1.);
#8015 = DIRECTION('',(-0.,1.,0.));
#8016 = PCURVE('',#4784,#8017);
#8017 = DEFINITIONAL_REPRESENTATION('',(#8018),#8021);
#8018 = B_SPLINE_CURVE_WITH_KNOTS('',1,(#8019,#8020),.UNSPECIFIED.,.F.,
  .F.,(2,2),(1.4999994,5.5000006),.PIECEWISE_BEZIER_KNOTS.);
#8019 = CARTESIAN_POINT('',(1.61803398875,1.4999994));
#8020 = CARTESIAN_POINT('',(1.61803398875,5.5000006));
#8021 = ( GEOMETRIC_REPRESENTATION_CONTEXT(2) 
PARAMETRIC_REPRESENTATION_CONTEXT() REPRESENTATION_CONTEXT('2D SPACE',''
  ) );
#8022 = PCURVE('',#5371,#8023);
#8023 = DEFINITIONAL_REPRESENTATION('',(#8024),#8027);
#8024 = B_SPLINE_CURVE_WITH_KNOTS('',1,(#8025,#8026),.UNSPECIFIED.,.F.,
  .F.,(2,2),(1.4999994,5.5000006),.PIECEWISE_BEZIER_KNOTS.);
#8025 = CARTESIAN_POINT('',(-0.729727656227,1.4999994));
#8026 = CARTESIAN_POINT('',(-0.729727656227,5.5000006));
#8027 = ( GEOMETRIC_REPRESENTATION_CONTEXT(2) 
PARAMETRIC_REPRESENTATION_CONTEXT() REPRESENTATION_CONTEXT('2D SPACE',''
  ) );
#8028 = ORIENTED_EDGE('',*,*,#8029,.T.);
#8029 = EDGE_CURVE('',#8009,#8030,#8032,.T.);
#8030 = VERTEX_POINT('',#8031);
#8031 = CARTESIAN_POINT('',(35.5,37.1,-3.5));
#8032 = SURFACE_CURVE('',#8033,(#8037,#8044),.PCURVE_S1.);
#8033 = LINE('',#8034,#8035);
#8034 = CARTESIAN_POINT('',(33.,37.1,-3.5));
#8035 = VECTOR('',#8036,1.);
#8036 = DIRECTION('',(1.,0.,-0.));
#8037 = PCURVE('',#4784,#8038);
#8038 = DEFINITIONAL_REPRESENTATION('',(#8039),#8043);
#8039 = LINE('',#8040,#8041);
#8040 = CARTESIAN_POINT('',(0.,1.5));
#8041 = VECTOR('',#8042,1.);
#8042 = DIRECTION('',(1.,0.));
#8043 = ( GEOMETRIC_REPRESENTATION_CONTEXT(2) 
PARAMETRIC_REPRESENTATION_CONTEXT() REPRESENTATION_CONTEXT('2D SPACE',''
  ) );
#8044 = PCURVE('',#8045,#8050);
#8045 = CYLINDRICAL_SURFACE('',#8046,1.5);
#8046 = AXIS2_PLACEMENT_3D('',#8047,#8048,#8049);
#8047 = CARTESIAN_POINT('',(33.,37.1,-2.));
#8048 = DIRECTION('',(1.,0.,-0.));
#8049 = DIRECTION('',(0.,-1.,0.));
#8050 = DEFINITIONAL_REPRESENTATION('',(#8051),#8055);
#8051 = LINE('',#8052,#8053);
#8052 = CARTESIAN_POINT('',(1.570796326795,0.));
#8053 = VECTOR('',#8054,1.);
#8054 = DIRECTION('',(0.,1.));
#8055 = ( GEOMETRIC_REPRESENTATION_CONTEXT(2) 
PARAMETRIC_REPRESENTATION_CONTEXT() REPRESENTATION_CONTEXT('2D SPACE',''
  ) );
#8056 = ORIENTED_EDGE('',*,*,#8057,.T.);
#8057 = EDGE_CURVE('',#8030,#4769,#8058,.T.);
#8058 = SURFACE_CURVE('',#8059,(#8063,#8070),.PCURVE_S1.);
#8059 = LINE('',#8060,#8061);
#8060 = CARTESIAN_POINT('',(35.5,35.6,-3.5));
#8061 = VECTOR('',#8062,1.);
#8062 = DIRECTION('',(-0.,1.,0.));
#8063 = PCURVE('',#4784,#8064);
#8064 = DEFINITIONAL_REPRESENTATION('',(#8065),#8069);
#8065 = LINE('',#8066,#8067);
#8066 = CARTESIAN_POINT('',(2.5,0.));
#8067 = VECTOR('',#8068,1.);
#8068 = DIRECTION('',(0.,1.));
#8069 = ( GEOMETRIC_REPRESENTATION_CONTEXT(2) 
PARAMETRIC_REPRESENTATION_CONTEXT() REPRESENTATION_CONTEXT('2D SPACE',''
  ) );
#8070 = PCURVE('',#7946,#8071);
#8071 = DEFINITIONAL_REPRESENTATION('',(#8072),#8076);
#8072 = LINE('',#8073,#8074);
#8073 = CARTESIAN_POINT('',(1.570796326795,0.));
#8074 = VECTOR('',#8075,1.);
#8075 = DIRECTION('',(0.,1.));
#8076 = ( GEOMETRIC_REPRESENTATION_CONTEXT(2) 
PARAMETRIC_REPRESENTATION_CONTEXT() REPRESENTATION_CONTEXT('2D SPACE',''
  ) );
#8077 = ORIENTED_EDGE('',*,*,#4768,.F.);
#8078 = ADVANCED_FACE('',(#8079),#4836,.T.);
#8079 = FACE_BOUND('',#8080,.T.);
#8080 = EDGE_LOOP('',(#8081,#8082,#8083));
#8081 = ORIENTED_EDGE('',*,*,#4872,.F.);
#8082 = ORIENTED_EDGE('',*,*,#4822,.T.);
#8083 = ORIENTED_EDGE('',*,*,#5039,.F.);
#8084 = ADVANCED_FACE('',(#8085),#4934,.T.);
#8085 = FACE_BOUND('',#8086,.T.);
#8086 = EDGE_LOOP('',(#8087,#8088,#8089));
#8087 = ORIENTED_EDGE('',*,*,#5062,.F.);
#8088 = ORIENTED_EDGE('',*,*,#4920,.T.);
#8089 = ORIENTED_EDGE('',*,*,#4970,.F.);
#8090 = ADVANCED_FACE('',(#8091),#5122,.T.);
#8091 = FACE_BOUND('',#8092,.T.);
#8092 = EDGE_LOOP('',(#8093,#8094,#8123,#8151));
#8093 = ORIENTED_EDGE('',*,*,#5104,.F.);
#8094 = ORIENTED_EDGE('',*,*,#8095,.T.);
#8095 = EDGE_CURVE('',#5105,#8096,#8098,.T.);
#8096 = VERTEX_POINT('',#8097);
#8097 = CARTESIAN_POINT('',(-65.5,35.6,-5.5));
#8098 = SURFACE_CURVE('',#8099,(#8104,#8111),.PCURVE_S1.);
#8099 = CIRCLE('',#8100,1.5);
#8100 = AXIS2_PLACEMENT_3D('',#8101,#8102,#8103);
#8101 = CARTESIAN_POINT('',(-65.5,37.1,-5.5));
#8102 = DIRECTION('',(0.,0.,1.));
#8103 = DIRECTION('',(-1.,0.,0.));
#8104 = PCURVE('',#5122,#8105);
#8105 = DEFINITIONAL_REPRESENTATION('',(#8106),#8110);
#8106 = LINE('',#8107,#8108);
#8107 = CARTESIAN_POINT('',(0.,1.5));
#8108 = VECTOR('',#8109,1.);
#8109 = DIRECTION('',(1.,0.));
#8110 = ( GEOMETRIC_REPRESENTATION_CONTEXT(2) 
PARAMETRIC_REPRESENTATION_CONTEXT() REPRESENTATION_CONTEXT('2D SPACE',''
  ) );
#8111 = PCURVE('',#8112,#8117);
#8112 = SPHERICAL_SURFACE('',#8113,1.5);
#8113 = AXIS2_PLACEMENT_3D('',#8114,#8115,#8116);
#8114 = CARTESIAN_POINT('',(-65.5,37.1,-5.5));
#8115 = DIRECTION('',(0.,0.,1.));
#8116 = DIRECTION('',(-1.,0.,0.));
#8117 = DEFINITIONAL_REPRESENTATION('',(#8118),#8122);
#8118 = LINE('',#8119,#8120);
#8119 = CARTESIAN_POINT('',(0.,0.));
#8120 = VECTOR('',#8121,1.);
#8121 = DIRECTION('',(1.,0.));
#8122 = ( GEOMETRIC_REPRESENTATION_CONTEXT(2) 
PARAMETRIC_REPRESENTATION_CONTEXT() REPRESENTATION_CONTEXT('2D SPACE',''
  ) );
#8123 = ORIENTED_EDGE('',*,*,#8124,.T.);
#8124 = EDGE_CURVE('',#8096,#8125,#8127,.T.);
#8125 = VERTEX_POINT('',#8126);
#8126 = CARTESIAN_POINT('',(-65.5,35.6,-4.5));
#8127 = SURFACE_CURVE('',#8128,(#8132,#8139),.PCURVE_S1.);
#8128 = LINE('',#8129,#8130);
#8129 = CARTESIAN_POINT('',(-65.5,35.6,-7.));
#8130 = VECTOR('',#8131,1.);
#8131 = DIRECTION('',(0.,0.,1.));
#8132 = PCURVE('',#5122,#8133);
#8133 = DEFINITIONAL_REPRESENTATION('',(#8134),#8138);
#8134 = LINE('',#8135,#8136);
#8135 = CARTESIAN_POINT('',(1.570796326795,0.));
#8136 = VECTOR('',#8137,1.);
#8137 = DIRECTION('',(0.,1.));
#8138 = ( GEOMETRIC_REPRESENTATION_CONTEXT(2) 
PARAMETRIC_REPRESENTATION_CONTEXT() REPRESENTATION_CONTEXT('2D SPACE',''
  ) );
#8139 = PCURVE('',#8140,#8145);
#8140 = PLANE('',#8141);
#8141 = AXIS2_PLACEMENT_3D('',#8142,#8143,#8144);
#8142 = CARTESIAN_POINT('',(-67.,35.6,-7.));
#8143 = DIRECTION('',(-0.,1.,0.));
#8144 = DIRECTION('',(0.,0.,1.));
#8145 = DEFINITIONAL_REPRESENTATION('',(#8146),#8150);
#8146 = LINE('',#8147,#8148);
#8147 = CARTESIAN_POINT('',(0.,1.5));
#8148 = VECTOR('',#8149,1.);
#8149 = DIRECTION('',(1.,0.));
#8150 = ( GEOMETRIC_REPRESENTATION_CONTEXT(2) 
PARAMETRIC_REPRESENTATION_CONTEXT() REPRESENTATION_CONTEXT('2D SPACE',''
  ) );
#8151 = ORIENTED_EDGE('',*,*,#8152,.F.);
#8152 = EDGE_CURVE('',#5107,#8125,#8153,.T.);
#8153 = SURFACE_CURVE('',#8154,(#8159,#8166),.PCURVE_S1.);
#8154 = CIRCLE('',#8155,1.5);
#8155 = AXIS2_PLACEMENT_3D('',#8156,#8157,#8158);
#8156 = CARTESIAN_POINT('',(-65.5,37.1,-4.5));
#8157 = DIRECTION('',(0.,0.,1.));
#8158 = DIRECTION('',(-1.,0.,0.));
#8159 = PCURVE('',#5122,#8160);
#8160 = DEFINITIONAL_REPRESENTATION('',(#8161),#8165);
#8161 = LINE('',#8162,#8163);
#8162 = CARTESIAN_POINT('',(0.,2.5));
#8163 = VECTOR('',#8164,1.);
#8164 = DIRECTION('',(1.,0.));
#8165 = ( GEOMETRIC_REPRESENTATION_CONTEXT(2) 
PARAMETRIC_REPRESENTATION_CONTEXT() REPRESENTATION_CONTEXT('2D SPACE',''
  ) );
#8166 = PCURVE('',#8167,#8172);
#8167 = SPHERICAL_SURFACE('',#8168,1.5);
#8168 = AXIS2_PLACEMENT_3D('',#8169,#8170,#8171);
#8169 = CARTESIAN_POINT('',(-65.5,37.1,-4.5));
#8170 = DIRECTION('',(-0.,-0.,-1.));
#8171 = DIRECTION('',(-1.,0.,0.));
#8172 = DEFINITIONAL_REPRESENTATION('',(#8173),#8177);
#8173 = LINE('',#8174,#8175);
#8174 = CARTESIAN_POINT('',(-0.,0.));
#8175 = VECTOR('',#8176,1.);
#8176 = DIRECTION('',(-1.,0.));
#8177 = ( GEOMETRIC_REPRESENTATION_CONTEXT(2) 
PARAMETRIC_REPRESENTATION_CONTEXT() REPRESENTATION_CONTEXT('2D SPACE',''
  ) );
#8178 = ADVANCED_FACE('',(#8179),#5148,.T.);
#8179 = FACE_BOUND('',#8180,.F.);
#8180 = EDGE_LOOP('',(#8181,#8201,#8202,#8203));
#8181 = ORIENTED_EDGE('',*,*,#8182,.F.);
#8182 = EDGE_CURVE('',#5758,#5105,#8183,.T.);
#8183 = SURFACE_CURVE('',#8184,(#8189,#8195),.PCURVE_S1.);
#8184 = CIRCLE('',#8185,1.5);
#8185 = AXIS2_PLACEMENT_3D('',#8186,#8187,#8188);
#8186 = CARTESIAN_POINT('',(-65.5,37.1,-5.5));
#8187 = DIRECTION('',(0.,1.,-0.));
#8188 = DIRECTION('',(-1.,0.,0.));
#8189 = PCURVE('',#5148,#8190);
#8190 = DEFINITIONAL_REPRESENTATION('',(#8191),#8194);
#8191 = B_SPLINE_CURVE_WITH_KNOTS('',1,(#8192,#8193),.UNSPECIFIED.,.F.,
  .F.,(2,2),(4.712388980385,6.28318530718),.PIECEWISE_BEZIER_KNOTS.);
#8192 = CARTESIAN_POINT('',(-1.570796326795,1.5));
#8193 = CARTESIAN_POINT('',(0.,1.5));
#8194 = ( GEOMETRIC_REPRESENTATION_CONTEXT(2) 
PARAMETRIC_REPRESENTATION_CONTEXT() REPRESENTATION_CONTEXT('2D SPACE',''
  ) );
#8195 = PCURVE('',#8112,#8196);
#8196 = DEFINITIONAL_REPRESENTATION('',(#8197),#8200);
#8197 = B_SPLINE_CURVE_WITH_KNOTS('',1,(#8198,#8199),.UNSPECIFIED.,.F.,
  .F.,(2,2),(4.712388980385,6.28318530718),.PIECEWISE_BEZIER_KNOTS.);
#8198 = CARTESIAN_POINT('',(0.,-1.570796326795));
#8199 = CARTESIAN_POINT('',(0.,0.));
#8200 = ( GEOMETRIC_REPRESENTATION_CONTEXT(2) 
PARAMETRIC_REPRESENTATION_CONTEXT() REPRESENTATION_CONTEXT('2D SPACE',''
  ) );
#8201 = ORIENTED_EDGE('',*,*,#5757,.T.);
#8202 = ORIENTED_EDGE('',*,*,#5190,.T.);
#8203 = ORIENTED_EDGE('',*,*,#5134,.F.);
#8204 = ADVANCED_FACE('',(#8205),#5175,.T.);
#8205 = FACE_BOUND('',#8206,.T.);
#8206 = EDGE_LOOP('',(#8207,#8227,#8228,#8229));
#8207 = ORIENTED_EDGE('',*,*,#8208,.F.);
#8208 = EDGE_CURVE('',#6265,#5107,#8209,.T.);
#8209 = SURFACE_CURVE('',#8210,(#8215,#8221),.PCURVE_S1.);
#8210 = CIRCLE('',#8211,1.5);
#8211 = AXIS2_PLACEMENT_3D('',#8212,#8213,#8214);
#8212 = CARTESIAN_POINT('',(-65.5,37.1,-4.5));
#8213 = DIRECTION('',(0.,-1.,0.));
#8214 = DIRECTION('',(-1.,0.,0.));
#8215 = PCURVE('',#5175,#8216);
#8216 = DEFINITIONAL_REPRESENTATION('',(#8217),#8220);
#8217 = B_SPLINE_CURVE_WITH_KNOTS('',1,(#8218,#8219),.UNSPECIFIED.,.F.,
  .F.,(2,2),(4.712388980385,6.28318530718),.PIECEWISE_BEZIER_KNOTS.);
#8218 = CARTESIAN_POINT('',(1.570796326795,1.5));
#8219 = CARTESIAN_POINT('',(0.,1.5));
#8220 = ( GEOMETRIC_REPRESENTATION_CONTEXT(2) 
PARAMETRIC_REPRESENTATION_CONTEXT() REPRESENTATION_CONTEXT('2D SPACE',''
  ) );
#8221 = PCURVE('',#8167,#8222);
#8222 = DEFINITIONAL_REPRESENTATION('',(#8223),#8226);
#8223 = B_SPLINE_CURVE_WITH_KNOTS('',1,(#8224,#8225),.UNSPECIFIED.,.F.,
  .F.,(2,2),(4.712388980385,6.28318530718),.PIECEWISE_BEZIER_KNOTS.);
#8224 = CARTESIAN_POINT('',(0.,-1.570796326795));
#8225 = CARTESIAN_POINT('',(0.,0.));
#8226 = ( GEOMETRIC_REPRESENTATION_CONTEXT(2) 
PARAMETRIC_REPRESENTATION_CONTEXT() REPRESENTATION_CONTEXT('2D SPACE',''
  ) );
#8227 = ORIENTED_EDGE('',*,*,#6292,.T.);
#8228 = ORIENTED_EDGE('',*,*,#5273,.F.);
#8229 = ORIENTED_EDGE('',*,*,#5161,.F.);
#8230 = ADVANCED_FACE('',(#8231),#5371,.T.);
#8231 = FACE_BOUND('',#8232,.F.);
#8232 = EDGE_LOOP('',(#8233,#8258,#8259,#8260));
#8233 = ORIENTED_EDGE('',*,*,#8234,.F.);
#8234 = EDGE_CURVE('',#8009,#5654,#8235,.T.);
#8235 = SURFACE_CURVE('',#8236,(#8241,#8247),.PCURVE_S1.);
#8236 = CIRCLE('',#8237,1.5);
#8237 = AXIS2_PLACEMENT_3D('',#8238,#8239,#8240);
#8238 = CARTESIAN_POINT('',(33.5,37.1,-4.5));
#8239 = DIRECTION('',(-0.,1.,0.));
#8240 = DIRECTION('',(1.,0.,0.));
#8241 = PCURVE('',#5371,#8242);
#8242 = DEFINITIONAL_REPRESENTATION('',(#8243),#8246);
#8243 = B_SPLINE_CURVE_WITH_KNOTS('',1,(#8244,#8245),.UNSPECIFIED.,.F.,
  .F.,(2,2),(4.712388980385,6.28318530718),.PIECEWISE_BEZIER_KNOTS.);
#8244 = CARTESIAN_POINT('',(-1.570796326795,1.5));
#8245 = CARTESIAN_POINT('',(0.,1.5));
#8246 = ( GEOMETRIC_REPRESENTATION_CONTEXT(2) 
PARAMETRIC_REPRESENTATION_CONTEXT() REPRESENTATION_CONTEXT('2D SPACE',''
  ) );
#8247 = PCURVE('',#8248,#8253);
#8248 = SPHERICAL_SURFACE('',#8249,1.5);
#8249 = AXIS2_PLACEMENT_3D('',#8250,#8251,#8252);
#8250 = CARTESIAN_POINT('',(33.5,37.1,-4.5));
#8251 = DIRECTION('',(-0.,-0.,-1.));
#8252 = DIRECTION('',(1.,0.,0.));
#8253 = DEFINITIONAL_REPRESENTATION('',(#8254),#8257);
#8254 = B_SPLINE_CURVE_WITH_KNOTS('',1,(#8255,#8256),.UNSPECIFIED.,.F.,
  .F.,(2,2),(4.712388980385,6.28318530718),.PIECEWISE_BEZIER_KNOTS.);
#8255 = CARTESIAN_POINT('',(0.,-1.570796326795));
#8256 = CARTESIAN_POINT('',(0.,0.));
#8257 = ( GEOMETRIC_REPRESENTATION_CONTEXT(2) 
PARAMETRIC_REPRESENTATION_CONTEXT() REPRESENTATION_CONTEXT('2D SPACE',''
  ) );
#8258 = ORIENTED_EDGE('',*,*,#8008,.T.);
#8259 = ORIENTED_EDGE('',*,*,#5356,.F.);
#8260 = ORIENTED_EDGE('',*,*,#5708,.F.);
#8261 = ADVANCED_FACE('',(#8262),#5400,.T.);
#8262 = FACE_BOUND('',#8263,.F.);
#8263 = EDGE_LOOP('',(#8264,#8289,#8290,#8291));
#8264 = ORIENTED_EDGE('',*,*,#8265,.F.);
#8265 = EDGE_CURVE('',#5445,#7721,#8266,.T.);
#8266 = SURFACE_CURVE('',#8267,(#8272,#8278),.PCURVE_S1.);
#8267 = CIRCLE('',#8268,1.5);
#8268 = AXIS2_PLACEMENT_3D('',#8269,#8270,#8271);
#8269 = CARTESIAN_POINT('',(34.5,37.1,-2.));
#8270 = DIRECTION('',(0.,1.,-0.));
#8271 = DIRECTION('',(-1.,0.,0.));
#8272 = PCURVE('',#5400,#8273);
#8273 = DEFINITIONAL_REPRESENTATION('',(#8274),#8277);
#8274 = B_SPLINE_CURVE_WITH_KNOTS('',1,(#8275,#8276),.UNSPECIFIED.,.F.,
  .F.,(2,2),(4.712388980385,6.28318530718),.PIECEWISE_BEZIER_KNOTS.);
#8275 = CARTESIAN_POINT('',(-1.570796326795,1.5));
#8276 = CARTESIAN_POINT('',(0.,1.5));
#8277 = ( GEOMETRIC_REPRESENTATION_CONTEXT(2) 
PARAMETRIC_REPRESENTATION_CONTEXT() REPRESENTATION_CONTEXT('2D SPACE',''
  ) );
#8278 = PCURVE('',#8279,#8284);
#8279 = SPHERICAL_SURFACE('',#8280,1.5);
#8280 = AXIS2_PLACEMENT_3D('',#8281,#8282,#8283);
#8281 = CARTESIAN_POINT('',(34.5,37.1,-2.));
#8282 = DIRECTION('',(0.,0.,1.));
#8283 = DIRECTION('',(-1.,0.,0.));
#8284 = DEFINITIONAL_REPRESENTATION('',(#8285),#8288);
#8285 = B_SPLINE_CURVE_WITH_KNOTS('',1,(#8286,#8287),.UNSPECIFIED.,.F.,
  .F.,(2,2),(4.712388980385,6.28318530718),.PIECEWISE_BEZIER_KNOTS.);
#8286 = CARTESIAN_POINT('',(0.,-1.570796326795));
#8287 = CARTESIAN_POINT('',(0.,0.));
#8288 = ( GEOMETRIC_REPRESENTATION_CONTEXT(2) 
PARAMETRIC_REPRESENTATION_CONTEXT() REPRESENTATION_CONTEXT('2D SPACE',''
  ) );
#8289 = ORIENTED_EDGE('',*,*,#5472,.T.);
#8290 = ORIENTED_EDGE('',*,*,#5386,.T.);
#8291 = ORIENTED_EDGE('',*,*,#7750,.F.);
#8292 = ADVANCED_FACE('',(#8293),#5433,.T.);
#8293 = FACE_BOUND('',#8294,.T.);
#8294 = EDGE_LOOP('',(#8295,#8320,#8321,#8322));
#8295 = ORIENTED_EDGE('',*,*,#8296,.F.);
#8296 = EDGE_CURVE('',#5419,#7116,#8297,.T.);
#8297 = SURFACE_CURVE('',#8298,(#8303,#8309),.PCURVE_S1.);
#8298 = CIRCLE('',#8299,1.5);
#8299 = AXIS2_PLACEMENT_3D('',#8300,#8301,#8302);
#8300 = CARTESIAN_POINT('',(-14.,37.1,-2.));
#8301 = DIRECTION('',(0.,-1.,0.));
#8302 = DIRECTION('',(1.,0.,0.));
#8303 = PCURVE('',#5433,#8304);
#8304 = DEFINITIONAL_REPRESENTATION('',(#8305),#8308);
#8305 = B_SPLINE_CURVE_WITH_KNOTS('',1,(#8306,#8307),.UNSPECIFIED.,.F.,
  .F.,(2,2),(4.712388980385,6.28318530718),.PIECEWISE_BEZIER_KNOTS.);
#8306 = CARTESIAN_POINT('',(1.570796326795,1.5));
#8307 = CARTESIAN_POINT('',(0.,1.5));
#8308 = ( GEOMETRIC_REPRESENTATION_CONTEXT(2) 
PARAMETRIC_REPRESENTATION_CONTEXT() REPRESENTATION_CONTEXT('2D SPACE',''
  ) );
#8309 = PCURVE('',#8310,#8315);
#8310 = SPHERICAL_SURFACE('',#8311,1.5);
#8311 = AXIS2_PLACEMENT_3D('',#8312,#8313,#8314);
#8312 = CARTESIAN_POINT('',(-14.,37.1,-2.));
#8313 = DIRECTION('',(0.,0.,1.));
#8314 = DIRECTION('',(1.,0.,-0.));
#8315 = DEFINITIONAL_REPRESENTATION('',(#8316),#8319);
#8316 = B_SPLINE_CURVE_WITH_KNOTS('',1,(#8317,#8318),.UNSPECIFIED.,.F.,
  .F.,(2,2),(4.712388980385,6.28318530718),.PIECEWISE_BEZIER_KNOTS.);
#8317 = CARTESIAN_POINT('',(0.,-1.570796326795));
#8318 = CARTESIAN_POINT('',(0.,0.));
#8319 = ( GEOMETRIC_REPRESENTATION_CONTEXT(2) 
PARAMETRIC_REPRESENTATION_CONTEXT() REPRESENTATION_CONTEXT('2D SPACE',''
  ) );
#8320 = ORIENTED_EDGE('',*,*,#5418,.T.);
#8321 = ORIENTED_EDGE('',*,*,#5495,.T.);
#8322 = ORIENTED_EDGE('',*,*,#7143,.F.);
#8323 = ADVANCED_FACE('',(#8324),#5460,.T.);
#8324 = FACE_BOUND('',#8325,.F.);
#8325 = EDGE_LOOP('',(#8326,#8348,#8395,#8396,#8505,#8531,#8639,#8640,
    #8678,#8700));
#8326 = ORIENTED_EDGE('',*,*,#8327,.F.);
#8327 = EDGE_CURVE('',#8328,#8125,#8330,.T.);
#8328 = VERTEX_POINT('',#8329);
#8329 = CARTESIAN_POINT('',(-65.5,36.715942712607,-3.05));
#8330 = SURFACE_CURVE('',#8331,(#8336,#8342),.PCURVE_S1.);
#8331 = CIRCLE('',#8332,1.5);
#8332 = AXIS2_PLACEMENT_3D('',#8333,#8334,#8335);
#8333 = CARTESIAN_POINT('',(-65.5,37.1,-4.5));
#8334 = DIRECTION('',(1.,-6.123233995737E-17,0.));
#8335 = DIRECTION('',(-6.123233995737E-17,-1.,0.));
#8336 = PCURVE('',#5460,#8337);
#8337 = DEFINITIONAL_REPRESENTATION('',(#8338),#8341);
#8338 = B_SPLINE_CURVE_WITH_KNOTS('',1,(#8339,#8340),.UNSPECIFIED.,.F.,
  .F.,(2,2),(4.712388980385,6.28318530718),.PIECEWISE_BEZIER_KNOTS.);
#8339 = CARTESIAN_POINT('',(-1.570796326795,1.5));
#8340 = CARTESIAN_POINT('',(0.,1.5));
#8341 = ( GEOMETRIC_REPRESENTATION_CONTEXT(2) 
PARAMETRIC_REPRESENTATION_CONTEXT() REPRESENTATION_CONTEXT('2D SPACE',''
  ) );
#8342 = PCURVE('',#8167,#8343);
#8343 = DEFINITIONAL_REPRESENTATION('',(#8344),#8347);
#8344 = B_SPLINE_CURVE_WITH_KNOTS('',1,(#8345,#8346),.UNSPECIFIED.,.F.,
  .F.,(2,2),(4.712388980385,6.28318530718),.PIECEWISE_BEZIER_KNOTS.);
#8345 = CARTESIAN_POINT('',(-1.570796326795,-1.570796326795));
#8346 = CARTESIAN_POINT('',(-1.570796326795,0.));
#8347 = ( GEOMETRIC_REPRESENTATION_CONTEXT(2) 
PARAMETRIC_REPRESENTATION_CONTEXT() REPRESENTATION_CONTEXT('2D SPACE',''
  ) );
#8348 = ORIENTED_EDGE('',*,*,#8349,.F.);
#8349 = EDGE_CURVE('',#5553,#8328,#8350,.T.);
#8350 = SURFACE_CURVE('',#8351,(#8362,#8376),.PCURVE_S1.);
#8351 = B_SPLINE_CURVE_WITH_KNOTS('',5,(#8352,#8353,#8354,#8355,#8356,
    #8357,#8358,#8359,#8360,#8361),.UNSPECIFIED.,.F.,.F.,(6,4,6),(0.,
    0.475095894205,1.),.UNSPECIFIED.);
#8352 = CARTESIAN_POINT('',(-65.38196601125,37.1,-3.));
#8353 = CARTESIAN_POINT('',(-65.38196601125,37.060301982781,-3.));
#8354 = CARTESIAN_POINT('',(-65.38490273802,37.020596378233,
    -3.001313206444));
#8355 = CARTESIAN_POINT('',(-65.39077743419,36.98133654414,
    -3.003941088738));
#8356 = CARTESIAN_POINT('',(-65.39943068209,36.942906204857,
    -3.007774476757));
#8357 = CARTESIAN_POINT('',(-65.42298299507,36.864384217872,
    -3.018037441521));
#8358 = CARTESIAN_POINT('',(-65.438444625,36.824532114713,
    -3.024698596523));
#8359 = CARTESIAN_POINT('',(-65.45668685828,36.786412962664,
    -3.032417650337));
#8360 = CARTESIAN_POINT('',(-65.47731687687,36.750198462287,
    -3.040926756195));
#8361 = CARTESIAN_POINT('',(-65.5000006,36.715941806493,-3.05000024));
#8362 = PCURVE('',#5460,#8363);
#8363 = DEFINITIONAL_REPRESENTATION('',(#8364),#8375);
#8364 = B_SPLINE_CURVE_WITH_KNOTS('',5,(#8365,#8366,#8367,#8368,#8369,
    #8370,#8371,#8372,#8373,#8374),.UNSPECIFIED.,.F.,.F.,(6,4,6),(0.,
    0.475095894205,1.),.UNSPECIFIED.);
#8365 = CARTESIAN_POINT('',(-1.570796326795,1.61803398875));
#8366 = CARTESIAN_POINT('',(-1.544330981982,1.61803398875));
#8367 = CARTESIAN_POINT('',(-1.517860644526,1.615097261977));
#8368 = CARTESIAN_POINT('',(-1.49164852048,1.609222565804));
#8369 = CARTESIAN_POINT('',(-1.465913097009,1.600569317909));
#8370 = CARTESIAN_POINT('',(-1.413119869809,1.577017004922));
#8371 = CARTESIAN_POINT('',(-1.38620045345,1.561555374998));
#8372 = CARTESIAN_POINT('',(-1.360290236788,1.543313141713));
#8373 = CARTESIAN_POINT('',(-1.335499443651,1.522683123123));
#8374 = CARTESIAN_POINT('',(-1.311874159883,1.4999994));
#8375 = ( GEOMETRIC_REPRESENTATION_CONTEXT(2) 
PARAMETRIC_REPRESENTATION_CONTEXT() REPRESENTATION_CONTEXT('2D SPACE',''
  ) );
#8376 = PCURVE('',#8377,#8382);
#8377 = SPHERICAL_SURFACE('',#8378,1.5);
#8378 = AXIS2_PLACEMENT_3D('',#8379,#8380,#8381);
#8379 = CARTESIAN_POINT('',(-66.5,37.1,-2.));
#8380 = DIRECTION('',(0.,0.,1.));
#8381 = DIRECTION('',(1.,0.,-0.));
#8382 = DEFINITIONAL_REPRESENTATION('',(#8383),#8394);
#8383 = B_SPLINE_CURVE_WITH_KNOTS('',5,(#8384,#8385,#8386,#8387,#8388,
    #8389,#8390,#8391,#8392,#8393),.UNSPECIFIED.,.F.,.F.,(6,4,6),(0.,
    0.475095894205,1.),.UNSPECIFIED.);
#8384 = CARTESIAN_POINT('',(0.,-0.729727656227));
#8385 = CARTESIAN_POINT('',(-3.550698602939E-02,-0.729727656227));
#8386 = CARTESIAN_POINT('',(-7.1020533941E-02,-0.730902283859));
#8387 = CARTESIAN_POINT('',(-0.10641640429,-0.733252454245));
#8388 = CARTESIAN_POINT('',(-0.141626461414,-0.736694342963));
#8389 = CARTESIAN_POINT('',(-0.215220520057,-0.745968757132));
#8390 = CARTESIAN_POINT('',(-0.253558342903,-0.752015343001));
#8391 = CARTESIAN_POINT('',(-0.291555874063,-0.759071843217));
#8392 = CARTESIAN_POINT('',(-0.32924321923,-0.766927439685));
#8393 = CARTESIAN_POINT('',(-0.366688555908,-0.775397720656));
#8394 = ( GEOMETRIC_REPRESENTATION_CONTEXT(2) 
PARAMETRIC_REPRESENTATION_CONTEXT() REPRESENTATION_CONTEXT('2D SPACE',''
  ) );
#8395 = ORIENTED_EDGE('',*,*,#5578,.T.);
#8396 = ORIENTED_EDGE('',*,*,#8397,.F.);
#8397 = EDGE_CURVE('',#8398,#5579,#8400,.T.);
#8398 = VERTEX_POINT('',#8399);
#8399 = CARTESIAN_POINT('',(-18.,36.270843802411,-3.25));
#8400 = SURFACE_CURVE('',#8401,(#8432,#8466),.PCURVE_S1.);
#8401 = B_SPLINE_CURVE_WITH_KNOTS('',8,(#8402,#8403,#8404,#8405,#8406,
    #8407,#8408,#8409,#8410,#8411,#8412,#8413,#8414,#8415,#8416,#8417,
    #8418,#8419,#8420,#8421,#8422,#8423,#8424,#8425,#8426,#8427,#8428,
    #8429,#8430,#8431),.UNSPECIFIED.,.F.,.F.,(9,7,7,7,9),(0.,
    0.5945607383,0.734749412086,0.836855280602,1.),.UNSPECIFIED.);
#8402 = CARTESIAN_POINT('',(-18.,36.270843802411,-3.25));
#8403 = CARTESIAN_POINT('',(-18.10523625411,36.270843802411,-3.25));
#8404 = CARTESIAN_POINT('',(-18.21025031318,36.278477042096,
    -3.244939380278));
#8405 = CARTESIAN_POINT('',(-18.31540186852,36.293682573802,
    -3.234843031951));
#8406 = CARTESIAN_POINT('',(-18.42066463708,36.31712496455,
    -3.219688458481));
#8407 = CARTESIAN_POINT('',(-18.52554045631,36.349909328484,
    -3.199404198628));
#8408 = CARTESIAN_POINT('',(-18.62839158653,36.393657763658,
    -3.174430968144));
#8409 = CARTESIAN_POINT('',(-18.72702275372,36.450010673084,
    -3.145943734928));
#8410 = CARTESIAN_POINT('',(-18.83947757881,36.537985314461,
    -3.109147552198));
#8411 = CARTESIAN_POINT('',(-18.86049188265,36.55558188638,
    -3.102061099356));
#8412 = CARTESIAN_POINT('',(-18.88101595795,36.574012694813,
    -3.094939638806));
#8413 = CARTESIAN_POINT('',(-18.90099433849,36.59329844785,
    -3.087818848308));
#8414 = CARTESIAN_POINT('',(-18.92036504434,36.613456396574,
    -3.080739087326));
#8415 = CARTESIAN_POINT('',(-18.93906015087,36.634499214862,
    -3.073745210253));
#8416 = CARTESIAN_POINT('',(-18.95700635777,36.656433879178,
    -3.066886379641));
#8417 = CARTESIAN_POINT('',(-18.98659426015,36.695886262987,
    -3.055357446871));
#8418 = CARTESIAN_POINT('',(-18.99862342686,36.712984101217,
    -3.050599227554));
#8419 = CARTESIAN_POINT('',(-19.0101826161,36.730553316321,
    -3.045961789197));
#8420 = CARTESIAN_POINT('',(-19.0212392451,36.748590093613,
    -3.041467185466));
#8421 = CARTESIAN_POINT('',(-19.0317592164,36.767087024122,
    -3.037138533946));
#8422 = CARTESIAN_POINT('',(-19.04170754401,36.786032578254,
    -3.032999594125));
#8423 = CARTESIAN_POINT('',(-19.05104897945,36.805410579459,
    -3.029074345371));
#8424 = CARTESIAN_POINT('',(-19.07364894893,36.856818692136,
    -3.019494230619));
#8425 = CARTESIAN_POINT('',(-19.08591769197,36.889502544433,
    -3.014205239725));
#8426 = CARTESIAN_POINT('',(-19.09640115695,36.923145604919,
    -3.009620807035));
#8427 = CARTESIAN_POINT('',(-19.10495929109,36.957613786734,
    -3.00583646273));
#8428 = CARTESIAN_POINT('',(-19.1114718873,36.992742855242,
    -3.002934753824));
#8429 = CARTESIAN_POINT('',(-19.11584734289,37.028337976128,
    -3.000977842313));
#8430 = CARTESIAN_POINT('',(-19.11803398875,37.064174502355,-3.));
#8431 = CARTESIAN_POINT('',(-19.11803398875,37.1,-3.));
#8432 = PCURVE('',#5460,#8433);
#8433 = DEFINITIONAL_REPRESENTATION('',(#8434),#8465);
#8434 = B_SPLINE_CURVE_WITH_KNOTS('',8,(#8435,#8436,#8437,#8438,#8439,
    #8440,#8441,#8442,#8443,#8444,#8445,#8446,#8447,#8448,#8449,#8450,
    #8451,#8452,#8453,#8454,#8455,#8456,#8457,#8458,#8459,#8460,#8461,
    #8462,#8463,#8464),.UNSPECIFIED.,.F.,.F.,(9,7,7,7,9),(0.,
    0.5945607383,0.734749412086,0.836855280602,1.),.UNSPECIFIED.);
#8435 = CARTESIAN_POINT('',(-0.985110783338,49.));
#8436 = CARTESIAN_POINT('',(-0.985110783338,48.894763745889));
#8437 = CARTESIAN_POINT('',(-0.991216765613,48.789749686815));
#8438 = CARTESIAN_POINT('',(-1.003383568632,48.684598131479));
#8439 = CARTESIAN_POINT('',(-1.021994095988,48.579335362919));
#8440 = CARTESIAN_POINT('',(-1.047680270887,48.474459543688));
#8441 = CARTESIAN_POINT('',(-1.081218308446,48.371608413467));
#8442 = CARTESIAN_POINT('',(-1.123205641557,48.272977246278));
#8443 = CARTESIAN_POINT('',(-1.1867788595,48.160522421182));
#8444 = CARTESIAN_POINT('',(-1.199424345849,48.139508117341));
#8445 = CARTESIAN_POINT('',(-1.212594636362,48.118984042044));
#8446 = CARTESIAN_POINT('',(-1.226296982434,48.099005661505));
#8447 = CARTESIAN_POINT('',(-1.240536508802,48.079634955656));
#8448 = CARTESIAN_POINT('',(-1.255315792301,48.060939849125));
#8449 = CARTESIAN_POINT('',(-1.270634440615,48.042993642229));
#8450 = CARTESIAN_POINT('',(-1.298036037316,48.013405739842));
#8451 = CARTESIAN_POINT('',(-1.309866786954,48.001376573138));
#8452 = CARTESIAN_POINT('',(-1.321978914755,47.989817383892));
#8453 = CARTESIAN_POINT('',(-1.334368704139,47.978760754897));
#8454 = CARTESIAN_POINT('',(-1.347030464642,47.968240783596));
#8455 = CARTESIAN_POINT('',(-1.359956269435,47.95829245599));
#8456 = CARTESIAN_POINT('',(-1.37313569283,47.94895102055));
#8457 = CARTESIAN_POINT('',(-1.407997787161,47.926351051063));
#8458 = CARTESIAN_POINT('',(-1.430064216226,47.914082308026));
#8459 = CARTESIAN_POINT('',(-1.45268826757,47.903598843046));
#8460 = CARTESIAN_POINT('',(-1.475789081408,47.895040708903));
#8461 = CARTESIAN_POINT('',(-1.499270805411,47.8885281127));
#8462 = CARTESIAN_POINT('',(-1.523021644654,47.884152657107));
#8463 = CARTESIAN_POINT('',(-1.546912661698,47.88196601125));
#8464 = CARTESIAN_POINT('',(-1.570796326795,47.88196601125));
#8465 = ( GEOMETRIC_REPRESENTATION_CONTEXT(2) 
PARAMETRIC_REPRESENTATION_CONTEXT() REPRESENTATION_CONTEXT('2D SPACE',''
  ) );
#8466 = PCURVE('',#8467,#8472);
#8467 = SPHERICAL_SURFACE('',#8468,1.5);
#8468 = AXIS2_PLACEMENT_3D('',#8469,#8470,#8471);
#8469 = CARTESIAN_POINT('',(-18.,37.1,-2.));
#8470 = DIRECTION('',(0.,0.,1.));
#8471 = DIRECTION('',(-1.,0.,0.));
#8472 = DEFINITIONAL_REPRESENTATION('',(#8473),#8504);
#8473 = B_SPLINE_CURVE_WITH_KNOTS('',8,(#8474,#8475,#8476,#8477,#8478,
    #8479,#8480,#8481,#8482,#8483,#8484,#8485,#8486,#8487,#8488,#8489,
    #8490,#8491,#8492,#8493,#8494,#8495,#8496,#8497,#8498,#8499,#8500,
    #8501,#8502,#8503),.UNSPECIFIED.,.F.,.F.,(9,7,7,7,9),(0.,
    0.5945607383,0.734749412086,0.836855280602,1.),.UNSPECIFIED.);
#8474 = CARTESIAN_POINT('',(1.570796326795,-0.985110783338));
#8475 = CARTESIAN_POINT('',(1.443876628894,-0.985110783338));
#8476 = CARTESIAN_POINT('',(1.317219456123,-0.979005851263));
#8477 = CARTESIAN_POINT('',(1.191981936073,-0.96683499151));
#8478 = CARTESIAN_POINT('',(1.069624976119,-0.948862408585));
#8479 = CARTESIAN_POINT('',(0.951475974349,-0.925656656413));
#8480 = CARTESIAN_POINT('',(0.837339050173,-0.89847068349));
#8481 = CARTESIAN_POINT('',(0.726226447102,-0.868918490218));
#8482 = CARTESIAN_POINT('',(0.589741393319,-0.832198762382));
#8483 = CARTESIAN_POINT('',(0.563758647732,-0.825189486927));
#8484 = CARTESIAN_POINT('',(0.537809249602,-0.8182074008));
#8485 = CARTESIAN_POINT('',(0.511868691109,-0.811286088667));
#8486 = CARTESIAN_POINT('',(0.48591278955,-0.804462092852));
#8487 = CARTESIAN_POINT('',(0.459917546301,-0.797774702709));
#8488 = CARTESIAN_POINT('',(0.433859005776,-0.791265743994));
#8489 = CARTESIAN_POINT('',(0.388669857348,-0.780400711209));
#8490 = CARTESIAN_POINT('',(0.369581479709,-0.775940426445));
#8491 = CARTESIAN_POINT('',(0.350439568483,-0.771615613992));
#8492 = CARTESIAN_POINT('',(0.331236815696,-0.767444330285));
#8493 = CARTESIAN_POINT('',(0.311967179051,-0.7634452744));
#8494 = CARTESIAN_POINT('',(0.292626042591,-0.759637474303));
#8495 = CARTESIAN_POINT('',(0.27321037737,-0.756039973098));
#8496 = CARTESIAN_POINT('',(0.22257543007,-0.747289394614));
#8497 = CARTESIAN_POINT('',(0.191223432601,-0.742489354929));
#8498 = CARTESIAN_POINT('',(0.159677401873,-0.738351989289));
#8499 = CARTESIAN_POINT('',(0.127956090903,-0.734951780714));
#8500 = CARTESIAN_POINT('',(9.608421904881E-02,-0.732352537429));
#8501 = CARTESIAN_POINT('',(6.409640099385E-02,-0.730602290836));
#8502 = CARTESIAN_POINT('',(3.204329922485E-02,-0.729727656227));
#8503 = CARTESIAN_POINT('',(0.,-0.729727656227));
#8504 = ( GEOMETRIC_REPRESENTATION_CONTEXT(2) 
PARAMETRIC_REPRESENTATION_CONTEXT() REPRESENTATION_CONTEXT('2D SPACE',''
  ) );
#8505 = ORIENTED_EDGE('',*,*,#8506,.T.);
#8506 = EDGE_CURVE('',#8398,#8507,#8509,.T.);
#8507 = VERTEX_POINT('',#8508);
#8508 = CARTESIAN_POINT('',(-14.,36.270843802411,-3.25));
#8509 = SURFACE_CURVE('',#8510,(#8514,#8520),.PCURVE_S1.);
#8510 = LINE('',#8511,#8512);
#8511 = CARTESIAN_POINT('',(-67.,36.270843802411,-3.25));
#8512 = VECTOR('',#8513,1.);
#8513 = DIRECTION('',(1.,0.,-0.));
#8514 = PCURVE('',#5460,#8515);
#8515 = DEFINITIONAL_REPRESENTATION('',(#8516),#8519);
#8516 = B_SPLINE_CURVE_WITH_KNOTS('',1,(#8517,#8518),.UNSPECIFIED.,.F.,
  .F.,(2,2),(48.9999994,53.0000006),.PIECEWISE_BEZIER_KNOTS.);
#8517 = CARTESIAN_POINT('',(-0.985110783338,48.9999994));
#8518 = CARTESIAN_POINT('',(-0.985110783338,53.0000006));
#8519 = ( GEOMETRIC_REPRESENTATION_CONTEXT(2) 
PARAMETRIC_REPRESENTATION_CONTEXT() REPRESENTATION_CONTEXT('2D SPACE',''
  ) );
#8520 = PCURVE('',#8521,#8526);
#8521 = CYLINDRICAL_SURFACE('',#8522,1.5);
#8522 = AXIS2_PLACEMENT_3D('',#8523,#8524,#8525);
#8523 = CARTESIAN_POINT('',(-19.5,37.1,-2.));
#8524 = DIRECTION('',(1.,0.,-0.));
#8525 = DIRECTION('',(0.,-1.,0.));
#8526 = DEFINITIONAL_REPRESENTATION('',(#8527),#8530);
#8527 = B_SPLINE_CURVE_WITH_KNOTS('',1,(#8528,#8529),.UNSPECIFIED.,.F.,
  .F.,(2,2),(48.9999994,53.0000006),.PIECEWISE_BEZIER_KNOTS.);
#8528 = CARTESIAN_POINT('',(0.985110783338,1.4999994));
#8529 = CARTESIAN_POINT('',(0.985110783338,5.5000006));
#8530 = ( GEOMETRIC_REPRESENTATION_CONTEXT(2) 
PARAMETRIC_REPRESENTATION_CONTEXT() REPRESENTATION_CONTEXT('2D SPACE',''
  ) );
#8531 = ORIENTED_EDGE('',*,*,#8532,.F.);
#8532 = EDGE_CURVE('',#5419,#8507,#8533,.T.);
#8533 = SURFACE_CURVE('',#8534,(#8567,#8603),.PCURVE_S1.);
#8534 = B_SPLINE_CURVE_WITH_KNOTS('',7,(#8535,#8536,#8537,#8538,#8539,
    #8540,#8541,#8542,#8543,#8544,#8545,#8546,#8547,#8548,#8549,#8550,
    #8551,#8552,#8553,#8554,#8555,#8556,#8557,#8558,#8559,#8560,#8561,
    #8562,#8563,#8564,#8565,#8566),.UNSPECIFIED.,.F.,.F.,(8,6,6,6,6,8),(
    0.,0.163233426443,0.266710449571,0.407677191169,0.584752332262,1.),
  .UNSPECIFIED.);
#8535 = CARTESIAN_POINT('',(-12.88196601125,37.1,-3.));
#8536 = CARTESIAN_POINT('',(-12.88196601125,37.059054928403,-3.));
#8537 = CARTESIAN_POINT('',(-12.88488177345,37.018095150445,
    -3.001303894556));
#8538 = CARTESIAN_POINT('',(-12.89071676053,36.977524610309,
    -3.003913647003));
#8539 = CARTESIAN_POINT('',(-12.89936675148,36.937691668099,
    -3.007760211564));
#8540 = CARTESIAN_POINT('',(-12.91065691495,36.898883697043,
    -3.012723827341));
#8541 = CARTESIAN_POINT('',(-12.92436859851,36.861326637252,
    -3.018653898478));
#8542 = CARTESIAN_POINT('',(-12.95032707895,36.802281435999,
    -3.02965763776));
#8543 = CARTESIAN_POINT('',(-12.96127624928,36.779935790792,
    -3.034251657095));
#8544 = CARTESIAN_POINT('',(-12.9730453403,36.758188035784,
    -3.039130979002));
#8545 = CARTESIAN_POINT('',(-12.98557559176,36.737062764892,
    -3.044255647727));
#8546 = CARTESIAN_POINT('',(-12.9988092553,36.716575192725,
    -3.049586481947));
#8547 = CARTESIAN_POINT('',(-13.01269136191,36.69673264673,
    -3.055086265452));
#8548 = CARTESIAN_POINT('',(-13.04689776621,36.651384549658,
    -3.06839705159));
#8549 = CARTESIAN_POINT('',(-13.06773172079,36.626434672133,
    -3.076322689426));
#8550 = CARTESIAN_POINT('',(-13.08954699426,36.602685336728,
    -3.084411647182));
#8551 = CARTESIAN_POINT('',(-13.11222705848,36.580121835229,
    -3.092586165566));
#8552 = CARTESIAN_POINT('',(-13.13566671299,36.558718840464,
    -3.100777400259));
#8553 = CARTESIAN_POINT('',(-13.15977358187,36.538443405526,
    -3.108925892025));
#8554 = CARTESIAN_POINT('',(-13.21549148683,36.495158200815,
    -3.127101749914));
#8555 = CARTESIAN_POINT('',(-13.24743759569,36.472782352634,
    -3.137073937063));
#8556 = CARTESIAN_POINT('',(-13.28015186992,36.452055557233,
    -3.146799213829));
#8557 = CARTESIAN_POINT('',(-13.31349779909,36.432901616687,
    -3.156196688504));
#8558 = CARTESIAN_POINT('',(-13.34735832821,36.415244524632,
    -3.165201904751));
#8559 = CARTESIAN_POINT('',(-13.38163575628,36.399009994548,
    -3.173764784228));
#8560 = CARTESIAN_POINT('',(-13.49742713311,36.349225794693,
    -3.200801994999));
#8561 = CARTESIAN_POINT('',(-13.58041247669,36.321779071461,
    -3.21710399767));
#8562 = CARTESIAN_POINT('',(-13.66421100374,36.300850531402,
    -3.23027355787));
#8563 = CARTESIAN_POINT('',(-13.74821124907,36.285706835604,
    -3.240141267106));
#8564 = CARTESIAN_POINT('',(-13.83216668229,36.275798757513,
    -3.246713162893));
#8565 = CARTESIAN_POINT('',(-13.91607502765,36.270843802411,-3.25));
#8566 = CARTESIAN_POINT('',(-14.,36.270843802411,-3.25));
#8567 = PCURVE('',#5460,#8568);
#8568 = DEFINITIONAL_REPRESENTATION('',(#8569),#8602);
#8569 = B_SPLINE_CURVE_WITH_KNOTS('',7,(#8570,#8571,#8572,#8573,#8574,
    #8575,#8576,#8577,#8578,#8579,#8580,#8581,#8582,#8583,#8584,#8585,
    #8586,#8587,#8588,#8589,#8590,#8591,#8592,#8593,#8594,#8595,#8596,
    #8597,#8598,#8599,#8600,#8601),.UNSPECIFIED.,.F.,.F.,(8,6,6,6,6,8),(
    0.,0.163233426443,0.266710449571,0.407677191169,0.584752332262,1.),
  .UNSPECIFIED.);
#8570 = CARTESIAN_POINT('',(-1.570796326795,54.11803398875));
#8571 = CARTESIAN_POINT('',(-1.543499612397,54.11803398875));
#8572 = CARTESIAN_POINT('',(-1.516193094347,54.115118226544));
#8573 = CARTESIAN_POINT('',(-1.4891128495,54.109283239467));
#8574 = CARTESIAN_POINT('',(-1.462457763223,54.100633248516));
#8575 = CARTESIAN_POINT('',(-1.436393396595,54.089343085048));
#8576 = CARTESIAN_POINT('',(-1.411054853818,54.075631401484));
#8577 = CARTESIAN_POINT('',(-1.371013663531,54.049672921044));
#8578 = CARTESIAN_POINT('',(-1.35580761666,54.038723750714));
#8579 = CARTESIAN_POINT('',(-1.340952412798,54.026954659696));
#8580 = CARTESIAN_POINT('',(-1.326464156037,54.014424408237));
#8581 = CARTESIAN_POINT('',(-1.312353893957,54.0011907447));
#8582 = CARTESIAN_POINT('',(-1.298628360641,53.987308638083));
#8583 = CARTESIAN_POINT('',(-1.26712085229,53.953102233784));
#8584 = CARTESIAN_POINT('',(-1.249672794911,53.932268279208));
#8585 = CARTESIAN_POINT('',(-1.232952228705,53.910453005735));
#8586 = CARTESIAN_POINT('',(-1.21695807689,53.887772941511));
#8587 = CARTESIAN_POINT('',(-1.201683624178,53.86433328701));
#8588 = CARTESIAN_POINT('',(-1.187117636222,53.840226418125));
#8589 = CARTESIAN_POINT('',(-1.155819991605,53.784508513163));
#8590 = CARTESIAN_POINT('',(-1.13949218496,53.75256240431));
#8591 = CARTESIAN_POINT('',(-1.124233218244,53.71984813008));
#8592 = CARTESIAN_POINT('',(-1.110013186393,53.68650220091));
#8593 = CARTESIAN_POINT('',(-1.096801286232,53.652641671785));
#8594 = CARTESIAN_POINT('',(-1.084565982552,53.618364243713));
#8595 = CARTESIAN_POINT('',(-1.046797816524,53.502572866889));
#8596 = CARTESIAN_POINT('',(-1.025531517994,53.419587523309));
#8597 = CARTESIAN_POINT('',(-1.009050321301,53.335788996253));
#8598 = CARTESIAN_POINT('',(-0.997001251679,53.251788750921));
#8599 = CARTESIAN_POINT('',(-0.989074741984,53.16783331771));
#8600 = CARTESIAN_POINT('',(-0.985110783338,53.083924972348));
#8601 = CARTESIAN_POINT('',(-0.985110783338,53.));
#8602 = ( GEOMETRIC_REPRESENTATION_CONTEXT(2) 
PARAMETRIC_REPRESENTATION_CONTEXT() REPRESENTATION_CONTEXT('2D SPACE',''
  ) );
#8603 = PCURVE('',#8310,#8604);
#8604 = DEFINITIONAL_REPRESENTATION('',(#8605),#8638);
#8605 = B_SPLINE_CURVE_WITH_KNOTS('',7,(#8606,#8607,#8608,#8609,#8610,
    #8611,#8612,#8613,#8614,#8615,#8616,#8617,#8618,#8619,#8620,#8621,
    #8622,#8623,#8624,#8625,#8626,#8627,#8628,#8629,#8630,#8631,#8632,
    #8633,#8634,#8635,#8636,#8637),.UNSPECIFIED.,.F.,.F.,(8,6,6,6,6,8),(
    0.,0.163233426443,0.266710449571,0.407677191169,0.584752332262,1.),
  .UNSPECIFIED.);
#8606 = CARTESIAN_POINT('',(0.,-0.729727656227));
#8607 = CARTESIAN_POINT('',(-3.662238537385E-02,-0.729727656227));
#8608 = CARTESIAN_POINT('',(-7.325784220149E-02,-0.730893929456));
#8609 = CARTESIAN_POINT('',(-0.109786216984,-0.733228039946));
#8610 = CARTESIAN_POINT('',(-0.146136212661,-0.736676357313));
#8611 = CARTESIAN_POINT('',(-0.182263047983,-0.741146531273));
#8612 = CARTESIAN_POINT('',(-0.218135013056,-0.746521816344));
#8613 = CARTESIAN_POINT('',(-0.276292630682,-0.756572764883));
#8614 = CARTESIAN_POINT('',(-0.298752601509,-0.760785602166));
#8615 = CARTESIAN_POINT('',(-0.321110998435,-0.765280589271));
#8616 = CARTESIAN_POINT('',(-0.343373644513,-0.770025934385));
#8617 = CARTESIAN_POINT('',(-0.365549569555,-0.77499010861));
#8618 = CARTESIAN_POINT('',(-0.38765055876,-0.780142731368));
#8619 = CARTESIAN_POINT('',(-0.439715986077,-0.792692979944));
#8620 = CARTESIAN_POINT('',(-0.469625140806,-0.800226850503));
#8621 = CARTESIAN_POINT('',(-0.499457540834,-0.807985571325));
#8622 = CARTESIAN_POINT('',(-0.529252205279,-0.815902411872));
#8623 = CARTESIAN_POINT('',(-0.559048195866,-0.823915955106));
#8624 = CARTESIAN_POINT('',(-0.588885015725,-0.831970645385));
#8625 = CARTESIAN_POINT('',(-0.656384445306,-0.850125173981));
#8626 = CARTESIAN_POINT('',(-0.69408762856,-0.86021859866));
#8627 = CARTESIAN_POINT('',(-0.731991795261,-0.870199522739));
#8628 = CARTESIAN_POINT('',(-0.770161344777,-0.879980114764));
#8629 = CARTESIAN_POINT('',(-0.808647281698,-0.889482479453));
#8630 = CARTESIAN_POINT('',(-0.847488659026,-0.898638337692));
#8631 = CARTESIAN_POINT('',(-0.978698927425,-0.927908640738));
#8632 = CARTESIAN_POINT('',(-1.072737697478,-0.946185489578));
#8633 = CARTESIAN_POINT('',(-1.169210184654,-0.961467305043));
#8634 = CARTESIAN_POINT('',(-1.267971868636,-0.973221532984));
#8635 = CARTESIAN_POINT('',(-1.368382509376,-0.981146483682));
#8636 = CARTESIAN_POINT('',(-1.469579001769,-0.985110783338));
#8637 = CARTESIAN_POINT('',(-1.570796326795,-0.985110783338));
#8638 = ( GEOMETRIC_REPRESENTATION_CONTEXT(2) 
PARAMETRIC_REPRESENTATION_CONTEXT() REPRESENTATION_CONTEXT('2D SPACE',''
  ) );
#8639 = ORIENTED_EDGE('',*,*,#5444,.T.);
#8640 = ORIENTED_EDGE('',*,*,#8641,.F.);
#8641 = EDGE_CURVE('',#8642,#5445,#8644,.T.);
#8642 = VERTEX_POINT('',#8643);
#8643 = CARTESIAN_POINT('',(33.5,36.715942712607,-3.05));
#8644 = SURFACE_CURVE('',#8645,(#8654,#8666),.PCURVE_S1.);
#8645 = B_SPLINE_CURVE_WITH_KNOTS('',7,(#8646,#8647,#8648,#8649,#8650,
    #8651,#8652,#8653),.UNSPECIFIED.,.F.,.F.,(8,8),(0.,1.),
  .PIECEWISE_BEZIER_KNOTS.);
#8646 = CARTESIAN_POINT('',(33.5000006,36.715941806493,-3.05000024));
#8647 = CARTESIAN_POINT('',(33.469160324189,36.762516379253,
    -3.037664137077));
#8648 = CARTESIAN_POINT('',(33.441803904514,36.812557227632,
    -3.026277644067));
#8649 = CARTESIAN_POINT('',(33.418680149894,36.865888843075,
    -3.016321326425));
#8650 = CARTESIAN_POINT('',(33.400568482751,36.922118293345,
    -3.008319647164));
#8651 = CARTESIAN_POINT('',(33.388163100936,36.980583591824,
    -3.002771341798));
#8652 = CARTESIAN_POINT('',(33.38196601125,37.040307178864,-3.));
#8653 = CARTESIAN_POINT('',(33.38196601125,37.1,-3.));
#8654 = PCURVE('',#5460,#8655);
#8655 = DEFINITIONAL_REPRESENTATION('',(#8656),#8665);
#8656 = B_SPLINE_CURVE_WITH_KNOTS('',7,(#8657,#8658,#8659,#8660,#8661,
    #8662,#8663,#8664),.UNSPECIFIED.,.F.,.F.,(8,8),(0.,1.),
  .PIECEWISE_BEZIER_KNOTS.);
#8657 = CARTESIAN_POINT('',(-1.311874159883,100.5000006));
#8658 = CARTESIAN_POINT('',(-1.343994560206,100.46916032418));
#8659 = CARTESIAN_POINT('',(-1.37818666464,100.44180390451));
#8660 = CARTESIAN_POINT('',(-1.414309650707,100.41868014989));
#8661 = CARTESIAN_POINT('',(-1.45210570414,100.40056848275));
#8662 = CARTESIAN_POINT('',(-1.491185363925,100.38816310093));
#8663 = CARTESIAN_POINT('',(-1.531001112705,100.38196601125));
#8664 = CARTESIAN_POINT('',(-1.570796326795,100.38196601125));
#8665 = ( GEOMETRIC_REPRESENTATION_CONTEXT(2) 
PARAMETRIC_REPRESENTATION_CONTEXT() REPRESENTATION_CONTEXT('2D SPACE',''
  ) );
#8666 = PCURVE('',#8279,#8667);
#8667 = DEFINITIONAL_REPRESENTATION('',(#8668),#8677);
#8668 = B_SPLINE_CURVE_WITH_KNOTS('',7,(#8669,#8670,#8671,#8672,#8673,
    #8674,#8675,#8676),.UNSPECIFIED.,.F.,.F.,(8,8),(0.,1.),
  .PIECEWISE_BEZIER_KNOTS.);
#8669 = CARTESIAN_POINT('',(0.366688555908,-0.775397720656));
#8670 = CARTESIAN_POINT('',(0.315778724893,-0.763881718635));
#8671 = CARTESIAN_POINT('',(0.264354917162,-0.753403891459));
#8672 = CARTESIAN_POINT('',(0.21238007253,-0.74436086665));
#8673 = CARTESIAN_POINT('',(0.159848688674,-0.737168830583));
#8674 = CARTESIAN_POINT('',(0.106809129621,-0.732206452475));
#8675 = CARTESIAN_POINT('',(5.339088233113E-02,-0.729727656227));
#8676 = CARTESIAN_POINT('',(0.,-0.729727656227));
#8677 = ( GEOMETRIC_REPRESENTATION_CONTEXT(2) 
PARAMETRIC_REPRESENTATION_CONTEXT() REPRESENTATION_CONTEXT('2D SPACE',''
  ) );
#8678 = ORIENTED_EDGE('',*,*,#8679,.T.);
#8679 = EDGE_CURVE('',#8642,#8680,#8682,.T.);
#8680 = VERTEX_POINT('',#8681);
#8681 = CARTESIAN_POINT('',(33.5,35.6,-4.5));
#8682 = SURFACE_CURVE('',#8683,(#8688,#8694),.PCURVE_S1.);
#8683 = CIRCLE('',#8684,1.5);
#8684 = AXIS2_PLACEMENT_3D('',#8685,#8686,#8687);
#8685 = CARTESIAN_POINT('',(33.5,37.1,-4.5));
#8686 = DIRECTION('',(1.,6.123233995737E-17,0.));
#8687 = DIRECTION('',(6.123233995737E-17,-1.,0.));
#8688 = PCURVE('',#5460,#8689);
#8689 = DEFINITIONAL_REPRESENTATION('',(#8690),#8693);
#8690 = B_SPLINE_CURVE_WITH_KNOTS('',1,(#8691,#8692),.UNSPECIFIED.,.F.,
  .F.,(2,2),(4.712388980385,6.28318530718),.PIECEWISE_BEZIER_KNOTS.);
#8691 = CARTESIAN_POINT('',(-1.570796326795,100.5));
#8692 = CARTESIAN_POINT('',(0.,100.5));
#8693 = ( GEOMETRIC_REPRESENTATION_CONTEXT(2) 
PARAMETRIC_REPRESENTATION_CONTEXT() REPRESENTATION_CONTEXT('2D SPACE',''
  ) );
#8694 = PCURVE('',#8248,#8695);
#8695 = DEFINITIONAL_REPRESENTATION('',(#8696),#8699);
#8696 = B_SPLINE_CURVE_WITH_KNOTS('',1,(#8697,#8698),.UNSPECIFIED.,.F.,
  .F.,(2,2),(4.712388980385,6.28318530718),.PIECEWISE_BEZIER_KNOTS.);
#8697 = CARTESIAN_POINT('',(1.570796326795,-1.570796326795));
#8698 = CARTESIAN_POINT('',(1.570796326795,0.));
#8699 = ( GEOMETRIC_REPRESENTATION_CONTEXT(2) 
PARAMETRIC_REPRESENTATION_CONTEXT() REPRESENTATION_CONTEXT('2D SPACE',''
  ) );
#8700 = ORIENTED_EDGE('',*,*,#8701,.F.);
#8701 = EDGE_CURVE('',#8125,#8680,#8702,.T.);
#8702 = SURFACE_CURVE('',#8703,(#8707,#8714),.PCURVE_S1.);
#8703 = LINE('',#8704,#8705);
#8704 = CARTESIAN_POINT('',(-67.,35.6,-4.5));
#8705 = VECTOR('',#8706,1.);
#8706 = DIRECTION('',(1.,0.,-0.));
#8707 = PCURVE('',#5460,#8708);
#8708 = DEFINITIONAL_REPRESENTATION('',(#8709),#8713);
#8709 = LINE('',#8710,#8711);
#8710 = CARTESIAN_POINT('',(-0.,0.));
#8711 = VECTOR('',#8712,1.);
#8712 = DIRECTION('',(-0.,1.));
#8713 = ( GEOMETRIC_REPRESENTATION_CONTEXT(2) 
PARAMETRIC_REPRESENTATION_CONTEXT() REPRESENTATION_CONTEXT('2D SPACE',''
  ) );
#8714 = PCURVE('',#8140,#8715);
#8715 = DEFINITIONAL_REPRESENTATION('',(#8716),#8720);
#8716 = LINE('',#8717,#8718);
#8717 = CARTESIAN_POINT('',(2.5,0.));
#8718 = VECTOR('',#8719,1.);
#8719 = DIRECTION('',(0.,1.));
#8720 = ( GEOMETRIC_REPRESENTATION_CONTEXT(2) 
PARAMETRIC_REPRESENTATION_CONTEXT() REPRESENTATION_CONTEXT('2D SPACE',''
  ) );
#8721 = ADVANCED_FACE('',(#8722),#5535,.T.);
#8722 = FACE_BOUND('',#8723,.F.);
#8723 = EDGE_LOOP('',(#8724,#8744,#8745,#8746));
#8724 = ORIENTED_EDGE('',*,*,#8725,.F.);
#8725 = EDGE_CURVE('',#5579,#6316,#8726,.T.);
#8726 = SURFACE_CURVE('',#8727,(#8732,#8738),.PCURVE_S1.);
#8727 = CIRCLE('',#8728,1.5);
#8728 = AXIS2_PLACEMENT_3D('',#8729,#8730,#8731);
#8729 = CARTESIAN_POINT('',(-18.,37.1,-2.));
#8730 = DIRECTION('',(0.,1.,-0.));
#8731 = DIRECTION('',(-1.,0.,0.));
#8732 = PCURVE('',#5535,#8733);
#8733 = DEFINITIONAL_REPRESENTATION('',(#8734),#8737);
#8734 = B_SPLINE_CURVE_WITH_KNOTS('',1,(#8735,#8736),.UNSPECIFIED.,.F.,
  .F.,(2,2),(4.712388980385,6.28318530718),.PIECEWISE_BEZIER_KNOTS.);
#8735 = CARTESIAN_POINT('',(-1.570796326795,1.5));
#8736 = CARTESIAN_POINT('',(0.,1.5));
#8737 = ( GEOMETRIC_REPRESENTATION_CONTEXT(2) 
PARAMETRIC_REPRESENTATION_CONTEXT() REPRESENTATION_CONTEXT('2D SPACE',''
  ) );
#8738 = PCURVE('',#8467,#8739);
#8739 = DEFINITIONAL_REPRESENTATION('',(#8740),#8743);
#8740 = B_SPLINE_CURVE_WITH_KNOTS('',1,(#8741,#8742),.UNSPECIFIED.,.F.,
  .F.,(2,2),(4.712388980385,6.28318530718),.PIECEWISE_BEZIER_KNOTS.);
#8741 = CARTESIAN_POINT('',(0.,-1.570796326795));
#8742 = CARTESIAN_POINT('',(0.,0.));
#8743 = ( GEOMETRIC_REPRESENTATION_CONTEXT(2) 
PARAMETRIC_REPRESENTATION_CONTEXT() REPRESENTATION_CONTEXT('2D SPACE',''
  ) );
#8744 = ORIENTED_EDGE('',*,*,#5601,.T.);
#8745 = ORIENTED_EDGE('',*,*,#5521,.T.);
#8746 = ORIENTED_EDGE('',*,*,#6345,.F.);
#8747 = ADVANCED_FACE('',(#8748),#5567,.T.);
#8748 = FACE_BOUND('',#8749,.T.);
#8749 = EDGE_LOOP('',(#8750,#8770,#8771,#8772));
#8750 = ORIENTED_EDGE('',*,*,#8751,.F.);
#8751 = EDGE_CURVE('',#5553,#6166,#8752,.T.);
#8752 = SURFACE_CURVE('',#8753,(#8758,#8764),.PCURVE_S1.);
#8753 = CIRCLE('',#8754,1.5);
#8754 = AXIS2_PLACEMENT_3D('',#8755,#8756,#8757);
#8755 = CARTESIAN_POINT('',(-66.5,37.1,-2.));
#8756 = DIRECTION('',(0.,-1.,0.));
#8757 = DIRECTION('',(1.,0.,0.));
#8758 = PCURVE('',#5567,#8759);
#8759 = DEFINITIONAL_REPRESENTATION('',(#8760),#8763);
#8760 = B_SPLINE_CURVE_WITH_KNOTS('',1,(#8761,#8762),.UNSPECIFIED.,.F.,
  .F.,(2,2),(4.712388980385,6.28318530718),.PIECEWISE_BEZIER_KNOTS.);
#8761 = CARTESIAN_POINT('',(1.570796326795,1.5));
#8762 = CARTESIAN_POINT('',(0.,1.5));
#8763 = ( GEOMETRIC_REPRESENTATION_CONTEXT(2) 
PARAMETRIC_REPRESENTATION_CONTEXT() REPRESENTATION_CONTEXT('2D SPACE',''
  ) );
#8764 = PCURVE('',#8377,#8765);
#8765 = DEFINITIONAL_REPRESENTATION('',(#8766),#8769);
#8766 = B_SPLINE_CURVE_WITH_KNOTS('',1,(#8767,#8768),.UNSPECIFIED.,.F.,
  .F.,(2,2),(4.712388980385,6.28318530718),.PIECEWISE_BEZIER_KNOTS.);
#8767 = CARTESIAN_POINT('',(0.,-1.570796326795));
#8768 = CARTESIAN_POINT('',(0.,0.));
#8769 = ( GEOMETRIC_REPRESENTATION_CONTEXT(2) 
PARAMETRIC_REPRESENTATION_CONTEXT() REPRESENTATION_CONTEXT('2D SPACE',''
  ) );
#8770 = ORIENTED_EDGE('',*,*,#5552,.T.);
#8771 = ORIENTED_EDGE('',*,*,#5624,.T.);
#8772 = ORIENTED_EDGE('',*,*,#6195,.F.);
#8773 = ADVANCED_FACE('',(#8774),#5669,.T.);
#8774 = FACE_BOUND('',#8775,.F.);
#8775 = EDGE_LOOP('',(#8776,#8777,#8806,#8827));
#8776 = ORIENTED_EDGE('',*,*,#5651,.F.);
#8777 = ORIENTED_EDGE('',*,*,#8778,.T.);
#8778 = EDGE_CURVE('',#5652,#8779,#8781,.T.);
#8779 = VERTEX_POINT('',#8780);
#8780 = CARTESIAN_POINT('',(33.5,35.6,-5.5));
#8781 = SURFACE_CURVE('',#8782,(#8787,#8794),.PCURVE_S1.);
#8782 = CIRCLE('',#8783,1.5);
#8783 = AXIS2_PLACEMENT_3D('',#8784,#8785,#8786);
#8784 = CARTESIAN_POINT('',(33.5,37.1,-5.5));
#8785 = DIRECTION('',(0.,-0.,-1.));
#8786 = DIRECTION('',(1.,0.,-0.));
#8787 = PCURVE('',#5669,#8788);
#8788 = DEFINITIONAL_REPRESENTATION('',(#8789),#8793);
#8789 = LINE('',#8790,#8791);
#8790 = CARTESIAN_POINT('',(-0.,1.5));
#8791 = VECTOR('',#8792,1.);
#8792 = DIRECTION('',(-1.,0.));
#8793 = ( GEOMETRIC_REPRESENTATION_CONTEXT(2) 
PARAMETRIC_REPRESENTATION_CONTEXT() REPRESENTATION_CONTEXT('2D SPACE',''
  ) );
#8794 = PCURVE('',#8795,#8800);
#8795 = SPHERICAL_SURFACE('',#8796,1.5);
#8796 = AXIS2_PLACEMENT_3D('',#8797,#8798,#8799);
#8797 = CARTESIAN_POINT('',(33.5,37.1,-5.5));
#8798 = DIRECTION('',(0.,0.,1.));
#8799 = DIRECTION('',(1.,0.,-0.));
#8800 = DEFINITIONAL_REPRESENTATION('',(#8801),#8805);
#8801 = LINE('',#8802,#8803);
#8802 = CARTESIAN_POINT('',(-0.,0.));
#8803 = VECTOR('',#8804,1.);
#8804 = DIRECTION('',(-1.,0.));
#8805 = ( GEOMETRIC_REPRESENTATION_CONTEXT(2) 
PARAMETRIC_REPRESENTATION_CONTEXT() REPRESENTATION_CONTEXT('2D SPACE',''
  ) );
#8806 = ORIENTED_EDGE('',*,*,#8807,.T.);
#8807 = EDGE_CURVE('',#8779,#8680,#8808,.T.);
#8808 = SURFACE_CURVE('',#8809,(#8813,#8820),.PCURVE_S1.);
#8809 = LINE('',#8810,#8811);
#8810 = CARTESIAN_POINT('',(33.5,35.6,-7.));
#8811 = VECTOR('',#8812,1.);
#8812 = DIRECTION('',(0.,0.,1.));
#8813 = PCURVE('',#5669,#8814);
#8814 = DEFINITIONAL_REPRESENTATION('',(#8815),#8819);
#8815 = LINE('',#8816,#8817);
#8816 = CARTESIAN_POINT('',(-1.570796326795,0.));
#8817 = VECTOR('',#8818,1.);
#8818 = DIRECTION('',(-0.,1.));
#8819 = ( GEOMETRIC_REPRESENTATION_CONTEXT(2) 
PARAMETRIC_REPRESENTATION_CONTEXT() REPRESENTATION_CONTEXT('2D SPACE',''
  ) );
#8820 = PCURVE('',#8140,#8821);
#8821 = DEFINITIONAL_REPRESENTATION('',(#8822),#8826);
#8822 = LINE('',#8823,#8824);
#8823 = CARTESIAN_POINT('',(0.,100.5));
#8824 = VECTOR('',#8825,1.);
#8825 = DIRECTION('',(1.,0.));
#8826 = ( GEOMETRIC_REPRESENTATION_CONTEXT(2) 
PARAMETRIC_REPRESENTATION_CONTEXT() REPRESENTATION_CONTEXT('2D SPACE',''
  ) );
#8827 = ORIENTED_EDGE('',*,*,#8828,.F.);
#8828 = EDGE_CURVE('',#5654,#8680,#8829,.T.);
#8829 = SURFACE_CURVE('',#8830,(#8835,#8842),.PCURVE_S1.);
#8830 = CIRCLE('',#8831,1.5);
#8831 = AXIS2_PLACEMENT_3D('',#8832,#8833,#8834);
#8832 = CARTESIAN_POINT('',(33.5,37.1,-4.5));
#8833 = DIRECTION('',(0.,0.,-1.));
#8834 = DIRECTION('',(1.,0.,0.));
#8835 = PCURVE('',#5669,#8836);
#8836 = DEFINITIONAL_REPRESENTATION('',(#8837),#8841);
#8837 = LINE('',#8838,#8839);
#8838 = CARTESIAN_POINT('',(-0.,2.5));
#8839 = VECTOR('',#8840,1.);
#8840 = DIRECTION('',(-1.,0.));
#8841 = ( GEOMETRIC_REPRESENTATION_CONTEXT(2) 
PARAMETRIC_REPRESENTATION_CONTEXT() REPRESENTATION_CONTEXT('2D SPACE',''
  ) );
#8842 = PCURVE('',#8248,#8843);
#8843 = DEFINITIONAL_REPRESENTATION('',(#8844),#8848);
#8844 = LINE('',#8845,#8846);
#8845 = CARTESIAN_POINT('',(0.,0.));
#8846 = VECTOR('',#8847,1.);
#8847 = DIRECTION('',(1.,0.));
#8848 = ( GEOMETRIC_REPRESENTATION_CONTEXT(2) 
PARAMETRIC_REPRESENTATION_CONTEXT() REPRESENTATION_CONTEXT('2D SPACE',''
  ) );
#8849 = ADVANCED_FACE('',(#8850),#5695,.T.);
#8850 = FACE_BOUND('',#8851,.T.);
#8851 = EDGE_LOOP('',(#8852,#8872,#8873,#8874));
#8852 = ORIENTED_EDGE('',*,*,#8853,.F.);
#8853 = EDGE_CURVE('',#5781,#5652,#8854,.T.);
#8854 = SURFACE_CURVE('',#8855,(#8860,#8866),.PCURVE_S1.);
#8855 = CIRCLE('',#8856,1.5);
#8856 = AXIS2_PLACEMENT_3D('',#8857,#8858,#8859);
#8857 = CARTESIAN_POINT('',(33.5,37.1,-5.5));
#8858 = DIRECTION('',(0.,-1.,0.));
#8859 = DIRECTION('',(1.,0.,0.));
#8860 = PCURVE('',#5695,#8861);
#8861 = DEFINITIONAL_REPRESENTATION('',(#8862),#8865);
#8862 = B_SPLINE_CURVE_WITH_KNOTS('',1,(#8863,#8864),.UNSPECIFIED.,.F.,
  .F.,(2,2),(4.712388980385,6.28318530718),.PIECEWISE_BEZIER_KNOTS.);
#8863 = CARTESIAN_POINT('',(1.570796326795,1.5));
#8864 = CARTESIAN_POINT('',(0.,1.5));
#8865 = ( GEOMETRIC_REPRESENTATION_CONTEXT(2) 
PARAMETRIC_REPRESENTATION_CONTEXT() REPRESENTATION_CONTEXT('2D SPACE',''
  ) );
#8866 = PCURVE('',#8795,#8867);
#8867 = DEFINITIONAL_REPRESENTATION('',(#8868),#8871);
#8868 = B_SPLINE_CURVE_WITH_KNOTS('',1,(#8869,#8870),.UNSPECIFIED.,.F.,
  .F.,(2,2),(4.712388980385,6.28318530718),.PIECEWISE_BEZIER_KNOTS.);
#8869 = CARTESIAN_POINT('',(0.,-1.570796326795));
#8870 = CARTESIAN_POINT('',(0.,0.));
#8871 = ( GEOMETRIC_REPRESENTATION_CONTEXT(2) 
PARAMETRIC_REPRESENTATION_CONTEXT() REPRESENTATION_CONTEXT('2D SPACE',''
  ) );
#8872 = ORIENTED_EDGE('',*,*,#5808,.T.);
#8873 = ORIENTED_EDGE('',*,*,#5732,.T.);
#8874 = ORIENTED_EDGE('',*,*,#5681,.F.);
#8875 = ADVANCED_FACE('',(#8876),#5796,.T.);
#8876 = FACE_BOUND('',#8877,.T.);
#8877 = EDGE_LOOP('',(#8878,#8898,#8899,#8919));
#8878 = ORIENTED_EDGE('',*,*,#8879,.F.);
#8879 = EDGE_CURVE('',#5758,#8096,#8880,.T.);
#8880 = SURFACE_CURVE('',#8881,(#8886,#8892),.PCURVE_S1.);
#8881 = CIRCLE('',#8882,1.5);
#8882 = AXIS2_PLACEMENT_3D('',#8883,#8884,#8885);
#8883 = CARTESIAN_POINT('',(-65.5,37.1,-5.5));
#8884 = DIRECTION('',(-1.,6.123233995737E-17,0.));
#8885 = DIRECTION('',(-6.123233995737E-17,-1.,0.));
#8886 = PCURVE('',#5796,#8887);
#8887 = DEFINITIONAL_REPRESENTATION('',(#8888),#8891);
#8888 = B_SPLINE_CURVE_WITH_KNOTS('',1,(#8889,#8890),.UNSPECIFIED.,.F.,
  .F.,(2,2),(4.712388980385,6.28318530718),.PIECEWISE_BEZIER_KNOTS.);
#8889 = CARTESIAN_POINT('',(1.570796326795,1.5));
#8890 = CARTESIAN_POINT('',(0.,1.5));
#8891 = ( GEOMETRIC_REPRESENTATION_CONTEXT(2) 
PARAMETRIC_REPRESENTATION_CONTEXT() REPRESENTATION_CONTEXT('2D SPACE',''
  ) );
#8892 = PCURVE('',#8112,#8893);
#8893 = DEFINITIONAL_REPRESENTATION('',(#8894),#8897);
#8894 = B_SPLINE_CURVE_WITH_KNOTS('',1,(#8895,#8896),.UNSPECIFIED.,.F.,
  .F.,(2,2),(4.712388980385,6.28318530718),.PIECEWISE_BEZIER_KNOTS.);
#8895 = CARTESIAN_POINT('',(1.570796326795,-1.570796326795));
#8896 = CARTESIAN_POINT('',(1.570796326795,0.));
#8897 = ( GEOMETRIC_REPRESENTATION_CONTEXT(2) 
PARAMETRIC_REPRESENTATION_CONTEXT() REPRESENTATION_CONTEXT('2D SPACE',''
  ) );
#8898 = ORIENTED_EDGE('',*,*,#5780,.T.);
#8899 = ORIENTED_EDGE('',*,*,#8900,.T.);
#8900 = EDGE_CURVE('',#5781,#8779,#8901,.T.);
#8901 = SURFACE_CURVE('',#8902,(#8907,#8913),.PCURVE_S1.);
#8902 = CIRCLE('',#8903,1.5);
#8903 = AXIS2_PLACEMENT_3D('',#8904,#8905,#8906);
#8904 = CARTESIAN_POINT('',(33.5,37.1,-5.5));
#8905 = DIRECTION('',(-1.,-6.123233995737E-17,0.));
#8906 = DIRECTION('',(6.123233995737E-17,-1.,-0.));
#8907 = PCURVE('',#5796,#8908);
#8908 = DEFINITIONAL_REPRESENTATION('',(#8909),#8912);
#8909 = B_SPLINE_CURVE_WITH_KNOTS('',1,(#8910,#8911),.UNSPECIFIED.,.F.,
  .F.,(2,2),(4.712388980385,6.28318530718),.PIECEWISE_BEZIER_KNOTS.);
#8910 = CARTESIAN_POINT('',(1.570796326795,100.5));
#8911 = CARTESIAN_POINT('',(0.,100.5));
#8912 = ( GEOMETRIC_REPRESENTATION_CONTEXT(2) 
PARAMETRIC_REPRESENTATION_CONTEXT() REPRESENTATION_CONTEXT('2D SPACE',''
  ) );
#8913 = PCURVE('',#8795,#8914);
#8914 = DEFINITIONAL_REPRESENTATION('',(#8915),#8918);
#8915 = B_SPLINE_CURVE_WITH_KNOTS('',1,(#8916,#8917),.UNSPECIFIED.,.F.,
  .F.,(2,2),(4.712388980385,6.28318530718),.PIECEWISE_BEZIER_KNOTS.);
#8916 = CARTESIAN_POINT('',(-1.570796326795,-1.570796326795));
#8917 = CARTESIAN_POINT('',(-1.570796326795,0.));
#8918 = ( GEOMETRIC_REPRESENTATION_CONTEXT(2) 
PARAMETRIC_REPRESENTATION_CONTEXT() REPRESENTATION_CONTEXT('2D SPACE',''
  ) );
#8919 = ORIENTED_EDGE('',*,*,#8920,.F.);
#8920 = EDGE_CURVE('',#8096,#8779,#8921,.T.);
#8921 = SURFACE_CURVE('',#8922,(#8926,#8933),.PCURVE_S1.);
#8922 = LINE('',#8923,#8924);
#8923 = CARTESIAN_POINT('',(-67.,35.6,-5.5));
#8924 = VECTOR('',#8925,1.);
#8925 = DIRECTION('',(1.,0.,-0.));
#8926 = PCURVE('',#5796,#8927);
#8927 = DEFINITIONAL_REPRESENTATION('',(#8928),#8932);
#8928 = LINE('',#8929,#8930);
#8929 = CARTESIAN_POINT('',(0.,0.));
#8930 = VECTOR('',#8931,1.);
#8931 = DIRECTION('',(0.,1.));
#8932 = ( GEOMETRIC_REPRESENTATION_CONTEXT(2) 
PARAMETRIC_REPRESENTATION_CONTEXT() REPRESENTATION_CONTEXT('2D SPACE',''
  ) );
#8933 = PCURVE('',#8140,#8934);
#8934 = DEFINITIONAL_REPRESENTATION('',(#8935),#8939);
#8935 = LINE('',#8936,#8937);
#8936 = CARTESIAN_POINT('',(1.5,0.));
#8937 = VECTOR('',#8938,1.);
#8938 = DIRECTION('',(0.,1.));
#8939 = ( GEOMETRIC_REPRESENTATION_CONTEXT(2) 
PARAMETRIC_REPRESENTATION_CONTEXT() REPRESENTATION_CONTEXT('2D SPACE',''
  ) );
#8940 = ADVANCED_FACE('',(#8941),#5851,.T.);
#8941 = FACE_BOUND('',#8942,.T.);
#8942 = EDGE_LOOP('',(#8943,#8944,#8973,#9001));
#8943 = ORIENTED_EDGE('',*,*,#5833,.F.);
#8944 = ORIENTED_EDGE('',*,*,#8945,.T.);
#8945 = EDGE_CURVE('',#5834,#8946,#8948,.T.);
#8946 = VERTEX_POINT('',#8947);
#8947 = CARTESIAN_POINT('',(-67.5,35.6,-2.));
#8948 = SURFACE_CURVE('',#8949,(#8954,#8961),.PCURVE_S1.);
#8949 = CIRCLE('',#8950,1.5);
#8950 = AXIS2_PLACEMENT_3D('',#8951,#8952,#8953);
#8951 = CARTESIAN_POINT('',(-67.5,37.1,-2.));
#8952 = DIRECTION('',(0.,0.,1.));
#8953 = DIRECTION('',(-1.,0.,0.));
#8954 = PCURVE('',#5851,#8955);
#8955 = DEFINITIONAL_REPRESENTATION('',(#8956),#8960);
#8956 = LINE('',#8957,#8958);
#8957 = CARTESIAN_POINT('',(0.,1.5));
#8958 = VECTOR('',#8959,1.);
#8959 = DIRECTION('',(1.,0.));
#8960 = ( GEOMETRIC_REPRESENTATION_CONTEXT(2) 
PARAMETRIC_REPRESENTATION_CONTEXT() REPRESENTATION_CONTEXT('2D SPACE',''
  ) );
#8961 = PCURVE('',#8962,#8967);
#8962 = SPHERICAL_SURFACE('',#8963,1.5);
#8963 = AXIS2_PLACEMENT_3D('',#8964,#8965,#8966);
#8964 = CARTESIAN_POINT('',(-67.5,37.1,-2.));
#8965 = DIRECTION('',(0.,0.,1.));
#8966 = DIRECTION('',(-1.,0.,0.));
#8967 = DEFINITIONAL_REPRESENTATION('',(#8968),#8972);
#8968 = LINE('',#8969,#8970);
#8969 = CARTESIAN_POINT('',(0.,0.));
#8970 = VECTOR('',#8971,1.);
#8971 = DIRECTION('',(1.,0.));
#8972 = ( GEOMETRIC_REPRESENTATION_CONTEXT(2) 
PARAMETRIC_REPRESENTATION_CONTEXT() REPRESENTATION_CONTEXT('2D SPACE',''
  ) );
#8973 = ORIENTED_EDGE('',*,*,#8974,.T.);
#8974 = EDGE_CURVE('',#8946,#8975,#8977,.T.);
#8975 = VERTEX_POINT('',#8976);
#8976 = CARTESIAN_POINT('',(-67.5,35.6,29.4));
#8977 = SURFACE_CURVE('',#8978,(#8982,#8989),.PCURVE_S1.);
#8978 = LINE('',#8979,#8980);
#8979 = CARTESIAN_POINT('',(-67.5,35.6,-3.5));
#8980 = VECTOR('',#8981,1.);
#8981 = DIRECTION('',(0.,0.,1.));
#8982 = PCURVE('',#5851,#8983);
#8983 = DEFINITIONAL_REPRESENTATION('',(#8984),#8988);
#8984 = LINE('',#8985,#8986);
#8985 = CARTESIAN_POINT('',(1.570796326795,0.));
#8986 = VECTOR('',#8987,1.);
#8987 = DIRECTION('',(0.,1.));
#8988 = ( GEOMETRIC_REPRESENTATION_CONTEXT(2) 
PARAMETRIC_REPRESENTATION_CONTEXT() REPRESENTATION_CONTEXT('2D SPACE',''
  ) );
#8989 = PCURVE('',#8990,#8995);
#8990 = PLANE('',#8991);
#8991 = AXIS2_PLACEMENT_3D('',#8992,#8993,#8994);
#8992 = CARTESIAN_POINT('',(-69.,35.6,-3.5));
#8993 = DIRECTION('',(-0.,1.,0.));
#8994 = DIRECTION('',(0.,0.,1.));
#8995 = DEFINITIONAL_REPRESENTATION('',(#8996),#9000);
#8996 = LINE('',#8997,#8998);
#8997 = CARTESIAN_POINT('',(0.,1.5));
#8998 = VECTOR('',#8999,1.);
#8999 = DIRECTION('',(1.,0.));
#9000 = ( GEOMETRIC_REPRESENTATION_CONTEXT(2) 
PARAMETRIC_REPRESENTATION_CONTEXT() REPRESENTATION_CONTEXT('2D SPACE',''
  ) );
#9001 = ORIENTED_EDGE('',*,*,#9002,.F.);
#9002 = EDGE_CURVE('',#5836,#8975,#9003,.T.);
#9003 = SURFACE_CURVE('',#9004,(#9009,#9016),.PCURVE_S1.);
#9004 = CIRCLE('',#9005,1.5);
#9005 = AXIS2_PLACEMENT_3D('',#9006,#9007,#9008);
#9006 = CARTESIAN_POINT('',(-67.5,37.1,29.4));
#9007 = DIRECTION('',(0.,0.,1.));
#9008 = DIRECTION('',(-1.,0.,0.));
#9009 = PCURVE('',#5851,#9010);
#9010 = DEFINITIONAL_REPRESENTATION('',(#9011),#9015);
#9011 = LINE('',#9012,#9013);
#9012 = CARTESIAN_POINT('',(0.,32.9));
#9013 = VECTOR('',#9014,1.);
#9014 = DIRECTION('',(1.,0.));
#9015 = ( GEOMETRIC_REPRESENTATION_CONTEXT(2) 
PARAMETRIC_REPRESENTATION_CONTEXT() REPRESENTATION_CONTEXT('2D SPACE',''
  ) );
#9016 = PCURVE('',#9017,#9022);
#9017 = SPHERICAL_SURFACE('',#9018,1.5);
#9018 = AXIS2_PLACEMENT_3D('',#9019,#9020,#9021);
#9019 = CARTESIAN_POINT('',(-67.5,37.1,29.4));
#9020 = DIRECTION('',(-0.,-0.,-1.));
#9021 = DIRECTION('',(-1.,0.,0.));
#9022 = DEFINITIONAL_REPRESENTATION('',(#9023),#9027);
#9023 = LINE('',#9024,#9025);
#9024 = CARTESIAN_POINT('',(-0.,0.));
#9025 = VECTOR('',#9026,1.);
#9026 = DIRECTION('',(-1.,0.));
#9027 = ( GEOMETRIC_REPRESENTATION_CONTEXT(2) 
PARAMETRIC_REPRESENTATION_CONTEXT() REPRESENTATION_CONTEXT('2D SPACE',''
  ) );
#9028 = ADVANCED_FACE('',(#9029),#5877,.T.);
#9029 = FACE_BOUND('',#9030,.F.);
#9030 = EDGE_LOOP('',(#9031,#9051,#9052,#9053));
#9031 = ORIENTED_EDGE('',*,*,#9032,.F.);
#9032 = EDGE_CURVE('',#6242,#5834,#9033,.T.);
#9033 = SURFACE_CURVE('',#9034,(#9039,#9045),.PCURVE_S1.);
#9034 = CIRCLE('',#9035,1.5);
#9035 = AXIS2_PLACEMENT_3D('',#9036,#9037,#9038);
#9036 = CARTESIAN_POINT('',(-67.5,37.1,-2.));
#9037 = DIRECTION('',(0.,1.,-0.));
#9038 = DIRECTION('',(-1.,0.,0.));
#9039 = PCURVE('',#5877,#9040);
#9040 = DEFINITIONAL_REPRESENTATION('',(#9041),#9044);
#9041 = B_SPLINE_CURVE_WITH_KNOTS('',1,(#9042,#9043),.UNSPECIFIED.,.F.,
  .F.,(2,2),(4.712388980385,6.28318530718),.PIECEWISE_BEZIER_KNOTS.);
#9042 = CARTESIAN_POINT('',(-1.570796326795,1.5));
#9043 = CARTESIAN_POINT('',(0.,1.5));
#9044 = ( GEOMETRIC_REPRESENTATION_CONTEXT(2) 
PARAMETRIC_REPRESENTATION_CONTEXT() REPRESENTATION_CONTEXT('2D SPACE',''
  ) );
#9045 = PCURVE('',#8962,#9046);
#9046 = DEFINITIONAL_REPRESENTATION('',(#9047),#9050);
#9047 = B_SPLINE_CURVE_WITH_KNOTS('',1,(#9048,#9049),.UNSPECIFIED.,.F.,
  .F.,(2,2),(4.712388980385,6.28318530718),.PIECEWISE_BEZIER_KNOTS.);
#9048 = CARTESIAN_POINT('',(0.,-1.570796326795));
#9049 = CARTESIAN_POINT('',(0.,0.));
#9050 = ( GEOMETRIC_REPRESENTATION_CONTEXT(2) 
PARAMETRIC_REPRESENTATION_CONTEXT() REPRESENTATION_CONTEXT('2D SPACE',''
  ) );
#9051 = ORIENTED_EDGE('',*,*,#6241,.T.);
#9052 = ORIENTED_EDGE('',*,*,#5919,.T.);
#9053 = ORIENTED_EDGE('',*,*,#5863,.F.);
#9054 = ADVANCED_FACE('',(#9055),#5904,.T.);
#9055 = FACE_BOUND('',#9056,.T.);
#9056 = EDGE_LOOP('',(#9057,#9077,#9078,#9079));
#9057 = ORIENTED_EDGE('',*,*,#9058,.F.);
#9058 = EDGE_CURVE('',#6092,#5836,#9059,.T.);
#9059 = SURFACE_CURVE('',#9060,(#9065,#9071),.PCURVE_S1.);
#9060 = CIRCLE('',#9061,1.5);
#9061 = AXIS2_PLACEMENT_3D('',#9062,#9063,#9064);
#9062 = CARTESIAN_POINT('',(-67.5,37.1,29.4));
#9063 = DIRECTION('',(0.,-1.,0.));
#9064 = DIRECTION('',(-1.,0.,0.));
#9065 = PCURVE('',#5904,#9066);
#9066 = DEFINITIONAL_REPRESENTATION('',(#9067),#9070);
#9067 = B_SPLINE_CURVE_WITH_KNOTS('',1,(#9068,#9069),.UNSPECIFIED.,.F.,
  .F.,(2,2),(4.712388980385,6.28318530718),.PIECEWISE_BEZIER_KNOTS.);
#9068 = CARTESIAN_POINT('',(1.570796326795,1.5));
#9069 = CARTESIAN_POINT('',(0.,1.5));
#9070 = ( GEOMETRIC_REPRESENTATION_CONTEXT(2) 
PARAMETRIC_REPRESENTATION_CONTEXT() REPRESENTATION_CONTEXT('2D SPACE',''
  ) );
#9071 = PCURVE('',#9017,#9072);
#9072 = DEFINITIONAL_REPRESENTATION('',(#9073),#9076);
#9073 = B_SPLINE_CURVE_WITH_KNOTS('',1,(#9074,#9075),.UNSPECIFIED.,.F.,
  .F.,(2,2),(4.712388980385,6.28318530718),.PIECEWISE_BEZIER_KNOTS.);
#9074 = CARTESIAN_POINT('',(0.,-1.570796326795));
#9075 = CARTESIAN_POINT('',(0.,0.));
#9076 = ( GEOMETRIC_REPRESENTATION_CONTEXT(2) 
PARAMETRIC_REPRESENTATION_CONTEXT() REPRESENTATION_CONTEXT('2D SPACE',''
  ) );
#9077 = ORIENTED_EDGE('',*,*,#6091,.T.);
#9078 = ORIENTED_EDGE('',*,*,#5946,.F.);
#9079 = ORIENTED_EDGE('',*,*,#5890,.F.);
#9080 = ADVANCED_FACE('',(#9081),#6044,.T.);
#9081 = FACE_BOUND('',#9082,.F.);
#9082 = EDGE_LOOP('',(#9083,#9108,#9109,#9110));
#9083 = ORIENTED_EDGE('',*,*,#9084,.F.);
#9084 = EDGE_CURVE('',#7654,#6168,#9085,.T.);
#9085 = SURFACE_CURVE('',#9086,(#9091,#9097),.PCURVE_S1.);
#9086 = CIRCLE('',#9087,1.5);
#9087 = AXIS2_PLACEMENT_3D('',#9088,#9089,#9090);
#9088 = CARTESIAN_POINT('',(-66.5,37.1,29.4));
#9089 = DIRECTION('',(-0.,1.,0.));
#9090 = DIRECTION('',(1.,0.,0.));
#9091 = PCURVE('',#6044,#9092);
#9092 = DEFINITIONAL_REPRESENTATION('',(#9093),#9096);
#9093 = B_SPLINE_CURVE_WITH_KNOTS('',1,(#9094,#9095),.UNSPECIFIED.,.F.,
  .F.,(2,2),(4.712388980385,6.28318530718),.PIECEWISE_BEZIER_KNOTS.);
#9094 = CARTESIAN_POINT('',(-1.570796326795,1.5));
#9095 = CARTESIAN_POINT('',(0.,1.5));
#9096 = ( GEOMETRIC_REPRESENTATION_CONTEXT(2) 
PARAMETRIC_REPRESENTATION_CONTEXT() REPRESENTATION_CONTEXT('2D SPACE',''
  ) );
#9097 = PCURVE('',#9098,#9103);
#9098 = SPHERICAL_SURFACE('',#9099,1.5);
#9099 = AXIS2_PLACEMENT_3D('',#9100,#9101,#9102);
#9100 = CARTESIAN_POINT('',(-66.5,37.1,29.4));
#9101 = DIRECTION('',(-0.,-0.,-1.));
#9102 = DIRECTION('',(1.,0.,0.));
#9103 = DEFINITIONAL_REPRESENTATION('',(#9104),#9107);
#9104 = B_SPLINE_CURVE_WITH_KNOTS('',1,(#9105,#9106),.UNSPECIFIED.,.F.,
  .F.,(2,2),(4.712388980385,6.28318530718),.PIECEWISE_BEZIER_KNOTS.);
#9105 = CARTESIAN_POINT('',(0.,-1.570796326795));
#9106 = CARTESIAN_POINT('',(0.,0.));
#9107 = ( GEOMETRIC_REPRESENTATION_CONTEXT(2) 
PARAMETRIC_REPRESENTATION_CONTEXT() REPRESENTATION_CONTEXT('2D SPACE',''
  ) );
#9108 = ORIENTED_EDGE('',*,*,#7653,.T.);
#9109 = ORIENTED_EDGE('',*,*,#6029,.F.);
#9110 = ORIENTED_EDGE('',*,*,#6217,.F.);
#9111 = ADVANCED_FACE('',(#9112),#6073,.T.);
#9112 = FACE_BOUND('',#9113,.F.);
#9113 = EDGE_LOOP('',(#9114,#9139,#9140,#9141));
#9114 = ORIENTED_EDGE('',*,*,#9115,.F.);
#9115 = EDGE_CURVE('',#6115,#7170,#9116,.T.);
#9116 = SURFACE_CURVE('',#9117,(#9122,#9128),.PCURVE_S1.);
#9117 = CIRCLE('',#9118,1.5);
#9118 = AXIS2_PLACEMENT_3D('',#9119,#9120,#9121);
#9119 = CARTESIAN_POINT('',(-65.5,37.1,31.9));
#9120 = DIRECTION('',(0.,1.,-0.));
#9121 = DIRECTION('',(-1.,0.,0.));
#9122 = PCURVE('',#6073,#9123);
#9123 = DEFINITIONAL_REPRESENTATION('',(#9124),#9127);
#9124 = B_SPLINE_CURVE_WITH_KNOTS('',1,(#9125,#9126),.UNSPECIFIED.,.F.,
  .F.,(2,2),(4.712388980385,6.28318530718),.PIECEWISE_BEZIER_KNOTS.);
#9125 = CARTESIAN_POINT('',(-1.570796326795,1.5));
#9126 = CARTESIAN_POINT('',(0.,1.5));
#9127 = ( GEOMETRIC_REPRESENTATION_CONTEXT(2) 
PARAMETRIC_REPRESENTATION_CONTEXT() REPRESENTATION_CONTEXT('2D SPACE',''
  ) );
#9128 = PCURVE('',#9129,#9134);
#9129 = SPHERICAL_SURFACE('',#9130,1.5);
#9130 = AXIS2_PLACEMENT_3D('',#9131,#9132,#9133);
#9131 = CARTESIAN_POINT('',(-65.5,37.1,31.9));
#9132 = DIRECTION('',(0.,0.,1.));
#9133 = DIRECTION('',(-1.,0.,0.));
#9134 = DEFINITIONAL_REPRESENTATION('',(#9135),#9138);
#9135 = B_SPLINE_CURVE_WITH_KNOTS('',1,(#9136,#9137),.UNSPECIFIED.,.F.,
  .F.,(2,2),(4.712388980385,6.28318530718),.PIECEWISE_BEZIER_KNOTS.);
#9136 = CARTESIAN_POINT('',(0.,-1.570796326795));
#9137 = CARTESIAN_POINT('',(0.,0.));
#9138 = ( GEOMETRIC_REPRESENTATION_CONTEXT(2) 
PARAMETRIC_REPRESENTATION_CONTEXT() REPRESENTATION_CONTEXT('2D SPACE',''
  ) );
#9139 = ORIENTED_EDGE('',*,*,#6142,.T.);
#9140 = ORIENTED_EDGE('',*,*,#6059,.T.);
#9141 = ORIENTED_EDGE('',*,*,#7199,.F.);
#9142 = ADVANCED_FACE('',(#9143),#6130,.T.);
#9143 = FACE_BOUND('',#9144,.F.);
#9144 = EDGE_LOOP('',(#9145,#9165,#9166,#9204,#9226));
#9145 = ORIENTED_EDGE('',*,*,#9146,.F.);
#9146 = EDGE_CURVE('',#6092,#8975,#9147,.T.);
#9147 = SURFACE_CURVE('',#9148,(#9153,#9159),.PCURVE_S1.);
#9148 = CIRCLE('',#9149,1.5);
#9149 = AXIS2_PLACEMENT_3D('',#9150,#9151,#9152);
#9150 = CARTESIAN_POINT('',(-67.5,37.1,29.4));
#9151 = DIRECTION('',(1.,-2.832769448824E-16,0.));
#9152 = DIRECTION('',(-2.832769448824E-16,-1.,0.));
#9153 = PCURVE('',#6130,#9154);
#9154 = DEFINITIONAL_REPRESENTATION('',(#9155),#9158);
#9155 = B_SPLINE_CURVE_WITH_KNOTS('',1,(#9156,#9157),.UNSPECIFIED.,.F.,
  .F.,(2,2),(4.712388980385,6.28318530718),.PIECEWISE_BEZIER_KNOTS.);
#9156 = CARTESIAN_POINT('',(-1.570796326795,1.5));
#9157 = CARTESIAN_POINT('',(0.,1.5));
#9158 = ( GEOMETRIC_REPRESENTATION_CONTEXT(2) 
PARAMETRIC_REPRESENTATION_CONTEXT() REPRESENTATION_CONTEXT('2D SPACE',''
  ) );
#9159 = PCURVE('',#9017,#9160);
#9160 = DEFINITIONAL_REPRESENTATION('',(#9161),#9164);
#9161 = B_SPLINE_CURVE_WITH_KNOTS('',1,(#9162,#9163),.UNSPECIFIED.,.F.,
  .F.,(2,2),(4.712388980385,6.28318530718),.PIECEWISE_BEZIER_KNOTS.);
#9162 = CARTESIAN_POINT('',(-1.570796326795,-1.570796326795));
#9163 = CARTESIAN_POINT('',(-1.570796326795,0.));
#9164 = ( GEOMETRIC_REPRESENTATION_CONTEXT(2) 
PARAMETRIC_REPRESENTATION_CONTEXT() REPRESENTATION_CONTEXT('2D SPACE',''
  ) );
#9165 = ORIENTED_EDGE('',*,*,#6114,.T.);
#9166 = ORIENTED_EDGE('',*,*,#9167,.F.);
#9167 = EDGE_CURVE('',#9168,#6115,#9170,.T.);
#9168 = VERTEX_POINT('',#9169);
#9169 = CARTESIAN_POINT('',(-66.5,36.715942712607,30.85));
#9170 = SURFACE_CURVE('',#9171,(#9180,#9192),.PCURVE_S1.);
#9171 = B_SPLINE_CURVE_WITH_KNOTS('',7,(#9172,#9173,#9174,#9175,#9176,
    #9177,#9178,#9179),.UNSPECIFIED.,.F.,.F.,(8,8),(0.,1.),
  .PIECEWISE_BEZIER_KNOTS.);
#9172 = CARTESIAN_POINT('',(-66.49999939999,36.715941806493,30.84999976)
  );
#9173 = CARTESIAN_POINT('',(-66.53083967581,36.762516379253,
    30.862335862923));
#9174 = CARTESIAN_POINT('',(-66.55819609548,36.812557227633,
    30.873722355934));
#9175 = CARTESIAN_POINT('',(-66.5813198501,36.865888843073,
    30.883678673574));
#9176 = CARTESIAN_POINT('',(-66.59943151725,36.922118293347,
    30.891680352836));
#9177 = CARTESIAN_POINT('',(-66.61183689905,36.980583591822,
    30.897228658202));
#9178 = CARTESIAN_POINT('',(-66.61803398875,37.040307178866,30.9));
#9179 = CARTESIAN_POINT('',(-66.61803398875,37.1,30.9));
#9180 = PCURVE('',#6130,#9181);
#9181 = DEFINITIONAL_REPRESENTATION('',(#9182),#9191);
#9182 = B_SPLINE_CURVE_WITH_KNOTS('',7,(#9183,#9184,#9185,#9186,#9187,
    #9188,#9189,#9190),.UNSPECIFIED.,.F.,.F.,(8,8),(0.,1.),
  .PIECEWISE_BEZIER_KNOTS.);
#9183 = CARTESIAN_POINT('',(-1.311874159883,2.500000600001));
#9184 = CARTESIAN_POINT('',(-1.343994560206,2.46916032419));
#9185 = CARTESIAN_POINT('',(-1.378186664641,2.441803904513));
#9186 = CARTESIAN_POINT('',(-1.414309650706,2.4186801499));
#9187 = CARTESIAN_POINT('',(-1.452105704141,2.400568482745));
#9188 = CARTESIAN_POINT('',(-1.491185363924,2.388163100942));
#9189 = CARTESIAN_POINT('',(-1.531001112705,2.38196601125));
#9190 = CARTESIAN_POINT('',(-1.570796326795,2.38196601125));
#9191 = ( GEOMETRIC_REPRESENTATION_CONTEXT(2) 
PARAMETRIC_REPRESENTATION_CONTEXT() REPRESENTATION_CONTEXT('2D SPACE',''
  ) );
#9192 = PCURVE('',#9129,#9193);
#9193 = DEFINITIONAL_REPRESENTATION('',(#9194),#9203);
#9194 = B_SPLINE_CURVE_WITH_KNOTS('',7,(#9195,#9196,#9197,#9198,#9199,
    #9200,#9201,#9202),.UNSPECIFIED.,.F.,.F.,(8,8),(0.,1.),
  .PIECEWISE_BEZIER_KNOTS.);
#9195 = CARTESIAN_POINT('',(0.366688555908,-0.775397720656));
#9196 = CARTESIAN_POINT('',(0.315778724894,-0.763881718635));
#9197 = CARTESIAN_POINT('',(0.26435491716,-0.753403891459));
#9198 = CARTESIAN_POINT('',(0.212380072532,-0.744360866652));
#9199 = CARTESIAN_POINT('',(0.159848688672,-0.73716883058));
#9200 = CARTESIAN_POINT('',(0.106809129623,-0.732206452478));
#9201 = CARTESIAN_POINT('',(5.339088233007E-02,-0.729727656227));
#9202 = CARTESIAN_POINT('',(0.,-0.729727656227));
#9203 = ( GEOMETRIC_REPRESENTATION_CONTEXT(2) 
PARAMETRIC_REPRESENTATION_CONTEXT() REPRESENTATION_CONTEXT('2D SPACE',''
  ) );
#9204 = ORIENTED_EDGE('',*,*,#9205,.T.);
#9205 = EDGE_CURVE('',#9168,#9206,#9208,.T.);
#9206 = VERTEX_POINT('',#9207);
#9207 = CARTESIAN_POINT('',(-66.5,35.6,29.4));
#9208 = SURFACE_CURVE('',#9209,(#9214,#9220),.PCURVE_S1.);
#9209 = CIRCLE('',#9210,1.5);
#9210 = AXIS2_PLACEMENT_3D('',#9211,#9212,#9213);
#9211 = CARTESIAN_POINT('',(-66.5,37.1,29.4));
#9212 = DIRECTION('',(1.,2.832769448824E-16,0.));
#9213 = DIRECTION('',(2.832769448824E-16,-1.,0.));
#9214 = PCURVE('',#6130,#9215);
#9215 = DEFINITIONAL_REPRESENTATION('',(#9216),#9219);
#9216 = B_SPLINE_CURVE_WITH_KNOTS('',1,(#9217,#9218),.UNSPECIFIED.,.F.,
  .F.,(2,2),(4.712388980385,6.28318530718),.PIECEWISE_BEZIER_KNOTS.);
#9217 = CARTESIAN_POINT('',(-1.570796326795,2.5));
#9218 = CARTESIAN_POINT('',(0.,2.5));
#9219 = ( GEOMETRIC_REPRESENTATION_CONTEXT(2) 
PARAMETRIC_REPRESENTATION_CONTEXT() REPRESENTATION_CONTEXT('2D SPACE',''
  ) );
#9220 = PCURVE('',#9098,#9221);
#9221 = DEFINITIONAL_REPRESENTATION('',(#9222),#9225);
#9222 = B_SPLINE_CURVE_WITH_KNOTS('',1,(#9223,#9224),.UNSPECIFIED.,.F.,
  .F.,(2,2),(4.712388980385,6.28318530718),.PIECEWISE_BEZIER_KNOTS.);
#9223 = CARTESIAN_POINT('',(1.570796326795,-1.570796326795));
#9224 = CARTESIAN_POINT('',(1.570796326795,0.));
#9225 = ( GEOMETRIC_REPRESENTATION_CONTEXT(2) 
PARAMETRIC_REPRESENTATION_CONTEXT() REPRESENTATION_CONTEXT('2D SPACE',''
  ) );
#9226 = ORIENTED_EDGE('',*,*,#9227,.F.);
#9227 = EDGE_CURVE('',#8975,#9206,#9228,.T.);
#9228 = SURFACE_CURVE('',#9229,(#9233,#9240),.PCURVE_S1.);
#9229 = LINE('',#9230,#9231);
#9230 = CARTESIAN_POINT('',(-69.,35.6,29.4));
#9231 = VECTOR('',#9232,1.);
#9232 = DIRECTION('',(1.,0.,-0.));
#9233 = PCURVE('',#6130,#9234);
#9234 = DEFINITIONAL_REPRESENTATION('',(#9235),#9239);
#9235 = LINE('',#9236,#9237);
#9236 = CARTESIAN_POINT('',(-0.,0.));
#9237 = VECTOR('',#9238,1.);
#9238 = DIRECTION('',(-0.,1.));
#9239 = ( GEOMETRIC_REPRESENTATION_CONTEXT(2) 
PARAMETRIC_REPRESENTATION_CONTEXT() REPRESENTATION_CONTEXT('2D SPACE',''
  ) );
#9240 = PCURVE('',#8990,#9241);
#9241 = DEFINITIONAL_REPRESENTATION('',(#9242),#9246);
#9242 = LINE('',#9243,#9244);
#9243 = CARTESIAN_POINT('',(32.9,0.));
#9244 = VECTOR('',#9245,1.);
#9245 = DIRECTION('',(0.,1.));
#9246 = ( GEOMETRIC_REPRESENTATION_CONTEXT(2) 
PARAMETRIC_REPRESENTATION_CONTEXT() REPRESENTATION_CONTEXT('2D SPACE',''
  ) );
#9247 = ADVANCED_FACE('',(#9248),#6183,.T.);
#9248 = FACE_BOUND('',#9249,.F.);
#9249 = EDGE_LOOP('',(#9250,#9251,#9275,#9296));
#9250 = ORIENTED_EDGE('',*,*,#6165,.F.);
#9251 = ORIENTED_EDGE('',*,*,#9252,.T.);
#9252 = EDGE_CURVE('',#6166,#9253,#9255,.T.);
#9253 = VERTEX_POINT('',#9254);
#9254 = CARTESIAN_POINT('',(-66.5,35.6,-2.));
#9255 = SURFACE_CURVE('',#9256,(#9261,#9268),.PCURVE_S1.);
#9256 = CIRCLE('',#9257,1.5);
#9257 = AXIS2_PLACEMENT_3D('',#9258,#9259,#9260);
#9258 = CARTESIAN_POINT('',(-66.5,37.1,-2.));
#9259 = DIRECTION('',(0.,-0.,-1.));
#9260 = DIRECTION('',(1.,0.,-0.));
#9261 = PCURVE('',#6183,#9262);
#9262 = DEFINITIONAL_REPRESENTATION('',(#9263),#9267);
#9263 = LINE('',#9264,#9265);
#9264 = CARTESIAN_POINT('',(-0.,1.5));
#9265 = VECTOR('',#9266,1.);
#9266 = DIRECTION('',(-1.,0.));
#9267 = ( GEOMETRIC_REPRESENTATION_CONTEXT(2) 
PARAMETRIC_REPRESENTATION_CONTEXT() REPRESENTATION_CONTEXT('2D SPACE',''
  ) );
#9268 = PCURVE('',#8377,#9269);
#9269 = DEFINITIONAL_REPRESENTATION('',(#9270),#9274);
#9270 = LINE('',#9271,#9272);
#9271 = CARTESIAN_POINT('',(-0.,0.));
#9272 = VECTOR('',#9273,1.);
#9273 = DIRECTION('',(-1.,0.));
#9274 = ( GEOMETRIC_REPRESENTATION_CONTEXT(2) 
PARAMETRIC_REPRESENTATION_CONTEXT() REPRESENTATION_CONTEXT('2D SPACE',''
  ) );
#9275 = ORIENTED_EDGE('',*,*,#9276,.T.);
#9276 = EDGE_CURVE('',#9253,#9206,#9277,.T.);
#9277 = SURFACE_CURVE('',#9278,(#9282,#9289),.PCURVE_S1.);
#9278 = LINE('',#9279,#9280);
#9279 = CARTESIAN_POINT('',(-66.5,35.6,-3.5));
#9280 = VECTOR('',#9281,1.);
#9281 = DIRECTION('',(0.,0.,1.));
#9282 = PCURVE('',#6183,#9283);
#9283 = DEFINITIONAL_REPRESENTATION('',(#9284),#9288);
#9284 = LINE('',#9285,#9286);
#9285 = CARTESIAN_POINT('',(-1.570796326795,0.));
#9286 = VECTOR('',#9287,1.);
#9287 = DIRECTION('',(-0.,1.));
#9288 = ( GEOMETRIC_REPRESENTATION_CONTEXT(2) 
PARAMETRIC_REPRESENTATION_CONTEXT() REPRESENTATION_CONTEXT('2D SPACE',''
  ) );
#9289 = PCURVE('',#8990,#9290);
#9290 = DEFINITIONAL_REPRESENTATION('',(#9291),#9295);
#9291 = LINE('',#9292,#9293);
#9292 = CARTESIAN_POINT('',(0.,2.5));
#9293 = VECTOR('',#9294,1.);
#9294 = DIRECTION('',(1.,0.));
#9295 = ( GEOMETRIC_REPRESENTATION_CONTEXT(2) 
PARAMETRIC_REPRESENTATION_CONTEXT() REPRESENTATION_CONTEXT('2D SPACE',''
  ) );
#9296 = ORIENTED_EDGE('',*,*,#9297,.F.);
#9297 = EDGE_CURVE('',#6168,#9206,#9298,.T.);
#9298 = SURFACE_CURVE('',#9299,(#9304,#9311),.PCURVE_S1.);
#9299 = CIRCLE('',#9300,1.5);
#9300 = AXIS2_PLACEMENT_3D('',#9301,#9302,#9303);
#9301 = CARTESIAN_POINT('',(-66.5,37.1,29.4));
#9302 = DIRECTION('',(0.,0.,-1.));
#9303 = DIRECTION('',(1.,0.,0.));
#9304 = PCURVE('',#6183,#9305);
#9305 = DEFINITIONAL_REPRESENTATION('',(#9306),#9310);
#9306 = LINE('',#9307,#9308);
#9307 = CARTESIAN_POINT('',(-0.,32.9));
#9308 = VECTOR('',#9309,1.);
#9309 = DIRECTION('',(-1.,0.));
#9310 = ( GEOMETRIC_REPRESENTATION_CONTEXT(2) 
PARAMETRIC_REPRESENTATION_CONTEXT() REPRESENTATION_CONTEXT('2D SPACE',''
  ) );
#9311 = PCURVE('',#9098,#9312);
#9312 = DEFINITIONAL_REPRESENTATION('',(#9313),#9317);
#9313 = LINE('',#9314,#9315);
#9314 = CARTESIAN_POINT('',(0.,0.));
#9315 = VECTOR('',#9316,1.);
#9316 = DIRECTION('',(1.,0.));
#9317 = ( GEOMETRIC_REPRESENTATION_CONTEXT(2) 
PARAMETRIC_REPRESENTATION_CONTEXT() REPRESENTATION_CONTEXT('2D SPACE',''
  ) );
#9318 = ADVANCED_FACE('',(#9319),#6280,.T.);
#9319 = FACE_BOUND('',#9320,.T.);
#9320 = EDGE_LOOP('',(#9321,#9341,#9342,#9380,#9400));
#9321 = ORIENTED_EDGE('',*,*,#9322,.F.);
#9322 = EDGE_CURVE('',#6242,#8946,#9323,.T.);
#9323 = SURFACE_CURVE('',#9324,(#9329,#9335),.PCURVE_S1.);
#9324 = CIRCLE('',#9325,1.5);
#9325 = AXIS2_PLACEMENT_3D('',#9326,#9327,#9328);
#9326 = CARTESIAN_POINT('',(-67.5,37.1,-2.));
#9327 = DIRECTION('',(-1.,2.832769448824E-16,0.));
#9328 = DIRECTION('',(-2.832769448824E-16,-1.,0.));
#9329 = PCURVE('',#6280,#9330);
#9330 = DEFINITIONAL_REPRESENTATION('',(#9331),#9334);
#9331 = B_SPLINE_CURVE_WITH_KNOTS('',1,(#9332,#9333),.UNSPECIFIED.,.F.,
  .F.,(2,2),(4.712388980385,6.28318530718),.PIECEWISE_BEZIER_KNOTS.);
#9332 = CARTESIAN_POINT('',(1.570796326795,1.5));
#9333 = CARTESIAN_POINT('',(0.,1.5));
#9334 = ( GEOMETRIC_REPRESENTATION_CONTEXT(2) 
PARAMETRIC_REPRESENTATION_CONTEXT() REPRESENTATION_CONTEXT('2D SPACE',''
  ) );
#9335 = PCURVE('',#8962,#9336);
#9336 = DEFINITIONAL_REPRESENTATION('',(#9337),#9340);
#9337 = B_SPLINE_CURVE_WITH_KNOTS('',1,(#9338,#9339),.UNSPECIFIED.,.F.,
  .F.,(2,2),(4.712388980385,6.28318530718),.PIECEWISE_BEZIER_KNOTS.);
#9338 = CARTESIAN_POINT('',(1.570796326795,-1.570796326795));
#9339 = CARTESIAN_POINT('',(1.570796326795,0.));
#9340 = ( GEOMETRIC_REPRESENTATION_CONTEXT(2) 
PARAMETRIC_REPRESENTATION_CONTEXT() REPRESENTATION_CONTEXT('2D SPACE',''
  ) );
#9341 = ORIENTED_EDGE('',*,*,#6264,.T.);
#9342 = ORIENTED_EDGE('',*,*,#9343,.F.);
#9343 = EDGE_CURVE('',#9344,#6265,#9346,.T.);
#9344 = VERTEX_POINT('',#9345);
#9345 = CARTESIAN_POINT('',(-66.5,36.715942712607,-3.45));
#9346 = SURFACE_CURVE('',#9347,(#9356,#9368),.PCURVE_S1.);
#9347 = B_SPLINE_CURVE_WITH_KNOTS('',7,(#9348,#9349,#9350,#9351,#9352,
    #9353,#9354,#9355),.UNSPECIFIED.,.F.,.F.,(8,8),(0.,1.),
  .PIECEWISE_BEZIER_KNOTS.);
#9348 = CARTESIAN_POINT('',(-66.4999994,36.715941806493,-3.44999976));
#9349 = CARTESIAN_POINT('',(-66.53083967581,36.762516379253,
    -3.462335862923));
#9350 = CARTESIAN_POINT('',(-66.55819609548,36.812557227631,
    -3.473722355933));
#9351 = CARTESIAN_POINT('',(-66.5813198501,36.865888843076,
    -3.483678673575));
#9352 = CARTESIAN_POINT('',(-66.59943151724,36.922118293344,
    -3.491680352836));
#9353 = CARTESIAN_POINT('',(-66.61183689906,36.980583591824,
    -3.497228658202));
#9354 = CARTESIAN_POINT('',(-66.61803398875,37.040307178864,-3.5));
#9355 = CARTESIAN_POINT('',(-66.61803398875,37.1,-3.5));
#9356 = PCURVE('',#6280,#9357);
#9357 = DEFINITIONAL_REPRESENTATION('',(#9358),#9367);
#9358 = B_SPLINE_CURVE_WITH_KNOTS('',7,(#9359,#9360,#9361,#9362,#9363,
    #9364,#9365,#9366),.UNSPECIFIED.,.F.,.F.,(8,8),(0.,1.),
  .PIECEWISE_BEZIER_KNOTS.);
#9359 = CARTESIAN_POINT('',(1.311874159883,2.5000006));
#9360 = CARTESIAN_POINT('',(1.343994560206,2.469160324189));
#9361 = CARTESIAN_POINT('',(1.37818666464,2.441803904514));
#9362 = CARTESIAN_POINT('',(1.414309650708,2.418680149893));
#9363 = CARTESIAN_POINT('',(1.45210570414,2.400568482751));
#9364 = CARTESIAN_POINT('',(1.491185363925,2.388163100936));
#9365 = CARTESIAN_POINT('',(1.531001112704,2.38196601125));
#9366 = CARTESIAN_POINT('',(1.570796326795,2.38196601125));
#9367 = ( GEOMETRIC_REPRESENTATION_CONTEXT(2) 
PARAMETRIC_REPRESENTATION_CONTEXT() REPRESENTATION_CONTEXT('2D SPACE',''
  ) );
#9368 = PCURVE('',#8167,#9369);
#9369 = DEFINITIONAL_REPRESENTATION('',(#9370),#9379);
#9370 = B_SPLINE_CURVE_WITH_KNOTS('',7,(#9371,#9372,#9373,#9374,#9375,
    #9376,#9377,#9378),.UNSPECIFIED.,.F.,.F.,(8,8),(0.,1.),
  .PIECEWISE_BEZIER_KNOTS.);
#9371 = CARTESIAN_POINT('',(-0.366688555908,-0.775397720656));
#9372 = CARTESIAN_POINT('',(-0.315778724893,-0.763881718635));
#9373 = CARTESIAN_POINT('',(-0.264354917162,-0.753403891459));
#9374 = CARTESIAN_POINT('',(-0.212380072529,-0.744360866649));
#9375 = CARTESIAN_POINT('',(-0.159848688674,-0.737168830583));
#9376 = CARTESIAN_POINT('',(-0.10680912962,-0.732206452475));
#9377 = CARTESIAN_POINT('',(-5.339088233118E-02,-0.729727656227));
#9378 = CARTESIAN_POINT('',(0.,-0.729727656227));
#9379 = ( GEOMETRIC_REPRESENTATION_CONTEXT(2) 
PARAMETRIC_REPRESENTATION_CONTEXT() REPRESENTATION_CONTEXT('2D SPACE',''
  ) );
#9380 = ORIENTED_EDGE('',*,*,#9381,.T.);
#9381 = EDGE_CURVE('',#9344,#9253,#9382,.T.);
#9382 = SURFACE_CURVE('',#9383,(#9388,#9394),.PCURVE_S1.);
#9383 = CIRCLE('',#9384,1.5);
#9384 = AXIS2_PLACEMENT_3D('',#9385,#9386,#9387);
#9385 = CARTESIAN_POINT('',(-66.5,37.1,-2.));
#9386 = DIRECTION('',(-1.,-2.832769448824E-16,0.));
#9387 = DIRECTION('',(2.832769448824E-16,-1.,-0.));
#9388 = PCURVE('',#6280,#9389);
#9389 = DEFINITIONAL_REPRESENTATION('',(#9390),#9393);
#9390 = B_SPLINE_CURVE_WITH_KNOTS('',1,(#9391,#9392),.UNSPECIFIED.,.F.,
  .F.,(2,2),(4.712388980385,6.28318530718),.PIECEWISE_BEZIER_KNOTS.);
#9391 = CARTESIAN_POINT('',(1.570796326795,2.5));
#9392 = CARTESIAN_POINT('',(0.,2.5));
#9393 = ( GEOMETRIC_REPRESENTATION_CONTEXT(2) 
PARAMETRIC_REPRESENTATION_CONTEXT() REPRESENTATION_CONTEXT('2D SPACE',''
  ) );
#9394 = PCURVE('',#8377,#9395);
#9395 = DEFINITIONAL_REPRESENTATION('',(#9396),#9399);
#9396 = B_SPLINE_CURVE_WITH_KNOTS('',1,(#9397,#9398),.UNSPECIFIED.,.F.,
  .F.,(2,2),(4.712388980385,6.28318530718),.PIECEWISE_BEZIER_KNOTS.);
#9397 = CARTESIAN_POINT('',(-1.570796326795,-1.570796326795));
#9398 = CARTESIAN_POINT('',(-1.570796326795,0.));
#9399 = ( GEOMETRIC_REPRESENTATION_CONTEXT(2) 
PARAMETRIC_REPRESENTATION_CONTEXT() REPRESENTATION_CONTEXT('2D SPACE',''
  ) );
#9400 = ORIENTED_EDGE('',*,*,#9401,.F.);
#9401 = EDGE_CURVE('',#8946,#9253,#9402,.T.);
#9402 = SURFACE_CURVE('',#9403,(#9407,#9414),.PCURVE_S1.);
#9403 = LINE('',#9404,#9405);
#9404 = CARTESIAN_POINT('',(-69.,35.6,-2.));
#9405 = VECTOR('',#9406,1.);
#9406 = DIRECTION('',(1.,0.,-0.));
#9407 = PCURVE('',#6280,#9408);
#9408 = DEFINITIONAL_REPRESENTATION('',(#9409),#9413);
#9409 = LINE('',#9410,#9411);
#9410 = CARTESIAN_POINT('',(0.,0.));
#9411 = VECTOR('',#9412,1.);
#9412 = DIRECTION('',(0.,1.));
#9413 = ( GEOMETRIC_REPRESENTATION_CONTEXT(2) 
PARAMETRIC_REPRESENTATION_CONTEXT() REPRESENTATION_CONTEXT('2D SPACE',''
  ) );
#9414 = PCURVE('',#8990,#9415);
#9415 = DEFINITIONAL_REPRESENTATION('',(#9416),#9420);
#9416 = LINE('',#9417,#9418);
#9417 = CARTESIAN_POINT('',(1.5,0.));
#9418 = VECTOR('',#9419,1.);
#9419 = DIRECTION('',(0.,1.));
#9420 = ( GEOMETRIC_REPRESENTATION_CONTEXT(2) 
PARAMETRIC_REPRESENTATION_CONTEXT() REPRESENTATION_CONTEXT('2D SPACE',''
  ) );
#9421 = ADVANCED_FACE('',(#9422),#6333,.T.);
#9422 = FACE_BOUND('',#9423,.T.);
#9423 = EDGE_LOOP('',(#9424,#9425,#9449,#9477));
#9424 = ORIENTED_EDGE('',*,*,#6315,.F.);
#9425 = ORIENTED_EDGE('',*,*,#9426,.T.);
#9426 = EDGE_CURVE('',#6316,#9427,#9429,.T.);
#9427 = VERTEX_POINT('',#9428);
#9428 = CARTESIAN_POINT('',(-18.,35.6,-2.));
#9429 = SURFACE_CURVE('',#9430,(#9435,#9442),.PCURVE_S1.);
#9430 = CIRCLE('',#9431,1.5);
#9431 = AXIS2_PLACEMENT_3D('',#9432,#9433,#9434);
#9432 = CARTESIAN_POINT('',(-18.,37.1,-2.));
#9433 = DIRECTION('',(0.,0.,1.));
#9434 = DIRECTION('',(-1.,0.,0.));
#9435 = PCURVE('',#6333,#9436);
#9436 = DEFINITIONAL_REPRESENTATION('',(#9437),#9441);
#9437 = LINE('',#9438,#9439);
#9438 = CARTESIAN_POINT('',(0.,1.5));
#9439 = VECTOR('',#9440,1.);
#9440 = DIRECTION('',(1.,0.));
#9441 = ( GEOMETRIC_REPRESENTATION_CONTEXT(2) 
PARAMETRIC_REPRESENTATION_CONTEXT() REPRESENTATION_CONTEXT('2D SPACE',''
  ) );
#9442 = PCURVE('',#8467,#9443);
#9443 = DEFINITIONAL_REPRESENTATION('',(#9444),#9448);
#9444 = LINE('',#9445,#9446);
#9445 = CARTESIAN_POINT('',(0.,0.));
#9446 = VECTOR('',#9447,1.);
#9447 = DIRECTION('',(1.,0.));
#9448 = ( GEOMETRIC_REPRESENTATION_CONTEXT(2) 
PARAMETRIC_REPRESENTATION_CONTEXT() REPRESENTATION_CONTEXT('2D SPACE',''
  ) );
#9449 = ORIENTED_EDGE('',*,*,#9450,.T.);
#9450 = EDGE_CURVE('',#9427,#9451,#9453,.T.);
#9451 = VERTEX_POINT('',#9452);
#9452 = CARTESIAN_POINT('',(-18.,35.6,12.7));
#9453 = SURFACE_CURVE('',#9454,(#9458,#9465),.PCURVE_S1.);
#9454 = LINE('',#9455,#9456);
#9455 = CARTESIAN_POINT('',(-18.,35.6,-3.5));
#9456 = VECTOR('',#9457,1.);
#9457 = DIRECTION('',(0.,0.,1.));
#9458 = PCURVE('',#6333,#9459);
#9459 = DEFINITIONAL_REPRESENTATION('',(#9460),#9464);
#9460 = LINE('',#9461,#9462);
#9461 = CARTESIAN_POINT('',(1.570796326795,0.));
#9462 = VECTOR('',#9463,1.);
#9463 = DIRECTION('',(0.,1.));
#9464 = ( GEOMETRIC_REPRESENTATION_CONTEXT(2) 
PARAMETRIC_REPRESENTATION_CONTEXT() REPRESENTATION_CONTEXT('2D SPACE',''
  ) );
#9465 = PCURVE('',#9466,#9471);
#9466 = PLANE('',#9467);
#9467 = AXIS2_PLACEMENT_3D('',#9468,#9469,#9470);
#9468 = CARTESIAN_POINT('',(-19.5,35.6,-3.5));
#9469 = DIRECTION('',(-0.,1.,0.));
#9470 = DIRECTION('',(0.,0.,1.));
#9471 = DEFINITIONAL_REPRESENTATION('',(#9472),#9476);
#9472 = LINE('',#9473,#9474);
#9473 = CARTESIAN_POINT('',(0.,1.5));
#9474 = VECTOR('',#9475,1.);
#9475 = DIRECTION('',(1.,0.));
#9476 = ( GEOMETRIC_REPRESENTATION_CONTEXT(2) 
PARAMETRIC_REPRESENTATION_CONTEXT() REPRESENTATION_CONTEXT('2D SPACE',''
  ) );
#9477 = ORIENTED_EDGE('',*,*,#9478,.F.);
#9478 = EDGE_CURVE('',#6318,#9451,#9479,.T.);
#9479 = SURFACE_CURVE('',#9480,(#9485,#9497),.PCURVE_S1.);
#9480 = ELLIPSE('',#9481,2.12132034356,1.5);
#9481 = AXIS2_PLACEMENT_3D('',#9482,#9483,#9484);
#9482 = CARTESIAN_POINT('',(-18.,37.1,12.7));
#9483 = DIRECTION('',(-0.707106781187,0.,0.707106781187));
#9484 = DIRECTION('',(0.707106781187,0.,0.707106781187));
#9485 = PCURVE('',#6333,#9486);
#9486 = DEFINITIONAL_REPRESENTATION('',(#9487),#9496);
#9487 = B_SPLINE_CURVE_WITH_KNOTS('',7,(#9488,#9489,#9490,#9491,#9492,
    #9493,#9494,#9495),.UNSPECIFIED.,.F.,.F.,(8,8),(3.14159265359,
    4.712388980385),.PIECEWISE_BEZIER_KNOTS.);
#9488 = CARTESIAN_POINT('',(0.,14.7));
#9489 = CARTESIAN_POINT('',(0.224399475256,14.7));
#9490 = CARTESIAN_POINT('',(0.448798950513,14.788123008915));
#9491 = CARTESIAN_POINT('',(0.673198425769,14.964356243063));
#9492 = CARTESIAN_POINT('',(0.897597901026,15.217879761341));
#9493 = CARTESIAN_POINT('',(1.121997376282,15.526802941022));
#9494 = CARTESIAN_POINT('',(1.346396851538,15.863400787115));
#9495 = CARTESIAN_POINT('',(1.570796326795,16.2));
#9496 = ( GEOMETRIC_REPRESENTATION_CONTEXT(2) 
PARAMETRIC_REPRESENTATION_CONTEXT() REPRESENTATION_CONTEXT('2D SPACE',''
  ) );
#9497 = PCURVE('',#6456,#9498);
#9498 = DEFINITIONAL_REPRESENTATION('',(#9499),#9508);
#9499 = B_SPLINE_CURVE_WITH_KNOTS('',7,(#9500,#9501,#9502,#9503,#9504,
    #9505,#9506,#9507),.UNSPECIFIED.,.F.,.F.,(8,8),(3.14159265359,
    4.712388980385),.PIECEWISE_BEZIER_KNOTS.);
#9500 = CARTESIAN_POINT('',(1.570796326795,44.5));
#9501 = CARTESIAN_POINT('',(1.346396851538,44.5));
#9502 = CARTESIAN_POINT('',(1.121997376282,44.588123008914));
#9503 = CARTESIAN_POINT('',(0.897597901026,44.764356243071));
#9504 = CARTESIAN_POINT('',(0.673198425769,45.017879761348));
#9505 = CARTESIAN_POINT('',(0.448798950513,45.326802941023));
#9506 = CARTESIAN_POINT('',(0.224399475256,45.663400787115));
#9507 = CARTESIAN_POINT('',(0.,46.));
#9508 = ( GEOMETRIC_REPRESENTATION_CONTEXT(2) 
PARAMETRIC_REPRESENTATION_CONTEXT() REPRESENTATION_CONTEXT('2D SPACE',''
  ) );
#9509 = ADVANCED_FACE('',(#9510),#6403,.T.);
#9510 = FACE_BOUND('',#9511,.F.);
#9511 = EDGE_LOOP('',(#9512,#9537,#9538,#9539));
#9512 = ORIENTED_EDGE('',*,*,#9513,.F.);
#9513 = EDGE_CURVE('',#6420,#6474,#9514,.T.);
#9514 = SURFACE_CURVE('',#9515,(#9520,#9526),.PCURVE_S1.);
#9515 = CIRCLE('',#9516,1.5);
#9516 = AXIS2_PLACEMENT_3D('',#9517,#9518,#9519);
#9517 = CARTESIAN_POINT('',(-62.5,37.1,12.7));
#9518 = DIRECTION('',(0.,1.,-0.));
#9519 = DIRECTION('',(-1.,0.,0.));
#9520 = PCURVE('',#6403,#9521);
#9521 = DEFINITIONAL_REPRESENTATION('',(#9522),#9525);
#9522 = B_SPLINE_CURVE_WITH_KNOTS('',1,(#9523,#9524),.UNSPECIFIED.,.F.,
  .F.,(2,2),(4.712388980385,6.28318530718),.PIECEWISE_BEZIER_KNOTS.);
#9523 = CARTESIAN_POINT('',(-1.570796326795,1.5));
#9524 = CARTESIAN_POINT('',(0.,1.5));
#9525 = ( GEOMETRIC_REPRESENTATION_CONTEXT(2) 
PARAMETRIC_REPRESENTATION_CONTEXT() REPRESENTATION_CONTEXT('2D SPACE',''
  ) );
#9526 = PCURVE('',#9527,#9532);
#9527 = SPHERICAL_SURFACE('',#9528,1.5);
#9528 = AXIS2_PLACEMENT_3D('',#9529,#9530,#9531);
#9529 = CARTESIAN_POINT('',(-62.5,37.1,12.7));
#9530 = DIRECTION('',(0.,0.,1.));
#9531 = DIRECTION('',(-1.,0.,0.));
#9532 = DEFINITIONAL_REPRESENTATION('',(#9533),#9536);
#9533 = B_SPLINE_CURVE_WITH_KNOTS('',1,(#9534,#9535),.UNSPECIFIED.,.F.,
  .F.,(2,2),(4.712388980385,6.28318530718),.PIECEWISE_BEZIER_KNOTS.);
#9534 = CARTESIAN_POINT('',(0.,-1.570796326795));
#9535 = CARTESIAN_POINT('',(0.,0.));
#9536 = ( GEOMETRIC_REPRESENTATION_CONTEXT(2) 
PARAMETRIC_REPRESENTATION_CONTEXT() REPRESENTATION_CONTEXT('2D SPACE',''
  ) );
#9537 = ORIENTED_EDGE('',*,*,#6419,.T.);
#9538 = ORIENTED_EDGE('',*,*,#6389,.T.);
#9539 = ORIENTED_EDGE('',*,*,#6503,.F.);
#9540 = ADVANCED_FACE('',(#9541),#6456,.T.);
#9541 = FACE_BOUND('',#9542,.T.);
#9542 = EDGE_LOOP('',(#9543,#9565,#9566,#9567));
#9543 = ORIENTED_EDGE('',*,*,#9544,.F.);
#9544 = EDGE_CURVE('',#6420,#9545,#9547,.T.);
#9545 = VERTEX_POINT('',#9546);
#9546 = CARTESIAN_POINT('',(-62.5,35.6,12.7));
#9547 = SURFACE_CURVE('',#9548,(#9553,#9559),.PCURVE_S1.);
#9548 = CIRCLE('',#9549,1.5);
#9549 = AXIS2_PLACEMENT_3D('',#9550,#9551,#9552);
#9550 = CARTESIAN_POINT('',(-62.5,37.1,12.7));
#9551 = DIRECTION('',(-1.,6.123233995737E-17,0.));
#9552 = DIRECTION('',(-6.123233995737E-17,-1.,0.));
#9553 = PCURVE('',#6456,#9554);
#9554 = DEFINITIONAL_REPRESENTATION('',(#9555),#9558);
#9555 = B_SPLINE_CURVE_WITH_KNOTS('',1,(#9556,#9557),.UNSPECIFIED.,.F.,
  .F.,(2,2),(4.712388980385,6.28318530718),.PIECEWISE_BEZIER_KNOTS.);
#9556 = CARTESIAN_POINT('',(1.570796326795,1.5));
#9557 = CARTESIAN_POINT('',(0.,1.5));
#9558 = ( GEOMETRIC_REPRESENTATION_CONTEXT(2) 
PARAMETRIC_REPRESENTATION_CONTEXT() REPRESENTATION_CONTEXT('2D SPACE',''
  ) );
#9559 = PCURVE('',#9527,#9560);
#9560 = DEFINITIONAL_REPRESENTATION('',(#9561),#9564);
#9561 = B_SPLINE_CURVE_WITH_KNOTS('',1,(#9562,#9563),.UNSPECIFIED.,.F.,
  .F.,(2,2),(4.712388980385,6.28318530718),.PIECEWISE_BEZIER_KNOTS.);
#9562 = CARTESIAN_POINT('',(1.570796326795,-1.570796326795));
#9563 = CARTESIAN_POINT('',(1.570796326795,0.));
#9564 = ( GEOMETRIC_REPRESENTATION_CONTEXT(2) 
PARAMETRIC_REPRESENTATION_CONTEXT() REPRESENTATION_CONTEXT('2D SPACE',''
  ) );
#9565 = ORIENTED_EDGE('',*,*,#6442,.T.);
#9566 = ORIENTED_EDGE('',*,*,#9478,.T.);
#9567 = ORIENTED_EDGE('',*,*,#9568,.F.);
#9568 = EDGE_CURVE('',#9545,#9451,#9569,.T.);
#9569 = SURFACE_CURVE('',#9570,(#9574,#9581),.PCURVE_S1.);
#9570 = LINE('',#9571,#9572);
#9571 = CARTESIAN_POINT('',(-64.,35.6,12.7));
#9572 = VECTOR('',#9573,1.);
#9573 = DIRECTION('',(1.,0.,-0.));
#9574 = PCURVE('',#6456,#9575);
#9575 = DEFINITIONAL_REPRESENTATION('',(#9576),#9580);
#9576 = LINE('',#9577,#9578);
#9577 = CARTESIAN_POINT('',(0.,0.));
#9578 = VECTOR('',#9579,1.);
#9579 = DIRECTION('',(0.,1.));
#9580 = ( GEOMETRIC_REPRESENTATION_CONTEXT(2) 
PARAMETRIC_REPRESENTATION_CONTEXT() REPRESENTATION_CONTEXT('2D SPACE',''
  ) );
#9581 = PCURVE('',#9466,#9582);
#9582 = DEFINITIONAL_REPRESENTATION('',(#9583),#9587);
#9583 = LINE('',#9584,#9585);
#9584 = CARTESIAN_POINT('',(16.2,-44.5));
#9585 = VECTOR('',#9586,1.);
#9586 = DIRECTION('',(0.,1.));
#9587 = ( GEOMETRIC_REPRESENTATION_CONTEXT(2) 
PARAMETRIC_REPRESENTATION_CONTEXT() REPRESENTATION_CONTEXT('2D SPACE',''
  ) );
#9588 = ADVANCED_FACE('',(#9589),#6491,.T.);
#9589 = FACE_BOUND('',#9590,.T.);
#9590 = EDGE_LOOP('',(#9591,#9592,#9614,#9637));
#9591 = ORIENTED_EDGE('',*,*,#6473,.F.);
#9592 = ORIENTED_EDGE('',*,*,#9593,.T.);
#9593 = EDGE_CURVE('',#6474,#9545,#9594,.T.);
#9594 = SURFACE_CURVE('',#9595,(#9600,#9607),.PCURVE_S1.);
#9595 = CIRCLE('',#9596,1.5);
#9596 = AXIS2_PLACEMENT_3D('',#9597,#9598,#9599);
#9597 = CARTESIAN_POINT('',(-62.5,37.1,12.7));
#9598 = DIRECTION('',(0.,0.,1.));
#9599 = DIRECTION('',(-1.,0.,0.));
#9600 = PCURVE('',#6491,#9601);
#9601 = DEFINITIONAL_REPRESENTATION('',(#9602),#9606);
#9602 = LINE('',#9603,#9604);
#9603 = CARTESIAN_POINT('',(0.,1.5));
#9604 = VECTOR('',#9605,1.);
#9605 = DIRECTION('',(1.,0.));
#9606 = ( GEOMETRIC_REPRESENTATION_CONTEXT(2) 
PARAMETRIC_REPRESENTATION_CONTEXT() REPRESENTATION_CONTEXT('2D SPACE',''
  ) );
#9607 = PCURVE('',#9527,#9608);
#9608 = DEFINITIONAL_REPRESENTATION('',(#9609),#9613);
#9609 = LINE('',#9610,#9611);
#9610 = CARTESIAN_POINT('',(0.,0.));
#9611 = VECTOR('',#9612,1.);
#9612 = DIRECTION('',(1.,0.));
#9613 = ( GEOMETRIC_REPRESENTATION_CONTEXT(2) 
PARAMETRIC_REPRESENTATION_CONTEXT() REPRESENTATION_CONTEXT('2D SPACE',''
  ) );
#9614 = ORIENTED_EDGE('',*,*,#9615,.T.);
#9615 = EDGE_CURVE('',#9545,#9616,#9618,.T.);
#9616 = VERTEX_POINT('',#9617);
#9617 = CARTESIAN_POINT('',(-62.5,35.6,14.7));
#9618 = SURFACE_CURVE('',#9619,(#9623,#9630),.PCURVE_S1.);
#9619 = LINE('',#9620,#9621);
#9620 = CARTESIAN_POINT('',(-62.5,35.6,11.2));
#9621 = VECTOR('',#9622,1.);
#9622 = DIRECTION('',(0.,0.,1.));
#9623 = PCURVE('',#6491,#9624);
#9624 = DEFINITIONAL_REPRESENTATION('',(#9625),#9629);
#9625 = LINE('',#9626,#9627);
#9626 = CARTESIAN_POINT('',(1.570796326795,0.));
#9627 = VECTOR('',#9628,1.);
#9628 = DIRECTION('',(0.,1.));
#9629 = ( GEOMETRIC_REPRESENTATION_CONTEXT(2) 
PARAMETRIC_REPRESENTATION_CONTEXT() REPRESENTATION_CONTEXT('2D SPACE',''
  ) );
#9630 = PCURVE('',#9466,#9631);
#9631 = DEFINITIONAL_REPRESENTATION('',(#9632),#9636);
#9632 = LINE('',#9633,#9634);
#9633 = CARTESIAN_POINT('',(14.7,-43.));
#9634 = VECTOR('',#9635,1.);
#9635 = DIRECTION('',(1.,0.));
#9636 = ( GEOMETRIC_REPRESENTATION_CONTEXT(2) 
PARAMETRIC_REPRESENTATION_CONTEXT() REPRESENTATION_CONTEXT('2D SPACE',''
  ) );
#9637 = ORIENTED_EDGE('',*,*,#9638,.F.);
#9638 = EDGE_CURVE('',#6476,#9616,#9639,.T.);
#9639 = SURFACE_CURVE('',#9640,(#9645,#9652),.PCURVE_S1.);
#9640 = CIRCLE('',#9641,1.5);
#9641 = AXIS2_PLACEMENT_3D('',#9642,#9643,#9644);
#9642 = CARTESIAN_POINT('',(-62.5,37.1,14.7));
#9643 = DIRECTION('',(0.,0.,1.));
#9644 = DIRECTION('',(-1.,0.,0.));
#9645 = PCURVE('',#6491,#9646);
#9646 = DEFINITIONAL_REPRESENTATION('',(#9647),#9651);
#9647 = LINE('',#9648,#9649);
#9648 = CARTESIAN_POINT('',(0.,3.5));
#9649 = VECTOR('',#9650,1.);
#9650 = DIRECTION('',(1.,0.));
#9651 = ( GEOMETRIC_REPRESENTATION_CONTEXT(2) 
PARAMETRIC_REPRESENTATION_CONTEXT() REPRESENTATION_CONTEXT('2D SPACE',''
  ) );
#9652 = PCURVE('',#9653,#9658);
#9653 = SPHERICAL_SURFACE('',#9654,1.5);
#9654 = AXIS2_PLACEMENT_3D('',#9655,#9656,#9657);
#9655 = CARTESIAN_POINT('',(-62.5,37.1,14.7));
#9656 = DIRECTION('',(-0.,-0.,-1.));
#9657 = DIRECTION('',(-1.,0.,0.));
#9658 = DEFINITIONAL_REPRESENTATION('',(#9659),#9663);
#9659 = LINE('',#9660,#9661);
#9660 = CARTESIAN_POINT('',(-0.,0.));
#9661 = VECTOR('',#9662,1.);
#9662 = DIRECTION('',(-1.,0.));
#9663 = ( GEOMETRIC_REPRESENTATION_CONTEXT(2) 
PARAMETRIC_REPRESENTATION_CONTEXT() REPRESENTATION_CONTEXT('2D SPACE',''
  ) );
#9664 = ADVANCED_FACE('',(#9665),#6539,.T.);
#9665 = FACE_BOUND('',#9666,.T.);
#9666 = EDGE_LOOP('',(#9667,#9687,#9688,#9689));
#9667 = ORIENTED_EDGE('',*,*,#9668,.F.);
#9668 = EDGE_CURVE('',#6582,#6476,#9669,.T.);
#9669 = SURFACE_CURVE('',#9670,(#9675,#9681),.PCURVE_S1.);
#9670 = CIRCLE('',#9671,1.5);
#9671 = AXIS2_PLACEMENT_3D('',#9672,#9673,#9674);
#9672 = CARTESIAN_POINT('',(-62.5,37.1,14.7));
#9673 = DIRECTION('',(0.,-1.,0.));
#9674 = DIRECTION('',(-1.,0.,0.));
#9675 = PCURVE('',#6539,#9676);
#9676 = DEFINITIONAL_REPRESENTATION('',(#9677),#9680);
#9677 = B_SPLINE_CURVE_WITH_KNOTS('',1,(#9678,#9679),.UNSPECIFIED.,.F.,
  .F.,(2,2),(4.712388980385,6.28318530718),.PIECEWISE_BEZIER_KNOTS.);
#9678 = CARTESIAN_POINT('',(1.570796326795,1.5));
#9679 = CARTESIAN_POINT('',(0.,1.5));
#9680 = ( GEOMETRIC_REPRESENTATION_CONTEXT(2) 
PARAMETRIC_REPRESENTATION_CONTEXT() REPRESENTATION_CONTEXT('2D SPACE',''
  ) );
#9681 = PCURVE('',#9653,#9682);
#9682 = DEFINITIONAL_REPRESENTATION('',(#9683),#9686);
#9683 = B_SPLINE_CURVE_WITH_KNOTS('',1,(#9684,#9685),.UNSPECIFIED.,.F.,
  .F.,(2,2),(4.712388980385,6.28318530718),.PIECEWISE_BEZIER_KNOTS.);
#9684 = CARTESIAN_POINT('',(0.,-1.570796326795));
#9685 = CARTESIAN_POINT('',(0.,0.));
#9686 = ( GEOMETRIC_REPRESENTATION_CONTEXT(2) 
PARAMETRIC_REPRESENTATION_CONTEXT() REPRESENTATION_CONTEXT('2D SPACE',''
  ) );
#9687 = ORIENTED_EDGE('',*,*,#6581,.T.);
#9688 = ORIENTED_EDGE('',*,*,#6556,.F.);
#9689 = ORIENTED_EDGE('',*,*,#6525,.F.);
#9690 = ADVANCED_FACE('',(#9691),#6620,.T.);
#9691 = FACE_BOUND('',#9692,.F.);
#9692 = EDGE_LOOP('',(#9693,#9713,#9714,#9748));
#9693 = ORIENTED_EDGE('',*,*,#9694,.F.);
#9694 = EDGE_CURVE('',#6582,#9616,#9695,.T.);
#9695 = SURFACE_CURVE('',#9696,(#9701,#9707),.PCURVE_S1.);
#9696 = CIRCLE('',#9697,1.5);
#9697 = AXIS2_PLACEMENT_3D('',#9698,#9699,#9700);
#9698 = CARTESIAN_POINT('',(-62.5,37.1,14.7));
#9699 = DIRECTION('',(1.,-6.123233995737E-17,0.));
#9700 = DIRECTION('',(-6.123233995737E-17,-1.,0.));
#9701 = PCURVE('',#6620,#9702);
#9702 = DEFINITIONAL_REPRESENTATION('',(#9703),#9706);
#9703 = B_SPLINE_CURVE_WITH_KNOTS('',1,(#9704,#9705),.UNSPECIFIED.,.F.,
  .F.,(2,2),(4.712388980385,6.28318530718),.PIECEWISE_BEZIER_KNOTS.);
#9704 = CARTESIAN_POINT('',(-1.570796326795,1.5));
#9705 = CARTESIAN_POINT('',(0.,1.5));
#9706 = ( GEOMETRIC_REPRESENTATION_CONTEXT(2) 
PARAMETRIC_REPRESENTATION_CONTEXT() REPRESENTATION_CONTEXT('2D SPACE',''
  ) );
#9707 = PCURVE('',#9653,#9708);
#9708 = DEFINITIONAL_REPRESENTATION('',(#9709),#9712);
#9709 = B_SPLINE_CURVE_WITH_KNOTS('',1,(#9710,#9711),.UNSPECIFIED.,.F.,
  .F.,(2,2),(4.712388980385,6.28318530718),.PIECEWISE_BEZIER_KNOTS.);
#9710 = CARTESIAN_POINT('',(-1.570796326795,-1.570796326795));
#9711 = CARTESIAN_POINT('',(-1.570796326795,0.));
#9712 = ( GEOMETRIC_REPRESENTATION_CONTEXT(2) 
PARAMETRIC_REPRESENTATION_CONTEXT() REPRESENTATION_CONTEXT('2D SPACE',''
  ) );
#9713 = ORIENTED_EDGE('',*,*,#6604,.T.);
#9714 = ORIENTED_EDGE('',*,*,#9715,.T.);
#9715 = EDGE_CURVE('',#6605,#9716,#9718,.T.);
#9716 = VERTEX_POINT('',#9717);
#9717 = CARTESIAN_POINT('',(-18.,35.6,14.7));
#9718 = SURFACE_CURVE('',#9719,(#9724,#9736),.PCURVE_S1.);
#9719 = ELLIPSE('',#9720,2.12132034356,1.5);
#9720 = AXIS2_PLACEMENT_3D('',#9721,#9722,#9723);
#9721 = CARTESIAN_POINT('',(-18.,37.1,14.7));
#9722 = DIRECTION('',(0.707106781187,0.,0.707106781187));
#9723 = DIRECTION('',(-0.707106781187,0.,0.707106781187));
#9724 = PCURVE('',#6620,#9725);
#9725 = DEFINITIONAL_REPRESENTATION('',(#9726),#9735);
#9726 = B_SPLINE_CURVE_WITH_KNOTS('',7,(#9727,#9728,#9729,#9730,#9731,
    #9732,#9733,#9734),.UNSPECIFIED.,.F.,.F.,(8,8),(0.,1.570796326795),
  .PIECEWISE_BEZIER_KNOTS.);
#9727 = CARTESIAN_POINT('',(-1.570796326795,44.5));
#9728 = CARTESIAN_POINT('',(-1.346396851538,44.5));
#9729 = CARTESIAN_POINT('',(-1.121997376282,44.588123008914));
#9730 = CARTESIAN_POINT('',(-0.897597901026,44.764356243071));
#9731 = CARTESIAN_POINT('',(-0.673198425769,45.017879761348));
#9732 = CARTESIAN_POINT('',(-0.448798950513,45.326802941023));
#9733 = CARTESIAN_POINT('',(-0.224399475256,45.663400787115));
#9734 = CARTESIAN_POINT('',(0.,46.));
#9735 = ( GEOMETRIC_REPRESENTATION_CONTEXT(2) 
PARAMETRIC_REPRESENTATION_CONTEXT() REPRESENTATION_CONTEXT('2D SPACE',''
  ) );
#9736 = PCURVE('',#6671,#9737);
#9737 = DEFINITIONAL_REPRESENTATION('',(#9738),#9747);
#9738 = B_SPLINE_CURVE_WITH_KNOTS('',7,(#9739,#9740,#9741,#9742,#9743,
    #9744,#9745,#9746),.UNSPECIFIED.,.F.,.F.,(8,8),(0.,1.570796326795),
  .PIECEWISE_BEZIER_KNOTS.);
#9739 = CARTESIAN_POINT('',(0.,19.7));
#9740 = CARTESIAN_POINT('',(0.224399475256,19.7));
#9741 = CARTESIAN_POINT('',(0.448798950513,19.611876991087));
#9742 = CARTESIAN_POINT('',(0.673198425769,19.435643756937));
#9743 = CARTESIAN_POINT('',(0.897597901026,19.182120238671));
#9744 = CARTESIAN_POINT('',(1.121997376282,18.873197058977));
#9745 = CARTESIAN_POINT('',(1.346396851538,18.536599212885));
#9746 = CARTESIAN_POINT('',(1.570796326795,18.2));
#9747 = ( GEOMETRIC_REPRESENTATION_CONTEXT(2) 
PARAMETRIC_REPRESENTATION_CONTEXT() REPRESENTATION_CONTEXT('2D SPACE',''
  ) );
#9748 = ORIENTED_EDGE('',*,*,#9749,.F.);
#9749 = EDGE_CURVE('',#9616,#9716,#9750,.T.);
#9750 = SURFACE_CURVE('',#9751,(#9755,#9762),.PCURVE_S1.);
#9751 = LINE('',#9752,#9753);
#9752 = CARTESIAN_POINT('',(-64.,35.6,14.7));
#9753 = VECTOR('',#9754,1.);
#9754 = DIRECTION('',(1.,0.,-0.));
#9755 = PCURVE('',#6620,#9756);
#9756 = DEFINITIONAL_REPRESENTATION('',(#9757),#9761);
#9757 = LINE('',#9758,#9759);
#9758 = CARTESIAN_POINT('',(-0.,0.));
#9759 = VECTOR('',#9760,1.);
#9760 = DIRECTION('',(-0.,1.));
#9761 = ( GEOMETRIC_REPRESENTATION_CONTEXT(2) 
PARAMETRIC_REPRESENTATION_CONTEXT() REPRESENTATION_CONTEXT('2D SPACE',''
  ) );
#9762 = PCURVE('',#9466,#9763);
#9763 = DEFINITIONAL_REPRESENTATION('',(#9764),#9768);
#9764 = LINE('',#9765,#9766);
#9765 = CARTESIAN_POINT('',(18.2,-44.5));
#9766 = VECTOR('',#9767,1.);
#9767 = DIRECTION('',(0.,1.));
#9768 = ( GEOMETRIC_REPRESENTATION_CONTEXT(2) 
PARAMETRIC_REPRESENTATION_CONTEXT() REPRESENTATION_CONTEXT('2D SPACE',''
  ) );
#9769 = ADVANCED_FACE('',(#9770),#6671,.T.);
#9770 = FACE_BOUND('',#9771,.T.);
#9771 = EDGE_LOOP('',(#9772,#9773,#9774,#9797));
#9772 = ORIENTED_EDGE('',*,*,#6655,.F.);
#9773 = ORIENTED_EDGE('',*,*,#9715,.T.);
#9774 = ORIENTED_EDGE('',*,*,#9775,.T.);
#9775 = EDGE_CURVE('',#9716,#9776,#9778,.T.);
#9776 = VERTEX_POINT('',#9777);
#9777 = CARTESIAN_POINT('',(-18.,35.6,29.4));
#9778 = SURFACE_CURVE('',#9779,(#9783,#9790),.PCURVE_S1.);
#9779 = LINE('',#9780,#9781);
#9780 = CARTESIAN_POINT('',(-18.,35.6,-3.5));
#9781 = VECTOR('',#9782,1.);
#9782 = DIRECTION('',(0.,0.,1.));
#9783 = PCURVE('',#6671,#9784);
#9784 = DEFINITIONAL_REPRESENTATION('',(#9785),#9789);
#9785 = LINE('',#9786,#9787);
#9786 = CARTESIAN_POINT('',(1.570796326795,0.));
#9787 = VECTOR('',#9788,1.);
#9788 = DIRECTION('',(0.,1.));
#9789 = ( GEOMETRIC_REPRESENTATION_CONTEXT(2) 
PARAMETRIC_REPRESENTATION_CONTEXT() REPRESENTATION_CONTEXT('2D SPACE',''
  ) );
#9790 = PCURVE('',#9466,#9791);
#9791 = DEFINITIONAL_REPRESENTATION('',(#9792),#9796);
#9792 = LINE('',#9793,#9794);
#9793 = CARTESIAN_POINT('',(0.,1.5));
#9794 = VECTOR('',#9795,1.);
#9795 = DIRECTION('',(1.,0.));
#9796 = ( GEOMETRIC_REPRESENTATION_CONTEXT(2) 
PARAMETRIC_REPRESENTATION_CONTEXT() REPRESENTATION_CONTEXT('2D SPACE',''
  ) );
#9797 = ORIENTED_EDGE('',*,*,#9798,.F.);
#9798 = EDGE_CURVE('',#6656,#9776,#9799,.T.);
#9799 = SURFACE_CURVE('',#9800,(#9805,#9812),.PCURVE_S1.);
#9800 = CIRCLE('',#9801,1.5);
#9801 = AXIS2_PLACEMENT_3D('',#9802,#9803,#9804);
#9802 = CARTESIAN_POINT('',(-18.,37.1,29.4));
#9803 = DIRECTION('',(0.,0.,1.));
#9804 = DIRECTION('',(-1.,0.,0.));
#9805 = PCURVE('',#6671,#9806);
#9806 = DEFINITIONAL_REPRESENTATION('',(#9807),#9811);
#9807 = LINE('',#9808,#9809);
#9808 = CARTESIAN_POINT('',(0.,32.9));
#9809 = VECTOR('',#9810,1.);
#9810 = DIRECTION('',(1.,0.));
#9811 = ( GEOMETRIC_REPRESENTATION_CONTEXT(2) 
PARAMETRIC_REPRESENTATION_CONTEXT() REPRESENTATION_CONTEXT('2D SPACE',''
  ) );
#9812 = PCURVE('',#9813,#9818);
#9813 = SPHERICAL_SURFACE('',#9814,1.5);
#9814 = AXIS2_PLACEMENT_3D('',#9815,#9816,#9817);
#9815 = CARTESIAN_POINT('',(-18.,37.1,29.4));
#9816 = DIRECTION('',(-0.,-0.,-1.));
#9817 = DIRECTION('',(-1.,0.,0.));
#9818 = DEFINITIONAL_REPRESENTATION('',(#9819),#9823);
#9819 = LINE('',#9820,#9821);
#9820 = CARTESIAN_POINT('',(-0.,0.));
#9821 = VECTOR('',#9822,1.);
#9822 = DIRECTION('',(-1.,0.));
#9823 = ( GEOMETRIC_REPRESENTATION_CONTEXT(2) 
PARAMETRIC_REPRESENTATION_CONTEXT() REPRESENTATION_CONTEXT('2D SPACE',''
  ) );
#9824 = ADVANCED_FACE('',(#9825),#6699,.T.);
#9825 = FACE_BOUND('',#9826,.T.);
#9826 = EDGE_LOOP('',(#9827,#9847,#9848,#9849));
#9827 = ORIENTED_EDGE('',*,*,#9828,.F.);
#9828 = EDGE_CURVE('',#7675,#6656,#9829,.T.);
#9829 = SURFACE_CURVE('',#9830,(#9835,#9841),.PCURVE_S1.);
#9830 = CIRCLE('',#9831,1.5);
#9831 = AXIS2_PLACEMENT_3D('',#9832,#9833,#9834);
#9832 = CARTESIAN_POINT('',(-18.,37.1,29.4));
#9833 = DIRECTION('',(0.,-1.,0.));
#9834 = DIRECTION('',(-1.,0.,0.));
#9835 = PCURVE('',#6699,#9836);
#9836 = DEFINITIONAL_REPRESENTATION('',(#9837),#9840);
#9837 = B_SPLINE_CURVE_WITH_KNOTS('',1,(#9838,#9839),.UNSPECIFIED.,.F.,
  .F.,(2,2),(4.712388980385,6.28318530718),.PIECEWISE_BEZIER_KNOTS.);
#9838 = CARTESIAN_POINT('',(1.570796326795,1.5));
#9839 = CARTESIAN_POINT('',(0.,1.5));
#9840 = ( GEOMETRIC_REPRESENTATION_CONTEXT(2) 
PARAMETRIC_REPRESENTATION_CONTEXT() REPRESENTATION_CONTEXT('2D SPACE',''
  ) );
#9841 = PCURVE('',#9813,#9842);
#9842 = DEFINITIONAL_REPRESENTATION('',(#9843),#9846);
#9843 = B_SPLINE_CURVE_WITH_KNOTS('',1,(#9844,#9845),.UNSPECIFIED.,.F.,
  .F.,(2,2),(4.712388980385,6.28318530718),.PIECEWISE_BEZIER_KNOTS.);
#9844 = CARTESIAN_POINT('',(0.,-1.570796326795));
#9845 = CARTESIAN_POINT('',(0.,0.));
#9846 = ( GEOMETRIC_REPRESENTATION_CONTEXT(2) 
PARAMETRIC_REPRESENTATION_CONTEXT() REPRESENTATION_CONTEXT('2D SPACE',''
  ) );
#9847 = ORIENTED_EDGE('',*,*,#7697,.T.);
#9848 = ORIENTED_EDGE('',*,*,#6717,.F.);
#9849 = ORIENTED_EDGE('',*,*,#6685,.F.);
#9850 = ADVANCED_FACE('',(#9851),#6760,.T.);
#9851 = FACE_BOUND('',#9852,.F.);
#9852 = EDGE_LOOP('',(#9853,#9878,#9879,#9880));
#9853 = ORIENTED_EDGE('',*,*,#9854,.F.);
#9854 = EDGE_CURVE('',#7582,#6778,#9855,.T.);
#9855 = SURFACE_CURVE('',#9856,(#9861,#9867),.PCURVE_S1.);
#9856 = CIRCLE('',#9857,1.5);
#9857 = AXIS2_PLACEMENT_3D('',#9858,#9859,#9860);
#9858 = CARTESIAN_POINT('',(-14.,37.1,29.4));
#9859 = DIRECTION('',(-0.,1.,0.));
#9860 = DIRECTION('',(1.,0.,0.));
#9861 = PCURVE('',#6760,#9862);
#9862 = DEFINITIONAL_REPRESENTATION('',(#9863),#9866);
#9863 = B_SPLINE_CURVE_WITH_KNOTS('',1,(#9864,#9865),.UNSPECIFIED.,.F.,
  .F.,(2,2),(4.712388980385,6.28318530718),.PIECEWISE_BEZIER_KNOTS.);
#9864 = CARTESIAN_POINT('',(-1.570796326795,1.5));
#9865 = CARTESIAN_POINT('',(0.,1.5));
#9866 = ( GEOMETRIC_REPRESENTATION_CONTEXT(2) 
PARAMETRIC_REPRESENTATION_CONTEXT() REPRESENTATION_CONTEXT('2D SPACE',''
  ) );
#9867 = PCURVE('',#9868,#9873);
#9868 = SPHERICAL_SURFACE('',#9869,1.5);
#9869 = AXIS2_PLACEMENT_3D('',#9870,#9871,#9872);
#9870 = CARTESIAN_POINT('',(-14.,37.1,29.4));
#9871 = DIRECTION('',(-0.,-0.,-1.));
#9872 = DIRECTION('',(1.,0.,0.));
#9873 = DEFINITIONAL_REPRESENTATION('',(#9874),#9877);
#9874 = B_SPLINE_CURVE_WITH_KNOTS('',1,(#9875,#9876),.UNSPECIFIED.,.F.,
  .F.,(2,2),(4.712388980385,6.28318530718),.PIECEWISE_BEZIER_KNOTS.);
#9875 = CARTESIAN_POINT('',(0.,-1.570796326795));
#9876 = CARTESIAN_POINT('',(0.,0.));
#9877 = ( GEOMETRIC_REPRESENTATION_CONTEXT(2) 
PARAMETRIC_REPRESENTATION_CONTEXT() REPRESENTATION_CONTEXT('2D SPACE',''
  ) );
#9878 = ORIENTED_EDGE('',*,*,#7581,.T.);
#9879 = ORIENTED_EDGE('',*,*,#6745,.F.);
#9880 = ORIENTED_EDGE('',*,*,#6825,.F.);
#9881 = ADVANCED_FACE('',(#9882),#6793,.T.);
#9882 = FACE_BOUND('',#9883,.F.);
#9883 = EDGE_LOOP('',(#9884,#9885,#9919,#9942));
#9884 = ORIENTED_EDGE('',*,*,#6775,.F.);
#9885 = ORIENTED_EDGE('',*,*,#9886,.F.);
#9886 = EDGE_CURVE('',#9887,#6776,#9889,.T.);
#9887 = VERTEX_POINT('',#9888);
#9888 = CARTESIAN_POINT('',(-14.,35.6,14.7));
#9889 = SURFACE_CURVE('',#9890,(#9895,#9907),.PCURVE_S1.);
#9890 = ELLIPSE('',#9891,2.12132034356,1.5);
#9891 = AXIS2_PLACEMENT_3D('',#9892,#9893,#9894);
#9892 = CARTESIAN_POINT('',(-14.,37.1,14.7));
#9893 = DIRECTION('',(-0.707106781187,0.,0.707106781187));
#9894 = DIRECTION('',(0.707106781187,0.,0.707106781187));
#9895 = PCURVE('',#6793,#9896);
#9896 = DEFINITIONAL_REPRESENTATION('',(#9897),#9906);
#9897 = B_SPLINE_CURVE_WITH_KNOTS('',7,(#9898,#9899,#9900,#9901,#9902,
    #9903,#9904,#9905),.UNSPECIFIED.,.F.,.F.,(8,8),(4.712388980385,
    6.28318530718),.PIECEWISE_BEZIER_KNOTS.);
#9898 = CARTESIAN_POINT('',(-1.570796326795,18.2));
#9899 = CARTESIAN_POINT('',(-1.346396851538,18.536599212885));
#9900 = CARTESIAN_POINT('',(-1.121997376282,18.873197058978));
#9901 = CARTESIAN_POINT('',(-0.897597901026,19.182120238658));
#9902 = CARTESIAN_POINT('',(-0.673198425769,19.435643756944));
#9903 = CARTESIAN_POINT('',(-0.448798950513,19.611876991085));
#9904 = CARTESIAN_POINT('',(-0.224399475256,19.7));
#9905 = CARTESIAN_POINT('',(0.,19.7));
#9906 = ( GEOMETRIC_REPRESENTATION_CONTEXT(2) 
PARAMETRIC_REPRESENTATION_CONTEXT() REPRESENTATION_CONTEXT('2D SPACE',''
  ) );
#9907 = PCURVE('',#6898,#9908);
#9908 = DEFINITIONAL_REPRESENTATION('',(#9909),#9918);
#9909 = B_SPLINE_CURVE_WITH_KNOTS('',7,(#9910,#9911,#9912,#9913,#9914,
    #9915,#9916,#9917),.UNSPECIFIED.,.F.,.F.,(8,8),(4.712388980385,
    6.28318530718),.PIECEWISE_BEZIER_KNOTS.);
#9910 = CARTESIAN_POINT('',(0.,50.));
#9911 = CARTESIAN_POINT('',(-0.224399475256,50.336599212885));
#9912 = CARTESIAN_POINT('',(-0.448798950513,50.673197058977));
#9913 = CARTESIAN_POINT('',(-0.67319842577,50.982120238652));
#9914 = CARTESIAN_POINT('',(-0.897597901025,51.235643756954));
#9915 = CARTESIAN_POINT('',(-1.121997376282,51.411876991084));
#9916 = CARTESIAN_POINT('',(-1.346396851538,51.5));
#9917 = CARTESIAN_POINT('',(-1.570796326795,51.5));
#9918 = ( GEOMETRIC_REPRESENTATION_CONTEXT(2) 
PARAMETRIC_REPRESENTATION_CONTEXT() REPRESENTATION_CONTEXT('2D SPACE',''
  ) );
#9919 = ORIENTED_EDGE('',*,*,#9920,.T.);
#9920 = EDGE_CURVE('',#9887,#9921,#9923,.T.);
#9921 = VERTEX_POINT('',#9922);
#9922 = CARTESIAN_POINT('',(-14.,35.6,29.4));
#9923 = SURFACE_CURVE('',#9924,(#9928,#9935),.PCURVE_S1.);
#9924 = LINE('',#9925,#9926);
#9925 = CARTESIAN_POINT('',(-14.,35.6,-3.5));
#9926 = VECTOR('',#9927,1.);
#9927 = DIRECTION('',(0.,0.,1.));
#9928 = PCURVE('',#6793,#9929);
#9929 = DEFINITIONAL_REPRESENTATION('',(#9930),#9934);
#9930 = LINE('',#9931,#9932);
#9931 = CARTESIAN_POINT('',(-1.570796326795,0.));
#9932 = VECTOR('',#9933,1.);
#9933 = DIRECTION('',(-0.,1.));
#9934 = ( GEOMETRIC_REPRESENTATION_CONTEXT(2) 
PARAMETRIC_REPRESENTATION_CONTEXT() REPRESENTATION_CONTEXT('2D SPACE',''
  ) );
#9935 = PCURVE('',#9466,#9936);
#9936 = DEFINITIONAL_REPRESENTATION('',(#9937),#9941);
#9937 = LINE('',#9938,#9939);
#9938 = CARTESIAN_POINT('',(0.,5.5));
#9939 = VECTOR('',#9940,1.);
#9940 = DIRECTION('',(1.,0.));
#9941 = ( GEOMETRIC_REPRESENTATION_CONTEXT(2) 
PARAMETRIC_REPRESENTATION_CONTEXT() REPRESENTATION_CONTEXT('2D SPACE',''
  ) );
#9942 = ORIENTED_EDGE('',*,*,#9943,.F.);
#9943 = EDGE_CURVE('',#6778,#9921,#9944,.T.);
#9944 = SURFACE_CURVE('',#9945,(#9950,#9957),.PCURVE_S1.);
#9945 = CIRCLE('',#9946,1.5);
#9946 = AXIS2_PLACEMENT_3D('',#9947,#9948,#9949);
#9947 = CARTESIAN_POINT('',(-14.,37.1,29.4));
#9948 = DIRECTION('',(0.,0.,-1.));
#9949 = DIRECTION('',(1.,0.,0.));
#9950 = PCURVE('',#6793,#9951);
#9951 = DEFINITIONAL_REPRESENTATION('',(#9952),#9956);
#9952 = LINE('',#9953,#9954);
#9953 = CARTESIAN_POINT('',(-0.,32.9));
#9954 = VECTOR('',#9955,1.);
#9955 = DIRECTION('',(-1.,0.));
#9956 = ( GEOMETRIC_REPRESENTATION_CONTEXT(2) 
PARAMETRIC_REPRESENTATION_CONTEXT() REPRESENTATION_CONTEXT('2D SPACE',''
  ) );
#9957 = PCURVE('',#9868,#9958);
#9958 = DEFINITIONAL_REPRESENTATION('',(#9959),#9963);
#9959 = LINE('',#9960,#9961);
#9960 = CARTESIAN_POINT('',(0.,0.));
#9961 = VECTOR('',#9962,1.);
#9962 = DIRECTION('',(1.,0.));
#9963 = ( GEOMETRIC_REPRESENTATION_CONTEXT(2) 
PARAMETRIC_REPRESENTATION_CONTEXT() REPRESENTATION_CONTEXT('2D SPACE',''
  ) );
#9964 = ADVANCED_FACE('',(#9965),#6866,.T.);
#9965 = FACE_BOUND('',#9966,.F.);
#9966 = EDGE_LOOP('',(#9967,#9992,#9993,#9994));
#9967 = ORIENTED_EDGE('',*,*,#9968,.F.);
#9968 = EDGE_CURVE('',#6883,#6938,#9969,.T.);
#9969 = SURFACE_CURVE('',#9970,(#9975,#9981),.PCURVE_S1.);
#9970 = CIRCLE('',#9971,1.5);
#9971 = AXIS2_PLACEMENT_3D('',#9972,#9973,#9974);
#9972 = CARTESIAN_POINT('',(30.5,37.1,14.7));
#9973 = DIRECTION('',(-0.,1.,0.));
#9974 = DIRECTION('',(1.,0.,0.));
#9975 = PCURVE('',#6866,#9976);
#9976 = DEFINITIONAL_REPRESENTATION('',(#9977),#9980);
#9977 = B_SPLINE_CURVE_WITH_KNOTS('',1,(#9978,#9979),.UNSPECIFIED.,.F.,
  .F.,(2,2),(4.712388980385,6.28318530718),.PIECEWISE_BEZIER_KNOTS.);
#9978 = CARTESIAN_POINT('',(-1.570796326795,1.5));
#9979 = CARTESIAN_POINT('',(0.,1.5));
#9980 = ( GEOMETRIC_REPRESENTATION_CONTEXT(2) 
PARAMETRIC_REPRESENTATION_CONTEXT() REPRESENTATION_CONTEXT('2D SPACE',''
  ) );
#9981 = PCURVE('',#9982,#9987);
#9982 = SPHERICAL_SURFACE('',#9983,1.5);
#9983 = AXIS2_PLACEMENT_3D('',#9984,#9985,#9986);
#9984 = CARTESIAN_POINT('',(30.5,37.1,14.7));
#9985 = DIRECTION('',(-0.,-0.,-1.));
#9986 = DIRECTION('',(1.,0.,0.));
#9987 = DEFINITIONAL_REPRESENTATION('',(#9988),#9991);
#9988 = B_SPLINE_CURVE_WITH_KNOTS('',1,(#9989,#9990),.UNSPECIFIED.,.F.,
  .F.,(2,2),(4.712388980385,6.28318530718),.PIECEWISE_BEZIER_KNOTS.);
#9989 = CARTESIAN_POINT('',(0.,-1.570796326795));
#9990 = CARTESIAN_POINT('',(0.,0.));
#9991 = ( GEOMETRIC_REPRESENTATION_CONTEXT(2) 
PARAMETRIC_REPRESENTATION_CONTEXT() REPRESENTATION_CONTEXT('2D SPACE',''
  ) );
#9992 = ORIENTED_EDGE('',*,*,#6910,.T.);
#9993 = ORIENTED_EDGE('',*,*,#6851,.F.);
#9994 = ORIENTED_EDGE('',*,*,#6992,.F.);
#9995 = ADVANCED_FACE('',(#9996),#6898,.T.);
#9996 = FACE_BOUND('',#9997,.F.);
#9997 = EDGE_LOOP('',(#9998,#9999,#10000,#10022));
#9998 = ORIENTED_EDGE('',*,*,#9886,.T.);
#9999 = ORIENTED_EDGE('',*,*,#6882,.T.);
#10000 = ORIENTED_EDGE('',*,*,#10001,.T.);
#10001 = EDGE_CURVE('',#6883,#10002,#10004,.T.);
#10002 = VERTEX_POINT('',#10003);
#10003 = CARTESIAN_POINT('',(30.5,35.6,14.7));
#10004 = SURFACE_CURVE('',#10005,(#10010,#10016),.PCURVE_S1.);
#10005 = CIRCLE('',#10006,1.5);
#10006 = AXIS2_PLACEMENT_3D('',#10007,#10008,#10009);
#10007 = CARTESIAN_POINT('',(30.5,37.1,14.7));
#10008 = DIRECTION('',(1.,6.123233995737E-17,0.));
#10009 = DIRECTION('',(6.123233995737E-17,-1.,0.));
#10010 = PCURVE('',#6898,#10011);
#10011 = DEFINITIONAL_REPRESENTATION('',(#10012),#10015);
#10012 = B_SPLINE_CURVE_WITH_KNOTS('',1,(#10013,#10014),.UNSPECIFIED.,
  .F.,.F.,(2,2),(4.712388980385,6.28318530718),
  .PIECEWISE_BEZIER_KNOTS.);
#10013 = CARTESIAN_POINT('',(-1.570796326795,94.5));
#10014 = CARTESIAN_POINT('',(0.,94.5));
#10015 = ( GEOMETRIC_REPRESENTATION_CONTEXT(2) 
PARAMETRIC_REPRESENTATION_CONTEXT() REPRESENTATION_CONTEXT('2D SPACE',''
  ) );
#10016 = PCURVE('',#9982,#10017);
#10017 = DEFINITIONAL_REPRESENTATION('',(#10018),#10021);
#10018 = B_SPLINE_CURVE_WITH_KNOTS('',1,(#10019,#10020),.UNSPECIFIED.,
  .F.,.F.,(2,2),(4.712388980385,6.28318530718),
  .PIECEWISE_BEZIER_KNOTS.);
#10019 = CARTESIAN_POINT('',(1.570796326795,-1.570796326795));
#10020 = CARTESIAN_POINT('',(1.570796326795,0.));
#10021 = ( GEOMETRIC_REPRESENTATION_CONTEXT(2) 
PARAMETRIC_REPRESENTATION_CONTEXT() REPRESENTATION_CONTEXT('2D SPACE',''
  ) );
#10022 = ORIENTED_EDGE('',*,*,#10023,.F.);
#10023 = EDGE_CURVE('',#9887,#10002,#10024,.T.);
#10024 = SURFACE_CURVE('',#10025,(#10029,#10036),.PCURVE_S1.);
#10025 = LINE('',#10026,#10027);
#10026 = CARTESIAN_POINT('',(-64.,35.6,14.7));
#10027 = VECTOR('',#10028,1.);
#10028 = DIRECTION('',(1.,0.,-0.));
#10029 = PCURVE('',#6898,#10030);
#10030 = DEFINITIONAL_REPRESENTATION('',(#10031),#10035);
#10031 = LINE('',#10032,#10033);
#10032 = CARTESIAN_POINT('',(-0.,0.));
#10033 = VECTOR('',#10034,1.);
#10034 = DIRECTION('',(-0.,1.));
#10035 = ( GEOMETRIC_REPRESENTATION_CONTEXT(2) 
PARAMETRIC_REPRESENTATION_CONTEXT() REPRESENTATION_CONTEXT('2D SPACE',''
  ) );
#10036 = PCURVE('',#9466,#10037);
#10037 = DEFINITIONAL_REPRESENTATION('',(#10038),#10042);
#10038 = LINE('',#10039,#10040);
#10039 = CARTESIAN_POINT('',(18.2,-44.5));
#10040 = VECTOR('',#10041,1.);
#10041 = DIRECTION('',(0.,1.));
#10042 = ( GEOMETRIC_REPRESENTATION_CONTEXT(2) 
PARAMETRIC_REPRESENTATION_CONTEXT() REPRESENTATION_CONTEXT('2D SPACE',''
  ) );
#10043 = ADVANCED_FACE('',(#10044),#6953,.T.);
#10044 = FACE_BOUND('',#10045,.F.);
#10045 = EDGE_LOOP('',(#10046,#10047,#10076,#10097));
#10046 = ORIENTED_EDGE('',*,*,#6935,.F.);
#10047 = ORIENTED_EDGE('',*,*,#10048,.T.);
#10048 = EDGE_CURVE('',#6936,#10049,#10051,.T.);
#10049 = VERTEX_POINT('',#10050);
#10050 = CARTESIAN_POINT('',(30.5,35.6,12.7));
#10051 = SURFACE_CURVE('',#10052,(#10057,#10064),.PCURVE_S1.);
#10052 = CIRCLE('',#10053,1.5);
#10053 = AXIS2_PLACEMENT_3D('',#10054,#10055,#10056);
#10054 = CARTESIAN_POINT('',(30.5,37.1,12.7));
#10055 = DIRECTION('',(0.,-0.,-1.));
#10056 = DIRECTION('',(1.,0.,-0.));
#10057 = PCURVE('',#6953,#10058);
#10058 = DEFINITIONAL_REPRESENTATION('',(#10059),#10063);
#10059 = LINE('',#10060,#10061);
#10060 = CARTESIAN_POINT('',(-0.,1.5));
#10061 = VECTOR('',#10062,1.);
#10062 = DIRECTION('',(-1.,0.));
#10063 = ( GEOMETRIC_REPRESENTATION_CONTEXT(2) 
PARAMETRIC_REPRESENTATION_CONTEXT() REPRESENTATION_CONTEXT('2D SPACE',''
  ) );
#10064 = PCURVE('',#10065,#10070);
#10065 = SPHERICAL_SURFACE('',#10066,1.5);
#10066 = AXIS2_PLACEMENT_3D('',#10067,#10068,#10069);
#10067 = CARTESIAN_POINT('',(30.5,37.1,12.7));
#10068 = DIRECTION('',(0.,0.,1.));
#10069 = DIRECTION('',(1.,0.,-0.));
#10070 = DEFINITIONAL_REPRESENTATION('',(#10071),#10075);
#10071 = LINE('',#10072,#10073);
#10072 = CARTESIAN_POINT('',(-0.,0.));
#10073 = VECTOR('',#10074,1.);
#10074 = DIRECTION('',(-1.,0.));
#10075 = ( GEOMETRIC_REPRESENTATION_CONTEXT(2) 
PARAMETRIC_REPRESENTATION_CONTEXT() REPRESENTATION_CONTEXT('2D SPACE',''
  ) );
#10076 = ORIENTED_EDGE('',*,*,#10077,.T.);
#10077 = EDGE_CURVE('',#10049,#10002,#10078,.T.);
#10078 = SURFACE_CURVE('',#10079,(#10083,#10090),.PCURVE_S1.);
#10079 = LINE('',#10080,#10081);
#10080 = CARTESIAN_POINT('',(30.5,35.6,11.2));
#10081 = VECTOR('',#10082,1.);
#10082 = DIRECTION('',(0.,0.,1.));
#10083 = PCURVE('',#6953,#10084);
#10084 = DEFINITIONAL_REPRESENTATION('',(#10085),#10089);
#10085 = LINE('',#10086,#10087);
#10086 = CARTESIAN_POINT('',(-1.570796326795,0.));
#10087 = VECTOR('',#10088,1.);
#10088 = DIRECTION('',(-0.,1.));
#10089 = ( GEOMETRIC_REPRESENTATION_CONTEXT(2) 
PARAMETRIC_REPRESENTATION_CONTEXT() REPRESENTATION_CONTEXT('2D SPACE',''
  ) );
#10090 = PCURVE('',#9466,#10091);
#10091 = DEFINITIONAL_REPRESENTATION('',(#10092),#10096);
#10092 = LINE('',#10093,#10094);
#10093 = CARTESIAN_POINT('',(14.7,50.));
#10094 = VECTOR('',#10095,1.);
#10095 = DIRECTION('',(1.,0.));
#10096 = ( GEOMETRIC_REPRESENTATION_CONTEXT(2) 
PARAMETRIC_REPRESENTATION_CONTEXT() REPRESENTATION_CONTEXT('2D SPACE',''
  ) );
#10097 = ORIENTED_EDGE('',*,*,#10098,.F.);
#10098 = EDGE_CURVE('',#6938,#10002,#10099,.T.);
#10099 = SURFACE_CURVE('',#10100,(#10105,#10112),.PCURVE_S1.);
#10100 = CIRCLE('',#10101,1.5);
#10101 = AXIS2_PLACEMENT_3D('',#10102,#10103,#10104);
#10102 = CARTESIAN_POINT('',(30.5,37.1,14.7));
#10103 = DIRECTION('',(0.,0.,-1.));
#10104 = DIRECTION('',(1.,0.,0.));
#10105 = PCURVE('',#6953,#10106);
#10106 = DEFINITIONAL_REPRESENTATION('',(#10107),#10111);
#10107 = LINE('',#10108,#10109);
#10108 = CARTESIAN_POINT('',(-0.,3.5));
#10109 = VECTOR('',#10110,1.);
#10110 = DIRECTION('',(-1.,0.));
#10111 = ( GEOMETRIC_REPRESENTATION_CONTEXT(2) 
PARAMETRIC_REPRESENTATION_CONTEXT() REPRESENTATION_CONTEXT('2D SPACE',''
  ) );
#10112 = PCURVE('',#9982,#10113);
#10113 = DEFINITIONAL_REPRESENTATION('',(#10114),#10118);
#10114 = LINE('',#10115,#10116);
#10115 = CARTESIAN_POINT('',(0.,0.));
#10116 = VECTOR('',#10117,1.);
#10117 = DIRECTION('',(1.,0.));
#10118 = ( GEOMETRIC_REPRESENTATION_CONTEXT(2) 
PARAMETRIC_REPRESENTATION_CONTEXT() REPRESENTATION_CONTEXT('2D SPACE',''
  ) );
#10119 = ADVANCED_FACE('',(#10120),#6979,.T.);
#10120 = FACE_BOUND('',#10121,.T.);
#10121 = EDGE_LOOP('',(#10122,#10142,#10143,#10144));
#10122 = ORIENTED_EDGE('',*,*,#10123,.F.);
#10123 = EDGE_CURVE('',#7063,#6936,#10124,.T.);
#10124 = SURFACE_CURVE('',#10125,(#10130,#10136),.PCURVE_S1.);
#10125 = CIRCLE('',#10126,1.5);
#10126 = AXIS2_PLACEMENT_3D('',#10127,#10128,#10129);
#10127 = CARTESIAN_POINT('',(30.5,37.1,12.7));
#10128 = DIRECTION('',(0.,-1.,0.));
#10129 = DIRECTION('',(1.,0.,0.));
#10130 = PCURVE('',#6979,#10131);
#10131 = DEFINITIONAL_REPRESENTATION('',(#10132),#10135);
#10132 = B_SPLINE_CURVE_WITH_KNOTS('',1,(#10133,#10134),.UNSPECIFIED.,
  .F.,.F.,(2,2),(4.712388980385,6.28318530718),
  .PIECEWISE_BEZIER_KNOTS.);
#10133 = CARTESIAN_POINT('',(1.570796326795,1.5));
#10134 = CARTESIAN_POINT('',(0.,1.5));
#10135 = ( GEOMETRIC_REPRESENTATION_CONTEXT(2) 
PARAMETRIC_REPRESENTATION_CONTEXT() REPRESENTATION_CONTEXT('2D SPACE',''
  ) );
#10136 = PCURVE('',#10065,#10137);
#10137 = DEFINITIONAL_REPRESENTATION('',(#10138),#10141);
#10138 = B_SPLINE_CURVE_WITH_KNOTS('',1,(#10139,#10140),.UNSPECIFIED.,
  .F.,.F.,(2,2),(4.712388980385,6.28318530718),
  .PIECEWISE_BEZIER_KNOTS.);
#10139 = CARTESIAN_POINT('',(0.,-1.570796326795));
#10140 = CARTESIAN_POINT('',(0.,0.));
#10141 = ( GEOMETRIC_REPRESENTATION_CONTEXT(2) 
PARAMETRIC_REPRESENTATION_CONTEXT() REPRESENTATION_CONTEXT('2D SPACE',''
  ) );
#10142 = ORIENTED_EDGE('',*,*,#7090,.T.);
#10143 = ORIENTED_EDGE('',*,*,#7016,.T.);
#10144 = ORIENTED_EDGE('',*,*,#6965,.F.);
#10145 = ADVANCED_FACE('',(#10146),#7078,.T.);
#10146 = FACE_BOUND('',#10147,.T.);
#10147 = EDGE_LOOP('',(#10148,#10182,#10183,#10203));
#10148 = ORIENTED_EDGE('',*,*,#10149,.T.);
#10149 = EDGE_CURVE('',#10150,#7042,#10152,.T.);
#10150 = VERTEX_POINT('',#10151);
#10151 = CARTESIAN_POINT('',(-14.,35.6,12.7));
#10152 = SURFACE_CURVE('',#10153,(#10158,#10170),.PCURVE_S1.);
#10153 = ELLIPSE('',#10154,2.12132034356,1.5);
#10154 = AXIS2_PLACEMENT_3D('',#10155,#10156,#10157);
#10155 = CARTESIAN_POINT('',(-14.,37.1,12.7));
#10156 = DIRECTION('',(0.707106781187,0.,0.707106781187));
#10157 = DIRECTION('',(-0.707106781187,0.,0.707106781187));
#10158 = PCURVE('',#7078,#10159);
#10159 = DEFINITIONAL_REPRESENTATION('',(#10160),#10169);
#10160 = B_SPLINE_CURVE_WITH_KNOTS('',7,(#10161,#10162,#10163,#10164,
    #10165,#10166,#10167,#10168),.UNSPECIFIED.,.F.,.F.,(8,8),(
    1.570796326795,3.14159265359),.PIECEWISE_BEZIER_KNOTS.);
#10161 = CARTESIAN_POINT('',(0.,50.));
#10162 = CARTESIAN_POINT('',(0.224399475256,50.336599212885));
#10163 = CARTESIAN_POINT('',(0.448798950513,50.673197058977));
#10164 = CARTESIAN_POINT('',(0.673198425769,50.982120238652));
#10165 = CARTESIAN_POINT('',(0.897597901026,51.235643756954));
#10166 = CARTESIAN_POINT('',(1.121997376282,51.411876991084));
#10167 = CARTESIAN_POINT('',(1.346396851538,51.5));
#10168 = CARTESIAN_POINT('',(1.570796326795,51.5));
#10169 = ( GEOMETRIC_REPRESENTATION_CONTEXT(2) 
PARAMETRIC_REPRESENTATION_CONTEXT() REPRESENTATION_CONTEXT('2D SPACE',''
  ) );
#10170 = PCURVE('',#7131,#10171);
#10171 = DEFINITIONAL_REPRESENTATION('',(#10172),#10181);
#10172 = B_SPLINE_CURVE_WITH_KNOTS('',7,(#10173,#10174,#10175,#10176,
    #10177,#10178,#10179,#10180),.UNSPECIFIED.,.F.,.F.,(8,8),(
    1.570796326795,3.14159265359),.PIECEWISE_BEZIER_KNOTS.);
#10173 = CARTESIAN_POINT('',(-1.570796326795,16.2));
#10174 = CARTESIAN_POINT('',(-1.346396851538,15.863400787115));
#10175 = CARTESIAN_POINT('',(-1.121997376282,15.526802941019));
#10176 = CARTESIAN_POINT('',(-0.897597901026,15.217879761347));
#10177 = CARTESIAN_POINT('',(-0.673198425769,14.964356243059));
#10178 = CARTESIAN_POINT('',(-0.448798950513,14.788123008917));
#10179 = CARTESIAN_POINT('',(-0.224399475256,14.7));
#10180 = CARTESIAN_POINT('',(0.,14.7));
#10181 = ( GEOMETRIC_REPRESENTATION_CONTEXT(2) 
PARAMETRIC_REPRESENTATION_CONTEXT() REPRESENTATION_CONTEXT('2D SPACE',''
  ) );
#10182 = ORIENTED_EDGE('',*,*,#7062,.T.);
#10183 = ORIENTED_EDGE('',*,*,#10184,.T.);
#10184 = EDGE_CURVE('',#7063,#10049,#10185,.T.);
#10185 = SURFACE_CURVE('',#10186,(#10191,#10197),.PCURVE_S1.);
#10186 = CIRCLE('',#10187,1.5);
#10187 = AXIS2_PLACEMENT_3D('',#10188,#10189,#10190);
#10188 = CARTESIAN_POINT('',(30.5,37.1,12.7));
#10189 = DIRECTION('',(-1.,-6.123233995737E-17,0.));
#10190 = DIRECTION('',(6.123233995737E-17,-1.,-0.));
#10191 = PCURVE('',#7078,#10192);
#10192 = DEFINITIONAL_REPRESENTATION('',(#10193),#10196);
#10193 = B_SPLINE_CURVE_WITH_KNOTS('',1,(#10194,#10195),.UNSPECIFIED.,
  .F.,.F.,(2,2),(4.712388980385,6.28318530718),
  .PIECEWISE_BEZIER_KNOTS.);
#10194 = CARTESIAN_POINT('',(1.570796326795,94.5));
#10195 = CARTESIAN_POINT('',(0.,94.5));
#10196 = ( GEOMETRIC_REPRESENTATION_CONTEXT(2) 
PARAMETRIC_REPRESENTATION_CONTEXT() REPRESENTATION_CONTEXT('2D SPACE',''
  ) );
#10197 = PCURVE('',#10065,#10198);
#10198 = DEFINITIONAL_REPRESENTATION('',(#10199),#10202);
#10199 = B_SPLINE_CURVE_WITH_KNOTS('',1,(#10200,#10201),.UNSPECIFIED.,
  .F.,.F.,(2,2),(4.712388980385,6.28318530718),
  .PIECEWISE_BEZIER_KNOTS.);
#10200 = CARTESIAN_POINT('',(-1.570796326795,-1.570796326795));
#10201 = CARTESIAN_POINT('',(-1.570796326795,0.));
#10202 = ( GEOMETRIC_REPRESENTATION_CONTEXT(2) 
PARAMETRIC_REPRESENTATION_CONTEXT() REPRESENTATION_CONTEXT('2D SPACE',''
  ) );
#10203 = ORIENTED_EDGE('',*,*,#10204,.F.);
#10204 = EDGE_CURVE('',#10150,#10049,#10205,.T.);
#10205 = SURFACE_CURVE('',#10206,(#10210,#10217),.PCURVE_S1.);
#10206 = LINE('',#10207,#10208);
#10207 = CARTESIAN_POINT('',(-64.,35.6,12.7));
#10208 = VECTOR('',#10209,1.);
#10209 = DIRECTION('',(1.,0.,-0.));
#10210 = PCURVE('',#7078,#10211);
#10211 = DEFINITIONAL_REPRESENTATION('',(#10212),#10216);
#10212 = LINE('',#10213,#10214);
#10213 = CARTESIAN_POINT('',(0.,0.));
#10214 = VECTOR('',#10215,1.);
#10215 = DIRECTION('',(0.,1.));
#10216 = ( GEOMETRIC_REPRESENTATION_CONTEXT(2) 
PARAMETRIC_REPRESENTATION_CONTEXT() REPRESENTATION_CONTEXT('2D SPACE',''
  ) );
#10217 = PCURVE('',#9466,#10218);
#10218 = DEFINITIONAL_REPRESENTATION('',(#10219),#10223);
#10219 = LINE('',#10220,#10221);
#10220 = CARTESIAN_POINT('',(16.2,-44.5));
#10221 = VECTOR('',#10222,1.);
#10222 = DIRECTION('',(0.,1.));
#10223 = ( GEOMETRIC_REPRESENTATION_CONTEXT(2) 
PARAMETRIC_REPRESENTATION_CONTEXT() REPRESENTATION_CONTEXT('2D SPACE',''
  ) );
#10224 = ADVANCED_FACE('',(#10225),#7131,.T.);
#10225 = FACE_BOUND('',#10226,.F.);
#10226 = EDGE_LOOP('',(#10227,#10228,#10252,#10273));
#10227 = ORIENTED_EDGE('',*,*,#7115,.F.);
#10228 = ORIENTED_EDGE('',*,*,#10229,.T.);
#10229 = EDGE_CURVE('',#7116,#10230,#10232,.T.);
#10230 = VERTEX_POINT('',#10231);
#10231 = CARTESIAN_POINT('',(-14.,35.6,-2.));
#10232 = SURFACE_CURVE('',#10233,(#10238,#10245),.PCURVE_S1.);
#10233 = CIRCLE('',#10234,1.5);
#10234 = AXIS2_PLACEMENT_3D('',#10235,#10236,#10237);
#10235 = CARTESIAN_POINT('',(-14.,37.1,-2.));
#10236 = DIRECTION('',(0.,-0.,-1.));
#10237 = DIRECTION('',(1.,0.,-0.));
#10238 = PCURVE('',#7131,#10239);
#10239 = DEFINITIONAL_REPRESENTATION('',(#10240),#10244);
#10240 = LINE('',#10241,#10242);
#10241 = CARTESIAN_POINT('',(-0.,1.5));
#10242 = VECTOR('',#10243,1.);
#10243 = DIRECTION('',(-1.,0.));
#10244 = ( GEOMETRIC_REPRESENTATION_CONTEXT(2) 
PARAMETRIC_REPRESENTATION_CONTEXT() REPRESENTATION_CONTEXT('2D SPACE',''
  ) );
#10245 = PCURVE('',#8310,#10246);
#10246 = DEFINITIONAL_REPRESENTATION('',(#10247),#10251);
#10247 = LINE('',#10248,#10249);
#10248 = CARTESIAN_POINT('',(-0.,0.));
#10249 = VECTOR('',#10250,1.);
#10250 = DIRECTION('',(-1.,0.));
#10251 = ( GEOMETRIC_REPRESENTATION_CONTEXT(2) 
PARAMETRIC_REPRESENTATION_CONTEXT() REPRESENTATION_CONTEXT('2D SPACE',''
  ) );
#10252 = ORIENTED_EDGE('',*,*,#10253,.T.);
#10253 = EDGE_CURVE('',#10230,#10150,#10254,.T.);
#10254 = SURFACE_CURVE('',#10255,(#10259,#10266),.PCURVE_S1.);
#10255 = LINE('',#10256,#10257);
#10256 = CARTESIAN_POINT('',(-14.,35.6,-3.5));
#10257 = VECTOR('',#10258,1.);
#10258 = DIRECTION('',(0.,0.,1.));
#10259 = PCURVE('',#7131,#10260);
#10260 = DEFINITIONAL_REPRESENTATION('',(#10261),#10265);
#10261 = LINE('',#10262,#10263);
#10262 = CARTESIAN_POINT('',(-1.570796326795,0.));
#10263 = VECTOR('',#10264,1.);
#10264 = DIRECTION('',(-0.,1.));
#10265 = ( GEOMETRIC_REPRESENTATION_CONTEXT(2) 
PARAMETRIC_REPRESENTATION_CONTEXT() REPRESENTATION_CONTEXT('2D SPACE',''
  ) );
#10266 = PCURVE('',#9466,#10267);
#10267 = DEFINITIONAL_REPRESENTATION('',(#10268),#10272);
#10268 = LINE('',#10269,#10270);
#10269 = CARTESIAN_POINT('',(0.,5.5));
#10270 = VECTOR('',#10271,1.);
#10271 = DIRECTION('',(1.,0.));
#10272 = ( GEOMETRIC_REPRESENTATION_CONTEXT(2) 
PARAMETRIC_REPRESENTATION_CONTEXT() REPRESENTATION_CONTEXT('2D SPACE',''
  ) );
#10273 = ORIENTED_EDGE('',*,*,#10149,.T.);
#10274 = ADVANCED_FACE('',(#10275),#7187,.T.);
#10275 = FACE_BOUND('',#10276,.T.);
#10276 = EDGE_LOOP('',(#10277,#10278,#10302,#10330));
#10277 = ORIENTED_EDGE('',*,*,#7169,.F.);
#10278 = ORIENTED_EDGE('',*,*,#10279,.T.);
#10279 = EDGE_CURVE('',#7170,#10280,#10282,.T.);
#10280 = VERTEX_POINT('',#10281);
#10281 = CARTESIAN_POINT('',(-65.5,35.6,31.9));
#10282 = SURFACE_CURVE('',#10283,(#10288,#10295),.PCURVE_S1.);
#10283 = CIRCLE('',#10284,1.5);
#10284 = AXIS2_PLACEMENT_3D('',#10285,#10286,#10287);
#10285 = CARTESIAN_POINT('',(-65.5,37.1,31.9));
#10286 = DIRECTION('',(0.,0.,1.));
#10287 = DIRECTION('',(-1.,0.,0.));
#10288 = PCURVE('',#7187,#10289);
#10289 = DEFINITIONAL_REPRESENTATION('',(#10290),#10294);
#10290 = LINE('',#10291,#10292);
#10291 = CARTESIAN_POINT('',(0.,1.5));
#10292 = VECTOR('',#10293,1.);
#10293 = DIRECTION('',(1.,0.));
#10294 = ( GEOMETRIC_REPRESENTATION_CONTEXT(2) 
PARAMETRIC_REPRESENTATION_CONTEXT() REPRESENTATION_CONTEXT('2D SPACE',''
  ) );
#10295 = PCURVE('',#9129,#10296);
#10296 = DEFINITIONAL_REPRESENTATION('',(#10297),#10301);
#10297 = LINE('',#10298,#10299);
#10298 = CARTESIAN_POINT('',(0.,0.));
#10299 = VECTOR('',#10300,1.);
#10300 = DIRECTION('',(1.,0.));
#10301 = ( GEOMETRIC_REPRESENTATION_CONTEXT(2) 
PARAMETRIC_REPRESENTATION_CONTEXT() REPRESENTATION_CONTEXT('2D SPACE',''
  ) );
#10302 = ORIENTED_EDGE('',*,*,#10303,.T.);
#10303 = EDGE_CURVE('',#10280,#10304,#10306,.T.);
#10304 = VERTEX_POINT('',#10305);
#10305 = CARTESIAN_POINT('',(-65.5,35.6,32.9));
#10306 = SURFACE_CURVE('',#10307,(#10311,#10318),.PCURVE_S1.);
#10307 = LINE('',#10308,#10309);
#10308 = CARTESIAN_POINT('',(-65.5,35.6,30.4));
#10309 = VECTOR('',#10310,1.);
#10310 = DIRECTION('',(0.,0.,1.));
#10311 = PCURVE('',#7187,#10312);
#10312 = DEFINITIONAL_REPRESENTATION('',(#10313),#10317);
#10313 = LINE('',#10314,#10315);
#10314 = CARTESIAN_POINT('',(1.570796326795,0.));
#10315 = VECTOR('',#10316,1.);
#10316 = DIRECTION('',(0.,1.));
#10317 = ( GEOMETRIC_REPRESENTATION_CONTEXT(2) 
PARAMETRIC_REPRESENTATION_CONTEXT() REPRESENTATION_CONTEXT('2D SPACE',''
  ) );
#10318 = PCURVE('',#10319,#10324);
#10319 = PLANE('',#10320);
#10320 = AXIS2_PLACEMENT_3D('',#10321,#10322,#10323);
#10321 = CARTESIAN_POINT('',(-67.,35.6,30.4));
#10322 = DIRECTION('',(-0.,1.,0.));
#10323 = DIRECTION('',(0.,0.,1.));
#10324 = DEFINITIONAL_REPRESENTATION('',(#10325),#10329);
#10325 = LINE('',#10326,#10327);
#10326 = CARTESIAN_POINT('',(0.,1.5));
#10327 = VECTOR('',#10328,1.);
#10328 = DIRECTION('',(1.,0.));
#10329 = ( GEOMETRIC_REPRESENTATION_CONTEXT(2) 
PARAMETRIC_REPRESENTATION_CONTEXT() REPRESENTATION_CONTEXT('2D SPACE',''
  ) );
#10330 = ORIENTED_EDGE('',*,*,#10331,.F.);
#10331 = EDGE_CURVE('',#7172,#10304,#10332,.T.);
#10332 = SURFACE_CURVE('',#10333,(#10338,#10345),.PCURVE_S1.);
#10333 = CIRCLE('',#10334,1.5);
#10334 = AXIS2_PLACEMENT_3D('',#10335,#10336,#10337);
#10335 = CARTESIAN_POINT('',(-65.5,37.1,32.9));
#10336 = DIRECTION('',(0.,0.,1.));
#10337 = DIRECTION('',(-1.,0.,0.));
#10338 = PCURVE('',#7187,#10339);
#10339 = DEFINITIONAL_REPRESENTATION('',(#10340),#10344);
#10340 = LINE('',#10341,#10342);
#10341 = CARTESIAN_POINT('',(0.,2.5));
#10342 = VECTOR('',#10343,1.);
#10343 = DIRECTION('',(1.,0.));
#10344 = ( GEOMETRIC_REPRESENTATION_CONTEXT(2) 
PARAMETRIC_REPRESENTATION_CONTEXT() REPRESENTATION_CONTEXT('2D SPACE',''
  ) );
#10345 = PCURVE('',#10346,#10351);
#10346 = SPHERICAL_SURFACE('',#10347,1.5);
#10347 = AXIS2_PLACEMENT_3D('',#10348,#10349,#10350);
#10348 = CARTESIAN_POINT('',(-65.5,37.1,32.9));
#10349 = DIRECTION('',(-0.,-0.,-1.));
#10350 = DIRECTION('',(-1.,0.,0.));
#10351 = DEFINITIONAL_REPRESENTATION('',(#10352),#10356);
#10352 = LINE('',#10353,#10354);
#10353 = CARTESIAN_POINT('',(-0.,0.));
#10354 = VECTOR('',#10355,1.);
#10355 = DIRECTION('',(-1.,0.));
#10356 = ( GEOMETRIC_REPRESENTATION_CONTEXT(2) 
PARAMETRIC_REPRESENTATION_CONTEXT() REPRESENTATION_CONTEXT('2D SPACE',''
  ) );
#10357 = ADVANCED_FACE('',(#10358),#7235,.T.);
#10358 = FACE_BOUND('',#10359,.T.);
#10359 = EDGE_LOOP('',(#10360,#10380,#10381,#10382));
#10360 = ORIENTED_EDGE('',*,*,#10361,.F.);
#10361 = EDGE_CURVE('',#7278,#7172,#10362,.T.);
#10362 = SURFACE_CURVE('',#10363,(#10368,#10374),.PCURVE_S1.);
#10363 = CIRCLE('',#10364,1.5);
#10364 = AXIS2_PLACEMENT_3D('',#10365,#10366,#10367);
#10365 = CARTESIAN_POINT('',(-65.5,37.1,32.9));
#10366 = DIRECTION('',(0.,-1.,0.));
#10367 = DIRECTION('',(-1.,0.,0.));
#10368 = PCURVE('',#7235,#10369);
#10369 = DEFINITIONAL_REPRESENTATION('',(#10370),#10373);
#10370 = B_SPLINE_CURVE_WITH_KNOTS('',1,(#10371,#10372),.UNSPECIFIED.,
  .F.,.F.,(2,2),(4.712388980385,6.28318530718),
  .PIECEWISE_BEZIER_KNOTS.);
#10371 = CARTESIAN_POINT('',(1.570796326795,1.5));
#10372 = CARTESIAN_POINT('',(0.,1.5));
#10373 = ( GEOMETRIC_REPRESENTATION_CONTEXT(2) 
PARAMETRIC_REPRESENTATION_CONTEXT() REPRESENTATION_CONTEXT('2D SPACE',''
  ) );
#10374 = PCURVE('',#10346,#10375);
#10375 = DEFINITIONAL_REPRESENTATION('',(#10376),#10379);
#10376 = B_SPLINE_CURVE_WITH_KNOTS('',1,(#10377,#10378),.UNSPECIFIED.,
  .F.,.F.,(2,2),(4.712388980385,6.28318530718),
  .PIECEWISE_BEZIER_KNOTS.);
#10377 = CARTESIAN_POINT('',(0.,-1.570796326795));
#10378 = CARTESIAN_POINT('',(0.,0.));
#10379 = ( GEOMETRIC_REPRESENTATION_CONTEXT(2) 
PARAMETRIC_REPRESENTATION_CONTEXT() REPRESENTATION_CONTEXT('2D SPACE',''
  ) );
#10380 = ORIENTED_EDGE('',*,*,#7277,.T.);
#10381 = ORIENTED_EDGE('',*,*,#7252,.F.);
#10382 = ORIENTED_EDGE('',*,*,#7221,.F.);
#10383 = ADVANCED_FACE('',(#10384),#7316,.T.);
#10384 = FACE_BOUND('',#10385,.F.);
#10385 = EDGE_LOOP('',(#10386,#10406,#10407,#10434));
#10386 = ORIENTED_EDGE('',*,*,#10387,.F.);
#10387 = EDGE_CURVE('',#7278,#10304,#10388,.T.);
#10388 = SURFACE_CURVE('',#10389,(#10394,#10400),.PCURVE_S1.);
#10389 = CIRCLE('',#10390,1.5);
#10390 = AXIS2_PLACEMENT_3D('',#10391,#10392,#10393);
#10391 = CARTESIAN_POINT('',(-65.5,37.1,32.9));
#10392 = DIRECTION('',(1.,-6.123233995737E-17,0.));
#10393 = DIRECTION('',(-6.123233995737E-17,-1.,0.));
#10394 = PCURVE('',#7316,#10395);
#10395 = DEFINITIONAL_REPRESENTATION('',(#10396),#10399);
#10396 = B_SPLINE_CURVE_WITH_KNOTS('',1,(#10397,#10398),.UNSPECIFIED.,
  .F.,.F.,(2,2),(4.712388980385,6.28318530718),
  .PIECEWISE_BEZIER_KNOTS.);
#10397 = CARTESIAN_POINT('',(-1.570796326795,1.5));
#10398 = CARTESIAN_POINT('',(0.,1.5));
#10399 = ( GEOMETRIC_REPRESENTATION_CONTEXT(2) 
PARAMETRIC_REPRESENTATION_CONTEXT() REPRESENTATION_CONTEXT('2D SPACE',''
  ) );
#10400 = PCURVE('',#10346,#10401);
#10401 = DEFINITIONAL_REPRESENTATION('',(#10402),#10405);
#10402 = B_SPLINE_CURVE_WITH_KNOTS('',1,(#10403,#10404),.UNSPECIFIED.,
  .F.,.F.,(2,2),(4.712388980385,6.28318530718),
  .PIECEWISE_BEZIER_KNOTS.);
#10403 = CARTESIAN_POINT('',(-1.570796326795,-1.570796326795));
#10404 = CARTESIAN_POINT('',(-1.570796326795,0.));
#10405 = ( GEOMETRIC_REPRESENTATION_CONTEXT(2) 
PARAMETRIC_REPRESENTATION_CONTEXT() REPRESENTATION_CONTEXT('2D SPACE',''
  ) );
#10406 = ORIENTED_EDGE('',*,*,#7300,.T.);
#10407 = ORIENTED_EDGE('',*,*,#10408,.T.);
#10408 = EDGE_CURVE('',#7301,#10409,#10411,.T.);
#10409 = VERTEX_POINT('',#10410);
#10410 = CARTESIAN_POINT('',(33.5,35.6,32.9));
#10411 = SURFACE_CURVE('',#10412,(#10417,#10423),.PCURVE_S1.);
#10412 = CIRCLE('',#10413,1.5);
#10413 = AXIS2_PLACEMENT_3D('',#10414,#10415,#10416);
#10414 = CARTESIAN_POINT('',(33.5,37.1,32.9));
#10415 = DIRECTION('',(1.,6.123233995737E-17,0.));
#10416 = DIRECTION('',(6.123233995737E-17,-1.,0.));
#10417 = PCURVE('',#7316,#10418);
#10418 = DEFINITIONAL_REPRESENTATION('',(#10419),#10422);
#10419 = B_SPLINE_CURVE_WITH_KNOTS('',1,(#10420,#10421),.UNSPECIFIED.,
  .F.,.F.,(2,2),(4.712388980385,6.28318530718),
  .PIECEWISE_BEZIER_KNOTS.);
#10420 = CARTESIAN_POINT('',(-1.570796326795,100.5));
#10421 = CARTESIAN_POINT('',(0.,100.5));
#10422 = ( GEOMETRIC_REPRESENTATION_CONTEXT(2) 
PARAMETRIC_REPRESENTATION_CONTEXT() REPRESENTATION_CONTEXT('2D SPACE',''
  ) );
#10423 = PCURVE('',#10424,#10429);
#10424 = SPHERICAL_SURFACE('',#10425,1.5);
#10425 = AXIS2_PLACEMENT_3D('',#10426,#10427,#10428);
#10426 = CARTESIAN_POINT('',(33.5,37.1,32.9));
#10427 = DIRECTION('',(-0.,-0.,-1.));
#10428 = DIRECTION('',(1.,0.,0.));
#10429 = DEFINITIONAL_REPRESENTATION('',(#10430),#10433);
#10430 = B_SPLINE_CURVE_WITH_KNOTS('',1,(#10431,#10432),.UNSPECIFIED.,
  .F.,.F.,(2,2),(4.712388980385,6.28318530718),
  .PIECEWISE_BEZIER_KNOTS.);
#10431 = CARTESIAN_POINT('',(1.570796326795,-1.570796326795));
#10432 = CARTESIAN_POINT('',(1.570796326795,0.));
#10433 = ( GEOMETRIC_REPRESENTATION_CONTEXT(2) 
PARAMETRIC_REPRESENTATION_CONTEXT() REPRESENTATION_CONTEXT('2D SPACE',''
  ) );
#10434 = ORIENTED_EDGE('',*,*,#10435,.F.);
#10435 = EDGE_CURVE('',#10304,#10409,#10436,.T.);
#10436 = SURFACE_CURVE('',#10437,(#10441,#10448),.PCURVE_S1.);
#10437 = LINE('',#10438,#10439);
#10438 = CARTESIAN_POINT('',(-67.,35.6,32.9));
#10439 = VECTOR('',#10440,1.);
#10440 = DIRECTION('',(1.,0.,-0.));
#10441 = PCURVE('',#7316,#10442);
#10442 = DEFINITIONAL_REPRESENTATION('',(#10443),#10447);
#10443 = LINE('',#10444,#10445);
#10444 = CARTESIAN_POINT('',(-0.,0.));
#10445 = VECTOR('',#10446,1.);
#10446 = DIRECTION('',(-0.,1.));
#10447 = ( GEOMETRIC_REPRESENTATION_CONTEXT(2) 
PARAMETRIC_REPRESENTATION_CONTEXT() REPRESENTATION_CONTEXT('2D SPACE',''
  ) );
#10448 = PCURVE('',#10319,#10449);
#10449 = DEFINITIONAL_REPRESENTATION('',(#10450),#10454);
#10450 = LINE('',#10451,#10452);
#10451 = CARTESIAN_POINT('',(2.5,0.));
#10452 = VECTOR('',#10453,1.);
#10453 = DIRECTION('',(0.,1.));
#10454 = ( GEOMETRIC_REPRESENTATION_CONTEXT(2) 
PARAMETRIC_REPRESENTATION_CONTEXT() REPRESENTATION_CONTEXT('2D SPACE',''
  ) );
#10455 = ADVANCED_FACE('',(#10456),#7342,.T.);
#10456 = FACE_BOUND('',#10457,.F.);
#10457 = EDGE_LOOP('',(#10458,#10478,#10479,#10480));
#10458 = ORIENTED_EDGE('',*,*,#10459,.F.);
#10459 = EDGE_CURVE('',#7301,#7388,#10460,.T.);
#10460 = SURFACE_CURVE('',#10461,(#10466,#10472),.PCURVE_S1.);
#10461 = CIRCLE('',#10462,1.5);
#10462 = AXIS2_PLACEMENT_3D('',#10463,#10464,#10465);
#10463 = CARTESIAN_POINT('',(33.5,37.1,32.9));
#10464 = DIRECTION('',(-0.,1.,0.));
#10465 = DIRECTION('',(1.,0.,0.));
#10466 = PCURVE('',#7342,#10467);
#10467 = DEFINITIONAL_REPRESENTATION('',(#10468),#10471);
#10468 = B_SPLINE_CURVE_WITH_KNOTS('',1,(#10469,#10470),.UNSPECIFIED.,
  .F.,.F.,(2,2),(4.712388980385,6.28318530718),
  .PIECEWISE_BEZIER_KNOTS.);
#10469 = CARTESIAN_POINT('',(-1.570796326795,1.5));
#10470 = CARTESIAN_POINT('',(0.,1.5));
#10471 = ( GEOMETRIC_REPRESENTATION_CONTEXT(2) 
PARAMETRIC_REPRESENTATION_CONTEXT() REPRESENTATION_CONTEXT('2D SPACE',''
  ) );
#10472 = PCURVE('',#10424,#10473);
#10473 = DEFINITIONAL_REPRESENTATION('',(#10474),#10477);
#10474 = B_SPLINE_CURVE_WITH_KNOTS('',1,(#10475,#10476),.UNSPECIFIED.,
  .F.,.F.,(2,2),(4.712388980385,6.28318530718),
  .PIECEWISE_BEZIER_KNOTS.);
#10475 = CARTESIAN_POINT('',(0.,-1.570796326795));
#10476 = CARTESIAN_POINT('',(0.,0.));
#10477 = ( GEOMETRIC_REPRESENTATION_CONTEXT(2) 
PARAMETRIC_REPRESENTATION_CONTEXT() REPRESENTATION_CONTEXT('2D SPACE',''
  ) );
#10478 = ORIENTED_EDGE('',*,*,#7328,.T.);
#10479 = ORIENTED_EDGE('',*,*,#7360,.F.);
#10480 = ORIENTED_EDGE('',*,*,#7442,.F.);
#10481 = ADVANCED_FACE('',(#10482),#7403,.T.);
#10482 = FACE_BOUND('',#10483,.F.);
#10483 = EDGE_LOOP('',(#10484,#10485,#10514,#10535));
#10484 = ORIENTED_EDGE('',*,*,#7385,.F.);
#10485 = ORIENTED_EDGE('',*,*,#10486,.T.);
#10486 = EDGE_CURVE('',#7386,#10487,#10489,.T.);
#10487 = VERTEX_POINT('',#10488);
#10488 = CARTESIAN_POINT('',(33.5,35.6,31.9));
#10489 = SURFACE_CURVE('',#10490,(#10495,#10502),.PCURVE_S1.);
#10490 = CIRCLE('',#10491,1.5);
#10491 = AXIS2_PLACEMENT_3D('',#10492,#10493,#10494);
#10492 = CARTESIAN_POINT('',(33.5,37.1,31.9));
#10493 = DIRECTION('',(0.,-0.,-1.));
#10494 = DIRECTION('',(1.,0.,-0.));
#10495 = PCURVE('',#7403,#10496);
#10496 = DEFINITIONAL_REPRESENTATION('',(#10497),#10501);
#10497 = LINE('',#10498,#10499);
#10498 = CARTESIAN_POINT('',(-0.,1.5));
#10499 = VECTOR('',#10500,1.);
#10500 = DIRECTION('',(-1.,0.));
#10501 = ( GEOMETRIC_REPRESENTATION_CONTEXT(2) 
PARAMETRIC_REPRESENTATION_CONTEXT() REPRESENTATION_CONTEXT('2D SPACE',''
  ) );
#10502 = PCURVE('',#10503,#10508);
#10503 = SPHERICAL_SURFACE('',#10504,1.5);
#10504 = AXIS2_PLACEMENT_3D('',#10505,#10506,#10507);
#10505 = CARTESIAN_POINT('',(33.5,37.1,31.9));
#10506 = DIRECTION('',(0.,0.,1.));
#10507 = DIRECTION('',(1.,0.,-0.));
#10508 = DEFINITIONAL_REPRESENTATION('',(#10509),#10513);
#10509 = LINE('',#10510,#10511);
#10510 = CARTESIAN_POINT('',(-0.,0.));
#10511 = VECTOR('',#10512,1.);
#10512 = DIRECTION('',(-1.,0.));
#10513 = ( GEOMETRIC_REPRESENTATION_CONTEXT(2) 
PARAMETRIC_REPRESENTATION_CONTEXT() REPRESENTATION_CONTEXT('2D SPACE',''
  ) );
#10514 = ORIENTED_EDGE('',*,*,#10515,.T.);
#10515 = EDGE_CURVE('',#10487,#10409,#10516,.T.);
#10516 = SURFACE_CURVE('',#10517,(#10521,#10528),.PCURVE_S1.);
#10517 = LINE('',#10518,#10519);
#10518 = CARTESIAN_POINT('',(33.5,35.6,30.4));
#10519 = VECTOR('',#10520,1.);
#10520 = DIRECTION('',(0.,0.,1.));
#10521 = PCURVE('',#7403,#10522);
#10522 = DEFINITIONAL_REPRESENTATION('',(#10523),#10527);
#10523 = LINE('',#10524,#10525);
#10524 = CARTESIAN_POINT('',(-1.570796326795,0.));
#10525 = VECTOR('',#10526,1.);
#10526 = DIRECTION('',(-0.,1.));
#10527 = ( GEOMETRIC_REPRESENTATION_CONTEXT(2) 
PARAMETRIC_REPRESENTATION_CONTEXT() REPRESENTATION_CONTEXT('2D SPACE',''
  ) );
#10528 = PCURVE('',#10319,#10529);
#10529 = DEFINITIONAL_REPRESENTATION('',(#10530),#10534);
#10530 = LINE('',#10531,#10532);
#10531 = CARTESIAN_POINT('',(0.,100.5));
#10532 = VECTOR('',#10533,1.);
#10533 = DIRECTION('',(1.,0.));
#10534 = ( GEOMETRIC_REPRESENTATION_CONTEXT(2) 
PARAMETRIC_REPRESENTATION_CONTEXT() REPRESENTATION_CONTEXT('2D SPACE',''
  ) );
#10535 = ORIENTED_EDGE('',*,*,#10536,.F.);
#10536 = EDGE_CURVE('',#7388,#10409,#10537,.T.);
#10537 = SURFACE_CURVE('',#10538,(#10543,#10550),.PCURVE_S1.);
#10538 = CIRCLE('',#10539,1.5);
#10539 = AXIS2_PLACEMENT_3D('',#10540,#10541,#10542);
#10540 = CARTESIAN_POINT('',(33.5,37.1,32.9));
#10541 = DIRECTION('',(0.,0.,-1.));
#10542 = DIRECTION('',(1.,0.,0.));
#10543 = PCURVE('',#7403,#10544);
#10544 = DEFINITIONAL_REPRESENTATION('',(#10545),#10549);
#10545 = LINE('',#10546,#10547);
#10546 = CARTESIAN_POINT('',(-0.,2.5));
#10547 = VECTOR('',#10548,1.);
#10548 = DIRECTION('',(-1.,0.));
#10549 = ( GEOMETRIC_REPRESENTATION_CONTEXT(2) 
PARAMETRIC_REPRESENTATION_CONTEXT() REPRESENTATION_CONTEXT('2D SPACE',''
  ) );
#10550 = PCURVE('',#10424,#10551);
#10551 = DEFINITIONAL_REPRESENTATION('',(#10552),#10556);
#10552 = LINE('',#10553,#10554);
#10553 = CARTESIAN_POINT('',(0.,0.));
#10554 = VECTOR('',#10555,1.);
#10555 = DIRECTION('',(1.,0.));
#10556 = ( GEOMETRIC_REPRESENTATION_CONTEXT(2) 
PARAMETRIC_REPRESENTATION_CONTEXT() REPRESENTATION_CONTEXT('2D SPACE',''
  ) );
#10557 = ADVANCED_FACE('',(#10558),#7429,.T.);
#10558 = FACE_BOUND('',#10559,.T.);
#10559 = EDGE_LOOP('',(#10560,#10580,#10581,#10582));
#10560 = ORIENTED_EDGE('',*,*,#10561,.F.);
#10561 = EDGE_CURVE('',#7829,#7386,#10562,.T.);
#10562 = SURFACE_CURVE('',#10563,(#10568,#10574),.PCURVE_S1.);
#10563 = CIRCLE('',#10564,1.5);
#10564 = AXIS2_PLACEMENT_3D('',#10565,#10566,#10567);
#10565 = CARTESIAN_POINT('',(33.5,37.1,31.9));
#10566 = DIRECTION('',(0.,-1.,0.));
#10567 = DIRECTION('',(1.,0.,0.));
#10568 = PCURVE('',#7429,#10569);
#10569 = DEFINITIONAL_REPRESENTATION('',(#10570),#10573);
#10570 = B_SPLINE_CURVE_WITH_KNOTS('',1,(#10571,#10572),.UNSPECIFIED.,
  .F.,.F.,(2,2),(4.712388980385,6.28318530718),
  .PIECEWISE_BEZIER_KNOTS.);
#10571 = CARTESIAN_POINT('',(1.570796326795,1.5));
#10572 = CARTESIAN_POINT('',(0.,1.5));
#10573 = ( GEOMETRIC_REPRESENTATION_CONTEXT(2) 
PARAMETRIC_REPRESENTATION_CONTEXT() REPRESENTATION_CONTEXT('2D SPACE',''
  ) );
#10574 = PCURVE('',#10503,#10575);
#10575 = DEFINITIONAL_REPRESENTATION('',(#10576),#10579);
#10576 = B_SPLINE_CURVE_WITH_KNOTS('',1,(#10577,#10578),.UNSPECIFIED.,
  .F.,.F.,(2,2),(4.712388980385,6.28318530718),
  .PIECEWISE_BEZIER_KNOTS.);
#10577 = CARTESIAN_POINT('',(0.,-1.570796326795));
#10578 = CARTESIAN_POINT('',(0.,0.));
#10579 = ( GEOMETRIC_REPRESENTATION_CONTEXT(2) 
PARAMETRIC_REPRESENTATION_CONTEXT() REPRESENTATION_CONTEXT('2D SPACE',''
  ) );
#10580 = ORIENTED_EDGE('',*,*,#7828,.T.);
#10581 = ORIENTED_EDGE('',*,*,#7466,.T.);
#10582 = ORIENTED_EDGE('',*,*,#7415,.F.);
#10583 = ADVANCED_FACE('',(#10584),#7566,.T.);
#10584 = FACE_BOUND('',#10585,.T.);
#10585 = EDGE_LOOP('',(#10586,#10611,#10612,#10613));
#10586 = ORIENTED_EDGE('',*,*,#10587,.F.);
#10587 = EDGE_CURVE('',#7603,#7723,#10588,.T.);
#10588 = SURFACE_CURVE('',#10589,(#10594,#10600),.PCURVE_S1.);
#10589 = CIRCLE('',#10590,1.5);
#10590 = AXIS2_PLACEMENT_3D('',#10591,#10592,#10593);
#10591 = CARTESIAN_POINT('',(34.5,37.1,29.4));
#10592 = DIRECTION('',(0.,-1.,0.));
#10593 = DIRECTION('',(-1.,0.,0.));
#10594 = PCURVE('',#7566,#10595);
#10595 = DEFINITIONAL_REPRESENTATION('',(#10596),#10599);
#10596 = B_SPLINE_CURVE_WITH_KNOTS('',1,(#10597,#10598),.UNSPECIFIED.,
  .F.,.F.,(2,2),(4.712388980385,6.28318530718),
  .PIECEWISE_BEZIER_KNOTS.);
#10597 = CARTESIAN_POINT('',(1.570796326795,1.5));
#10598 = CARTESIAN_POINT('',(0.,1.5));
#10599 = ( GEOMETRIC_REPRESENTATION_CONTEXT(2) 
PARAMETRIC_REPRESENTATION_CONTEXT() REPRESENTATION_CONTEXT('2D SPACE',''
  ) );
#10600 = PCURVE('',#10601,#10606);
#10601 = SPHERICAL_SURFACE('',#10602,1.5);
#10602 = AXIS2_PLACEMENT_3D('',#10603,#10604,#10605);
#10603 = CARTESIAN_POINT('',(34.5,37.1,29.4));
#10604 = DIRECTION('',(-0.,-0.,-1.));
#10605 = DIRECTION('',(-1.,0.,0.));
#10606 = DEFINITIONAL_REPRESENTATION('',(#10607),#10610);
#10607 = B_SPLINE_CURVE_WITH_KNOTS('',1,(#10608,#10609),.UNSPECIFIED.,
  .F.,.F.,(2,2),(4.712388980385,6.28318530718),
  .PIECEWISE_BEZIER_KNOTS.);
#10608 = CARTESIAN_POINT('',(0.,-1.570796326795));
#10609 = CARTESIAN_POINT('',(0.,0.));
#10610 = ( GEOMETRIC_REPRESENTATION_CONTEXT(2) 
PARAMETRIC_REPRESENTATION_CONTEXT() REPRESENTATION_CONTEXT('2D SPACE',''
  ) );
#10611 = ORIENTED_EDGE('',*,*,#7630,.T.);
#10612 = ORIENTED_EDGE('',*,*,#7551,.F.);
#10613 = ORIENTED_EDGE('',*,*,#7772,.F.);
#10614 = ADVANCED_FACE('',(#10615),#7618,.T.);
#10615 = FACE_BOUND('',#10616,.T.);
#10616 = EDGE_LOOP('',(#10617,#10639,#10681,#10682,#10786,#10812,#10920,
    #10921,#10959,#10979));
#10617 = ORIENTED_EDGE('',*,*,#10618,.F.);
#10618 = EDGE_CURVE('',#10619,#10280,#10621,.T.);
#10619 = VERTEX_POINT('',#10620);
#10620 = CARTESIAN_POINT('',(-65.5,36.715942712607,30.45));
#10621 = SURFACE_CURVE('',#10622,(#10627,#10633),.PCURVE_S1.);
#10622 = CIRCLE('',#10623,1.5);
#10623 = AXIS2_PLACEMENT_3D('',#10624,#10625,#10626);
#10624 = CARTESIAN_POINT('',(-65.5,37.1,31.9));
#10625 = DIRECTION('',(-1.,6.123233995737E-17,0.));
#10626 = DIRECTION('',(-6.123233995737E-17,-1.,0.));
#10627 = PCURVE('',#7618,#10628);
#10628 = DEFINITIONAL_REPRESENTATION('',(#10629),#10632);
#10629 = B_SPLINE_CURVE_WITH_KNOTS('',1,(#10630,#10631),.UNSPECIFIED.,
  .F.,.F.,(2,2),(4.712388980385,6.28318530718),
  .PIECEWISE_BEZIER_KNOTS.);
#10630 = CARTESIAN_POINT('',(1.570796326795,1.5));
#10631 = CARTESIAN_POINT('',(0.,1.5));
#10632 = ( GEOMETRIC_REPRESENTATION_CONTEXT(2) 
PARAMETRIC_REPRESENTATION_CONTEXT() REPRESENTATION_CONTEXT('2D SPACE',''
  ) );
#10633 = PCURVE('',#9129,#10634);
#10634 = DEFINITIONAL_REPRESENTATION('',(#10635),#10638);
#10635 = B_SPLINE_CURVE_WITH_KNOTS('',1,(#10636,#10637),.UNSPECIFIED.,
  .F.,.F.,(2,2),(4.712388980385,6.28318530718),
  .PIECEWISE_BEZIER_KNOTS.);
#10636 = CARTESIAN_POINT('',(1.570796326795,-1.570796326795));
#10637 = CARTESIAN_POINT('',(1.570796326795,0.));
#10638 = ( GEOMETRIC_REPRESENTATION_CONTEXT(2) 
PARAMETRIC_REPRESENTATION_CONTEXT() REPRESENTATION_CONTEXT('2D SPACE',''
  ) );
#10639 = ORIENTED_EDGE('',*,*,#10640,.F.);
#10640 = EDGE_CURVE('',#7654,#10619,#10641,.T.);
#10641 = SURFACE_CURVE('',#10642,(#10653,#10667),.PCURVE_S1.);
#10642 = B_SPLINE_CURVE_WITH_KNOTS('',5,(#10643,#10644,#10645,#10646,
    #10647,#10648,#10649,#10650,#10651,#10652),.UNSPECIFIED.,.F.,.F.,(6,
    4,6),(0.,0.475095894205,1.),.UNSPECIFIED.);
#10643 = CARTESIAN_POINT('',(-65.38196601125,37.1,30.4));
#10644 = CARTESIAN_POINT('',(-65.38196601125,37.060301982782,30.4));
#10645 = CARTESIAN_POINT('',(-65.38490273802,37.020596378232,
    30.401313206444));
#10646 = CARTESIAN_POINT('',(-65.39077743419,36.981336544141,
    30.403941088738));
#10647 = CARTESIAN_POINT('',(-65.39943068209,36.942906204857,
    30.407774476757));
#10648 = CARTESIAN_POINT('',(-65.42298299507,36.864384217872,
    30.418037441521));
#10649 = CARTESIAN_POINT('',(-65.438444625,36.824532114714,
    30.424698596523));
#10650 = CARTESIAN_POINT('',(-65.45668685828,36.786412962665,
    30.432417650337));
#10651 = CARTESIAN_POINT('',(-65.47731687687,36.750198462289,
    30.440926756194));
#10652 = CARTESIAN_POINT('',(-65.5000006,36.715941806494,30.45000024));
#10653 = PCURVE('',#7618,#10654);
#10654 = DEFINITIONAL_REPRESENTATION('',(#10655),#10666);
#10655 = B_SPLINE_CURVE_WITH_KNOTS('',5,(#10656,#10657,#10658,#10659,
    #10660,#10661,#10662,#10663,#10664,#10665),.UNSPECIFIED.,.F.,.F.,(6,
    4,6),(0.,0.475095894205,1.),.UNSPECIFIED.);
#10656 = CARTESIAN_POINT('',(1.570796326795,1.61803398875));
#10657 = CARTESIAN_POINT('',(1.544330981983,1.61803398875));
#10658 = CARTESIAN_POINT('',(1.517860644526,1.615097261975));
#10659 = CARTESIAN_POINT('',(1.491648520481,1.609222565805));
#10660 = CARTESIAN_POINT('',(1.465913097009,1.600569317908));
#10661 = CARTESIAN_POINT('',(1.41311986981,1.577017004921));
#10662 = CARTESIAN_POINT('',(1.38620045345,1.561555374997));
#10663 = CARTESIAN_POINT('',(1.360290236788,1.543313141712));
#10664 = CARTESIAN_POINT('',(1.335499443652,1.522683123123));
#10665 = CARTESIAN_POINT('',(1.311874159884,1.4999994));
#10666 = ( GEOMETRIC_REPRESENTATION_CONTEXT(2) 
PARAMETRIC_REPRESENTATION_CONTEXT() REPRESENTATION_CONTEXT('2D SPACE',''
  ) );
#10667 = PCURVE('',#9098,#10668);
#10668 = DEFINITIONAL_REPRESENTATION('',(#10669),#10680);
#10669 = B_SPLINE_CURVE_WITH_KNOTS('',5,(#10670,#10671,#10672,#10673,
    #10674,#10675,#10676,#10677,#10678,#10679),.UNSPECIFIED.,.F.,.F.,(6,
    4,6),(0.,0.475095894205,1.),.UNSPECIFIED.);
#10670 = CARTESIAN_POINT('',(0.,-0.729727656227));
#10671 = CARTESIAN_POINT('',(3.550698602882E-02,-0.729727656227));
#10672 = CARTESIAN_POINT('',(7.102053394211E-02,-0.73090228386));
#10673 = CARTESIAN_POINT('',(0.10641640429,-0.733252454245));
#10674 = CARTESIAN_POINT('',(0.141626461414,-0.736694342963));
#10675 = CARTESIAN_POINT('',(0.215220520057,-0.745968757132));
#10676 = CARTESIAN_POINT('',(0.253558342902,-0.752015343001));
#10677 = CARTESIAN_POINT('',(0.291555874062,-0.759071843217));
#10678 = CARTESIAN_POINT('',(0.329243219229,-0.766927439685));
#10679 = CARTESIAN_POINT('',(0.366688555907,-0.775397720656));
#10680 = ( GEOMETRIC_REPRESENTATION_CONTEXT(2) 
PARAMETRIC_REPRESENTATION_CONTEXT() REPRESENTATION_CONTEXT('2D SPACE',''
  ) );
#10681 = ORIENTED_EDGE('',*,*,#7674,.T.);
#10682 = ORIENTED_EDGE('',*,*,#10683,.F.);
#10683 = EDGE_CURVE('',#10684,#7675,#10686,.T.);
#10684 = VERTEX_POINT('',#10685);
#10685 = CARTESIAN_POINT('',(-18.,36.270843802411,30.65));
#10686 = SURFACE_CURVE('',#10687,(#10718,#10752),.PCURVE_S1.);
#10687 = B_SPLINE_CURVE_WITH_KNOTS('',8,(#10688,#10689,#10690,#10691,
    #10692,#10693,#10694,#10695,#10696,#10697,#10698,#10699,#10700,
    #10701,#10702,#10703,#10704,#10705,#10706,#10707,#10708,#10709,
    #10710,#10711,#10712,#10713,#10714,#10715,#10716,#10717),
  .UNSPECIFIED.,.F.,.F.,(9,7,7,7,9),(0.,0.594560738294,0.734749412081,
    0.836855280598,1.),.UNSPECIFIED.);
#10688 = CARTESIAN_POINT('',(-18.,36.270843802411,30.65));
#10689 = CARTESIAN_POINT('',(-18.10523625416,36.270843802411,30.65));
#10690 = CARTESIAN_POINT('',(-18.21025031309,36.278477042092,
    30.64493938028));
#10691 = CARTESIAN_POINT('',(-18.31540186861,36.293682573813,
    30.634843031945));
#10692 = CARTESIAN_POINT('',(-18.42066463701,36.317124964537,
    30.619688458488));
#10693 = CARTESIAN_POINT('',(-18.52554045634,36.349909328495,
    30.599404198623));
#10694 = CARTESIAN_POINT('',(-18.62839158652,36.393657763654,
    30.574430968146));
#10695 = CARTESIAN_POINT('',(-18.72702275372,36.450010673085,
    30.545943734927));
#10696 = CARTESIAN_POINT('',(-18.83947757881,36.537985314462,
    30.509147552197));
#10697 = CARTESIAN_POINT('',(-18.86049188265,36.55558188638,
    30.502061099356));
#10698 = CARTESIAN_POINT('',(-18.88101595795,36.574012694814,
    30.494939638806));
#10699 = CARTESIAN_POINT('',(-18.90099433849,36.59329844785,
    30.487818848308));
#10700 = CARTESIAN_POINT('',(-18.92036504434,36.613456396574,
    30.480739087326));
#10701 = CARTESIAN_POINT('',(-18.93906015087,36.634499214862,
    30.473745210253));
#10702 = CARTESIAN_POINT('',(-18.95700635777,36.656433879179,
    30.466886379641));
#10703 = CARTESIAN_POINT('',(-18.98659426015,36.695886262987,
    30.455357446871));
#10704 = CARTESIAN_POINT('',(-18.99862342686,36.712984101217,
    30.450599227554));
#10705 = CARTESIAN_POINT('',(-19.0101826161,36.730553316321,
    30.445961789197));
#10706 = CARTESIAN_POINT('',(-19.0212392451,36.748590093614,
    30.441467185466));
#10707 = CARTESIAN_POINT('',(-19.0317592164,36.767087024122,
    30.437138533946));
#10708 = CARTESIAN_POINT('',(-19.041707544,36.786032578254,
    30.432999594125));
#10709 = CARTESIAN_POINT('',(-19.05104897944,36.805410579459,
    30.429074345371));
#10710 = CARTESIAN_POINT('',(-19.07364894893,36.856818692137,
    30.419494230619));
#10711 = CARTESIAN_POINT('',(-19.08591769197,36.889502544432,
    30.414205239725));
#10712 = CARTESIAN_POINT('',(-19.09640115695,36.923145604919,
    30.409620807035));
#10713 = CARTESIAN_POINT('',(-19.10495929109,36.957613786734,
    30.405836462729));
#10714 = CARTESIAN_POINT('',(-19.11147188729,36.992742855242,
    30.402934753824));
#10715 = CARTESIAN_POINT('',(-19.11584734289,37.028337976128,
    30.400977842313));
#10716 = CARTESIAN_POINT('',(-19.11803398875,37.064174502356,30.4));
#10717 = CARTESIAN_POINT('',(-19.11803398875,37.1,30.4));
#10718 = PCURVE('',#7618,#10719);
#10719 = DEFINITIONAL_REPRESENTATION('',(#10720),#10751);
#10720 = B_SPLINE_CURVE_WITH_KNOTS('',8,(#10721,#10722,#10723,#10724,
    #10725,#10726,#10727,#10728,#10729,#10730,#10731,#10732,#10733,
    #10734,#10735,#10736,#10737,#10738,#10739,#10740,#10741,#10742,
    #10743,#10744,#10745,#10746,#10747,#10748,#10749,#10750),
  .UNSPECIFIED.,.F.,.F.,(9,7,7,7,9),(0.,0.594560738294,0.734749412081,
    0.836855280598,1.),.UNSPECIFIED.);
#10721 = CARTESIAN_POINT('',(0.985110783338,49.));
#10722 = CARTESIAN_POINT('',(0.985110783338,48.894763745833));
#10723 = CARTESIAN_POINT('',(0.991216765609,48.789749686909));
#10724 = CARTESIAN_POINT('',(1.003383568641,48.684598131383));
#10725 = CARTESIAN_POINT('',(1.021994095978,48.579335362987));
#10726 = CARTESIAN_POINT('',(1.047680270895,48.474459543655));
#10727 = CARTESIAN_POINT('',(1.081218308443,48.371608413477));
#10728 = CARTESIAN_POINT('',(1.123205641559,48.272977246277));
#10729 = CARTESIAN_POINT('',(1.1867788595,48.160522421183));
#10730 = CARTESIAN_POINT('',(1.199424345849,48.139508117342));
#10731 = CARTESIAN_POINT('',(1.212594636362,48.118984042045));
#10732 = CARTESIAN_POINT('',(1.226296982434,48.099005661506));
#10733 = CARTESIAN_POINT('',(1.240536508802,48.079634955656));
#10734 = CARTESIAN_POINT('',(1.255315792301,48.060939849126));
#10735 = CARTESIAN_POINT('',(1.270634440615,48.04299364223));
#10736 = CARTESIAN_POINT('',(1.298036037316,48.013405739843));
#10737 = CARTESIAN_POINT('',(1.309866786954,48.001376573139));
#10738 = CARTESIAN_POINT('',(1.321978914755,47.989817383893));
#10739 = CARTESIAN_POINT('',(1.334368704139,47.978760754898));
#10740 = CARTESIAN_POINT('',(1.347030464643,47.968240783597));
#10741 = CARTESIAN_POINT('',(1.359956269435,47.958292455991));
#10742 = CARTESIAN_POINT('',(1.37313569283,47.948951020551));
#10743 = CARTESIAN_POINT('',(1.407997787162,47.926351051064));
#10744 = CARTESIAN_POINT('',(1.430064216226,47.914082308028));
#10745 = CARTESIAN_POINT('',(1.45268826757,47.903598843047));
#10746 = CARTESIAN_POINT('',(1.475789081408,47.895040708903));
#10747 = CARTESIAN_POINT('',(1.49927080541,47.888528112701));
#10748 = CARTESIAN_POINT('',(1.523021644654,47.88415265711));
#10749 = CARTESIAN_POINT('',(1.546912661699,47.88196601125));
#10750 = CARTESIAN_POINT('',(1.570796326795,47.88196601125));
#10751 = ( GEOMETRIC_REPRESENTATION_CONTEXT(2) 
PARAMETRIC_REPRESENTATION_CONTEXT() REPRESENTATION_CONTEXT('2D SPACE',''
  ) );
#10752 = PCURVE('',#9813,#10753);
#10753 = DEFINITIONAL_REPRESENTATION('',(#10754),#10785);
#10754 = B_SPLINE_CURVE_WITH_KNOTS('',8,(#10755,#10756,#10757,#10758,
    #10759,#10760,#10761,#10762,#10763,#10764,#10765,#10766,#10767,
    #10768,#10769,#10770,#10771,#10772,#10773,#10774,#10775,#10776,
    #10777,#10778,#10779,#10780,#10781,#10782,#10783,#10784),
  .UNSPECIFIED.,.F.,.F.,(9,7,7,7,9),(0.,0.594560738294,0.734749412081,
    0.836855280598,1.),.UNSPECIFIED.);
#10755 = CARTESIAN_POINT('',(-1.570796326795,-0.985110783338));
#10756 = CARTESIAN_POINT('',(-1.443876628826,-0.985110783338));
#10757 = CARTESIAN_POINT('',(-1.317219456235,-0.979005851265));
#10758 = CARTESIAN_POINT('',(-1.191981935958,-0.966834991505));
#10759 = CARTESIAN_POINT('',(-1.069624976201,-0.948862408591));
#10760 = CARTESIAN_POINT('',(-0.951475974309,-0.925656656409));
#10761 = CARTESIAN_POINT('',(-0.837339050186,-0.898470683493));
#10762 = CARTESIAN_POINT('',(-0.7262264471,-0.868918490218));
#10763 = CARTESIAN_POINT('',(-0.589741393319,-0.832198762383));
#10764 = CARTESIAN_POINT('',(-0.563758647732,-0.825189486927));
#10765 = CARTESIAN_POINT('',(-0.537809249602,-0.8182074008));
#10766 = CARTESIAN_POINT('',(-0.511868691109,-0.811286088668));
#10767 = CARTESIAN_POINT('',(-0.48591278955,-0.804462092853));
#10768 = CARTESIAN_POINT('',(-0.459917546301,-0.797774702709));
#10769 = CARTESIAN_POINT('',(-0.433859005776,-0.791265743994));
#10770 = CARTESIAN_POINT('',(-0.388669857348,-0.780400711209));
#10771 = CARTESIAN_POINT('',(-0.369581479709,-0.775940426446));
#10772 = CARTESIAN_POINT('',(-0.350439568483,-0.771615613992));
#10773 = CARTESIAN_POINT('',(-0.331236815696,-0.767444330285));
#10774 = CARTESIAN_POINT('',(-0.311967179051,-0.7634452744));
#10775 = CARTESIAN_POINT('',(-0.292626042592,-0.759637474303));
#10776 = CARTESIAN_POINT('',(-0.27321037737,-0.756039973099));
#10777 = CARTESIAN_POINT('',(-0.22257543007,-0.747289394614));
#10778 = CARTESIAN_POINT('',(-0.191223432602,-0.74248935493));
#10779 = CARTESIAN_POINT('',(-0.159677401873,-0.738351989289));
#10780 = CARTESIAN_POINT('',(-0.127956090903,-0.734951780714));
#10781 = CARTESIAN_POINT('',(-9.608421904904E-02,-0.73235253743));
#10782 = CARTESIAN_POINT('',(-6.409640099449E-02,-0.730602290837));
#10783 = CARTESIAN_POINT('',(-3.204329922414E-02,-0.729727656227));
#10784 = CARTESIAN_POINT('',(0.,-0.729727656227));
#10785 = ( GEOMETRIC_REPRESENTATION_CONTEXT(2) 
PARAMETRIC_REPRESENTATION_CONTEXT() REPRESENTATION_CONTEXT('2D SPACE',''
  ) );
#10786 = ORIENTED_EDGE('',*,*,#10787,.T.);
#10787 = EDGE_CURVE('',#10684,#10788,#10790,.T.);
#10788 = VERTEX_POINT('',#10789);
#10789 = CARTESIAN_POINT('',(-14.,36.270843802411,30.65));
#10790 = SURFACE_CURVE('',#10791,(#10795,#10801),.PCURVE_S1.);
#10791 = LINE('',#10792,#10793);
#10792 = CARTESIAN_POINT('',(-67.,36.270843802411,30.65));
#10793 = VECTOR('',#10794,1.);
#10794 = DIRECTION('',(1.,0.,-0.));
#10795 = PCURVE('',#7618,#10796);
#10796 = DEFINITIONAL_REPRESENTATION('',(#10797),#10800);
#10797 = B_SPLINE_CURVE_WITH_KNOTS('',1,(#10798,#10799),.UNSPECIFIED.,
  .F.,.F.,(2,2),(48.9999994,53.0000006),.PIECEWISE_BEZIER_KNOTS.);
#10798 = CARTESIAN_POINT('',(0.985110783338,48.9999994));
#10799 = CARTESIAN_POINT('',(0.985110783338,53.0000006));
#10800 = ( GEOMETRIC_REPRESENTATION_CONTEXT(2) 
PARAMETRIC_REPRESENTATION_CONTEXT() REPRESENTATION_CONTEXT('2D SPACE',''
  ) );
#10801 = PCURVE('',#10802,#10807);
#10802 = CYLINDRICAL_SURFACE('',#10803,1.5);
#10803 = AXIS2_PLACEMENT_3D('',#10804,#10805,#10806);
#10804 = CARTESIAN_POINT('',(-19.5,37.1,29.4));
#10805 = DIRECTION('',(1.,0.,-0.));
#10806 = DIRECTION('',(0.,-1.,0.));
#10807 = DEFINITIONAL_REPRESENTATION('',(#10808),#10811);
#10808 = B_SPLINE_CURVE_WITH_KNOTS('',1,(#10809,#10810),.UNSPECIFIED.,
  .F.,.F.,(2,2),(48.9999994,53.0000006),.PIECEWISE_BEZIER_KNOTS.);
#10809 = CARTESIAN_POINT('',(-0.985110783338,1.4999994));
#10810 = CARTESIAN_POINT('',(-0.985110783338,5.5000006));
#10811 = ( GEOMETRIC_REPRESENTATION_CONTEXT(2) 
PARAMETRIC_REPRESENTATION_CONTEXT() REPRESENTATION_CONTEXT('2D SPACE',''
  ) );
#10812 = ORIENTED_EDGE('',*,*,#10813,.F.);
#10813 = EDGE_CURVE('',#7582,#10788,#10814,.T.);
#10814 = SURFACE_CURVE('',#10815,(#10848,#10884),.PCURVE_S1.);
#10815 = B_SPLINE_CURVE_WITH_KNOTS('',7,(#10816,#10817,#10818,#10819,
    #10820,#10821,#10822,#10823,#10824,#10825,#10826,#10827,#10828,
    #10829,#10830,#10831,#10832,#10833,#10834,#10835,#10836,#10837,
    #10838,#10839,#10840,#10841,#10842,#10843,#10844,#10845,#10846,
    #10847),.UNSPECIFIED.,.F.,.F.,(8,6,6,6,6,8),(0.,0.163233426445,
    0.266710449573,0.40767719117,0.584752332263,1.),.UNSPECIFIED.);
#10816 = CARTESIAN_POINT('',(-12.88196601125,37.1,30.4));
#10817 = CARTESIAN_POINT('',(-12.88196601125,37.059054928404,30.4));
#10818 = CARTESIAN_POINT('',(-12.88488177345,37.018095150444,
    30.401303894556));
#10819 = CARTESIAN_POINT('',(-12.89071676053,36.977524610309,
    30.403913647003));
#10820 = CARTESIAN_POINT('',(-12.89936675148,36.9376916681,
    30.407760211564));
#10821 = CARTESIAN_POINT('',(-12.91065691495,36.898883697042,
    30.412723827341));
#10822 = CARTESIAN_POINT('',(-12.92436859851,36.861326637252,
    30.418653898478));
#10823 = CARTESIAN_POINT('',(-12.95032707895,36.802281436,30.42965763776
    ));
#10824 = CARTESIAN_POINT('',(-12.96127624928,36.779935790792,
    30.434251657095));
#10825 = CARTESIAN_POINT('',(-12.9730453403,36.758188035784,
    30.439130979002));
#10826 = CARTESIAN_POINT('',(-12.98557559176,36.737062764893,
    30.444255647727));
#10827 = CARTESIAN_POINT('',(-12.9988092553,36.716575192725,
    30.449586481947));
#10828 = CARTESIAN_POINT('',(-13.01269136191,36.69673264673,
    30.455086265452));
#10829 = CARTESIAN_POINT('',(-13.04689776621,36.651384549658,
    30.46839705159));
#10830 = CARTESIAN_POINT('',(-13.06773172079,36.626434672134,
    30.476322689426));
#10831 = CARTESIAN_POINT('',(-13.08954699426,36.602685336729,
    30.484411647181));
#10832 = CARTESIAN_POINT('',(-13.11222705848,36.580121835229,
    30.492586165566));
#10833 = CARTESIAN_POINT('',(-13.13566671299,36.558718840465,
    30.500777400258));
#10834 = CARTESIAN_POINT('',(-13.15977358187,36.538443405527,
    30.508925892025));
#10835 = CARTESIAN_POINT('',(-13.21549148683,36.495158200816,
    30.527101749914));
#10836 = CARTESIAN_POINT('',(-13.24743759569,36.472782352634,
    30.537073937063));
#10837 = CARTESIAN_POINT('',(-13.28015186992,36.452055557233,
    30.546799213829));
#10838 = CARTESIAN_POINT('',(-13.31349779909,36.432901616687,
    30.556196688504));
#10839 = CARTESIAN_POINT('',(-13.34735832821,36.415244524632,
    30.56520190475));
#10840 = CARTESIAN_POINT('',(-13.38163575628,36.399009994549,
    30.573764784228));
#10841 = CARTESIAN_POINT('',(-13.49742713311,36.349225794693,
    30.600801994998));
#10842 = CARTESIAN_POINT('',(-13.58041247669,36.32177907146,
    30.61710399767));
#10843 = CARTESIAN_POINT('',(-13.66421100374,36.300850531404,
    30.630273557868));
#10844 = CARTESIAN_POINT('',(-13.74821124907,36.285706835601,
    30.640141267108));
#10845 = CARTESIAN_POINT('',(-13.83216668229,36.275798757516,
    30.646713162891));
#10846 = CARTESIAN_POINT('',(-13.91607502765,36.270843802411,30.65));
#10847 = CARTESIAN_POINT('',(-14.,36.270843802411,30.65));
#10848 = PCURVE('',#7618,#10849);
#10849 = DEFINITIONAL_REPRESENTATION('',(#10850),#10883);
#10850 = B_SPLINE_CURVE_WITH_KNOTS('',7,(#10851,#10852,#10853,#10854,
    #10855,#10856,#10857,#10858,#10859,#10860,#10861,#10862,#10863,
    #10864,#10865,#10866,#10867,#10868,#10869,#10870,#10871,#10872,
    #10873,#10874,#10875,#10876,#10877,#10878,#10879,#10880,#10881,
    #10882),.UNSPECIFIED.,.F.,.F.,(8,6,6,6,6,8),(0.,0.163233426445,
    0.266710449573,0.40767719117,0.584752332263,1.),.UNSPECIFIED.);
#10851 = CARTESIAN_POINT('',(1.570796326795,54.11803398875));
#10852 = CARTESIAN_POINT('',(1.543499612397,54.11803398875));
#10853 = CARTESIAN_POINT('',(1.516193094346,54.115118226541));
#10854 = CARTESIAN_POINT('',(1.4891128495,54.109283239467));
#10855 = CARTESIAN_POINT('',(1.462457763223,54.100633248517));
#10856 = CARTESIAN_POINT('',(1.436393396595,54.089343085046));
#10857 = CARTESIAN_POINT('',(1.411054853818,54.075631401483));
#10858 = CARTESIAN_POINT('',(1.371013663531,54.049672921043));
#10859 = CARTESIAN_POINT('',(1.35580761666,54.038723750713));
#10860 = CARTESIAN_POINT('',(1.340952412799,54.026954659696));
#10861 = CARTESIAN_POINT('',(1.326464156037,54.014424408237));
#10862 = CARTESIAN_POINT('',(1.312353893958,54.001190744699));
#10863 = CARTESIAN_POINT('',(1.298628360642,53.987308638083));
#10864 = CARTESIAN_POINT('',(1.26712085229,53.953102233784));
#10865 = CARTESIAN_POINT('',(1.249672794912,53.932268279207));
#10866 = CARTESIAN_POINT('',(1.232952228706,53.910453005734));
#10867 = CARTESIAN_POINT('',(1.216958076891,53.887772941511));
#10868 = CARTESIAN_POINT('',(1.201683624179,53.864333287009));
#10869 = CARTESIAN_POINT('',(1.187117636223,53.840226418124));
#10870 = CARTESIAN_POINT('',(1.155819991605,53.784508513163));
#10871 = CARTESIAN_POINT('',(1.13949218496,53.75256240431));
#10872 = CARTESIAN_POINT('',(1.124233218244,53.71984813008));
#10873 = CARTESIAN_POINT('',(1.110013186393,53.68650220091));
#10874 = CARTESIAN_POINT('',(1.096801286232,53.652641671784));
#10875 = CARTESIAN_POINT('',(1.084565982552,53.618364243713));
#10876 = CARTESIAN_POINT('',(1.046797816524,53.502572866889));
#10877 = CARTESIAN_POINT('',(1.025531517994,53.419587523309));
#10878 = CARTESIAN_POINT('',(1.009050321302,53.335788996252));
#10879 = CARTESIAN_POINT('',(0.997001251679,53.251788750921));
#10880 = CARTESIAN_POINT('',(0.989074741985,53.16783331771));
#10881 = CARTESIAN_POINT('',(0.985110783338,53.083924972348));
#10882 = CARTESIAN_POINT('',(0.985110783338,53.));
#10883 = ( GEOMETRIC_REPRESENTATION_CONTEXT(2) 
PARAMETRIC_REPRESENTATION_CONTEXT() REPRESENTATION_CONTEXT('2D SPACE',''
  ) );
#10884 = PCURVE('',#9868,#10885);
#10885 = DEFINITIONAL_REPRESENTATION('',(#10886),#10919);
#10886 = B_SPLINE_CURVE_WITH_KNOTS('',7,(#10887,#10888,#10889,#10890,
    #10891,#10892,#10893,#10894,#10895,#10896,#10897,#10898,#10899,
    #10900,#10901,#10902,#10903,#10904,#10905,#10906,#10907,#10908,
    #10909,#10910,#10911,#10912,#10913,#10914,#10915,#10916,#10917,
    #10918),.UNSPECIFIED.,.F.,.F.,(8,6,6,6,6,8),(0.,0.163233426445,
    0.266710449573,0.40767719117,0.584752332263,1.),.UNSPECIFIED.);
#10887 = CARTESIAN_POINT('',(0.,-0.729727656227));
#10888 = CARTESIAN_POINT('',(3.662238537314E-02,-0.729727656227));
#10889 = CARTESIAN_POINT('',(7.325784220238E-02,-0.730893929458));
#10890 = CARTESIAN_POINT('',(0.109786216984,-0.733228039946));
#10891 = CARTESIAN_POINT('',(0.14613621266,-0.736676357313));
#10892 = CARTESIAN_POINT('',(0.182263047983,-0.741146531274));
#10893 = CARTESIAN_POINT('',(0.218135013055,-0.746521816344));
#10894 = CARTESIAN_POINT('',(0.276292630682,-0.756572764883));
#10895 = CARTESIAN_POINT('',(0.298752601509,-0.760785602166));
#10896 = CARTESIAN_POINT('',(0.321110998435,-0.765280589272));
#10897 = CARTESIAN_POINT('',(0.343373644513,-0.770025934385));
#10898 = CARTESIAN_POINT('',(0.365549569555,-0.77499010861));
#10899 = CARTESIAN_POINT('',(0.38765055876,-0.780142731369));
#10900 = CARTESIAN_POINT('',(0.439715986077,-0.792692979945));
#10901 = CARTESIAN_POINT('',(0.469625140806,-0.800226850504));
#10902 = CARTESIAN_POINT('',(0.499457540834,-0.807985571326));
#10903 = CARTESIAN_POINT('',(0.529252205278,-0.815902411872));
#10904 = CARTESIAN_POINT('',(0.559048195866,-0.823915955107));
#10905 = CARTESIAN_POINT('',(0.588885015725,-0.831970645386));
#10906 = CARTESIAN_POINT('',(0.656384445306,-0.850125173981));
#10907 = CARTESIAN_POINT('',(0.69408762856,-0.86021859866));
#10908 = CARTESIAN_POINT('',(0.731991795262,-0.870199522739));
#10909 = CARTESIAN_POINT('',(0.770161344777,-0.879980114764));
#10910 = CARTESIAN_POINT('',(0.808647281698,-0.889482479454));
#10911 = CARTESIAN_POINT('',(0.847488659026,-0.898638337692));
#10912 = CARTESIAN_POINT('',(0.978698927425,-0.927908640738));
#10913 = CARTESIAN_POINT('',(1.072737697479,-0.946185489578));
#10914 = CARTESIAN_POINT('',(1.169210184653,-0.961467305044));
#10915 = CARTESIAN_POINT('',(1.267971868638,-0.973221532984));
#10916 = CARTESIAN_POINT('',(1.368382509375,-0.981146483682));
#10917 = CARTESIAN_POINT('',(1.46957900177,-0.985110783338));
#10918 = CARTESIAN_POINT('',(1.570796326795,-0.985110783338));
#10919 = ( GEOMETRIC_REPRESENTATION_CONTEXT(2) 
PARAMETRIC_REPRESENTATION_CONTEXT() REPRESENTATION_CONTEXT('2D SPACE',''
  ) );
#10920 = ORIENTED_EDGE('',*,*,#7602,.T.);
#10921 = ORIENTED_EDGE('',*,*,#10922,.F.);
#10922 = EDGE_CURVE('',#10923,#7603,#10925,.T.);
#10923 = VERTEX_POINT('',#10924);
#10924 = CARTESIAN_POINT('',(33.5,36.715942712607,30.45));
#10925 = SURFACE_CURVE('',#10926,(#10935,#10947),.PCURVE_S1.);
#10926 = B_SPLINE_CURVE_WITH_KNOTS('',7,(#10927,#10928,#10929,#10930,
    #10931,#10932,#10933,#10934),.UNSPECIFIED.,.F.,.F.,(8,8),(0.,1.),
  .PIECEWISE_BEZIER_KNOTS.);
#10927 = CARTESIAN_POINT('',(33.5000006,36.715941806493,30.45000024));
#10928 = CARTESIAN_POINT('',(33.469160324189,36.762516379253,
    30.437664137077));
#10929 = CARTESIAN_POINT('',(33.441803904514,36.812557227631,
    30.426277644067));
#10930 = CARTESIAN_POINT('',(33.418680149894,36.865888843076,
    30.416321326425));
#10931 = CARTESIAN_POINT('',(33.400568482752,36.922118293345,
    30.408319647164));
#10932 = CARTESIAN_POINT('',(33.388163100936,36.980583591824,
    30.402771341798));
#10933 = CARTESIAN_POINT('',(33.38196601125,37.040307178864,30.4));
#10934 = CARTESIAN_POINT('',(33.38196601125,37.1,30.4));
#10935 = PCURVE('',#7618,#10936);
#10936 = DEFINITIONAL_REPRESENTATION('',(#10937),#10946);
#10937 = B_SPLINE_CURVE_WITH_KNOTS('',7,(#10938,#10939,#10940,#10941,
    #10942,#10943,#10944,#10945),.UNSPECIFIED.,.F.,.F.,(8,8),(0.,1.),
  .PIECEWISE_BEZIER_KNOTS.);
#10938 = CARTESIAN_POINT('',(1.311874159883,100.5000006));
#10939 = CARTESIAN_POINT('',(1.343994560206,100.46916032418));
#10940 = CARTESIAN_POINT('',(1.37818666464,100.44180390451));
#10941 = CARTESIAN_POINT('',(1.414309650707,100.41868014989));
#10942 = CARTESIAN_POINT('',(1.45210570414,100.40056848275));
#10943 = CARTESIAN_POINT('',(1.491185363925,100.38816310093));
#10944 = CARTESIAN_POINT('',(1.531001112705,100.38196601125));
#10945 = CARTESIAN_POINT('',(1.570796326795,100.38196601125));
#10946 = ( GEOMETRIC_REPRESENTATION_CONTEXT(2) 
PARAMETRIC_REPRESENTATION_CONTEXT() REPRESENTATION_CONTEXT('2D SPACE',''
  ) );
#10947 = PCURVE('',#10601,#10948);
#10948 = DEFINITIONAL_REPRESENTATION('',(#10949),#10958);
#10949 = B_SPLINE_CURVE_WITH_KNOTS('',7,(#10950,#10951,#10952,#10953,
    #10954,#10955,#10956,#10957),.UNSPECIFIED.,.F.,.F.,(8,8),(0.,1.),
  .PIECEWISE_BEZIER_KNOTS.);
#10950 = CARTESIAN_POINT('',(-0.366688555908,-0.775397720656));
#10951 = CARTESIAN_POINT('',(-0.315778724893,-0.763881718635));
#10952 = CARTESIAN_POINT('',(-0.264354917162,-0.753403891459));
#10953 = CARTESIAN_POINT('',(-0.21238007253,-0.74436086665));
#10954 = CARTESIAN_POINT('',(-0.159848688674,-0.737168830583));
#10955 = CARTESIAN_POINT('',(-0.106809129621,-0.732206452475));
#10956 = CARTESIAN_POINT('',(-5.339088233114E-02,-0.729727656227));
#10957 = CARTESIAN_POINT('',(0.,-0.729727656227));
#10958 = ( GEOMETRIC_REPRESENTATION_CONTEXT(2) 
PARAMETRIC_REPRESENTATION_CONTEXT() REPRESENTATION_CONTEXT('2D SPACE',''
  ) );
#10959 = ORIENTED_EDGE('',*,*,#10960,.T.);
#10960 = EDGE_CURVE('',#10923,#10487,#10961,.T.);
#10961 = SURFACE_CURVE('',#10962,(#10967,#10973),.PCURVE_S1.);
#10962 = CIRCLE('',#10963,1.5);
#10963 = AXIS2_PLACEMENT_3D('',#10964,#10965,#10966);
#10964 = CARTESIAN_POINT('',(33.5,37.1,31.9));
#10965 = DIRECTION('',(-1.,-6.123233995737E-17,0.));
#10966 = DIRECTION('',(6.123233995737E-17,-1.,-0.));
#10967 = PCURVE('',#7618,#10968);
#10968 = DEFINITIONAL_REPRESENTATION('',(#10969),#10972);
#10969 = B_SPLINE_CURVE_WITH_KNOTS('',1,(#10970,#10971),.UNSPECIFIED.,
  .F.,.F.,(2,2),(4.712388980385,6.28318530718),
  .PIECEWISE_BEZIER_KNOTS.);
#10970 = CARTESIAN_POINT('',(1.570796326795,100.5));
#10971 = CARTESIAN_POINT('',(0.,100.5));
#10972 = ( GEOMETRIC_REPRESENTATION_CONTEXT(2) 
PARAMETRIC_REPRESENTATION_CONTEXT() REPRESENTATION_CONTEXT('2D SPACE',''
  ) );
#10973 = PCURVE('',#10503,#10974);
#10974 = DEFINITIONAL_REPRESENTATION('',(#10975),#10978);
#10975 = B_SPLINE_CURVE_WITH_KNOTS('',1,(#10976,#10977),.UNSPECIFIED.,
  .F.,.F.,(2,2),(4.712388980385,6.28318530718),
  .PIECEWISE_BEZIER_KNOTS.);
#10976 = CARTESIAN_POINT('',(-1.570796326795,-1.570796326795));
#10977 = CARTESIAN_POINT('',(-1.570796326795,0.));
#10978 = ( GEOMETRIC_REPRESENTATION_CONTEXT(2) 
PARAMETRIC_REPRESENTATION_CONTEXT() REPRESENTATION_CONTEXT('2D SPACE',''
  ) );
#10979 = ORIENTED_EDGE('',*,*,#10980,.F.);
#10980 = EDGE_CURVE('',#10280,#10487,#10981,.T.);
#10981 = SURFACE_CURVE('',#10982,(#10986,#10993),.PCURVE_S1.);
#10982 = LINE('',#10983,#10984);
#10983 = CARTESIAN_POINT('',(-67.,35.6,31.9));
#10984 = VECTOR('',#10985,1.);
#10985 = DIRECTION('',(1.,0.,-0.));
#10986 = PCURVE('',#7618,#10987);
#10987 = DEFINITIONAL_REPRESENTATION('',(#10988),#10992);
#10988 = LINE('',#10989,#10990);
#10989 = CARTESIAN_POINT('',(0.,0.));
#10990 = VECTOR('',#10991,1.);
#10991 = DIRECTION('',(0.,1.));
#10992 = ( GEOMETRIC_REPRESENTATION_CONTEXT(2) 
PARAMETRIC_REPRESENTATION_CONTEXT() REPRESENTATION_CONTEXT('2D SPACE',''
  ) );
#10993 = PCURVE('',#10319,#10994);
#10994 = DEFINITIONAL_REPRESENTATION('',(#10995),#10999);
#10995 = LINE('',#10996,#10997);
#10996 = CARTESIAN_POINT('',(1.5,0.));
#10997 = VECTOR('',#10998,1.);
#10998 = DIRECTION('',(0.,1.));
#10999 = ( GEOMETRIC_REPRESENTATION_CONTEXT(2) 
PARAMETRIC_REPRESENTATION_CONTEXT() REPRESENTATION_CONTEXT('2D SPACE',''
  ) );
#11000 = ADVANCED_FACE('',(#11001),#7738,.T.);
#11001 = FACE_BOUND('',#11002,.T.);
#11002 = EDGE_LOOP('',(#11003,#11004,#11028,#11056));
#11003 = ORIENTED_EDGE('',*,*,#7720,.F.);
#11004 = ORIENTED_EDGE('',*,*,#11005,.T.);
#11005 = EDGE_CURVE('',#7721,#11006,#11008,.T.);
#11006 = VERTEX_POINT('',#11007);
#11007 = CARTESIAN_POINT('',(34.5,35.6,-2.));
#11008 = SURFACE_CURVE('',#11009,(#11014,#11021),.PCURVE_S1.);
#11009 = CIRCLE('',#11010,1.5);
#11010 = AXIS2_PLACEMENT_3D('',#11011,#11012,#11013);
#11011 = CARTESIAN_POINT('',(34.5,37.1,-2.));
#11012 = DIRECTION('',(0.,0.,1.));
#11013 = DIRECTION('',(-1.,0.,0.));
#11014 = PCURVE('',#7738,#11015);
#11015 = DEFINITIONAL_REPRESENTATION('',(#11016),#11020);
#11016 = LINE('',#11017,#11018);
#11017 = CARTESIAN_POINT('',(0.,1.5));
#11018 = VECTOR('',#11019,1.);
#11019 = DIRECTION('',(1.,0.));
#11020 = ( GEOMETRIC_REPRESENTATION_CONTEXT(2) 
PARAMETRIC_REPRESENTATION_CONTEXT() REPRESENTATION_CONTEXT('2D SPACE',''
  ) );
#11021 = PCURVE('',#8279,#11022);
#11022 = DEFINITIONAL_REPRESENTATION('',(#11023),#11027);
#11023 = LINE('',#11024,#11025);
#11024 = CARTESIAN_POINT('',(0.,0.));
#11025 = VECTOR('',#11026,1.);
#11026 = DIRECTION('',(1.,0.));
#11027 = ( GEOMETRIC_REPRESENTATION_CONTEXT(2) 
PARAMETRIC_REPRESENTATION_CONTEXT() REPRESENTATION_CONTEXT('2D SPACE',''
  ) );
#11028 = ORIENTED_EDGE('',*,*,#11029,.T.);
#11029 = EDGE_CURVE('',#11006,#11030,#11032,.T.);
#11030 = VERTEX_POINT('',#11031);
#11031 = CARTESIAN_POINT('',(34.5,35.6,29.4));
#11032 = SURFACE_CURVE('',#11033,(#11037,#11044),.PCURVE_S1.);
#11033 = LINE('',#11034,#11035);
#11034 = CARTESIAN_POINT('',(34.5,35.6,-3.5));
#11035 = VECTOR('',#11036,1.);
#11036 = DIRECTION('',(0.,0.,1.));
#11037 = PCURVE('',#7738,#11038);
#11038 = DEFINITIONAL_REPRESENTATION('',(#11039),#11043);
#11039 = LINE('',#11040,#11041);
#11040 = CARTESIAN_POINT('',(1.570796326795,0.));
#11041 = VECTOR('',#11042,1.);
#11042 = DIRECTION('',(0.,1.));
#11043 = ( GEOMETRIC_REPRESENTATION_CONTEXT(2) 
PARAMETRIC_REPRESENTATION_CONTEXT() REPRESENTATION_CONTEXT('2D SPACE',''
  ) );
#11044 = PCURVE('',#11045,#11050);
#11045 = PLANE('',#11046);
#11046 = AXIS2_PLACEMENT_3D('',#11047,#11048,#11049);
#11047 = CARTESIAN_POINT('',(33.,35.6,-3.5));
#11048 = DIRECTION('',(-0.,1.,0.));
#11049 = DIRECTION('',(0.,0.,1.));
#11050 = DEFINITIONAL_REPRESENTATION('',(#11051),#11055);
#11051 = LINE('',#11052,#11053);
#11052 = CARTESIAN_POINT('',(0.,1.5));
#11053 = VECTOR('',#11054,1.);
#11054 = DIRECTION('',(1.,0.));
#11055 = ( GEOMETRIC_REPRESENTATION_CONTEXT(2) 
PARAMETRIC_REPRESENTATION_CONTEXT() REPRESENTATION_CONTEXT('2D SPACE',''
  ) );
#11056 = ORIENTED_EDGE('',*,*,#11057,.F.);
#11057 = EDGE_CURVE('',#7723,#11030,#11058,.T.);
#11058 = SURFACE_CURVE('',#11059,(#11064,#11071),.PCURVE_S1.);
#11059 = CIRCLE('',#11060,1.5);
#11060 = AXIS2_PLACEMENT_3D('',#11061,#11062,#11063);
#11061 = CARTESIAN_POINT('',(34.5,37.1,29.4));
#11062 = DIRECTION('',(0.,0.,1.));
#11063 = DIRECTION('',(-1.,0.,0.));
#11064 = PCURVE('',#7738,#11065);
#11065 = DEFINITIONAL_REPRESENTATION('',(#11066),#11070);
#11066 = LINE('',#11067,#11068);
#11067 = CARTESIAN_POINT('',(0.,32.9));
#11068 = VECTOR('',#11069,1.);
#11069 = DIRECTION('',(1.,0.));
#11070 = ( GEOMETRIC_REPRESENTATION_CONTEXT(2) 
PARAMETRIC_REPRESENTATION_CONTEXT() REPRESENTATION_CONTEXT('2D SPACE',''
  ) );
#11071 = PCURVE('',#10601,#11072);
#11072 = DEFINITIONAL_REPRESENTATION('',(#11073),#11077);
#11073 = LINE('',#11074,#11075);
#11074 = CARTESIAN_POINT('',(-0.,0.));
#11075 = VECTOR('',#11076,1.);
#11076 = DIRECTION('',(-1.,0.));
#11077 = ( GEOMETRIC_REPRESENTATION_CONTEXT(2) 
PARAMETRIC_REPRESENTATION_CONTEXT() REPRESENTATION_CONTEXT('2D SPACE',''
  ) );
#11078 = ADVANCED_FACE('',(#11079),#7813,.T.);
#11079 = FACE_BOUND('',#11080,.F.);
#11080 = EDGE_LOOP('',(#11081,#11106,#11107,#11108));
#11081 = ORIENTED_EDGE('',*,*,#11082,.F.);
#11082 = EDGE_CURVE('',#7850,#7905,#11083,.T.);
#11083 = SURFACE_CURVE('',#11084,(#11089,#11095),.PCURVE_S1.);
#11084 = CIRCLE('',#11085,1.5);
#11085 = AXIS2_PLACEMENT_3D('',#11086,#11087,#11088);
#11086 = CARTESIAN_POINT('',(35.5,37.1,29.4));
#11087 = DIRECTION('',(-0.,1.,0.));
#11088 = DIRECTION('',(1.,0.,0.));
#11089 = PCURVE('',#7813,#11090);
#11090 = DEFINITIONAL_REPRESENTATION('',(#11091),#11094);
#11091 = B_SPLINE_CURVE_WITH_KNOTS('',1,(#11092,#11093),.UNSPECIFIED.,
  .F.,.F.,(2,2),(4.712388980385,6.28318530718),
  .PIECEWISE_BEZIER_KNOTS.);
#11092 = CARTESIAN_POINT('',(-1.570796326795,1.5));
#11093 = CARTESIAN_POINT('',(0.,1.5));
#11094 = ( GEOMETRIC_REPRESENTATION_CONTEXT(2) 
PARAMETRIC_REPRESENTATION_CONTEXT() REPRESENTATION_CONTEXT('2D SPACE',''
  ) );
#11095 = PCURVE('',#11096,#11101);
#11096 = SPHERICAL_SURFACE('',#11097,1.5);
#11097 = AXIS2_PLACEMENT_3D('',#11098,#11099,#11100);
#11098 = CARTESIAN_POINT('',(35.5,37.1,29.4));
#11099 = DIRECTION('',(-0.,-0.,-1.));
#11100 = DIRECTION('',(1.,0.,0.));
#11101 = DEFINITIONAL_REPRESENTATION('',(#11102),#11105);
#11102 = B_SPLINE_CURVE_WITH_KNOTS('',1,(#11103,#11104),.UNSPECIFIED.,
  .F.,.F.,(2,2),(4.712388980385,6.28318530718),
  .PIECEWISE_BEZIER_KNOTS.);
#11103 = CARTESIAN_POINT('',(0.,-1.570796326795));
#11104 = CARTESIAN_POINT('',(0.,0.));
#11105 = ( GEOMETRIC_REPRESENTATION_CONTEXT(2) 
PARAMETRIC_REPRESENTATION_CONTEXT() REPRESENTATION_CONTEXT('2D SPACE',''
  ) );
#11106 = ORIENTED_EDGE('',*,*,#7877,.T.);
#11107 = ORIENTED_EDGE('',*,*,#7798,.F.);
#11108 = ORIENTED_EDGE('',*,*,#7959,.F.);
#11109 = ADVANCED_FACE('',(#11110),#7865,.T.);
#11110 = FACE_BOUND('',#11111,.F.);
#11111 = EDGE_LOOP('',(#11112,#11134,#11176,#11177,#11199));
#11112 = ORIENTED_EDGE('',*,*,#11113,.F.);
#11113 = EDGE_CURVE('',#11114,#11030,#11116,.T.);
#11114 = VERTEX_POINT('',#11115);
#11115 = CARTESIAN_POINT('',(34.5,36.715942712607,30.85));
#11116 = SURFACE_CURVE('',#11117,(#11122,#11128),.PCURVE_S1.);
#11117 = CIRCLE('',#11118,1.5);
#11118 = AXIS2_PLACEMENT_3D('',#11119,#11120,#11121);
#11119 = CARTESIAN_POINT('',(34.5,37.1,29.4));
#11120 = DIRECTION('',(1.,-2.832769448824E-16,0.));
#11121 = DIRECTION('',(-2.832769448824E-16,-1.,0.));
#11122 = PCURVE('',#7865,#11123);
#11123 = DEFINITIONAL_REPRESENTATION('',(#11124),#11127);
#11124 = B_SPLINE_CURVE_WITH_KNOTS('',1,(#11125,#11126),.UNSPECIFIED.,
  .F.,.F.,(2,2),(4.712388980385,6.28318530718),
  .PIECEWISE_BEZIER_KNOTS.);
#11125 = CARTESIAN_POINT('',(-1.570796326795,1.5));
#11126 = CARTESIAN_POINT('',(0.,1.5));
#11127 = ( GEOMETRIC_REPRESENTATION_CONTEXT(2) 
PARAMETRIC_REPRESENTATION_CONTEXT() REPRESENTATION_CONTEXT('2D SPACE',''
  ) );
#11128 = PCURVE('',#10601,#11129);
#11129 = DEFINITIONAL_REPRESENTATION('',(#11130),#11133);
#11130 = B_SPLINE_CURVE_WITH_KNOTS('',1,(#11131,#11132),.UNSPECIFIED.,
  .F.,.F.,(2,2),(4.712388980385,6.28318530718),
  .PIECEWISE_BEZIER_KNOTS.);
#11131 = CARTESIAN_POINT('',(-1.570796326795,-1.570796326795));
#11132 = CARTESIAN_POINT('',(-1.570796326795,0.));
#11133 = ( GEOMETRIC_REPRESENTATION_CONTEXT(2) 
PARAMETRIC_REPRESENTATION_CONTEXT() REPRESENTATION_CONTEXT('2D SPACE',''
  ) );
#11134 = ORIENTED_EDGE('',*,*,#11135,.F.);
#11135 = EDGE_CURVE('',#7829,#11114,#11136,.T.);
#11136 = SURFACE_CURVE('',#11137,(#11148,#11162),.PCURVE_S1.);
#11137 = B_SPLINE_CURVE_WITH_KNOTS('',5,(#11138,#11139,#11140,#11141,
    #11142,#11143,#11144,#11145,#11146,#11147),.UNSPECIFIED.,.F.,.F.,(6,
    4,6),(0.,0.475095894205,1.),.UNSPECIFIED.);
#11138 = CARTESIAN_POINT('',(34.61803398875,37.1,30.9));
#11139 = CARTESIAN_POINT('',(34.61803398875,37.060301982781,30.9));
#11140 = CARTESIAN_POINT('',(34.615097261978,37.020596378233,
    30.898686793556));
#11141 = CARTESIAN_POINT('',(34.609222565804,36.98133654414,
    30.896058911262));
#11142 = CARTESIAN_POINT('',(34.600569317909,36.942906204857,
    30.892225523243));
#11143 = CARTESIAN_POINT('',(34.577017004922,36.864384217872,
    30.881962558479));
#11144 = CARTESIAN_POINT('',(34.561555374998,36.824532114712,
    30.875301403477));
#11145 = CARTESIAN_POINT('',(34.543313141712,36.786412962664,
    30.867582349663));
#11146 = CARTESIAN_POINT('',(34.522683123123,36.750198462287,
    30.859073243805));
#11147 = CARTESIAN_POINT('',(34.4999994,36.715941806492,30.84999976));
#11148 = PCURVE('',#7865,#11149);
#11149 = DEFINITIONAL_REPRESENTATION('',(#11150),#11161);
#11150 = B_SPLINE_CURVE_WITH_KNOTS('',5,(#11151,#11152,#11153,#11154,
    #11155,#11156,#11157,#11158,#11159,#11160),.UNSPECIFIED.,.F.,.F.,(6,
    4,6),(0.,0.475095894205,1.),.UNSPECIFIED.);
#11151 = CARTESIAN_POINT('',(-1.570796326795,1.61803398875));
#11152 = CARTESIAN_POINT('',(-1.544330981982,1.61803398875));
#11153 = CARTESIAN_POINT('',(-1.517860644526,1.615097261978));
#11154 = CARTESIAN_POINT('',(-1.49164852048,1.609222565804));
#11155 = CARTESIAN_POINT('',(-1.465913097009,1.600569317909));
#11156 = CARTESIAN_POINT('',(-1.413119869809,1.577017004922));
#11157 = CARTESIAN_POINT('',(-1.386200453449,1.561555374998));
#11158 = CARTESIAN_POINT('',(-1.360290236788,1.543313141712));
#11159 = CARTESIAN_POINT('',(-1.335499443651,1.522683123123));
#11160 = CARTESIAN_POINT('',(-1.311874159882,1.4999994));
#11161 = ( GEOMETRIC_REPRESENTATION_CONTEXT(2) 
PARAMETRIC_REPRESENTATION_CONTEXT() REPRESENTATION_CONTEXT('2D SPACE',''
  ) );
#11162 = PCURVE('',#10503,#11163);
#11163 = DEFINITIONAL_REPRESENTATION('',(#11164),#11175);
#11164 = B_SPLINE_CURVE_WITH_KNOTS('',5,(#11165,#11166,#11167,#11168,
    #11169,#11170,#11171,#11172,#11173,#11174),.UNSPECIFIED.,.F.,.F.,(6,
    4,6),(0.,0.475095894205,1.),.UNSPECIFIED.);
#11165 = CARTESIAN_POINT('',(0.,-0.729727656227));
#11166 = CARTESIAN_POINT('',(-3.55069860294E-02,-0.729727656227));
#11167 = CARTESIAN_POINT('',(-7.102053394099E-02,-0.730902283859));
#11168 = CARTESIAN_POINT('',(-0.10641640429,-0.733252454245));
#11169 = CARTESIAN_POINT('',(-0.141626461414,-0.736694342963));
#11170 = CARTESIAN_POINT('',(-0.215220520057,-0.745968757132));
#11171 = CARTESIAN_POINT('',(-0.253558342903,-0.752015343001));
#11172 = CARTESIAN_POINT('',(-0.291555874063,-0.759071843217));
#11173 = CARTESIAN_POINT('',(-0.329243219231,-0.766927439685));
#11174 = CARTESIAN_POINT('',(-0.366688555908,-0.775397720655));
#11175 = ( GEOMETRIC_REPRESENTATION_CONTEXT(2) 
PARAMETRIC_REPRESENTATION_CONTEXT() REPRESENTATION_CONTEXT('2D SPACE',''
  ) );
#11176 = ORIENTED_EDGE('',*,*,#7849,.T.);
#11177 = ORIENTED_EDGE('',*,*,#11178,.T.);
#11178 = EDGE_CURVE('',#7850,#11179,#11181,.T.);
#11179 = VERTEX_POINT('',#11180);
#11180 = CARTESIAN_POINT('',(35.5,35.6,29.4));
#11181 = SURFACE_CURVE('',#11182,(#11187,#11193),.PCURVE_S1.);
#11182 = CIRCLE('',#11183,1.5);
#11183 = AXIS2_PLACEMENT_3D('',#11184,#11185,#11186);
#11184 = CARTESIAN_POINT('',(35.5,37.1,29.4));
#11185 = DIRECTION('',(1.,2.832769448824E-16,0.));
#11186 = DIRECTION('',(2.832769448824E-16,-1.,0.));
#11187 = PCURVE('',#7865,#11188);
#11188 = DEFINITIONAL_REPRESENTATION('',(#11189),#11192);
#11189 = B_SPLINE_CURVE_WITH_KNOTS('',1,(#11190,#11191),.UNSPECIFIED.,
  .F.,.F.,(2,2),(4.712388980385,6.28318530718),
  .PIECEWISE_BEZIER_KNOTS.);
#11190 = CARTESIAN_POINT('',(-1.570796326795,2.5));
#11191 = CARTESIAN_POINT('',(0.,2.5));
#11192 = ( GEOMETRIC_REPRESENTATION_CONTEXT(2) 
PARAMETRIC_REPRESENTATION_CONTEXT() REPRESENTATION_CONTEXT('2D SPACE',''
  ) );
#11193 = PCURVE('',#11096,#11194);
#11194 = DEFINITIONAL_REPRESENTATION('',(#11195),#11198);
#11195 = B_SPLINE_CURVE_WITH_KNOTS('',1,(#11196,#11197),.UNSPECIFIED.,
  .F.,.F.,(2,2),(4.712388980385,6.28318530718),
  .PIECEWISE_BEZIER_KNOTS.);
#11196 = CARTESIAN_POINT('',(1.570796326795,-1.570796326795));
#11197 = CARTESIAN_POINT('',(1.570796326795,0.));
#11198 = ( GEOMETRIC_REPRESENTATION_CONTEXT(2) 
PARAMETRIC_REPRESENTATION_CONTEXT() REPRESENTATION_CONTEXT('2D SPACE',''
  ) );
#11199 = ORIENTED_EDGE('',*,*,#11200,.F.);
#11200 = EDGE_CURVE('',#11030,#11179,#11201,.T.);
#11201 = SURFACE_CURVE('',#11202,(#11206,#11213),.PCURVE_S1.);
#11202 = LINE('',#11203,#11204);
#11203 = CARTESIAN_POINT('',(33.,35.6,29.4));
#11204 = VECTOR('',#11205,1.);
#11205 = DIRECTION('',(1.,0.,-0.));
#11206 = PCURVE('',#7865,#11207);
#11207 = DEFINITIONAL_REPRESENTATION('',(#11208),#11212);
#11208 = LINE('',#11209,#11210);
#11209 = CARTESIAN_POINT('',(-0.,0.));
#11210 = VECTOR('',#11211,1.);
#11211 = DIRECTION('',(-0.,1.));
#11212 = ( GEOMETRIC_REPRESENTATION_CONTEXT(2) 
PARAMETRIC_REPRESENTATION_CONTEXT() REPRESENTATION_CONTEXT('2D SPACE',''
  ) );
#11213 = PCURVE('',#11045,#11214);
#11214 = DEFINITIONAL_REPRESENTATION('',(#11215),#11219);
#11215 = LINE('',#11216,#11217);
#11216 = CARTESIAN_POINT('',(32.9,0.));
#11217 = VECTOR('',#11218,1.);
#11218 = DIRECTION('',(0.,1.));
#11219 = ( GEOMETRIC_REPRESENTATION_CONTEXT(2) 
PARAMETRIC_REPRESENTATION_CONTEXT() REPRESENTATION_CONTEXT('2D SPACE',''
  ) );
#11220 = ADVANCED_FACE('',(#11221),#7920,.T.);
#11221 = FACE_BOUND('',#11222,.F.);
#11222 = EDGE_LOOP('',(#11223,#11224,#11253,#11274));
#11223 = ORIENTED_EDGE('',*,*,#7902,.F.);
#11224 = ORIENTED_EDGE('',*,*,#11225,.T.);
#11225 = EDGE_CURVE('',#7903,#11226,#11228,.T.);
#11226 = VERTEX_POINT('',#11227);
#11227 = CARTESIAN_POINT('',(35.5,35.6,-2.));
#11228 = SURFACE_CURVE('',#11229,(#11234,#11241),.PCURVE_S1.);
#11229 = CIRCLE('',#11230,1.5);
#11230 = AXIS2_PLACEMENT_3D('',#11231,#11232,#11233);
#11231 = CARTESIAN_POINT('',(35.5,37.1,-2.));
#11232 = DIRECTION('',(0.,-0.,-1.));
#11233 = DIRECTION('',(1.,0.,-0.));
#11234 = PCURVE('',#7920,#11235);
#11235 = DEFINITIONAL_REPRESENTATION('',(#11236),#11240);
#11236 = LINE('',#11237,#11238);
#11237 = CARTESIAN_POINT('',(-0.,1.5));
#11238 = VECTOR('',#11239,1.);
#11239 = DIRECTION('',(-1.,0.));
#11240 = ( GEOMETRIC_REPRESENTATION_CONTEXT(2) 
PARAMETRIC_REPRESENTATION_CONTEXT() REPRESENTATION_CONTEXT('2D SPACE',''
  ) );
#11241 = PCURVE('',#11242,#11247);
#11242 = SPHERICAL_SURFACE('',#11243,1.5);
#11243 = AXIS2_PLACEMENT_3D('',#11244,#11245,#11246);
#11244 = CARTESIAN_POINT('',(35.5,37.1,-2.));
#11245 = DIRECTION('',(0.,0.,1.));
#11246 = DIRECTION('',(1.,0.,-0.));
#11247 = DEFINITIONAL_REPRESENTATION('',(#11248),#11252);
#11248 = LINE('',#11249,#11250);
#11249 = CARTESIAN_POINT('',(-0.,0.));
#11250 = VECTOR('',#11251,1.);
#11251 = DIRECTION('',(-1.,0.));
#11252 = ( GEOMETRIC_REPRESENTATION_CONTEXT(2) 
PARAMETRIC_REPRESENTATION_CONTEXT() REPRESENTATION_CONTEXT('2D SPACE',''
  ) );
#11253 = ORIENTED_EDGE('',*,*,#11254,.T.);
#11254 = EDGE_CURVE('',#11226,#11179,#11255,.T.);
#11255 = SURFACE_CURVE('',#11256,(#11260,#11267),.PCURVE_S1.);
#11256 = LINE('',#11257,#11258);
#11257 = CARTESIAN_POINT('',(35.5,35.6,-3.5));
#11258 = VECTOR('',#11259,1.);
#11259 = DIRECTION('',(0.,0.,1.));
#11260 = PCURVE('',#7920,#11261);
#11261 = DEFINITIONAL_REPRESENTATION('',(#11262),#11266);
#11262 = LINE('',#11263,#11264);
#11263 = CARTESIAN_POINT('',(-1.570796326795,0.));
#11264 = VECTOR('',#11265,1.);
#11265 = DIRECTION('',(-0.,1.));
#11266 = ( GEOMETRIC_REPRESENTATION_CONTEXT(2) 
PARAMETRIC_REPRESENTATION_CONTEXT() REPRESENTATION_CONTEXT('2D SPACE',''
  ) );
#11267 = PCURVE('',#11045,#11268);
#11268 = DEFINITIONAL_REPRESENTATION('',(#11269),#11273);
#11269 = LINE('',#11270,#11271);
#11270 = CARTESIAN_POINT('',(0.,2.5));
#11271 = VECTOR('',#11272,1.);
#11272 = DIRECTION('',(1.,0.));
#11273 = ( GEOMETRIC_REPRESENTATION_CONTEXT(2) 
PARAMETRIC_REPRESENTATION_CONTEXT() REPRESENTATION_CONTEXT('2D SPACE',''
  ) );
#11274 = ORIENTED_EDGE('',*,*,#11275,.F.);
#11275 = EDGE_CURVE('',#7905,#11179,#11276,.T.);
#11276 = SURFACE_CURVE('',#11277,(#11282,#11289),.PCURVE_S1.);
#11277 = CIRCLE('',#11278,1.5);
#11278 = AXIS2_PLACEMENT_3D('',#11279,#11280,#11281);
#11279 = CARTESIAN_POINT('',(35.5,37.1,29.4));
#11280 = DIRECTION('',(0.,0.,-1.));
#11281 = DIRECTION('',(1.,0.,0.));
#11282 = PCURVE('',#7920,#11283);
#11283 = DEFINITIONAL_REPRESENTATION('',(#11284),#11288);
#11284 = LINE('',#11285,#11286);
#11285 = CARTESIAN_POINT('',(-0.,32.9));
#11286 = VECTOR('',#11287,1.);
#11287 = DIRECTION('',(-1.,0.));
#11288 = ( GEOMETRIC_REPRESENTATION_CONTEXT(2) 
PARAMETRIC_REPRESENTATION_CONTEXT() REPRESENTATION_CONTEXT('2D SPACE',''
  ) );
#11289 = PCURVE('',#11096,#11290);
#11290 = DEFINITIONAL_REPRESENTATION('',(#11291),#11295);
#11291 = LINE('',#11292,#11293);
#11292 = CARTESIAN_POINT('',(0.,0.));
#11293 = VECTOR('',#11294,1.);
#11294 = DIRECTION('',(1.,0.));
#11295 = ( GEOMETRIC_REPRESENTATION_CONTEXT(2) 
PARAMETRIC_REPRESENTATION_CONTEXT() REPRESENTATION_CONTEXT('2D SPACE',''
  ) );
#11296 = ADVANCED_FACE('',(#11297),#7946,.T.);
#11297 = FACE_BOUND('',#11298,.T.);
#11298 = EDGE_LOOP('',(#11299,#11319,#11320,#11321));
#11299 = ORIENTED_EDGE('',*,*,#11300,.F.);
#11300 = EDGE_CURVE('',#8030,#7903,#11301,.T.);
#11301 = SURFACE_CURVE('',#11302,(#11307,#11313),.PCURVE_S1.);
#11302 = CIRCLE('',#11303,1.5);
#11303 = AXIS2_PLACEMENT_3D('',#11304,#11305,#11306);
#11304 = CARTESIAN_POINT('',(35.5,37.1,-2.));
#11305 = DIRECTION('',(0.,-1.,0.));
#11306 = DIRECTION('',(1.,0.,0.));
#11307 = PCURVE('',#7946,#11308);
#11308 = DEFINITIONAL_REPRESENTATION('',(#11309),#11312);
#11309 = B_SPLINE_CURVE_WITH_KNOTS('',1,(#11310,#11311),.UNSPECIFIED.,
  .F.,.F.,(2,2),(4.712388980385,6.28318530718),
  .PIECEWISE_BEZIER_KNOTS.);
#11310 = CARTESIAN_POINT('',(1.570796326795,1.5));
#11311 = CARTESIAN_POINT('',(0.,1.5));
#11312 = ( GEOMETRIC_REPRESENTATION_CONTEXT(2) 
PARAMETRIC_REPRESENTATION_CONTEXT() REPRESENTATION_CONTEXT('2D SPACE',''
  ) );
#11313 = PCURVE('',#11242,#11314);
#11314 = DEFINITIONAL_REPRESENTATION('',(#11315),#11318);
#11315 = B_SPLINE_CURVE_WITH_KNOTS('',1,(#11316,#11317),.UNSPECIFIED.,
  .F.,.F.,(2,2),(4.712388980385,6.28318530718),
  .PIECEWISE_BEZIER_KNOTS.);
#11316 = CARTESIAN_POINT('',(0.,-1.570796326795));
#11317 = CARTESIAN_POINT('',(0.,0.));
#11318 = ( GEOMETRIC_REPRESENTATION_CONTEXT(2) 
PARAMETRIC_REPRESENTATION_CONTEXT() REPRESENTATION_CONTEXT('2D SPACE',''
  ) );
#11319 = ORIENTED_EDGE('',*,*,#8057,.T.);
#11320 = ORIENTED_EDGE('',*,*,#7983,.T.);
#11321 = ORIENTED_EDGE('',*,*,#7932,.F.);
#11322 = ADVANCED_FACE('',(#11323),#8045,.T.);
#11323 = FACE_BOUND('',#11324,.T.);
#11324 = EDGE_LOOP('',(#11325,#11347,#11389,#11390,#11410));
#11325 = ORIENTED_EDGE('',*,*,#11326,.F.);
#11326 = EDGE_CURVE('',#11327,#11006,#11329,.T.);
#11327 = VERTEX_POINT('',#11328);
#11328 = CARTESIAN_POINT('',(34.5,36.715942712607,-3.45));
#11329 = SURFACE_CURVE('',#11330,(#11335,#11341),.PCURVE_S1.);
#11330 = CIRCLE('',#11331,1.5);
#11331 = AXIS2_PLACEMENT_3D('',#11332,#11333,#11334);
#11332 = CARTESIAN_POINT('',(34.5,37.1,-2.));
#11333 = DIRECTION('',(-1.,2.832769448824E-16,0.));
#11334 = DIRECTION('',(-2.832769448824E-16,-1.,0.));
#11335 = PCURVE('',#8045,#11336);
#11336 = DEFINITIONAL_REPRESENTATION('',(#11337),#11340);
#11337 = B_SPLINE_CURVE_WITH_KNOTS('',1,(#11338,#11339),.UNSPECIFIED.,
  .F.,.F.,(2,2),(4.712388980385,6.28318530718),
  .PIECEWISE_BEZIER_KNOTS.);
#11338 = CARTESIAN_POINT('',(1.570796326795,1.5));
#11339 = CARTESIAN_POINT('',(0.,1.5));
#11340 = ( GEOMETRIC_REPRESENTATION_CONTEXT(2) 
PARAMETRIC_REPRESENTATION_CONTEXT() REPRESENTATION_CONTEXT('2D SPACE',''
  ) );
#11341 = PCURVE('',#8279,#11342);
#11342 = DEFINITIONAL_REPRESENTATION('',(#11343),#11346);
#11343 = B_SPLINE_CURVE_WITH_KNOTS('',1,(#11344,#11345),.UNSPECIFIED.,
  .F.,.F.,(2,2),(4.712388980385,6.28318530718),
  .PIECEWISE_BEZIER_KNOTS.);
#11344 = CARTESIAN_POINT('',(1.570796326795,-1.570796326795));
#11345 = CARTESIAN_POINT('',(1.570796326795,0.));
#11346 = ( GEOMETRIC_REPRESENTATION_CONTEXT(2) 
PARAMETRIC_REPRESENTATION_CONTEXT() REPRESENTATION_CONTEXT('2D SPACE',''
  ) );
#11347 = ORIENTED_EDGE('',*,*,#11348,.F.);
#11348 = EDGE_CURVE('',#8009,#11327,#11349,.T.);
#11349 = SURFACE_CURVE('',#11350,(#11361,#11375),.PCURVE_S1.);
#11350 = B_SPLINE_CURVE_WITH_KNOTS('',5,(#11351,#11352,#11353,#11354,
    #11355,#11356,#11357,#11358,#11359,#11360),.UNSPECIFIED.,.F.,.F.,(6,
    4,6),(0.,0.475095894205,1.),.UNSPECIFIED.);
#11351 = CARTESIAN_POINT('',(34.61803398875,37.1,-3.5));
#11352 = CARTESIAN_POINT('',(34.61803398875,37.060301982781,-3.5));
#11353 = CARTESIAN_POINT('',(34.615097261978,37.020596378233,
    -3.498686793556));
#11354 = CARTESIAN_POINT('',(34.609222565804,36.98133654414,
    -3.496058911262));
#11355 = CARTESIAN_POINT('',(34.600569317909,36.942906204857,
    -3.492225523243));
#11356 = CARTESIAN_POINT('',(34.577017004922,36.864384217872,
    -3.481962558479));
#11357 = CARTESIAN_POINT('',(34.561555374998,36.824532114713,
    -3.475301403477));
#11358 = CARTESIAN_POINT('',(34.543313141713,36.786412962664,
    -3.467582349663));
#11359 = CARTESIAN_POINT('',(34.522683123123,36.750198462287,
    -3.459073243805));
#11360 = CARTESIAN_POINT('',(34.4999994,36.715941806493,-3.44999976));
#11361 = PCURVE('',#8045,#11362);
#11362 = DEFINITIONAL_REPRESENTATION('',(#11363),#11374);
#11363 = B_SPLINE_CURVE_WITH_KNOTS('',5,(#11364,#11365,#11366,#11367,
    #11368,#11369,#11370,#11371,#11372,#11373),.UNSPECIFIED.,.F.,.F.,(6,
    4,6),(0.,0.475095894205,1.),.UNSPECIFIED.);
#11364 = CARTESIAN_POINT('',(1.570796326795,1.61803398875));
#11365 = CARTESIAN_POINT('',(1.544330981982,1.61803398875));
#11366 = CARTESIAN_POINT('',(1.517860644526,1.615097261978));
#11367 = CARTESIAN_POINT('',(1.49164852048,1.609222565804));
#11368 = CARTESIAN_POINT('',(1.465913097009,1.600569317909));
#11369 = CARTESIAN_POINT('',(1.413119869809,1.577017004922));
#11370 = CARTESIAN_POINT('',(1.38620045345,1.561555374998));
#11371 = CARTESIAN_POINT('',(1.360290236788,1.543313141713));
#11372 = CARTESIAN_POINT('',(1.335499443651,1.522683123123));
#11373 = CARTESIAN_POINT('',(1.311874159883,1.4999994));
#11374 = ( GEOMETRIC_REPRESENTATION_CONTEXT(2) 
PARAMETRIC_REPRESENTATION_CONTEXT() REPRESENTATION_CONTEXT('2D SPACE',''
  ) );
#11375 = PCURVE('',#8248,#11376);
#11376 = DEFINITIONAL_REPRESENTATION('',(#11377),#11388);
#11377 = B_SPLINE_CURVE_WITH_KNOTS('',5,(#11378,#11379,#11380,#11381,
    #11382,#11383,#11384,#11385,#11386,#11387),.UNSPECIFIED.,.F.,.F.,(6,
    4,6),(0.,0.475095894205,1.),.UNSPECIFIED.);
#11378 = CARTESIAN_POINT('',(0.,-0.729727656227));
#11379 = CARTESIAN_POINT('',(3.55069860294E-02,-0.729727656227));
#11380 = CARTESIAN_POINT('',(7.102053394098E-02,-0.730902283859));
#11381 = CARTESIAN_POINT('',(0.10641640429,-0.733252454245));
#11382 = CARTESIAN_POINT('',(0.141626461414,-0.736694342963));
#11383 = CARTESIAN_POINT('',(0.215220520057,-0.745968757132));
#11384 = CARTESIAN_POINT('',(0.253558342903,-0.752015343001));
#11385 = CARTESIAN_POINT('',(0.291555874063,-0.759071843217));
#11386 = CARTESIAN_POINT('',(0.32924321923,-0.766927439685));
#11387 = CARTESIAN_POINT('',(0.366688555908,-0.775397720656));
#11388 = ( GEOMETRIC_REPRESENTATION_CONTEXT(2) 
PARAMETRIC_REPRESENTATION_CONTEXT() REPRESENTATION_CONTEXT('2D SPACE',''
  ) );
#11389 = ORIENTED_EDGE('',*,*,#8029,.T.);
#11390 = ORIENTED_EDGE('',*,*,#11391,.T.);
#11391 = EDGE_CURVE('',#8030,#11226,#11392,.T.);
#11392 = SURFACE_CURVE('',#11393,(#11398,#11404),.PCURVE_S1.);
#11393 = CIRCLE('',#11394,1.5);
#11394 = AXIS2_PLACEMENT_3D('',#11395,#11396,#11397);
#11395 = CARTESIAN_POINT('',(35.5,37.1,-2.));
#11396 = DIRECTION('',(-1.,-2.832769448824E-16,0.));
#11397 = DIRECTION('',(2.832769448824E-16,-1.,-0.));
#11398 = PCURVE('',#8045,#11399);
#11399 = DEFINITIONAL_REPRESENTATION('',(#11400),#11403);
#11400 = B_SPLINE_CURVE_WITH_KNOTS('',1,(#11401,#11402),.UNSPECIFIED.,
  .F.,.F.,(2,2),(4.712388980385,6.28318530718),
  .PIECEWISE_BEZIER_KNOTS.);
#11401 = CARTESIAN_POINT('',(1.570796326795,2.5));
#11402 = CARTESIAN_POINT('',(0.,2.5));
#11403 = ( GEOMETRIC_REPRESENTATION_CONTEXT(2) 
PARAMETRIC_REPRESENTATION_CONTEXT() REPRESENTATION_CONTEXT('2D SPACE',''
  ) );
#11404 = PCURVE('',#11242,#11405);
#11405 = DEFINITIONAL_REPRESENTATION('',(#11406),#11409);
#11406 = B_SPLINE_CURVE_WITH_KNOTS('',1,(#11407,#11408),.UNSPECIFIED.,
  .F.,.F.,(2,2),(4.712388980385,6.28318530718),
  .PIECEWISE_BEZIER_KNOTS.);
#11407 = CARTESIAN_POINT('',(-1.570796326795,-1.570796326795));
#11408 = CARTESIAN_POINT('',(-1.570796326795,0.));
#11409 = ( GEOMETRIC_REPRESENTATION_CONTEXT(2) 
PARAMETRIC_REPRESENTATION_CONTEXT() REPRESENTATION_CONTEXT('2D SPACE',''
  ) );
#11410 = ORIENTED_EDGE('',*,*,#11411,.F.);
#11411 = EDGE_CURVE('',#11006,#11226,#11412,.T.);
#11412 = SURFACE_CURVE('',#11413,(#11417,#11424),.PCURVE_S1.);
#11413 = LINE('',#11414,#11415);
#11414 = CARTESIAN_POINT('',(33.,35.6,-2.));
#11415 = VECTOR('',#11416,1.);
#11416 = DIRECTION('',(1.,0.,-0.));
#11417 = PCURVE('',#8045,#11418);
#11418 = DEFINITIONAL_REPRESENTATION('',(#11419),#11423);
#11419 = LINE('',#11420,#11421);
#11420 = CARTESIAN_POINT('',(0.,0.));
#11421 = VECTOR('',#11422,1.);
#11422 = DIRECTION('',(0.,1.));
#11423 = ( GEOMETRIC_REPRESENTATION_CONTEXT(2) 
PARAMETRIC_REPRESENTATION_CONTEXT() REPRESENTATION_CONTEXT('2D SPACE',''
  ) );
#11424 = PCURVE('',#11045,#11425);
#11425 = DEFINITIONAL_REPRESENTATION('',(#11426),#11430);
#11426 = LINE('',#11427,#11428);
#11427 = CARTESIAN_POINT('',(1.5,0.));
#11428 = VECTOR('',#11429,1.);
#11429 = DIRECTION('',(0.,1.));
#11430 = ( GEOMETRIC_REPRESENTATION_CONTEXT(2) 
PARAMETRIC_REPRESENTATION_CONTEXT() REPRESENTATION_CONTEXT('2D SPACE',''
  ) );
#11431 = ADVANCED_FACE('',(#11432),#8112,.T.);
#11432 = FACE_BOUND('',#11433,.T.);
#11433 = EDGE_LOOP('',(#11434,#11435,#11436));
#11434 = ORIENTED_EDGE('',*,*,#8182,.F.);
#11435 = ORIENTED_EDGE('',*,*,#8879,.T.);
#11436 = ORIENTED_EDGE('',*,*,#8095,.F.);
#11437 = ADVANCED_FACE('',(#11438),#8167,.T.);
#11438 = FACE_BOUND('',#11439,.F.);
#11439 = EDGE_LOOP('',(#11440,#11441,#11442,#11504,#11505));
#11440 = ORIENTED_EDGE('',*,*,#8208,.F.);
#11441 = ORIENTED_EDGE('',*,*,#9343,.F.);
#11442 = ORIENTED_EDGE('',*,*,#11443,.T.);
#11443 = EDGE_CURVE('',#9344,#8328,#11444,.T.);
#11444 = SURFACE_CURVE('',#11445,(#11450,#11477),.PCURVE_S1.);
#11445 = CIRCLE('',#11446,0.661437827766);
#11446 = AXIS2_PLACEMENT_3D('',#11447,#11448,#11449);
#11447 = CARTESIAN_POINT('',(-66.,37.1,-3.25));
#11448 = DIRECTION('',(-0.371390676354,0.,0.928476690885));
#11449 = DIRECTION('',(-0.928476690885,0.,-0.371390676354));
#11450 = PCURVE('',#8167,#11451);
#11451 = DEFINITIONAL_REPRESENTATION('',(#11452),#11476);
#11452 = B_SPLINE_CURVE_WITH_KNOTS('',8,(#11453,#11454,#11455,#11456,
    #11457,#11458,#11459,#11460,#11461,#11462,#11463,#11464,#11465,
    #11466,#11467,#11468,#11469,#11470,#11471,#11472,#11473,#11474,
    #11475),.UNSPECIFIED.,.F.,.F.,(9,7,7,9),(0.619514606682,
    1.570796326795,2.046437186852,2.522078046908),.UNSPECIFIED.);
#11453 = CARTESIAN_POINT('',(-0.366687565452,-0.775397496611));
#11454 = CARTESIAN_POINT('',(-0.436683122354,-0.79123073768));
#11455 = CARTESIAN_POINT('',(-0.506457233987,-0.810361873314));
#11456 = CARTESIAN_POINT('',(-0.575997224229,-0.832660510426));
#11457 = CARTESIAN_POINT('',(-0.645324784584,-0.857962521437));
#11458 = CARTESIAN_POINT('',(-0.714525328813,-0.886076241898));
#11459 = CARTESIAN_POINT('',(-0.783750699886,-0.916790693846));
#11460 = CARTESIAN_POINT('',(-0.853253520539,-0.949881578681));
#11461 = CARTESIAN_POINT('',(-0.958640457899,-1.002725385666));
#11462 = CARTESIAN_POINT('',(-0.993958535558,-1.020874556427));
#11463 = CARTESIAN_POINT('',(-1.029524539304,-1.039528570936));
#11464 = CARTESIAN_POINT('',(-1.065414860018,-1.058656708065));
#11465 = CARTESIAN_POINT('',(-1.101722983274,-1.078227421081));
#11466 = CARTESIAN_POINT('',(-1.138568290086,-1.098208105587));
#11467 = CARTESIAN_POINT('',(-1.17611412706,-1.118564464569));
#11468 = CARTESIAN_POINT('',(-1.253076164811,-1.159954476537));
#11469 = CARTESIAN_POINT('',(-1.292492845444,-1.180988108163));
#11470 = CARTESIAN_POINT('',(-1.333079979094,-1.202323348778));
#11471 = CARTESIAN_POINT('',(-1.375155922388,-1.223919871892));
#11472 = CARTESIAN_POINT('',(-1.419132329217,-1.245734023175));
#11473 = CARTESIAN_POINT('',(-1.465650238871,-1.267712651583));
#11474 = CARTESIAN_POINT('',(-1.51559364532,-1.289793712199));
#11475 = CARTESIAN_POINT('',(-1.570796326795,-1.311874784789));
#11476 = ( GEOMETRIC_REPRESENTATION_CONTEXT(2) 
PARAMETRIC_REPRESENTATION_CONTEXT() REPRESENTATION_CONTEXT('2D SPACE',''
  ) );
#11477 = PCURVE('',#8377,#11478);
#11478 = DEFINITIONAL_REPRESENTATION('',(#11479),#11503);
#11479 = B_SPLINE_CURVE_WITH_KNOTS('',8,(#11480,#11481,#11482,#11483,
    #11484,#11485,#11486,#11487,#11488,#11489,#11490,#11491,#11492,
    #11493,#11494,#11495,#11496,#11497,#11498,#11499,#11500,#11501,
    #11502),.UNSPECIFIED.,.F.,.F.,(9,7,7,9),(0.619514606682,
    1.095155466738,1.808616756823,2.522078046908),.UNSPECIFIED.);
#11480 = CARTESIAN_POINT('',(-1.570796326795,-1.311874784789));
#11481 = CARTESIAN_POINT('',(-1.51559364532,-1.289793712199));
#11482 = CARTESIAN_POINT('',(-1.465650238866,-1.267712651582));
#11483 = CARTESIAN_POINT('',(-1.419132329236,-1.245734023176));
#11484 = CARTESIAN_POINT('',(-1.375155922366,-1.223919871889));
#11485 = CARTESIAN_POINT('',(-1.333079979114,-1.202323348783));
#11486 = CARTESIAN_POINT('',(-1.29249284544,-1.180988108163));
#11487 = CARTESIAN_POINT('',(-1.253076164811,-1.159954476537));
#11488 = CARTESIAN_POINT('',(-1.156873617622,-1.108216961577));
#11489 = CARTESIAN_POINT('',(-1.101256404755,-1.077936402117));
#11490 = CARTESIAN_POINT('',(-1.046950088419,-1.048542818695));
#11491 = CARTESIAN_POINT('',(-0.993529652007,-1.020147117571));
#11492 = CARTESIAN_POINT('',(-0.940705133029,-0.992854998106));
#11493 = CARTESIAN_POINT('',(-0.888258770159,-0.966768671917));
#11494 = CARTESIAN_POINT('',(-0.836046091185,-0.941985666303));
#11495 = CARTESIAN_POINT('',(-0.731862683893,-0.895212314553));
#11496 = CARTESIAN_POINT('',(-0.679892217865,-0.8732219654));
#11497 = CARTESIAN_POINT('',(-0.627933519704,-0.852720786448));
#11498 = CARTESIAN_POINT('',(-0.575916292596,-0.833796902983));
#11499 = CARTESIAN_POINT('',(-0.523798138533,-0.816532503674));
#11500 = CARTESIAN_POINT('',(-0.471556559373,-0.801002409124));
#11501 = CARTESIAN_POINT('',(-0.419184233128,-0.787272427413));
#11502 = CARTESIAN_POINT('',(-0.366687565452,-0.775397496611));
#11503 = ( GEOMETRIC_REPRESENTATION_CONTEXT(2) 
PARAMETRIC_REPRESENTATION_CONTEXT() REPRESENTATION_CONTEXT('2D SPACE',''
  ) );
#11504 = ORIENTED_EDGE('',*,*,#8327,.T.);
#11505 = ORIENTED_EDGE('',*,*,#8152,.F.);
#11506 = ADVANCED_FACE('',(#11507),#8140,.F.);
#11507 = FACE_BOUND('',#11508,.F.);
#11508 = EDGE_LOOP('',(#11509,#11510,#11511,#11512));
#11509 = ORIENTED_EDGE('',*,*,#8124,.T.);
#11510 = ORIENTED_EDGE('',*,*,#8701,.T.);
#11511 = ORIENTED_EDGE('',*,*,#8807,.F.);
#11512 = ORIENTED_EDGE('',*,*,#8920,.F.);
#11513 = ADVANCED_FACE('',(#11514),#8248,.T.);
#11514 = FACE_BOUND('',#11515,.T.);
#11515 = EDGE_LOOP('',(#11516,#11517,#11518,#11580,#11581));
#11516 = ORIENTED_EDGE('',*,*,#8234,.F.);
#11517 = ORIENTED_EDGE('',*,*,#11348,.T.);
#11518 = ORIENTED_EDGE('',*,*,#11519,.F.);
#11519 = EDGE_CURVE('',#8642,#11327,#11520,.T.);
#11520 = SURFACE_CURVE('',#11521,(#11526,#11553),.PCURVE_S1.);
#11521 = CIRCLE('',#11522,0.661437827766);
#11522 = AXIS2_PLACEMENT_3D('',#11523,#11524,#11525);
#11523 = CARTESIAN_POINT('',(34.,37.1,-3.25));
#11524 = DIRECTION('',(0.371390676354,0.,0.928476690885));
#11525 = DIRECTION('',(-0.928476690885,0.,0.371390676354));
#11526 = PCURVE('',#8248,#11527);
#11527 = DEFINITIONAL_REPRESENTATION('',(#11528),#11552);
#11528 = B_SPLINE_CURVE_WITH_KNOTS('',8,(#11529,#11530,#11531,#11532,
    #11533,#11534,#11535,#11536,#11537,#11538,#11539,#11540,#11541,
    #11542,#11543,#11544,#11545,#11546,#11547,#11548,#11549,#11550,
    #11551),.UNSPECIFIED.,.F.,.F.,(9,7,7,9),(0.619514606682,
    1.095155466738,1.808616756823,2.522078046908),.UNSPECIFIED.);
#11529 = CARTESIAN_POINT('',(1.570796326795,-1.311874784789));
#11530 = CARTESIAN_POINT('',(1.51559364532,-1.289793712199));
#11531 = CARTESIAN_POINT('',(1.465650238865,-1.267712651582));
#11532 = CARTESIAN_POINT('',(1.419132329237,-1.245734023178));
#11533 = CARTESIAN_POINT('',(1.375155922359,-1.223919871878));
#11534 = CARTESIAN_POINT('',(1.333079979111,-1.202323348783));
#11535 = CARTESIAN_POINT('',(1.29249284544,-1.180988108163));
#11536 = CARTESIAN_POINT('',(1.253076164811,-1.159954476537));
#11537 = CARTESIAN_POINT('',(1.156873617622,-1.108216961577));
#11538 = CARTESIAN_POINT('',(1.101256404755,-1.077936402117));
#11539 = CARTESIAN_POINT('',(1.046950088419,-1.048542818695));
#11540 = CARTESIAN_POINT('',(0.993529652008,-1.020147117571));
#11541 = CARTESIAN_POINT('',(0.94070513303,-0.992854998107));
#11542 = CARTESIAN_POINT('',(0.888258770159,-0.966768671917));
#11543 = CARTESIAN_POINT('',(0.836046091185,-0.941985666303));
#11544 = CARTESIAN_POINT('',(0.731862683893,-0.895212314553));
#11545 = CARTESIAN_POINT('',(0.679892217865,-0.8732219654));
#11546 = CARTESIAN_POINT('',(0.627933519704,-0.852720786448));
#11547 = CARTESIAN_POINT('',(0.575916292596,-0.833796902983));
#11548 = CARTESIAN_POINT('',(0.523798138533,-0.816532503674));
#11549 = CARTESIAN_POINT('',(0.471556559373,-0.801002409124));
#11550 = CARTESIAN_POINT('',(0.419184233128,-0.787272427413));
#11551 = CARTESIAN_POINT('',(0.366687565452,-0.775397496611));
#11552 = ( GEOMETRIC_REPRESENTATION_CONTEXT(2) 
PARAMETRIC_REPRESENTATION_CONTEXT() REPRESENTATION_CONTEXT('2D SPACE',''
  ) );
#11553 = PCURVE('',#8279,#11554);
#11554 = DEFINITIONAL_REPRESENTATION('',(#11555),#11579);
#11555 = B_SPLINE_CURVE_WITH_KNOTS('',8,(#11556,#11557,#11558,#11559,
    #11560,#11561,#11562,#11563,#11564,#11565,#11566,#11567,#11568,
    #11569,#11570,#11571,#11572,#11573,#11574,#11575,#11576,#11577,
    #11578),.UNSPECIFIED.,.F.,.F.,(9,7,7,9),(0.619514606682,
    1.570796326795,2.046437186852,2.522078046908),.UNSPECIFIED.);
#11556 = CARTESIAN_POINT('',(0.366687565452,-0.775397496611));
#11557 = CARTESIAN_POINT('',(0.436683122354,-0.79123073768));
#11558 = CARTESIAN_POINT('',(0.506457233987,-0.810361873314));
#11559 = CARTESIAN_POINT('',(0.575997224229,-0.832660510426));
#11560 = CARTESIAN_POINT('',(0.645324784584,-0.857962521437));
#11561 = CARTESIAN_POINT('',(0.714525328814,-0.886076241898));
#11562 = CARTESIAN_POINT('',(0.783750699886,-0.916790693846));
#11563 = CARTESIAN_POINT('',(0.853253520539,-0.949881578681));
#11564 = CARTESIAN_POINT('',(0.958640457899,-1.002725385666));
#11565 = CARTESIAN_POINT('',(0.993958535558,-1.020874556427));
#11566 = CARTESIAN_POINT('',(1.029524539304,-1.039528570936));
#11567 = CARTESIAN_POINT('',(1.065414860018,-1.058656708065));
#11568 = CARTESIAN_POINT('',(1.101722983274,-1.078227421081));
#11569 = CARTESIAN_POINT('',(1.138568290086,-1.098208105587));
#11570 = CARTESIAN_POINT('',(1.17611412706,-1.118564464569));
#11571 = CARTESIAN_POINT('',(1.253076164811,-1.159954476537));
#11572 = CARTESIAN_POINT('',(1.292492845444,-1.180988108162));
#11573 = CARTESIAN_POINT('',(1.333079979102,-1.202323348782));
#11574 = CARTESIAN_POINT('',(1.375155922371,-1.223919871879));
#11575 = CARTESIAN_POINT('',(1.419132329229,-1.245734023178));
#11576 = CARTESIAN_POINT('',(1.465650238868,-1.267712651582));
#11577 = CARTESIAN_POINT('',(1.51559364532,-1.289793712199));
#11578 = CARTESIAN_POINT('',(1.570796326795,-1.311874784789));
#11579 = ( GEOMETRIC_REPRESENTATION_CONTEXT(2) 
PARAMETRIC_REPRESENTATION_CONTEXT() REPRESENTATION_CONTEXT('2D SPACE',''
  ) );
#11580 = ORIENTED_EDGE('',*,*,#8679,.T.);
#11581 = ORIENTED_EDGE('',*,*,#8828,.F.);
#11582 = ADVANCED_FACE('',(#11583),#8279,.T.);
#11583 = FACE_BOUND('',#11584,.T.);
#11584 = EDGE_LOOP('',(#11585,#11586,#11587,#11588,#11589));
#11585 = ORIENTED_EDGE('',*,*,#8265,.F.);
#11586 = ORIENTED_EDGE('',*,*,#8641,.F.);
#11587 = ORIENTED_EDGE('',*,*,#11519,.T.);
#11588 = ORIENTED_EDGE('',*,*,#11326,.T.);
#11589 = ORIENTED_EDGE('',*,*,#11005,.F.);
#11590 = ADVANCED_FACE('',(#11591),#8310,.T.);
#11591 = FACE_BOUND('',#11592,.F.);
#11592 = EDGE_LOOP('',(#11593,#11594,#11595,#11615));
#11593 = ORIENTED_EDGE('',*,*,#8296,.F.);
#11594 = ORIENTED_EDGE('',*,*,#8532,.T.);
#11595 = ORIENTED_EDGE('',*,*,#11596,.T.);
#11596 = EDGE_CURVE('',#8507,#10230,#11597,.T.);
#11597 = SURFACE_CURVE('',#11598,(#11603,#11609),.PCURVE_S1.);
#11598 = CIRCLE('',#11599,1.5);
#11599 = AXIS2_PLACEMENT_3D('',#11600,#11601,#11602);
#11600 = CARTESIAN_POINT('',(-14.,37.1,-2.));
#11601 = DIRECTION('',(-1.,-6.123233995737E-17,0.));
#11602 = DIRECTION('',(6.123233995737E-17,-1.,-0.));
#11603 = PCURVE('',#8310,#11604);
#11604 = DEFINITIONAL_REPRESENTATION('',(#11605),#11608);
#11605 = B_SPLINE_CURVE_WITH_KNOTS('',1,(#11606,#11607),.UNSPECIFIED.,
  .F.,.F.,(2,2),(4.712388980385,6.28318530718),
  .PIECEWISE_BEZIER_KNOTS.);
#11606 = CARTESIAN_POINT('',(-1.570796326795,-1.570796326795));
#11607 = CARTESIAN_POINT('',(-1.570796326795,0.));
#11608 = ( GEOMETRIC_REPRESENTATION_CONTEXT(2) 
PARAMETRIC_REPRESENTATION_CONTEXT() REPRESENTATION_CONTEXT('2D SPACE',''
  ) );
#11609 = PCURVE('',#8521,#11610);
#11610 = DEFINITIONAL_REPRESENTATION('',(#11611),#11614);
#11611 = B_SPLINE_CURVE_WITH_KNOTS('',1,(#11612,#11613),.UNSPECIFIED.,
  .F.,.F.,(2,2),(4.712388980385,6.28318530718),
  .PIECEWISE_BEZIER_KNOTS.);
#11612 = CARTESIAN_POINT('',(1.570796326795,5.5));
#11613 = CARTESIAN_POINT('',(0.,5.5));
#11614 = ( GEOMETRIC_REPRESENTATION_CONTEXT(2) 
PARAMETRIC_REPRESENTATION_CONTEXT() REPRESENTATION_CONTEXT('2D SPACE',''
  ) );
#11615 = ORIENTED_EDGE('',*,*,#10229,.F.);
#11616 = ADVANCED_FACE('',(#11617),#8521,.T.);
#11617 = FACE_BOUND('',#11618,.T.);
#11618 = EDGE_LOOP('',(#11619,#11639,#11640,#11641));
#11619 = ORIENTED_EDGE('',*,*,#11620,.F.);
#11620 = EDGE_CURVE('',#8398,#9427,#11621,.T.);
#11621 = SURFACE_CURVE('',#11622,(#11627,#11633),.PCURVE_S1.);
#11622 = CIRCLE('',#11623,1.5);
#11623 = AXIS2_PLACEMENT_3D('',#11624,#11625,#11626);
#11624 = CARTESIAN_POINT('',(-18.,37.1,-2.));
#11625 = DIRECTION('',(-1.,6.123233995737E-17,0.));
#11626 = DIRECTION('',(-6.123233995737E-17,-1.,0.));
#11627 = PCURVE('',#8521,#11628);
#11628 = DEFINITIONAL_REPRESENTATION('',(#11629),#11632);
#11629 = B_SPLINE_CURVE_WITH_KNOTS('',1,(#11630,#11631),.UNSPECIFIED.,
  .F.,.F.,(2,2),(4.712388980385,6.28318530718),
  .PIECEWISE_BEZIER_KNOTS.);
#11630 = CARTESIAN_POINT('',(1.570796326795,1.5));
#11631 = CARTESIAN_POINT('',(0.,1.5));
#11632 = ( GEOMETRIC_REPRESENTATION_CONTEXT(2) 
PARAMETRIC_REPRESENTATION_CONTEXT() REPRESENTATION_CONTEXT('2D SPACE',''
  ) );
#11633 = PCURVE('',#8467,#11634);
#11634 = DEFINITIONAL_REPRESENTATION('',(#11635),#11638);
#11635 = B_SPLINE_CURVE_WITH_KNOTS('',1,(#11636,#11637),.UNSPECIFIED.,
  .F.,.F.,(2,2),(4.712388980385,6.28318530718),
  .PIECEWISE_BEZIER_KNOTS.);
#11636 = CARTESIAN_POINT('',(1.570796326795,-1.570796326795));
#11637 = CARTESIAN_POINT('',(1.570796326795,0.));
#11638 = ( GEOMETRIC_REPRESENTATION_CONTEXT(2) 
PARAMETRIC_REPRESENTATION_CONTEXT() REPRESENTATION_CONTEXT('2D SPACE',''
  ) );
#11639 = ORIENTED_EDGE('',*,*,#8506,.T.);
#11640 = ORIENTED_EDGE('',*,*,#11596,.T.);
#11641 = ORIENTED_EDGE('',*,*,#11642,.F.);
#11642 = EDGE_CURVE('',#9427,#10230,#11643,.T.);
#11643 = SURFACE_CURVE('',#11644,(#11648,#11655),.PCURVE_S1.);
#11644 = LINE('',#11645,#11646);
#11645 = CARTESIAN_POINT('',(-19.5,35.6,-2.));
#11646 = VECTOR('',#11647,1.);
#11647 = DIRECTION('',(1.,0.,-0.));
#11648 = PCURVE('',#8521,#11649);
#11649 = DEFINITIONAL_REPRESENTATION('',(#11650),#11654);
#11650 = LINE('',#11651,#11652);
#11651 = CARTESIAN_POINT('',(0.,0.));
#11652 = VECTOR('',#11653,1.);
#11653 = DIRECTION('',(0.,1.));
#11654 = ( GEOMETRIC_REPRESENTATION_CONTEXT(2) 
PARAMETRIC_REPRESENTATION_CONTEXT() REPRESENTATION_CONTEXT('2D SPACE',''
  ) );
#11655 = PCURVE('',#9466,#11656);
#11656 = DEFINITIONAL_REPRESENTATION('',(#11657),#11661);
#11657 = LINE('',#11658,#11659);
#11658 = CARTESIAN_POINT('',(1.5,0.));
#11659 = VECTOR('',#11660,1.);
#11660 = DIRECTION('',(0.,1.));
#11661 = ( GEOMETRIC_REPRESENTATION_CONTEXT(2) 
PARAMETRIC_REPRESENTATION_CONTEXT() REPRESENTATION_CONTEXT('2D SPACE',''
  ) );
#11662 = ADVANCED_FACE('',(#11663),#8467,.T.);
#11663 = FACE_BOUND('',#11664,.T.);
#11664 = EDGE_LOOP('',(#11665,#11666,#11667,#11668));
#11665 = ORIENTED_EDGE('',*,*,#8725,.F.);
#11666 = ORIENTED_EDGE('',*,*,#8397,.F.);
#11667 = ORIENTED_EDGE('',*,*,#11620,.T.);
#11668 = ORIENTED_EDGE('',*,*,#9426,.F.);
#11669 = ADVANCED_FACE('',(#11670),#8377,.T.);
#11670 = FACE_BOUND('',#11671,.F.);
#11671 = EDGE_LOOP('',(#11672,#11673,#11674,#11675,#11676));
#11672 = ORIENTED_EDGE('',*,*,#8751,.F.);
#11673 = ORIENTED_EDGE('',*,*,#8349,.T.);
#11674 = ORIENTED_EDGE('',*,*,#11443,.F.);
#11675 = ORIENTED_EDGE('',*,*,#9381,.T.);
#11676 = ORIENTED_EDGE('',*,*,#9252,.F.);
#11677 = ADVANCED_FACE('',(#11678),#8795,.T.);
#11678 = FACE_BOUND('',#11679,.F.);
#11679 = EDGE_LOOP('',(#11680,#11681,#11682));
#11680 = ORIENTED_EDGE('',*,*,#8853,.F.);
#11681 = ORIENTED_EDGE('',*,*,#8900,.T.);
#11682 = ORIENTED_EDGE('',*,*,#8778,.F.);
#11683 = ADVANCED_FACE('',(#11684),#8962,.T.);
#11684 = FACE_BOUND('',#11685,.T.);
#11685 = EDGE_LOOP('',(#11686,#11687,#11688));
#11686 = ORIENTED_EDGE('',*,*,#9032,.F.);
#11687 = ORIENTED_EDGE('',*,*,#9322,.T.);
#11688 = ORIENTED_EDGE('',*,*,#8945,.F.);
#11689 = ADVANCED_FACE('',(#11690),#9017,.T.);
#11690 = FACE_BOUND('',#11691,.F.);
#11691 = EDGE_LOOP('',(#11692,#11693,#11694));
#11692 = ORIENTED_EDGE('',*,*,#9058,.F.);
#11693 = ORIENTED_EDGE('',*,*,#9146,.T.);
#11694 = ORIENTED_EDGE('',*,*,#9002,.F.);
#11695 = ADVANCED_FACE('',(#11696),#8990,.F.);
#11696 = FACE_BOUND('',#11697,.F.);
#11697 = EDGE_LOOP('',(#11698,#11699,#11700,#11701));
#11698 = ORIENTED_EDGE('',*,*,#8974,.T.);
#11699 = ORIENTED_EDGE('',*,*,#9227,.T.);
#11700 = ORIENTED_EDGE('',*,*,#9276,.F.);
#11701 = ORIENTED_EDGE('',*,*,#9401,.F.);
#11702 = ADVANCED_FACE('',(#11703),#9098,.T.);
#11703 = FACE_BOUND('',#11704,.T.);
#11704 = EDGE_LOOP('',(#11705,#11706,#11707,#11769,#11770));
#11705 = ORIENTED_EDGE('',*,*,#9084,.F.);
#11706 = ORIENTED_EDGE('',*,*,#10640,.T.);
#11707 = ORIENTED_EDGE('',*,*,#11708,.T.);
#11708 = EDGE_CURVE('',#10619,#9168,#11709,.T.);
#11709 = SURFACE_CURVE('',#11710,(#11715,#11742),.PCURVE_S1.);
#11710 = CIRCLE('',#11711,0.661437827766);
#11711 = AXIS2_PLACEMENT_3D('',#11712,#11713,#11714);
#11712 = CARTESIAN_POINT('',(-66.,37.1,30.65));
#11713 = DIRECTION('',(-0.371390676354,0.,-0.928476690885));
#11714 = DIRECTION('',(0.928476690885,0.,-0.371390676354));
#11715 = PCURVE('',#9098,#11716);
#11716 = DEFINITIONAL_REPRESENTATION('',(#11717),#11741);
#11717 = B_SPLINE_CURVE_WITH_KNOTS('',8,(#11718,#11719,#11720,#11721,
    #11722,#11723,#11724,#11725,#11726,#11727,#11728,#11729,#11730,
    #11731,#11732,#11733,#11734,#11735,#11736,#11737,#11738,#11739,
    #11740),.UNSPECIFIED.,.F.,.F.,(9,7,7,9),(0.61951460668,
    1.570796326795,2.046437186852,2.52207804691),.UNSPECIFIED.);
#11718 = CARTESIAN_POINT('',(0.366687565451,-0.775397496611));
#11719 = CARTESIAN_POINT('',(0.436683122353,-0.79123073768));
#11720 = CARTESIAN_POINT('',(0.506457233986,-0.810361873314));
#11721 = CARTESIAN_POINT('',(0.575997224228,-0.832660510426));
#11722 = CARTESIAN_POINT('',(0.645324784583,-0.857962521437));
#11723 = CARTESIAN_POINT('',(0.714525328813,-0.886076241898));
#11724 = CARTESIAN_POINT('',(0.783750699886,-0.916790693846));
#11725 = CARTESIAN_POINT('',(0.853253520539,-0.949881578681));
#11726 = CARTESIAN_POINT('',(0.958640457899,-1.002725385666));
#11727 = CARTESIAN_POINT('',(0.993958535559,-1.020874556427));
#11728 = CARTESIAN_POINT('',(1.029524539304,-1.039528570936));
#11729 = CARTESIAN_POINT('',(1.065414860018,-1.058656708065));
#11730 = CARTESIAN_POINT('',(1.101722983274,-1.078227421082));
#11731 = CARTESIAN_POINT('',(1.138568290086,-1.098208105587));
#11732 = CARTESIAN_POINT('',(1.17611412706,-1.118564464569));
#11733 = CARTESIAN_POINT('',(1.253076164812,-1.159954476537));
#11734 = CARTESIAN_POINT('',(1.292492845442,-1.180988108163));
#11735 = CARTESIAN_POINT('',(1.333079979105,-1.202323348783));
#11736 = CARTESIAN_POINT('',(1.375155922373,-1.223919871883));
#11737 = CARTESIAN_POINT('',(1.419132329232,-1.245734023177));
#11738 = CARTESIAN_POINT('',(1.465650238869,-1.267712651582));
#11739 = CARTESIAN_POINT('',(1.515593645322,-1.2897937122));
#11740 = CARTESIAN_POINT('',(1.570796326797,-1.311874784789));
#11741 = ( GEOMETRIC_REPRESENTATION_CONTEXT(2) 
PARAMETRIC_REPRESENTATION_CONTEXT() REPRESENTATION_CONTEXT('2D SPACE',''
  ) );
#11742 = PCURVE('',#9129,#11743);
#11743 = DEFINITIONAL_REPRESENTATION('',(#11744),#11768);
#11744 = B_SPLINE_CURVE_WITH_KNOTS('',8,(#11745,#11746,#11747,#11748,
    #11749,#11750,#11751,#11752,#11753,#11754,#11755,#11756,#11757,
    #11758,#11759,#11760,#11761,#11762,#11763,#11764,#11765,#11766,
    #11767),.UNSPECIFIED.,.F.,.F.,(9,7,7,9),(0.61951460668,
    1.095155466737,1.808616756824,2.52207804691),.UNSPECIFIED.);
#11745 = CARTESIAN_POINT('',(1.570796326797,-1.311874784789));
#11746 = CARTESIAN_POINT('',(1.515593645322,-1.2897937122));
#11747 = CARTESIAN_POINT('',(1.465650238869,-1.267712651582));
#11748 = CARTESIAN_POINT('',(1.419132329229,-1.245734023183));
#11749 = CARTESIAN_POINT('',(1.375155922369,-1.223919871881));
#11750 = CARTESIAN_POINT('',(1.333079979104,-1.202323348785));
#11751 = CARTESIAN_POINT('',(1.292492845442,-1.180988108163));
#11752 = CARTESIAN_POINT('',(1.253076164812,-1.159954476537));
#11753 = CARTESIAN_POINT('',(1.156873617622,-1.108216961577));
#11754 = CARTESIAN_POINT('',(1.101256404755,-1.077936402117));
#11755 = CARTESIAN_POINT('',(1.04695008842,-1.048542818695));
#11756 = CARTESIAN_POINT('',(0.993529652007,-1.020147117571));
#11757 = CARTESIAN_POINT('',(0.940705133029,-0.992854998106));
#11758 = CARTESIAN_POINT('',(0.888258770159,-0.966768671917));
#11759 = CARTESIAN_POINT('',(0.836046091185,-0.941985666303));
#11760 = CARTESIAN_POINT('',(0.731862683893,-0.895212314553));
#11761 = CARTESIAN_POINT('',(0.679892217865,-0.8732219654));
#11762 = CARTESIAN_POINT('',(0.627933519703,-0.852720786448));
#11763 = CARTESIAN_POINT('',(0.575916292596,-0.833796902983));
#11764 = CARTESIAN_POINT('',(0.523798138532,-0.816532503674));
#11765 = CARTESIAN_POINT('',(0.471556559372,-0.801002409124));
#11766 = CARTESIAN_POINT('',(0.419184233127,-0.787272427412));
#11767 = CARTESIAN_POINT('',(0.366687565451,-0.775397496611));
#11768 = ( GEOMETRIC_REPRESENTATION_CONTEXT(2) 
PARAMETRIC_REPRESENTATION_CONTEXT() REPRESENTATION_CONTEXT('2D SPACE',''
  ) );
#11769 = ORIENTED_EDGE('',*,*,#9205,.T.);
#11770 = ORIENTED_EDGE('',*,*,#9297,.F.);
#11771 = ADVANCED_FACE('',(#11772),#9129,.T.);
#11772 = FACE_BOUND('',#11773,.T.);
#11773 = EDGE_LOOP('',(#11774,#11775,#11776,#11777,#11778));
#11774 = ORIENTED_EDGE('',*,*,#9115,.F.);
#11775 = ORIENTED_EDGE('',*,*,#9167,.F.);
#11776 = ORIENTED_EDGE('',*,*,#11708,.F.);
#11777 = ORIENTED_EDGE('',*,*,#10618,.T.);
#11778 = ORIENTED_EDGE('',*,*,#10279,.F.);
#11779 = ADVANCED_FACE('',(#11780),#9466,.F.);
#11780 = FACE_BOUND('',#11781,.F.);
#11781 = EDGE_LOOP('',(#11782,#11783,#11784,#11785,#11786,#11787,#11788,
    #11809,#11810,#11811,#11812,#11813));
#11782 = ORIENTED_EDGE('',*,*,#11642,.F.);
#11783 = ORIENTED_EDGE('',*,*,#9450,.T.);
#11784 = ORIENTED_EDGE('',*,*,#9568,.F.);
#11785 = ORIENTED_EDGE('',*,*,#9615,.T.);
#11786 = ORIENTED_EDGE('',*,*,#9749,.T.);
#11787 = ORIENTED_EDGE('',*,*,#9775,.T.);
#11788 = ORIENTED_EDGE('',*,*,#11789,.T.);
#11789 = EDGE_CURVE('',#9776,#9921,#11790,.T.);
#11790 = SURFACE_CURVE('',#11791,(#11795,#11802),.PCURVE_S1.);
#11791 = LINE('',#11792,#11793);
#11792 = CARTESIAN_POINT('',(-19.5,35.6,29.4));
#11793 = VECTOR('',#11794,1.);
#11794 = DIRECTION('',(1.,0.,-0.));
#11795 = PCURVE('',#9466,#11796);
#11796 = DEFINITIONAL_REPRESENTATION('',(#11797),#11801);
#11797 = LINE('',#11798,#11799);
#11798 = CARTESIAN_POINT('',(32.9,0.));
#11799 = VECTOR('',#11800,1.);
#11800 = DIRECTION('',(0.,1.));
#11801 = ( GEOMETRIC_REPRESENTATION_CONTEXT(2) 
PARAMETRIC_REPRESENTATION_CONTEXT() REPRESENTATION_CONTEXT('2D SPACE',''
  ) );
#11802 = PCURVE('',#10802,#11803);
#11803 = DEFINITIONAL_REPRESENTATION('',(#11804),#11808);
#11804 = LINE('',#11805,#11806);
#11805 = CARTESIAN_POINT('',(-0.,0.));
#11806 = VECTOR('',#11807,1.);
#11807 = DIRECTION('',(-0.,1.));
#11808 = ( GEOMETRIC_REPRESENTATION_CONTEXT(2) 
PARAMETRIC_REPRESENTATION_CONTEXT() REPRESENTATION_CONTEXT('2D SPACE',''
  ) );
#11809 = ORIENTED_EDGE('',*,*,#9920,.F.);
#11810 = ORIENTED_EDGE('',*,*,#10023,.T.);
#11811 = ORIENTED_EDGE('',*,*,#10077,.F.);
#11812 = ORIENTED_EDGE('',*,*,#10204,.F.);
#11813 = ORIENTED_EDGE('',*,*,#10253,.F.);
#11814 = ADVANCED_FACE('',(#11815),#9527,.T.);
#11815 = FACE_BOUND('',#11816,.T.);
#11816 = EDGE_LOOP('',(#11817,#11818,#11819));
#11817 = ORIENTED_EDGE('',*,*,#9513,.F.);
#11818 = ORIENTED_EDGE('',*,*,#9544,.T.);
#11819 = ORIENTED_EDGE('',*,*,#9593,.F.);
#11820 = ADVANCED_FACE('',(#11821),#9653,.T.);
#11821 = FACE_BOUND('',#11822,.F.);
#11822 = EDGE_LOOP('',(#11823,#11824,#11825));
#11823 = ORIENTED_EDGE('',*,*,#9668,.F.);
#11824 = ORIENTED_EDGE('',*,*,#9694,.T.);
#11825 = ORIENTED_EDGE('',*,*,#9638,.F.);
#11826 = ADVANCED_FACE('',(#11827),#9813,.T.);
#11827 = FACE_BOUND('',#11828,.F.);
#11828 = EDGE_LOOP('',(#11829,#11830,#11831,#11851));
#11829 = ORIENTED_EDGE('',*,*,#9828,.F.);
#11830 = ORIENTED_EDGE('',*,*,#10683,.F.);
#11831 = ORIENTED_EDGE('',*,*,#11832,.T.);
#11832 = EDGE_CURVE('',#10684,#9776,#11833,.T.);
#11833 = SURFACE_CURVE('',#11834,(#11839,#11845),.PCURVE_S1.);
#11834 = CIRCLE('',#11835,1.5);
#11835 = AXIS2_PLACEMENT_3D('',#11836,#11837,#11838);
#11836 = CARTESIAN_POINT('',(-18.,37.1,29.4));
#11837 = DIRECTION('',(1.,-6.123233995737E-17,0.));
#11838 = DIRECTION('',(-6.123233995737E-17,-1.,0.));
#11839 = PCURVE('',#9813,#11840);
#11840 = DEFINITIONAL_REPRESENTATION('',(#11841),#11844);
#11841 = B_SPLINE_CURVE_WITH_KNOTS('',1,(#11842,#11843),.UNSPECIFIED.,
  .F.,.F.,(2,2),(4.712388980385,6.28318530718),
  .PIECEWISE_BEZIER_KNOTS.);
#11842 = CARTESIAN_POINT('',(-1.570796326795,-1.570796326795));
#11843 = CARTESIAN_POINT('',(-1.570796326795,0.));
#11844 = ( GEOMETRIC_REPRESENTATION_CONTEXT(2) 
PARAMETRIC_REPRESENTATION_CONTEXT() REPRESENTATION_CONTEXT('2D SPACE',''
  ) );
#11845 = PCURVE('',#10802,#11846);
#11846 = DEFINITIONAL_REPRESENTATION('',(#11847),#11850);
#11847 = B_SPLINE_CURVE_WITH_KNOTS('',1,(#11848,#11849),.UNSPECIFIED.,
  .F.,.F.,(2,2),(4.712388980385,6.28318530718),
  .PIECEWISE_BEZIER_KNOTS.);
#11848 = CARTESIAN_POINT('',(-1.570796326795,1.5));
#11849 = CARTESIAN_POINT('',(0.,1.5));
#11850 = ( GEOMETRIC_REPRESENTATION_CONTEXT(2) 
PARAMETRIC_REPRESENTATION_CONTEXT() REPRESENTATION_CONTEXT('2D SPACE',''
  ) );
#11851 = ORIENTED_EDGE('',*,*,#9798,.F.);
#11852 = ADVANCED_FACE('',(#11853),#9868,.T.);
#11853 = FACE_BOUND('',#11854,.T.);
#11854 = EDGE_LOOP('',(#11855,#11856,#11857,#11877));
#11855 = ORIENTED_EDGE('',*,*,#9854,.F.);
#11856 = ORIENTED_EDGE('',*,*,#10813,.T.);
#11857 = ORIENTED_EDGE('',*,*,#11858,.T.);
#11858 = EDGE_CURVE('',#10788,#9921,#11859,.T.);
#11859 = SURFACE_CURVE('',#11860,(#11865,#11871),.PCURVE_S1.);
#11860 = CIRCLE('',#11861,1.5);
#11861 = AXIS2_PLACEMENT_3D('',#11862,#11863,#11864);
#11862 = CARTESIAN_POINT('',(-14.,37.1,29.4));
#11863 = DIRECTION('',(1.,6.123233995737E-17,0.));
#11864 = DIRECTION('',(6.123233995737E-17,-1.,0.));
#11865 = PCURVE('',#9868,#11866);
#11866 = DEFINITIONAL_REPRESENTATION('',(#11867),#11870);
#11867 = B_SPLINE_CURVE_WITH_KNOTS('',1,(#11868,#11869),.UNSPECIFIED.,
  .F.,.F.,(2,2),(4.712388980385,6.28318530718),
  .PIECEWISE_BEZIER_KNOTS.);
#11868 = CARTESIAN_POINT('',(1.570796326795,-1.570796326795));
#11869 = CARTESIAN_POINT('',(1.570796326795,0.));
#11870 = ( GEOMETRIC_REPRESENTATION_CONTEXT(2) 
PARAMETRIC_REPRESENTATION_CONTEXT() REPRESENTATION_CONTEXT('2D SPACE',''
  ) );
#11871 = PCURVE('',#10802,#11872);
#11872 = DEFINITIONAL_REPRESENTATION('',(#11873),#11876);
#11873 = B_SPLINE_CURVE_WITH_KNOTS('',1,(#11874,#11875),.UNSPECIFIED.,
  .F.,.F.,(2,2),(4.712388980385,6.28318530718),
  .PIECEWISE_BEZIER_KNOTS.);
#11874 = CARTESIAN_POINT('',(-1.570796326795,5.5));
#11875 = CARTESIAN_POINT('',(0.,5.5));
#11876 = ( GEOMETRIC_REPRESENTATION_CONTEXT(2) 
PARAMETRIC_REPRESENTATION_CONTEXT() REPRESENTATION_CONTEXT('2D SPACE',''
  ) );
#11877 = ORIENTED_EDGE('',*,*,#9943,.F.);
#11878 = ADVANCED_FACE('',(#11879),#9982,.T.);
#11879 = FACE_BOUND('',#11880,.T.);
#11880 = EDGE_LOOP('',(#11881,#11882,#11883));
#11881 = ORIENTED_EDGE('',*,*,#9968,.F.);
#11882 = ORIENTED_EDGE('',*,*,#10001,.T.);
#11883 = ORIENTED_EDGE('',*,*,#10098,.F.);
#11884 = ADVANCED_FACE('',(#11885),#10065,.T.);
#11885 = FACE_BOUND('',#11886,.F.);
#11886 = EDGE_LOOP('',(#11887,#11888,#11889));
#11887 = ORIENTED_EDGE('',*,*,#10123,.F.);
#11888 = ORIENTED_EDGE('',*,*,#10184,.T.);
#11889 = ORIENTED_EDGE('',*,*,#10048,.F.);
#11890 = ADVANCED_FACE('',(#11891),#10346,.T.);
#11891 = FACE_BOUND('',#11892,.F.);
#11892 = EDGE_LOOP('',(#11893,#11894,#11895));
#11893 = ORIENTED_EDGE('',*,*,#10361,.F.);
#11894 = ORIENTED_EDGE('',*,*,#10387,.T.);
#11895 = ORIENTED_EDGE('',*,*,#10331,.F.);
#11896 = ADVANCED_FACE('',(#11897),#10319,.F.);
#11897 = FACE_BOUND('',#11898,.F.);
#11898 = EDGE_LOOP('',(#11899,#11900,#11901,#11902));
#11899 = ORIENTED_EDGE('',*,*,#10303,.T.);
#11900 = ORIENTED_EDGE('',*,*,#10435,.T.);
#11901 = ORIENTED_EDGE('',*,*,#10515,.F.);
#11902 = ORIENTED_EDGE('',*,*,#10980,.F.);
#11903 = ADVANCED_FACE('',(#11904),#10424,.T.);
#11904 = FACE_BOUND('',#11905,.T.);
#11905 = EDGE_LOOP('',(#11906,#11907,#11908));
#11906 = ORIENTED_EDGE('',*,*,#10459,.F.);
#11907 = ORIENTED_EDGE('',*,*,#10408,.T.);
#11908 = ORIENTED_EDGE('',*,*,#10536,.F.);
#11909 = ADVANCED_FACE('',(#11910),#10503,.T.);
#11910 = FACE_BOUND('',#11911,.F.);
#11911 = EDGE_LOOP('',(#11912,#11913,#11914,#11976,#11977));
#11912 = ORIENTED_EDGE('',*,*,#10561,.F.);
#11913 = ORIENTED_EDGE('',*,*,#11135,.T.);
#11914 = ORIENTED_EDGE('',*,*,#11915,.T.);
#11915 = EDGE_CURVE('',#11114,#10923,#11916,.T.);
#11916 = SURFACE_CURVE('',#11917,(#11922,#11949),.PCURVE_S1.);
#11917 = CIRCLE('',#11918,0.661437827766);
#11918 = AXIS2_PLACEMENT_3D('',#11919,#11920,#11921);
#11919 = CARTESIAN_POINT('',(34.,37.1,30.65));
#11920 = DIRECTION('',(0.371390676354,0.,-0.928476690885));
#11921 = DIRECTION('',(0.928476690885,0.,0.371390676354));
#11922 = PCURVE('',#10503,#11923);
#11923 = DEFINITIONAL_REPRESENTATION('',(#11924),#11948);
#11924 = B_SPLINE_CURVE_WITH_KNOTS('',8,(#11925,#11926,#11927,#11928,
    #11929,#11930,#11931,#11932,#11933,#11934,#11935,#11936,#11937,
    #11938,#11939,#11940,#11941,#11942,#11943,#11944,#11945,#11946,
    #11947),.UNSPECIFIED.,.F.,.F.,(9,7,7,9),(0.619514606682,
    1.570796326795,2.046437186852,2.522078046908),.UNSPECIFIED.);
#11925 = CARTESIAN_POINT('',(-0.366687565452,-0.775397496611));
#11926 = CARTESIAN_POINT('',(-0.436683122354,-0.79123073768));
#11927 = CARTESIAN_POINT('',(-0.506457233987,-0.810361873314));
#11928 = CARTESIAN_POINT('',(-0.575997224229,-0.832660510426));
#11929 = CARTESIAN_POINT('',(-0.645324784584,-0.857962521437));
#11930 = CARTESIAN_POINT('',(-0.714525328814,-0.886076241898));
#11931 = CARTESIAN_POINT('',(-0.783750699886,-0.916790693846));
#11932 = CARTESIAN_POINT('',(-0.853253520539,-0.949881578681));
#11933 = CARTESIAN_POINT('',(-0.9586404579,-1.002725385666));
#11934 = CARTESIAN_POINT('',(-0.993958535559,-1.020874556427));
#11935 = CARTESIAN_POINT('',(-1.029524539304,-1.039528570936));
#11936 = CARTESIAN_POINT('',(-1.065414860018,-1.058656708065));
#11937 = CARTESIAN_POINT('',(-1.101722983274,-1.078227421082));
#11938 = CARTESIAN_POINT('',(-1.138568290086,-1.098208105587));
#11939 = CARTESIAN_POINT('',(-1.17611412706,-1.118564464569));
#11940 = CARTESIAN_POINT('',(-1.253076164811,-1.159954476537));
#11941 = CARTESIAN_POINT('',(-1.292492845441,-1.180988108164));
#11942 = CARTESIAN_POINT('',(-1.333079979107,-1.202323348784));
#11943 = CARTESIAN_POINT('',(-1.375155922367,-1.223919871883));
#11944 = CARTESIAN_POINT('',(-1.41913232923,-1.245734023176));
#11945 = CARTESIAN_POINT('',(-1.465650238867,-1.267712651582));
#11946 = CARTESIAN_POINT('',(-1.515593645321,-1.289793712199));
#11947 = CARTESIAN_POINT('',(-1.570796326795,-1.311874784789));
#11948 = ( GEOMETRIC_REPRESENTATION_CONTEXT(2) 
PARAMETRIC_REPRESENTATION_CONTEXT() REPRESENTATION_CONTEXT('2D SPACE',''
  ) );
#11949 = PCURVE('',#10601,#11950);
#11950 = DEFINITIONAL_REPRESENTATION('',(#11951),#11975);
#11951 = B_SPLINE_CURVE_WITH_KNOTS('',8,(#11952,#11953,#11954,#11955,
    #11956,#11957,#11958,#11959,#11960,#11961,#11962,#11963,#11964,
    #11965,#11966,#11967,#11968,#11969,#11970,#11971,#11972,#11973,
    #11974),.UNSPECIFIED.,.F.,.F.,(9,7,7,9),(0.619514606682,
    1.095155466739,1.808616756824,2.522078046908),.UNSPECIFIED.);
#11952 = CARTESIAN_POINT('',(-1.570796326794,-1.311874784788));
#11953 = CARTESIAN_POINT('',(-1.51559364532,-1.289793712199));
#11954 = CARTESIAN_POINT('',(-1.465650238866,-1.267712651582));
#11955 = CARTESIAN_POINT('',(-1.419132329233,-1.245734023176));
#11956 = CARTESIAN_POINT('',(-1.375155922358,-1.223919871883));
#11957 = CARTESIAN_POINT('',(-1.33307997911,-1.202323348782));
#11958 = CARTESIAN_POINT('',(-1.292492845441,-1.180988108163));
#11959 = CARTESIAN_POINT('',(-1.253076164811,-1.159954476537));
#11960 = CARTESIAN_POINT('',(-1.156873617621,-1.108216961577));
#11961 = CARTESIAN_POINT('',(-1.101256404755,-1.077936402117));
#11962 = CARTESIAN_POINT('',(-1.046950088419,-1.048542818695));
#11963 = CARTESIAN_POINT('',(-0.993529652007,-1.020147117571));
#11964 = CARTESIAN_POINT('',(-0.940705133029,-0.992854998106));
#11965 = CARTESIAN_POINT('',(-0.888258770159,-0.966768671917));
#11966 = CARTESIAN_POINT('',(-0.836046091184,-0.941985666303));
#11967 = CARTESIAN_POINT('',(-0.731862683893,-0.895212314553));
#11968 = CARTESIAN_POINT('',(-0.679892217865,-0.8732219654));
#11969 = CARTESIAN_POINT('',(-0.627933519704,-0.852720786448));
#11970 = CARTESIAN_POINT('',(-0.575916292596,-0.833796902983));
#11971 = CARTESIAN_POINT('',(-0.523798138533,-0.816532503674));
#11972 = CARTESIAN_POINT('',(-0.471556559373,-0.801002409124));
#11973 = CARTESIAN_POINT('',(-0.419184233128,-0.787272427413));
#11974 = CARTESIAN_POINT('',(-0.366687565452,-0.775397496611));
#11975 = ( GEOMETRIC_REPRESENTATION_CONTEXT(2) 
PARAMETRIC_REPRESENTATION_CONTEXT() REPRESENTATION_CONTEXT('2D SPACE',''
  ) );
#11976 = ORIENTED_EDGE('',*,*,#10960,.T.);
#11977 = ORIENTED_EDGE('',*,*,#10486,.F.);
#11978 = ADVANCED_FACE('',(#11979),#10601,.T.);
#11979 = FACE_BOUND('',#11980,.F.);
#11980 = EDGE_LOOP('',(#11981,#11982,#11983,#11984,#11985));
#11981 = ORIENTED_EDGE('',*,*,#10587,.F.);
#11982 = ORIENTED_EDGE('',*,*,#10922,.F.);
#11983 = ORIENTED_EDGE('',*,*,#11915,.F.);
#11984 = ORIENTED_EDGE('',*,*,#11113,.T.);
#11985 = ORIENTED_EDGE('',*,*,#11057,.F.);
#11986 = ADVANCED_FACE('',(#11987),#10802,.T.);
#11987 = FACE_BOUND('',#11988,.F.);
#11988 = EDGE_LOOP('',(#11989,#11990,#11991,#11992));
#11989 = ORIENTED_EDGE('',*,*,#11832,.F.);
#11990 = ORIENTED_EDGE('',*,*,#10787,.T.);
#11991 = ORIENTED_EDGE('',*,*,#11858,.T.);
#11992 = ORIENTED_EDGE('',*,*,#11789,.F.);
#11993 = ADVANCED_FACE('',(#11994),#11045,.F.);
#11994 = FACE_BOUND('',#11995,.F.);
#11995 = EDGE_LOOP('',(#11996,#11997,#11998,#11999));
#11996 = ORIENTED_EDGE('',*,*,#11029,.T.);
#11997 = ORIENTED_EDGE('',*,*,#11200,.T.);
#11998 = ORIENTED_EDGE('',*,*,#11254,.F.);
#11999 = ORIENTED_EDGE('',*,*,#11411,.F.);
#12000 = ADVANCED_FACE('',(#12001),#11096,.T.);
#12001 = FACE_BOUND('',#12002,.T.);
#12002 = EDGE_LOOP('',(#12003,#12004,#12005));
#12003 = ORIENTED_EDGE('',*,*,#11082,.F.);
#12004 = ORIENTED_EDGE('',*,*,#11178,.T.);
#12005 = ORIENTED_EDGE('',*,*,#11275,.F.);
#12006 = ADVANCED_FACE('',(#12007),#11242,.T.);
#12007 = FACE_BOUND('',#12008,.F.);
#12008 = EDGE_LOOP('',(#12009,#12010,#12011));
#12009 = ORIENTED_EDGE('',*,*,#11300,.F.);
#12010 = ORIENTED_EDGE('',*,*,#11391,.T.);
#12011 = ORIENTED_EDGE('',*,*,#11225,.F.);
#12012 = ( GEOMETRIC_REPRESENTATION_CONTEXT(3) 
GLOBAL_UNCERTAINTY_ASSIGNED_CONTEXT((#12016)) 
GLOBAL_UNIT_ASSIGNED_CONTEXT((#12013,#12014,#12015)) 
REPRESENTATION_CONTEXT('Context #1',
  '3D Context with UNIT and UNCERTAINTY') );
#12013 = ( LENGTH_UNIT() NAMED_UNIT(*) SI_UNIT(.MILLI.,.METRE.) );
#12014 = ( NAMED_UNIT(*) PLANE_ANGLE_UNIT() SI_UNIT($,.RADIAN.) );
#12015 = ( NAMED_UNIT(*) SI_UNIT($,.STERADIAN.) SOLID_ANGLE_UNIT() );
#12016 = UNCERTAINTY_MEASURE_WITH_UNIT(LENGTH_MEASURE(1.E-07),#12013,
  'distance_accuracy_value','confusion accuracy');
#12017 = PRODUCT_RELATED_PRODUCT_CATEGORY('part',$,(#7));
#12018 = MECHANICAL_DESIGN_GEOMETRIC_PRESENTATION_REPRESENTATION('',(
    #12019),#12012);
#12019 = STYLED_ITEM('color',(#12020),#15);
#12020 = PRESENTATION_STYLE_ASSIGNMENT((#12021,#12027));
#12021 = SURFACE_STYLE_USAGE(.BOTH.,#12022);
#12022 = SURFACE_SIDE_STYLE('',(#12023));
#12023 = SURFACE_STYLE_FILL_AREA(#12024);
#12024 = FILL_AREA_STYLE('',(#12025));
#12025 = FILL_AREA_STYLE_COLOUR('',#12026);
#12026 = COLOUR_RGB('',6.27450963192E-02,9.411764799993E-02,
  0.125490196231);
#12027 = CURVE_STYLE('',#12028,POSITIVE_LENGTH_MEASURE(0.1),#12026);
#12028 = DRAUGHTING_PRE_DEFINED_CURVE_FONT('continuous');
ENDSEC;
END-ISO-10303-21;
