ISO-10303-21;
HEADER;
FILE_DESCRIPTION(('Open CASCADE Model'),'2;1');
FILE_NAME('FEETECH_STS3250_C001_OFFICIAL_DIMENSION_REFERENCE',
  '2026-07-31T11:51:55',('Author'),('Open CASCADE'),
  'Open CASCADE STEP processor 7.9','build123d','Unknown');
FILE_SCHEMA(('AUTOMOTIVE_DESIGN { 1 0 10303 214 1 1 1 1 }'));
ENDSEC;
DATA;
#1 = APPLICATION_PROTOCOL_DEFINITION('international standard',
  'automotive_design',2000,#2);
#2 = APPLICATION_CONTEXT(
  'core data for automotive mechanical design processes');
#3 = SHAPE_DEFINITION_REPRESENTATION(#4,#10);
#4 = PRODUCT_DEFINITION_SHAPE('','',#5);
#5 = PRODUCT_DEFINITION('design','',#6,#9);
#6 = PRODUCT_DEFINITION_FORMATION('','',#7);
#7 = PRODUCT('FEETECH_STS3250_C001_OFFICIAL_DIMENSION_REFERENCE',
  'FEETECH_STS3250_C001_OFFICIAL_DIMENSION_REFERENCE','',(#8));
#8 = PRODUCT_CONTEXT('',#2,'mechanical');
#9 = PRODUCT_DEFINITION_CONTEXT('part definition',#2,'design');
#10 = ADVANCED_BREP_SHAPE_REPRESENTATION('',(#11,#15),#3415);
#11 = AXIS2_PLACEMENT_3D('',#12,#13,#14);
#12 = CARTESIAN_POINT('',(0.,0.,0.));
#13 = DIRECTION('',(0.,0.,1.));
#14 = DIRECTION('',(1.,0.,-0.));
#15 = MANIFOLD_SOLID_BREP('',#16);
#16 = CLOSED_SHELL('',(#17,#137,#225,#304,#385,#461,#491,#521,#597,#1013
    ,#1038,#1434,#1459,#1535,#1844,#2153,#2231,#2540,#2571,#2739,#2770,
    #2938,#3005,#3060,#3095,#3164,#3219,#3286,#3292,#3298,#3305,#3311,
    #3315,#3321,#3356,#3411));
#17 = ADVANCED_FACE('',(#18),#32,.F.);
#18 = FACE_BOUND('',#19,.F.);
#19 = EDGE_LOOP('',(#20,#55,#83,#111));
#20 = ORIENTED_EDGE('',*,*,#21,.F.);
#21 = EDGE_CURVE('',#22,#24,#26,.T.);
#22 = VERTEX_POINT('',#23);
#23 = CARTESIAN_POINT('',(-32.72,-10.36,-15.5));
#24 = VERTEX_POINT('',#25);
#25 = CARTESIAN_POINT('',(-32.72,-10.36,15.5));
#26 = SURFACE_CURVE('',#27,(#31,#43),.PCURVE_S1.);
#27 = LINE('',#28,#29);
#28 = CARTESIAN_POINT('',(-32.72,-10.36,-17.5));
#29 = VECTOR('',#30,1.);
#30 = DIRECTION('',(0.,0.,1.));
#31 = PCURVE('',#32,#37);
#32 = PLANE('',#33);
#33 = AXIS2_PLACEMENT_3D('',#34,#35,#36);
#34 = CARTESIAN_POINT('',(-32.72,-12.36,-17.5));
#35 = DIRECTION('',(1.,0.,-0.));
#36 = DIRECTION('',(0.,0.,1.));
#37 = DEFINITIONAL_REPRESENTATION('',(#38),#42);
#38 = LINE('',#39,#40);
#39 = CARTESIAN_POINT('',(0.,-2.));
#40 = VECTOR('',#41,1.);
#41 = DIRECTION('',(1.,0.));
#42 = ( GEOMETRIC_REPRESENTATION_CONTEXT(2) 
PARAMETRIC_REPRESENTATION_CONTEXT() REPRESENTATION_CONTEXT('2D SPACE',''
  ) );
#43 = PCURVE('',#44,#49);
#44 = CYLINDRICAL_SURFACE('',#45,2.);
#45 = AXIS2_PLACEMENT_3D('',#46,#47,#48);
#46 = CARTESIAN_POINT('',(-30.72,-10.36,-17.5));
#47 = DIRECTION('',(0.,0.,1.));
#48 = DIRECTION('',(-1.,-0.,0.));
#49 = DEFINITIONAL_REPRESENTATION('',(#50),#54);
#50 = LINE('',#51,#52);
#51 = CARTESIAN_POINT('',(0.,0.));
#52 = VECTOR('',#53,1.);
#53 = DIRECTION('',(0.,1.));
#54 = ( GEOMETRIC_REPRESENTATION_CONTEXT(2) 
PARAMETRIC_REPRESENTATION_CONTEXT() REPRESENTATION_CONTEXT('2D SPACE',''
  ) );
#55 = ORIENTED_EDGE('',*,*,#56,.T.);
#56 = EDGE_CURVE('',#22,#57,#59,.T.);
#57 = VERTEX_POINT('',#58);
#58 = CARTESIAN_POINT('',(-32.72,10.36,-15.5));
#59 = SURFACE_CURVE('',#60,(#64,#71),.PCURVE_S1.);
#60 = LINE('',#61,#62);
#61 = CARTESIAN_POINT('',(-32.72,-12.36,-15.5));
#62 = VECTOR('',#63,1.);
#63 = DIRECTION('',(-0.,1.,0.));
#64 = PCURVE('',#32,#65);
#65 = DEFINITIONAL_REPRESENTATION('',(#66),#70);
#66 = LINE('',#67,#68);
#67 = CARTESIAN_POINT('',(2.,0.));
#68 = VECTOR('',#69,1.);
#69 = DIRECTION('',(0.,-1.));
#70 = ( GEOMETRIC_REPRESENTATION_CONTEXT(2) 
PARAMETRIC_REPRESENTATION_CONTEXT() REPRESENTATION_CONTEXT('2D SPACE',''
  ) );
#71 = PCURVE('',#72,#77);
#72 = CYLINDRICAL_SURFACE('',#73,2.);
#73 = AXIS2_PLACEMENT_3D('',#74,#75,#76);
#74 = CARTESIAN_POINT('',(-30.72,-12.36,-15.5));
#75 = DIRECTION('',(-0.,1.,0.));
#76 = DIRECTION('',(-1.,-0.,0.));
#77 = DEFINITIONAL_REPRESENTATION('',(#78),#82);
#78 = LINE('',#79,#80);
#79 = CARTESIAN_POINT('',(-0.,0.));
#80 = VECTOR('',#81,1.);
#81 = DIRECTION('',(-0.,1.));
#82 = ( GEOMETRIC_REPRESENTATION_CONTEXT(2) 
PARAMETRIC_REPRESENTATION_CONTEXT() REPRESENTATION_CONTEXT('2D SPACE',''
  ) );
#83 = ORIENTED_EDGE('',*,*,#84,.T.);
#84 = EDGE_CURVE('',#57,#85,#87,.T.);
#85 = VERTEX_POINT('',#86);
#86 = CARTESIAN_POINT('',(-32.72,10.36,15.5));
#87 = SURFACE_CURVE('',#88,(#92,#99),.PCURVE_S1.);
#88 = LINE('',#89,#90);
#89 = CARTESIAN_POINT('',(-32.72,10.36,-17.5));
#90 = VECTOR('',#91,1.);
#91 = DIRECTION('',(0.,0.,1.));
#92 = PCURVE('',#32,#93);
#93 = DEFINITIONAL_REPRESENTATION('',(#94),#98);
#94 = LINE('',#95,#96);
#95 = CARTESIAN_POINT('',(0.,-22.72));
#96 = VECTOR('',#97,1.);
#97 = DIRECTION('',(1.,0.));
#98 = ( GEOMETRIC_REPRESENTATION_CONTEXT(2) 
PARAMETRIC_REPRESENTATION_CONTEXT() REPRESENTATION_CONTEXT('2D SPACE',''
  ) );
#99 = PCURVE('',#100,#105);
#100 = CYLINDRICAL_SURFACE('',#101,2.);
#101 = AXIS2_PLACEMENT_3D('',#102,#103,#104);
#102 = CARTESIAN_POINT('',(-30.72,10.36,-17.5));
#103 = DIRECTION('',(0.,0.,1.));
#104 = DIRECTION('',(-1.,-0.,0.));
#105 = DEFINITIONAL_REPRESENTATION('',(#106),#110);
#106 = LINE('',#107,#108);
#107 = CARTESIAN_POINT('',(-0.,0.));
#108 = VECTOR('',#109,1.);
#109 = DIRECTION('',(-0.,1.));
#110 = ( GEOMETRIC_REPRESENTATION_CONTEXT(2) 
PARAMETRIC_REPRESENTATION_CONTEXT() REPRESENTATION_CONTEXT('2D SPACE',''
  ) );
#111 = ORIENTED_EDGE('',*,*,#112,.F.);
#112 = EDGE_CURVE('',#24,#85,#113,.T.);
#113 = SURFACE_CURVE('',#114,(#118,#125),.PCURVE_S1.);
#114 = LINE('',#115,#116);
#115 = CARTESIAN_POINT('',(-32.72,-12.36,15.5));
#116 = VECTOR('',#117,1.);
#117 = DIRECTION('',(-0.,1.,0.));
#118 = PCURVE('',#32,#119);
#119 = DEFINITIONAL_REPRESENTATION('',(#120),#124);
#120 = LINE('',#121,#122);
#121 = CARTESIAN_POINT('',(33.,0.));
#122 = VECTOR('',#123,1.);
#123 = DIRECTION('',(0.,-1.));
#124 = ( GEOMETRIC_REPRESENTATION_CONTEXT(2) 
PARAMETRIC_REPRESENTATION_CONTEXT() REPRESENTATION_CONTEXT('2D SPACE',''
  ) );
#125 = PCURVE('',#126,#131);
#126 = CYLINDRICAL_SURFACE('',#127,2.);
#127 = AXIS2_PLACEMENT_3D('',#128,#129,#130);
#128 = CARTESIAN_POINT('',(-30.72,-12.36,15.5));
#129 = DIRECTION('',(-0.,1.,0.));
#130 = DIRECTION('',(-1.,-0.,0.));
#131 = DEFINITIONAL_REPRESENTATION('',(#132),#136);
#132 = LINE('',#133,#134);
#133 = CARTESIAN_POINT('',(0.,0.));
#134 = VECTOR('',#135,1.);
#135 = DIRECTION('',(0.,1.));
#136 = ( GEOMETRIC_REPRESENTATION_CONTEXT(2) 
PARAMETRIC_REPRESENTATION_CONTEXT() REPRESENTATION_CONTEXT('2D SPACE',''
  ) );
#137 = ADVANCED_FACE('',(#138),#44,.T.);
#138 = FACE_BOUND('',#139,.T.);
#139 = EDGE_LOOP('',(#140,#141,#170,#198));
#140 = ORIENTED_EDGE('',*,*,#21,.F.);
#141 = ORIENTED_EDGE('',*,*,#142,.T.);
#142 = EDGE_CURVE('',#22,#143,#145,.T.);
#143 = VERTEX_POINT('',#144);
#144 = CARTESIAN_POINT('',(-30.72,-12.36,-15.5));
#145 = SURFACE_CURVE('',#146,(#151,#158),.PCURVE_S1.);
#146 = CIRCLE('',#147,2.);
#147 = AXIS2_PLACEMENT_3D('',#148,#149,#150);
#148 = CARTESIAN_POINT('',(-30.72,-10.36,-15.5));
#149 = DIRECTION('',(0.,0.,1.));
#150 = DIRECTION('',(-1.,0.,0.));
#151 = PCURVE('',#44,#152);
#152 = DEFINITIONAL_REPRESENTATION('',(#153),#157);
#153 = LINE('',#154,#155);
#154 = CARTESIAN_POINT('',(0.,2.));
#155 = VECTOR('',#156,1.);
#156 = DIRECTION('',(1.,0.));
#157 = ( GEOMETRIC_REPRESENTATION_CONTEXT(2) 
PARAMETRIC_REPRESENTATION_CONTEXT() REPRESENTATION_CONTEXT('2D SPACE',''
  ) );
#158 = PCURVE('',#159,#164);
#159 = SPHERICAL_SURFACE('',#160,2.);
#160 = AXIS2_PLACEMENT_3D('',#161,#162,#163);
#161 = CARTESIAN_POINT('',(-30.72,-10.36,-15.5));
#162 = DIRECTION('',(0.,0.,1.));
#163 = DIRECTION('',(-1.,0.,0.));
#164 = DEFINITIONAL_REPRESENTATION('',(#165),#169);
#165 = LINE('',#166,#167);
#166 = CARTESIAN_POINT('',(0.,0.));
#167 = VECTOR('',#168,1.);
#168 = DIRECTION('',(1.,0.));
#169 = ( GEOMETRIC_REPRESENTATION_CONTEXT(2) 
PARAMETRIC_REPRESENTATION_CONTEXT() REPRESENTATION_CONTEXT('2D SPACE',''
  ) );
#170 = ORIENTED_EDGE('',*,*,#171,.T.);
#171 = EDGE_CURVE('',#143,#172,#174,.T.);
#172 = VERTEX_POINT('',#173);
#173 = CARTESIAN_POINT('',(-30.72,-12.36,15.5));
#174 = SURFACE_CURVE('',#175,(#179,#186),.PCURVE_S1.);
#175 = LINE('',#176,#177);
#176 = CARTESIAN_POINT('',(-30.72,-12.36,-17.5));
#177 = VECTOR('',#178,1.);
#178 = DIRECTION('',(0.,0.,1.));
#179 = PCURVE('',#44,#180);
#180 = DEFINITIONAL_REPRESENTATION('',(#181),#185);
#181 = LINE('',#182,#183);
#182 = CARTESIAN_POINT('',(1.570796326795,0.));
#183 = VECTOR('',#184,1.);
#184 = DIRECTION('',(0.,1.));
#185 = ( GEOMETRIC_REPRESENTATION_CONTEXT(2) 
PARAMETRIC_REPRESENTATION_CONTEXT() REPRESENTATION_CONTEXT('2D SPACE',''
  ) );
#186 = PCURVE('',#187,#192);
#187 = PLANE('',#188);
#188 = AXIS2_PLACEMENT_3D('',#189,#190,#191);
#189 = CARTESIAN_POINT('',(-32.72,-12.36,-17.5));
#190 = DIRECTION('',(-0.,1.,0.));
#191 = DIRECTION('',(0.,0.,1.));
#192 = DEFINITIONAL_REPRESENTATION('',(#193),#197);
#193 = LINE('',#194,#195);
#194 = CARTESIAN_POINT('',(0.,2.));
#195 = VECTOR('',#196,1.);
#196 = DIRECTION('',(1.,0.));
#197 = ( GEOMETRIC_REPRESENTATION_CONTEXT(2) 
PARAMETRIC_REPRESENTATION_CONTEXT() REPRESENTATION_CONTEXT('2D SPACE',''
  ) );
#198 = ORIENTED_EDGE('',*,*,#199,.F.);
#199 = EDGE_CURVE('',#24,#172,#200,.T.);
#200 = SURFACE_CURVE('',#201,(#206,#213),.PCURVE_S1.);
#201 = CIRCLE('',#202,2.);
#202 = AXIS2_PLACEMENT_3D('',#203,#204,#205);
#203 = CARTESIAN_POINT('',(-30.72,-10.36,15.5));
#204 = DIRECTION('',(0.,0.,1.));
#205 = DIRECTION('',(-1.,0.,0.));
#206 = PCURVE('',#44,#207);
#207 = DEFINITIONAL_REPRESENTATION('',(#208),#212);
#208 = LINE('',#209,#210);
#209 = CARTESIAN_POINT('',(0.,33.));
#210 = VECTOR('',#211,1.);
#211 = DIRECTION('',(1.,0.));
#212 = ( GEOMETRIC_REPRESENTATION_CONTEXT(2) 
PARAMETRIC_REPRESENTATION_CONTEXT() REPRESENTATION_CONTEXT('2D SPACE',''
  ) );
#213 = PCURVE('',#214,#219);
#214 = SPHERICAL_SURFACE('',#215,2.);
#215 = AXIS2_PLACEMENT_3D('',#216,#217,#218);
#216 = CARTESIAN_POINT('',(-30.72,-10.36,15.5));
#217 = DIRECTION('',(-0.,-0.,-1.));
#218 = DIRECTION('',(-1.,0.,0.));
#219 = DEFINITIONAL_REPRESENTATION('',(#220),#224);
#220 = LINE('',#221,#222);
#221 = CARTESIAN_POINT('',(-0.,0.));
#222 = VECTOR('',#223,1.);
#223 = DIRECTION('',(-1.,0.));
#224 = ( GEOMETRIC_REPRESENTATION_CONTEXT(2) 
PARAMETRIC_REPRESENTATION_CONTEXT() REPRESENTATION_CONTEXT('2D SPACE',''
  ) );
#225 = ADVANCED_FACE('',(#226),#72,.T.);
#226 = FACE_BOUND('',#227,.F.);
#227 = EDGE_LOOP('',(#228,#250,#278,#303));
#228 = ORIENTED_EDGE('',*,*,#229,.F.);
#229 = EDGE_CURVE('',#230,#22,#232,.T.);
#230 = VERTEX_POINT('',#231);
#231 = CARTESIAN_POINT('',(-30.72,-10.36,-17.5));
#232 = SURFACE_CURVE('',#233,(#238,#244),.PCURVE_S1.);
#233 = CIRCLE('',#234,2.);
#234 = AXIS2_PLACEMENT_3D('',#235,#236,#237);
#235 = CARTESIAN_POINT('',(-30.72,-10.36,-15.5));
#236 = DIRECTION('',(0.,1.,-0.));
#237 = DIRECTION('',(-1.,0.,0.));
#238 = PCURVE('',#72,#239);
#239 = DEFINITIONAL_REPRESENTATION('',(#240),#243);
#240 = B_SPLINE_CURVE_WITH_KNOTS('',1,(#241,#242),.UNSPECIFIED.,.F.,.F.,
  (2,2),(4.712388980385,6.28318530718),.PIECEWISE_BEZIER_KNOTS.);
#241 = CARTESIAN_POINT('',(-1.570796326795,2.));
#242 = CARTESIAN_POINT('',(0.,2.));
#243 = ( GEOMETRIC_REPRESENTATION_CONTEXT(2) 
PARAMETRIC_REPRESENTATION_CONTEXT() REPRESENTATION_CONTEXT('2D SPACE',''
  ) );
#244 = PCURVE('',#159,#245);
#245 = DEFINITIONAL_REPRESENTATION('',(#246),#249);
#246 = B_SPLINE_CURVE_WITH_KNOTS('',1,(#247,#248),.UNSPECIFIED.,.F.,.F.,
  (2,2),(4.712388980385,6.28318530718),.PIECEWISE_BEZIER_KNOTS.);
#247 = CARTESIAN_POINT('',(0.,-1.570796326795));
#248 = CARTESIAN_POINT('',(0.,0.));
#249 = ( GEOMETRIC_REPRESENTATION_CONTEXT(2) 
PARAMETRIC_REPRESENTATION_CONTEXT() REPRESENTATION_CONTEXT('2D SPACE',''
  ) );
#250 = ORIENTED_EDGE('',*,*,#251,.T.);
#251 = EDGE_CURVE('',#230,#252,#254,.T.);
#252 = VERTEX_POINT('',#253);
#253 = CARTESIAN_POINT('',(-30.72,10.36,-17.5));
#254 = SURFACE_CURVE('',#255,(#259,#266),.PCURVE_S1.);
#255 = LINE('',#256,#257);
#256 = CARTESIAN_POINT('',(-30.72,-12.36,-17.5));
#257 = VECTOR('',#258,1.);
#258 = DIRECTION('',(-0.,1.,0.));
#259 = PCURVE('',#72,#260);
#260 = DEFINITIONAL_REPRESENTATION('',(#261),#265);
#261 = LINE('',#262,#263);
#262 = CARTESIAN_POINT('',(-1.570796326795,0.));
#263 = VECTOR('',#264,1.);
#264 = DIRECTION('',(-0.,1.));
#265 = ( GEOMETRIC_REPRESENTATION_CONTEXT(2) 
PARAMETRIC_REPRESENTATION_CONTEXT() REPRESENTATION_CONTEXT('2D SPACE',''
  ) );
#266 = PCURVE('',#267,#272);
#267 = PLANE('',#268);
#268 = AXIS2_PLACEMENT_3D('',#269,#270,#271);
#269 = CARTESIAN_POINT('',(-32.72,-12.36,-17.5));
#270 = DIRECTION('',(0.,0.,1.));
#271 = DIRECTION('',(1.,0.,-0.));
#272 = DEFINITIONAL_REPRESENTATION('',(#273),#277);
#273 = LINE('',#274,#275);
#274 = CARTESIAN_POINT('',(2.,0.));
#275 = VECTOR('',#276,1.);
#276 = DIRECTION('',(0.,1.));
#277 = ( GEOMETRIC_REPRESENTATION_CONTEXT(2) 
PARAMETRIC_REPRESENTATION_CONTEXT() REPRESENTATION_CONTEXT('2D SPACE',''
  ) );
#278 = ORIENTED_EDGE('',*,*,#279,.T.);
#279 = EDGE_CURVE('',#252,#57,#280,.T.);
#280 = SURFACE_CURVE('',#281,(#286,#292),.PCURVE_S1.);
#281 = CIRCLE('',#282,2.);
#282 = AXIS2_PLACEMENT_3D('',#283,#284,#285);
#283 = CARTESIAN_POINT('',(-30.72,10.36,-15.5));
#284 = DIRECTION('',(0.,1.,-0.));
#285 = DIRECTION('',(-1.,0.,0.));
#286 = PCURVE('',#72,#287);
#287 = DEFINITIONAL_REPRESENTATION('',(#288),#291);
#288 = B_SPLINE_CURVE_WITH_KNOTS('',1,(#289,#290),.UNSPECIFIED.,.F.,.F.,
  (2,2),(4.712388980385,6.28318530718),.PIECEWISE_BEZIER_KNOTS.);
#289 = CARTESIAN_POINT('',(-1.570796326795,22.72));
#290 = CARTESIAN_POINT('',(0.,22.72));
#291 = ( GEOMETRIC_REPRESENTATION_CONTEXT(2) 
PARAMETRIC_REPRESENTATION_CONTEXT() REPRESENTATION_CONTEXT('2D SPACE',''
  ) );
#292 = PCURVE('',#293,#298);
#293 = SPHERICAL_SURFACE('',#294,2.);
#294 = AXIS2_PLACEMENT_3D('',#295,#296,#297);
#295 = CARTESIAN_POINT('',(-30.72,10.36,-15.5));
#296 = DIRECTION('',(0.,0.,1.));
#297 = DIRECTION('',(-1.,0.,0.));
#298 = DEFINITIONAL_REPRESENTATION('',(#299),#302);
#299 = B_SPLINE_CURVE_WITH_KNOTS('',1,(#300,#301),.UNSPECIFIED.,.F.,.F.,
  (2,2),(4.712388980385,6.28318530718),.PIECEWISE_BEZIER_KNOTS.);
#300 = CARTESIAN_POINT('',(0.,-1.570796326795));
#301 = CARTESIAN_POINT('',(0.,0.));
#302 = ( GEOMETRIC_REPRESENTATION_CONTEXT(2) 
PARAMETRIC_REPRESENTATION_CONTEXT() REPRESENTATION_CONTEXT('2D SPACE',''
  ) );
#303 = ORIENTED_EDGE('',*,*,#56,.F.);
#304 = ADVANCED_FACE('',(#305),#126,.T.);
#305 = FACE_BOUND('',#306,.T.);
#306 = EDGE_LOOP('',(#307,#329,#357,#384));
#307 = ORIENTED_EDGE('',*,*,#308,.F.);
#308 = EDGE_CURVE('',#309,#24,#311,.T.);
#309 = VERTEX_POINT('',#310);
#310 = CARTESIAN_POINT('',(-30.72,-10.36,17.5));
#311 = SURFACE_CURVE('',#312,(#317,#323),.PCURVE_S1.);
#312 = CIRCLE('',#313,2.);
#313 = AXIS2_PLACEMENT_3D('',#314,#315,#316);
#314 = CARTESIAN_POINT('',(-30.72,-10.36,15.5));
#315 = DIRECTION('',(0.,-1.,0.));
#316 = DIRECTION('',(-1.,0.,0.));
#317 = PCURVE('',#126,#318);
#318 = DEFINITIONAL_REPRESENTATION('',(#319),#322);
#319 = B_SPLINE_CURVE_WITH_KNOTS('',1,(#320,#321),.UNSPECIFIED.,.F.,.F.,
  (2,2),(4.712388980385,6.28318530718),.PIECEWISE_BEZIER_KNOTS.);
#320 = CARTESIAN_POINT('',(1.570796326795,2.));
#321 = CARTESIAN_POINT('',(0.,2.));
#322 = ( GEOMETRIC_REPRESENTATION_CONTEXT(2) 
PARAMETRIC_REPRESENTATION_CONTEXT() REPRESENTATION_CONTEXT('2D SPACE',''
  ) );
#323 = PCURVE('',#214,#324);
#324 = DEFINITIONAL_REPRESENTATION('',(#325),#328);
#325 = B_SPLINE_CURVE_WITH_KNOTS('',1,(#326,#327),.UNSPECIFIED.,.F.,.F.,
  (2,2),(4.712388980385,6.28318530718),.PIECEWISE_BEZIER_KNOTS.);
#326 = CARTESIAN_POINT('',(0.,-1.570796326795));
#327 = CARTESIAN_POINT('',(0.,0.));
#328 = ( GEOMETRIC_REPRESENTATION_CONTEXT(2) 
PARAMETRIC_REPRESENTATION_CONTEXT() REPRESENTATION_CONTEXT('2D SPACE',''
  ) );
#329 = ORIENTED_EDGE('',*,*,#330,.T.);
#330 = EDGE_CURVE('',#309,#331,#333,.T.);
#331 = VERTEX_POINT('',#332);
#332 = CARTESIAN_POINT('',(-30.72,10.36,17.5));
#333 = SURFACE_CURVE('',#334,(#338,#345),.PCURVE_S1.);
#334 = LINE('',#335,#336);
#335 = CARTESIAN_POINT('',(-30.72,-12.36,17.5));
#336 = VECTOR('',#337,1.);
#337 = DIRECTION('',(-0.,1.,0.));
#338 = PCURVE('',#126,#339);
#339 = DEFINITIONAL_REPRESENTATION('',(#340),#344);
#340 = LINE('',#341,#342);
#341 = CARTESIAN_POINT('',(1.570796326795,0.));
#342 = VECTOR('',#343,1.);
#343 = DIRECTION('',(0.,1.));
#344 = ( GEOMETRIC_REPRESENTATION_CONTEXT(2) 
PARAMETRIC_REPRESENTATION_CONTEXT() REPRESENTATION_CONTEXT('2D SPACE',''
  ) );
#345 = PCURVE('',#346,#351);
#346 = PLANE('',#347);
#347 = AXIS2_PLACEMENT_3D('',#348,#349,#350);
#348 = CARTESIAN_POINT('',(-32.72,-12.36,17.5));
#349 = DIRECTION('',(0.,0.,1.));
#350 = DIRECTION('',(1.,0.,-0.));
#351 = DEFINITIONAL_REPRESENTATION('',(#352),#356);
#352 = LINE('',#353,#354);
#353 = CARTESIAN_POINT('',(2.,0.));
#354 = VECTOR('',#355,1.);
#355 = DIRECTION('',(0.,1.));
#356 = ( GEOMETRIC_REPRESENTATION_CONTEXT(2) 
PARAMETRIC_REPRESENTATION_CONTEXT() REPRESENTATION_CONTEXT('2D SPACE',''
  ) );
#357 = ORIENTED_EDGE('',*,*,#358,.F.);
#358 = EDGE_CURVE('',#85,#331,#359,.T.);
#359 = SURFACE_CURVE('',#360,(#365,#372),.PCURVE_S1.);
#360 = CIRCLE('',#361,2.);
#361 = AXIS2_PLACEMENT_3D('',#362,#363,#364);
#362 = CARTESIAN_POINT('',(-30.72,10.36,15.5));
#363 = DIRECTION('',(-0.,1.,0.));
#364 = DIRECTION('',(-1.,-0.,0.));
#365 = PCURVE('',#126,#366);
#366 = DEFINITIONAL_REPRESENTATION('',(#367),#371);
#367 = LINE('',#368,#369);
#368 = CARTESIAN_POINT('',(0.,22.72));
#369 = VECTOR('',#370,1.);
#370 = DIRECTION('',(1.,0.));
#371 = ( GEOMETRIC_REPRESENTATION_CONTEXT(2) 
PARAMETRIC_REPRESENTATION_CONTEXT() REPRESENTATION_CONTEXT('2D SPACE',''
  ) );
#372 = PCURVE('',#373,#378);
#373 = SPHERICAL_SURFACE('',#374,2.);
#374 = AXIS2_PLACEMENT_3D('',#375,#376,#377);
#375 = CARTESIAN_POINT('',(-30.72,10.36,15.5));
#376 = DIRECTION('',(0.,-1.,-0.));
#377 = DIRECTION('',(-1.,-0.,0.));
#378 = DEFINITIONAL_REPRESENTATION('',(#379),#383);
#379 = LINE('',#380,#381);
#380 = CARTESIAN_POINT('',(-0.,0.));
#381 = VECTOR('',#382,1.);
#382 = DIRECTION('',(-1.,0.));
#383 = ( GEOMETRIC_REPRESENTATION_CONTEXT(2) 
PARAMETRIC_REPRESENTATION_CONTEXT() REPRESENTATION_CONTEXT('2D SPACE',''
  ) );
#384 = ORIENTED_EDGE('',*,*,#112,.F.);
#385 = ADVANCED_FACE('',(#386),#100,.T.);
#386 = FACE_BOUND('',#387,.F.);
#387 = EDGE_LOOP('',(#388,#389,#413,#441));
#388 = ORIENTED_EDGE('',*,*,#84,.F.);
#389 = ORIENTED_EDGE('',*,*,#390,.T.);
#390 = EDGE_CURVE('',#57,#391,#393,.T.);
#391 = VERTEX_POINT('',#392);
#392 = CARTESIAN_POINT('',(-30.72,12.36,-15.5));
#393 = SURFACE_CURVE('',#394,(#399,#406),.PCURVE_S1.);
#394 = CIRCLE('',#395,2.);
#395 = AXIS2_PLACEMENT_3D('',#396,#397,#398);
#396 = CARTESIAN_POINT('',(-30.72,10.36,-15.5));
#397 = DIRECTION('',(-0.,0.,-1.));
#398 = DIRECTION('',(-1.,0.,0.));
#399 = PCURVE('',#100,#400);
#400 = DEFINITIONAL_REPRESENTATION('',(#401),#405);
#401 = LINE('',#402,#403);
#402 = CARTESIAN_POINT('',(-0.,2.));
#403 = VECTOR('',#404,1.);
#404 = DIRECTION('',(-1.,0.));
#405 = ( GEOMETRIC_REPRESENTATION_CONTEXT(2) 
PARAMETRIC_REPRESENTATION_CONTEXT() REPRESENTATION_CONTEXT('2D SPACE',''
  ) );
#406 = PCURVE('',#293,#407);
#407 = DEFINITIONAL_REPRESENTATION('',(#408),#412);
#408 = LINE('',#409,#410);
#409 = CARTESIAN_POINT('',(-0.,0.));
#410 = VECTOR('',#411,1.);
#411 = DIRECTION('',(-1.,0.));
#412 = ( GEOMETRIC_REPRESENTATION_CONTEXT(2) 
PARAMETRIC_REPRESENTATION_CONTEXT() REPRESENTATION_CONTEXT('2D SPACE',''
  ) );
#413 = ORIENTED_EDGE('',*,*,#414,.T.);
#414 = EDGE_CURVE('',#391,#415,#417,.T.);
#415 = VERTEX_POINT('',#416);
#416 = CARTESIAN_POINT('',(-30.72,12.36,15.5));
#417 = SURFACE_CURVE('',#418,(#422,#429),.PCURVE_S1.);
#418 = LINE('',#419,#420);
#419 = CARTESIAN_POINT('',(-30.72,12.36,-17.5));
#420 = VECTOR('',#421,1.);
#421 = DIRECTION('',(0.,0.,1.));
#422 = PCURVE('',#100,#423);
#423 = DEFINITIONAL_REPRESENTATION('',(#424),#428);
#424 = LINE('',#425,#426);
#425 = CARTESIAN_POINT('',(-1.570796326795,0.));
#426 = VECTOR('',#427,1.);
#427 = DIRECTION('',(-0.,1.));
#428 = ( GEOMETRIC_REPRESENTATION_CONTEXT(2) 
PARAMETRIC_REPRESENTATION_CONTEXT() REPRESENTATION_CONTEXT('2D SPACE',''
  ) );
#429 = PCURVE('',#430,#435);
#430 = PLANE('',#431);
#431 = AXIS2_PLACEMENT_3D('',#432,#433,#434);
#432 = CARTESIAN_POINT('',(-32.72,12.36,-17.5));
#433 = DIRECTION('',(-0.,1.,0.));
#434 = DIRECTION('',(0.,0.,1.));
#435 = DEFINITIONAL_REPRESENTATION('',(#436),#440);
#436 = LINE('',#437,#438);
#437 = CARTESIAN_POINT('',(0.,2.));
#438 = VECTOR('',#439,1.);
#439 = DIRECTION('',(1.,0.));
#440 = ( GEOMETRIC_REPRESENTATION_CONTEXT(2) 
PARAMETRIC_REPRESENTATION_CONTEXT() REPRESENTATION_CONTEXT('2D SPACE',''
  ) );
#441 = ORIENTED_EDGE('',*,*,#442,.T.);
#442 = EDGE_CURVE('',#415,#85,#443,.T.);
#443 = SURFACE_CURVE('',#444,(#449,#455),.PCURVE_S1.);
#444 = CIRCLE('',#445,2.);
#445 = AXIS2_PLACEMENT_3D('',#446,#447,#448);
#446 = CARTESIAN_POINT('',(-30.72,10.36,15.5));
#447 = DIRECTION('',(0.,0.,1.));
#448 = DIRECTION('',(-1.,-0.,0.));
#449 = PCURVE('',#100,#450);
#450 = DEFINITIONAL_REPRESENTATION('',(#451),#454);
#451 = B_SPLINE_CURVE_WITH_KNOTS('',1,(#452,#453),.UNSPECIFIED.,.F.,.F.,
  (2,2),(4.712388980385,6.28318530718),.PIECEWISE_BEZIER_KNOTS.);
#452 = CARTESIAN_POINT('',(-1.570796326795,33.));
#453 = CARTESIAN_POINT('',(0.,33.));
#454 = ( GEOMETRIC_REPRESENTATION_CONTEXT(2) 
PARAMETRIC_REPRESENTATION_CONTEXT() REPRESENTATION_CONTEXT('2D SPACE',''
  ) );
#455 = PCURVE('',#373,#456);
#456 = DEFINITIONAL_REPRESENTATION('',(#457),#460);
#457 = B_SPLINE_CURVE_WITH_KNOTS('',1,(#458,#459),.UNSPECIFIED.,.F.,.F.,
  (2,2),(4.712388980385,6.28318530718),.PIECEWISE_BEZIER_KNOTS.);
#458 = CARTESIAN_POINT('',(0.,-1.570796326795));
#459 = CARTESIAN_POINT('',(0.,0.));
#460 = ( GEOMETRIC_REPRESENTATION_CONTEXT(2) 
PARAMETRIC_REPRESENTATION_CONTEXT() REPRESENTATION_CONTEXT('2D SPACE',''
  ) );
#461 = ADVANCED_FACE('',(#462),#159,.T.);
#462 = FACE_BOUND('',#463,.T.);
#463 = EDGE_LOOP('',(#464,#465,#490));
#464 = ORIENTED_EDGE('',*,*,#229,.F.);
#465 = ORIENTED_EDGE('',*,*,#466,.T.);
#466 = EDGE_CURVE('',#230,#143,#467,.T.);
#467 = SURFACE_CURVE('',#468,(#473,#479),.PCURVE_S1.);
#468 = CIRCLE('',#469,2.);
#469 = AXIS2_PLACEMENT_3D('',#470,#471,#472);
#470 = CARTESIAN_POINT('',(-30.72,-10.36,-15.5));
#471 = DIRECTION('',(-1.,6.123233995737E-17,0.));
#472 = DIRECTION('',(-6.123233995737E-17,-1.,0.));
#473 = PCURVE('',#159,#474);
#474 = DEFINITIONAL_REPRESENTATION('',(#475),#478);
#475 = B_SPLINE_CURVE_WITH_KNOTS('',1,(#476,#477),.UNSPECIFIED.,.F.,.F.,
  (2,2),(4.712388980385,6.28318530718),.PIECEWISE_BEZIER_KNOTS.);
#476 = CARTESIAN_POINT('',(1.570796326795,-1.570796326795));
#477 = CARTESIAN_POINT('',(1.570796326795,0.));
#478 = ( GEOMETRIC_REPRESENTATION_CONTEXT(2) 
PARAMETRIC_REPRESENTATION_CONTEXT() REPRESENTATION_CONTEXT('2D SPACE',''
  ) );
#479 = PCURVE('',#480,#485);
#480 = CYLINDRICAL_SURFACE('',#481,2.);
#481 = AXIS2_PLACEMENT_3D('',#482,#483,#484);
#482 = CARTESIAN_POINT('',(-32.72,-10.36,-15.5));
#483 = DIRECTION('',(1.,0.,-0.));
#484 = DIRECTION('',(0.,-1.,0.));
#485 = DEFINITIONAL_REPRESENTATION('',(#486),#489);
#486 = B_SPLINE_CURVE_WITH_KNOTS('',1,(#487,#488),.UNSPECIFIED.,.F.,.F.,
  (2,2),(4.712388980385,6.28318530718),.PIECEWISE_BEZIER_KNOTS.);
#487 = CARTESIAN_POINT('',(1.570796326795,2.));
#488 = CARTESIAN_POINT('',(0.,2.));
#489 = ( GEOMETRIC_REPRESENTATION_CONTEXT(2) 
PARAMETRIC_REPRESENTATION_CONTEXT() REPRESENTATION_CONTEXT('2D SPACE',''
  ) );
#490 = ORIENTED_EDGE('',*,*,#142,.F.);
#491 = ADVANCED_FACE('',(#492),#214,.T.);
#492 = FACE_BOUND('',#493,.F.);
#493 = EDGE_LOOP('',(#494,#495,#520));
#494 = ORIENTED_EDGE('',*,*,#308,.F.);
#495 = ORIENTED_EDGE('',*,*,#496,.T.);
#496 = EDGE_CURVE('',#309,#172,#497,.T.);
#497 = SURFACE_CURVE('',#498,(#503,#509),.PCURVE_S1.);
#498 = CIRCLE('',#499,2.);
#499 = AXIS2_PLACEMENT_3D('',#500,#501,#502);
#500 = CARTESIAN_POINT('',(-30.72,-10.36,15.5));
#501 = DIRECTION('',(1.,-6.123233995737E-17,0.));
#502 = DIRECTION('',(-6.123233995737E-17,-1.,0.));
#503 = PCURVE('',#214,#504);
#504 = DEFINITIONAL_REPRESENTATION('',(#505),#508);
#505 = B_SPLINE_CURVE_WITH_KNOTS('',1,(#506,#507),.UNSPECIFIED.,.F.,.F.,
  (2,2),(4.712388980385,6.28318530718),.PIECEWISE_BEZIER_KNOTS.);
#506 = CARTESIAN_POINT('',(-1.570796326795,-1.570796326795));
#507 = CARTESIAN_POINT('',(-1.570796326795,0.));
#508 = ( GEOMETRIC_REPRESENTATION_CONTEXT(2) 
PARAMETRIC_REPRESENTATION_CONTEXT() REPRESENTATION_CONTEXT('2D SPACE',''
  ) );
#509 = PCURVE('',#510,#515);
#510 = CYLINDRICAL_SURFACE('',#511,2.);
#511 = AXIS2_PLACEMENT_3D('',#512,#513,#514);
#512 = CARTESIAN_POINT('',(-32.72,-10.36,15.5));
#513 = DIRECTION('',(1.,0.,-0.));
#514 = DIRECTION('',(0.,-1.,0.));
#515 = DEFINITIONAL_REPRESENTATION('',(#516),#519);
#516 = B_SPLINE_CURVE_WITH_KNOTS('',1,(#517,#518),.UNSPECIFIED.,.F.,.F.,
  (2,2),(4.712388980385,6.28318530718),.PIECEWISE_BEZIER_KNOTS.);
#517 = CARTESIAN_POINT('',(-1.570796326795,2.));
#518 = CARTESIAN_POINT('',(0.,2.));
#519 = ( GEOMETRIC_REPRESENTATION_CONTEXT(2) 
PARAMETRIC_REPRESENTATION_CONTEXT() REPRESENTATION_CONTEXT('2D SPACE',''
  ) );
#520 = ORIENTED_EDGE('',*,*,#199,.F.);
#521 = ADVANCED_FACE('',(#522),#187,.F.);
#522 = FACE_BOUND('',#523,.F.);
#523 = EDGE_LOOP('',(#524,#525,#548,#576));
#524 = ORIENTED_EDGE('',*,*,#171,.T.);
#525 = ORIENTED_EDGE('',*,*,#526,.T.);
#526 = EDGE_CURVE('',#172,#527,#529,.T.);
#527 = VERTEX_POINT('',#528);
#528 = CARTESIAN_POINT('',(10.5,-12.36,15.5));
#529 = SURFACE_CURVE('',#530,(#534,#541),.PCURVE_S1.);
#530 = LINE('',#531,#532);
#531 = CARTESIAN_POINT('',(-32.72,-12.36,15.5));
#532 = VECTOR('',#533,1.);
#533 = DIRECTION('',(1.,0.,-0.));
#534 = PCURVE('',#187,#535);
#535 = DEFINITIONAL_REPRESENTATION('',(#536),#540);
#536 = LINE('',#537,#538);
#537 = CARTESIAN_POINT('',(33.,0.));
#538 = VECTOR('',#539,1.);
#539 = DIRECTION('',(0.,1.));
#540 = ( GEOMETRIC_REPRESENTATION_CONTEXT(2) 
PARAMETRIC_REPRESENTATION_CONTEXT() REPRESENTATION_CONTEXT('2D SPACE',''
  ) );
#541 = PCURVE('',#510,#542);
#542 = DEFINITIONAL_REPRESENTATION('',(#543),#547);
#543 = LINE('',#544,#545);
#544 = CARTESIAN_POINT('',(-0.,0.));
#545 = VECTOR('',#546,1.);
#546 = DIRECTION('',(-0.,1.));
#547 = ( GEOMETRIC_REPRESENTATION_CONTEXT(2) 
PARAMETRIC_REPRESENTATION_CONTEXT() REPRESENTATION_CONTEXT('2D SPACE',''
  ) );
#548 = ORIENTED_EDGE('',*,*,#549,.F.);
#549 = EDGE_CURVE('',#550,#527,#552,.T.);
#550 = VERTEX_POINT('',#551);
#551 = CARTESIAN_POINT('',(10.5,-12.36,-15.5));
#552 = SURFACE_CURVE('',#553,(#557,#564),.PCURVE_S1.);
#553 = LINE('',#554,#555);
#554 = CARTESIAN_POINT('',(10.5,-12.36,-17.5));
#555 = VECTOR('',#556,1.);
#556 = DIRECTION('',(0.,0.,1.));
#557 = PCURVE('',#187,#558);
#558 = DEFINITIONAL_REPRESENTATION('',(#559),#563);
#559 = LINE('',#560,#561);
#560 = CARTESIAN_POINT('',(0.,43.22));
#561 = VECTOR('',#562,1.);
#562 = DIRECTION('',(1.,0.));
#563 = ( GEOMETRIC_REPRESENTATION_CONTEXT(2) 
PARAMETRIC_REPRESENTATION_CONTEXT() REPRESENTATION_CONTEXT('2D SPACE',''
  ) );
#564 = PCURVE('',#565,#570);
#565 = CYLINDRICAL_SURFACE('',#566,2.);
#566 = AXIS2_PLACEMENT_3D('',#567,#568,#569);
#567 = CARTESIAN_POINT('',(10.5,-10.36,-17.5));
#568 = DIRECTION('',(0.,0.,1.));
#569 = DIRECTION('',(1.,0.,-0.));
#570 = DEFINITIONAL_REPRESENTATION('',(#571),#575);
#571 = LINE('',#572,#573);
#572 = CARTESIAN_POINT('',(-1.570796326795,0.));
#573 = VECTOR('',#574,1.);
#574 = DIRECTION('',(-0.,1.));
#575 = ( GEOMETRIC_REPRESENTATION_CONTEXT(2) 
PARAMETRIC_REPRESENTATION_CONTEXT() REPRESENTATION_CONTEXT('2D SPACE',''
  ) );
#576 = ORIENTED_EDGE('',*,*,#577,.F.);
#577 = EDGE_CURVE('',#143,#550,#578,.T.);
#578 = SURFACE_CURVE('',#579,(#583,#590),.PCURVE_S1.);
#579 = LINE('',#580,#581);
#580 = CARTESIAN_POINT('',(-32.72,-12.36,-15.5));
#581 = VECTOR('',#582,1.);
#582 = DIRECTION('',(1.,0.,-0.));
#583 = PCURVE('',#187,#584);
#584 = DEFINITIONAL_REPRESENTATION('',(#585),#589);
#585 = LINE('',#586,#587);
#586 = CARTESIAN_POINT('',(2.,0.));
#587 = VECTOR('',#588,1.);
#588 = DIRECTION('',(0.,1.));
#589 = ( GEOMETRIC_REPRESENTATION_CONTEXT(2) 
PARAMETRIC_REPRESENTATION_CONTEXT() REPRESENTATION_CONTEXT('2D SPACE',''
  ) );
#590 = PCURVE('',#480,#591);
#591 = DEFINITIONAL_REPRESENTATION('',(#592),#596);
#592 = LINE('',#593,#594);
#593 = CARTESIAN_POINT('',(0.,0.));
#594 = VECTOR('',#595,1.);
#595 = DIRECTION('',(0.,1.));
#596 = ( GEOMETRIC_REPRESENTATION_CONTEXT(2) 
PARAMETRIC_REPRESENTATION_CONTEXT() REPRESENTATION_CONTEXT('2D SPACE',''
  ) );
#597 = ADVANCED_FACE('',(#598,#982),#267,.F.);
#598 = FACE_BOUND('',#599,.F.);
#599 = EDGE_LOOP('',(#600,#601,#624,#653,#677,#700,#729,#753,#776,#804,
    #832,#861,#885,#908,#937,#961));
#600 = ORIENTED_EDGE('',*,*,#251,.F.);
#601 = ORIENTED_EDGE('',*,*,#602,.T.);
#602 = EDGE_CURVE('',#230,#603,#605,.T.);
#603 = VERTEX_POINT('',#604);
#604 = CARTESIAN_POINT('',(-29.29240141342,-10.36,-17.5));
#605 = SURFACE_CURVE('',#606,(#610,#617),.PCURVE_S1.);
#606 = LINE('',#607,#608);
#607 = CARTESIAN_POINT('',(-32.72,-10.36,-17.5));
#608 = VECTOR('',#609,1.);
#609 = DIRECTION('',(1.,0.,-0.));
#610 = PCURVE('',#267,#611);
#611 = DEFINITIONAL_REPRESENTATION('',(#612),#616);
#612 = LINE('',#613,#614);
#613 = CARTESIAN_POINT('',(0.,2.));
#614 = VECTOR('',#615,1.);
#615 = DIRECTION('',(1.,0.));
#616 = ( GEOMETRIC_REPRESENTATION_CONTEXT(2) 
PARAMETRIC_REPRESENTATION_CONTEXT() REPRESENTATION_CONTEXT('2D SPACE',''
  ) );
#617 = PCURVE('',#480,#618);
#618 = DEFINITIONAL_REPRESENTATION('',(#619),#623);
#619 = LINE('',#620,#621);
#620 = CARTESIAN_POINT('',(1.570796326795,0.));
#621 = VECTOR('',#622,1.);
#622 = DIRECTION('',(0.,1.));
#623 = ( GEOMETRIC_REPRESENTATION_CONTEXT(2) 
PARAMETRIC_REPRESENTATION_CONTEXT() REPRESENTATION_CONTEXT('2D SPACE',''
  ) );
#624 = ORIENTED_EDGE('',*,*,#625,.F.);
#625 = EDGE_CURVE('',#626,#603,#628,.T.);
#626 = VERTEX_POINT('',#627);
#627 = CARTESIAN_POINT('',(-27.7,-10.25,-17.5));
#628 = SURFACE_CURVE('',#629,(#634,#641),.PCURVE_S1.);
#629 = CIRCLE('',#630,0.8);
#630 = AXIS2_PLACEMENT_3D('',#631,#632,#633);
#631 = CARTESIAN_POINT('',(-28.5,-10.25,-17.5));
#632 = DIRECTION('',(0.,0.,1.));
#633 = DIRECTION('',(1.,0.,-0.));
#634 = PCURVE('',#267,#635);
#635 = DEFINITIONAL_REPRESENTATION('',(#636),#640);
#636 = CIRCLE('',#637,0.8);
#637 = AXIS2_PLACEMENT_2D('',#638,#639);
#638 = CARTESIAN_POINT('',(4.22,2.11));
#639 = DIRECTION('',(1.,0.));
#640 = ( GEOMETRIC_REPRESENTATION_CONTEXT(2) 
PARAMETRIC_REPRESENTATION_CONTEXT() REPRESENTATION_CONTEXT('2D SPACE',''
  ) );
#641 = PCURVE('',#642,#647);
#642 = CYLINDRICAL_SURFACE('',#643,0.8);
#643 = AXIS2_PLACEMENT_3D('',#644,#645,#646);
#644 = CARTESIAN_POINT('',(-28.5,-10.25,-18.5));
#645 = DIRECTION('',(0.,0.,1.));
#646 = DIRECTION('',(1.,0.,-0.));
#647 = DEFINITIONAL_REPRESENTATION('',(#648),#652);
#648 = LINE('',#649,#650);
#649 = CARTESIAN_POINT('',(0.,1.));
#650 = VECTOR('',#651,1.);
#651 = DIRECTION('',(1.,0.));
#652 = ( GEOMETRIC_REPRESENTATION_CONTEXT(2) 
PARAMETRIC_REPRESENTATION_CONTEXT() REPRESENTATION_CONTEXT('2D SPACE',''
  ) );
#653 = ORIENTED_EDGE('',*,*,#654,.F.);
#654 = EDGE_CURVE('',#655,#626,#657,.T.);
#655 = VERTEX_POINT('',#656);
#656 = CARTESIAN_POINT('',(-27.70759858657,-10.36,-17.5));
#657 = SURFACE_CURVE('',#658,(#663,#670),.PCURVE_S1.);
#658 = CIRCLE('',#659,0.8);
#659 = AXIS2_PLACEMENT_3D('',#660,#661,#662);
#660 = CARTESIAN_POINT('',(-28.5,-10.25,-17.5));
#661 = DIRECTION('',(0.,0.,1.));
#662 = DIRECTION('',(1.,0.,-0.));
#663 = PCURVE('',#267,#664);
#664 = DEFINITIONAL_REPRESENTATION('',(#665),#669);
#665 = CIRCLE('',#666,0.8);
#666 = AXIS2_PLACEMENT_2D('',#667,#668);
#667 = CARTESIAN_POINT('',(4.22,2.11));
#668 = DIRECTION('',(1.,0.));
#669 = ( GEOMETRIC_REPRESENTATION_CONTEXT(2) 
PARAMETRIC_REPRESENTATION_CONTEXT() REPRESENTATION_CONTEXT('2D SPACE',''
  ) );
#670 = PCURVE('',#642,#671);
#671 = DEFINITIONAL_REPRESENTATION('',(#672),#676);
#672 = LINE('',#673,#674);
#673 = CARTESIAN_POINT('',(0.,1.));
#674 = VECTOR('',#675,1.);
#675 = DIRECTION('',(1.,0.));
#676 = ( GEOMETRIC_REPRESENTATION_CONTEXT(2) 
PARAMETRIC_REPRESENTATION_CONTEXT() REPRESENTATION_CONTEXT('2D SPACE',''
  ) );
#677 = ORIENTED_EDGE('',*,*,#678,.T.);
#678 = EDGE_CURVE('',#655,#679,#681,.T.);
#679 = VERTEX_POINT('',#680);
#680 = CARTESIAN_POINT('',(7.507598586574,-10.36,-17.5));
#681 = SURFACE_CURVE('',#682,(#686,#693),.PCURVE_S1.);
#682 = LINE('',#683,#684);
#683 = CARTESIAN_POINT('',(-32.72,-10.36,-17.5));
#684 = VECTOR('',#685,1.);
#685 = DIRECTION('',(1.,0.,-0.));
#686 = PCURVE('',#267,#687);
#687 = DEFINITIONAL_REPRESENTATION('',(#688),#692);
#688 = LINE('',#689,#690);
#689 = CARTESIAN_POINT('',(0.,2.));
#690 = VECTOR('',#691,1.);
#691 = DIRECTION('',(1.,0.));
#692 = ( GEOMETRIC_REPRESENTATION_CONTEXT(2) 
PARAMETRIC_REPRESENTATION_CONTEXT() REPRESENTATION_CONTEXT('2D SPACE',''
  ) );
#693 = PCURVE('',#480,#694);
#694 = DEFINITIONAL_REPRESENTATION('',(#695),#699);
#695 = LINE('',#696,#697);
#696 = CARTESIAN_POINT('',(1.570796326795,0.));
#697 = VECTOR('',#698,1.);
#698 = DIRECTION('',(0.,1.));
#699 = ( GEOMETRIC_REPRESENTATION_CONTEXT(2) 
PARAMETRIC_REPRESENTATION_CONTEXT() REPRESENTATION_CONTEXT('2D SPACE',''
  ) );
#700 = ORIENTED_EDGE('',*,*,#701,.F.);
#701 = EDGE_CURVE('',#702,#679,#704,.T.);
#702 = VERTEX_POINT('',#703);
#703 = CARTESIAN_POINT('',(9.1,-10.25,-17.5));
#704 = SURFACE_CURVE('',#705,(#710,#717),.PCURVE_S1.);
#705 = CIRCLE('',#706,0.8);
#706 = AXIS2_PLACEMENT_3D('',#707,#708,#709);
#707 = CARTESIAN_POINT('',(8.3,-10.25,-17.5));
#708 = DIRECTION('',(0.,0.,1.));
#709 = DIRECTION('',(1.,0.,-0.));
#710 = PCURVE('',#267,#711);
#711 = DEFINITIONAL_REPRESENTATION('',(#712),#716);
#712 = CIRCLE('',#713,0.8);
#713 = AXIS2_PLACEMENT_2D('',#714,#715);
#714 = CARTESIAN_POINT('',(41.02,2.11));
#715 = DIRECTION('',(1.,0.));
#716 = ( GEOMETRIC_REPRESENTATION_CONTEXT(2) 
PARAMETRIC_REPRESENTATION_CONTEXT() REPRESENTATION_CONTEXT('2D SPACE',''
  ) );
#717 = PCURVE('',#718,#723);
#718 = CYLINDRICAL_SURFACE('',#719,0.8);
#719 = AXIS2_PLACEMENT_3D('',#720,#721,#722);
#720 = CARTESIAN_POINT('',(8.3,-10.25,-18.5));
#721 = DIRECTION('',(0.,0.,1.));
#722 = DIRECTION('',(1.,0.,-0.));
#723 = DEFINITIONAL_REPRESENTATION('',(#724),#728);
#724 = LINE('',#725,#726);
#725 = CARTESIAN_POINT('',(0.,1.));
#726 = VECTOR('',#727,1.);
#727 = DIRECTION('',(1.,0.));
#728 = ( GEOMETRIC_REPRESENTATION_CONTEXT(2) 
PARAMETRIC_REPRESENTATION_CONTEXT() REPRESENTATION_CONTEXT('2D SPACE',''
  ) );
#729 = ORIENTED_EDGE('',*,*,#730,.F.);
#730 = EDGE_CURVE('',#731,#702,#733,.T.);
#731 = VERTEX_POINT('',#732);
#732 = CARTESIAN_POINT('',(9.092401413426,-10.36,-17.5));
#733 = SURFACE_CURVE('',#734,(#739,#746),.PCURVE_S1.);
#734 = CIRCLE('',#735,0.8);
#735 = AXIS2_PLACEMENT_3D('',#736,#737,#738);
#736 = CARTESIAN_POINT('',(8.3,-10.25,-17.5));
#737 = DIRECTION('',(0.,0.,1.));
#738 = DIRECTION('',(1.,0.,-0.));
#739 = PCURVE('',#267,#740);
#740 = DEFINITIONAL_REPRESENTATION('',(#741),#745);
#741 = CIRCLE('',#742,0.8);
#742 = AXIS2_PLACEMENT_2D('',#743,#744);
#743 = CARTESIAN_POINT('',(41.02,2.11));
#744 = DIRECTION('',(1.,0.));
#745 = ( GEOMETRIC_REPRESENTATION_CONTEXT(2) 
PARAMETRIC_REPRESENTATION_CONTEXT() REPRESENTATION_CONTEXT('2D SPACE',''
  ) );
#746 = PCURVE('',#718,#747);
#747 = DEFINITIONAL_REPRESENTATION('',(#748),#752);
#748 = LINE('',#749,#750);
#749 = CARTESIAN_POINT('',(0.,1.));
#750 = VECTOR('',#751,1.);
#751 = DIRECTION('',(1.,0.));
#752 = ( GEOMETRIC_REPRESENTATION_CONTEXT(2) 
PARAMETRIC_REPRESENTATION_CONTEXT() REPRESENTATION_CONTEXT('2D SPACE',''
  ) );
#753 = ORIENTED_EDGE('',*,*,#754,.T.);
#754 = EDGE_CURVE('',#731,#755,#757,.T.);
#755 = VERTEX_POINT('',#756);
#756 = CARTESIAN_POINT('',(10.5,-10.36,-17.5));
#757 = SURFACE_CURVE('',#758,(#762,#769),.PCURVE_S1.);
#758 = LINE('',#759,#760);
#759 = CARTESIAN_POINT('',(-32.72,-10.36,-17.5));
#760 = VECTOR('',#761,1.);
#761 = DIRECTION('',(1.,0.,-0.));
#762 = PCURVE('',#267,#763);
#763 = DEFINITIONAL_REPRESENTATION('',(#764),#768);
#764 = LINE('',#765,#766);
#765 = CARTESIAN_POINT('',(0.,2.));
#766 = VECTOR('',#767,1.);
#767 = DIRECTION('',(1.,0.));
#768 = ( GEOMETRIC_REPRESENTATION_CONTEXT(2) 
PARAMETRIC_REPRESENTATION_CONTEXT() REPRESENTATION_CONTEXT('2D SPACE',''
  ) );
#769 = PCURVE('',#480,#770);
#770 = DEFINITIONAL_REPRESENTATION('',(#771),#775);
#771 = LINE('',#772,#773);
#772 = CARTESIAN_POINT('',(1.570796326795,0.));
#773 = VECTOR('',#774,1.);
#774 = DIRECTION('',(0.,1.));
#775 = ( GEOMETRIC_REPRESENTATION_CONTEXT(2) 
PARAMETRIC_REPRESENTATION_CONTEXT() REPRESENTATION_CONTEXT('2D SPACE',''
  ) );
#776 = ORIENTED_EDGE('',*,*,#777,.T.);
#777 = EDGE_CURVE('',#755,#778,#780,.T.);
#778 = VERTEX_POINT('',#779);
#779 = CARTESIAN_POINT('',(10.5,10.36,-17.5));
#780 = SURFACE_CURVE('',#781,(#785,#792),.PCURVE_S1.);
#781 = LINE('',#782,#783);
#782 = CARTESIAN_POINT('',(10.5,-12.36,-17.5));
#783 = VECTOR('',#784,1.);
#784 = DIRECTION('',(-0.,1.,0.));
#785 = PCURVE('',#267,#786);
#786 = DEFINITIONAL_REPRESENTATION('',(#787),#791);
#787 = LINE('',#788,#789);
#788 = CARTESIAN_POINT('',(43.22,0.));
#789 = VECTOR('',#790,1.);
#790 = DIRECTION('',(0.,1.));
#791 = ( GEOMETRIC_REPRESENTATION_CONTEXT(2) 
PARAMETRIC_REPRESENTATION_CONTEXT() REPRESENTATION_CONTEXT('2D SPACE',''
  ) );
#792 = PCURVE('',#793,#798);
#793 = CYLINDRICAL_SURFACE('',#794,2.);
#794 = AXIS2_PLACEMENT_3D('',#795,#796,#797);
#795 = CARTESIAN_POINT('',(10.5,-12.36,-15.5));
#796 = DIRECTION('',(-0.,1.,0.));
#797 = DIRECTION('',(1.,0.,-0.));
#798 = DEFINITIONAL_REPRESENTATION('',(#799),#803);
#799 = LINE('',#800,#801);
#800 = CARTESIAN_POINT('',(1.570796326795,0.));
#801 = VECTOR('',#802,1.);
#802 = DIRECTION('',(0.,1.));
#803 = ( GEOMETRIC_REPRESENTATION_CONTEXT(2) 
PARAMETRIC_REPRESENTATION_CONTEXT() REPRESENTATION_CONTEXT('2D SPACE',''
  ) );
#804 = ORIENTED_EDGE('',*,*,#805,.F.);
#805 = EDGE_CURVE('',#806,#778,#808,.T.);
#806 = VERTEX_POINT('',#807);
#807 = CARTESIAN_POINT('',(9.092401413426,10.36,-17.5));
#808 = SURFACE_CURVE('',#809,(#813,#820),.PCURVE_S1.);
#809 = LINE('',#810,#811);
#810 = CARTESIAN_POINT('',(-32.72,10.36,-17.5));
#811 = VECTOR('',#812,1.);
#812 = DIRECTION('',(1.,0.,-0.));
#813 = PCURVE('',#267,#814);
#814 = DEFINITIONAL_REPRESENTATION('',(#815),#819);
#815 = LINE('',#816,#817);
#816 = CARTESIAN_POINT('',(0.,22.72));
#817 = VECTOR('',#818,1.);
#818 = DIRECTION('',(1.,0.));
#819 = ( GEOMETRIC_REPRESENTATION_CONTEXT(2) 
PARAMETRIC_REPRESENTATION_CONTEXT() REPRESENTATION_CONTEXT('2D SPACE',''
  ) );
#820 = PCURVE('',#821,#826);
#821 = CYLINDRICAL_SURFACE('',#822,2.);
#822 = AXIS2_PLACEMENT_3D('',#823,#824,#825);
#823 = CARTESIAN_POINT('',(-32.72,10.36,-15.5));
#824 = DIRECTION('',(1.,0.,-0.));
#825 = DIRECTION('',(0.,1.,0.));
#826 = DEFINITIONAL_REPRESENTATION('',(#827),#831);
#827 = LINE('',#828,#829);
#828 = CARTESIAN_POINT('',(-1.570796326795,0.));
#829 = VECTOR('',#830,1.);
#830 = DIRECTION('',(-0.,1.));
#831 = ( GEOMETRIC_REPRESENTATION_CONTEXT(2) 
PARAMETRIC_REPRESENTATION_CONTEXT() REPRESENTATION_CONTEXT('2D SPACE',''
  ) );
#832 = ORIENTED_EDGE('',*,*,#833,.F.);
#833 = EDGE_CURVE('',#834,#806,#836,.T.);
#834 = VERTEX_POINT('',#835);
#835 = CARTESIAN_POINT('',(9.1,10.25,-17.5));
#836 = SURFACE_CURVE('',#837,(#842,#849),.PCURVE_S1.);
#837 = CIRCLE('',#838,0.8);
#838 = AXIS2_PLACEMENT_3D('',#839,#840,#841);
#839 = CARTESIAN_POINT('',(8.3,10.25,-17.5));
#840 = DIRECTION('',(0.,0.,1.));
#841 = DIRECTION('',(1.,0.,-0.));
#842 = PCURVE('',#267,#843);
#843 = DEFINITIONAL_REPRESENTATION('',(#844),#848);
#844 = CIRCLE('',#845,0.8);
#845 = AXIS2_PLACEMENT_2D('',#846,#847);
#846 = CARTESIAN_POINT('',(41.02,22.61));
#847 = DIRECTION('',(1.,0.));
#848 = ( GEOMETRIC_REPRESENTATION_CONTEXT(2) 
PARAMETRIC_REPRESENTATION_CONTEXT() REPRESENTATION_CONTEXT('2D SPACE',''
  ) );
#849 = PCURVE('',#850,#855);
#850 = CYLINDRICAL_SURFACE('',#851,0.8);
#851 = AXIS2_PLACEMENT_3D('',#852,#853,#854);
#852 = CARTESIAN_POINT('',(8.3,10.25,-18.5));
#853 = DIRECTION('',(0.,0.,1.));
#854 = DIRECTION('',(1.,0.,-0.));
#855 = DEFINITIONAL_REPRESENTATION('',(#856),#860);
#856 = LINE('',#857,#858);
#857 = CARTESIAN_POINT('',(0.,1.));
#858 = VECTOR('',#859,1.);
#859 = DIRECTION('',(1.,0.));
#860 = ( GEOMETRIC_REPRESENTATION_CONTEXT(2) 
PARAMETRIC_REPRESENTATION_CONTEXT() REPRESENTATION_CONTEXT('2D SPACE',''
  ) );
#861 = ORIENTED_EDGE('',*,*,#862,.F.);
#862 = EDGE_CURVE('',#863,#834,#865,.T.);
#863 = VERTEX_POINT('',#864);
#864 = CARTESIAN_POINT('',(7.507598586574,10.36,-17.5));
#865 = SURFACE_CURVE('',#866,(#871,#878),.PCURVE_S1.);
#866 = CIRCLE('',#867,0.8);
#867 = AXIS2_PLACEMENT_3D('',#868,#869,#870);
#868 = CARTESIAN_POINT('',(8.3,10.25,-17.5));
#869 = DIRECTION('',(0.,0.,1.));
#870 = DIRECTION('',(1.,0.,-0.));
#871 = PCURVE('',#267,#872);
#872 = DEFINITIONAL_REPRESENTATION('',(#873),#877);
#873 = CIRCLE('',#874,0.8);
#874 = AXIS2_PLACEMENT_2D('',#875,#876);
#875 = CARTESIAN_POINT('',(41.02,22.61));
#876 = DIRECTION('',(1.,0.));
#877 = ( GEOMETRIC_REPRESENTATION_CONTEXT(2) 
PARAMETRIC_REPRESENTATION_CONTEXT() REPRESENTATION_CONTEXT('2D SPACE',''
  ) );
#878 = PCURVE('',#850,#879);
#879 = DEFINITIONAL_REPRESENTATION('',(#880),#884);
#880 = LINE('',#881,#882);
#881 = CARTESIAN_POINT('',(0.,1.));
#882 = VECTOR('',#883,1.);
#883 = DIRECTION('',(1.,0.));
#884 = ( GEOMETRIC_REPRESENTATION_CONTEXT(2) 
PARAMETRIC_REPRESENTATION_CONTEXT() REPRESENTATION_CONTEXT('2D SPACE',''
  ) );
#885 = ORIENTED_EDGE('',*,*,#886,.F.);
#886 = EDGE_CURVE('',#887,#863,#889,.T.);
#887 = VERTEX_POINT('',#888);
#888 = CARTESIAN_POINT('',(-27.70759858657,10.36,-17.5));
#889 = SURFACE_CURVE('',#890,(#894,#901),.PCURVE_S1.);
#890 = LINE('',#891,#892);
#891 = CARTESIAN_POINT('',(-32.72,10.36,-17.5));
#892 = VECTOR('',#893,1.);
#893 = DIRECTION('',(1.,0.,-0.));
#894 = PCURVE('',#267,#895);
#895 = DEFINITIONAL_REPRESENTATION('',(#896),#900);
#896 = LINE('',#897,#898);
#897 = CARTESIAN_POINT('',(0.,22.72));
#898 = VECTOR('',#899,1.);
#899 = DIRECTION('',(1.,0.));
#900 = ( GEOMETRIC_REPRESENTATION_CONTEXT(2) 
PARAMETRIC_REPRESENTATION_CONTEXT() REPRESENTATION_CONTEXT('2D SPACE',''
  ) );
#901 = PCURVE('',#821,#902);
#902 = DEFINITIONAL_REPRESENTATION('',(#903),#907);
#903 = LINE('',#904,#905);
#904 = CARTESIAN_POINT('',(-1.570796326795,0.));
#905 = VECTOR('',#906,1.);
#906 = DIRECTION('',(-0.,1.));
#907 = ( GEOMETRIC_REPRESENTATION_CONTEXT(2) 
PARAMETRIC_REPRESENTATION_CONTEXT() REPRESENTATION_CONTEXT('2D SPACE',''
  ) );
#908 = ORIENTED_EDGE('',*,*,#909,.F.);
#909 = EDGE_CURVE('',#910,#887,#912,.T.);
#910 = VERTEX_POINT('',#911);
#911 = CARTESIAN_POINT('',(-27.7,10.25,-17.5));
#912 = SURFACE_CURVE('',#913,(#918,#925),.PCURVE_S1.);
#913 = CIRCLE('',#914,0.8);
#914 = AXIS2_PLACEMENT_3D('',#915,#916,#917);
#915 = CARTESIAN_POINT('',(-28.5,10.25,-17.5));
#916 = DIRECTION('',(0.,0.,1.));
#917 = DIRECTION('',(1.,0.,-0.));
#918 = PCURVE('',#267,#919);
#919 = DEFINITIONAL_REPRESENTATION('',(#920),#924);
#920 = CIRCLE('',#921,0.8);
#921 = AXIS2_PLACEMENT_2D('',#922,#923);
#922 = CARTESIAN_POINT('',(4.22,22.61));
#923 = DIRECTION('',(1.,0.));
#924 = ( GEOMETRIC_REPRESENTATION_CONTEXT(2) 
PARAMETRIC_REPRESENTATION_CONTEXT() REPRESENTATION_CONTEXT('2D SPACE',''
  ) );
#925 = PCURVE('',#926,#931);
#926 = CYLINDRICAL_SURFACE('',#927,0.8);
#927 = AXIS2_PLACEMENT_3D('',#928,#929,#930);
#928 = CARTESIAN_POINT('',(-28.5,10.25,-18.5));
#929 = DIRECTION('',(0.,0.,1.));
#930 = DIRECTION('',(1.,0.,-0.));
#931 = DEFINITIONAL_REPRESENTATION('',(#932),#936);
#932 = LINE('',#933,#934);
#933 = CARTESIAN_POINT('',(0.,1.));
#934 = VECTOR('',#935,1.);
#935 = DIRECTION('',(1.,0.));
#936 = ( GEOMETRIC_REPRESENTATION_CONTEXT(2) 
PARAMETRIC_REPRESENTATION_CONTEXT() REPRESENTATION_CONTEXT('2D SPACE',''
  ) );
#937 = ORIENTED_EDGE('',*,*,#938,.F.);
#938 = EDGE_CURVE('',#939,#910,#941,.T.);
#939 = VERTEX_POINT('',#940);
#940 = CARTESIAN_POINT('',(-29.29240141342,10.36,-17.5));
#941 = SURFACE_CURVE('',#942,(#947,#954),.PCURVE_S1.);
#942 = CIRCLE('',#943,0.8);
#943 = AXIS2_PLACEMENT_3D('',#944,#945,#946);
#944 = CARTESIAN_POINT('',(-28.5,10.25,-17.5));
#945 = DIRECTION('',(0.,0.,1.));
#946 = DIRECTION('',(1.,0.,-0.));
#947 = PCURVE('',#267,#948);
#948 = DEFINITIONAL_REPRESENTATION('',(#949),#953);
#949 = CIRCLE('',#950,0.8);
#950 = AXIS2_PLACEMENT_2D('',#951,#952);
#951 = CARTESIAN_POINT('',(4.22,22.61));
#952 = DIRECTION('',(1.,0.));
#953 = ( GEOMETRIC_REPRESENTATION_CONTEXT(2) 
PARAMETRIC_REPRESENTATION_CONTEXT() REPRESENTATION_CONTEXT('2D SPACE',''
  ) );
#954 = PCURVE('',#926,#955);
#955 = DEFINITIONAL_REPRESENTATION('',(#956),#960);
#956 = LINE('',#957,#958);
#957 = CARTESIAN_POINT('',(0.,1.));
#958 = VECTOR('',#959,1.);
#959 = DIRECTION('',(1.,0.));
#960 = ( GEOMETRIC_REPRESENTATION_CONTEXT(2) 
PARAMETRIC_REPRESENTATION_CONTEXT() REPRESENTATION_CONTEXT('2D SPACE',''
  ) );
#961 = ORIENTED_EDGE('',*,*,#962,.F.);
#962 = EDGE_CURVE('',#252,#939,#963,.T.);
#963 = SURFACE_CURVE('',#964,(#968,#975),.PCURVE_S1.);
#964 = LINE('',#965,#966);
#965 = CARTESIAN_POINT('',(-32.72,10.36,-17.5));
#966 = VECTOR('',#967,1.);
#967 = DIRECTION('',(1.,0.,-0.));
#968 = PCURVE('',#267,#969);
#969 = DEFINITIONAL_REPRESENTATION('',(#970),#974);
#970 = LINE('',#971,#972);
#971 = CARTESIAN_POINT('',(0.,22.72));
#972 = VECTOR('',#973,1.);
#973 = DIRECTION('',(1.,0.));
#974 = ( GEOMETRIC_REPRESENTATION_CONTEXT(2) 
PARAMETRIC_REPRESENTATION_CONTEXT() REPRESENTATION_CONTEXT('2D SPACE',''
  ) );
#975 = PCURVE('',#821,#976);
#976 = DEFINITIONAL_REPRESENTATION('',(#977),#981);
#977 = LINE('',#978,#979);
#978 = CARTESIAN_POINT('',(-1.570796326795,0.));
#979 = VECTOR('',#980,1.);
#980 = DIRECTION('',(-0.,1.));
#981 = ( GEOMETRIC_REPRESENTATION_CONTEXT(2) 
PARAMETRIC_REPRESENTATION_CONTEXT() REPRESENTATION_CONTEXT('2D SPACE',''
  ) );
#982 = FACE_BOUND('',#983,.F.);
#983 = EDGE_LOOP('',(#984));
#984 = ORIENTED_EDGE('',*,*,#985,.F.);
#985 = EDGE_CURVE('',#986,#986,#988,.T.);
#986 = VERTEX_POINT('',#987);
#987 = CARTESIAN_POINT('',(8.,-1.959434878636E-15,-17.5));
#988 = SURFACE_CURVE('',#989,(#994,#1001),.PCURVE_S1.);
#989 = CIRCLE('',#990,8.);
#990 = AXIS2_PLACEMENT_3D('',#991,#992,#993);
#991 = CARTESIAN_POINT('',(0.,0.,-17.5));
#992 = DIRECTION('',(0.,0.,1.));
#993 = DIRECTION('',(1.,0.,-0.));
#994 = PCURVE('',#267,#995);
#995 = DEFINITIONAL_REPRESENTATION('',(#996),#1000);
#996 = CIRCLE('',#997,8.);
#997 = AXIS2_PLACEMENT_2D('',#998,#999);
#998 = CARTESIAN_POINT('',(32.72,12.36));
#999 = DIRECTION('',(1.,0.));
#1000 = ( GEOMETRIC_REPRESENTATION_CONTEXT(2) 
PARAMETRIC_REPRESENTATION_CONTEXT() REPRESENTATION_CONTEXT('2D SPACE',''
  ) );
#1001 = PCURVE('',#1002,#1007);
#1002 = CYLINDRICAL_SURFACE('',#1003,8.);
#1003 = AXIS2_PLACEMENT_3D('',#1004,#1005,#1006);
#1004 = CARTESIAN_POINT('',(0.,0.,-18.25));
#1005 = DIRECTION('',(0.,0.,1.));
#1006 = DIRECTION('',(1.,0.,-0.));
#1007 = DEFINITIONAL_REPRESENTATION('',(#1008),#1012);
#1008 = LINE('',#1009,#1010);
#1009 = CARTESIAN_POINT('',(0.,0.75));
#1010 = VECTOR('',#1011,1.);
#1011 = DIRECTION('',(1.,0.));
#1012 = ( GEOMETRIC_REPRESENTATION_CONTEXT(2) 
PARAMETRIC_REPRESENTATION_CONTEXT() REPRESENTATION_CONTEXT('2D SPACE',''
  ) );
#1013 = ADVANCED_FACE('',(#1014),#293,.T.);
#1014 = FACE_BOUND('',#1015,.F.);
#1015 = EDGE_LOOP('',(#1016,#1017,#1037));
#1016 = ORIENTED_EDGE('',*,*,#279,.F.);
#1017 = ORIENTED_EDGE('',*,*,#1018,.T.);
#1018 = EDGE_CURVE('',#252,#391,#1019,.T.);
#1019 = SURFACE_CURVE('',#1020,(#1025,#1031),.PCURVE_S1.);
#1020 = CIRCLE('',#1021,2.);
#1021 = AXIS2_PLACEMENT_3D('',#1022,#1023,#1024);
#1022 = CARTESIAN_POINT('',(-30.72,10.36,-15.5));
#1023 = DIRECTION('',(1.,6.123233995737E-17,-0.));
#1024 = DIRECTION('',(-6.123233995737E-17,1.,0.));
#1025 = PCURVE('',#293,#1026);
#1026 = DEFINITIONAL_REPRESENTATION('',(#1027),#1030);
#1027 = B_SPLINE_CURVE_WITH_KNOTS('',1,(#1028,#1029),.UNSPECIFIED.,.F.,
  .F.,(2,2),(4.712388980385,6.28318530718),.PIECEWISE_BEZIER_KNOTS.);
#1028 = CARTESIAN_POINT('',(-1.570796326795,-1.570796326795));
#1029 = CARTESIAN_POINT('',(-1.570796326795,0.));
#1030 = ( GEOMETRIC_REPRESENTATION_CONTEXT(2) 
PARAMETRIC_REPRESENTATION_CONTEXT() REPRESENTATION_CONTEXT('2D SPACE',''
  ) );
#1031 = PCURVE('',#821,#1032);
#1032 = DEFINITIONAL_REPRESENTATION('',(#1033),#1036);
#1033 = B_SPLINE_CURVE_WITH_KNOTS('',1,(#1034,#1035),.UNSPECIFIED.,.F.,
  .F.,(2,2),(4.712388980385,6.28318530718),.PIECEWISE_BEZIER_KNOTS.);
#1034 = CARTESIAN_POINT('',(-1.570796326795,2.));
#1035 = CARTESIAN_POINT('',(0.,2.));
#1036 = ( GEOMETRIC_REPRESENTATION_CONTEXT(2) 
PARAMETRIC_REPRESENTATION_CONTEXT() REPRESENTATION_CONTEXT('2D SPACE',''
  ) );
#1037 = ORIENTED_EDGE('',*,*,#390,.F.);
#1038 = ADVANCED_FACE('',(#1039,#1403),#346,.T.);
#1039 = FACE_BOUND('',#1040,.T.);
#1040 = EDGE_LOOP('',(#1041,#1042,#1065,#1089,#1113,#1136,#1160,#1184,
    #1207,#1235,#1263,#1287,#1311,#1334,#1358,#1382));
#1041 = ORIENTED_EDGE('',*,*,#330,.F.);
#1042 = ORIENTED_EDGE('',*,*,#1043,.T.);
#1043 = EDGE_CURVE('',#309,#1044,#1046,.T.);
#1044 = VERTEX_POINT('',#1045);
#1045 = CARTESIAN_POINT('',(-29.29240141342,-10.36,17.5));
#1046 = SURFACE_CURVE('',#1047,(#1051,#1058),.PCURVE_S1.);
#1047 = LINE('',#1048,#1049);
#1048 = CARTESIAN_POINT('',(-32.72,-10.36,17.5));
#1049 = VECTOR('',#1050,1.);
#1050 = DIRECTION('',(1.,0.,-0.));
#1051 = PCURVE('',#346,#1052);
#1052 = DEFINITIONAL_REPRESENTATION('',(#1053),#1057);
#1053 = LINE('',#1054,#1055);
#1054 = CARTESIAN_POINT('',(0.,2.));
#1055 = VECTOR('',#1056,1.);
#1056 = DIRECTION('',(1.,0.));
#1057 = ( GEOMETRIC_REPRESENTATION_CONTEXT(2) 
PARAMETRIC_REPRESENTATION_CONTEXT() REPRESENTATION_CONTEXT('2D SPACE',''
  ) );
#1058 = PCURVE('',#510,#1059);
#1059 = DEFINITIONAL_REPRESENTATION('',(#1060),#1064);
#1060 = LINE('',#1061,#1062);
#1061 = CARTESIAN_POINT('',(-1.570796326795,0.));
#1062 = VECTOR('',#1063,1.);
#1063 = DIRECTION('',(-0.,1.));
#1064 = ( GEOMETRIC_REPRESENTATION_CONTEXT(2) 
PARAMETRIC_REPRESENTATION_CONTEXT() REPRESENTATION_CONTEXT('2D SPACE',''
  ) );
#1065 = ORIENTED_EDGE('',*,*,#1066,.F.);
#1066 = EDGE_CURVE('',#1067,#1044,#1069,.T.);
#1067 = VERTEX_POINT('',#1068);
#1068 = CARTESIAN_POINT('',(-27.7,-10.25,17.5));
#1069 = SURFACE_CURVE('',#1070,(#1075,#1082),.PCURVE_S1.);
#1070 = CIRCLE('',#1071,0.8);
#1071 = AXIS2_PLACEMENT_3D('',#1072,#1073,#1074);
#1072 = CARTESIAN_POINT('',(-28.5,-10.25,17.5));
#1073 = DIRECTION('',(0.,0.,1.));
#1074 = DIRECTION('',(1.,0.,-0.));
#1075 = PCURVE('',#346,#1076);
#1076 = DEFINITIONAL_REPRESENTATION('',(#1077),#1081);
#1077 = CIRCLE('',#1078,0.8);
#1078 = AXIS2_PLACEMENT_2D('',#1079,#1080);
#1079 = CARTESIAN_POINT('',(4.22,2.11));
#1080 = DIRECTION('',(1.,0.));
#1081 = ( GEOMETRIC_REPRESENTATION_CONTEXT(2) 
PARAMETRIC_REPRESENTATION_CONTEXT() REPRESENTATION_CONTEXT('2D SPACE',''
  ) );
#1082 = PCURVE('',#642,#1083);
#1083 = DEFINITIONAL_REPRESENTATION('',(#1084),#1088);
#1084 = LINE('',#1085,#1086);
#1085 = CARTESIAN_POINT('',(0.,36.));
#1086 = VECTOR('',#1087,1.);
#1087 = DIRECTION('',(1.,0.));
#1088 = ( GEOMETRIC_REPRESENTATION_CONTEXT(2) 
PARAMETRIC_REPRESENTATION_CONTEXT() REPRESENTATION_CONTEXT('2D SPACE',''
  ) );
#1089 = ORIENTED_EDGE('',*,*,#1090,.F.);
#1090 = EDGE_CURVE('',#1091,#1067,#1093,.T.);
#1091 = VERTEX_POINT('',#1092);
#1092 = CARTESIAN_POINT('',(-27.70759858657,-10.36,17.5));
#1093 = SURFACE_CURVE('',#1094,(#1099,#1106),.PCURVE_S1.);
#1094 = CIRCLE('',#1095,0.8);
#1095 = AXIS2_PLACEMENT_3D('',#1096,#1097,#1098);
#1096 = CARTESIAN_POINT('',(-28.5,-10.25,17.5));
#1097 = DIRECTION('',(0.,0.,1.));
#1098 = DIRECTION('',(1.,0.,-0.));
#1099 = PCURVE('',#346,#1100);
#1100 = DEFINITIONAL_REPRESENTATION('',(#1101),#1105);
#1101 = CIRCLE('',#1102,0.8);
#1102 = AXIS2_PLACEMENT_2D('',#1103,#1104);
#1103 = CARTESIAN_POINT('',(4.22,2.11));
#1104 = DIRECTION('',(1.,0.));
#1105 = ( GEOMETRIC_REPRESENTATION_CONTEXT(2) 
PARAMETRIC_REPRESENTATION_CONTEXT() REPRESENTATION_CONTEXT('2D SPACE',''
  ) );
#1106 = PCURVE('',#642,#1107);
#1107 = DEFINITIONAL_REPRESENTATION('',(#1108),#1112);
#1108 = LINE('',#1109,#1110);
#1109 = CARTESIAN_POINT('',(0.,36.));
#1110 = VECTOR('',#1111,1.);
#1111 = DIRECTION('',(1.,0.));
#1112 = ( GEOMETRIC_REPRESENTATION_CONTEXT(2) 
PARAMETRIC_REPRESENTATION_CONTEXT() REPRESENTATION_CONTEXT('2D SPACE',''
  ) );
#1113 = ORIENTED_EDGE('',*,*,#1114,.T.);
#1114 = EDGE_CURVE('',#1091,#1115,#1117,.T.);
#1115 = VERTEX_POINT('',#1116);
#1116 = CARTESIAN_POINT('',(7.507598586574,-10.36,17.5));
#1117 = SURFACE_CURVE('',#1118,(#1122,#1129),.PCURVE_S1.);
#1118 = LINE('',#1119,#1120);
#1119 = CARTESIAN_POINT('',(-32.72,-10.36,17.5));
#1120 = VECTOR('',#1121,1.);
#1121 = DIRECTION('',(1.,0.,-0.));
#1122 = PCURVE('',#346,#1123);
#1123 = DEFINITIONAL_REPRESENTATION('',(#1124),#1128);
#1124 = LINE('',#1125,#1126);
#1125 = CARTESIAN_POINT('',(0.,2.));
#1126 = VECTOR('',#1127,1.);
#1127 = DIRECTION('',(1.,0.));
#1128 = ( GEOMETRIC_REPRESENTATION_CONTEXT(2) 
PARAMETRIC_REPRESENTATION_CONTEXT() REPRESENTATION_CONTEXT('2D SPACE',''
  ) );
#1129 = PCURVE('',#510,#1130);
#1130 = DEFINITIONAL_REPRESENTATION('',(#1131),#1135);
#1131 = LINE('',#1132,#1133);
#1132 = CARTESIAN_POINT('',(-1.570796326795,0.));
#1133 = VECTOR('',#1134,1.);
#1134 = DIRECTION('',(-0.,1.));
#1135 = ( GEOMETRIC_REPRESENTATION_CONTEXT(2) 
PARAMETRIC_REPRESENTATION_CONTEXT() REPRESENTATION_CONTEXT('2D SPACE',''
  ) );
#1136 = ORIENTED_EDGE('',*,*,#1137,.F.);
#1137 = EDGE_CURVE('',#1138,#1115,#1140,.T.);
#1138 = VERTEX_POINT('',#1139);
#1139 = CARTESIAN_POINT('',(9.1,-10.25,17.5));
#1140 = SURFACE_CURVE('',#1141,(#1146,#1153),.PCURVE_S1.);
#1141 = CIRCLE('',#1142,0.8);
#1142 = AXIS2_PLACEMENT_3D('',#1143,#1144,#1145);
#1143 = CARTESIAN_POINT('',(8.3,-10.25,17.5));
#1144 = DIRECTION('',(0.,0.,1.));
#1145 = DIRECTION('',(1.,0.,-0.));
#1146 = PCURVE('',#346,#1147);
#1147 = DEFINITIONAL_REPRESENTATION('',(#1148),#1152);
#1148 = CIRCLE('',#1149,0.8);
#1149 = AXIS2_PLACEMENT_2D('',#1150,#1151);
#1150 = CARTESIAN_POINT('',(41.02,2.11));
#1151 = DIRECTION('',(1.,0.));
#1152 = ( GEOMETRIC_REPRESENTATION_CONTEXT(2) 
PARAMETRIC_REPRESENTATION_CONTEXT() REPRESENTATION_CONTEXT('2D SPACE',''
  ) );
#1153 = PCURVE('',#718,#1154);
#1154 = DEFINITIONAL_REPRESENTATION('',(#1155),#1159);
#1155 = LINE('',#1156,#1157);
#1156 = CARTESIAN_POINT('',(0.,36.));
#1157 = VECTOR('',#1158,1.);
#1158 = DIRECTION('',(1.,0.));
#1159 = ( GEOMETRIC_REPRESENTATION_CONTEXT(2) 
PARAMETRIC_REPRESENTATION_CONTEXT() REPRESENTATION_CONTEXT('2D SPACE',''
  ) );
#1160 = ORIENTED_EDGE('',*,*,#1161,.F.);
#1161 = EDGE_CURVE('',#1162,#1138,#1164,.T.);
#1162 = VERTEX_POINT('',#1163);
#1163 = CARTESIAN_POINT('',(9.092401413426,-10.36,17.5));
#1164 = SURFACE_CURVE('',#1165,(#1170,#1177),.PCURVE_S1.);
#1165 = CIRCLE('',#1166,0.8);
#1166 = AXIS2_PLACEMENT_3D('',#1167,#1168,#1169);
#1167 = CARTESIAN_POINT('',(8.3,-10.25,17.5));
#1168 = DIRECTION('',(0.,0.,1.));
#1169 = DIRECTION('',(1.,0.,-0.));
#1170 = PCURVE('',#346,#1171);
#1171 = DEFINITIONAL_REPRESENTATION('',(#1172),#1176);
#1172 = CIRCLE('',#1173,0.8);
#1173 = AXIS2_PLACEMENT_2D('',#1174,#1175);
#1174 = CARTESIAN_POINT('',(41.02,2.11));
#1175 = DIRECTION('',(1.,0.));
#1176 = ( GEOMETRIC_REPRESENTATION_CONTEXT(2) 
PARAMETRIC_REPRESENTATION_CONTEXT() REPRESENTATION_CONTEXT('2D SPACE',''
  ) );
#1177 = PCURVE('',#718,#1178);
#1178 = DEFINITIONAL_REPRESENTATION('',(#1179),#1183);
#1179 = LINE('',#1180,#1181);
#1180 = CARTESIAN_POINT('',(0.,36.));
#1181 = VECTOR('',#1182,1.);
#1182 = DIRECTION('',(1.,0.));
#1183 = ( GEOMETRIC_REPRESENTATION_CONTEXT(2) 
PARAMETRIC_REPRESENTATION_CONTEXT() REPRESENTATION_CONTEXT('2D SPACE',''
  ) );
#1184 = ORIENTED_EDGE('',*,*,#1185,.T.);
#1185 = EDGE_CURVE('',#1162,#1186,#1188,.T.);
#1186 = VERTEX_POINT('',#1187);
#1187 = CARTESIAN_POINT('',(10.5,-10.36,17.5));
#1188 = SURFACE_CURVE('',#1189,(#1193,#1200),.PCURVE_S1.);
#1189 = LINE('',#1190,#1191);
#1190 = CARTESIAN_POINT('',(-32.72,-10.36,17.5));
#1191 = VECTOR('',#1192,1.);
#1192 = DIRECTION('',(1.,0.,-0.));
#1193 = PCURVE('',#346,#1194);
#1194 = DEFINITIONAL_REPRESENTATION('',(#1195),#1199);
#1195 = LINE('',#1196,#1197);
#1196 = CARTESIAN_POINT('',(0.,2.));
#1197 = VECTOR('',#1198,1.);
#1198 = DIRECTION('',(1.,0.));
#1199 = ( GEOMETRIC_REPRESENTATION_CONTEXT(2) 
PARAMETRIC_REPRESENTATION_CONTEXT() REPRESENTATION_CONTEXT('2D SPACE',''
  ) );
#1200 = PCURVE('',#510,#1201);
#1201 = DEFINITIONAL_REPRESENTATION('',(#1202),#1206);
#1202 = LINE('',#1203,#1204);
#1203 = CARTESIAN_POINT('',(-1.570796326795,0.));
#1204 = VECTOR('',#1205,1.);
#1205 = DIRECTION('',(-0.,1.));
#1206 = ( GEOMETRIC_REPRESENTATION_CONTEXT(2) 
PARAMETRIC_REPRESENTATION_CONTEXT() REPRESENTATION_CONTEXT('2D SPACE',''
  ) );
#1207 = ORIENTED_EDGE('',*,*,#1208,.T.);
#1208 = EDGE_CURVE('',#1186,#1209,#1211,.T.);
#1209 = VERTEX_POINT('',#1210);
#1210 = CARTESIAN_POINT('',(10.5,10.36,17.5));
#1211 = SURFACE_CURVE('',#1212,(#1216,#1223),.PCURVE_S1.);
#1212 = LINE('',#1213,#1214);
#1213 = CARTESIAN_POINT('',(10.5,-12.36,17.5));
#1214 = VECTOR('',#1215,1.);
#1215 = DIRECTION('',(-0.,1.,0.));
#1216 = PCURVE('',#346,#1217);
#1217 = DEFINITIONAL_REPRESENTATION('',(#1218),#1222);
#1218 = LINE('',#1219,#1220);
#1219 = CARTESIAN_POINT('',(43.22,0.));
#1220 = VECTOR('',#1221,1.);
#1221 = DIRECTION('',(0.,1.));
#1222 = ( GEOMETRIC_REPRESENTATION_CONTEXT(2) 
PARAMETRIC_REPRESENTATION_CONTEXT() REPRESENTATION_CONTEXT('2D SPACE',''
  ) );
#1223 = PCURVE('',#1224,#1229);
#1224 = CYLINDRICAL_SURFACE('',#1225,2.);
#1225 = AXIS2_PLACEMENT_3D('',#1226,#1227,#1228);
#1226 = CARTESIAN_POINT('',(10.5,-12.36,15.5));
#1227 = DIRECTION('',(-0.,1.,0.));
#1228 = DIRECTION('',(1.,0.,-0.));
#1229 = DEFINITIONAL_REPRESENTATION('',(#1230),#1234);
#1230 = LINE('',#1231,#1232);
#1231 = CARTESIAN_POINT('',(-1.570796326795,0.));
#1232 = VECTOR('',#1233,1.);
#1233 = DIRECTION('',(-0.,1.));
#1234 = ( GEOMETRIC_REPRESENTATION_CONTEXT(2) 
PARAMETRIC_REPRESENTATION_CONTEXT() REPRESENTATION_CONTEXT('2D SPACE',''
  ) );
#1235 = ORIENTED_EDGE('',*,*,#1236,.F.);
#1236 = EDGE_CURVE('',#1237,#1209,#1239,.T.);
#1237 = VERTEX_POINT('',#1238);
#1238 = CARTESIAN_POINT('',(9.092401413426,10.36,17.5));
#1239 = SURFACE_CURVE('',#1240,(#1244,#1251),.PCURVE_S1.);
#1240 = LINE('',#1241,#1242);
#1241 = CARTESIAN_POINT('',(-32.72,10.36,17.5));
#1242 = VECTOR('',#1243,1.);
#1243 = DIRECTION('',(1.,0.,-0.));
#1244 = PCURVE('',#346,#1245);
#1245 = DEFINITIONAL_REPRESENTATION('',(#1246),#1250);
#1246 = LINE('',#1247,#1248);
#1247 = CARTESIAN_POINT('',(0.,22.72));
#1248 = VECTOR('',#1249,1.);
#1249 = DIRECTION('',(1.,0.));
#1250 = ( GEOMETRIC_REPRESENTATION_CONTEXT(2) 
PARAMETRIC_REPRESENTATION_CONTEXT() REPRESENTATION_CONTEXT('2D SPACE',''
  ) );
#1251 = PCURVE('',#1252,#1257);
#1252 = CYLINDRICAL_SURFACE('',#1253,2.);
#1253 = AXIS2_PLACEMENT_3D('',#1254,#1255,#1256);
#1254 = CARTESIAN_POINT('',(-32.72,10.36,15.5));
#1255 = DIRECTION('',(1.,0.,-0.));
#1256 = DIRECTION('',(0.,1.,0.));
#1257 = DEFINITIONAL_REPRESENTATION('',(#1258),#1262);
#1258 = LINE('',#1259,#1260);
#1259 = CARTESIAN_POINT('',(1.570796326795,0.));
#1260 = VECTOR('',#1261,1.);
#1261 = DIRECTION('',(0.,1.));
#1262 = ( GEOMETRIC_REPRESENTATION_CONTEXT(2) 
PARAMETRIC_REPRESENTATION_CONTEXT() REPRESENTATION_CONTEXT('2D SPACE',''
  ) );
#1263 = ORIENTED_EDGE('',*,*,#1264,.F.);
#1264 = EDGE_CURVE('',#1265,#1237,#1267,.T.);
#1265 = VERTEX_POINT('',#1266);
#1266 = CARTESIAN_POINT('',(9.1,10.25,17.5));
#1267 = SURFACE_CURVE('',#1268,(#1273,#1280),.PCURVE_S1.);
#1268 = CIRCLE('',#1269,0.8);
#1269 = AXIS2_PLACEMENT_3D('',#1270,#1271,#1272);
#1270 = CARTESIAN_POINT('',(8.3,10.25,17.5));
#1271 = DIRECTION('',(0.,0.,1.));
#1272 = DIRECTION('',(1.,0.,-0.));
#1273 = PCURVE('',#346,#1274);
#1274 = DEFINITIONAL_REPRESENTATION('',(#1275),#1279);
#1275 = CIRCLE('',#1276,0.8);
#1276 = AXIS2_PLACEMENT_2D('',#1277,#1278);
#1277 = CARTESIAN_POINT('',(41.02,22.61));
#1278 = DIRECTION('',(1.,0.));
#1279 = ( GEOMETRIC_REPRESENTATION_CONTEXT(2) 
PARAMETRIC_REPRESENTATION_CONTEXT() REPRESENTATION_CONTEXT('2D SPACE',''
  ) );
#1280 = PCURVE('',#850,#1281);
#1281 = DEFINITIONAL_REPRESENTATION('',(#1282),#1286);
#1282 = LINE('',#1283,#1284);
#1283 = CARTESIAN_POINT('',(0.,36.));
#1284 = VECTOR('',#1285,1.);
#1285 = DIRECTION('',(1.,0.));
#1286 = ( GEOMETRIC_REPRESENTATION_CONTEXT(2) 
PARAMETRIC_REPRESENTATION_CONTEXT() REPRESENTATION_CONTEXT('2D SPACE',''
  ) );
#1287 = ORIENTED_EDGE('',*,*,#1288,.F.);
#1288 = EDGE_CURVE('',#1289,#1265,#1291,.T.);
#1289 = VERTEX_POINT('',#1290);
#1290 = CARTESIAN_POINT('',(7.507598586574,10.36,17.5));
#1291 = SURFACE_CURVE('',#1292,(#1297,#1304),.PCURVE_S1.);
#1292 = CIRCLE('',#1293,0.8);
#1293 = AXIS2_PLACEMENT_3D('',#1294,#1295,#1296);
#1294 = CARTESIAN_POINT('',(8.3,10.25,17.5));
#1295 = DIRECTION('',(0.,0.,1.));
#1296 = DIRECTION('',(1.,0.,-0.));
#1297 = PCURVE('',#346,#1298);
#1298 = DEFINITIONAL_REPRESENTATION('',(#1299),#1303);
#1299 = CIRCLE('',#1300,0.8);
#1300 = AXIS2_PLACEMENT_2D('',#1301,#1302);
#1301 = CARTESIAN_POINT('',(41.02,22.61));
#1302 = DIRECTION('',(1.,0.));
#1303 = ( GEOMETRIC_REPRESENTATION_CONTEXT(2) 
PARAMETRIC_REPRESENTATION_CONTEXT() REPRESENTATION_CONTEXT('2D SPACE',''
  ) );
#1304 = PCURVE('',#850,#1305);
#1305 = DEFINITIONAL_REPRESENTATION('',(#1306),#1310);
#1306 = LINE('',#1307,#1308);
#1307 = CARTESIAN_POINT('',(0.,36.));
#1308 = VECTOR('',#1309,1.);
#1309 = DIRECTION('',(1.,0.));
#1310 = ( GEOMETRIC_REPRESENTATION_CONTEXT(2) 
PARAMETRIC_REPRESENTATION_CONTEXT() REPRESENTATION_CONTEXT('2D SPACE',''
  ) );
#1311 = ORIENTED_EDGE('',*,*,#1312,.F.);
#1312 = EDGE_CURVE('',#1313,#1289,#1315,.T.);
#1313 = VERTEX_POINT('',#1314);
#1314 = CARTESIAN_POINT('',(-27.70759858657,10.36,17.5));
#1315 = SURFACE_CURVE('',#1316,(#1320,#1327),.PCURVE_S1.);
#1316 = LINE('',#1317,#1318);
#1317 = CARTESIAN_POINT('',(-32.72,10.36,17.5));
#1318 = VECTOR('',#1319,1.);
#1319 = DIRECTION('',(1.,0.,-0.));
#1320 = PCURVE('',#346,#1321);
#1321 = DEFINITIONAL_REPRESENTATION('',(#1322),#1326);
#1322 = LINE('',#1323,#1324);
#1323 = CARTESIAN_POINT('',(0.,22.72));
#1324 = VECTOR('',#1325,1.);
#1325 = DIRECTION('',(1.,0.));
#1326 = ( GEOMETRIC_REPRESENTATION_CONTEXT(2) 
PARAMETRIC_REPRESENTATION_CONTEXT() REPRESENTATION_CONTEXT('2D SPACE',''
  ) );
#1327 = PCURVE('',#1252,#1328);
#1328 = DEFINITIONAL_REPRESENTATION('',(#1329),#1333);
#1329 = LINE('',#1330,#1331);
#1330 = CARTESIAN_POINT('',(1.570796326795,0.));
#1331 = VECTOR('',#1332,1.);
#1332 = DIRECTION('',(0.,1.));
#1333 = ( GEOMETRIC_REPRESENTATION_CONTEXT(2) 
PARAMETRIC_REPRESENTATION_CONTEXT() REPRESENTATION_CONTEXT('2D SPACE',''
  ) );
#1334 = ORIENTED_EDGE('',*,*,#1335,.F.);
#1335 = EDGE_CURVE('',#1336,#1313,#1338,.T.);
#1336 = VERTEX_POINT('',#1337);
#1337 = CARTESIAN_POINT('',(-27.7,10.25,17.5));
#1338 = SURFACE_CURVE('',#1339,(#1344,#1351),.PCURVE_S1.);
#1339 = CIRCLE('',#1340,0.8);
#1340 = AXIS2_PLACEMENT_3D('',#1341,#1342,#1343);
#1341 = CARTESIAN_POINT('',(-28.5,10.25,17.5));
#1342 = DIRECTION('',(0.,0.,1.));
#1343 = DIRECTION('',(1.,0.,-0.));
#1344 = PCURVE('',#346,#1345);
#1345 = DEFINITIONAL_REPRESENTATION('',(#1346),#1350);
#1346 = CIRCLE('',#1347,0.8);
#1347 = AXIS2_PLACEMENT_2D('',#1348,#1349);
#1348 = CARTESIAN_POINT('',(4.22,22.61));
#1349 = DIRECTION('',(1.,0.));
#1350 = ( GEOMETRIC_REPRESENTATION_CONTEXT(2) 
PARAMETRIC_REPRESENTATION_CONTEXT() REPRESENTATION_CONTEXT('2D SPACE',''
  ) );
#1351 = PCURVE('',#926,#1352);
#1352 = DEFINITIONAL_REPRESENTATION('',(#1353),#1357);
#1353 = LINE('',#1354,#1355);
#1354 = CARTESIAN_POINT('',(0.,36.));
#1355 = VECTOR('',#1356,1.);
#1356 = DIRECTION('',(1.,0.));
#1357 = ( GEOMETRIC_REPRESENTATION_CONTEXT(2) 
PARAMETRIC_REPRESENTATION_CONTEXT() REPRESENTATION_CONTEXT('2D SPACE',''
  ) );
#1358 = ORIENTED_EDGE('',*,*,#1359,.F.);
#1359 = EDGE_CURVE('',#1360,#1336,#1362,.T.);
#1360 = VERTEX_POINT('',#1361);
#1361 = CARTESIAN_POINT('',(-29.29240141342,10.36,17.5));
#1362 = SURFACE_CURVE('',#1363,(#1368,#1375),.PCURVE_S1.);
#1363 = CIRCLE('',#1364,0.8);
#1364 = AXIS2_PLACEMENT_3D('',#1365,#1366,#1367);
#1365 = CARTESIAN_POINT('',(-28.5,10.25,17.5));
#1366 = DIRECTION('',(0.,0.,1.));
#1367 = DIRECTION('',(1.,0.,-0.));
#1368 = PCURVE('',#346,#1369);
#1369 = DEFINITIONAL_REPRESENTATION('',(#1370),#1374);
#1370 = CIRCLE('',#1371,0.8);
#1371 = AXIS2_PLACEMENT_2D('',#1372,#1373);
#1372 = CARTESIAN_POINT('',(4.22,22.61));
#1373 = DIRECTION('',(1.,0.));
#1374 = ( GEOMETRIC_REPRESENTATION_CONTEXT(2) 
PARAMETRIC_REPRESENTATION_CONTEXT() REPRESENTATION_CONTEXT('2D SPACE',''
  ) );
#1375 = PCURVE('',#926,#1376);
#1376 = DEFINITIONAL_REPRESENTATION('',(#1377),#1381);
#1377 = LINE('',#1378,#1379);
#1378 = CARTESIAN_POINT('',(0.,36.));
#1379 = VECTOR('',#1380,1.);
#1380 = DIRECTION('',(1.,0.));
#1381 = ( GEOMETRIC_REPRESENTATION_CONTEXT(2) 
PARAMETRIC_REPRESENTATION_CONTEXT() REPRESENTATION_CONTEXT('2D SPACE',''
  ) );
#1382 = ORIENTED_EDGE('',*,*,#1383,.F.);
#1383 = EDGE_CURVE('',#331,#1360,#1384,.T.);
#1384 = SURFACE_CURVE('',#1385,(#1389,#1396),.PCURVE_S1.);
#1385 = LINE('',#1386,#1387);
#1386 = CARTESIAN_POINT('',(-32.72,10.36,17.5));
#1387 = VECTOR('',#1388,1.);
#1388 = DIRECTION('',(1.,0.,-0.));
#1389 = PCURVE('',#346,#1390);
#1390 = DEFINITIONAL_REPRESENTATION('',(#1391),#1395);
#1391 = LINE('',#1392,#1393);
#1392 = CARTESIAN_POINT('',(0.,22.72));
#1393 = VECTOR('',#1394,1.);
#1394 = DIRECTION('',(1.,0.));
#1395 = ( GEOMETRIC_REPRESENTATION_CONTEXT(2) 
PARAMETRIC_REPRESENTATION_CONTEXT() REPRESENTATION_CONTEXT('2D SPACE',''
  ) );
#1396 = PCURVE('',#1252,#1397);
#1397 = DEFINITIONAL_REPRESENTATION('',(#1398),#1402);
#1398 = LINE('',#1399,#1400);
#1399 = CARTESIAN_POINT('',(1.570796326795,0.));
#1400 = VECTOR('',#1401,1.);
#1401 = DIRECTION('',(0.,1.));
#1402 = ( GEOMETRIC_REPRESENTATION_CONTEXT(2) 
PARAMETRIC_REPRESENTATION_CONTEXT() REPRESENTATION_CONTEXT('2D SPACE',''
  ) );
#1403 = FACE_BOUND('',#1404,.T.);
#1404 = EDGE_LOOP('',(#1405));
#1405 = ORIENTED_EDGE('',*,*,#1406,.F.);
#1406 = EDGE_CURVE('',#1407,#1407,#1409,.T.);
#1407 = VERTEX_POINT('',#1408);
#1408 = CARTESIAN_POINT('',(8.,-1.959434878636E-15,17.5));
#1409 = SURFACE_CURVE('',#1410,(#1415,#1422),.PCURVE_S1.);
#1410 = CIRCLE('',#1411,8.);
#1411 = AXIS2_PLACEMENT_3D('',#1412,#1413,#1414);
#1412 = CARTESIAN_POINT('',(0.,0.,17.5));
#1413 = DIRECTION('',(0.,0.,1.));
#1414 = DIRECTION('',(1.,0.,-0.));
#1415 = PCURVE('',#346,#1416);
#1416 = DEFINITIONAL_REPRESENTATION('',(#1417),#1421);
#1417 = CIRCLE('',#1418,8.);
#1418 = AXIS2_PLACEMENT_2D('',#1419,#1420);
#1419 = CARTESIAN_POINT('',(32.72,12.36));
#1420 = DIRECTION('',(1.,0.));
#1421 = ( GEOMETRIC_REPRESENTATION_CONTEXT(2) 
PARAMETRIC_REPRESENTATION_CONTEXT() REPRESENTATION_CONTEXT('2D SPACE',''
  ) );
#1422 = PCURVE('',#1423,#1428);
#1423 = CYLINDRICAL_SURFACE('',#1424,8.);
#1424 = AXIS2_PLACEMENT_3D('',#1425,#1426,#1427);
#1425 = CARTESIAN_POINT('',(0.,0.,17.5));
#1426 = DIRECTION('',(0.,0.,1.));
#1427 = DIRECTION('',(1.,0.,-0.));
#1428 = DEFINITIONAL_REPRESENTATION('',(#1429),#1433);
#1429 = LINE('',#1430,#1431);
#1430 = CARTESIAN_POINT('',(0.,0.));
#1431 = VECTOR('',#1432,1.);
#1432 = DIRECTION('',(1.,0.));
#1433 = ( GEOMETRIC_REPRESENTATION_CONTEXT(2) 
PARAMETRIC_REPRESENTATION_CONTEXT() REPRESENTATION_CONTEXT('2D SPACE',''
  ) );
#1434 = ADVANCED_FACE('',(#1435),#373,.T.);
#1435 = FACE_BOUND('',#1436,.F.);
#1436 = EDGE_LOOP('',(#1437,#1438,#1458));
#1437 = ORIENTED_EDGE('',*,*,#442,.F.);
#1438 = ORIENTED_EDGE('',*,*,#1439,.T.);
#1439 = EDGE_CURVE('',#415,#331,#1440,.T.);
#1440 = SURFACE_CURVE('',#1441,(#1446,#1452),.PCURVE_S1.);
#1441 = CIRCLE('',#1442,2.);
#1442 = AXIS2_PLACEMENT_3D('',#1443,#1444,#1445);
#1443 = CARTESIAN_POINT('',(-30.72,10.36,15.5));
#1444 = DIRECTION('',(1.,0.,6.123233995737E-17));
#1445 = DIRECTION('',(-6.123233995737E-17,-0.,1.));
#1446 = PCURVE('',#373,#1447);
#1447 = DEFINITIONAL_REPRESENTATION('',(#1448),#1451);
#1448 = B_SPLINE_CURVE_WITH_KNOTS('',1,(#1449,#1450),.UNSPECIFIED.,.F.,
  .F.,(2,2),(4.712388980385,6.28318530718),.PIECEWISE_BEZIER_KNOTS.);
#1449 = CARTESIAN_POINT('',(-1.570796326795,-1.570796326795));
#1450 = CARTESIAN_POINT('',(-1.570796326795,0.));
#1451 = ( GEOMETRIC_REPRESENTATION_CONTEXT(2) 
PARAMETRIC_REPRESENTATION_CONTEXT() REPRESENTATION_CONTEXT('2D SPACE',''
  ) );
#1452 = PCURVE('',#1252,#1453);
#1453 = DEFINITIONAL_REPRESENTATION('',(#1454),#1457);
#1454 = B_SPLINE_CURVE_WITH_KNOTS('',1,(#1455,#1456),.UNSPECIFIED.,.F.,
  .F.,(2,2),(4.712388980385,6.28318530718),.PIECEWISE_BEZIER_KNOTS.);
#1455 = CARTESIAN_POINT('',(0.,2.));
#1456 = CARTESIAN_POINT('',(1.570796326795,2.));
#1457 = ( GEOMETRIC_REPRESENTATION_CONTEXT(2) 
PARAMETRIC_REPRESENTATION_CONTEXT() REPRESENTATION_CONTEXT('2D SPACE',''
  ) );
#1458 = ORIENTED_EDGE('',*,*,#358,.F.);
#1459 = ADVANCED_FACE('',(#1460),#430,.T.);
#1460 = FACE_BOUND('',#1461,.T.);
#1461 = EDGE_LOOP('',(#1462,#1463,#1486,#1514));
#1462 = ORIENTED_EDGE('',*,*,#414,.T.);
#1463 = ORIENTED_EDGE('',*,*,#1464,.T.);
#1464 = EDGE_CURVE('',#415,#1465,#1467,.T.);
#1465 = VERTEX_POINT('',#1466);
#1466 = CARTESIAN_POINT('',(10.5,12.36,15.5));
#1467 = SURFACE_CURVE('',#1468,(#1472,#1479),.PCURVE_S1.);
#1468 = LINE('',#1469,#1470);
#1469 = CARTESIAN_POINT('',(-32.72,12.36,15.5));
#1470 = VECTOR('',#1471,1.);
#1471 = DIRECTION('',(1.,0.,-0.));
#1472 = PCURVE('',#430,#1473);
#1473 = DEFINITIONAL_REPRESENTATION('',(#1474),#1478);
#1474 = LINE('',#1475,#1476);
#1475 = CARTESIAN_POINT('',(33.,0.));
#1476 = VECTOR('',#1477,1.);
#1477 = DIRECTION('',(0.,1.));
#1478 = ( GEOMETRIC_REPRESENTATION_CONTEXT(2) 
PARAMETRIC_REPRESENTATION_CONTEXT() REPRESENTATION_CONTEXT('2D SPACE',''
  ) );
#1479 = PCURVE('',#1252,#1480);
#1480 = DEFINITIONAL_REPRESENTATION('',(#1481),#1485);
#1481 = LINE('',#1482,#1483);
#1482 = CARTESIAN_POINT('',(0.,0.));
#1483 = VECTOR('',#1484,1.);
#1484 = DIRECTION('',(0.,1.));
#1485 = ( GEOMETRIC_REPRESENTATION_CONTEXT(2) 
PARAMETRIC_REPRESENTATION_CONTEXT() REPRESENTATION_CONTEXT('2D SPACE',''
  ) );
#1486 = ORIENTED_EDGE('',*,*,#1487,.F.);
#1487 = EDGE_CURVE('',#1488,#1465,#1490,.T.);
#1488 = VERTEX_POINT('',#1489);
#1489 = CARTESIAN_POINT('',(10.5,12.36,-15.5));
#1490 = SURFACE_CURVE('',#1491,(#1495,#1502),.PCURVE_S1.);
#1491 = LINE('',#1492,#1493);
#1492 = CARTESIAN_POINT('',(10.5,12.36,-17.5));
#1493 = VECTOR('',#1494,1.);
#1494 = DIRECTION('',(0.,0.,1.));
#1495 = PCURVE('',#430,#1496);
#1496 = DEFINITIONAL_REPRESENTATION('',(#1497),#1501);
#1497 = LINE('',#1498,#1499);
#1498 = CARTESIAN_POINT('',(0.,43.22));
#1499 = VECTOR('',#1500,1.);
#1500 = DIRECTION('',(1.,0.));
#1501 = ( GEOMETRIC_REPRESENTATION_CONTEXT(2) 
PARAMETRIC_REPRESENTATION_CONTEXT() REPRESENTATION_CONTEXT('2D SPACE',''
  ) );
#1502 = PCURVE('',#1503,#1508);
#1503 = CYLINDRICAL_SURFACE('',#1504,2.);
#1504 = AXIS2_PLACEMENT_3D('',#1505,#1506,#1507);
#1505 = CARTESIAN_POINT('',(10.5,10.36,-17.5));
#1506 = DIRECTION('',(0.,0.,1.));
#1507 = DIRECTION('',(1.,0.,-0.));
#1508 = DEFINITIONAL_REPRESENTATION('',(#1509),#1513);
#1509 = LINE('',#1510,#1511);
#1510 = CARTESIAN_POINT('',(1.570796326795,0.));
#1511 = VECTOR('',#1512,1.);
#1512 = DIRECTION('',(0.,1.));
#1513 = ( GEOMETRIC_REPRESENTATION_CONTEXT(2) 
PARAMETRIC_REPRESENTATION_CONTEXT() REPRESENTATION_CONTEXT('2D SPACE',''
  ) );
#1514 = ORIENTED_EDGE('',*,*,#1515,.F.);
#1515 = EDGE_CURVE('',#391,#1488,#1516,.T.);
#1516 = SURFACE_CURVE('',#1517,(#1521,#1528),.PCURVE_S1.);
#1517 = LINE('',#1518,#1519);
#1518 = CARTESIAN_POINT('',(-32.72,12.36,-15.5));
#1519 = VECTOR('',#1520,1.);
#1520 = DIRECTION('',(1.,0.,-0.));
#1521 = PCURVE('',#430,#1522);
#1522 = DEFINITIONAL_REPRESENTATION('',(#1523),#1527);
#1523 = LINE('',#1524,#1525);
#1524 = CARTESIAN_POINT('',(2.,0.));
#1525 = VECTOR('',#1526,1.);
#1526 = DIRECTION('',(0.,1.));
#1527 = ( GEOMETRIC_REPRESENTATION_CONTEXT(2) 
PARAMETRIC_REPRESENTATION_CONTEXT() REPRESENTATION_CONTEXT('2D SPACE',''
  ) );
#1528 = PCURVE('',#821,#1529);
#1529 = DEFINITIONAL_REPRESENTATION('',(#1530),#1534);
#1530 = LINE('',#1531,#1532);
#1531 = CARTESIAN_POINT('',(-0.,0.));
#1532 = VECTOR('',#1533,1.);
#1533 = DIRECTION('',(-0.,1.));
#1534 = ( GEOMETRIC_REPRESENTATION_CONTEXT(2) 
PARAMETRIC_REPRESENTATION_CONTEXT() REPRESENTATION_CONTEXT('2D SPACE',''
  ) );
#1535 = ADVANCED_FACE('',(#1536),#480,.T.);
#1536 = FACE_BOUND('',#1537,.T.);
#1537 = EDGE_LOOP('',(#1538,#1539,#1540,#1678,#1679,#1817,#1818,#1843));
#1538 = ORIENTED_EDGE('',*,*,#466,.F.);
#1539 = ORIENTED_EDGE('',*,*,#602,.T.);
#1540 = ORIENTED_EDGE('',*,*,#1541,.T.);
#1541 = EDGE_CURVE('',#603,#655,#1542,.T.);
#1542 = SURFACE_CURVE('',#1543,(#1586,#1632),.PCURVE_S1.);
#1543 = B_SPLINE_CURVE_WITH_KNOTS('',6,(#1544,#1545,#1546,#1547,#1548,
    #1549,#1550,#1551,#1552,#1553,#1554,#1555,#1556,#1557,#1558,#1559,
    #1560,#1561,#1562,#1563,#1564,#1565,#1566,#1567,#1568,#1569,#1570,
    #1571,#1572,#1573,#1574,#1575,#1576,#1577,#1578,#1579,#1580,#1581,
    #1582,#1583,#1584,#1585),.UNSPECIFIED.,.F.,.F.,(7,5,5,5,5,5,5,5,7),(
    0.,0.137843357619,0.202531270602,0.383376185184,0.500000579074,
    0.616752720052,0.795921499157,0.861712736249,1.),.UNSPECIFIED.);
#1544 = CARTESIAN_POINT('',(-29.29240141342,-10.36,-17.5));
#1545 = CARTESIAN_POINT('',(-29.28462265899,-10.41603541823,-17.5));
#1546 = CARTESIAN_POINT('',(-29.27212812875,-10.47112734558,
    -17.49811600638));
#1547 = CARTESIAN_POINT('',(-29.25508703253,-10.52471896448,
    -17.49446706404));
#1548 = CARTESIAN_POINT('',(-29.23377441006,-10.57627906936,
    -17.48927995855));
#1549 = CARTESIAN_POINT('',(-29.20857404907,-10.62532295059,
    -17.48287264485));
#1550 = CARTESIAN_POINT('',(-29.16657263892,-10.69309071477,
    -17.47218932096));
#1551 = CARTESIAN_POINT('',(-29.15239985773,-10.71411161919,
    -17.46858368617));
#1552 = CARTESIAN_POINT('',(-29.13750761236,-10.73448256768,
    -17.46481837743));
#1553 = CARTESIAN_POINT('',(-29.12193481359,-10.75417977674,
    -17.46092728706));
#1554 = CARTESIAN_POINT('',(-29.10572109716,-10.77318170822,
    -17.45694446217));
#1555 = CARTESIAN_POINT('',(-29.04189996104,-10.84259417274,
    -17.44160867001));
#1556 = CARTESIAN_POINT('',(-28.99020135748,-10.88813196183,
    -17.42986278763));
#1557 = CARTESIAN_POINT('',(-28.93459987927,-10.92776773786,
    -17.41838436359));
#1558 = CARTESIAN_POINT('',(-28.87583085492,-10.96128710087,
    -17.40784235525));
#1559 = CARTESIAN_POINT('',(-28.81458711312,-10.98854406263,
    -17.39879434402));
#1560 = CARTESIAN_POINT('',(-28.71086537047,-11.02289767117,
    -17.38700012178));
#1561 = CARTESIAN_POINT('',(-28.66944466259,-11.03371700965,
    -17.38315689589));
#1562 = CARTESIAN_POINT('',(-28.62746040278,-11.04185274753,
    -17.38020023868));
#1563 = CARTESIAN_POINT('',(-28.58510145447,-11.0472837782,
    -17.37820365375));
#1564 = CARTESIAN_POINT('',(-28.54255358302,-11.05,-17.37720536969));
#1565 = CARTESIAN_POINT('',(-28.45739980497,-11.05,-17.37720536969));
#1566 = CARTESIAN_POINT('',(-28.4148053535,-11.04727782434,
    -17.37820584146));
#1567 = CARTESIAN_POINT('',(-28.37240044619,-11.04183489543,
    -17.38020680182));
#1568 = CARTESIAN_POINT('',(-28.33037145093,-11.03368135651,
    -17.38316985328));
#1569 = CARTESIAN_POINT('',(-28.28890785045,-11.02283840271,
    -17.3870211737));
#1570 = CARTESIAN_POINT('',(-28.18573647514,-10.98862679325,
    -17.39876485488));
#1571 = CARTESIAN_POINT('',(-28.12505198812,-10.96165902841,
    -17.40771727072));
#1572 = CARTESIAN_POINT('',(-28.06679284988,-10.92854391654,
    -17.41813807584));
#1573 = CARTESIAN_POINT('',(-28.01163231605,-10.88942346354,
    -17.4294864034));
#1574 = CARTESIAN_POINT('',(-27.96028423385,-10.84450483603,
    -17.44111369075));
#1575 = CARTESIAN_POINT('',(-27.8963397117,-10.77557769983,
    -17.45643932377));
#1576 = CARTESIAN_POINT('',(-27.87978303301,-10.75632450885,
    -17.46049925219));
#1577 = CARTESIAN_POINT('',(-27.86388619989,-10.73635055209,
    -17.46446703699));
#1578 = CARTESIAN_POINT('',(-27.84869081467,-10.71567821852,
    -17.46830689597));
#1579 = CARTESIAN_POINT('',(-27.83423774518,-10.69433227627,
    -17.471983186));
#1580 = CARTESIAN_POINT('',(-27.79183270993,-10.62611381788,
    -17.48276920053));
#1581 = CARTESIAN_POINT('',(-27.76650060014,-10.57694372647,
    -17.48921300334));
#1582 = CARTESIAN_POINT('',(-27.74507797006,-10.52523720142,
    -17.49443170123));
#1583 = CARTESIAN_POINT('',(-27.72795262023,-10.47148290815,
    -17.49810380429));
#1584 = CARTESIAN_POINT('',(-27.71540249004,-10.41621658311,-17.5));
#1585 = CARTESIAN_POINT('',(-27.70759858657,-10.36,-17.5));
#1586 = PCURVE('',#480,#1587);
#1587 = DEFINITIONAL_REPRESENTATION('',(#1588),#1631);
#1588 = B_SPLINE_CURVE_WITH_KNOTS('',6,(#1589,#1590,#1591,#1592,#1593,
    #1594,#1595,#1596,#1597,#1598,#1599,#1600,#1601,#1602,#1603,#1604,
    #1605,#1606,#1607,#1608,#1609,#1610,#1611,#1612,#1613,#1614,#1615,
    #1616,#1617,#1618,#1619,#1620,#1621,#1622,#1623,#1624,#1625,#1626,
    #1627,#1628,#1629,#1630),.UNSPECIFIED.,.F.,.F.,(7,5,5,5,5,5,5,5,7),(
    0.,0.137843357619,0.202531270602,0.383376185184,0.500000579074,
    0.616752720052,0.795921499157,0.861712736249,1.),.UNSPECIFIED.);
#1589 = CARTESIAN_POINT('',(1.570796326795,3.427598586574));
#1590 = CARTESIAN_POINT('',(1.542778617678,3.435377341005));
#1591 = CARTESIAN_POINT('',(1.515232643463,3.447871871245));
#1592 = CARTESIAN_POINT('',(1.488397297322,3.464912967467));
#1593 = CARTESIAN_POINT('',(1.462505001507,3.48622558994));
#1594 = CARTESIAN_POINT('',(1.43778331856,3.511425950926));
#1595 = CARTESIAN_POINT('',(1.403480974357,3.553427361076));
#1596 = CARTESIAN_POINT('',(1.392817992752,3.567600142269));
#1597 = CARTESIAN_POINT('',(1.3824612399,3.582492387637));
#1598 = CARTESIAN_POINT('',(1.372423359261,3.598065186401));
#1599 = CARTESIAN_POINT('',(1.362716498771,3.614278902837));
#1600 = CARTESIAN_POINT('',(1.327173297058,3.678100038957));
#1601 = CARTESIAN_POINT('',(1.303673646976,3.729798642514));
#1602 = CARTESIAN_POINT('',(1.283051701478,3.785400120725));
#1603 = CARTESIAN_POINT('',(1.265486246744,3.844169145076));
#1604 = CARTESIAN_POINT('',(1.251127215275,3.905412886871));
#1605 = CARTESIAN_POINT('',(1.232966308783,4.009134629529));
#1606 = CARTESIAN_POINT('',(1.227225781173,4.050555337402));
#1607 = CARTESIAN_POINT('',(1.222897714728,4.092539597215));
#1608 = CARTESIAN_POINT('',(1.220004450085,4.13489854553));
#1609 = CARTESIAN_POINT('',(1.218557541698,4.177446416977));
#1610 = CARTESIAN_POINT('',(1.218557541698,4.262600195024));
#1611 = CARTESIAN_POINT('',(1.220007621475,4.3051946465));
#1612 = CARTESIAN_POINT('',(1.222907225149,4.347599553805));
#1613 = CARTESIAN_POINT('',(1.227244748208,4.389628549065));
#1614 = CARTESIAN_POINT('',(1.232997755123,4.431092149547));
#1615 = CARTESIAN_POINT('',(1.251083303698,4.534263524854));
#1616 = CARTESIAN_POINT('',(1.265290053995,4.594948011871));
#1617 = CARTESIAN_POINT('',(1.28264462748,4.653207150113));
#1618 = CARTESIAN_POINT('',(1.303001377034,4.708367683949));
#1619 = CARTESIAN_POINT('',(1.326187045784,4.759715766149));
#1620 = CARTESIAN_POINT('',(1.361492233547,4.8236602883));
#1621 = CARTESIAN_POINT('',(1.371329947492,4.840216966982));
#1622 = CARTESIAN_POINT('',(1.381510971067,4.856113800106));
#1623 = CARTESIAN_POINT('',(1.392022626982,4.871309185328));
#1624 = CARTESIAN_POINT('',(1.402851715525,4.88576225482));
#1625 = CARTESIAN_POINT('',(1.43738465695,4.928167290068));
#1626 = CARTESIAN_POINT('',(1.462171221606,4.953499399851));
#1627 = CARTESIAN_POINT('',(1.488137794338,4.974922029936));
#1628 = CARTESIAN_POINT('',(1.515054861988,4.992047379763));
#1629 = CARTESIAN_POINT('',(1.542688035237,5.004597509953));
#1630 = CARTESIAN_POINT('',(1.570796326795,5.012401413426));
#1631 = ( GEOMETRIC_REPRESENTATION_CONTEXT(2) 
PARAMETRIC_REPRESENTATION_CONTEXT() REPRESENTATION_CONTEXT('2D SPACE',''
  ) );
#1632 = PCURVE('',#642,#1633);
#1633 = DEFINITIONAL_REPRESENTATION('',(#1634),#1677);
#1634 = B_SPLINE_CURVE_WITH_KNOTS('',6,(#1635,#1636,#1637,#1638,#1639,
    #1640,#1641,#1642,#1643,#1644,#1645,#1646,#1647,#1648,#1649,#1650,
    #1651,#1652,#1653,#1654,#1655,#1656,#1657,#1658,#1659,#1660,#1661,
    #1662,#1663,#1664,#1665,#1666,#1667,#1668,#1669,#1670,#1671,#1672,
    #1673,#1674,#1675,#1676),.UNSPECIFIED.,.F.,.F.,(7,5,5,5,5,5,5,5,7),(
    0.,0.137843357619,0.202531270602,0.383376185184,0.500000579074,
    0.616752720052,0.795921499157,0.861712736249,1.),.UNSPECIFIED.);
#1635 = CARTESIAN_POINT('',(3.279529650008,1.));
#1636 = CARTESIAN_POINT('',(3.35024559938,1.));
#1637 = CARTESIAN_POINT('',(3.420603876698,1.001883993615));
#1638 = CARTESIAN_POINT('',(3.490522760635,1.005532935956));
#1639 = CARTESIAN_POINT('',(3.559900818582,1.010720041443));
#1640 = CARTESIAN_POINT('',(3.628603644086,1.017127355146));
#1641 = CARTESIAN_POINT('',(3.728263913225,1.027810679034));
#1642 = CARTESIAN_POINT('',(3.759931123978,1.031416313822));
#1643 = CARTESIAN_POINT('',(3.791439601025,1.035181622563));
#1644 = CARTESIAN_POINT('',(3.822793528187,1.039072712939));
#1645 = CARTESIAN_POINT('',(3.853996010465,1.043055537821));
#1646 = CARTESIAN_POINT('',(3.971862643561,1.058391329982));
#1647 = CARTESIAN_POINT('',(4.057504557496,1.070137212364));
#1648 = CARTESIAN_POINT('',(4.142194605355,1.081615636401));
#1649 = CARTESIAN_POINT('',(4.226134228509,1.092157644745));
#1650 = CARTESIAN_POINT('',(4.309519024031,1.101205655976));
#1651 = CARTESIAN_POINT('',(4.44609758613,1.11299987822));
#1652 = CARTESIAN_POINT('',(4.499499873364,1.116843104107));
#1653 = CARTESIAN_POINT('',(4.552792636707,1.119799761317));
#1654 = CARTESIAN_POINT('',(4.606012128746,1.121796346248));
#1655 = CARTESIAN_POINT('',(4.659197001605,1.122794630308));
#1656 = CARTESIAN_POINT('',(4.765639224165,1.122794630308));
#1657 = CARTESIAN_POINT('',(4.818882322317,1.121794158534));
#1658 = CARTESIAN_POINT('',(4.872160153575,1.119793198178));
#1659 = CARTESIAN_POINT('',(4.925511507679,1.116830146715));
#1660 = CARTESIAN_POINT('',(4.978972762643,1.112978826294));
#1661 = CARTESIAN_POINT('',(5.11484245495,1.101235145115));
#1662 = CARTESIAN_POINT('',(5.197452814676,1.09228272928));
#1663 = CARTESIAN_POINT('',(5.280606014414,1.081861924151));
#1664 = CARTESIAN_POINT('',(5.364492369792,1.070513596592));
#1665 = CARTESIAN_POINT('',(5.449308390305,1.058886309245));
#1666 = CARTESIAN_POINT('',(5.566833999332,1.043560676224));
#1667 = CARTESIAN_POINT('',(5.598552828572,1.039500747806));
#1668 = CARTESIAN_POINT('',(5.630427820711,1.035532963005));
#1669 = CARTESIAN_POINT('',(5.662462425136,1.031693104024));
#1670 = CARTESIAN_POINT('',(5.694661238413,1.028016813992));
#1671 = CARTESIAN_POINT('',(5.795066239214,1.017230799466));
#1672 = CARTESIAN_POINT('',(5.863982671232,1.010786996656));
#1673 = CARTESIAN_POINT('',(5.933578999708,1.005568298765));
#1674 = CARTESIAN_POINT('',(6.003719974591,1.001896195707));
#1675 = CARTESIAN_POINT('',(6.074303733728,1.));
#1676 = CARTESIAN_POINT('',(6.145248310761,1.));
#1677 = ( GEOMETRIC_REPRESENTATION_CONTEXT(2) 
PARAMETRIC_REPRESENTATION_CONTEXT() REPRESENTATION_CONTEXT('2D SPACE',''
  ) );
#1678 = ORIENTED_EDGE('',*,*,#678,.T.);
#1679 = ORIENTED_EDGE('',*,*,#1680,.T.);
#1680 = EDGE_CURVE('',#679,#731,#1681,.T.);
#1681 = SURFACE_CURVE('',#1682,(#1725,#1771),.PCURVE_S1.);
#1682 = B_SPLINE_CURVE_WITH_KNOTS('',6,(#1683,#1684,#1685,#1686,#1687,
    #1688,#1689,#1690,#1691,#1692,#1693,#1694,#1695,#1696,#1697,#1698,
    #1699,#1700,#1701,#1702,#1703,#1704,#1705,#1706,#1707,#1708,#1709,
    #1710,#1711,#1712,#1713,#1714,#1715,#1716,#1717,#1718,#1719,#1720,
    #1721,#1722,#1723,#1724),.UNSPECIFIED.,.F.,.F.,(7,5,5,5,5,5,5,5,7),(
    0.,0.137843357619,0.202531270602,0.383376185184,0.500000579074,
    0.616752720052,0.795921499157,0.861712736249,1.),.UNSPECIFIED.);
#1683 = CARTESIAN_POINT('',(7.507598586574,-10.36,-17.5));
#1684 = CARTESIAN_POINT('',(7.515377341005,-10.41603541823,-17.5));
#1685 = CARTESIAN_POINT('',(7.527871871245,-10.47112734558,
    -17.49811600638));
#1686 = CARTESIAN_POINT('',(7.544912967467,-10.52471896448,
    -17.49446706404));
#1687 = CARTESIAN_POINT('',(7.56622558994,-10.57627906936,
    -17.48927995855));
#1688 = CARTESIAN_POINT('',(7.591425950926,-10.62532295059,
    -17.48287264485));
#1689 = CARTESIAN_POINT('',(7.633427361076,-10.69309071477,
    -17.47218932096));
#1690 = CARTESIAN_POINT('',(7.647600142269,-10.71411161919,
    -17.46858368617));
#1691 = CARTESIAN_POINT('',(7.662492387637,-10.73448256768,
    -17.46481837743));
#1692 = CARTESIAN_POINT('',(7.678065186401,-10.75417977674,
    -17.46092728706));
#1693 = CARTESIAN_POINT('',(7.694278902837,-10.77318170822,
    -17.45694446217));
#1694 = CARTESIAN_POINT('',(7.758100038957,-10.84259417274,
    -17.44160867001));
#1695 = CARTESIAN_POINT('',(7.809798642514,-10.88813196183,
    -17.42986278763));
#1696 = CARTESIAN_POINT('',(7.865400120724,-10.92776773786,
    -17.41838436359));
#1697 = CARTESIAN_POINT('',(7.924169145076,-10.96128710087,
    -17.40784235525));
#1698 = CARTESIAN_POINT('',(7.985412886871,-10.98854406263,
    -17.39879434402));
#1699 = CARTESIAN_POINT('',(8.089134629529,-11.02289767117,
    -17.38700012178));
#1700 = CARTESIAN_POINT('',(8.130555337402,-11.03371700965,
    -17.38315689589));
#1701 = CARTESIAN_POINT('',(8.172539597215,-11.04185274753,
    -17.38020023868));
#1702 = CARTESIAN_POINT('',(8.21489854553,-11.0472837782,-17.37820365375
    ));
#1703 = CARTESIAN_POINT('',(8.257446416977,-11.05,-17.37720536969));
#1704 = CARTESIAN_POINT('',(8.342600195024,-11.05,-17.37720536969));
#1705 = CARTESIAN_POINT('',(8.3851946465,-11.04727782434,-17.37820584146
    ));
#1706 = CARTESIAN_POINT('',(8.427599553805,-11.04183489543,
    -17.38020680182));
#1707 = CARTESIAN_POINT('',(8.469628549065,-11.03368135651,
    -17.38316985328));
#1708 = CARTESIAN_POINT('',(8.511092149547,-11.02283840271,
    -17.3870211737));
#1709 = CARTESIAN_POINT('',(8.614263524854,-10.98862679325,
    -17.39876485488));
#1710 = CARTESIAN_POINT('',(8.674948011871,-10.96165902841,
    -17.40771727072));
#1711 = CARTESIAN_POINT('',(8.733207150113,-10.92854391654,
    -17.41813807584));
#1712 = CARTESIAN_POINT('',(8.788367683949,-10.88942346354,
    -17.4294864034));
#1713 = CARTESIAN_POINT('',(8.839715766149,-10.84450483603,
    -17.44111369075));
#1714 = CARTESIAN_POINT('',(8.9036602883,-10.77557769983,-17.45643932377
    ));
#1715 = CARTESIAN_POINT('',(8.920216966982,-10.75632450885,
    -17.46049925219));
#1716 = CARTESIAN_POINT('',(8.936113800106,-10.73635055209,
    -17.46446703699));
#1717 = CARTESIAN_POINT('',(8.951309185328,-10.71567821852,
    -17.46830689597));
#1718 = CARTESIAN_POINT('',(8.96576225482,-10.69433227627,-17.471983186)
  );
#1719 = CARTESIAN_POINT('',(9.008167290068,-10.62611381788,
    -17.48276920053));
#1720 = CARTESIAN_POINT('',(9.033499399851,-10.57694372647,
    -17.48921300334));
#1721 = CARTESIAN_POINT('',(9.054922029936,-10.52523720142,
    -17.49443170123));
#1722 = CARTESIAN_POINT('',(9.072047379763,-10.47148290815,
    -17.49810380429));
#1723 = CARTESIAN_POINT('',(9.084597509953,-10.41621658311,-17.5));
#1724 = CARTESIAN_POINT('',(9.092401413426,-10.36,-17.5));
#1725 = PCURVE('',#480,#1726);
#1726 = DEFINITIONAL_REPRESENTATION('',(#1727),#1770);
#1727 = B_SPLINE_CURVE_WITH_KNOTS('',6,(#1728,#1729,#1730,#1731,#1732,
    #1733,#1734,#1735,#1736,#1737,#1738,#1739,#1740,#1741,#1742,#1743,
    #1744,#1745,#1746,#1747,#1748,#1749,#1750,#1751,#1752,#1753,#1754,
    #1755,#1756,#1757,#1758,#1759,#1760,#1761,#1762,#1763,#1764,#1765,
    #1766,#1767,#1768,#1769),.UNSPECIFIED.,.F.,.F.,(7,5,5,5,5,5,5,5,7),(
    0.,0.137843357619,0.202531270602,0.383376185184,0.500000579074,
    0.616752720052,0.795921499157,0.861712736249,1.),.UNSPECIFIED.);
#1728 = CARTESIAN_POINT('',(1.570796326795,40.227598586574));
#1729 = CARTESIAN_POINT('',(1.542778617678,40.235377341005));
#1730 = CARTESIAN_POINT('',(1.515232643463,40.247871871245));
#1731 = CARTESIAN_POINT('',(1.488397297322,40.264912967467));
#1732 = CARTESIAN_POINT('',(1.462505001507,40.28622558994));
#1733 = CARTESIAN_POINT('',(1.43778331856,40.311425950926));
#1734 = CARTESIAN_POINT('',(1.403480974357,40.353427361076));
#1735 = CARTESIAN_POINT('',(1.392817992752,40.367600142269));
#1736 = CARTESIAN_POINT('',(1.3824612399,40.382492387637));
#1737 = CARTESIAN_POINT('',(1.372423359261,40.398065186401));
#1738 = CARTESIAN_POINT('',(1.362716498771,40.414278902837));
#1739 = CARTESIAN_POINT('',(1.327173297058,40.478100038957));
#1740 = CARTESIAN_POINT('',(1.303673646976,40.529798642514));
#1741 = CARTESIAN_POINT('',(1.283051701478,40.585400120724));
#1742 = CARTESIAN_POINT('',(1.265486246744,40.644169145076));
#1743 = CARTESIAN_POINT('',(1.251127215275,40.705412886871));
#1744 = CARTESIAN_POINT('',(1.232966308783,40.809134629529));
#1745 = CARTESIAN_POINT('',(1.227225781173,40.850555337402));
#1746 = CARTESIAN_POINT('',(1.222897714728,40.892539597215));
#1747 = CARTESIAN_POINT('',(1.220004450085,40.93489854553));
#1748 = CARTESIAN_POINT('',(1.218557541698,40.977446416977));
#1749 = CARTESIAN_POINT('',(1.218557541698,41.062600195024));
#1750 = CARTESIAN_POINT('',(1.220007621475,41.1051946465));
#1751 = CARTESIAN_POINT('',(1.222907225149,41.147599553805));
#1752 = CARTESIAN_POINT('',(1.227244748208,41.189628549065));
#1753 = CARTESIAN_POINT('',(1.232997755123,41.231092149547));
#1754 = CARTESIAN_POINT('',(1.251083303698,41.334263524854));
#1755 = CARTESIAN_POINT('',(1.265290053995,41.394948011871));
#1756 = CARTESIAN_POINT('',(1.282644627481,41.453207150113));
#1757 = CARTESIAN_POINT('',(1.303001377034,41.508367683949));
#1758 = CARTESIAN_POINT('',(1.326187045784,41.559715766149));
#1759 = CARTESIAN_POINT('',(1.361492233547,41.6236602883));
#1760 = CARTESIAN_POINT('',(1.371329947492,41.640216966982));
#1761 = CARTESIAN_POINT('',(1.381510971067,41.656113800106));
#1762 = CARTESIAN_POINT('',(1.392022626982,41.671309185328));
#1763 = CARTESIAN_POINT('',(1.402851715525,41.68576225482));
#1764 = CARTESIAN_POINT('',(1.43738465695,41.728167290068));
#1765 = CARTESIAN_POINT('',(1.462171221606,41.753499399851));
#1766 = CARTESIAN_POINT('',(1.488137794337,41.774922029936));
#1767 = CARTESIAN_POINT('',(1.515054861988,41.792047379763));
#1768 = CARTESIAN_POINT('',(1.542688035237,41.804597509953));
#1769 = CARTESIAN_POINT('',(1.570796326795,41.812401413426));
#1770 = ( GEOMETRIC_REPRESENTATION_CONTEXT(2) 
PARAMETRIC_REPRESENTATION_CONTEXT() REPRESENTATION_CONTEXT('2D SPACE',''
  ) );
#1771 = PCURVE('',#718,#1772);
#1772 = DEFINITIONAL_REPRESENTATION('',(#1773),#1816);
#1773 = B_SPLINE_CURVE_WITH_KNOTS('',6,(#1774,#1775,#1776,#1777,#1778,
    #1779,#1780,#1781,#1782,#1783,#1784,#1785,#1786,#1787,#1788,#1789,
    #1790,#1791,#1792,#1793,#1794,#1795,#1796,#1797,#1798,#1799,#1800,
    #1801,#1802,#1803,#1804,#1805,#1806,#1807,#1808,#1809,#1810,#1811,
    #1812,#1813,#1814,#1815),.UNSPECIFIED.,.F.,.F.,(7,5,5,5,5,5,5,5,7),(
    0.,0.137843357619,0.202531270602,0.383376185184,0.500000579074,
    0.616752720052,0.795921499157,0.861712736249,1.),.UNSPECIFIED.);
#1774 = CARTESIAN_POINT('',(3.279529650008,1.));
#1775 = CARTESIAN_POINT('',(3.35024559938,1.));
#1776 = CARTESIAN_POINT('',(3.420603876698,1.001883993615));
#1777 = CARTESIAN_POINT('',(3.490522760635,1.005532935956));
#1778 = CARTESIAN_POINT('',(3.559900818582,1.010720041443));
#1779 = CARTESIAN_POINT('',(3.628603644086,1.017127355146));
#1780 = CARTESIAN_POINT('',(3.728263913225,1.027810679034));
#1781 = CARTESIAN_POINT('',(3.759931123978,1.031416313822));
#1782 = CARTESIAN_POINT('',(3.791439601025,1.035181622563));
#1783 = CARTESIAN_POINT('',(3.822793528187,1.039072712939));
#1784 = CARTESIAN_POINT('',(3.853996010465,1.043055537821));
#1785 = CARTESIAN_POINT('',(3.971862643561,1.058391329982));
#1786 = CARTESIAN_POINT('',(4.057504557496,1.070137212364));
#1787 = CARTESIAN_POINT('',(4.142194605354,1.081615636401));
#1788 = CARTESIAN_POINT('',(4.226134228509,1.092157644745));
#1789 = CARTESIAN_POINT('',(4.309519024031,1.101205655976));
#1790 = CARTESIAN_POINT('',(4.44609758613,1.11299987822));
#1791 = CARTESIAN_POINT('',(4.499499873364,1.116843104107));
#1792 = CARTESIAN_POINT('',(4.552792636707,1.119799761317));
#1793 = CARTESIAN_POINT('',(4.606012128746,1.121796346248));
#1794 = CARTESIAN_POINT('',(4.659197001605,1.122794630308));
#1795 = CARTESIAN_POINT('',(4.765639224165,1.122794630308));
#1796 = CARTESIAN_POINT('',(4.818882322317,1.121794158534));
#1797 = CARTESIAN_POINT('',(4.872160153575,1.119793198178));
#1798 = CARTESIAN_POINT('',(4.925511507679,1.116830146715));
#1799 = CARTESIAN_POINT('',(4.978972762643,1.112978826294));
#1800 = CARTESIAN_POINT('',(5.11484245495,1.101235145115));
#1801 = CARTESIAN_POINT('',(5.197452814676,1.09228272928));
#1802 = CARTESIAN_POINT('',(5.280606014414,1.081861924151));
#1803 = CARTESIAN_POINT('',(5.364492369792,1.070513596592));
#1804 = CARTESIAN_POINT('',(5.449308390304,1.058886309246));
#1805 = CARTESIAN_POINT('',(5.566833999332,1.043560676224));
#1806 = CARTESIAN_POINT('',(5.598552828572,1.039500747806));
#1807 = CARTESIAN_POINT('',(5.630427820711,1.035532963005));
#1808 = CARTESIAN_POINT('',(5.662462425136,1.031693104024));
#1809 = CARTESIAN_POINT('',(5.694661238413,1.028016813992));
#1810 = CARTESIAN_POINT('',(5.795066239214,1.017230799466));
#1811 = CARTESIAN_POINT('',(5.863982671232,1.010786996656));
#1812 = CARTESIAN_POINT('',(5.933578999708,1.005568298765));
#1813 = CARTESIAN_POINT('',(6.003719974591,1.001896195707));
#1814 = CARTESIAN_POINT('',(6.074303733728,1.));
#1815 = CARTESIAN_POINT('',(6.145248310761,1.));
#1816 = ( GEOMETRIC_REPRESENTATION_CONTEXT(2) 
PARAMETRIC_REPRESENTATION_CONTEXT() REPRESENTATION_CONTEXT('2D SPACE',''
  ) );
#1817 = ORIENTED_EDGE('',*,*,#754,.T.);
#1818 = ORIENTED_EDGE('',*,*,#1819,.T.);
#1819 = EDGE_CURVE('',#755,#550,#1820,.T.);
#1820 = SURFACE_CURVE('',#1821,(#1826,#1832),.PCURVE_S1.);
#1821 = CIRCLE('',#1822,2.);
#1822 = AXIS2_PLACEMENT_3D('',#1823,#1824,#1825);
#1823 = CARTESIAN_POINT('',(10.5,-10.36,-15.5));
#1824 = DIRECTION('',(-1.,-6.123233995737E-17,0.));
#1825 = DIRECTION('',(6.123233995737E-17,-1.,-0.));
#1826 = PCURVE('',#480,#1827);
#1827 = DEFINITIONAL_REPRESENTATION('',(#1828),#1831);
#1828 = B_SPLINE_CURVE_WITH_KNOTS('',1,(#1829,#1830),.UNSPECIFIED.,.F.,
  .F.,(2,2),(4.712388980385,6.28318530718),.PIECEWISE_BEZIER_KNOTS.);
#1829 = CARTESIAN_POINT('',(1.570796326795,43.22));
#1830 = CARTESIAN_POINT('',(0.,43.22));
#1831 = ( GEOMETRIC_REPRESENTATION_CONTEXT(2) 
PARAMETRIC_REPRESENTATION_CONTEXT() REPRESENTATION_CONTEXT('2D SPACE',''
  ) );
#1832 = PCURVE('',#1833,#1838);
#1833 = SPHERICAL_SURFACE('',#1834,2.);
#1834 = AXIS2_PLACEMENT_3D('',#1835,#1836,#1837);
#1835 = CARTESIAN_POINT('',(10.5,-10.36,-15.5));
#1836 = DIRECTION('',(0.,0.,1.));
#1837 = DIRECTION('',(1.,0.,-0.));
#1838 = DEFINITIONAL_REPRESENTATION('',(#1839),#1842);
#1839 = B_SPLINE_CURVE_WITH_KNOTS('',1,(#1840,#1841),.UNSPECIFIED.,.F.,
  .F.,(2,2),(4.712388980385,6.28318530718),.PIECEWISE_BEZIER_KNOTS.);
#1840 = CARTESIAN_POINT('',(-1.570796326795,-1.570796326795));
#1841 = CARTESIAN_POINT('',(-1.570796326795,0.));
#1842 = ( GEOMETRIC_REPRESENTATION_CONTEXT(2) 
PARAMETRIC_REPRESENTATION_CONTEXT() REPRESENTATION_CONTEXT('2D SPACE',''
  ) );
#1843 = ORIENTED_EDGE('',*,*,#577,.F.);
#1844 = ADVANCED_FACE('',(#1845),#510,.T.);
#1845 = FACE_BOUND('',#1846,.F.);
#1846 = EDGE_LOOP('',(#1847,#1848,#1849,#1987,#1988,#2126,#2127,#2152));
#1847 = ORIENTED_EDGE('',*,*,#496,.F.);
#1848 = ORIENTED_EDGE('',*,*,#1043,.T.);
#1849 = ORIENTED_EDGE('',*,*,#1850,.T.);
#1850 = EDGE_CURVE('',#1044,#1091,#1851,.T.);
#1851 = SURFACE_CURVE('',#1852,(#1895,#1941),.PCURVE_S1.);
#1852 = B_SPLINE_CURVE_WITH_KNOTS('',6,(#1853,#1854,#1855,#1856,#1857,
    #1858,#1859,#1860,#1861,#1862,#1863,#1864,#1865,#1866,#1867,#1868,
    #1869,#1870,#1871,#1872,#1873,#1874,#1875,#1876,#1877,#1878,#1879,
    #1880,#1881,#1882,#1883,#1884,#1885,#1886,#1887,#1888,#1889,#1890,
    #1891,#1892,#1893,#1894),.UNSPECIFIED.,.F.,.F.,(7,5,5,5,5,5,5,5,7),(
    0.,0.137843357618,0.202531270601,0.383376185184,0.500000579074,
    0.616752720052,0.795921499157,0.861712736249,1.),.UNSPECIFIED.);
#1853 = CARTESIAN_POINT('',(-29.29240141342,-10.36,17.5));
#1854 = CARTESIAN_POINT('',(-29.28462265899,-10.41603541823,17.5));
#1855 = CARTESIAN_POINT('',(-29.27212812875,-10.47112734558,
    17.498116006385));
#1856 = CARTESIAN_POINT('',(-29.25508703253,-10.52471896448,
    17.494467064044));
#1857 = CARTESIAN_POINT('',(-29.23377441006,-10.57627906936,
    17.489279958557));
#1858 = CARTESIAN_POINT('',(-29.20857404907,-10.62532295059,
    17.482872644854));
#1859 = CARTESIAN_POINT('',(-29.16657263892,-10.69309071477,
    17.472189320966));
#1860 = CARTESIAN_POINT('',(-29.15239985773,-10.71411161919,
    17.468583686178));
#1861 = CARTESIAN_POINT('',(-29.13750761236,-10.73448256768,
    17.464818377437));
#1862 = CARTESIAN_POINT('',(-29.12193481359,-10.75417977674,
    17.460927287061));
#1863 = CARTESIAN_POINT('',(-29.10572109716,-10.77318170822,
    17.456944462179));
#1864 = CARTESIAN_POINT('',(-29.04189996104,-10.84259417274,
    17.441608670018));
#1865 = CARTESIAN_POINT('',(-28.99020135748,-10.88813196183,
    17.429862787636));
#1866 = CARTESIAN_POINT('',(-28.93459987927,-10.92776773786,
    17.418384363599));
#1867 = CARTESIAN_POINT('',(-28.87583085492,-10.96128710087,
    17.407842355255));
#1868 = CARTESIAN_POINT('',(-28.81458711312,-10.98854406263,
    17.398794344024));
#1869 = CARTESIAN_POINT('',(-28.71086537047,-11.02289767117,
    17.38700012178));
#1870 = CARTESIAN_POINT('',(-28.66944466259,-11.03371700965,
    17.383156895893));
#1871 = CARTESIAN_POINT('',(-28.62746040278,-11.04185274753,
    17.380200238683));
#1872 = CARTESIAN_POINT('',(-28.58510145447,-11.0472837782,
    17.378203653752));
#1873 = CARTESIAN_POINT('',(-28.54255358302,-11.05,17.377205369692));
#1874 = CARTESIAN_POINT('',(-28.45739980497,-11.05,17.377205369692));
#1875 = CARTESIAN_POINT('',(-28.4148053535,-11.04727782434,
    17.378205841466));
#1876 = CARTESIAN_POINT('',(-28.37240044619,-11.04183489543,
    17.380206801822));
#1877 = CARTESIAN_POINT('',(-28.33037145093,-11.03368135651,
    17.383169853285));
#1878 = CARTESIAN_POINT('',(-28.28890785045,-11.02283840271,
    17.387021173706));
#1879 = CARTESIAN_POINT('',(-28.18573647514,-10.98862679325,
    17.398764854885));
#1880 = CARTESIAN_POINT('',(-28.12505198812,-10.96165902841,
    17.40771727072));
#1881 = CARTESIAN_POINT('',(-28.06679284988,-10.92854391654,
    17.418138075849));
#1882 = CARTESIAN_POINT('',(-28.01163231605,-10.88942346354,
    17.429486403408));
#1883 = CARTESIAN_POINT('',(-27.96028423385,-10.84450483603,
    17.441113690754));
#1884 = CARTESIAN_POINT('',(-27.8963397117,-10.77557769983,
    17.456439323776));
#1885 = CARTESIAN_POINT('',(-27.87978303301,-10.75632450885,
    17.460499252194));
#1886 = CARTESIAN_POINT('',(-27.86388619989,-10.73635055209,
    17.464467036995));
#1887 = CARTESIAN_POINT('',(-27.84869081467,-10.71567821852,
    17.468306895976));
#1888 = CARTESIAN_POINT('',(-27.83423774518,-10.69433227627,
    17.471983186008));
#1889 = CARTESIAN_POINT('',(-27.79183270993,-10.62611381788,
    17.482769200534));
#1890 = CARTESIAN_POINT('',(-27.76650060014,-10.57694372647,
    17.489213003344));
#1891 = CARTESIAN_POINT('',(-27.74507797006,-10.52523720142,
    17.494431701235));
#1892 = CARTESIAN_POINT('',(-27.72795262023,-10.47148290815,
    17.498103804293));
#1893 = CARTESIAN_POINT('',(-27.71540249004,-10.41621658311,17.5));
#1894 = CARTESIAN_POINT('',(-27.70759858657,-10.36,17.5));
#1895 = PCURVE('',#510,#1896);
#1896 = DEFINITIONAL_REPRESENTATION('',(#1897),#1940);
#1897 = B_SPLINE_CURVE_WITH_KNOTS('',6,(#1898,#1899,#1900,#1901,#1902,
    #1903,#1904,#1905,#1906,#1907,#1908,#1909,#1910,#1911,#1912,#1913,
    #1914,#1915,#1916,#1917,#1918,#1919,#1920,#1921,#1922,#1923,#1924,
    #1925,#1926,#1927,#1928,#1929,#1930,#1931,#1932,#1933,#1934,#1935,
    #1936,#1937,#1938,#1939),.UNSPECIFIED.,.F.,.F.,(7,5,5,5,5,5,5,5,7),(
    0.,0.137843357618,0.202531270601,0.383376185184,0.500000579074,
    0.616752720052,0.795921499157,0.861712736249,1.),.UNSPECIFIED.);
#1898 = CARTESIAN_POINT('',(-1.570796326795,3.427598586574));
#1899 = CARTESIAN_POINT('',(-1.542778617678,3.435377341005));
#1900 = CARTESIAN_POINT('',(-1.515232643463,3.447871871245));
#1901 = CARTESIAN_POINT('',(-1.488397297322,3.464912967467));
#1902 = CARTESIAN_POINT('',(-1.462505001507,3.48622558994));
#1903 = CARTESIAN_POINT('',(-1.43778331856,3.511425950926));
#1904 = CARTESIAN_POINT('',(-1.403480974357,3.553427361076));
#1905 = CARTESIAN_POINT('',(-1.392817992752,3.567600142269));
#1906 = CARTESIAN_POINT('',(-1.3824612399,3.582492387637));
#1907 = CARTESIAN_POINT('',(-1.372423359261,3.598065186401));
#1908 = CARTESIAN_POINT('',(-1.362716498771,3.614278902837));
#1909 = CARTESIAN_POINT('',(-1.327173297058,3.678100038957));
#1910 = CARTESIAN_POINT('',(-1.303673646976,3.729798642514));
#1911 = CARTESIAN_POINT('',(-1.283051701478,3.785400120725));
#1912 = CARTESIAN_POINT('',(-1.265486246744,3.844169145076));
#1913 = CARTESIAN_POINT('',(-1.251127215275,3.905412886871));
#1914 = CARTESIAN_POINT('',(-1.232966308783,4.009134629529));
#1915 = CARTESIAN_POINT('',(-1.227225781173,4.050555337402));
#1916 = CARTESIAN_POINT('',(-1.222897714728,4.092539597215));
#1917 = CARTESIAN_POINT('',(-1.220004450085,4.13489854553));
#1918 = CARTESIAN_POINT('',(-1.218557541698,4.177446416977));
#1919 = CARTESIAN_POINT('',(-1.218557541698,4.262600195024));
#1920 = CARTESIAN_POINT('',(-1.220007621475,4.3051946465));
#1921 = CARTESIAN_POINT('',(-1.222907225149,4.347599553805));
#1922 = CARTESIAN_POINT('',(-1.227244748208,4.389628549065));
#1923 = CARTESIAN_POINT('',(-1.232997755123,4.431092149547));
#1924 = CARTESIAN_POINT('',(-1.251083303698,4.534263524854));
#1925 = CARTESIAN_POINT('',(-1.265290053995,4.594948011871));
#1926 = CARTESIAN_POINT('',(-1.282644627481,4.653207150113));
#1927 = CARTESIAN_POINT('',(-1.303001377034,4.708367683949));
#1928 = CARTESIAN_POINT('',(-1.326187045784,4.759715766149));
#1929 = CARTESIAN_POINT('',(-1.361492233547,4.8236602883));
#1930 = CARTESIAN_POINT('',(-1.371329947492,4.840216966982));
#1931 = CARTESIAN_POINT('',(-1.381510971067,4.856113800106));
#1932 = CARTESIAN_POINT('',(-1.392022626982,4.871309185328));
#1933 = CARTESIAN_POINT('',(-1.402851715525,4.88576225482));
#1934 = CARTESIAN_POINT('',(-1.43738465695,4.928167290068));
#1935 = CARTESIAN_POINT('',(-1.462171221606,4.953499399851));
#1936 = CARTESIAN_POINT('',(-1.488137794337,4.974922029936));
#1937 = CARTESIAN_POINT('',(-1.515054861988,4.992047379763));
#1938 = CARTESIAN_POINT('',(-1.542688035237,5.004597509953));
#1939 = CARTESIAN_POINT('',(-1.570796326795,5.012401413426));
#1940 = ( GEOMETRIC_REPRESENTATION_CONTEXT(2) 
PARAMETRIC_REPRESENTATION_CONTEXT() REPRESENTATION_CONTEXT('2D SPACE',''
  ) );
#1941 = PCURVE('',#642,#1942);
#1942 = DEFINITIONAL_REPRESENTATION('',(#1943),#1986);
#1943 = B_SPLINE_CURVE_WITH_KNOTS('',6,(#1944,#1945,#1946,#1947,#1948,
    #1949,#1950,#1951,#1952,#1953,#1954,#1955,#1956,#1957,#1958,#1959,
    #1960,#1961,#1962,#1963,#1964,#1965,#1966,#1967,#1968,#1969,#1970,
    #1971,#1972,#1973,#1974,#1975,#1976,#1977,#1978,#1979,#1980,#1981,
    #1982,#1983,#1984,#1985),.UNSPECIFIED.,.F.,.F.,(7,5,5,5,5,5,5,5,7),(
    0.,0.137843357618,0.202531270601,0.383376185184,0.500000579074,
    0.616752720052,0.795921499157,0.861712736249,1.),.UNSPECIFIED.);
#1944 = CARTESIAN_POINT('',(3.279529650008,36.));
#1945 = CARTESIAN_POINT('',(3.35024559938,36.));
#1946 = CARTESIAN_POINT('',(3.420603876698,35.998116006385));
#1947 = CARTESIAN_POINT('',(3.490522760635,35.994467064044));
#1948 = CARTESIAN_POINT('',(3.559900818581,35.989279958557));
#1949 = CARTESIAN_POINT('',(3.628603644087,35.982872644854));
#1950 = CARTESIAN_POINT('',(3.728263913225,35.972189320966));
#1951 = CARTESIAN_POINT('',(3.759931123978,35.968583686178));
#1952 = CARTESIAN_POINT('',(3.791439601025,35.964818377437));
#1953 = CARTESIAN_POINT('',(3.822793528187,35.960927287061));
#1954 = CARTESIAN_POINT('',(3.853996010465,35.956944462179));
#1955 = CARTESIAN_POINT('',(3.971862643561,35.941608670018));
#1956 = CARTESIAN_POINT('',(4.057504557496,35.929862787636));
#1957 = CARTESIAN_POINT('',(4.142194605355,35.918384363599));
#1958 = CARTESIAN_POINT('',(4.226134228509,35.907842355255));
#1959 = CARTESIAN_POINT('',(4.309519024031,35.898794344024));
#1960 = CARTESIAN_POINT('',(4.44609758613,35.88700012178));
#1961 = CARTESIAN_POINT('',(4.499499873364,35.883156895893));
#1962 = CARTESIAN_POINT('',(4.552792636707,35.880200238683));
#1963 = CARTESIAN_POINT('',(4.606012128746,35.878203653752));
#1964 = CARTESIAN_POINT('',(4.659197001605,35.877205369692));
#1965 = CARTESIAN_POINT('',(4.765639224165,35.877205369692));
#1966 = CARTESIAN_POINT('',(4.818882322317,35.878205841466));
#1967 = CARTESIAN_POINT('',(4.872160153575,35.880206801822));
#1968 = CARTESIAN_POINT('',(4.925511507679,35.883169853285));
#1969 = CARTESIAN_POINT('',(4.978972762643,35.887021173706));
#1970 = CARTESIAN_POINT('',(5.11484245495,35.898764854885));
#1971 = CARTESIAN_POINT('',(5.197452814676,35.90771727072));
#1972 = CARTESIAN_POINT('',(5.280606014414,35.918138075849));
#1973 = CARTESIAN_POINT('',(5.364492369792,35.929486403408));
#1974 = CARTESIAN_POINT('',(5.449308390305,35.941113690754));
#1975 = CARTESIAN_POINT('',(5.566833999332,35.956439323776));
#1976 = CARTESIAN_POINT('',(5.598552828572,35.960499252194));
#1977 = CARTESIAN_POINT('',(5.630427820711,35.964467036995));
#1978 = CARTESIAN_POINT('',(5.662462425136,35.968306895976));
#1979 = CARTESIAN_POINT('',(5.694661238413,35.971983186008));
#1980 = CARTESIAN_POINT('',(5.795066239214,35.982769200534));
#1981 = CARTESIAN_POINT('',(5.863982671232,35.989213003344));
#1982 = CARTESIAN_POINT('',(5.933578999708,35.994431701235));
#1983 = CARTESIAN_POINT('',(6.003719974591,35.998103804293));
#1984 = CARTESIAN_POINT('',(6.074303733728,36.));
#1985 = CARTESIAN_POINT('',(6.145248310761,36.));
#1986 = ( GEOMETRIC_REPRESENTATION_CONTEXT(2) 
PARAMETRIC_REPRESENTATION_CONTEXT() REPRESENTATION_CONTEXT('2D SPACE',''
  ) );
#1987 = ORIENTED_EDGE('',*,*,#1114,.T.);
#1988 = ORIENTED_EDGE('',*,*,#1989,.T.);
#1989 = EDGE_CURVE('',#1115,#1162,#1990,.T.);
#1990 = SURFACE_CURVE('',#1991,(#2034,#2080),.PCURVE_S1.);
#1991 = B_SPLINE_CURVE_WITH_KNOTS('',6,(#1992,#1993,#1994,#1995,#1996,
    #1997,#1998,#1999,#2000,#2001,#2002,#2003,#2004,#2005,#2006,#2007,
    #2008,#2009,#2010,#2011,#2012,#2013,#2014,#2015,#2016,#2017,#2018,
    #2019,#2020,#2021,#2022,#2023,#2024,#2025,#2026,#2027,#2028,#2029,
    #2030,#2031,#2032,#2033),.UNSPECIFIED.,.F.,.F.,(7,5,5,5,5,5,5,5,7),(
    0.,0.137843357619,0.202531270602,0.383376185184,0.500000579075,
    0.616752720053,0.795921499158,0.861712736249,1.),.UNSPECIFIED.);
#1992 = CARTESIAN_POINT('',(7.507598586574,-10.36,17.5));
#1993 = CARTESIAN_POINT('',(7.515377341005,-10.41603541823,17.5));
#1994 = CARTESIAN_POINT('',(7.527871871245,-10.47112734558,
    17.498116006385));
#1995 = CARTESIAN_POINT('',(7.544912967467,-10.52471896448,
    17.494467064044));
#1996 = CARTESIAN_POINT('',(7.56622558994,-10.57627906936,
    17.489279958557));
#1997 = CARTESIAN_POINT('',(7.591425950926,-10.62532295059,
    17.482872644854));
#1998 = CARTESIAN_POINT('',(7.633427361076,-10.69309071477,
    17.472189320966));
#1999 = CARTESIAN_POINT('',(7.647600142269,-10.71411161919,
    17.468583686178));
#2000 = CARTESIAN_POINT('',(7.662492387637,-10.73448256768,
    17.464818377437));
#2001 = CARTESIAN_POINT('',(7.678065186401,-10.75417977674,
    17.460927287061));
#2002 = CARTESIAN_POINT('',(7.694278902837,-10.77318170822,
    17.456944462179));
#2003 = CARTESIAN_POINT('',(7.758100038957,-10.84259417274,
    17.441608670018));
#2004 = CARTESIAN_POINT('',(7.809798642514,-10.88813196183,
    17.429862787636));
#2005 = CARTESIAN_POINT('',(7.865400120724,-10.92776773786,
    17.418384363599));
#2006 = CARTESIAN_POINT('',(7.924169145076,-10.96128710087,
    17.407842355255));
#2007 = CARTESIAN_POINT('',(7.985412886871,-10.98854406263,
    17.398794344024));
#2008 = CARTESIAN_POINT('',(8.089134629529,-11.02289767117,
    17.38700012178));
#2009 = CARTESIAN_POINT('',(8.130555337402,-11.03371700965,
    17.383156895893));
#2010 = CARTESIAN_POINT('',(8.172539597215,-11.04185274753,
    17.380200238683));
#2011 = CARTESIAN_POINT('',(8.21489854553,-11.0472837782,17.378203653752
    ));
#2012 = CARTESIAN_POINT('',(8.257446416977,-11.05,17.377205369692));
#2013 = CARTESIAN_POINT('',(8.342600195024,-11.05,17.377205369692));
#2014 = CARTESIAN_POINT('',(8.3851946465,-11.04727782434,17.378205841466
    ));
#2015 = CARTESIAN_POINT('',(8.427599553805,-11.04183489543,
    17.380206801822));
#2016 = CARTESIAN_POINT('',(8.469628549065,-11.03368135651,
    17.383169853285));
#2017 = CARTESIAN_POINT('',(8.511092149547,-11.02283840271,
    17.387021173706));
#2018 = CARTESIAN_POINT('',(8.614263524854,-10.98862679325,
    17.398764854885));
#2019 = CARTESIAN_POINT('',(8.674948011871,-10.96165902841,
    17.40771727072));
#2020 = CARTESIAN_POINT('',(8.733207150113,-10.92854391654,
    17.418138075849));
#2021 = CARTESIAN_POINT('',(8.788367683949,-10.88942346354,
    17.429486403408));
#2022 = CARTESIAN_POINT('',(8.839715766149,-10.84450483603,
    17.441113690754));
#2023 = CARTESIAN_POINT('',(8.9036602883,-10.77557769983,17.456439323776
    ));
#2024 = CARTESIAN_POINT('',(8.920216966982,-10.75632450885,
    17.460499252194));
#2025 = CARTESIAN_POINT('',(8.936113800106,-10.73635055209,
    17.464467036995));
#2026 = CARTESIAN_POINT('',(8.951309185328,-10.71567821852,
    17.468306895976));
#2027 = CARTESIAN_POINT('',(8.96576225482,-10.69433227627,
    17.471983186008));
#2028 = CARTESIAN_POINT('',(9.008167290068,-10.62611381788,
    17.482769200534));
#2029 = CARTESIAN_POINT('',(9.033499399851,-10.57694372647,
    17.489213003344));
#2030 = CARTESIAN_POINT('',(9.054922029936,-10.52523720142,
    17.494431701235));
#2031 = CARTESIAN_POINT('',(9.072047379763,-10.47148290815,
    17.498103804293));
#2032 = CARTESIAN_POINT('',(9.084597509953,-10.41621658311,17.5));
#2033 = CARTESIAN_POINT('',(9.092401413426,-10.36,17.5));
#2034 = PCURVE('',#510,#2035);
#2035 = DEFINITIONAL_REPRESENTATION('',(#2036),#2079);
#2036 = B_SPLINE_CURVE_WITH_KNOTS('',6,(#2037,#2038,#2039,#2040,#2041,
    #2042,#2043,#2044,#2045,#2046,#2047,#2048,#2049,#2050,#2051,#2052,
    #2053,#2054,#2055,#2056,#2057,#2058,#2059,#2060,#2061,#2062,#2063,
    #2064,#2065,#2066,#2067,#2068,#2069,#2070,#2071,#2072,#2073,#2074,
    #2075,#2076,#2077,#2078),.UNSPECIFIED.,.F.,.F.,(7,5,5,5,5,5,5,5,7),(
    0.,0.137843357619,0.202531270602,0.383376185184,0.500000579075,
    0.616752720053,0.795921499158,0.861712736249,1.),.UNSPECIFIED.);
#2037 = CARTESIAN_POINT('',(-1.570796326795,40.227598586574));
#2038 = CARTESIAN_POINT('',(-1.542778617678,40.235377341005));
#2039 = CARTESIAN_POINT('',(-1.515232643463,40.247871871245));
#2040 = CARTESIAN_POINT('',(-1.488397297322,40.264912967467));
#2041 = CARTESIAN_POINT('',(-1.462505001507,40.28622558994));
#2042 = CARTESIAN_POINT('',(-1.43778331856,40.311425950926));
#2043 = CARTESIAN_POINT('',(-1.403480974357,40.353427361076));
#2044 = CARTESIAN_POINT('',(-1.392817992752,40.367600142269));
#2045 = CARTESIAN_POINT('',(-1.3824612399,40.382492387637));
#2046 = CARTESIAN_POINT('',(-1.372423359261,40.398065186401));
#2047 = CARTESIAN_POINT('',(-1.362716498771,40.414278902837));
#2048 = CARTESIAN_POINT('',(-1.327173297058,40.478100038957));
#2049 = CARTESIAN_POINT('',(-1.303673646976,40.529798642514));
#2050 = CARTESIAN_POINT('',(-1.283051701478,40.585400120724));
#2051 = CARTESIAN_POINT('',(-1.265486246744,40.644169145076));
#2052 = CARTESIAN_POINT('',(-1.251127215275,40.705412886871));
#2053 = CARTESIAN_POINT('',(-1.232966308783,40.809134629529));
#2054 = CARTESIAN_POINT('',(-1.227225781173,40.850555337402));
#2055 = CARTESIAN_POINT('',(-1.222897714728,40.892539597215));
#2056 = CARTESIAN_POINT('',(-1.220004450085,40.93489854553));
#2057 = CARTESIAN_POINT('',(-1.218557541698,40.977446416977));
#2058 = CARTESIAN_POINT('',(-1.218557541698,41.062600195024));
#2059 = CARTESIAN_POINT('',(-1.220007621475,41.1051946465));
#2060 = CARTESIAN_POINT('',(-1.222907225149,41.147599553805));
#2061 = CARTESIAN_POINT('',(-1.227244748208,41.189628549065));
#2062 = CARTESIAN_POINT('',(-1.232997755123,41.231092149547));
#2063 = CARTESIAN_POINT('',(-1.251083303698,41.334263524854));
#2064 = CARTESIAN_POINT('',(-1.265290053995,41.394948011871));
#2065 = CARTESIAN_POINT('',(-1.28264462748,41.453207150113));
#2066 = CARTESIAN_POINT('',(-1.303001377034,41.508367683949));
#2067 = CARTESIAN_POINT('',(-1.326187045784,41.559715766149));
#2068 = CARTESIAN_POINT('',(-1.361492233547,41.6236602883));
#2069 = CARTESIAN_POINT('',(-1.371329947492,41.640216966982));
#2070 = CARTESIAN_POINT('',(-1.381510971067,41.656113800106));
#2071 = CARTESIAN_POINT('',(-1.392022626982,41.671309185328));
#2072 = CARTESIAN_POINT('',(-1.402851715525,41.68576225482));
#2073 = CARTESIAN_POINT('',(-1.43738465695,41.728167290068));
#2074 = CARTESIAN_POINT('',(-1.462171221606,41.753499399851));
#2075 = CARTESIAN_POINT('',(-1.488137794337,41.774922029936));
#2076 = CARTESIAN_POINT('',(-1.515054861988,41.792047379763));
#2077 = CARTESIAN_POINT('',(-1.542688035237,41.804597509953));
#2078 = CARTESIAN_POINT('',(-1.570796326795,41.812401413426));
#2079 = ( GEOMETRIC_REPRESENTATION_CONTEXT(2) 
PARAMETRIC_REPRESENTATION_CONTEXT() REPRESENTATION_CONTEXT('2D SPACE',''
  ) );
#2080 = PCURVE('',#718,#2081);
#2081 = DEFINITIONAL_REPRESENTATION('',(#2082),#2125);
#2082 = B_SPLINE_CURVE_WITH_KNOTS('',6,(#2083,#2084,#2085,#2086,#2087,
    #2088,#2089,#2090,#2091,#2092,#2093,#2094,#2095,#2096,#2097,#2098,
    #2099,#2100,#2101,#2102,#2103,#2104,#2105,#2106,#2107,#2108,#2109,
    #2110,#2111,#2112,#2113,#2114,#2115,#2116,#2117,#2118,#2119,#2120,
    #2121,#2122,#2123,#2124),.UNSPECIFIED.,.F.,.F.,(7,5,5,5,5,5,5,5,7),(
    0.,0.137843357619,0.202531270602,0.383376185184,0.500000579075,
    0.616752720053,0.795921499158,0.861712736249,1.),.UNSPECIFIED.);
#2083 = CARTESIAN_POINT('',(3.279529650008,36.));
#2084 = CARTESIAN_POINT('',(3.35024559938,36.));
#2085 = CARTESIAN_POINT('',(3.420603876698,35.998116006385));
#2086 = CARTESIAN_POINT('',(3.490522760635,35.994467064044));
#2087 = CARTESIAN_POINT('',(3.559900818582,35.989279958557));
#2088 = CARTESIAN_POINT('',(3.628603644086,35.982872644854));
#2089 = CARTESIAN_POINT('',(3.728263913225,35.972189320966));
#2090 = CARTESIAN_POINT('',(3.759931123978,35.968583686178));
#2091 = CARTESIAN_POINT('',(3.791439601025,35.964818377437));
#2092 = CARTESIAN_POINT('',(3.822793528187,35.960927287061));
#2093 = CARTESIAN_POINT('',(3.853996010465,35.956944462179));
#2094 = CARTESIAN_POINT('',(3.971862643561,35.941608670018));
#2095 = CARTESIAN_POINT('',(4.057504557496,35.929862787636));
#2096 = CARTESIAN_POINT('',(4.142194605354,35.918384363599));
#2097 = CARTESIAN_POINT('',(4.226134228509,35.907842355255));
#2098 = CARTESIAN_POINT('',(4.309519024031,35.898794344024));
#2099 = CARTESIAN_POINT('',(4.44609758613,35.88700012178));
#2100 = CARTESIAN_POINT('',(4.499499873364,35.883156895893));
#2101 = CARTESIAN_POINT('',(4.552792636707,35.880200238683));
#2102 = CARTESIAN_POINT('',(4.606012128746,35.878203653752));
#2103 = CARTESIAN_POINT('',(4.659197001605,35.877205369692));
#2104 = CARTESIAN_POINT('',(4.765639224165,35.877205369692));
#2105 = CARTESIAN_POINT('',(4.818882322317,35.878205841466));
#2106 = CARTESIAN_POINT('',(4.872160153575,35.880206801822));
#2107 = CARTESIAN_POINT('',(4.925511507679,35.883169853285));
#2108 = CARTESIAN_POINT('',(4.978972762643,35.887021173706));
#2109 = CARTESIAN_POINT('',(5.11484245495,35.898764854885));
#2110 = CARTESIAN_POINT('',(5.197452814676,35.90771727072));
#2111 = CARTESIAN_POINT('',(5.280606014414,35.918138075849));
#2112 = CARTESIAN_POINT('',(5.364492369792,35.929486403408));
#2113 = CARTESIAN_POINT('',(5.449308390305,35.941113690754));
#2114 = CARTESIAN_POINT('',(5.566833999332,35.956439323776));
#2115 = CARTESIAN_POINT('',(5.598552828572,35.960499252194));
#2116 = CARTESIAN_POINT('',(5.630427820711,35.964467036995));
#2117 = CARTESIAN_POINT('',(5.662462425136,35.968306895976));
#2118 = CARTESIAN_POINT('',(5.694661238413,35.971983186008));
#2119 = CARTESIAN_POINT('',(5.795066239214,35.982769200534));
#2120 = CARTESIAN_POINT('',(5.863982671232,35.989213003344));
#2121 = CARTESIAN_POINT('',(5.933578999708,35.994431701235));
#2122 = CARTESIAN_POINT('',(6.003719974591,35.998103804293));
#2123 = CARTESIAN_POINT('',(6.074303733728,36.));
#2124 = CARTESIAN_POINT('',(6.145248310761,36.));
#2125 = ( GEOMETRIC_REPRESENTATION_CONTEXT(2) 
PARAMETRIC_REPRESENTATION_CONTEXT() REPRESENTATION_CONTEXT('2D SPACE',''
  ) );
#2126 = ORIENTED_EDGE('',*,*,#1185,.T.);
#2127 = ORIENTED_EDGE('',*,*,#2128,.T.);
#2128 = EDGE_CURVE('',#1186,#527,#2129,.T.);
#2129 = SURFACE_CURVE('',#2130,(#2135,#2141),.PCURVE_S1.);
#2130 = CIRCLE('',#2131,2.);
#2131 = AXIS2_PLACEMENT_3D('',#2132,#2133,#2134);
#2132 = CARTESIAN_POINT('',(10.5,-10.36,15.5));
#2133 = DIRECTION('',(1.,6.123233995737E-17,0.));
#2134 = DIRECTION('',(6.123233995737E-17,-1.,0.));
#2135 = PCURVE('',#510,#2136);
#2136 = DEFINITIONAL_REPRESENTATION('',(#2137),#2140);
#2137 = B_SPLINE_CURVE_WITH_KNOTS('',1,(#2138,#2139),.UNSPECIFIED.,.F.,
  .F.,(2,2),(4.712388980385,6.28318530718),.PIECEWISE_BEZIER_KNOTS.);
#2138 = CARTESIAN_POINT('',(-1.570796326795,43.22));
#2139 = CARTESIAN_POINT('',(0.,43.22));
#2140 = ( GEOMETRIC_REPRESENTATION_CONTEXT(2) 
PARAMETRIC_REPRESENTATION_CONTEXT() REPRESENTATION_CONTEXT('2D SPACE',''
  ) );
#2141 = PCURVE('',#2142,#2147);
#2142 = SPHERICAL_SURFACE('',#2143,2.);
#2143 = AXIS2_PLACEMENT_3D('',#2144,#2145,#2146);
#2144 = CARTESIAN_POINT('',(10.5,-10.36,15.5));
#2145 = DIRECTION('',(-0.,-0.,-1.));
#2146 = DIRECTION('',(1.,0.,0.));
#2147 = DEFINITIONAL_REPRESENTATION('',(#2148),#2151);
#2148 = B_SPLINE_CURVE_WITH_KNOTS('',1,(#2149,#2150),.UNSPECIFIED.,.F.,
  .F.,(2,2),(4.712388980385,6.28318530718),.PIECEWISE_BEZIER_KNOTS.);
#2149 = CARTESIAN_POINT('',(1.570796326795,-1.570796326795));
#2150 = CARTESIAN_POINT('',(1.570796326795,0.));
#2151 = ( GEOMETRIC_REPRESENTATION_CONTEXT(2) 
PARAMETRIC_REPRESENTATION_CONTEXT() REPRESENTATION_CONTEXT('2D SPACE',''
  ) );
#2152 = ORIENTED_EDGE('',*,*,#526,.F.);
#2153 = ADVANCED_FACE('',(#2154),#565,.T.);
#2154 = FACE_BOUND('',#2155,.F.);
#2155 = EDGE_LOOP('',(#2156,#2186,#2208,#2209));
#2156 = ORIENTED_EDGE('',*,*,#2157,.F.);
#2157 = EDGE_CURVE('',#2158,#2160,#2162,.T.);
#2158 = VERTEX_POINT('',#2159);
#2159 = CARTESIAN_POINT('',(12.5,-10.36,-15.5));
#2160 = VERTEX_POINT('',#2161);
#2161 = CARTESIAN_POINT('',(12.5,-10.36,15.5));
#2162 = SURFACE_CURVE('',#2163,(#2167,#2174),.PCURVE_S1.);
#2163 = LINE('',#2164,#2165);
#2164 = CARTESIAN_POINT('',(12.5,-10.36,-17.5));
#2165 = VECTOR('',#2166,1.);
#2166 = DIRECTION('',(0.,0.,1.));
#2167 = PCURVE('',#565,#2168);
#2168 = DEFINITIONAL_REPRESENTATION('',(#2169),#2173);
#2169 = LINE('',#2170,#2171);
#2170 = CARTESIAN_POINT('',(-0.,0.));
#2171 = VECTOR('',#2172,1.);
#2172 = DIRECTION('',(-0.,1.));
#2173 = ( GEOMETRIC_REPRESENTATION_CONTEXT(2) 
PARAMETRIC_REPRESENTATION_CONTEXT() REPRESENTATION_CONTEXT('2D SPACE',''
  ) );
#2174 = PCURVE('',#2175,#2180);
#2175 = PLANE('',#2176);
#2176 = AXIS2_PLACEMENT_3D('',#2177,#2178,#2179);
#2177 = CARTESIAN_POINT('',(12.5,-12.36,-17.5));
#2178 = DIRECTION('',(1.,0.,-0.));
#2179 = DIRECTION('',(0.,0.,1.));
#2180 = DEFINITIONAL_REPRESENTATION('',(#2181),#2185);
#2181 = LINE('',#2182,#2183);
#2182 = CARTESIAN_POINT('',(0.,-2.));
#2183 = VECTOR('',#2184,1.);
#2184 = DIRECTION('',(1.,0.));
#2185 = ( GEOMETRIC_REPRESENTATION_CONTEXT(2) 
PARAMETRIC_REPRESENTATION_CONTEXT() REPRESENTATION_CONTEXT('2D SPACE',''
  ) );
#2186 = ORIENTED_EDGE('',*,*,#2187,.T.);
#2187 = EDGE_CURVE('',#2158,#550,#2188,.T.);
#2188 = SURFACE_CURVE('',#2189,(#2194,#2201),.PCURVE_S1.);
#2189 = CIRCLE('',#2190,2.);
#2190 = AXIS2_PLACEMENT_3D('',#2191,#2192,#2193);
#2191 = CARTESIAN_POINT('',(10.5,-10.36,-15.5));
#2192 = DIRECTION('',(0.,-0.,-1.));
#2193 = DIRECTION('',(1.,0.,-0.));
#2194 = PCURVE('',#565,#2195);
#2195 = DEFINITIONAL_REPRESENTATION('',(#2196),#2200);
#2196 = LINE('',#2197,#2198);
#2197 = CARTESIAN_POINT('',(-0.,2.));
#2198 = VECTOR('',#2199,1.);
#2199 = DIRECTION('',(-1.,0.));
#2200 = ( GEOMETRIC_REPRESENTATION_CONTEXT(2) 
PARAMETRIC_REPRESENTATION_CONTEXT() REPRESENTATION_CONTEXT('2D SPACE',''
  ) );
#2201 = PCURVE('',#1833,#2202);
#2202 = DEFINITIONAL_REPRESENTATION('',(#2203),#2207);
#2203 = LINE('',#2204,#2205);
#2204 = CARTESIAN_POINT('',(-0.,0.));
#2205 = VECTOR('',#2206,1.);
#2206 = DIRECTION('',(-1.,0.));
#2207 = ( GEOMETRIC_REPRESENTATION_CONTEXT(2) 
PARAMETRIC_REPRESENTATION_CONTEXT() REPRESENTATION_CONTEXT('2D SPACE',''
  ) );
#2208 = ORIENTED_EDGE('',*,*,#549,.T.);
#2209 = ORIENTED_EDGE('',*,*,#2210,.F.);
#2210 = EDGE_CURVE('',#2160,#527,#2211,.T.);
#2211 = SURFACE_CURVE('',#2212,(#2217,#2224),.PCURVE_S1.);
#2212 = CIRCLE('',#2213,2.);
#2213 = AXIS2_PLACEMENT_3D('',#2214,#2215,#2216);
#2214 = CARTESIAN_POINT('',(10.5,-10.36,15.5));
#2215 = DIRECTION('',(0.,0.,-1.));
#2216 = DIRECTION('',(1.,0.,0.));
#2217 = PCURVE('',#565,#2218);
#2218 = DEFINITIONAL_REPRESENTATION('',(#2219),#2223);
#2219 = LINE('',#2220,#2221);
#2220 = CARTESIAN_POINT('',(-0.,33.));
#2221 = VECTOR('',#2222,1.);
#2222 = DIRECTION('',(-1.,0.));
#2223 = ( GEOMETRIC_REPRESENTATION_CONTEXT(2) 
PARAMETRIC_REPRESENTATION_CONTEXT() REPRESENTATION_CONTEXT('2D SPACE',''
  ) );
#2224 = PCURVE('',#2142,#2225);
#2225 = DEFINITIONAL_REPRESENTATION('',(#2226),#2230);
#2226 = LINE('',#2227,#2228);
#2227 = CARTESIAN_POINT('',(0.,0.));
#2228 = VECTOR('',#2229,1.);
#2229 = DIRECTION('',(1.,0.));
#2230 = ( GEOMETRIC_REPRESENTATION_CONTEXT(2) 
PARAMETRIC_REPRESENTATION_CONTEXT() REPRESENTATION_CONTEXT('2D SPACE',''
  ) );
#2231 = ADVANCED_FACE('',(#2232),#821,.T.);
#2232 = FACE_BOUND('',#2233,.F.);
#2233 = EDGE_LOOP('',(#2234,#2235,#2236,#2374,#2375,#2513,#2514,#2539));
#2234 = ORIENTED_EDGE('',*,*,#1018,.F.);
#2235 = ORIENTED_EDGE('',*,*,#962,.T.);
#2236 = ORIENTED_EDGE('',*,*,#2237,.F.);
#2237 = EDGE_CURVE('',#887,#939,#2238,.T.);
#2238 = SURFACE_CURVE('',#2239,(#2282,#2328),.PCURVE_S1.);
#2239 = B_SPLINE_CURVE_WITH_KNOTS('',6,(#2240,#2241,#2242,#2243,#2244,
    #2245,#2246,#2247,#2248,#2249,#2250,#2251,#2252,#2253,#2254,#2255,
    #2256,#2257,#2258,#2259,#2260,#2261,#2262,#2263,#2264,#2265,#2266,
    #2267,#2268,#2269,#2270,#2271,#2272,#2273,#2274,#2275,#2276,#2277,
    #2278,#2279,#2280,#2281),.UNSPECIFIED.,.F.,.F.,(7,5,5,5,5,5,5,5,7),(
    0.,0.137843357618,0.202531270601,0.383376185185,0.500000579076,
    0.616752720055,0.795921499161,0.861712736253,1.),.UNSPECIFIED.);
#2240 = CARTESIAN_POINT('',(-27.70759858657,10.36,-17.5));
#2241 = CARTESIAN_POINT('',(-27.715377341,10.416035418234,-17.5));
#2242 = CARTESIAN_POINT('',(-27.72787187124,10.471127345583,
    -17.49811600638));
#2243 = CARTESIAN_POINT('',(-27.74491296746,10.524718964481,
    -17.49446706404));
#2244 = CARTESIAN_POINT('',(-27.76622558994,10.576279069368,
    -17.48927995855));
#2245 = CARTESIAN_POINT('',(-27.79142595092,10.62532295059,
    -17.48287264485));
#2246 = CARTESIAN_POINT('',(-27.83342736107,10.69309071477,
    -17.47218932096));
#2247 = CARTESIAN_POINT('',(-27.84760014226,10.714111619193,
    -17.46858368617));
#2248 = CARTESIAN_POINT('',(-27.86249238763,10.734482567685,
    -17.46481837743));
#2249 = CARTESIAN_POINT('',(-27.8780651864,10.754179776749,
    -17.46092728706));
#2250 = CARTESIAN_POINT('',(-27.89427890283,10.773181708221,
    -17.45694446217));
#2251 = CARTESIAN_POINT('',(-27.95810003895,10.842594172741,
    -17.44160867001));
#2252 = CARTESIAN_POINT('',(-28.00979864251,10.88813196183,
    -17.42986278763));
#2253 = CARTESIAN_POINT('',(-28.06540012072,10.927767737865,
    -17.41838436359));
#2254 = CARTESIAN_POINT('',(-28.12416914507,10.96128710087,
    -17.40784235525));
#2255 = CARTESIAN_POINT('',(-28.18541288687,10.98854406263,
    -17.39879434402));
#2256 = CARTESIAN_POINT('',(-28.28913462952,11.022897671177,
    -17.38700012178));
#2257 = CARTESIAN_POINT('',(-28.3305553374,11.033717009658,
    -17.38315689589));
#2258 = CARTESIAN_POINT('',(-28.37253959721,11.041852747532,
    -17.38020023868));
#2259 = CARTESIAN_POINT('',(-28.41489854553,11.047283778203,
    -17.37820365375));
#2260 = CARTESIAN_POINT('',(-28.45744641697,11.05,-17.37720536969));
#2261 = CARTESIAN_POINT('',(-28.54260019502,11.05,-17.37720536969));
#2262 = CARTESIAN_POINT('',(-28.5851946465,11.047277824345,
    -17.37820584146));
#2263 = CARTESIAN_POINT('',(-28.6275995538,11.04183489543,
    -17.38020680182));
#2264 = CARTESIAN_POINT('',(-28.66962854906,11.033681356513,
    -17.38316985328));
#2265 = CARTESIAN_POINT('',(-28.71109214954,11.022838402711,
    -17.3870211737));
#2266 = CARTESIAN_POINT('',(-28.81426352485,10.988626793258,
    -17.39876485488));
#2267 = CARTESIAN_POINT('',(-28.87494801187,10.961659028417,
    -17.40771727072));
#2268 = CARTESIAN_POINT('',(-28.93320715011,10.928543916545,
    -17.41813807584));
#2269 = CARTESIAN_POINT('',(-28.98836768394,10.889423463548,
    -17.4294864034));
#2270 = CARTESIAN_POINT('',(-29.03971576614,10.844504836032,
    -17.44111369075));
#2271 = CARTESIAN_POINT('',(-29.1036602883,10.775577699834,
    -17.45643932377));
#2272 = CARTESIAN_POINT('',(-29.12021696698,10.756324508857,
    -17.46049925219));
#2273 = CARTESIAN_POINT('',(-29.1361138001,10.73635055209,
    -17.46446703699));
#2274 = CARTESIAN_POINT('',(-29.15130918532,10.715678218521,
    -17.46830689597));
#2275 = CARTESIAN_POINT('',(-29.16576225482,10.694332276274,
    -17.471983186));
#2276 = CARTESIAN_POINT('',(-29.20816729006,10.62611381789,
    -17.48276920053));
#2277 = CARTESIAN_POINT('',(-29.23349939985,10.576943726478,
    -17.48921300334));
#2278 = CARTESIAN_POINT('',(-29.25492202993,10.525237201421,
    -17.49443170123));
#2279 = CARTESIAN_POINT('',(-29.27204737976,10.471482908159,
    -17.49810380429));
#2280 = CARTESIAN_POINT('',(-29.28459750995,10.416216583117,-17.5));
#2281 = CARTESIAN_POINT('',(-29.29240141342,10.36,-17.5));
#2282 = PCURVE('',#821,#2283);
#2283 = DEFINITIONAL_REPRESENTATION('',(#2284),#2327);
#2284 = B_SPLINE_CURVE_WITH_KNOTS('',6,(#2285,#2286,#2287,#2288,#2289,
    #2290,#2291,#2292,#2293,#2294,#2295,#2296,#2297,#2298,#2299,#2300,
    #2301,#2302,#2303,#2304,#2305,#2306,#2307,#2308,#2309,#2310,#2311,
    #2312,#2313,#2314,#2315,#2316,#2317,#2318,#2319,#2320,#2321,#2322,
    #2323,#2324,#2325,#2326),.UNSPECIFIED.,.F.,.F.,(7,5,5,5,5,5,5,5,7),(
    0.,0.137843357618,0.202531270601,0.383376185185,0.500000579076,
    0.616752720055,0.795921499161,0.861712736253,1.),.UNSPECIFIED.);
#2285 = CARTESIAN_POINT('',(-1.570796326795,5.012401413426));
#2286 = CARTESIAN_POINT('',(-1.542778617678,5.004622658995));
#2287 = CARTESIAN_POINT('',(-1.515232643463,4.992128128755));
#2288 = CARTESIAN_POINT('',(-1.488397297322,4.975087032533));
#2289 = CARTESIAN_POINT('',(-1.462505001508,4.95377441006));
#2290 = CARTESIAN_POINT('',(-1.43778331856,4.928574049074));
#2291 = CARTESIAN_POINT('',(-1.403480974357,4.886572638924));
#2292 = CARTESIAN_POINT('',(-1.392817992752,4.872399857731));
#2293 = CARTESIAN_POINT('',(-1.3824612399,4.857507612363));
#2294 = CARTESIAN_POINT('',(-1.372423359261,4.841934813599));
#2295 = CARTESIAN_POINT('',(-1.362716498771,4.825721097163));
#2296 = CARTESIAN_POINT('',(-1.327173297058,4.761899961043));
#2297 = CARTESIAN_POINT('',(-1.303673646976,4.710201357486));
#2298 = CARTESIAN_POINT('',(-1.283051701478,4.654599879275));
#2299 = CARTESIAN_POINT('',(-1.265486246744,4.595830854924));
#2300 = CARTESIAN_POINT('',(-1.251127215275,4.534587113129));
#2301 = CARTESIAN_POINT('',(-1.232966308783,4.430865370471));
#2302 = CARTESIAN_POINT('',(-1.227225781173,4.389444662598));
#2303 = CARTESIAN_POINT('',(-1.222897714728,4.347460402785));
#2304 = CARTESIAN_POINT('',(-1.220004450085,4.30510145447));
#2305 = CARTESIAN_POINT('',(-1.218557541698,4.262553583023));
#2306 = CARTESIAN_POINT('',(-1.218557541698,4.177399804976));
#2307 = CARTESIAN_POINT('',(-1.220007621475,4.1348053535));
#2308 = CARTESIAN_POINT('',(-1.222907225149,4.092400446195));
#2309 = CARTESIAN_POINT('',(-1.227244748208,4.050371450935));
#2310 = CARTESIAN_POINT('',(-1.232997755123,4.008907850453));
#2311 = CARTESIAN_POINT('',(-1.251083303698,3.905736475146));
#2312 = CARTESIAN_POINT('',(-1.265290053995,3.845051988129));
#2313 = CARTESIAN_POINT('',(-1.282644627481,3.786792849887));
#2314 = CARTESIAN_POINT('',(-1.303001377034,3.731632316051));
#2315 = CARTESIAN_POINT('',(-1.326187045784,3.680284233851));
#2316 = CARTESIAN_POINT('',(-1.361492233547,3.6163397117));
#2317 = CARTESIAN_POINT('',(-1.371329947492,3.599783033018));
#2318 = CARTESIAN_POINT('',(-1.381510971067,3.583886199894));
#2319 = CARTESIAN_POINT('',(-1.392022626982,3.568690814672));
#2320 = CARTESIAN_POINT('',(-1.402851715525,3.55423774518));
#2321 = CARTESIAN_POINT('',(-1.437384656949,3.511832709933));
#2322 = CARTESIAN_POINT('',(-1.462171221607,3.486500600148));
#2323 = CARTESIAN_POINT('',(-1.488137794338,3.465077970064));
#2324 = CARTESIAN_POINT('',(-1.515054861988,3.447952620237));
#2325 = CARTESIAN_POINT('',(-1.542688035236,3.435402490047));
#2326 = CARTESIAN_POINT('',(-1.570796326795,3.427598586574));
#2327 = ( GEOMETRIC_REPRESENTATION_CONTEXT(2) 
PARAMETRIC_REPRESENTATION_CONTEXT() REPRESENTATION_CONTEXT('2D SPACE',''
  ) );
#2328 = PCURVE('',#926,#2329);
#2329 = DEFINITIONAL_REPRESENTATION('',(#2330),#2373);
#2330 = B_SPLINE_CURVE_WITH_KNOTS('',6,(#2331,#2332,#2333,#2334,#2335,
    #2336,#2337,#2338,#2339,#2340,#2341,#2342,#2343,#2344,#2345,#2346,
    #2347,#2348,#2349,#2350,#2351,#2352,#2353,#2354,#2355,#2356,#2357,
    #2358,#2359,#2360,#2361,#2362,#2363,#2364,#2365,#2366,#2367,#2368,
    #2369,#2370,#2371,#2372),.UNSPECIFIED.,.F.,.F.,(7,5,5,5,5,5,5,5,7),(
    0.,0.137843357618,0.202531270601,0.383376185185,0.500000579076,
    0.616752720055,0.795921499161,0.861712736253,1.),.UNSPECIFIED.);
#2331 = CARTESIAN_POINT('',(0.137936996418,1.));
#2332 = CARTESIAN_POINT('',(0.20865294579,1.));
#2333 = CARTESIAN_POINT('',(0.279011223109,1.001883993615));
#2334 = CARTESIAN_POINT('',(0.348930107045,1.005532935956));
#2335 = CARTESIAN_POINT('',(0.418308164991,1.010720041442));
#2336 = CARTESIAN_POINT('',(0.487010990497,1.017127355146));
#2337 = CARTESIAN_POINT('',(0.586671259635,1.027810679034));
#2338 = CARTESIAN_POINT('',(0.618338470388,1.031416313822));
#2339 = CARTESIAN_POINT('',(0.649846947435,1.035181622563));
#2340 = CARTESIAN_POINT('',(0.681200874597,1.039072712939));
#2341 = CARTESIAN_POINT('',(0.712403356875,1.043055537821));
#2342 = CARTESIAN_POINT('',(0.830269989971,1.058391329982));
#2343 = CARTESIAN_POINT('',(0.915911903907,1.070137212364));
#2344 = CARTESIAN_POINT('',(1.000601951765,1.081615636401));
#2345 = CARTESIAN_POINT('',(1.08454157492,1.092157644745));
#2346 = CARTESIAN_POINT('',(1.167926370441,1.101205655976));
#2347 = CARTESIAN_POINT('',(1.30450493254,1.11299987822));
#2348 = CARTESIAN_POINT('',(1.357907219774,1.116843104107));
#2349 = CARTESIAN_POINT('',(1.411199983117,1.119799761317));
#2350 = CARTESIAN_POINT('',(1.464419475157,1.121796346248));
#2351 = CARTESIAN_POINT('',(1.517604348016,1.122794630308));
#2352 = CARTESIAN_POINT('',(1.624046570575,1.122794630308));
#2353 = CARTESIAN_POINT('',(1.677289668727,1.121794158534));
#2354 = CARTESIAN_POINT('',(1.730567499985,1.119793198178));
#2355 = CARTESIAN_POINT('',(1.783918854089,1.116830146715));
#2356 = CARTESIAN_POINT('',(1.837380109053,1.112978826294));
#2357 = CARTESIAN_POINT('',(1.97324980136,1.101235145115));
#2358 = CARTESIAN_POINT('',(2.055860161086,1.09228272928));
#2359 = CARTESIAN_POINT('',(2.139013360824,1.081861924151));
#2360 = CARTESIAN_POINT('',(2.222899716202,1.070513596592));
#2361 = CARTESIAN_POINT('',(2.307715736715,1.058886309246));
#2362 = CARTESIAN_POINT('',(2.425241345743,1.043560676224));
#2363 = CARTESIAN_POINT('',(2.456960174982,1.039500747806));
#2364 = CARTESIAN_POINT('',(2.488835167121,1.035532963005));
#2365 = CARTESIAN_POINT('',(2.520869771546,1.031693104024));
#2366 = CARTESIAN_POINT('',(2.553068584824,1.028016813992));
#2367 = CARTESIAN_POINT('',(2.653473585622,1.017230799467));
#2368 = CARTESIAN_POINT('',(2.722390017644,1.010786996656));
#2369 = CARTESIAN_POINT('',(2.791986346119,1.005568298765));
#2370 = CARTESIAN_POINT('',(2.862127321,1.001896195707));
#2371 = CARTESIAN_POINT('',(2.932711080137,1.));
#2372 = CARTESIAN_POINT('',(3.003655657171,1.));
#2373 = ( GEOMETRIC_REPRESENTATION_CONTEXT(2) 
PARAMETRIC_REPRESENTATION_CONTEXT() REPRESENTATION_CONTEXT('2D SPACE',''
  ) );
#2374 = ORIENTED_EDGE('',*,*,#886,.T.);
#2375 = ORIENTED_EDGE('',*,*,#2376,.F.);
#2376 = EDGE_CURVE('',#806,#863,#2377,.T.);
#2377 = SURFACE_CURVE('',#2378,(#2421,#2467),.PCURVE_S1.);
#2378 = B_SPLINE_CURVE_WITH_KNOTS('',6,(#2379,#2380,#2381,#2382,#2383,
    #2384,#2385,#2386,#2387,#2388,#2389,#2390,#2391,#2392,#2393,#2394,
    #2395,#2396,#2397,#2398,#2399,#2400,#2401,#2402,#2403,#2404,#2405,
    #2406,#2407,#2408,#2409,#2410,#2411,#2412,#2413,#2414,#2415,#2416,
    #2417,#2418,#2419,#2420),.UNSPECIFIED.,.F.,.F.,(7,5,5,5,5,5,5,5,7),(
    0.,0.13784335762,0.202531270603,0.383376185186,0.500000579076,
    0.616752720054,0.79592149916,0.861712736252,1.),.UNSPECIFIED.);
#2379 = CARTESIAN_POINT('',(9.092401413426,10.36,-17.5));
#2380 = CARTESIAN_POINT('',(9.084622658995,10.416035418234,-17.5));
#2381 = CARTESIAN_POINT('',(9.072128128755,10.471127345583,
    -17.49811600638));
#2382 = CARTESIAN_POINT('',(9.055087032533,10.524718964482,
    -17.49446706404));
#2383 = CARTESIAN_POINT('',(9.03377441006,10.576279069369,
    -17.48927995855));
#2384 = CARTESIAN_POINT('',(9.008574049074,10.625322950589,
    -17.48287264485));
#2385 = CARTESIAN_POINT('',(8.966572638924,10.69309071477,
    -17.47218932096));
#2386 = CARTESIAN_POINT('',(8.952399857731,10.714111619193,
    -17.46858368617));
#2387 = CARTESIAN_POINT('',(8.937507612363,10.734482567685,
    -17.46481837743));
#2388 = CARTESIAN_POINT('',(8.921934813599,10.754179776749,
    -17.46092728706));
#2389 = CARTESIAN_POINT('',(8.905721097163,10.773181708221,
    -17.45694446217));
#2390 = CARTESIAN_POINT('',(8.841899961043,10.842594172741,
    -17.44160867001));
#2391 = CARTESIAN_POINT('',(8.790201357486,10.88813196183,
    -17.42986278763));
#2392 = CARTESIAN_POINT('',(8.734599879276,10.927767737865,
    -17.41838436359));
#2393 = CARTESIAN_POINT('',(8.675830854924,10.96128710087,
    -17.40784235525));
#2394 = CARTESIAN_POINT('',(8.614587113129,10.98854406263,
    -17.39879434402));
#2395 = CARTESIAN_POINT('',(8.510865370471,11.022897671177,
    -17.38700012178));
#2396 = CARTESIAN_POINT('',(8.469444662598,11.033717009658,
    -17.38315689589));
#2397 = CARTESIAN_POINT('',(8.427460402785,11.041852747532,
    -17.38020023868));
#2398 = CARTESIAN_POINT('',(8.38510145447,11.047283778203,
    -17.37820365375));
#2399 = CARTESIAN_POINT('',(8.342553583023,11.05,-17.37720536969));
#2400 = CARTESIAN_POINT('',(8.257399804976,11.05,-17.37720536969));
#2401 = CARTESIAN_POINT('',(8.2148053535,11.047277824345,-17.37820584146
    ));
#2402 = CARTESIAN_POINT('',(8.172400446195,11.04183489543,
    -17.38020680182));
#2403 = CARTESIAN_POINT('',(8.130371450935,11.033681356513,
    -17.38316985328));
#2404 = CARTESIAN_POINT('',(8.088907850453,11.022838402711,
    -17.3870211737));
#2405 = CARTESIAN_POINT('',(7.985736475146,10.988626793258,
    -17.39876485488));
#2406 = CARTESIAN_POINT('',(7.925051988129,10.961659028417,
    -17.40771727072));
#2407 = CARTESIAN_POINT('',(7.866792849887,10.928543916545,
    -17.41813807584));
#2408 = CARTESIAN_POINT('',(7.811632316051,10.889423463548,
    -17.4294864034));
#2409 = CARTESIAN_POINT('',(7.760284233851,10.844504836032,
    -17.44111369075));
#2410 = CARTESIAN_POINT('',(7.6963397117,10.775577699834,-17.45643932377
    ));
#2411 = CARTESIAN_POINT('',(7.679783033018,10.756324508858,
    -17.46049925219));
#2412 = CARTESIAN_POINT('',(7.663886199894,10.73635055209,
    -17.46446703699));
#2413 = CARTESIAN_POINT('',(7.648690814672,10.715678218521,
    -17.46830689597));
#2414 = CARTESIAN_POINT('',(7.63423774518,10.694332276274,-17.471983186)
  );
#2415 = CARTESIAN_POINT('',(7.591832709933,10.62611381789,
    -17.48276920053));
#2416 = CARTESIAN_POINT('',(7.566500600148,10.576943726478,
    -17.48921300334));
#2417 = CARTESIAN_POINT('',(7.545077970064,10.525237201421,
    -17.49443170123));
#2418 = CARTESIAN_POINT('',(7.527952620237,10.471482908159,
    -17.49810380429));
#2419 = CARTESIAN_POINT('',(7.515402490047,10.416216583117,-17.5));
#2420 = CARTESIAN_POINT('',(7.507598586574,10.36,-17.5));
#2421 = PCURVE('',#821,#2422);
#2422 = DEFINITIONAL_REPRESENTATION('',(#2423),#2466);
#2423 = B_SPLINE_CURVE_WITH_KNOTS('',6,(#2424,#2425,#2426,#2427,#2428,
    #2429,#2430,#2431,#2432,#2433,#2434,#2435,#2436,#2437,#2438,#2439,
    #2440,#2441,#2442,#2443,#2444,#2445,#2446,#2447,#2448,#2449,#2450,
    #2451,#2452,#2453,#2454,#2455,#2456,#2457,#2458,#2459,#2460,#2461,
    #2462,#2463,#2464,#2465),.UNSPECIFIED.,.F.,.F.,(7,5,5,5,5,5,5,5,7),(
    0.,0.13784335762,0.202531270603,0.383376185186,0.500000579076,
    0.616752720054,0.79592149916,0.861712736252,1.),.UNSPECIFIED.);
#2424 = CARTESIAN_POINT('',(-1.570796326795,41.812401413426));
#2425 = CARTESIAN_POINT('',(-1.542778617678,41.804622658995));
#2426 = CARTESIAN_POINT('',(-1.515232643463,41.792128128755));
#2427 = CARTESIAN_POINT('',(-1.488397297322,41.775087032533));
#2428 = CARTESIAN_POINT('',(-1.462505001507,41.75377441006));
#2429 = CARTESIAN_POINT('',(-1.437783318561,41.728574049074));
#2430 = CARTESIAN_POINT('',(-1.403480974357,41.686572638924));
#2431 = CARTESIAN_POINT('',(-1.392817992752,41.672399857731));
#2432 = CARTESIAN_POINT('',(-1.3824612399,41.657507612363));
#2433 = CARTESIAN_POINT('',(-1.372423359261,41.641934813599));
#2434 = CARTESIAN_POINT('',(-1.362716498771,41.625721097163));
#2435 = CARTESIAN_POINT('',(-1.327173297058,41.561899961043));
#2436 = CARTESIAN_POINT('',(-1.303673646976,41.510201357486));
#2437 = CARTESIAN_POINT('',(-1.283051701478,41.454599879276));
#2438 = CARTESIAN_POINT('',(-1.265486246744,41.395830854924));
#2439 = CARTESIAN_POINT('',(-1.251127215275,41.334587113129));
#2440 = CARTESIAN_POINT('',(-1.232966308783,41.230865370471));
#2441 = CARTESIAN_POINT('',(-1.227225781173,41.189444662598));
#2442 = CARTESIAN_POINT('',(-1.222897714728,41.147460402785));
#2443 = CARTESIAN_POINT('',(-1.220004450085,41.10510145447));
#2444 = CARTESIAN_POINT('',(-1.218557541698,41.062553583023));
#2445 = CARTESIAN_POINT('',(-1.218557541698,40.977399804976));
#2446 = CARTESIAN_POINT('',(-1.220007621475,40.9348053535));
#2447 = CARTESIAN_POINT('',(-1.222907225149,40.892400446195));
#2448 = CARTESIAN_POINT('',(-1.227244748208,40.850371450935));
#2449 = CARTESIAN_POINT('',(-1.232997755123,40.808907850453));
#2450 = CARTESIAN_POINT('',(-1.251083303698,40.705736475146));
#2451 = CARTESIAN_POINT('',(-1.265290053995,40.645051988129));
#2452 = CARTESIAN_POINT('',(-1.282644627481,40.586792849887));
#2453 = CARTESIAN_POINT('',(-1.303001377034,40.531632316051));
#2454 = CARTESIAN_POINT('',(-1.326187045784,40.480284233851));
#2455 = CARTESIAN_POINT('',(-1.361492233547,40.4163397117));
#2456 = CARTESIAN_POINT('',(-1.371329947492,40.399783033018));
#2457 = CARTESIAN_POINT('',(-1.381510971067,40.383886199894));
#2458 = CARTESIAN_POINT('',(-1.392022626982,40.368690814672));
#2459 = CARTESIAN_POINT('',(-1.402851715525,40.35423774518));
#2460 = CARTESIAN_POINT('',(-1.437384656949,40.311832709933));
#2461 = CARTESIAN_POINT('',(-1.462171221607,40.286500600148));
#2462 = CARTESIAN_POINT('',(-1.488137794338,40.265077970064));
#2463 = CARTESIAN_POINT('',(-1.515054861988,40.247952620237));
#2464 = CARTESIAN_POINT('',(-1.542688035237,40.235402490047));
#2465 = CARTESIAN_POINT('',(-1.570796326795,40.227598586574));
#2466 = ( GEOMETRIC_REPRESENTATION_CONTEXT(2) 
PARAMETRIC_REPRESENTATION_CONTEXT() REPRESENTATION_CONTEXT('2D SPACE',''
  ) );
#2467 = PCURVE('',#850,#2468);
#2468 = DEFINITIONAL_REPRESENTATION('',(#2469),#2512);
#2469 = B_SPLINE_CURVE_WITH_KNOTS('',6,(#2470,#2471,#2472,#2473,#2474,
    #2475,#2476,#2477,#2478,#2479,#2480,#2481,#2482,#2483,#2484,#2485,
    #2486,#2487,#2488,#2489,#2490,#2491,#2492,#2493,#2494,#2495,#2496,
    #2497,#2498,#2499,#2500,#2501,#2502,#2503,#2504,#2505,#2506,#2507,
    #2508,#2509,#2510,#2511),.UNSPECIFIED.,.F.,.F.,(7,5,5,5,5,5,5,5,7),(
    0.,0.13784335762,0.202531270603,0.383376185186,0.500000579076,
    0.616752720054,0.79592149916,0.861712736252,1.),.UNSPECIFIED.);
#2470 = CARTESIAN_POINT('',(0.137936996418,1.));
#2471 = CARTESIAN_POINT('',(0.20865294579,1.));
#2472 = CARTESIAN_POINT('',(0.279011223108,1.001883993615));
#2473 = CARTESIAN_POINT('',(0.348930107046,1.005532935956));
#2474 = CARTESIAN_POINT('',(0.418308164992,1.010720041443));
#2475 = CARTESIAN_POINT('',(0.487010990496,1.017127355146));
#2476 = CARTESIAN_POINT('',(0.586671259635,1.027810679034));
#2477 = CARTESIAN_POINT('',(0.618338470388,1.031416313822));
#2478 = CARTESIAN_POINT('',(0.649846947435,1.035181622563));
#2479 = CARTESIAN_POINT('',(0.681200874597,1.039072712939));
#2480 = CARTESIAN_POINT('',(0.712403356875,1.043055537821));
#2481 = CARTESIAN_POINT('',(0.830269989971,1.058391329982));
#2482 = CARTESIAN_POINT('',(0.915911903907,1.070137212364));
#2483 = CARTESIAN_POINT('',(1.000601951765,1.081615636401));
#2484 = CARTESIAN_POINT('',(1.08454157492,1.092157644745));
#2485 = CARTESIAN_POINT('',(1.167926370441,1.101205655976));
#2486 = CARTESIAN_POINT('',(1.30450493254,1.11299987822));
#2487 = CARTESIAN_POINT('',(1.357907219774,1.116843104107));
#2488 = CARTESIAN_POINT('',(1.411199983117,1.119799761317));
#2489 = CARTESIAN_POINT('',(1.464419475157,1.121796346248));
#2490 = CARTESIAN_POINT('',(1.517604348016,1.122794630308));
#2491 = CARTESIAN_POINT('',(1.624046570575,1.122794630308));
#2492 = CARTESIAN_POINT('',(1.677289668727,1.121794158534));
#2493 = CARTESIAN_POINT('',(1.730567499985,1.119793198178));
#2494 = CARTESIAN_POINT('',(1.783918854089,1.116830146715));
#2495 = CARTESIAN_POINT('',(1.837380109053,1.112978826294));
#2496 = CARTESIAN_POINT('',(1.97324980136,1.101235145115));
#2497 = CARTESIAN_POINT('',(2.055860161086,1.09228272928));
#2498 = CARTESIAN_POINT('',(2.139013360824,1.081861924151));
#2499 = CARTESIAN_POINT('',(2.222899716202,1.070513596592));
#2500 = CARTESIAN_POINT('',(2.307715736715,1.058886309246));
#2501 = CARTESIAN_POINT('',(2.425241345742,1.043560676224));
#2502 = CARTESIAN_POINT('',(2.456960174982,1.039500747806));
#2503 = CARTESIAN_POINT('',(2.488835167121,1.035532963005));
#2504 = CARTESIAN_POINT('',(2.520869771546,1.031693104024));
#2505 = CARTESIAN_POINT('',(2.553068584824,1.028016813992));
#2506 = CARTESIAN_POINT('',(2.653473585623,1.017230799467));
#2507 = CARTESIAN_POINT('',(2.722390017644,1.010786996656));
#2508 = CARTESIAN_POINT('',(2.791986346119,1.005568298765));
#2509 = CARTESIAN_POINT('',(2.862127321,1.001896195707));
#2510 = CARTESIAN_POINT('',(2.932711080138,1.));
#2511 = CARTESIAN_POINT('',(3.003655657171,1.));
#2512 = ( GEOMETRIC_REPRESENTATION_CONTEXT(2) 
PARAMETRIC_REPRESENTATION_CONTEXT() REPRESENTATION_CONTEXT('2D SPACE',''
  ) );
#2513 = ORIENTED_EDGE('',*,*,#805,.T.);
#2514 = ORIENTED_EDGE('',*,*,#2515,.T.);
#2515 = EDGE_CURVE('',#778,#1488,#2516,.T.);
#2516 = SURFACE_CURVE('',#2517,(#2522,#2528),.PCURVE_S1.);
#2517 = CIRCLE('',#2518,2.);
#2518 = AXIS2_PLACEMENT_3D('',#2519,#2520,#2521);
#2519 = CARTESIAN_POINT('',(10.5,10.36,-15.5));
#2520 = DIRECTION('',(1.,-6.123233995737E-17,0.));
#2521 = DIRECTION('',(6.123233995737E-17,1.,0.));
#2522 = PCURVE('',#821,#2523);
#2523 = DEFINITIONAL_REPRESENTATION('',(#2524),#2527);
#2524 = B_SPLINE_CURVE_WITH_KNOTS('',1,(#2525,#2526),.UNSPECIFIED.,.F.,
  .F.,(2,2),(4.712388980385,6.28318530718),.PIECEWISE_BEZIER_KNOTS.);
#2525 = CARTESIAN_POINT('',(-1.570796326795,43.22));
#2526 = CARTESIAN_POINT('',(0.,43.22));
#2527 = ( GEOMETRIC_REPRESENTATION_CONTEXT(2) 
PARAMETRIC_REPRESENTATION_CONTEXT() REPRESENTATION_CONTEXT('2D SPACE',''
  ) );
#2528 = PCURVE('',#2529,#2534);
#2529 = SPHERICAL_SURFACE('',#2530,2.);
#2530 = AXIS2_PLACEMENT_3D('',#2531,#2532,#2533);
#2531 = CARTESIAN_POINT('',(10.5,10.36,-15.5));
#2532 = DIRECTION('',(0.,0.,1.));
#2533 = DIRECTION('',(1.,0.,-0.));
#2534 = DEFINITIONAL_REPRESENTATION('',(#2535),#2538);
#2535 = B_SPLINE_CURVE_WITH_KNOTS('',1,(#2536,#2537),.UNSPECIFIED.,.F.,
  .F.,(2,2),(4.712388980385,6.28318530718),.PIECEWISE_BEZIER_KNOTS.);
#2536 = CARTESIAN_POINT('',(1.570796326795,-1.570796326795));
#2537 = CARTESIAN_POINT('',(1.570796326795,0.));
#2538 = ( GEOMETRIC_REPRESENTATION_CONTEXT(2) 
PARAMETRIC_REPRESENTATION_CONTEXT() REPRESENTATION_CONTEXT('2D SPACE',''
  ) );
#2539 = ORIENTED_EDGE('',*,*,#1515,.F.);
#2540 = ADVANCED_FACE('',(#2541),#642,.F.);
#2541 = FACE_BOUND('',#2542,.F.);
#2542 = EDGE_LOOP('',(#2543,#2544,#2565,#2566,#2567,#2568,#2569,#2570));
#2543 = ORIENTED_EDGE('',*,*,#1066,.F.);
#2544 = ORIENTED_EDGE('',*,*,#2545,.F.);
#2545 = EDGE_CURVE('',#626,#1067,#2546,.T.);
#2546 = SEAM_CURVE('',#2547,(#2551,#2558),.PCURVE_S1.);
#2547 = LINE('',#2548,#2549);
#2548 = CARTESIAN_POINT('',(-27.7,-10.25,-18.5));
#2549 = VECTOR('',#2550,1.);
#2550 = DIRECTION('',(0.,0.,1.));
#2551 = PCURVE('',#642,#2552);
#2552 = DEFINITIONAL_REPRESENTATION('',(#2553),#2557);
#2553 = LINE('',#2554,#2555);
#2554 = CARTESIAN_POINT('',(6.28318530718,-0.));
#2555 = VECTOR('',#2556,1.);
#2556 = DIRECTION('',(0.,1.));
#2557 = ( GEOMETRIC_REPRESENTATION_CONTEXT(2) 
PARAMETRIC_REPRESENTATION_CONTEXT() REPRESENTATION_CONTEXT('2D SPACE',''
  ) );
#2558 = PCURVE('',#642,#2559);
#2559 = DEFINITIONAL_REPRESENTATION('',(#2560),#2564);
#2560 = LINE('',#2561,#2562);
#2561 = CARTESIAN_POINT('',(0.,-0.));
#2562 = VECTOR('',#2563,1.);
#2563 = DIRECTION('',(0.,1.));
#2564 = ( GEOMETRIC_REPRESENTATION_CONTEXT(2) 
PARAMETRIC_REPRESENTATION_CONTEXT() REPRESENTATION_CONTEXT('2D SPACE',''
  ) );
#2565 = ORIENTED_EDGE('',*,*,#625,.T.);
#2566 = ORIENTED_EDGE('',*,*,#1541,.T.);
#2567 = ORIENTED_EDGE('',*,*,#654,.T.);
#2568 = ORIENTED_EDGE('',*,*,#2545,.T.);
#2569 = ORIENTED_EDGE('',*,*,#1090,.F.);
#2570 = ORIENTED_EDGE('',*,*,#1850,.F.);
#2571 = ADVANCED_FACE('',(#2572),#926,.F.);
#2572 = FACE_BOUND('',#2573,.F.);
#2573 = EDGE_LOOP('',(#2574,#2575,#2596,#2597,#2598,#2599,#2600,#2601));
#2574 = ORIENTED_EDGE('',*,*,#1335,.F.);
#2575 = ORIENTED_EDGE('',*,*,#2576,.F.);
#2576 = EDGE_CURVE('',#910,#1336,#2577,.T.);
#2577 = SEAM_CURVE('',#2578,(#2582,#2589),.PCURVE_S1.);
#2578 = LINE('',#2579,#2580);
#2579 = CARTESIAN_POINT('',(-27.7,10.25,-18.5));
#2580 = VECTOR('',#2581,1.);
#2581 = DIRECTION('',(0.,0.,1.));
#2582 = PCURVE('',#926,#2583);
#2583 = DEFINITIONAL_REPRESENTATION('',(#2584),#2588);
#2584 = LINE('',#2585,#2586);
#2585 = CARTESIAN_POINT('',(6.28318530718,-0.));
#2586 = VECTOR('',#2587,1.);
#2587 = DIRECTION('',(0.,1.));
#2588 = ( GEOMETRIC_REPRESENTATION_CONTEXT(2) 
PARAMETRIC_REPRESENTATION_CONTEXT() REPRESENTATION_CONTEXT('2D SPACE',''
  ) );
#2589 = PCURVE('',#926,#2590);
#2590 = DEFINITIONAL_REPRESENTATION('',(#2591),#2595);
#2591 = LINE('',#2592,#2593);
#2592 = CARTESIAN_POINT('',(0.,-0.));
#2593 = VECTOR('',#2594,1.);
#2594 = DIRECTION('',(0.,1.));
#2595 = ( GEOMETRIC_REPRESENTATION_CONTEXT(2) 
PARAMETRIC_REPRESENTATION_CONTEXT() REPRESENTATION_CONTEXT('2D SPACE',''
  ) );
#2596 = ORIENTED_EDGE('',*,*,#909,.T.);
#2597 = ORIENTED_EDGE('',*,*,#2237,.T.);
#2598 = ORIENTED_EDGE('',*,*,#938,.T.);
#2599 = ORIENTED_EDGE('',*,*,#2576,.T.);
#2600 = ORIENTED_EDGE('',*,*,#1359,.F.);
#2601 = ORIENTED_EDGE('',*,*,#2602,.F.);
#2602 = EDGE_CURVE('',#1313,#1360,#2603,.T.);
#2603 = SURFACE_CURVE('',#2604,(#2647,#2693),.PCURVE_S1.);
#2604 = B_SPLINE_CURVE_WITH_KNOTS('',6,(#2605,#2606,#2607,#2608,#2609,
    #2610,#2611,#2612,#2613,#2614,#2615,#2616,#2617,#2618,#2619,#2620,
    #2621,#2622,#2623,#2624,#2625,#2626,#2627,#2628,#2629,#2630,#2631,
    #2632,#2633,#2634,#2635,#2636,#2637,#2638,#2639,#2640,#2641,#2642,
    #2643,#2644,#2645,#2646),.UNSPECIFIED.,.F.,.F.,(7,5,5,5,5,5,5,5,7),(
    0.,0.137843357619,0.202531270602,0.383376185185,0.500000579075,
    0.616752720054,0.795921499159,0.861712736251,1.),.UNSPECIFIED.);
#2605 = CARTESIAN_POINT('',(-27.70759858657,10.36,17.5));
#2606 = CARTESIAN_POINT('',(-27.715377341,10.416035418234,17.5));
#2607 = CARTESIAN_POINT('',(-27.72787187124,10.471127345583,
    17.498116006385));
#2608 = CARTESIAN_POINT('',(-27.74491296746,10.524718964481,
    17.494467064044));
#2609 = CARTESIAN_POINT('',(-27.76622558994,10.576279069369,
    17.489279958557));
#2610 = CARTESIAN_POINT('',(-27.79142595092,10.62532295059,
    17.482872644854));
#2611 = CARTESIAN_POINT('',(-27.83342736107,10.69309071477,
    17.472189320966));
#2612 = CARTESIAN_POINT('',(-27.84760014226,10.714111619193,
    17.468583686178));
#2613 = CARTESIAN_POINT('',(-27.86249238763,10.734482567685,
    17.464818377437));
#2614 = CARTESIAN_POINT('',(-27.8780651864,10.754179776749,
    17.460927287061));
#2615 = CARTESIAN_POINT('',(-27.89427890283,10.773181708221,
    17.456944462179));
#2616 = CARTESIAN_POINT('',(-27.95810003895,10.842594172741,
    17.441608670018));
#2617 = CARTESIAN_POINT('',(-28.00979864251,10.88813196183,
    17.429862787636));
#2618 = CARTESIAN_POINT('',(-28.06540012072,10.927767737865,
    17.418384363599));
#2619 = CARTESIAN_POINT('',(-28.12416914507,10.96128710087,
    17.407842355255));
#2620 = CARTESIAN_POINT('',(-28.18541288687,10.98854406263,
    17.398794344024));
#2621 = CARTESIAN_POINT('',(-28.28913462952,11.022897671177,
    17.38700012178));
#2622 = CARTESIAN_POINT('',(-28.3305553374,11.033717009658,
    17.383156895893));
#2623 = CARTESIAN_POINT('',(-28.37253959721,11.041852747532,
    17.380200238683));
#2624 = CARTESIAN_POINT('',(-28.41489854553,11.047283778203,
    17.378203653752));
#2625 = CARTESIAN_POINT('',(-28.45744641697,11.05,17.377205369692));
#2626 = CARTESIAN_POINT('',(-28.54260019502,11.05,17.377205369692));
#2627 = CARTESIAN_POINT('',(-28.5851946465,11.047277824345,
    17.378205841466));
#2628 = CARTESIAN_POINT('',(-28.6275995538,11.04183489543,
    17.380206801822));
#2629 = CARTESIAN_POINT('',(-28.66962854906,11.033681356513,
    17.383169853285));
#2630 = CARTESIAN_POINT('',(-28.71109214954,11.022838402711,
    17.387021173706));
#2631 = CARTESIAN_POINT('',(-28.81426352485,10.988626793258,
    17.398764854885));
#2632 = CARTESIAN_POINT('',(-28.87494801187,10.961659028417,
    17.40771727072));
#2633 = CARTESIAN_POINT('',(-28.93320715011,10.928543916545,
    17.418138075849));
#2634 = CARTESIAN_POINT('',(-28.98836768394,10.889423463548,
    17.429486403408));
#2635 = CARTESIAN_POINT('',(-29.03971576614,10.844504836032,
    17.441113690754));
#2636 = CARTESIAN_POINT('',(-29.1036602883,10.775577699834,
    17.456439323776));
#2637 = CARTESIAN_POINT('',(-29.12021696698,10.756324508857,
    17.460499252194));
#2638 = CARTESIAN_POINT('',(-29.1361138001,10.73635055209,
    17.464467036995));
#2639 = CARTESIAN_POINT('',(-29.15130918532,10.715678218521,
    17.468306895976));
#2640 = CARTESIAN_POINT('',(-29.16576225482,10.694332276274,
    17.471983186008));
#2641 = CARTESIAN_POINT('',(-29.20816729006,10.626113817889,
    17.482769200533));
#2642 = CARTESIAN_POINT('',(-29.23349939985,10.576943726479,
    17.489213003344));
#2643 = CARTESIAN_POINT('',(-29.25492202993,10.525237201421,
    17.494431701235));
#2644 = CARTESIAN_POINT('',(-29.27204737976,10.471482908159,
    17.498103804293));
#2645 = CARTESIAN_POINT('',(-29.28459750995,10.416216583116,17.5));
#2646 = CARTESIAN_POINT('',(-29.29240141342,10.36,17.5));
#2647 = PCURVE('',#926,#2648);
#2648 = DEFINITIONAL_REPRESENTATION('',(#2649),#2692);
#2649 = B_SPLINE_CURVE_WITH_KNOTS('',6,(#2650,#2651,#2652,#2653,#2654,
    #2655,#2656,#2657,#2658,#2659,#2660,#2661,#2662,#2663,#2664,#2665,
    #2666,#2667,#2668,#2669,#2670,#2671,#2672,#2673,#2674,#2675,#2676,
    #2677,#2678,#2679,#2680,#2681,#2682,#2683,#2684,#2685,#2686,#2687,
    #2688,#2689,#2690,#2691),.UNSPECIFIED.,.F.,.F.,(7,5,5,5,5,5,5,5,7),(
    0.,0.137843357619,0.202531270602,0.383376185185,0.500000579075,
    0.616752720054,0.795921499159,0.861712736251,1.),.UNSPECIFIED.);
#2650 = CARTESIAN_POINT('',(0.137936996418,36.));
#2651 = CARTESIAN_POINT('',(0.20865294579,36.));
#2652 = CARTESIAN_POINT('',(0.279011223108,35.998116006385));
#2653 = CARTESIAN_POINT('',(0.348930107045,35.994467064044));
#2654 = CARTESIAN_POINT('',(0.418308164992,35.989279958557));
#2655 = CARTESIAN_POINT('',(0.487010990497,35.982872644854));
#2656 = CARTESIAN_POINT('',(0.586671259635,35.972189320966));
#2657 = CARTESIAN_POINT('',(0.618338470388,35.968583686178));
#2658 = CARTESIAN_POINT('',(0.649846947435,35.964818377437));
#2659 = CARTESIAN_POINT('',(0.681200874597,35.960927287061));
#2660 = CARTESIAN_POINT('',(0.712403356875,35.956944462179));
#2661 = CARTESIAN_POINT('',(0.830269989971,35.941608670018));
#2662 = CARTESIAN_POINT('',(0.915911903907,35.929862787636));
#2663 = CARTESIAN_POINT('',(1.000601951765,35.918384363599));
#2664 = CARTESIAN_POINT('',(1.08454157492,35.907842355255));
#2665 = CARTESIAN_POINT('',(1.167926370441,35.898794344024));
#2666 = CARTESIAN_POINT('',(1.30450493254,35.88700012178));
#2667 = CARTESIAN_POINT('',(1.357907219774,35.883156895893));
#2668 = CARTESIAN_POINT('',(1.411199983117,35.880200238683));
#2669 = CARTESIAN_POINT('',(1.464419475157,35.878203653752));
#2670 = CARTESIAN_POINT('',(1.517604348016,35.877205369692));
#2671 = CARTESIAN_POINT('',(1.624046570575,35.877205369692));
#2672 = CARTESIAN_POINT('',(1.677289668727,35.878205841466));
#2673 = CARTESIAN_POINT('',(1.730567499985,35.880206801822));
#2674 = CARTESIAN_POINT('',(1.783918854089,35.883169853285));
#2675 = CARTESIAN_POINT('',(1.837380109053,35.887021173706));
#2676 = CARTESIAN_POINT('',(1.97324980136,35.898764854885));
#2677 = CARTESIAN_POINT('',(2.055860161086,35.90771727072));
#2678 = CARTESIAN_POINT('',(2.139013360824,35.918138075849));
#2679 = CARTESIAN_POINT('',(2.222899716202,35.929486403408));
#2680 = CARTESIAN_POINT('',(2.307715736715,35.941113690754));
#2681 = CARTESIAN_POINT('',(2.425241345743,35.956439323776));
#2682 = CARTESIAN_POINT('',(2.456960174982,35.960499252194));
#2683 = CARTESIAN_POINT('',(2.488835167121,35.964467036995));
#2684 = CARTESIAN_POINT('',(2.520869771546,35.968306895976));
#2685 = CARTESIAN_POINT('',(2.553068584824,35.971983186008));
#2686 = CARTESIAN_POINT('',(2.653473585623,35.982769200533));
#2687 = CARTESIAN_POINT('',(2.722390017643,35.989213003344));
#2688 = CARTESIAN_POINT('',(2.791986346119,35.994431701235));
#2689 = CARTESIAN_POINT('',(2.862127321,35.998103804293));
#2690 = CARTESIAN_POINT('',(2.932711080138,36.));
#2691 = CARTESIAN_POINT('',(3.003655657171,36.));
#2692 = ( GEOMETRIC_REPRESENTATION_CONTEXT(2) 
PARAMETRIC_REPRESENTATION_CONTEXT() REPRESENTATION_CONTEXT('2D SPACE',''
  ) );
#2693 = PCURVE('',#1252,#2694);
#2694 = DEFINITIONAL_REPRESENTATION('',(#2695),#2738);
#2695 = B_SPLINE_CURVE_WITH_KNOTS('',6,(#2696,#2697,#2698,#2699,#2700,
    #2701,#2702,#2703,#2704,#2705,#2706,#2707,#2708,#2709,#2710,#2711,
    #2712,#2713,#2714,#2715,#2716,#2717,#2718,#2719,#2720,#2721,#2722,
    #2723,#2724,#2725,#2726,#2727,#2728,#2729,#2730,#2731,#2732,#2733,
    #2734,#2735,#2736,#2737),.UNSPECIFIED.,.F.,.F.,(7,5,5,5,5,5,5,5,7),(
    0.,0.137843357619,0.202531270602,0.383376185185,0.500000579075,
    0.616752720054,0.795921499159,0.861712736251,1.),.UNSPECIFIED.);
#2696 = CARTESIAN_POINT('',(1.570796326795,5.012401413426));
#2697 = CARTESIAN_POINT('',(1.542778617678,5.004622658995));
#2698 = CARTESIAN_POINT('',(1.515232643463,4.992128128755));
#2699 = CARTESIAN_POINT('',(1.488397297322,4.975087032533));
#2700 = CARTESIAN_POINT('',(1.462505001507,4.95377441006));
#2701 = CARTESIAN_POINT('',(1.43778331856,4.928574049074));
#2702 = CARTESIAN_POINT('',(1.403480974357,4.886572638924));
#2703 = CARTESIAN_POINT('',(1.392817992752,4.872399857731));
#2704 = CARTESIAN_POINT('',(1.3824612399,4.857507612363));
#2705 = CARTESIAN_POINT('',(1.372423359261,4.841934813599));
#2706 = CARTESIAN_POINT('',(1.362716498771,4.825721097163));
#2707 = CARTESIAN_POINT('',(1.327173297058,4.761899961043));
#2708 = CARTESIAN_POINT('',(1.303673646976,4.710201357486));
#2709 = CARTESIAN_POINT('',(1.283051701478,4.654599879275));
#2710 = CARTESIAN_POINT('',(1.265486246744,4.595830854924));
#2711 = CARTESIAN_POINT('',(1.251127215275,4.534587113129));
#2712 = CARTESIAN_POINT('',(1.232966308783,4.430865370471));
#2713 = CARTESIAN_POINT('',(1.227225781173,4.389444662598));
#2714 = CARTESIAN_POINT('',(1.222897714728,4.347460402785));
#2715 = CARTESIAN_POINT('',(1.220004450085,4.30510145447));
#2716 = CARTESIAN_POINT('',(1.218557541698,4.262553583023));
#2717 = CARTESIAN_POINT('',(1.218557541698,4.177399804976));
#2718 = CARTESIAN_POINT('',(1.220007621475,4.1348053535));
#2719 = CARTESIAN_POINT('',(1.222907225149,4.092400446195));
#2720 = CARTESIAN_POINT('',(1.227244748208,4.050371450935));
#2721 = CARTESIAN_POINT('',(1.232997755123,4.008907850453));
#2722 = CARTESIAN_POINT('',(1.251083303698,3.905736475146));
#2723 = CARTESIAN_POINT('',(1.265290053995,3.845051988129));
#2724 = CARTESIAN_POINT('',(1.282644627481,3.786792849887));
#2725 = CARTESIAN_POINT('',(1.303001377034,3.731632316051));
#2726 = CARTESIAN_POINT('',(1.326187045784,3.680284233851));
#2727 = CARTESIAN_POINT('',(1.361492233547,3.6163397117));
#2728 = CARTESIAN_POINT('',(1.371329947492,3.599783033018));
#2729 = CARTESIAN_POINT('',(1.381510971067,3.583886199894));
#2730 = CARTESIAN_POINT('',(1.392022626982,3.568690814672));
#2731 = CARTESIAN_POINT('',(1.402851715525,3.55423774518));
#2732 = CARTESIAN_POINT('',(1.437384656949,3.511832709933));
#2733 = CARTESIAN_POINT('',(1.462171221606,3.486500600148));
#2734 = CARTESIAN_POINT('',(1.488137794338,3.465077970064));
#2735 = CARTESIAN_POINT('',(1.515054861988,3.447952620237));
#2736 = CARTESIAN_POINT('',(1.542688035237,3.435402490047));
#2737 = CARTESIAN_POINT('',(1.570796326795,3.427598586574));
#2738 = ( GEOMETRIC_REPRESENTATION_CONTEXT(2) 
PARAMETRIC_REPRESENTATION_CONTEXT() REPRESENTATION_CONTEXT('2D SPACE',''
  ) );
#2739 = ADVANCED_FACE('',(#2740),#718,.F.);
#2740 = FACE_BOUND('',#2741,.F.);
#2741 = EDGE_LOOP('',(#2742,#2743,#2764,#2765,#2766,#2767,#2768,#2769));
#2742 = ORIENTED_EDGE('',*,*,#1137,.F.);
#2743 = ORIENTED_EDGE('',*,*,#2744,.F.);
#2744 = EDGE_CURVE('',#702,#1138,#2745,.T.);
#2745 = SEAM_CURVE('',#2746,(#2750,#2757),.PCURVE_S1.);
#2746 = LINE('',#2747,#2748);
#2747 = CARTESIAN_POINT('',(9.1,-10.25,-18.5));
#2748 = VECTOR('',#2749,1.);
#2749 = DIRECTION('',(0.,0.,1.));
#2750 = PCURVE('',#718,#2751);
#2751 = DEFINITIONAL_REPRESENTATION('',(#2752),#2756);
#2752 = LINE('',#2753,#2754);
#2753 = CARTESIAN_POINT('',(6.28318530718,-0.));
#2754 = VECTOR('',#2755,1.);
#2755 = DIRECTION('',(0.,1.));
#2756 = ( GEOMETRIC_REPRESENTATION_CONTEXT(2) 
PARAMETRIC_REPRESENTATION_CONTEXT() REPRESENTATION_CONTEXT('2D SPACE',''
  ) );
#2757 = PCURVE('',#718,#2758);
#2758 = DEFINITIONAL_REPRESENTATION('',(#2759),#2763);
#2759 = LINE('',#2760,#2761);
#2760 = CARTESIAN_POINT('',(0.,-0.));
#2761 = VECTOR('',#2762,1.);
#2762 = DIRECTION('',(0.,1.));
#2763 = ( GEOMETRIC_REPRESENTATION_CONTEXT(2) 
PARAMETRIC_REPRESENTATION_CONTEXT() REPRESENTATION_CONTEXT('2D SPACE',''
  ) );
#2764 = ORIENTED_EDGE('',*,*,#701,.T.);
#2765 = ORIENTED_EDGE('',*,*,#1680,.T.);
#2766 = ORIENTED_EDGE('',*,*,#730,.T.);
#2767 = ORIENTED_EDGE('',*,*,#2744,.T.);
#2768 = ORIENTED_EDGE('',*,*,#1161,.F.);
#2769 = ORIENTED_EDGE('',*,*,#1989,.F.);
#2770 = ADVANCED_FACE('',(#2771),#850,.F.);
#2771 = FACE_BOUND('',#2772,.F.);
#2772 = EDGE_LOOP('',(#2773,#2774,#2795,#2796,#2797,#2798,#2799,#2800));
#2773 = ORIENTED_EDGE('',*,*,#1264,.F.);
#2774 = ORIENTED_EDGE('',*,*,#2775,.F.);
#2775 = EDGE_CURVE('',#834,#1265,#2776,.T.);
#2776 = SEAM_CURVE('',#2777,(#2781,#2788),.PCURVE_S1.);
#2777 = LINE('',#2778,#2779);
#2778 = CARTESIAN_POINT('',(9.1,10.25,-18.5));
#2779 = VECTOR('',#2780,1.);
#2780 = DIRECTION('',(0.,0.,1.));
#2781 = PCURVE('',#850,#2782);
#2782 = DEFINITIONAL_REPRESENTATION('',(#2783),#2787);
#2783 = LINE('',#2784,#2785);
#2784 = CARTESIAN_POINT('',(6.28318530718,-0.));
#2785 = VECTOR('',#2786,1.);
#2786 = DIRECTION('',(0.,1.));
#2787 = ( GEOMETRIC_REPRESENTATION_CONTEXT(2) 
PARAMETRIC_REPRESENTATION_CONTEXT() REPRESENTATION_CONTEXT('2D SPACE',''
  ) );
#2788 = PCURVE('',#850,#2789);
#2789 = DEFINITIONAL_REPRESENTATION('',(#2790),#2794);
#2790 = LINE('',#2791,#2792);
#2791 = CARTESIAN_POINT('',(0.,-0.));
#2792 = VECTOR('',#2793,1.);
#2793 = DIRECTION('',(0.,1.));
#2794 = ( GEOMETRIC_REPRESENTATION_CONTEXT(2) 
PARAMETRIC_REPRESENTATION_CONTEXT() REPRESENTATION_CONTEXT('2D SPACE',''
  ) );
#2795 = ORIENTED_EDGE('',*,*,#833,.T.);
#2796 = ORIENTED_EDGE('',*,*,#2376,.T.);
#2797 = ORIENTED_EDGE('',*,*,#862,.T.);
#2798 = ORIENTED_EDGE('',*,*,#2775,.T.);
#2799 = ORIENTED_EDGE('',*,*,#1288,.F.);
#2800 = ORIENTED_EDGE('',*,*,#2801,.F.);
#2801 = EDGE_CURVE('',#1237,#1289,#2802,.T.);
#2802 = SURFACE_CURVE('',#2803,(#2846,#2892),.PCURVE_S1.);
#2803 = B_SPLINE_CURVE_WITH_KNOTS('',6,(#2804,#2805,#2806,#2807,#2808,
    #2809,#2810,#2811,#2812,#2813,#2814,#2815,#2816,#2817,#2818,#2819,
    #2820,#2821,#2822,#2823,#2824,#2825,#2826,#2827,#2828,#2829,#2830,
    #2831,#2832,#2833,#2834,#2835,#2836,#2837,#2838,#2839,#2840,#2841,
    #2842,#2843,#2844,#2845),.UNSPECIFIED.,.F.,.F.,(7,5,5,5,5,5,5,5,7),(
    0.,0.137843357619,0.202531270602,0.383376185184,0.500000579074,
    0.616752720051,0.795921499156,0.861712736248,1.),.UNSPECIFIED.);
#2804 = CARTESIAN_POINT('',(9.092401413426,10.36,17.5));
#2805 = CARTESIAN_POINT('',(9.084622658995,10.416035418234,17.5));
#2806 = CARTESIAN_POINT('',(9.072128128755,10.471127345583,
    17.498116006385));
#2807 = CARTESIAN_POINT('',(9.055087032533,10.524718964481,
    17.494467064044));
#2808 = CARTESIAN_POINT('',(9.03377441006,10.576279069369,
    17.489279958557));
#2809 = CARTESIAN_POINT('',(9.008574049074,10.62532295059,
    17.482872644854));
#2810 = CARTESIAN_POINT('',(8.966572638924,10.69309071477,
    17.472189320966));
#2811 = CARTESIAN_POINT('',(8.952399857731,10.714111619193,
    17.468583686178));
#2812 = CARTESIAN_POINT('',(8.937507612363,10.734482567685,
    17.464818377437));
#2813 = CARTESIAN_POINT('',(8.921934813599,10.754179776749,
    17.460927287061));
#2814 = CARTESIAN_POINT('',(8.905721097163,10.773181708221,
    17.456944462179));
#2815 = CARTESIAN_POINT('',(8.841899961043,10.842594172741,
    17.441608670018));
#2816 = CARTESIAN_POINT('',(8.790201357486,10.88813196183,
    17.429862787636));
#2817 = CARTESIAN_POINT('',(8.734599879276,10.927767737865,
    17.418384363599));
#2818 = CARTESIAN_POINT('',(8.675830854924,10.96128710087,
    17.407842355255));
#2819 = CARTESIAN_POINT('',(8.614587113129,10.98854406263,
    17.398794344024));
#2820 = CARTESIAN_POINT('',(8.510865370471,11.022897671177,
    17.38700012178));
#2821 = CARTESIAN_POINT('',(8.469444662598,11.033717009658,
    17.383156895893));
#2822 = CARTESIAN_POINT('',(8.427460402785,11.041852747532,
    17.380200238683));
#2823 = CARTESIAN_POINT('',(8.38510145447,11.047283778203,
    17.378203653752));
#2824 = CARTESIAN_POINT('',(8.342553583023,11.05,17.377205369692));
#2825 = CARTESIAN_POINT('',(8.257399804976,11.05,17.377205369692));
#2826 = CARTESIAN_POINT('',(8.2148053535,11.047277824345,17.378205841466
    ));
#2827 = CARTESIAN_POINT('',(8.172400446195,11.04183489543,
    17.380206801822));
#2828 = CARTESIAN_POINT('',(8.130371450935,11.033681356513,
    17.383169853285));
#2829 = CARTESIAN_POINT('',(8.088907850453,11.022838402711,
    17.387021173706));
#2830 = CARTESIAN_POINT('',(7.985736475146,10.988626793258,
    17.398764854885));
#2831 = CARTESIAN_POINT('',(7.925051988129,10.961659028417,
    17.40771727072));
#2832 = CARTESIAN_POINT('',(7.866792849887,10.928543916545,
    17.418138075849));
#2833 = CARTESIAN_POINT('',(7.811632316051,10.889423463548,
    17.429486403408));
#2834 = CARTESIAN_POINT('',(7.760284233851,10.844504836032,
    17.441113690754));
#2835 = CARTESIAN_POINT('',(7.6963397117,10.775577699834,17.456439323776
    ));
#2836 = CARTESIAN_POINT('',(7.679783033018,10.756324508858,
    17.460499252194));
#2837 = CARTESIAN_POINT('',(7.663886199894,10.73635055209,
    17.464467036995));
#2838 = CARTESIAN_POINT('',(7.648690814672,10.715678218521,
    17.468306895976));
#2839 = CARTESIAN_POINT('',(7.63423774518,10.694332276275,
    17.471983186008));
#2840 = CARTESIAN_POINT('',(7.591832709932,10.626113817888,
    17.482769200534));
#2841 = CARTESIAN_POINT('',(7.566500600149,10.576943726479,
    17.489213003344));
#2842 = CARTESIAN_POINT('',(7.545077970064,10.525237201422,
    17.494431701235));
#2843 = CARTESIAN_POINT('',(7.527952620237,10.471482908158,
    17.498103804293));
#2844 = CARTESIAN_POINT('',(7.515402490047,10.416216583116,17.5));
#2845 = CARTESIAN_POINT('',(7.507598586574,10.36,17.5));
#2846 = PCURVE('',#850,#2847);
#2847 = DEFINITIONAL_REPRESENTATION('',(#2848),#2891);
#2848 = B_SPLINE_CURVE_WITH_KNOTS('',6,(#2849,#2850,#2851,#2852,#2853,
    #2854,#2855,#2856,#2857,#2858,#2859,#2860,#2861,#2862,#2863,#2864,
    #2865,#2866,#2867,#2868,#2869,#2870,#2871,#2872,#2873,#2874,#2875,
    #2876,#2877,#2878,#2879,#2880,#2881,#2882,#2883,#2884,#2885,#2886,
    #2887,#2888,#2889,#2890),.UNSPECIFIED.,.F.,.F.,(7,5,5,5,5,5,5,5,7),(
    0.,0.137843357619,0.202531270602,0.383376185184,0.500000579074,
    0.616752720051,0.795921499156,0.861712736248,1.),.UNSPECIFIED.);
#2849 = CARTESIAN_POINT('',(0.137936996418,36.));
#2850 = CARTESIAN_POINT('',(0.20865294579,36.));
#2851 = CARTESIAN_POINT('',(0.279011223108,35.998116006385));
#2852 = CARTESIAN_POINT('',(0.348930107045,35.994467064044));
#2853 = CARTESIAN_POINT('',(0.418308164992,35.989279958557));
#2854 = CARTESIAN_POINT('',(0.487010990497,35.982872644854));
#2855 = CARTESIAN_POINT('',(0.586671259635,35.972189320966));
#2856 = CARTESIAN_POINT('',(0.618338470388,35.968583686178));
#2857 = CARTESIAN_POINT('',(0.649846947435,35.964818377437));
#2858 = CARTESIAN_POINT('',(0.681200874597,35.960927287061));
#2859 = CARTESIAN_POINT('',(0.712403356875,35.956944462179));
#2860 = CARTESIAN_POINT('',(0.830269989971,35.941608670018));
#2861 = CARTESIAN_POINT('',(0.915911903907,35.929862787636));
#2862 = CARTESIAN_POINT('',(1.000601951765,35.918384363599));
#2863 = CARTESIAN_POINT('',(1.08454157492,35.907842355255));
#2864 = CARTESIAN_POINT('',(1.167926370441,35.898794344024));
#2865 = CARTESIAN_POINT('',(1.30450493254,35.88700012178));
#2866 = CARTESIAN_POINT('',(1.357907219774,35.883156895893));
#2867 = CARTESIAN_POINT('',(1.411199983117,35.880200238683));
#2868 = CARTESIAN_POINT('',(1.464419475157,35.878203653752));
#2869 = CARTESIAN_POINT('',(1.517604348016,35.877205369692));
#2870 = CARTESIAN_POINT('',(1.624046570575,35.877205369692));
#2871 = CARTESIAN_POINT('',(1.677289668727,35.878205841466));
#2872 = CARTESIAN_POINT('',(1.730567499985,35.880206801822));
#2873 = CARTESIAN_POINT('',(1.783918854089,35.883169853285));
#2874 = CARTESIAN_POINT('',(1.837380109053,35.887021173706));
#2875 = CARTESIAN_POINT('',(1.97324980136,35.898764854885));
#2876 = CARTESIAN_POINT('',(2.055860161086,35.90771727072));
#2877 = CARTESIAN_POINT('',(2.139013360824,35.918138075849));
#2878 = CARTESIAN_POINT('',(2.222899716202,35.929486403408));
#2879 = CARTESIAN_POINT('',(2.307715736715,35.941113690754));
#2880 = CARTESIAN_POINT('',(2.425241345742,35.956439323776));
#2881 = CARTESIAN_POINT('',(2.456960174982,35.960499252194));
#2882 = CARTESIAN_POINT('',(2.488835167121,35.964467036995));
#2883 = CARTESIAN_POINT('',(2.520869771546,35.968306895976));
#2884 = CARTESIAN_POINT('',(2.553068584824,35.971983186008));
#2885 = CARTESIAN_POINT('',(2.653473585625,35.982769200534));
#2886 = CARTESIAN_POINT('',(2.722390017642,35.989213003344));
#2887 = CARTESIAN_POINT('',(2.791986346117,35.994431701235));
#2888 = CARTESIAN_POINT('',(2.862127321001,35.998103804293));
#2889 = CARTESIAN_POINT('',(2.932711080138,36.));
#2890 = CARTESIAN_POINT('',(3.003655657171,36.));
#2891 = ( GEOMETRIC_REPRESENTATION_CONTEXT(2) 
PARAMETRIC_REPRESENTATION_CONTEXT() REPRESENTATION_CONTEXT('2D SPACE',''
  ) );
#2892 = PCURVE('',#1252,#2893);
#2893 = DEFINITIONAL_REPRESENTATION('',(#2894),#2937);
#2894 = B_SPLINE_CURVE_WITH_KNOTS('',6,(#2895,#2896,#2897,#2898,#2899,
    #2900,#2901,#2902,#2903,#2904,#2905,#2906,#2907,#2908,#2909,#2910,
    #2911,#2912,#2913,#2914,#2915,#2916,#2917,#2918,#2919,#2920,#2921,
    #2922,#2923,#2924,#2925,#2926,#2927,#2928,#2929,#2930,#2931,#2932,
    #2933,#2934,#2935,#2936),.UNSPECIFIED.,.F.,.F.,(7,5,5,5,5,5,5,5,7),(
    0.,0.137843357619,0.202531270602,0.383376185184,0.500000579074,
    0.616752720051,0.795921499156,0.861712736248,1.),.UNSPECIFIED.);
#2895 = CARTESIAN_POINT('',(1.570796326795,41.812401413426));
#2896 = CARTESIAN_POINT('',(1.542778617678,41.804622658995));
#2897 = CARTESIAN_POINT('',(1.515232643463,41.792128128755));
#2898 = CARTESIAN_POINT('',(1.488397297322,41.775087032533));
#2899 = CARTESIAN_POINT('',(1.462505001507,41.75377441006));
#2900 = CARTESIAN_POINT('',(1.43778331856,41.728574049074));
#2901 = CARTESIAN_POINT('',(1.403480974357,41.686572638924));
#2902 = CARTESIAN_POINT('',(1.392817992752,41.672399857731));
#2903 = CARTESIAN_POINT('',(1.3824612399,41.657507612363));
#2904 = CARTESIAN_POINT('',(1.372423359261,41.641934813599));
#2905 = CARTESIAN_POINT('',(1.362716498771,41.625721097163));
#2906 = CARTESIAN_POINT('',(1.327173297058,41.561899961043));
#2907 = CARTESIAN_POINT('',(1.303673646976,41.510201357486));
#2908 = CARTESIAN_POINT('',(1.283051701478,41.454599879276));
#2909 = CARTESIAN_POINT('',(1.265486246744,41.395830854924));
#2910 = CARTESIAN_POINT('',(1.251127215275,41.334587113129));
#2911 = CARTESIAN_POINT('',(1.232966308783,41.230865370471));
#2912 = CARTESIAN_POINT('',(1.227225781173,41.189444662598));
#2913 = CARTESIAN_POINT('',(1.222897714728,41.147460402785));
#2914 = CARTESIAN_POINT('',(1.220004450085,41.10510145447));
#2915 = CARTESIAN_POINT('',(1.218557541698,41.062553583023));
#2916 = CARTESIAN_POINT('',(1.218557541698,40.977399804976));
#2917 = CARTESIAN_POINT('',(1.220007621475,40.9348053535));
#2918 = CARTESIAN_POINT('',(1.222907225149,40.892400446195));
#2919 = CARTESIAN_POINT('',(1.227244748208,40.850371450935));
#2920 = CARTESIAN_POINT('',(1.232997755123,40.808907850453));
#2921 = CARTESIAN_POINT('',(1.251083303698,40.705736475146));
#2922 = CARTESIAN_POINT('',(1.265290053995,40.645051988129));
#2923 = CARTESIAN_POINT('',(1.282644627481,40.586792849887));
#2924 = CARTESIAN_POINT('',(1.303001377034,40.531632316051));
#2925 = CARTESIAN_POINT('',(1.326187045784,40.480284233851));
#2926 = CARTESIAN_POINT('',(1.361492233547,40.4163397117));
#2927 = CARTESIAN_POINT('',(1.371329947492,40.399783033018));
#2928 = CARTESIAN_POINT('',(1.381510971067,40.383886199894));
#2929 = CARTESIAN_POINT('',(1.392022626982,40.368690814672));
#2930 = CARTESIAN_POINT('',(1.402851715525,40.35423774518));
#2931 = CARTESIAN_POINT('',(1.43738465695,40.311832709932));
#2932 = CARTESIAN_POINT('',(1.462171221606,40.286500600149));
#2933 = CARTESIAN_POINT('',(1.488137794337,40.265077970064));
#2934 = CARTESIAN_POINT('',(1.515054861988,40.247952620237));
#2935 = CARTESIAN_POINT('',(1.542688035237,40.235402490047));
#2936 = CARTESIAN_POINT('',(1.570796326795,40.227598586574));
#2937 = ( GEOMETRIC_REPRESENTATION_CONTEXT(2) 
PARAMETRIC_REPRESENTATION_CONTEXT() REPRESENTATION_CONTEXT('2D SPACE',''
  ) );
#2938 = ADVANCED_FACE('',(#2939),#793,.T.);
#2939 = FACE_BOUND('',#2940,.T.);
#2940 = EDGE_LOOP('',(#2941,#2961,#2962,#2984));
#2941 = ORIENTED_EDGE('',*,*,#2942,.F.);
#2942 = EDGE_CURVE('',#755,#2158,#2943,.T.);
#2943 = SURFACE_CURVE('',#2944,(#2949,#2955),.PCURVE_S1.);
#2944 = CIRCLE('',#2945,2.);
#2945 = AXIS2_PLACEMENT_3D('',#2946,#2947,#2948);
#2946 = CARTESIAN_POINT('',(10.5,-10.36,-15.5));
#2947 = DIRECTION('',(0.,-1.,0.));
#2948 = DIRECTION('',(1.,0.,0.));
#2949 = PCURVE('',#793,#2950);
#2950 = DEFINITIONAL_REPRESENTATION('',(#2951),#2954);
#2951 = B_SPLINE_CURVE_WITH_KNOTS('',1,(#2952,#2953),.UNSPECIFIED.,.F.,
  .F.,(2,2),(4.712388980385,6.28318530718),.PIECEWISE_BEZIER_KNOTS.);
#2952 = CARTESIAN_POINT('',(1.570796326795,2.));
#2953 = CARTESIAN_POINT('',(0.,2.));
#2954 = ( GEOMETRIC_REPRESENTATION_CONTEXT(2) 
PARAMETRIC_REPRESENTATION_CONTEXT() REPRESENTATION_CONTEXT('2D SPACE',''
  ) );
#2955 = PCURVE('',#1833,#2956);
#2956 = DEFINITIONAL_REPRESENTATION('',(#2957),#2960);
#2957 = B_SPLINE_CURVE_WITH_KNOTS('',1,(#2958,#2959),.UNSPECIFIED.,.F.,
  .F.,(2,2),(4.712388980385,6.28318530718),.PIECEWISE_BEZIER_KNOTS.);
#2958 = CARTESIAN_POINT('',(0.,-1.570796326795));
#2959 = CARTESIAN_POINT('',(0.,0.));
#2960 = ( GEOMETRIC_REPRESENTATION_CONTEXT(2) 
PARAMETRIC_REPRESENTATION_CONTEXT() REPRESENTATION_CONTEXT('2D SPACE',''
  ) );
#2961 = ORIENTED_EDGE('',*,*,#777,.T.);
#2962 = ORIENTED_EDGE('',*,*,#2963,.T.);
#2963 = EDGE_CURVE('',#778,#2964,#2966,.T.);
#2964 = VERTEX_POINT('',#2965);
#2965 = CARTESIAN_POINT('',(12.5,10.36,-15.5));
#2966 = SURFACE_CURVE('',#2967,(#2972,#2978),.PCURVE_S1.);
#2967 = CIRCLE('',#2968,2.);
#2968 = AXIS2_PLACEMENT_3D('',#2969,#2970,#2971);
#2969 = CARTESIAN_POINT('',(10.5,10.36,-15.5));
#2970 = DIRECTION('',(0.,-1.,0.));
#2971 = DIRECTION('',(1.,0.,0.));
#2972 = PCURVE('',#793,#2973);
#2973 = DEFINITIONAL_REPRESENTATION('',(#2974),#2977);
#2974 = B_SPLINE_CURVE_WITH_KNOTS('',1,(#2975,#2976),.UNSPECIFIED.,.F.,
  .F.,(2,2),(4.712388980385,6.28318530718),.PIECEWISE_BEZIER_KNOTS.);
#2975 = CARTESIAN_POINT('',(1.570796326795,22.72));
#2976 = CARTESIAN_POINT('',(0.,22.72));
#2977 = ( GEOMETRIC_REPRESENTATION_CONTEXT(2) 
PARAMETRIC_REPRESENTATION_CONTEXT() REPRESENTATION_CONTEXT('2D SPACE',''
  ) );
#2978 = PCURVE('',#2529,#2979);
#2979 = DEFINITIONAL_REPRESENTATION('',(#2980),#2983);
#2980 = B_SPLINE_CURVE_WITH_KNOTS('',1,(#2981,#2982),.UNSPECIFIED.,.F.,
  .F.,(2,2),(4.712388980385,6.28318530718),.PIECEWISE_BEZIER_KNOTS.);
#2981 = CARTESIAN_POINT('',(0.,-1.570796326795));
#2982 = CARTESIAN_POINT('',(0.,0.));
#2983 = ( GEOMETRIC_REPRESENTATION_CONTEXT(2) 
PARAMETRIC_REPRESENTATION_CONTEXT() REPRESENTATION_CONTEXT('2D SPACE',''
  ) );
#2984 = ORIENTED_EDGE('',*,*,#2985,.F.);
#2985 = EDGE_CURVE('',#2158,#2964,#2986,.T.);
#2986 = SURFACE_CURVE('',#2987,(#2991,#2998),.PCURVE_S1.);
#2987 = LINE('',#2988,#2989);
#2988 = CARTESIAN_POINT('',(12.5,-12.36,-15.5));
#2989 = VECTOR('',#2990,1.);
#2990 = DIRECTION('',(-0.,1.,0.));
#2991 = PCURVE('',#793,#2992);
#2992 = DEFINITIONAL_REPRESENTATION('',(#2993),#2997);
#2993 = LINE('',#2994,#2995);
#2994 = CARTESIAN_POINT('',(0.,0.));
#2995 = VECTOR('',#2996,1.);
#2996 = DIRECTION('',(0.,1.));
#2997 = ( GEOMETRIC_REPRESENTATION_CONTEXT(2) 
PARAMETRIC_REPRESENTATION_CONTEXT() REPRESENTATION_CONTEXT('2D SPACE',''
  ) );
#2998 = PCURVE('',#2175,#2999);
#2999 = DEFINITIONAL_REPRESENTATION('',(#3000),#3004);
#3000 = LINE('',#3001,#3002);
#3001 = CARTESIAN_POINT('',(2.,0.));
#3002 = VECTOR('',#3003,1.);
#3003 = DIRECTION('',(0.,-1.));
#3004 = ( GEOMETRIC_REPRESENTATION_CONTEXT(2) 
PARAMETRIC_REPRESENTATION_CONTEXT() REPRESENTATION_CONTEXT('2D SPACE',''
  ) );
#3005 = ADVANCED_FACE('',(#3006),#1002,.T.);
#3006 = FACE_BOUND('',#3007,.T.);
#3007 = EDGE_LOOP('',(#3008,#3009,#3032,#3059));
#3008 = ORIENTED_EDGE('',*,*,#985,.F.);
#3009 = ORIENTED_EDGE('',*,*,#3010,.F.);
#3010 = EDGE_CURVE('',#3011,#986,#3013,.T.);
#3011 = VERTEX_POINT('',#3012);
#3012 = CARTESIAN_POINT('',(8.,-1.959434878636E-15,-18.25));
#3013 = SEAM_CURVE('',#3014,(#3018,#3025),.PCURVE_S1.);
#3014 = LINE('',#3015,#3016);
#3015 = CARTESIAN_POINT('',(8.,-1.959434878636E-15,-18.25));
#3016 = VECTOR('',#3017,1.);
#3017 = DIRECTION('',(0.,0.,1.));
#3018 = PCURVE('',#1002,#3019);
#3019 = DEFINITIONAL_REPRESENTATION('',(#3020),#3024);
#3020 = LINE('',#3021,#3022);
#3021 = CARTESIAN_POINT('',(6.28318530718,-0.));
#3022 = VECTOR('',#3023,1.);
#3023 = DIRECTION('',(0.,1.));
#3024 = ( GEOMETRIC_REPRESENTATION_CONTEXT(2) 
PARAMETRIC_REPRESENTATION_CONTEXT() REPRESENTATION_CONTEXT('2D SPACE',''
  ) );
#3025 = PCURVE('',#1002,#3026);
#3026 = DEFINITIONAL_REPRESENTATION('',(#3027),#3031);
#3027 = LINE('',#3028,#3029);
#3028 = CARTESIAN_POINT('',(0.,-0.));
#3029 = VECTOR('',#3030,1.);
#3030 = DIRECTION('',(0.,1.));
#3031 = ( GEOMETRIC_REPRESENTATION_CONTEXT(2) 
PARAMETRIC_REPRESENTATION_CONTEXT() REPRESENTATION_CONTEXT('2D SPACE',''
  ) );
#3032 = ORIENTED_EDGE('',*,*,#3033,.T.);
#3033 = EDGE_CURVE('',#3011,#3011,#3034,.T.);
#3034 = SURFACE_CURVE('',#3035,(#3040,#3047),.PCURVE_S1.);
#3035 = CIRCLE('',#3036,8.);
#3036 = AXIS2_PLACEMENT_3D('',#3037,#3038,#3039);
#3037 = CARTESIAN_POINT('',(0.,0.,-18.25));
#3038 = DIRECTION('',(0.,0.,1.));
#3039 = DIRECTION('',(1.,0.,-0.));
#3040 = PCURVE('',#1002,#3041);
#3041 = DEFINITIONAL_REPRESENTATION('',(#3042),#3046);
#3042 = LINE('',#3043,#3044);
#3043 = CARTESIAN_POINT('',(0.,0.));
#3044 = VECTOR('',#3045,1.);
#3045 = DIRECTION('',(1.,0.));
#3046 = ( GEOMETRIC_REPRESENTATION_CONTEXT(2) 
PARAMETRIC_REPRESENTATION_CONTEXT() REPRESENTATION_CONTEXT('2D SPACE',''
  ) );
#3047 = PCURVE('',#3048,#3053);
#3048 = PLANE('',#3049);
#3049 = AXIS2_PLACEMENT_3D('',#3050,#3051,#3052);
#3050 = CARTESIAN_POINT('',(0.,0.,-18.25));
#3051 = DIRECTION('',(0.,0.,1.));
#3052 = DIRECTION('',(1.,0.,-0.));
#3053 = DEFINITIONAL_REPRESENTATION('',(#3054),#3058);
#3054 = CIRCLE('',#3055,8.);
#3055 = AXIS2_PLACEMENT_2D('',#3056,#3057);
#3056 = CARTESIAN_POINT('',(0.,0.));
#3057 = DIRECTION('',(1.,0.));
#3058 = ( GEOMETRIC_REPRESENTATION_CONTEXT(2) 
PARAMETRIC_REPRESENTATION_CONTEXT() REPRESENTATION_CONTEXT('2D SPACE',''
  ) );
#3059 = ORIENTED_EDGE('',*,*,#3010,.T.);
#3060 = ADVANCED_FACE('',(#3061),#1252,.T.);
#3061 = FACE_BOUND('',#3062,.T.);
#3062 = EDGE_LOOP('',(#3063,#3064,#3065,#3066,#3067,#3068,#3069,#3070));
#3063 = ORIENTED_EDGE('',*,*,#1464,.F.);
#3064 = ORIENTED_EDGE('',*,*,#1439,.T.);
#3065 = ORIENTED_EDGE('',*,*,#1383,.T.);
#3066 = ORIENTED_EDGE('',*,*,#2602,.F.);
#3067 = ORIENTED_EDGE('',*,*,#1312,.T.);
#3068 = ORIENTED_EDGE('',*,*,#2801,.F.);
#3069 = ORIENTED_EDGE('',*,*,#1236,.T.);
#3070 = ORIENTED_EDGE('',*,*,#3071,.F.);
#3071 = EDGE_CURVE('',#1465,#1209,#3072,.T.);
#3072 = SURFACE_CURVE('',#3073,(#3078,#3084),.PCURVE_S1.);
#3073 = CIRCLE('',#3074,2.);
#3074 = AXIS2_PLACEMENT_3D('',#3075,#3076,#3077);
#3075 = CARTESIAN_POINT('',(10.5,10.36,15.5));
#3076 = DIRECTION('',(1.,0.,-6.123233995737E-17));
#3077 = DIRECTION('',(6.123233995737E-17,0.,1.));
#3078 = PCURVE('',#1252,#3079);
#3079 = DEFINITIONAL_REPRESENTATION('',(#3080),#3083);
#3080 = B_SPLINE_CURVE_WITH_KNOTS('',1,(#3081,#3082),.UNSPECIFIED.,.F.,
  .F.,(2,2),(4.712388980385,6.28318530718),.PIECEWISE_BEZIER_KNOTS.);
#3081 = CARTESIAN_POINT('',(0.,43.22));
#3082 = CARTESIAN_POINT('',(1.570796326795,43.22));
#3083 = ( GEOMETRIC_REPRESENTATION_CONTEXT(2) 
PARAMETRIC_REPRESENTATION_CONTEXT() REPRESENTATION_CONTEXT('2D SPACE',''
  ) );
#3084 = PCURVE('',#3085,#3090);
#3085 = SPHERICAL_SURFACE('',#3086,2.);
#3086 = AXIS2_PLACEMENT_3D('',#3087,#3088,#3089);
#3087 = CARTESIAN_POINT('',(10.5,10.36,15.5));
#3088 = DIRECTION('',(0.,-1.,-0.));
#3089 = DIRECTION('',(1.,0.,0.));
#3090 = DEFINITIONAL_REPRESENTATION('',(#3091),#3094);
#3091 = B_SPLINE_CURVE_WITH_KNOTS('',1,(#3092,#3093),.UNSPECIFIED.,.F.,
  .F.,(2,2),(4.712388980385,6.28318530718),.PIECEWISE_BEZIER_KNOTS.);
#3092 = CARTESIAN_POINT('',(1.570796326795,-1.570796326795));
#3093 = CARTESIAN_POINT('',(1.570796326795,0.));
#3094 = ( GEOMETRIC_REPRESENTATION_CONTEXT(2) 
PARAMETRIC_REPRESENTATION_CONTEXT() REPRESENTATION_CONTEXT('2D SPACE',''
  ) );
#3095 = ADVANCED_FACE('',(#3096),#1224,.T.);
#3096 = FACE_BOUND('',#3097,.F.);
#3097 = EDGE_LOOP('',(#3098,#3118,#3119,#3143));
#3098 = ORIENTED_EDGE('',*,*,#3099,.F.);
#3099 = EDGE_CURVE('',#1186,#2160,#3100,.T.);
#3100 = SURFACE_CURVE('',#3101,(#3106,#3112),.PCURVE_S1.);
#3101 = CIRCLE('',#3102,2.);
#3102 = AXIS2_PLACEMENT_3D('',#3103,#3104,#3105);
#3103 = CARTESIAN_POINT('',(10.5,-10.36,15.5));
#3104 = DIRECTION('',(-0.,1.,0.));
#3105 = DIRECTION('',(1.,0.,0.));
#3106 = PCURVE('',#1224,#3107);
#3107 = DEFINITIONAL_REPRESENTATION('',(#3108),#3111);
#3108 = B_SPLINE_CURVE_WITH_KNOTS('',1,(#3109,#3110),.UNSPECIFIED.,.F.,
  .F.,(2,2),(4.712388980385,6.28318530718),.PIECEWISE_BEZIER_KNOTS.);
#3109 = CARTESIAN_POINT('',(-1.570796326795,2.));
#3110 = CARTESIAN_POINT('',(0.,2.));
#3111 = ( GEOMETRIC_REPRESENTATION_CONTEXT(2) 
PARAMETRIC_REPRESENTATION_CONTEXT() REPRESENTATION_CONTEXT('2D SPACE',''
  ) );
#3112 = PCURVE('',#2142,#3113);
#3113 = DEFINITIONAL_REPRESENTATION('',(#3114),#3117);
#3114 = B_SPLINE_CURVE_WITH_KNOTS('',1,(#3115,#3116),.UNSPECIFIED.,.F.,
  .F.,(2,2),(4.712388980385,6.28318530718),.PIECEWISE_BEZIER_KNOTS.);
#3115 = CARTESIAN_POINT('',(0.,-1.570796326795));
#3116 = CARTESIAN_POINT('',(0.,0.));
#3117 = ( GEOMETRIC_REPRESENTATION_CONTEXT(2) 
PARAMETRIC_REPRESENTATION_CONTEXT() REPRESENTATION_CONTEXT('2D SPACE',''
  ) );
#3118 = ORIENTED_EDGE('',*,*,#1208,.T.);
#3119 = ORIENTED_EDGE('',*,*,#3120,.F.);
#3120 = EDGE_CURVE('',#3121,#1209,#3123,.T.);
#3121 = VERTEX_POINT('',#3122);
#3122 = CARTESIAN_POINT('',(12.5,10.36,15.5));
#3123 = SURFACE_CURVE('',#3124,(#3129,#3136),.PCURVE_S1.);
#3124 = CIRCLE('',#3125,2.);
#3125 = AXIS2_PLACEMENT_3D('',#3126,#3127,#3128);
#3126 = CARTESIAN_POINT('',(10.5,10.36,15.5));
#3127 = DIRECTION('',(0.,-1.,-0.));
#3128 = DIRECTION('',(1.,0.,0.));
#3129 = PCURVE('',#1224,#3130);
#3130 = DEFINITIONAL_REPRESENTATION('',(#3131),#3135);
#3131 = LINE('',#3132,#3133);
#3132 = CARTESIAN_POINT('',(-0.,22.72));
#3133 = VECTOR('',#3134,1.);
#3134 = DIRECTION('',(-1.,0.));
#3135 = ( GEOMETRIC_REPRESENTATION_CONTEXT(2) 
PARAMETRIC_REPRESENTATION_CONTEXT() REPRESENTATION_CONTEXT('2D SPACE',''
  ) );
#3136 = PCURVE('',#3085,#3137);
#3137 = DEFINITIONAL_REPRESENTATION('',(#3138),#3142);
#3138 = LINE('',#3139,#3140);
#3139 = CARTESIAN_POINT('',(0.,0.));
#3140 = VECTOR('',#3141,1.);
#3141 = DIRECTION('',(1.,0.));
#3142 = ( GEOMETRIC_REPRESENTATION_CONTEXT(2) 
PARAMETRIC_REPRESENTATION_CONTEXT() REPRESENTATION_CONTEXT('2D SPACE',''
  ) );
#3143 = ORIENTED_EDGE('',*,*,#3144,.F.);
#3144 = EDGE_CURVE('',#2160,#3121,#3145,.T.);
#3145 = SURFACE_CURVE('',#3146,(#3150,#3157),.PCURVE_S1.);
#3146 = LINE('',#3147,#3148);
#3147 = CARTESIAN_POINT('',(12.5,-12.36,15.5));
#3148 = VECTOR('',#3149,1.);
#3149 = DIRECTION('',(-0.,1.,0.));
#3150 = PCURVE('',#1224,#3151);
#3151 = DEFINITIONAL_REPRESENTATION('',(#3152),#3156);
#3152 = LINE('',#3153,#3154);
#3153 = CARTESIAN_POINT('',(-0.,0.));
#3154 = VECTOR('',#3155,1.);
#3155 = DIRECTION('',(-0.,1.));
#3156 = ( GEOMETRIC_REPRESENTATION_CONTEXT(2) 
PARAMETRIC_REPRESENTATION_CONTEXT() REPRESENTATION_CONTEXT('2D SPACE',''
  ) );
#3157 = PCURVE('',#2175,#3158);
#3158 = DEFINITIONAL_REPRESENTATION('',(#3159),#3163);
#3159 = LINE('',#3160,#3161);
#3160 = CARTESIAN_POINT('',(33.,0.));
#3161 = VECTOR('',#3162,1.);
#3162 = DIRECTION('',(0.,-1.));
#3163 = ( GEOMETRIC_REPRESENTATION_CONTEXT(2) 
PARAMETRIC_REPRESENTATION_CONTEXT() REPRESENTATION_CONTEXT('2D SPACE',''
  ) );
#3164 = ADVANCED_FACE('',(#3165),#1423,.T.);
#3165 = FACE_BOUND('',#3166,.T.);
#3166 = EDGE_LOOP('',(#3167,#3196,#3217,#3218));
#3167 = ORIENTED_EDGE('',*,*,#3168,.F.);
#3168 = EDGE_CURVE('',#3169,#3169,#3171,.T.);
#3169 = VERTEX_POINT('',#3170);
#3170 = CARTESIAN_POINT('',(8.,-1.959434878636E-15,18.25));
#3171 = SURFACE_CURVE('',#3172,(#3177,#3184),.PCURVE_S1.);
#3172 = CIRCLE('',#3173,8.);
#3173 = AXIS2_PLACEMENT_3D('',#3174,#3175,#3176);
#3174 = CARTESIAN_POINT('',(0.,0.,18.25));
#3175 = DIRECTION('',(0.,0.,1.));
#3176 = DIRECTION('',(1.,0.,-0.));
#3177 = PCURVE('',#1423,#3178);
#3178 = DEFINITIONAL_REPRESENTATION('',(#3179),#3183);
#3179 = LINE('',#3180,#3181);
#3180 = CARTESIAN_POINT('',(0.,0.75));
#3181 = VECTOR('',#3182,1.);
#3182 = DIRECTION('',(1.,0.));
#3183 = ( GEOMETRIC_REPRESENTATION_CONTEXT(2) 
PARAMETRIC_REPRESENTATION_CONTEXT() REPRESENTATION_CONTEXT('2D SPACE',''
  ) );
#3184 = PCURVE('',#3185,#3190);
#3185 = PLANE('',#3186);
#3186 = AXIS2_PLACEMENT_3D('',#3187,#3188,#3189);
#3187 = CARTESIAN_POINT('',(0.,0.,18.25));
#3188 = DIRECTION('',(0.,0.,1.));
#3189 = DIRECTION('',(1.,0.,-0.));
#3190 = DEFINITIONAL_REPRESENTATION('',(#3191),#3195);
#3191 = CIRCLE('',#3192,8.);
#3192 = AXIS2_PLACEMENT_2D('',#3193,#3194);
#3193 = CARTESIAN_POINT('',(0.,0.));
#3194 = DIRECTION('',(1.,0.));
#3195 = ( GEOMETRIC_REPRESENTATION_CONTEXT(2) 
PARAMETRIC_REPRESENTATION_CONTEXT() REPRESENTATION_CONTEXT('2D SPACE',''
  ) );
#3196 = ORIENTED_EDGE('',*,*,#3197,.F.);
#3197 = EDGE_CURVE('',#1407,#3169,#3198,.T.);
#3198 = SEAM_CURVE('',#3199,(#3203,#3210),.PCURVE_S1.);
#3199 = LINE('',#3200,#3201);
#3200 = CARTESIAN_POINT('',(8.,-1.959434878636E-15,17.5));
#3201 = VECTOR('',#3202,1.);
#3202 = DIRECTION('',(0.,0.,1.));
#3203 = PCURVE('',#1423,#3204);
#3204 = DEFINITIONAL_REPRESENTATION('',(#3205),#3209);
#3205 = LINE('',#3206,#3207);
#3206 = CARTESIAN_POINT('',(6.28318530718,-0.));
#3207 = VECTOR('',#3208,1.);
#3208 = DIRECTION('',(0.,1.));
#3209 = ( GEOMETRIC_REPRESENTATION_CONTEXT(2) 
PARAMETRIC_REPRESENTATION_CONTEXT() REPRESENTATION_CONTEXT('2D SPACE',''
  ) );
#3210 = PCURVE('',#1423,#3211);
#3211 = DEFINITIONAL_REPRESENTATION('',(#3212),#3216);
#3212 = LINE('',#3213,#3214);
#3213 = CARTESIAN_POINT('',(0.,-0.));
#3214 = VECTOR('',#3215,1.);
#3215 = DIRECTION('',(0.,1.));
#3216 = ( GEOMETRIC_REPRESENTATION_CONTEXT(2) 
PARAMETRIC_REPRESENTATION_CONTEXT() REPRESENTATION_CONTEXT('2D SPACE',''
  ) );
#3217 = ORIENTED_EDGE('',*,*,#1406,.T.);
#3218 = ORIENTED_EDGE('',*,*,#3197,.T.);
#3219 = ADVANCED_FACE('',(#3220),#1503,.T.);
#3220 = FACE_BOUND('',#3221,.T.);
#3221 = EDGE_LOOP('',(#3222,#3243,#3265,#3266));
#3222 = ORIENTED_EDGE('',*,*,#3223,.F.);
#3223 = EDGE_CURVE('',#2964,#3121,#3224,.T.);
#3224 = SURFACE_CURVE('',#3225,(#3229,#3236),.PCURVE_S1.);
#3225 = LINE('',#3226,#3227);
#3226 = CARTESIAN_POINT('',(12.5,10.36,-17.5));
#3227 = VECTOR('',#3228,1.);
#3228 = DIRECTION('',(0.,0.,1.));
#3229 = PCURVE('',#1503,#3230);
#3230 = DEFINITIONAL_REPRESENTATION('',(#3231),#3235);
#3231 = LINE('',#3232,#3233);
#3232 = CARTESIAN_POINT('',(0.,0.));
#3233 = VECTOR('',#3234,1.);
#3234 = DIRECTION('',(0.,1.));
#3235 = ( GEOMETRIC_REPRESENTATION_CONTEXT(2) 
PARAMETRIC_REPRESENTATION_CONTEXT() REPRESENTATION_CONTEXT('2D SPACE',''
  ) );
#3236 = PCURVE('',#2175,#3237);
#3237 = DEFINITIONAL_REPRESENTATION('',(#3238),#3242);
#3238 = LINE('',#3239,#3240);
#3239 = CARTESIAN_POINT('',(0.,-22.72));
#3240 = VECTOR('',#3241,1.);
#3241 = DIRECTION('',(1.,0.));
#3242 = ( GEOMETRIC_REPRESENTATION_CONTEXT(2) 
PARAMETRIC_REPRESENTATION_CONTEXT() REPRESENTATION_CONTEXT('2D SPACE',''
  ) );
#3243 = ORIENTED_EDGE('',*,*,#3244,.T.);
#3244 = EDGE_CURVE('',#2964,#1488,#3245,.T.);
#3245 = SURFACE_CURVE('',#3246,(#3251,#3258),.PCURVE_S1.);
#3246 = CIRCLE('',#3247,2.);
#3247 = AXIS2_PLACEMENT_3D('',#3248,#3249,#3250);
#3248 = CARTESIAN_POINT('',(10.5,10.36,-15.5));
#3249 = DIRECTION('',(0.,0.,1.));
#3250 = DIRECTION('',(1.,0.,-0.));
#3251 = PCURVE('',#1503,#3252);
#3252 = DEFINITIONAL_REPRESENTATION('',(#3253),#3257);
#3253 = LINE('',#3254,#3255);
#3254 = CARTESIAN_POINT('',(0.,2.));
#3255 = VECTOR('',#3256,1.);
#3256 = DIRECTION('',(1.,0.));
#3257 = ( GEOMETRIC_REPRESENTATION_CONTEXT(2) 
PARAMETRIC_REPRESENTATION_CONTEXT() REPRESENTATION_CONTEXT('2D SPACE',''
  ) );
#3258 = PCURVE('',#2529,#3259);
#3259 = DEFINITIONAL_REPRESENTATION('',(#3260),#3264);
#3260 = LINE('',#3261,#3262);
#3261 = CARTESIAN_POINT('',(0.,0.));
#3262 = VECTOR('',#3263,1.);
#3263 = DIRECTION('',(1.,0.));
#3264 = ( GEOMETRIC_REPRESENTATION_CONTEXT(2) 
PARAMETRIC_REPRESENTATION_CONTEXT() REPRESENTATION_CONTEXT('2D SPACE',''
  ) );
#3265 = ORIENTED_EDGE('',*,*,#1487,.T.);
#3266 = ORIENTED_EDGE('',*,*,#3267,.T.);
#3267 = EDGE_CURVE('',#1465,#3121,#3268,.T.);
#3268 = SURFACE_CURVE('',#3269,(#3274,#3280),.PCURVE_S1.);
#3269 = CIRCLE('',#3270,2.);
#3270 = AXIS2_PLACEMENT_3D('',#3271,#3272,#3273);
#3271 = CARTESIAN_POINT('',(10.5,10.36,15.5));
#3272 = DIRECTION('',(0.,0.,-1.));
#3273 = DIRECTION('',(1.,0.,0.));
#3274 = PCURVE('',#1503,#3275);
#3275 = DEFINITIONAL_REPRESENTATION('',(#3276),#3279);
#3276 = B_SPLINE_CURVE_WITH_KNOTS('',1,(#3277,#3278),.UNSPECIFIED.,.F.,
  .F.,(2,2),(4.712388980385,6.28318530718),.PIECEWISE_BEZIER_KNOTS.);
#3277 = CARTESIAN_POINT('',(1.570796326795,33.));
#3278 = CARTESIAN_POINT('',(0.,33.));
#3279 = ( GEOMETRIC_REPRESENTATION_CONTEXT(2) 
PARAMETRIC_REPRESENTATION_CONTEXT() REPRESENTATION_CONTEXT('2D SPACE',''
  ) );
#3280 = PCURVE('',#3085,#3281);
#3281 = DEFINITIONAL_REPRESENTATION('',(#3282),#3285);
#3282 = B_SPLINE_CURVE_WITH_KNOTS('',1,(#3283,#3284),.UNSPECIFIED.,.F.,
  .F.,(2,2),(4.712388980385,6.28318530718),.PIECEWISE_BEZIER_KNOTS.);
#3283 = CARTESIAN_POINT('',(0.,-1.570796326795));
#3284 = CARTESIAN_POINT('',(0.,0.));
#3285 = ( GEOMETRIC_REPRESENTATION_CONTEXT(2) 
PARAMETRIC_REPRESENTATION_CONTEXT() REPRESENTATION_CONTEXT('2D SPACE',''
  ) );
#3286 = ADVANCED_FACE('',(#3287),#1833,.T.);
#3287 = FACE_BOUND('',#3288,.F.);
#3288 = EDGE_LOOP('',(#3289,#3290,#3291));
#3289 = ORIENTED_EDGE('',*,*,#2942,.F.);
#3290 = ORIENTED_EDGE('',*,*,#1819,.T.);
#3291 = ORIENTED_EDGE('',*,*,#2187,.F.);
#3292 = ADVANCED_FACE('',(#3293),#2142,.T.);
#3293 = FACE_BOUND('',#3294,.T.);
#3294 = EDGE_LOOP('',(#3295,#3296,#3297));
#3295 = ORIENTED_EDGE('',*,*,#3099,.F.);
#3296 = ORIENTED_EDGE('',*,*,#2128,.T.);
#3297 = ORIENTED_EDGE('',*,*,#2210,.F.);
#3298 = ADVANCED_FACE('',(#3299),#2175,.T.);
#3299 = FACE_BOUND('',#3300,.T.);
#3300 = EDGE_LOOP('',(#3301,#3302,#3303,#3304));
#3301 = ORIENTED_EDGE('',*,*,#2157,.F.);
#3302 = ORIENTED_EDGE('',*,*,#2985,.T.);
#3303 = ORIENTED_EDGE('',*,*,#3223,.T.);
#3304 = ORIENTED_EDGE('',*,*,#3144,.F.);
#3305 = ADVANCED_FACE('',(#3306),#2529,.T.);
#3306 = FACE_BOUND('',#3307,.T.);
#3307 = EDGE_LOOP('',(#3308,#3309,#3310));
#3308 = ORIENTED_EDGE('',*,*,#2963,.F.);
#3309 = ORIENTED_EDGE('',*,*,#2515,.T.);
#3310 = ORIENTED_EDGE('',*,*,#3244,.F.);
#3311 = ADVANCED_FACE('',(#3312),#3048,.F.);
#3312 = FACE_BOUND('',#3313,.F.);
#3313 = EDGE_LOOP('',(#3314));
#3314 = ORIENTED_EDGE('',*,*,#3033,.T.);
#3315 = ADVANCED_FACE('',(#3316),#3085,.T.);
#3316 = FACE_BOUND('',#3317,.T.);
#3317 = EDGE_LOOP('',(#3318,#3319,#3320));
#3318 = ORIENTED_EDGE('',*,*,#3267,.F.);
#3319 = ORIENTED_EDGE('',*,*,#3071,.T.);
#3320 = ORIENTED_EDGE('',*,*,#3120,.F.);
#3321 = ADVANCED_FACE('',(#3322,#3325),#3185,.T.);
#3322 = FACE_BOUND('',#3323,.T.);
#3323 = EDGE_LOOP('',(#3324));
#3324 = ORIENTED_EDGE('',*,*,#3168,.T.);
#3325 = FACE_BOUND('',#3326,.T.);
#3326 = EDGE_LOOP('',(#3327));
#3327 = ORIENTED_EDGE('',*,*,#3328,.F.);
#3328 = EDGE_CURVE('',#3329,#3329,#3331,.T.);
#3329 = VERTEX_POINT('',#3330);
#3330 = CARTESIAN_POINT('',(1.25,-3.061616997868E-16,18.25));
#3331 = SURFACE_CURVE('',#3332,(#3337,#3344),.PCURVE_S1.);
#3332 = CIRCLE('',#3333,1.25);
#3333 = AXIS2_PLACEMENT_3D('',#3334,#3335,#3336);
#3334 = CARTESIAN_POINT('',(0.,0.,18.25));
#3335 = DIRECTION('',(0.,0.,1.));
#3336 = DIRECTION('',(1.,0.,-0.));
#3337 = PCURVE('',#3185,#3338);
#3338 = DEFINITIONAL_REPRESENTATION('',(#3339),#3343);
#3339 = CIRCLE('',#3340,1.25);
#3340 = AXIS2_PLACEMENT_2D('',#3341,#3342);
#3341 = CARTESIAN_POINT('',(0.,0.));
#3342 = DIRECTION('',(1.,0.));
#3343 = ( GEOMETRIC_REPRESENTATION_CONTEXT(2) 
PARAMETRIC_REPRESENTATION_CONTEXT() REPRESENTATION_CONTEXT('2D SPACE',''
  ) );
#3344 = PCURVE('',#3345,#3350);
#3345 = CYLINDRICAL_SURFACE('',#3346,1.25);
#3346 = AXIS2_PLACEMENT_3D('',#3347,#3348,#3349);
#3347 = CARTESIAN_POINT('',(0.,0.,11.5));
#3348 = DIRECTION('',(0.,0.,1.));
#3349 = DIRECTION('',(1.,0.,-0.));
#3350 = DEFINITIONAL_REPRESENTATION('',(#3351),#3355);
#3351 = LINE('',#3352,#3353);
#3352 = CARTESIAN_POINT('',(0.,6.75));
#3353 = VECTOR('',#3354,1.);
#3354 = DIRECTION('',(1.,0.));
#3355 = ( GEOMETRIC_REPRESENTATION_CONTEXT(2) 
PARAMETRIC_REPRESENTATION_CONTEXT() REPRESENTATION_CONTEXT('2D SPACE',''
  ) );
#3356 = ADVANCED_FACE('',(#3357),#3345,.F.);
#3357 = FACE_BOUND('',#3358,.F.);
#3358 = EDGE_LOOP('',(#3359,#3360,#3383,#3410));
#3359 = ORIENTED_EDGE('',*,*,#3328,.F.);
#3360 = ORIENTED_EDGE('',*,*,#3361,.F.);
#3361 = EDGE_CURVE('',#3362,#3329,#3364,.T.);
#3362 = VERTEX_POINT('',#3363);
#3363 = CARTESIAN_POINT('',(1.25,-3.061616997868E-16,11.5));
#3364 = SEAM_CURVE('',#3365,(#3369,#3376),.PCURVE_S1.);
#3365 = LINE('',#3366,#3367);
#3366 = CARTESIAN_POINT('',(1.25,-3.061616997868E-16,11.5));
#3367 = VECTOR('',#3368,1.);
#3368 = DIRECTION('',(0.,0.,1.));
#3369 = PCURVE('',#3345,#3370);
#3370 = DEFINITIONAL_REPRESENTATION('',(#3371),#3375);
#3371 = LINE('',#3372,#3373);
#3372 = CARTESIAN_POINT('',(6.28318530718,-0.));
#3373 = VECTOR('',#3374,1.);
#3374 = DIRECTION('',(0.,1.));
#3375 = ( GEOMETRIC_REPRESENTATION_CONTEXT(2) 
PARAMETRIC_REPRESENTATION_CONTEXT() REPRESENTATION_CONTEXT('2D SPACE',''
  ) );
#3376 = PCURVE('',#3345,#3377);
#3377 = DEFINITIONAL_REPRESENTATION('',(#3378),#3382);
#3378 = LINE('',#3379,#3380);
#3379 = CARTESIAN_POINT('',(0.,-0.));
#3380 = VECTOR('',#3381,1.);
#3381 = DIRECTION('',(0.,1.));
#3382 = ( GEOMETRIC_REPRESENTATION_CONTEXT(2) 
PARAMETRIC_REPRESENTATION_CONTEXT() REPRESENTATION_CONTEXT('2D SPACE',''
  ) );
#3383 = ORIENTED_EDGE('',*,*,#3384,.T.);
#3384 = EDGE_CURVE('',#3362,#3362,#3385,.T.);
#3385 = SURFACE_CURVE('',#3386,(#3391,#3398),.PCURVE_S1.);
#3386 = CIRCLE('',#3387,1.25);
#3387 = AXIS2_PLACEMENT_3D('',#3388,#3389,#3390);
#3388 = CARTESIAN_POINT('',(0.,0.,11.5));
#3389 = DIRECTION('',(0.,0.,1.));
#3390 = DIRECTION('',(1.,0.,-0.));
#3391 = PCURVE('',#3345,#3392);
#3392 = DEFINITIONAL_REPRESENTATION('',(#3393),#3397);
#3393 = LINE('',#3394,#3395);
#3394 = CARTESIAN_POINT('',(0.,0.));
#3395 = VECTOR('',#3396,1.);
#3396 = DIRECTION('',(1.,0.));
#3397 = ( GEOMETRIC_REPRESENTATION_CONTEXT(2) 
PARAMETRIC_REPRESENTATION_CONTEXT() REPRESENTATION_CONTEXT('2D SPACE',''
  ) );
#3398 = PCURVE('',#3399,#3404);
#3399 = PLANE('',#3400);
#3400 = AXIS2_PLACEMENT_3D('',#3401,#3402,#3403);
#3401 = CARTESIAN_POINT('',(0.,0.,11.5));
#3402 = DIRECTION('',(0.,0.,1.));
#3403 = DIRECTION('',(1.,0.,-0.));
#3404 = DEFINITIONAL_REPRESENTATION('',(#3405),#3409);
#3405 = CIRCLE('',#3406,1.25);
#3406 = AXIS2_PLACEMENT_2D('',#3407,#3408);
#3407 = CARTESIAN_POINT('',(0.,0.));
#3408 = DIRECTION('',(1.,0.));
#3409 = ( GEOMETRIC_REPRESENTATION_CONTEXT(2) 
PARAMETRIC_REPRESENTATION_CONTEXT() REPRESENTATION_CONTEXT('2D SPACE',''
  ) );
#3410 = ORIENTED_EDGE('',*,*,#3361,.T.);
#3411 = ADVANCED_FACE('',(#3412),#3399,.T.);
#3412 = FACE_BOUND('',#3413,.F.);
#3413 = EDGE_LOOP('',(#3414));
#3414 = ORIENTED_EDGE('',*,*,#3384,.F.);
#3415 = ( GEOMETRIC_REPRESENTATION_CONTEXT(3) 
GLOBAL_UNCERTAINTY_ASSIGNED_CONTEXT((#3419)) 
GLOBAL_UNIT_ASSIGNED_CONTEXT((#3416,#3417,#3418)) REPRESENTATION_CONTEXT
('Context #1','3D Context with UNIT and UNCERTAINTY') );
#3416 = ( LENGTH_UNIT() NAMED_UNIT(*) SI_UNIT(.MILLI.,.METRE.) );
#3417 = ( NAMED_UNIT(*) PLANE_ANGLE_UNIT() SI_UNIT($,.RADIAN.) );
#3418 = ( NAMED_UNIT(*) SI_UNIT($,.STERADIAN.) SOLID_ANGLE_UNIT() );
#3419 = UNCERTAINTY_MEASURE_WITH_UNIT(LENGTH_MEASURE(1.E-07),#3416,
  'distance_accuracy_value','confusion accuracy');
#3420 = PRODUCT_RELATED_PRODUCT_CATEGORY('part',$,(#7));
ENDSEC;
END-ISO-10303-21;
