ISO-10303-21;
HEADER;
FILE_DESCRIPTION(('Open CASCADE Model'),'2;1');
FILE_NAME('Open CASCADE Shape Model','2026-07-30T10:04:59',('Author'),(
    'Open CASCADE'),'Open CASCADE STEP processor 7.9','Open CASCADE 7.9'
  ,'Unknown');
FILE_SCHEMA(('AUTOMOTIVE_DESIGN { 1 0 10303 214 1 1 1 1 }'));
ENDSEC;
DATA;
#1 = APPLICATION_PROTOCOL_DEFINITION('international standard',
  'automotive_design',2000,#2);
#2 = APPLICATION_CONTEXT(
  'core data for automotive mechanical design processes');
#3 = SHAPE_DEFINITION_REPRESENTATION(#4,#10);
#4 = PRODUCT_DEFINITION_SHAPE('','',#5);
#5 = PRODUCT_DEFINITION('design','',#6,#9);
#6 = PRODUCT_DEFINITION_FORMATION('','',#7);
#7 = PRODUCT('ROUND_V1_STS3250_CHILD_OUTPUT_HUB_PAIR',
  'ROUND_V1_STS3250_CHILD_OUTPUT_HUB_PAIR','',(#8));
#8 = PRODUCT_CONTEXT('',#2,'mechanical');
#9 = PRODUCT_DEFINITION_CONTEXT('part definition',#2,'design');
#10 = SHAPE_REPRESENTATION('',(#11,#15,#19),#23);
#11 = AXIS2_PLACEMENT_3D('',#12,#13,#14);
#12 = CARTESIAN_POINT('',(0.,0.,0.));
#13 = DIRECTION('',(0.,0.,1.));
#14 = DIRECTION('',(1.,0.,-0.));
#15 = AXIS2_PLACEMENT_3D('',#16,#17,#18);
#16 = CARTESIAN_POINT('',(0.,0.,0.));
#17 = DIRECTION('',(0.,0.,1.));
#18 = DIRECTION('',(1.,0.,-0.));
#19 = AXIS2_PLACEMENT_3D('',#20,#21,#22);
#20 = CARTESIAN_POINT('',(0.,0.,0.));
#21 = DIRECTION('',(0.,0.,1.));
#22 = DIRECTION('',(1.,0.,-0.));
#23 = ( GEOMETRIC_REPRESENTATION_CONTEXT(3) 
GLOBAL_UNCERTAINTY_ASSIGNED_CONTEXT((#27)) GLOBAL_UNIT_ASSIGNED_CONTEXT(
(#24,#25,#26)) REPRESENTATION_CONTEXT('Context #1',
  '3D Context with UNIT and UNCERTAINTY') );
#24 = ( LENGTH_UNIT() NAMED_UNIT(*) SI_UNIT(.MILLI.,.METRE.) );
#25 = ( NAMED_UNIT(*) PLANE_ANGLE_UNIT() SI_UNIT($,.RADIAN.) );
#26 = ( NAMED_UNIT(*) SI_UNIT($,.STERADIAN.) SOLID_ANGLE_UNIT() );
#27 = UNCERTAINTY_MEASURE_WITH_UNIT(LENGTH_MEASURE(2.E-07),#24,
  'distance_accuracy_value','confusion accuracy');
#28 = PRODUCT_RELATED_PRODUCT_CATEGORY('part',$,(#7));
#29 = SHAPE_DEFINITION_REPRESENTATION(#30,#36);
#30 = PRODUCT_DEFINITION_SHAPE('','',#31);
#31 = PRODUCT_DEFINITION('design','',#32,#35);
#32 = PRODUCT_DEFINITION_FORMATION('','',#33);
#33 = PRODUCT('ROUND_V1_STS3250_CHILD_OUTPUT_ADAPTER_FRONT',
  'ROUND_V1_STS3250_CHILD_OUTPUT_ADAPTER_FRONT','',(#34));
#34 = PRODUCT_CONTEXT('',#2,'mechanical');
#35 = PRODUCT_DEFINITION_CONTEXT('part definition',#2,'design');
#36 = ADVANCED_BREP_SHAPE_REPRESENTATION('',(#11,#37),#6017);
#37 = MANIFOLD_SOLID_BREP('',#38);
#38 = CLOSED_SHELL('',(#39,#127,#1174,#1313,#1340,#1417,#1471,#1525,
    #1635,#1690,#1737,#1791,#1874,#1901,#1978,#2032,#2086,#2141,#2241,
    #2295,#2342,#2425,#2452,#2502,#2624,#2671,#2725,#2830,#2885,#2939,
    #2993,#3026,#3148,#3202,#3249,#3304,#3404,#3458,#3512,#3545,#3572,
    #3627,#3673,#3726,#3774,#3880,#4065,#4120,#4145,#4193,#4383,#4433,
    #4479,#4532,#4580,#4605,#4660,#4708,#4807,#4946,#5022,#5075,#5204,
    #5337,#5362,#5410,#5456,#5462,#5538,#5591,#5616,#5687,#5735,#5781,
    #5787,#5881,#5908,#5915,#5942,#5949,#5976,#5983,#6010));
#39 = ADVANCED_FACE('',(#40),#53,.T.);
#40 = FACE_BOUND('',#41,.T.);
#41 = EDGE_LOOP('',(#42,#76,#99,#126));
#42 = ORIENTED_EDGE('',*,*,#43,.F.);
#43 = EDGE_CURVE('',#44,#44,#46,.T.);
#44 = VERTEX_POINT('',#45);
#45 = CARTESIAN_POINT('',(18.5,-4.531193156845E-15,15.));
#46 = SURFACE_CURVE('',#47,(#52,#64),.PCURVE_S1.);
#47 = CIRCLE('',#48,18.5);
#48 = AXIS2_PLACEMENT_3D('',#49,#50,#51);
#49 = CARTESIAN_POINT('',(0.,0.,15.));
#50 = DIRECTION('',(0.,0.,1.));
#51 = DIRECTION('',(1.,0.,-0.));
#52 = PCURVE('',#53,#58);
#53 = CYLINDRICAL_SURFACE('',#54,18.5);
#54 = AXIS2_PLACEMENT_3D('',#55,#56,#57);
#55 = CARTESIAN_POINT('',(0.,0.,11.));
#56 = DIRECTION('',(0.,0.,1.));
#57 = DIRECTION('',(1.,0.,-0.));
#58 = DEFINITIONAL_REPRESENTATION('',(#59),#63);
#59 = LINE('',#60,#61);
#60 = CARTESIAN_POINT('',(0.,4.));
#61 = VECTOR('',#62,1.);
#62 = DIRECTION('',(1.,0.));
#63 = ( GEOMETRIC_REPRESENTATION_CONTEXT(2) 
PARAMETRIC_REPRESENTATION_CONTEXT() REPRESENTATION_CONTEXT('2D SPACE',''
  ) );
#64 = PCURVE('',#65,#70);
#65 = PLANE('',#66);
#66 = AXIS2_PLACEMENT_3D('',#67,#68,#69);
#67 = CARTESIAN_POINT('',(0.,0.,15.));
#68 = DIRECTION('',(0.,0.,1.));
#69 = DIRECTION('',(1.,0.,-0.));
#70 = DEFINITIONAL_REPRESENTATION('',(#71),#75);
#71 = CIRCLE('',#72,18.5);
#72 = AXIS2_PLACEMENT_2D('',#73,#74);
#73 = CARTESIAN_POINT('',(0.,0.));
#74 = DIRECTION('',(1.,0.));
#75 = ( GEOMETRIC_REPRESENTATION_CONTEXT(2) 
PARAMETRIC_REPRESENTATION_CONTEXT() REPRESENTATION_CONTEXT('2D SPACE',''
  ) );
#76 = ORIENTED_EDGE('',*,*,#77,.F.);
#77 = EDGE_CURVE('',#78,#44,#80,.T.);
#78 = VERTEX_POINT('',#79);
#79 = CARTESIAN_POINT('',(18.5,-4.531193156845E-15,11.));
#80 = SEAM_CURVE('',#81,(#85,#92),.PCURVE_S1.);
#81 = LINE('',#82,#83);
#82 = CARTESIAN_POINT('',(18.5,-4.531193156845E-15,11.));
#83 = VECTOR('',#84,1.);
#84 = DIRECTION('',(0.,0.,1.));
#85 = PCURVE('',#53,#86);
#86 = DEFINITIONAL_REPRESENTATION('',(#87),#91);
#87 = LINE('',#88,#89);
#88 = CARTESIAN_POINT('',(6.28318530718,-0.));
#89 = VECTOR('',#90,1.);
#90 = DIRECTION('',(0.,1.));
#91 = ( GEOMETRIC_REPRESENTATION_CONTEXT(2) 
PARAMETRIC_REPRESENTATION_CONTEXT() REPRESENTATION_CONTEXT('2D SPACE',''
  ) );
#92 = PCURVE('',#53,#93);
#93 = DEFINITIONAL_REPRESENTATION('',(#94),#98);
#94 = LINE('',#95,#96);
#95 = CARTESIAN_POINT('',(0.,-0.));
#96 = VECTOR('',#97,1.);
#97 = DIRECTION('',(0.,1.));
#98 = ( GEOMETRIC_REPRESENTATION_CONTEXT(2) 
PARAMETRIC_REPRESENTATION_CONTEXT() REPRESENTATION_CONTEXT('2D SPACE',''
  ) );
#99 = ORIENTED_EDGE('',*,*,#100,.T.);
#100 = EDGE_CURVE('',#78,#78,#101,.T.);
#101 = SURFACE_CURVE('',#102,(#107,#114),.PCURVE_S1.);
#102 = CIRCLE('',#103,18.5);
#103 = AXIS2_PLACEMENT_3D('',#104,#105,#106);
#104 = CARTESIAN_POINT('',(0.,0.,11.));
#105 = DIRECTION('',(0.,0.,1.));
#106 = DIRECTION('',(1.,0.,-0.));
#107 = PCURVE('',#53,#108);
#108 = DEFINITIONAL_REPRESENTATION('',(#109),#113);
#109 = LINE('',#110,#111);
#110 = CARTESIAN_POINT('',(0.,0.));
#111 = VECTOR('',#112,1.);
#112 = DIRECTION('',(1.,0.));
#113 = ( GEOMETRIC_REPRESENTATION_CONTEXT(2) 
PARAMETRIC_REPRESENTATION_CONTEXT() REPRESENTATION_CONTEXT('2D SPACE',''
  ) );
#114 = PCURVE('',#115,#120);
#115 = PLANE('',#116);
#116 = AXIS2_PLACEMENT_3D('',#117,#118,#119);
#117 = CARTESIAN_POINT('',(0.,0.,11.));
#118 = DIRECTION('',(0.,0.,1.));
#119 = DIRECTION('',(1.,0.,-0.));
#120 = DEFINITIONAL_REPRESENTATION('',(#121),#125);
#121 = CIRCLE('',#122,18.5);
#122 = AXIS2_PLACEMENT_2D('',#123,#124);
#123 = CARTESIAN_POINT('',(0.,0.));
#124 = DIRECTION('',(1.,0.));
#125 = ( GEOMETRIC_REPRESENTATION_CONTEXT(2) 
PARAMETRIC_REPRESENTATION_CONTEXT() REPRESENTATION_CONTEXT('2D SPACE',''
  ) );
#126 = ORIENTED_EDGE('',*,*,#77,.T.);
#127 = ADVANCED_FACE('',(#128,#131,#162,#384,#415,#637,#668,#699,#921,
    #1143),#65,.T.);
#128 = FACE_BOUND('',#129,.T.);
#129 = EDGE_LOOP('',(#130));
#130 = ORIENTED_EDGE('',*,*,#43,.T.);
#131 = FACE_BOUND('',#132,.T.);
#132 = EDGE_LOOP('',(#133));
#133 = ORIENTED_EDGE('',*,*,#134,.F.);
#134 = EDGE_CURVE('',#135,#135,#137,.T.);
#135 = VERTEX_POINT('',#136);
#136 = CARTESIAN_POINT('',(-8.553048327205,-10.2530483272,15.));
#137 = SURFACE_CURVE('',#138,(#143,#150),.PCURVE_S1.);
#138 = CIRCLE('',#139,1.7);
#139 = AXIS2_PLACEMENT_3D('',#140,#141,#142);
#140 = CARTESIAN_POINT('',(-10.2530483272,-10.2530483272,15.));
#141 = DIRECTION('',(0.,0.,1.));
#142 = DIRECTION('',(1.,0.,-0.));
#143 = PCURVE('',#65,#144);
#144 = DEFINITIONAL_REPRESENTATION('',(#145),#149);
#145 = CIRCLE('',#146,1.7);
#146 = AXIS2_PLACEMENT_2D('',#147,#148);
#147 = CARTESIAN_POINT('',(-10.2530483272,-10.2530483272));
#148 = DIRECTION('',(1.,0.));
#149 = ( GEOMETRIC_REPRESENTATION_CONTEXT(2) 
PARAMETRIC_REPRESENTATION_CONTEXT() REPRESENTATION_CONTEXT('2D SPACE',''
  ) );
#150 = PCURVE('',#151,#156);
#151 = CYLINDRICAL_SURFACE('',#152,1.7);
#152 = AXIS2_PLACEMENT_3D('',#153,#154,#155);
#153 = CARTESIAN_POINT('',(-10.2530483272,-10.2530483272,9.));
#154 = DIRECTION('',(0.,0.,1.));
#155 = DIRECTION('',(1.,0.,-0.));
#156 = DEFINITIONAL_REPRESENTATION('',(#157),#161);
#157 = LINE('',#158,#159);
#158 = CARTESIAN_POINT('',(0.,6.));
#159 = VECTOR('',#160,1.);
#160 = DIRECTION('',(1.,0.));
#161 = ( GEOMETRIC_REPRESENTATION_CONTEXT(2) 
PARAMETRIC_REPRESENTATION_CONTEXT() REPRESENTATION_CONTEXT('2D SPACE',''
  ) );
#162 = FACE_BOUND('',#163,.T.);
#163 = EDGE_LOOP('',(#164,#195,#221,#250,#276,#305,#331,#360));
#164 = ORIENTED_EDGE('',*,*,#165,.F.);
#165 = EDGE_CURVE('',#166,#168,#170,.T.);
#166 = VERTEX_POINT('',#167);
#167 = CARTESIAN_POINT('',(-1.7,-8.35,15.));
#168 = VERTEX_POINT('',#169);
#169 = CARTESIAN_POINT('',(-5.E-02,-10.,15.));
#170 = SURFACE_CURVE('',#171,(#176,#183),.PCURVE_S1.);
#171 = CIRCLE('',#172,1.65);
#172 = AXIS2_PLACEMENT_3D('',#173,#174,#175);
#173 = CARTESIAN_POINT('',(-5.E-02,-8.35,15.));
#174 = DIRECTION('',(0.,0.,1.));
#175 = DIRECTION('',(-1.,-0.,0.));
#176 = PCURVE('',#65,#177);
#177 = DEFINITIONAL_REPRESENTATION('',(#178),#182);
#178 = CIRCLE('',#179,1.65);
#179 = AXIS2_PLACEMENT_2D('',#180,#181);
#180 = CARTESIAN_POINT('',(-5.E-02,-8.35));
#181 = DIRECTION('',(-1.,0.));
#182 = ( GEOMETRIC_REPRESENTATION_CONTEXT(2) 
PARAMETRIC_REPRESENTATION_CONTEXT() REPRESENTATION_CONTEXT('2D SPACE',''
  ) );
#183 = PCURVE('',#184,#189);
#184 = CYLINDRICAL_SURFACE('',#185,1.65);
#185 = AXIS2_PLACEMENT_3D('',#186,#187,#188);
#186 = CARTESIAN_POINT('',(-5.E-02,-8.35,12.));
#187 = DIRECTION('',(0.,0.,1.));
#188 = DIRECTION('',(-1.,-0.,0.));
#189 = DEFINITIONAL_REPRESENTATION('',(#190),#194);
#190 = LINE('',#191,#192);
#191 = CARTESIAN_POINT('',(0.,3.));
#192 = VECTOR('',#193,1.);
#193 = DIRECTION('',(1.,0.));
#194 = ( GEOMETRIC_REPRESENTATION_CONTEXT(2) 
PARAMETRIC_REPRESENTATION_CONTEXT() REPRESENTATION_CONTEXT('2D SPACE',''
  ) );
#195 = ORIENTED_EDGE('',*,*,#196,.T.);
#196 = EDGE_CURVE('',#166,#197,#199,.T.);
#197 = VERTEX_POINT('',#198);
#198 = CARTESIAN_POINT('',(-1.7,-7.15,15.));
#199 = SURFACE_CURVE('',#200,(#204,#210),.PCURVE_S1.);
#200 = LINE('',#201,#202);
#201 = CARTESIAN_POINT('',(-1.7,-5.,15.));
#202 = VECTOR('',#203,1.);
#203 = DIRECTION('',(-0.,1.,0.));
#204 = PCURVE('',#65,#205);
#205 = DEFINITIONAL_REPRESENTATION('',(#206),#209);
#206 = B_SPLINE_CURVE_WITH_KNOTS('',1,(#207,#208),.UNSPECIFIED.,.F.,.F.,
  (2,2),(-3.35,-2.15),.PIECEWISE_BEZIER_KNOTS.);
#207 = CARTESIAN_POINT('',(-1.7,-8.35));
#208 = CARTESIAN_POINT('',(-1.7,-7.15));
#209 = ( GEOMETRIC_REPRESENTATION_CONTEXT(2) 
PARAMETRIC_REPRESENTATION_CONTEXT() REPRESENTATION_CONTEXT('2D SPACE',''
  ) );
#210 = PCURVE('',#211,#216);
#211 = PLANE('',#212);
#212 = AXIS2_PLACEMENT_3D('',#213,#214,#215);
#213 = CARTESIAN_POINT('',(-1.7,-10.,12.));
#214 = DIRECTION('',(1.,0.,-0.));
#215 = DIRECTION('',(0.,0.,1.));
#216 = DEFINITIONAL_REPRESENTATION('',(#217),#220);
#217 = B_SPLINE_CURVE_WITH_KNOTS('',1,(#218,#219),.UNSPECIFIED.,.F.,.F.,
  (2,2),(-3.35,-2.15),.PIECEWISE_BEZIER_KNOTS.);
#218 = CARTESIAN_POINT('',(3.,-1.65));
#219 = CARTESIAN_POINT('',(3.,-2.85));
#220 = ( GEOMETRIC_REPRESENTATION_CONTEXT(2) 
PARAMETRIC_REPRESENTATION_CONTEXT() REPRESENTATION_CONTEXT('2D SPACE',''
  ) );
#221 = ORIENTED_EDGE('',*,*,#222,.F.);
#222 = EDGE_CURVE('',#223,#197,#225,.T.);
#223 = VERTEX_POINT('',#224);
#224 = CARTESIAN_POINT('',(-5.E-02,-5.5,15.));
#225 = SURFACE_CURVE('',#226,(#231,#238),.PCURVE_S1.);
#226 = CIRCLE('',#227,1.65);
#227 = AXIS2_PLACEMENT_3D('',#228,#229,#230);
#228 = CARTESIAN_POINT('',(-5.E-02,-7.15,15.));
#229 = DIRECTION('',(0.,0.,1.));
#230 = DIRECTION('',(-1.,-0.,0.));
#231 = PCURVE('',#65,#232);
#232 = DEFINITIONAL_REPRESENTATION('',(#233),#237);
#233 = CIRCLE('',#234,1.65);
#234 = AXIS2_PLACEMENT_2D('',#235,#236);
#235 = CARTESIAN_POINT('',(-5.E-02,-7.15));
#236 = DIRECTION('',(-1.,0.));
#237 = ( GEOMETRIC_REPRESENTATION_CONTEXT(2) 
PARAMETRIC_REPRESENTATION_CONTEXT() REPRESENTATION_CONTEXT('2D SPACE',''
  ) );
#238 = PCURVE('',#239,#244);
#239 = CYLINDRICAL_SURFACE('',#240,1.65);
#240 = AXIS2_PLACEMENT_3D('',#241,#242,#243);
#241 = CARTESIAN_POINT('',(-5.E-02,-7.15,12.));
#242 = DIRECTION('',(0.,0.,1.));
#243 = DIRECTION('',(-1.,-0.,0.));
#244 = DEFINITIONAL_REPRESENTATION('',(#245),#249);
#245 = LINE('',#246,#247);
#246 = CARTESIAN_POINT('',(-6.28318530718,3.));
#247 = VECTOR('',#248,1.);
#248 = DIRECTION('',(1.,-0.));
#249 = ( GEOMETRIC_REPRESENTATION_CONTEXT(2) 
PARAMETRIC_REPRESENTATION_CONTEXT() REPRESENTATION_CONTEXT('2D SPACE',''
  ) );
#250 = ORIENTED_EDGE('',*,*,#251,.F.);
#251 = EDGE_CURVE('',#252,#223,#254,.T.);
#252 = VERTEX_POINT('',#253);
#253 = CARTESIAN_POINT('',(5.E-02,-5.5,15.));
#254 = SURFACE_CURVE('',#255,(#259,#265),.PCURVE_S1.);
#255 = LINE('',#256,#257);
#256 = CARTESIAN_POINT('',(-0.85,-5.5,15.));
#257 = VECTOR('',#258,1.);
#258 = DIRECTION('',(-1.,-0.,0.));
#259 = PCURVE('',#65,#260);
#260 = DEFINITIONAL_REPRESENTATION('',(#261),#264);
#261 = B_SPLINE_CURVE_WITH_KNOTS('',1,(#262,#263),.UNSPECIFIED.,.F.,.F.,
  (2,2),(-0.9,-0.8),.PIECEWISE_BEZIER_KNOTS.);
#262 = CARTESIAN_POINT('',(5.E-02,-5.5));
#263 = CARTESIAN_POINT('',(-5.E-02,-5.5));
#264 = ( GEOMETRIC_REPRESENTATION_CONTEXT(2) 
PARAMETRIC_REPRESENTATION_CONTEXT() REPRESENTATION_CONTEXT('2D SPACE',''
  ) );
#265 = PCURVE('',#266,#271);
#266 = PLANE('',#267);
#267 = AXIS2_PLACEMENT_3D('',#268,#269,#270);
#268 = CARTESIAN_POINT('',(-1.7,-5.5,12.));
#269 = DIRECTION('',(-0.,1.,0.));
#270 = DIRECTION('',(0.,0.,1.));
#271 = DEFINITIONAL_REPRESENTATION('',(#272),#275);
#272 = B_SPLINE_CURVE_WITH_KNOTS('',1,(#273,#274),.UNSPECIFIED.,.F.,.F.,
  (2,2),(-0.9,-0.8),.PIECEWISE_BEZIER_KNOTS.);
#273 = CARTESIAN_POINT('',(3.,1.75));
#274 = CARTESIAN_POINT('',(3.,1.65));
#275 = ( GEOMETRIC_REPRESENTATION_CONTEXT(2) 
PARAMETRIC_REPRESENTATION_CONTEXT() REPRESENTATION_CONTEXT('2D SPACE',''
  ) );
#276 = ORIENTED_EDGE('',*,*,#277,.F.);
#277 = EDGE_CURVE('',#278,#252,#280,.T.);
#278 = VERTEX_POINT('',#279);
#279 = CARTESIAN_POINT('',(1.7,-7.15,15.));
#280 = SURFACE_CURVE('',#281,(#286,#293),.PCURVE_S1.);
#281 = CIRCLE('',#282,1.65);
#282 = AXIS2_PLACEMENT_3D('',#283,#284,#285);
#283 = CARTESIAN_POINT('',(5.E-02,-7.15,15.));
#284 = DIRECTION('',(0.,0.,1.));
#285 = DIRECTION('',(1.,0.,-0.));
#286 = PCURVE('',#65,#287);
#287 = DEFINITIONAL_REPRESENTATION('',(#288),#292);
#288 = CIRCLE('',#289,1.65);
#289 = AXIS2_PLACEMENT_2D('',#290,#291);
#290 = CARTESIAN_POINT('',(5.E-02,-7.15));
#291 = DIRECTION('',(1.,0.));
#292 = ( GEOMETRIC_REPRESENTATION_CONTEXT(2) 
PARAMETRIC_REPRESENTATION_CONTEXT() REPRESENTATION_CONTEXT('2D SPACE',''
  ) );
#293 = PCURVE('',#294,#299);
#294 = CYLINDRICAL_SURFACE('',#295,1.65);
#295 = AXIS2_PLACEMENT_3D('',#296,#297,#298);
#296 = CARTESIAN_POINT('',(5.E-02,-7.15,12.));
#297 = DIRECTION('',(0.,0.,1.));
#298 = DIRECTION('',(1.,0.,-0.));
#299 = DEFINITIONAL_REPRESENTATION('',(#300),#304);
#300 = LINE('',#301,#302);
#301 = CARTESIAN_POINT('',(0.,3.));
#302 = VECTOR('',#303,1.);
#303 = DIRECTION('',(1.,0.));
#304 = ( GEOMETRIC_REPRESENTATION_CONTEXT(2) 
PARAMETRIC_REPRESENTATION_CONTEXT() REPRESENTATION_CONTEXT('2D SPACE',''
  ) );
#305 = ORIENTED_EDGE('',*,*,#306,.F.);
#306 = EDGE_CURVE('',#307,#278,#309,.T.);
#307 = VERTEX_POINT('',#308);
#308 = CARTESIAN_POINT('',(1.7,-8.35,15.));
#309 = SURFACE_CURVE('',#310,(#314,#320),.PCURVE_S1.);
#310 = LINE('',#311,#312);
#311 = CARTESIAN_POINT('',(1.7,-5.,15.));
#312 = VECTOR('',#313,1.);
#313 = DIRECTION('',(-0.,1.,0.));
#314 = PCURVE('',#65,#315);
#315 = DEFINITIONAL_REPRESENTATION('',(#316),#319);
#316 = B_SPLINE_CURVE_WITH_KNOTS('',1,(#317,#318),.UNSPECIFIED.,.F.,.F.,
  (2,2),(-3.35,-2.15),.PIECEWISE_BEZIER_KNOTS.);
#317 = CARTESIAN_POINT('',(1.7,-8.35));
#318 = CARTESIAN_POINT('',(1.7,-7.15));
#319 = ( GEOMETRIC_REPRESENTATION_CONTEXT(2) 
PARAMETRIC_REPRESENTATION_CONTEXT() REPRESENTATION_CONTEXT('2D SPACE',''
  ) );
#320 = PCURVE('',#321,#326);
#321 = PLANE('',#322);
#322 = AXIS2_PLACEMENT_3D('',#323,#324,#325);
#323 = CARTESIAN_POINT('',(1.7,-10.,12.));
#324 = DIRECTION('',(1.,0.,-0.));
#325 = DIRECTION('',(0.,0.,1.));
#326 = DEFINITIONAL_REPRESENTATION('',(#327),#330);
#327 = B_SPLINE_CURVE_WITH_KNOTS('',1,(#328,#329),.UNSPECIFIED.,.F.,.F.,
  (2,2),(-3.35,-2.15),.PIECEWISE_BEZIER_KNOTS.);
#328 = CARTESIAN_POINT('',(3.,-1.65));
#329 = CARTESIAN_POINT('',(3.,-2.85));
#330 = ( GEOMETRIC_REPRESENTATION_CONTEXT(2) 
PARAMETRIC_REPRESENTATION_CONTEXT() REPRESENTATION_CONTEXT('2D SPACE',''
  ) );
#331 = ORIENTED_EDGE('',*,*,#332,.F.);
#332 = EDGE_CURVE('',#333,#307,#335,.T.);
#333 = VERTEX_POINT('',#334);
#334 = CARTESIAN_POINT('',(5.E-02,-10.,15.));
#335 = SURFACE_CURVE('',#336,(#341,#348),.PCURVE_S1.);
#336 = CIRCLE('',#337,1.65);
#337 = AXIS2_PLACEMENT_3D('',#338,#339,#340);
#338 = CARTESIAN_POINT('',(5.E-02,-8.35,15.));
#339 = DIRECTION('',(0.,0.,1.));
#340 = DIRECTION('',(1.,0.,-0.));
#341 = PCURVE('',#65,#342);
#342 = DEFINITIONAL_REPRESENTATION('',(#343),#347);
#343 = CIRCLE('',#344,1.65);
#344 = AXIS2_PLACEMENT_2D('',#345,#346);
#345 = CARTESIAN_POINT('',(5.E-02,-8.35));
#346 = DIRECTION('',(1.,0.));
#347 = ( GEOMETRIC_REPRESENTATION_CONTEXT(2) 
PARAMETRIC_REPRESENTATION_CONTEXT() REPRESENTATION_CONTEXT('2D SPACE',''
  ) );
#348 = PCURVE('',#349,#354);
#349 = CYLINDRICAL_SURFACE('',#350,1.65);
#350 = AXIS2_PLACEMENT_3D('',#351,#352,#353);
#351 = CARTESIAN_POINT('',(5.E-02,-8.35,12.));
#352 = DIRECTION('',(0.,0.,1.));
#353 = DIRECTION('',(1.,0.,-0.));
#354 = DEFINITIONAL_REPRESENTATION('',(#355),#359);
#355 = LINE('',#356,#357);
#356 = CARTESIAN_POINT('',(-6.28318530718,3.));
#357 = VECTOR('',#358,1.);
#358 = DIRECTION('',(1.,-0.));
#359 = ( GEOMETRIC_REPRESENTATION_CONTEXT(2) 
PARAMETRIC_REPRESENTATION_CONTEXT() REPRESENTATION_CONTEXT('2D SPACE',''
  ) );
#360 = ORIENTED_EDGE('',*,*,#361,.T.);
#361 = EDGE_CURVE('',#333,#168,#362,.T.);
#362 = SURFACE_CURVE('',#363,(#367,#373),.PCURVE_S1.);
#363 = LINE('',#364,#365);
#364 = CARTESIAN_POINT('',(-0.85,-10.,15.));
#365 = VECTOR('',#366,1.);
#366 = DIRECTION('',(-1.,-0.,0.));
#367 = PCURVE('',#65,#368);
#368 = DEFINITIONAL_REPRESENTATION('',(#369),#372);
#369 = B_SPLINE_CURVE_WITH_KNOTS('',1,(#370,#371),.UNSPECIFIED.,.F.,.F.,
  (2,2),(-0.9,-0.8),.PIECEWISE_BEZIER_KNOTS.);
#370 = CARTESIAN_POINT('',(5.E-02,-10.));
#371 = CARTESIAN_POINT('',(-5.E-02,-10.));
#372 = ( GEOMETRIC_REPRESENTATION_CONTEXT(2) 
PARAMETRIC_REPRESENTATION_CONTEXT() REPRESENTATION_CONTEXT('2D SPACE',''
  ) );
#373 = PCURVE('',#374,#379);
#374 = PLANE('',#375);
#375 = AXIS2_PLACEMENT_3D('',#376,#377,#378);
#376 = CARTESIAN_POINT('',(-1.7,-10.,12.));
#377 = DIRECTION('',(-0.,1.,0.));
#378 = DIRECTION('',(0.,0.,1.));
#379 = DEFINITIONAL_REPRESENTATION('',(#380),#383);
#380 = B_SPLINE_CURVE_WITH_KNOTS('',1,(#381,#382),.UNSPECIFIED.,.F.,.F.,
  (2,2),(-0.9,-0.8),.PIECEWISE_BEZIER_KNOTS.);
#381 = CARTESIAN_POINT('',(3.,1.75));
#382 = CARTESIAN_POINT('',(3.,1.65));
#383 = ( GEOMETRIC_REPRESENTATION_CONTEXT(2) 
PARAMETRIC_REPRESENTATION_CONTEXT() REPRESENTATION_CONTEXT('2D SPACE',''
  ) );
#384 = FACE_BOUND('',#385,.T.);
#385 = EDGE_LOOP('',(#386));
#386 = ORIENTED_EDGE('',*,*,#387,.F.);
#387 = EDGE_CURVE('',#388,#388,#390,.T.);
#388 = VERTEX_POINT('',#389);
#389 = CARTESIAN_POINT('',(11.953048327205,-10.2530483272,15.));
#390 = SURFACE_CURVE('',#391,(#396,#403),.PCURVE_S1.);
#391 = CIRCLE('',#392,1.7);
#392 = AXIS2_PLACEMENT_3D('',#393,#394,#395);
#393 = CARTESIAN_POINT('',(10.253048327205,-10.2530483272,15.));
#394 = DIRECTION('',(0.,0.,1.));
#395 = DIRECTION('',(1.,0.,-0.));
#396 = PCURVE('',#65,#397);
#397 = DEFINITIONAL_REPRESENTATION('',(#398),#402);
#398 = CIRCLE('',#399,1.7);
#399 = AXIS2_PLACEMENT_2D('',#400,#401);
#400 = CARTESIAN_POINT('',(10.253048327205,-10.2530483272));
#401 = DIRECTION('',(1.,0.));
#402 = ( GEOMETRIC_REPRESENTATION_CONTEXT(2) 
PARAMETRIC_REPRESENTATION_CONTEXT() REPRESENTATION_CONTEXT('2D SPACE',''
  ) );
#403 = PCURVE('',#404,#409);
#404 = CYLINDRICAL_SURFACE('',#405,1.7);
#405 = AXIS2_PLACEMENT_3D('',#406,#407,#408);
#406 = CARTESIAN_POINT('',(10.253048327205,-10.2530483272,9.));
#407 = DIRECTION('',(0.,0.,1.));
#408 = DIRECTION('',(1.,0.,-0.));
#409 = DEFINITIONAL_REPRESENTATION('',(#410),#414);
#410 = LINE('',#411,#412);
#411 = CARTESIAN_POINT('',(0.,6.));
#412 = VECTOR('',#413,1.);
#413 = DIRECTION('',(1.,0.));
#414 = ( GEOMETRIC_REPRESENTATION_CONTEXT(2) 
PARAMETRIC_REPRESENTATION_CONTEXT() REPRESENTATION_CONTEXT('2D SPACE',''
  ) );
#415 = FACE_BOUND('',#416,.T.);
#416 = EDGE_LOOP('',(#417,#448,#474,#503,#529,#558,#584,#613));
#417 = ORIENTED_EDGE('',*,*,#418,.F.);
#418 = EDGE_CURVE('',#419,#421,#423,.T.);
#419 = VERTEX_POINT('',#420);
#420 = CARTESIAN_POINT('',(-10.,-5.E-02,15.));
#421 = VERTEX_POINT('',#422);
#422 = CARTESIAN_POINT('',(-8.35,-1.7,15.));
#423 = SURFACE_CURVE('',#424,(#429,#436),.PCURVE_S1.);
#424 = CIRCLE('',#425,1.65);
#425 = AXIS2_PLACEMENT_3D('',#426,#427,#428);
#426 = CARTESIAN_POINT('',(-8.35,-5.E-02,15.));
#427 = DIRECTION('',(0.,0.,1.));
#428 = DIRECTION('',(-1.,-0.,0.));
#429 = PCURVE('',#65,#430);
#430 = DEFINITIONAL_REPRESENTATION('',(#431),#435);
#431 = CIRCLE('',#432,1.65);
#432 = AXIS2_PLACEMENT_2D('',#433,#434);
#433 = CARTESIAN_POINT('',(-8.35,-5.E-02));
#434 = DIRECTION('',(-1.,0.));
#435 = ( GEOMETRIC_REPRESENTATION_CONTEXT(2) 
PARAMETRIC_REPRESENTATION_CONTEXT() REPRESENTATION_CONTEXT('2D SPACE',''
  ) );
#436 = PCURVE('',#437,#442);
#437 = CYLINDRICAL_SURFACE('',#438,1.65);
#438 = AXIS2_PLACEMENT_3D('',#439,#440,#441);
#439 = CARTESIAN_POINT('',(-8.35,-5.E-02,12.));
#440 = DIRECTION('',(0.,0.,1.));
#441 = DIRECTION('',(-1.,-0.,0.));
#442 = DEFINITIONAL_REPRESENTATION('',(#443),#447);
#443 = LINE('',#444,#445);
#444 = CARTESIAN_POINT('',(0.,3.));
#445 = VECTOR('',#446,1.);
#446 = DIRECTION('',(1.,0.));
#447 = ( GEOMETRIC_REPRESENTATION_CONTEXT(2) 
PARAMETRIC_REPRESENTATION_CONTEXT() REPRESENTATION_CONTEXT('2D SPACE',''
  ) );
#448 = ORIENTED_EDGE('',*,*,#449,.T.);
#449 = EDGE_CURVE('',#419,#450,#452,.T.);
#450 = VERTEX_POINT('',#451);
#451 = CARTESIAN_POINT('',(-10.,5.E-02,15.));
#452 = SURFACE_CURVE('',#453,(#457,#463),.PCURVE_S1.);
#453 = LINE('',#454,#455);
#454 = CARTESIAN_POINT('',(-10.,-0.85,15.));
#455 = VECTOR('',#456,1.);
#456 = DIRECTION('',(-0.,1.,0.));
#457 = PCURVE('',#65,#458);
#458 = DEFINITIONAL_REPRESENTATION('',(#459),#462);
#459 = B_SPLINE_CURVE_WITH_KNOTS('',1,(#460,#461),.UNSPECIFIED.,.F.,.F.,
  (2,2),(0.8,0.9),.PIECEWISE_BEZIER_KNOTS.);
#460 = CARTESIAN_POINT('',(-10.,-5.E-02));
#461 = CARTESIAN_POINT('',(-10.,5.E-02));
#462 = ( GEOMETRIC_REPRESENTATION_CONTEXT(2) 
PARAMETRIC_REPRESENTATION_CONTEXT() REPRESENTATION_CONTEXT('2D SPACE',''
  ) );
#463 = PCURVE('',#464,#469);
#464 = PLANE('',#465);
#465 = AXIS2_PLACEMENT_3D('',#466,#467,#468);
#466 = CARTESIAN_POINT('',(-10.,-1.7,12.));
#467 = DIRECTION('',(1.,0.,-0.));
#468 = DIRECTION('',(0.,0.,1.));
#469 = DEFINITIONAL_REPRESENTATION('',(#470),#473);
#470 = B_SPLINE_CURVE_WITH_KNOTS('',1,(#471,#472),.UNSPECIFIED.,.F.,.F.,
  (2,2),(0.8,0.9),.PIECEWISE_BEZIER_KNOTS.);
#471 = CARTESIAN_POINT('',(3.,-1.65));
#472 = CARTESIAN_POINT('',(3.,-1.75));
#473 = ( GEOMETRIC_REPRESENTATION_CONTEXT(2) 
PARAMETRIC_REPRESENTATION_CONTEXT() REPRESENTATION_CONTEXT('2D SPACE',''
  ) );
#474 = ORIENTED_EDGE('',*,*,#475,.F.);
#475 = EDGE_CURVE('',#476,#450,#478,.T.);
#476 = VERTEX_POINT('',#477);
#477 = CARTESIAN_POINT('',(-8.35,1.7,15.));
#478 = SURFACE_CURVE('',#479,(#484,#491),.PCURVE_S1.);
#479 = CIRCLE('',#480,1.65);
#480 = AXIS2_PLACEMENT_3D('',#481,#482,#483);
#481 = CARTESIAN_POINT('',(-8.35,5.E-02,15.));
#482 = DIRECTION('',(0.,0.,1.));
#483 = DIRECTION('',(-1.,-0.,0.));
#484 = PCURVE('',#65,#485);
#485 = DEFINITIONAL_REPRESENTATION('',(#486),#490);
#486 = CIRCLE('',#487,1.65);
#487 = AXIS2_PLACEMENT_2D('',#488,#489);
#488 = CARTESIAN_POINT('',(-8.35,5.E-02));
#489 = DIRECTION('',(-1.,0.));
#490 = ( GEOMETRIC_REPRESENTATION_CONTEXT(2) 
PARAMETRIC_REPRESENTATION_CONTEXT() REPRESENTATION_CONTEXT('2D SPACE',''
  ) );
#491 = PCURVE('',#492,#497);
#492 = CYLINDRICAL_SURFACE('',#493,1.65);
#493 = AXIS2_PLACEMENT_3D('',#494,#495,#496);
#494 = CARTESIAN_POINT('',(-8.35,5.E-02,12.));
#495 = DIRECTION('',(0.,0.,1.));
#496 = DIRECTION('',(-1.,-0.,0.));
#497 = DEFINITIONAL_REPRESENTATION('',(#498),#502);
#498 = LINE('',#499,#500);
#499 = CARTESIAN_POINT('',(-6.28318530718,3.));
#500 = VECTOR('',#501,1.);
#501 = DIRECTION('',(1.,-0.));
#502 = ( GEOMETRIC_REPRESENTATION_CONTEXT(2) 
PARAMETRIC_REPRESENTATION_CONTEXT() REPRESENTATION_CONTEXT('2D SPACE',''
  ) );
#503 = ORIENTED_EDGE('',*,*,#504,.F.);
#504 = EDGE_CURVE('',#505,#476,#507,.T.);
#505 = VERTEX_POINT('',#506);
#506 = CARTESIAN_POINT('',(-7.15,1.7,15.));
#507 = SURFACE_CURVE('',#508,(#512,#518),.PCURVE_S1.);
#508 = LINE('',#509,#510);
#509 = CARTESIAN_POINT('',(-5.,1.7,15.));
#510 = VECTOR('',#511,1.);
#511 = DIRECTION('',(-1.,-0.,0.));
#512 = PCURVE('',#65,#513);
#513 = DEFINITIONAL_REPRESENTATION('',(#514),#517);
#514 = B_SPLINE_CURVE_WITH_KNOTS('',1,(#515,#516),.UNSPECIFIED.,.F.,.F.,
  (2,2),(2.15,3.35),.PIECEWISE_BEZIER_KNOTS.);
#515 = CARTESIAN_POINT('',(-7.15,1.7));
#516 = CARTESIAN_POINT('',(-8.35,1.7));
#517 = ( GEOMETRIC_REPRESENTATION_CONTEXT(2) 
PARAMETRIC_REPRESENTATION_CONTEXT() REPRESENTATION_CONTEXT('2D SPACE',''
  ) );
#518 = PCURVE('',#519,#524);
#519 = PLANE('',#520);
#520 = AXIS2_PLACEMENT_3D('',#521,#522,#523);
#521 = CARTESIAN_POINT('',(-10.,1.7,12.));
#522 = DIRECTION('',(-0.,1.,0.));
#523 = DIRECTION('',(0.,0.,1.));
#524 = DEFINITIONAL_REPRESENTATION('',(#525),#528);
#525 = B_SPLINE_CURVE_WITH_KNOTS('',1,(#526,#527),.UNSPECIFIED.,.F.,.F.,
  (2,2),(2.15,3.35),.PIECEWISE_BEZIER_KNOTS.);
#526 = CARTESIAN_POINT('',(3.,2.85));
#527 = CARTESIAN_POINT('',(3.,1.65));
#528 = ( GEOMETRIC_REPRESENTATION_CONTEXT(2) 
PARAMETRIC_REPRESENTATION_CONTEXT() REPRESENTATION_CONTEXT('2D SPACE',''
  ) );
#529 = ORIENTED_EDGE('',*,*,#530,.F.);
#530 = EDGE_CURVE('',#531,#505,#533,.T.);
#531 = VERTEX_POINT('',#532);
#532 = CARTESIAN_POINT('',(-5.5,5.E-02,15.));
#533 = SURFACE_CURVE('',#534,(#539,#546),.PCURVE_S1.);
#534 = CIRCLE('',#535,1.65);
#535 = AXIS2_PLACEMENT_3D('',#536,#537,#538);
#536 = CARTESIAN_POINT('',(-7.15,5.E-02,15.));
#537 = DIRECTION('',(0.,0.,1.));
#538 = DIRECTION('',(1.,0.,-0.));
#539 = PCURVE('',#65,#540);
#540 = DEFINITIONAL_REPRESENTATION('',(#541),#545);
#541 = CIRCLE('',#542,1.65);
#542 = AXIS2_PLACEMENT_2D('',#543,#544);
#543 = CARTESIAN_POINT('',(-7.15,5.E-02));
#544 = DIRECTION('',(1.,0.));
#545 = ( GEOMETRIC_REPRESENTATION_CONTEXT(2) 
PARAMETRIC_REPRESENTATION_CONTEXT() REPRESENTATION_CONTEXT('2D SPACE',''
  ) );
#546 = PCURVE('',#547,#552);
#547 = CYLINDRICAL_SURFACE('',#548,1.65);
#548 = AXIS2_PLACEMENT_3D('',#549,#550,#551);
#549 = CARTESIAN_POINT('',(-7.15,5.E-02,12.));
#550 = DIRECTION('',(0.,0.,1.));
#551 = DIRECTION('',(1.,0.,-0.));
#552 = DEFINITIONAL_REPRESENTATION('',(#553),#557);
#553 = LINE('',#554,#555);
#554 = CARTESIAN_POINT('',(0.,3.));
#555 = VECTOR('',#556,1.);
#556 = DIRECTION('',(1.,0.));
#557 = ( GEOMETRIC_REPRESENTATION_CONTEXT(2) 
PARAMETRIC_REPRESENTATION_CONTEXT() REPRESENTATION_CONTEXT('2D SPACE',''
  ) );
#558 = ORIENTED_EDGE('',*,*,#559,.F.);
#559 = EDGE_CURVE('',#560,#531,#562,.T.);
#560 = VERTEX_POINT('',#561);
#561 = CARTESIAN_POINT('',(-5.5,-5.E-02,15.));
#562 = SURFACE_CURVE('',#563,(#567,#573),.PCURVE_S1.);
#563 = LINE('',#564,#565);
#564 = CARTESIAN_POINT('',(-5.5,-0.85,15.));
#565 = VECTOR('',#566,1.);
#566 = DIRECTION('',(-0.,1.,0.));
#567 = PCURVE('',#65,#568);
#568 = DEFINITIONAL_REPRESENTATION('',(#569),#572);
#569 = B_SPLINE_CURVE_WITH_KNOTS('',1,(#570,#571),.UNSPECIFIED.,.F.,.F.,
  (2,2),(0.8,0.9),.PIECEWISE_BEZIER_KNOTS.);
#570 = CARTESIAN_POINT('',(-5.5,-5.E-02));
#571 = CARTESIAN_POINT('',(-5.5,5.E-02));
#572 = ( GEOMETRIC_REPRESENTATION_CONTEXT(2) 
PARAMETRIC_REPRESENTATION_CONTEXT() REPRESENTATION_CONTEXT('2D SPACE',''
  ) );
#573 = PCURVE('',#574,#579);
#574 = PLANE('',#575);
#575 = AXIS2_PLACEMENT_3D('',#576,#577,#578);
#576 = CARTESIAN_POINT('',(-5.5,-1.7,12.));
#577 = DIRECTION('',(1.,0.,-0.));
#578 = DIRECTION('',(0.,0.,1.));
#579 = DEFINITIONAL_REPRESENTATION('',(#580),#583);
#580 = B_SPLINE_CURVE_WITH_KNOTS('',1,(#581,#582),.UNSPECIFIED.,.F.,.F.,
  (2,2),(0.8,0.9),.PIECEWISE_BEZIER_KNOTS.);
#581 = CARTESIAN_POINT('',(3.,-1.65));
#582 = CARTESIAN_POINT('',(3.,-1.75));
#583 = ( GEOMETRIC_REPRESENTATION_CONTEXT(2) 
PARAMETRIC_REPRESENTATION_CONTEXT() REPRESENTATION_CONTEXT('2D SPACE',''
  ) );
#584 = ORIENTED_EDGE('',*,*,#585,.F.);
#585 = EDGE_CURVE('',#586,#560,#588,.T.);
#586 = VERTEX_POINT('',#587);
#587 = CARTESIAN_POINT('',(-7.15,-1.7,15.));
#588 = SURFACE_CURVE('',#589,(#594,#601),.PCURVE_S1.);
#589 = CIRCLE('',#590,1.65);
#590 = AXIS2_PLACEMENT_3D('',#591,#592,#593);
#591 = CARTESIAN_POINT('',(-7.15,-5.E-02,15.));
#592 = DIRECTION('',(0.,0.,1.));
#593 = DIRECTION('',(1.,0.,-0.));
#594 = PCURVE('',#65,#595);
#595 = DEFINITIONAL_REPRESENTATION('',(#596),#600);
#596 = CIRCLE('',#597,1.65);
#597 = AXIS2_PLACEMENT_2D('',#598,#599);
#598 = CARTESIAN_POINT('',(-7.15,-5.E-02));
#599 = DIRECTION('',(1.,0.));
#600 = ( GEOMETRIC_REPRESENTATION_CONTEXT(2) 
PARAMETRIC_REPRESENTATION_CONTEXT() REPRESENTATION_CONTEXT('2D SPACE',''
  ) );
#601 = PCURVE('',#602,#607);
#602 = CYLINDRICAL_SURFACE('',#603,1.65);
#603 = AXIS2_PLACEMENT_3D('',#604,#605,#606);
#604 = CARTESIAN_POINT('',(-7.15,-5.E-02,12.));
#605 = DIRECTION('',(0.,0.,1.));
#606 = DIRECTION('',(1.,0.,-0.));
#607 = DEFINITIONAL_REPRESENTATION('',(#608),#612);
#608 = LINE('',#609,#610);
#609 = CARTESIAN_POINT('',(-6.28318530718,3.));
#610 = VECTOR('',#611,1.);
#611 = DIRECTION('',(1.,-0.));
#612 = ( GEOMETRIC_REPRESENTATION_CONTEXT(2) 
PARAMETRIC_REPRESENTATION_CONTEXT() REPRESENTATION_CONTEXT('2D SPACE',''
  ) );
#613 = ORIENTED_EDGE('',*,*,#614,.T.);
#614 = EDGE_CURVE('',#586,#421,#615,.T.);
#615 = SURFACE_CURVE('',#616,(#620,#626),.PCURVE_S1.);
#616 = LINE('',#617,#618);
#617 = CARTESIAN_POINT('',(-5.,-1.7,15.));
#618 = VECTOR('',#619,1.);
#619 = DIRECTION('',(-1.,-0.,0.));
#620 = PCURVE('',#65,#621);
#621 = DEFINITIONAL_REPRESENTATION('',(#622),#625);
#622 = B_SPLINE_CURVE_WITH_KNOTS('',1,(#623,#624),.UNSPECIFIED.,.F.,.F.,
  (2,2),(2.15,3.35),.PIECEWISE_BEZIER_KNOTS.);
#623 = CARTESIAN_POINT('',(-7.15,-1.7));
#624 = CARTESIAN_POINT('',(-8.35,-1.7));
#625 = ( GEOMETRIC_REPRESENTATION_CONTEXT(2) 
PARAMETRIC_REPRESENTATION_CONTEXT() REPRESENTATION_CONTEXT('2D SPACE',''
  ) );
#626 = PCURVE('',#627,#632);
#627 = PLANE('',#628);
#628 = AXIS2_PLACEMENT_3D('',#629,#630,#631);
#629 = CARTESIAN_POINT('',(-10.,-1.7,12.));
#630 = DIRECTION('',(-0.,1.,0.));
#631 = DIRECTION('',(0.,0.,1.));
#632 = DEFINITIONAL_REPRESENTATION('',(#633),#636);
#633 = B_SPLINE_CURVE_WITH_KNOTS('',1,(#634,#635),.UNSPECIFIED.,.F.,.F.,
  (2,2),(2.15,3.35),.PIECEWISE_BEZIER_KNOTS.);
#634 = CARTESIAN_POINT('',(3.,2.85));
#635 = CARTESIAN_POINT('',(3.,1.65));
#636 = ( GEOMETRIC_REPRESENTATION_CONTEXT(2) 
PARAMETRIC_REPRESENTATION_CONTEXT() REPRESENTATION_CONTEXT('2D SPACE',''
  ) );
#637 = FACE_BOUND('',#638,.T.);
#638 = EDGE_LOOP('',(#639));
#639 = ORIENTED_EDGE('',*,*,#640,.F.);
#640 = EDGE_CURVE('',#641,#641,#643,.T.);
#641 = VERTEX_POINT('',#642);
#642 = CARTESIAN_POINT('',(-8.553048327205,10.253048327205,15.));
#643 = SURFACE_CURVE('',#644,(#649,#656),.PCURVE_S1.);
#644 = CIRCLE('',#645,1.7);
#645 = AXIS2_PLACEMENT_3D('',#646,#647,#648);
#646 = CARTESIAN_POINT('',(-10.2530483272,10.253048327205,15.));
#647 = DIRECTION('',(0.,0.,1.));
#648 = DIRECTION('',(1.,0.,-0.));
#649 = PCURVE('',#65,#650);
#650 = DEFINITIONAL_REPRESENTATION('',(#651),#655);
#651 = CIRCLE('',#652,1.7);
#652 = AXIS2_PLACEMENT_2D('',#653,#654);
#653 = CARTESIAN_POINT('',(-10.2530483272,10.253048327205));
#654 = DIRECTION('',(1.,0.));
#655 = ( GEOMETRIC_REPRESENTATION_CONTEXT(2) 
PARAMETRIC_REPRESENTATION_CONTEXT() REPRESENTATION_CONTEXT('2D SPACE',''
  ) );
#656 = PCURVE('',#657,#662);
#657 = CYLINDRICAL_SURFACE('',#658,1.7);
#658 = AXIS2_PLACEMENT_3D('',#659,#660,#661);
#659 = CARTESIAN_POINT('',(-10.2530483272,10.253048327205,9.));
#660 = DIRECTION('',(0.,0.,1.));
#661 = DIRECTION('',(1.,0.,-0.));
#662 = DEFINITIONAL_REPRESENTATION('',(#663),#667);
#663 = LINE('',#664,#665);
#664 = CARTESIAN_POINT('',(0.,6.));
#665 = VECTOR('',#666,1.);
#666 = DIRECTION('',(1.,0.));
#667 = ( GEOMETRIC_REPRESENTATION_CONTEXT(2) 
PARAMETRIC_REPRESENTATION_CONTEXT() REPRESENTATION_CONTEXT('2D SPACE',''
  ) );
#668 = FACE_BOUND('',#669,.T.);
#669 = EDGE_LOOP('',(#670));
#670 = ORIENTED_EDGE('',*,*,#671,.F.);
#671 = EDGE_CURVE('',#672,#672,#674,.T.);
#672 = VERTEX_POINT('',#673);
#673 = CARTESIAN_POINT('',(1.7,-4.163799117101E-16,15.));
#674 = SURFACE_CURVE('',#675,(#680,#687),.PCURVE_S1.);
#675 = CIRCLE('',#676,1.7);
#676 = AXIS2_PLACEMENT_3D('',#677,#678,#679);
#677 = CARTESIAN_POINT('',(0.,0.,15.));
#678 = DIRECTION('',(0.,0.,1.));
#679 = DIRECTION('',(1.,0.,-0.));
#680 = PCURVE('',#65,#681);
#681 = DEFINITIONAL_REPRESENTATION('',(#682),#686);
#682 = CIRCLE('',#683,1.7);
#683 = AXIS2_PLACEMENT_2D('',#684,#685);
#684 = CARTESIAN_POINT('',(0.,0.));
#685 = DIRECTION('',(1.,0.));
#686 = ( GEOMETRIC_REPRESENTATION_CONTEXT(2) 
PARAMETRIC_REPRESENTATION_CONTEXT() REPRESENTATION_CONTEXT('2D SPACE',''
  ) );
#687 = PCURVE('',#688,#693);
#688 = CYLINDRICAL_SURFACE('',#689,1.7);
#689 = AXIS2_PLACEMENT_3D('',#690,#691,#692);
#690 = CARTESIAN_POINT('',(0.,0.,9.));
#691 = DIRECTION('',(0.,0.,1.));
#692 = DIRECTION('',(1.,0.,-0.));
#693 = DEFINITIONAL_REPRESENTATION('',(#694),#698);
#694 = LINE('',#695,#696);
#695 = CARTESIAN_POINT('',(0.,6.));
#696 = VECTOR('',#697,1.);
#697 = DIRECTION('',(1.,0.));
#698 = ( GEOMETRIC_REPRESENTATION_CONTEXT(2) 
PARAMETRIC_REPRESENTATION_CONTEXT() REPRESENTATION_CONTEXT('2D SPACE',''
  ) );
#699 = FACE_BOUND('',#700,.T.);
#700 = EDGE_LOOP('',(#701,#732,#758,#787,#813,#842,#868,#897));
#701 = ORIENTED_EDGE('',*,*,#702,.F.);
#702 = EDGE_CURVE('',#703,#705,#707,.T.);
#703 = VERTEX_POINT('',#704);
#704 = CARTESIAN_POINT('',(5.5,-5.E-02,15.));
#705 = VERTEX_POINT('',#706);
#706 = CARTESIAN_POINT('',(7.15,-1.7,15.));
#707 = SURFACE_CURVE('',#708,(#713,#720),.PCURVE_S1.);
#708 = CIRCLE('',#709,1.65);
#709 = AXIS2_PLACEMENT_3D('',#710,#711,#712);
#710 = CARTESIAN_POINT('',(7.15,-5.E-02,15.));
#711 = DIRECTION('',(0.,0.,1.));
#712 = DIRECTION('',(-1.,-0.,0.));
#713 = PCURVE('',#65,#714);
#714 = DEFINITIONAL_REPRESENTATION('',(#715),#719);
#715 = CIRCLE('',#716,1.65);
#716 = AXIS2_PLACEMENT_2D('',#717,#718);
#717 = CARTESIAN_POINT('',(7.15,-5.E-02));
#718 = DIRECTION('',(-1.,0.));
#719 = ( GEOMETRIC_REPRESENTATION_CONTEXT(2) 
PARAMETRIC_REPRESENTATION_CONTEXT() REPRESENTATION_CONTEXT('2D SPACE',''
  ) );
#720 = PCURVE('',#721,#726);
#721 = CYLINDRICAL_SURFACE('',#722,1.65);
#722 = AXIS2_PLACEMENT_3D('',#723,#724,#725);
#723 = CARTESIAN_POINT('',(7.15,-5.E-02,12.));
#724 = DIRECTION('',(0.,0.,1.));
#725 = DIRECTION('',(-1.,-0.,0.));
#726 = DEFINITIONAL_REPRESENTATION('',(#727),#731);
#727 = LINE('',#728,#729);
#728 = CARTESIAN_POINT('',(0.,3.));
#729 = VECTOR('',#730,1.);
#730 = DIRECTION('',(1.,0.));
#731 = ( GEOMETRIC_REPRESENTATION_CONTEXT(2) 
PARAMETRIC_REPRESENTATION_CONTEXT() REPRESENTATION_CONTEXT('2D SPACE',''
  ) );
#732 = ORIENTED_EDGE('',*,*,#733,.T.);
#733 = EDGE_CURVE('',#703,#734,#736,.T.);
#734 = VERTEX_POINT('',#735);
#735 = CARTESIAN_POINT('',(5.5,5.E-02,15.));
#736 = SURFACE_CURVE('',#737,(#741,#747),.PCURVE_S1.);
#737 = LINE('',#738,#739);
#738 = CARTESIAN_POINT('',(5.5,-0.85,15.));
#739 = VECTOR('',#740,1.);
#740 = DIRECTION('',(-0.,1.,0.));
#741 = PCURVE('',#65,#742);
#742 = DEFINITIONAL_REPRESENTATION('',(#743),#746);
#743 = B_SPLINE_CURVE_WITH_KNOTS('',1,(#744,#745),.UNSPECIFIED.,.F.,.F.,
  (2,2),(0.8,0.9),.PIECEWISE_BEZIER_KNOTS.);
#744 = CARTESIAN_POINT('',(5.5,-5.E-02));
#745 = CARTESIAN_POINT('',(5.5,5.E-02));
#746 = ( GEOMETRIC_REPRESENTATION_CONTEXT(2) 
PARAMETRIC_REPRESENTATION_CONTEXT() REPRESENTATION_CONTEXT('2D SPACE',''
  ) );
#747 = PCURVE('',#748,#753);
#748 = PLANE('',#749);
#749 = AXIS2_PLACEMENT_3D('',#750,#751,#752);
#750 = CARTESIAN_POINT('',(5.5,-1.7,12.));
#751 = DIRECTION('',(1.,0.,-0.));
#752 = DIRECTION('',(0.,0.,1.));
#753 = DEFINITIONAL_REPRESENTATION('',(#754),#757);
#754 = B_SPLINE_CURVE_WITH_KNOTS('',1,(#755,#756),.UNSPECIFIED.,.F.,.F.,
  (2,2),(0.8,0.9),.PIECEWISE_BEZIER_KNOTS.);
#755 = CARTESIAN_POINT('',(3.,-1.65));
#756 = CARTESIAN_POINT('',(3.,-1.75));
#757 = ( GEOMETRIC_REPRESENTATION_CONTEXT(2) 
PARAMETRIC_REPRESENTATION_CONTEXT() REPRESENTATION_CONTEXT('2D SPACE',''
  ) );
#758 = ORIENTED_EDGE('',*,*,#759,.F.);
#759 = EDGE_CURVE('',#760,#734,#762,.T.);
#760 = VERTEX_POINT('',#761);
#761 = CARTESIAN_POINT('',(7.15,1.7,15.));
#762 = SURFACE_CURVE('',#763,(#768,#775),.PCURVE_S1.);
#763 = CIRCLE('',#764,1.65);
#764 = AXIS2_PLACEMENT_3D('',#765,#766,#767);
#765 = CARTESIAN_POINT('',(7.15,5.E-02,15.));
#766 = DIRECTION('',(0.,0.,1.));
#767 = DIRECTION('',(-1.,-0.,0.));
#768 = PCURVE('',#65,#769);
#769 = DEFINITIONAL_REPRESENTATION('',(#770),#774);
#770 = CIRCLE('',#771,1.65);
#771 = AXIS2_PLACEMENT_2D('',#772,#773);
#772 = CARTESIAN_POINT('',(7.15,5.E-02));
#773 = DIRECTION('',(-1.,0.));
#774 = ( GEOMETRIC_REPRESENTATION_CONTEXT(2) 
PARAMETRIC_REPRESENTATION_CONTEXT() REPRESENTATION_CONTEXT('2D SPACE',''
  ) );
#775 = PCURVE('',#776,#781);
#776 = CYLINDRICAL_SURFACE('',#777,1.65);
#777 = AXIS2_PLACEMENT_3D('',#778,#779,#780);
#778 = CARTESIAN_POINT('',(7.15,5.E-02,12.));
#779 = DIRECTION('',(0.,0.,1.));
#780 = DIRECTION('',(-1.,-0.,0.));
#781 = DEFINITIONAL_REPRESENTATION('',(#782),#786);
#782 = LINE('',#783,#784);
#783 = CARTESIAN_POINT('',(-6.28318530718,3.));
#784 = VECTOR('',#785,1.);
#785 = DIRECTION('',(1.,-0.));
#786 = ( GEOMETRIC_REPRESENTATION_CONTEXT(2) 
PARAMETRIC_REPRESENTATION_CONTEXT() REPRESENTATION_CONTEXT('2D SPACE',''
  ) );
#787 = ORIENTED_EDGE('',*,*,#788,.F.);
#788 = EDGE_CURVE('',#789,#760,#791,.T.);
#789 = VERTEX_POINT('',#790);
#790 = CARTESIAN_POINT('',(8.35,1.7,15.));
#791 = SURFACE_CURVE('',#792,(#796,#802),.PCURVE_S1.);
#792 = LINE('',#793,#794);
#793 = CARTESIAN_POINT('',(2.75,1.7,15.));
#794 = VECTOR('',#795,1.);
#795 = DIRECTION('',(-1.,-0.,0.));
#796 = PCURVE('',#65,#797);
#797 = DEFINITIONAL_REPRESENTATION('',(#798),#801);
#798 = B_SPLINE_CURVE_WITH_KNOTS('',1,(#799,#800),.UNSPECIFIED.,.F.,.F.,
  (2,2),(-5.6,-4.4),.PIECEWISE_BEZIER_KNOTS.);
#799 = CARTESIAN_POINT('',(8.35,1.7));
#800 = CARTESIAN_POINT('',(7.15,1.7));
#801 = ( GEOMETRIC_REPRESENTATION_CONTEXT(2) 
PARAMETRIC_REPRESENTATION_CONTEXT() REPRESENTATION_CONTEXT('2D SPACE',''
  ) );
#802 = PCURVE('',#803,#808);
#803 = PLANE('',#804);
#804 = AXIS2_PLACEMENT_3D('',#805,#806,#807);
#805 = CARTESIAN_POINT('',(5.5,1.7,12.));
#806 = DIRECTION('',(-0.,1.,0.));
#807 = DIRECTION('',(0.,0.,1.));
#808 = DEFINITIONAL_REPRESENTATION('',(#809),#812);
#809 = B_SPLINE_CURVE_WITH_KNOTS('',1,(#810,#811),.UNSPECIFIED.,.F.,.F.,
  (2,2),(-5.6,-4.4),.PIECEWISE_BEZIER_KNOTS.);
#810 = CARTESIAN_POINT('',(3.,2.85));
#811 = CARTESIAN_POINT('',(3.,1.65));
#812 = ( GEOMETRIC_REPRESENTATION_CONTEXT(2) 
PARAMETRIC_REPRESENTATION_CONTEXT() REPRESENTATION_CONTEXT('2D SPACE',''
  ) );
#813 = ORIENTED_EDGE('',*,*,#814,.F.);
#814 = EDGE_CURVE('',#815,#789,#817,.T.);
#815 = VERTEX_POINT('',#816);
#816 = CARTESIAN_POINT('',(10.,5.E-02,15.));
#817 = SURFACE_CURVE('',#818,(#823,#830),.PCURVE_S1.);
#818 = CIRCLE('',#819,1.65);
#819 = AXIS2_PLACEMENT_3D('',#820,#821,#822);
#820 = CARTESIAN_POINT('',(8.35,5.E-02,15.));
#821 = DIRECTION('',(0.,0.,1.));
#822 = DIRECTION('',(1.,0.,-0.));
#823 = PCURVE('',#65,#824);
#824 = DEFINITIONAL_REPRESENTATION('',(#825),#829);
#825 = CIRCLE('',#826,1.65);
#826 = AXIS2_PLACEMENT_2D('',#827,#828);
#827 = CARTESIAN_POINT('',(8.35,5.E-02));
#828 = DIRECTION('',(1.,0.));
#829 = ( GEOMETRIC_REPRESENTATION_CONTEXT(2) 
PARAMETRIC_REPRESENTATION_CONTEXT() REPRESENTATION_CONTEXT('2D SPACE',''
  ) );
#830 = PCURVE('',#831,#836);
#831 = CYLINDRICAL_SURFACE('',#832,1.65);
#832 = AXIS2_PLACEMENT_3D('',#833,#834,#835);
#833 = CARTESIAN_POINT('',(8.35,5.E-02,12.));
#834 = DIRECTION('',(0.,0.,1.));
#835 = DIRECTION('',(1.,0.,-0.));
#836 = DEFINITIONAL_REPRESENTATION('',(#837),#841);
#837 = LINE('',#838,#839);
#838 = CARTESIAN_POINT('',(0.,3.));
#839 = VECTOR('',#840,1.);
#840 = DIRECTION('',(1.,0.));
#841 = ( GEOMETRIC_REPRESENTATION_CONTEXT(2) 
PARAMETRIC_REPRESENTATION_CONTEXT() REPRESENTATION_CONTEXT('2D SPACE',''
  ) );
#842 = ORIENTED_EDGE('',*,*,#843,.F.);
#843 = EDGE_CURVE('',#844,#815,#846,.T.);
#844 = VERTEX_POINT('',#845);
#845 = CARTESIAN_POINT('',(10.,-5.E-02,15.));
#846 = SURFACE_CURVE('',#847,(#851,#857),.PCURVE_S1.);
#847 = LINE('',#848,#849);
#848 = CARTESIAN_POINT('',(10.,-0.85,15.));
#849 = VECTOR('',#850,1.);
#850 = DIRECTION('',(-0.,1.,0.));
#851 = PCURVE('',#65,#852);
#852 = DEFINITIONAL_REPRESENTATION('',(#853),#856);
#853 = B_SPLINE_CURVE_WITH_KNOTS('',1,(#854,#855),.UNSPECIFIED.,.F.,.F.,
  (2,2),(0.8,0.9),.PIECEWISE_BEZIER_KNOTS.);
#854 = CARTESIAN_POINT('',(10.,-5.E-02));
#855 = CARTESIAN_POINT('',(10.,5.E-02));
#856 = ( GEOMETRIC_REPRESENTATION_CONTEXT(2) 
PARAMETRIC_REPRESENTATION_CONTEXT() REPRESENTATION_CONTEXT('2D SPACE',''
  ) );
#857 = PCURVE('',#858,#863);
#858 = PLANE('',#859);
#859 = AXIS2_PLACEMENT_3D('',#860,#861,#862);
#860 = CARTESIAN_POINT('',(10.,-1.7,12.));
#861 = DIRECTION('',(1.,0.,-0.));
#862 = DIRECTION('',(0.,0.,1.));
#863 = DEFINITIONAL_REPRESENTATION('',(#864),#867);
#864 = B_SPLINE_CURVE_WITH_KNOTS('',1,(#865,#866),.UNSPECIFIED.,.F.,.F.,
  (2,2),(0.8,0.9),.PIECEWISE_BEZIER_KNOTS.);
#865 = CARTESIAN_POINT('',(3.,-1.65));
#866 = CARTESIAN_POINT('',(3.,-1.75));
#867 = ( GEOMETRIC_REPRESENTATION_CONTEXT(2) 
PARAMETRIC_REPRESENTATION_CONTEXT() REPRESENTATION_CONTEXT('2D SPACE',''
  ) );
#868 = ORIENTED_EDGE('',*,*,#869,.F.);
#869 = EDGE_CURVE('',#870,#844,#872,.T.);
#870 = VERTEX_POINT('',#871);
#871 = CARTESIAN_POINT('',(8.35,-1.7,15.));
#872 = SURFACE_CURVE('',#873,(#878,#885),.PCURVE_S1.);
#873 = CIRCLE('',#874,1.65);
#874 = AXIS2_PLACEMENT_3D('',#875,#876,#877);
#875 = CARTESIAN_POINT('',(8.35,-5.E-02,15.));
#876 = DIRECTION('',(0.,0.,1.));
#877 = DIRECTION('',(1.,0.,-0.));
#878 = PCURVE('',#65,#879);
#879 = DEFINITIONAL_REPRESENTATION('',(#880),#884);
#880 = CIRCLE('',#881,1.65);
#881 = AXIS2_PLACEMENT_2D('',#882,#883);
#882 = CARTESIAN_POINT('',(8.35,-5.E-02));
#883 = DIRECTION('',(1.,0.));
#884 = ( GEOMETRIC_REPRESENTATION_CONTEXT(2) 
PARAMETRIC_REPRESENTATION_CONTEXT() REPRESENTATION_CONTEXT('2D SPACE',''
  ) );
#885 = PCURVE('',#886,#891);
#886 = CYLINDRICAL_SURFACE('',#887,1.65);
#887 = AXIS2_PLACEMENT_3D('',#888,#889,#890);
#888 = CARTESIAN_POINT('',(8.35,-5.E-02,12.));
#889 = DIRECTION('',(0.,0.,1.));
#890 = DIRECTION('',(1.,0.,-0.));
#891 = DEFINITIONAL_REPRESENTATION('',(#892),#896);
#892 = LINE('',#893,#894);
#893 = CARTESIAN_POINT('',(-6.28318530718,3.));
#894 = VECTOR('',#895,1.);
#895 = DIRECTION('',(1.,-0.));
#896 = ( GEOMETRIC_REPRESENTATION_CONTEXT(2) 
PARAMETRIC_REPRESENTATION_CONTEXT() REPRESENTATION_CONTEXT('2D SPACE',''
  ) );
#897 = ORIENTED_EDGE('',*,*,#898,.T.);
#898 = EDGE_CURVE('',#870,#705,#899,.T.);
#899 = SURFACE_CURVE('',#900,(#904,#910),.PCURVE_S1.);
#900 = LINE('',#901,#902);
#901 = CARTESIAN_POINT('',(2.75,-1.7,15.));
#902 = VECTOR('',#903,1.);
#903 = DIRECTION('',(-1.,-0.,0.));
#904 = PCURVE('',#65,#905);
#905 = DEFINITIONAL_REPRESENTATION('',(#906),#909);
#906 = B_SPLINE_CURVE_WITH_KNOTS('',1,(#907,#908),.UNSPECIFIED.,.F.,.F.,
  (2,2),(-5.6,-4.4),.PIECEWISE_BEZIER_KNOTS.);
#907 = CARTESIAN_POINT('',(8.35,-1.7));
#908 = CARTESIAN_POINT('',(7.15,-1.7));
#909 = ( GEOMETRIC_REPRESENTATION_CONTEXT(2) 
PARAMETRIC_REPRESENTATION_CONTEXT() REPRESENTATION_CONTEXT('2D SPACE',''
  ) );
#910 = PCURVE('',#911,#916);
#911 = PLANE('',#912);
#912 = AXIS2_PLACEMENT_3D('',#913,#914,#915);
#913 = CARTESIAN_POINT('',(5.5,-1.7,12.));
#914 = DIRECTION('',(-0.,1.,0.));
#915 = DIRECTION('',(0.,0.,1.));
#916 = DEFINITIONAL_REPRESENTATION('',(#917),#920);
#917 = B_SPLINE_CURVE_WITH_KNOTS('',1,(#918,#919),.UNSPECIFIED.,.F.,.F.,
  (2,2),(-5.6,-4.4),.PIECEWISE_BEZIER_KNOTS.);
#918 = CARTESIAN_POINT('',(3.,2.85));
#919 = CARTESIAN_POINT('',(3.,1.65));
#920 = ( GEOMETRIC_REPRESENTATION_CONTEXT(2) 
PARAMETRIC_REPRESENTATION_CONTEXT() REPRESENTATION_CONTEXT('2D SPACE',''
  ) );
#921 = FACE_BOUND('',#922,.T.);
#922 = EDGE_LOOP('',(#923,#954,#980,#1009,#1035,#1064,#1090,#1119));
#923 = ORIENTED_EDGE('',*,*,#924,.F.);
#924 = EDGE_CURVE('',#925,#927,#929,.T.);
#925 = VERTEX_POINT('',#926);
#926 = CARTESIAN_POINT('',(-1.7,7.15,15.));
#927 = VERTEX_POINT('',#928);
#928 = CARTESIAN_POINT('',(-5.E-02,5.5,15.));
#929 = SURFACE_CURVE('',#930,(#935,#942),.PCURVE_S1.);
#930 = CIRCLE('',#931,1.65);
#931 = AXIS2_PLACEMENT_3D('',#932,#933,#934);
#932 = CARTESIAN_POINT('',(-5.E-02,7.15,15.));
#933 = DIRECTION('',(0.,0.,1.));
#934 = DIRECTION('',(-1.,-0.,0.));
#935 = PCURVE('',#65,#936);
#936 = DEFINITIONAL_REPRESENTATION('',(#937),#941);
#937 = CIRCLE('',#938,1.65);
#938 = AXIS2_PLACEMENT_2D('',#939,#940);
#939 = CARTESIAN_POINT('',(-5.E-02,7.15));
#940 = DIRECTION('',(-1.,0.));
#941 = ( GEOMETRIC_REPRESENTATION_CONTEXT(2) 
PARAMETRIC_REPRESENTATION_CONTEXT() REPRESENTATION_CONTEXT('2D SPACE',''
  ) );
#942 = PCURVE('',#943,#948);
#943 = CYLINDRICAL_SURFACE('',#944,1.65);
#944 = AXIS2_PLACEMENT_3D('',#945,#946,#947);
#945 = CARTESIAN_POINT('',(-5.E-02,7.15,12.));
#946 = DIRECTION('',(0.,0.,1.));
#947 = DIRECTION('',(-1.,-0.,0.));
#948 = DEFINITIONAL_REPRESENTATION('',(#949),#953);
#949 = LINE('',#950,#951);
#950 = CARTESIAN_POINT('',(0.,3.));
#951 = VECTOR('',#952,1.);
#952 = DIRECTION('',(1.,0.));
#953 = ( GEOMETRIC_REPRESENTATION_CONTEXT(2) 
PARAMETRIC_REPRESENTATION_CONTEXT() REPRESENTATION_CONTEXT('2D SPACE',''
  ) );
#954 = ORIENTED_EDGE('',*,*,#955,.T.);
#955 = EDGE_CURVE('',#925,#956,#958,.T.);
#956 = VERTEX_POINT('',#957);
#957 = CARTESIAN_POINT('',(-1.7,8.35,15.));
#958 = SURFACE_CURVE('',#959,(#963,#969),.PCURVE_S1.);
#959 = LINE('',#960,#961);
#960 = CARTESIAN_POINT('',(-1.7,2.75,15.));
#961 = VECTOR('',#962,1.);
#962 = DIRECTION('',(-0.,1.,0.));
#963 = PCURVE('',#65,#964);
#964 = DEFINITIONAL_REPRESENTATION('',(#965),#968);
#965 = B_SPLINE_CURVE_WITH_KNOTS('',1,(#966,#967),.UNSPECIFIED.,.F.,.F.,
  (2,2),(4.4,5.6),.PIECEWISE_BEZIER_KNOTS.);
#966 = CARTESIAN_POINT('',(-1.7,7.15));
#967 = CARTESIAN_POINT('',(-1.7,8.35));
#968 = ( GEOMETRIC_REPRESENTATION_CONTEXT(2) 
PARAMETRIC_REPRESENTATION_CONTEXT() REPRESENTATION_CONTEXT('2D SPACE',''
  ) );
#969 = PCURVE('',#970,#975);
#970 = PLANE('',#971);
#971 = AXIS2_PLACEMENT_3D('',#972,#973,#974);
#972 = CARTESIAN_POINT('',(-1.7,5.5,12.));
#973 = DIRECTION('',(1.,0.,-0.));
#974 = DIRECTION('',(0.,0.,1.));
#975 = DEFINITIONAL_REPRESENTATION('',(#976),#979);
#976 = B_SPLINE_CURVE_WITH_KNOTS('',1,(#977,#978),.UNSPECIFIED.,.F.,.F.,
  (2,2),(4.4,5.6),.PIECEWISE_BEZIER_KNOTS.);
#977 = CARTESIAN_POINT('',(3.,-1.65));
#978 = CARTESIAN_POINT('',(3.,-2.85));
#979 = ( GEOMETRIC_REPRESENTATION_CONTEXT(2) 
PARAMETRIC_REPRESENTATION_CONTEXT() REPRESENTATION_CONTEXT('2D SPACE',''
  ) );
#980 = ORIENTED_EDGE('',*,*,#981,.F.);
#981 = EDGE_CURVE('',#982,#956,#984,.T.);
#982 = VERTEX_POINT('',#983);
#983 = CARTESIAN_POINT('',(-5.E-02,10.,15.));
#984 = SURFACE_CURVE('',#985,(#990,#997),.PCURVE_S1.);
#985 = CIRCLE('',#986,1.65);
#986 = AXIS2_PLACEMENT_3D('',#987,#988,#989);
#987 = CARTESIAN_POINT('',(-5.E-02,8.35,15.));
#988 = DIRECTION('',(0.,0.,1.));
#989 = DIRECTION('',(-1.,-0.,0.));
#990 = PCURVE('',#65,#991);
#991 = DEFINITIONAL_REPRESENTATION('',(#992),#996);
#992 = CIRCLE('',#993,1.65);
#993 = AXIS2_PLACEMENT_2D('',#994,#995);
#994 = CARTESIAN_POINT('',(-5.E-02,8.35));
#995 = DIRECTION('',(-1.,0.));
#996 = ( GEOMETRIC_REPRESENTATION_CONTEXT(2) 
PARAMETRIC_REPRESENTATION_CONTEXT() REPRESENTATION_CONTEXT('2D SPACE',''
  ) );
#997 = PCURVE('',#998,#1003);
#998 = CYLINDRICAL_SURFACE('',#999,1.65);
#999 = AXIS2_PLACEMENT_3D('',#1000,#1001,#1002);
#1000 = CARTESIAN_POINT('',(-5.E-02,8.35,12.));
#1001 = DIRECTION('',(0.,0.,1.));
#1002 = DIRECTION('',(-1.,-0.,0.));
#1003 = DEFINITIONAL_REPRESENTATION('',(#1004),#1008);
#1004 = LINE('',#1005,#1006);
#1005 = CARTESIAN_POINT('',(-6.28318530718,3.));
#1006 = VECTOR('',#1007,1.);
#1007 = DIRECTION('',(1.,-0.));
#1008 = ( GEOMETRIC_REPRESENTATION_CONTEXT(2) 
PARAMETRIC_REPRESENTATION_CONTEXT() REPRESENTATION_CONTEXT('2D SPACE',''
  ) );
#1009 = ORIENTED_EDGE('',*,*,#1010,.F.);
#1010 = EDGE_CURVE('',#1011,#982,#1013,.T.);
#1011 = VERTEX_POINT('',#1012);
#1012 = CARTESIAN_POINT('',(5.E-02,10.,15.));
#1013 = SURFACE_CURVE('',#1014,(#1018,#1024),.PCURVE_S1.);
#1014 = LINE('',#1015,#1016);
#1015 = CARTESIAN_POINT('',(-0.85,10.,15.));
#1016 = VECTOR('',#1017,1.);
#1017 = DIRECTION('',(-1.,-0.,0.));
#1018 = PCURVE('',#65,#1019);
#1019 = DEFINITIONAL_REPRESENTATION('',(#1020),#1023);
#1020 = B_SPLINE_CURVE_WITH_KNOTS('',1,(#1021,#1022),.UNSPECIFIED.,.F.,
  .F.,(2,2),(-0.9,-0.8),.PIECEWISE_BEZIER_KNOTS.);
#1021 = CARTESIAN_POINT('',(5.E-02,10.));
#1022 = CARTESIAN_POINT('',(-5.E-02,10.));
#1023 = ( GEOMETRIC_REPRESENTATION_CONTEXT(2) 
PARAMETRIC_REPRESENTATION_CONTEXT() REPRESENTATION_CONTEXT('2D SPACE',''
  ) );
#1024 = PCURVE('',#1025,#1030);
#1025 = PLANE('',#1026);
#1026 = AXIS2_PLACEMENT_3D('',#1027,#1028,#1029);
#1027 = CARTESIAN_POINT('',(-1.7,10.,12.));
#1028 = DIRECTION('',(-0.,1.,0.));
#1029 = DIRECTION('',(0.,0.,1.));
#1030 = DEFINITIONAL_REPRESENTATION('',(#1031),#1034);
#1031 = B_SPLINE_CURVE_WITH_KNOTS('',1,(#1032,#1033),.UNSPECIFIED.,.F.,
  .F.,(2,2),(-0.9,-0.8),.PIECEWISE_BEZIER_KNOTS.);
#1032 = CARTESIAN_POINT('',(3.,1.75));
#1033 = CARTESIAN_POINT('',(3.,1.65));
#1034 = ( GEOMETRIC_REPRESENTATION_CONTEXT(2) 
PARAMETRIC_REPRESENTATION_CONTEXT() REPRESENTATION_CONTEXT('2D SPACE',''
  ) );
#1035 = ORIENTED_EDGE('',*,*,#1036,.F.);
#1036 = EDGE_CURVE('',#1037,#1011,#1039,.T.);
#1037 = VERTEX_POINT('',#1038);
#1038 = CARTESIAN_POINT('',(1.7,8.35,15.));
#1039 = SURFACE_CURVE('',#1040,(#1045,#1052),.PCURVE_S1.);
#1040 = CIRCLE('',#1041,1.65);
#1041 = AXIS2_PLACEMENT_3D('',#1042,#1043,#1044);
#1042 = CARTESIAN_POINT('',(5.E-02,8.35,15.));
#1043 = DIRECTION('',(0.,0.,1.));
#1044 = DIRECTION('',(1.,0.,-0.));
#1045 = PCURVE('',#65,#1046);
#1046 = DEFINITIONAL_REPRESENTATION('',(#1047),#1051);
#1047 = CIRCLE('',#1048,1.65);
#1048 = AXIS2_PLACEMENT_2D('',#1049,#1050);
#1049 = CARTESIAN_POINT('',(5.E-02,8.35));
#1050 = DIRECTION('',(1.,0.));
#1051 = ( GEOMETRIC_REPRESENTATION_CONTEXT(2) 
PARAMETRIC_REPRESENTATION_CONTEXT() REPRESENTATION_CONTEXT('2D SPACE',''
  ) );
#1052 = PCURVE('',#1053,#1058);
#1053 = CYLINDRICAL_SURFACE('',#1054,1.65);
#1054 = AXIS2_PLACEMENT_3D('',#1055,#1056,#1057);
#1055 = CARTESIAN_POINT('',(5.E-02,8.35,12.));
#1056 = DIRECTION('',(0.,0.,1.));
#1057 = DIRECTION('',(1.,0.,-0.));
#1058 = DEFINITIONAL_REPRESENTATION('',(#1059),#1063);
#1059 = LINE('',#1060,#1061);
#1060 = CARTESIAN_POINT('',(0.,3.));
#1061 = VECTOR('',#1062,1.);
#1062 = DIRECTION('',(1.,0.));
#1063 = ( GEOMETRIC_REPRESENTATION_CONTEXT(2) 
PARAMETRIC_REPRESENTATION_CONTEXT() REPRESENTATION_CONTEXT('2D SPACE',''
  ) );
#1064 = ORIENTED_EDGE('',*,*,#1065,.F.);
#1065 = EDGE_CURVE('',#1066,#1037,#1068,.T.);
#1066 = VERTEX_POINT('',#1067);
#1067 = CARTESIAN_POINT('',(1.7,7.15,15.));
#1068 = SURFACE_CURVE('',#1069,(#1073,#1079),.PCURVE_S1.);
#1069 = LINE('',#1070,#1071);
#1070 = CARTESIAN_POINT('',(1.7,2.75,15.));
#1071 = VECTOR('',#1072,1.);
#1072 = DIRECTION('',(-0.,1.,0.));
#1073 = PCURVE('',#65,#1074);
#1074 = DEFINITIONAL_REPRESENTATION('',(#1075),#1078);
#1075 = B_SPLINE_CURVE_WITH_KNOTS('',1,(#1076,#1077),.UNSPECIFIED.,.F.,
  .F.,(2,2),(4.4,5.6),.PIECEWISE_BEZIER_KNOTS.);
#1076 = CARTESIAN_POINT('',(1.7,7.15));
#1077 = CARTESIAN_POINT('',(1.7,8.35));
#1078 = ( GEOMETRIC_REPRESENTATION_CONTEXT(2) 
PARAMETRIC_REPRESENTATION_CONTEXT() REPRESENTATION_CONTEXT('2D SPACE',''
  ) );
#1079 = PCURVE('',#1080,#1085);
#1080 = PLANE('',#1081);
#1081 = AXIS2_PLACEMENT_3D('',#1082,#1083,#1084);
#1082 = CARTESIAN_POINT('',(1.7,5.5,12.));
#1083 = DIRECTION('',(1.,0.,-0.));
#1084 = DIRECTION('',(0.,0.,1.));
#1085 = DEFINITIONAL_REPRESENTATION('',(#1086),#1089);
#1086 = B_SPLINE_CURVE_WITH_KNOTS('',1,(#1087,#1088),.UNSPECIFIED.,.F.,
  .F.,(2,2),(4.4,5.6),.PIECEWISE_BEZIER_KNOTS.);
#1087 = CARTESIAN_POINT('',(3.,-1.65));
#1088 = CARTESIAN_POINT('',(3.,-2.85));
#1089 = ( GEOMETRIC_REPRESENTATION_CONTEXT(2) 
PARAMETRIC_REPRESENTATION_CONTEXT() REPRESENTATION_CONTEXT('2D SPACE',''
  ) );
#1090 = ORIENTED_EDGE('',*,*,#1091,.F.);
#1091 = EDGE_CURVE('',#1092,#1066,#1094,.T.);
#1092 = VERTEX_POINT('',#1093);
#1093 = CARTESIAN_POINT('',(5.E-02,5.5,15.));
#1094 = SURFACE_CURVE('',#1095,(#1100,#1107),.PCURVE_S1.);
#1095 = CIRCLE('',#1096,1.65);
#1096 = AXIS2_PLACEMENT_3D('',#1097,#1098,#1099);
#1097 = CARTESIAN_POINT('',(5.E-02,7.15,15.));
#1098 = DIRECTION('',(0.,0.,1.));
#1099 = DIRECTION('',(1.,0.,-0.));
#1100 = PCURVE('',#65,#1101);
#1101 = DEFINITIONAL_REPRESENTATION('',(#1102),#1106);
#1102 = CIRCLE('',#1103,1.65);
#1103 = AXIS2_PLACEMENT_2D('',#1104,#1105);
#1104 = CARTESIAN_POINT('',(5.E-02,7.15));
#1105 = DIRECTION('',(1.,0.));
#1106 = ( GEOMETRIC_REPRESENTATION_CONTEXT(2) 
PARAMETRIC_REPRESENTATION_CONTEXT() REPRESENTATION_CONTEXT('2D SPACE',''
  ) );
#1107 = PCURVE('',#1108,#1113);
#1108 = CYLINDRICAL_SURFACE('',#1109,1.65);
#1109 = AXIS2_PLACEMENT_3D('',#1110,#1111,#1112);
#1110 = CARTESIAN_POINT('',(5.E-02,7.15,12.));
#1111 = DIRECTION('',(0.,0.,1.));
#1112 = DIRECTION('',(1.,0.,-0.));
#1113 = DEFINITIONAL_REPRESENTATION('',(#1114),#1118);
#1114 = LINE('',#1115,#1116);
#1115 = CARTESIAN_POINT('',(-6.28318530718,3.));
#1116 = VECTOR('',#1117,1.);
#1117 = DIRECTION('',(1.,-0.));
#1118 = ( GEOMETRIC_REPRESENTATION_CONTEXT(2) 
PARAMETRIC_REPRESENTATION_CONTEXT() REPRESENTATION_CONTEXT('2D SPACE',''
  ) );
#1119 = ORIENTED_EDGE('',*,*,#1120,.T.);
#1120 = EDGE_CURVE('',#1092,#927,#1121,.T.);
#1121 = SURFACE_CURVE('',#1122,(#1126,#1132),.PCURVE_S1.);
#1122 = LINE('',#1123,#1124);
#1123 = CARTESIAN_POINT('',(-0.85,5.5,15.));
#1124 = VECTOR('',#1125,1.);
#1125 = DIRECTION('',(-1.,-0.,0.));
#1126 = PCURVE('',#65,#1127);
#1127 = DEFINITIONAL_REPRESENTATION('',(#1128),#1131);
#1128 = B_SPLINE_CURVE_WITH_KNOTS('',1,(#1129,#1130),.UNSPECIFIED.,.F.,
  .F.,(2,2),(-0.9,-0.8),.PIECEWISE_BEZIER_KNOTS.);
#1129 = CARTESIAN_POINT('',(5.E-02,5.5));
#1130 = CARTESIAN_POINT('',(-5.E-02,5.5));
#1131 = ( GEOMETRIC_REPRESENTATION_CONTEXT(2) 
PARAMETRIC_REPRESENTATION_CONTEXT() REPRESENTATION_CONTEXT('2D SPACE',''
  ) );
#1132 = PCURVE('',#1133,#1138);
#1133 = PLANE('',#1134);
#1134 = AXIS2_PLACEMENT_3D('',#1135,#1136,#1137);
#1135 = CARTESIAN_POINT('',(-1.7,5.5,12.));
#1136 = DIRECTION('',(-0.,1.,0.));
#1137 = DIRECTION('',(0.,0.,1.));
#1138 = DEFINITIONAL_REPRESENTATION('',(#1139),#1142);
#1139 = B_SPLINE_CURVE_WITH_KNOTS('',1,(#1140,#1141),.UNSPECIFIED.,.F.,
  .F.,(2,2),(-0.9,-0.8),.PIECEWISE_BEZIER_KNOTS.);
#1140 = CARTESIAN_POINT('',(3.,1.75));
#1141 = CARTESIAN_POINT('',(3.,1.65));
#1142 = ( GEOMETRIC_REPRESENTATION_CONTEXT(2) 
PARAMETRIC_REPRESENTATION_CONTEXT() REPRESENTATION_CONTEXT('2D SPACE',''
  ) );
#1143 = FACE_BOUND('',#1144,.T.);
#1144 = EDGE_LOOP('',(#1145));
#1145 = ORIENTED_EDGE('',*,*,#1146,.F.);
#1146 = EDGE_CURVE('',#1147,#1147,#1149,.T.);
#1147 = VERTEX_POINT('',#1148);
#1148 = CARTESIAN_POINT('',(11.953048327205,10.253048327205,15.));
#1149 = SURFACE_CURVE('',#1150,(#1155,#1162),.PCURVE_S1.);
#1150 = CIRCLE('',#1151,1.7);
#1151 = AXIS2_PLACEMENT_3D('',#1152,#1153,#1154);
#1152 = CARTESIAN_POINT('',(10.253048327205,10.253048327205,15.));
#1153 = DIRECTION('',(0.,0.,1.));
#1154 = DIRECTION('',(1.,0.,-0.));
#1155 = PCURVE('',#65,#1156);
#1156 = DEFINITIONAL_REPRESENTATION('',(#1157),#1161);
#1157 = CIRCLE('',#1158,1.7);
#1158 = AXIS2_PLACEMENT_2D('',#1159,#1160);
#1159 = CARTESIAN_POINT('',(10.253048327205,10.253048327205));
#1160 = DIRECTION('',(1.,0.));
#1161 = ( GEOMETRIC_REPRESENTATION_CONTEXT(2) 
PARAMETRIC_REPRESENTATION_CONTEXT() REPRESENTATION_CONTEXT('2D SPACE',''
  ) );
#1162 = PCURVE('',#1163,#1168);
#1163 = CYLINDRICAL_SURFACE('',#1164,1.7);
#1164 = AXIS2_PLACEMENT_3D('',#1165,#1166,#1167);
#1165 = CARTESIAN_POINT('',(10.253048327205,10.253048327205,9.));
#1166 = DIRECTION('',(0.,0.,1.));
#1167 = DIRECTION('',(1.,0.,-0.));
#1168 = DEFINITIONAL_REPRESENTATION('',(#1169),#1173);
#1169 = LINE('',#1170,#1171);
#1170 = CARTESIAN_POINT('',(0.,6.));
#1171 = VECTOR('',#1172,1.);
#1172 = DIRECTION('',(1.,0.));
#1173 = ( GEOMETRIC_REPRESENTATION_CONTEXT(2) 
PARAMETRIC_REPRESENTATION_CONTEXT() REPRESENTATION_CONTEXT('2D SPACE',''
  ) );
#1174 = ADVANCED_FACE('',(#1175,#1178,#1204,#1230,#1256,#1287),#115,.F.
  );
#1175 = FACE_BOUND('',#1176,.F.);
#1176 = EDGE_LOOP('',(#1177));
#1177 = ORIENTED_EDGE('',*,*,#100,.T.);
#1178 = FACE_BOUND('',#1179,.F.);
#1179 = EDGE_LOOP('',(#1180));
#1180 = ORIENTED_EDGE('',*,*,#1181,.F.);
#1181 = EDGE_CURVE('',#1182,#1182,#1184,.T.);
#1182 = VERTEX_POINT('',#1183);
#1183 = CARTESIAN_POINT('',(-8.553048327205,-10.2530483272,11.));
#1184 = SURFACE_CURVE('',#1185,(#1190,#1197),.PCURVE_S1.);
#1185 = CIRCLE('',#1186,1.7);
#1186 = AXIS2_PLACEMENT_3D('',#1187,#1188,#1189);
#1187 = CARTESIAN_POINT('',(-10.2530483272,-10.2530483272,11.));
#1188 = DIRECTION('',(0.,0.,1.));
#1189 = DIRECTION('',(1.,0.,-0.));
#1190 = PCURVE('',#115,#1191);
#1191 = DEFINITIONAL_REPRESENTATION('',(#1192),#1196);
#1192 = CIRCLE('',#1193,1.7);
#1193 = AXIS2_PLACEMENT_2D('',#1194,#1195);
#1194 = CARTESIAN_POINT('',(-10.2530483272,-10.2530483272));
#1195 = DIRECTION('',(1.,0.));
#1196 = ( GEOMETRIC_REPRESENTATION_CONTEXT(2) 
PARAMETRIC_REPRESENTATION_CONTEXT() REPRESENTATION_CONTEXT('2D SPACE',''
  ) );
#1197 = PCURVE('',#151,#1198);
#1198 = DEFINITIONAL_REPRESENTATION('',(#1199),#1203);
#1199 = LINE('',#1200,#1201);
#1200 = CARTESIAN_POINT('',(0.,2.));
#1201 = VECTOR('',#1202,1.);
#1202 = DIRECTION('',(1.,0.));
#1203 = ( GEOMETRIC_REPRESENTATION_CONTEXT(2) 
PARAMETRIC_REPRESENTATION_CONTEXT() REPRESENTATION_CONTEXT('2D SPACE',''
  ) );
#1204 = FACE_BOUND('',#1205,.F.);
#1205 = EDGE_LOOP('',(#1206));
#1206 = ORIENTED_EDGE('',*,*,#1207,.F.);
#1207 = EDGE_CURVE('',#1208,#1208,#1210,.T.);
#1208 = VERTEX_POINT('',#1209);
#1209 = CARTESIAN_POINT('',(11.953048327205,-10.2530483272,11.));
#1210 = SURFACE_CURVE('',#1211,(#1216,#1223),.PCURVE_S1.);
#1211 = CIRCLE('',#1212,1.7);
#1212 = AXIS2_PLACEMENT_3D('',#1213,#1214,#1215);
#1213 = CARTESIAN_POINT('',(10.253048327205,-10.2530483272,11.));
#1214 = DIRECTION('',(0.,0.,1.));
#1215 = DIRECTION('',(1.,0.,-0.));
#1216 = PCURVE('',#115,#1217);
#1217 = DEFINITIONAL_REPRESENTATION('',(#1218),#1222);
#1218 = CIRCLE('',#1219,1.7);
#1219 = AXIS2_PLACEMENT_2D('',#1220,#1221);
#1220 = CARTESIAN_POINT('',(10.253048327205,-10.2530483272));
#1221 = DIRECTION('',(1.,0.));
#1222 = ( GEOMETRIC_REPRESENTATION_CONTEXT(2) 
PARAMETRIC_REPRESENTATION_CONTEXT() REPRESENTATION_CONTEXT('2D SPACE',''
  ) );
#1223 = PCURVE('',#404,#1224);
#1224 = DEFINITIONAL_REPRESENTATION('',(#1225),#1229);
#1225 = LINE('',#1226,#1227);
#1226 = CARTESIAN_POINT('',(0.,2.));
#1227 = VECTOR('',#1228,1.);
#1228 = DIRECTION('',(1.,0.));
#1229 = ( GEOMETRIC_REPRESENTATION_CONTEXT(2) 
PARAMETRIC_REPRESENTATION_CONTEXT() REPRESENTATION_CONTEXT('2D SPACE',''
  ) );
#1230 = FACE_BOUND('',#1231,.F.);
#1231 = EDGE_LOOP('',(#1232));
#1232 = ORIENTED_EDGE('',*,*,#1233,.F.);
#1233 = EDGE_CURVE('',#1234,#1234,#1236,.T.);
#1234 = VERTEX_POINT('',#1235);
#1235 = CARTESIAN_POINT('',(-8.553048327205,10.253048327205,11.));
#1236 = SURFACE_CURVE('',#1237,(#1242,#1249),.PCURVE_S1.);
#1237 = CIRCLE('',#1238,1.7);
#1238 = AXIS2_PLACEMENT_3D('',#1239,#1240,#1241);
#1239 = CARTESIAN_POINT('',(-10.2530483272,10.253048327205,11.));
#1240 = DIRECTION('',(0.,0.,1.));
#1241 = DIRECTION('',(1.,0.,-0.));
#1242 = PCURVE('',#115,#1243);
#1243 = DEFINITIONAL_REPRESENTATION('',(#1244),#1248);
#1244 = CIRCLE('',#1245,1.7);
#1245 = AXIS2_PLACEMENT_2D('',#1246,#1247);
#1246 = CARTESIAN_POINT('',(-10.2530483272,10.253048327205));
#1247 = DIRECTION('',(1.,0.));
#1248 = ( GEOMETRIC_REPRESENTATION_CONTEXT(2) 
PARAMETRIC_REPRESENTATION_CONTEXT() REPRESENTATION_CONTEXT('2D SPACE',''
  ) );
#1249 = PCURVE('',#657,#1250);
#1250 = DEFINITIONAL_REPRESENTATION('',(#1251),#1255);
#1251 = LINE('',#1252,#1253);
#1252 = CARTESIAN_POINT('',(0.,2.));
#1253 = VECTOR('',#1254,1.);
#1254 = DIRECTION('',(1.,0.));
#1255 = ( GEOMETRIC_REPRESENTATION_CONTEXT(2) 
PARAMETRIC_REPRESENTATION_CONTEXT() REPRESENTATION_CONTEXT('2D SPACE',''
  ) );
#1256 = FACE_BOUND('',#1257,.F.);
#1257 = EDGE_LOOP('',(#1258));
#1258 = ORIENTED_EDGE('',*,*,#1259,.F.);
#1259 = EDGE_CURVE('',#1260,#1260,#1262,.T.);
#1260 = VERTEX_POINT('',#1261);
#1261 = CARTESIAN_POINT('',(1.7,-4.163799117101E-16,11.));
#1262 = SURFACE_CURVE('',#1263,(#1268,#1275),.PCURVE_S1.);
#1263 = CIRCLE('',#1264,1.7);
#1264 = AXIS2_PLACEMENT_3D('',#1265,#1266,#1267);
#1265 = CARTESIAN_POINT('',(0.,0.,11.));
#1266 = DIRECTION('',(0.,0.,1.));
#1267 = DIRECTION('',(1.,0.,-0.));
#1268 = PCURVE('',#115,#1269);
#1269 = DEFINITIONAL_REPRESENTATION('',(#1270),#1274);
#1270 = CIRCLE('',#1271,1.7);
#1271 = AXIS2_PLACEMENT_2D('',#1272,#1273);
#1272 = CARTESIAN_POINT('',(0.,0.));
#1273 = DIRECTION('',(1.,0.));
#1274 = ( GEOMETRIC_REPRESENTATION_CONTEXT(2) 
PARAMETRIC_REPRESENTATION_CONTEXT() REPRESENTATION_CONTEXT('2D SPACE',''
  ) );
#1275 = PCURVE('',#1276,#1281);
#1276 = CYLINDRICAL_SURFACE('',#1277,1.7);
#1277 = AXIS2_PLACEMENT_3D('',#1278,#1279,#1280);
#1278 = CARTESIAN_POINT('',(0.,0.,9.));
#1279 = DIRECTION('',(0.,0.,1.));
#1280 = DIRECTION('',(1.,0.,-0.));
#1281 = DEFINITIONAL_REPRESENTATION('',(#1282),#1286);
#1282 = LINE('',#1283,#1284);
#1283 = CARTESIAN_POINT('',(0.,2.));
#1284 = VECTOR('',#1285,1.);
#1285 = DIRECTION('',(1.,0.));
#1286 = ( GEOMETRIC_REPRESENTATION_CONTEXT(2) 
PARAMETRIC_REPRESENTATION_CONTEXT() REPRESENTATION_CONTEXT('2D SPACE',''
  ) );
#1287 = FACE_BOUND('',#1288,.F.);
#1288 = EDGE_LOOP('',(#1289));
#1289 = ORIENTED_EDGE('',*,*,#1290,.F.);
#1290 = EDGE_CURVE('',#1291,#1291,#1293,.T.);
#1291 = VERTEX_POINT('',#1292);
#1292 = CARTESIAN_POINT('',(11.953048327205,10.253048327205,11.));
#1293 = SURFACE_CURVE('',#1294,(#1299,#1306),.PCURVE_S1.);
#1294 = CIRCLE('',#1295,1.7);
#1295 = AXIS2_PLACEMENT_3D('',#1296,#1297,#1298);
#1296 = CARTESIAN_POINT('',(10.253048327205,10.253048327205,11.));
#1297 = DIRECTION('',(0.,0.,1.));
#1298 = DIRECTION('',(1.,0.,-0.));
#1299 = PCURVE('',#115,#1300);
#1300 = DEFINITIONAL_REPRESENTATION('',(#1301),#1305);
#1301 = CIRCLE('',#1302,1.7);
#1302 = AXIS2_PLACEMENT_2D('',#1303,#1304);
#1303 = CARTESIAN_POINT('',(10.253048327205,10.253048327205));
#1304 = DIRECTION('',(1.,0.));
#1305 = ( GEOMETRIC_REPRESENTATION_CONTEXT(2) 
PARAMETRIC_REPRESENTATION_CONTEXT() REPRESENTATION_CONTEXT('2D SPACE',''
  ) );
#1306 = PCURVE('',#1163,#1307);
#1307 = DEFINITIONAL_REPRESENTATION('',(#1308),#1312);
#1308 = LINE('',#1309,#1310);
#1309 = CARTESIAN_POINT('',(0.,2.));
#1310 = VECTOR('',#1311,1.);
#1311 = DIRECTION('',(1.,0.));
#1312 = ( GEOMETRIC_REPRESENTATION_CONTEXT(2) 
PARAMETRIC_REPRESENTATION_CONTEXT() REPRESENTATION_CONTEXT('2D SPACE',''
  ) );
#1313 = ADVANCED_FACE('',(#1314),#151,.F.);
#1314 = FACE_BOUND('',#1315,.F.);
#1315 = EDGE_LOOP('',(#1316,#1337,#1338,#1339));
#1316 = ORIENTED_EDGE('',*,*,#1317,.T.);
#1317 = EDGE_CURVE('',#1182,#135,#1318,.T.);
#1318 = SEAM_CURVE('',#1319,(#1323,#1330),.PCURVE_S1.);
#1319 = LINE('',#1320,#1321);
#1320 = CARTESIAN_POINT('',(-8.553048327205,-10.2530483272,9.));
#1321 = VECTOR('',#1322,1.);
#1322 = DIRECTION('',(0.,0.,1.));
#1323 = PCURVE('',#151,#1324);
#1324 = DEFINITIONAL_REPRESENTATION('',(#1325),#1329);
#1325 = LINE('',#1326,#1327);
#1326 = CARTESIAN_POINT('',(6.28318530718,-0.));
#1327 = VECTOR('',#1328,1.);
#1328 = DIRECTION('',(0.,1.));
#1329 = ( GEOMETRIC_REPRESENTATION_CONTEXT(2) 
PARAMETRIC_REPRESENTATION_CONTEXT() REPRESENTATION_CONTEXT('2D SPACE',''
  ) );
#1330 = PCURVE('',#151,#1331);
#1331 = DEFINITIONAL_REPRESENTATION('',(#1332),#1336);
#1332 = LINE('',#1333,#1334);
#1333 = CARTESIAN_POINT('',(0.,-0.));
#1334 = VECTOR('',#1335,1.);
#1335 = DIRECTION('',(0.,1.));
#1336 = ( GEOMETRIC_REPRESENTATION_CONTEXT(2) 
PARAMETRIC_REPRESENTATION_CONTEXT() REPRESENTATION_CONTEXT('2D SPACE',''
  ) );
#1337 = ORIENTED_EDGE('',*,*,#134,.F.);
#1338 = ORIENTED_EDGE('',*,*,#1317,.F.);
#1339 = ORIENTED_EDGE('',*,*,#1181,.T.);
#1340 = ADVANCED_FACE('',(#1341),#184,.F.);
#1341 = FACE_BOUND('',#1342,.F.);
#1342 = EDGE_LOOP('',(#1343,#1366,#1395,#1416));
#1343 = ORIENTED_EDGE('',*,*,#1344,.F.);
#1344 = EDGE_CURVE('',#1345,#166,#1347,.T.);
#1345 = VERTEX_POINT('',#1346);
#1346 = CARTESIAN_POINT('',(-1.7,-8.35,13.65));
#1347 = SURFACE_CURVE('',#1348,(#1352,#1359),.PCURVE_S1.);
#1348 = LINE('',#1349,#1350);
#1349 = CARTESIAN_POINT('',(-1.7,-8.35,12.));
#1350 = VECTOR('',#1351,1.);
#1351 = DIRECTION('',(0.,0.,1.));
#1352 = PCURVE('',#184,#1353);
#1353 = DEFINITIONAL_REPRESENTATION('',(#1354),#1358);
#1354 = LINE('',#1355,#1356);
#1355 = CARTESIAN_POINT('',(0.,0.));
#1356 = VECTOR('',#1357,1.);
#1357 = DIRECTION('',(0.,1.));
#1358 = ( GEOMETRIC_REPRESENTATION_CONTEXT(2) 
PARAMETRIC_REPRESENTATION_CONTEXT() REPRESENTATION_CONTEXT('2D SPACE',''
  ) );
#1359 = PCURVE('',#211,#1360);
#1360 = DEFINITIONAL_REPRESENTATION('',(#1361),#1365);
#1361 = LINE('',#1362,#1363);
#1362 = CARTESIAN_POINT('',(0.,-1.65));
#1363 = VECTOR('',#1364,1.);
#1364 = DIRECTION('',(1.,0.));
#1365 = ( GEOMETRIC_REPRESENTATION_CONTEXT(2) 
PARAMETRIC_REPRESENTATION_CONTEXT() REPRESENTATION_CONTEXT('2D SPACE',''
  ) );
#1366 = ORIENTED_EDGE('',*,*,#1367,.T.);
#1367 = EDGE_CURVE('',#1345,#1368,#1370,.T.);
#1368 = VERTEX_POINT('',#1369);
#1369 = CARTESIAN_POINT('',(-5.E-02,-10.,13.65));
#1370 = SURFACE_CURVE('',#1371,(#1376,#1383),.PCURVE_S1.);
#1371 = CIRCLE('',#1372,1.65);
#1372 = AXIS2_PLACEMENT_3D('',#1373,#1374,#1375);
#1373 = CARTESIAN_POINT('',(-5.E-02,-8.35,13.65));
#1374 = DIRECTION('',(0.,0.,1.));
#1375 = DIRECTION('',(-1.,0.,0.));
#1376 = PCURVE('',#184,#1377);
#1377 = DEFINITIONAL_REPRESENTATION('',(#1378),#1382);
#1378 = LINE('',#1379,#1380);
#1379 = CARTESIAN_POINT('',(0.,1.65));
#1380 = VECTOR('',#1381,1.);
#1381 = DIRECTION('',(1.,0.));
#1382 = ( GEOMETRIC_REPRESENTATION_CONTEXT(2) 
PARAMETRIC_REPRESENTATION_CONTEXT() REPRESENTATION_CONTEXT('2D SPACE',''
  ) );
#1383 = PCURVE('',#1384,#1389);
#1384 = SPHERICAL_SURFACE('',#1385,1.65);
#1385 = AXIS2_PLACEMENT_3D('',#1386,#1387,#1388);
#1386 = CARTESIAN_POINT('',(-5.E-02,-8.35,13.65));
#1387 = DIRECTION('',(0.,0.,1.));
#1388 = DIRECTION('',(-1.,0.,0.));
#1389 = DEFINITIONAL_REPRESENTATION('',(#1390),#1394);
#1390 = LINE('',#1391,#1392);
#1391 = CARTESIAN_POINT('',(0.,0.));
#1392 = VECTOR('',#1393,1.);
#1393 = DIRECTION('',(1.,0.));
#1394 = ( GEOMETRIC_REPRESENTATION_CONTEXT(2) 
PARAMETRIC_REPRESENTATION_CONTEXT() REPRESENTATION_CONTEXT('2D SPACE',''
  ) );
#1395 = ORIENTED_EDGE('',*,*,#1396,.T.);
#1396 = EDGE_CURVE('',#1368,#168,#1397,.T.);
#1397 = SURFACE_CURVE('',#1398,(#1402,#1409),.PCURVE_S1.);
#1398 = LINE('',#1399,#1400);
#1399 = CARTESIAN_POINT('',(-5.E-02,-10.,12.));
#1400 = VECTOR('',#1401,1.);
#1401 = DIRECTION('',(0.,0.,1.));
#1402 = PCURVE('',#184,#1403);
#1403 = DEFINITIONAL_REPRESENTATION('',(#1404),#1408);
#1404 = LINE('',#1405,#1406);
#1405 = CARTESIAN_POINT('',(1.570796326795,0.));
#1406 = VECTOR('',#1407,1.);
#1407 = DIRECTION('',(0.,1.));
#1408 = ( GEOMETRIC_REPRESENTATION_CONTEXT(2) 
PARAMETRIC_REPRESENTATION_CONTEXT() REPRESENTATION_CONTEXT('2D SPACE',''
  ) );
#1409 = PCURVE('',#374,#1410);
#1410 = DEFINITIONAL_REPRESENTATION('',(#1411),#1415);
#1411 = LINE('',#1412,#1413);
#1412 = CARTESIAN_POINT('',(0.,1.65));
#1413 = VECTOR('',#1414,1.);
#1414 = DIRECTION('',(1.,0.));
#1415 = ( GEOMETRIC_REPRESENTATION_CONTEXT(2) 
PARAMETRIC_REPRESENTATION_CONTEXT() REPRESENTATION_CONTEXT('2D SPACE',''
  ) );
#1416 = ORIENTED_EDGE('',*,*,#165,.F.);
#1417 = ADVANCED_FACE('',(#1418),#211,.T.);
#1418 = FACE_BOUND('',#1419,.T.);
#1419 = EDGE_LOOP('',(#1420,#1421,#1449,#1470));
#1420 = ORIENTED_EDGE('',*,*,#1344,.F.);
#1421 = ORIENTED_EDGE('',*,*,#1422,.T.);
#1422 = EDGE_CURVE('',#1345,#1423,#1425,.T.);
#1423 = VERTEX_POINT('',#1424);
#1424 = CARTESIAN_POINT('',(-1.7,-7.15,13.65));
#1425 = SURFACE_CURVE('',#1426,(#1430,#1437),.PCURVE_S1.);
#1426 = LINE('',#1427,#1428);
#1427 = CARTESIAN_POINT('',(-1.7,-10.,13.65));
#1428 = VECTOR('',#1429,1.);
#1429 = DIRECTION('',(-0.,1.,0.));
#1430 = PCURVE('',#211,#1431);
#1431 = DEFINITIONAL_REPRESENTATION('',(#1432),#1436);
#1432 = LINE('',#1433,#1434);
#1433 = CARTESIAN_POINT('',(1.65,0.));
#1434 = VECTOR('',#1435,1.);
#1435 = DIRECTION('',(0.,-1.));
#1436 = ( GEOMETRIC_REPRESENTATION_CONTEXT(2) 
PARAMETRIC_REPRESENTATION_CONTEXT() REPRESENTATION_CONTEXT('2D SPACE',''
  ) );
#1437 = PCURVE('',#1438,#1443);
#1438 = CYLINDRICAL_SURFACE('',#1439,1.65);
#1439 = AXIS2_PLACEMENT_3D('',#1440,#1441,#1442);
#1440 = CARTESIAN_POINT('',(-5.E-02,-10.,13.65));
#1441 = DIRECTION('',(-0.,1.,0.));
#1442 = DIRECTION('',(-1.,-0.,0.));
#1443 = DEFINITIONAL_REPRESENTATION('',(#1444),#1448);
#1444 = LINE('',#1445,#1446);
#1445 = CARTESIAN_POINT('',(-0.,0.));
#1446 = VECTOR('',#1447,1.);
#1447 = DIRECTION('',(-0.,1.));
#1448 = ( GEOMETRIC_REPRESENTATION_CONTEXT(2) 
PARAMETRIC_REPRESENTATION_CONTEXT() REPRESENTATION_CONTEXT('2D SPACE',''
  ) );
#1449 = ORIENTED_EDGE('',*,*,#1450,.T.);
#1450 = EDGE_CURVE('',#1423,#197,#1451,.T.);
#1451 = SURFACE_CURVE('',#1452,(#1456,#1463),.PCURVE_S1.);
#1452 = LINE('',#1453,#1454);
#1453 = CARTESIAN_POINT('',(-1.7,-7.15,12.));
#1454 = VECTOR('',#1455,1.);
#1455 = DIRECTION('',(0.,0.,1.));
#1456 = PCURVE('',#211,#1457);
#1457 = DEFINITIONAL_REPRESENTATION('',(#1458),#1462);
#1458 = LINE('',#1459,#1460);
#1459 = CARTESIAN_POINT('',(0.,-2.85));
#1460 = VECTOR('',#1461,1.);
#1461 = DIRECTION('',(1.,0.));
#1462 = ( GEOMETRIC_REPRESENTATION_CONTEXT(2) 
PARAMETRIC_REPRESENTATION_CONTEXT() REPRESENTATION_CONTEXT('2D SPACE',''
  ) );
#1463 = PCURVE('',#239,#1464);
#1464 = DEFINITIONAL_REPRESENTATION('',(#1465),#1469);
#1465 = LINE('',#1466,#1467);
#1466 = CARTESIAN_POINT('',(-0.,0.));
#1467 = VECTOR('',#1468,1.);
#1468 = DIRECTION('',(-0.,1.));
#1469 = ( GEOMETRIC_REPRESENTATION_CONTEXT(2) 
PARAMETRIC_REPRESENTATION_CONTEXT() REPRESENTATION_CONTEXT('2D SPACE',''
  ) );
#1470 = ORIENTED_EDGE('',*,*,#196,.F.);
#1471 = ADVANCED_FACE('',(#1472),#374,.T.);
#1472 = FACE_BOUND('',#1473,.T.);
#1473 = EDGE_LOOP('',(#1474,#1502,#1503,#1504));
#1474 = ORIENTED_EDGE('',*,*,#1475,.F.);
#1475 = EDGE_CURVE('',#1368,#1476,#1478,.T.);
#1476 = VERTEX_POINT('',#1477);
#1477 = CARTESIAN_POINT('',(5.E-02,-10.,13.65));
#1478 = SURFACE_CURVE('',#1479,(#1483,#1490),.PCURVE_S1.);
#1479 = LINE('',#1480,#1481);
#1480 = CARTESIAN_POINT('',(-1.7,-10.,13.65));
#1481 = VECTOR('',#1482,1.);
#1482 = DIRECTION('',(1.,0.,-0.));
#1483 = PCURVE('',#374,#1484);
#1484 = DEFINITIONAL_REPRESENTATION('',(#1485),#1489);
#1485 = LINE('',#1486,#1487);
#1486 = CARTESIAN_POINT('',(1.65,0.));
#1487 = VECTOR('',#1488,1.);
#1488 = DIRECTION('',(0.,1.));
#1489 = ( GEOMETRIC_REPRESENTATION_CONTEXT(2) 
PARAMETRIC_REPRESENTATION_CONTEXT() REPRESENTATION_CONTEXT('2D SPACE',''
  ) );
#1490 = PCURVE('',#1491,#1496);
#1491 = CYLINDRICAL_SURFACE('',#1492,1.65);
#1492 = AXIS2_PLACEMENT_3D('',#1493,#1494,#1495);
#1493 = CARTESIAN_POINT('',(-1.7,-8.35,13.65));
#1494 = DIRECTION('',(1.,0.,-0.));
#1495 = DIRECTION('',(0.,-1.,0.));
#1496 = DEFINITIONAL_REPRESENTATION('',(#1497),#1501);
#1497 = LINE('',#1498,#1499);
#1498 = CARTESIAN_POINT('',(0.,0.));
#1499 = VECTOR('',#1500,1.);
#1500 = DIRECTION('',(0.,1.));
#1501 = ( GEOMETRIC_REPRESENTATION_CONTEXT(2) 
PARAMETRIC_REPRESENTATION_CONTEXT() REPRESENTATION_CONTEXT('2D SPACE',''
  ) );
#1502 = ORIENTED_EDGE('',*,*,#1396,.T.);
#1503 = ORIENTED_EDGE('',*,*,#361,.F.);
#1504 = ORIENTED_EDGE('',*,*,#1505,.F.);
#1505 = EDGE_CURVE('',#1476,#333,#1506,.T.);
#1506 = SURFACE_CURVE('',#1507,(#1511,#1518),.PCURVE_S1.);
#1507 = LINE('',#1508,#1509);
#1508 = CARTESIAN_POINT('',(5.E-02,-10.,12.));
#1509 = VECTOR('',#1510,1.);
#1510 = DIRECTION('',(0.,0.,1.));
#1511 = PCURVE('',#374,#1512);
#1512 = DEFINITIONAL_REPRESENTATION('',(#1513),#1517);
#1513 = LINE('',#1514,#1515);
#1514 = CARTESIAN_POINT('',(0.,1.75));
#1515 = VECTOR('',#1516,1.);
#1516 = DIRECTION('',(1.,0.));
#1517 = ( GEOMETRIC_REPRESENTATION_CONTEXT(2) 
PARAMETRIC_REPRESENTATION_CONTEXT() REPRESENTATION_CONTEXT('2D SPACE',''
  ) );
#1518 = PCURVE('',#349,#1519);
#1519 = DEFINITIONAL_REPRESENTATION('',(#1520),#1524);
#1520 = LINE('',#1521,#1522);
#1521 = CARTESIAN_POINT('',(-1.570796326795,0.));
#1522 = VECTOR('',#1523,1.);
#1523 = DIRECTION('',(-0.,1.));
#1524 = ( GEOMETRIC_REPRESENTATION_CONTEXT(2) 
PARAMETRIC_REPRESENTATION_CONTEXT() REPRESENTATION_CONTEXT('2D SPACE',''
  ) );
#1525 = ADVANCED_FACE('',(#1526),#239,.F.);
#1526 = FACE_BOUND('',#1527,.T.);
#1527 = EDGE_LOOP('',(#1528,#1529,#1558,#1584,#1613,#1634));
#1528 = ORIENTED_EDGE('',*,*,#1450,.F.);
#1529 = ORIENTED_EDGE('',*,*,#1530,.T.);
#1530 = EDGE_CURVE('',#1423,#1531,#1533,.T.);
#1531 = VERTEX_POINT('',#1532);
#1532 = CARTESIAN_POINT('',(-1.662394765656,-6.799738498142,13.65));
#1533 = SURFACE_CURVE('',#1534,(#1539,#1546),.PCURVE_S1.);
#1534 = CIRCLE('',#1535,1.65);
#1535 = AXIS2_PLACEMENT_3D('',#1536,#1537,#1538);
#1536 = CARTESIAN_POINT('',(-5.E-02,-7.15,13.65));
#1537 = DIRECTION('',(-0.,0.,-1.));
#1538 = DIRECTION('',(-1.,-1.345724878334E-16,0.));
#1539 = PCURVE('',#239,#1540);
#1540 = DEFINITIONAL_REPRESENTATION('',(#1541),#1545);
#1541 = LINE('',#1542,#1543);
#1542 = CARTESIAN_POINT('',(-0.,1.65));
#1543 = VECTOR('',#1544,1.);
#1544 = DIRECTION('',(-1.,0.));
#1545 = ( GEOMETRIC_REPRESENTATION_CONTEXT(2) 
PARAMETRIC_REPRESENTATION_CONTEXT() REPRESENTATION_CONTEXT('2D SPACE',''
  ) );
#1546 = PCURVE('',#1547,#1552);
#1547 = SPHERICAL_SURFACE('',#1548,1.65);
#1548 = AXIS2_PLACEMENT_3D('',#1549,#1550,#1551);
#1549 = CARTESIAN_POINT('',(-5.E-02,-7.15,13.65));
#1550 = DIRECTION('',(0.,0.,1.));
#1551 = DIRECTION('',(-1.,-1.345724878334E-16,0.));
#1552 = DEFINITIONAL_REPRESENTATION('',(#1553),#1557);
#1553 = LINE('',#1554,#1555);
#1554 = CARTESIAN_POINT('',(-0.,0.));
#1555 = VECTOR('',#1556,1.);
#1556 = DIRECTION('',(-1.,0.));
#1557 = ( GEOMETRIC_REPRESENTATION_CONTEXT(2) 
PARAMETRIC_REPRESENTATION_CONTEXT() REPRESENTATION_CONTEXT('2D SPACE',''
  ) );
#1558 = ORIENTED_EDGE('',*,*,#1559,.T.);
#1559 = EDGE_CURVE('',#1531,#1560,#1562,.T.);
#1560 = VERTEX_POINT('',#1561);
#1561 = CARTESIAN_POINT('',(-1.662394765656,-6.799738498142,13.7));
#1562 = SURFACE_CURVE('',#1563,(#1567,#1573),.PCURVE_S1.);
#1563 = LINE('',#1564,#1565);
#1564 = CARTESIAN_POINT('',(-1.662394765656,-6.799738498142,12.));
#1565 = VECTOR('',#1566,1.);
#1566 = DIRECTION('',(0.,0.,1.));
#1567 = PCURVE('',#239,#1568);
#1568 = DEFINITIONAL_REPRESENTATION('',(#1569),#1572);
#1569 = B_SPLINE_CURVE_WITH_KNOTS('',1,(#1570,#1571),.UNSPECIFIED.,.F.,
  .F.,(2,2),(1.6499994,1.7000006),.PIECEWISE_BEZIER_KNOTS.);
#1570 = CARTESIAN_POINT('',(-0.213907237635,1.6499994));
#1571 = CARTESIAN_POINT('',(-0.213907237635,1.7000006));
#1572 = ( GEOMETRIC_REPRESENTATION_CONTEXT(2) 
PARAMETRIC_REPRESENTATION_CONTEXT() REPRESENTATION_CONTEXT('2D SPACE',''
  ) );
#1573 = PCURVE('',#1574,#1579);
#1574 = CYLINDRICAL_SURFACE('',#1575,7.);
#1575 = AXIS2_PLACEMENT_3D('',#1576,#1577,#1578);
#1576 = CARTESIAN_POINT('',(0.,0.,12.1));
#1577 = DIRECTION('',(0.,0.,1.));
#1578 = DIRECTION('',(1.,0.,-0.));
#1579 = DEFINITIONAL_REPRESENTATION('',(#1580),#1583);
#1580 = B_SPLINE_CURVE_WITH_KNOTS('',1,(#1581,#1582),.UNSPECIFIED.,.F.,
  .F.,(2,2),(1.6499994,1.7000006),.PIECEWISE_BEZIER_KNOTS.);
#1581 = CARTESIAN_POINT('',(4.472613056808,1.5499994));
#1582 = CARTESIAN_POINT('',(4.472613056808,1.6000006));
#1583 = ( GEOMETRIC_REPRESENTATION_CONTEXT(2) 
PARAMETRIC_REPRESENTATION_CONTEXT() REPRESENTATION_CONTEXT('2D SPACE',''
  ) );
#1584 = ORIENTED_EDGE('',*,*,#1585,.F.);
#1585 = EDGE_CURVE('',#1586,#1560,#1588,.T.);
#1586 = VERTEX_POINT('',#1587);
#1587 = CARTESIAN_POINT('',(-5.E-02,-5.5,13.7));
#1588 = SURFACE_CURVE('',#1589,(#1594,#1601),.PCURVE_S1.);
#1589 = CIRCLE('',#1590,1.65);
#1590 = AXIS2_PLACEMENT_3D('',#1591,#1592,#1593);
#1591 = CARTESIAN_POINT('',(-5.E-02,-7.15,13.7));
#1592 = DIRECTION('',(0.,0.,1.));
#1593 = DIRECTION('',(-1.,-0.,0.));
#1594 = PCURVE('',#239,#1595);
#1595 = DEFINITIONAL_REPRESENTATION('',(#1596),#1600);
#1596 = LINE('',#1597,#1598);
#1597 = CARTESIAN_POINT('',(-6.28318530718,1.7));
#1598 = VECTOR('',#1599,1.);
#1599 = DIRECTION('',(1.,-0.));
#1600 = ( GEOMETRIC_REPRESENTATION_CONTEXT(2) 
PARAMETRIC_REPRESENTATION_CONTEXT() REPRESENTATION_CONTEXT('2D SPACE',''
  ) );
#1601 = PCURVE('',#1602,#1607);
#1602 = PLANE('',#1603);
#1603 = AXIS2_PLACEMENT_3D('',#1604,#1605,#1606);
#1604 = CARTESIAN_POINT('',(0.,0.,13.7));
#1605 = DIRECTION('',(0.,0.,1.));
#1606 = DIRECTION('',(1.,0.,-0.));
#1607 = DEFINITIONAL_REPRESENTATION('',(#1608),#1612);
#1608 = CIRCLE('',#1609,1.65);
#1609 = AXIS2_PLACEMENT_2D('',#1610,#1611);
#1610 = CARTESIAN_POINT('',(-5.E-02,-7.15));
#1611 = DIRECTION('',(-1.,0.));
#1612 = ( GEOMETRIC_REPRESENTATION_CONTEXT(2) 
PARAMETRIC_REPRESENTATION_CONTEXT() REPRESENTATION_CONTEXT('2D SPACE',''
  ) );
#1613 = ORIENTED_EDGE('',*,*,#1614,.T.);
#1614 = EDGE_CURVE('',#1586,#223,#1615,.T.);
#1615 = SURFACE_CURVE('',#1616,(#1620,#1627),.PCURVE_S1.);
#1616 = LINE('',#1617,#1618);
#1617 = CARTESIAN_POINT('',(-5.E-02,-5.5,12.));
#1618 = VECTOR('',#1619,1.);
#1619 = DIRECTION('',(0.,0.,1.));
#1620 = PCURVE('',#239,#1621);
#1621 = DEFINITIONAL_REPRESENTATION('',(#1622),#1626);
#1622 = LINE('',#1623,#1624);
#1623 = CARTESIAN_POINT('',(-1.570796326795,0.));
#1624 = VECTOR('',#1625,1.);
#1625 = DIRECTION('',(-0.,1.));
#1626 = ( GEOMETRIC_REPRESENTATION_CONTEXT(2) 
PARAMETRIC_REPRESENTATION_CONTEXT() REPRESENTATION_CONTEXT('2D SPACE',''
  ) );
#1627 = PCURVE('',#266,#1628);
#1628 = DEFINITIONAL_REPRESENTATION('',(#1629),#1633);
#1629 = LINE('',#1630,#1631);
#1630 = CARTESIAN_POINT('',(0.,1.65));
#1631 = VECTOR('',#1632,1.);
#1632 = DIRECTION('',(1.,0.));
#1633 = ( GEOMETRIC_REPRESENTATION_CONTEXT(2) 
PARAMETRIC_REPRESENTATION_CONTEXT() REPRESENTATION_CONTEXT('2D SPACE',''
  ) );
#1634 = ORIENTED_EDGE('',*,*,#222,.T.);
#1635 = ADVANCED_FACE('',(#1636),#349,.F.);
#1636 = FACE_BOUND('',#1637,.T.);
#1637 = EDGE_LOOP('',(#1638,#1661,#1688,#1689));
#1638 = ORIENTED_EDGE('',*,*,#1639,.F.);
#1639 = EDGE_CURVE('',#1640,#307,#1642,.T.);
#1640 = VERTEX_POINT('',#1641);
#1641 = CARTESIAN_POINT('',(1.7,-8.35,13.65));
#1642 = SURFACE_CURVE('',#1643,(#1647,#1654),.PCURVE_S1.);
#1643 = LINE('',#1644,#1645);
#1644 = CARTESIAN_POINT('',(1.7,-8.35,12.));
#1645 = VECTOR('',#1646,1.);
#1646 = DIRECTION('',(0.,0.,1.));
#1647 = PCURVE('',#349,#1648);
#1648 = DEFINITIONAL_REPRESENTATION('',(#1649),#1653);
#1649 = LINE('',#1650,#1651);
#1650 = CARTESIAN_POINT('',(-0.,0.));
#1651 = VECTOR('',#1652,1.);
#1652 = DIRECTION('',(-0.,1.));
#1653 = ( GEOMETRIC_REPRESENTATION_CONTEXT(2) 
PARAMETRIC_REPRESENTATION_CONTEXT() REPRESENTATION_CONTEXT('2D SPACE',''
  ) );
#1654 = PCURVE('',#321,#1655);
#1655 = DEFINITIONAL_REPRESENTATION('',(#1656),#1660);
#1656 = LINE('',#1657,#1658);
#1657 = CARTESIAN_POINT('',(0.,-1.65));
#1658 = VECTOR('',#1659,1.);
#1659 = DIRECTION('',(1.,0.));
#1660 = ( GEOMETRIC_REPRESENTATION_CONTEXT(2) 
PARAMETRIC_REPRESENTATION_CONTEXT() REPRESENTATION_CONTEXT('2D SPACE',''
  ) );
#1661 = ORIENTED_EDGE('',*,*,#1662,.T.);
#1662 = EDGE_CURVE('',#1640,#1476,#1663,.T.);
#1663 = SURFACE_CURVE('',#1664,(#1669,#1676),.PCURVE_S1.);
#1664 = CIRCLE('',#1665,1.65);
#1665 = AXIS2_PLACEMENT_3D('',#1666,#1667,#1668);
#1666 = CARTESIAN_POINT('',(5.E-02,-8.35,13.65));
#1667 = DIRECTION('',(0.,-0.,-1.));
#1668 = DIRECTION('',(1.,0.,-0.));
#1669 = PCURVE('',#349,#1670);
#1670 = DEFINITIONAL_REPRESENTATION('',(#1671),#1675);
#1671 = LINE('',#1672,#1673);
#1672 = CARTESIAN_POINT('',(-0.,1.65));
#1673 = VECTOR('',#1674,1.);
#1674 = DIRECTION('',(-1.,0.));
#1675 = ( GEOMETRIC_REPRESENTATION_CONTEXT(2) 
PARAMETRIC_REPRESENTATION_CONTEXT() REPRESENTATION_CONTEXT('2D SPACE',''
  ) );
#1676 = PCURVE('',#1677,#1682);
#1677 = SPHERICAL_SURFACE('',#1678,1.65);
#1678 = AXIS2_PLACEMENT_3D('',#1679,#1680,#1681);
#1679 = CARTESIAN_POINT('',(5.E-02,-8.35,13.65));
#1680 = DIRECTION('',(0.,0.,1.));
#1681 = DIRECTION('',(1.,0.,-0.));
#1682 = DEFINITIONAL_REPRESENTATION('',(#1683),#1687);
#1683 = LINE('',#1684,#1685);
#1684 = CARTESIAN_POINT('',(-0.,0.));
#1685 = VECTOR('',#1686,1.);
#1686 = DIRECTION('',(-1.,0.));
#1687 = ( GEOMETRIC_REPRESENTATION_CONTEXT(2) 
PARAMETRIC_REPRESENTATION_CONTEXT() REPRESENTATION_CONTEXT('2D SPACE',''
  ) );
#1688 = ORIENTED_EDGE('',*,*,#1505,.T.);
#1689 = ORIENTED_EDGE('',*,*,#332,.T.);
#1690 = ADVANCED_FACE('',(#1691),#266,.F.);
#1691 = FACE_BOUND('',#1692,.F.);
#1692 = EDGE_LOOP('',(#1693,#1714,#1715,#1716));
#1693 = ORIENTED_EDGE('',*,*,#1694,.F.);
#1694 = EDGE_CURVE('',#1586,#1695,#1697,.T.);
#1695 = VERTEX_POINT('',#1696);
#1696 = CARTESIAN_POINT('',(5.E-02,-5.5,13.7));
#1697 = SURFACE_CURVE('',#1698,(#1702,#1708),.PCURVE_S1.);
#1698 = LINE('',#1699,#1700);
#1699 = CARTESIAN_POINT('',(-0.85,-5.5,13.7));
#1700 = VECTOR('',#1701,1.);
#1701 = DIRECTION('',(1.,0.,-0.));
#1702 = PCURVE('',#266,#1703);
#1703 = DEFINITIONAL_REPRESENTATION('',(#1704),#1707);
#1704 = B_SPLINE_CURVE_WITH_KNOTS('',1,(#1705,#1706),.UNSPECIFIED.,.F.,
  .F.,(2,2),(0.8,0.9),.PIECEWISE_BEZIER_KNOTS.);
#1705 = CARTESIAN_POINT('',(1.7,1.65));
#1706 = CARTESIAN_POINT('',(1.7,1.75));
#1707 = ( GEOMETRIC_REPRESENTATION_CONTEXT(2) 
PARAMETRIC_REPRESENTATION_CONTEXT() REPRESENTATION_CONTEXT('2D SPACE',''
  ) );
#1708 = PCURVE('',#1602,#1709);
#1709 = DEFINITIONAL_REPRESENTATION('',(#1710),#1713);
#1710 = B_SPLINE_CURVE_WITH_KNOTS('',1,(#1711,#1712),.UNSPECIFIED.,.F.,
  .F.,(2,2),(0.8,0.9),.PIECEWISE_BEZIER_KNOTS.);
#1711 = CARTESIAN_POINT('',(-5.E-02,-5.5));
#1712 = CARTESIAN_POINT('',(5.E-02,-5.5));
#1713 = ( GEOMETRIC_REPRESENTATION_CONTEXT(2) 
PARAMETRIC_REPRESENTATION_CONTEXT() REPRESENTATION_CONTEXT('2D SPACE',''
  ) );
#1714 = ORIENTED_EDGE('',*,*,#1614,.T.);
#1715 = ORIENTED_EDGE('',*,*,#251,.F.);
#1716 = ORIENTED_EDGE('',*,*,#1717,.F.);
#1717 = EDGE_CURVE('',#1695,#252,#1718,.T.);
#1718 = SURFACE_CURVE('',#1719,(#1723,#1730),.PCURVE_S1.);
#1719 = LINE('',#1720,#1721);
#1720 = CARTESIAN_POINT('',(5.E-02,-5.5,12.));
#1721 = VECTOR('',#1722,1.);
#1722 = DIRECTION('',(0.,0.,1.));
#1723 = PCURVE('',#266,#1724);
#1724 = DEFINITIONAL_REPRESENTATION('',(#1725),#1729);
#1725 = LINE('',#1726,#1727);
#1726 = CARTESIAN_POINT('',(0.,1.75));
#1727 = VECTOR('',#1728,1.);
#1728 = DIRECTION('',(1.,0.));
#1729 = ( GEOMETRIC_REPRESENTATION_CONTEXT(2) 
PARAMETRIC_REPRESENTATION_CONTEXT() REPRESENTATION_CONTEXT('2D SPACE',''
  ) );
#1730 = PCURVE('',#294,#1731);
#1731 = DEFINITIONAL_REPRESENTATION('',(#1732),#1736);
#1732 = LINE('',#1733,#1734);
#1733 = CARTESIAN_POINT('',(1.570796326795,0.));
#1734 = VECTOR('',#1735,1.);
#1735 = DIRECTION('',(0.,1.));
#1736 = ( GEOMETRIC_REPRESENTATION_CONTEXT(2) 
PARAMETRIC_REPRESENTATION_CONTEXT() REPRESENTATION_CONTEXT('2D SPACE',''
  ) );
#1737 = ADVANCED_FACE('',(#1738),#321,.F.);
#1738 = FACE_BOUND('',#1739,.F.);
#1739 = EDGE_LOOP('',(#1740,#1741,#1769,#1790));
#1740 = ORIENTED_EDGE('',*,*,#1639,.F.);
#1741 = ORIENTED_EDGE('',*,*,#1742,.T.);
#1742 = EDGE_CURVE('',#1640,#1743,#1745,.T.);
#1743 = VERTEX_POINT('',#1744);
#1744 = CARTESIAN_POINT('',(1.7,-7.15,13.65));
#1745 = SURFACE_CURVE('',#1746,(#1750,#1757),.PCURVE_S1.);
#1746 = LINE('',#1747,#1748);
#1747 = CARTESIAN_POINT('',(1.7,-10.,13.65));
#1748 = VECTOR('',#1749,1.);
#1749 = DIRECTION('',(-0.,1.,0.));
#1750 = PCURVE('',#321,#1751);
#1751 = DEFINITIONAL_REPRESENTATION('',(#1752),#1756);
#1752 = LINE('',#1753,#1754);
#1753 = CARTESIAN_POINT('',(1.65,0.));
#1754 = VECTOR('',#1755,1.);
#1755 = DIRECTION('',(0.,-1.));
#1756 = ( GEOMETRIC_REPRESENTATION_CONTEXT(2) 
PARAMETRIC_REPRESENTATION_CONTEXT() REPRESENTATION_CONTEXT('2D SPACE',''
  ) );
#1757 = PCURVE('',#1758,#1763);
#1758 = CYLINDRICAL_SURFACE('',#1759,1.65);
#1759 = AXIS2_PLACEMENT_3D('',#1760,#1761,#1762);
#1760 = CARTESIAN_POINT('',(5.E-02,-10.,13.65));
#1761 = DIRECTION('',(-0.,1.,0.));
#1762 = DIRECTION('',(1.,0.,-0.));
#1763 = DEFINITIONAL_REPRESENTATION('',(#1764),#1768);
#1764 = LINE('',#1765,#1766);
#1765 = CARTESIAN_POINT('',(0.,0.));
#1766 = VECTOR('',#1767,1.);
#1767 = DIRECTION('',(0.,1.));
#1768 = ( GEOMETRIC_REPRESENTATION_CONTEXT(2) 
PARAMETRIC_REPRESENTATION_CONTEXT() REPRESENTATION_CONTEXT('2D SPACE',''
  ) );
#1769 = ORIENTED_EDGE('',*,*,#1770,.T.);
#1770 = EDGE_CURVE('',#1743,#278,#1771,.T.);
#1771 = SURFACE_CURVE('',#1772,(#1776,#1783),.PCURVE_S1.);
#1772 = LINE('',#1773,#1774);
#1773 = CARTESIAN_POINT('',(1.7,-7.15,12.));
#1774 = VECTOR('',#1775,1.);
#1775 = DIRECTION('',(0.,0.,1.));
#1776 = PCURVE('',#321,#1777);
#1777 = DEFINITIONAL_REPRESENTATION('',(#1778),#1782);
#1778 = LINE('',#1779,#1780);
#1779 = CARTESIAN_POINT('',(0.,-2.85));
#1780 = VECTOR('',#1781,1.);
#1781 = DIRECTION('',(1.,0.));
#1782 = ( GEOMETRIC_REPRESENTATION_CONTEXT(2) 
PARAMETRIC_REPRESENTATION_CONTEXT() REPRESENTATION_CONTEXT('2D SPACE',''
  ) );
#1783 = PCURVE('',#294,#1784);
#1784 = DEFINITIONAL_REPRESENTATION('',(#1785),#1789);
#1785 = LINE('',#1786,#1787);
#1786 = CARTESIAN_POINT('',(0.,0.));
#1787 = VECTOR('',#1788,1.);
#1788 = DIRECTION('',(0.,1.));
#1789 = ( GEOMETRIC_REPRESENTATION_CONTEXT(2) 
PARAMETRIC_REPRESENTATION_CONTEXT() REPRESENTATION_CONTEXT('2D SPACE',''
  ) );
#1790 = ORIENTED_EDGE('',*,*,#306,.F.);
#1791 = ADVANCED_FACE('',(#1792),#294,.F.);
#1792 = FACE_BOUND('',#1793,.F.);
#1793 = EDGE_LOOP('',(#1794,#1795,#1824,#1850,#1872,#1873));
#1794 = ORIENTED_EDGE('',*,*,#1770,.F.);
#1795 = ORIENTED_EDGE('',*,*,#1796,.T.);
#1796 = EDGE_CURVE('',#1743,#1797,#1799,.T.);
#1797 = VERTEX_POINT('',#1798);
#1798 = CARTESIAN_POINT('',(1.662394765656,-6.799738498142,13.65));
#1799 = SURFACE_CURVE('',#1800,(#1805,#1812),.PCURVE_S1.);
#1800 = CIRCLE('',#1801,1.65);
#1801 = AXIS2_PLACEMENT_3D('',#1802,#1803,#1804);
#1802 = CARTESIAN_POINT('',(5.E-02,-7.15,13.65));
#1803 = DIRECTION('',(0.,0.,1.));
#1804 = DIRECTION('',(1.,-1.345724878334E-16,0.));
#1805 = PCURVE('',#294,#1806);
#1806 = DEFINITIONAL_REPRESENTATION('',(#1807),#1811);
#1807 = LINE('',#1808,#1809);
#1808 = CARTESIAN_POINT('',(0.,1.65));
#1809 = VECTOR('',#1810,1.);
#1810 = DIRECTION('',(1.,0.));
#1811 = ( GEOMETRIC_REPRESENTATION_CONTEXT(2) 
PARAMETRIC_REPRESENTATION_CONTEXT() REPRESENTATION_CONTEXT('2D SPACE',''
  ) );
#1812 = PCURVE('',#1813,#1818);
#1813 = SPHERICAL_SURFACE('',#1814,1.65);
#1814 = AXIS2_PLACEMENT_3D('',#1815,#1816,#1817);
#1815 = CARTESIAN_POINT('',(5.E-02,-7.15,13.65));
#1816 = DIRECTION('',(0.,0.,1.));
#1817 = DIRECTION('',(1.,-1.345724878334E-16,0.));
#1818 = DEFINITIONAL_REPRESENTATION('',(#1819),#1823);
#1819 = LINE('',#1820,#1821);
#1820 = CARTESIAN_POINT('',(0.,0.));
#1821 = VECTOR('',#1822,1.);
#1822 = DIRECTION('',(1.,0.));
#1823 = ( GEOMETRIC_REPRESENTATION_CONTEXT(2) 
PARAMETRIC_REPRESENTATION_CONTEXT() REPRESENTATION_CONTEXT('2D SPACE',''
  ) );
#1824 = ORIENTED_EDGE('',*,*,#1825,.T.);
#1825 = EDGE_CURVE('',#1797,#1826,#1828,.T.);
#1826 = VERTEX_POINT('',#1827);
#1827 = CARTESIAN_POINT('',(1.662394765656,-6.799738498142,13.7));
#1828 = SURFACE_CURVE('',#1829,(#1833,#1839),.PCURVE_S1.);
#1829 = LINE('',#1830,#1831);
#1830 = CARTESIAN_POINT('',(1.662394765656,-6.799738498142,12.));
#1831 = VECTOR('',#1832,1.);
#1832 = DIRECTION('',(0.,0.,1.));
#1833 = PCURVE('',#294,#1834);
#1834 = DEFINITIONAL_REPRESENTATION('',(#1835),#1838);
#1835 = B_SPLINE_CURVE_WITH_KNOTS('',1,(#1836,#1837),.UNSPECIFIED.,.F.,
  .F.,(2,2),(1.6499994,1.7000006),.PIECEWISE_BEZIER_KNOTS.);
#1836 = CARTESIAN_POINT('',(0.213907237635,1.6499994));
#1837 = CARTESIAN_POINT('',(0.213907237635,1.7000006));
#1838 = ( GEOMETRIC_REPRESENTATION_CONTEXT(2) 
PARAMETRIC_REPRESENTATION_CONTEXT() REPRESENTATION_CONTEXT('2D SPACE',''
  ) );
#1839 = PCURVE('',#1840,#1845);
#1840 = CYLINDRICAL_SURFACE('',#1841,7.);
#1841 = AXIS2_PLACEMENT_3D('',#1842,#1843,#1844);
#1842 = CARTESIAN_POINT('',(0.,0.,12.1));
#1843 = DIRECTION('',(0.,0.,1.));
#1844 = DIRECTION('',(1.,0.,-0.));
#1845 = DEFINITIONAL_REPRESENTATION('',(#1846),#1849);
#1846 = B_SPLINE_CURVE_WITH_KNOTS('',1,(#1847,#1848),.UNSPECIFIED.,.F.,
  .F.,(2,2),(1.6499994,1.7000006),.PIECEWISE_BEZIER_KNOTS.);
#1847 = CARTESIAN_POINT('',(4.952164903962,1.5499994));
#1848 = CARTESIAN_POINT('',(4.952164903962,1.6000006));
#1849 = ( GEOMETRIC_REPRESENTATION_CONTEXT(2) 
PARAMETRIC_REPRESENTATION_CONTEXT() REPRESENTATION_CONTEXT('2D SPACE',''
  ) );
#1850 = ORIENTED_EDGE('',*,*,#1851,.T.);
#1851 = EDGE_CURVE('',#1826,#1695,#1852,.T.);
#1852 = SURFACE_CURVE('',#1853,(#1858,#1865),.PCURVE_S1.);
#1853 = CIRCLE('',#1854,1.65);
#1854 = AXIS2_PLACEMENT_3D('',#1855,#1856,#1857);
#1855 = CARTESIAN_POINT('',(5.E-02,-7.15,13.7));
#1856 = DIRECTION('',(0.,0.,1.));
#1857 = DIRECTION('',(1.,0.,-0.));
#1858 = PCURVE('',#294,#1859);
#1859 = DEFINITIONAL_REPRESENTATION('',(#1860),#1864);
#1860 = LINE('',#1861,#1862);
#1861 = CARTESIAN_POINT('',(0.,1.7));
#1862 = VECTOR('',#1863,1.);
#1863 = DIRECTION('',(1.,0.));
#1864 = ( GEOMETRIC_REPRESENTATION_CONTEXT(2) 
PARAMETRIC_REPRESENTATION_CONTEXT() REPRESENTATION_CONTEXT('2D SPACE',''
  ) );
#1865 = PCURVE('',#1602,#1866);
#1866 = DEFINITIONAL_REPRESENTATION('',(#1867),#1871);
#1867 = CIRCLE('',#1868,1.65);
#1868 = AXIS2_PLACEMENT_2D('',#1869,#1870);
#1869 = CARTESIAN_POINT('',(5.E-02,-7.15));
#1870 = DIRECTION('',(1.,0.));
#1871 = ( GEOMETRIC_REPRESENTATION_CONTEXT(2) 
PARAMETRIC_REPRESENTATION_CONTEXT() REPRESENTATION_CONTEXT('2D SPACE',''
  ) );
#1872 = ORIENTED_EDGE('',*,*,#1717,.T.);
#1873 = ORIENTED_EDGE('',*,*,#277,.F.);
#1874 = ADVANCED_FACE('',(#1875),#404,.F.);
#1875 = FACE_BOUND('',#1876,.F.);
#1876 = EDGE_LOOP('',(#1877,#1898,#1899,#1900));
#1877 = ORIENTED_EDGE('',*,*,#1878,.T.);
#1878 = EDGE_CURVE('',#1208,#388,#1879,.T.);
#1879 = SEAM_CURVE('',#1880,(#1884,#1891),.PCURVE_S1.);
#1880 = LINE('',#1881,#1882);
#1881 = CARTESIAN_POINT('',(11.953048327205,-10.2530483272,9.));
#1882 = VECTOR('',#1883,1.);
#1883 = DIRECTION('',(0.,0.,1.));
#1884 = PCURVE('',#404,#1885);
#1885 = DEFINITIONAL_REPRESENTATION('',(#1886),#1890);
#1886 = LINE('',#1887,#1888);
#1887 = CARTESIAN_POINT('',(6.28318530718,-0.));
#1888 = VECTOR('',#1889,1.);
#1889 = DIRECTION('',(0.,1.));
#1890 = ( GEOMETRIC_REPRESENTATION_CONTEXT(2) 
PARAMETRIC_REPRESENTATION_CONTEXT() REPRESENTATION_CONTEXT('2D SPACE',''
  ) );
#1891 = PCURVE('',#404,#1892);
#1892 = DEFINITIONAL_REPRESENTATION('',(#1893),#1897);
#1893 = LINE('',#1894,#1895);
#1894 = CARTESIAN_POINT('',(0.,-0.));
#1895 = VECTOR('',#1896,1.);
#1896 = DIRECTION('',(0.,1.));
#1897 = ( GEOMETRIC_REPRESENTATION_CONTEXT(2) 
PARAMETRIC_REPRESENTATION_CONTEXT() REPRESENTATION_CONTEXT('2D SPACE',''
  ) );
#1898 = ORIENTED_EDGE('',*,*,#387,.F.);
#1899 = ORIENTED_EDGE('',*,*,#1878,.F.);
#1900 = ORIENTED_EDGE('',*,*,#1207,.T.);
#1901 = ADVANCED_FACE('',(#1902),#437,.F.);
#1902 = FACE_BOUND('',#1903,.F.);
#1903 = EDGE_LOOP('',(#1904,#1927,#1956,#1977));
#1904 = ORIENTED_EDGE('',*,*,#1905,.F.);
#1905 = EDGE_CURVE('',#1906,#419,#1908,.T.);
#1906 = VERTEX_POINT('',#1907);
#1907 = CARTESIAN_POINT('',(-10.,-5.E-02,13.65));
#1908 = SURFACE_CURVE('',#1909,(#1913,#1920),.PCURVE_S1.);
#1909 = LINE('',#1910,#1911);
#1910 = CARTESIAN_POINT('',(-10.,-5.E-02,12.));
#1911 = VECTOR('',#1912,1.);
#1912 = DIRECTION('',(0.,0.,1.));
#1913 = PCURVE('',#437,#1914);
#1914 = DEFINITIONAL_REPRESENTATION('',(#1915),#1919);
#1915 = LINE('',#1916,#1917);
#1916 = CARTESIAN_POINT('',(0.,0.));
#1917 = VECTOR('',#1918,1.);
#1918 = DIRECTION('',(0.,1.));
#1919 = ( GEOMETRIC_REPRESENTATION_CONTEXT(2) 
PARAMETRIC_REPRESENTATION_CONTEXT() REPRESENTATION_CONTEXT('2D SPACE',''
  ) );
#1920 = PCURVE('',#464,#1921);
#1921 = DEFINITIONAL_REPRESENTATION('',(#1922),#1926);
#1922 = LINE('',#1923,#1924);
#1923 = CARTESIAN_POINT('',(0.,-1.65));
#1924 = VECTOR('',#1925,1.);
#1925 = DIRECTION('',(1.,0.));
#1926 = ( GEOMETRIC_REPRESENTATION_CONTEXT(2) 
PARAMETRIC_REPRESENTATION_CONTEXT() REPRESENTATION_CONTEXT('2D SPACE',''
  ) );
#1927 = ORIENTED_EDGE('',*,*,#1928,.T.);
#1928 = EDGE_CURVE('',#1906,#1929,#1931,.T.);
#1929 = VERTEX_POINT('',#1930);
#1930 = CARTESIAN_POINT('',(-8.35,-1.7,13.65));
#1931 = SURFACE_CURVE('',#1932,(#1937,#1944),.PCURVE_S1.);
#1932 = CIRCLE('',#1933,1.65);
#1933 = AXIS2_PLACEMENT_3D('',#1934,#1935,#1936);
#1934 = CARTESIAN_POINT('',(-8.35,-5.E-02,13.65));
#1935 = DIRECTION('',(0.,0.,1.));
#1936 = DIRECTION('',(-1.,0.,0.));
#1937 = PCURVE('',#437,#1938);
#1938 = DEFINITIONAL_REPRESENTATION('',(#1939),#1943);
#1939 = LINE('',#1940,#1941);
#1940 = CARTESIAN_POINT('',(0.,1.65));
#1941 = VECTOR('',#1942,1.);
#1942 = DIRECTION('',(1.,0.));
#1943 = ( GEOMETRIC_REPRESENTATION_CONTEXT(2) 
PARAMETRIC_REPRESENTATION_CONTEXT() REPRESENTATION_CONTEXT('2D SPACE',''
  ) );
#1944 = PCURVE('',#1945,#1950);
#1945 = SPHERICAL_SURFACE('',#1946,1.65);
#1946 = AXIS2_PLACEMENT_3D('',#1947,#1948,#1949);
#1947 = CARTESIAN_POINT('',(-8.35,-5.E-02,13.65));
#1948 = DIRECTION('',(0.,0.,1.));
#1949 = DIRECTION('',(-1.,0.,0.));
#1950 = DEFINITIONAL_REPRESENTATION('',(#1951),#1955);
#1951 = LINE('',#1952,#1953);
#1952 = CARTESIAN_POINT('',(0.,0.));
#1953 = VECTOR('',#1954,1.);
#1954 = DIRECTION('',(1.,0.));
#1955 = ( GEOMETRIC_REPRESENTATION_CONTEXT(2) 
PARAMETRIC_REPRESENTATION_CONTEXT() REPRESENTATION_CONTEXT('2D SPACE',''
  ) );
#1956 = ORIENTED_EDGE('',*,*,#1957,.T.);
#1957 = EDGE_CURVE('',#1929,#421,#1958,.T.);
#1958 = SURFACE_CURVE('',#1959,(#1963,#1970),.PCURVE_S1.);
#1959 = LINE('',#1960,#1961);
#1960 = CARTESIAN_POINT('',(-8.35,-1.7,12.));
#1961 = VECTOR('',#1962,1.);
#1962 = DIRECTION('',(0.,0.,1.));
#1963 = PCURVE('',#437,#1964);
#1964 = DEFINITIONAL_REPRESENTATION('',(#1965),#1969);
#1965 = LINE('',#1966,#1967);
#1966 = CARTESIAN_POINT('',(1.570796326795,0.));
#1967 = VECTOR('',#1968,1.);
#1968 = DIRECTION('',(0.,1.));
#1969 = ( GEOMETRIC_REPRESENTATION_CONTEXT(2) 
PARAMETRIC_REPRESENTATION_CONTEXT() REPRESENTATION_CONTEXT('2D SPACE',''
  ) );
#1970 = PCURVE('',#627,#1971);
#1971 = DEFINITIONAL_REPRESENTATION('',(#1972),#1976);
#1972 = LINE('',#1973,#1974);
#1973 = CARTESIAN_POINT('',(0.,1.65));
#1974 = VECTOR('',#1975,1.);
#1975 = DIRECTION('',(1.,0.));
#1976 = ( GEOMETRIC_REPRESENTATION_CONTEXT(2) 
PARAMETRIC_REPRESENTATION_CONTEXT() REPRESENTATION_CONTEXT('2D SPACE',''
  ) );
#1977 = ORIENTED_EDGE('',*,*,#418,.F.);
#1978 = ADVANCED_FACE('',(#1979),#464,.T.);
#1979 = FACE_BOUND('',#1980,.T.);
#1980 = EDGE_LOOP('',(#1981,#1982,#2010,#2031));
#1981 = ORIENTED_EDGE('',*,*,#1905,.F.);
#1982 = ORIENTED_EDGE('',*,*,#1983,.T.);
#1983 = EDGE_CURVE('',#1906,#1984,#1986,.T.);
#1984 = VERTEX_POINT('',#1985);
#1985 = CARTESIAN_POINT('',(-10.,5.E-02,13.65));
#1986 = SURFACE_CURVE('',#1987,(#1991,#1998),.PCURVE_S1.);
#1987 = LINE('',#1988,#1989);
#1988 = CARTESIAN_POINT('',(-10.,-1.7,13.65));
#1989 = VECTOR('',#1990,1.);
#1990 = DIRECTION('',(-0.,1.,0.));
#1991 = PCURVE('',#464,#1992);
#1992 = DEFINITIONAL_REPRESENTATION('',(#1993),#1997);
#1993 = LINE('',#1994,#1995);
#1994 = CARTESIAN_POINT('',(1.65,0.));
#1995 = VECTOR('',#1996,1.);
#1996 = DIRECTION('',(0.,-1.));
#1997 = ( GEOMETRIC_REPRESENTATION_CONTEXT(2) 
PARAMETRIC_REPRESENTATION_CONTEXT() REPRESENTATION_CONTEXT('2D SPACE',''
  ) );
#1998 = PCURVE('',#1999,#2004);
#1999 = CYLINDRICAL_SURFACE('',#2000,1.65);
#2000 = AXIS2_PLACEMENT_3D('',#2001,#2002,#2003);
#2001 = CARTESIAN_POINT('',(-8.35,-1.7,13.65));
#2002 = DIRECTION('',(-0.,1.,0.));
#2003 = DIRECTION('',(-1.,-0.,0.));
#2004 = DEFINITIONAL_REPRESENTATION('',(#2005),#2009);
#2005 = LINE('',#2006,#2007);
#2006 = CARTESIAN_POINT('',(-0.,0.));
#2007 = VECTOR('',#2008,1.);
#2008 = DIRECTION('',(-0.,1.));
#2009 = ( GEOMETRIC_REPRESENTATION_CONTEXT(2) 
PARAMETRIC_REPRESENTATION_CONTEXT() REPRESENTATION_CONTEXT('2D SPACE',''
  ) );
#2010 = ORIENTED_EDGE('',*,*,#2011,.T.);
#2011 = EDGE_CURVE('',#1984,#450,#2012,.T.);
#2012 = SURFACE_CURVE('',#2013,(#2017,#2024),.PCURVE_S1.);
#2013 = LINE('',#2014,#2015);
#2014 = CARTESIAN_POINT('',(-10.,5.E-02,12.));
#2015 = VECTOR('',#2016,1.);
#2016 = DIRECTION('',(0.,0.,1.));
#2017 = PCURVE('',#464,#2018);
#2018 = DEFINITIONAL_REPRESENTATION('',(#2019),#2023);
#2019 = LINE('',#2020,#2021);
#2020 = CARTESIAN_POINT('',(0.,-1.75));
#2021 = VECTOR('',#2022,1.);
#2022 = DIRECTION('',(1.,0.));
#2023 = ( GEOMETRIC_REPRESENTATION_CONTEXT(2) 
PARAMETRIC_REPRESENTATION_CONTEXT() REPRESENTATION_CONTEXT('2D SPACE',''
  ) );
#2024 = PCURVE('',#492,#2025);
#2025 = DEFINITIONAL_REPRESENTATION('',(#2026),#2030);
#2026 = LINE('',#2027,#2028);
#2027 = CARTESIAN_POINT('',(-0.,0.));
#2028 = VECTOR('',#2029,1.);
#2029 = DIRECTION('',(-0.,1.));
#2030 = ( GEOMETRIC_REPRESENTATION_CONTEXT(2) 
PARAMETRIC_REPRESENTATION_CONTEXT() REPRESENTATION_CONTEXT('2D SPACE',''
  ) );
#2031 = ORIENTED_EDGE('',*,*,#449,.F.);
#2032 = ADVANCED_FACE('',(#2033),#627,.T.);
#2033 = FACE_BOUND('',#2034,.T.);
#2034 = EDGE_LOOP('',(#2035,#2063,#2064,#2065));
#2035 = ORIENTED_EDGE('',*,*,#2036,.F.);
#2036 = EDGE_CURVE('',#1929,#2037,#2039,.T.);
#2037 = VERTEX_POINT('',#2038);
#2038 = CARTESIAN_POINT('',(-7.15,-1.7,13.65));
#2039 = SURFACE_CURVE('',#2040,(#2044,#2051),.PCURVE_S1.);
#2040 = LINE('',#2041,#2042);
#2041 = CARTESIAN_POINT('',(-10.,-1.7,13.65));
#2042 = VECTOR('',#2043,1.);
#2043 = DIRECTION('',(1.,0.,-0.));
#2044 = PCURVE('',#627,#2045);
#2045 = DEFINITIONAL_REPRESENTATION('',(#2046),#2050);
#2046 = LINE('',#2047,#2048);
#2047 = CARTESIAN_POINT('',(1.65,0.));
#2048 = VECTOR('',#2049,1.);
#2049 = DIRECTION('',(0.,1.));
#2050 = ( GEOMETRIC_REPRESENTATION_CONTEXT(2) 
PARAMETRIC_REPRESENTATION_CONTEXT() REPRESENTATION_CONTEXT('2D SPACE',''
  ) );
#2051 = PCURVE('',#2052,#2057);
#2052 = CYLINDRICAL_SURFACE('',#2053,1.65);
#2053 = AXIS2_PLACEMENT_3D('',#2054,#2055,#2056);
#2054 = CARTESIAN_POINT('',(-10.,-5.E-02,13.65));
#2055 = DIRECTION('',(1.,0.,-0.));
#2056 = DIRECTION('',(0.,-1.,0.));
#2057 = DEFINITIONAL_REPRESENTATION('',(#2058),#2062);
#2058 = LINE('',#2059,#2060);
#2059 = CARTESIAN_POINT('',(0.,0.));
#2060 = VECTOR('',#2061,1.);
#2061 = DIRECTION('',(0.,1.));
#2062 = ( GEOMETRIC_REPRESENTATION_CONTEXT(2) 
PARAMETRIC_REPRESENTATION_CONTEXT() REPRESENTATION_CONTEXT('2D SPACE',''
  ) );
#2063 = ORIENTED_EDGE('',*,*,#1957,.T.);
#2064 = ORIENTED_EDGE('',*,*,#614,.F.);
#2065 = ORIENTED_EDGE('',*,*,#2066,.F.);
#2066 = EDGE_CURVE('',#2037,#586,#2067,.T.);
#2067 = SURFACE_CURVE('',#2068,(#2072,#2079),.PCURVE_S1.);
#2068 = LINE('',#2069,#2070);
#2069 = CARTESIAN_POINT('',(-7.15,-1.7,12.));
#2070 = VECTOR('',#2071,1.);
#2071 = DIRECTION('',(0.,0.,1.));
#2072 = PCURVE('',#627,#2073);
#2073 = DEFINITIONAL_REPRESENTATION('',(#2074),#2078);
#2074 = LINE('',#2075,#2076);
#2075 = CARTESIAN_POINT('',(0.,2.85));
#2076 = VECTOR('',#2077,1.);
#2077 = DIRECTION('',(1.,0.));
#2078 = ( GEOMETRIC_REPRESENTATION_CONTEXT(2) 
PARAMETRIC_REPRESENTATION_CONTEXT() REPRESENTATION_CONTEXT('2D SPACE',''
  ) );
#2079 = PCURVE('',#602,#2080);
#2080 = DEFINITIONAL_REPRESENTATION('',(#2081),#2085);
#2081 = LINE('',#2082,#2083);
#2082 = CARTESIAN_POINT('',(-1.570796326795,0.));
#2083 = VECTOR('',#2084,1.);
#2084 = DIRECTION('',(-0.,1.));
#2085 = ( GEOMETRIC_REPRESENTATION_CONTEXT(2) 
PARAMETRIC_REPRESENTATION_CONTEXT() REPRESENTATION_CONTEXT('2D SPACE',''
  ) );
#2086 = ADVANCED_FACE('',(#2087),#492,.F.);
#2087 = FACE_BOUND('',#2088,.T.);
#2088 = EDGE_LOOP('',(#2089,#2090,#2119,#2140));
#2089 = ORIENTED_EDGE('',*,*,#2011,.F.);
#2090 = ORIENTED_EDGE('',*,*,#2091,.T.);
#2091 = EDGE_CURVE('',#1984,#2092,#2094,.T.);
#2092 = VERTEX_POINT('',#2093);
#2093 = CARTESIAN_POINT('',(-8.35,1.7,13.65));
#2094 = SURFACE_CURVE('',#2095,(#2100,#2107),.PCURVE_S1.);
#2095 = CIRCLE('',#2096,1.65);
#2096 = AXIS2_PLACEMENT_3D('',#2097,#2098,#2099);
#2097 = CARTESIAN_POINT('',(-8.35,5.E-02,13.65));
#2098 = DIRECTION('',(-0.,0.,-1.));
#2099 = DIRECTION('',(-1.,0.,0.));
#2100 = PCURVE('',#492,#2101);
#2101 = DEFINITIONAL_REPRESENTATION('',(#2102),#2106);
#2102 = LINE('',#2103,#2104);
#2103 = CARTESIAN_POINT('',(-0.,1.65));
#2104 = VECTOR('',#2105,1.);
#2105 = DIRECTION('',(-1.,0.));
#2106 = ( GEOMETRIC_REPRESENTATION_CONTEXT(2) 
PARAMETRIC_REPRESENTATION_CONTEXT() REPRESENTATION_CONTEXT('2D SPACE',''
  ) );
#2107 = PCURVE('',#2108,#2113);
#2108 = SPHERICAL_SURFACE('',#2109,1.65);
#2109 = AXIS2_PLACEMENT_3D('',#2110,#2111,#2112);
#2110 = CARTESIAN_POINT('',(-8.35,5.E-02,13.65));
#2111 = DIRECTION('',(0.,0.,1.));
#2112 = DIRECTION('',(-1.,0.,0.));
#2113 = DEFINITIONAL_REPRESENTATION('',(#2114),#2118);
#2114 = LINE('',#2115,#2116);
#2115 = CARTESIAN_POINT('',(-0.,0.));
#2116 = VECTOR('',#2117,1.);
#2117 = DIRECTION('',(-1.,0.));
#2118 = ( GEOMETRIC_REPRESENTATION_CONTEXT(2) 
PARAMETRIC_REPRESENTATION_CONTEXT() REPRESENTATION_CONTEXT('2D SPACE',''
  ) );
#2119 = ORIENTED_EDGE('',*,*,#2120,.T.);
#2120 = EDGE_CURVE('',#2092,#476,#2121,.T.);
#2121 = SURFACE_CURVE('',#2122,(#2126,#2133),.PCURVE_S1.);
#2122 = LINE('',#2123,#2124);
#2123 = CARTESIAN_POINT('',(-8.35,1.7,12.));
#2124 = VECTOR('',#2125,1.);
#2125 = DIRECTION('',(0.,0.,1.));
#2126 = PCURVE('',#492,#2127);
#2127 = DEFINITIONAL_REPRESENTATION('',(#2128),#2132);
#2128 = LINE('',#2129,#2130);
#2129 = CARTESIAN_POINT('',(-1.570796326795,0.));
#2130 = VECTOR('',#2131,1.);
#2131 = DIRECTION('',(-0.,1.));
#2132 = ( GEOMETRIC_REPRESENTATION_CONTEXT(2) 
PARAMETRIC_REPRESENTATION_CONTEXT() REPRESENTATION_CONTEXT('2D SPACE',''
  ) );
#2133 = PCURVE('',#519,#2134);
#2134 = DEFINITIONAL_REPRESENTATION('',(#2135),#2139);
#2135 = LINE('',#2136,#2137);
#2136 = CARTESIAN_POINT('',(0.,1.65));
#2137 = VECTOR('',#2138,1.);
#2138 = DIRECTION('',(1.,0.));
#2139 = ( GEOMETRIC_REPRESENTATION_CONTEXT(2) 
PARAMETRIC_REPRESENTATION_CONTEXT() REPRESENTATION_CONTEXT('2D SPACE',''
  ) );
#2140 = ORIENTED_EDGE('',*,*,#475,.T.);
#2141 = ADVANCED_FACE('',(#2142),#602,.F.);
#2142 = FACE_BOUND('',#2143,.T.);
#2143 = EDGE_LOOP('',(#2144,#2167,#2191,#2212,#2239,#2240));
#2144 = ORIENTED_EDGE('',*,*,#2145,.F.);
#2145 = EDGE_CURVE('',#2146,#560,#2148,.T.);
#2146 = VERTEX_POINT('',#2147);
#2147 = CARTESIAN_POINT('',(-5.5,-5.E-02,13.7));
#2148 = SURFACE_CURVE('',#2149,(#2153,#2160),.PCURVE_S1.);
#2149 = LINE('',#2150,#2151);
#2150 = CARTESIAN_POINT('',(-5.5,-5.E-02,12.));
#2151 = VECTOR('',#2152,1.);
#2152 = DIRECTION('',(0.,0.,1.));
#2153 = PCURVE('',#602,#2154);
#2154 = DEFINITIONAL_REPRESENTATION('',(#2155),#2159);
#2155 = LINE('',#2156,#2157);
#2156 = CARTESIAN_POINT('',(-0.,0.));
#2157 = VECTOR('',#2158,1.);
#2158 = DIRECTION('',(-0.,1.));
#2159 = ( GEOMETRIC_REPRESENTATION_CONTEXT(2) 
PARAMETRIC_REPRESENTATION_CONTEXT() REPRESENTATION_CONTEXT('2D SPACE',''
  ) );
#2160 = PCURVE('',#574,#2161);
#2161 = DEFINITIONAL_REPRESENTATION('',(#2162),#2166);
#2162 = LINE('',#2163,#2164);
#2163 = CARTESIAN_POINT('',(0.,-1.65));
#2164 = VECTOR('',#2165,1.);
#2165 = DIRECTION('',(1.,0.));
#2166 = ( GEOMETRIC_REPRESENTATION_CONTEXT(2) 
PARAMETRIC_REPRESENTATION_CONTEXT() REPRESENTATION_CONTEXT('2D SPACE',''
  ) );
#2167 = ORIENTED_EDGE('',*,*,#2168,.F.);
#2168 = EDGE_CURVE('',#2169,#2146,#2171,.T.);
#2169 = VERTEX_POINT('',#2170);
#2170 = CARTESIAN_POINT('',(-6.799738498142,-1.662394765656,13.7));
#2171 = SURFACE_CURVE('',#2172,(#2177,#2184),.PCURVE_S1.);
#2172 = CIRCLE('',#2173,1.65);
#2173 = AXIS2_PLACEMENT_3D('',#2174,#2175,#2176);
#2174 = CARTESIAN_POINT('',(-7.15,-5.E-02,13.7));
#2175 = DIRECTION('',(0.,0.,1.));
#2176 = DIRECTION('',(1.,0.,-0.));
#2177 = PCURVE('',#602,#2178);
#2178 = DEFINITIONAL_REPRESENTATION('',(#2179),#2183);
#2179 = LINE('',#2180,#2181);
#2180 = CARTESIAN_POINT('',(-6.28318530718,1.7));
#2181 = VECTOR('',#2182,1.);
#2182 = DIRECTION('',(1.,-0.));
#2183 = ( GEOMETRIC_REPRESENTATION_CONTEXT(2) 
PARAMETRIC_REPRESENTATION_CONTEXT() REPRESENTATION_CONTEXT('2D SPACE',''
  ) );
#2184 = PCURVE('',#1602,#2185);
#2185 = DEFINITIONAL_REPRESENTATION('',(#2186),#2190);
#2186 = CIRCLE('',#2187,1.65);
#2187 = AXIS2_PLACEMENT_2D('',#2188,#2189);
#2188 = CARTESIAN_POINT('',(-7.15,-5.E-02));
#2189 = DIRECTION('',(1.,0.));
#2190 = ( GEOMETRIC_REPRESENTATION_CONTEXT(2) 
PARAMETRIC_REPRESENTATION_CONTEXT() REPRESENTATION_CONTEXT('2D SPACE',''
  ) );
#2191 = ORIENTED_EDGE('',*,*,#2192,.F.);
#2192 = EDGE_CURVE('',#2193,#2169,#2195,.T.);
#2193 = VERTEX_POINT('',#2194);
#2194 = CARTESIAN_POINT('',(-6.799738498142,-1.662394765656,13.65));
#2195 = SURFACE_CURVE('',#2196,(#2200,#2206),.PCURVE_S1.);
#2196 = LINE('',#2197,#2198);
#2197 = CARTESIAN_POINT('',(-6.799738498142,-1.662394765656,12.));
#2198 = VECTOR('',#2199,1.);
#2199 = DIRECTION('',(0.,0.,1.));
#2200 = PCURVE('',#602,#2201);
#2201 = DEFINITIONAL_REPRESENTATION('',(#2202),#2205);
#2202 = B_SPLINE_CURVE_WITH_KNOTS('',1,(#2203,#2204),.UNSPECIFIED.,.F.,
  .F.,(2,2),(1.6499994,1.7000006),.PIECEWISE_BEZIER_KNOTS.);
#2203 = CARTESIAN_POINT('',(-1.35688908916,1.6499994));
#2204 = CARTESIAN_POINT('',(-1.35688908916,1.7000006));
#2205 = ( GEOMETRIC_REPRESENTATION_CONTEXT(2) 
PARAMETRIC_REPRESENTATION_CONTEXT() REPRESENTATION_CONTEXT('2D SPACE',''
  ) );
#2206 = PCURVE('',#1574,#2207);
#2207 = DEFINITIONAL_REPRESENTATION('',(#2208),#2211);
#2208 = B_SPLINE_CURVE_WITH_KNOTS('',1,(#2209,#2210),.UNSPECIFIED.,.F.,
  .F.,(2,2),(1.6499994,1.7000006),.PIECEWISE_BEZIER_KNOTS.);
#2209 = CARTESIAN_POINT('',(3.381368577167,1.5499994));
#2210 = CARTESIAN_POINT('',(3.381368577167,1.6000006));
#2211 = ( GEOMETRIC_REPRESENTATION_CONTEXT(2) 
PARAMETRIC_REPRESENTATION_CONTEXT() REPRESENTATION_CONTEXT('2D SPACE',''
  ) );
#2212 = ORIENTED_EDGE('',*,*,#2213,.T.);
#2213 = EDGE_CURVE('',#2193,#2037,#2214,.T.);
#2214 = SURFACE_CURVE('',#2215,(#2220,#2227),.PCURVE_S1.);
#2215 = CIRCLE('',#2216,1.65);
#2216 = AXIS2_PLACEMENT_3D('',#2217,#2218,#2219);
#2217 = CARTESIAN_POINT('',(-7.15,-5.E-02,13.65));
#2218 = DIRECTION('',(0.,-0.,-1.));
#2219 = DIRECTION('',(1.,0.,-0.));
#2220 = PCURVE('',#602,#2221);
#2221 = DEFINITIONAL_REPRESENTATION('',(#2222),#2226);
#2222 = LINE('',#2223,#2224);
#2223 = CARTESIAN_POINT('',(-0.,1.65));
#2224 = VECTOR('',#2225,1.);
#2225 = DIRECTION('',(-1.,0.));
#2226 = ( GEOMETRIC_REPRESENTATION_CONTEXT(2) 
PARAMETRIC_REPRESENTATION_CONTEXT() REPRESENTATION_CONTEXT('2D SPACE',''
  ) );
#2227 = PCURVE('',#2228,#2233);
#2228 = SPHERICAL_SURFACE('',#2229,1.65);
#2229 = AXIS2_PLACEMENT_3D('',#2230,#2231,#2232);
#2230 = CARTESIAN_POINT('',(-7.15,-5.E-02,13.65));
#2231 = DIRECTION('',(0.,0.,1.));
#2232 = DIRECTION('',(1.,0.,-0.));
#2233 = DEFINITIONAL_REPRESENTATION('',(#2234),#2238);
#2234 = LINE('',#2235,#2236);
#2235 = CARTESIAN_POINT('',(-0.,0.));
#2236 = VECTOR('',#2237,1.);
#2237 = DIRECTION('',(-1.,0.));
#2238 = ( GEOMETRIC_REPRESENTATION_CONTEXT(2) 
PARAMETRIC_REPRESENTATION_CONTEXT() REPRESENTATION_CONTEXT('2D SPACE',''
  ) );
#2239 = ORIENTED_EDGE('',*,*,#2066,.T.);
#2240 = ORIENTED_EDGE('',*,*,#585,.T.);
#2241 = ADVANCED_FACE('',(#2242),#519,.F.);
#2242 = FACE_BOUND('',#2243,.F.);
#2243 = EDGE_LOOP('',(#2244,#2272,#2273,#2274));
#2244 = ORIENTED_EDGE('',*,*,#2245,.F.);
#2245 = EDGE_CURVE('',#2092,#2246,#2248,.T.);
#2246 = VERTEX_POINT('',#2247);
#2247 = CARTESIAN_POINT('',(-7.15,1.7,13.65));
#2248 = SURFACE_CURVE('',#2249,(#2253,#2260),.PCURVE_S1.);
#2249 = LINE('',#2250,#2251);
#2250 = CARTESIAN_POINT('',(-10.,1.7,13.65));
#2251 = VECTOR('',#2252,1.);
#2252 = DIRECTION('',(1.,0.,-0.));
#2253 = PCURVE('',#519,#2254);
#2254 = DEFINITIONAL_REPRESENTATION('',(#2255),#2259);
#2255 = LINE('',#2256,#2257);
#2256 = CARTESIAN_POINT('',(1.65,0.));
#2257 = VECTOR('',#2258,1.);
#2258 = DIRECTION('',(0.,1.));
#2259 = ( GEOMETRIC_REPRESENTATION_CONTEXT(2) 
PARAMETRIC_REPRESENTATION_CONTEXT() REPRESENTATION_CONTEXT('2D SPACE',''
  ) );
#2260 = PCURVE('',#2261,#2266);
#2261 = CYLINDRICAL_SURFACE('',#2262,1.65);
#2262 = AXIS2_PLACEMENT_3D('',#2263,#2264,#2265);
#2263 = CARTESIAN_POINT('',(-10.,5.E-02,13.65));
#2264 = DIRECTION('',(1.,0.,-0.));
#2265 = DIRECTION('',(0.,1.,0.));
#2266 = DEFINITIONAL_REPRESENTATION('',(#2267),#2271);
#2267 = LINE('',#2268,#2269);
#2268 = CARTESIAN_POINT('',(-0.,0.));
#2269 = VECTOR('',#2270,1.);
#2270 = DIRECTION('',(-0.,1.));
#2271 = ( GEOMETRIC_REPRESENTATION_CONTEXT(2) 
PARAMETRIC_REPRESENTATION_CONTEXT() REPRESENTATION_CONTEXT('2D SPACE',''
  ) );
#2272 = ORIENTED_EDGE('',*,*,#2120,.T.);
#2273 = ORIENTED_EDGE('',*,*,#504,.F.);
#2274 = ORIENTED_EDGE('',*,*,#2275,.F.);
#2275 = EDGE_CURVE('',#2246,#505,#2276,.T.);
#2276 = SURFACE_CURVE('',#2277,(#2281,#2288),.PCURVE_S1.);
#2277 = LINE('',#2278,#2279);
#2278 = CARTESIAN_POINT('',(-7.15,1.7,12.));
#2279 = VECTOR('',#2280,1.);
#2280 = DIRECTION('',(0.,0.,1.));
#2281 = PCURVE('',#519,#2282);
#2282 = DEFINITIONAL_REPRESENTATION('',(#2283),#2287);
#2283 = LINE('',#2284,#2285);
#2284 = CARTESIAN_POINT('',(0.,2.85));
#2285 = VECTOR('',#2286,1.);
#2286 = DIRECTION('',(1.,0.));
#2287 = ( GEOMETRIC_REPRESENTATION_CONTEXT(2) 
PARAMETRIC_REPRESENTATION_CONTEXT() REPRESENTATION_CONTEXT('2D SPACE',''
  ) );
#2288 = PCURVE('',#547,#2289);
#2289 = DEFINITIONAL_REPRESENTATION('',(#2290),#2294);
#2290 = LINE('',#2291,#2292);
#2291 = CARTESIAN_POINT('',(1.570796326795,0.));
#2292 = VECTOR('',#2293,1.);
#2293 = DIRECTION('',(0.,1.));
#2294 = ( GEOMETRIC_REPRESENTATION_CONTEXT(2) 
PARAMETRIC_REPRESENTATION_CONTEXT() REPRESENTATION_CONTEXT('2D SPACE',''
  ) );
#2295 = ADVANCED_FACE('',(#2296),#574,.F.);
#2296 = FACE_BOUND('',#2297,.F.);
#2297 = EDGE_LOOP('',(#2298,#2299,#2320,#2341));
#2298 = ORIENTED_EDGE('',*,*,#2145,.F.);
#2299 = ORIENTED_EDGE('',*,*,#2300,.F.);
#2300 = EDGE_CURVE('',#2301,#2146,#2303,.T.);
#2301 = VERTEX_POINT('',#2302);
#2302 = CARTESIAN_POINT('',(-5.5,5.E-02,13.7));
#2303 = SURFACE_CURVE('',#2304,(#2308,#2314),.PCURVE_S1.);
#2304 = LINE('',#2305,#2306);
#2305 = CARTESIAN_POINT('',(-5.5,-0.85,13.7));
#2306 = VECTOR('',#2307,1.);
#2307 = DIRECTION('',(0.,-1.,0.));
#2308 = PCURVE('',#574,#2309);
#2309 = DEFINITIONAL_REPRESENTATION('',(#2310),#2313);
#2310 = B_SPLINE_CURVE_WITH_KNOTS('',1,(#2311,#2312),.UNSPECIFIED.,.F.,
  .F.,(2,2),(-0.9,-0.8),.PIECEWISE_BEZIER_KNOTS.);
#2311 = CARTESIAN_POINT('',(1.7,-1.75));
#2312 = CARTESIAN_POINT('',(1.7,-1.65));
#2313 = ( GEOMETRIC_REPRESENTATION_CONTEXT(2) 
PARAMETRIC_REPRESENTATION_CONTEXT() REPRESENTATION_CONTEXT('2D SPACE',''
  ) );
#2314 = PCURVE('',#1602,#2315);
#2315 = DEFINITIONAL_REPRESENTATION('',(#2316),#2319);
#2316 = B_SPLINE_CURVE_WITH_KNOTS('',1,(#2317,#2318),.UNSPECIFIED.,.F.,
  .F.,(2,2),(-0.9,-0.8),.PIECEWISE_BEZIER_KNOTS.);
#2317 = CARTESIAN_POINT('',(-5.5,5.E-02));
#2318 = CARTESIAN_POINT('',(-5.5,-5.E-02));
#2319 = ( GEOMETRIC_REPRESENTATION_CONTEXT(2) 
PARAMETRIC_REPRESENTATION_CONTEXT() REPRESENTATION_CONTEXT('2D SPACE',''
  ) );
#2320 = ORIENTED_EDGE('',*,*,#2321,.T.);
#2321 = EDGE_CURVE('',#2301,#531,#2322,.T.);
#2322 = SURFACE_CURVE('',#2323,(#2327,#2334),.PCURVE_S1.);
#2323 = LINE('',#2324,#2325);
#2324 = CARTESIAN_POINT('',(-5.5,5.E-02,12.));
#2325 = VECTOR('',#2326,1.);
#2326 = DIRECTION('',(0.,0.,1.));
#2327 = PCURVE('',#574,#2328);
#2328 = DEFINITIONAL_REPRESENTATION('',(#2329),#2333);
#2329 = LINE('',#2330,#2331);
#2330 = CARTESIAN_POINT('',(0.,-1.75));
#2331 = VECTOR('',#2332,1.);
#2332 = DIRECTION('',(1.,0.));
#2333 = ( GEOMETRIC_REPRESENTATION_CONTEXT(2) 
PARAMETRIC_REPRESENTATION_CONTEXT() REPRESENTATION_CONTEXT('2D SPACE',''
  ) );
#2334 = PCURVE('',#547,#2335);
#2335 = DEFINITIONAL_REPRESENTATION('',(#2336),#2340);
#2336 = LINE('',#2337,#2338);
#2337 = CARTESIAN_POINT('',(0.,0.));
#2338 = VECTOR('',#2339,1.);
#2339 = DIRECTION('',(0.,1.));
#2340 = ( GEOMETRIC_REPRESENTATION_CONTEXT(2) 
PARAMETRIC_REPRESENTATION_CONTEXT() REPRESENTATION_CONTEXT('2D SPACE',''
  ) );
#2341 = ORIENTED_EDGE('',*,*,#559,.F.);
#2342 = ADVANCED_FACE('',(#2343),#547,.F.);
#2343 = FACE_BOUND('',#2344,.F.);
#2344 = EDGE_LOOP('',(#2345,#2346,#2370,#2396,#2423,#2424));
#2345 = ORIENTED_EDGE('',*,*,#2321,.F.);
#2346 = ORIENTED_EDGE('',*,*,#2347,.T.);
#2347 = EDGE_CURVE('',#2301,#2348,#2350,.T.);
#2348 = VERTEX_POINT('',#2349);
#2349 = CARTESIAN_POINT('',(-6.799738498142,1.662394765656,13.7));
#2350 = SURFACE_CURVE('',#2351,(#2356,#2363),.PCURVE_S1.);
#2351 = CIRCLE('',#2352,1.65);
#2352 = AXIS2_PLACEMENT_3D('',#2353,#2354,#2355);
#2353 = CARTESIAN_POINT('',(-7.15,5.E-02,13.7));
#2354 = DIRECTION('',(0.,0.,1.));
#2355 = DIRECTION('',(1.,0.,-0.));
#2356 = PCURVE('',#547,#2357);
#2357 = DEFINITIONAL_REPRESENTATION('',(#2358),#2362);
#2358 = LINE('',#2359,#2360);
#2359 = CARTESIAN_POINT('',(0.,1.7));
#2360 = VECTOR('',#2361,1.);
#2361 = DIRECTION('',(1.,0.));
#2362 = ( GEOMETRIC_REPRESENTATION_CONTEXT(2) 
PARAMETRIC_REPRESENTATION_CONTEXT() REPRESENTATION_CONTEXT('2D SPACE',''
  ) );
#2363 = PCURVE('',#1602,#2364);
#2364 = DEFINITIONAL_REPRESENTATION('',(#2365),#2369);
#2365 = CIRCLE('',#2366,1.65);
#2366 = AXIS2_PLACEMENT_2D('',#2367,#2368);
#2367 = CARTESIAN_POINT('',(-7.15,5.E-02));
#2368 = DIRECTION('',(1.,0.));
#2369 = ( GEOMETRIC_REPRESENTATION_CONTEXT(2) 
PARAMETRIC_REPRESENTATION_CONTEXT() REPRESENTATION_CONTEXT('2D SPACE',''
  ) );
#2370 = ORIENTED_EDGE('',*,*,#2371,.F.);
#2371 = EDGE_CURVE('',#2372,#2348,#2374,.T.);
#2372 = VERTEX_POINT('',#2373);
#2373 = CARTESIAN_POINT('',(-6.799738498142,1.662394765656,13.65));
#2374 = SURFACE_CURVE('',#2375,(#2379,#2385),.PCURVE_S1.);
#2375 = LINE('',#2376,#2377);
#2376 = CARTESIAN_POINT('',(-6.799738498142,1.662394765656,12.));
#2377 = VECTOR('',#2378,1.);
#2378 = DIRECTION('',(0.,0.,1.));
#2379 = PCURVE('',#547,#2380);
#2380 = DEFINITIONAL_REPRESENTATION('',(#2381),#2384);
#2381 = B_SPLINE_CURVE_WITH_KNOTS('',1,(#2382,#2383),.UNSPECIFIED.,.F.,
  .F.,(2,2),(1.6499994,1.7000006),.PIECEWISE_BEZIER_KNOTS.);
#2382 = CARTESIAN_POINT('',(1.35688908916,1.6499994));
#2383 = CARTESIAN_POINT('',(1.35688908916,1.7000006));
#2384 = ( GEOMETRIC_REPRESENTATION_CONTEXT(2) 
PARAMETRIC_REPRESENTATION_CONTEXT() REPRESENTATION_CONTEXT('2D SPACE',''
  ) );
#2385 = PCURVE('',#2386,#2391);
#2386 = CYLINDRICAL_SURFACE('',#2387,7.);
#2387 = AXIS2_PLACEMENT_3D('',#2388,#2389,#2390);
#2388 = CARTESIAN_POINT('',(0.,0.,12.1));
#2389 = DIRECTION('',(0.,0.,1.));
#2390 = DIRECTION('',(1.,0.,-0.));
#2391 = DEFINITIONAL_REPRESENTATION('',(#2392),#2395);
#2392 = B_SPLINE_CURVE_WITH_KNOTS('',1,(#2393,#2394),.UNSPECIFIED.,.F.,
  .F.,(2,2),(1.6499994,1.7000006),.PIECEWISE_BEZIER_KNOTS.);
#2393 = CARTESIAN_POINT('',(2.901816730013,1.5499994));
#2394 = CARTESIAN_POINT('',(2.901816730013,1.6000006));
#2395 = ( GEOMETRIC_REPRESENTATION_CONTEXT(2) 
PARAMETRIC_REPRESENTATION_CONTEXT() REPRESENTATION_CONTEXT('2D SPACE',''
  ) );
#2396 = ORIENTED_EDGE('',*,*,#2397,.T.);
#2397 = EDGE_CURVE('',#2372,#2246,#2398,.T.);
#2398 = SURFACE_CURVE('',#2399,(#2404,#2411),.PCURVE_S1.);
#2399 = CIRCLE('',#2400,1.65);
#2400 = AXIS2_PLACEMENT_3D('',#2401,#2402,#2403);
#2401 = CARTESIAN_POINT('',(-7.15,5.E-02,13.65));
#2402 = DIRECTION('',(0.,0.,1.));
#2403 = DIRECTION('',(1.,0.,-0.));
#2404 = PCURVE('',#547,#2405);
#2405 = DEFINITIONAL_REPRESENTATION('',(#2406),#2410);
#2406 = LINE('',#2407,#2408);
#2407 = CARTESIAN_POINT('',(0.,1.65));
#2408 = VECTOR('',#2409,1.);
#2409 = DIRECTION('',(1.,0.));
#2410 = ( GEOMETRIC_REPRESENTATION_CONTEXT(2) 
PARAMETRIC_REPRESENTATION_CONTEXT() REPRESENTATION_CONTEXT('2D SPACE',''
  ) );
#2411 = PCURVE('',#2412,#2417);
#2412 = SPHERICAL_SURFACE('',#2413,1.65);
#2413 = AXIS2_PLACEMENT_3D('',#2414,#2415,#2416);
#2414 = CARTESIAN_POINT('',(-7.15,5.E-02,13.65));
#2415 = DIRECTION('',(0.,0.,1.));
#2416 = DIRECTION('',(1.,0.,-0.));
#2417 = DEFINITIONAL_REPRESENTATION('',(#2418),#2422);
#2418 = LINE('',#2419,#2420);
#2419 = CARTESIAN_POINT('',(0.,0.));
#2420 = VECTOR('',#2421,1.);
#2421 = DIRECTION('',(1.,0.));
#2422 = ( GEOMETRIC_REPRESENTATION_CONTEXT(2) 
PARAMETRIC_REPRESENTATION_CONTEXT() REPRESENTATION_CONTEXT('2D SPACE',''
  ) );
#2423 = ORIENTED_EDGE('',*,*,#2275,.T.);
#2424 = ORIENTED_EDGE('',*,*,#530,.F.);
#2425 = ADVANCED_FACE('',(#2426),#657,.F.);
#2426 = FACE_BOUND('',#2427,.F.);
#2427 = EDGE_LOOP('',(#2428,#2449,#2450,#2451));
#2428 = ORIENTED_EDGE('',*,*,#2429,.T.);
#2429 = EDGE_CURVE('',#1234,#641,#2430,.T.);
#2430 = SEAM_CURVE('',#2431,(#2435,#2442),.PCURVE_S1.);
#2431 = LINE('',#2432,#2433);
#2432 = CARTESIAN_POINT('',(-8.553048327205,10.253048327205,9.));
#2433 = VECTOR('',#2434,1.);
#2434 = DIRECTION('',(0.,0.,1.));
#2435 = PCURVE('',#657,#2436);
#2436 = DEFINITIONAL_REPRESENTATION('',(#2437),#2441);
#2437 = LINE('',#2438,#2439);
#2438 = CARTESIAN_POINT('',(6.28318530718,-0.));
#2439 = VECTOR('',#2440,1.);
#2440 = DIRECTION('',(0.,1.));
#2441 = ( GEOMETRIC_REPRESENTATION_CONTEXT(2) 
PARAMETRIC_REPRESENTATION_CONTEXT() REPRESENTATION_CONTEXT('2D SPACE',''
  ) );
#2442 = PCURVE('',#657,#2443);
#2443 = DEFINITIONAL_REPRESENTATION('',(#2444),#2448);
#2444 = LINE('',#2445,#2446);
#2445 = CARTESIAN_POINT('',(0.,-0.));
#2446 = VECTOR('',#2447,1.);
#2447 = DIRECTION('',(0.,1.));
#2448 = ( GEOMETRIC_REPRESENTATION_CONTEXT(2) 
PARAMETRIC_REPRESENTATION_CONTEXT() REPRESENTATION_CONTEXT('2D SPACE',''
  ) );
#2449 = ORIENTED_EDGE('',*,*,#640,.F.);
#2450 = ORIENTED_EDGE('',*,*,#2429,.F.);
#2451 = ORIENTED_EDGE('',*,*,#1233,.T.);
#2452 = ADVANCED_FACE('',(#2453),#688,.F.);
#2453 = FACE_BOUND('',#2454,.F.);
#2454 = EDGE_LOOP('',(#2455,#2479,#2500,#2501));
#2455 = ORIENTED_EDGE('',*,*,#2456,.T.);
#2456 = EDGE_CURVE('',#2457,#2457,#2459,.T.);
#2457 = VERTEX_POINT('',#2458);
#2458 = CARTESIAN_POINT('',(1.7,-4.163799117101E-16,13.7));
#2459 = SURFACE_CURVE('',#2460,(#2465,#2472),.PCURVE_S1.);
#2460 = CIRCLE('',#2461,1.7);
#2461 = AXIS2_PLACEMENT_3D('',#2462,#2463,#2464);
#2462 = CARTESIAN_POINT('',(0.,0.,13.7));
#2463 = DIRECTION('',(0.,0.,1.));
#2464 = DIRECTION('',(1.,0.,-0.));
#2465 = PCURVE('',#688,#2466);
#2466 = DEFINITIONAL_REPRESENTATION('',(#2467),#2471);
#2467 = LINE('',#2468,#2469);
#2468 = CARTESIAN_POINT('',(0.,4.7));
#2469 = VECTOR('',#2470,1.);
#2470 = DIRECTION('',(1.,0.));
#2471 = ( GEOMETRIC_REPRESENTATION_CONTEXT(2) 
PARAMETRIC_REPRESENTATION_CONTEXT() REPRESENTATION_CONTEXT('2D SPACE',''
  ) );
#2472 = PCURVE('',#1602,#2473);
#2473 = DEFINITIONAL_REPRESENTATION('',(#2474),#2478);
#2474 = CIRCLE('',#2475,1.7);
#2475 = AXIS2_PLACEMENT_2D('',#2476,#2477);
#2476 = CARTESIAN_POINT('',(0.,0.));
#2477 = DIRECTION('',(1.,0.));
#2478 = ( GEOMETRIC_REPRESENTATION_CONTEXT(2) 
PARAMETRIC_REPRESENTATION_CONTEXT() REPRESENTATION_CONTEXT('2D SPACE',''
  ) );
#2479 = ORIENTED_EDGE('',*,*,#2480,.T.);
#2480 = EDGE_CURVE('',#2457,#672,#2481,.T.);
#2481 = SEAM_CURVE('',#2482,(#2486,#2493),.PCURVE_S1.);
#2482 = LINE('',#2483,#2484);
#2483 = CARTESIAN_POINT('',(1.7,-4.163799117101E-16,9.));
#2484 = VECTOR('',#2485,1.);
#2485 = DIRECTION('',(0.,0.,1.));
#2486 = PCURVE('',#688,#2487);
#2487 = DEFINITIONAL_REPRESENTATION('',(#2488),#2492);
#2488 = LINE('',#2489,#2490);
#2489 = CARTESIAN_POINT('',(0.,-0.));
#2490 = VECTOR('',#2491,1.);
#2491 = DIRECTION('',(0.,1.));
#2492 = ( GEOMETRIC_REPRESENTATION_CONTEXT(2) 
PARAMETRIC_REPRESENTATION_CONTEXT() REPRESENTATION_CONTEXT('2D SPACE',''
  ) );
#2493 = PCURVE('',#688,#2494);
#2494 = DEFINITIONAL_REPRESENTATION('',(#2495),#2499);
#2495 = LINE('',#2496,#2497);
#2496 = CARTESIAN_POINT('',(6.28318530718,-0.));
#2497 = VECTOR('',#2498,1.);
#2498 = DIRECTION('',(0.,1.));
#2499 = ( GEOMETRIC_REPRESENTATION_CONTEXT(2) 
PARAMETRIC_REPRESENTATION_CONTEXT() REPRESENTATION_CONTEXT('2D SPACE',''
  ) );
#2500 = ORIENTED_EDGE('',*,*,#671,.F.);
#2501 = ORIENTED_EDGE('',*,*,#2480,.F.);
#2502 = ADVANCED_FACE('',(#2503),#721,.F.);
#2503 = FACE_BOUND('',#2504,.F.);
#2504 = EDGE_LOOP('',(#2505,#2528,#2552,#2573,#2602,#2623));
#2505 = ORIENTED_EDGE('',*,*,#2506,.F.);
#2506 = EDGE_CURVE('',#2507,#703,#2509,.T.);
#2507 = VERTEX_POINT('',#2508);
#2508 = CARTESIAN_POINT('',(5.5,-5.E-02,13.7));
#2509 = SURFACE_CURVE('',#2510,(#2514,#2521),.PCURVE_S1.);
#2510 = LINE('',#2511,#2512);
#2511 = CARTESIAN_POINT('',(5.5,-5.E-02,12.));
#2512 = VECTOR('',#2513,1.);
#2513 = DIRECTION('',(0.,0.,1.));
#2514 = PCURVE('',#721,#2515);
#2515 = DEFINITIONAL_REPRESENTATION('',(#2516),#2520);
#2516 = LINE('',#2517,#2518);
#2517 = CARTESIAN_POINT('',(0.,0.));
#2518 = VECTOR('',#2519,1.);
#2519 = DIRECTION('',(0.,1.));
#2520 = ( GEOMETRIC_REPRESENTATION_CONTEXT(2) 
PARAMETRIC_REPRESENTATION_CONTEXT() REPRESENTATION_CONTEXT('2D SPACE',''
  ) );
#2521 = PCURVE('',#748,#2522);
#2522 = DEFINITIONAL_REPRESENTATION('',(#2523),#2527);
#2523 = LINE('',#2524,#2525);
#2524 = CARTESIAN_POINT('',(0.,-1.65));
#2525 = VECTOR('',#2526,1.);
#2526 = DIRECTION('',(1.,0.));
#2527 = ( GEOMETRIC_REPRESENTATION_CONTEXT(2) 
PARAMETRIC_REPRESENTATION_CONTEXT() REPRESENTATION_CONTEXT('2D SPACE',''
  ) );
#2528 = ORIENTED_EDGE('',*,*,#2529,.T.);
#2529 = EDGE_CURVE('',#2507,#2530,#2532,.T.);
#2530 = VERTEX_POINT('',#2531);
#2531 = CARTESIAN_POINT('',(6.799738498142,-1.662394765656,13.7));
#2532 = SURFACE_CURVE('',#2533,(#2538,#2545),.PCURVE_S1.);
#2533 = CIRCLE('',#2534,1.65);
#2534 = AXIS2_PLACEMENT_3D('',#2535,#2536,#2537);
#2535 = CARTESIAN_POINT('',(7.15,-5.E-02,13.7));
#2536 = DIRECTION('',(0.,0.,1.));
#2537 = DIRECTION('',(-1.,-0.,0.));
#2538 = PCURVE('',#721,#2539);
#2539 = DEFINITIONAL_REPRESENTATION('',(#2540),#2544);
#2540 = LINE('',#2541,#2542);
#2541 = CARTESIAN_POINT('',(0.,1.7));
#2542 = VECTOR('',#2543,1.);
#2543 = DIRECTION('',(1.,0.));
#2544 = ( GEOMETRIC_REPRESENTATION_CONTEXT(2) 
PARAMETRIC_REPRESENTATION_CONTEXT() REPRESENTATION_CONTEXT('2D SPACE',''
  ) );
#2545 = PCURVE('',#1602,#2546);
#2546 = DEFINITIONAL_REPRESENTATION('',(#2547),#2551);
#2547 = CIRCLE('',#2548,1.65);
#2548 = AXIS2_PLACEMENT_2D('',#2549,#2550);
#2549 = CARTESIAN_POINT('',(7.15,-5.E-02));
#2550 = DIRECTION('',(-1.,0.));
#2551 = ( GEOMETRIC_REPRESENTATION_CONTEXT(2) 
PARAMETRIC_REPRESENTATION_CONTEXT() REPRESENTATION_CONTEXT('2D SPACE',''
  ) );
#2552 = ORIENTED_EDGE('',*,*,#2553,.F.);
#2553 = EDGE_CURVE('',#2554,#2530,#2556,.T.);
#2554 = VERTEX_POINT('',#2555);
#2555 = CARTESIAN_POINT('',(6.799738498142,-1.662394765656,13.65));
#2556 = SURFACE_CURVE('',#2557,(#2561,#2567),.PCURVE_S1.);
#2557 = LINE('',#2558,#2559);
#2558 = CARTESIAN_POINT('',(6.799738498142,-1.662394765656,12.));
#2559 = VECTOR('',#2560,1.);
#2560 = DIRECTION('',(0.,0.,1.));
#2561 = PCURVE('',#721,#2562);
#2562 = DEFINITIONAL_REPRESENTATION('',(#2563),#2566);
#2563 = B_SPLINE_CURVE_WITH_KNOTS('',1,(#2564,#2565),.UNSPECIFIED.,.F.,
  .F.,(2,2),(1.6499994,1.7000006),.PIECEWISE_BEZIER_KNOTS.);
#2564 = CARTESIAN_POINT('',(1.35688908916,1.6499994));
#2565 = CARTESIAN_POINT('',(1.35688908916,1.7000006));
#2566 = ( GEOMETRIC_REPRESENTATION_CONTEXT(2) 
PARAMETRIC_REPRESENTATION_CONTEXT() REPRESENTATION_CONTEXT('2D SPACE',''
  ) );
#2567 = PCURVE('',#1840,#2568);
#2568 = DEFINITIONAL_REPRESENTATION('',(#2569),#2572);
#2569 = B_SPLINE_CURVE_WITH_KNOTS('',1,(#2570,#2571),.UNSPECIFIED.,.F.,
  .F.,(2,2),(1.6499994,1.7000006),.PIECEWISE_BEZIER_KNOTS.);
#2570 = CARTESIAN_POINT('',(6.043409383603,1.5499994));
#2571 = CARTESIAN_POINT('',(6.043409383603,1.6000006));
#2572 = ( GEOMETRIC_REPRESENTATION_CONTEXT(2) 
PARAMETRIC_REPRESENTATION_CONTEXT() REPRESENTATION_CONTEXT('2D SPACE',''
  ) );
#2573 = ORIENTED_EDGE('',*,*,#2574,.T.);
#2574 = EDGE_CURVE('',#2554,#2575,#2577,.T.);
#2575 = VERTEX_POINT('',#2576);
#2576 = CARTESIAN_POINT('',(7.15,-1.7,13.65));
#2577 = SURFACE_CURVE('',#2578,(#2583,#2590),.PCURVE_S1.);
#2578 = CIRCLE('',#2579,1.65);
#2579 = AXIS2_PLACEMENT_3D('',#2580,#2581,#2582);
#2580 = CARTESIAN_POINT('',(7.15,-5.E-02,13.65));
#2581 = DIRECTION('',(0.,0.,1.));
#2582 = DIRECTION('',(-1.,0.,0.));
#2583 = PCURVE('',#721,#2584);
#2584 = DEFINITIONAL_REPRESENTATION('',(#2585),#2589);
#2585 = LINE('',#2586,#2587);
#2586 = CARTESIAN_POINT('',(0.,1.65));
#2587 = VECTOR('',#2588,1.);
#2588 = DIRECTION('',(1.,0.));
#2589 = ( GEOMETRIC_REPRESENTATION_CONTEXT(2) 
PARAMETRIC_REPRESENTATION_CONTEXT() REPRESENTATION_CONTEXT('2D SPACE',''
  ) );
#2590 = PCURVE('',#2591,#2596);
#2591 = SPHERICAL_SURFACE('',#2592,1.65);
#2592 = AXIS2_PLACEMENT_3D('',#2593,#2594,#2595);
#2593 = CARTESIAN_POINT('',(7.15,-5.E-02,13.65));
#2594 = DIRECTION('',(0.,0.,1.));
#2595 = DIRECTION('',(-1.,0.,0.));
#2596 = DEFINITIONAL_REPRESENTATION('',(#2597),#2601);
#2597 = LINE('',#2598,#2599);
#2598 = CARTESIAN_POINT('',(0.,0.));
#2599 = VECTOR('',#2600,1.);
#2600 = DIRECTION('',(1.,0.));
#2601 = ( GEOMETRIC_REPRESENTATION_CONTEXT(2) 
PARAMETRIC_REPRESENTATION_CONTEXT() REPRESENTATION_CONTEXT('2D SPACE',''
  ) );
#2602 = ORIENTED_EDGE('',*,*,#2603,.T.);
#2603 = EDGE_CURVE('',#2575,#705,#2604,.T.);
#2604 = SURFACE_CURVE('',#2605,(#2609,#2616),.PCURVE_S1.);
#2605 = LINE('',#2606,#2607);
#2606 = CARTESIAN_POINT('',(7.15,-1.7,12.));
#2607 = VECTOR('',#2608,1.);
#2608 = DIRECTION('',(0.,0.,1.));
#2609 = PCURVE('',#721,#2610);
#2610 = DEFINITIONAL_REPRESENTATION('',(#2611),#2615);
#2611 = LINE('',#2612,#2613);
#2612 = CARTESIAN_POINT('',(1.570796326795,0.));
#2613 = VECTOR('',#2614,1.);
#2614 = DIRECTION('',(0.,1.));
#2615 = ( GEOMETRIC_REPRESENTATION_CONTEXT(2) 
PARAMETRIC_REPRESENTATION_CONTEXT() REPRESENTATION_CONTEXT('2D SPACE',''
  ) );
#2616 = PCURVE('',#911,#2617);
#2617 = DEFINITIONAL_REPRESENTATION('',(#2618),#2622);
#2618 = LINE('',#2619,#2620);
#2619 = CARTESIAN_POINT('',(0.,1.65));
#2620 = VECTOR('',#2621,1.);
#2621 = DIRECTION('',(1.,0.));
#2622 = ( GEOMETRIC_REPRESENTATION_CONTEXT(2) 
PARAMETRIC_REPRESENTATION_CONTEXT() REPRESENTATION_CONTEXT('2D SPACE',''
  ) );
#2623 = ORIENTED_EDGE('',*,*,#702,.F.);
#2624 = ADVANCED_FACE('',(#2625),#748,.T.);
#2625 = FACE_BOUND('',#2626,.T.);
#2626 = EDGE_LOOP('',(#2627,#2628,#2649,#2670));
#2627 = ORIENTED_EDGE('',*,*,#2506,.F.);
#2628 = ORIENTED_EDGE('',*,*,#2629,.F.);
#2629 = EDGE_CURVE('',#2630,#2507,#2632,.T.);
#2630 = VERTEX_POINT('',#2631);
#2631 = CARTESIAN_POINT('',(5.5,5.E-02,13.7));
#2632 = SURFACE_CURVE('',#2633,(#2637,#2643),.PCURVE_S1.);
#2633 = LINE('',#2634,#2635);
#2634 = CARTESIAN_POINT('',(5.5,-0.85,13.7));
#2635 = VECTOR('',#2636,1.);
#2636 = DIRECTION('',(0.,-1.,0.));
#2637 = PCURVE('',#748,#2638);
#2638 = DEFINITIONAL_REPRESENTATION('',(#2639),#2642);
#2639 = B_SPLINE_CURVE_WITH_KNOTS('',1,(#2640,#2641),.UNSPECIFIED.,.F.,
  .F.,(2,2),(-0.9,-0.8),.PIECEWISE_BEZIER_KNOTS.);
#2640 = CARTESIAN_POINT('',(1.7,-1.75));
#2641 = CARTESIAN_POINT('',(1.7,-1.65));
#2642 = ( GEOMETRIC_REPRESENTATION_CONTEXT(2) 
PARAMETRIC_REPRESENTATION_CONTEXT() REPRESENTATION_CONTEXT('2D SPACE',''
  ) );
#2643 = PCURVE('',#1602,#2644);
#2644 = DEFINITIONAL_REPRESENTATION('',(#2645),#2648);
#2645 = B_SPLINE_CURVE_WITH_KNOTS('',1,(#2646,#2647),.UNSPECIFIED.,.F.,
  .F.,(2,2),(-0.9,-0.8),.PIECEWISE_BEZIER_KNOTS.);
#2646 = CARTESIAN_POINT('',(5.5,5.E-02));
#2647 = CARTESIAN_POINT('',(5.5,-5.E-02));
#2648 = ( GEOMETRIC_REPRESENTATION_CONTEXT(2) 
PARAMETRIC_REPRESENTATION_CONTEXT() REPRESENTATION_CONTEXT('2D SPACE',''
  ) );
#2649 = ORIENTED_EDGE('',*,*,#2650,.T.);
#2650 = EDGE_CURVE('',#2630,#734,#2651,.T.);
#2651 = SURFACE_CURVE('',#2652,(#2656,#2663),.PCURVE_S1.);
#2652 = LINE('',#2653,#2654);
#2653 = CARTESIAN_POINT('',(5.5,5.E-02,12.));
#2654 = VECTOR('',#2655,1.);
#2655 = DIRECTION('',(0.,0.,1.));
#2656 = PCURVE('',#748,#2657);
#2657 = DEFINITIONAL_REPRESENTATION('',(#2658),#2662);
#2658 = LINE('',#2659,#2660);
#2659 = CARTESIAN_POINT('',(0.,-1.75));
#2660 = VECTOR('',#2661,1.);
#2661 = DIRECTION('',(1.,0.));
#2662 = ( GEOMETRIC_REPRESENTATION_CONTEXT(2) 
PARAMETRIC_REPRESENTATION_CONTEXT() REPRESENTATION_CONTEXT('2D SPACE',''
  ) );
#2663 = PCURVE('',#776,#2664);
#2664 = DEFINITIONAL_REPRESENTATION('',(#2665),#2669);
#2665 = LINE('',#2666,#2667);
#2666 = CARTESIAN_POINT('',(-0.,0.));
#2667 = VECTOR('',#2668,1.);
#2668 = DIRECTION('',(-0.,1.));
#2669 = ( GEOMETRIC_REPRESENTATION_CONTEXT(2) 
PARAMETRIC_REPRESENTATION_CONTEXT() REPRESENTATION_CONTEXT('2D SPACE',''
  ) );
#2670 = ORIENTED_EDGE('',*,*,#733,.F.);
#2671 = ADVANCED_FACE('',(#2672),#911,.T.);
#2672 = FACE_BOUND('',#2673,.T.);
#2673 = EDGE_LOOP('',(#2674,#2702,#2703,#2704));
#2674 = ORIENTED_EDGE('',*,*,#2675,.F.);
#2675 = EDGE_CURVE('',#2575,#2676,#2678,.T.);
#2676 = VERTEX_POINT('',#2677);
#2677 = CARTESIAN_POINT('',(8.35,-1.7,13.65));
#2678 = SURFACE_CURVE('',#2679,(#2683,#2690),.PCURVE_S1.);
#2679 = LINE('',#2680,#2681);
#2680 = CARTESIAN_POINT('',(5.5,-1.7,13.65));
#2681 = VECTOR('',#2682,1.);
#2682 = DIRECTION('',(1.,0.,-0.));
#2683 = PCURVE('',#911,#2684);
#2684 = DEFINITIONAL_REPRESENTATION('',(#2685),#2689);
#2685 = LINE('',#2686,#2687);
#2686 = CARTESIAN_POINT('',(1.65,0.));
#2687 = VECTOR('',#2688,1.);
#2688 = DIRECTION('',(0.,1.));
#2689 = ( GEOMETRIC_REPRESENTATION_CONTEXT(2) 
PARAMETRIC_REPRESENTATION_CONTEXT() REPRESENTATION_CONTEXT('2D SPACE',''
  ) );
#2690 = PCURVE('',#2691,#2696);
#2691 = CYLINDRICAL_SURFACE('',#2692,1.65);
#2692 = AXIS2_PLACEMENT_3D('',#2693,#2694,#2695);
#2693 = CARTESIAN_POINT('',(5.5,-5.E-02,13.65));
#2694 = DIRECTION('',(1.,0.,-0.));
#2695 = DIRECTION('',(0.,-1.,0.));
#2696 = DEFINITIONAL_REPRESENTATION('',(#2697),#2701);
#2697 = LINE('',#2698,#2699);
#2698 = CARTESIAN_POINT('',(0.,0.));
#2699 = VECTOR('',#2700,1.);
#2700 = DIRECTION('',(0.,1.));
#2701 = ( GEOMETRIC_REPRESENTATION_CONTEXT(2) 
PARAMETRIC_REPRESENTATION_CONTEXT() REPRESENTATION_CONTEXT('2D SPACE',''
  ) );
#2702 = ORIENTED_EDGE('',*,*,#2603,.T.);
#2703 = ORIENTED_EDGE('',*,*,#898,.F.);
#2704 = ORIENTED_EDGE('',*,*,#2705,.F.);
#2705 = EDGE_CURVE('',#2676,#870,#2706,.T.);
#2706 = SURFACE_CURVE('',#2707,(#2711,#2718),.PCURVE_S1.);
#2707 = LINE('',#2708,#2709);
#2708 = CARTESIAN_POINT('',(8.35,-1.7,12.));
#2709 = VECTOR('',#2710,1.);
#2710 = DIRECTION('',(0.,0.,1.));
#2711 = PCURVE('',#911,#2712);
#2712 = DEFINITIONAL_REPRESENTATION('',(#2713),#2717);
#2713 = LINE('',#2714,#2715);
#2714 = CARTESIAN_POINT('',(0.,2.85));
#2715 = VECTOR('',#2716,1.);
#2716 = DIRECTION('',(1.,0.));
#2717 = ( GEOMETRIC_REPRESENTATION_CONTEXT(2) 
PARAMETRIC_REPRESENTATION_CONTEXT() REPRESENTATION_CONTEXT('2D SPACE',''
  ) );
#2718 = PCURVE('',#886,#2719);
#2719 = DEFINITIONAL_REPRESENTATION('',(#2720),#2724);
#2720 = LINE('',#2721,#2722);
#2721 = CARTESIAN_POINT('',(-1.570796326795,0.));
#2722 = VECTOR('',#2723,1.);
#2723 = DIRECTION('',(-0.,1.));
#2724 = ( GEOMETRIC_REPRESENTATION_CONTEXT(2) 
PARAMETRIC_REPRESENTATION_CONTEXT() REPRESENTATION_CONTEXT('2D SPACE',''
  ) );
#2725 = ADVANCED_FACE('',(#2726),#776,.F.);
#2726 = FACE_BOUND('',#2727,.T.);
#2727 = EDGE_LOOP('',(#2728,#2729,#2753,#2779,#2808,#2829));
#2728 = ORIENTED_EDGE('',*,*,#2650,.F.);
#2729 = ORIENTED_EDGE('',*,*,#2730,.F.);
#2730 = EDGE_CURVE('',#2731,#2630,#2733,.T.);
#2731 = VERTEX_POINT('',#2732);
#2732 = CARTESIAN_POINT('',(6.799738498142,1.662394765656,13.7));
#2733 = SURFACE_CURVE('',#2734,(#2739,#2746),.PCURVE_S1.);
#2734 = CIRCLE('',#2735,1.65);
#2735 = AXIS2_PLACEMENT_3D('',#2736,#2737,#2738);
#2736 = CARTESIAN_POINT('',(7.15,5.E-02,13.7));
#2737 = DIRECTION('',(0.,0.,1.));
#2738 = DIRECTION('',(-1.,-0.,0.));
#2739 = PCURVE('',#776,#2740);
#2740 = DEFINITIONAL_REPRESENTATION('',(#2741),#2745);
#2741 = LINE('',#2742,#2743);
#2742 = CARTESIAN_POINT('',(-6.28318530718,1.7));
#2743 = VECTOR('',#2744,1.);
#2744 = DIRECTION('',(1.,-0.));
#2745 = ( GEOMETRIC_REPRESENTATION_CONTEXT(2) 
PARAMETRIC_REPRESENTATION_CONTEXT() REPRESENTATION_CONTEXT('2D SPACE',''
  ) );
#2746 = PCURVE('',#1602,#2747);
#2747 = DEFINITIONAL_REPRESENTATION('',(#2748),#2752);
#2748 = CIRCLE('',#2749,1.65);
#2749 = AXIS2_PLACEMENT_2D('',#2750,#2751);
#2750 = CARTESIAN_POINT('',(7.15,5.E-02));
#2751 = DIRECTION('',(-1.,0.));
#2752 = ( GEOMETRIC_REPRESENTATION_CONTEXT(2) 
PARAMETRIC_REPRESENTATION_CONTEXT() REPRESENTATION_CONTEXT('2D SPACE',''
  ) );
#2753 = ORIENTED_EDGE('',*,*,#2754,.F.);
#2754 = EDGE_CURVE('',#2755,#2731,#2757,.T.);
#2755 = VERTEX_POINT('',#2756);
#2756 = CARTESIAN_POINT('',(6.799738498142,1.662394765656,13.65));
#2757 = SURFACE_CURVE('',#2758,(#2762,#2768),.PCURVE_S1.);
#2758 = LINE('',#2759,#2760);
#2759 = CARTESIAN_POINT('',(6.799738498142,1.662394765656,12.));
#2760 = VECTOR('',#2761,1.);
#2761 = DIRECTION('',(0.,0.,1.));
#2762 = PCURVE('',#776,#2763);
#2763 = DEFINITIONAL_REPRESENTATION('',(#2764),#2767);
#2764 = B_SPLINE_CURVE_WITH_KNOTS('',1,(#2765,#2766),.UNSPECIFIED.,.F.,
  .F.,(2,2),(1.6499994,1.7000006),.PIECEWISE_BEZIER_KNOTS.);
#2765 = CARTESIAN_POINT('',(-1.35688908916,1.6499994));
#2766 = CARTESIAN_POINT('',(-1.35688908916,1.7000006));
#2767 = ( GEOMETRIC_REPRESENTATION_CONTEXT(2) 
PARAMETRIC_REPRESENTATION_CONTEXT() REPRESENTATION_CONTEXT('2D SPACE',''
  ) );
#2768 = PCURVE('',#2769,#2774);
#2769 = CYLINDRICAL_SURFACE('',#2770,7.);
#2770 = AXIS2_PLACEMENT_3D('',#2771,#2772,#2773);
#2771 = CARTESIAN_POINT('',(0.,0.,12.1));
#2772 = DIRECTION('',(0.,0.,1.));
#2773 = DIRECTION('',(1.,0.,-0.));
#2774 = DEFINITIONAL_REPRESENTATION('',(#2775),#2778);
#2775 = B_SPLINE_CURVE_WITH_KNOTS('',1,(#2776,#2777),.UNSPECIFIED.,.F.,
  .F.,(2,2),(1.6499994,1.7000006),.PIECEWISE_BEZIER_KNOTS.);
#2776 = CARTESIAN_POINT('',(0.239775923577,1.5499994));
#2777 = CARTESIAN_POINT('',(0.239775923577,1.6000006));
#2778 = ( GEOMETRIC_REPRESENTATION_CONTEXT(2) 
PARAMETRIC_REPRESENTATION_CONTEXT() REPRESENTATION_CONTEXT('2D SPACE',''
  ) );
#2779 = ORIENTED_EDGE('',*,*,#2780,.T.);
#2780 = EDGE_CURVE('',#2755,#2781,#2783,.T.);
#2781 = VERTEX_POINT('',#2782);
#2782 = CARTESIAN_POINT('',(7.15,1.7,13.65));
#2783 = SURFACE_CURVE('',#2784,(#2789,#2796),.PCURVE_S1.);
#2784 = CIRCLE('',#2785,1.65);
#2785 = AXIS2_PLACEMENT_3D('',#2786,#2787,#2788);
#2786 = CARTESIAN_POINT('',(7.15,5.E-02,13.65));
#2787 = DIRECTION('',(-0.,0.,-1.));
#2788 = DIRECTION('',(-1.,0.,0.));
#2789 = PCURVE('',#776,#2790);
#2790 = DEFINITIONAL_REPRESENTATION('',(#2791),#2795);
#2791 = LINE('',#2792,#2793);
#2792 = CARTESIAN_POINT('',(-0.,1.65));
#2793 = VECTOR('',#2794,1.);
#2794 = DIRECTION('',(-1.,0.));
#2795 = ( GEOMETRIC_REPRESENTATION_CONTEXT(2) 
PARAMETRIC_REPRESENTATION_CONTEXT() REPRESENTATION_CONTEXT('2D SPACE',''
  ) );
#2796 = PCURVE('',#2797,#2802);
#2797 = SPHERICAL_SURFACE('',#2798,1.65);
#2798 = AXIS2_PLACEMENT_3D('',#2799,#2800,#2801);
#2799 = CARTESIAN_POINT('',(7.15,5.E-02,13.65));
#2800 = DIRECTION('',(0.,0.,1.));
#2801 = DIRECTION('',(-1.,0.,0.));
#2802 = DEFINITIONAL_REPRESENTATION('',(#2803),#2807);
#2803 = LINE('',#2804,#2805);
#2804 = CARTESIAN_POINT('',(-0.,0.));
#2805 = VECTOR('',#2806,1.);
#2806 = DIRECTION('',(-1.,0.));
#2807 = ( GEOMETRIC_REPRESENTATION_CONTEXT(2) 
PARAMETRIC_REPRESENTATION_CONTEXT() REPRESENTATION_CONTEXT('2D SPACE',''
  ) );
#2808 = ORIENTED_EDGE('',*,*,#2809,.T.);
#2809 = EDGE_CURVE('',#2781,#760,#2810,.T.);
#2810 = SURFACE_CURVE('',#2811,(#2815,#2822),.PCURVE_S1.);
#2811 = LINE('',#2812,#2813);
#2812 = CARTESIAN_POINT('',(7.15,1.7,12.));
#2813 = VECTOR('',#2814,1.);
#2814 = DIRECTION('',(0.,0.,1.));
#2815 = PCURVE('',#776,#2816);
#2816 = DEFINITIONAL_REPRESENTATION('',(#2817),#2821);
#2817 = LINE('',#2818,#2819);
#2818 = CARTESIAN_POINT('',(-1.570796326795,0.));
#2819 = VECTOR('',#2820,1.);
#2820 = DIRECTION('',(-0.,1.));
#2821 = ( GEOMETRIC_REPRESENTATION_CONTEXT(2) 
PARAMETRIC_REPRESENTATION_CONTEXT() REPRESENTATION_CONTEXT('2D SPACE',''
  ) );
#2822 = PCURVE('',#803,#2823);
#2823 = DEFINITIONAL_REPRESENTATION('',(#2824),#2828);
#2824 = LINE('',#2825,#2826);
#2825 = CARTESIAN_POINT('',(0.,1.65));
#2826 = VECTOR('',#2827,1.);
#2827 = DIRECTION('',(1.,0.));
#2828 = ( GEOMETRIC_REPRESENTATION_CONTEXT(2) 
PARAMETRIC_REPRESENTATION_CONTEXT() REPRESENTATION_CONTEXT('2D SPACE',''
  ) );
#2829 = ORIENTED_EDGE('',*,*,#759,.T.);
#2830 = ADVANCED_FACE('',(#2831),#886,.F.);
#2831 = FACE_BOUND('',#2832,.T.);
#2832 = EDGE_LOOP('',(#2833,#2856,#2883,#2884));
#2833 = ORIENTED_EDGE('',*,*,#2834,.F.);
#2834 = EDGE_CURVE('',#2835,#844,#2837,.T.);
#2835 = VERTEX_POINT('',#2836);
#2836 = CARTESIAN_POINT('',(10.,-5.E-02,13.65));
#2837 = SURFACE_CURVE('',#2838,(#2842,#2849),.PCURVE_S1.);
#2838 = LINE('',#2839,#2840);
#2839 = CARTESIAN_POINT('',(10.,-5.E-02,12.));
#2840 = VECTOR('',#2841,1.);
#2841 = DIRECTION('',(0.,0.,1.));
#2842 = PCURVE('',#886,#2843);
#2843 = DEFINITIONAL_REPRESENTATION('',(#2844),#2848);
#2844 = LINE('',#2845,#2846);
#2845 = CARTESIAN_POINT('',(-0.,0.));
#2846 = VECTOR('',#2847,1.);
#2847 = DIRECTION('',(-0.,1.));
#2848 = ( GEOMETRIC_REPRESENTATION_CONTEXT(2) 
PARAMETRIC_REPRESENTATION_CONTEXT() REPRESENTATION_CONTEXT('2D SPACE',''
  ) );
#2849 = PCURVE('',#858,#2850);
#2850 = DEFINITIONAL_REPRESENTATION('',(#2851),#2855);
#2851 = LINE('',#2852,#2853);
#2852 = CARTESIAN_POINT('',(0.,-1.65));
#2853 = VECTOR('',#2854,1.);
#2854 = DIRECTION('',(1.,0.));
#2855 = ( GEOMETRIC_REPRESENTATION_CONTEXT(2) 
PARAMETRIC_REPRESENTATION_CONTEXT() REPRESENTATION_CONTEXT('2D SPACE',''
  ) );
#2856 = ORIENTED_EDGE('',*,*,#2857,.T.);
#2857 = EDGE_CURVE('',#2835,#2676,#2858,.T.);
#2858 = SURFACE_CURVE('',#2859,(#2864,#2871),.PCURVE_S1.);
#2859 = CIRCLE('',#2860,1.65);
#2860 = AXIS2_PLACEMENT_3D('',#2861,#2862,#2863);
#2861 = CARTESIAN_POINT('',(8.35,-5.E-02,13.65));
#2862 = DIRECTION('',(0.,-0.,-1.));
#2863 = DIRECTION('',(1.,0.,-0.));
#2864 = PCURVE('',#886,#2865);
#2865 = DEFINITIONAL_REPRESENTATION('',(#2866),#2870);
#2866 = LINE('',#2867,#2868);
#2867 = CARTESIAN_POINT('',(-0.,1.65));
#2868 = VECTOR('',#2869,1.);
#2869 = DIRECTION('',(-1.,0.));
#2870 = ( GEOMETRIC_REPRESENTATION_CONTEXT(2) 
PARAMETRIC_REPRESENTATION_CONTEXT() REPRESENTATION_CONTEXT('2D SPACE',''
  ) );
#2871 = PCURVE('',#2872,#2877);
#2872 = SPHERICAL_SURFACE('',#2873,1.65);
#2873 = AXIS2_PLACEMENT_3D('',#2874,#2875,#2876);
#2874 = CARTESIAN_POINT('',(8.35,-5.E-02,13.65));
#2875 = DIRECTION('',(0.,0.,1.));
#2876 = DIRECTION('',(1.,0.,-0.));
#2877 = DEFINITIONAL_REPRESENTATION('',(#2878),#2882);
#2878 = LINE('',#2879,#2880);
#2879 = CARTESIAN_POINT('',(-0.,0.));
#2880 = VECTOR('',#2881,1.);
#2881 = DIRECTION('',(-1.,0.));
#2882 = ( GEOMETRIC_REPRESENTATION_CONTEXT(2) 
PARAMETRIC_REPRESENTATION_CONTEXT() REPRESENTATION_CONTEXT('2D SPACE',''
  ) );
#2883 = ORIENTED_EDGE('',*,*,#2705,.T.);
#2884 = ORIENTED_EDGE('',*,*,#869,.T.);
#2885 = ADVANCED_FACE('',(#2886),#803,.F.);
#2886 = FACE_BOUND('',#2887,.F.);
#2887 = EDGE_LOOP('',(#2888,#2916,#2917,#2918));
#2888 = ORIENTED_EDGE('',*,*,#2889,.F.);
#2889 = EDGE_CURVE('',#2781,#2890,#2892,.T.);
#2890 = VERTEX_POINT('',#2891);
#2891 = CARTESIAN_POINT('',(8.35,1.7,13.65));
#2892 = SURFACE_CURVE('',#2893,(#2897,#2904),.PCURVE_S1.);
#2893 = LINE('',#2894,#2895);
#2894 = CARTESIAN_POINT('',(5.5,1.7,13.65));
#2895 = VECTOR('',#2896,1.);
#2896 = DIRECTION('',(1.,0.,-0.));
#2897 = PCURVE('',#803,#2898);
#2898 = DEFINITIONAL_REPRESENTATION('',(#2899),#2903);
#2899 = LINE('',#2900,#2901);
#2900 = CARTESIAN_POINT('',(1.65,0.));
#2901 = VECTOR('',#2902,1.);
#2902 = DIRECTION('',(0.,1.));
#2903 = ( GEOMETRIC_REPRESENTATION_CONTEXT(2) 
PARAMETRIC_REPRESENTATION_CONTEXT() REPRESENTATION_CONTEXT('2D SPACE',''
  ) );
#2904 = PCURVE('',#2905,#2910);
#2905 = CYLINDRICAL_SURFACE('',#2906,1.65);
#2906 = AXIS2_PLACEMENT_3D('',#2907,#2908,#2909);
#2907 = CARTESIAN_POINT('',(5.5,5.E-02,13.65));
#2908 = DIRECTION('',(1.,0.,-0.));
#2909 = DIRECTION('',(0.,1.,0.));
#2910 = DEFINITIONAL_REPRESENTATION('',(#2911),#2915);
#2911 = LINE('',#2912,#2913);
#2912 = CARTESIAN_POINT('',(-0.,0.));
#2913 = VECTOR('',#2914,1.);
#2914 = DIRECTION('',(-0.,1.));
#2915 = ( GEOMETRIC_REPRESENTATION_CONTEXT(2) 
PARAMETRIC_REPRESENTATION_CONTEXT() REPRESENTATION_CONTEXT('2D SPACE',''
  ) );
#2916 = ORIENTED_EDGE('',*,*,#2809,.T.);
#2917 = ORIENTED_EDGE('',*,*,#788,.F.);
#2918 = ORIENTED_EDGE('',*,*,#2919,.F.);
#2919 = EDGE_CURVE('',#2890,#789,#2920,.T.);
#2920 = SURFACE_CURVE('',#2921,(#2925,#2932),.PCURVE_S1.);
#2921 = LINE('',#2922,#2923);
#2922 = CARTESIAN_POINT('',(8.35,1.7,12.));
#2923 = VECTOR('',#2924,1.);
#2924 = DIRECTION('',(0.,0.,1.));
#2925 = PCURVE('',#803,#2926);
#2926 = DEFINITIONAL_REPRESENTATION('',(#2927),#2931);
#2927 = LINE('',#2928,#2929);
#2928 = CARTESIAN_POINT('',(0.,2.85));
#2929 = VECTOR('',#2930,1.);
#2930 = DIRECTION('',(1.,0.));
#2931 = ( GEOMETRIC_REPRESENTATION_CONTEXT(2) 
PARAMETRIC_REPRESENTATION_CONTEXT() REPRESENTATION_CONTEXT('2D SPACE',''
  ) );
#2932 = PCURVE('',#831,#2933);
#2933 = DEFINITIONAL_REPRESENTATION('',(#2934),#2938);
#2934 = LINE('',#2935,#2936);
#2935 = CARTESIAN_POINT('',(1.570796326795,0.));
#2936 = VECTOR('',#2937,1.);
#2937 = DIRECTION('',(0.,1.));
#2938 = ( GEOMETRIC_REPRESENTATION_CONTEXT(2) 
PARAMETRIC_REPRESENTATION_CONTEXT() REPRESENTATION_CONTEXT('2D SPACE',''
  ) );
#2939 = ADVANCED_FACE('',(#2940),#858,.F.);
#2940 = FACE_BOUND('',#2941,.F.);
#2941 = EDGE_LOOP('',(#2942,#2943,#2971,#2992));
#2942 = ORIENTED_EDGE('',*,*,#2834,.F.);
#2943 = ORIENTED_EDGE('',*,*,#2944,.T.);
#2944 = EDGE_CURVE('',#2835,#2945,#2947,.T.);
#2945 = VERTEX_POINT('',#2946);
#2946 = CARTESIAN_POINT('',(10.,5.E-02,13.65));
#2947 = SURFACE_CURVE('',#2948,(#2952,#2959),.PCURVE_S1.);
#2948 = LINE('',#2949,#2950);
#2949 = CARTESIAN_POINT('',(10.,-1.7,13.65));
#2950 = VECTOR('',#2951,1.);
#2951 = DIRECTION('',(-0.,1.,0.));
#2952 = PCURVE('',#858,#2953);
#2953 = DEFINITIONAL_REPRESENTATION('',(#2954),#2958);
#2954 = LINE('',#2955,#2956);
#2955 = CARTESIAN_POINT('',(1.65,0.));
#2956 = VECTOR('',#2957,1.);
#2957 = DIRECTION('',(0.,-1.));
#2958 = ( GEOMETRIC_REPRESENTATION_CONTEXT(2) 
PARAMETRIC_REPRESENTATION_CONTEXT() REPRESENTATION_CONTEXT('2D SPACE',''
  ) );
#2959 = PCURVE('',#2960,#2965);
#2960 = CYLINDRICAL_SURFACE('',#2961,1.65);
#2961 = AXIS2_PLACEMENT_3D('',#2962,#2963,#2964);
#2962 = CARTESIAN_POINT('',(8.35,-1.7,13.65));
#2963 = DIRECTION('',(-0.,1.,0.));
#2964 = DIRECTION('',(1.,0.,-0.));
#2965 = DEFINITIONAL_REPRESENTATION('',(#2966),#2970);
#2966 = LINE('',#2967,#2968);
#2967 = CARTESIAN_POINT('',(0.,0.));
#2968 = VECTOR('',#2969,1.);
#2969 = DIRECTION('',(0.,1.));
#2970 = ( GEOMETRIC_REPRESENTATION_CONTEXT(2) 
PARAMETRIC_REPRESENTATION_CONTEXT() REPRESENTATION_CONTEXT('2D SPACE',''
  ) );
#2971 = ORIENTED_EDGE('',*,*,#2972,.T.);
#2972 = EDGE_CURVE('',#2945,#815,#2973,.T.);
#2973 = SURFACE_CURVE('',#2974,(#2978,#2985),.PCURVE_S1.);
#2974 = LINE('',#2975,#2976);
#2975 = CARTESIAN_POINT('',(10.,5.E-02,12.));
#2976 = VECTOR('',#2977,1.);
#2977 = DIRECTION('',(0.,0.,1.));
#2978 = PCURVE('',#858,#2979);
#2979 = DEFINITIONAL_REPRESENTATION('',(#2980),#2984);
#2980 = LINE('',#2981,#2982);
#2981 = CARTESIAN_POINT('',(0.,-1.75));
#2982 = VECTOR('',#2983,1.);
#2983 = DIRECTION('',(1.,0.));
#2984 = ( GEOMETRIC_REPRESENTATION_CONTEXT(2) 
PARAMETRIC_REPRESENTATION_CONTEXT() REPRESENTATION_CONTEXT('2D SPACE',''
  ) );
#2985 = PCURVE('',#831,#2986);
#2986 = DEFINITIONAL_REPRESENTATION('',(#2987),#2991);
#2987 = LINE('',#2988,#2989);
#2988 = CARTESIAN_POINT('',(0.,0.));
#2989 = VECTOR('',#2990,1.);
#2990 = DIRECTION('',(0.,1.));
#2991 = ( GEOMETRIC_REPRESENTATION_CONTEXT(2) 
PARAMETRIC_REPRESENTATION_CONTEXT() REPRESENTATION_CONTEXT('2D SPACE',''
  ) );
#2992 = ORIENTED_EDGE('',*,*,#843,.F.);
#2993 = ADVANCED_FACE('',(#2994),#831,.F.);
#2994 = FACE_BOUND('',#2995,.F.);
#2995 = EDGE_LOOP('',(#2996,#2997,#3024,#3025));
#2996 = ORIENTED_EDGE('',*,*,#2972,.F.);
#2997 = ORIENTED_EDGE('',*,*,#2998,.T.);
#2998 = EDGE_CURVE('',#2945,#2890,#2999,.T.);
#2999 = SURFACE_CURVE('',#3000,(#3005,#3012),.PCURVE_S1.);
#3000 = CIRCLE('',#3001,1.65);
#3001 = AXIS2_PLACEMENT_3D('',#3002,#3003,#3004);
#3002 = CARTESIAN_POINT('',(8.35,5.E-02,13.65));
#3003 = DIRECTION('',(0.,0.,1.));
#3004 = DIRECTION('',(1.,0.,-0.));
#3005 = PCURVE('',#831,#3006);
#3006 = DEFINITIONAL_REPRESENTATION('',(#3007),#3011);
#3007 = LINE('',#3008,#3009);
#3008 = CARTESIAN_POINT('',(0.,1.65));
#3009 = VECTOR('',#3010,1.);
#3010 = DIRECTION('',(1.,0.));
#3011 = ( GEOMETRIC_REPRESENTATION_CONTEXT(2) 
PARAMETRIC_REPRESENTATION_CONTEXT() REPRESENTATION_CONTEXT('2D SPACE',''
  ) );
#3012 = PCURVE('',#3013,#3018);
#3013 = SPHERICAL_SURFACE('',#3014,1.65);
#3014 = AXIS2_PLACEMENT_3D('',#3015,#3016,#3017);
#3015 = CARTESIAN_POINT('',(8.35,5.E-02,13.65));
#3016 = DIRECTION('',(0.,0.,1.));
#3017 = DIRECTION('',(1.,0.,-0.));
#3018 = DEFINITIONAL_REPRESENTATION('',(#3019),#3023);
#3019 = LINE('',#3020,#3021);
#3020 = CARTESIAN_POINT('',(0.,0.));
#3021 = VECTOR('',#3022,1.);
#3022 = DIRECTION('',(1.,0.));
#3023 = ( GEOMETRIC_REPRESENTATION_CONTEXT(2) 
PARAMETRIC_REPRESENTATION_CONTEXT() REPRESENTATION_CONTEXT('2D SPACE',''
  ) );
#3024 = ORIENTED_EDGE('',*,*,#2919,.T.);
#3025 = ORIENTED_EDGE('',*,*,#814,.F.);
#3026 = ADVANCED_FACE('',(#3027),#943,.F.);
#3027 = FACE_BOUND('',#3028,.F.);
#3028 = EDGE_LOOP('',(#3029,#3052,#3081,#3102,#3126,#3147));
#3029 = ORIENTED_EDGE('',*,*,#3030,.F.);
#3030 = EDGE_CURVE('',#3031,#925,#3033,.T.);
#3031 = VERTEX_POINT('',#3032);
#3032 = CARTESIAN_POINT('',(-1.7,7.15,13.65));
#3033 = SURFACE_CURVE('',#3034,(#3038,#3045),.PCURVE_S1.);
#3034 = LINE('',#3035,#3036);
#3035 = CARTESIAN_POINT('',(-1.7,7.15,12.));
#3036 = VECTOR('',#3037,1.);
#3037 = DIRECTION('',(0.,0.,1.));
#3038 = PCURVE('',#943,#3039);
#3039 = DEFINITIONAL_REPRESENTATION('',(#3040),#3044);
#3040 = LINE('',#3041,#3042);
#3041 = CARTESIAN_POINT('',(0.,0.));
#3042 = VECTOR('',#3043,1.);
#3043 = DIRECTION('',(0.,1.));
#3044 = ( GEOMETRIC_REPRESENTATION_CONTEXT(2) 
PARAMETRIC_REPRESENTATION_CONTEXT() REPRESENTATION_CONTEXT('2D SPACE',''
  ) );
#3045 = PCURVE('',#970,#3046);
#3046 = DEFINITIONAL_REPRESENTATION('',(#3047),#3051);
#3047 = LINE('',#3048,#3049);
#3048 = CARTESIAN_POINT('',(0.,-1.65));
#3049 = VECTOR('',#3050,1.);
#3050 = DIRECTION('',(1.,0.));
#3051 = ( GEOMETRIC_REPRESENTATION_CONTEXT(2) 
PARAMETRIC_REPRESENTATION_CONTEXT() REPRESENTATION_CONTEXT('2D SPACE',''
  ) );
#3052 = ORIENTED_EDGE('',*,*,#3053,.T.);
#3053 = EDGE_CURVE('',#3031,#3054,#3056,.T.);
#3054 = VERTEX_POINT('',#3055);
#3055 = CARTESIAN_POINT('',(-1.662394765656,6.799738498142,13.65));
#3056 = SURFACE_CURVE('',#3057,(#3062,#3069),.PCURVE_S1.);
#3057 = CIRCLE('',#3058,1.65);
#3058 = AXIS2_PLACEMENT_3D('',#3059,#3060,#3061);
#3059 = CARTESIAN_POINT('',(-5.E-02,7.15,13.65));
#3060 = DIRECTION('',(0.,0.,1.));
#3061 = DIRECTION('',(-1.,0.,0.));
#3062 = PCURVE('',#943,#3063);
#3063 = DEFINITIONAL_REPRESENTATION('',(#3064),#3068);
#3064 = LINE('',#3065,#3066);
#3065 = CARTESIAN_POINT('',(0.,1.65));
#3066 = VECTOR('',#3067,1.);
#3067 = DIRECTION('',(1.,0.));
#3068 = ( GEOMETRIC_REPRESENTATION_CONTEXT(2) 
PARAMETRIC_REPRESENTATION_CONTEXT() REPRESENTATION_CONTEXT('2D SPACE',''
  ) );
#3069 = PCURVE('',#3070,#3075);
#3070 = SPHERICAL_SURFACE('',#3071,1.65);
#3071 = AXIS2_PLACEMENT_3D('',#3072,#3073,#3074);
#3072 = CARTESIAN_POINT('',(-5.E-02,7.15,13.65));
#3073 = DIRECTION('',(0.,0.,1.));
#3074 = DIRECTION('',(-1.,0.,0.));
#3075 = DEFINITIONAL_REPRESENTATION('',(#3076),#3080);
#3076 = LINE('',#3077,#3078);
#3077 = CARTESIAN_POINT('',(0.,0.));
#3078 = VECTOR('',#3079,1.);
#3079 = DIRECTION('',(1.,0.));
#3080 = ( GEOMETRIC_REPRESENTATION_CONTEXT(2) 
PARAMETRIC_REPRESENTATION_CONTEXT() REPRESENTATION_CONTEXT('2D SPACE',''
  ) );
#3081 = ORIENTED_EDGE('',*,*,#3082,.T.);
#3082 = EDGE_CURVE('',#3054,#3083,#3085,.T.);
#3083 = VERTEX_POINT('',#3084);
#3084 = CARTESIAN_POINT('',(-1.662394765656,6.799738498142,13.7));
#3085 = SURFACE_CURVE('',#3086,(#3090,#3096),.PCURVE_S1.);
#3086 = LINE('',#3087,#3088);
#3087 = CARTESIAN_POINT('',(-1.662394765656,6.799738498142,12.));
#3088 = VECTOR('',#3089,1.);
#3089 = DIRECTION('',(0.,0.,1.));
#3090 = PCURVE('',#943,#3091);
#3091 = DEFINITIONAL_REPRESENTATION('',(#3092),#3095);
#3092 = B_SPLINE_CURVE_WITH_KNOTS('',1,(#3093,#3094),.UNSPECIFIED.,.F.,
  .F.,(2,2),(1.6499994,1.7000006),.PIECEWISE_BEZIER_KNOTS.);
#3093 = CARTESIAN_POINT('',(0.213907237635,1.6499994));
#3094 = CARTESIAN_POINT('',(0.213907237635,1.7000006));
#3095 = ( GEOMETRIC_REPRESENTATION_CONTEXT(2) 
PARAMETRIC_REPRESENTATION_CONTEXT() REPRESENTATION_CONTEXT('2D SPACE',''
  ) );
#3096 = PCURVE('',#2386,#3097);
#3097 = DEFINITIONAL_REPRESENTATION('',(#3098),#3101);
#3098 = B_SPLINE_CURVE_WITH_KNOTS('',1,(#3099,#3100),.UNSPECIFIED.,.F.,
  .F.,(2,2),(1.6499994,1.7000006),.PIECEWISE_BEZIER_KNOTS.);
#3099 = CARTESIAN_POINT('',(1.810572250372,1.5499994));
#3100 = CARTESIAN_POINT('',(1.810572250372,1.6000006));
#3101 = ( GEOMETRIC_REPRESENTATION_CONTEXT(2) 
PARAMETRIC_REPRESENTATION_CONTEXT() REPRESENTATION_CONTEXT('2D SPACE',''
  ) );
#3102 = ORIENTED_EDGE('',*,*,#3103,.T.);
#3103 = EDGE_CURVE('',#3083,#3104,#3106,.T.);
#3104 = VERTEX_POINT('',#3105);
#3105 = CARTESIAN_POINT('',(-5.E-02,5.5,13.7));
#3106 = SURFACE_CURVE('',#3107,(#3112,#3119),.PCURVE_S1.);
#3107 = CIRCLE('',#3108,1.65);
#3108 = AXIS2_PLACEMENT_3D('',#3109,#3110,#3111);
#3109 = CARTESIAN_POINT('',(-5.E-02,7.15,13.7));
#3110 = DIRECTION('',(0.,0.,1.));
#3111 = DIRECTION('',(-1.,-0.,0.));
#3112 = PCURVE('',#943,#3113);
#3113 = DEFINITIONAL_REPRESENTATION('',(#3114),#3118);
#3114 = LINE('',#3115,#3116);
#3115 = CARTESIAN_POINT('',(0.,1.7));
#3116 = VECTOR('',#3117,1.);
#3117 = DIRECTION('',(1.,0.));
#3118 = ( GEOMETRIC_REPRESENTATION_CONTEXT(2) 
PARAMETRIC_REPRESENTATION_CONTEXT() REPRESENTATION_CONTEXT('2D SPACE',''
  ) );
#3119 = PCURVE('',#1602,#3120);
#3120 = DEFINITIONAL_REPRESENTATION('',(#3121),#3125);
#3121 = CIRCLE('',#3122,1.65);
#3122 = AXIS2_PLACEMENT_2D('',#3123,#3124);
#3123 = CARTESIAN_POINT('',(-5.E-02,7.15));
#3124 = DIRECTION('',(-1.,0.));
#3125 = ( GEOMETRIC_REPRESENTATION_CONTEXT(2) 
PARAMETRIC_REPRESENTATION_CONTEXT() REPRESENTATION_CONTEXT('2D SPACE',''
  ) );
#3126 = ORIENTED_EDGE('',*,*,#3127,.T.);
#3127 = EDGE_CURVE('',#3104,#927,#3128,.T.);
#3128 = SURFACE_CURVE('',#3129,(#3133,#3140),.PCURVE_S1.);
#3129 = LINE('',#3130,#3131);
#3130 = CARTESIAN_POINT('',(-5.E-02,5.5,12.));
#3131 = VECTOR('',#3132,1.);
#3132 = DIRECTION('',(0.,0.,1.));
#3133 = PCURVE('',#943,#3134);
#3134 = DEFINITIONAL_REPRESENTATION('',(#3135),#3139);
#3135 = LINE('',#3136,#3137);
#3136 = CARTESIAN_POINT('',(1.570796326795,0.));
#3137 = VECTOR('',#3138,1.);
#3138 = DIRECTION('',(0.,1.));
#3139 = ( GEOMETRIC_REPRESENTATION_CONTEXT(2) 
PARAMETRIC_REPRESENTATION_CONTEXT() REPRESENTATION_CONTEXT('2D SPACE',''
  ) );
#3140 = PCURVE('',#1133,#3141);
#3141 = DEFINITIONAL_REPRESENTATION('',(#3142),#3146);
#3142 = LINE('',#3143,#3144);
#3143 = CARTESIAN_POINT('',(0.,1.65));
#3144 = VECTOR('',#3145,1.);
#3145 = DIRECTION('',(1.,0.));
#3146 = ( GEOMETRIC_REPRESENTATION_CONTEXT(2) 
PARAMETRIC_REPRESENTATION_CONTEXT() REPRESENTATION_CONTEXT('2D SPACE',''
  ) );
#3147 = ORIENTED_EDGE('',*,*,#924,.F.);
#3148 = ADVANCED_FACE('',(#3149),#970,.T.);
#3149 = FACE_BOUND('',#3150,.T.);
#3150 = EDGE_LOOP('',(#3151,#3152,#3180,#3201));
#3151 = ORIENTED_EDGE('',*,*,#3030,.F.);
#3152 = ORIENTED_EDGE('',*,*,#3153,.T.);
#3153 = EDGE_CURVE('',#3031,#3154,#3156,.T.);
#3154 = VERTEX_POINT('',#3155);
#3155 = CARTESIAN_POINT('',(-1.7,8.35,13.65));
#3156 = SURFACE_CURVE('',#3157,(#3161,#3168),.PCURVE_S1.);
#3157 = LINE('',#3158,#3159);
#3158 = CARTESIAN_POINT('',(-1.7,5.5,13.65));
#3159 = VECTOR('',#3160,1.);
#3160 = DIRECTION('',(-0.,1.,0.));
#3161 = PCURVE('',#970,#3162);
#3162 = DEFINITIONAL_REPRESENTATION('',(#3163),#3167);
#3163 = LINE('',#3164,#3165);
#3164 = CARTESIAN_POINT('',(1.65,0.));
#3165 = VECTOR('',#3166,1.);
#3166 = DIRECTION('',(0.,-1.));
#3167 = ( GEOMETRIC_REPRESENTATION_CONTEXT(2) 
PARAMETRIC_REPRESENTATION_CONTEXT() REPRESENTATION_CONTEXT('2D SPACE',''
  ) );
#3168 = PCURVE('',#3169,#3174);
#3169 = CYLINDRICAL_SURFACE('',#3170,1.65);
#3170 = AXIS2_PLACEMENT_3D('',#3171,#3172,#3173);
#3171 = CARTESIAN_POINT('',(-5.E-02,5.5,13.65));
#3172 = DIRECTION('',(-0.,1.,0.));
#3173 = DIRECTION('',(-1.,-0.,0.));
#3174 = DEFINITIONAL_REPRESENTATION('',(#3175),#3179);
#3175 = LINE('',#3176,#3177);
#3176 = CARTESIAN_POINT('',(-0.,0.));
#3177 = VECTOR('',#3178,1.);
#3178 = DIRECTION('',(-0.,1.));
#3179 = ( GEOMETRIC_REPRESENTATION_CONTEXT(2) 
PARAMETRIC_REPRESENTATION_CONTEXT() REPRESENTATION_CONTEXT('2D SPACE',''
  ) );
#3180 = ORIENTED_EDGE('',*,*,#3181,.T.);
#3181 = EDGE_CURVE('',#3154,#956,#3182,.T.);
#3182 = SURFACE_CURVE('',#3183,(#3187,#3194),.PCURVE_S1.);
#3183 = LINE('',#3184,#3185);
#3184 = CARTESIAN_POINT('',(-1.7,8.35,12.));
#3185 = VECTOR('',#3186,1.);
#3186 = DIRECTION('',(0.,0.,1.));
#3187 = PCURVE('',#970,#3188);
#3188 = DEFINITIONAL_REPRESENTATION('',(#3189),#3193);
#3189 = LINE('',#3190,#3191);
#3190 = CARTESIAN_POINT('',(0.,-2.85));
#3191 = VECTOR('',#3192,1.);
#3192 = DIRECTION('',(1.,0.));
#3193 = ( GEOMETRIC_REPRESENTATION_CONTEXT(2) 
PARAMETRIC_REPRESENTATION_CONTEXT() REPRESENTATION_CONTEXT('2D SPACE',''
  ) );
#3194 = PCURVE('',#998,#3195);
#3195 = DEFINITIONAL_REPRESENTATION('',(#3196),#3200);
#3196 = LINE('',#3197,#3198);
#3197 = CARTESIAN_POINT('',(-0.,0.));
#3198 = VECTOR('',#3199,1.);
#3199 = DIRECTION('',(-0.,1.));
#3200 = ( GEOMETRIC_REPRESENTATION_CONTEXT(2) 
PARAMETRIC_REPRESENTATION_CONTEXT() REPRESENTATION_CONTEXT('2D SPACE',''
  ) );
#3201 = ORIENTED_EDGE('',*,*,#955,.F.);
#3202 = ADVANCED_FACE('',(#3203),#1133,.T.);
#3203 = FACE_BOUND('',#3204,.T.);
#3204 = EDGE_LOOP('',(#3205,#3226,#3227,#3228));
#3205 = ORIENTED_EDGE('',*,*,#3206,.F.);
#3206 = EDGE_CURVE('',#3104,#3207,#3209,.T.);
#3207 = VERTEX_POINT('',#3208);
#3208 = CARTESIAN_POINT('',(5.E-02,5.5,13.7));
#3209 = SURFACE_CURVE('',#3210,(#3214,#3220),.PCURVE_S1.);
#3210 = LINE('',#3211,#3212);
#3211 = CARTESIAN_POINT('',(-0.85,5.5,13.7));
#3212 = VECTOR('',#3213,1.);
#3213 = DIRECTION('',(1.,0.,-0.));
#3214 = PCURVE('',#1133,#3215);
#3215 = DEFINITIONAL_REPRESENTATION('',(#3216),#3219);
#3216 = B_SPLINE_CURVE_WITH_KNOTS('',1,(#3217,#3218),.UNSPECIFIED.,.F.,
  .F.,(2,2),(0.8,0.9),.PIECEWISE_BEZIER_KNOTS.);
#3217 = CARTESIAN_POINT('',(1.7,1.65));
#3218 = CARTESIAN_POINT('',(1.7,1.75));
#3219 = ( GEOMETRIC_REPRESENTATION_CONTEXT(2) 
PARAMETRIC_REPRESENTATION_CONTEXT() REPRESENTATION_CONTEXT('2D SPACE',''
  ) );
#3220 = PCURVE('',#1602,#3221);
#3221 = DEFINITIONAL_REPRESENTATION('',(#3222),#3225);
#3222 = B_SPLINE_CURVE_WITH_KNOTS('',1,(#3223,#3224),.UNSPECIFIED.,.F.,
  .F.,(2,2),(0.8,0.9),.PIECEWISE_BEZIER_KNOTS.);
#3223 = CARTESIAN_POINT('',(-5.E-02,5.5));
#3224 = CARTESIAN_POINT('',(5.E-02,5.5));
#3225 = ( GEOMETRIC_REPRESENTATION_CONTEXT(2) 
PARAMETRIC_REPRESENTATION_CONTEXT() REPRESENTATION_CONTEXT('2D SPACE',''
  ) );
#3226 = ORIENTED_EDGE('',*,*,#3127,.T.);
#3227 = ORIENTED_EDGE('',*,*,#1120,.F.);
#3228 = ORIENTED_EDGE('',*,*,#3229,.F.);
#3229 = EDGE_CURVE('',#3207,#1092,#3230,.T.);
#3230 = SURFACE_CURVE('',#3231,(#3235,#3242),.PCURVE_S1.);
#3231 = LINE('',#3232,#3233);
#3232 = CARTESIAN_POINT('',(5.E-02,5.5,12.));
#3233 = VECTOR('',#3234,1.);
#3234 = DIRECTION('',(0.,0.,1.));
#3235 = PCURVE('',#1133,#3236);
#3236 = DEFINITIONAL_REPRESENTATION('',(#3237),#3241);
#3237 = LINE('',#3238,#3239);
#3238 = CARTESIAN_POINT('',(0.,1.75));
#3239 = VECTOR('',#3240,1.);
#3240 = DIRECTION('',(1.,0.));
#3241 = ( GEOMETRIC_REPRESENTATION_CONTEXT(2) 
PARAMETRIC_REPRESENTATION_CONTEXT() REPRESENTATION_CONTEXT('2D SPACE',''
  ) );
#3242 = PCURVE('',#1108,#3243);
#3243 = DEFINITIONAL_REPRESENTATION('',(#3244),#3248);
#3244 = LINE('',#3245,#3246);
#3245 = CARTESIAN_POINT('',(-1.570796326795,0.));
#3246 = VECTOR('',#3247,1.);
#3247 = DIRECTION('',(-0.,1.));
#3248 = ( GEOMETRIC_REPRESENTATION_CONTEXT(2) 
PARAMETRIC_REPRESENTATION_CONTEXT() REPRESENTATION_CONTEXT('2D SPACE',''
  ) );
#3249 = ADVANCED_FACE('',(#3250),#998,.F.);
#3250 = FACE_BOUND('',#3251,.T.);
#3251 = EDGE_LOOP('',(#3252,#3253,#3282,#3303));
#3252 = ORIENTED_EDGE('',*,*,#3181,.F.);
#3253 = ORIENTED_EDGE('',*,*,#3254,.T.);
#3254 = EDGE_CURVE('',#3154,#3255,#3257,.T.);
#3255 = VERTEX_POINT('',#3256);
#3256 = CARTESIAN_POINT('',(-5.E-02,10.,13.65));
#3257 = SURFACE_CURVE('',#3258,(#3263,#3270),.PCURVE_S1.);
#3258 = CIRCLE('',#3259,1.65);
#3259 = AXIS2_PLACEMENT_3D('',#3260,#3261,#3262);
#3260 = CARTESIAN_POINT('',(-5.E-02,8.35,13.65));
#3261 = DIRECTION('',(-0.,0.,-1.));
#3262 = DIRECTION('',(-1.,-1.345724878334E-16,0.));
#3263 = PCURVE('',#998,#3264);
#3264 = DEFINITIONAL_REPRESENTATION('',(#3265),#3269);
#3265 = LINE('',#3266,#3267);
#3266 = CARTESIAN_POINT('',(-0.,1.65));
#3267 = VECTOR('',#3268,1.);
#3268 = DIRECTION('',(-1.,0.));
#3269 = ( GEOMETRIC_REPRESENTATION_CONTEXT(2) 
PARAMETRIC_REPRESENTATION_CONTEXT() REPRESENTATION_CONTEXT('2D SPACE',''
  ) );
#3270 = PCURVE('',#3271,#3276);
#3271 = SPHERICAL_SURFACE('',#3272,1.65);
#3272 = AXIS2_PLACEMENT_3D('',#3273,#3274,#3275);
#3273 = CARTESIAN_POINT('',(-5.E-02,8.35,13.65));
#3274 = DIRECTION('',(0.,0.,1.));
#3275 = DIRECTION('',(-1.,-1.345724878334E-16,0.));
#3276 = DEFINITIONAL_REPRESENTATION('',(#3277),#3281);
#3277 = LINE('',#3278,#3279);
#3278 = CARTESIAN_POINT('',(-0.,0.));
#3279 = VECTOR('',#3280,1.);
#3280 = DIRECTION('',(-1.,0.));
#3281 = ( GEOMETRIC_REPRESENTATION_CONTEXT(2) 
PARAMETRIC_REPRESENTATION_CONTEXT() REPRESENTATION_CONTEXT('2D SPACE',''
  ) );
#3282 = ORIENTED_EDGE('',*,*,#3283,.T.);
#3283 = EDGE_CURVE('',#3255,#982,#3284,.T.);
#3284 = SURFACE_CURVE('',#3285,(#3289,#3296),.PCURVE_S1.);
#3285 = LINE('',#3286,#3287);
#3286 = CARTESIAN_POINT('',(-5.E-02,10.,12.));
#3287 = VECTOR('',#3288,1.);
#3288 = DIRECTION('',(0.,0.,1.));
#3289 = PCURVE('',#998,#3290);
#3290 = DEFINITIONAL_REPRESENTATION('',(#3291),#3295);
#3291 = LINE('',#3292,#3293);
#3292 = CARTESIAN_POINT('',(-1.570796326795,0.));
#3293 = VECTOR('',#3294,1.);
#3294 = DIRECTION('',(-0.,1.));
#3295 = ( GEOMETRIC_REPRESENTATION_CONTEXT(2) 
PARAMETRIC_REPRESENTATION_CONTEXT() REPRESENTATION_CONTEXT('2D SPACE',''
  ) );
#3296 = PCURVE('',#1025,#3297);
#3297 = DEFINITIONAL_REPRESENTATION('',(#3298),#3302);
#3298 = LINE('',#3299,#3300);
#3299 = CARTESIAN_POINT('',(0.,1.65));
#3300 = VECTOR('',#3301,1.);
#3301 = DIRECTION('',(1.,0.));
#3302 = ( GEOMETRIC_REPRESENTATION_CONTEXT(2) 
PARAMETRIC_REPRESENTATION_CONTEXT() REPRESENTATION_CONTEXT('2D SPACE',''
  ) );
#3303 = ORIENTED_EDGE('',*,*,#981,.T.);
#3304 = ADVANCED_FACE('',(#3305),#1108,.F.);
#3305 = FACE_BOUND('',#3306,.T.);
#3306 = EDGE_LOOP('',(#3307,#3330,#3359,#3380,#3402,#3403));
#3307 = ORIENTED_EDGE('',*,*,#3308,.F.);
#3308 = EDGE_CURVE('',#3309,#1066,#3311,.T.);
#3309 = VERTEX_POINT('',#3310);
#3310 = CARTESIAN_POINT('',(1.7,7.15,13.65));
#3311 = SURFACE_CURVE('',#3312,(#3316,#3323),.PCURVE_S1.);
#3312 = LINE('',#3313,#3314);
#3313 = CARTESIAN_POINT('',(1.7,7.15,12.));
#3314 = VECTOR('',#3315,1.);
#3315 = DIRECTION('',(0.,0.,1.));
#3316 = PCURVE('',#1108,#3317);
#3317 = DEFINITIONAL_REPRESENTATION('',(#3318),#3322);
#3318 = LINE('',#3319,#3320);
#3319 = CARTESIAN_POINT('',(-0.,0.));
#3320 = VECTOR('',#3321,1.);
#3321 = DIRECTION('',(-0.,1.));
#3322 = ( GEOMETRIC_REPRESENTATION_CONTEXT(2) 
PARAMETRIC_REPRESENTATION_CONTEXT() REPRESENTATION_CONTEXT('2D SPACE',''
  ) );
#3323 = PCURVE('',#1080,#3324);
#3324 = DEFINITIONAL_REPRESENTATION('',(#3325),#3329);
#3325 = LINE('',#3326,#3327);
#3326 = CARTESIAN_POINT('',(0.,-1.65));
#3327 = VECTOR('',#3328,1.);
#3328 = DIRECTION('',(1.,0.));
#3329 = ( GEOMETRIC_REPRESENTATION_CONTEXT(2) 
PARAMETRIC_REPRESENTATION_CONTEXT() REPRESENTATION_CONTEXT('2D SPACE',''
  ) );
#3330 = ORIENTED_EDGE('',*,*,#3331,.T.);
#3331 = EDGE_CURVE('',#3309,#3332,#3334,.T.);
#3332 = VERTEX_POINT('',#3333);
#3333 = CARTESIAN_POINT('',(1.662394765656,6.799738498142,13.65));
#3334 = SURFACE_CURVE('',#3335,(#3340,#3347),.PCURVE_S1.);
#3335 = CIRCLE('',#3336,1.65);
#3336 = AXIS2_PLACEMENT_3D('',#3337,#3338,#3339);
#3337 = CARTESIAN_POINT('',(5.E-02,7.15,13.65));
#3338 = DIRECTION('',(0.,-0.,-1.));
#3339 = DIRECTION('',(1.,0.,-0.));
#3340 = PCURVE('',#1108,#3341);
#3341 = DEFINITIONAL_REPRESENTATION('',(#3342),#3346);
#3342 = LINE('',#3343,#3344);
#3343 = CARTESIAN_POINT('',(-0.,1.65));
#3344 = VECTOR('',#3345,1.);
#3345 = DIRECTION('',(-1.,0.));
#3346 = ( GEOMETRIC_REPRESENTATION_CONTEXT(2) 
PARAMETRIC_REPRESENTATION_CONTEXT() REPRESENTATION_CONTEXT('2D SPACE',''
  ) );
#3347 = PCURVE('',#3348,#3353);
#3348 = SPHERICAL_SURFACE('',#3349,1.65);
#3349 = AXIS2_PLACEMENT_3D('',#3350,#3351,#3352);
#3350 = CARTESIAN_POINT('',(5.E-02,7.15,13.65));
#3351 = DIRECTION('',(0.,0.,1.));
#3352 = DIRECTION('',(1.,0.,-0.));
#3353 = DEFINITIONAL_REPRESENTATION('',(#3354),#3358);
#3354 = LINE('',#3355,#3356);
#3355 = CARTESIAN_POINT('',(-0.,0.));
#3356 = VECTOR('',#3357,1.);
#3357 = DIRECTION('',(-1.,0.));
#3358 = ( GEOMETRIC_REPRESENTATION_CONTEXT(2) 
PARAMETRIC_REPRESENTATION_CONTEXT() REPRESENTATION_CONTEXT('2D SPACE',''
  ) );
#3359 = ORIENTED_EDGE('',*,*,#3360,.T.);
#3360 = EDGE_CURVE('',#3332,#3361,#3363,.T.);
#3361 = VERTEX_POINT('',#3362);
#3362 = CARTESIAN_POINT('',(1.662394765656,6.799738498142,13.7));
#3363 = SURFACE_CURVE('',#3364,(#3368,#3374),.PCURVE_S1.);
#3364 = LINE('',#3365,#3366);
#3365 = CARTESIAN_POINT('',(1.662394765656,6.799738498142,12.));
#3366 = VECTOR('',#3367,1.);
#3367 = DIRECTION('',(0.,0.,1.));
#3368 = PCURVE('',#1108,#3369);
#3369 = DEFINITIONAL_REPRESENTATION('',(#3370),#3373);
#3370 = B_SPLINE_CURVE_WITH_KNOTS('',1,(#3371,#3372),.UNSPECIFIED.,.F.,
  .F.,(2,2),(1.6499994,1.7000006),.PIECEWISE_BEZIER_KNOTS.);
#3371 = CARTESIAN_POINT('',(-0.213907237635,1.6499994));
#3372 = CARTESIAN_POINT('',(-0.213907237635,1.7000006));
#3373 = ( GEOMETRIC_REPRESENTATION_CONTEXT(2) 
PARAMETRIC_REPRESENTATION_CONTEXT() REPRESENTATION_CONTEXT('2D SPACE',''
  ) );
#3374 = PCURVE('',#2769,#3375);
#3375 = DEFINITIONAL_REPRESENTATION('',(#3376),#3379);
#3376 = B_SPLINE_CURVE_WITH_KNOTS('',1,(#3377,#3378),.UNSPECIFIED.,.F.,
  .F.,(2,2),(1.6499994,1.7000006),.PIECEWISE_BEZIER_KNOTS.);
#3377 = CARTESIAN_POINT('',(1.331020403218,1.5499994));
#3378 = CARTESIAN_POINT('',(1.331020403218,1.6000006));
#3379 = ( GEOMETRIC_REPRESENTATION_CONTEXT(2) 
PARAMETRIC_REPRESENTATION_CONTEXT() REPRESENTATION_CONTEXT('2D SPACE',''
  ) );
#3380 = ORIENTED_EDGE('',*,*,#3381,.F.);
#3381 = EDGE_CURVE('',#3207,#3361,#3382,.T.);
#3382 = SURFACE_CURVE('',#3383,(#3388,#3395),.PCURVE_S1.);
#3383 = CIRCLE('',#3384,1.65);
#3384 = AXIS2_PLACEMENT_3D('',#3385,#3386,#3387);
#3385 = CARTESIAN_POINT('',(5.E-02,7.15,13.7));
#3386 = DIRECTION('',(0.,0.,1.));
#3387 = DIRECTION('',(1.,0.,-0.));
#3388 = PCURVE('',#1108,#3389);
#3389 = DEFINITIONAL_REPRESENTATION('',(#3390),#3394);
#3390 = LINE('',#3391,#3392);
#3391 = CARTESIAN_POINT('',(-6.28318530718,1.7));
#3392 = VECTOR('',#3393,1.);
#3393 = DIRECTION('',(1.,-0.));
#3394 = ( GEOMETRIC_REPRESENTATION_CONTEXT(2) 
PARAMETRIC_REPRESENTATION_CONTEXT() REPRESENTATION_CONTEXT('2D SPACE',''
  ) );
#3395 = PCURVE('',#1602,#3396);
#3396 = DEFINITIONAL_REPRESENTATION('',(#3397),#3401);
#3397 = CIRCLE('',#3398,1.65);
#3398 = AXIS2_PLACEMENT_2D('',#3399,#3400);
#3399 = CARTESIAN_POINT('',(5.E-02,7.15));
#3400 = DIRECTION('',(1.,0.));
#3401 = ( GEOMETRIC_REPRESENTATION_CONTEXT(2) 
PARAMETRIC_REPRESENTATION_CONTEXT() REPRESENTATION_CONTEXT('2D SPACE',''
  ) );
#3402 = ORIENTED_EDGE('',*,*,#3229,.T.);
#3403 = ORIENTED_EDGE('',*,*,#1091,.T.);
#3404 = ADVANCED_FACE('',(#3405),#1025,.F.);
#3405 = FACE_BOUND('',#3406,.F.);
#3406 = EDGE_LOOP('',(#3407,#3435,#3436,#3437));
#3407 = ORIENTED_EDGE('',*,*,#3408,.F.);
#3408 = EDGE_CURVE('',#3255,#3409,#3411,.T.);
#3409 = VERTEX_POINT('',#3410);
#3410 = CARTESIAN_POINT('',(5.E-02,10.,13.65));
#3411 = SURFACE_CURVE('',#3412,(#3416,#3423),.PCURVE_S1.);
#3412 = LINE('',#3413,#3414);
#3413 = CARTESIAN_POINT('',(-1.7,10.,13.65));
#3414 = VECTOR('',#3415,1.);
#3415 = DIRECTION('',(1.,0.,-0.));
#3416 = PCURVE('',#1025,#3417);
#3417 = DEFINITIONAL_REPRESENTATION('',(#3418),#3422);
#3418 = LINE('',#3419,#3420);
#3419 = CARTESIAN_POINT('',(1.65,0.));
#3420 = VECTOR('',#3421,1.);
#3421 = DIRECTION('',(0.,1.));
#3422 = ( GEOMETRIC_REPRESENTATION_CONTEXT(2) 
PARAMETRIC_REPRESENTATION_CONTEXT() REPRESENTATION_CONTEXT('2D SPACE',''
  ) );
#3423 = PCURVE('',#3424,#3429);
#3424 = CYLINDRICAL_SURFACE('',#3425,1.65);
#3425 = AXIS2_PLACEMENT_3D('',#3426,#3427,#3428);
#3426 = CARTESIAN_POINT('',(-1.7,8.35,13.65));
#3427 = DIRECTION('',(1.,0.,-0.));
#3428 = DIRECTION('',(0.,1.,0.));
#3429 = DEFINITIONAL_REPRESENTATION('',(#3430),#3434);
#3430 = LINE('',#3431,#3432);
#3431 = CARTESIAN_POINT('',(-0.,0.));
#3432 = VECTOR('',#3433,1.);
#3433 = DIRECTION('',(-0.,1.));
#3434 = ( GEOMETRIC_REPRESENTATION_CONTEXT(2) 
PARAMETRIC_REPRESENTATION_CONTEXT() REPRESENTATION_CONTEXT('2D SPACE',''
  ) );
#3435 = ORIENTED_EDGE('',*,*,#3283,.T.);
#3436 = ORIENTED_EDGE('',*,*,#1010,.F.);
#3437 = ORIENTED_EDGE('',*,*,#3438,.F.);
#3438 = EDGE_CURVE('',#3409,#1011,#3439,.T.);
#3439 = SURFACE_CURVE('',#3440,(#3444,#3451),.PCURVE_S1.);
#3440 = LINE('',#3441,#3442);
#3441 = CARTESIAN_POINT('',(5.E-02,10.,12.));
#3442 = VECTOR('',#3443,1.);
#3443 = DIRECTION('',(0.,0.,1.));
#3444 = PCURVE('',#1025,#3445);
#3445 = DEFINITIONAL_REPRESENTATION('',(#3446),#3450);
#3446 = LINE('',#3447,#3448);
#3447 = CARTESIAN_POINT('',(0.,1.75));
#3448 = VECTOR('',#3449,1.);
#3449 = DIRECTION('',(1.,0.));
#3450 = ( GEOMETRIC_REPRESENTATION_CONTEXT(2) 
PARAMETRIC_REPRESENTATION_CONTEXT() REPRESENTATION_CONTEXT('2D SPACE',''
  ) );
#3451 = PCURVE('',#1053,#3452);
#3452 = DEFINITIONAL_REPRESENTATION('',(#3453),#3457);
#3453 = LINE('',#3454,#3455);
#3454 = CARTESIAN_POINT('',(1.570796326795,0.));
#3455 = VECTOR('',#3456,1.);
#3456 = DIRECTION('',(0.,1.));
#3457 = ( GEOMETRIC_REPRESENTATION_CONTEXT(2) 
PARAMETRIC_REPRESENTATION_CONTEXT() REPRESENTATION_CONTEXT('2D SPACE',''
  ) );
#3458 = ADVANCED_FACE('',(#3459),#1080,.F.);
#3459 = FACE_BOUND('',#3460,.F.);
#3460 = EDGE_LOOP('',(#3461,#3462,#3490,#3511));
#3461 = ORIENTED_EDGE('',*,*,#3308,.F.);
#3462 = ORIENTED_EDGE('',*,*,#3463,.T.);
#3463 = EDGE_CURVE('',#3309,#3464,#3466,.T.);
#3464 = VERTEX_POINT('',#3465);
#3465 = CARTESIAN_POINT('',(1.7,8.35,13.65));
#3466 = SURFACE_CURVE('',#3467,(#3471,#3478),.PCURVE_S1.);
#3467 = LINE('',#3468,#3469);
#3468 = CARTESIAN_POINT('',(1.7,5.5,13.65));
#3469 = VECTOR('',#3470,1.);
#3470 = DIRECTION('',(-0.,1.,0.));
#3471 = PCURVE('',#1080,#3472);
#3472 = DEFINITIONAL_REPRESENTATION('',(#3473),#3477);
#3473 = LINE('',#3474,#3475);
#3474 = CARTESIAN_POINT('',(1.65,0.));
#3475 = VECTOR('',#3476,1.);
#3476 = DIRECTION('',(0.,-1.));
#3477 = ( GEOMETRIC_REPRESENTATION_CONTEXT(2) 
PARAMETRIC_REPRESENTATION_CONTEXT() REPRESENTATION_CONTEXT('2D SPACE',''
  ) );
#3478 = PCURVE('',#3479,#3484);
#3479 = CYLINDRICAL_SURFACE('',#3480,1.65);
#3480 = AXIS2_PLACEMENT_3D('',#3481,#3482,#3483);
#3481 = CARTESIAN_POINT('',(5.E-02,5.5,13.65));
#3482 = DIRECTION('',(-0.,1.,0.));
#3483 = DIRECTION('',(1.,0.,-0.));
#3484 = DEFINITIONAL_REPRESENTATION('',(#3485),#3489);
#3485 = LINE('',#3486,#3487);
#3486 = CARTESIAN_POINT('',(0.,0.));
#3487 = VECTOR('',#3488,1.);
#3488 = DIRECTION('',(0.,1.));
#3489 = ( GEOMETRIC_REPRESENTATION_CONTEXT(2) 
PARAMETRIC_REPRESENTATION_CONTEXT() REPRESENTATION_CONTEXT('2D SPACE',''
  ) );
#3490 = ORIENTED_EDGE('',*,*,#3491,.T.);
#3491 = EDGE_CURVE('',#3464,#1037,#3492,.T.);
#3492 = SURFACE_CURVE('',#3493,(#3497,#3504),.PCURVE_S1.);
#3493 = LINE('',#3494,#3495);
#3494 = CARTESIAN_POINT('',(1.7,8.35,12.));
#3495 = VECTOR('',#3496,1.);
#3496 = DIRECTION('',(0.,0.,1.));
#3497 = PCURVE('',#1080,#3498);
#3498 = DEFINITIONAL_REPRESENTATION('',(#3499),#3503);
#3499 = LINE('',#3500,#3501);
#3500 = CARTESIAN_POINT('',(0.,-2.85));
#3501 = VECTOR('',#3502,1.);
#3502 = DIRECTION('',(1.,0.));
#3503 = ( GEOMETRIC_REPRESENTATION_CONTEXT(2) 
PARAMETRIC_REPRESENTATION_CONTEXT() REPRESENTATION_CONTEXT('2D SPACE',''
  ) );
#3504 = PCURVE('',#1053,#3505);
#3505 = DEFINITIONAL_REPRESENTATION('',(#3506),#3510);
#3506 = LINE('',#3507,#3508);
#3507 = CARTESIAN_POINT('',(0.,0.));
#3508 = VECTOR('',#3509,1.);
#3509 = DIRECTION('',(0.,1.));
#3510 = ( GEOMETRIC_REPRESENTATION_CONTEXT(2) 
PARAMETRIC_REPRESENTATION_CONTEXT() REPRESENTATION_CONTEXT('2D SPACE',''
  ) );
#3511 = ORIENTED_EDGE('',*,*,#1065,.F.);
#3512 = ADVANCED_FACE('',(#3513),#1053,.F.);
#3513 = FACE_BOUND('',#3514,.F.);
#3514 = EDGE_LOOP('',(#3515,#3516,#3543,#3544));
#3515 = ORIENTED_EDGE('',*,*,#3491,.F.);
#3516 = ORIENTED_EDGE('',*,*,#3517,.T.);
#3517 = EDGE_CURVE('',#3464,#3409,#3518,.T.);
#3518 = SURFACE_CURVE('',#3519,(#3524,#3531),.PCURVE_S1.);
#3519 = CIRCLE('',#3520,1.65);
#3520 = AXIS2_PLACEMENT_3D('',#3521,#3522,#3523);
#3521 = CARTESIAN_POINT('',(5.E-02,8.35,13.65));
#3522 = DIRECTION('',(0.,0.,1.));
#3523 = DIRECTION('',(1.,-1.345724878334E-16,0.));
#3524 = PCURVE('',#1053,#3525);
#3525 = DEFINITIONAL_REPRESENTATION('',(#3526),#3530);
#3526 = LINE('',#3527,#3528);
#3527 = CARTESIAN_POINT('',(0.,1.65));
#3528 = VECTOR('',#3529,1.);
#3529 = DIRECTION('',(1.,0.));
#3530 = ( GEOMETRIC_REPRESENTATION_CONTEXT(2) 
PARAMETRIC_REPRESENTATION_CONTEXT() REPRESENTATION_CONTEXT('2D SPACE',''
  ) );
#3531 = PCURVE('',#3532,#3537);
#3532 = SPHERICAL_SURFACE('',#3533,1.65);
#3533 = AXIS2_PLACEMENT_3D('',#3534,#3535,#3536);
#3534 = CARTESIAN_POINT('',(5.E-02,8.35,13.65));
#3535 = DIRECTION('',(0.,0.,1.));
#3536 = DIRECTION('',(1.,-1.345724878334E-16,0.));
#3537 = DEFINITIONAL_REPRESENTATION('',(#3538),#3542);
#3538 = LINE('',#3539,#3540);
#3539 = CARTESIAN_POINT('',(0.,0.));
#3540 = VECTOR('',#3541,1.);
#3541 = DIRECTION('',(1.,0.));
#3542 = ( GEOMETRIC_REPRESENTATION_CONTEXT(2) 
PARAMETRIC_REPRESENTATION_CONTEXT() REPRESENTATION_CONTEXT('2D SPACE',''
  ) );
#3543 = ORIENTED_EDGE('',*,*,#3438,.T.);
#3544 = ORIENTED_EDGE('',*,*,#1036,.F.);
#3545 = ADVANCED_FACE('',(#3546),#1163,.F.);
#3546 = FACE_BOUND('',#3547,.F.);
#3547 = EDGE_LOOP('',(#3548,#3569,#3570,#3571));
#3548 = ORIENTED_EDGE('',*,*,#3549,.T.);
#3549 = EDGE_CURVE('',#1291,#1147,#3550,.T.);
#3550 = SEAM_CURVE('',#3551,(#3555,#3562),.PCURVE_S1.);
#3551 = LINE('',#3552,#3553);
#3552 = CARTESIAN_POINT('',(11.953048327205,10.253048327205,9.));
#3553 = VECTOR('',#3554,1.);
#3554 = DIRECTION('',(0.,0.,1.));
#3555 = PCURVE('',#1163,#3556);
#3556 = DEFINITIONAL_REPRESENTATION('',(#3557),#3561);
#3557 = LINE('',#3558,#3559);
#3558 = CARTESIAN_POINT('',(6.28318530718,-0.));
#3559 = VECTOR('',#3560,1.);
#3560 = DIRECTION('',(0.,1.));
#3561 = ( GEOMETRIC_REPRESENTATION_CONTEXT(2) 
PARAMETRIC_REPRESENTATION_CONTEXT() REPRESENTATION_CONTEXT('2D SPACE',''
  ) );
#3562 = PCURVE('',#1163,#3563);
#3563 = DEFINITIONAL_REPRESENTATION('',(#3564),#3568);
#3564 = LINE('',#3565,#3566);
#3565 = CARTESIAN_POINT('',(0.,-0.));
#3566 = VECTOR('',#3567,1.);
#3567 = DIRECTION('',(0.,1.));
#3568 = ( GEOMETRIC_REPRESENTATION_CONTEXT(2) 
PARAMETRIC_REPRESENTATION_CONTEXT() REPRESENTATION_CONTEXT('2D SPACE',''
  ) );
#3569 = ORIENTED_EDGE('',*,*,#1146,.F.);
#3570 = ORIENTED_EDGE('',*,*,#3549,.F.);
#3571 = ORIENTED_EDGE('',*,*,#1290,.T.);
#3572 = ADVANCED_FACE('',(#3573),#1276,.F.);
#3573 = FACE_BOUND('',#3574,.F.);
#3574 = EDGE_LOOP('',(#3575,#3576,#3599,#3626));
#3575 = ORIENTED_EDGE('',*,*,#1259,.T.);
#3576 = ORIENTED_EDGE('',*,*,#3577,.T.);
#3577 = EDGE_CURVE('',#1260,#3578,#3580,.T.);
#3578 = VERTEX_POINT('',#3579);
#3579 = CARTESIAN_POINT('',(1.7,-4.163799117101E-16,12.1));
#3580 = SEAM_CURVE('',#3581,(#3585,#3592),.PCURVE_S1.);
#3581 = LINE('',#3582,#3583);
#3582 = CARTESIAN_POINT('',(1.7,-4.163799117101E-16,9.));
#3583 = VECTOR('',#3584,1.);
#3584 = DIRECTION('',(0.,0.,1.));
#3585 = PCURVE('',#1276,#3586);
#3586 = DEFINITIONAL_REPRESENTATION('',(#3587),#3591);
#3587 = LINE('',#3588,#3589);
#3588 = CARTESIAN_POINT('',(0.,-0.));
#3589 = VECTOR('',#3590,1.);
#3590 = DIRECTION('',(0.,1.));
#3591 = ( GEOMETRIC_REPRESENTATION_CONTEXT(2) 
PARAMETRIC_REPRESENTATION_CONTEXT() REPRESENTATION_CONTEXT('2D SPACE',''
  ) );
#3592 = PCURVE('',#1276,#3593);
#3593 = DEFINITIONAL_REPRESENTATION('',(#3594),#3598);
#3594 = LINE('',#3595,#3596);
#3595 = CARTESIAN_POINT('',(6.28318530718,-0.));
#3596 = VECTOR('',#3597,1.);
#3597 = DIRECTION('',(0.,1.));
#3598 = ( GEOMETRIC_REPRESENTATION_CONTEXT(2) 
PARAMETRIC_REPRESENTATION_CONTEXT() REPRESENTATION_CONTEXT('2D SPACE',''
  ) );
#3599 = ORIENTED_EDGE('',*,*,#3600,.F.);
#3600 = EDGE_CURVE('',#3578,#3578,#3601,.T.);
#3601 = SURFACE_CURVE('',#3602,(#3607,#3614),.PCURVE_S1.);
#3602 = CIRCLE('',#3603,1.7);
#3603 = AXIS2_PLACEMENT_3D('',#3604,#3605,#3606);
#3604 = CARTESIAN_POINT('',(0.,0.,12.1));
#3605 = DIRECTION('',(0.,0.,1.));
#3606 = DIRECTION('',(1.,0.,-0.));
#3607 = PCURVE('',#1276,#3608);
#3608 = DEFINITIONAL_REPRESENTATION('',(#3609),#3613);
#3609 = LINE('',#3610,#3611);
#3610 = CARTESIAN_POINT('',(0.,3.1));
#3611 = VECTOR('',#3612,1.);
#3612 = DIRECTION('',(1.,0.));
#3613 = ( GEOMETRIC_REPRESENTATION_CONTEXT(2) 
PARAMETRIC_REPRESENTATION_CONTEXT() REPRESENTATION_CONTEXT('2D SPACE',''
  ) );
#3614 = PCURVE('',#3615,#3620);
#3615 = PLANE('',#3616);
#3616 = AXIS2_PLACEMENT_3D('',#3617,#3618,#3619);
#3617 = CARTESIAN_POINT('',(0.,0.,12.1));
#3618 = DIRECTION('',(0.,0.,1.));
#3619 = DIRECTION('',(1.,0.,-0.));
#3620 = DEFINITIONAL_REPRESENTATION('',(#3621),#3625);
#3621 = CIRCLE('',#3622,1.7);
#3622 = AXIS2_PLACEMENT_2D('',#3623,#3624);
#3623 = CARTESIAN_POINT('',(0.,0.));
#3624 = DIRECTION('',(1.,0.));
#3625 = ( GEOMETRIC_REPRESENTATION_CONTEXT(2) 
PARAMETRIC_REPRESENTATION_CONTEXT() REPRESENTATION_CONTEXT('2D SPACE',''
  ) );
#3626 = ORIENTED_EDGE('',*,*,#3577,.F.);
#3627 = ADVANCED_FACE('',(#3628),#1384,.F.);
#3628 = FACE_BOUND('',#3629,.F.);
#3629 = EDGE_LOOP('',(#3630,#3652,#3672));
#3630 = ORIENTED_EDGE('',*,*,#3631,.F.);
#3631 = EDGE_CURVE('',#3632,#1345,#3634,.T.);
#3632 = VERTEX_POINT('',#3633);
#3633 = CARTESIAN_POINT('',(-5.E-02,-8.35,12.));
#3634 = SURFACE_CURVE('',#3635,(#3640,#3646),.PCURVE_S1.);
#3635 = CIRCLE('',#3636,1.65);
#3636 = AXIS2_PLACEMENT_3D('',#3637,#3638,#3639);
#3637 = CARTESIAN_POINT('',(-5.E-02,-8.35,13.65));
#3638 = DIRECTION('',(0.,1.,-0.));
#3639 = DIRECTION('',(-1.,0.,0.));
#3640 = PCURVE('',#1384,#3641);
#3641 = DEFINITIONAL_REPRESENTATION('',(#3642),#3645);
#3642 = B_SPLINE_CURVE_WITH_KNOTS('',1,(#3643,#3644),.UNSPECIFIED.,.F.,
  .F.,(2,2),(4.712388980385,6.28318530718),.PIECEWISE_BEZIER_KNOTS.);
#3643 = CARTESIAN_POINT('',(0.,-1.570796326795));
#3644 = CARTESIAN_POINT('',(0.,0.));
#3645 = ( GEOMETRIC_REPRESENTATION_CONTEXT(2) 
PARAMETRIC_REPRESENTATION_CONTEXT() REPRESENTATION_CONTEXT('2D SPACE',''
  ) );
#3646 = PCURVE('',#1438,#3647);
#3647 = DEFINITIONAL_REPRESENTATION('',(#3648),#3651);
#3648 = B_SPLINE_CURVE_WITH_KNOTS('',1,(#3649,#3650),.UNSPECIFIED.,.F.,
  .F.,(2,2),(4.712388980385,6.28318530718),.PIECEWISE_BEZIER_KNOTS.);
#3649 = CARTESIAN_POINT('',(-1.570796326795,1.65));
#3650 = CARTESIAN_POINT('',(0.,1.65));
#3651 = ( GEOMETRIC_REPRESENTATION_CONTEXT(2) 
PARAMETRIC_REPRESENTATION_CONTEXT() REPRESENTATION_CONTEXT('2D SPACE',''
  ) );
#3652 = ORIENTED_EDGE('',*,*,#3653,.T.);
#3653 = EDGE_CURVE('',#3632,#1368,#3654,.T.);
#3654 = SURFACE_CURVE('',#3655,(#3660,#3666),.PCURVE_S1.);
#3655 = CIRCLE('',#3656,1.65);
#3656 = AXIS2_PLACEMENT_3D('',#3657,#3658,#3659);
#3657 = CARTESIAN_POINT('',(-5.E-02,-8.35,13.65));
#3658 = DIRECTION('',(-1.,6.123233995737E-17,0.));
#3659 = DIRECTION('',(-6.123233995737E-17,-1.,0.));
#3660 = PCURVE('',#1384,#3661);
#3661 = DEFINITIONAL_REPRESENTATION('',(#3662),#3665);
#3662 = B_SPLINE_CURVE_WITH_KNOTS('',1,(#3663,#3664),.UNSPECIFIED.,.F.,
  .F.,(2,2),(4.712388980385,6.28318530718),.PIECEWISE_BEZIER_KNOTS.);
#3663 = CARTESIAN_POINT('',(1.570796326795,-1.570796326795));
#3664 = CARTESIAN_POINT('',(1.570796326795,0.));
#3665 = ( GEOMETRIC_REPRESENTATION_CONTEXT(2) 
PARAMETRIC_REPRESENTATION_CONTEXT() REPRESENTATION_CONTEXT('2D SPACE',''
  ) );
#3666 = PCURVE('',#1491,#3667);
#3667 = DEFINITIONAL_REPRESENTATION('',(#3668),#3671);
#3668 = B_SPLINE_CURVE_WITH_KNOTS('',1,(#3669,#3670),.UNSPECIFIED.,.F.,
  .F.,(2,2),(4.712388980385,6.28318530718),.PIECEWISE_BEZIER_KNOTS.);
#3669 = CARTESIAN_POINT('',(1.570796326795,1.65));
#3670 = CARTESIAN_POINT('',(0.,1.65));
#3671 = ( GEOMETRIC_REPRESENTATION_CONTEXT(2) 
PARAMETRIC_REPRESENTATION_CONTEXT() REPRESENTATION_CONTEXT('2D SPACE',''
  ) );
#3672 = ORIENTED_EDGE('',*,*,#1367,.F.);
#3673 = ADVANCED_FACE('',(#3674),#1438,.F.);
#3674 = FACE_BOUND('',#3675,.T.);
#3675 = EDGE_LOOP('',(#3676,#3677,#3705,#3725));
#3676 = ORIENTED_EDGE('',*,*,#3631,.F.);
#3677 = ORIENTED_EDGE('',*,*,#3678,.T.);
#3678 = EDGE_CURVE('',#3632,#3679,#3681,.T.);
#3679 = VERTEX_POINT('',#3680);
#3680 = CARTESIAN_POINT('',(-5.E-02,-7.15,12.));
#3681 = SURFACE_CURVE('',#3682,(#3686,#3693),.PCURVE_S1.);
#3682 = LINE('',#3683,#3684);
#3683 = CARTESIAN_POINT('',(-5.E-02,-10.,12.));
#3684 = VECTOR('',#3685,1.);
#3685 = DIRECTION('',(-0.,1.,0.));
#3686 = PCURVE('',#1438,#3687);
#3687 = DEFINITIONAL_REPRESENTATION('',(#3688),#3692);
#3688 = LINE('',#3689,#3690);
#3689 = CARTESIAN_POINT('',(-1.570796326795,0.));
#3690 = VECTOR('',#3691,1.);
#3691 = DIRECTION('',(-0.,1.));
#3692 = ( GEOMETRIC_REPRESENTATION_CONTEXT(2) 
PARAMETRIC_REPRESENTATION_CONTEXT() REPRESENTATION_CONTEXT('2D SPACE',''
  ) );
#3693 = PCURVE('',#3694,#3699);
#3694 = PLANE('',#3695);
#3695 = AXIS2_PLACEMENT_3D('',#3696,#3697,#3698);
#3696 = CARTESIAN_POINT('',(-1.7,-10.,12.));
#3697 = DIRECTION('',(0.,0.,1.));
#3698 = DIRECTION('',(1.,0.,-0.));
#3699 = DEFINITIONAL_REPRESENTATION('',(#3700),#3704);
#3700 = LINE('',#3701,#3702);
#3701 = CARTESIAN_POINT('',(1.65,0.));
#3702 = VECTOR('',#3703,1.);
#3703 = DIRECTION('',(0.,1.));
#3704 = ( GEOMETRIC_REPRESENTATION_CONTEXT(2) 
PARAMETRIC_REPRESENTATION_CONTEXT() REPRESENTATION_CONTEXT('2D SPACE',''
  ) );
#3705 = ORIENTED_EDGE('',*,*,#3706,.T.);
#3706 = EDGE_CURVE('',#3679,#1423,#3707,.T.);
#3707 = SURFACE_CURVE('',#3708,(#3713,#3719),.PCURVE_S1.);
#3708 = CIRCLE('',#3709,1.65);
#3709 = AXIS2_PLACEMENT_3D('',#3710,#3711,#3712);
#3710 = CARTESIAN_POINT('',(-5.E-02,-7.15,13.65));
#3711 = DIRECTION('',(-1.345724878334E-16,1.,0.));
#3712 = DIRECTION('',(-1.,-1.345724878334E-16,0.));
#3713 = PCURVE('',#1438,#3714);
#3714 = DEFINITIONAL_REPRESENTATION('',(#3715),#3718);
#3715 = B_SPLINE_CURVE_WITH_KNOTS('',1,(#3716,#3717),.UNSPECIFIED.,.F.,
  .F.,(2,2),(4.712388980385,6.28318530718),.PIECEWISE_BEZIER_KNOTS.);
#3716 = CARTESIAN_POINT('',(-1.570796326795,2.85));
#3717 = CARTESIAN_POINT('',(0.,2.85));
#3718 = ( GEOMETRIC_REPRESENTATION_CONTEXT(2) 
PARAMETRIC_REPRESENTATION_CONTEXT() REPRESENTATION_CONTEXT('2D SPACE',''
  ) );
#3719 = PCURVE('',#1547,#3720);
#3720 = DEFINITIONAL_REPRESENTATION('',(#3721),#3724);
#3721 = B_SPLINE_CURVE_WITH_KNOTS('',1,(#3722,#3723),.UNSPECIFIED.,.F.,
  .F.,(2,2),(4.712388980385,6.28318530718),.PIECEWISE_BEZIER_KNOTS.);
#3722 = CARTESIAN_POINT('',(0.,-1.570796326795));
#3723 = CARTESIAN_POINT('',(0.,0.));
#3724 = ( GEOMETRIC_REPRESENTATION_CONTEXT(2) 
PARAMETRIC_REPRESENTATION_CONTEXT() REPRESENTATION_CONTEXT('2D SPACE',''
  ) );
#3725 = ORIENTED_EDGE('',*,*,#1422,.F.);
#3726 = ADVANCED_FACE('',(#3727),#1491,.F.);
#3727 = FACE_BOUND('',#3728,.F.);
#3728 = EDGE_LOOP('',(#3729,#3730,#3753,#3773));
#3729 = ORIENTED_EDGE('',*,*,#3653,.F.);
#3730 = ORIENTED_EDGE('',*,*,#3731,.T.);
#3731 = EDGE_CURVE('',#3632,#3732,#3734,.T.);
#3732 = VERTEX_POINT('',#3733);
#3733 = CARTESIAN_POINT('',(5.E-02,-8.35,12.));
#3734 = SURFACE_CURVE('',#3735,(#3739,#3746),.PCURVE_S1.);
#3735 = LINE('',#3736,#3737);
#3736 = CARTESIAN_POINT('',(-1.7,-8.35,12.));
#3737 = VECTOR('',#3738,1.);
#3738 = DIRECTION('',(1.,0.,-0.));
#3739 = PCURVE('',#1491,#3740);
#3740 = DEFINITIONAL_REPRESENTATION('',(#3741),#3745);
#3741 = LINE('',#3742,#3743);
#3742 = CARTESIAN_POINT('',(1.570796326795,0.));
#3743 = VECTOR('',#3744,1.);
#3744 = DIRECTION('',(0.,1.));
#3745 = ( GEOMETRIC_REPRESENTATION_CONTEXT(2) 
PARAMETRIC_REPRESENTATION_CONTEXT() REPRESENTATION_CONTEXT('2D SPACE',''
  ) );
#3746 = PCURVE('',#3694,#3747);
#3747 = DEFINITIONAL_REPRESENTATION('',(#3748),#3752);
#3748 = LINE('',#3749,#3750);
#3749 = CARTESIAN_POINT('',(0.,1.65));
#3750 = VECTOR('',#3751,1.);
#3751 = DIRECTION('',(1.,0.));
#3752 = ( GEOMETRIC_REPRESENTATION_CONTEXT(2) 
PARAMETRIC_REPRESENTATION_CONTEXT() REPRESENTATION_CONTEXT('2D SPACE',''
  ) );
#3753 = ORIENTED_EDGE('',*,*,#3754,.T.);
#3754 = EDGE_CURVE('',#3732,#1476,#3755,.T.);
#3755 = SURFACE_CURVE('',#3756,(#3761,#3767),.PCURVE_S1.);
#3756 = CIRCLE('',#3757,1.65);
#3757 = AXIS2_PLACEMENT_3D('',#3758,#3759,#3760);
#3758 = CARTESIAN_POINT('',(5.E-02,-8.35,13.65));
#3759 = DIRECTION('',(-1.,-6.123233995737E-17,0.));
#3760 = DIRECTION('',(6.123233995737E-17,-1.,-0.));
#3761 = PCURVE('',#1491,#3762);
#3762 = DEFINITIONAL_REPRESENTATION('',(#3763),#3766);
#3763 = B_SPLINE_CURVE_WITH_KNOTS('',1,(#3764,#3765),.UNSPECIFIED.,.F.,
  .F.,(2,2),(4.712388980385,6.28318530718),.PIECEWISE_BEZIER_KNOTS.);
#3764 = CARTESIAN_POINT('',(1.570796326795,1.75));
#3765 = CARTESIAN_POINT('',(0.,1.75));
#3766 = ( GEOMETRIC_REPRESENTATION_CONTEXT(2) 
PARAMETRIC_REPRESENTATION_CONTEXT() REPRESENTATION_CONTEXT('2D SPACE',''
  ) );
#3767 = PCURVE('',#1677,#3768);
#3768 = DEFINITIONAL_REPRESENTATION('',(#3769),#3772);
#3769 = B_SPLINE_CURVE_WITH_KNOTS('',1,(#3770,#3771),.UNSPECIFIED.,.F.,
  .F.,(2,2),(4.712388980385,6.28318530718),.PIECEWISE_BEZIER_KNOTS.);
#3770 = CARTESIAN_POINT('',(-1.570796326795,-1.570796326795));
#3771 = CARTESIAN_POINT('',(-1.570796326795,0.));
#3772 = ( GEOMETRIC_REPRESENTATION_CONTEXT(2) 
PARAMETRIC_REPRESENTATION_CONTEXT() REPRESENTATION_CONTEXT('2D SPACE',''
  ) );
#3773 = ORIENTED_EDGE('',*,*,#1475,.F.);
#3774 = ADVANCED_FACE('',(#3775,#3877),#1602,.F.);
#3775 = FACE_BOUND('',#3776,.F.);
#3776 = EDGE_LOOP('',(#3777,#3778,#3800,#3801,#3802,#3803,#3825,#3826,
    #3827,#3828,#3850,#3851,#3852,#3853,#3875,#3876));
#3777 = ORIENTED_EDGE('',*,*,#2730,.F.);
#3778 = ORIENTED_EDGE('',*,*,#3779,.T.);
#3779 = EDGE_CURVE('',#2731,#3361,#3780,.T.);
#3780 = SURFACE_CURVE('',#3781,(#3786,#3793),.PCURVE_S1.);
#3781 = CIRCLE('',#3782,7.);
#3782 = AXIS2_PLACEMENT_3D('',#3783,#3784,#3785);
#3783 = CARTESIAN_POINT('',(0.,0.,13.7));
#3784 = DIRECTION('',(0.,0.,1.));
#3785 = DIRECTION('',(1.,0.,-0.));
#3786 = PCURVE('',#1602,#3787);
#3787 = DEFINITIONAL_REPRESENTATION('',(#3788),#3792);
#3788 = CIRCLE('',#3789,7.);
#3789 = AXIS2_PLACEMENT_2D('',#3790,#3791);
#3790 = CARTESIAN_POINT('',(0.,0.));
#3791 = DIRECTION('',(1.,0.));
#3792 = ( GEOMETRIC_REPRESENTATION_CONTEXT(2) 
PARAMETRIC_REPRESENTATION_CONTEXT() REPRESENTATION_CONTEXT('2D SPACE',''
  ) );
#3793 = PCURVE('',#2769,#3794);
#3794 = DEFINITIONAL_REPRESENTATION('',(#3795),#3799);
#3795 = LINE('',#3796,#3797);
#3796 = CARTESIAN_POINT('',(0.,1.6));
#3797 = VECTOR('',#3798,1.);
#3798 = DIRECTION('',(1.,0.));
#3799 = ( GEOMETRIC_REPRESENTATION_CONTEXT(2) 
PARAMETRIC_REPRESENTATION_CONTEXT() REPRESENTATION_CONTEXT('2D SPACE',''
  ) );
#3800 = ORIENTED_EDGE('',*,*,#3381,.F.);
#3801 = ORIENTED_EDGE('',*,*,#3206,.F.);
#3802 = ORIENTED_EDGE('',*,*,#3103,.F.);
#3803 = ORIENTED_EDGE('',*,*,#3804,.T.);
#3804 = EDGE_CURVE('',#3083,#2348,#3805,.T.);
#3805 = SURFACE_CURVE('',#3806,(#3811,#3818),.PCURVE_S1.);
#3806 = CIRCLE('',#3807,7.);
#3807 = AXIS2_PLACEMENT_3D('',#3808,#3809,#3810);
#3808 = CARTESIAN_POINT('',(0.,0.,13.7));
#3809 = DIRECTION('',(0.,0.,1.));
#3810 = DIRECTION('',(1.,0.,-0.));
#3811 = PCURVE('',#1602,#3812);
#3812 = DEFINITIONAL_REPRESENTATION('',(#3813),#3817);
#3813 = CIRCLE('',#3814,7.);
#3814 = AXIS2_PLACEMENT_2D('',#3815,#3816);
#3815 = CARTESIAN_POINT('',(0.,0.));
#3816 = DIRECTION('',(1.,0.));
#3817 = ( GEOMETRIC_REPRESENTATION_CONTEXT(2) 
PARAMETRIC_REPRESENTATION_CONTEXT() REPRESENTATION_CONTEXT('2D SPACE',''
  ) );
#3818 = PCURVE('',#2386,#3819);
#3819 = DEFINITIONAL_REPRESENTATION('',(#3820),#3824);
#3820 = LINE('',#3821,#3822);
#3821 = CARTESIAN_POINT('',(0.,1.6));
#3822 = VECTOR('',#3823,1.);
#3823 = DIRECTION('',(1.,0.));
#3824 = ( GEOMETRIC_REPRESENTATION_CONTEXT(2) 
PARAMETRIC_REPRESENTATION_CONTEXT() REPRESENTATION_CONTEXT('2D SPACE',''
  ) );
#3825 = ORIENTED_EDGE('',*,*,#2347,.F.);
#3826 = ORIENTED_EDGE('',*,*,#2300,.T.);
#3827 = ORIENTED_EDGE('',*,*,#2168,.F.);
#3828 = ORIENTED_EDGE('',*,*,#3829,.T.);
#3829 = EDGE_CURVE('',#2169,#1560,#3830,.T.);
#3830 = SURFACE_CURVE('',#3831,(#3836,#3843),.PCURVE_S1.);
#3831 = CIRCLE('',#3832,7.);
#3832 = AXIS2_PLACEMENT_3D('',#3833,#3834,#3835);
#3833 = CARTESIAN_POINT('',(0.,0.,13.7));
#3834 = DIRECTION('',(0.,0.,1.));
#3835 = DIRECTION('',(1.,0.,-0.));
#3836 = PCURVE('',#1602,#3837);
#3837 = DEFINITIONAL_REPRESENTATION('',(#3838),#3842);
#3838 = CIRCLE('',#3839,7.);
#3839 = AXIS2_PLACEMENT_2D('',#3840,#3841);
#3840 = CARTESIAN_POINT('',(0.,0.));
#3841 = DIRECTION('',(1.,0.));
#3842 = ( GEOMETRIC_REPRESENTATION_CONTEXT(2) 
PARAMETRIC_REPRESENTATION_CONTEXT() REPRESENTATION_CONTEXT('2D SPACE',''
  ) );
#3843 = PCURVE('',#1574,#3844);
#3844 = DEFINITIONAL_REPRESENTATION('',(#3845),#3849);
#3845 = LINE('',#3846,#3847);
#3846 = CARTESIAN_POINT('',(0.,1.6));
#3847 = VECTOR('',#3848,1.);
#3848 = DIRECTION('',(1.,0.));
#3849 = ( GEOMETRIC_REPRESENTATION_CONTEXT(2) 
PARAMETRIC_REPRESENTATION_CONTEXT() REPRESENTATION_CONTEXT('2D SPACE',''
  ) );
#3850 = ORIENTED_EDGE('',*,*,#1585,.F.);
#3851 = ORIENTED_EDGE('',*,*,#1694,.T.);
#3852 = ORIENTED_EDGE('',*,*,#1851,.F.);
#3853 = ORIENTED_EDGE('',*,*,#3854,.T.);
#3854 = EDGE_CURVE('',#1826,#2530,#3855,.T.);
#3855 = SURFACE_CURVE('',#3856,(#3861,#3868),.PCURVE_S1.);
#3856 = CIRCLE('',#3857,7.);
#3857 = AXIS2_PLACEMENT_3D('',#3858,#3859,#3860);
#3858 = CARTESIAN_POINT('',(0.,0.,13.7));
#3859 = DIRECTION('',(0.,0.,1.));
#3860 = DIRECTION('',(1.,0.,-0.));
#3861 = PCURVE('',#1602,#3862);
#3862 = DEFINITIONAL_REPRESENTATION('',(#3863),#3867);
#3863 = CIRCLE('',#3864,7.);
#3864 = AXIS2_PLACEMENT_2D('',#3865,#3866);
#3865 = CARTESIAN_POINT('',(0.,0.));
#3866 = DIRECTION('',(1.,0.));
#3867 = ( GEOMETRIC_REPRESENTATION_CONTEXT(2) 
PARAMETRIC_REPRESENTATION_CONTEXT() REPRESENTATION_CONTEXT('2D SPACE',''
  ) );
#3868 = PCURVE('',#1840,#3869);
#3869 = DEFINITIONAL_REPRESENTATION('',(#3870),#3874);
#3870 = LINE('',#3871,#3872);
#3871 = CARTESIAN_POINT('',(0.,1.6));
#3872 = VECTOR('',#3873,1.);
#3873 = DIRECTION('',(1.,0.));
#3874 = ( GEOMETRIC_REPRESENTATION_CONTEXT(2) 
PARAMETRIC_REPRESENTATION_CONTEXT() REPRESENTATION_CONTEXT('2D SPACE',''
  ) );
#3875 = ORIENTED_EDGE('',*,*,#2529,.F.);
#3876 = ORIENTED_EDGE('',*,*,#2629,.F.);
#3877 = FACE_BOUND('',#3878,.F.);
#3878 = EDGE_LOOP('',(#3879));
#3879 = ORIENTED_EDGE('',*,*,#2456,.F.);
#3880 = ADVANCED_FACE('',(#3881),#1574,.F.);
#3881 = FACE_BOUND('',#3882,.F.);
#3882 = EDGE_LOOP('',(#3883,#3884,#3885,#3886,#3939,#3963));
#3883 = ORIENTED_EDGE('',*,*,#1559,.T.);
#3884 = ORIENTED_EDGE('',*,*,#3829,.F.);
#3885 = ORIENTED_EDGE('',*,*,#2192,.F.);
#3886 = ORIENTED_EDGE('',*,*,#3887,.F.);
#3887 = EDGE_CURVE('',#3888,#2193,#3890,.T.);
#3888 = VERTEX_POINT('',#3889);
#3889 = CARTESIAN_POINT('',(-6.975258601896,-0.588019928803,12.1));
#3890 = SURFACE_CURVE('',#3891,(#3909,#3919),.PCURVE_S1.);
#3891 = B_SPLINE_CURVE_WITH_KNOTS('',4,(#3892,#3893,#3894,#3895,#3896,
    #3897,#3898,#3899,#3900,#3901,#3902,#3903,#3904,#3905,#3906,#3907,
    #3908),.UNSPECIFIED.,.F.,.F.,(5,3,3,3,3,5),(0.,0.238815074527,
    0.377586952795,0.476610635472,0.774135653597,1.),.UNSPECIFIED.);
#3892 = CARTESIAN_POINT('',(-6.975258743732,-0.588018246305,12.0999994)
  );
#3893 = CARTESIAN_POINT('',(-6.965716513124,-0.701211209118,
    12.140365384833));
#3894 = CARTESIAN_POINT('',(-6.95405777114,-0.810204931213,
    12.192015068503));
#3895 = CARTESIAN_POINT('',(-6.940841990578,-0.913286633503,
    12.254284406689));
#3896 = CARTESIAN_POINT('',(-6.918766819672,-1.064815922627,
    12.367780425442));
#3897 = CARTESIAN_POINT('',(-6.9103998202,-1.118062181227,
    12.412706962341));
#3898 = CARTESIAN_POINT('',(-6.901934541046,-1.168605504699,
    12.460633602685));
#3899 = CARTESIAN_POINT('',(-6.88753466367,-1.250222923643,
    12.54746857731));
#3900 = CARTESIAN_POINT('',(-6.881569496292,-1.282726962916,
    12.585028177091));
#3901 = CARTESIAN_POINT('',(-6.875693449937,-1.313671241263,
    12.623895927405));
#3902 = CARTESIAN_POINT('',(-6.85273997337,-1.43108782257,
    12.784384842909));
#3903 = CARTESIAN_POINT('',(-6.83680951832,-1.504526082807,
    12.915713282691));
#3904 = CARTESIAN_POINT('',(-6.823721216935,-1.561572633591,
    13.055233825954));
#3905 = CARTESIAN_POINT('',(-6.807223559476,-1.631770752488,
    13.309405099149));
#3906 = CARTESIAN_POINT('',(-6.802235148785,-1.652186224187,
    13.421962477188));
#3907 = CARTESIAN_POINT('',(-6.799738498142,-1.662394765656,
    13.535974541428));
#3908 = CARTESIAN_POINT('',(-6.799738498142,-1.662394765656,13.65));
#3909 = PCURVE('',#1574,#3910);
#3910 = DEFINITIONAL_REPRESENTATION('',(#3911),#3918);
#3911 = B_SPLINE_CURVE_WITH_KNOTS('',5,(#3912,#3913,#3914,#3915,#3916,
    #3917),.UNSPECIFIED.,.F.,.F.,(6,6),(0.,1.),
  .PIECEWISE_BEZIER_KNOTS.);
#3912 = CARTESIAN_POINT('',(3.225694368433,-6.000000141171E-07));
#3913 = CARTESIAN_POINT('',(3.280055358211,0.13522029395));
#3914 = CARTESIAN_POINT('',(3.328392353434,0.389165673917));
#3915 = CARTESIAN_POINT('',(3.363710290367,0.742321951275));
#3916 = CARTESIAN_POINT('',(3.381368577167,1.146127638955));
#3917 = CARTESIAN_POINT('',(3.381368577167,1.55));
#3918 = ( GEOMETRIC_REPRESENTATION_CONTEXT(2) 
PARAMETRIC_REPRESENTATION_CONTEXT() REPRESENTATION_CONTEXT('2D SPACE',''
  ) );
#3919 = PCURVE('',#2228,#3920);
#3920 = DEFINITIONAL_REPRESENTATION('',(#3921),#3938);
#3921 = B_SPLINE_CURVE_WITH_KNOTS('',8,(#3922,#3923,#3924,#3925,#3926,
    #3927,#3928,#3929,#3930,#3931,#3932,#3933,#3934,#3935,#3936,#3937),
  .UNSPECIFIED.,.F.,.F.,(9,7,9),(0.,0.5,1.),.UNSPECIFIED.);
#3922 = CARTESIAN_POINT('',(-1.25675721859,-1.220859296125));
#3923 = CARTESIAN_POINT('',(-1.304668477377,-1.14615938288));
#3924 = CARTESIAN_POINT('',(-1.324738928658,-1.070202149249));
#3925 = CARTESIAN_POINT('',(-1.339830694368,-0.994109848913));
#3926 = CARTESIAN_POINT('',(-1.346724351645,-0.917680462057));
#3927 = CARTESIAN_POINT('',(-1.352526644091,-0.841305337552));
#3928 = CARTESIAN_POINT('',(-1.355288219025,-0.76482629844));
#3929 = CARTESIAN_POINT('',(-1.357029924991,-0.688355410854));
#3930 = CARTESIAN_POINT('',(-1.358735668825,-0.535392918053));
#3931 = CARTESIAN_POINT('',(-1.358755032206,-0.458907379922));
#3932 = CARTESIAN_POINT('',(-1.358372856841,-0.382421222728));
#3933 = CARTESIAN_POINT('',(-1.357869307667,-0.305936776979));
#3934 = CARTESIAN_POINT('',(-1.357407701692,-0.2294547499));
#3935 = CARTESIAN_POINT('',(-1.357069464898,-0.152973944306));
#3936 = CARTESIAN_POINT('',(-1.35688908916,-7.649097747065E-02));
#3937 = CARTESIAN_POINT('',(-1.35688908916,0.));
#3938 = ( GEOMETRIC_REPRESENTATION_CONTEXT(2) 
PARAMETRIC_REPRESENTATION_CONTEXT() REPRESENTATION_CONTEXT('2D SPACE',''
  ) );
#3939 = ORIENTED_EDGE('',*,*,#3940,.T.);
#3940 = EDGE_CURVE('',#3888,#3941,#3943,.T.);
#3941 = VERTEX_POINT('',#3942);
#3942 = CARTESIAN_POINT('',(-0.588019928803,-6.975258601896,12.1));
#3943 = SURFACE_CURVE('',#3944,(#3949,#3956),.PCURVE_S1.);
#3944 = CIRCLE('',#3945,7.);
#3945 = AXIS2_PLACEMENT_3D('',#3946,#3947,#3948);
#3946 = CARTESIAN_POINT('',(0.,0.,12.1));
#3947 = DIRECTION('',(0.,0.,1.));
#3948 = DIRECTION('',(1.,0.,-0.));
#3949 = PCURVE('',#1574,#3950);
#3950 = DEFINITIONAL_REPRESENTATION('',(#3951),#3955);
#3951 = LINE('',#3952,#3953);
#3952 = CARTESIAN_POINT('',(0.,0.));
#3953 = VECTOR('',#3954,1.);
#3954 = DIRECTION('',(1.,0.));
#3955 = ( GEOMETRIC_REPRESENTATION_CONTEXT(2) 
PARAMETRIC_REPRESENTATION_CONTEXT() REPRESENTATION_CONTEXT('2D SPACE',''
  ) );
#3956 = PCURVE('',#3615,#3957);
#3957 = DEFINITIONAL_REPRESENTATION('',(#3958),#3962);
#3958 = CIRCLE('',#3959,7.);
#3959 = AXIS2_PLACEMENT_2D('',#3960,#3961);
#3960 = CARTESIAN_POINT('',(0.,0.));
#3961 = DIRECTION('',(1.,0.));
#3962 = ( GEOMETRIC_REPRESENTATION_CONTEXT(2) 
PARAMETRIC_REPRESENTATION_CONTEXT() REPRESENTATION_CONTEXT('2D SPACE',''
  ) );
#3963 = ORIENTED_EDGE('',*,*,#3964,.F.);
#3964 = EDGE_CURVE('',#1531,#3941,#3965,.T.);
#3965 = SURFACE_CURVE('',#3966,(#3997,#4031),.PCURVE_S1.);
#3966 = B_SPLINE_CURVE_WITH_KNOTS('',8,(#3967,#3968,#3969,#3970,#3971,
    #3972,#3973,#3974,#3975,#3976,#3977,#3978,#3979,#3980,#3981,#3982,
    #3983,#3984,#3985,#3986,#3987,#3988,#3989,#3990,#3991,#3992,#3993,
    #3994,#3995,#3996),.UNSPECIFIED.,.F.,.F.,(9,7,7,7,9),(0.,
    0.603532779153,0.781504383722,0.915370819139,1.),.UNSPECIFIED.);
#3967 = CARTESIAN_POINT('',(-1.662394765656,-6.799738498142,13.65));
#3968 = CARTESIAN_POINT('',(-1.662394765656,-6.799738498142,
    13.509574662941));
#3969 = CARTESIAN_POINT('',(-1.649122648884,-6.802983171531,
    13.369533818999));
#3970 = CARTESIAN_POINT('',(-1.622705709394,-6.809441840162,
    13.230413143059));
#3971 = CARTESIAN_POINT('',(-1.582907569282,-6.819017507453,
    13.093013863416));
#3972 = CARTESIAN_POINT('',(-1.52936839071,-6.831499329188,
    12.958361280281));
#3973 = CARTESIAN_POINT('',(-1.461619610302,-6.84651562436,
    12.827739395899));
#3974 = CARTESIAN_POINT('',(-1.379177815121,-6.863509354289,
    12.702665966104));
#3975 = CARTESIAN_POINT('',(-1.252566196827,-6.887084876819,
    12.550330118115));
#3976 = CARTESIAN_POINT('',(-1.222409085244,-6.892557386244,
    12.516296413542));
#3977 = CARTESIAN_POINT('',(-1.190915679989,-6.898113349761,
    12.482970948017));
#3978 = CARTESIAN_POINT('',(-1.158076616004,-6.903730346444,
    12.450410759998));
#3979 = CARTESIAN_POINT('',(-1.123886519392,-6.909383612487,
    12.418678878196));
#3980 = CARTESIAN_POINT('',(-1.088345134607,-6.915046039669,
    12.387843764024));
#3981 = CARTESIAN_POINT('',(-1.051458605573,-6.920688307566,
    12.357978667931));
#3982 = CARTESIAN_POINT('',(-0.984494377825,-6.930484461265,
    12.307484790562));
#3983 = CARTESIAN_POINT('',(-0.954999948345,-6.934659914898,
    12.286405163585));
#3984 = CARTESIAN_POINT('',(-0.924760767572,-6.938792692908,
    12.265952125358));
#3985 = CARTESIAN_POINT('',(-0.893787182005,-6.942868641394,
    12.246161100609));
#3986 = CARTESIAN_POINT('',(-0.862097913459,-6.946872341854,
    12.227071881955));
#3987 = CARTESIAN_POINT('',(-0.829721903883,-6.950787319331,
    12.208727424644));
#3988 = CARTESIAN_POINT('',(-0.796700830852,-6.954596386891,
    12.191172386252));
#3989 = CARTESIAN_POINT('',(-0.741845272732,-6.960612218516,
    12.163880558304));
#3990 = CARTESIAN_POINT('',(-0.720369031168,-6.962892398478,
    12.153645845133));
#3991 = CARTESIAN_POINT('',(-0.698676134082,-6.965118596241,
    12.143757041792));
#3992 = CARTESIAN_POINT('',(-0.676787170622,-6.967285997887,
    12.134227038402));
#3993 = CARTESIAN_POINT('',(-0.654731735593,-6.969389285184,
    12.1250707268));
#3994 = CARTESIAN_POINT('',(-0.632549410995,-6.971422875099,
    12.116303882118));
#3995 = CARTESIAN_POINT('',(-0.610290747563,-6.973381159314,
    12.107942044362));
#3996 = CARTESIAN_POINT('',(-0.588018246305,-6.975258743732,12.0999994)
  );
#3997 = PCURVE('',#1574,#3998);
#3998 = DEFINITIONAL_REPRESENTATION('',(#3999),#4030);
#3999 = B_SPLINE_CURVE_WITH_KNOTS('',8,(#4000,#4001,#4002,#4003,#4004,
    #4005,#4006,#4007,#4008,#4009,#4010,#4011,#4012,#4013,#4014,#4015,
    #4016,#4017,#4018,#4019,#4020,#4021,#4022,#4023,#4024,#4025,#4026,
    #4027,#4028,#4029),.UNSPECIFIED.,.F.,.F.,(9,7,7,7,9),(0.,
    0.603532779153,0.781504383722,0.915370819139,1.),.UNSPECIFIED.);
#4000 = CARTESIAN_POINT('',(4.472613056808,1.55));
#4001 = CARTESIAN_POINT('',(4.472613056808,1.409574662941));
#4002 = CARTESIAN_POINT('',(4.474564912612,1.269533819));
#4003 = CARTESIAN_POINT('',(4.478449909811,1.130413143058));
#4004 = CARTESIAN_POINT('',(4.48429758129,0.993013863417));
#4005 = CARTESIAN_POINT('',(4.492150680296,0.858361280281));
#4006 = CARTESIAN_POINT('',(4.502062594896,0.727739395899));
#4007 = CARTESIAN_POINT('',(4.51408538655,0.602665966104));
#4008 = CARTESIAN_POINT('',(4.532483649085,0.450330118115));
#4009 = CARTESIAN_POINT('',(4.536862121443,0.416296413542));
#4010 = CARTESIAN_POINT('',(4.541430561843,0.382970948017));
#4011 = CARTESIAN_POINT('',(4.546189853236,0.350410759998));
#4012 = CARTESIAN_POINT('',(4.551140308859,0.318678878196));
#4013 = CARTESIAN_POINT('',(4.55628152328,0.287843764024));
#4014 = CARTESIAN_POINT('',(4.561612204316,0.257978667931));
#4015 = CARTESIAN_POINT('',(4.571280343053,0.207484790562));
#4016 = CARTESIAN_POINT('',(4.575535799962,0.186405163585));
#4017 = CARTESIAN_POINT('',(4.579895756179,0.165952125358));
#4018 = CARTESIAN_POINT('',(4.584358588068,0.146161100609));
#4019 = CARTESIAN_POINT('',(4.588921488164,0.127071881955));
#4020 = CARTESIAN_POINT('',(4.59358020899,0.108727424644));
#4021 = CARTESIAN_POINT('',(4.598328711214,9.117238625163E-02));
#4022 = CARTESIAN_POINT('',(4.606212202731,6.388055830377E-02));
#4023 = CARTESIAN_POINT('',(4.609297462942,5.36458451329E-02));
#4024 = CARTESIAN_POINT('',(4.61241269154,4.375704179176E-02));
#4025 = CARTESIAN_POINT('',(4.615554937638,3.422703840222E-02));
#4026 = CARTESIAN_POINT('',(4.618719966921,2.507072680039E-02));
#4027 = CARTESIAN_POINT('',(4.621902123845,1.63038821178E-02));
#4028 = CARTESIAN_POINT('',(4.625094193847,7.942044362469E-03));
#4029 = CARTESIAN_POINT('',(4.628287265542,-6.E-07));
#4030 = ( GEOMETRIC_REPRESENTATION_CONTEXT(2) 
PARAMETRIC_REPRESENTATION_CONTEXT() REPRESENTATION_CONTEXT('2D SPACE',''
  ) );
#4031 = PCURVE('',#1547,#4032);
#4032 = DEFINITIONAL_REPRESENTATION('',(#4033),#4064);
#4033 = B_SPLINE_CURVE_WITH_KNOTS('',8,(#4034,#4035,#4036,#4037,#4038,
    #4039,#4040,#4041,#4042,#4043,#4044,#4045,#4046,#4047,#4048,#4049,
    #4050,#4051,#4052,#4053,#4054,#4055,#4056,#4057,#4058,#4059,#4060,
    #4061,#4062,#4063),.UNSPECIFIED.,.F.,.F.,(9,7,7,7,9),(0.,
    0.603532779153,0.781504383722,0.915370819139,1.),.UNSPECIFIED.);
#4034 = CARTESIAN_POINT('',(-0.213907237635,0.));
#4035 = CARTESIAN_POINT('',(-0.213907237635,-8.510626488447E-02));
#4036 = CARTESIAN_POINT('',(-0.213697091399,-0.169979767952));
#4037 = CARTESIAN_POINT('',(-0.213256618071,-0.255233634724));
#4038 = CARTESIAN_POINT('',(-0.212710837306,-0.341304505801));
#4039 = CARTESIAN_POINT('',(-0.212095068943,-0.428578270556));
#4040 = CARTESIAN_POINT('',(-0.211798223959,-0.517426895667));
#4041 = CARTESIAN_POINT('',(-0.212116488993,-0.608253748891));
#4042 = CARTESIAN_POINT('',(-0.215224792347,-0.729127780555));
#4043 = CARTESIAN_POINT('',(-0.216113674777,-0.756864276664));
#4044 = CARTESIAN_POINT('',(-0.217220500877,-0.784821915468));
#4045 = CARTESIAN_POINT('',(-0.218592715338,-0.813009408929));
#4046 = CARTESIAN_POINT('',(-0.220288583663,-0.841433133732));
#4047 = CARTESIAN_POINT('',(-0.222382594525,-0.870096921178));
#4048 = CARTESIAN_POINT('',(-0.224975974765,-0.899001454508));
#4049 = CARTESIAN_POINT('',(-0.230646624424,-0.950063126919));
#4050 = CARTESIAN_POINT('',(-0.233444508858,-0.972113223707));
#4051 = CARTESIAN_POINT('',(-0.236666817607,-0.994294520629));
#4052 = CARTESIAN_POINT('',(-0.240390170803,-1.016602686218));
#4053 = CARTESIAN_POINT('',(-0.244708556404,-1.039027965384));
#4054 = CARTESIAN_POINT('',(-0.24974120379,-1.06155421535));
#4055 = CARTESIAN_POINT('',(-0.255646735954,-1.084157113099));
#4056 = CARTESIAN_POINT('',(-0.267066956262,-1.121117137885));
#4057 = CARTESIAN_POINT('',(-0.271925491848,-1.135445595681));
#4058 = CARTESIAN_POINT('',(-0.277274412283,-1.149779445143));
#4059 = CARTESIAN_POINT('',(-0.283178178539,-1.164105784658));
#4060 = CARTESIAN_POINT('',(-0.28971201154,-1.178405767345));
#4061 = CARTESIAN_POINT('',(-0.296963396383,-1.192654094844));
#4062 = CARTESIAN_POINT('',(-0.305033586567,-1.206818511096));
#4063 = CARTESIAN_POINT('',(-0.314039108205,-1.220859296125));
#4064 = ( GEOMETRIC_REPRESENTATION_CONTEXT(2) 
PARAMETRIC_REPRESENTATION_CONTEXT() REPRESENTATION_CONTEXT('2D SPACE',''
  ) );
#4065 = ADVANCED_FACE('',(#4066),#1547,.F.);
#4066 = FACE_BOUND('',#4067,.T.);
#4067 = EDGE_LOOP('',(#4068,#4069,#4096,#4118,#4119));
#4068 = ORIENTED_EDGE('',*,*,#3706,.F.);
#4069 = ORIENTED_EDGE('',*,*,#4070,.T.);
#4070 = EDGE_CURVE('',#3679,#4071,#4073,.T.);
#4071 = VERTEX_POINT('',#4072);
#4072 = CARTESIAN_POINT('',(-5.E-02,-6.584314575051,12.1));
#4073 = SURFACE_CURVE('',#4074,(#4079,#4085),.PCURVE_S1.);
#4074 = CIRCLE('',#4075,1.65);
#4075 = AXIS2_PLACEMENT_3D('',#4076,#4077,#4078);
#4076 = CARTESIAN_POINT('',(-5.E-02,-7.15,13.65));
#4077 = DIRECTION('',(1.,-2.623977713431E-17,0.));
#4078 = DIRECTION('',(2.623977713431E-17,1.,0.));
#4079 = PCURVE('',#1547,#4080);
#4080 = DEFINITIONAL_REPRESENTATION('',(#4081),#4084);
#4081 = B_SPLINE_CURVE_WITH_KNOTS('',1,(#4082,#4083),.UNSPECIFIED.,.F.,
  .F.,(2,2),(4.712388980385,6.28318530718),.PIECEWISE_BEZIER_KNOTS.);
#4082 = CARTESIAN_POINT('',(-1.570796326795,-1.570796326795));
#4083 = CARTESIAN_POINT('',(-1.570796326795,0.));
#4084 = ( GEOMETRIC_REPRESENTATION_CONTEXT(2) 
PARAMETRIC_REPRESENTATION_CONTEXT() REPRESENTATION_CONTEXT('2D SPACE',''
  ) );
#4085 = PCURVE('',#4086,#4091);
#4086 = CYLINDRICAL_SURFACE('',#4087,1.65);
#4087 = AXIS2_PLACEMENT_3D('',#4088,#4089,#4090);
#4088 = CARTESIAN_POINT('',(-1.7,-7.15,13.65));
#4089 = DIRECTION('',(1.,0.,-0.));
#4090 = DIRECTION('',(0.,1.,0.));
#4091 = DEFINITIONAL_REPRESENTATION('',(#4092),#4095);
#4092 = B_SPLINE_CURVE_WITH_KNOTS('',1,(#4093,#4094),.UNSPECIFIED.,.F.,
  .F.,(2,2),(4.712388980385,6.28318530718),.PIECEWISE_BEZIER_KNOTS.);
#4093 = CARTESIAN_POINT('',(-1.570796326795,1.65));
#4094 = CARTESIAN_POINT('',(0.,1.65));
#4095 = ( GEOMETRIC_REPRESENTATION_CONTEXT(2) 
PARAMETRIC_REPRESENTATION_CONTEXT() REPRESENTATION_CONTEXT('2D SPACE',''
  ) );
#4096 = ORIENTED_EDGE('',*,*,#4097,.T.);
#4097 = EDGE_CURVE('',#4071,#3941,#4098,.T.);
#4098 = SURFACE_CURVE('',#4099,(#4104,#4111),.PCURVE_S1.);
#4099 = CIRCLE('',#4100,0.565685424949);
#4100 = AXIS2_PLACEMENT_3D('',#4101,#4102,#4103);
#4101 = CARTESIAN_POINT('',(-5.E-02,-7.15,12.1));
#4102 = DIRECTION('',(0.,0.,1.));
#4103 = DIRECTION('',(-1.,-1.345724878334E-16,0.));
#4104 = PCURVE('',#1547,#4105);
#4105 = DEFINITIONAL_REPRESENTATION('',(#4106),#4110);
#4106 = LINE('',#4107,#4108);
#4107 = CARTESIAN_POINT('',(-6.28318530718,-1.220858235464));
#4108 = VECTOR('',#4109,1.);
#4109 = DIRECTION('',(1.,-0.));
#4110 = ( GEOMETRIC_REPRESENTATION_CONTEXT(2) 
PARAMETRIC_REPRESENTATION_CONTEXT() REPRESENTATION_CONTEXT('2D SPACE',''
  ) );
#4111 = PCURVE('',#3615,#4112);
#4112 = DEFINITIONAL_REPRESENTATION('',(#4113),#4117);
#4113 = CIRCLE('',#4114,0.565685424949);
#4114 = AXIS2_PLACEMENT_2D('',#4115,#4116);
#4115 = CARTESIAN_POINT('',(-5.E-02,-7.15));
#4116 = DIRECTION('',(-1.,-1.345724878334E-16));
#4117 = ( GEOMETRIC_REPRESENTATION_CONTEXT(2) 
PARAMETRIC_REPRESENTATION_CONTEXT() REPRESENTATION_CONTEXT('2D SPACE',''
  ) );
#4118 = ORIENTED_EDGE('',*,*,#3964,.F.);
#4119 = ORIENTED_EDGE('',*,*,#1530,.F.);
#4120 = ADVANCED_FACE('',(#4121),#1677,.F.);
#4121 = FACE_BOUND('',#4122,.T.);
#4122 = EDGE_LOOP('',(#4123,#4143,#4144));
#4123 = ORIENTED_EDGE('',*,*,#4124,.F.);
#4124 = EDGE_CURVE('',#3732,#1640,#4125,.T.);
#4125 = SURFACE_CURVE('',#4126,(#4131,#4137),.PCURVE_S1.);
#4126 = CIRCLE('',#4127,1.65);
#4127 = AXIS2_PLACEMENT_3D('',#4128,#4129,#4130);
#4128 = CARTESIAN_POINT('',(5.E-02,-8.35,13.65));
#4129 = DIRECTION('',(0.,-1.,0.));
#4130 = DIRECTION('',(1.,0.,0.));
#4131 = PCURVE('',#1677,#4132);
#4132 = DEFINITIONAL_REPRESENTATION('',(#4133),#4136);
#4133 = B_SPLINE_CURVE_WITH_KNOTS('',1,(#4134,#4135),.UNSPECIFIED.,.F.,
  .F.,(2,2),(4.712388980385,6.28318530718),.PIECEWISE_BEZIER_KNOTS.);
#4134 = CARTESIAN_POINT('',(0.,-1.570796326795));
#4135 = CARTESIAN_POINT('',(0.,0.));
#4136 = ( GEOMETRIC_REPRESENTATION_CONTEXT(2) 
PARAMETRIC_REPRESENTATION_CONTEXT() REPRESENTATION_CONTEXT('2D SPACE',''
  ) );
#4137 = PCURVE('',#1758,#4138);
#4138 = DEFINITIONAL_REPRESENTATION('',(#4139),#4142);
#4139 = B_SPLINE_CURVE_WITH_KNOTS('',1,(#4140,#4141),.UNSPECIFIED.,.F.,
  .F.,(2,2),(4.712388980385,6.28318530718),.PIECEWISE_BEZIER_KNOTS.);
#4140 = CARTESIAN_POINT('',(1.570796326795,1.65));
#4141 = CARTESIAN_POINT('',(0.,1.65));
#4142 = ( GEOMETRIC_REPRESENTATION_CONTEXT(2) 
PARAMETRIC_REPRESENTATION_CONTEXT() REPRESENTATION_CONTEXT('2D SPACE',''
  ) );
#4143 = ORIENTED_EDGE('',*,*,#3754,.T.);
#4144 = ORIENTED_EDGE('',*,*,#1662,.F.);
#4145 = ADVANCED_FACE('',(#4146),#1758,.F.);
#4146 = FACE_BOUND('',#4147,.F.);
#4147 = EDGE_LOOP('',(#4148,#4149,#4172,#4192));
#4148 = ORIENTED_EDGE('',*,*,#4124,.F.);
#4149 = ORIENTED_EDGE('',*,*,#4150,.T.);
#4150 = EDGE_CURVE('',#3732,#4151,#4153,.T.);
#4151 = VERTEX_POINT('',#4152);
#4152 = CARTESIAN_POINT('',(5.E-02,-7.15,12.));
#4153 = SURFACE_CURVE('',#4154,(#4158,#4165),.PCURVE_S1.);
#4154 = LINE('',#4155,#4156);
#4155 = CARTESIAN_POINT('',(5.E-02,-10.,12.));
#4156 = VECTOR('',#4157,1.);
#4157 = DIRECTION('',(-0.,1.,0.));
#4158 = PCURVE('',#1758,#4159);
#4159 = DEFINITIONAL_REPRESENTATION('',(#4160),#4164);
#4160 = LINE('',#4161,#4162);
#4161 = CARTESIAN_POINT('',(1.570796326795,0.));
#4162 = VECTOR('',#4163,1.);
#4163 = DIRECTION('',(0.,1.));
#4164 = ( GEOMETRIC_REPRESENTATION_CONTEXT(2) 
PARAMETRIC_REPRESENTATION_CONTEXT() REPRESENTATION_CONTEXT('2D SPACE',''
  ) );
#4165 = PCURVE('',#3694,#4166);
#4166 = DEFINITIONAL_REPRESENTATION('',(#4167),#4171);
#4167 = LINE('',#4168,#4169);
#4168 = CARTESIAN_POINT('',(1.75,0.));
#4169 = VECTOR('',#4170,1.);
#4170 = DIRECTION('',(0.,1.));
#4171 = ( GEOMETRIC_REPRESENTATION_CONTEXT(2) 
PARAMETRIC_REPRESENTATION_CONTEXT() REPRESENTATION_CONTEXT('2D SPACE',''
  ) );
#4172 = ORIENTED_EDGE('',*,*,#4173,.T.);
#4173 = EDGE_CURVE('',#4151,#1743,#4174,.T.);
#4174 = SURFACE_CURVE('',#4175,(#4180,#4186),.PCURVE_S1.);
#4175 = CIRCLE('',#4176,1.65);
#4176 = AXIS2_PLACEMENT_3D('',#4177,#4178,#4179);
#4177 = CARTESIAN_POINT('',(5.E-02,-7.15,13.65));
#4178 = DIRECTION('',(-1.345724878334E-16,-1.,0.));
#4179 = DIRECTION('',(1.,-1.345724878334E-16,0.));
#4180 = PCURVE('',#1758,#4181);
#4181 = DEFINITIONAL_REPRESENTATION('',(#4182),#4185);
#4182 = B_SPLINE_CURVE_WITH_KNOTS('',1,(#4183,#4184),.UNSPECIFIED.,.F.,
  .F.,(2,2),(4.712388980385,6.28318530718),.PIECEWISE_BEZIER_KNOTS.);
#4183 = CARTESIAN_POINT('',(1.570796326795,2.85));
#4184 = CARTESIAN_POINT('',(0.,2.85));
#4185 = ( GEOMETRIC_REPRESENTATION_CONTEXT(2) 
PARAMETRIC_REPRESENTATION_CONTEXT() REPRESENTATION_CONTEXT('2D SPACE',''
  ) );
#4186 = PCURVE('',#1813,#4187);
#4187 = DEFINITIONAL_REPRESENTATION('',(#4188),#4191);
#4188 = B_SPLINE_CURVE_WITH_KNOTS('',1,(#4189,#4190),.UNSPECIFIED.,.F.,
  .F.,(2,2),(4.712388980385,6.28318530718),.PIECEWISE_BEZIER_KNOTS.);
#4189 = CARTESIAN_POINT('',(0.,-1.570796326795));
#4190 = CARTESIAN_POINT('',(0.,0.));
#4191 = ( GEOMETRIC_REPRESENTATION_CONTEXT(2) 
PARAMETRIC_REPRESENTATION_CONTEXT() REPRESENTATION_CONTEXT('2D SPACE',''
  ) );
#4192 = ORIENTED_EDGE('',*,*,#1742,.F.);
#4193 = ADVANCED_FACE('',(#4194),#1840,.F.);
#4194 = FACE_BOUND('',#4195,.F.);
#4195 = EDGE_LOOP('',(#4196,#4197,#4198,#4199,#4309,#4333));
#4196 = ORIENTED_EDGE('',*,*,#2553,.T.);
#4197 = ORIENTED_EDGE('',*,*,#3854,.F.);
#4198 = ORIENTED_EDGE('',*,*,#1825,.F.);
#4199 = ORIENTED_EDGE('',*,*,#4200,.F.);
#4200 = EDGE_CURVE('',#4201,#1797,#4203,.T.);
#4201 = VERTEX_POINT('',#4202);
#4202 = CARTESIAN_POINT('',(0.588019928803,-6.975258601896,12.1));
#4203 = SURFACE_CURVE('',#4204,(#4237,#4273),.PCURVE_S1.);
#4204 = B_SPLINE_CURVE_WITH_KNOTS('',7,(#4205,#4206,#4207,#4208,#4209,
    #4210,#4211,#4212,#4213,#4214,#4215,#4216,#4217,#4218,#4219,#4220,
    #4221,#4222,#4223,#4224,#4225,#4226,#4227,#4228,#4229,#4230,#4231,
    #4232,#4233,#4234,#4235,#4236),.UNSPECIFIED.,.F.,.F.,(8,6,6,6,6,8),(
    0.,8.409745147851E-02,0.217364675965,0.395969820823,0.5697650768,1.)
  ,.UNSPECIFIED.);
#4205 = CARTESIAN_POINT('',(0.588018246305,-6.975258743732,12.0999994));
#4206 = CARTESIAN_POINT('',(0.613311978811,-6.973126467816,
    12.109019452107));
#4207 = CARTESIAN_POINT('',(0.638587582238,-6.97088793812,
    12.118591430963));
#4208 = CARTESIAN_POINT('',(0.663746831131,-6.968551629271,
    12.128693037787));
#4209 = CARTESIAN_POINT('',(0.688714865924,-6.966126432517,
    12.139299338977));
#4210 = CARTESIAN_POINT('',(0.713437653438,-6.963621033533,
    12.15038567071));
#4211 = CARTESIAN_POINT('',(0.737879447378,-6.961043290231,
    12.161930543533));
#4212 = CARTESIAN_POINT('',(0.800275600811,-6.954210234496,
    12.192915649903));
#4213 = CARTESIAN_POINT('',(0.837756836315,-6.949857316112,
    12.21301639913));
#4214 = CARTESIAN_POINT('',(0.87437219721,-6.945368385213,
    12.234150205932));
#4215 = CARTESIAN_POINT('',(0.910061527352,-6.940770523394,
    12.256246429787));
#4216 = CARTESIAN_POINT('',(0.94478786661,-6.936089096343,
    12.279238910188));
#4217 = CARTESIAN_POINT('',(0.978531693957,-6.931347023444,
    12.303069489495));
#4218 = CARTESIAN_POINT('',(1.055187680226,-6.920155145527,
    12.360687716799));
#4219 = CARTESIAN_POINT('',(1.097300957583,-6.913675023323,
    12.395095311413));
#4220 = CARTESIAN_POINT('',(1.137604496682,-6.907174893868,
    12.43078801468));
#4221 = CARTESIAN_POINT('',(1.176091205627,-6.900701492973,
    12.467648746364));
#4222 = CARTESIAN_POINT('',(1.212766114188,-6.894296883966,
    12.505570648034));
#4223 = CARTESIAN_POINT('',(1.247643075891,-6.887998275672,
    12.544458731434));
#4224 = CARTESIAN_POINT('',(1.312949784761,-6.875844393583,
    12.622932523375));
#4225 = CARTESIAN_POINT('',(1.343471417489,-6.869982222557,
    12.662468116921));
#4226 = CARTESIAN_POINT('',(1.372324139614,-6.864282333504,
    12.702760300319));
#4227 = CARTESIAN_POINT('',(1.399526575805,-6.858771864741,
    12.743737434945));
#4228 = CARTESIAN_POINT('',(1.425098281494,-6.853474828282,
    12.785333957174));
#4229 = CARTESIAN_POINT('',(1.44905917668,-6.848412300938,
    12.827490442568));
#4230 = CARTESIAN_POINT('',(1.526806040751,-6.831696106953,
    12.975767659955));
#4231 = CARTESIAN_POINT('',(1.572414884192,-6.821342909466,
    13.084453566929));
#4232 = CARTESIAN_POINT('',(1.608583166697,-6.812815762547,
    13.195436908008));
#4233 = CARTESIAN_POINT('',(1.635533741015,-6.806305352695,
    13.30804512455));
#4234 = CARTESIAN_POINT('',(1.653437167552,-6.801928473932,
    13.421680324846));
#4235 = CARTESIAN_POINT('',(1.662394765656,-6.799738498142,
    13.535818174033));
#4236 = CARTESIAN_POINT('',(1.662394765656,-6.799738498142,13.65));
#4237 = PCURVE('',#1840,#4238);
#4238 = DEFINITIONAL_REPRESENTATION('',(#4239),#4272);
#4239 = B_SPLINE_CURVE_WITH_KNOTS('',7,(#4240,#4241,#4242,#4243,#4244,
    #4245,#4246,#4247,#4248,#4249,#4250,#4251,#4252,#4253,#4254,#4255,
    #4256,#4257,#4258,#4259,#4260,#4261,#4262,#4263,#4264,#4265,#4266,
    #4267,#4268,#4269,#4270,#4271),.UNSPECIFIED.,.F.,.F.,(8,6,6,6,6,8),(
    0.,8.409745147851E-02,0.217364675965,0.395969820823,0.5697650768,1.)
  ,.UNSPECIFIED.);
#4240 = CARTESIAN_POINT('',(4.796490695228,-6.000000105644E-07));
#4241 = CARTESIAN_POINT('',(4.800116902288,9.019452106749E-03));
#4242 = CARTESIAN_POINT('',(4.803741803364,1.859143096344E-02));
#4243 = CARTESIAN_POINT('',(4.807351393411,2.869303778684E-02));
#4244 = CARTESIAN_POINT('',(4.810934985176,3.929933897679E-02));
#4245 = CARTESIAN_POINT('',(4.814484852686,5.038567070977E-02));
#4246 = CARTESIAN_POINT('',(4.817995874748,6.193054353251E-02));
#4247 = CARTESIAN_POINT('',(4.826962901208,9.291564990263E-02));
#4248 = CARTESIAN_POINT('',(4.832353236352,0.11301639913));
#4249 = CARTESIAN_POINT('',(4.83762299726,0.134150205932));
#4250 = CARTESIAN_POINT('',(4.842763442536,0.156246429787));
#4251 = CARTESIAN_POINT('',(4.847769095255,0.179238910188));
#4252 = CARTESIAN_POINT('',(4.852636940051,0.203069489495));
#4253 = CARTESIAN_POINT('',(4.863703896163,0.260687716799));
#4254 = CARTESIAN_POINT('',(4.86979070433,0.295095311413));
#4255 = CARTESIAN_POINT('',(4.875622519807,0.33078801468));
#4256 = CARTESIAN_POINT('',(4.881197641939,0.367648746364));
#4257 = CARTESIAN_POINT('',(4.886516057546,0.405570648034));
#4258 = CARTESIAN_POINT('',(4.891579006581,0.444458731434));
#4259 = CARTESIAN_POINT('',(4.901068725048,0.522932523375));
#4260 = CARTESIAN_POINT('',(4.905508579911,0.562468116921));
#4261 = CARTESIAN_POINT('',(4.909709968374,0.602760300319));
#4262 = CARTESIAN_POINT('',(4.913674888403,0.643737434945));
#4263 = CARTESIAN_POINT('',(4.91740549304,0.685333957174));
#4264 = CARTESIAN_POINT('',(4.92090402323,0.727490442568));
#4265 = CARTESIAN_POINT('',(4.932264540262,0.875767659955));
#4266 = CARTESIAN_POINT('',(4.938945413831,0.984453566929));
#4267 = CARTESIAN_POINT('',(4.944253797214,1.095436908008));
#4268 = CARTESIAN_POINT('',(4.948214603618,1.20804512455));
#4269 = CARTESIAN_POINT('',(4.950847558857,1.321680324846));
#4270 = CARTESIAN_POINT('',(4.952164903962,1.435818174033));
#4271 = CARTESIAN_POINT('',(4.952164903962,1.55));
#4272 = ( GEOMETRIC_REPRESENTATION_CONTEXT(2) 
PARAMETRIC_REPRESENTATION_CONTEXT() REPRESENTATION_CONTEXT('2D SPACE',''
  ) );
#4273 = PCURVE('',#1813,#4274);
#4274 = DEFINITIONAL_REPRESENTATION('',(#4275),#4308);
#4275 = B_SPLINE_CURVE_WITH_KNOTS('',7,(#4276,#4277,#4278,#4279,#4280,
    #4281,#4282,#4283,#4284,#4285,#4286,#4287,#4288,#4289,#4290,#4291,
    #4292,#4293,#4294,#4295,#4296,#4297,#4298,#4299,#4300,#4301,#4302,
    #4303,#4304,#4305,#4306,#4307),.UNSPECIFIED.,.F.,.F.,(8,6,6,6,6,8),(
    0.,8.409745147851E-02,0.217364675965,0.395969820823,0.5697650768,1.)
  ,.UNSPECIFIED.);
#4276 = CARTESIAN_POINT('',(0.314039108205,-1.220859296125));
#4277 = CARTESIAN_POINT('',(0.303812001121,-1.204913899756));
#4278 = CARTESIAN_POINT('',(0.294816282246,-1.188805677933));
#4279 = CARTESIAN_POINT('',(0.286869074829,-1.172597052402));
#4280 = CARTESIAN_POINT('',(0.279817227712,-1.156335852965));
#4281 = CARTESIAN_POINT('',(0.273533458082,-1.140056625013));
#4282 = CARTESIAN_POINT('',(0.267912494226,-1.123781937066));
#4283 = CARTESIAN_POINT('',(0.254872089876,-1.081759629476));
#4284 = CARTESIAN_POINT('',(0.248325881588,-1.056049119008));
#4285 = CARTESIAN_POINT('',(0.242881904791,-1.030448158762));
#4286 = CARTESIAN_POINT('',(0.238311688665,-1.004991310871));
#4287 = CARTESIAN_POINT('',(0.234451336969,-0.979698605385));
#4288 = CARTESIAN_POINT('',(0.231172550529,-0.954579181257));
#4289 = CARTESIAN_POINT('',(0.224633472984,-0.896196916717));
#4290 = CARTESIAN_POINT('',(0.221759426857,-0.863080502553));
#4291 = CARTESIAN_POINT('',(0.219521713648,-0.830288331217));
#4292 = CARTESIAN_POINT('',(0.217772767467,-0.79781779533));
#4293 = CARTESIAN_POINT('',(0.21640901724,-0.765660515433));
#4294 = CARTESIAN_POINT('',(0.215349088543,-0.733803462732));
#4295 = CARTESIAN_POINT('',(0.213739105964,-0.671503773921));
#4296 = CARTESIAN_POINT('',(0.213175746941,-0.641048644246));
#4297 = CARTESIAN_POINT('',(0.2127877807,-0.610847914016));
#4298 = CARTESIAN_POINT('',(0.212534194843,-0.580886371335));
#4299 = CARTESIAN_POINT('',(0.212384608833,-0.551148440176));
#4300 = CARTESIAN_POINT('',(0.212315666036,-0.52161787495));
#4301 = CARTESIAN_POINT('',(0.212287026717,-0.419644440868));
#4302 = CARTESIAN_POINT('',(0.212639633857,-0.348199707443));
#4303 = CARTESIAN_POINT('',(0.213073938622,-0.277655842135));
#4304 = CARTESIAN_POINT('',(0.213474450661,-0.207786742421));
#4305 = CARTESIAN_POINT('',(0.213762484294,-0.138375531881));
#4306 = CARTESIAN_POINT('',(0.213907237635,-6.920110664637E-02));
#4307 = CARTESIAN_POINT('',(0.213907237635,0.));
#4308 = ( GEOMETRIC_REPRESENTATION_CONTEXT(2) 
PARAMETRIC_REPRESENTATION_CONTEXT() REPRESENTATION_CONTEXT('2D SPACE',''
  ) );
#4309 = ORIENTED_EDGE('',*,*,#4310,.T.);
#4310 = EDGE_CURVE('',#4201,#4311,#4313,.T.);
#4311 = VERTEX_POINT('',#4312);
#4312 = CARTESIAN_POINT('',(6.975258601896,-0.588019928803,12.1));
#4313 = SURFACE_CURVE('',#4314,(#4319,#4326),.PCURVE_S1.);
#4314 = CIRCLE('',#4315,7.);
#4315 = AXIS2_PLACEMENT_3D('',#4316,#4317,#4318);
#4316 = CARTESIAN_POINT('',(0.,0.,12.1));
#4317 = DIRECTION('',(0.,0.,1.));
#4318 = DIRECTION('',(1.,0.,-0.));
#4319 = PCURVE('',#1840,#4320);
#4320 = DEFINITIONAL_REPRESENTATION('',(#4321),#4325);
#4321 = LINE('',#4322,#4323);
#4322 = CARTESIAN_POINT('',(0.,0.));
#4323 = VECTOR('',#4324,1.);
#4324 = DIRECTION('',(1.,0.));
#4325 = ( GEOMETRIC_REPRESENTATION_CONTEXT(2) 
PARAMETRIC_REPRESENTATION_CONTEXT() REPRESENTATION_CONTEXT('2D SPACE',''
  ) );
#4326 = PCURVE('',#3615,#4327);
#4327 = DEFINITIONAL_REPRESENTATION('',(#4328),#4332);
#4328 = CIRCLE('',#4329,7.);
#4329 = AXIS2_PLACEMENT_2D('',#4330,#4331);
#4330 = CARTESIAN_POINT('',(0.,0.));
#4331 = DIRECTION('',(1.,0.));
#4332 = ( GEOMETRIC_REPRESENTATION_CONTEXT(2) 
PARAMETRIC_REPRESENTATION_CONTEXT() REPRESENTATION_CONTEXT('2D SPACE',''
  ) );
#4333 = ORIENTED_EDGE('',*,*,#4334,.F.);
#4334 = EDGE_CURVE('',#2554,#4311,#4335,.T.);
#4335 = SURFACE_CURVE('',#4336,(#4351,#4363),.PCURVE_S1.);
#4336 = B_SPLINE_CURVE_WITH_KNOTS('',4,(#4337,#4338,#4339,#4340,#4341,
    #4342,#4343,#4344,#4345,#4346,#4347,#4348,#4349,#4350),
  .UNSPECIFIED.,.F.,.F.,(5,3,3,3,5),(0.,0.225050264334,0.623038198083,
    0.761628725816,1.),.UNSPECIFIED.);
#4337 = CARTESIAN_POINT('',(6.799738498142,-1.662394765656,13.65));
#4338 = CARTESIAN_POINT('',(6.799738498142,-1.662394765656,
    13.536166671628));
#4339 = CARTESIAN_POINT('',(6.802224122013,-1.652231907317,
    13.422631651358));
#4340 = CARTESIAN_POINT('',(6.807176799652,-1.631961706296,
    13.310482227207));
#4341 = CARTESIAN_POINT('',(6.826754728542,-1.548678953685,
    13.007873700519));
#4342 = CARTESIAN_POINT('',(6.845935048367,-1.464803223961,
    12.823400994284));
#4343 = CARTESIAN_POINT('',(6.869589715731,-1.352037948181,
    12.655554527197));
#4344 = CARTESIAN_POINT('',(6.902083106228,-1.167726621975,
    12.459782409004));
#4345 = CARTESIAN_POINT('',(6.910535862806,-1.117218430688,
    12.411960194751));
#4346 = CARTESIAN_POINT('',(6.918889321729,-1.064016761376,
    12.367131586043));
#4347 = CARTESIAN_POINT('',(6.940919086242,-0.912684903178,12.2539210848
    ));
#4348 = CARTESIAN_POINT('',(6.954103153817,-0.80978079277,
    12.191814121096));
#4349 = CARTESIAN_POINT('',(6.965735078479,-0.700990980989,
    12.140286848808));
#4350 = CARTESIAN_POINT('',(6.975258743732,-0.588018246305,12.0999994));
#4351 = PCURVE('',#1840,#4352);
#4352 = DEFINITIONAL_REPRESENTATION('',(#4353),#4362);
#4353 = B_SPLINE_CURVE_WITH_KNOTS('',7,(#4354,#4355,#4356,#4357,#4358,
    #4359,#4360,#4361),.UNSPECIFIED.,.F.,.F.,(8,8),(0.,1.),
  .PIECEWISE_BEZIER_KNOTS.);
#4354 = CARTESIAN_POINT('',(6.043409383603,1.55));
#4355 = CARTESIAN_POINT('',(6.043409383603,1.260964053274));
#4356 = CARTESIAN_POINT('',(6.051836431853,0.973637007231));
#4357 = CARTESIAN_POINT('',(6.068628178958,0.698322382908));
#4358 = CARTESIAN_POINT('',(6.093221071387,0.454126892096));
#4359 = CARTESIAN_POINT('',(6.124295390478,0.249591819146));
#4360 = CARTESIAN_POINT('',(6.16025770832,9.65773093885E-02));
#4361 = CARTESIAN_POINT('',(6.199083592336,-5.999999999062E-07));
#4362 = ( GEOMETRIC_REPRESENTATION_CONTEXT(2) 
PARAMETRIC_REPRESENTATION_CONTEXT() REPRESENTATION_CONTEXT('2D SPACE',''
  ) );
#4363 = PCURVE('',#2591,#4364);
#4364 = DEFINITIONAL_REPRESENTATION('',(#4365),#4382);
#4365 = B_SPLINE_CURVE_WITH_KNOTS('',8,(#4366,#4367,#4368,#4369,#4370,
    #4371,#4372,#4373,#4374,#4375,#4376,#4377,#4378,#4379,#4380,#4381),
  .UNSPECIFIED.,.F.,.F.,(9,7,9),(0.,0.5,1.),.UNSPECIFIED.);
#4366 = CARTESIAN_POINT('',(1.35688908916,0.));
#4367 = CARTESIAN_POINT('',(1.35688908916,-7.663831920756E-02));
#4368 = CARTESIAN_POINT('',(1.357067429213,-0.153089599888));
#4369 = CARTESIAN_POINT('',(1.357406915095,-0.229521431304));
#4370 = CARTESIAN_POINT('',(1.357872353943,-0.305992030343));
#4371 = CARTESIAN_POINT('',(1.358378756387,-0.382491798378));
#4372 = CARTESIAN_POINT('',(1.35875953868,-0.458984878124));
#4373 = CARTESIAN_POINT('',(1.358734724829,-0.535450710494));
#4374 = CARTESIAN_POINT('',(1.357023572621,-0.688400472434));
#4375 = CARTESIAN_POINT('',(1.355288091748,-0.764868394461));
#4376 = CARTESIAN_POINT('',(1.352534844029,-0.841339789378));
#4377 = CARTESIAN_POINT('',(1.346706903044,-0.917704267756));
#4378 = CARTESIAN_POINT('',(1.339835176235,-0.994131712474));
#4379 = CARTESIAN_POINT('',(1.324733609587,-1.070214992398));
#4380 = CARTESIAN_POINT('',(1.304664289048,-1.146165913033));
#4381 = CARTESIAN_POINT('',(1.25675721859,-1.220859296125));
#4382 = ( GEOMETRIC_REPRESENTATION_CONTEXT(2) 
PARAMETRIC_REPRESENTATION_CONTEXT() REPRESENTATION_CONTEXT('2D SPACE',''
  ) );
#4383 = ADVANCED_FACE('',(#4384),#1813,.F.);
#4384 = FACE_BOUND('',#4385,.F.);
#4385 = EDGE_LOOP('',(#4386,#4387,#4409,#4431,#4432));
#4386 = ORIENTED_EDGE('',*,*,#4173,.F.);
#4387 = ORIENTED_EDGE('',*,*,#4388,.T.);
#4388 = EDGE_CURVE('',#4151,#4389,#4391,.T.);
#4389 = VERTEX_POINT('',#4390);
#4390 = CARTESIAN_POINT('',(5.E-02,-6.584314575051,12.1));
#4391 = SURFACE_CURVE('',#4392,(#4397,#4403),.PCURVE_S1.);
#4392 = CIRCLE('',#4393,1.65);
#4393 = AXIS2_PLACEMENT_3D('',#4394,#4395,#4396);
#4394 = CARTESIAN_POINT('',(5.E-02,-7.15,13.65));
#4395 = DIRECTION('',(1.,2.623977713431E-17,-0.));
#4396 = DIRECTION('',(-2.623977713431E-17,1.,-0.));
#4397 = PCURVE('',#1813,#4398);
#4398 = DEFINITIONAL_REPRESENTATION('',(#4399),#4402);
#4399 = B_SPLINE_CURVE_WITH_KNOTS('',1,(#4400,#4401),.UNSPECIFIED.,.F.,
  .F.,(2,2),(4.712388980385,6.28318530718),.PIECEWISE_BEZIER_KNOTS.);
#4400 = CARTESIAN_POINT('',(1.570796326795,-1.570796326795));
#4401 = CARTESIAN_POINT('',(1.570796326795,0.));
#4402 = ( GEOMETRIC_REPRESENTATION_CONTEXT(2) 
PARAMETRIC_REPRESENTATION_CONTEXT() REPRESENTATION_CONTEXT('2D SPACE',''
  ) );
#4403 = PCURVE('',#4086,#4404);
#4404 = DEFINITIONAL_REPRESENTATION('',(#4405),#4408);
#4405 = B_SPLINE_CURVE_WITH_KNOTS('',1,(#4406,#4407),.UNSPECIFIED.,.F.,
  .F.,(2,2),(4.712388980385,6.28318530718),.PIECEWISE_BEZIER_KNOTS.);
#4406 = CARTESIAN_POINT('',(-1.570796326795,1.75));
#4407 = CARTESIAN_POINT('',(0.,1.75));
#4408 = ( GEOMETRIC_REPRESENTATION_CONTEXT(2) 
PARAMETRIC_REPRESENTATION_CONTEXT() REPRESENTATION_CONTEXT('2D SPACE',''
  ) );
#4409 = ORIENTED_EDGE('',*,*,#4410,.F.);
#4410 = EDGE_CURVE('',#4201,#4389,#4411,.T.);
#4411 = SURFACE_CURVE('',#4412,(#4417,#4424),.PCURVE_S1.);
#4412 = CIRCLE('',#4413,0.565685424949);
#4413 = AXIS2_PLACEMENT_3D('',#4414,#4415,#4416);
#4414 = CARTESIAN_POINT('',(5.E-02,-7.15,12.1));
#4415 = DIRECTION('',(0.,0.,1.));
#4416 = DIRECTION('',(1.,-1.345724878334E-16,0.));
#4417 = PCURVE('',#1813,#4418);
#4418 = DEFINITIONAL_REPRESENTATION('',(#4419),#4423);
#4419 = LINE('',#4420,#4421);
#4420 = CARTESIAN_POINT('',(0.,-1.220858235464));
#4421 = VECTOR('',#4422,1.);
#4422 = DIRECTION('',(1.,0.));
#4423 = ( GEOMETRIC_REPRESENTATION_CONTEXT(2) 
PARAMETRIC_REPRESENTATION_CONTEXT() REPRESENTATION_CONTEXT('2D SPACE',''
  ) );
#4424 = PCURVE('',#3615,#4425);
#4425 = DEFINITIONAL_REPRESENTATION('',(#4426),#4430);
#4426 = CIRCLE('',#4427,0.565685424949);
#4427 = AXIS2_PLACEMENT_2D('',#4428,#4429);
#4428 = CARTESIAN_POINT('',(5.E-02,-7.15));
#4429 = DIRECTION('',(1.,-1.345724878334E-16));
#4430 = ( GEOMETRIC_REPRESENTATION_CONTEXT(2) 
PARAMETRIC_REPRESENTATION_CONTEXT() REPRESENTATION_CONTEXT('2D SPACE',''
  ) );
#4431 = ORIENTED_EDGE('',*,*,#4200,.T.);
#4432 = ORIENTED_EDGE('',*,*,#1796,.F.);
#4433 = ADVANCED_FACE('',(#4434),#1945,.F.);
#4434 = FACE_BOUND('',#4435,.F.);
#4435 = EDGE_LOOP('',(#4436,#4458,#4478));
#4436 = ORIENTED_EDGE('',*,*,#4437,.F.);
#4437 = EDGE_CURVE('',#4438,#1906,#4440,.T.);
#4438 = VERTEX_POINT('',#4439);
#4439 = CARTESIAN_POINT('',(-8.35,-5.E-02,12.));
#4440 = SURFACE_CURVE('',#4441,(#4446,#4452),.PCURVE_S1.);
#4441 = CIRCLE('',#4442,1.65);
#4442 = AXIS2_PLACEMENT_3D('',#4443,#4444,#4445);
#4443 = CARTESIAN_POINT('',(-8.35,-5.E-02,13.65));
#4444 = DIRECTION('',(0.,1.,-0.));
#4445 = DIRECTION('',(-1.,0.,0.));
#4446 = PCURVE('',#1945,#4447);
#4447 = DEFINITIONAL_REPRESENTATION('',(#4448),#4451);
#4448 = B_SPLINE_CURVE_WITH_KNOTS('',1,(#4449,#4450),.UNSPECIFIED.,.F.,
  .F.,(2,2),(4.712388980385,6.28318530718),.PIECEWISE_BEZIER_KNOTS.);
#4449 = CARTESIAN_POINT('',(0.,-1.570796326795));
#4450 = CARTESIAN_POINT('',(0.,0.));
#4451 = ( GEOMETRIC_REPRESENTATION_CONTEXT(2) 
PARAMETRIC_REPRESENTATION_CONTEXT() REPRESENTATION_CONTEXT('2D SPACE',''
  ) );
#4452 = PCURVE('',#1999,#4453);
#4453 = DEFINITIONAL_REPRESENTATION('',(#4454),#4457);
#4454 = B_SPLINE_CURVE_WITH_KNOTS('',1,(#4455,#4456),.UNSPECIFIED.,.F.,
  .F.,(2,2),(4.712388980385,6.28318530718),.PIECEWISE_BEZIER_KNOTS.);
#4455 = CARTESIAN_POINT('',(-1.570796326795,1.65));
#4456 = CARTESIAN_POINT('',(0.,1.65));
#4457 = ( GEOMETRIC_REPRESENTATION_CONTEXT(2) 
PARAMETRIC_REPRESENTATION_CONTEXT() REPRESENTATION_CONTEXT('2D SPACE',''
  ) );
#4458 = ORIENTED_EDGE('',*,*,#4459,.T.);
#4459 = EDGE_CURVE('',#4438,#1929,#4460,.T.);
#4460 = SURFACE_CURVE('',#4461,(#4466,#4472),.PCURVE_S1.);
#4461 = CIRCLE('',#4462,1.65);
#4462 = AXIS2_PLACEMENT_3D('',#4463,#4464,#4465);
#4463 = CARTESIAN_POINT('',(-8.35,-5.E-02,13.65));
#4464 = DIRECTION('',(-1.,2.832769448824E-16,0.));
#4465 = DIRECTION('',(-2.832769448824E-16,-1.,0.));
#4466 = PCURVE('',#1945,#4467);
#4467 = DEFINITIONAL_REPRESENTATION('',(#4468),#4471);
#4468 = B_SPLINE_CURVE_WITH_KNOTS('',1,(#4469,#4470),.UNSPECIFIED.,.F.,
  .F.,(2,2),(4.712388980385,6.28318530718),.PIECEWISE_BEZIER_KNOTS.);
#4469 = CARTESIAN_POINT('',(1.570796326795,-1.570796326795));
#4470 = CARTESIAN_POINT('',(1.570796326795,0.));
#4471 = ( GEOMETRIC_REPRESENTATION_CONTEXT(2) 
PARAMETRIC_REPRESENTATION_CONTEXT() REPRESENTATION_CONTEXT('2D SPACE',''
  ) );
#4472 = PCURVE('',#2052,#4473);
#4473 = DEFINITIONAL_REPRESENTATION('',(#4474),#4477);
#4474 = B_SPLINE_CURVE_WITH_KNOTS('',1,(#4475,#4476),.UNSPECIFIED.,.F.,
  .F.,(2,2),(4.712388980385,6.28318530718),.PIECEWISE_BEZIER_KNOTS.);
#4475 = CARTESIAN_POINT('',(1.570796326795,1.65));
#4476 = CARTESIAN_POINT('',(0.,1.65));
#4477 = ( GEOMETRIC_REPRESENTATION_CONTEXT(2) 
PARAMETRIC_REPRESENTATION_CONTEXT() REPRESENTATION_CONTEXT('2D SPACE',''
  ) );
#4478 = ORIENTED_EDGE('',*,*,#1928,.F.);
#4479 = ADVANCED_FACE('',(#4480),#1999,.F.);
#4480 = FACE_BOUND('',#4481,.T.);
#4481 = EDGE_LOOP('',(#4482,#4483,#4511,#4531));
#4482 = ORIENTED_EDGE('',*,*,#4437,.F.);
#4483 = ORIENTED_EDGE('',*,*,#4484,.T.);
#4484 = EDGE_CURVE('',#4438,#4485,#4487,.T.);
#4485 = VERTEX_POINT('',#4486);
#4486 = CARTESIAN_POINT('',(-8.35,5.E-02,12.));
#4487 = SURFACE_CURVE('',#4488,(#4492,#4499),.PCURVE_S1.);
#4488 = LINE('',#4489,#4490);
#4489 = CARTESIAN_POINT('',(-8.35,-1.7,12.));
#4490 = VECTOR('',#4491,1.);
#4491 = DIRECTION('',(-0.,1.,0.));
#4492 = PCURVE('',#1999,#4493);
#4493 = DEFINITIONAL_REPRESENTATION('',(#4494),#4498);
#4494 = LINE('',#4495,#4496);
#4495 = CARTESIAN_POINT('',(-1.570796326795,0.));
#4496 = VECTOR('',#4497,1.);
#4497 = DIRECTION('',(-0.,1.));
#4498 = ( GEOMETRIC_REPRESENTATION_CONTEXT(2) 
PARAMETRIC_REPRESENTATION_CONTEXT() REPRESENTATION_CONTEXT('2D SPACE',''
  ) );
#4499 = PCURVE('',#4500,#4505);
#4500 = PLANE('',#4501);
#4501 = AXIS2_PLACEMENT_3D('',#4502,#4503,#4504);
#4502 = CARTESIAN_POINT('',(-10.,-1.7,12.));
#4503 = DIRECTION('',(0.,0.,1.));
#4504 = DIRECTION('',(1.,0.,-0.));
#4505 = DEFINITIONAL_REPRESENTATION('',(#4506),#4510);
#4506 = LINE('',#4507,#4508);
#4507 = CARTESIAN_POINT('',(1.65,0.));
#4508 = VECTOR('',#4509,1.);
#4509 = DIRECTION('',(0.,1.));
#4510 = ( GEOMETRIC_REPRESENTATION_CONTEXT(2) 
PARAMETRIC_REPRESENTATION_CONTEXT() REPRESENTATION_CONTEXT('2D SPACE',''
  ) );
#4511 = ORIENTED_EDGE('',*,*,#4512,.T.);
#4512 = EDGE_CURVE('',#4485,#1984,#4513,.T.);
#4513 = SURFACE_CURVE('',#4514,(#4519,#4525),.PCURVE_S1.);
#4514 = CIRCLE('',#4515,1.65);
#4515 = AXIS2_PLACEMENT_3D('',#4516,#4517,#4518);
#4516 = CARTESIAN_POINT('',(-8.35,5.E-02,13.65));
#4517 = DIRECTION('',(0.,1.,-0.));
#4518 = DIRECTION('',(-1.,0.,0.));
#4519 = PCURVE('',#1999,#4520);
#4520 = DEFINITIONAL_REPRESENTATION('',(#4521),#4524);
#4521 = B_SPLINE_CURVE_WITH_KNOTS('',1,(#4522,#4523),.UNSPECIFIED.,.F.,
  .F.,(2,2),(4.712388980385,6.28318530718),.PIECEWISE_BEZIER_KNOTS.);
#4522 = CARTESIAN_POINT('',(-1.570796326795,1.75));
#4523 = CARTESIAN_POINT('',(0.,1.75));
#4524 = ( GEOMETRIC_REPRESENTATION_CONTEXT(2) 
PARAMETRIC_REPRESENTATION_CONTEXT() REPRESENTATION_CONTEXT('2D SPACE',''
  ) );
#4525 = PCURVE('',#2108,#4526);
#4526 = DEFINITIONAL_REPRESENTATION('',(#4527),#4530);
#4527 = B_SPLINE_CURVE_WITH_KNOTS('',1,(#4528,#4529),.UNSPECIFIED.,.F.,
  .F.,(2,2),(4.712388980385,6.28318530718),.PIECEWISE_BEZIER_KNOTS.);
#4528 = CARTESIAN_POINT('',(0.,-1.570796326795));
#4529 = CARTESIAN_POINT('',(0.,0.));
#4530 = ( GEOMETRIC_REPRESENTATION_CONTEXT(2) 
PARAMETRIC_REPRESENTATION_CONTEXT() REPRESENTATION_CONTEXT('2D SPACE',''
  ) );
#4531 = ORIENTED_EDGE('',*,*,#1983,.F.);
#4532 = ADVANCED_FACE('',(#4533),#2052,.F.);
#4533 = FACE_BOUND('',#4534,.F.);
#4534 = EDGE_LOOP('',(#4535,#4536,#4559,#4579));
#4535 = ORIENTED_EDGE('',*,*,#4459,.F.);
#4536 = ORIENTED_EDGE('',*,*,#4537,.T.);
#4537 = EDGE_CURVE('',#4438,#4538,#4540,.T.);
#4538 = VERTEX_POINT('',#4539);
#4539 = CARTESIAN_POINT('',(-7.15,-5.E-02,12.));
#4540 = SURFACE_CURVE('',#4541,(#4545,#4552),.PCURVE_S1.);
#4541 = LINE('',#4542,#4543);
#4542 = CARTESIAN_POINT('',(-10.,-5.E-02,12.));
#4543 = VECTOR('',#4544,1.);
#4544 = DIRECTION('',(1.,0.,-0.));
#4545 = PCURVE('',#2052,#4546);
#4546 = DEFINITIONAL_REPRESENTATION('',(#4547),#4551);
#4547 = LINE('',#4548,#4549);
#4548 = CARTESIAN_POINT('',(1.570796326795,0.));
#4549 = VECTOR('',#4550,1.);
#4550 = DIRECTION('',(0.,1.));
#4551 = ( GEOMETRIC_REPRESENTATION_CONTEXT(2) 
PARAMETRIC_REPRESENTATION_CONTEXT() REPRESENTATION_CONTEXT('2D SPACE',''
  ) );
#4552 = PCURVE('',#4500,#4553);
#4553 = DEFINITIONAL_REPRESENTATION('',(#4554),#4558);
#4554 = LINE('',#4555,#4556);
#4555 = CARTESIAN_POINT('',(0.,1.65));
#4556 = VECTOR('',#4557,1.);
#4557 = DIRECTION('',(1.,0.));
#4558 = ( GEOMETRIC_REPRESENTATION_CONTEXT(2) 
PARAMETRIC_REPRESENTATION_CONTEXT() REPRESENTATION_CONTEXT('2D SPACE',''
  ) );
#4559 = ORIENTED_EDGE('',*,*,#4560,.T.);
#4560 = EDGE_CURVE('',#4538,#2037,#4561,.T.);
#4561 = SURFACE_CURVE('',#4562,(#4567,#4573),.PCURVE_S1.);
#4562 = CIRCLE('',#4563,1.65);
#4563 = AXIS2_PLACEMENT_3D('',#4564,#4565,#4566);
#4564 = CARTESIAN_POINT('',(-7.15,-5.E-02,13.65));
#4565 = DIRECTION('',(-1.,-2.832769448824E-16,0.));
#4566 = DIRECTION('',(2.832769448824E-16,-1.,-0.));
#4567 = PCURVE('',#2052,#4568);
#4568 = DEFINITIONAL_REPRESENTATION('',(#4569),#4572);
#4569 = B_SPLINE_CURVE_WITH_KNOTS('',1,(#4570,#4571),.UNSPECIFIED.,.F.,
  .F.,(2,2),(4.712388980385,6.28318530718),.PIECEWISE_BEZIER_KNOTS.);
#4570 = CARTESIAN_POINT('',(1.570796326795,2.85));
#4571 = CARTESIAN_POINT('',(0.,2.85));
#4572 = ( GEOMETRIC_REPRESENTATION_CONTEXT(2) 
PARAMETRIC_REPRESENTATION_CONTEXT() REPRESENTATION_CONTEXT('2D SPACE',''
  ) );
#4573 = PCURVE('',#2228,#4574);
#4574 = DEFINITIONAL_REPRESENTATION('',(#4575),#4578);
#4575 = B_SPLINE_CURVE_WITH_KNOTS('',1,(#4576,#4577),.UNSPECIFIED.,.F.,
  .F.,(2,2),(4.712388980385,6.28318530718),.PIECEWISE_BEZIER_KNOTS.);
#4576 = CARTESIAN_POINT('',(-1.570796326795,-1.570796326795));
#4577 = CARTESIAN_POINT('',(-1.570796326795,0.));
#4578 = ( GEOMETRIC_REPRESENTATION_CONTEXT(2) 
PARAMETRIC_REPRESENTATION_CONTEXT() REPRESENTATION_CONTEXT('2D SPACE',''
  ) );
#4579 = ORIENTED_EDGE('',*,*,#2036,.F.);
#4580 = ADVANCED_FACE('',(#4581),#2108,.F.);
#4581 = FACE_BOUND('',#4582,.T.);
#4582 = EDGE_LOOP('',(#4583,#4584,#4604));
#4583 = ORIENTED_EDGE('',*,*,#4512,.F.);
#4584 = ORIENTED_EDGE('',*,*,#4585,.T.);
#4585 = EDGE_CURVE('',#4485,#2092,#4586,.T.);
#4586 = SURFACE_CURVE('',#4587,(#4592,#4598),.PCURVE_S1.);
#4587 = CIRCLE('',#4588,1.65);
#4588 = AXIS2_PLACEMENT_3D('',#4589,#4590,#4591);
#4589 = CARTESIAN_POINT('',(-8.35,5.E-02,13.65));
#4590 = DIRECTION('',(1.,2.832769448824E-16,-0.));
#4591 = DIRECTION('',(-2.832769448824E-16,1.,0.));
#4592 = PCURVE('',#2108,#4593);
#4593 = DEFINITIONAL_REPRESENTATION('',(#4594),#4597);
#4594 = B_SPLINE_CURVE_WITH_KNOTS('',1,(#4595,#4596),.UNSPECIFIED.,.F.,
  .F.,(2,2),(4.712388980385,6.28318530718),.PIECEWISE_BEZIER_KNOTS.);
#4595 = CARTESIAN_POINT('',(-1.570796326795,-1.570796326795));
#4596 = CARTESIAN_POINT('',(-1.570796326795,0.));
#4597 = ( GEOMETRIC_REPRESENTATION_CONTEXT(2) 
PARAMETRIC_REPRESENTATION_CONTEXT() REPRESENTATION_CONTEXT('2D SPACE',''
  ) );
#4598 = PCURVE('',#2261,#4599);
#4599 = DEFINITIONAL_REPRESENTATION('',(#4600),#4603);
#4600 = B_SPLINE_CURVE_WITH_KNOTS('',1,(#4601,#4602),.UNSPECIFIED.,.F.,
  .F.,(2,2),(4.712388980385,6.28318530718),.PIECEWISE_BEZIER_KNOTS.);
#4601 = CARTESIAN_POINT('',(-1.570796326795,1.65));
#4602 = CARTESIAN_POINT('',(0.,1.65));
#4603 = ( GEOMETRIC_REPRESENTATION_CONTEXT(2) 
PARAMETRIC_REPRESENTATION_CONTEXT() REPRESENTATION_CONTEXT('2D SPACE',''
  ) );
#4604 = ORIENTED_EDGE('',*,*,#2091,.F.);
#4605 = ADVANCED_FACE('',(#4606),#2228,.F.);
#4606 = FACE_BOUND('',#4607,.T.);
#4607 = EDGE_LOOP('',(#4608,#4635,#4636,#4637,#4638));
#4608 = ORIENTED_EDGE('',*,*,#4609,.F.);
#4609 = EDGE_CURVE('',#4538,#4610,#4612,.T.);
#4610 = VERTEX_POINT('',#4611);
#4611 = CARTESIAN_POINT('',(-6.584314575051,-5.E-02,12.1));
#4612 = SURFACE_CURVE('',#4613,(#4618,#4624),.PCURVE_S1.);
#4613 = CIRCLE('',#4614,1.65);
#4614 = AXIS2_PLACEMENT_3D('',#4615,#4616,#4617);
#4615 = CARTESIAN_POINT('',(-7.15,-5.E-02,13.65));
#4616 = DIRECTION('',(0.,-1.,0.));
#4617 = DIRECTION('',(1.,0.,0.));
#4618 = PCURVE('',#2228,#4619);
#4619 = DEFINITIONAL_REPRESENTATION('',(#4620),#4623);
#4620 = B_SPLINE_CURVE_WITH_KNOTS('',1,(#4621,#4622),.UNSPECIFIED.,.F.,
  .F.,(2,2),(4.712388980385,6.28318530718),.PIECEWISE_BEZIER_KNOTS.);
#4621 = CARTESIAN_POINT('',(0.,-1.570796326795));
#4622 = CARTESIAN_POINT('',(0.,0.));
#4623 = ( GEOMETRIC_REPRESENTATION_CONTEXT(2) 
PARAMETRIC_REPRESENTATION_CONTEXT() REPRESENTATION_CONTEXT('2D SPACE',''
  ) );
#4624 = PCURVE('',#4625,#4630);
#4625 = CYLINDRICAL_SURFACE('',#4626,1.65);
#4626 = AXIS2_PLACEMENT_3D('',#4627,#4628,#4629);
#4627 = CARTESIAN_POINT('',(-7.15,-1.7,13.65));
#4628 = DIRECTION('',(-0.,1.,0.));
#4629 = DIRECTION('',(1.,0.,-0.));
#4630 = DEFINITIONAL_REPRESENTATION('',(#4631),#4634);
#4631 = B_SPLINE_CURVE_WITH_KNOTS('',1,(#4632,#4633),.UNSPECIFIED.,.F.,
  .F.,(2,2),(4.712388980385,6.28318530718),.PIECEWISE_BEZIER_KNOTS.);
#4632 = CARTESIAN_POINT('',(1.570796326795,1.65));
#4633 = CARTESIAN_POINT('',(0.,1.65));
#4634 = ( GEOMETRIC_REPRESENTATION_CONTEXT(2) 
PARAMETRIC_REPRESENTATION_CONTEXT() REPRESENTATION_CONTEXT('2D SPACE',''
  ) );
#4635 = ORIENTED_EDGE('',*,*,#4560,.T.);
#4636 = ORIENTED_EDGE('',*,*,#2213,.F.);
#4637 = ORIENTED_EDGE('',*,*,#3887,.F.);
#4638 = ORIENTED_EDGE('',*,*,#4639,.T.);
#4639 = EDGE_CURVE('',#3888,#4610,#4640,.T.);
#4640 = SURFACE_CURVE('',#4641,(#4646,#4653),.PCURVE_S1.);
#4641 = CIRCLE('',#4642,0.565685424949);
#4642 = AXIS2_PLACEMENT_3D('',#4643,#4644,#4645);
#4643 = CARTESIAN_POINT('',(-7.15,-5.E-02,12.1));
#4644 = DIRECTION('',(0.,0.,1.));
#4645 = DIRECTION('',(1.,0.,-0.));
#4646 = PCURVE('',#2228,#4647);
#4647 = DEFINITIONAL_REPRESENTATION('',(#4648),#4652);
#4648 = LINE('',#4649,#4650);
#4649 = CARTESIAN_POINT('',(-6.28318530718,-1.220858235464));
#4650 = VECTOR('',#4651,1.);
#4651 = DIRECTION('',(1.,-0.));
#4652 = ( GEOMETRIC_REPRESENTATION_CONTEXT(2) 
PARAMETRIC_REPRESENTATION_CONTEXT() REPRESENTATION_CONTEXT('2D SPACE',''
  ) );
#4653 = PCURVE('',#3615,#4654);
#4654 = DEFINITIONAL_REPRESENTATION('',(#4655),#4659);
#4655 = CIRCLE('',#4656,0.565685424949);
#4656 = AXIS2_PLACEMENT_2D('',#4657,#4658);
#4657 = CARTESIAN_POINT('',(-7.15,-5.E-02));
#4658 = DIRECTION('',(1.,0.));
#4659 = ( GEOMETRIC_REPRESENTATION_CONTEXT(2) 
PARAMETRIC_REPRESENTATION_CONTEXT() REPRESENTATION_CONTEXT('2D SPACE',''
  ) );
#4660 = ADVANCED_FACE('',(#4661),#2261,.F.);
#4661 = FACE_BOUND('',#4662,.T.);
#4662 = EDGE_LOOP('',(#4663,#4664,#4687,#4707));
#4663 = ORIENTED_EDGE('',*,*,#4585,.F.);
#4664 = ORIENTED_EDGE('',*,*,#4665,.T.);
#4665 = EDGE_CURVE('',#4485,#4666,#4668,.T.);
#4666 = VERTEX_POINT('',#4667);
#4667 = CARTESIAN_POINT('',(-7.15,5.E-02,12.));
#4668 = SURFACE_CURVE('',#4669,(#4673,#4680),.PCURVE_S1.);
#4669 = LINE('',#4670,#4671);
#4670 = CARTESIAN_POINT('',(-10.,5.E-02,12.));
#4671 = VECTOR('',#4672,1.);
#4672 = DIRECTION('',(1.,0.,-0.));
#4673 = PCURVE('',#2261,#4674);
#4674 = DEFINITIONAL_REPRESENTATION('',(#4675),#4679);
#4675 = LINE('',#4676,#4677);
#4676 = CARTESIAN_POINT('',(-1.570796326795,0.));
#4677 = VECTOR('',#4678,1.);
#4678 = DIRECTION('',(-0.,1.));
#4679 = ( GEOMETRIC_REPRESENTATION_CONTEXT(2) 
PARAMETRIC_REPRESENTATION_CONTEXT() REPRESENTATION_CONTEXT('2D SPACE',''
  ) );
#4680 = PCURVE('',#4500,#4681);
#4681 = DEFINITIONAL_REPRESENTATION('',(#4682),#4686);
#4682 = LINE('',#4683,#4684);
#4683 = CARTESIAN_POINT('',(0.,1.75));
#4684 = VECTOR('',#4685,1.);
#4685 = DIRECTION('',(1.,0.));
#4686 = ( GEOMETRIC_REPRESENTATION_CONTEXT(2) 
PARAMETRIC_REPRESENTATION_CONTEXT() REPRESENTATION_CONTEXT('2D SPACE',''
  ) );
#4687 = ORIENTED_EDGE('',*,*,#4688,.T.);
#4688 = EDGE_CURVE('',#4666,#2246,#4689,.T.);
#4689 = SURFACE_CURVE('',#4690,(#4695,#4701),.PCURVE_S1.);
#4690 = CIRCLE('',#4691,1.65);
#4691 = AXIS2_PLACEMENT_3D('',#4692,#4693,#4694);
#4692 = CARTESIAN_POINT('',(-7.15,5.E-02,13.65));
#4693 = DIRECTION('',(1.,-2.832769448824E-16,0.));
#4694 = DIRECTION('',(2.832769448824E-16,1.,0.));
#4695 = PCURVE('',#2261,#4696);
#4696 = DEFINITIONAL_REPRESENTATION('',(#4697),#4700);
#4697 = B_SPLINE_CURVE_WITH_KNOTS('',1,(#4698,#4699),.UNSPECIFIED.,.F.,
  .F.,(2,2),(4.712388980385,6.28318530718),.PIECEWISE_BEZIER_KNOTS.);
#4698 = CARTESIAN_POINT('',(-1.570796326795,2.85));
#4699 = CARTESIAN_POINT('',(0.,2.85));
#4700 = ( GEOMETRIC_REPRESENTATION_CONTEXT(2) 
PARAMETRIC_REPRESENTATION_CONTEXT() REPRESENTATION_CONTEXT('2D SPACE',''
  ) );
#4701 = PCURVE('',#2412,#4702);
#4702 = DEFINITIONAL_REPRESENTATION('',(#4703),#4706);
#4703 = B_SPLINE_CURVE_WITH_KNOTS('',1,(#4704,#4705),.UNSPECIFIED.,.F.,
  .F.,(2,2),(4.712388980385,6.28318530718),.PIECEWISE_BEZIER_KNOTS.);
#4704 = CARTESIAN_POINT('',(1.570796326795,-1.570796326795));
#4705 = CARTESIAN_POINT('',(1.570796326795,0.));
#4706 = ( GEOMETRIC_REPRESENTATION_CONTEXT(2) 
PARAMETRIC_REPRESENTATION_CONTEXT() REPRESENTATION_CONTEXT('2D SPACE',''
  ) );
#4707 = ORIENTED_EDGE('',*,*,#2245,.F.);
#4708 = ADVANCED_FACE('',(#4709),#2412,.F.);
#4709 = FACE_BOUND('',#4710,.F.);
#4710 = EDGE_LOOP('',(#4711,#4733,#4734,#4735,#4785));
#4711 = ORIENTED_EDGE('',*,*,#4712,.F.);
#4712 = EDGE_CURVE('',#4666,#4713,#4715,.T.);
#4713 = VERTEX_POINT('',#4714);
#4714 = CARTESIAN_POINT('',(-6.584314575051,5.E-02,12.1));
#4715 = SURFACE_CURVE('',#4716,(#4721,#4727),.PCURVE_S1.);
#4716 = CIRCLE('',#4717,1.65);
#4717 = AXIS2_PLACEMENT_3D('',#4718,#4719,#4720);
#4718 = CARTESIAN_POINT('',(-7.15,5.E-02,13.65));
#4719 = DIRECTION('',(0.,-1.,0.));
#4720 = DIRECTION('',(1.,0.,0.));
#4721 = PCURVE('',#2412,#4722);
#4722 = DEFINITIONAL_REPRESENTATION('',(#4723),#4726);
#4723 = B_SPLINE_CURVE_WITH_KNOTS('',1,(#4724,#4725),.UNSPECIFIED.,.F.,
  .F.,(2,2),(4.712388980385,6.28318530718),.PIECEWISE_BEZIER_KNOTS.);
#4724 = CARTESIAN_POINT('',(0.,-1.570796326795));
#4725 = CARTESIAN_POINT('',(0.,0.));
#4726 = ( GEOMETRIC_REPRESENTATION_CONTEXT(2) 
PARAMETRIC_REPRESENTATION_CONTEXT() REPRESENTATION_CONTEXT('2D SPACE',''
  ) );
#4727 = PCURVE('',#4625,#4728);
#4728 = DEFINITIONAL_REPRESENTATION('',(#4729),#4732);
#4729 = B_SPLINE_CURVE_WITH_KNOTS('',1,(#4730,#4731),.UNSPECIFIED.,.F.,
  .F.,(2,2),(4.712388980385,6.28318530718),.PIECEWISE_BEZIER_KNOTS.);
#4730 = CARTESIAN_POINT('',(1.570796326795,1.75));
#4731 = CARTESIAN_POINT('',(0.,1.75));
#4732 = ( GEOMETRIC_REPRESENTATION_CONTEXT(2) 
PARAMETRIC_REPRESENTATION_CONTEXT() REPRESENTATION_CONTEXT('2D SPACE',''
  ) );
#4733 = ORIENTED_EDGE('',*,*,#4688,.T.);
#4734 = ORIENTED_EDGE('',*,*,#2397,.F.);
#4735 = ORIENTED_EDGE('',*,*,#4736,.T.);
#4736 = EDGE_CURVE('',#2372,#4737,#4739,.T.);
#4737 = VERTEX_POINT('',#4738);
#4738 = CARTESIAN_POINT('',(-6.975258601896,0.588019928803,12.1));
#4739 = SURFACE_CURVE('',#4740,(#4755,#4775),.PCURVE_S1.);
#4740 = B_SPLINE_CURVE_WITH_KNOTS('',5,(#4741,#4742,#4743,#4744,#4745,
    #4746,#4747,#4748,#4749,#4750,#4751,#4752,#4753,#4754),
  .UNSPECIFIED.,.F.,.F.,(6,4,4,6),(0.,0.624134995949,0.762589351687,1.),
  .UNSPECIFIED.);
#4741 = CARTESIAN_POINT('',(-6.799738498142,1.662394765656,13.65));
#4742 = CARTESIAN_POINT('',(-6.799738498142,1.662394765656,
    13.397356628214));
#4743 = CARTESIAN_POINT('',(-6.811195786256,1.615384958361,
    13.145378863694));
#4744 = CARTESIAN_POINT('',(-6.834169038956,1.521985612255,
    12.905909339717));
#4745 = CARTESIAN_POINT('',(-6.863739019645,1.3854585602,12.690522882896
    ));
#4746 = CARTESIAN_POINT('',(-6.900681965701,1.175621041242,
    12.468288438712));
#4747 = CARTESIAN_POINT('',(-6.907423684373,1.13578763892,
    12.429584336166));
#4748 = CARTESIAN_POINT('',(-6.914136249684,1.094302318568,
    12.392624422119));
#4749 = CARTESIAN_POINT('',(-6.920757025941,1.051258403233,
    12.357500988137));
#4750 = CARTESIAN_POINT('',(-6.938313924122,0.930454319239,
    12.267366334095));
#4751 = CARTESIAN_POINT('',(-6.94895549901,0.849867258638,
    12.216080204235));
#4752 = CARTESIAN_POINT('',(-6.958831120964,0.765521139806,
    12.170873463326));
#4753 = CARTESIAN_POINT('',(-6.967672053033,0.678013975129,
    12.132092969551));
#4754 = CARTESIAN_POINT('',(-6.975258743732,0.588018246305,12.0999994));
#4755 = PCURVE('',#2412,#4756);
#4756 = DEFINITIONAL_REPRESENTATION('',(#4757),#4774);
#4757 = B_SPLINE_CURVE_WITH_KNOTS('',8,(#4758,#4759,#4760,#4761,#4762,
    #4763,#4764,#4765,#4766,#4767,#4768,#4769,#4770,#4771,#4772,#4773),
  .UNSPECIFIED.,.F.,.F.,(9,7,9),(0.,0.5,1.),.UNSPECIFIED.);
#4758 = CARTESIAN_POINT('',(1.35688908916,0.));
#4759 = CARTESIAN_POINT('',(1.35688908916,-7.666470195519E-02));
#4760 = CARTESIAN_POINT('',(1.357067298873,-0.153238103095));
#4761 = CARTESIAN_POINT('',(1.357405639942,-0.229744758873));
#4762 = CARTESIAN_POINT('',(1.357869679938,-0.306211460067));
#4763 = CARTESIAN_POINT('',(1.358375747169,-0.382662755159));
#4764 = CARTESIAN_POINT('',(1.358758045494,-0.459116472723));
#4765 = CARTESIAN_POINT('',(1.358735769139,-0.535579243808));
#4766 = CARTESIAN_POINT('',(1.357024665879,-0.688504804847));
#4767 = CARTESIAN_POINT('',(1.355284193547,-0.764967123015));
#4768 = CARTESIAN_POINT('',(1.352520708581,-0.841419424572));
#4769 = CARTESIAN_POINT('',(1.346712620832,-0.917758542895));
#4770 = CARTESIAN_POINT('',(1.339819540811,-0.994183115301));
#4771 = CARTESIAN_POINT('',(1.324726944572,-1.070244568118));
#4772 = CARTESIAN_POINT('',(1.30465458205,-1.146181047511));
#4773 = CARTESIAN_POINT('',(1.25675721859,-1.220859296125));
#4774 = ( GEOMETRIC_REPRESENTATION_CONTEXT(2) 
PARAMETRIC_REPRESENTATION_CONTEXT() REPRESENTATION_CONTEXT('2D SPACE',''
  ) );
#4775 = PCURVE('',#2386,#4776);
#4776 = DEFINITIONAL_REPRESENTATION('',(#4777),#4784);
#4777 = B_SPLINE_CURVE_WITH_KNOTS('',5,(#4778,#4779,#4780,#4781,#4782,
    #4783),.UNSPECIFIED.,.F.,.F.,(6,6),(0.,1.),
  .PIECEWISE_BEZIER_KNOTS.);
#4778 = CARTESIAN_POINT('',(2.901816730013,1.55));
#4779 = CARTESIAN_POINT('',(2.901816730013,1.145210373677));
#4780 = CARTESIAN_POINT('',(2.919532936741,0.742246506406));
#4781 = CARTESIAN_POINT('',(2.954807989493,0.388976650899));
#4782 = CARTESIAN_POINT('',(3.003145714861,0.135181076893));
#4783 = CARTESIAN_POINT('',(3.057490938747,-5.999999999062E-07));
#4784 = ( GEOMETRIC_REPRESENTATION_CONTEXT(2) 
PARAMETRIC_REPRESENTATION_CONTEXT() REPRESENTATION_CONTEXT('2D SPACE',''
  ) );
#4785 = ORIENTED_EDGE('',*,*,#4786,.F.);
#4786 = EDGE_CURVE('',#4713,#4737,#4787,.T.);
#4787 = SURFACE_CURVE('',#4788,(#4793,#4800),.PCURVE_S1.);
#4788 = CIRCLE('',#4789,0.565685424949);
#4789 = AXIS2_PLACEMENT_3D('',#4790,#4791,#4792);
#4790 = CARTESIAN_POINT('',(-7.15,5.E-02,12.1));
#4791 = DIRECTION('',(0.,0.,1.));
#4792 = DIRECTION('',(1.,0.,-0.));
#4793 = PCURVE('',#2412,#4794);
#4794 = DEFINITIONAL_REPRESENTATION('',(#4795),#4799);
#4795 = LINE('',#4796,#4797);
#4796 = CARTESIAN_POINT('',(0.,-1.220858235464));
#4797 = VECTOR('',#4798,1.);
#4798 = DIRECTION('',(1.,0.));
#4799 = ( GEOMETRIC_REPRESENTATION_CONTEXT(2) 
PARAMETRIC_REPRESENTATION_CONTEXT() REPRESENTATION_CONTEXT('2D SPACE',''
  ) );
#4800 = PCURVE('',#3615,#4801);
#4801 = DEFINITIONAL_REPRESENTATION('',(#4802),#4806);
#4802 = CIRCLE('',#4803,0.565685424949);
#4803 = AXIS2_PLACEMENT_2D('',#4804,#4805);
#4804 = CARTESIAN_POINT('',(-7.15,5.E-02));
#4805 = DIRECTION('',(1.,0.));
#4806 = ( GEOMETRIC_REPRESENTATION_CONTEXT(2) 
PARAMETRIC_REPRESENTATION_CONTEXT() REPRESENTATION_CONTEXT('2D SPACE',''
  ) );
#4807 = ADVANCED_FACE('',(#4808),#2386,.F.);
#4808 = FACE_BOUND('',#4809,.F.);
#4809 = EDGE_LOOP('',(#4810,#4811,#4812,#4922,#4944,#4945));
#4810 = ORIENTED_EDGE('',*,*,#3804,.F.);
#4811 = ORIENTED_EDGE('',*,*,#3082,.F.);
#4812 = ORIENTED_EDGE('',*,*,#4813,.F.);
#4813 = EDGE_CURVE('',#4814,#3054,#4816,.T.);
#4814 = VERTEX_POINT('',#4815);
#4815 = CARTESIAN_POINT('',(-0.588019928803,6.975258601896,12.1));
#4816 = SURFACE_CURVE('',#4817,(#4850,#4886),.PCURVE_S1.);
#4817 = B_SPLINE_CURVE_WITH_KNOTS('',7,(#4818,#4819,#4820,#4821,#4822,
    #4823,#4824,#4825,#4826,#4827,#4828,#4829,#4830,#4831,#4832,#4833,
    #4834,#4835,#4836,#4837,#4838,#4839,#4840,#4841,#4842,#4843,#4844,
    #4845,#4846,#4847,#4848,#4849),.UNSPECIFIED.,.F.,.F.,(8,6,6,6,6,8),(
    0.,8.409745147857E-02,0.217364675965,0.395969820823,0.5697650768,1.)
  ,.UNSPECIFIED.);
#4818 = CARTESIAN_POINT('',(-0.588018246305,6.975258743732,12.0999994));
#4819 = CARTESIAN_POINT('',(-0.613311978811,6.973126467816,
    12.109019452107));
#4820 = CARTESIAN_POINT('',(-0.638587582238,6.97088793812,
    12.118591430963));
#4821 = CARTESIAN_POINT('',(-0.663746831131,6.968551629271,
    12.128693037787));
#4822 = CARTESIAN_POINT('',(-0.688714865924,6.966126432517,
    12.139299338977));
#4823 = CARTESIAN_POINT('',(-0.713437653438,6.963621033533,
    12.15038567071));
#4824 = CARTESIAN_POINT('',(-0.737879447378,6.961043290231,
    12.161930543532));
#4825 = CARTESIAN_POINT('',(-0.800275600811,6.954210234496,
    12.192915649903));
#4826 = CARTESIAN_POINT('',(-0.837756836315,6.949857316112,
    12.21301639913));
#4827 = CARTESIAN_POINT('',(-0.874372197209,6.945368385213,
    12.234150205932));
#4828 = CARTESIAN_POINT('',(-0.910061527352,6.940770523394,
    12.256246429786));
#4829 = CARTESIAN_POINT('',(-0.94478786661,6.936089096343,
    12.279238910188));
#4830 = CARTESIAN_POINT('',(-0.978531693957,6.931347023444,
    12.303069489495));
#4831 = CARTESIAN_POINT('',(-1.055187680226,6.920155145527,
    12.360687716799));
#4832 = CARTESIAN_POINT('',(-1.097300957583,6.913675023324,
    12.395095311413));
#4833 = CARTESIAN_POINT('',(-1.137604496681,6.907174893868,
    12.43078801468));
#4834 = CARTESIAN_POINT('',(-1.176091205627,6.900701492973,
    12.467648746363));
#4835 = CARTESIAN_POINT('',(-1.212766114187,6.894296883966,
    12.505570648034));
#4836 = CARTESIAN_POINT('',(-1.247643075891,6.887998275672,
    12.544458731433));
#4837 = CARTESIAN_POINT('',(-1.312949784761,6.875844393583,
    12.622932523374));
#4838 = CARTESIAN_POINT('',(-1.343471417489,6.869982222557,
    12.662468116921));
#4839 = CARTESIAN_POINT('',(-1.372324139613,6.864282333504,
    12.702760300318));
#4840 = CARTESIAN_POINT('',(-1.399526575804,6.858771864741,
    12.743737434944));
#4841 = CARTESIAN_POINT('',(-1.425098281494,6.853474828282,
    12.785333957173));
#4842 = CARTESIAN_POINT('',(-1.449059176679,6.848412300938,
    12.827490442567));
#4843 = CARTESIAN_POINT('',(-1.526806040751,6.831696106953,
    12.975767659954));
#4844 = CARTESIAN_POINT('',(-1.572414884192,6.821342909467,
    13.084453566928));
#4845 = CARTESIAN_POINT('',(-1.608583166696,6.812815762547,
    13.195436908006));
#4846 = CARTESIAN_POINT('',(-1.635533741015,6.806305352695,
    13.308045124551));
#4847 = CARTESIAN_POINT('',(-1.653437167552,6.801928473932,
    13.421680324845));
#4848 = CARTESIAN_POINT('',(-1.662394765656,6.799738498142,
    13.535818174034));
#4849 = CARTESIAN_POINT('',(-1.662394765656,6.799738498142,13.65));
#4850 = PCURVE('',#2386,#4851);
#4851 = DEFINITIONAL_REPRESENTATION('',(#4852),#4885);
#4852 = B_SPLINE_CURVE_WITH_KNOTS('',7,(#4853,#4854,#4855,#4856,#4857,
    #4858,#4859,#4860,#4861,#4862,#4863,#4864,#4865,#4866,#4867,#4868,
    #4869,#4870,#4871,#4872,#4873,#4874,#4875,#4876,#4877,#4878,#4879,
    #4880,#4881,#4882,#4883,#4884),.UNSPECIFIED.,.F.,.F.,(8,6,6,6,6,8),(
    0.,8.409745147857E-02,0.217364675965,0.395969820823,0.5697650768,1.)
  ,.UNSPECIFIED.);
#4853 = CARTESIAN_POINT('',(1.654898041638,-6.000000123407E-07));
#4854 = CARTESIAN_POINT('',(1.658524248699,9.019452106742E-03));
#4855 = CARTESIAN_POINT('',(1.662149149774,1.859143096342E-02));
#4856 = CARTESIAN_POINT('',(1.665758739822,2.869303778682E-02));
#4857 = CARTESIAN_POINT('',(1.669342331586,3.929933897676E-02));
#4858 = CARTESIAN_POINT('',(1.672892199096,5.038567070973E-02));
#4859 = CARTESIAN_POINT('',(1.676403221158,6.193054353245E-02));
#4860 = CARTESIAN_POINT('',(1.685370247619,9.291564990255E-02));
#4861 = CARTESIAN_POINT('',(1.690760582762,0.11301639913));
#4862 = CARTESIAN_POINT('',(1.69603034367,0.134150205932));
#4863 = CARTESIAN_POINT('',(1.701170788946,0.156246429786));
#4864 = CARTESIAN_POINT('',(1.706176441665,0.179238910188));
#4865 = CARTESIAN_POINT('',(1.711044286461,0.203069489495));
#4866 = CARTESIAN_POINT('',(1.722111242573,0.260687716799));
#4867 = CARTESIAN_POINT('',(1.72819805074,0.295095311413));
#4868 = CARTESIAN_POINT('',(1.734029866217,0.33078801468));
#4869 = CARTESIAN_POINT('',(1.739604988349,0.367648746363));
#4870 = CARTESIAN_POINT('',(1.744923403957,0.405570648034));
#4871 = CARTESIAN_POINT('',(1.749986352991,0.444458731433));
#4872 = CARTESIAN_POINT('',(1.759476071458,0.522932523374));
#4873 = CARTESIAN_POINT('',(1.763915926321,0.562468116921));
#4874 = CARTESIAN_POINT('',(1.768117314784,0.602760300318));
#4875 = CARTESIAN_POINT('',(1.772082234813,0.643737434944));
#4876 = CARTESIAN_POINT('',(1.77581283945,0.685333957173));
#4877 = CARTESIAN_POINT('',(1.77931136964,0.727490442567));
#4878 = CARTESIAN_POINT('',(1.790671886672,0.875767659954));
#4879 = CARTESIAN_POINT('',(1.797352760242,0.984453566928));
#4880 = CARTESIAN_POINT('',(1.802661143624,1.095436908006));
#4881 = CARTESIAN_POINT('',(1.806621950028,1.208045124551));
#4882 = CARTESIAN_POINT('',(1.809254905267,1.321680324845));
#4883 = CARTESIAN_POINT('',(1.810572250372,1.435818174034));
#4884 = CARTESIAN_POINT('',(1.810572250372,1.55));
#4885 = ( GEOMETRIC_REPRESENTATION_CONTEXT(2) 
PARAMETRIC_REPRESENTATION_CONTEXT() REPRESENTATION_CONTEXT('2D SPACE',''
  ) );
#4886 = PCURVE('',#3070,#4887);
#4887 = DEFINITIONAL_REPRESENTATION('',(#4888),#4921);
#4888 = B_SPLINE_CURVE_WITH_KNOTS('',7,(#4889,#4890,#4891,#4892,#4893,
    #4894,#4895,#4896,#4897,#4898,#4899,#4900,#4901,#4902,#4903,#4904,
    #4905,#4906,#4907,#4908,#4909,#4910,#4911,#4912,#4913,#4914,#4915,
    #4916,#4917,#4918,#4919,#4920),.UNSPECIFIED.,.F.,.F.,(8,6,6,6,6,8),(
    0.,8.409745147857E-02,0.217364675965,0.395969820823,0.5697650768,1.)
  ,.UNSPECIFIED.);
#4889 = CARTESIAN_POINT('',(0.314039108205,-1.220859296125));
#4890 = CARTESIAN_POINT('',(0.303812001121,-1.204913899756));
#4891 = CARTESIAN_POINT('',(0.294816282246,-1.188805677933));
#4892 = CARTESIAN_POINT('',(0.286869074829,-1.172597052402));
#4893 = CARTESIAN_POINT('',(0.279817227712,-1.156335852965));
#4894 = CARTESIAN_POINT('',(0.273533458082,-1.140056625013));
#4895 = CARTESIAN_POINT('',(0.267912494226,-1.123781937066));
#4896 = CARTESIAN_POINT('',(0.254872089876,-1.081759629476));
#4897 = CARTESIAN_POINT('',(0.248325881589,-1.056049119008));
#4898 = CARTESIAN_POINT('',(0.242881904791,-1.030448158762));
#4899 = CARTESIAN_POINT('',(0.238311688665,-1.004991310871));
#4900 = CARTESIAN_POINT('',(0.234451336969,-0.979698605385));
#4901 = CARTESIAN_POINT('',(0.231172550529,-0.954579181257));
#4902 = CARTESIAN_POINT('',(0.224633472984,-0.896196916718));
#4903 = CARTESIAN_POINT('',(0.221759426857,-0.863080502553));
#4904 = CARTESIAN_POINT('',(0.219521713648,-0.830288331218));
#4905 = CARTESIAN_POINT('',(0.217772767467,-0.797817795331));
#4906 = CARTESIAN_POINT('',(0.21640901724,-0.765660515434));
#4907 = CARTESIAN_POINT('',(0.215349088543,-0.733803462732));
#4908 = CARTESIAN_POINT('',(0.213739105964,-0.671503773922));
#4909 = CARTESIAN_POINT('',(0.213175746941,-0.641048644247));
#4910 = CARTESIAN_POINT('',(0.2127877807,-0.610847914016));
#4911 = CARTESIAN_POINT('',(0.212534194843,-0.580886371335));
#4912 = CARTESIAN_POINT('',(0.212384608833,-0.551148440177));
#4913 = CARTESIAN_POINT('',(0.212315666036,-0.521617874951));
#4914 = CARTESIAN_POINT('',(0.212287026717,-0.419644440869));
#4915 = CARTESIAN_POINT('',(0.212639633857,-0.348199707443));
#4916 = CARTESIAN_POINT('',(0.213073938622,-0.277655842136));
#4917 = CARTESIAN_POINT('',(0.213474450661,-0.20778674242));
#4918 = CARTESIAN_POINT('',(0.213762484294,-0.138375531882));
#4919 = CARTESIAN_POINT('',(0.213907237635,-6.920110664618E-02));
#4920 = CARTESIAN_POINT('',(0.213907237635,0.));
#4921 = ( GEOMETRIC_REPRESENTATION_CONTEXT(2) 
PARAMETRIC_REPRESENTATION_CONTEXT() REPRESENTATION_CONTEXT('2D SPACE',''
  ) );
#4922 = ORIENTED_EDGE('',*,*,#4923,.T.);
#4923 = EDGE_CURVE('',#4814,#4737,#4924,.T.);
#4924 = SURFACE_CURVE('',#4925,(#4930,#4937),.PCURVE_S1.);
#4925 = CIRCLE('',#4926,7.);
#4926 = AXIS2_PLACEMENT_3D('',#4927,#4928,#4929);
#4927 = CARTESIAN_POINT('',(0.,0.,12.1));
#4928 = DIRECTION('',(0.,0.,1.));
#4929 = DIRECTION('',(1.,0.,-0.));
#4930 = PCURVE('',#2386,#4931);
#4931 = DEFINITIONAL_REPRESENTATION('',(#4932),#4936);
#4932 = LINE('',#4933,#4934);
#4933 = CARTESIAN_POINT('',(0.,0.));
#4934 = VECTOR('',#4935,1.);
#4935 = DIRECTION('',(1.,0.));
#4936 = ( GEOMETRIC_REPRESENTATION_CONTEXT(2) 
PARAMETRIC_REPRESENTATION_CONTEXT() REPRESENTATION_CONTEXT('2D SPACE',''
  ) );
#4937 = PCURVE('',#3615,#4938);
#4938 = DEFINITIONAL_REPRESENTATION('',(#4939),#4943);
#4939 = CIRCLE('',#4940,7.);
#4940 = AXIS2_PLACEMENT_2D('',#4941,#4942);
#4941 = CARTESIAN_POINT('',(0.,0.));
#4942 = DIRECTION('',(1.,0.));
#4943 = ( GEOMETRIC_REPRESENTATION_CONTEXT(2) 
PARAMETRIC_REPRESENTATION_CONTEXT() REPRESENTATION_CONTEXT('2D SPACE',''
  ) );
#4944 = ORIENTED_EDGE('',*,*,#4736,.F.);
#4945 = ORIENTED_EDGE('',*,*,#2371,.T.);
#4946 = ADVANCED_FACE('',(#4947),#2591,.F.);
#4947 = FACE_BOUND('',#4948,.F.);
#4948 = EDGE_LOOP('',(#4949,#4978,#4998,#4999,#5000));
#4949 = ORIENTED_EDGE('',*,*,#4950,.F.);
#4950 = EDGE_CURVE('',#4951,#4953,#4955,.T.);
#4951 = VERTEX_POINT('',#4952);
#4952 = CARTESIAN_POINT('',(7.15,-5.E-02,12.));
#4953 = VERTEX_POINT('',#4954);
#4954 = CARTESIAN_POINT('',(6.584314575051,-5.E-02,12.1));
#4955 = SURFACE_CURVE('',#4956,(#4961,#4967),.PCURVE_S1.);
#4956 = CIRCLE('',#4957,1.65);
#4957 = AXIS2_PLACEMENT_3D('',#4958,#4959,#4960);
#4958 = CARTESIAN_POINT('',(7.15,-5.E-02,13.65));
#4959 = DIRECTION('',(0.,1.,-0.));
#4960 = DIRECTION('',(-1.,0.,0.));
#4961 = PCURVE('',#2591,#4962);
#4962 = DEFINITIONAL_REPRESENTATION('',(#4963),#4966);
#4963 = B_SPLINE_CURVE_WITH_KNOTS('',1,(#4964,#4965),.UNSPECIFIED.,.F.,
  .F.,(2,2),(4.712388980385,6.28318530718),.PIECEWISE_BEZIER_KNOTS.);
#4964 = CARTESIAN_POINT('',(0.,-1.570796326795));
#4965 = CARTESIAN_POINT('',(0.,0.));
#4966 = ( GEOMETRIC_REPRESENTATION_CONTEXT(2) 
PARAMETRIC_REPRESENTATION_CONTEXT() REPRESENTATION_CONTEXT('2D SPACE',''
  ) );
#4967 = PCURVE('',#4968,#4973);
#4968 = CYLINDRICAL_SURFACE('',#4969,1.65);
#4969 = AXIS2_PLACEMENT_3D('',#4970,#4971,#4972);
#4970 = CARTESIAN_POINT('',(7.15,-1.7,13.65));
#4971 = DIRECTION('',(-0.,1.,0.));
#4972 = DIRECTION('',(-1.,-0.,0.));
#4973 = DEFINITIONAL_REPRESENTATION('',(#4974),#4977);
#4974 = B_SPLINE_CURVE_WITH_KNOTS('',1,(#4975,#4976),.UNSPECIFIED.,.F.,
  .F.,(2,2),(4.712388980385,6.28318530718),.PIECEWISE_BEZIER_KNOTS.);
#4975 = CARTESIAN_POINT('',(-1.570796326795,1.65));
#4976 = CARTESIAN_POINT('',(0.,1.65));
#4977 = ( GEOMETRIC_REPRESENTATION_CONTEXT(2) 
PARAMETRIC_REPRESENTATION_CONTEXT() REPRESENTATION_CONTEXT('2D SPACE',''
  ) );
#4978 = ORIENTED_EDGE('',*,*,#4979,.T.);
#4979 = EDGE_CURVE('',#4951,#2575,#4980,.T.);
#4980 = SURFACE_CURVE('',#4981,(#4986,#4992),.PCURVE_S1.);
#4981 = CIRCLE('',#4982,1.65);
#4982 = AXIS2_PLACEMENT_3D('',#4983,#4984,#4985);
#4983 = CARTESIAN_POINT('',(7.15,-5.E-02,13.65));
#4984 = DIRECTION('',(-1.,2.832769448824E-16,0.));
#4985 = DIRECTION('',(-2.832769448824E-16,-1.,0.));
#4986 = PCURVE('',#2591,#4987);
#4987 = DEFINITIONAL_REPRESENTATION('',(#4988),#4991);
#4988 = B_SPLINE_CURVE_WITH_KNOTS('',1,(#4989,#4990),.UNSPECIFIED.,.F.,
  .F.,(2,2),(4.712388980385,6.28318530718),.PIECEWISE_BEZIER_KNOTS.);
#4989 = CARTESIAN_POINT('',(1.570796326795,-1.570796326795));
#4990 = CARTESIAN_POINT('',(1.570796326795,0.));
#4991 = ( GEOMETRIC_REPRESENTATION_CONTEXT(2) 
PARAMETRIC_REPRESENTATION_CONTEXT() REPRESENTATION_CONTEXT('2D SPACE',''
  ) );
#4992 = PCURVE('',#2691,#4993);
#4993 = DEFINITIONAL_REPRESENTATION('',(#4994),#4997);
#4994 = B_SPLINE_CURVE_WITH_KNOTS('',1,(#4995,#4996),.UNSPECIFIED.,.F.,
  .F.,(2,2),(4.712388980385,6.28318530718),.PIECEWISE_BEZIER_KNOTS.);
#4995 = CARTESIAN_POINT('',(1.570796326795,1.65));
#4996 = CARTESIAN_POINT('',(0.,1.65));
#4997 = ( GEOMETRIC_REPRESENTATION_CONTEXT(2) 
PARAMETRIC_REPRESENTATION_CONTEXT() REPRESENTATION_CONTEXT('2D SPACE',''
  ) );
#4998 = ORIENTED_EDGE('',*,*,#2574,.F.);
#4999 = ORIENTED_EDGE('',*,*,#4334,.T.);
#5000 = ORIENTED_EDGE('',*,*,#5001,.F.);
#5001 = EDGE_CURVE('',#4953,#4311,#5002,.T.);
#5002 = SURFACE_CURVE('',#5003,(#5008,#5015),.PCURVE_S1.);
#5003 = CIRCLE('',#5004,0.565685424949);
#5004 = AXIS2_PLACEMENT_3D('',#5005,#5006,#5007);
#5005 = CARTESIAN_POINT('',(7.15,-5.E-02,12.1));
#5006 = DIRECTION('',(0.,0.,1.));
#5007 = DIRECTION('',(-1.,0.,0.));
#5008 = PCURVE('',#2591,#5009);
#5009 = DEFINITIONAL_REPRESENTATION('',(#5010),#5014);
#5010 = LINE('',#5011,#5012);
#5011 = CARTESIAN_POINT('',(0.,-1.220858235464));
#5012 = VECTOR('',#5013,1.);
#5013 = DIRECTION('',(1.,0.));
#5014 = ( GEOMETRIC_REPRESENTATION_CONTEXT(2) 
PARAMETRIC_REPRESENTATION_CONTEXT() REPRESENTATION_CONTEXT('2D SPACE',''
  ) );
#5015 = PCURVE('',#3615,#5016);
#5016 = DEFINITIONAL_REPRESENTATION('',(#5017),#5021);
#5017 = CIRCLE('',#5018,0.565685424949);
#5018 = AXIS2_PLACEMENT_2D('',#5019,#5020);
#5019 = CARTESIAN_POINT('',(7.15,-5.E-02));
#5020 = DIRECTION('',(-1.,0.));
#5021 = ( GEOMETRIC_REPRESENTATION_CONTEXT(2) 
PARAMETRIC_REPRESENTATION_CONTEXT() REPRESENTATION_CONTEXT('2D SPACE',''
  ) );
#5022 = ADVANCED_FACE('',(#5023),#2691,.F.);
#5023 = FACE_BOUND('',#5024,.F.);
#5024 = EDGE_LOOP('',(#5025,#5026,#5054,#5074));
#5025 = ORIENTED_EDGE('',*,*,#4979,.F.);
#5026 = ORIENTED_EDGE('',*,*,#5027,.T.);
#5027 = EDGE_CURVE('',#4951,#5028,#5030,.T.);
#5028 = VERTEX_POINT('',#5029);
#5029 = CARTESIAN_POINT('',(8.35,-5.E-02,12.));
#5030 = SURFACE_CURVE('',#5031,(#5035,#5042),.PCURVE_S1.);
#5031 = LINE('',#5032,#5033);
#5032 = CARTESIAN_POINT('',(5.5,-5.E-02,12.));
#5033 = VECTOR('',#5034,1.);
#5034 = DIRECTION('',(1.,0.,-0.));
#5035 = PCURVE('',#2691,#5036);
#5036 = DEFINITIONAL_REPRESENTATION('',(#5037),#5041);
#5037 = LINE('',#5038,#5039);
#5038 = CARTESIAN_POINT('',(1.570796326795,0.));
#5039 = VECTOR('',#5040,1.);
#5040 = DIRECTION('',(0.,1.));
#5041 = ( GEOMETRIC_REPRESENTATION_CONTEXT(2) 
PARAMETRIC_REPRESENTATION_CONTEXT() REPRESENTATION_CONTEXT('2D SPACE',''
  ) );
#5042 = PCURVE('',#5043,#5048);
#5043 = PLANE('',#5044);
#5044 = AXIS2_PLACEMENT_3D('',#5045,#5046,#5047);
#5045 = CARTESIAN_POINT('',(5.5,-1.7,12.));
#5046 = DIRECTION('',(0.,0.,1.));
#5047 = DIRECTION('',(1.,0.,-0.));
#5048 = DEFINITIONAL_REPRESENTATION('',(#5049),#5053);
#5049 = LINE('',#5050,#5051);
#5050 = CARTESIAN_POINT('',(0.,1.65));
#5051 = VECTOR('',#5052,1.);
#5052 = DIRECTION('',(1.,0.));
#5053 = ( GEOMETRIC_REPRESENTATION_CONTEXT(2) 
PARAMETRIC_REPRESENTATION_CONTEXT() REPRESENTATION_CONTEXT('2D SPACE',''
  ) );
#5054 = ORIENTED_EDGE('',*,*,#5055,.T.);
#5055 = EDGE_CURVE('',#5028,#2676,#5056,.T.);
#5056 = SURFACE_CURVE('',#5057,(#5062,#5068),.PCURVE_S1.);
#5057 = CIRCLE('',#5058,1.65);
#5058 = AXIS2_PLACEMENT_3D('',#5059,#5060,#5061);
#5059 = CARTESIAN_POINT('',(8.35,-5.E-02,13.65));
#5060 = DIRECTION('',(-1.,-2.832769448824E-16,0.));
#5061 = DIRECTION('',(2.832769448824E-16,-1.,-0.));
#5062 = PCURVE('',#2691,#5063);
#5063 = DEFINITIONAL_REPRESENTATION('',(#5064),#5067);
#5064 = B_SPLINE_CURVE_WITH_KNOTS('',1,(#5065,#5066),.UNSPECIFIED.,.F.,
  .F.,(2,2),(4.712388980385,6.28318530718),.PIECEWISE_BEZIER_KNOTS.);
#5065 = CARTESIAN_POINT('',(1.570796326795,2.85));
#5066 = CARTESIAN_POINT('',(0.,2.85));
#5067 = ( GEOMETRIC_REPRESENTATION_CONTEXT(2) 
PARAMETRIC_REPRESENTATION_CONTEXT() REPRESENTATION_CONTEXT('2D SPACE',''
  ) );
#5068 = PCURVE('',#2872,#5069);
#5069 = DEFINITIONAL_REPRESENTATION('',(#5070),#5073);
#5070 = B_SPLINE_CURVE_WITH_KNOTS('',1,(#5071,#5072),.UNSPECIFIED.,.F.,
  .F.,(2,2),(4.712388980385,6.28318530718),.PIECEWISE_BEZIER_KNOTS.);
#5071 = CARTESIAN_POINT('',(-1.570796326795,-1.570796326795));
#5072 = CARTESIAN_POINT('',(-1.570796326795,0.));
#5073 = ( GEOMETRIC_REPRESENTATION_CONTEXT(2) 
PARAMETRIC_REPRESENTATION_CONTEXT() REPRESENTATION_CONTEXT('2D SPACE',''
  ) );
#5074 = ORIENTED_EDGE('',*,*,#2675,.F.);
#5075 = ADVANCED_FACE('',(#5076),#2797,.F.);
#5076 = FACE_BOUND('',#5077,.T.);
#5077 = EDGE_LOOP('',(#5078,#5102,#5122,#5123,#5182));
#5078 = ORIENTED_EDGE('',*,*,#5079,.F.);
#5079 = EDGE_CURVE('',#5080,#5082,#5084,.T.);
#5080 = VERTEX_POINT('',#5081);
#5081 = CARTESIAN_POINT('',(7.15,5.E-02,12.));
#5082 = VERTEX_POINT('',#5083);
#5083 = CARTESIAN_POINT('',(6.584314575051,5.E-02,12.1));
#5084 = SURFACE_CURVE('',#5085,(#5090,#5096),.PCURVE_S1.);
#5085 = CIRCLE('',#5086,1.65);
#5086 = AXIS2_PLACEMENT_3D('',#5087,#5088,#5089);
#5087 = CARTESIAN_POINT('',(7.15,5.E-02,13.65));
#5088 = DIRECTION('',(0.,1.,-0.));
#5089 = DIRECTION('',(-1.,0.,0.));
#5090 = PCURVE('',#2797,#5091);
#5091 = DEFINITIONAL_REPRESENTATION('',(#5092),#5095);
#5092 = B_SPLINE_CURVE_WITH_KNOTS('',1,(#5093,#5094),.UNSPECIFIED.,.F.,
  .F.,(2,2),(4.712388980385,6.28318530718),.PIECEWISE_BEZIER_KNOTS.);
#5093 = CARTESIAN_POINT('',(0.,-1.570796326795));
#5094 = CARTESIAN_POINT('',(0.,0.));
#5095 = ( GEOMETRIC_REPRESENTATION_CONTEXT(2) 
PARAMETRIC_REPRESENTATION_CONTEXT() REPRESENTATION_CONTEXT('2D SPACE',''
  ) );
#5096 = PCURVE('',#4968,#5097);
#5097 = DEFINITIONAL_REPRESENTATION('',(#5098),#5101);
#5098 = B_SPLINE_CURVE_WITH_KNOTS('',1,(#5099,#5100),.UNSPECIFIED.,.F.,
  .F.,(2,2),(4.712388980385,6.28318530718),.PIECEWISE_BEZIER_KNOTS.);
#5099 = CARTESIAN_POINT('',(-1.570796326795,1.75));
#5100 = CARTESIAN_POINT('',(0.,1.75));
#5101 = ( GEOMETRIC_REPRESENTATION_CONTEXT(2) 
PARAMETRIC_REPRESENTATION_CONTEXT() REPRESENTATION_CONTEXT('2D SPACE',''
  ) );
#5102 = ORIENTED_EDGE('',*,*,#5103,.T.);
#5103 = EDGE_CURVE('',#5080,#2781,#5104,.T.);
#5104 = SURFACE_CURVE('',#5105,(#5110,#5116),.PCURVE_S1.);
#5105 = CIRCLE('',#5106,1.65);
#5106 = AXIS2_PLACEMENT_3D('',#5107,#5108,#5109);
#5107 = CARTESIAN_POINT('',(7.15,5.E-02,13.65));
#5108 = DIRECTION('',(1.,2.832769448824E-16,-0.));
#5109 = DIRECTION('',(-2.832769448824E-16,1.,0.));
#5110 = PCURVE('',#2797,#5111);
#5111 = DEFINITIONAL_REPRESENTATION('',(#5112),#5115);
#5112 = B_SPLINE_CURVE_WITH_KNOTS('',1,(#5113,#5114),.UNSPECIFIED.,.F.,
  .F.,(2,2),(4.712388980385,6.28318530718),.PIECEWISE_BEZIER_KNOTS.);
#5113 = CARTESIAN_POINT('',(-1.570796326795,-1.570796326795));
#5114 = CARTESIAN_POINT('',(-1.570796326795,0.));
#5115 = ( GEOMETRIC_REPRESENTATION_CONTEXT(2) 
PARAMETRIC_REPRESENTATION_CONTEXT() REPRESENTATION_CONTEXT('2D SPACE',''
  ) );
#5116 = PCURVE('',#2905,#5117);
#5117 = DEFINITIONAL_REPRESENTATION('',(#5118),#5121);
#5118 = B_SPLINE_CURVE_WITH_KNOTS('',1,(#5119,#5120),.UNSPECIFIED.,.F.,
  .F.,(2,2),(4.712388980385,6.28318530718),.PIECEWISE_BEZIER_KNOTS.);
#5119 = CARTESIAN_POINT('',(-1.570796326795,1.65));
#5120 = CARTESIAN_POINT('',(0.,1.65));
#5121 = ( GEOMETRIC_REPRESENTATION_CONTEXT(2) 
PARAMETRIC_REPRESENTATION_CONTEXT() REPRESENTATION_CONTEXT('2D SPACE',''
  ) );
#5122 = ORIENTED_EDGE('',*,*,#2780,.F.);
#5123 = ORIENTED_EDGE('',*,*,#5124,.F.);
#5124 = EDGE_CURVE('',#5125,#2755,#5127,.T.);
#5125 = VERTEX_POINT('',#5126);
#5126 = CARTESIAN_POINT('',(6.975258601896,0.588019928803,12.1));
#5127 = SURFACE_CURVE('',#5128,(#5152,#5172),.PCURVE_S1.);
#5128 = B_SPLINE_CURVE_WITH_KNOTS('',4,(#5129,#5130,#5131,#5132,#5133,
    #5134,#5135,#5136,#5137,#5138,#5139,#5140,#5141,#5142,#5143,#5144,
    #5145,#5146,#5147,#5148,#5149,#5150,#5151),.UNSPECIFIED.,.F.,.F.,(5,
    3,3,3,3,3,3,5),(0.,0.122183865212,0.237813583092,0.376820786202,
    0.475311690376,0.59870501272,0.776399500338,1.),.UNSPECIFIED.);
#5129 = CARTESIAN_POINT('',(6.975258743732,0.588018246305,12.0999994));
#5130 = CARTESIAN_POINT('',(6.970376695751,0.645930646266,12.12065166495
    ));
#5131 = CARTESIAN_POINT('',(6.964941564585,0.702743459743,
    12.144257070206));
#5132 = CARTESIAN_POINT('',(6.959025840263,0.758228175879,
    12.170727910201));
#5133 = CARTESIAN_POINT('',(6.94675897586,0.863239411788,12.227592969913
    ));
#5134 = CARTESIAN_POINT('',(6.940447956578,0.912926074333,12.25770075231
    ));
#5135 = CARTESIAN_POINT('',(6.933869825504,0.961068297603,
    12.290165702164));
#5136 = CARTESIAN_POINT('',(6.918992803474,1.063354343866,
    12.366577796902));
#5137 = CARTESIAN_POINT('',(6.910614421965,1.116743846376,
    12.411519619152));
#5138 = CARTESIAN_POINT('',(6.902135369917,1.167424160227,
    12.459474792525));
#5139 = CARTESIAN_POINT('',(6.887751687945,1.249022555439,
    12.546123824619));
#5140 = CARTESIAN_POINT('',(6.881816814954,1.281395249147,
    12.583443200102));
#5141 = CARTESIAN_POINT('',(6.875968926601,1.312226379729,
    12.622058652923));
#5142 = CARTESIAN_POINT('',(6.863112846355,1.378068905965,
    12.711752369016));
#5143 = CARTESIAN_POINT('',(6.85618490001,1.412166274995,12.763513229398
    ));
#5144 = CARTESIAN_POINT('',(6.849585506817,1.443620874171,
    12.816962266441));
#5145 = CARTESIAN_POINT('',(6.834509823302,1.513692449201,
    12.950988981861));
#5146 = CARTESIAN_POINT('',(6.82648457979,1.549370011132,13.033154936591
    ));
#5147 = CARTESIAN_POINT('',(6.819609246509,1.579087538045,
    13.117760122861));
#5148 = CARTESIAN_POINT('',(6.807074126076,1.632382450718,
    13.312793946153));
#5149 = CARTESIAN_POINT('',(6.80218512796,1.652390613584,13.424250870036
    ));
#5150 = CARTESIAN_POINT('',(6.799738498142,1.662394765656,
    13.537126142801));
#5151 = CARTESIAN_POINT('',(6.799738498142,1.662394765656,13.65));
#5152 = PCURVE('',#2797,#5153);
#5153 = DEFINITIONAL_REPRESENTATION('',(#5154),#5171);
#5154 = B_SPLINE_CURVE_WITH_KNOTS('',8,(#5155,#5156,#5157,#5158,#5159,
    #5160,#5161,#5162,#5163,#5164,#5165,#5166,#5167,#5168,#5169,#5170),
  .UNSPECIFIED.,.F.,.F.,(9,7,9),(0.,0.5,1.),.UNSPECIFIED.);
#5155 = CARTESIAN_POINT('',(-1.25675721859,-1.220859296125));
#5156 = CARTESIAN_POINT('',(-1.304668478768,-1.146159380711));
#5157 = CARTESIAN_POINT('',(-1.324744958766,-1.07020425598));
#5158 = CARTESIAN_POINT('',(-1.339816228999,-0.994105400392));
#5159 = CARTESIAN_POINT('',(-1.346737359038,-0.917688759196));
#5160 = CARTESIAN_POINT('',(-1.352520116578,-0.841300898769));
#5161 = CARTESIAN_POINT('',(-1.355290397535,-0.764827420851));
#5162 = CARTESIAN_POINT('',(-1.357029310954,-0.688354136643));
#5163 = CARTESIAN_POINT('',(-1.358736688411,-0.535391543036));
#5164 = CARTESIAN_POINT('',(-1.358754920837,-0.458905103606));
#5165 = CARTESIAN_POINT('',(-1.358371986798,-0.382419653099));
#5166 = CARTESIAN_POINT('',(-1.35786860864,-0.305936510139));
#5167 = CARTESIAN_POINT('',(-1.357407634964,-0.229454235173));
#5168 = CARTESIAN_POINT('',(-1.357069734362,-0.152970685233));
#5169 = CARTESIAN_POINT('',(-1.35688908916,-7.648506868912E-02));
#5170 = CARTESIAN_POINT('',(-1.35688908916,0.));
#5171 = ( GEOMETRIC_REPRESENTATION_CONTEXT(2) 
PARAMETRIC_REPRESENTATION_CONTEXT() REPRESENTATION_CONTEXT('2D SPACE',''
  ) );
#5172 = PCURVE('',#2769,#5173);
#5173 = DEFINITIONAL_REPRESENTATION('',(#5174),#5181);
#5174 = B_SPLINE_CURVE_WITH_KNOTS('',5,(#5175,#5176,#5177,#5178,#5179,
    #5180),.UNSPECIFIED.,.F.,.F.,(6,6),(0.,1.),
  .PIECEWISE_BEZIER_KNOTS.);
#5175 = CARTESIAN_POINT('',(8.410171484312E-02,-5.999999999062E-07));
#5176 = CARTESIAN_POINT('',(0.138462706199,0.135220297875));
#5177 = CARTESIAN_POINT('',(0.186799162062,0.389183246693));
#5178 = CARTESIAN_POINT('',(0.222118491509,0.742283674232));
#5179 = CARTESIAN_POINT('',(0.239775923577,1.146158837321));
#5180 = CARTESIAN_POINT('',(0.239775923577,1.55));
#5181 = ( GEOMETRIC_REPRESENTATION_CONTEXT(2) 
PARAMETRIC_REPRESENTATION_CONTEXT() REPRESENTATION_CONTEXT('2D SPACE',''
  ) );
#5182 = ORIENTED_EDGE('',*,*,#5183,.T.);
#5183 = EDGE_CURVE('',#5125,#5082,#5184,.T.);
#5184 = SURFACE_CURVE('',#5185,(#5190,#5197),.PCURVE_S1.);
#5185 = CIRCLE('',#5186,0.565685424949);
#5186 = AXIS2_PLACEMENT_3D('',#5187,#5188,#5189);
#5187 = CARTESIAN_POINT('',(7.15,5.E-02,12.1));
#5188 = DIRECTION('',(0.,0.,1.));
#5189 = DIRECTION('',(-1.,0.,0.));
#5190 = PCURVE('',#2797,#5191);
#5191 = DEFINITIONAL_REPRESENTATION('',(#5192),#5196);
#5192 = LINE('',#5193,#5194);
#5193 = CARTESIAN_POINT('',(-6.28318530718,-1.220858235464));
#5194 = VECTOR('',#5195,1.);
#5195 = DIRECTION('',(1.,-0.));
#5196 = ( GEOMETRIC_REPRESENTATION_CONTEXT(2) 
PARAMETRIC_REPRESENTATION_CONTEXT() REPRESENTATION_CONTEXT('2D SPACE',''
  ) );
#5197 = PCURVE('',#3615,#5198);
#5198 = DEFINITIONAL_REPRESENTATION('',(#5199),#5203);
#5199 = CIRCLE('',#5200,0.565685424949);
#5200 = AXIS2_PLACEMENT_2D('',#5201,#5202);
#5201 = CARTESIAN_POINT('',(7.15,5.E-02));
#5202 = DIRECTION('',(-1.,0.));
#5203 = ( GEOMETRIC_REPRESENTATION_CONTEXT(2) 
PARAMETRIC_REPRESENTATION_CONTEXT() REPRESENTATION_CONTEXT('2D SPACE',''
  ) );
#5204 = ADVANCED_FACE('',(#5205),#2769,.F.);
#5205 = FACE_BOUND('',#5206,.F.);
#5206 = EDGE_LOOP('',(#5207,#5208,#5209,#5210,#5234,#5336));
#5207 = ORIENTED_EDGE('',*,*,#3779,.F.);
#5208 = ORIENTED_EDGE('',*,*,#2754,.F.);
#5209 = ORIENTED_EDGE('',*,*,#5124,.F.);
#5210 = ORIENTED_EDGE('',*,*,#5211,.T.);
#5211 = EDGE_CURVE('',#5125,#5212,#5214,.T.);
#5212 = VERTEX_POINT('',#5213);
#5213 = CARTESIAN_POINT('',(0.588019928803,6.975258601896,12.1));
#5214 = SURFACE_CURVE('',#5215,(#5220,#5227),.PCURVE_S1.);
#5215 = CIRCLE('',#5216,7.);
#5216 = AXIS2_PLACEMENT_3D('',#5217,#5218,#5219);
#5217 = CARTESIAN_POINT('',(0.,0.,12.1));
#5218 = DIRECTION('',(0.,0.,1.));
#5219 = DIRECTION('',(1.,0.,-0.));
#5220 = PCURVE('',#2769,#5221);
#5221 = DEFINITIONAL_REPRESENTATION('',(#5222),#5226);
#5222 = LINE('',#5223,#5224);
#5223 = CARTESIAN_POINT('',(0.,0.));
#5224 = VECTOR('',#5225,1.);
#5225 = DIRECTION('',(1.,0.));
#5226 = ( GEOMETRIC_REPRESENTATION_CONTEXT(2) 
PARAMETRIC_REPRESENTATION_CONTEXT() REPRESENTATION_CONTEXT('2D SPACE',''
  ) );
#5227 = PCURVE('',#3615,#5228);
#5228 = DEFINITIONAL_REPRESENTATION('',(#5229),#5233);
#5229 = CIRCLE('',#5230,7.);
#5230 = AXIS2_PLACEMENT_2D('',#5231,#5232);
#5231 = CARTESIAN_POINT('',(0.,0.));
#5232 = DIRECTION('',(1.,0.));
#5233 = ( GEOMETRIC_REPRESENTATION_CONTEXT(2) 
PARAMETRIC_REPRESENTATION_CONTEXT() REPRESENTATION_CONTEXT('2D SPACE',''
  ) );
#5234 = ORIENTED_EDGE('',*,*,#5235,.F.);
#5235 = EDGE_CURVE('',#3332,#5212,#5236,.T.);
#5236 = SURFACE_CURVE('',#5237,(#5268,#5302),.PCURVE_S1.);
#5237 = B_SPLINE_CURVE_WITH_KNOTS('',8,(#5238,#5239,#5240,#5241,#5242,
    #5243,#5244,#5245,#5246,#5247,#5248,#5249,#5250,#5251,#5252,#5253,
    #5254,#5255,#5256,#5257,#5258,#5259,#5260,#5261,#5262,#5263,#5264,
    #5265,#5266,#5267),.UNSPECIFIED.,.F.,.F.,(9,7,7,7,9),(0.,
    0.60353277916,0.781504383726,0.91537081914,1.),.UNSPECIFIED.);
#5238 = CARTESIAN_POINT('',(1.662394765656,6.799738498142,13.65));
#5239 = CARTESIAN_POINT('',(1.662394765656,6.799738498142,
    13.509574663158));
#5240 = CARTESIAN_POINT('',(1.649122648865,6.802983171534,
    13.369533818675));
#5241 = CARTESIAN_POINT('',(1.622705709434,6.809441840155,
    13.230413143359));
#5242 = CARTESIAN_POINT('',(1.582907569238,6.819017507461,
    13.093013863223));
#5243 = CARTESIAN_POINT('',(1.529368390741,6.831499329183,
    12.958361280367));
#5244 = CARTESIAN_POINT('',(1.46161961029,6.846515624362,12.827739395875
    ));
#5245 = CARTESIAN_POINT('',(1.379177815123,6.863509354288,
    12.702665966108));
#5246 = CARTESIAN_POINT('',(1.252566196827,6.887084876819,
    12.550330118115));
#5247 = CARTESIAN_POINT('',(1.222409085244,6.892557386244,
    12.516296413542));
#5248 = CARTESIAN_POINT('',(1.190915679989,6.898113349761,
    12.482970948017));
#5249 = CARTESIAN_POINT('',(1.158076616004,6.903730346444,
    12.450410759998));
#5250 = CARTESIAN_POINT('',(1.123886519392,6.909383612487,
    12.418678878196));
#5251 = CARTESIAN_POINT('',(1.088345134607,6.915046039669,
    12.387843764024));
#5252 = CARTESIAN_POINT('',(1.051458605573,6.920688307566,
    12.357978667931));
#5253 = CARTESIAN_POINT('',(0.984494377825,6.930484461265,
    12.307484790562));
#5254 = CARTESIAN_POINT('',(0.954999948345,6.934659914898,
    12.286405163585));
#5255 = CARTESIAN_POINT('',(0.924760767572,6.938792692908,
    12.265952125358));
#5256 = CARTESIAN_POINT('',(0.893787182004,6.942868641394,
    12.246161100609));
#5257 = CARTESIAN_POINT('',(0.862097913459,6.946872341854,
    12.227071881955));
#5258 = CARTESIAN_POINT('',(0.829721903883,6.950787319331,
    12.208727424644));
#5259 = CARTESIAN_POINT('',(0.796700830852,6.954596386891,
    12.191172386252));
#5260 = CARTESIAN_POINT('',(0.741845272732,6.960612218516,
    12.163880558304));
#5261 = CARTESIAN_POINT('',(0.720369031168,6.962892398478,
    12.153645845133));
#5262 = CARTESIAN_POINT('',(0.698676134082,6.965118596241,
    12.143757041792));
#5263 = CARTESIAN_POINT('',(0.676787170622,6.967285997887,
    12.134227038402));
#5264 = CARTESIAN_POINT('',(0.654731735593,6.969389285184,12.1250707268)
  );
#5265 = CARTESIAN_POINT('',(0.632549410995,6.971422875099,
    12.116303882118));
#5266 = CARTESIAN_POINT('',(0.610290747563,6.973381159314,
    12.107942044362));
#5267 = CARTESIAN_POINT('',(0.588018246305,6.975258743732,12.0999994));
#5268 = PCURVE('',#2769,#5269);
#5269 = DEFINITIONAL_REPRESENTATION('',(#5270),#5301);
#5270 = B_SPLINE_CURVE_WITH_KNOTS('',8,(#5271,#5272,#5273,#5274,#5275,
    #5276,#5277,#5278,#5279,#5280,#5281,#5282,#5283,#5284,#5285,#5286,
    #5287,#5288,#5289,#5290,#5291,#5292,#5293,#5294,#5295,#5296,#5297,
    #5298,#5299,#5300),.UNSPECIFIED.,.F.,.F.,(9,7,7,7,9),(0.,
    0.60353277916,0.781504383726,0.91537081914,1.),.UNSPECIFIED.);
#5271 = CARTESIAN_POINT('',(1.331020403218,1.55));
#5272 = CARTESIAN_POINT('',(1.331020403218,1.409574663158));
#5273 = CARTESIAN_POINT('',(1.332972259025,1.269533818675));
#5274 = CARTESIAN_POINT('',(1.336857256217,1.130413143359));
#5275 = CARTESIAN_POINT('',(1.342704927706,0.993013863223));
#5276 = CARTESIAN_POINT('',(1.350558026703,0.858361280367));
#5277 = CARTESIAN_POINT('',(1.360469941307,0.727739395875));
#5278 = CARTESIAN_POINT('',(1.37249273296,0.602665966108));
#5279 = CARTESIAN_POINT('',(1.390890995495,0.450330118115));
#5280 = CARTESIAN_POINT('',(1.395269467853,0.416296413542));
#5281 = CARTESIAN_POINT('',(1.399837908253,0.382970948017));
#5282 = CARTESIAN_POINT('',(1.404597199646,0.350410759998));
#5283 = CARTESIAN_POINT('',(1.409547655269,0.318678878196));
#5284 = CARTESIAN_POINT('',(1.41468886969,0.287843764024));
#5285 = CARTESIAN_POINT('',(1.420019550726,0.257978667931));
#5286 = CARTESIAN_POINT('',(1.429687689463,0.207484790562));
#5287 = CARTESIAN_POINT('',(1.433943146372,0.186405163585));
#5288 = CARTESIAN_POINT('',(1.43830310259,0.165952125358));
#5289 = CARTESIAN_POINT('',(1.442765934478,0.146161100609));
#5290 = CARTESIAN_POINT('',(1.447328834574,0.127071881955));
#5291 = CARTESIAN_POINT('',(1.4519875554,0.108727424644));
#5292 = CARTESIAN_POINT('',(1.456736057624,9.117238625162E-02));
#5293 = CARTESIAN_POINT('',(1.464619549142,6.388055830377E-02));
#5294 = CARTESIAN_POINT('',(1.467704809352,5.36458451329E-02));
#5295 = CARTESIAN_POINT('',(1.47082003795,4.375704179176E-02));
#5296 = CARTESIAN_POINT('',(1.473962284049,3.422703840222E-02));
#5297 = CARTESIAN_POINT('',(1.477127313331,2.507072680039E-02));
#5298 = CARTESIAN_POINT('',(1.480309470256,1.63038821178E-02));
#5299 = CARTESIAN_POINT('',(1.483501540257,7.942044362468E-03));
#5300 = CARTESIAN_POINT('',(1.486694611952,-6.E-07));
#5301 = ( GEOMETRIC_REPRESENTATION_CONTEXT(2) 
PARAMETRIC_REPRESENTATION_CONTEXT() REPRESENTATION_CONTEXT('2D SPACE',''
  ) );
#5302 = PCURVE('',#3348,#5303);
#5303 = DEFINITIONAL_REPRESENTATION('',(#5304),#5335);
#5304 = B_SPLINE_CURVE_WITH_KNOTS('',8,(#5305,#5306,#5307,#5308,#5309,
    #5310,#5311,#5312,#5313,#5314,#5315,#5316,#5317,#5318,#5319,#5320,
    #5321,#5322,#5323,#5324,#5325,#5326,#5327,#5328,#5329,#5330,#5331,
    #5332,#5333,#5334),.UNSPECIFIED.,.F.,.F.,(9,7,7,7,9),(0.,
    0.60353277916,0.781504383726,0.91537081914,1.),.UNSPECIFIED.);
#5305 = CARTESIAN_POINT('',(-0.213907237635,0.));
#5306 = CARTESIAN_POINT('',(-0.213907237635,-8.510626475259E-02));
#5307 = CARTESIAN_POINT('',(-0.2136970914,-0.169979768148));
#5308 = CARTESIAN_POINT('',(-0.21325661807,-0.255233634543));
#5309 = CARTESIAN_POINT('',(-0.212710837306,-0.34130450592));
#5310 = CARTESIAN_POINT('',(-0.212095068943,-0.428578270502));
#5311 = CARTESIAN_POINT('',(-0.211798223959,-0.517426895684));
#5312 = CARTESIAN_POINT('',(-0.212116488993,-0.608253748889));
#5313 = CARTESIAN_POINT('',(-0.215224792347,-0.729127780555));
#5314 = CARTESIAN_POINT('',(-0.216113674777,-0.756864276664));
#5315 = CARTESIAN_POINT('',(-0.217220500877,-0.784821915468));
#5316 = CARTESIAN_POINT('',(-0.218592715338,-0.813009408929));
#5317 = CARTESIAN_POINT('',(-0.220288583663,-0.841433133732));
#5318 = CARTESIAN_POINT('',(-0.222382594525,-0.870096921178));
#5319 = CARTESIAN_POINT('',(-0.224975974765,-0.899001454508));
#5320 = CARTESIAN_POINT('',(-0.230646624424,-0.950063126919));
#5321 = CARTESIAN_POINT('',(-0.233444508858,-0.972113223707));
#5322 = CARTESIAN_POINT('',(-0.236666817607,-0.994294520629));
#5323 = CARTESIAN_POINT('',(-0.240390170803,-1.016602686218));
#5324 = CARTESIAN_POINT('',(-0.244708556404,-1.039027965384));
#5325 = CARTESIAN_POINT('',(-0.24974120379,-1.06155421535));
#5326 = CARTESIAN_POINT('',(-0.255646735954,-1.084157113099));
#5327 = CARTESIAN_POINT('',(-0.267066956262,-1.121117137885));
#5328 = CARTESIAN_POINT('',(-0.271925491848,-1.135445595681));
#5329 = CARTESIAN_POINT('',(-0.277274412283,-1.149779445143));
#5330 = CARTESIAN_POINT('',(-0.283178178539,-1.164105784658));
#5331 = CARTESIAN_POINT('',(-0.28971201154,-1.178405767345));
#5332 = CARTESIAN_POINT('',(-0.296963396383,-1.192654094844));
#5333 = CARTESIAN_POINT('',(-0.305033586567,-1.206818511096));
#5334 = CARTESIAN_POINT('',(-0.314039108205,-1.220859296125));
#5335 = ( GEOMETRIC_REPRESENTATION_CONTEXT(2) 
PARAMETRIC_REPRESENTATION_CONTEXT() REPRESENTATION_CONTEXT('2D SPACE',''
  ) );
#5336 = ORIENTED_EDGE('',*,*,#3360,.T.);
#5337 = ADVANCED_FACE('',(#5338),#2872,.F.);
#5338 = FACE_BOUND('',#5339,.T.);
#5339 = EDGE_LOOP('',(#5340,#5360,#5361));
#5340 = ORIENTED_EDGE('',*,*,#5341,.F.);
#5341 = EDGE_CURVE('',#5028,#2835,#5342,.T.);
#5342 = SURFACE_CURVE('',#5343,(#5348,#5354),.PCURVE_S1.);
#5343 = CIRCLE('',#5344,1.65);
#5344 = AXIS2_PLACEMENT_3D('',#5345,#5346,#5347);
#5345 = CARTESIAN_POINT('',(8.35,-5.E-02,13.65));
#5346 = DIRECTION('',(0.,-1.,0.));
#5347 = DIRECTION('',(1.,0.,0.));
#5348 = PCURVE('',#2872,#5349);
#5349 = DEFINITIONAL_REPRESENTATION('',(#5350),#5353);
#5350 = B_SPLINE_CURVE_WITH_KNOTS('',1,(#5351,#5352),.UNSPECIFIED.,.F.,
  .F.,(2,2),(4.712388980385,6.28318530718),.PIECEWISE_BEZIER_KNOTS.);
#5351 = CARTESIAN_POINT('',(0.,-1.570796326795));
#5352 = CARTESIAN_POINT('',(0.,0.));
#5353 = ( GEOMETRIC_REPRESENTATION_CONTEXT(2) 
PARAMETRIC_REPRESENTATION_CONTEXT() REPRESENTATION_CONTEXT('2D SPACE',''
  ) );
#5354 = PCURVE('',#2960,#5355);
#5355 = DEFINITIONAL_REPRESENTATION('',(#5356),#5359);
#5356 = B_SPLINE_CURVE_WITH_KNOTS('',1,(#5357,#5358),.UNSPECIFIED.,.F.,
  .F.,(2,2),(4.712388980385,6.28318530718),.PIECEWISE_BEZIER_KNOTS.);
#5357 = CARTESIAN_POINT('',(1.570796326795,1.65));
#5358 = CARTESIAN_POINT('',(0.,1.65));
#5359 = ( GEOMETRIC_REPRESENTATION_CONTEXT(2) 
PARAMETRIC_REPRESENTATION_CONTEXT() REPRESENTATION_CONTEXT('2D SPACE',''
  ) );
#5360 = ORIENTED_EDGE('',*,*,#5055,.T.);
#5361 = ORIENTED_EDGE('',*,*,#2857,.F.);
#5362 = ADVANCED_FACE('',(#5363),#2905,.F.);
#5363 = FACE_BOUND('',#5364,.T.);
#5364 = EDGE_LOOP('',(#5365,#5366,#5389,#5409));
#5365 = ORIENTED_EDGE('',*,*,#5103,.F.);
#5366 = ORIENTED_EDGE('',*,*,#5367,.T.);
#5367 = EDGE_CURVE('',#5080,#5368,#5370,.T.);
#5368 = VERTEX_POINT('',#5369);
#5369 = CARTESIAN_POINT('',(8.35,5.E-02,12.));
#5370 = SURFACE_CURVE('',#5371,(#5375,#5382),.PCURVE_S1.);
#5371 = LINE('',#5372,#5373);
#5372 = CARTESIAN_POINT('',(5.5,5.E-02,12.));
#5373 = VECTOR('',#5374,1.);
#5374 = DIRECTION('',(1.,0.,-0.));
#5375 = PCURVE('',#2905,#5376);
#5376 = DEFINITIONAL_REPRESENTATION('',(#5377),#5381);
#5377 = LINE('',#5378,#5379);
#5378 = CARTESIAN_POINT('',(-1.570796326795,0.));
#5379 = VECTOR('',#5380,1.);
#5380 = DIRECTION('',(-0.,1.));
#5381 = ( GEOMETRIC_REPRESENTATION_CONTEXT(2) 
PARAMETRIC_REPRESENTATION_CONTEXT() REPRESENTATION_CONTEXT('2D SPACE',''
  ) );
#5382 = PCURVE('',#5043,#5383);
#5383 = DEFINITIONAL_REPRESENTATION('',(#5384),#5388);
#5384 = LINE('',#5385,#5386);
#5385 = CARTESIAN_POINT('',(0.,1.75));
#5386 = VECTOR('',#5387,1.);
#5387 = DIRECTION('',(1.,0.));
#5388 = ( GEOMETRIC_REPRESENTATION_CONTEXT(2) 
PARAMETRIC_REPRESENTATION_CONTEXT() REPRESENTATION_CONTEXT('2D SPACE',''
  ) );
#5389 = ORIENTED_EDGE('',*,*,#5390,.T.);
#5390 = EDGE_CURVE('',#5368,#2890,#5391,.T.);
#5391 = SURFACE_CURVE('',#5392,(#5397,#5403),.PCURVE_S1.);
#5392 = CIRCLE('',#5393,1.65);
#5393 = AXIS2_PLACEMENT_3D('',#5394,#5395,#5396);
#5394 = CARTESIAN_POINT('',(8.35,5.E-02,13.65));
#5395 = DIRECTION('',(1.,-2.832769448824E-16,0.));
#5396 = DIRECTION('',(2.832769448824E-16,1.,0.));
#5397 = PCURVE('',#2905,#5398);
#5398 = DEFINITIONAL_REPRESENTATION('',(#5399),#5402);
#5399 = B_SPLINE_CURVE_WITH_KNOTS('',1,(#5400,#5401),.UNSPECIFIED.,.F.,
  .F.,(2,2),(4.712388980385,6.28318530718),.PIECEWISE_BEZIER_KNOTS.);
#5400 = CARTESIAN_POINT('',(-1.570796326795,2.85));
#5401 = CARTESIAN_POINT('',(0.,2.85));
#5402 = ( GEOMETRIC_REPRESENTATION_CONTEXT(2) 
PARAMETRIC_REPRESENTATION_CONTEXT() REPRESENTATION_CONTEXT('2D SPACE',''
  ) );
#5403 = PCURVE('',#3013,#5404);
#5404 = DEFINITIONAL_REPRESENTATION('',(#5405),#5408);
#5405 = B_SPLINE_CURVE_WITH_KNOTS('',1,(#5406,#5407),.UNSPECIFIED.,.F.,
  .F.,(2,2),(4.712388980385,6.28318530718),.PIECEWISE_BEZIER_KNOTS.);
#5406 = CARTESIAN_POINT('',(1.570796326795,-1.570796326795));
#5407 = CARTESIAN_POINT('',(1.570796326795,0.));
#5408 = ( GEOMETRIC_REPRESENTATION_CONTEXT(2) 
PARAMETRIC_REPRESENTATION_CONTEXT() REPRESENTATION_CONTEXT('2D SPACE',''
  ) );
#5409 = ORIENTED_EDGE('',*,*,#2889,.F.);
#5410 = ADVANCED_FACE('',(#5411),#2960,.F.);
#5411 = FACE_BOUND('',#5412,.F.);
#5412 = EDGE_LOOP('',(#5413,#5414,#5435,#5455));
#5413 = ORIENTED_EDGE('',*,*,#5341,.F.);
#5414 = ORIENTED_EDGE('',*,*,#5415,.T.);
#5415 = EDGE_CURVE('',#5028,#5368,#5416,.T.);
#5416 = SURFACE_CURVE('',#5417,(#5421,#5428),.PCURVE_S1.);
#5417 = LINE('',#5418,#5419);
#5418 = CARTESIAN_POINT('',(8.35,-1.7,12.));
#5419 = VECTOR('',#5420,1.);
#5420 = DIRECTION('',(-0.,1.,0.));
#5421 = PCURVE('',#2960,#5422);
#5422 = DEFINITIONAL_REPRESENTATION('',(#5423),#5427);
#5423 = LINE('',#5424,#5425);
#5424 = CARTESIAN_POINT('',(1.570796326795,0.));
#5425 = VECTOR('',#5426,1.);
#5426 = DIRECTION('',(0.,1.));
#5427 = ( GEOMETRIC_REPRESENTATION_CONTEXT(2) 
PARAMETRIC_REPRESENTATION_CONTEXT() REPRESENTATION_CONTEXT('2D SPACE',''
  ) );
#5428 = PCURVE('',#5043,#5429);
#5429 = DEFINITIONAL_REPRESENTATION('',(#5430),#5434);
#5430 = LINE('',#5431,#5432);
#5431 = CARTESIAN_POINT('',(2.85,0.));
#5432 = VECTOR('',#5433,1.);
#5433 = DIRECTION('',(0.,1.));
#5434 = ( GEOMETRIC_REPRESENTATION_CONTEXT(2) 
PARAMETRIC_REPRESENTATION_CONTEXT() REPRESENTATION_CONTEXT('2D SPACE',''
  ) );
#5435 = ORIENTED_EDGE('',*,*,#5436,.T.);
#5436 = EDGE_CURVE('',#5368,#2945,#5437,.T.);
#5437 = SURFACE_CURVE('',#5438,(#5443,#5449),.PCURVE_S1.);
#5438 = CIRCLE('',#5439,1.65);
#5439 = AXIS2_PLACEMENT_3D('',#5440,#5441,#5442);
#5440 = CARTESIAN_POINT('',(8.35,5.E-02,13.65));
#5441 = DIRECTION('',(0.,-1.,0.));
#5442 = DIRECTION('',(1.,0.,0.));
#5443 = PCURVE('',#2960,#5444);
#5444 = DEFINITIONAL_REPRESENTATION('',(#5445),#5448);
#5445 = B_SPLINE_CURVE_WITH_KNOTS('',1,(#5446,#5447),.UNSPECIFIED.,.F.,
  .F.,(2,2),(4.712388980385,6.28318530718),.PIECEWISE_BEZIER_KNOTS.);
#5446 = CARTESIAN_POINT('',(1.570796326795,1.75));
#5447 = CARTESIAN_POINT('',(0.,1.75));
#5448 = ( GEOMETRIC_REPRESENTATION_CONTEXT(2) 
PARAMETRIC_REPRESENTATION_CONTEXT() REPRESENTATION_CONTEXT('2D SPACE',''
  ) );
#5449 = PCURVE('',#3013,#5450);
#5450 = DEFINITIONAL_REPRESENTATION('',(#5451),#5454);
#5451 = B_SPLINE_CURVE_WITH_KNOTS('',1,(#5452,#5453),.UNSPECIFIED.,.F.,
  .F.,(2,2),(4.712388980385,6.28318530718),.PIECEWISE_BEZIER_KNOTS.);
#5452 = CARTESIAN_POINT('',(0.,-1.570796326795));
#5453 = CARTESIAN_POINT('',(0.,0.));
#5454 = ( GEOMETRIC_REPRESENTATION_CONTEXT(2) 
PARAMETRIC_REPRESENTATION_CONTEXT() REPRESENTATION_CONTEXT('2D SPACE',''
  ) );
#5455 = ORIENTED_EDGE('',*,*,#2944,.F.);
#5456 = ADVANCED_FACE('',(#5457),#3013,.F.);
#5457 = FACE_BOUND('',#5458,.F.);
#5458 = EDGE_LOOP('',(#5459,#5460,#5461));
#5459 = ORIENTED_EDGE('',*,*,#5436,.F.);
#5460 = ORIENTED_EDGE('',*,*,#5390,.T.);
#5461 = ORIENTED_EDGE('',*,*,#2998,.F.);
#5462 = ADVANCED_FACE('',(#5463),#3070,.F.);
#5463 = FACE_BOUND('',#5464,.F.);
#5464 = EDGE_LOOP('',(#5465,#5487,#5514,#5536,#5537));
#5465 = ORIENTED_EDGE('',*,*,#5466,.F.);
#5466 = EDGE_CURVE('',#5467,#3031,#5469,.T.);
#5467 = VERTEX_POINT('',#5468);
#5468 = CARTESIAN_POINT('',(-5.E-02,7.15,12.));
#5469 = SURFACE_CURVE('',#5470,(#5475,#5481),.PCURVE_S1.);
#5470 = CIRCLE('',#5471,1.65);
#5471 = AXIS2_PLACEMENT_3D('',#5472,#5473,#5474);
#5472 = CARTESIAN_POINT('',(-5.E-02,7.15,13.65));
#5473 = DIRECTION('',(0.,1.,-0.));
#5474 = DIRECTION('',(-1.,0.,0.));
#5475 = PCURVE('',#3070,#5476);
#5476 = DEFINITIONAL_REPRESENTATION('',(#5477),#5480);
#5477 = B_SPLINE_CURVE_WITH_KNOTS('',1,(#5478,#5479),.UNSPECIFIED.,.F.,
  .F.,(2,2),(4.712388980385,6.28318530718),.PIECEWISE_BEZIER_KNOTS.);
#5478 = CARTESIAN_POINT('',(0.,-1.570796326795));
#5479 = CARTESIAN_POINT('',(0.,0.));
#5480 = ( GEOMETRIC_REPRESENTATION_CONTEXT(2) 
PARAMETRIC_REPRESENTATION_CONTEXT() REPRESENTATION_CONTEXT('2D SPACE',''
  ) );
#5481 = PCURVE('',#3169,#5482);
#5482 = DEFINITIONAL_REPRESENTATION('',(#5483),#5486);
#5483 = B_SPLINE_CURVE_WITH_KNOTS('',1,(#5484,#5485),.UNSPECIFIED.,.F.,
  .F.,(2,2),(4.712388980385,6.28318530718),.PIECEWISE_BEZIER_KNOTS.);
#5484 = CARTESIAN_POINT('',(-1.570796326795,1.65));
#5485 = CARTESIAN_POINT('',(0.,1.65));
#5486 = ( GEOMETRIC_REPRESENTATION_CONTEXT(2) 
PARAMETRIC_REPRESENTATION_CONTEXT() REPRESENTATION_CONTEXT('2D SPACE',''
  ) );
#5487 = ORIENTED_EDGE('',*,*,#5488,.T.);
#5488 = EDGE_CURVE('',#5467,#5489,#5491,.T.);
#5489 = VERTEX_POINT('',#5490);
#5490 = CARTESIAN_POINT('',(-5.E-02,6.584314575051,12.1));
#5491 = SURFACE_CURVE('',#5492,(#5497,#5503),.PCURVE_S1.);
#5492 = CIRCLE('',#5493,1.65);
#5493 = AXIS2_PLACEMENT_3D('',#5494,#5495,#5496);
#5494 = CARTESIAN_POINT('',(-5.E-02,7.15,13.65));
#5495 = DIRECTION('',(-1.,6.123233995737E-17,0.));
#5496 = DIRECTION('',(-6.123233995737E-17,-1.,0.));
#5497 = PCURVE('',#3070,#5498);
#5498 = DEFINITIONAL_REPRESENTATION('',(#5499),#5502);
#5499 = B_SPLINE_CURVE_WITH_KNOTS('',1,(#5500,#5501),.UNSPECIFIED.,.F.,
  .F.,(2,2),(4.712388980385,6.28318530718),.PIECEWISE_BEZIER_KNOTS.);
#5500 = CARTESIAN_POINT('',(1.570796326795,-1.570796326795));
#5501 = CARTESIAN_POINT('',(1.570796326795,0.));
#5502 = ( GEOMETRIC_REPRESENTATION_CONTEXT(2) 
PARAMETRIC_REPRESENTATION_CONTEXT() REPRESENTATION_CONTEXT('2D SPACE',''
  ) );
#5503 = PCURVE('',#5504,#5509);
#5504 = CYLINDRICAL_SURFACE('',#5505,1.65);
#5505 = AXIS2_PLACEMENT_3D('',#5506,#5507,#5508);
#5506 = CARTESIAN_POINT('',(-1.7,7.15,13.65));
#5507 = DIRECTION('',(1.,0.,-0.));
#5508 = DIRECTION('',(0.,-1.,0.));
#5509 = DEFINITIONAL_REPRESENTATION('',(#5510),#5513);
#5510 = B_SPLINE_CURVE_WITH_KNOTS('',1,(#5511,#5512),.UNSPECIFIED.,.F.,
  .F.,(2,2),(4.712388980385,6.28318530718),.PIECEWISE_BEZIER_KNOTS.);
#5511 = CARTESIAN_POINT('',(1.570796326795,1.65));
#5512 = CARTESIAN_POINT('',(0.,1.65));
#5513 = ( GEOMETRIC_REPRESENTATION_CONTEXT(2) 
PARAMETRIC_REPRESENTATION_CONTEXT() REPRESENTATION_CONTEXT('2D SPACE',''
  ) );
#5514 = ORIENTED_EDGE('',*,*,#5515,.F.);
#5515 = EDGE_CURVE('',#4814,#5489,#5516,.T.);
#5516 = SURFACE_CURVE('',#5517,(#5522,#5529),.PCURVE_S1.);
#5517 = CIRCLE('',#5518,0.565685424949);
#5518 = AXIS2_PLACEMENT_3D('',#5519,#5520,#5521);
#5519 = CARTESIAN_POINT('',(-5.E-02,7.15,12.1));
#5520 = DIRECTION('',(0.,0.,1.));
#5521 = DIRECTION('',(-1.,0.,0.));
#5522 = PCURVE('',#3070,#5523);
#5523 = DEFINITIONAL_REPRESENTATION('',(#5524),#5528);
#5524 = LINE('',#5525,#5526);
#5525 = CARTESIAN_POINT('',(0.,-1.220858235464));
#5526 = VECTOR('',#5527,1.);
#5527 = DIRECTION('',(1.,0.));
#5528 = ( GEOMETRIC_REPRESENTATION_CONTEXT(2) 
PARAMETRIC_REPRESENTATION_CONTEXT() REPRESENTATION_CONTEXT('2D SPACE',''
  ) );
#5529 = PCURVE('',#3615,#5530);
#5530 = DEFINITIONAL_REPRESENTATION('',(#5531),#5535);
#5531 = CIRCLE('',#5532,0.565685424949);
#5532 = AXIS2_PLACEMENT_2D('',#5533,#5534);
#5533 = CARTESIAN_POINT('',(-5.E-02,7.15));
#5534 = DIRECTION('',(-1.,0.));
#5535 = ( GEOMETRIC_REPRESENTATION_CONTEXT(2) 
PARAMETRIC_REPRESENTATION_CONTEXT() REPRESENTATION_CONTEXT('2D SPACE',''
  ) );
#5536 = ORIENTED_EDGE('',*,*,#4813,.T.);
#5537 = ORIENTED_EDGE('',*,*,#3053,.F.);
#5538 = ADVANCED_FACE('',(#5539),#3169,.F.);
#5539 = FACE_BOUND('',#5540,.T.);
#5540 = EDGE_LOOP('',(#5541,#5542,#5570,#5590));
#5541 = ORIENTED_EDGE('',*,*,#5466,.F.);
#5542 = ORIENTED_EDGE('',*,*,#5543,.T.);
#5543 = EDGE_CURVE('',#5467,#5544,#5546,.T.);
#5544 = VERTEX_POINT('',#5545);
#5545 = CARTESIAN_POINT('',(-5.E-02,8.35,12.));
#5546 = SURFACE_CURVE('',#5547,(#5551,#5558),.PCURVE_S1.);
#5547 = LINE('',#5548,#5549);
#5548 = CARTESIAN_POINT('',(-5.E-02,5.5,12.));
#5549 = VECTOR('',#5550,1.);
#5550 = DIRECTION('',(-0.,1.,0.));
#5551 = PCURVE('',#3169,#5552);
#5552 = DEFINITIONAL_REPRESENTATION('',(#5553),#5557);
#5553 = LINE('',#5554,#5555);
#5554 = CARTESIAN_POINT('',(-1.570796326795,0.));
#5555 = VECTOR('',#5556,1.);
#5556 = DIRECTION('',(-0.,1.));
#5557 = ( GEOMETRIC_REPRESENTATION_CONTEXT(2) 
PARAMETRIC_REPRESENTATION_CONTEXT() REPRESENTATION_CONTEXT('2D SPACE',''
  ) );
#5558 = PCURVE('',#5559,#5564);
#5559 = PLANE('',#5560);
#5560 = AXIS2_PLACEMENT_3D('',#5561,#5562,#5563);
#5561 = CARTESIAN_POINT('',(-1.7,5.5,12.));
#5562 = DIRECTION('',(0.,0.,1.));
#5563 = DIRECTION('',(1.,0.,-0.));
#5564 = DEFINITIONAL_REPRESENTATION('',(#5565),#5569);
#5565 = LINE('',#5566,#5567);
#5566 = CARTESIAN_POINT('',(1.65,0.));
#5567 = VECTOR('',#5568,1.);
#5568 = DIRECTION('',(0.,1.));
#5569 = ( GEOMETRIC_REPRESENTATION_CONTEXT(2) 
PARAMETRIC_REPRESENTATION_CONTEXT() REPRESENTATION_CONTEXT('2D SPACE',''
  ) );
#5570 = ORIENTED_EDGE('',*,*,#5571,.T.);
#5571 = EDGE_CURVE('',#5544,#3154,#5572,.T.);
#5572 = SURFACE_CURVE('',#5573,(#5578,#5584),.PCURVE_S1.);
#5573 = CIRCLE('',#5574,1.65);
#5574 = AXIS2_PLACEMENT_3D('',#5575,#5576,#5577);
#5575 = CARTESIAN_POINT('',(-5.E-02,8.35,13.65));
#5576 = DIRECTION('',(-1.345724878334E-16,1.,0.));
#5577 = DIRECTION('',(-1.,-1.345724878334E-16,0.));
#5578 = PCURVE('',#3169,#5579);
#5579 = DEFINITIONAL_REPRESENTATION('',(#5580),#5583);
#5580 = B_SPLINE_CURVE_WITH_KNOTS('',1,(#5581,#5582),.UNSPECIFIED.,.F.,
  .F.,(2,2),(4.712388980385,6.28318530718),.PIECEWISE_BEZIER_KNOTS.);
#5581 = CARTESIAN_POINT('',(-1.570796326795,2.85));
#5582 = CARTESIAN_POINT('',(0.,2.85));
#5583 = ( GEOMETRIC_REPRESENTATION_CONTEXT(2) 
PARAMETRIC_REPRESENTATION_CONTEXT() REPRESENTATION_CONTEXT('2D SPACE',''
  ) );
#5584 = PCURVE('',#3271,#5585);
#5585 = DEFINITIONAL_REPRESENTATION('',(#5586),#5589);
#5586 = B_SPLINE_CURVE_WITH_KNOTS('',1,(#5587,#5588),.UNSPECIFIED.,.F.,
  .F.,(2,2),(4.712388980385,6.28318530718),.PIECEWISE_BEZIER_KNOTS.);
#5587 = CARTESIAN_POINT('',(0.,-1.570796326795));
#5588 = CARTESIAN_POINT('',(0.,0.));
#5589 = ( GEOMETRIC_REPRESENTATION_CONTEXT(2) 
PARAMETRIC_REPRESENTATION_CONTEXT() REPRESENTATION_CONTEXT('2D SPACE',''
  ) );
#5590 = ORIENTED_EDGE('',*,*,#3153,.F.);
#5591 = ADVANCED_FACE('',(#5592),#3271,.F.);
#5592 = FACE_BOUND('',#5593,.T.);
#5593 = EDGE_LOOP('',(#5594,#5595,#5615));
#5594 = ORIENTED_EDGE('',*,*,#5571,.F.);
#5595 = ORIENTED_EDGE('',*,*,#5596,.T.);
#5596 = EDGE_CURVE('',#5544,#3255,#5597,.T.);
#5597 = SURFACE_CURVE('',#5598,(#5603,#5609),.PCURVE_S1.);
#5598 = CIRCLE('',#5599,1.65);
#5599 = AXIS2_PLACEMENT_3D('',#5600,#5601,#5602);
#5600 = CARTESIAN_POINT('',(-5.E-02,8.35,13.65));
#5601 = DIRECTION('',(1.,-2.623977713431E-17,0.));
#5602 = DIRECTION('',(2.623977713431E-17,1.,0.));
#5603 = PCURVE('',#3271,#5604);
#5604 = DEFINITIONAL_REPRESENTATION('',(#5605),#5608);
#5605 = B_SPLINE_CURVE_WITH_KNOTS('',1,(#5606,#5607),.UNSPECIFIED.,.F.,
  .F.,(2,2),(4.712388980385,6.28318530718),.PIECEWISE_BEZIER_KNOTS.);
#5606 = CARTESIAN_POINT('',(-1.570796326795,-1.570796326795));
#5607 = CARTESIAN_POINT('',(-1.570796326795,0.));
#5608 = ( GEOMETRIC_REPRESENTATION_CONTEXT(2) 
PARAMETRIC_REPRESENTATION_CONTEXT() REPRESENTATION_CONTEXT('2D SPACE',''
  ) );
#5609 = PCURVE('',#3424,#5610);
#5610 = DEFINITIONAL_REPRESENTATION('',(#5611),#5614);
#5611 = B_SPLINE_CURVE_WITH_KNOTS('',1,(#5612,#5613),.UNSPECIFIED.,.F.,
  .F.,(2,2),(4.712388980385,6.28318530718),.PIECEWISE_BEZIER_KNOTS.);
#5612 = CARTESIAN_POINT('',(-1.570796326795,1.65));
#5613 = CARTESIAN_POINT('',(0.,1.65));
#5614 = ( GEOMETRIC_REPRESENTATION_CONTEXT(2) 
PARAMETRIC_REPRESENTATION_CONTEXT() REPRESENTATION_CONTEXT('2D SPACE',''
  ) );
#5615 = ORIENTED_EDGE('',*,*,#3254,.F.);
#5616 = ADVANCED_FACE('',(#5617),#3348,.F.);
#5617 = FACE_BOUND('',#5618,.T.);
#5618 = EDGE_LOOP('',(#5619,#5641,#5663,#5685,#5686));
#5619 = ORIENTED_EDGE('',*,*,#5620,.F.);
#5620 = EDGE_CURVE('',#5621,#3309,#5623,.T.);
#5621 = VERTEX_POINT('',#5622);
#5622 = CARTESIAN_POINT('',(5.E-02,7.15,12.));
#5623 = SURFACE_CURVE('',#5624,(#5629,#5635),.PCURVE_S1.);
#5624 = CIRCLE('',#5625,1.65);
#5625 = AXIS2_PLACEMENT_3D('',#5626,#5627,#5628);
#5626 = CARTESIAN_POINT('',(5.E-02,7.15,13.65));
#5627 = DIRECTION('',(0.,-1.,0.));
#5628 = DIRECTION('',(1.,0.,0.));
#5629 = PCURVE('',#3348,#5630);
#5630 = DEFINITIONAL_REPRESENTATION('',(#5631),#5634);
#5631 = B_SPLINE_CURVE_WITH_KNOTS('',1,(#5632,#5633),.UNSPECIFIED.,.F.,
  .F.,(2,2),(4.712388980385,6.28318530718),.PIECEWISE_BEZIER_KNOTS.);
#5632 = CARTESIAN_POINT('',(0.,-1.570796326795));
#5633 = CARTESIAN_POINT('',(0.,0.));
#5634 = ( GEOMETRIC_REPRESENTATION_CONTEXT(2) 
PARAMETRIC_REPRESENTATION_CONTEXT() REPRESENTATION_CONTEXT('2D SPACE',''
  ) );
#5635 = PCURVE('',#3479,#5636);
#5636 = DEFINITIONAL_REPRESENTATION('',(#5637),#5640);
#5637 = B_SPLINE_CURVE_WITH_KNOTS('',1,(#5638,#5639),.UNSPECIFIED.,.F.,
  .F.,(2,2),(4.712388980385,6.28318530718),.PIECEWISE_BEZIER_KNOTS.);
#5638 = CARTESIAN_POINT('',(1.570796326795,1.65));
#5639 = CARTESIAN_POINT('',(0.,1.65));
#5640 = ( GEOMETRIC_REPRESENTATION_CONTEXT(2) 
PARAMETRIC_REPRESENTATION_CONTEXT() REPRESENTATION_CONTEXT('2D SPACE',''
  ) );
#5641 = ORIENTED_EDGE('',*,*,#5642,.T.);
#5642 = EDGE_CURVE('',#5621,#5643,#5645,.T.);
#5643 = VERTEX_POINT('',#5644);
#5644 = CARTESIAN_POINT('',(5.E-02,6.584314575051,12.1));
#5645 = SURFACE_CURVE('',#5646,(#5651,#5657),.PCURVE_S1.);
#5646 = CIRCLE('',#5647,1.65);
#5647 = AXIS2_PLACEMENT_3D('',#5648,#5649,#5650);
#5648 = CARTESIAN_POINT('',(5.E-02,7.15,13.65));
#5649 = DIRECTION('',(-1.,-6.123233995737E-17,0.));
#5650 = DIRECTION('',(6.123233995737E-17,-1.,-0.));
#5651 = PCURVE('',#3348,#5652);
#5652 = DEFINITIONAL_REPRESENTATION('',(#5653),#5656);
#5653 = B_SPLINE_CURVE_WITH_KNOTS('',1,(#5654,#5655),.UNSPECIFIED.,.F.,
  .F.,(2,2),(4.712388980385,6.28318530718),.PIECEWISE_BEZIER_KNOTS.);
#5654 = CARTESIAN_POINT('',(-1.570796326795,-1.570796326795));
#5655 = CARTESIAN_POINT('',(-1.570796326795,0.));
#5656 = ( GEOMETRIC_REPRESENTATION_CONTEXT(2) 
PARAMETRIC_REPRESENTATION_CONTEXT() REPRESENTATION_CONTEXT('2D SPACE',''
  ) );
#5657 = PCURVE('',#5504,#5658);
#5658 = DEFINITIONAL_REPRESENTATION('',(#5659),#5662);
#5659 = B_SPLINE_CURVE_WITH_KNOTS('',1,(#5660,#5661),.UNSPECIFIED.,.F.,
  .F.,(2,2),(4.712388980385,6.28318530718),.PIECEWISE_BEZIER_KNOTS.);
#5660 = CARTESIAN_POINT('',(1.570796326795,1.75));
#5661 = CARTESIAN_POINT('',(0.,1.75));
#5662 = ( GEOMETRIC_REPRESENTATION_CONTEXT(2) 
PARAMETRIC_REPRESENTATION_CONTEXT() REPRESENTATION_CONTEXT('2D SPACE',''
  ) );
#5663 = ORIENTED_EDGE('',*,*,#5664,.T.);
#5664 = EDGE_CURVE('',#5643,#5212,#5665,.T.);
#5665 = SURFACE_CURVE('',#5666,(#5671,#5678),.PCURVE_S1.);
#5666 = CIRCLE('',#5667,0.565685424949);
#5667 = AXIS2_PLACEMENT_3D('',#5668,#5669,#5670);
#5668 = CARTESIAN_POINT('',(5.E-02,7.15,12.1));
#5669 = DIRECTION('',(0.,0.,1.));
#5670 = DIRECTION('',(1.,0.,-0.));
#5671 = PCURVE('',#3348,#5672);
#5672 = DEFINITIONAL_REPRESENTATION('',(#5673),#5677);
#5673 = LINE('',#5674,#5675);
#5674 = CARTESIAN_POINT('',(-6.28318530718,-1.220858235464));
#5675 = VECTOR('',#5676,1.);
#5676 = DIRECTION('',(1.,-0.));
#5677 = ( GEOMETRIC_REPRESENTATION_CONTEXT(2) 
PARAMETRIC_REPRESENTATION_CONTEXT() REPRESENTATION_CONTEXT('2D SPACE',''
  ) );
#5678 = PCURVE('',#3615,#5679);
#5679 = DEFINITIONAL_REPRESENTATION('',(#5680),#5684);
#5680 = CIRCLE('',#5681,0.565685424949);
#5681 = AXIS2_PLACEMENT_2D('',#5682,#5683);
#5682 = CARTESIAN_POINT('',(5.E-02,7.15));
#5683 = DIRECTION('',(1.,0.));
#5684 = ( GEOMETRIC_REPRESENTATION_CONTEXT(2) 
PARAMETRIC_REPRESENTATION_CONTEXT() REPRESENTATION_CONTEXT('2D SPACE',''
  ) );
#5685 = ORIENTED_EDGE('',*,*,#5235,.F.);
#5686 = ORIENTED_EDGE('',*,*,#3331,.F.);
#5687 = ADVANCED_FACE('',(#5688),#3424,.F.);
#5688 = FACE_BOUND('',#5689,.T.);
#5689 = EDGE_LOOP('',(#5690,#5691,#5714,#5734));
#5690 = ORIENTED_EDGE('',*,*,#5596,.F.);
#5691 = ORIENTED_EDGE('',*,*,#5692,.T.);
#5692 = EDGE_CURVE('',#5544,#5693,#5695,.T.);
#5693 = VERTEX_POINT('',#5694);
#5694 = CARTESIAN_POINT('',(5.E-02,8.35,12.));
#5695 = SURFACE_CURVE('',#5696,(#5700,#5707),.PCURVE_S1.);
#5696 = LINE('',#5697,#5698);
#5697 = CARTESIAN_POINT('',(-1.7,8.35,12.));
#5698 = VECTOR('',#5699,1.);
#5699 = DIRECTION('',(1.,0.,-0.));
#5700 = PCURVE('',#3424,#5701);
#5701 = DEFINITIONAL_REPRESENTATION('',(#5702),#5706);
#5702 = LINE('',#5703,#5704);
#5703 = CARTESIAN_POINT('',(-1.570796326795,0.));
#5704 = VECTOR('',#5705,1.);
#5705 = DIRECTION('',(-0.,1.));
#5706 = ( GEOMETRIC_REPRESENTATION_CONTEXT(2) 
PARAMETRIC_REPRESENTATION_CONTEXT() REPRESENTATION_CONTEXT('2D SPACE',''
  ) );
#5707 = PCURVE('',#5559,#5708);
#5708 = DEFINITIONAL_REPRESENTATION('',(#5709),#5713);
#5709 = LINE('',#5710,#5711);
#5710 = CARTESIAN_POINT('',(0.,2.85));
#5711 = VECTOR('',#5712,1.);
#5712 = DIRECTION('',(1.,0.));
#5713 = ( GEOMETRIC_REPRESENTATION_CONTEXT(2) 
PARAMETRIC_REPRESENTATION_CONTEXT() REPRESENTATION_CONTEXT('2D SPACE',''
  ) );
#5714 = ORIENTED_EDGE('',*,*,#5715,.T.);
#5715 = EDGE_CURVE('',#5693,#3409,#5716,.T.);
#5716 = SURFACE_CURVE('',#5717,(#5722,#5728),.PCURVE_S1.);
#5717 = CIRCLE('',#5718,1.65);
#5718 = AXIS2_PLACEMENT_3D('',#5719,#5720,#5721);
#5719 = CARTESIAN_POINT('',(5.E-02,8.35,13.65));
#5720 = DIRECTION('',(1.,2.623977713431E-17,-0.));
#5721 = DIRECTION('',(-2.623977713431E-17,1.,-0.));
#5722 = PCURVE('',#3424,#5723);
#5723 = DEFINITIONAL_REPRESENTATION('',(#5724),#5727);
#5724 = B_SPLINE_CURVE_WITH_KNOTS('',1,(#5725,#5726),.UNSPECIFIED.,.F.,
  .F.,(2,2),(4.712388980385,6.28318530718),.PIECEWISE_BEZIER_KNOTS.);
#5725 = CARTESIAN_POINT('',(-1.570796326795,1.75));
#5726 = CARTESIAN_POINT('',(0.,1.75));
#5727 = ( GEOMETRIC_REPRESENTATION_CONTEXT(2) 
PARAMETRIC_REPRESENTATION_CONTEXT() REPRESENTATION_CONTEXT('2D SPACE',''
  ) );
#5728 = PCURVE('',#3532,#5729);
#5729 = DEFINITIONAL_REPRESENTATION('',(#5730),#5733);
#5730 = B_SPLINE_CURVE_WITH_KNOTS('',1,(#5731,#5732),.UNSPECIFIED.,.F.,
  .F.,(2,2),(4.712388980385,6.28318530718),.PIECEWISE_BEZIER_KNOTS.);
#5731 = CARTESIAN_POINT('',(1.570796326795,-1.570796326795));
#5732 = CARTESIAN_POINT('',(1.570796326795,0.));
#5733 = ( GEOMETRIC_REPRESENTATION_CONTEXT(2) 
PARAMETRIC_REPRESENTATION_CONTEXT() REPRESENTATION_CONTEXT('2D SPACE',''
  ) );
#5734 = ORIENTED_EDGE('',*,*,#3408,.F.);
#5735 = ADVANCED_FACE('',(#5736),#3479,.F.);
#5736 = FACE_BOUND('',#5737,.F.);
#5737 = EDGE_LOOP('',(#5738,#5739,#5760,#5780));
#5738 = ORIENTED_EDGE('',*,*,#5620,.F.);
#5739 = ORIENTED_EDGE('',*,*,#5740,.T.);
#5740 = EDGE_CURVE('',#5621,#5693,#5741,.T.);
#5741 = SURFACE_CURVE('',#5742,(#5746,#5753),.PCURVE_S1.);
#5742 = LINE('',#5743,#5744);
#5743 = CARTESIAN_POINT('',(5.E-02,5.5,12.));
#5744 = VECTOR('',#5745,1.);
#5745 = DIRECTION('',(-0.,1.,0.));
#5746 = PCURVE('',#3479,#5747);
#5747 = DEFINITIONAL_REPRESENTATION('',(#5748),#5752);
#5748 = LINE('',#5749,#5750);
#5749 = CARTESIAN_POINT('',(1.570796326795,0.));
#5750 = VECTOR('',#5751,1.);
#5751 = DIRECTION('',(0.,1.));
#5752 = ( GEOMETRIC_REPRESENTATION_CONTEXT(2) 
PARAMETRIC_REPRESENTATION_CONTEXT() REPRESENTATION_CONTEXT('2D SPACE',''
  ) );
#5753 = PCURVE('',#5559,#5754);
#5754 = DEFINITIONAL_REPRESENTATION('',(#5755),#5759);
#5755 = LINE('',#5756,#5757);
#5756 = CARTESIAN_POINT('',(1.75,0.));
#5757 = VECTOR('',#5758,1.);
#5758 = DIRECTION('',(0.,1.));
#5759 = ( GEOMETRIC_REPRESENTATION_CONTEXT(2) 
PARAMETRIC_REPRESENTATION_CONTEXT() REPRESENTATION_CONTEXT('2D SPACE',''
  ) );
#5760 = ORIENTED_EDGE('',*,*,#5761,.T.);
#5761 = EDGE_CURVE('',#5693,#3464,#5762,.T.);
#5762 = SURFACE_CURVE('',#5763,(#5768,#5774),.PCURVE_S1.);
#5763 = CIRCLE('',#5764,1.65);
#5764 = AXIS2_PLACEMENT_3D('',#5765,#5766,#5767);
#5765 = CARTESIAN_POINT('',(5.E-02,8.35,13.65));
#5766 = DIRECTION('',(-1.345724878334E-16,-1.,0.));
#5767 = DIRECTION('',(1.,-1.345724878334E-16,0.));
#5768 = PCURVE('',#3479,#5769);
#5769 = DEFINITIONAL_REPRESENTATION('',(#5770),#5773);
#5770 = B_SPLINE_CURVE_WITH_KNOTS('',1,(#5771,#5772),.UNSPECIFIED.,.F.,
  .F.,(2,2),(4.712388980385,6.28318530718),.PIECEWISE_BEZIER_KNOTS.);
#5771 = CARTESIAN_POINT('',(1.570796326795,2.85));
#5772 = CARTESIAN_POINT('',(0.,2.85));
#5773 = ( GEOMETRIC_REPRESENTATION_CONTEXT(2) 
PARAMETRIC_REPRESENTATION_CONTEXT() REPRESENTATION_CONTEXT('2D SPACE',''
  ) );
#5774 = PCURVE('',#3532,#5775);
#5775 = DEFINITIONAL_REPRESENTATION('',(#5776),#5779);
#5776 = B_SPLINE_CURVE_WITH_KNOTS('',1,(#5777,#5778),.UNSPECIFIED.,.F.,
  .F.,(2,2),(4.712388980385,6.28318530718),.PIECEWISE_BEZIER_KNOTS.);
#5777 = CARTESIAN_POINT('',(0.,-1.570796326795));
#5778 = CARTESIAN_POINT('',(0.,0.));
#5779 = ( GEOMETRIC_REPRESENTATION_CONTEXT(2) 
PARAMETRIC_REPRESENTATION_CONTEXT() REPRESENTATION_CONTEXT('2D SPACE',''
  ) );
#5780 = ORIENTED_EDGE('',*,*,#3463,.F.);
#5781 = ADVANCED_FACE('',(#5782),#3532,.F.);
#5782 = FACE_BOUND('',#5783,.F.);
#5783 = EDGE_LOOP('',(#5784,#5785,#5786));
#5784 = ORIENTED_EDGE('',*,*,#5761,.F.);
#5785 = ORIENTED_EDGE('',*,*,#5715,.T.);
#5786 = ORIENTED_EDGE('',*,*,#3517,.F.);
#5787 = ADVANCED_FACE('',(#5788,#5878),#3615,.T.);
#5788 = FACE_BOUND('',#5789,.T.);
#5789 = EDGE_LOOP('',(#5790,#5791,#5792,#5793,#5812,#5813,#5814,#5815,
    #5834,#5835,#5836,#5837,#5856,#5857,#5858,#5859));
#5790 = ORIENTED_EDGE('',*,*,#5183,.F.);
#5791 = ORIENTED_EDGE('',*,*,#5211,.T.);
#5792 = ORIENTED_EDGE('',*,*,#5664,.F.);
#5793 = ORIENTED_EDGE('',*,*,#5794,.F.);
#5794 = EDGE_CURVE('',#5489,#5643,#5795,.T.);
#5795 = SURFACE_CURVE('',#5796,(#5800,#5806),.PCURVE_S1.);
#5796 = LINE('',#5797,#5798);
#5797 = CARTESIAN_POINT('',(-1.7,6.584314575051,12.1));
#5798 = VECTOR('',#5799,1.);
#5799 = DIRECTION('',(1.,0.,-0.));
#5800 = PCURVE('',#3615,#5801);
#5801 = DEFINITIONAL_REPRESENTATION('',(#5802),#5805);
#5802 = B_SPLINE_CURVE_WITH_KNOTS('',1,(#5803,#5804),.UNSPECIFIED.,.F.,
  .F.,(2,2),(1.6499994,1.7500006),.PIECEWISE_BEZIER_KNOTS.);
#5803 = CARTESIAN_POINT('',(-5.00006E-02,6.584314575051));
#5804 = CARTESIAN_POINT('',(5.00006E-02,6.584314575051));
#5805 = ( GEOMETRIC_REPRESENTATION_CONTEXT(2) 
PARAMETRIC_REPRESENTATION_CONTEXT() REPRESENTATION_CONTEXT('2D SPACE',''
  ) );
#5806 = PCURVE('',#5504,#5807);
#5807 = DEFINITIONAL_REPRESENTATION('',(#5808),#5811);
#5808 = B_SPLINE_CURVE_WITH_KNOTS('',1,(#5809,#5810),.UNSPECIFIED.,.F.,
  .F.,(2,2),(1.6499994,1.7500006),.PIECEWISE_BEZIER_KNOTS.);
#5809 = CARTESIAN_POINT('',(1.220858235464,1.6499994));
#5810 = CARTESIAN_POINT('',(1.220858235464,1.7500006));
#5811 = ( GEOMETRIC_REPRESENTATION_CONTEXT(2) 
PARAMETRIC_REPRESENTATION_CONTEXT() REPRESENTATION_CONTEXT('2D SPACE',''
  ) );
#5812 = ORIENTED_EDGE('',*,*,#5515,.F.);
#5813 = ORIENTED_EDGE('',*,*,#4923,.T.);
#5814 = ORIENTED_EDGE('',*,*,#4786,.F.);
#5815 = ORIENTED_EDGE('',*,*,#5816,.F.);
#5816 = EDGE_CURVE('',#4610,#4713,#5817,.T.);
#5817 = SURFACE_CURVE('',#5818,(#5822,#5828),.PCURVE_S1.);
#5818 = LINE('',#5819,#5820);
#5819 = CARTESIAN_POINT('',(-6.584314575051,-1.7,12.1));
#5820 = VECTOR('',#5821,1.);
#5821 = DIRECTION('',(-0.,1.,0.));
#5822 = PCURVE('',#3615,#5823);
#5823 = DEFINITIONAL_REPRESENTATION('',(#5824),#5827);
#5824 = B_SPLINE_CURVE_WITH_KNOTS('',1,(#5825,#5826),.UNSPECIFIED.,.F.,
  .F.,(2,2),(1.6499994,1.7500006),.PIECEWISE_BEZIER_KNOTS.);
#5825 = CARTESIAN_POINT('',(-6.584314575051,-5.00006E-02));
#5826 = CARTESIAN_POINT('',(-6.584314575051,5.00006E-02));
#5827 = ( GEOMETRIC_REPRESENTATION_CONTEXT(2) 
PARAMETRIC_REPRESENTATION_CONTEXT() REPRESENTATION_CONTEXT('2D SPACE',''
  ) );
#5828 = PCURVE('',#4625,#5829);
#5829 = DEFINITIONAL_REPRESENTATION('',(#5830),#5833);
#5830 = B_SPLINE_CURVE_WITH_KNOTS('',1,(#5831,#5832),.UNSPECIFIED.,.F.,
  .F.,(2,2),(1.6499994,1.7500006),.PIECEWISE_BEZIER_KNOTS.);
#5831 = CARTESIAN_POINT('',(1.220858235464,1.6499994));
#5832 = CARTESIAN_POINT('',(1.220858235464,1.7500006));
#5833 = ( GEOMETRIC_REPRESENTATION_CONTEXT(2) 
PARAMETRIC_REPRESENTATION_CONTEXT() REPRESENTATION_CONTEXT('2D SPACE',''
  ) );
#5834 = ORIENTED_EDGE('',*,*,#4639,.F.);
#5835 = ORIENTED_EDGE('',*,*,#3940,.T.);
#5836 = ORIENTED_EDGE('',*,*,#4097,.F.);
#5837 = ORIENTED_EDGE('',*,*,#5838,.T.);
#5838 = EDGE_CURVE('',#4071,#4389,#5839,.T.);
#5839 = SURFACE_CURVE('',#5840,(#5844,#5850),.PCURVE_S1.);
#5840 = LINE('',#5841,#5842);
#5841 = CARTESIAN_POINT('',(-1.7,-6.584314575051,12.1));
#5842 = VECTOR('',#5843,1.);
#5843 = DIRECTION('',(1.,0.,-0.));
#5844 = PCURVE('',#3615,#5845);
#5845 = DEFINITIONAL_REPRESENTATION('',(#5846),#5849);
#5846 = B_SPLINE_CURVE_WITH_KNOTS('',1,(#5847,#5848),.UNSPECIFIED.,.F.,
  .F.,(2,2),(1.6499994,1.7500006),.PIECEWISE_BEZIER_KNOTS.);
#5847 = CARTESIAN_POINT('',(-5.00006E-02,-6.584314575051));
#5848 = CARTESIAN_POINT('',(5.00006E-02,-6.584314575051));
#5849 = ( GEOMETRIC_REPRESENTATION_CONTEXT(2) 
PARAMETRIC_REPRESENTATION_CONTEXT() REPRESENTATION_CONTEXT('2D SPACE',''
  ) );
#5850 = PCURVE('',#4086,#5851);
#5851 = DEFINITIONAL_REPRESENTATION('',(#5852),#5855);
#5852 = B_SPLINE_CURVE_WITH_KNOTS('',1,(#5853,#5854),.UNSPECIFIED.,.F.,
  .F.,(2,2),(1.6499994,1.7500006),.PIECEWISE_BEZIER_KNOTS.);
#5853 = CARTESIAN_POINT('',(-1.220858235464,1.6499994));
#5854 = CARTESIAN_POINT('',(-1.220858235464,1.7500006));
#5855 = ( GEOMETRIC_REPRESENTATION_CONTEXT(2) 
PARAMETRIC_REPRESENTATION_CONTEXT() REPRESENTATION_CONTEXT('2D SPACE',''
  ) );
#5856 = ORIENTED_EDGE('',*,*,#4410,.F.);
#5857 = ORIENTED_EDGE('',*,*,#4310,.T.);
#5858 = ORIENTED_EDGE('',*,*,#5001,.F.);
#5859 = ORIENTED_EDGE('',*,*,#5860,.T.);
#5860 = EDGE_CURVE('',#4953,#5082,#5861,.T.);
#5861 = SURFACE_CURVE('',#5862,(#5866,#5872),.PCURVE_S1.);
#5862 = LINE('',#5863,#5864);
#5863 = CARTESIAN_POINT('',(6.584314575051,-1.7,12.1));
#5864 = VECTOR('',#5865,1.);
#5865 = DIRECTION('',(-0.,1.,0.));
#5866 = PCURVE('',#3615,#5867);
#5867 = DEFINITIONAL_REPRESENTATION('',(#5868),#5871);
#5868 = B_SPLINE_CURVE_WITH_KNOTS('',1,(#5869,#5870),.UNSPECIFIED.,.F.,
  .F.,(2,2),(1.6499994,1.7500006),.PIECEWISE_BEZIER_KNOTS.);
#5869 = CARTESIAN_POINT('',(6.584314575051,-5.00006E-02));
#5870 = CARTESIAN_POINT('',(6.584314575051,5.00006E-02));
#5871 = ( GEOMETRIC_REPRESENTATION_CONTEXT(2) 
PARAMETRIC_REPRESENTATION_CONTEXT() REPRESENTATION_CONTEXT('2D SPACE',''
  ) );
#5872 = PCURVE('',#4968,#5873);
#5873 = DEFINITIONAL_REPRESENTATION('',(#5874),#5877);
#5874 = B_SPLINE_CURVE_WITH_KNOTS('',1,(#5875,#5876),.UNSPECIFIED.,.F.,
  .F.,(2,2),(1.6499994,1.7500006),.PIECEWISE_BEZIER_KNOTS.);
#5875 = CARTESIAN_POINT('',(-1.220858235464,1.6499994));
#5876 = CARTESIAN_POINT('',(-1.220858235464,1.7500006));
#5877 = ( GEOMETRIC_REPRESENTATION_CONTEXT(2) 
PARAMETRIC_REPRESENTATION_CONTEXT() REPRESENTATION_CONTEXT('2D SPACE',''
  ) );
#5878 = FACE_BOUND('',#5879,.T.);
#5879 = EDGE_LOOP('',(#5880));
#5880 = ORIENTED_EDGE('',*,*,#3600,.F.);
#5881 = ADVANCED_FACE('',(#5882),#3694,.T.);
#5882 = FACE_BOUND('',#5883,.T.);
#5883 = EDGE_LOOP('',(#5884,#5885,#5886,#5887));
#5884 = ORIENTED_EDGE('',*,*,#3678,.F.);
#5885 = ORIENTED_EDGE('',*,*,#3731,.T.);
#5886 = ORIENTED_EDGE('',*,*,#4150,.T.);
#5887 = ORIENTED_EDGE('',*,*,#5888,.F.);
#5888 = EDGE_CURVE('',#3679,#4151,#5889,.T.);
#5889 = SURFACE_CURVE('',#5890,(#5894,#5901),.PCURVE_S1.);
#5890 = LINE('',#5891,#5892);
#5891 = CARTESIAN_POINT('',(-1.7,-7.15,12.));
#5892 = VECTOR('',#5893,1.);
#5893 = DIRECTION('',(1.,0.,-0.));
#5894 = PCURVE('',#3694,#5895);
#5895 = DEFINITIONAL_REPRESENTATION('',(#5896),#5900);
#5896 = LINE('',#5897,#5898);
#5897 = CARTESIAN_POINT('',(0.,2.85));
#5898 = VECTOR('',#5899,1.);
#5899 = DIRECTION('',(1.,0.));
#5900 = ( GEOMETRIC_REPRESENTATION_CONTEXT(2) 
PARAMETRIC_REPRESENTATION_CONTEXT() REPRESENTATION_CONTEXT('2D SPACE',''
  ) );
#5901 = PCURVE('',#4086,#5902);
#5902 = DEFINITIONAL_REPRESENTATION('',(#5903),#5907);
#5903 = LINE('',#5904,#5905);
#5904 = CARTESIAN_POINT('',(-1.570796326795,0.));
#5905 = VECTOR('',#5906,1.);
#5906 = DIRECTION('',(-0.,1.));
#5907 = ( GEOMETRIC_REPRESENTATION_CONTEXT(2) 
PARAMETRIC_REPRESENTATION_CONTEXT() REPRESENTATION_CONTEXT('2D SPACE',''
  ) );
#5908 = ADVANCED_FACE('',(#5909),#4086,.F.);
#5909 = FACE_BOUND('',#5910,.T.);
#5910 = EDGE_LOOP('',(#5911,#5912,#5913,#5914));
#5911 = ORIENTED_EDGE('',*,*,#4070,.F.);
#5912 = ORIENTED_EDGE('',*,*,#5888,.T.);
#5913 = ORIENTED_EDGE('',*,*,#4388,.T.);
#5914 = ORIENTED_EDGE('',*,*,#5838,.F.);
#5915 = ADVANCED_FACE('',(#5916),#4500,.T.);
#5916 = FACE_BOUND('',#5917,.T.);
#5917 = EDGE_LOOP('',(#5918,#5919,#5920,#5941));
#5918 = ORIENTED_EDGE('',*,*,#4484,.F.);
#5919 = ORIENTED_EDGE('',*,*,#4537,.T.);
#5920 = ORIENTED_EDGE('',*,*,#5921,.T.);
#5921 = EDGE_CURVE('',#4538,#4666,#5922,.T.);
#5922 = SURFACE_CURVE('',#5923,(#5927,#5934),.PCURVE_S1.);
#5923 = LINE('',#5924,#5925);
#5924 = CARTESIAN_POINT('',(-7.15,-1.7,12.));
#5925 = VECTOR('',#5926,1.);
#5926 = DIRECTION('',(-0.,1.,0.));
#5927 = PCURVE('',#4500,#5928);
#5928 = DEFINITIONAL_REPRESENTATION('',(#5929),#5933);
#5929 = LINE('',#5930,#5931);
#5930 = CARTESIAN_POINT('',(2.85,0.));
#5931 = VECTOR('',#5932,1.);
#5932 = DIRECTION('',(0.,1.));
#5933 = ( GEOMETRIC_REPRESENTATION_CONTEXT(2) 
PARAMETRIC_REPRESENTATION_CONTEXT() REPRESENTATION_CONTEXT('2D SPACE',''
  ) );
#5934 = PCURVE('',#4625,#5935);
#5935 = DEFINITIONAL_REPRESENTATION('',(#5936),#5940);
#5936 = LINE('',#5937,#5938);
#5937 = CARTESIAN_POINT('',(1.570796326795,0.));
#5938 = VECTOR('',#5939,1.);
#5939 = DIRECTION('',(0.,1.));
#5940 = ( GEOMETRIC_REPRESENTATION_CONTEXT(2) 
PARAMETRIC_REPRESENTATION_CONTEXT() REPRESENTATION_CONTEXT('2D SPACE',''
  ) );
#5941 = ORIENTED_EDGE('',*,*,#4665,.F.);
#5942 = ADVANCED_FACE('',(#5943),#4625,.F.);
#5943 = FACE_BOUND('',#5944,.F.);
#5944 = EDGE_LOOP('',(#5945,#5946,#5947,#5948));
#5945 = ORIENTED_EDGE('',*,*,#4609,.F.);
#5946 = ORIENTED_EDGE('',*,*,#5921,.T.);
#5947 = ORIENTED_EDGE('',*,*,#4712,.T.);
#5948 = ORIENTED_EDGE('',*,*,#5816,.F.);
#5949 = ADVANCED_FACE('',(#5950),#4968,.F.);
#5950 = FACE_BOUND('',#5951,.T.);
#5951 = EDGE_LOOP('',(#5952,#5953,#5974,#5975));
#5952 = ORIENTED_EDGE('',*,*,#4950,.F.);
#5953 = ORIENTED_EDGE('',*,*,#5954,.T.);
#5954 = EDGE_CURVE('',#4951,#5080,#5955,.T.);
#5955 = SURFACE_CURVE('',#5956,(#5960,#5967),.PCURVE_S1.);
#5956 = LINE('',#5957,#5958);
#5957 = CARTESIAN_POINT('',(7.15,-1.7,12.));
#5958 = VECTOR('',#5959,1.);
#5959 = DIRECTION('',(-0.,1.,0.));
#5960 = PCURVE('',#4968,#5961);
#5961 = DEFINITIONAL_REPRESENTATION('',(#5962),#5966);
#5962 = LINE('',#5963,#5964);
#5963 = CARTESIAN_POINT('',(-1.570796326795,0.));
#5964 = VECTOR('',#5965,1.);
#5965 = DIRECTION('',(-0.,1.));
#5966 = ( GEOMETRIC_REPRESENTATION_CONTEXT(2) 
PARAMETRIC_REPRESENTATION_CONTEXT() REPRESENTATION_CONTEXT('2D SPACE',''
  ) );
#5967 = PCURVE('',#5043,#5968);
#5968 = DEFINITIONAL_REPRESENTATION('',(#5969),#5973);
#5969 = LINE('',#5970,#5971);
#5970 = CARTESIAN_POINT('',(1.65,0.));
#5971 = VECTOR('',#5972,1.);
#5972 = DIRECTION('',(0.,1.));
#5973 = ( GEOMETRIC_REPRESENTATION_CONTEXT(2) 
PARAMETRIC_REPRESENTATION_CONTEXT() REPRESENTATION_CONTEXT('2D SPACE',''
  ) );
#5974 = ORIENTED_EDGE('',*,*,#5079,.T.);
#5975 = ORIENTED_EDGE('',*,*,#5860,.F.);
#5976 = ADVANCED_FACE('',(#5977),#5043,.T.);
#5977 = FACE_BOUND('',#5978,.T.);
#5978 = EDGE_LOOP('',(#5979,#5980,#5981,#5982));
#5979 = ORIENTED_EDGE('',*,*,#5954,.F.);
#5980 = ORIENTED_EDGE('',*,*,#5027,.T.);
#5981 = ORIENTED_EDGE('',*,*,#5415,.T.);
#5982 = ORIENTED_EDGE('',*,*,#5367,.F.);
#5983 = ADVANCED_FACE('',(#5984),#5504,.F.);
#5984 = FACE_BOUND('',#5985,.F.);
#5985 = EDGE_LOOP('',(#5986,#5987,#6008,#6009));
#5986 = ORIENTED_EDGE('',*,*,#5488,.F.);
#5987 = ORIENTED_EDGE('',*,*,#5988,.T.);
#5988 = EDGE_CURVE('',#5467,#5621,#5989,.T.);
#5989 = SURFACE_CURVE('',#5990,(#5994,#6001),.PCURVE_S1.);
#5990 = LINE('',#5991,#5992);
#5991 = CARTESIAN_POINT('',(-1.7,7.15,12.));
#5992 = VECTOR('',#5993,1.);
#5993 = DIRECTION('',(1.,0.,-0.));
#5994 = PCURVE('',#5504,#5995);
#5995 = DEFINITIONAL_REPRESENTATION('',(#5996),#6000);
#5996 = LINE('',#5997,#5998);
#5997 = CARTESIAN_POINT('',(1.570796326795,0.));
#5998 = VECTOR('',#5999,1.);
#5999 = DIRECTION('',(0.,1.));
#6000 = ( GEOMETRIC_REPRESENTATION_CONTEXT(2) 
PARAMETRIC_REPRESENTATION_CONTEXT() REPRESENTATION_CONTEXT('2D SPACE',''
  ) );
#6001 = PCURVE('',#5559,#6002);
#6002 = DEFINITIONAL_REPRESENTATION('',(#6003),#6007);
#6003 = LINE('',#6004,#6005);
#6004 = CARTESIAN_POINT('',(0.,1.65));
#6005 = VECTOR('',#6006,1.);
#6006 = DIRECTION('',(1.,0.));
#6007 = ( GEOMETRIC_REPRESENTATION_CONTEXT(2) 
PARAMETRIC_REPRESENTATION_CONTEXT() REPRESENTATION_CONTEXT('2D SPACE',''
  ) );
#6008 = ORIENTED_EDGE('',*,*,#5642,.T.);
#6009 = ORIENTED_EDGE('',*,*,#5794,.F.);
#6010 = ADVANCED_FACE('',(#6011),#5559,.T.);
#6011 = FACE_BOUND('',#6012,.T.);
#6012 = EDGE_LOOP('',(#6013,#6014,#6015,#6016));
#6013 = ORIENTED_EDGE('',*,*,#5543,.F.);
#6014 = ORIENTED_EDGE('',*,*,#5988,.T.);
#6015 = ORIENTED_EDGE('',*,*,#5740,.T.);
#6016 = ORIENTED_EDGE('',*,*,#5692,.F.);
#6017 = ( GEOMETRIC_REPRESENTATION_CONTEXT(3) 
GLOBAL_UNCERTAINTY_ASSIGNED_CONTEXT((#6021)) 
GLOBAL_UNIT_ASSIGNED_CONTEXT((#6018,#6019,#6020)) REPRESENTATION_CONTEXT
('Context #1','3D Context with UNIT and UNCERTAINTY') );
#6018 = ( LENGTH_UNIT() NAMED_UNIT(*) SI_UNIT(.MILLI.,.METRE.) );
#6019 = ( NAMED_UNIT(*) PLANE_ANGLE_UNIT() SI_UNIT($,.RADIAN.) );
#6020 = ( NAMED_UNIT(*) SI_UNIT($,.STERADIAN.) SOLID_ANGLE_UNIT() );
#6021 = UNCERTAINTY_MEASURE_WITH_UNIT(LENGTH_MEASURE(5.E-07),#6018,
  'distance_accuracy_value','confusion accuracy');
#6022 = CONTEXT_DEPENDENT_SHAPE_REPRESENTATION(#6023,#6025);
#6023 = ( REPRESENTATION_RELATIONSHIP('','',#36,#10) 
REPRESENTATION_RELATIONSHIP_WITH_TRANSFORMATION(#6024) 
SHAPE_REPRESENTATION_RELATIONSHIP() );
#6024 = ITEM_DEFINED_TRANSFORMATION('','',#11,#15);
#6025 = PRODUCT_DEFINITION_SHAPE('Placement','Placement of an item',
  #6026);
#6026 = NEXT_ASSEMBLY_USAGE_OCCURRENCE('1',
  'ROUND_V1_STS3250_CHILD_OUTPUT_ADAPTER_FRONT','',#5,#31,$);
#6027 = PRODUCT_RELATED_PRODUCT_CATEGORY('part',$,(#33));
#6028 = SHAPE_DEFINITION_REPRESENTATION(#6029,#6035);
#6029 = PRODUCT_DEFINITION_SHAPE('','',#6030);
#6030 = PRODUCT_DEFINITION('design','',#6031,#6034);
#6031 = PRODUCT_DEFINITION_FORMATION('','',#6032);
#6032 = PRODUCT('ROUND_V1_STS3250_CHILD_OUTPUT_ADAPTER_REAR',
  'ROUND_V1_STS3250_CHILD_OUTPUT_ADAPTER_REAR','',(#6033));
#6033 = PRODUCT_CONTEXT('',#2,'mechanical');
#6034 = PRODUCT_DEFINITION_CONTEXT('part definition',#2,'design');
#6035 = ADVANCED_BREP_SHAPE_REPRESENTATION('',(#11,#6036),#10996);
#6036 = MANIFOLD_SOLID_BREP('',#6037);
#6037 = CLOSED_SHELL('',(#6038,#6126,#7148,#7287,#7314,#7341,#7368,#7445
    ,#7499,#7554,#7608,#7718,#7766,#7873,#7927,#7982,#8036,#8091,#8145,
    #8245,#8293,#8400,#8454,#8509,#8563,#8618,#8672,#8772,#8820,#8927,
    #8981,#9036,#9090,#9145,#9199,#9299,#9347,#9449,#9481,#9508,#9558,
    #9604,#9657,#9682,#9730,#9824,#9856,#9881,#9913,#9959,#10012,#10037,
    #10085,#10110,#10158,#10183,#10215,#10261,#10314,#10339,#10387,
    #10412,#10460,#10485,#10517,#10563,#10616,#10641,#10689,#10714,
    #10762,#10787,#10833,#10860,#10887,#10894,#10921,#10928,#10955,
    #10962,#10989));
#6038 = ADVANCED_FACE('',(#6039),#6052,.T.);
#6039 = FACE_BOUND('',#6040,.T.);
#6040 = EDGE_LOOP('',(#6041,#6075,#6098,#6125));
#6041 = ORIENTED_EDGE('',*,*,#6042,.F.);
#6042 = EDGE_CURVE('',#6043,#6043,#6045,.T.);
#6043 = VERTEX_POINT('',#6044);
#6044 = CARTESIAN_POINT('',(18.5,-4.531193156845E-15,-15.));
#6045 = SURFACE_CURVE('',#6046,(#6051,#6063),.PCURVE_S1.);
#6046 = CIRCLE('',#6047,18.5);
#6047 = AXIS2_PLACEMENT_3D('',#6048,#6049,#6050);
#6048 = CARTESIAN_POINT('',(0.,0.,-15.));
#6049 = DIRECTION('',(0.,0.,1.));
#6050 = DIRECTION('',(1.,0.,-0.));
#6051 = PCURVE('',#6052,#6057);
#6052 = CYLINDRICAL_SURFACE('',#6053,18.5);
#6053 = AXIS2_PLACEMENT_3D('',#6054,#6055,#6056);
#6054 = CARTESIAN_POINT('',(0.,0.,-19.));
#6055 = DIRECTION('',(0.,0.,1.));
#6056 = DIRECTION('',(1.,0.,-0.));
#6057 = DEFINITIONAL_REPRESENTATION('',(#6058),#6062);
#6058 = LINE('',#6059,#6060);
#6059 = CARTESIAN_POINT('',(0.,4.));
#6060 = VECTOR('',#6061,1.);
#6061 = DIRECTION('',(1.,0.));
#6062 = ( GEOMETRIC_REPRESENTATION_CONTEXT(2) 
PARAMETRIC_REPRESENTATION_CONTEXT() REPRESENTATION_CONTEXT('2D SPACE',''
  ) );
#6063 = PCURVE('',#6064,#6069);
#6064 = PLANE('',#6065);
#6065 = AXIS2_PLACEMENT_3D('',#6066,#6067,#6068);
#6066 = CARTESIAN_POINT('',(0.,0.,-15.));
#6067 = DIRECTION('',(0.,0.,1.));
#6068 = DIRECTION('',(1.,0.,-0.));
#6069 = DEFINITIONAL_REPRESENTATION('',(#6070),#6074);
#6070 = CIRCLE('',#6071,18.5);
#6071 = AXIS2_PLACEMENT_2D('',#6072,#6073);
#6072 = CARTESIAN_POINT('',(0.,0.));
#6073 = DIRECTION('',(1.,0.));
#6074 = ( GEOMETRIC_REPRESENTATION_CONTEXT(2) 
PARAMETRIC_REPRESENTATION_CONTEXT() REPRESENTATION_CONTEXT('2D SPACE',''
  ) );
#6075 = ORIENTED_EDGE('',*,*,#6076,.F.);
#6076 = EDGE_CURVE('',#6077,#6043,#6079,.T.);
#6077 = VERTEX_POINT('',#6078);
#6078 = CARTESIAN_POINT('',(18.5,-4.531193156845E-15,-19.));
#6079 = SEAM_CURVE('',#6080,(#6084,#6091),.PCURVE_S1.);
#6080 = LINE('',#6081,#6082);
#6081 = CARTESIAN_POINT('',(18.5,-4.531193156845E-15,-19.));
#6082 = VECTOR('',#6083,1.);
#6083 = DIRECTION('',(0.,0.,1.));
#6084 = PCURVE('',#6052,#6085);
#6085 = DEFINITIONAL_REPRESENTATION('',(#6086),#6090);
#6086 = LINE('',#6087,#6088);
#6087 = CARTESIAN_POINT('',(6.28318530718,-0.));
#6088 = VECTOR('',#6089,1.);
#6089 = DIRECTION('',(0.,1.));
#6090 = ( GEOMETRIC_REPRESENTATION_CONTEXT(2) 
PARAMETRIC_REPRESENTATION_CONTEXT() REPRESENTATION_CONTEXT('2D SPACE',''
  ) );
#6091 = PCURVE('',#6052,#6092);
#6092 = DEFINITIONAL_REPRESENTATION('',(#6093),#6097);
#6093 = LINE('',#6094,#6095);
#6094 = CARTESIAN_POINT('',(0.,-0.));
#6095 = VECTOR('',#6096,1.);
#6096 = DIRECTION('',(0.,1.));
#6097 = ( GEOMETRIC_REPRESENTATION_CONTEXT(2) 
PARAMETRIC_REPRESENTATION_CONTEXT() REPRESENTATION_CONTEXT('2D SPACE',''
  ) );
#6098 = ORIENTED_EDGE('',*,*,#6099,.T.);
#6099 = EDGE_CURVE('',#6077,#6077,#6100,.T.);
#6100 = SURFACE_CURVE('',#6101,(#6106,#6113),.PCURVE_S1.);
#6101 = CIRCLE('',#6102,18.5);
#6102 = AXIS2_PLACEMENT_3D('',#6103,#6104,#6105);
#6103 = CARTESIAN_POINT('',(0.,0.,-19.));
#6104 = DIRECTION('',(0.,0.,1.));
#6105 = DIRECTION('',(1.,0.,-0.));
#6106 = PCURVE('',#6052,#6107);
#6107 = DEFINITIONAL_REPRESENTATION('',(#6108),#6112);
#6108 = LINE('',#6109,#6110);
#6109 = CARTESIAN_POINT('',(0.,0.));
#6110 = VECTOR('',#6111,1.);
#6111 = DIRECTION('',(1.,0.));
#6112 = ( GEOMETRIC_REPRESENTATION_CONTEXT(2) 
PARAMETRIC_REPRESENTATION_CONTEXT() REPRESENTATION_CONTEXT('2D SPACE',''
  ) );
#6113 = PCURVE('',#6114,#6119);
#6114 = PLANE('',#6115);
#6115 = AXIS2_PLACEMENT_3D('',#6116,#6117,#6118);
#6116 = CARTESIAN_POINT('',(0.,0.,-19.));
#6117 = DIRECTION('',(0.,0.,1.));
#6118 = DIRECTION('',(1.,0.,-0.));
#6119 = DEFINITIONAL_REPRESENTATION('',(#6120),#6124);
#6120 = CIRCLE('',#6121,18.5);
#6121 = AXIS2_PLACEMENT_2D('',#6122,#6123);
#6122 = CARTESIAN_POINT('',(0.,0.));
#6123 = DIRECTION('',(1.,0.));
#6124 = ( GEOMETRIC_REPRESENTATION_CONTEXT(2) 
PARAMETRIC_REPRESENTATION_CONTEXT() REPRESENTATION_CONTEXT('2D SPACE',''
  ) );
#6125 = ORIENTED_EDGE('',*,*,#6076,.T.);
#6126 = ADVANCED_FACE('',(#6127,#6130,#6161,#6192,#6223,#7117),#6064,.T.
  );
#6127 = FACE_BOUND('',#6128,.T.);
#6128 = EDGE_LOOP('',(#6129));
#6129 = ORIENTED_EDGE('',*,*,#6042,.T.);
#6130 = FACE_BOUND('',#6131,.T.);
#6131 = EDGE_LOOP('',(#6132));
#6132 = ORIENTED_EDGE('',*,*,#6133,.F.);
#6133 = EDGE_CURVE('',#6134,#6134,#6136,.T.);
#6134 = VERTEX_POINT('',#6135);
#6135 = CARTESIAN_POINT('',(-8.553048327205,-10.2530483272,-15.));
#6136 = SURFACE_CURVE('',#6137,(#6142,#6149),.PCURVE_S1.);
#6137 = CIRCLE('',#6138,1.7);
#6138 = AXIS2_PLACEMENT_3D('',#6139,#6140,#6141);
#6139 = CARTESIAN_POINT('',(-10.2530483272,-10.2530483272,-15.));
#6140 = DIRECTION('',(0.,0.,1.));
#6141 = DIRECTION('',(1.,0.,-0.));
#6142 = PCURVE('',#6064,#6143);
#6143 = DEFINITIONAL_REPRESENTATION('',(#6144),#6148);
#6144 = CIRCLE('',#6145,1.7);
#6145 = AXIS2_PLACEMENT_2D('',#6146,#6147);
#6146 = CARTESIAN_POINT('',(-10.2530483272,-10.2530483272));
#6147 = DIRECTION('',(1.,0.));
#6148 = ( GEOMETRIC_REPRESENTATION_CONTEXT(2) 
PARAMETRIC_REPRESENTATION_CONTEXT() REPRESENTATION_CONTEXT('2D SPACE',''
  ) );
#6149 = PCURVE('',#6150,#6155);
#6150 = CYLINDRICAL_SURFACE('',#6151,1.7);
#6151 = AXIS2_PLACEMENT_3D('',#6152,#6153,#6154);
#6152 = CARTESIAN_POINT('',(-10.2530483272,-10.2530483272,-21.));
#6153 = DIRECTION('',(0.,0.,1.));
#6154 = DIRECTION('',(1.,0.,-0.));
#6155 = DEFINITIONAL_REPRESENTATION('',(#6156),#6160);
#6156 = LINE('',#6157,#6158);
#6157 = CARTESIAN_POINT('',(0.,6.));
#6158 = VECTOR('',#6159,1.);
#6159 = DIRECTION('',(1.,0.));
#6160 = ( GEOMETRIC_REPRESENTATION_CONTEXT(2) 
PARAMETRIC_REPRESENTATION_CONTEXT() REPRESENTATION_CONTEXT('2D SPACE',''
  ) );
#6161 = FACE_BOUND('',#6162,.T.);
#6162 = EDGE_LOOP('',(#6163));
#6163 = ORIENTED_EDGE('',*,*,#6164,.F.);
#6164 = EDGE_CURVE('',#6165,#6165,#6167,.T.);
#6165 = VERTEX_POINT('',#6166);
#6166 = CARTESIAN_POINT('',(11.953048327205,-10.2530483272,-15.));
#6167 = SURFACE_CURVE('',#6168,(#6173,#6180),.PCURVE_S1.);
#6168 = CIRCLE('',#6169,1.7);
#6169 = AXIS2_PLACEMENT_3D('',#6170,#6171,#6172);
#6170 = CARTESIAN_POINT('',(10.253048327205,-10.2530483272,-15.));
#6171 = DIRECTION('',(0.,0.,1.));
#6172 = DIRECTION('',(1.,0.,-0.));
#6173 = PCURVE('',#6064,#6174);
#6174 = DEFINITIONAL_REPRESENTATION('',(#6175),#6179);
#6175 = CIRCLE('',#6176,1.7);
#6176 = AXIS2_PLACEMENT_2D('',#6177,#6178);
#6177 = CARTESIAN_POINT('',(10.253048327205,-10.2530483272));
#6178 = DIRECTION('',(1.,0.));
#6179 = ( GEOMETRIC_REPRESENTATION_CONTEXT(2) 
PARAMETRIC_REPRESENTATION_CONTEXT() REPRESENTATION_CONTEXT('2D SPACE',''
  ) );
#6180 = PCURVE('',#6181,#6186);
#6181 = CYLINDRICAL_SURFACE('',#6182,1.7);
#6182 = AXIS2_PLACEMENT_3D('',#6183,#6184,#6185);
#6183 = CARTESIAN_POINT('',(10.253048327205,-10.2530483272,-21.));
#6184 = DIRECTION('',(0.,0.,1.));
#6185 = DIRECTION('',(1.,0.,-0.));
#6186 = DEFINITIONAL_REPRESENTATION('',(#6187),#6191);
#6187 = LINE('',#6188,#6189);
#6188 = CARTESIAN_POINT('',(0.,6.));
#6189 = VECTOR('',#6190,1.);
#6190 = DIRECTION('',(1.,0.));
#6191 = ( GEOMETRIC_REPRESENTATION_CONTEXT(2) 
PARAMETRIC_REPRESENTATION_CONTEXT() REPRESENTATION_CONTEXT('2D SPACE',''
  ) );
#6192 = FACE_BOUND('',#6193,.T.);
#6193 = EDGE_LOOP('',(#6194));
#6194 = ORIENTED_EDGE('',*,*,#6195,.F.);
#6195 = EDGE_CURVE('',#6196,#6196,#6198,.T.);
#6196 = VERTEX_POINT('',#6197);
#6197 = CARTESIAN_POINT('',(-8.553048327205,10.253048327205,-15.));
#6198 = SURFACE_CURVE('',#6199,(#6204,#6211),.PCURVE_S1.);
#6199 = CIRCLE('',#6200,1.7);
#6200 = AXIS2_PLACEMENT_3D('',#6201,#6202,#6203);
#6201 = CARTESIAN_POINT('',(-10.2530483272,10.253048327205,-15.));
#6202 = DIRECTION('',(0.,0.,1.));
#6203 = DIRECTION('',(1.,0.,-0.));
#6204 = PCURVE('',#6064,#6205);
#6205 = DEFINITIONAL_REPRESENTATION('',(#6206),#6210);
#6206 = CIRCLE('',#6207,1.7);
#6207 = AXIS2_PLACEMENT_2D('',#6208,#6209);
#6208 = CARTESIAN_POINT('',(-10.2530483272,10.253048327205));
#6209 = DIRECTION('',(1.,0.));
#6210 = ( GEOMETRIC_REPRESENTATION_CONTEXT(2) 
PARAMETRIC_REPRESENTATION_CONTEXT() REPRESENTATION_CONTEXT('2D SPACE',''
  ) );
#6211 = PCURVE('',#6212,#6217);
#6212 = CYLINDRICAL_SURFACE('',#6213,1.7);
#6213 = AXIS2_PLACEMENT_3D('',#6214,#6215,#6216);
#6214 = CARTESIAN_POINT('',(-10.2530483272,10.253048327205,-21.));
#6215 = DIRECTION('',(0.,0.,1.));
#6216 = DIRECTION('',(1.,0.,-0.));
#6217 = DEFINITIONAL_REPRESENTATION('',(#6218),#6222);
#6218 = LINE('',#6219,#6220);
#6219 = CARTESIAN_POINT('',(0.,6.));
#6220 = VECTOR('',#6221,1.);
#6221 = DIRECTION('',(1.,0.));
#6222 = ( GEOMETRIC_REPRESENTATION_CONTEXT(2) 
PARAMETRIC_REPRESENTATION_CONTEXT() REPRESENTATION_CONTEXT('2D SPACE',''
  ) );
#6223 = FACE_BOUND('',#6224,.T.);
#6224 = EDGE_LOOP('',(#6225,#6256,#6282,#6311,#6340,#6369,#6395,#6424,
    #6450,#6479,#6505,#6534,#6563,#6592,#6618,#6647,#6673,#6702,#6728,
    #6757,#6786,#6815,#6841,#6870,#6896,#6925,#6951,#6980,#7009,#7038,
    #7064,#7093));
#6225 = ORIENTED_EDGE('',*,*,#6226,.F.);
#6226 = EDGE_CURVE('',#6227,#6229,#6231,.T.);
#6227 = VERTEX_POINT('',#6228);
#6228 = CARTESIAN_POINT('',(-1.7,-8.35,-15.));
#6229 = VERTEX_POINT('',#6230);
#6230 = CARTESIAN_POINT('',(-5.E-02,-10.,-15.));
#6231 = SURFACE_CURVE('',#6232,(#6237,#6244),.PCURVE_S1.);
#6232 = CIRCLE('',#6233,1.65);
#6233 = AXIS2_PLACEMENT_3D('',#6234,#6235,#6236);
#6234 = CARTESIAN_POINT('',(-5.E-02,-8.35,-15.));
#6235 = DIRECTION('',(0.,0.,1.));
#6236 = DIRECTION('',(-1.,-0.,0.));
#6237 = PCURVE('',#6064,#6238);
#6238 = DEFINITIONAL_REPRESENTATION('',(#6239),#6243);
#6239 = CIRCLE('',#6240,1.65);
#6240 = AXIS2_PLACEMENT_2D('',#6241,#6242);
#6241 = CARTESIAN_POINT('',(-5.E-02,-8.35));
#6242 = DIRECTION('',(-1.,0.));
#6243 = ( GEOMETRIC_REPRESENTATION_CONTEXT(2) 
PARAMETRIC_REPRESENTATION_CONTEXT() REPRESENTATION_CONTEXT('2D SPACE',''
  ) );
#6244 = PCURVE('',#6245,#6250);
#6245 = CYLINDRICAL_SURFACE('',#6246,1.65);
#6246 = AXIS2_PLACEMENT_3D('',#6247,#6248,#6249);
#6247 = CARTESIAN_POINT('',(-5.E-02,-8.35,-18.));
#6248 = DIRECTION('',(0.,0.,1.));
#6249 = DIRECTION('',(-1.,-0.,0.));
#6250 = DEFINITIONAL_REPRESENTATION('',(#6251),#6255);
#6251 = LINE('',#6252,#6253);
#6252 = CARTESIAN_POINT('',(0.,3.));
#6253 = VECTOR('',#6254,1.);
#6254 = DIRECTION('',(1.,0.));
#6255 = ( GEOMETRIC_REPRESENTATION_CONTEXT(2) 
PARAMETRIC_REPRESENTATION_CONTEXT() REPRESENTATION_CONTEXT('2D SPACE',''
  ) );
#6256 = ORIENTED_EDGE('',*,*,#6257,.T.);
#6257 = EDGE_CURVE('',#6227,#6258,#6260,.T.);
#6258 = VERTEX_POINT('',#6259);
#6259 = CARTESIAN_POINT('',(-1.7,-7.15,-15.));
#6260 = SURFACE_CURVE('',#6261,(#6265,#6271),.PCURVE_S1.);
#6261 = LINE('',#6262,#6263);
#6262 = CARTESIAN_POINT('',(-1.7,-5.,-15.));
#6263 = VECTOR('',#6264,1.);
#6264 = DIRECTION('',(-0.,1.,0.));
#6265 = PCURVE('',#6064,#6266);
#6266 = DEFINITIONAL_REPRESENTATION('',(#6267),#6270);
#6267 = B_SPLINE_CURVE_WITH_KNOTS('',1,(#6268,#6269),.UNSPECIFIED.,.F.,
  .F.,(2,2),(-3.35,-2.15),.PIECEWISE_BEZIER_KNOTS.);
#6268 = CARTESIAN_POINT('',(-1.7,-8.35));
#6269 = CARTESIAN_POINT('',(-1.7,-7.15));
#6270 = ( GEOMETRIC_REPRESENTATION_CONTEXT(2) 
PARAMETRIC_REPRESENTATION_CONTEXT() REPRESENTATION_CONTEXT('2D SPACE',''
  ) );
#6271 = PCURVE('',#6272,#6277);
#6272 = PLANE('',#6273);
#6273 = AXIS2_PLACEMENT_3D('',#6274,#6275,#6276);
#6274 = CARTESIAN_POINT('',(-1.7,-10.,-18.));
#6275 = DIRECTION('',(1.,0.,-0.));
#6276 = DIRECTION('',(0.,0.,1.));
#6277 = DEFINITIONAL_REPRESENTATION('',(#6278),#6281);
#6278 = B_SPLINE_CURVE_WITH_KNOTS('',1,(#6279,#6280),.UNSPECIFIED.,.F.,
  .F.,(2,2),(-3.35,-2.15),.PIECEWISE_BEZIER_KNOTS.);
#6279 = CARTESIAN_POINT('',(3.,-1.65));
#6280 = CARTESIAN_POINT('',(3.,-2.85));
#6281 = ( GEOMETRIC_REPRESENTATION_CONTEXT(2) 
PARAMETRIC_REPRESENTATION_CONTEXT() REPRESENTATION_CONTEXT('2D SPACE',''
  ) );
#6282 = ORIENTED_EDGE('',*,*,#6283,.F.);
#6283 = EDGE_CURVE('',#6284,#6258,#6286,.T.);
#6284 = VERTEX_POINT('',#6285);
#6285 = CARTESIAN_POINT('',(-1.662394765656,-6.799738498142,-15.));
#6286 = SURFACE_CURVE('',#6287,(#6292,#6299),.PCURVE_S1.);
#6287 = CIRCLE('',#6288,1.65);
#6288 = AXIS2_PLACEMENT_3D('',#6289,#6290,#6291);
#6289 = CARTESIAN_POINT('',(-5.E-02,-7.15,-15.));
#6290 = DIRECTION('',(0.,0.,1.));
#6291 = DIRECTION('',(-1.,-0.,0.));
#6292 = PCURVE('',#6064,#6293);
#6293 = DEFINITIONAL_REPRESENTATION('',(#6294),#6298);
#6294 = CIRCLE('',#6295,1.65);
#6295 = AXIS2_PLACEMENT_2D('',#6296,#6297);
#6296 = CARTESIAN_POINT('',(-5.E-02,-7.15));
#6297 = DIRECTION('',(-1.,0.));
#6298 = ( GEOMETRIC_REPRESENTATION_CONTEXT(2) 
PARAMETRIC_REPRESENTATION_CONTEXT() REPRESENTATION_CONTEXT('2D SPACE',''
  ) );
#6299 = PCURVE('',#6300,#6305);
#6300 = CYLINDRICAL_SURFACE('',#6301,1.65);
#6301 = AXIS2_PLACEMENT_3D('',#6302,#6303,#6304);
#6302 = CARTESIAN_POINT('',(-5.E-02,-7.15,-18.));
#6303 = DIRECTION('',(0.,0.,1.));
#6304 = DIRECTION('',(-1.,-0.,0.));
#6305 = DEFINITIONAL_REPRESENTATION('',(#6306),#6310);
#6306 = LINE('',#6307,#6308);
#6307 = CARTESIAN_POINT('',(-6.28318530718,3.));
#6308 = VECTOR('',#6309,1.);
#6309 = DIRECTION('',(1.,-0.));
#6310 = ( GEOMETRIC_REPRESENTATION_CONTEXT(2) 
PARAMETRIC_REPRESENTATION_CONTEXT() REPRESENTATION_CONTEXT('2D SPACE',''
  ) );
#6311 = ORIENTED_EDGE('',*,*,#6312,.F.);
#6312 = EDGE_CURVE('',#6313,#6284,#6315,.T.);
#6313 = VERTEX_POINT('',#6314);
#6314 = CARTESIAN_POINT('',(-6.799738498142,-1.662394765656,-15.));
#6315 = SURFACE_CURVE('',#6316,(#6321,#6328),.PCURVE_S1.);
#6316 = CIRCLE('',#6317,7.);
#6317 = AXIS2_PLACEMENT_3D('',#6318,#6319,#6320);
#6318 = CARTESIAN_POINT('',(0.,0.,-15.));
#6319 = DIRECTION('',(0.,0.,1.));
#6320 = DIRECTION('',(1.,0.,-0.));
#6321 = PCURVE('',#6064,#6322);
#6322 = DEFINITIONAL_REPRESENTATION('',(#6323),#6327);
#6323 = CIRCLE('',#6324,7.);
#6324 = AXIS2_PLACEMENT_2D('',#6325,#6326);
#6325 = CARTESIAN_POINT('',(0.,0.));
#6326 = DIRECTION('',(1.,0.));
#6327 = ( GEOMETRIC_REPRESENTATION_CONTEXT(2) 
PARAMETRIC_REPRESENTATION_CONTEXT() REPRESENTATION_CONTEXT('2D SPACE',''
  ) );
#6328 = PCURVE('',#6329,#6334);
#6329 = CYLINDRICAL_SURFACE('',#6330,7.);
#6330 = AXIS2_PLACEMENT_3D('',#6331,#6332,#6333);
#6331 = CARTESIAN_POINT('',(0.,0.,-15.3));
#6332 = DIRECTION('',(0.,0.,1.));
#6333 = DIRECTION('',(1.,0.,-0.));
#6334 = DEFINITIONAL_REPRESENTATION('',(#6335),#6339);
#6335 = LINE('',#6336,#6337);
#6336 = CARTESIAN_POINT('',(0.,0.3));
#6337 = VECTOR('',#6338,1.);
#6338 = DIRECTION('',(1.,0.));
#6339 = ( GEOMETRIC_REPRESENTATION_CONTEXT(2) 
PARAMETRIC_REPRESENTATION_CONTEXT() REPRESENTATION_CONTEXT('2D SPACE',''
  ) );
#6340 = ORIENTED_EDGE('',*,*,#6341,.F.);
#6341 = EDGE_CURVE('',#6342,#6313,#6344,.T.);
#6342 = VERTEX_POINT('',#6343);
#6343 = CARTESIAN_POINT('',(-7.15,-1.7,-15.));
#6344 = SURFACE_CURVE('',#6345,(#6350,#6357),.PCURVE_S1.);
#6345 = CIRCLE('',#6346,1.65);
#6346 = AXIS2_PLACEMENT_3D('',#6347,#6348,#6349);
#6347 = CARTESIAN_POINT('',(-7.15,-5.E-02,-15.));
#6348 = DIRECTION('',(0.,0.,1.));
#6349 = DIRECTION('',(1.,0.,-0.));
#6350 = PCURVE('',#6064,#6351);
#6351 = DEFINITIONAL_REPRESENTATION('',(#6352),#6356);
#6352 = CIRCLE('',#6353,1.65);
#6353 = AXIS2_PLACEMENT_2D('',#6354,#6355);
#6354 = CARTESIAN_POINT('',(-7.15,-5.E-02));
#6355 = DIRECTION('',(1.,0.));
#6356 = ( GEOMETRIC_REPRESENTATION_CONTEXT(2) 
PARAMETRIC_REPRESENTATION_CONTEXT() REPRESENTATION_CONTEXT('2D SPACE',''
  ) );
#6357 = PCURVE('',#6358,#6363);
#6358 = CYLINDRICAL_SURFACE('',#6359,1.65);
#6359 = AXIS2_PLACEMENT_3D('',#6360,#6361,#6362);
#6360 = CARTESIAN_POINT('',(-7.15,-5.E-02,-18.));
#6361 = DIRECTION('',(0.,0.,1.));
#6362 = DIRECTION('',(1.,0.,-0.));
#6363 = DEFINITIONAL_REPRESENTATION('',(#6364),#6368);
#6364 = LINE('',#6365,#6366);
#6365 = CARTESIAN_POINT('',(-6.28318530718,3.));
#6366 = VECTOR('',#6367,1.);
#6367 = DIRECTION('',(1.,-0.));
#6368 = ( GEOMETRIC_REPRESENTATION_CONTEXT(2) 
PARAMETRIC_REPRESENTATION_CONTEXT() REPRESENTATION_CONTEXT('2D SPACE',''
  ) );
#6369 = ORIENTED_EDGE('',*,*,#6370,.T.);
#6370 = EDGE_CURVE('',#6342,#6371,#6373,.T.);
#6371 = VERTEX_POINT('',#6372);
#6372 = CARTESIAN_POINT('',(-8.35,-1.7,-15.));
#6373 = SURFACE_CURVE('',#6374,(#6378,#6384),.PCURVE_S1.);
#6374 = LINE('',#6375,#6376);
#6375 = CARTESIAN_POINT('',(-5.,-1.7,-15.));
#6376 = VECTOR('',#6377,1.);
#6377 = DIRECTION('',(-1.,-0.,0.));
#6378 = PCURVE('',#6064,#6379);
#6379 = DEFINITIONAL_REPRESENTATION('',(#6380),#6383);
#6380 = B_SPLINE_CURVE_WITH_KNOTS('',1,(#6381,#6382),.UNSPECIFIED.,.F.,
  .F.,(2,2),(2.15,3.35),.PIECEWISE_BEZIER_KNOTS.);
#6381 = CARTESIAN_POINT('',(-7.15,-1.7));
#6382 = CARTESIAN_POINT('',(-8.35,-1.7));
#6383 = ( GEOMETRIC_REPRESENTATION_CONTEXT(2) 
PARAMETRIC_REPRESENTATION_CONTEXT() REPRESENTATION_CONTEXT('2D SPACE',''
  ) );
#6384 = PCURVE('',#6385,#6390);
#6385 = PLANE('',#6386);
#6386 = AXIS2_PLACEMENT_3D('',#6387,#6388,#6389);
#6387 = CARTESIAN_POINT('',(-10.,-1.7,-18.));
#6388 = DIRECTION('',(-0.,1.,0.));
#6389 = DIRECTION('',(0.,0.,1.));
#6390 = DEFINITIONAL_REPRESENTATION('',(#6391),#6394);
#6391 = B_SPLINE_CURVE_WITH_KNOTS('',1,(#6392,#6393),.UNSPECIFIED.,.F.,
  .F.,(2,2),(2.15,3.35),.PIECEWISE_BEZIER_KNOTS.);
#6392 = CARTESIAN_POINT('',(3.,2.85));
#6393 = CARTESIAN_POINT('',(3.,1.65));
#6394 = ( GEOMETRIC_REPRESENTATION_CONTEXT(2) 
PARAMETRIC_REPRESENTATION_CONTEXT() REPRESENTATION_CONTEXT('2D SPACE',''
  ) );
#6395 = ORIENTED_EDGE('',*,*,#6396,.F.);
#6396 = EDGE_CURVE('',#6397,#6371,#6399,.T.);
#6397 = VERTEX_POINT('',#6398);
#6398 = CARTESIAN_POINT('',(-10.,-5.E-02,-15.));
#6399 = SURFACE_CURVE('',#6400,(#6405,#6412),.PCURVE_S1.);
#6400 = CIRCLE('',#6401,1.65);
#6401 = AXIS2_PLACEMENT_3D('',#6402,#6403,#6404);
#6402 = CARTESIAN_POINT('',(-8.35,-5.E-02,-15.));
#6403 = DIRECTION('',(0.,0.,1.));
#6404 = DIRECTION('',(-1.,-0.,0.));
#6405 = PCURVE('',#6064,#6406);
#6406 = DEFINITIONAL_REPRESENTATION('',(#6407),#6411);
#6407 = CIRCLE('',#6408,1.65);
#6408 = AXIS2_PLACEMENT_2D('',#6409,#6410);
#6409 = CARTESIAN_POINT('',(-8.35,-5.E-02));
#6410 = DIRECTION('',(-1.,0.));
#6411 = ( GEOMETRIC_REPRESENTATION_CONTEXT(2) 
PARAMETRIC_REPRESENTATION_CONTEXT() REPRESENTATION_CONTEXT('2D SPACE',''
  ) );
#6412 = PCURVE('',#6413,#6418);
#6413 = CYLINDRICAL_SURFACE('',#6414,1.65);
#6414 = AXIS2_PLACEMENT_3D('',#6415,#6416,#6417);
#6415 = CARTESIAN_POINT('',(-8.35,-5.E-02,-18.));
#6416 = DIRECTION('',(0.,0.,1.));
#6417 = DIRECTION('',(-1.,-0.,0.));
#6418 = DEFINITIONAL_REPRESENTATION('',(#6419),#6423);
#6419 = LINE('',#6420,#6421);
#6420 = CARTESIAN_POINT('',(0.,3.));
#6421 = VECTOR('',#6422,1.);
#6422 = DIRECTION('',(1.,0.));
#6423 = ( GEOMETRIC_REPRESENTATION_CONTEXT(2) 
PARAMETRIC_REPRESENTATION_CONTEXT() REPRESENTATION_CONTEXT('2D SPACE',''
  ) );
#6424 = ORIENTED_EDGE('',*,*,#6425,.T.);
#6425 = EDGE_CURVE('',#6397,#6426,#6428,.T.);
#6426 = VERTEX_POINT('',#6427);
#6427 = CARTESIAN_POINT('',(-10.,5.E-02,-15.));
#6428 = SURFACE_CURVE('',#6429,(#6433,#6439),.PCURVE_S1.);
#6429 = LINE('',#6430,#6431);
#6430 = CARTESIAN_POINT('',(-10.,-0.85,-15.));
#6431 = VECTOR('',#6432,1.);
#6432 = DIRECTION('',(-0.,1.,0.));
#6433 = PCURVE('',#6064,#6434);
#6434 = DEFINITIONAL_REPRESENTATION('',(#6435),#6438);
#6435 = B_SPLINE_CURVE_WITH_KNOTS('',1,(#6436,#6437),.UNSPECIFIED.,.F.,
  .F.,(2,2),(0.8,0.9),.PIECEWISE_BEZIER_KNOTS.);
#6436 = CARTESIAN_POINT('',(-10.,-5.E-02));
#6437 = CARTESIAN_POINT('',(-10.,5.E-02));
#6438 = ( GEOMETRIC_REPRESENTATION_CONTEXT(2) 
PARAMETRIC_REPRESENTATION_CONTEXT() REPRESENTATION_CONTEXT('2D SPACE',''
  ) );
#6439 = PCURVE('',#6440,#6445);
#6440 = PLANE('',#6441);
#6441 = AXIS2_PLACEMENT_3D('',#6442,#6443,#6444);
#6442 = CARTESIAN_POINT('',(-10.,-1.7,-18.));
#6443 = DIRECTION('',(1.,0.,-0.));
#6444 = DIRECTION('',(0.,0.,1.));
#6445 = DEFINITIONAL_REPRESENTATION('',(#6446),#6449);
#6446 = B_SPLINE_CURVE_WITH_KNOTS('',1,(#6447,#6448),.UNSPECIFIED.,.F.,
  .F.,(2,2),(0.8,0.9),.PIECEWISE_BEZIER_KNOTS.);
#6447 = CARTESIAN_POINT('',(3.,-1.65));
#6448 = CARTESIAN_POINT('',(3.,-1.75));
#6449 = ( GEOMETRIC_REPRESENTATION_CONTEXT(2) 
PARAMETRIC_REPRESENTATION_CONTEXT() REPRESENTATION_CONTEXT('2D SPACE',''
  ) );
#6450 = ORIENTED_EDGE('',*,*,#6451,.F.);
#6451 = EDGE_CURVE('',#6452,#6426,#6454,.T.);
#6452 = VERTEX_POINT('',#6453);
#6453 = CARTESIAN_POINT('',(-8.35,1.7,-15.));
#6454 = SURFACE_CURVE('',#6455,(#6460,#6467),.PCURVE_S1.);
#6455 = CIRCLE('',#6456,1.65);
#6456 = AXIS2_PLACEMENT_3D('',#6457,#6458,#6459);
#6457 = CARTESIAN_POINT('',(-8.35,5.E-02,-15.));
#6458 = DIRECTION('',(0.,0.,1.));
#6459 = DIRECTION('',(-1.,-0.,0.));
#6460 = PCURVE('',#6064,#6461);
#6461 = DEFINITIONAL_REPRESENTATION('',(#6462),#6466);
#6462 = CIRCLE('',#6463,1.65);
#6463 = AXIS2_PLACEMENT_2D('',#6464,#6465);
#6464 = CARTESIAN_POINT('',(-8.35,5.E-02));
#6465 = DIRECTION('',(-1.,0.));
#6466 = ( GEOMETRIC_REPRESENTATION_CONTEXT(2) 
PARAMETRIC_REPRESENTATION_CONTEXT() REPRESENTATION_CONTEXT('2D SPACE',''
  ) );
#6467 = PCURVE('',#6468,#6473);
#6468 = CYLINDRICAL_SURFACE('',#6469,1.65);
#6469 = AXIS2_PLACEMENT_3D('',#6470,#6471,#6472);
#6470 = CARTESIAN_POINT('',(-8.35,5.E-02,-18.));
#6471 = DIRECTION('',(0.,0.,1.));
#6472 = DIRECTION('',(-1.,-0.,0.));
#6473 = DEFINITIONAL_REPRESENTATION('',(#6474),#6478);
#6474 = LINE('',#6475,#6476);
#6475 = CARTESIAN_POINT('',(-6.28318530718,3.));
#6476 = VECTOR('',#6477,1.);
#6477 = DIRECTION('',(1.,-0.));
#6478 = ( GEOMETRIC_REPRESENTATION_CONTEXT(2) 
PARAMETRIC_REPRESENTATION_CONTEXT() REPRESENTATION_CONTEXT('2D SPACE',''
  ) );
#6479 = ORIENTED_EDGE('',*,*,#6480,.F.);
#6480 = EDGE_CURVE('',#6481,#6452,#6483,.T.);
#6481 = VERTEX_POINT('',#6482);
#6482 = CARTESIAN_POINT('',(-7.15,1.7,-15.));
#6483 = SURFACE_CURVE('',#6484,(#6488,#6494),.PCURVE_S1.);
#6484 = LINE('',#6485,#6486);
#6485 = CARTESIAN_POINT('',(-5.,1.7,-15.));
#6486 = VECTOR('',#6487,1.);
#6487 = DIRECTION('',(-1.,-0.,0.));
#6488 = PCURVE('',#6064,#6489);
#6489 = DEFINITIONAL_REPRESENTATION('',(#6490),#6493);
#6490 = B_SPLINE_CURVE_WITH_KNOTS('',1,(#6491,#6492),.UNSPECIFIED.,.F.,
  .F.,(2,2),(2.15,3.35),.PIECEWISE_BEZIER_KNOTS.);
#6491 = CARTESIAN_POINT('',(-7.15,1.7));
#6492 = CARTESIAN_POINT('',(-8.35,1.7));
#6493 = ( GEOMETRIC_REPRESENTATION_CONTEXT(2) 
PARAMETRIC_REPRESENTATION_CONTEXT() REPRESENTATION_CONTEXT('2D SPACE',''
  ) );
#6494 = PCURVE('',#6495,#6500);
#6495 = PLANE('',#6496);
#6496 = AXIS2_PLACEMENT_3D('',#6497,#6498,#6499);
#6497 = CARTESIAN_POINT('',(-10.,1.7,-18.));
#6498 = DIRECTION('',(-0.,1.,0.));
#6499 = DIRECTION('',(0.,0.,1.));
#6500 = DEFINITIONAL_REPRESENTATION('',(#6501),#6504);
#6501 = B_SPLINE_CURVE_WITH_KNOTS('',1,(#6502,#6503),.UNSPECIFIED.,.F.,
  .F.,(2,2),(2.15,3.35),.PIECEWISE_BEZIER_KNOTS.);
#6502 = CARTESIAN_POINT('',(3.,2.85));
#6503 = CARTESIAN_POINT('',(3.,1.65));
#6504 = ( GEOMETRIC_REPRESENTATION_CONTEXT(2) 
PARAMETRIC_REPRESENTATION_CONTEXT() REPRESENTATION_CONTEXT('2D SPACE',''
  ) );
#6505 = ORIENTED_EDGE('',*,*,#6506,.F.);
#6506 = EDGE_CURVE('',#6507,#6481,#6509,.T.);
#6507 = VERTEX_POINT('',#6508);
#6508 = CARTESIAN_POINT('',(-6.799738498142,1.662394765656,-15.));
#6509 = SURFACE_CURVE('',#6510,(#6515,#6522),.PCURVE_S1.);
#6510 = CIRCLE('',#6511,1.65);
#6511 = AXIS2_PLACEMENT_3D('',#6512,#6513,#6514);
#6512 = CARTESIAN_POINT('',(-7.15,5.E-02,-15.));
#6513 = DIRECTION('',(0.,0.,1.));
#6514 = DIRECTION('',(1.,0.,-0.));
#6515 = PCURVE('',#6064,#6516);
#6516 = DEFINITIONAL_REPRESENTATION('',(#6517),#6521);
#6517 = CIRCLE('',#6518,1.65);
#6518 = AXIS2_PLACEMENT_2D('',#6519,#6520);
#6519 = CARTESIAN_POINT('',(-7.15,5.E-02));
#6520 = DIRECTION('',(1.,0.));
#6521 = ( GEOMETRIC_REPRESENTATION_CONTEXT(2) 
PARAMETRIC_REPRESENTATION_CONTEXT() REPRESENTATION_CONTEXT('2D SPACE',''
  ) );
#6522 = PCURVE('',#6523,#6528);
#6523 = CYLINDRICAL_SURFACE('',#6524,1.65);
#6524 = AXIS2_PLACEMENT_3D('',#6525,#6526,#6527);
#6525 = CARTESIAN_POINT('',(-7.15,5.E-02,-18.));
#6526 = DIRECTION('',(0.,0.,1.));
#6527 = DIRECTION('',(1.,0.,-0.));
#6528 = DEFINITIONAL_REPRESENTATION('',(#6529),#6533);
#6529 = LINE('',#6530,#6531);
#6530 = CARTESIAN_POINT('',(0.,3.));
#6531 = VECTOR('',#6532,1.);
#6532 = DIRECTION('',(1.,0.));
#6533 = ( GEOMETRIC_REPRESENTATION_CONTEXT(2) 
PARAMETRIC_REPRESENTATION_CONTEXT() REPRESENTATION_CONTEXT('2D SPACE',''
  ) );
#6534 = ORIENTED_EDGE('',*,*,#6535,.F.);
#6535 = EDGE_CURVE('',#6536,#6507,#6538,.T.);
#6536 = VERTEX_POINT('',#6537);
#6537 = CARTESIAN_POINT('',(-1.662394765656,6.799738498142,-15.));
#6538 = SURFACE_CURVE('',#6539,(#6544,#6551),.PCURVE_S1.);
#6539 = CIRCLE('',#6540,7.);
#6540 = AXIS2_PLACEMENT_3D('',#6541,#6542,#6543);
#6541 = CARTESIAN_POINT('',(0.,0.,-15.));
#6542 = DIRECTION('',(0.,0.,1.));
#6543 = DIRECTION('',(1.,0.,-0.));
#6544 = PCURVE('',#6064,#6545);
#6545 = DEFINITIONAL_REPRESENTATION('',(#6546),#6550);
#6546 = CIRCLE('',#6547,7.);
#6547 = AXIS2_PLACEMENT_2D('',#6548,#6549);
#6548 = CARTESIAN_POINT('',(0.,0.));
#6549 = DIRECTION('',(1.,0.));
#6550 = ( GEOMETRIC_REPRESENTATION_CONTEXT(2) 
PARAMETRIC_REPRESENTATION_CONTEXT() REPRESENTATION_CONTEXT('2D SPACE',''
  ) );
#6551 = PCURVE('',#6552,#6557);
#6552 = CYLINDRICAL_SURFACE('',#6553,7.);
#6553 = AXIS2_PLACEMENT_3D('',#6554,#6555,#6556);
#6554 = CARTESIAN_POINT('',(0.,0.,-15.3));
#6555 = DIRECTION('',(0.,0.,1.));
#6556 = DIRECTION('',(1.,0.,-0.));
#6557 = DEFINITIONAL_REPRESENTATION('',(#6558),#6562);
#6558 = LINE('',#6559,#6560);
#6559 = CARTESIAN_POINT('',(0.,0.3));
#6560 = VECTOR('',#6561,1.);
#6561 = DIRECTION('',(1.,0.));
#6562 = ( GEOMETRIC_REPRESENTATION_CONTEXT(2) 
PARAMETRIC_REPRESENTATION_CONTEXT() REPRESENTATION_CONTEXT('2D SPACE',''
  ) );
#6563 = ORIENTED_EDGE('',*,*,#6564,.F.);
#6564 = EDGE_CURVE('',#6565,#6536,#6567,.T.);
#6565 = VERTEX_POINT('',#6566);
#6566 = CARTESIAN_POINT('',(-1.7,7.15,-15.));
#6567 = SURFACE_CURVE('',#6568,(#6573,#6580),.PCURVE_S1.);
#6568 = CIRCLE('',#6569,1.65);
#6569 = AXIS2_PLACEMENT_3D('',#6570,#6571,#6572);
#6570 = CARTESIAN_POINT('',(-5.E-02,7.15,-15.));
#6571 = DIRECTION('',(0.,0.,1.));
#6572 = DIRECTION('',(-1.,-0.,0.));
#6573 = PCURVE('',#6064,#6574);
#6574 = DEFINITIONAL_REPRESENTATION('',(#6575),#6579);
#6575 = CIRCLE('',#6576,1.65);
#6576 = AXIS2_PLACEMENT_2D('',#6577,#6578);
#6577 = CARTESIAN_POINT('',(-5.E-02,7.15));
#6578 = DIRECTION('',(-1.,0.));
#6579 = ( GEOMETRIC_REPRESENTATION_CONTEXT(2) 
PARAMETRIC_REPRESENTATION_CONTEXT() REPRESENTATION_CONTEXT('2D SPACE',''
  ) );
#6580 = PCURVE('',#6581,#6586);
#6581 = CYLINDRICAL_SURFACE('',#6582,1.65);
#6582 = AXIS2_PLACEMENT_3D('',#6583,#6584,#6585);
#6583 = CARTESIAN_POINT('',(-5.E-02,7.15,-18.));
#6584 = DIRECTION('',(0.,0.,1.));
#6585 = DIRECTION('',(-1.,-0.,0.));
#6586 = DEFINITIONAL_REPRESENTATION('',(#6587),#6591);
#6587 = LINE('',#6588,#6589);
#6588 = CARTESIAN_POINT('',(0.,3.));
#6589 = VECTOR('',#6590,1.);
#6590 = DIRECTION('',(1.,0.));
#6591 = ( GEOMETRIC_REPRESENTATION_CONTEXT(2) 
PARAMETRIC_REPRESENTATION_CONTEXT() REPRESENTATION_CONTEXT('2D SPACE',''
  ) );
#6592 = ORIENTED_EDGE('',*,*,#6593,.T.);
#6593 = EDGE_CURVE('',#6565,#6594,#6596,.T.);
#6594 = VERTEX_POINT('',#6595);
#6595 = CARTESIAN_POINT('',(-1.7,8.35,-15.));
#6596 = SURFACE_CURVE('',#6597,(#6601,#6607),.PCURVE_S1.);
#6597 = LINE('',#6598,#6599);
#6598 = CARTESIAN_POINT('',(-1.7,2.75,-15.));
#6599 = VECTOR('',#6600,1.);
#6600 = DIRECTION('',(-0.,1.,0.));
#6601 = PCURVE('',#6064,#6602);
#6602 = DEFINITIONAL_REPRESENTATION('',(#6603),#6606);
#6603 = B_SPLINE_CURVE_WITH_KNOTS('',1,(#6604,#6605),.UNSPECIFIED.,.F.,
  .F.,(2,2),(4.4,5.6),.PIECEWISE_BEZIER_KNOTS.);
#6604 = CARTESIAN_POINT('',(-1.7,7.15));
#6605 = CARTESIAN_POINT('',(-1.7,8.35));
#6606 = ( GEOMETRIC_REPRESENTATION_CONTEXT(2) 
PARAMETRIC_REPRESENTATION_CONTEXT() REPRESENTATION_CONTEXT('2D SPACE',''
  ) );
#6607 = PCURVE('',#6608,#6613);
#6608 = PLANE('',#6609);
#6609 = AXIS2_PLACEMENT_3D('',#6610,#6611,#6612);
#6610 = CARTESIAN_POINT('',(-1.7,5.5,-18.));
#6611 = DIRECTION('',(1.,0.,-0.));
#6612 = DIRECTION('',(0.,0.,1.));
#6613 = DEFINITIONAL_REPRESENTATION('',(#6614),#6617);
#6614 = B_SPLINE_CURVE_WITH_KNOTS('',1,(#6615,#6616),.UNSPECIFIED.,.F.,
  .F.,(2,2),(4.4,5.6),.PIECEWISE_BEZIER_KNOTS.);
#6615 = CARTESIAN_POINT('',(3.,-1.65));
#6616 = CARTESIAN_POINT('',(3.,-2.85));
#6617 = ( GEOMETRIC_REPRESENTATION_CONTEXT(2) 
PARAMETRIC_REPRESENTATION_CONTEXT() REPRESENTATION_CONTEXT('2D SPACE',''
  ) );
#6618 = ORIENTED_EDGE('',*,*,#6619,.F.);
#6619 = EDGE_CURVE('',#6620,#6594,#6622,.T.);
#6620 = VERTEX_POINT('',#6621);
#6621 = CARTESIAN_POINT('',(-5.E-02,10.,-15.));
#6622 = SURFACE_CURVE('',#6623,(#6628,#6635),.PCURVE_S1.);
#6623 = CIRCLE('',#6624,1.65);
#6624 = AXIS2_PLACEMENT_3D('',#6625,#6626,#6627);
#6625 = CARTESIAN_POINT('',(-5.E-02,8.35,-15.));
#6626 = DIRECTION('',(0.,0.,1.));
#6627 = DIRECTION('',(-1.,-0.,0.));
#6628 = PCURVE('',#6064,#6629);
#6629 = DEFINITIONAL_REPRESENTATION('',(#6630),#6634);
#6630 = CIRCLE('',#6631,1.65);
#6631 = AXIS2_PLACEMENT_2D('',#6632,#6633);
#6632 = CARTESIAN_POINT('',(-5.E-02,8.35));
#6633 = DIRECTION('',(-1.,0.));
#6634 = ( GEOMETRIC_REPRESENTATION_CONTEXT(2) 
PARAMETRIC_REPRESENTATION_CONTEXT() REPRESENTATION_CONTEXT('2D SPACE',''
  ) );
#6635 = PCURVE('',#6636,#6641);
#6636 = CYLINDRICAL_SURFACE('',#6637,1.65);
#6637 = AXIS2_PLACEMENT_3D('',#6638,#6639,#6640);
#6638 = CARTESIAN_POINT('',(-5.E-02,8.35,-18.));
#6639 = DIRECTION('',(0.,0.,1.));
#6640 = DIRECTION('',(-1.,-0.,0.));
#6641 = DEFINITIONAL_REPRESENTATION('',(#6642),#6646);
#6642 = LINE('',#6643,#6644);
#6643 = CARTESIAN_POINT('',(-6.28318530718,3.));
#6644 = VECTOR('',#6645,1.);
#6645 = DIRECTION('',(1.,-0.));
#6646 = ( GEOMETRIC_REPRESENTATION_CONTEXT(2) 
PARAMETRIC_REPRESENTATION_CONTEXT() REPRESENTATION_CONTEXT('2D SPACE',''
  ) );
#6647 = ORIENTED_EDGE('',*,*,#6648,.F.);
#6648 = EDGE_CURVE('',#6649,#6620,#6651,.T.);
#6649 = VERTEX_POINT('',#6650);
#6650 = CARTESIAN_POINT('',(5.E-02,10.,-15.));
#6651 = SURFACE_CURVE('',#6652,(#6656,#6662),.PCURVE_S1.);
#6652 = LINE('',#6653,#6654);
#6653 = CARTESIAN_POINT('',(-0.85,10.,-15.));
#6654 = VECTOR('',#6655,1.);
#6655 = DIRECTION('',(-1.,-0.,0.));
#6656 = PCURVE('',#6064,#6657);
#6657 = DEFINITIONAL_REPRESENTATION('',(#6658),#6661);
#6658 = B_SPLINE_CURVE_WITH_KNOTS('',1,(#6659,#6660),.UNSPECIFIED.,.F.,
  .F.,(2,2),(-0.9,-0.8),.PIECEWISE_BEZIER_KNOTS.);
#6659 = CARTESIAN_POINT('',(5.E-02,10.));
#6660 = CARTESIAN_POINT('',(-5.E-02,10.));
#6661 = ( GEOMETRIC_REPRESENTATION_CONTEXT(2) 
PARAMETRIC_REPRESENTATION_CONTEXT() REPRESENTATION_CONTEXT('2D SPACE',''
  ) );
#6662 = PCURVE('',#6663,#6668);
#6663 = PLANE('',#6664);
#6664 = AXIS2_PLACEMENT_3D('',#6665,#6666,#6667);
#6665 = CARTESIAN_POINT('',(-1.7,10.,-18.));
#6666 = DIRECTION('',(-0.,1.,0.));
#6667 = DIRECTION('',(0.,0.,1.));
#6668 = DEFINITIONAL_REPRESENTATION('',(#6669),#6672);
#6669 = B_SPLINE_CURVE_WITH_KNOTS('',1,(#6670,#6671),.UNSPECIFIED.,.F.,
  .F.,(2,2),(-0.9,-0.8),.PIECEWISE_BEZIER_KNOTS.);
#6670 = CARTESIAN_POINT('',(3.,1.75));
#6671 = CARTESIAN_POINT('',(3.,1.65));
#6672 = ( GEOMETRIC_REPRESENTATION_CONTEXT(2) 
PARAMETRIC_REPRESENTATION_CONTEXT() REPRESENTATION_CONTEXT('2D SPACE',''
  ) );
#6673 = ORIENTED_EDGE('',*,*,#6674,.F.);
#6674 = EDGE_CURVE('',#6675,#6649,#6677,.T.);
#6675 = VERTEX_POINT('',#6676);
#6676 = CARTESIAN_POINT('',(1.7,8.35,-15.));
#6677 = SURFACE_CURVE('',#6678,(#6683,#6690),.PCURVE_S1.);
#6678 = CIRCLE('',#6679,1.65);
#6679 = AXIS2_PLACEMENT_3D('',#6680,#6681,#6682);
#6680 = CARTESIAN_POINT('',(5.E-02,8.35,-15.));
#6681 = DIRECTION('',(0.,0.,1.));
#6682 = DIRECTION('',(1.,0.,-0.));
#6683 = PCURVE('',#6064,#6684);
#6684 = DEFINITIONAL_REPRESENTATION('',(#6685),#6689);
#6685 = CIRCLE('',#6686,1.65);
#6686 = AXIS2_PLACEMENT_2D('',#6687,#6688);
#6687 = CARTESIAN_POINT('',(5.E-02,8.35));
#6688 = DIRECTION('',(1.,0.));
#6689 = ( GEOMETRIC_REPRESENTATION_CONTEXT(2) 
PARAMETRIC_REPRESENTATION_CONTEXT() REPRESENTATION_CONTEXT('2D SPACE',''
  ) );
#6690 = PCURVE('',#6691,#6696);
#6691 = CYLINDRICAL_SURFACE('',#6692,1.65);
#6692 = AXIS2_PLACEMENT_3D('',#6693,#6694,#6695);
#6693 = CARTESIAN_POINT('',(5.E-02,8.35,-18.));
#6694 = DIRECTION('',(0.,0.,1.));
#6695 = DIRECTION('',(1.,0.,-0.));
#6696 = DEFINITIONAL_REPRESENTATION('',(#6697),#6701);
#6697 = LINE('',#6698,#6699);
#6698 = CARTESIAN_POINT('',(0.,3.));
#6699 = VECTOR('',#6700,1.);
#6700 = DIRECTION('',(1.,0.));
#6701 = ( GEOMETRIC_REPRESENTATION_CONTEXT(2) 
PARAMETRIC_REPRESENTATION_CONTEXT() REPRESENTATION_CONTEXT('2D SPACE',''
  ) );
#6702 = ORIENTED_EDGE('',*,*,#6703,.F.);
#6703 = EDGE_CURVE('',#6704,#6675,#6706,.T.);
#6704 = VERTEX_POINT('',#6705);
#6705 = CARTESIAN_POINT('',(1.7,7.15,-15.));
#6706 = SURFACE_CURVE('',#6707,(#6711,#6717),.PCURVE_S1.);
#6707 = LINE('',#6708,#6709);
#6708 = CARTESIAN_POINT('',(1.7,2.75,-15.));
#6709 = VECTOR('',#6710,1.);
#6710 = DIRECTION('',(-0.,1.,0.));
#6711 = PCURVE('',#6064,#6712);
#6712 = DEFINITIONAL_REPRESENTATION('',(#6713),#6716);
#6713 = B_SPLINE_CURVE_WITH_KNOTS('',1,(#6714,#6715),.UNSPECIFIED.,.F.,
  .F.,(2,2),(4.4,5.6),.PIECEWISE_BEZIER_KNOTS.);
#6714 = CARTESIAN_POINT('',(1.7,7.15));
#6715 = CARTESIAN_POINT('',(1.7,8.35));
#6716 = ( GEOMETRIC_REPRESENTATION_CONTEXT(2) 
PARAMETRIC_REPRESENTATION_CONTEXT() REPRESENTATION_CONTEXT('2D SPACE',''
  ) );
#6717 = PCURVE('',#6718,#6723);
#6718 = PLANE('',#6719);
#6719 = AXIS2_PLACEMENT_3D('',#6720,#6721,#6722);
#6720 = CARTESIAN_POINT('',(1.7,5.5,-18.));
#6721 = DIRECTION('',(1.,0.,-0.));
#6722 = DIRECTION('',(0.,0.,1.));
#6723 = DEFINITIONAL_REPRESENTATION('',(#6724),#6727);
#6724 = B_SPLINE_CURVE_WITH_KNOTS('',1,(#6725,#6726),.UNSPECIFIED.,.F.,
  .F.,(2,2),(4.4,5.6),.PIECEWISE_BEZIER_KNOTS.);
#6725 = CARTESIAN_POINT('',(3.,-1.65));
#6726 = CARTESIAN_POINT('',(3.,-2.85));
#6727 = ( GEOMETRIC_REPRESENTATION_CONTEXT(2) 
PARAMETRIC_REPRESENTATION_CONTEXT() REPRESENTATION_CONTEXT('2D SPACE',''
  ) );
#6728 = ORIENTED_EDGE('',*,*,#6729,.F.);
#6729 = EDGE_CURVE('',#6730,#6704,#6732,.T.);
#6730 = VERTEX_POINT('',#6731);
#6731 = CARTESIAN_POINT('',(1.662394765656,6.799738498142,-15.));
#6732 = SURFACE_CURVE('',#6733,(#6738,#6745),.PCURVE_S1.);
#6733 = CIRCLE('',#6734,1.65);
#6734 = AXIS2_PLACEMENT_3D('',#6735,#6736,#6737);
#6735 = CARTESIAN_POINT('',(5.E-02,7.15,-15.));
#6736 = DIRECTION('',(0.,0.,1.));
#6737 = DIRECTION('',(1.,0.,-0.));
#6738 = PCURVE('',#6064,#6739);
#6739 = DEFINITIONAL_REPRESENTATION('',(#6740),#6744);
#6740 = CIRCLE('',#6741,1.65);
#6741 = AXIS2_PLACEMENT_2D('',#6742,#6743);
#6742 = CARTESIAN_POINT('',(5.E-02,7.15));
#6743 = DIRECTION('',(1.,0.));
#6744 = ( GEOMETRIC_REPRESENTATION_CONTEXT(2) 
PARAMETRIC_REPRESENTATION_CONTEXT() REPRESENTATION_CONTEXT('2D SPACE',''
  ) );
#6745 = PCURVE('',#6746,#6751);
#6746 = CYLINDRICAL_SURFACE('',#6747,1.65);
#6747 = AXIS2_PLACEMENT_3D('',#6748,#6749,#6750);
#6748 = CARTESIAN_POINT('',(5.E-02,7.15,-18.));
#6749 = DIRECTION('',(0.,0.,1.));
#6750 = DIRECTION('',(1.,0.,-0.));
#6751 = DEFINITIONAL_REPRESENTATION('',(#6752),#6756);
#6752 = LINE('',#6753,#6754);
#6753 = CARTESIAN_POINT('',(-6.28318530718,3.));
#6754 = VECTOR('',#6755,1.);
#6755 = DIRECTION('',(1.,-0.));
#6756 = ( GEOMETRIC_REPRESENTATION_CONTEXT(2) 
PARAMETRIC_REPRESENTATION_CONTEXT() REPRESENTATION_CONTEXT('2D SPACE',''
  ) );
#6757 = ORIENTED_EDGE('',*,*,#6758,.F.);
#6758 = EDGE_CURVE('',#6759,#6730,#6761,.T.);
#6759 = VERTEX_POINT('',#6760);
#6760 = CARTESIAN_POINT('',(6.799738498142,1.662394765656,-15.));
#6761 = SURFACE_CURVE('',#6762,(#6767,#6774),.PCURVE_S1.);
#6762 = CIRCLE('',#6763,7.);
#6763 = AXIS2_PLACEMENT_3D('',#6764,#6765,#6766);
#6764 = CARTESIAN_POINT('',(0.,0.,-15.));
#6765 = DIRECTION('',(0.,0.,1.));
#6766 = DIRECTION('',(1.,0.,-0.));
#6767 = PCURVE('',#6064,#6768);
#6768 = DEFINITIONAL_REPRESENTATION('',(#6769),#6773);
#6769 = CIRCLE('',#6770,7.);
#6770 = AXIS2_PLACEMENT_2D('',#6771,#6772);
#6771 = CARTESIAN_POINT('',(0.,0.));
#6772 = DIRECTION('',(1.,0.));
#6773 = ( GEOMETRIC_REPRESENTATION_CONTEXT(2) 
PARAMETRIC_REPRESENTATION_CONTEXT() REPRESENTATION_CONTEXT('2D SPACE',''
  ) );
#6774 = PCURVE('',#6775,#6780);
#6775 = CYLINDRICAL_SURFACE('',#6776,7.);
#6776 = AXIS2_PLACEMENT_3D('',#6777,#6778,#6779);
#6777 = CARTESIAN_POINT('',(0.,0.,-15.3));
#6778 = DIRECTION('',(0.,0.,1.));
#6779 = DIRECTION('',(1.,0.,-0.));
#6780 = DEFINITIONAL_REPRESENTATION('',(#6781),#6785);
#6781 = LINE('',#6782,#6783);
#6782 = CARTESIAN_POINT('',(0.,0.3));
#6783 = VECTOR('',#6784,1.);
#6784 = DIRECTION('',(1.,0.));
#6785 = ( GEOMETRIC_REPRESENTATION_CONTEXT(2) 
PARAMETRIC_REPRESENTATION_CONTEXT() REPRESENTATION_CONTEXT('2D SPACE',''
  ) );
#6786 = ORIENTED_EDGE('',*,*,#6787,.F.);
#6787 = EDGE_CURVE('',#6788,#6759,#6790,.T.);
#6788 = VERTEX_POINT('',#6789);
#6789 = CARTESIAN_POINT('',(7.15,1.7,-15.));
#6790 = SURFACE_CURVE('',#6791,(#6796,#6803),.PCURVE_S1.);
#6791 = CIRCLE('',#6792,1.65);
#6792 = AXIS2_PLACEMENT_3D('',#6793,#6794,#6795);
#6793 = CARTESIAN_POINT('',(7.15,5.E-02,-15.));
#6794 = DIRECTION('',(0.,0.,1.));
#6795 = DIRECTION('',(-1.,-0.,0.));
#6796 = PCURVE('',#6064,#6797);
#6797 = DEFINITIONAL_REPRESENTATION('',(#6798),#6802);
#6798 = CIRCLE('',#6799,1.65);
#6799 = AXIS2_PLACEMENT_2D('',#6800,#6801);
#6800 = CARTESIAN_POINT('',(7.15,5.E-02));
#6801 = DIRECTION('',(-1.,0.));
#6802 = ( GEOMETRIC_REPRESENTATION_CONTEXT(2) 
PARAMETRIC_REPRESENTATION_CONTEXT() REPRESENTATION_CONTEXT('2D SPACE',''
  ) );
#6803 = PCURVE('',#6804,#6809);
#6804 = CYLINDRICAL_SURFACE('',#6805,1.65);
#6805 = AXIS2_PLACEMENT_3D('',#6806,#6807,#6808);
#6806 = CARTESIAN_POINT('',(7.15,5.E-02,-18.));
#6807 = DIRECTION('',(0.,0.,1.));
#6808 = DIRECTION('',(-1.,-0.,0.));
#6809 = DEFINITIONAL_REPRESENTATION('',(#6810),#6814);
#6810 = LINE('',#6811,#6812);
#6811 = CARTESIAN_POINT('',(-6.28318530718,3.));
#6812 = VECTOR('',#6813,1.);
#6813 = DIRECTION('',(1.,-0.));
#6814 = ( GEOMETRIC_REPRESENTATION_CONTEXT(2) 
PARAMETRIC_REPRESENTATION_CONTEXT() REPRESENTATION_CONTEXT('2D SPACE',''
  ) );
#6815 = ORIENTED_EDGE('',*,*,#6816,.F.);
#6816 = EDGE_CURVE('',#6817,#6788,#6819,.T.);
#6817 = VERTEX_POINT('',#6818);
#6818 = CARTESIAN_POINT('',(8.35,1.7,-15.));
#6819 = SURFACE_CURVE('',#6820,(#6824,#6830),.PCURVE_S1.);
#6820 = LINE('',#6821,#6822);
#6821 = CARTESIAN_POINT('',(2.75,1.7,-15.));
#6822 = VECTOR('',#6823,1.);
#6823 = DIRECTION('',(-1.,-0.,0.));
#6824 = PCURVE('',#6064,#6825);
#6825 = DEFINITIONAL_REPRESENTATION('',(#6826),#6829);
#6826 = B_SPLINE_CURVE_WITH_KNOTS('',1,(#6827,#6828),.UNSPECIFIED.,.F.,
  .F.,(2,2),(-5.6,-4.4),.PIECEWISE_BEZIER_KNOTS.);
#6827 = CARTESIAN_POINT('',(8.35,1.7));
#6828 = CARTESIAN_POINT('',(7.15,1.7));
#6829 = ( GEOMETRIC_REPRESENTATION_CONTEXT(2) 
PARAMETRIC_REPRESENTATION_CONTEXT() REPRESENTATION_CONTEXT('2D SPACE',''
  ) );
#6830 = PCURVE('',#6831,#6836);
#6831 = PLANE('',#6832);
#6832 = AXIS2_PLACEMENT_3D('',#6833,#6834,#6835);
#6833 = CARTESIAN_POINT('',(5.5,1.7,-18.));
#6834 = DIRECTION('',(-0.,1.,0.));
#6835 = DIRECTION('',(0.,0.,1.));
#6836 = DEFINITIONAL_REPRESENTATION('',(#6837),#6840);
#6837 = B_SPLINE_CURVE_WITH_KNOTS('',1,(#6838,#6839),.UNSPECIFIED.,.F.,
  .F.,(2,2),(-5.6,-4.4),.PIECEWISE_BEZIER_KNOTS.);
#6838 = CARTESIAN_POINT('',(3.,2.85));
#6839 = CARTESIAN_POINT('',(3.,1.65));
#6840 = ( GEOMETRIC_REPRESENTATION_CONTEXT(2) 
PARAMETRIC_REPRESENTATION_CONTEXT() REPRESENTATION_CONTEXT('2D SPACE',''
  ) );
#6841 = ORIENTED_EDGE('',*,*,#6842,.F.);
#6842 = EDGE_CURVE('',#6843,#6817,#6845,.T.);
#6843 = VERTEX_POINT('',#6844);
#6844 = CARTESIAN_POINT('',(10.,5.E-02,-15.));
#6845 = SURFACE_CURVE('',#6846,(#6851,#6858),.PCURVE_S1.);
#6846 = CIRCLE('',#6847,1.65);
#6847 = AXIS2_PLACEMENT_3D('',#6848,#6849,#6850);
#6848 = CARTESIAN_POINT('',(8.35,5.E-02,-15.));
#6849 = DIRECTION('',(0.,0.,1.));
#6850 = DIRECTION('',(1.,0.,-0.));
#6851 = PCURVE('',#6064,#6852);
#6852 = DEFINITIONAL_REPRESENTATION('',(#6853),#6857);
#6853 = CIRCLE('',#6854,1.65);
#6854 = AXIS2_PLACEMENT_2D('',#6855,#6856);
#6855 = CARTESIAN_POINT('',(8.35,5.E-02));
#6856 = DIRECTION('',(1.,0.));
#6857 = ( GEOMETRIC_REPRESENTATION_CONTEXT(2) 
PARAMETRIC_REPRESENTATION_CONTEXT() REPRESENTATION_CONTEXT('2D SPACE',''
  ) );
#6858 = PCURVE('',#6859,#6864);
#6859 = CYLINDRICAL_SURFACE('',#6860,1.65);
#6860 = AXIS2_PLACEMENT_3D('',#6861,#6862,#6863);
#6861 = CARTESIAN_POINT('',(8.35,5.E-02,-18.));
#6862 = DIRECTION('',(0.,0.,1.));
#6863 = DIRECTION('',(1.,0.,-0.));
#6864 = DEFINITIONAL_REPRESENTATION('',(#6865),#6869);
#6865 = LINE('',#6866,#6867);
#6866 = CARTESIAN_POINT('',(0.,3.));
#6867 = VECTOR('',#6868,1.);
#6868 = DIRECTION('',(1.,0.));
#6869 = ( GEOMETRIC_REPRESENTATION_CONTEXT(2) 
PARAMETRIC_REPRESENTATION_CONTEXT() REPRESENTATION_CONTEXT('2D SPACE',''
  ) );
#6870 = ORIENTED_EDGE('',*,*,#6871,.F.);
#6871 = EDGE_CURVE('',#6872,#6843,#6874,.T.);
#6872 = VERTEX_POINT('',#6873);
#6873 = CARTESIAN_POINT('',(10.,-5.E-02,-15.));
#6874 = SURFACE_CURVE('',#6875,(#6879,#6885),.PCURVE_S1.);
#6875 = LINE('',#6876,#6877);
#6876 = CARTESIAN_POINT('',(10.,-0.85,-15.));
#6877 = VECTOR('',#6878,1.);
#6878 = DIRECTION('',(-0.,1.,0.));
#6879 = PCURVE('',#6064,#6880);
#6880 = DEFINITIONAL_REPRESENTATION('',(#6881),#6884);
#6881 = B_SPLINE_CURVE_WITH_KNOTS('',1,(#6882,#6883),.UNSPECIFIED.,.F.,
  .F.,(2,2),(0.8,0.9),.PIECEWISE_BEZIER_KNOTS.);
#6882 = CARTESIAN_POINT('',(10.,-5.E-02));
#6883 = CARTESIAN_POINT('',(10.,5.E-02));
#6884 = ( GEOMETRIC_REPRESENTATION_CONTEXT(2) 
PARAMETRIC_REPRESENTATION_CONTEXT() REPRESENTATION_CONTEXT('2D SPACE',''
  ) );
#6885 = PCURVE('',#6886,#6891);
#6886 = PLANE('',#6887);
#6887 = AXIS2_PLACEMENT_3D('',#6888,#6889,#6890);
#6888 = CARTESIAN_POINT('',(10.,-1.7,-18.));
#6889 = DIRECTION('',(1.,0.,-0.));
#6890 = DIRECTION('',(0.,0.,1.));
#6891 = DEFINITIONAL_REPRESENTATION('',(#6892),#6895);
#6892 = B_SPLINE_CURVE_WITH_KNOTS('',1,(#6893,#6894),.UNSPECIFIED.,.F.,
  .F.,(2,2),(0.8,0.9),.PIECEWISE_BEZIER_KNOTS.);
#6893 = CARTESIAN_POINT('',(3.,-1.65));
#6894 = CARTESIAN_POINT('',(3.,-1.75));
#6895 = ( GEOMETRIC_REPRESENTATION_CONTEXT(2) 
PARAMETRIC_REPRESENTATION_CONTEXT() REPRESENTATION_CONTEXT('2D SPACE',''
  ) );
#6896 = ORIENTED_EDGE('',*,*,#6897,.F.);
#6897 = EDGE_CURVE('',#6898,#6872,#6900,.T.);
#6898 = VERTEX_POINT('',#6899);
#6899 = CARTESIAN_POINT('',(8.35,-1.7,-15.));
#6900 = SURFACE_CURVE('',#6901,(#6906,#6913),.PCURVE_S1.);
#6901 = CIRCLE('',#6902,1.65);
#6902 = AXIS2_PLACEMENT_3D('',#6903,#6904,#6905);
#6903 = CARTESIAN_POINT('',(8.35,-5.E-02,-15.));
#6904 = DIRECTION('',(0.,0.,1.));
#6905 = DIRECTION('',(1.,0.,-0.));
#6906 = PCURVE('',#6064,#6907);
#6907 = DEFINITIONAL_REPRESENTATION('',(#6908),#6912);
#6908 = CIRCLE('',#6909,1.65);
#6909 = AXIS2_PLACEMENT_2D('',#6910,#6911);
#6910 = CARTESIAN_POINT('',(8.35,-5.E-02));
#6911 = DIRECTION('',(1.,0.));
#6912 = ( GEOMETRIC_REPRESENTATION_CONTEXT(2) 
PARAMETRIC_REPRESENTATION_CONTEXT() REPRESENTATION_CONTEXT('2D SPACE',''
  ) );
#6913 = PCURVE('',#6914,#6919);
#6914 = CYLINDRICAL_SURFACE('',#6915,1.65);
#6915 = AXIS2_PLACEMENT_3D('',#6916,#6917,#6918);
#6916 = CARTESIAN_POINT('',(8.35,-5.E-02,-18.));
#6917 = DIRECTION('',(0.,0.,1.));
#6918 = DIRECTION('',(1.,0.,-0.));
#6919 = DEFINITIONAL_REPRESENTATION('',(#6920),#6924);
#6920 = LINE('',#6921,#6922);
#6921 = CARTESIAN_POINT('',(-6.28318530718,3.));
#6922 = VECTOR('',#6923,1.);
#6923 = DIRECTION('',(1.,-0.));
#6924 = ( GEOMETRIC_REPRESENTATION_CONTEXT(2) 
PARAMETRIC_REPRESENTATION_CONTEXT() REPRESENTATION_CONTEXT('2D SPACE',''
  ) );
#6925 = ORIENTED_EDGE('',*,*,#6926,.T.);
#6926 = EDGE_CURVE('',#6898,#6927,#6929,.T.);
#6927 = VERTEX_POINT('',#6928);
#6928 = CARTESIAN_POINT('',(7.15,-1.7,-15.));
#6929 = SURFACE_CURVE('',#6930,(#6934,#6940),.PCURVE_S1.);
#6930 = LINE('',#6931,#6932);
#6931 = CARTESIAN_POINT('',(2.75,-1.7,-15.));
#6932 = VECTOR('',#6933,1.);
#6933 = DIRECTION('',(-1.,-0.,0.));
#6934 = PCURVE('',#6064,#6935);
#6935 = DEFINITIONAL_REPRESENTATION('',(#6936),#6939);
#6936 = B_SPLINE_CURVE_WITH_KNOTS('',1,(#6937,#6938),.UNSPECIFIED.,.F.,
  .F.,(2,2),(-5.6,-4.4),.PIECEWISE_BEZIER_KNOTS.);
#6937 = CARTESIAN_POINT('',(8.35,-1.7));
#6938 = CARTESIAN_POINT('',(7.15,-1.7));
#6939 = ( GEOMETRIC_REPRESENTATION_CONTEXT(2) 
PARAMETRIC_REPRESENTATION_CONTEXT() REPRESENTATION_CONTEXT('2D SPACE',''
  ) );
#6940 = PCURVE('',#6941,#6946);
#6941 = PLANE('',#6942);
#6942 = AXIS2_PLACEMENT_3D('',#6943,#6944,#6945);
#6943 = CARTESIAN_POINT('',(5.5,-1.7,-18.));
#6944 = DIRECTION('',(-0.,1.,0.));
#6945 = DIRECTION('',(0.,0.,1.));
#6946 = DEFINITIONAL_REPRESENTATION('',(#6947),#6950);
#6947 = B_SPLINE_CURVE_WITH_KNOTS('',1,(#6948,#6949),.UNSPECIFIED.,.F.,
  .F.,(2,2),(-5.6,-4.4),.PIECEWISE_BEZIER_KNOTS.);
#6948 = CARTESIAN_POINT('',(3.,2.85));
#6949 = CARTESIAN_POINT('',(3.,1.65));
#6950 = ( GEOMETRIC_REPRESENTATION_CONTEXT(2) 
PARAMETRIC_REPRESENTATION_CONTEXT() REPRESENTATION_CONTEXT('2D SPACE',''
  ) );
#6951 = ORIENTED_EDGE('',*,*,#6952,.F.);
#6952 = EDGE_CURVE('',#6953,#6927,#6955,.T.);
#6953 = VERTEX_POINT('',#6954);
#6954 = CARTESIAN_POINT('',(6.799738498142,-1.662394765656,-15.));
#6955 = SURFACE_CURVE('',#6956,(#6961,#6968),.PCURVE_S1.);
#6956 = CIRCLE('',#6957,1.65);
#6957 = AXIS2_PLACEMENT_3D('',#6958,#6959,#6960);
#6958 = CARTESIAN_POINT('',(7.15,-5.E-02,-15.));
#6959 = DIRECTION('',(0.,0.,1.));
#6960 = DIRECTION('',(-1.,-0.,0.));
#6961 = PCURVE('',#6064,#6962);
#6962 = DEFINITIONAL_REPRESENTATION('',(#6963),#6967);
#6963 = CIRCLE('',#6964,1.65);
#6964 = AXIS2_PLACEMENT_2D('',#6965,#6966);
#6965 = CARTESIAN_POINT('',(7.15,-5.E-02));
#6966 = DIRECTION('',(-1.,0.));
#6967 = ( GEOMETRIC_REPRESENTATION_CONTEXT(2) 
PARAMETRIC_REPRESENTATION_CONTEXT() REPRESENTATION_CONTEXT('2D SPACE',''
  ) );
#6968 = PCURVE('',#6969,#6974);
#6969 = CYLINDRICAL_SURFACE('',#6970,1.65);
#6970 = AXIS2_PLACEMENT_3D('',#6971,#6972,#6973);
#6971 = CARTESIAN_POINT('',(7.15,-5.E-02,-18.));
#6972 = DIRECTION('',(0.,0.,1.));
#6973 = DIRECTION('',(-1.,-0.,0.));
#6974 = DEFINITIONAL_REPRESENTATION('',(#6975),#6979);
#6975 = LINE('',#6976,#6977);
#6976 = CARTESIAN_POINT('',(0.,3.));
#6977 = VECTOR('',#6978,1.);
#6978 = DIRECTION('',(1.,0.));
#6979 = ( GEOMETRIC_REPRESENTATION_CONTEXT(2) 
PARAMETRIC_REPRESENTATION_CONTEXT() REPRESENTATION_CONTEXT('2D SPACE',''
  ) );
#6980 = ORIENTED_EDGE('',*,*,#6981,.F.);
#6981 = EDGE_CURVE('',#6982,#6953,#6984,.T.);
#6982 = VERTEX_POINT('',#6983);
#6983 = CARTESIAN_POINT('',(1.662394765656,-6.799738498142,-15.));
#6984 = SURFACE_CURVE('',#6985,(#6990,#6997),.PCURVE_S1.);
#6985 = CIRCLE('',#6986,7.);
#6986 = AXIS2_PLACEMENT_3D('',#6987,#6988,#6989);
#6987 = CARTESIAN_POINT('',(0.,0.,-15.));
#6988 = DIRECTION('',(0.,0.,1.));
#6989 = DIRECTION('',(1.,0.,-0.));
#6990 = PCURVE('',#6064,#6991);
#6991 = DEFINITIONAL_REPRESENTATION('',(#6992),#6996);
#6992 = CIRCLE('',#6993,7.);
#6993 = AXIS2_PLACEMENT_2D('',#6994,#6995);
#6994 = CARTESIAN_POINT('',(0.,0.));
#6995 = DIRECTION('',(1.,0.));
#6996 = ( GEOMETRIC_REPRESENTATION_CONTEXT(2) 
PARAMETRIC_REPRESENTATION_CONTEXT() REPRESENTATION_CONTEXT('2D SPACE',''
  ) );
#6997 = PCURVE('',#6998,#7003);
#6998 = CYLINDRICAL_SURFACE('',#6999,7.);
#6999 = AXIS2_PLACEMENT_3D('',#7000,#7001,#7002);
#7000 = CARTESIAN_POINT('',(0.,0.,-15.3));
#7001 = DIRECTION('',(0.,0.,1.));
#7002 = DIRECTION('',(1.,0.,-0.));
#7003 = DEFINITIONAL_REPRESENTATION('',(#7004),#7008);
#7004 = LINE('',#7005,#7006);
#7005 = CARTESIAN_POINT('',(0.,0.3));
#7006 = VECTOR('',#7007,1.);
#7007 = DIRECTION('',(1.,0.));
#7008 = ( GEOMETRIC_REPRESENTATION_CONTEXT(2) 
PARAMETRIC_REPRESENTATION_CONTEXT() REPRESENTATION_CONTEXT('2D SPACE',''
  ) );
#7009 = ORIENTED_EDGE('',*,*,#7010,.F.);
#7010 = EDGE_CURVE('',#7011,#6982,#7013,.T.);
#7011 = VERTEX_POINT('',#7012);
#7012 = CARTESIAN_POINT('',(1.7,-7.15,-15.));
#7013 = SURFACE_CURVE('',#7014,(#7019,#7026),.PCURVE_S1.);
#7014 = CIRCLE('',#7015,1.65);
#7015 = AXIS2_PLACEMENT_3D('',#7016,#7017,#7018);
#7016 = CARTESIAN_POINT('',(5.E-02,-7.15,-15.));
#7017 = DIRECTION('',(0.,0.,1.));
#7018 = DIRECTION('',(1.,0.,-0.));
#7019 = PCURVE('',#6064,#7020);
#7020 = DEFINITIONAL_REPRESENTATION('',(#7021),#7025);
#7021 = CIRCLE('',#7022,1.65);
#7022 = AXIS2_PLACEMENT_2D('',#7023,#7024);
#7023 = CARTESIAN_POINT('',(5.E-02,-7.15));
#7024 = DIRECTION('',(1.,0.));
#7025 = ( GEOMETRIC_REPRESENTATION_CONTEXT(2) 
PARAMETRIC_REPRESENTATION_CONTEXT() REPRESENTATION_CONTEXT('2D SPACE',''
  ) );
#7026 = PCURVE('',#7027,#7032);
#7027 = CYLINDRICAL_SURFACE('',#7028,1.65);
#7028 = AXIS2_PLACEMENT_3D('',#7029,#7030,#7031);
#7029 = CARTESIAN_POINT('',(5.E-02,-7.15,-18.));
#7030 = DIRECTION('',(0.,0.,1.));
#7031 = DIRECTION('',(1.,0.,-0.));
#7032 = DEFINITIONAL_REPRESENTATION('',(#7033),#7037);
#7033 = LINE('',#7034,#7035);
#7034 = CARTESIAN_POINT('',(0.,3.));
#7035 = VECTOR('',#7036,1.);
#7036 = DIRECTION('',(1.,0.));
#7037 = ( GEOMETRIC_REPRESENTATION_CONTEXT(2) 
PARAMETRIC_REPRESENTATION_CONTEXT() REPRESENTATION_CONTEXT('2D SPACE',''
  ) );
#7038 = ORIENTED_EDGE('',*,*,#7039,.F.);
#7039 = EDGE_CURVE('',#7040,#7011,#7042,.T.);
#7040 = VERTEX_POINT('',#7041);
#7041 = CARTESIAN_POINT('',(1.7,-8.35,-15.));
#7042 = SURFACE_CURVE('',#7043,(#7047,#7053),.PCURVE_S1.);
#7043 = LINE('',#7044,#7045);
#7044 = CARTESIAN_POINT('',(1.7,-5.,-15.));
#7045 = VECTOR('',#7046,1.);
#7046 = DIRECTION('',(-0.,1.,0.));
#7047 = PCURVE('',#6064,#7048);
#7048 = DEFINITIONAL_REPRESENTATION('',(#7049),#7052);
#7049 = B_SPLINE_CURVE_WITH_KNOTS('',1,(#7050,#7051),.UNSPECIFIED.,.F.,
  .F.,(2,2),(-3.35,-2.15),.PIECEWISE_BEZIER_KNOTS.);
#7050 = CARTESIAN_POINT('',(1.7,-8.35));
#7051 = CARTESIAN_POINT('',(1.7,-7.15));
#7052 = ( GEOMETRIC_REPRESENTATION_CONTEXT(2) 
PARAMETRIC_REPRESENTATION_CONTEXT() REPRESENTATION_CONTEXT('2D SPACE',''
  ) );
#7053 = PCURVE('',#7054,#7059);
#7054 = PLANE('',#7055);
#7055 = AXIS2_PLACEMENT_3D('',#7056,#7057,#7058);
#7056 = CARTESIAN_POINT('',(1.7,-10.,-18.));
#7057 = DIRECTION('',(1.,0.,-0.));
#7058 = DIRECTION('',(0.,0.,1.));
#7059 = DEFINITIONAL_REPRESENTATION('',(#7060),#7063);
#7060 = B_SPLINE_CURVE_WITH_KNOTS('',1,(#7061,#7062),.UNSPECIFIED.,.F.,
  .F.,(2,2),(-3.35,-2.15),.PIECEWISE_BEZIER_KNOTS.);
#7061 = CARTESIAN_POINT('',(3.,-1.65));
#7062 = CARTESIAN_POINT('',(3.,-2.85));
#7063 = ( GEOMETRIC_REPRESENTATION_CONTEXT(2) 
PARAMETRIC_REPRESENTATION_CONTEXT() REPRESENTATION_CONTEXT('2D SPACE',''
  ) );
#7064 = ORIENTED_EDGE('',*,*,#7065,.F.);
#7065 = EDGE_CURVE('',#7066,#7040,#7068,.T.);
#7066 = VERTEX_POINT('',#7067);
#7067 = CARTESIAN_POINT('',(5.E-02,-10.,-15.));
#7068 = SURFACE_CURVE('',#7069,(#7074,#7081),.PCURVE_S1.);
#7069 = CIRCLE('',#7070,1.65);
#7070 = AXIS2_PLACEMENT_3D('',#7071,#7072,#7073);
#7071 = CARTESIAN_POINT('',(5.E-02,-8.35,-15.));
#7072 = DIRECTION('',(0.,0.,1.));
#7073 = DIRECTION('',(1.,0.,-0.));
#7074 = PCURVE('',#6064,#7075);
#7075 = DEFINITIONAL_REPRESENTATION('',(#7076),#7080);
#7076 = CIRCLE('',#7077,1.65);
#7077 = AXIS2_PLACEMENT_2D('',#7078,#7079);
#7078 = CARTESIAN_POINT('',(5.E-02,-8.35));
#7079 = DIRECTION('',(1.,0.));
#7080 = ( GEOMETRIC_REPRESENTATION_CONTEXT(2) 
PARAMETRIC_REPRESENTATION_CONTEXT() REPRESENTATION_CONTEXT('2D SPACE',''
  ) );
#7081 = PCURVE('',#7082,#7087);
#7082 = CYLINDRICAL_SURFACE('',#7083,1.65);
#7083 = AXIS2_PLACEMENT_3D('',#7084,#7085,#7086);
#7084 = CARTESIAN_POINT('',(5.E-02,-8.35,-18.));
#7085 = DIRECTION('',(0.,0.,1.));
#7086 = DIRECTION('',(1.,0.,-0.));
#7087 = DEFINITIONAL_REPRESENTATION('',(#7088),#7092);
#7088 = LINE('',#7089,#7090);
#7089 = CARTESIAN_POINT('',(-6.28318530718,3.));
#7090 = VECTOR('',#7091,1.);
#7091 = DIRECTION('',(1.,-0.));
#7092 = ( GEOMETRIC_REPRESENTATION_CONTEXT(2) 
PARAMETRIC_REPRESENTATION_CONTEXT() REPRESENTATION_CONTEXT('2D SPACE',''
  ) );
#7093 = ORIENTED_EDGE('',*,*,#7094,.T.);
#7094 = EDGE_CURVE('',#7066,#6229,#7095,.T.);
#7095 = SURFACE_CURVE('',#7096,(#7100,#7106),.PCURVE_S1.);
#7096 = LINE('',#7097,#7098);
#7097 = CARTESIAN_POINT('',(-0.85,-10.,-15.));
#7098 = VECTOR('',#7099,1.);
#7099 = DIRECTION('',(-1.,-0.,0.));
#7100 = PCURVE('',#6064,#7101);
#7101 = DEFINITIONAL_REPRESENTATION('',(#7102),#7105);
#7102 = B_SPLINE_CURVE_WITH_KNOTS('',1,(#7103,#7104),.UNSPECIFIED.,.F.,
  .F.,(2,2),(-0.9,-0.8),.PIECEWISE_BEZIER_KNOTS.);
#7103 = CARTESIAN_POINT('',(5.E-02,-10.));
#7104 = CARTESIAN_POINT('',(-5.E-02,-10.));
#7105 = ( GEOMETRIC_REPRESENTATION_CONTEXT(2) 
PARAMETRIC_REPRESENTATION_CONTEXT() REPRESENTATION_CONTEXT('2D SPACE',''
  ) );
#7106 = PCURVE('',#7107,#7112);
#7107 = PLANE('',#7108);
#7108 = AXIS2_PLACEMENT_3D('',#7109,#7110,#7111);
#7109 = CARTESIAN_POINT('',(-1.7,-10.,-18.));
#7110 = DIRECTION('',(-0.,1.,0.));
#7111 = DIRECTION('',(0.,0.,1.));
#7112 = DEFINITIONAL_REPRESENTATION('',(#7113),#7116);
#7113 = B_SPLINE_CURVE_WITH_KNOTS('',1,(#7114,#7115),.UNSPECIFIED.,.F.,
  .F.,(2,2),(-0.9,-0.8),.PIECEWISE_BEZIER_KNOTS.);
#7114 = CARTESIAN_POINT('',(3.,1.75));
#7115 = CARTESIAN_POINT('',(3.,1.65));
#7116 = ( GEOMETRIC_REPRESENTATION_CONTEXT(2) 
PARAMETRIC_REPRESENTATION_CONTEXT() REPRESENTATION_CONTEXT('2D SPACE',''
  ) );
#7117 = FACE_BOUND('',#7118,.T.);
#7118 = EDGE_LOOP('',(#7119));
#7119 = ORIENTED_EDGE('',*,*,#7120,.F.);
#7120 = EDGE_CURVE('',#7121,#7121,#7123,.T.);
#7121 = VERTEX_POINT('',#7122);
#7122 = CARTESIAN_POINT('',(11.953048327205,10.253048327205,-15.));
#7123 = SURFACE_CURVE('',#7124,(#7129,#7136),.PCURVE_S1.);
#7124 = CIRCLE('',#7125,1.7);
#7125 = AXIS2_PLACEMENT_3D('',#7126,#7127,#7128);
#7126 = CARTESIAN_POINT('',(10.253048327205,10.253048327205,-15.));
#7127 = DIRECTION('',(0.,0.,1.));
#7128 = DIRECTION('',(1.,0.,-0.));
#7129 = PCURVE('',#6064,#7130);
#7130 = DEFINITIONAL_REPRESENTATION('',(#7131),#7135);
#7131 = CIRCLE('',#7132,1.7);
#7132 = AXIS2_PLACEMENT_2D('',#7133,#7134);
#7133 = CARTESIAN_POINT('',(10.253048327205,10.253048327205));
#7134 = DIRECTION('',(1.,0.));
#7135 = ( GEOMETRIC_REPRESENTATION_CONTEXT(2) 
PARAMETRIC_REPRESENTATION_CONTEXT() REPRESENTATION_CONTEXT('2D SPACE',''
  ) );
#7136 = PCURVE('',#7137,#7142);
#7137 = CYLINDRICAL_SURFACE('',#7138,1.7);
#7138 = AXIS2_PLACEMENT_3D('',#7139,#7140,#7141);
#7139 = CARTESIAN_POINT('',(10.253048327205,10.253048327205,-21.));
#7140 = DIRECTION('',(0.,0.,1.));
#7141 = DIRECTION('',(1.,0.,-0.));
#7142 = DEFINITIONAL_REPRESENTATION('',(#7143),#7147);
#7143 = LINE('',#7144,#7145);
#7144 = CARTESIAN_POINT('',(0.,6.));
#7145 = VECTOR('',#7146,1.);
#7146 = DIRECTION('',(1.,0.));
#7147 = ( GEOMETRIC_REPRESENTATION_CONTEXT(2) 
PARAMETRIC_REPRESENTATION_CONTEXT() REPRESENTATION_CONTEXT('2D SPACE',''
  ) );
#7148 = ADVANCED_FACE('',(#7149,#7152,#7178,#7204,#7230,#7261),#6114,.F.
  );
#7149 = FACE_BOUND('',#7150,.F.);
#7150 = EDGE_LOOP('',(#7151));
#7151 = ORIENTED_EDGE('',*,*,#6099,.T.);
#7152 = FACE_BOUND('',#7153,.F.);
#7153 = EDGE_LOOP('',(#7154));
#7154 = ORIENTED_EDGE('',*,*,#7155,.F.);
#7155 = EDGE_CURVE('',#7156,#7156,#7158,.T.);
#7156 = VERTEX_POINT('',#7157);
#7157 = CARTESIAN_POINT('',(-8.553048327205,-10.2530483272,-19.));
#7158 = SURFACE_CURVE('',#7159,(#7164,#7171),.PCURVE_S1.);
#7159 = CIRCLE('',#7160,1.7);
#7160 = AXIS2_PLACEMENT_3D('',#7161,#7162,#7163);
#7161 = CARTESIAN_POINT('',(-10.2530483272,-10.2530483272,-19.));
#7162 = DIRECTION('',(0.,0.,1.));
#7163 = DIRECTION('',(1.,0.,-0.));
#7164 = PCURVE('',#6114,#7165);
#7165 = DEFINITIONAL_REPRESENTATION('',(#7166),#7170);
#7166 = CIRCLE('',#7167,1.7);
#7167 = AXIS2_PLACEMENT_2D('',#7168,#7169);
#7168 = CARTESIAN_POINT('',(-10.2530483272,-10.2530483272));
#7169 = DIRECTION('',(1.,0.));
#7170 = ( GEOMETRIC_REPRESENTATION_CONTEXT(2) 
PARAMETRIC_REPRESENTATION_CONTEXT() REPRESENTATION_CONTEXT('2D SPACE',''
  ) );
#7171 = PCURVE('',#6150,#7172);
#7172 = DEFINITIONAL_REPRESENTATION('',(#7173),#7177);
#7173 = LINE('',#7174,#7175);
#7174 = CARTESIAN_POINT('',(0.,2.));
#7175 = VECTOR('',#7176,1.);
#7176 = DIRECTION('',(1.,0.));
#7177 = ( GEOMETRIC_REPRESENTATION_CONTEXT(2) 
PARAMETRIC_REPRESENTATION_CONTEXT() REPRESENTATION_CONTEXT('2D SPACE',''
  ) );
#7178 = FACE_BOUND('',#7179,.F.);
#7179 = EDGE_LOOP('',(#7180));
#7180 = ORIENTED_EDGE('',*,*,#7181,.F.);
#7181 = EDGE_CURVE('',#7182,#7182,#7184,.T.);
#7182 = VERTEX_POINT('',#7183);
#7183 = CARTESIAN_POINT('',(11.953048327205,-10.2530483272,-19.));
#7184 = SURFACE_CURVE('',#7185,(#7190,#7197),.PCURVE_S1.);
#7185 = CIRCLE('',#7186,1.7);
#7186 = AXIS2_PLACEMENT_3D('',#7187,#7188,#7189);
#7187 = CARTESIAN_POINT('',(10.253048327205,-10.2530483272,-19.));
#7188 = DIRECTION('',(0.,0.,1.));
#7189 = DIRECTION('',(1.,0.,-0.));
#7190 = PCURVE('',#6114,#7191);
#7191 = DEFINITIONAL_REPRESENTATION('',(#7192),#7196);
#7192 = CIRCLE('',#7193,1.7);
#7193 = AXIS2_PLACEMENT_2D('',#7194,#7195);
#7194 = CARTESIAN_POINT('',(10.253048327205,-10.2530483272));
#7195 = DIRECTION('',(1.,0.));
#7196 = ( GEOMETRIC_REPRESENTATION_CONTEXT(2) 
PARAMETRIC_REPRESENTATION_CONTEXT() REPRESENTATION_CONTEXT('2D SPACE',''
  ) );
#7197 = PCURVE('',#6181,#7198);
#7198 = DEFINITIONAL_REPRESENTATION('',(#7199),#7203);
#7199 = LINE('',#7200,#7201);
#7200 = CARTESIAN_POINT('',(0.,2.));
#7201 = VECTOR('',#7202,1.);
#7202 = DIRECTION('',(1.,0.));
#7203 = ( GEOMETRIC_REPRESENTATION_CONTEXT(2) 
PARAMETRIC_REPRESENTATION_CONTEXT() REPRESENTATION_CONTEXT('2D SPACE',''
  ) );
#7204 = FACE_BOUND('',#7205,.F.);
#7205 = EDGE_LOOP('',(#7206));
#7206 = ORIENTED_EDGE('',*,*,#7207,.F.);
#7207 = EDGE_CURVE('',#7208,#7208,#7210,.T.);
#7208 = VERTEX_POINT('',#7209);
#7209 = CARTESIAN_POINT('',(-8.553048327205,10.253048327205,-19.));
#7210 = SURFACE_CURVE('',#7211,(#7216,#7223),.PCURVE_S1.);
#7211 = CIRCLE('',#7212,1.7);
#7212 = AXIS2_PLACEMENT_3D('',#7213,#7214,#7215);
#7213 = CARTESIAN_POINT('',(-10.2530483272,10.253048327205,-19.));
#7214 = DIRECTION('',(0.,0.,1.));
#7215 = DIRECTION('',(1.,0.,-0.));
#7216 = PCURVE('',#6114,#7217);
#7217 = DEFINITIONAL_REPRESENTATION('',(#7218),#7222);
#7218 = CIRCLE('',#7219,1.7);
#7219 = AXIS2_PLACEMENT_2D('',#7220,#7221);
#7220 = CARTESIAN_POINT('',(-10.2530483272,10.253048327205));
#7221 = DIRECTION('',(1.,0.));
#7222 = ( GEOMETRIC_REPRESENTATION_CONTEXT(2) 
PARAMETRIC_REPRESENTATION_CONTEXT() REPRESENTATION_CONTEXT('2D SPACE',''
  ) );
#7223 = PCURVE('',#6212,#7224);
#7224 = DEFINITIONAL_REPRESENTATION('',(#7225),#7229);
#7225 = LINE('',#7226,#7227);
#7226 = CARTESIAN_POINT('',(0.,2.));
#7227 = VECTOR('',#7228,1.);
#7228 = DIRECTION('',(1.,0.));
#7229 = ( GEOMETRIC_REPRESENTATION_CONTEXT(2) 
PARAMETRIC_REPRESENTATION_CONTEXT() REPRESENTATION_CONTEXT('2D SPACE',''
  ) );
#7230 = FACE_BOUND('',#7231,.F.);
#7231 = EDGE_LOOP('',(#7232));
#7232 = ORIENTED_EDGE('',*,*,#7233,.F.);
#7233 = EDGE_CURVE('',#7234,#7234,#7236,.T.);
#7234 = VERTEX_POINT('',#7235);
#7235 = CARTESIAN_POINT('',(1.7,-4.163799117101E-16,-19.));
#7236 = SURFACE_CURVE('',#7237,(#7242,#7249),.PCURVE_S1.);
#7237 = CIRCLE('',#7238,1.7);
#7238 = AXIS2_PLACEMENT_3D('',#7239,#7240,#7241);
#7239 = CARTESIAN_POINT('',(0.,0.,-19.));
#7240 = DIRECTION('',(0.,0.,1.));
#7241 = DIRECTION('',(1.,0.,-0.));
#7242 = PCURVE('',#6114,#7243);
#7243 = DEFINITIONAL_REPRESENTATION('',(#7244),#7248);
#7244 = CIRCLE('',#7245,1.7);
#7245 = AXIS2_PLACEMENT_2D('',#7246,#7247);
#7246 = CARTESIAN_POINT('',(0.,0.));
#7247 = DIRECTION('',(1.,0.));
#7248 = ( GEOMETRIC_REPRESENTATION_CONTEXT(2) 
PARAMETRIC_REPRESENTATION_CONTEXT() REPRESENTATION_CONTEXT('2D SPACE',''
  ) );
#7249 = PCURVE('',#7250,#7255);
#7250 = CYLINDRICAL_SURFACE('',#7251,1.7);
#7251 = AXIS2_PLACEMENT_3D('',#7252,#7253,#7254);
#7252 = CARTESIAN_POINT('',(0.,0.,-21.));
#7253 = DIRECTION('',(0.,0.,1.));
#7254 = DIRECTION('',(1.,0.,-0.));
#7255 = DEFINITIONAL_REPRESENTATION('',(#7256),#7260);
#7256 = LINE('',#7257,#7258);
#7257 = CARTESIAN_POINT('',(0.,2.));
#7258 = VECTOR('',#7259,1.);
#7259 = DIRECTION('',(1.,0.));
#7260 = ( GEOMETRIC_REPRESENTATION_CONTEXT(2) 
PARAMETRIC_REPRESENTATION_CONTEXT() REPRESENTATION_CONTEXT('2D SPACE',''
  ) );
#7261 = FACE_BOUND('',#7262,.F.);
#7262 = EDGE_LOOP('',(#7263));
#7263 = ORIENTED_EDGE('',*,*,#7264,.F.);
#7264 = EDGE_CURVE('',#7265,#7265,#7267,.T.);
#7265 = VERTEX_POINT('',#7266);
#7266 = CARTESIAN_POINT('',(11.953048327205,10.253048327205,-19.));
#7267 = SURFACE_CURVE('',#7268,(#7273,#7280),.PCURVE_S1.);
#7268 = CIRCLE('',#7269,1.7);
#7269 = AXIS2_PLACEMENT_3D('',#7270,#7271,#7272);
#7270 = CARTESIAN_POINT('',(10.253048327205,10.253048327205,-19.));
#7271 = DIRECTION('',(0.,0.,1.));
#7272 = DIRECTION('',(1.,0.,-0.));
#7273 = PCURVE('',#6114,#7274);
#7274 = DEFINITIONAL_REPRESENTATION('',(#7275),#7279);
#7275 = CIRCLE('',#7276,1.7);
#7276 = AXIS2_PLACEMENT_2D('',#7277,#7278);
#7277 = CARTESIAN_POINT('',(10.253048327205,10.253048327205));
#7278 = DIRECTION('',(1.,0.));
#7279 = ( GEOMETRIC_REPRESENTATION_CONTEXT(2) 
PARAMETRIC_REPRESENTATION_CONTEXT() REPRESENTATION_CONTEXT('2D SPACE',''
  ) );
#7280 = PCURVE('',#7137,#7281);
#7281 = DEFINITIONAL_REPRESENTATION('',(#7282),#7286);
#7282 = LINE('',#7283,#7284);
#7283 = CARTESIAN_POINT('',(0.,2.));
#7284 = VECTOR('',#7285,1.);
#7285 = DIRECTION('',(1.,0.));
#7286 = ( GEOMETRIC_REPRESENTATION_CONTEXT(2) 
PARAMETRIC_REPRESENTATION_CONTEXT() REPRESENTATION_CONTEXT('2D SPACE',''
  ) );
#7287 = ADVANCED_FACE('',(#7288),#6150,.F.);
#7288 = FACE_BOUND('',#7289,.F.);
#7289 = EDGE_LOOP('',(#7290,#7311,#7312,#7313));
#7290 = ORIENTED_EDGE('',*,*,#7291,.T.);
#7291 = EDGE_CURVE('',#7156,#6134,#7292,.T.);
#7292 = SEAM_CURVE('',#7293,(#7297,#7304),.PCURVE_S1.);
#7293 = LINE('',#7294,#7295);
#7294 = CARTESIAN_POINT('',(-8.553048327205,-10.2530483272,-21.));
#7295 = VECTOR('',#7296,1.);
#7296 = DIRECTION('',(0.,0.,1.));
#7297 = PCURVE('',#6150,#7298);
#7298 = DEFINITIONAL_REPRESENTATION('',(#7299),#7303);
#7299 = LINE('',#7300,#7301);
#7300 = CARTESIAN_POINT('',(6.28318530718,-0.));
#7301 = VECTOR('',#7302,1.);
#7302 = DIRECTION('',(0.,1.));
#7303 = ( GEOMETRIC_REPRESENTATION_CONTEXT(2) 
PARAMETRIC_REPRESENTATION_CONTEXT() REPRESENTATION_CONTEXT('2D SPACE',''
  ) );
#7304 = PCURVE('',#6150,#7305);
#7305 = DEFINITIONAL_REPRESENTATION('',(#7306),#7310);
#7306 = LINE('',#7307,#7308);
#7307 = CARTESIAN_POINT('',(0.,-0.));
#7308 = VECTOR('',#7309,1.);
#7309 = DIRECTION('',(0.,1.));
#7310 = ( GEOMETRIC_REPRESENTATION_CONTEXT(2) 
PARAMETRIC_REPRESENTATION_CONTEXT() REPRESENTATION_CONTEXT('2D SPACE',''
  ) );
#7311 = ORIENTED_EDGE('',*,*,#6133,.F.);
#7312 = ORIENTED_EDGE('',*,*,#7291,.F.);
#7313 = ORIENTED_EDGE('',*,*,#7155,.T.);
#7314 = ADVANCED_FACE('',(#7315),#6181,.F.);
#7315 = FACE_BOUND('',#7316,.F.);
#7316 = EDGE_LOOP('',(#7317,#7338,#7339,#7340));
#7317 = ORIENTED_EDGE('',*,*,#7318,.T.);
#7318 = EDGE_CURVE('',#7182,#6165,#7319,.T.);
#7319 = SEAM_CURVE('',#7320,(#7324,#7331),.PCURVE_S1.);
#7320 = LINE('',#7321,#7322);
#7321 = CARTESIAN_POINT('',(11.953048327205,-10.2530483272,-21.));
#7322 = VECTOR('',#7323,1.);
#7323 = DIRECTION('',(0.,0.,1.));
#7324 = PCURVE('',#6181,#7325);
#7325 = DEFINITIONAL_REPRESENTATION('',(#7326),#7330);
#7326 = LINE('',#7327,#7328);
#7327 = CARTESIAN_POINT('',(6.28318530718,-0.));
#7328 = VECTOR('',#7329,1.);
#7329 = DIRECTION('',(0.,1.));
#7330 = ( GEOMETRIC_REPRESENTATION_CONTEXT(2) 
PARAMETRIC_REPRESENTATION_CONTEXT() REPRESENTATION_CONTEXT('2D SPACE',''
  ) );
#7331 = PCURVE('',#6181,#7332);
#7332 = DEFINITIONAL_REPRESENTATION('',(#7333),#7337);
#7333 = LINE('',#7334,#7335);
#7334 = CARTESIAN_POINT('',(0.,-0.));
#7335 = VECTOR('',#7336,1.);
#7336 = DIRECTION('',(0.,1.));
#7337 = ( GEOMETRIC_REPRESENTATION_CONTEXT(2) 
PARAMETRIC_REPRESENTATION_CONTEXT() REPRESENTATION_CONTEXT('2D SPACE',''
  ) );
#7338 = ORIENTED_EDGE('',*,*,#6164,.F.);
#7339 = ORIENTED_EDGE('',*,*,#7318,.F.);
#7340 = ORIENTED_EDGE('',*,*,#7181,.T.);
#7341 = ADVANCED_FACE('',(#7342),#6212,.F.);
#7342 = FACE_BOUND('',#7343,.F.);
#7343 = EDGE_LOOP('',(#7344,#7365,#7366,#7367));
#7344 = ORIENTED_EDGE('',*,*,#7345,.T.);
#7345 = EDGE_CURVE('',#7208,#6196,#7346,.T.);
#7346 = SEAM_CURVE('',#7347,(#7351,#7358),.PCURVE_S1.);
#7347 = LINE('',#7348,#7349);
#7348 = CARTESIAN_POINT('',(-8.553048327205,10.253048327205,-21.));
#7349 = VECTOR('',#7350,1.);
#7350 = DIRECTION('',(0.,0.,1.));
#7351 = PCURVE('',#6212,#7352);
#7352 = DEFINITIONAL_REPRESENTATION('',(#7353),#7357);
#7353 = LINE('',#7354,#7355);
#7354 = CARTESIAN_POINT('',(6.28318530718,-0.));
#7355 = VECTOR('',#7356,1.);
#7356 = DIRECTION('',(0.,1.));
#7357 = ( GEOMETRIC_REPRESENTATION_CONTEXT(2) 
PARAMETRIC_REPRESENTATION_CONTEXT() REPRESENTATION_CONTEXT('2D SPACE',''
  ) );
#7358 = PCURVE('',#6212,#7359);
#7359 = DEFINITIONAL_REPRESENTATION('',(#7360),#7364);
#7360 = LINE('',#7361,#7362);
#7361 = CARTESIAN_POINT('',(0.,-0.));
#7362 = VECTOR('',#7363,1.);
#7363 = DIRECTION('',(0.,1.));
#7364 = ( GEOMETRIC_REPRESENTATION_CONTEXT(2) 
PARAMETRIC_REPRESENTATION_CONTEXT() REPRESENTATION_CONTEXT('2D SPACE',''
  ) );
#7365 = ORIENTED_EDGE('',*,*,#6195,.F.);
#7366 = ORIENTED_EDGE('',*,*,#7345,.F.);
#7367 = ORIENTED_EDGE('',*,*,#7207,.T.);
#7368 = ADVANCED_FACE('',(#7369),#6245,.F.);
#7369 = FACE_BOUND('',#7370,.F.);
#7370 = EDGE_LOOP('',(#7371,#7394,#7423,#7444));
#7371 = ORIENTED_EDGE('',*,*,#7372,.F.);
#7372 = EDGE_CURVE('',#7373,#6227,#7375,.T.);
#7373 = VERTEX_POINT('',#7374);
#7374 = CARTESIAN_POINT('',(-1.7,-8.35,-16.35));
#7375 = SURFACE_CURVE('',#7376,(#7380,#7387),.PCURVE_S1.);
#7376 = LINE('',#7377,#7378);
#7377 = CARTESIAN_POINT('',(-1.7,-8.35,-18.));
#7378 = VECTOR('',#7379,1.);
#7379 = DIRECTION('',(0.,0.,1.));
#7380 = PCURVE('',#6245,#7381);
#7381 = DEFINITIONAL_REPRESENTATION('',(#7382),#7386);
#7382 = LINE('',#7383,#7384);
#7383 = CARTESIAN_POINT('',(0.,0.));
#7384 = VECTOR('',#7385,1.);
#7385 = DIRECTION('',(0.,1.));
#7386 = ( GEOMETRIC_REPRESENTATION_CONTEXT(2) 
PARAMETRIC_REPRESENTATION_CONTEXT() REPRESENTATION_CONTEXT('2D SPACE',''
  ) );
#7387 = PCURVE('',#6272,#7388);
#7388 = DEFINITIONAL_REPRESENTATION('',(#7389),#7393);
#7389 = LINE('',#7390,#7391);
#7390 = CARTESIAN_POINT('',(0.,-1.65));
#7391 = VECTOR('',#7392,1.);
#7392 = DIRECTION('',(1.,0.));
#7393 = ( GEOMETRIC_REPRESENTATION_CONTEXT(2) 
PARAMETRIC_REPRESENTATION_CONTEXT() REPRESENTATION_CONTEXT('2D SPACE',''
  ) );
#7394 = ORIENTED_EDGE('',*,*,#7395,.T.);
#7395 = EDGE_CURVE('',#7373,#7396,#7398,.T.);
#7396 = VERTEX_POINT('',#7397);
#7397 = CARTESIAN_POINT('',(-5.E-02,-10.,-16.35));
#7398 = SURFACE_CURVE('',#7399,(#7404,#7411),.PCURVE_S1.);
#7399 = CIRCLE('',#7400,1.65);
#7400 = AXIS2_PLACEMENT_3D('',#7401,#7402,#7403);
#7401 = CARTESIAN_POINT('',(-5.E-02,-8.35,-16.35));
#7402 = DIRECTION('',(0.,0.,1.));
#7403 = DIRECTION('',(-1.,0.,0.));
#7404 = PCURVE('',#6245,#7405);
#7405 = DEFINITIONAL_REPRESENTATION('',(#7406),#7410);
#7406 = LINE('',#7407,#7408);
#7407 = CARTESIAN_POINT('',(0.,1.65));
#7408 = VECTOR('',#7409,1.);
#7409 = DIRECTION('',(1.,0.));
#7410 = ( GEOMETRIC_REPRESENTATION_CONTEXT(2) 
PARAMETRIC_REPRESENTATION_CONTEXT() REPRESENTATION_CONTEXT('2D SPACE',''
  ) );
#7411 = PCURVE('',#7412,#7417);
#7412 = SPHERICAL_SURFACE('',#7413,1.65);
#7413 = AXIS2_PLACEMENT_3D('',#7414,#7415,#7416);
#7414 = CARTESIAN_POINT('',(-5.E-02,-8.35,-16.35));
#7415 = DIRECTION('',(0.,0.,1.));
#7416 = DIRECTION('',(-1.,0.,0.));
#7417 = DEFINITIONAL_REPRESENTATION('',(#7418),#7422);
#7418 = LINE('',#7419,#7420);
#7419 = CARTESIAN_POINT('',(0.,0.));
#7420 = VECTOR('',#7421,1.);
#7421 = DIRECTION('',(1.,0.));
#7422 = ( GEOMETRIC_REPRESENTATION_CONTEXT(2) 
PARAMETRIC_REPRESENTATION_CONTEXT() REPRESENTATION_CONTEXT('2D SPACE',''
  ) );
#7423 = ORIENTED_EDGE('',*,*,#7424,.T.);
#7424 = EDGE_CURVE('',#7396,#6229,#7425,.T.);
#7425 = SURFACE_CURVE('',#7426,(#7430,#7437),.PCURVE_S1.);
#7426 = LINE('',#7427,#7428);
#7427 = CARTESIAN_POINT('',(-5.E-02,-10.,-18.));
#7428 = VECTOR('',#7429,1.);
#7429 = DIRECTION('',(0.,0.,1.));
#7430 = PCURVE('',#6245,#7431);
#7431 = DEFINITIONAL_REPRESENTATION('',(#7432),#7436);
#7432 = LINE('',#7433,#7434);
#7433 = CARTESIAN_POINT('',(1.570796326795,0.));
#7434 = VECTOR('',#7435,1.);
#7435 = DIRECTION('',(0.,1.));
#7436 = ( GEOMETRIC_REPRESENTATION_CONTEXT(2) 
PARAMETRIC_REPRESENTATION_CONTEXT() REPRESENTATION_CONTEXT('2D SPACE',''
  ) );
#7437 = PCURVE('',#7107,#7438);
#7438 = DEFINITIONAL_REPRESENTATION('',(#7439),#7443);
#7439 = LINE('',#7440,#7441);
#7440 = CARTESIAN_POINT('',(0.,1.65));
#7441 = VECTOR('',#7442,1.);
#7442 = DIRECTION('',(1.,0.));
#7443 = ( GEOMETRIC_REPRESENTATION_CONTEXT(2) 
PARAMETRIC_REPRESENTATION_CONTEXT() REPRESENTATION_CONTEXT('2D SPACE',''
  ) );
#7444 = ORIENTED_EDGE('',*,*,#6226,.F.);
#7445 = ADVANCED_FACE('',(#7446),#7107,.T.);
#7446 = FACE_BOUND('',#7447,.T.);
#7447 = EDGE_LOOP('',(#7448,#7476,#7477,#7478));
#7448 = ORIENTED_EDGE('',*,*,#7449,.F.);
#7449 = EDGE_CURVE('',#7396,#7450,#7452,.T.);
#7450 = VERTEX_POINT('',#7451);
#7451 = CARTESIAN_POINT('',(5.E-02,-10.,-16.35));
#7452 = SURFACE_CURVE('',#7453,(#7457,#7464),.PCURVE_S1.);
#7453 = LINE('',#7454,#7455);
#7454 = CARTESIAN_POINT('',(-1.7,-10.,-16.35));
#7455 = VECTOR('',#7456,1.);
#7456 = DIRECTION('',(1.,0.,-0.));
#7457 = PCURVE('',#7107,#7458);
#7458 = DEFINITIONAL_REPRESENTATION('',(#7459),#7463);
#7459 = LINE('',#7460,#7461);
#7460 = CARTESIAN_POINT('',(1.65,0.));
#7461 = VECTOR('',#7462,1.);
#7462 = DIRECTION('',(0.,1.));
#7463 = ( GEOMETRIC_REPRESENTATION_CONTEXT(2) 
PARAMETRIC_REPRESENTATION_CONTEXT() REPRESENTATION_CONTEXT('2D SPACE',''
  ) );
#7464 = PCURVE('',#7465,#7470);
#7465 = CYLINDRICAL_SURFACE('',#7466,1.65);
#7466 = AXIS2_PLACEMENT_3D('',#7467,#7468,#7469);
#7467 = CARTESIAN_POINT('',(-1.7,-8.35,-16.35));
#7468 = DIRECTION('',(1.,0.,-0.));
#7469 = DIRECTION('',(0.,-1.,0.));
#7470 = DEFINITIONAL_REPRESENTATION('',(#7471),#7475);
#7471 = LINE('',#7472,#7473);
#7472 = CARTESIAN_POINT('',(0.,0.));
#7473 = VECTOR('',#7474,1.);
#7474 = DIRECTION('',(0.,1.));
#7475 = ( GEOMETRIC_REPRESENTATION_CONTEXT(2) 
PARAMETRIC_REPRESENTATION_CONTEXT() REPRESENTATION_CONTEXT('2D SPACE',''
  ) );
#7476 = ORIENTED_EDGE('',*,*,#7424,.T.);
#7477 = ORIENTED_EDGE('',*,*,#7094,.F.);
#7478 = ORIENTED_EDGE('',*,*,#7479,.F.);
#7479 = EDGE_CURVE('',#7450,#7066,#7480,.T.);
#7480 = SURFACE_CURVE('',#7481,(#7485,#7492),.PCURVE_S1.);
#7481 = LINE('',#7482,#7483);
#7482 = CARTESIAN_POINT('',(5.E-02,-10.,-18.));
#7483 = VECTOR('',#7484,1.);
#7484 = DIRECTION('',(0.,0.,1.));
#7485 = PCURVE('',#7107,#7486);
#7486 = DEFINITIONAL_REPRESENTATION('',(#7487),#7491);
#7487 = LINE('',#7488,#7489);
#7488 = CARTESIAN_POINT('',(0.,1.75));
#7489 = VECTOR('',#7490,1.);
#7490 = DIRECTION('',(1.,0.));
#7491 = ( GEOMETRIC_REPRESENTATION_CONTEXT(2) 
PARAMETRIC_REPRESENTATION_CONTEXT() REPRESENTATION_CONTEXT('2D SPACE',''
  ) );
#7492 = PCURVE('',#7082,#7493);
#7493 = DEFINITIONAL_REPRESENTATION('',(#7494),#7498);
#7494 = LINE('',#7495,#7496);
#7495 = CARTESIAN_POINT('',(-1.570796326795,0.));
#7496 = VECTOR('',#7497,1.);
#7497 = DIRECTION('',(-0.,1.));
#7498 = ( GEOMETRIC_REPRESENTATION_CONTEXT(2) 
PARAMETRIC_REPRESENTATION_CONTEXT() REPRESENTATION_CONTEXT('2D SPACE',''
  ) );
#7499 = ADVANCED_FACE('',(#7500),#7082,.F.);
#7500 = FACE_BOUND('',#7501,.T.);
#7501 = EDGE_LOOP('',(#7502,#7525,#7552,#7553));
#7502 = ORIENTED_EDGE('',*,*,#7503,.F.);
#7503 = EDGE_CURVE('',#7504,#7040,#7506,.T.);
#7504 = VERTEX_POINT('',#7505);
#7505 = CARTESIAN_POINT('',(1.7,-8.35,-16.35));
#7506 = SURFACE_CURVE('',#7507,(#7511,#7518),.PCURVE_S1.);
#7507 = LINE('',#7508,#7509);
#7508 = CARTESIAN_POINT('',(1.7,-8.35,-18.));
#7509 = VECTOR('',#7510,1.);
#7510 = DIRECTION('',(0.,0.,1.));
#7511 = PCURVE('',#7082,#7512);
#7512 = DEFINITIONAL_REPRESENTATION('',(#7513),#7517);
#7513 = LINE('',#7514,#7515);
#7514 = CARTESIAN_POINT('',(-0.,0.));
#7515 = VECTOR('',#7516,1.);
#7516 = DIRECTION('',(-0.,1.));
#7517 = ( GEOMETRIC_REPRESENTATION_CONTEXT(2) 
PARAMETRIC_REPRESENTATION_CONTEXT() REPRESENTATION_CONTEXT('2D SPACE',''
  ) );
#7518 = PCURVE('',#7054,#7519);
#7519 = DEFINITIONAL_REPRESENTATION('',(#7520),#7524);
#7520 = LINE('',#7521,#7522);
#7521 = CARTESIAN_POINT('',(0.,-1.65));
#7522 = VECTOR('',#7523,1.);
#7523 = DIRECTION('',(1.,0.));
#7524 = ( GEOMETRIC_REPRESENTATION_CONTEXT(2) 
PARAMETRIC_REPRESENTATION_CONTEXT() REPRESENTATION_CONTEXT('2D SPACE',''
  ) );
#7525 = ORIENTED_EDGE('',*,*,#7526,.T.);
#7526 = EDGE_CURVE('',#7504,#7450,#7527,.T.);
#7527 = SURFACE_CURVE('',#7528,(#7533,#7540),.PCURVE_S1.);
#7528 = CIRCLE('',#7529,1.65);
#7529 = AXIS2_PLACEMENT_3D('',#7530,#7531,#7532);
#7530 = CARTESIAN_POINT('',(5.E-02,-8.35,-16.35));
#7531 = DIRECTION('',(0.,-0.,-1.));
#7532 = DIRECTION('',(1.,0.,-0.));
#7533 = PCURVE('',#7082,#7534);
#7534 = DEFINITIONAL_REPRESENTATION('',(#7535),#7539);
#7535 = LINE('',#7536,#7537);
#7536 = CARTESIAN_POINT('',(-0.,1.65));
#7537 = VECTOR('',#7538,1.);
#7538 = DIRECTION('',(-1.,0.));
#7539 = ( GEOMETRIC_REPRESENTATION_CONTEXT(2) 
PARAMETRIC_REPRESENTATION_CONTEXT() REPRESENTATION_CONTEXT('2D SPACE',''
  ) );
#7540 = PCURVE('',#7541,#7546);
#7541 = SPHERICAL_SURFACE('',#7542,1.65);
#7542 = AXIS2_PLACEMENT_3D('',#7543,#7544,#7545);
#7543 = CARTESIAN_POINT('',(5.E-02,-8.35,-16.35));
#7544 = DIRECTION('',(0.,0.,1.));
#7545 = DIRECTION('',(1.,0.,-0.));
#7546 = DEFINITIONAL_REPRESENTATION('',(#7547),#7551);
#7547 = LINE('',#7548,#7549);
#7548 = CARTESIAN_POINT('',(-0.,0.));
#7549 = VECTOR('',#7550,1.);
#7550 = DIRECTION('',(-1.,0.));
#7551 = ( GEOMETRIC_REPRESENTATION_CONTEXT(2) 
PARAMETRIC_REPRESENTATION_CONTEXT() REPRESENTATION_CONTEXT('2D SPACE',''
  ) );
#7552 = ORIENTED_EDGE('',*,*,#7479,.T.);
#7553 = ORIENTED_EDGE('',*,*,#7065,.T.);
#7554 = ADVANCED_FACE('',(#7555),#7054,.F.);
#7555 = FACE_BOUND('',#7556,.F.);
#7556 = EDGE_LOOP('',(#7557,#7558,#7586,#7607));
#7557 = ORIENTED_EDGE('',*,*,#7503,.F.);
#7558 = ORIENTED_EDGE('',*,*,#7559,.T.);
#7559 = EDGE_CURVE('',#7504,#7560,#7562,.T.);
#7560 = VERTEX_POINT('',#7561);
#7561 = CARTESIAN_POINT('',(1.7,-7.15,-16.35));
#7562 = SURFACE_CURVE('',#7563,(#7567,#7574),.PCURVE_S1.);
#7563 = LINE('',#7564,#7565);
#7564 = CARTESIAN_POINT('',(1.7,-10.,-16.35));
#7565 = VECTOR('',#7566,1.);
#7566 = DIRECTION('',(-0.,1.,0.));
#7567 = PCURVE('',#7054,#7568);
#7568 = DEFINITIONAL_REPRESENTATION('',(#7569),#7573);
#7569 = LINE('',#7570,#7571);
#7570 = CARTESIAN_POINT('',(1.65,0.));
#7571 = VECTOR('',#7572,1.);
#7572 = DIRECTION('',(0.,-1.));
#7573 = ( GEOMETRIC_REPRESENTATION_CONTEXT(2) 
PARAMETRIC_REPRESENTATION_CONTEXT() REPRESENTATION_CONTEXT('2D SPACE',''
  ) );
#7574 = PCURVE('',#7575,#7580);
#7575 = CYLINDRICAL_SURFACE('',#7576,1.65);
#7576 = AXIS2_PLACEMENT_3D('',#7577,#7578,#7579);
#7577 = CARTESIAN_POINT('',(5.E-02,-10.,-16.35));
#7578 = DIRECTION('',(-0.,1.,0.));
#7579 = DIRECTION('',(1.,0.,-0.));
#7580 = DEFINITIONAL_REPRESENTATION('',(#7581),#7585);
#7581 = LINE('',#7582,#7583);
#7582 = CARTESIAN_POINT('',(0.,0.));
#7583 = VECTOR('',#7584,1.);
#7584 = DIRECTION('',(0.,1.));
#7585 = ( GEOMETRIC_REPRESENTATION_CONTEXT(2) 
PARAMETRIC_REPRESENTATION_CONTEXT() REPRESENTATION_CONTEXT('2D SPACE',''
  ) );
#7586 = ORIENTED_EDGE('',*,*,#7587,.T.);
#7587 = EDGE_CURVE('',#7560,#7011,#7588,.T.);
#7588 = SURFACE_CURVE('',#7589,(#7593,#7600),.PCURVE_S1.);
#7589 = LINE('',#7590,#7591);
#7590 = CARTESIAN_POINT('',(1.7,-7.15,-18.));
#7591 = VECTOR('',#7592,1.);
#7592 = DIRECTION('',(0.,0.,1.));
#7593 = PCURVE('',#7054,#7594);
#7594 = DEFINITIONAL_REPRESENTATION('',(#7595),#7599);
#7595 = LINE('',#7596,#7597);
#7596 = CARTESIAN_POINT('',(0.,-2.85));
#7597 = VECTOR('',#7598,1.);
#7598 = DIRECTION('',(1.,0.));
#7599 = ( GEOMETRIC_REPRESENTATION_CONTEXT(2) 
PARAMETRIC_REPRESENTATION_CONTEXT() REPRESENTATION_CONTEXT('2D SPACE',''
  ) );
#7600 = PCURVE('',#7027,#7601);
#7601 = DEFINITIONAL_REPRESENTATION('',(#7602),#7606);
#7602 = LINE('',#7603,#7604);
#7603 = CARTESIAN_POINT('',(0.,0.));
#7604 = VECTOR('',#7605,1.);
#7605 = DIRECTION('',(0.,1.));
#7606 = ( GEOMETRIC_REPRESENTATION_CONTEXT(2) 
PARAMETRIC_REPRESENTATION_CONTEXT() REPRESENTATION_CONTEXT('2D SPACE',''
  ) );
#7607 = ORIENTED_EDGE('',*,*,#7039,.F.);
#7608 = ADVANCED_FACE('',(#7609),#7027,.F.);
#7609 = FACE_BOUND('',#7610,.F.);
#7610 = EDGE_LOOP('',(#7611,#7612,#7641,#7669,#7698,#7717));
#7611 = ORIENTED_EDGE('',*,*,#7587,.F.);
#7612 = ORIENTED_EDGE('',*,*,#7613,.T.);
#7613 = EDGE_CURVE('',#7560,#7614,#7616,.T.);
#7614 = VERTEX_POINT('',#7615);
#7615 = CARTESIAN_POINT('',(5.E-02,-5.5,-16.35));
#7616 = SURFACE_CURVE('',#7617,(#7622,#7629),.PCURVE_S1.);
#7617 = CIRCLE('',#7618,1.65);
#7618 = AXIS2_PLACEMENT_3D('',#7619,#7620,#7621);
#7619 = CARTESIAN_POINT('',(5.E-02,-7.15,-16.35));
#7620 = DIRECTION('',(0.,0.,1.));
#7621 = DIRECTION('',(1.,-1.345724878334E-16,0.));
#7622 = PCURVE('',#7027,#7623);
#7623 = DEFINITIONAL_REPRESENTATION('',(#7624),#7628);
#7624 = LINE('',#7625,#7626);
#7625 = CARTESIAN_POINT('',(0.,1.65));
#7626 = VECTOR('',#7627,1.);
#7627 = DIRECTION('',(1.,0.));
#7628 = ( GEOMETRIC_REPRESENTATION_CONTEXT(2) 
PARAMETRIC_REPRESENTATION_CONTEXT() REPRESENTATION_CONTEXT('2D SPACE',''
  ) );
#7629 = PCURVE('',#7630,#7635);
#7630 = SPHERICAL_SURFACE('',#7631,1.65);
#7631 = AXIS2_PLACEMENT_3D('',#7632,#7633,#7634);
#7632 = CARTESIAN_POINT('',(5.E-02,-7.15,-16.35));
#7633 = DIRECTION('',(0.,0.,1.));
#7634 = DIRECTION('',(1.,-1.345724878334E-16,0.));
#7635 = DEFINITIONAL_REPRESENTATION('',(#7636),#7640);
#7636 = LINE('',#7637,#7638);
#7637 = CARTESIAN_POINT('',(0.,0.));
#7638 = VECTOR('',#7639,1.);
#7639 = DIRECTION('',(1.,0.));
#7640 = ( GEOMETRIC_REPRESENTATION_CONTEXT(2) 
PARAMETRIC_REPRESENTATION_CONTEXT() REPRESENTATION_CONTEXT('2D SPACE',''
  ) );
#7641 = ORIENTED_EDGE('',*,*,#7642,.T.);
#7642 = EDGE_CURVE('',#7614,#7643,#7645,.T.);
#7643 = VERTEX_POINT('',#7644);
#7644 = CARTESIAN_POINT('',(5.E-02,-5.5,-15.3));
#7645 = SURFACE_CURVE('',#7646,(#7650,#7657),.PCURVE_S1.);
#7646 = LINE('',#7647,#7648);
#7647 = CARTESIAN_POINT('',(5.E-02,-5.5,-18.));
#7648 = VECTOR('',#7649,1.);
#7649 = DIRECTION('',(0.,0.,1.));
#7650 = PCURVE('',#7027,#7651);
#7651 = DEFINITIONAL_REPRESENTATION('',(#7652),#7656);
#7652 = LINE('',#7653,#7654);
#7653 = CARTESIAN_POINT('',(1.570796326795,0.));
#7654 = VECTOR('',#7655,1.);
#7655 = DIRECTION('',(0.,1.));
#7656 = ( GEOMETRIC_REPRESENTATION_CONTEXT(2) 
PARAMETRIC_REPRESENTATION_CONTEXT() REPRESENTATION_CONTEXT('2D SPACE',''
  ) );
#7657 = PCURVE('',#7658,#7663);
#7658 = PLANE('',#7659);
#7659 = AXIS2_PLACEMENT_3D('',#7660,#7661,#7662);
#7660 = CARTESIAN_POINT('',(-1.7,-5.5,-18.));
#7661 = DIRECTION('',(-0.,1.,0.));
#7662 = DIRECTION('',(0.,0.,1.));
#7663 = DEFINITIONAL_REPRESENTATION('',(#7664),#7668);
#7664 = LINE('',#7665,#7666);
#7665 = CARTESIAN_POINT('',(0.,1.75));
#7666 = VECTOR('',#7667,1.);
#7667 = DIRECTION('',(1.,0.));
#7668 = ( GEOMETRIC_REPRESENTATION_CONTEXT(2) 
PARAMETRIC_REPRESENTATION_CONTEXT() REPRESENTATION_CONTEXT('2D SPACE',''
  ) );
#7669 = ORIENTED_EDGE('',*,*,#7670,.F.);
#7670 = EDGE_CURVE('',#7671,#7643,#7673,.T.);
#7671 = VERTEX_POINT('',#7672);
#7672 = CARTESIAN_POINT('',(1.662394765656,-6.799738498142,-15.3));
#7673 = SURFACE_CURVE('',#7674,(#7679,#7686),.PCURVE_S1.);
#7674 = CIRCLE('',#7675,1.65);
#7675 = AXIS2_PLACEMENT_3D('',#7676,#7677,#7678);
#7676 = CARTESIAN_POINT('',(5.E-02,-7.15,-15.3));
#7677 = DIRECTION('',(0.,0.,1.));
#7678 = DIRECTION('',(1.,0.,-0.));
#7679 = PCURVE('',#7027,#7680);
#7680 = DEFINITIONAL_REPRESENTATION('',(#7681),#7685);
#7681 = LINE('',#7682,#7683);
#7682 = CARTESIAN_POINT('',(0.,2.7));
#7683 = VECTOR('',#7684,1.);
#7684 = DIRECTION('',(1.,0.));
#7685 = ( GEOMETRIC_REPRESENTATION_CONTEXT(2) 
PARAMETRIC_REPRESENTATION_CONTEXT() REPRESENTATION_CONTEXT('2D SPACE',''
  ) );
#7686 = PCURVE('',#7687,#7692);
#7687 = PLANE('',#7688);
#7688 = AXIS2_PLACEMENT_3D('',#7689,#7690,#7691);
#7689 = CARTESIAN_POINT('',(0.,0.,-15.3));
#7690 = DIRECTION('',(0.,0.,1.));
#7691 = DIRECTION('',(1.,0.,-0.));
#7692 = DEFINITIONAL_REPRESENTATION('',(#7693),#7697);
#7693 = CIRCLE('',#7694,1.65);
#7694 = AXIS2_PLACEMENT_2D('',#7695,#7696);
#7695 = CARTESIAN_POINT('',(5.E-02,-7.15));
#7696 = DIRECTION('',(1.,0.));
#7697 = ( GEOMETRIC_REPRESENTATION_CONTEXT(2) 
PARAMETRIC_REPRESENTATION_CONTEXT() REPRESENTATION_CONTEXT('2D SPACE',''
  ) );
#7698 = ORIENTED_EDGE('',*,*,#7699,.T.);
#7699 = EDGE_CURVE('',#7671,#6982,#7700,.T.);
#7700 = SURFACE_CURVE('',#7701,(#7705,#7711),.PCURVE_S1.);
#7701 = LINE('',#7702,#7703);
#7702 = CARTESIAN_POINT('',(1.662394765656,-6.799738498142,-18.));
#7703 = VECTOR('',#7704,1.);
#7704 = DIRECTION('',(0.,0.,1.));
#7705 = PCURVE('',#7027,#7706);
#7706 = DEFINITIONAL_REPRESENTATION('',(#7707),#7710);
#7707 = B_SPLINE_CURVE_WITH_KNOTS('',1,(#7708,#7709),.UNSPECIFIED.,.F.,
  .F.,(2,2),(2.6999994,3.0000006),.PIECEWISE_BEZIER_KNOTS.);
#7708 = CARTESIAN_POINT('',(0.213907237635,2.6999994));
#7709 = CARTESIAN_POINT('',(0.213907237635,3.0000006));
#7710 = ( GEOMETRIC_REPRESENTATION_CONTEXT(2) 
PARAMETRIC_REPRESENTATION_CONTEXT() REPRESENTATION_CONTEXT('2D SPACE',''
  ) );
#7711 = PCURVE('',#6998,#7712);
#7712 = DEFINITIONAL_REPRESENTATION('',(#7713),#7716);
#7713 = B_SPLINE_CURVE_WITH_KNOTS('',1,(#7714,#7715),.UNSPECIFIED.,.F.,
  .F.,(2,2),(2.6999994,3.0000006),.PIECEWISE_BEZIER_KNOTS.);
#7714 = CARTESIAN_POINT('',(4.952164903962,-5.999999999062E-07));
#7715 = CARTESIAN_POINT('',(4.952164903962,0.3000006));
#7716 = ( GEOMETRIC_REPRESENTATION_CONTEXT(2) 
PARAMETRIC_REPRESENTATION_CONTEXT() REPRESENTATION_CONTEXT('2D SPACE',''
  ) );
#7717 = ORIENTED_EDGE('',*,*,#7010,.F.);
#7718 = ADVANCED_FACE('',(#7719),#6998,.F.);
#7719 = FACE_BOUND('',#7720,.F.);
#7720 = EDGE_LOOP('',(#7721,#7745,#7764,#7765));
#7721 = ORIENTED_EDGE('',*,*,#7722,.T.);
#7722 = EDGE_CURVE('',#7671,#7723,#7725,.T.);
#7723 = VERTEX_POINT('',#7724);
#7724 = CARTESIAN_POINT('',(6.799738498142,-1.662394765656,-15.3));
#7725 = SURFACE_CURVE('',#7726,(#7731,#7738),.PCURVE_S1.);
#7726 = CIRCLE('',#7727,7.);
#7727 = AXIS2_PLACEMENT_3D('',#7728,#7729,#7730);
#7728 = CARTESIAN_POINT('',(0.,0.,-15.3));
#7729 = DIRECTION('',(0.,0.,1.));
#7730 = DIRECTION('',(1.,0.,-0.));
#7731 = PCURVE('',#6998,#7732);
#7732 = DEFINITIONAL_REPRESENTATION('',(#7733),#7737);
#7733 = LINE('',#7734,#7735);
#7734 = CARTESIAN_POINT('',(0.,0.));
#7735 = VECTOR('',#7736,1.);
#7736 = DIRECTION('',(1.,0.));
#7737 = ( GEOMETRIC_REPRESENTATION_CONTEXT(2) 
PARAMETRIC_REPRESENTATION_CONTEXT() REPRESENTATION_CONTEXT('2D SPACE',''
  ) );
#7738 = PCURVE('',#7687,#7739);
#7739 = DEFINITIONAL_REPRESENTATION('',(#7740),#7744);
#7740 = CIRCLE('',#7741,7.);
#7741 = AXIS2_PLACEMENT_2D('',#7742,#7743);
#7742 = CARTESIAN_POINT('',(0.,0.));
#7743 = DIRECTION('',(1.,0.));
#7744 = ( GEOMETRIC_REPRESENTATION_CONTEXT(2) 
PARAMETRIC_REPRESENTATION_CONTEXT() REPRESENTATION_CONTEXT('2D SPACE',''
  ) );
#7745 = ORIENTED_EDGE('',*,*,#7746,.T.);
#7746 = EDGE_CURVE('',#7723,#6953,#7747,.T.);
#7747 = SURFACE_CURVE('',#7748,(#7752,#7758),.PCURVE_S1.);
#7748 = LINE('',#7749,#7750);
#7749 = CARTESIAN_POINT('',(6.799738498142,-1.662394765656,-18.));
#7750 = VECTOR('',#7751,1.);
#7751 = DIRECTION('',(0.,0.,1.));
#7752 = PCURVE('',#6998,#7753);
#7753 = DEFINITIONAL_REPRESENTATION('',(#7754),#7757);
#7754 = B_SPLINE_CURVE_WITH_KNOTS('',1,(#7755,#7756),.UNSPECIFIED.,.F.,
  .F.,(2,2),(2.6999994,3.0000006),.PIECEWISE_BEZIER_KNOTS.);
#7755 = CARTESIAN_POINT('',(6.043409383603,-5.999999999062E-07));
#7756 = CARTESIAN_POINT('',(6.043409383603,0.3000006));
#7757 = ( GEOMETRIC_REPRESENTATION_CONTEXT(2) 
PARAMETRIC_REPRESENTATION_CONTEXT() REPRESENTATION_CONTEXT('2D SPACE',''
  ) );
#7758 = PCURVE('',#6969,#7759);
#7759 = DEFINITIONAL_REPRESENTATION('',(#7760),#7763);
#7760 = B_SPLINE_CURVE_WITH_KNOTS('',1,(#7761,#7762),.UNSPECIFIED.,.F.,
  .F.,(2,2),(2.6999994,3.0000006),.PIECEWISE_BEZIER_KNOTS.);
#7761 = CARTESIAN_POINT('',(1.35688908916,2.6999994));
#7762 = CARTESIAN_POINT('',(1.35688908916,3.0000006));
#7763 = ( GEOMETRIC_REPRESENTATION_CONTEXT(2) 
PARAMETRIC_REPRESENTATION_CONTEXT() REPRESENTATION_CONTEXT('2D SPACE',''
  ) );
#7764 = ORIENTED_EDGE('',*,*,#6981,.F.);
#7765 = ORIENTED_EDGE('',*,*,#7699,.F.);
#7766 = ADVANCED_FACE('',(#7767),#6969,.F.);
#7767 = FACE_BOUND('',#7768,.F.);
#7768 = EDGE_LOOP('',(#7769,#7799,#7828,#7849,#7850,#7851));
#7769 = ORIENTED_EDGE('',*,*,#7770,.F.);
#7770 = EDGE_CURVE('',#7771,#7773,#7775,.T.);
#7771 = VERTEX_POINT('',#7772);
#7772 = CARTESIAN_POINT('',(5.5,-5.E-02,-16.35));
#7773 = VERTEX_POINT('',#7774);
#7774 = CARTESIAN_POINT('',(5.5,-5.E-02,-15.3));
#7775 = SURFACE_CURVE('',#7776,(#7780,#7787),.PCURVE_S1.);
#7776 = LINE('',#7777,#7778);
#7777 = CARTESIAN_POINT('',(5.5,-5.E-02,-18.));
#7778 = VECTOR('',#7779,1.);
#7779 = DIRECTION('',(0.,0.,1.));
#7780 = PCURVE('',#6969,#7781);
#7781 = DEFINITIONAL_REPRESENTATION('',(#7782),#7786);
#7782 = LINE('',#7783,#7784);
#7783 = CARTESIAN_POINT('',(0.,0.));
#7784 = VECTOR('',#7785,1.);
#7785 = DIRECTION('',(0.,1.));
#7786 = ( GEOMETRIC_REPRESENTATION_CONTEXT(2) 
PARAMETRIC_REPRESENTATION_CONTEXT() REPRESENTATION_CONTEXT('2D SPACE',''
  ) );
#7787 = PCURVE('',#7788,#7793);
#7788 = PLANE('',#7789);
#7789 = AXIS2_PLACEMENT_3D('',#7790,#7791,#7792);
#7790 = CARTESIAN_POINT('',(5.5,-1.7,-18.));
#7791 = DIRECTION('',(1.,0.,-0.));
#7792 = DIRECTION('',(0.,0.,1.));
#7793 = DEFINITIONAL_REPRESENTATION('',(#7794),#7798);
#7794 = LINE('',#7795,#7796);
#7795 = CARTESIAN_POINT('',(0.,-1.65));
#7796 = VECTOR('',#7797,1.);
#7797 = DIRECTION('',(1.,0.));
#7798 = ( GEOMETRIC_REPRESENTATION_CONTEXT(2) 
PARAMETRIC_REPRESENTATION_CONTEXT() REPRESENTATION_CONTEXT('2D SPACE',''
  ) );
#7799 = ORIENTED_EDGE('',*,*,#7800,.T.);
#7800 = EDGE_CURVE('',#7771,#7801,#7803,.T.);
#7801 = VERTEX_POINT('',#7802);
#7802 = CARTESIAN_POINT('',(7.15,-1.7,-16.35));
#7803 = SURFACE_CURVE('',#7804,(#7809,#7816),.PCURVE_S1.);
#7804 = CIRCLE('',#7805,1.65);
#7805 = AXIS2_PLACEMENT_3D('',#7806,#7807,#7808);
#7806 = CARTESIAN_POINT('',(7.15,-5.E-02,-16.35));
#7807 = DIRECTION('',(0.,0.,1.));
#7808 = DIRECTION('',(-1.,0.,0.));
#7809 = PCURVE('',#6969,#7810);
#7810 = DEFINITIONAL_REPRESENTATION('',(#7811),#7815);
#7811 = LINE('',#7812,#7813);
#7812 = CARTESIAN_POINT('',(0.,1.65));
#7813 = VECTOR('',#7814,1.);
#7814 = DIRECTION('',(1.,0.));
#7815 = ( GEOMETRIC_REPRESENTATION_CONTEXT(2) 
PARAMETRIC_REPRESENTATION_CONTEXT() REPRESENTATION_CONTEXT('2D SPACE',''
  ) );
#7816 = PCURVE('',#7817,#7822);
#7817 = SPHERICAL_SURFACE('',#7818,1.65);
#7818 = AXIS2_PLACEMENT_3D('',#7819,#7820,#7821);
#7819 = CARTESIAN_POINT('',(7.15,-5.E-02,-16.35));
#7820 = DIRECTION('',(0.,0.,1.));
#7821 = DIRECTION('',(-1.,0.,0.));
#7822 = DEFINITIONAL_REPRESENTATION('',(#7823),#7827);
#7823 = LINE('',#7824,#7825);
#7824 = CARTESIAN_POINT('',(0.,0.));
#7825 = VECTOR('',#7826,1.);
#7826 = DIRECTION('',(1.,0.));
#7827 = ( GEOMETRIC_REPRESENTATION_CONTEXT(2) 
PARAMETRIC_REPRESENTATION_CONTEXT() REPRESENTATION_CONTEXT('2D SPACE',''
  ) );
#7828 = ORIENTED_EDGE('',*,*,#7829,.T.);
#7829 = EDGE_CURVE('',#7801,#6927,#7830,.T.);
#7830 = SURFACE_CURVE('',#7831,(#7835,#7842),.PCURVE_S1.);
#7831 = LINE('',#7832,#7833);
#7832 = CARTESIAN_POINT('',(7.15,-1.7,-18.));
#7833 = VECTOR('',#7834,1.);
#7834 = DIRECTION('',(0.,0.,1.));
#7835 = PCURVE('',#6969,#7836);
#7836 = DEFINITIONAL_REPRESENTATION('',(#7837),#7841);
#7837 = LINE('',#7838,#7839);
#7838 = CARTESIAN_POINT('',(1.570796326795,0.));
#7839 = VECTOR('',#7840,1.);
#7840 = DIRECTION('',(0.,1.));
#7841 = ( GEOMETRIC_REPRESENTATION_CONTEXT(2) 
PARAMETRIC_REPRESENTATION_CONTEXT() REPRESENTATION_CONTEXT('2D SPACE',''
  ) );
#7842 = PCURVE('',#6941,#7843);
#7843 = DEFINITIONAL_REPRESENTATION('',(#7844),#7848);
#7844 = LINE('',#7845,#7846);
#7845 = CARTESIAN_POINT('',(0.,1.65));
#7846 = VECTOR('',#7847,1.);
#7847 = DIRECTION('',(1.,0.));
#7848 = ( GEOMETRIC_REPRESENTATION_CONTEXT(2) 
PARAMETRIC_REPRESENTATION_CONTEXT() REPRESENTATION_CONTEXT('2D SPACE',''
  ) );
#7849 = ORIENTED_EDGE('',*,*,#6952,.F.);
#7850 = ORIENTED_EDGE('',*,*,#7746,.F.);
#7851 = ORIENTED_EDGE('',*,*,#7852,.F.);
#7852 = EDGE_CURVE('',#7773,#7723,#7853,.T.);
#7853 = SURFACE_CURVE('',#7854,(#7859,#7866),.PCURVE_S1.);
#7854 = CIRCLE('',#7855,1.65);
#7855 = AXIS2_PLACEMENT_3D('',#7856,#7857,#7858);
#7856 = CARTESIAN_POINT('',(7.15,-5.E-02,-15.3));
#7857 = DIRECTION('',(0.,0.,1.));
#7858 = DIRECTION('',(-1.,-0.,0.));
#7859 = PCURVE('',#6969,#7860);
#7860 = DEFINITIONAL_REPRESENTATION('',(#7861),#7865);
#7861 = LINE('',#7862,#7863);
#7862 = CARTESIAN_POINT('',(0.,2.7));
#7863 = VECTOR('',#7864,1.);
#7864 = DIRECTION('',(1.,0.));
#7865 = ( GEOMETRIC_REPRESENTATION_CONTEXT(2) 
PARAMETRIC_REPRESENTATION_CONTEXT() REPRESENTATION_CONTEXT('2D SPACE',''
  ) );
#7866 = PCURVE('',#7687,#7867);
#7867 = DEFINITIONAL_REPRESENTATION('',(#7868),#7872);
#7868 = CIRCLE('',#7869,1.65);
#7869 = AXIS2_PLACEMENT_2D('',#7870,#7871);
#7870 = CARTESIAN_POINT('',(7.15,-5.E-02));
#7871 = DIRECTION('',(-1.,0.));
#7872 = ( GEOMETRIC_REPRESENTATION_CONTEXT(2) 
PARAMETRIC_REPRESENTATION_CONTEXT() REPRESENTATION_CONTEXT('2D SPACE',''
  ) );
#7873 = ADVANCED_FACE('',(#7874),#6941,.T.);
#7874 = FACE_BOUND('',#7875,.T.);
#7875 = EDGE_LOOP('',(#7876,#7904,#7905,#7906));
#7876 = ORIENTED_EDGE('',*,*,#7877,.F.);
#7877 = EDGE_CURVE('',#7801,#7878,#7880,.T.);
#7878 = VERTEX_POINT('',#7879);
#7879 = CARTESIAN_POINT('',(8.35,-1.7,-16.35));
#7880 = SURFACE_CURVE('',#7881,(#7885,#7892),.PCURVE_S1.);
#7881 = LINE('',#7882,#7883);
#7882 = CARTESIAN_POINT('',(5.5,-1.7,-16.35));
#7883 = VECTOR('',#7884,1.);
#7884 = DIRECTION('',(1.,0.,-0.));
#7885 = PCURVE('',#6941,#7886);
#7886 = DEFINITIONAL_REPRESENTATION('',(#7887),#7891);
#7887 = LINE('',#7888,#7889);
#7888 = CARTESIAN_POINT('',(1.65,0.));
#7889 = VECTOR('',#7890,1.);
#7890 = DIRECTION('',(0.,1.));
#7891 = ( GEOMETRIC_REPRESENTATION_CONTEXT(2) 
PARAMETRIC_REPRESENTATION_CONTEXT() REPRESENTATION_CONTEXT('2D SPACE',''
  ) );
#7892 = PCURVE('',#7893,#7898);
#7893 = CYLINDRICAL_SURFACE('',#7894,1.65);
#7894 = AXIS2_PLACEMENT_3D('',#7895,#7896,#7897);
#7895 = CARTESIAN_POINT('',(5.5,-5.E-02,-16.35));
#7896 = DIRECTION('',(1.,0.,-0.));
#7897 = DIRECTION('',(0.,-1.,0.));
#7898 = DEFINITIONAL_REPRESENTATION('',(#7899),#7903);
#7899 = LINE('',#7900,#7901);
#7900 = CARTESIAN_POINT('',(0.,0.));
#7901 = VECTOR('',#7902,1.);
#7902 = DIRECTION('',(0.,1.));
#7903 = ( GEOMETRIC_REPRESENTATION_CONTEXT(2) 
PARAMETRIC_REPRESENTATION_CONTEXT() REPRESENTATION_CONTEXT('2D SPACE',''
  ) );
#7904 = ORIENTED_EDGE('',*,*,#7829,.T.);
#7905 = ORIENTED_EDGE('',*,*,#6926,.F.);
#7906 = ORIENTED_EDGE('',*,*,#7907,.F.);
#7907 = EDGE_CURVE('',#7878,#6898,#7908,.T.);
#7908 = SURFACE_CURVE('',#7909,(#7913,#7920),.PCURVE_S1.);
#7909 = LINE('',#7910,#7911);
#7910 = CARTESIAN_POINT('',(8.35,-1.7,-18.));
#7911 = VECTOR('',#7912,1.);
#7912 = DIRECTION('',(0.,0.,1.));
#7913 = PCURVE('',#6941,#7914);
#7914 = DEFINITIONAL_REPRESENTATION('',(#7915),#7919);
#7915 = LINE('',#7916,#7917);
#7916 = CARTESIAN_POINT('',(0.,2.85));
#7917 = VECTOR('',#7918,1.);
#7918 = DIRECTION('',(1.,0.));
#7919 = ( GEOMETRIC_REPRESENTATION_CONTEXT(2) 
PARAMETRIC_REPRESENTATION_CONTEXT() REPRESENTATION_CONTEXT('2D SPACE',''
  ) );
#7920 = PCURVE('',#6914,#7921);
#7921 = DEFINITIONAL_REPRESENTATION('',(#7922),#7926);
#7922 = LINE('',#7923,#7924);
#7923 = CARTESIAN_POINT('',(-1.570796326795,0.));
#7924 = VECTOR('',#7925,1.);
#7925 = DIRECTION('',(-0.,1.));
#7926 = ( GEOMETRIC_REPRESENTATION_CONTEXT(2) 
PARAMETRIC_REPRESENTATION_CONTEXT() REPRESENTATION_CONTEXT('2D SPACE',''
  ) );
#7927 = ADVANCED_FACE('',(#7928),#6914,.F.);
#7928 = FACE_BOUND('',#7929,.T.);
#7929 = EDGE_LOOP('',(#7930,#7953,#7980,#7981));
#7930 = ORIENTED_EDGE('',*,*,#7931,.F.);
#7931 = EDGE_CURVE('',#7932,#6872,#7934,.T.);
#7932 = VERTEX_POINT('',#7933);
#7933 = CARTESIAN_POINT('',(10.,-5.E-02,-16.35));
#7934 = SURFACE_CURVE('',#7935,(#7939,#7946),.PCURVE_S1.);
#7935 = LINE('',#7936,#7937);
#7936 = CARTESIAN_POINT('',(10.,-5.E-02,-18.));
#7937 = VECTOR('',#7938,1.);
#7938 = DIRECTION('',(0.,0.,1.));
#7939 = PCURVE('',#6914,#7940);
#7940 = DEFINITIONAL_REPRESENTATION('',(#7941),#7945);
#7941 = LINE('',#7942,#7943);
#7942 = CARTESIAN_POINT('',(-0.,0.));
#7943 = VECTOR('',#7944,1.);
#7944 = DIRECTION('',(-0.,1.));
#7945 = ( GEOMETRIC_REPRESENTATION_CONTEXT(2) 
PARAMETRIC_REPRESENTATION_CONTEXT() REPRESENTATION_CONTEXT('2D SPACE',''
  ) );
#7946 = PCURVE('',#6886,#7947);
#7947 = DEFINITIONAL_REPRESENTATION('',(#7948),#7952);
#7948 = LINE('',#7949,#7950);
#7949 = CARTESIAN_POINT('',(0.,-1.65));
#7950 = VECTOR('',#7951,1.);
#7951 = DIRECTION('',(1.,0.));
#7952 = ( GEOMETRIC_REPRESENTATION_CONTEXT(2) 
PARAMETRIC_REPRESENTATION_CONTEXT() REPRESENTATION_CONTEXT('2D SPACE',''
  ) );
#7953 = ORIENTED_EDGE('',*,*,#7954,.T.);
#7954 = EDGE_CURVE('',#7932,#7878,#7955,.T.);
#7955 = SURFACE_CURVE('',#7956,(#7961,#7968),.PCURVE_S1.);
#7956 = CIRCLE('',#7957,1.65);
#7957 = AXIS2_PLACEMENT_3D('',#7958,#7959,#7960);
#7958 = CARTESIAN_POINT('',(8.35,-5.E-02,-16.35));
#7959 = DIRECTION('',(0.,-0.,-1.));
#7960 = DIRECTION('',(1.,0.,-0.));
#7961 = PCURVE('',#6914,#7962);
#7962 = DEFINITIONAL_REPRESENTATION('',(#7963),#7967);
#7963 = LINE('',#7964,#7965);
#7964 = CARTESIAN_POINT('',(-0.,1.65));
#7965 = VECTOR('',#7966,1.);
#7966 = DIRECTION('',(-1.,0.));
#7967 = ( GEOMETRIC_REPRESENTATION_CONTEXT(2) 
PARAMETRIC_REPRESENTATION_CONTEXT() REPRESENTATION_CONTEXT('2D SPACE',''
  ) );
#7968 = PCURVE('',#7969,#7974);
#7969 = SPHERICAL_SURFACE('',#7970,1.65);
#7970 = AXIS2_PLACEMENT_3D('',#7971,#7972,#7973);
#7971 = CARTESIAN_POINT('',(8.35,-5.E-02,-16.35));
#7972 = DIRECTION('',(0.,0.,1.));
#7973 = DIRECTION('',(1.,0.,-0.));
#7974 = DEFINITIONAL_REPRESENTATION('',(#7975),#7979);
#7975 = LINE('',#7976,#7977);
#7976 = CARTESIAN_POINT('',(-0.,0.));
#7977 = VECTOR('',#7978,1.);
#7978 = DIRECTION('',(-1.,0.));
#7979 = ( GEOMETRIC_REPRESENTATION_CONTEXT(2) 
PARAMETRIC_REPRESENTATION_CONTEXT() REPRESENTATION_CONTEXT('2D SPACE',''
  ) );
#7980 = ORIENTED_EDGE('',*,*,#7907,.T.);
#7981 = ORIENTED_EDGE('',*,*,#6897,.T.);
#7982 = ADVANCED_FACE('',(#7983),#6886,.F.);
#7983 = FACE_BOUND('',#7984,.F.);
#7984 = EDGE_LOOP('',(#7985,#7986,#8014,#8035));
#7985 = ORIENTED_EDGE('',*,*,#7931,.F.);
#7986 = ORIENTED_EDGE('',*,*,#7987,.T.);
#7987 = EDGE_CURVE('',#7932,#7988,#7990,.T.);
#7988 = VERTEX_POINT('',#7989);
#7989 = CARTESIAN_POINT('',(10.,5.E-02,-16.35));
#7990 = SURFACE_CURVE('',#7991,(#7995,#8002),.PCURVE_S1.);
#7991 = LINE('',#7992,#7993);
#7992 = CARTESIAN_POINT('',(10.,-1.7,-16.35));
#7993 = VECTOR('',#7994,1.);
#7994 = DIRECTION('',(-0.,1.,0.));
#7995 = PCURVE('',#6886,#7996);
#7996 = DEFINITIONAL_REPRESENTATION('',(#7997),#8001);
#7997 = LINE('',#7998,#7999);
#7998 = CARTESIAN_POINT('',(1.65,0.));
#7999 = VECTOR('',#8000,1.);
#8000 = DIRECTION('',(0.,-1.));
#8001 = ( GEOMETRIC_REPRESENTATION_CONTEXT(2) 
PARAMETRIC_REPRESENTATION_CONTEXT() REPRESENTATION_CONTEXT('2D SPACE',''
  ) );
#8002 = PCURVE('',#8003,#8008);
#8003 = CYLINDRICAL_SURFACE('',#8004,1.65);
#8004 = AXIS2_PLACEMENT_3D('',#8005,#8006,#8007);
#8005 = CARTESIAN_POINT('',(8.35,-1.7,-16.35));
#8006 = DIRECTION('',(-0.,1.,0.));
#8007 = DIRECTION('',(1.,0.,-0.));
#8008 = DEFINITIONAL_REPRESENTATION('',(#8009),#8013);
#8009 = LINE('',#8010,#8011);
#8010 = CARTESIAN_POINT('',(0.,0.));
#8011 = VECTOR('',#8012,1.);
#8012 = DIRECTION('',(0.,1.));
#8013 = ( GEOMETRIC_REPRESENTATION_CONTEXT(2) 
PARAMETRIC_REPRESENTATION_CONTEXT() REPRESENTATION_CONTEXT('2D SPACE',''
  ) );
#8014 = ORIENTED_EDGE('',*,*,#8015,.T.);
#8015 = EDGE_CURVE('',#7988,#6843,#8016,.T.);
#8016 = SURFACE_CURVE('',#8017,(#8021,#8028),.PCURVE_S1.);
#8017 = LINE('',#8018,#8019);
#8018 = CARTESIAN_POINT('',(10.,5.E-02,-18.));
#8019 = VECTOR('',#8020,1.);
#8020 = DIRECTION('',(0.,0.,1.));
#8021 = PCURVE('',#6886,#8022);
#8022 = DEFINITIONAL_REPRESENTATION('',(#8023),#8027);
#8023 = LINE('',#8024,#8025);
#8024 = CARTESIAN_POINT('',(0.,-1.75));
#8025 = VECTOR('',#8026,1.);
#8026 = DIRECTION('',(1.,0.));
#8027 = ( GEOMETRIC_REPRESENTATION_CONTEXT(2) 
PARAMETRIC_REPRESENTATION_CONTEXT() REPRESENTATION_CONTEXT('2D SPACE',''
  ) );
#8028 = PCURVE('',#6859,#8029);
#8029 = DEFINITIONAL_REPRESENTATION('',(#8030),#8034);
#8030 = LINE('',#8031,#8032);
#8031 = CARTESIAN_POINT('',(0.,0.));
#8032 = VECTOR('',#8033,1.);
#8033 = DIRECTION('',(0.,1.));
#8034 = ( GEOMETRIC_REPRESENTATION_CONTEXT(2) 
PARAMETRIC_REPRESENTATION_CONTEXT() REPRESENTATION_CONTEXT('2D SPACE',''
  ) );
#8035 = ORIENTED_EDGE('',*,*,#6871,.F.);
#8036 = ADVANCED_FACE('',(#8037),#6859,.F.);
#8037 = FACE_BOUND('',#8038,.F.);
#8038 = EDGE_LOOP('',(#8039,#8040,#8069,#8090));
#8039 = ORIENTED_EDGE('',*,*,#8015,.F.);
#8040 = ORIENTED_EDGE('',*,*,#8041,.T.);
#8041 = EDGE_CURVE('',#7988,#8042,#8044,.T.);
#8042 = VERTEX_POINT('',#8043);
#8043 = CARTESIAN_POINT('',(8.35,1.7,-16.35));
#8044 = SURFACE_CURVE('',#8045,(#8050,#8057),.PCURVE_S1.);
#8045 = CIRCLE('',#8046,1.65);
#8046 = AXIS2_PLACEMENT_3D('',#8047,#8048,#8049);
#8047 = CARTESIAN_POINT('',(8.35,5.E-02,-16.35));
#8048 = DIRECTION('',(0.,0.,1.));
#8049 = DIRECTION('',(1.,0.,-0.));
#8050 = PCURVE('',#6859,#8051);
#8051 = DEFINITIONAL_REPRESENTATION('',(#8052),#8056);
#8052 = LINE('',#8053,#8054);
#8053 = CARTESIAN_POINT('',(0.,1.65));
#8054 = VECTOR('',#8055,1.);
#8055 = DIRECTION('',(1.,0.));
#8056 = ( GEOMETRIC_REPRESENTATION_CONTEXT(2) 
PARAMETRIC_REPRESENTATION_CONTEXT() REPRESENTATION_CONTEXT('2D SPACE',''
  ) );
#8057 = PCURVE('',#8058,#8063);
#8058 = SPHERICAL_SURFACE('',#8059,1.65);
#8059 = AXIS2_PLACEMENT_3D('',#8060,#8061,#8062);
#8060 = CARTESIAN_POINT('',(8.35,5.E-02,-16.35));
#8061 = DIRECTION('',(0.,0.,1.));
#8062 = DIRECTION('',(1.,0.,-0.));
#8063 = DEFINITIONAL_REPRESENTATION('',(#8064),#8068);
#8064 = LINE('',#8065,#8066);
#8065 = CARTESIAN_POINT('',(0.,0.));
#8066 = VECTOR('',#8067,1.);
#8067 = DIRECTION('',(1.,0.));
#8068 = ( GEOMETRIC_REPRESENTATION_CONTEXT(2) 
PARAMETRIC_REPRESENTATION_CONTEXT() REPRESENTATION_CONTEXT('2D SPACE',''
  ) );
#8069 = ORIENTED_EDGE('',*,*,#8070,.T.);
#8070 = EDGE_CURVE('',#8042,#6817,#8071,.T.);
#8071 = SURFACE_CURVE('',#8072,(#8076,#8083),.PCURVE_S1.);
#8072 = LINE('',#8073,#8074);
#8073 = CARTESIAN_POINT('',(8.35,1.7,-18.));
#8074 = VECTOR('',#8075,1.);
#8075 = DIRECTION('',(0.,0.,1.));
#8076 = PCURVE('',#6859,#8077);
#8077 = DEFINITIONAL_REPRESENTATION('',(#8078),#8082);
#8078 = LINE('',#8079,#8080);
#8079 = CARTESIAN_POINT('',(1.570796326795,0.));
#8080 = VECTOR('',#8081,1.);
#8081 = DIRECTION('',(0.,1.));
#8082 = ( GEOMETRIC_REPRESENTATION_CONTEXT(2) 
PARAMETRIC_REPRESENTATION_CONTEXT() REPRESENTATION_CONTEXT('2D SPACE',''
  ) );
#8083 = PCURVE('',#6831,#8084);
#8084 = DEFINITIONAL_REPRESENTATION('',(#8085),#8089);
#8085 = LINE('',#8086,#8087);
#8086 = CARTESIAN_POINT('',(0.,2.85));
#8087 = VECTOR('',#8088,1.);
#8088 = DIRECTION('',(1.,0.));
#8089 = ( GEOMETRIC_REPRESENTATION_CONTEXT(2) 
PARAMETRIC_REPRESENTATION_CONTEXT() REPRESENTATION_CONTEXT('2D SPACE',''
  ) );
#8090 = ORIENTED_EDGE('',*,*,#6842,.F.);
#8091 = ADVANCED_FACE('',(#8092),#6831,.F.);
#8092 = FACE_BOUND('',#8093,.F.);
#8093 = EDGE_LOOP('',(#8094,#8122,#8143,#8144));
#8094 = ORIENTED_EDGE('',*,*,#8095,.F.);
#8095 = EDGE_CURVE('',#8096,#8042,#8098,.T.);
#8096 = VERTEX_POINT('',#8097);
#8097 = CARTESIAN_POINT('',(7.15,1.7,-16.35));
#8098 = SURFACE_CURVE('',#8099,(#8103,#8110),.PCURVE_S1.);
#8099 = LINE('',#8100,#8101);
#8100 = CARTESIAN_POINT('',(5.5,1.7,-16.35));
#8101 = VECTOR('',#8102,1.);
#8102 = DIRECTION('',(1.,0.,-0.));
#8103 = PCURVE('',#6831,#8104);
#8104 = DEFINITIONAL_REPRESENTATION('',(#8105),#8109);
#8105 = LINE('',#8106,#8107);
#8106 = CARTESIAN_POINT('',(1.65,0.));
#8107 = VECTOR('',#8108,1.);
#8108 = DIRECTION('',(0.,1.));
#8109 = ( GEOMETRIC_REPRESENTATION_CONTEXT(2) 
PARAMETRIC_REPRESENTATION_CONTEXT() REPRESENTATION_CONTEXT('2D SPACE',''
  ) );
#8110 = PCURVE('',#8111,#8116);
#8111 = CYLINDRICAL_SURFACE('',#8112,1.65);
#8112 = AXIS2_PLACEMENT_3D('',#8113,#8114,#8115);
#8113 = CARTESIAN_POINT('',(5.5,5.E-02,-16.35));
#8114 = DIRECTION('',(1.,0.,-0.));
#8115 = DIRECTION('',(0.,1.,0.));
#8116 = DEFINITIONAL_REPRESENTATION('',(#8117),#8121);
#8117 = LINE('',#8118,#8119);
#8118 = CARTESIAN_POINT('',(-0.,0.));
#8119 = VECTOR('',#8120,1.);
#8120 = DIRECTION('',(-0.,1.));
#8121 = ( GEOMETRIC_REPRESENTATION_CONTEXT(2) 
PARAMETRIC_REPRESENTATION_CONTEXT() REPRESENTATION_CONTEXT('2D SPACE',''
  ) );
#8122 = ORIENTED_EDGE('',*,*,#8123,.T.);
#8123 = EDGE_CURVE('',#8096,#6788,#8124,.T.);
#8124 = SURFACE_CURVE('',#8125,(#8129,#8136),.PCURVE_S1.);
#8125 = LINE('',#8126,#8127);
#8126 = CARTESIAN_POINT('',(7.15,1.7,-18.));
#8127 = VECTOR('',#8128,1.);
#8128 = DIRECTION('',(0.,0.,1.));
#8129 = PCURVE('',#6831,#8130);
#8130 = DEFINITIONAL_REPRESENTATION('',(#8131),#8135);
#8131 = LINE('',#8132,#8133);
#8132 = CARTESIAN_POINT('',(0.,1.65));
#8133 = VECTOR('',#8134,1.);
#8134 = DIRECTION('',(1.,0.));
#8135 = ( GEOMETRIC_REPRESENTATION_CONTEXT(2) 
PARAMETRIC_REPRESENTATION_CONTEXT() REPRESENTATION_CONTEXT('2D SPACE',''
  ) );
#8136 = PCURVE('',#6804,#8137);
#8137 = DEFINITIONAL_REPRESENTATION('',(#8138),#8142);
#8138 = LINE('',#8139,#8140);
#8139 = CARTESIAN_POINT('',(-1.570796326795,0.));
#8140 = VECTOR('',#8141,1.);
#8141 = DIRECTION('',(-0.,1.));
#8142 = ( GEOMETRIC_REPRESENTATION_CONTEXT(2) 
PARAMETRIC_REPRESENTATION_CONTEXT() REPRESENTATION_CONTEXT('2D SPACE',''
  ) );
#8143 = ORIENTED_EDGE('',*,*,#6816,.F.);
#8144 = ORIENTED_EDGE('',*,*,#8070,.F.);
#8145 = ADVANCED_FACE('',(#8146),#6804,.F.);
#8146 = FACE_BOUND('',#8147,.T.);
#8147 = EDGE_LOOP('',(#8148,#8173,#8200,#8201,#8202,#8223));
#8148 = ORIENTED_EDGE('',*,*,#8149,.F.);
#8149 = EDGE_CURVE('',#8150,#8152,#8154,.T.);
#8150 = VERTEX_POINT('',#8151);
#8151 = CARTESIAN_POINT('',(5.5,5.E-02,-16.35));
#8152 = VERTEX_POINT('',#8153);
#8153 = CARTESIAN_POINT('',(5.5,5.E-02,-15.3));
#8154 = SURFACE_CURVE('',#8155,(#8159,#8166),.PCURVE_S1.);
#8155 = LINE('',#8156,#8157);
#8156 = CARTESIAN_POINT('',(5.5,5.E-02,-18.));
#8157 = VECTOR('',#8158,1.);
#8158 = DIRECTION('',(0.,0.,1.));
#8159 = PCURVE('',#6804,#8160);
#8160 = DEFINITIONAL_REPRESENTATION('',(#8161),#8165);
#8161 = LINE('',#8162,#8163);
#8162 = CARTESIAN_POINT('',(-0.,0.));
#8163 = VECTOR('',#8164,1.);
#8164 = DIRECTION('',(-0.,1.));
#8165 = ( GEOMETRIC_REPRESENTATION_CONTEXT(2) 
PARAMETRIC_REPRESENTATION_CONTEXT() REPRESENTATION_CONTEXT('2D SPACE',''
  ) );
#8166 = PCURVE('',#7788,#8167);
#8167 = DEFINITIONAL_REPRESENTATION('',(#8168),#8172);
#8168 = LINE('',#8169,#8170);
#8169 = CARTESIAN_POINT('',(0.,-1.75));
#8170 = VECTOR('',#8171,1.);
#8171 = DIRECTION('',(1.,0.));
#8172 = ( GEOMETRIC_REPRESENTATION_CONTEXT(2) 
PARAMETRIC_REPRESENTATION_CONTEXT() REPRESENTATION_CONTEXT('2D SPACE',''
  ) );
#8173 = ORIENTED_EDGE('',*,*,#8174,.T.);
#8174 = EDGE_CURVE('',#8150,#8096,#8175,.T.);
#8175 = SURFACE_CURVE('',#8176,(#8181,#8188),.PCURVE_S1.);
#8176 = CIRCLE('',#8177,1.65);
#8177 = AXIS2_PLACEMENT_3D('',#8178,#8179,#8180);
#8178 = CARTESIAN_POINT('',(7.15,5.E-02,-16.35));
#8179 = DIRECTION('',(-0.,0.,-1.));
#8180 = DIRECTION('',(-1.,0.,0.));
#8181 = PCURVE('',#6804,#8182);
#8182 = DEFINITIONAL_REPRESENTATION('',(#8183),#8187);
#8183 = LINE('',#8184,#8185);
#8184 = CARTESIAN_POINT('',(-0.,1.65));
#8185 = VECTOR('',#8186,1.);
#8186 = DIRECTION('',(-1.,0.));
#8187 = ( GEOMETRIC_REPRESENTATION_CONTEXT(2) 
PARAMETRIC_REPRESENTATION_CONTEXT() REPRESENTATION_CONTEXT('2D SPACE',''
  ) );
#8188 = PCURVE('',#8189,#8194);
#8189 = SPHERICAL_SURFACE('',#8190,1.65);
#8190 = AXIS2_PLACEMENT_3D('',#8191,#8192,#8193);
#8191 = CARTESIAN_POINT('',(7.15,5.E-02,-16.35));
#8192 = DIRECTION('',(0.,0.,1.));
#8193 = DIRECTION('',(-1.,0.,0.));
#8194 = DEFINITIONAL_REPRESENTATION('',(#8195),#8199);
#8195 = LINE('',#8196,#8197);
#8196 = CARTESIAN_POINT('',(-0.,0.));
#8197 = VECTOR('',#8198,1.);
#8198 = DIRECTION('',(-1.,0.));
#8199 = ( GEOMETRIC_REPRESENTATION_CONTEXT(2) 
PARAMETRIC_REPRESENTATION_CONTEXT() REPRESENTATION_CONTEXT('2D SPACE',''
  ) );
#8200 = ORIENTED_EDGE('',*,*,#8123,.T.);
#8201 = ORIENTED_EDGE('',*,*,#6787,.T.);
#8202 = ORIENTED_EDGE('',*,*,#8203,.F.);
#8203 = EDGE_CURVE('',#8204,#6759,#8206,.T.);
#8204 = VERTEX_POINT('',#8205);
#8205 = CARTESIAN_POINT('',(6.799738498142,1.662394765656,-15.3));
#8206 = SURFACE_CURVE('',#8207,(#8211,#8217),.PCURVE_S1.);
#8207 = LINE('',#8208,#8209);
#8208 = CARTESIAN_POINT('',(6.799738498142,1.662394765656,-18.));
#8209 = VECTOR('',#8210,1.);
#8210 = DIRECTION('',(0.,0.,1.));
#8211 = PCURVE('',#6804,#8212);
#8212 = DEFINITIONAL_REPRESENTATION('',(#8213),#8216);
#8213 = B_SPLINE_CURVE_WITH_KNOTS('',1,(#8214,#8215),.UNSPECIFIED.,.F.,
  .F.,(2,2),(2.6999994,3.0000006),.PIECEWISE_BEZIER_KNOTS.);
#8214 = CARTESIAN_POINT('',(-1.35688908916,2.6999994));
#8215 = CARTESIAN_POINT('',(-1.35688908916,3.0000006));
#8216 = ( GEOMETRIC_REPRESENTATION_CONTEXT(2) 
PARAMETRIC_REPRESENTATION_CONTEXT() REPRESENTATION_CONTEXT('2D SPACE',''
  ) );
#8217 = PCURVE('',#6775,#8218);
#8218 = DEFINITIONAL_REPRESENTATION('',(#8219),#8222);
#8219 = B_SPLINE_CURVE_WITH_KNOTS('',1,(#8220,#8221),.UNSPECIFIED.,.F.,
  .F.,(2,2),(2.6999994,3.0000006),.PIECEWISE_BEZIER_KNOTS.);
#8220 = CARTESIAN_POINT('',(0.239775923577,-5.999999999062E-07));
#8221 = CARTESIAN_POINT('',(0.239775923577,0.3000006));
#8222 = ( GEOMETRIC_REPRESENTATION_CONTEXT(2) 
PARAMETRIC_REPRESENTATION_CONTEXT() REPRESENTATION_CONTEXT('2D SPACE',''
  ) );
#8223 = ORIENTED_EDGE('',*,*,#8224,.T.);
#8224 = EDGE_CURVE('',#8204,#8152,#8225,.T.);
#8225 = SURFACE_CURVE('',#8226,(#8231,#8238),.PCURVE_S1.);
#8226 = CIRCLE('',#8227,1.65);
#8227 = AXIS2_PLACEMENT_3D('',#8228,#8229,#8230);
#8228 = CARTESIAN_POINT('',(7.15,5.E-02,-15.3));
#8229 = DIRECTION('',(0.,0.,1.));
#8230 = DIRECTION('',(-1.,-0.,0.));
#8231 = PCURVE('',#6804,#8232);
#8232 = DEFINITIONAL_REPRESENTATION('',(#8233),#8237);
#8233 = LINE('',#8234,#8235);
#8234 = CARTESIAN_POINT('',(-6.28318530718,2.7));
#8235 = VECTOR('',#8236,1.);
#8236 = DIRECTION('',(1.,-0.));
#8237 = ( GEOMETRIC_REPRESENTATION_CONTEXT(2) 
PARAMETRIC_REPRESENTATION_CONTEXT() REPRESENTATION_CONTEXT('2D SPACE',''
  ) );
#8238 = PCURVE('',#7687,#8239);
#8239 = DEFINITIONAL_REPRESENTATION('',(#8240),#8244);
#8240 = CIRCLE('',#8241,1.65);
#8241 = AXIS2_PLACEMENT_2D('',#8242,#8243);
#8242 = CARTESIAN_POINT('',(7.15,5.E-02));
#8243 = DIRECTION('',(-1.,0.));
#8244 = ( GEOMETRIC_REPRESENTATION_CONTEXT(2) 
PARAMETRIC_REPRESENTATION_CONTEXT() REPRESENTATION_CONTEXT('2D SPACE',''
  ) );
#8245 = ADVANCED_FACE('',(#8246),#6775,.F.);
#8246 = FACE_BOUND('',#8247,.F.);
#8247 = EDGE_LOOP('',(#8248,#8249,#8273,#8292));
#8248 = ORIENTED_EDGE('',*,*,#8203,.F.);
#8249 = ORIENTED_EDGE('',*,*,#8250,.T.);
#8250 = EDGE_CURVE('',#8204,#8251,#8253,.T.);
#8251 = VERTEX_POINT('',#8252);
#8252 = CARTESIAN_POINT('',(1.662394765656,6.799738498142,-15.3));
#8253 = SURFACE_CURVE('',#8254,(#8259,#8266),.PCURVE_S1.);
#8254 = CIRCLE('',#8255,7.);
#8255 = AXIS2_PLACEMENT_3D('',#8256,#8257,#8258);
#8256 = CARTESIAN_POINT('',(0.,0.,-15.3));
#8257 = DIRECTION('',(0.,0.,1.));
#8258 = DIRECTION('',(1.,0.,-0.));
#8259 = PCURVE('',#6775,#8260);
#8260 = DEFINITIONAL_REPRESENTATION('',(#8261),#8265);
#8261 = LINE('',#8262,#8263);
#8262 = CARTESIAN_POINT('',(0.,0.));
#8263 = VECTOR('',#8264,1.);
#8264 = DIRECTION('',(1.,0.));
#8265 = ( GEOMETRIC_REPRESENTATION_CONTEXT(2) 
PARAMETRIC_REPRESENTATION_CONTEXT() REPRESENTATION_CONTEXT('2D SPACE',''
  ) );
#8266 = PCURVE('',#7687,#8267);
#8267 = DEFINITIONAL_REPRESENTATION('',(#8268),#8272);
#8268 = CIRCLE('',#8269,7.);
#8269 = AXIS2_PLACEMENT_2D('',#8270,#8271);
#8270 = CARTESIAN_POINT('',(0.,0.));
#8271 = DIRECTION('',(1.,0.));
#8272 = ( GEOMETRIC_REPRESENTATION_CONTEXT(2) 
PARAMETRIC_REPRESENTATION_CONTEXT() REPRESENTATION_CONTEXT('2D SPACE',''
  ) );
#8273 = ORIENTED_EDGE('',*,*,#8274,.T.);
#8274 = EDGE_CURVE('',#8251,#6730,#8275,.T.);
#8275 = SURFACE_CURVE('',#8276,(#8280,#8286),.PCURVE_S1.);
#8276 = LINE('',#8277,#8278);
#8277 = CARTESIAN_POINT('',(1.662394765656,6.799738498142,-18.));
#8278 = VECTOR('',#8279,1.);
#8279 = DIRECTION('',(0.,0.,1.));
#8280 = PCURVE('',#6775,#8281);
#8281 = DEFINITIONAL_REPRESENTATION('',(#8282),#8285);
#8282 = B_SPLINE_CURVE_WITH_KNOTS('',1,(#8283,#8284),.UNSPECIFIED.,.F.,
  .F.,(2,2),(2.6999994,3.0000006),.PIECEWISE_BEZIER_KNOTS.);
#8283 = CARTESIAN_POINT('',(1.331020403218,-5.999999999062E-07));
#8284 = CARTESIAN_POINT('',(1.331020403218,0.3000006));
#8285 = ( GEOMETRIC_REPRESENTATION_CONTEXT(2) 
PARAMETRIC_REPRESENTATION_CONTEXT() REPRESENTATION_CONTEXT('2D SPACE',''
  ) );
#8286 = PCURVE('',#6746,#8287);
#8287 = DEFINITIONAL_REPRESENTATION('',(#8288),#8291);
#8288 = B_SPLINE_CURVE_WITH_KNOTS('',1,(#8289,#8290),.UNSPECIFIED.,.F.,
  .F.,(2,2),(2.6999994,3.0000006),.PIECEWISE_BEZIER_KNOTS.);
#8289 = CARTESIAN_POINT('',(-0.213907237635,2.6999994));
#8290 = CARTESIAN_POINT('',(-0.213907237635,3.0000006));
#8291 = ( GEOMETRIC_REPRESENTATION_CONTEXT(2) 
PARAMETRIC_REPRESENTATION_CONTEXT() REPRESENTATION_CONTEXT('2D SPACE',''
  ) );
#8292 = ORIENTED_EDGE('',*,*,#6758,.F.);
#8293 = ADVANCED_FACE('',(#8294),#6746,.F.);
#8294 = FACE_BOUND('',#8295,.T.);
#8295 = EDGE_LOOP('',(#8296,#8319,#8348,#8376,#8398,#8399));
#8296 = ORIENTED_EDGE('',*,*,#8297,.F.);
#8297 = EDGE_CURVE('',#8298,#6704,#8300,.T.);
#8298 = VERTEX_POINT('',#8299);
#8299 = CARTESIAN_POINT('',(1.7,7.15,-16.35));
#8300 = SURFACE_CURVE('',#8301,(#8305,#8312),.PCURVE_S1.);
#8301 = LINE('',#8302,#8303);
#8302 = CARTESIAN_POINT('',(1.7,7.15,-18.));
#8303 = VECTOR('',#8304,1.);
#8304 = DIRECTION('',(0.,0.,1.));
#8305 = PCURVE('',#6746,#8306);
#8306 = DEFINITIONAL_REPRESENTATION('',(#8307),#8311);
#8307 = LINE('',#8308,#8309);
#8308 = CARTESIAN_POINT('',(-0.,0.));
#8309 = VECTOR('',#8310,1.);
#8310 = DIRECTION('',(-0.,1.));
#8311 = ( GEOMETRIC_REPRESENTATION_CONTEXT(2) 
PARAMETRIC_REPRESENTATION_CONTEXT() REPRESENTATION_CONTEXT('2D SPACE',''
  ) );
#8312 = PCURVE('',#6718,#8313);
#8313 = DEFINITIONAL_REPRESENTATION('',(#8314),#8318);
#8314 = LINE('',#8315,#8316);
#8315 = CARTESIAN_POINT('',(0.,-1.65));
#8316 = VECTOR('',#8317,1.);
#8317 = DIRECTION('',(1.,0.));
#8318 = ( GEOMETRIC_REPRESENTATION_CONTEXT(2) 
PARAMETRIC_REPRESENTATION_CONTEXT() REPRESENTATION_CONTEXT('2D SPACE',''
  ) );
#8319 = ORIENTED_EDGE('',*,*,#8320,.T.);
#8320 = EDGE_CURVE('',#8298,#8321,#8323,.T.);
#8321 = VERTEX_POINT('',#8322);
#8322 = CARTESIAN_POINT('',(5.E-02,5.5,-16.35));
#8323 = SURFACE_CURVE('',#8324,(#8329,#8336),.PCURVE_S1.);
#8324 = CIRCLE('',#8325,1.65);
#8325 = AXIS2_PLACEMENT_3D('',#8326,#8327,#8328);
#8326 = CARTESIAN_POINT('',(5.E-02,7.15,-16.35));
#8327 = DIRECTION('',(0.,-0.,-1.));
#8328 = DIRECTION('',(1.,0.,-0.));
#8329 = PCURVE('',#6746,#8330);
#8330 = DEFINITIONAL_REPRESENTATION('',(#8331),#8335);
#8331 = LINE('',#8332,#8333);
#8332 = CARTESIAN_POINT('',(-0.,1.65));
#8333 = VECTOR('',#8334,1.);
#8334 = DIRECTION('',(-1.,0.));
#8335 = ( GEOMETRIC_REPRESENTATION_CONTEXT(2) 
PARAMETRIC_REPRESENTATION_CONTEXT() REPRESENTATION_CONTEXT('2D SPACE',''
  ) );
#8336 = PCURVE('',#8337,#8342);
#8337 = SPHERICAL_SURFACE('',#8338,1.65);
#8338 = AXIS2_PLACEMENT_3D('',#8339,#8340,#8341);
#8339 = CARTESIAN_POINT('',(5.E-02,7.15,-16.35));
#8340 = DIRECTION('',(0.,0.,1.));
#8341 = DIRECTION('',(1.,0.,-0.));
#8342 = DEFINITIONAL_REPRESENTATION('',(#8343),#8347);
#8343 = LINE('',#8344,#8345);
#8344 = CARTESIAN_POINT('',(-0.,0.));
#8345 = VECTOR('',#8346,1.);
#8346 = DIRECTION('',(-1.,0.));
#8347 = ( GEOMETRIC_REPRESENTATION_CONTEXT(2) 
PARAMETRIC_REPRESENTATION_CONTEXT() REPRESENTATION_CONTEXT('2D SPACE',''
  ) );
#8348 = ORIENTED_EDGE('',*,*,#8349,.T.);
#8349 = EDGE_CURVE('',#8321,#8350,#8352,.T.);
#8350 = VERTEX_POINT('',#8351);
#8351 = CARTESIAN_POINT('',(5.E-02,5.5,-15.3));
#8352 = SURFACE_CURVE('',#8353,(#8357,#8364),.PCURVE_S1.);
#8353 = LINE('',#8354,#8355);
#8354 = CARTESIAN_POINT('',(5.E-02,5.5,-18.));
#8355 = VECTOR('',#8356,1.);
#8356 = DIRECTION('',(0.,0.,1.));
#8357 = PCURVE('',#6746,#8358);
#8358 = DEFINITIONAL_REPRESENTATION('',(#8359),#8363);
#8359 = LINE('',#8360,#8361);
#8360 = CARTESIAN_POINT('',(-1.570796326795,0.));
#8361 = VECTOR('',#8362,1.);
#8362 = DIRECTION('',(-0.,1.));
#8363 = ( GEOMETRIC_REPRESENTATION_CONTEXT(2) 
PARAMETRIC_REPRESENTATION_CONTEXT() REPRESENTATION_CONTEXT('2D SPACE',''
  ) );
#8364 = PCURVE('',#8365,#8370);
#8365 = PLANE('',#8366);
#8366 = AXIS2_PLACEMENT_3D('',#8367,#8368,#8369);
#8367 = CARTESIAN_POINT('',(-1.7,5.5,-18.));
#8368 = DIRECTION('',(-0.,1.,0.));
#8369 = DIRECTION('',(0.,0.,1.));
#8370 = DEFINITIONAL_REPRESENTATION('',(#8371),#8375);
#8371 = LINE('',#8372,#8373);
#8372 = CARTESIAN_POINT('',(0.,1.75));
#8373 = VECTOR('',#8374,1.);
#8374 = DIRECTION('',(1.,0.));
#8375 = ( GEOMETRIC_REPRESENTATION_CONTEXT(2) 
PARAMETRIC_REPRESENTATION_CONTEXT() REPRESENTATION_CONTEXT('2D SPACE',''
  ) );
#8376 = ORIENTED_EDGE('',*,*,#8377,.T.);
#8377 = EDGE_CURVE('',#8350,#8251,#8378,.T.);
#8378 = SURFACE_CURVE('',#8379,(#8384,#8391),.PCURVE_S1.);
#8379 = CIRCLE('',#8380,1.65);
#8380 = AXIS2_PLACEMENT_3D('',#8381,#8382,#8383);
#8381 = CARTESIAN_POINT('',(5.E-02,7.15,-15.3));
#8382 = DIRECTION('',(0.,0.,1.));
#8383 = DIRECTION('',(1.,0.,-0.));
#8384 = PCURVE('',#6746,#8385);
#8385 = DEFINITIONAL_REPRESENTATION('',(#8386),#8390);
#8386 = LINE('',#8387,#8388);
#8387 = CARTESIAN_POINT('',(-6.28318530718,2.7));
#8388 = VECTOR('',#8389,1.);
#8389 = DIRECTION('',(1.,-0.));
#8390 = ( GEOMETRIC_REPRESENTATION_CONTEXT(2) 
PARAMETRIC_REPRESENTATION_CONTEXT() REPRESENTATION_CONTEXT('2D SPACE',''
  ) );
#8391 = PCURVE('',#7687,#8392);
#8392 = DEFINITIONAL_REPRESENTATION('',(#8393),#8397);
#8393 = CIRCLE('',#8394,1.65);
#8394 = AXIS2_PLACEMENT_2D('',#8395,#8396);
#8395 = CARTESIAN_POINT('',(5.E-02,7.15));
#8396 = DIRECTION('',(1.,0.));
#8397 = ( GEOMETRIC_REPRESENTATION_CONTEXT(2) 
PARAMETRIC_REPRESENTATION_CONTEXT() REPRESENTATION_CONTEXT('2D SPACE',''
  ) );
#8398 = ORIENTED_EDGE('',*,*,#8274,.T.);
#8399 = ORIENTED_EDGE('',*,*,#6729,.T.);
#8400 = ADVANCED_FACE('',(#8401),#6718,.F.);
#8401 = FACE_BOUND('',#8402,.F.);
#8402 = EDGE_LOOP('',(#8403,#8404,#8432,#8453));
#8403 = ORIENTED_EDGE('',*,*,#8297,.F.);
#8404 = ORIENTED_EDGE('',*,*,#8405,.T.);
#8405 = EDGE_CURVE('',#8298,#8406,#8408,.T.);
#8406 = VERTEX_POINT('',#8407);
#8407 = CARTESIAN_POINT('',(1.7,8.35,-16.35));
#8408 = SURFACE_CURVE('',#8409,(#8413,#8420),.PCURVE_S1.);
#8409 = LINE('',#8410,#8411);
#8410 = CARTESIAN_POINT('',(1.7,5.5,-16.35));
#8411 = VECTOR('',#8412,1.);
#8412 = DIRECTION('',(-0.,1.,0.));
#8413 = PCURVE('',#6718,#8414);
#8414 = DEFINITIONAL_REPRESENTATION('',(#8415),#8419);
#8415 = LINE('',#8416,#8417);
#8416 = CARTESIAN_POINT('',(1.65,0.));
#8417 = VECTOR('',#8418,1.);
#8418 = DIRECTION('',(0.,-1.));
#8419 = ( GEOMETRIC_REPRESENTATION_CONTEXT(2) 
PARAMETRIC_REPRESENTATION_CONTEXT() REPRESENTATION_CONTEXT('2D SPACE',''
  ) );
#8420 = PCURVE('',#8421,#8426);
#8421 = CYLINDRICAL_SURFACE('',#8422,1.65);
#8422 = AXIS2_PLACEMENT_3D('',#8423,#8424,#8425);
#8423 = CARTESIAN_POINT('',(5.E-02,5.5,-16.35));
#8424 = DIRECTION('',(-0.,1.,0.));
#8425 = DIRECTION('',(1.,0.,-0.));
#8426 = DEFINITIONAL_REPRESENTATION('',(#8427),#8431);
#8427 = LINE('',#8428,#8429);
#8428 = CARTESIAN_POINT('',(0.,0.));
#8429 = VECTOR('',#8430,1.);
#8430 = DIRECTION('',(0.,1.));
#8431 = ( GEOMETRIC_REPRESENTATION_CONTEXT(2) 
PARAMETRIC_REPRESENTATION_CONTEXT() REPRESENTATION_CONTEXT('2D SPACE',''
  ) );
#8432 = ORIENTED_EDGE('',*,*,#8433,.T.);
#8433 = EDGE_CURVE('',#8406,#6675,#8434,.T.);
#8434 = SURFACE_CURVE('',#8435,(#8439,#8446),.PCURVE_S1.);
#8435 = LINE('',#8436,#8437);
#8436 = CARTESIAN_POINT('',(1.7,8.35,-18.));
#8437 = VECTOR('',#8438,1.);
#8438 = DIRECTION('',(0.,0.,1.));
#8439 = PCURVE('',#6718,#8440);
#8440 = DEFINITIONAL_REPRESENTATION('',(#8441),#8445);
#8441 = LINE('',#8442,#8443);
#8442 = CARTESIAN_POINT('',(0.,-2.85));
#8443 = VECTOR('',#8444,1.);
#8444 = DIRECTION('',(1.,0.));
#8445 = ( GEOMETRIC_REPRESENTATION_CONTEXT(2) 
PARAMETRIC_REPRESENTATION_CONTEXT() REPRESENTATION_CONTEXT('2D SPACE',''
  ) );
#8446 = PCURVE('',#6691,#8447);
#8447 = DEFINITIONAL_REPRESENTATION('',(#8448),#8452);
#8448 = LINE('',#8449,#8450);
#8449 = CARTESIAN_POINT('',(0.,0.));
#8450 = VECTOR('',#8451,1.);
#8451 = DIRECTION('',(0.,1.));
#8452 = ( GEOMETRIC_REPRESENTATION_CONTEXT(2) 
PARAMETRIC_REPRESENTATION_CONTEXT() REPRESENTATION_CONTEXT('2D SPACE',''
  ) );
#8453 = ORIENTED_EDGE('',*,*,#6703,.F.);
#8454 = ADVANCED_FACE('',(#8455),#6691,.F.);
#8455 = FACE_BOUND('',#8456,.F.);
#8456 = EDGE_LOOP('',(#8457,#8458,#8487,#8508));
#8457 = ORIENTED_EDGE('',*,*,#8433,.F.);
#8458 = ORIENTED_EDGE('',*,*,#8459,.T.);
#8459 = EDGE_CURVE('',#8406,#8460,#8462,.T.);
#8460 = VERTEX_POINT('',#8461);
#8461 = CARTESIAN_POINT('',(5.E-02,10.,-16.35));
#8462 = SURFACE_CURVE('',#8463,(#8468,#8475),.PCURVE_S1.);
#8463 = CIRCLE('',#8464,1.65);
#8464 = AXIS2_PLACEMENT_3D('',#8465,#8466,#8467);
#8465 = CARTESIAN_POINT('',(5.E-02,8.35,-16.35));
#8466 = DIRECTION('',(0.,0.,1.));
#8467 = DIRECTION('',(1.,-1.345724878334E-16,0.));
#8468 = PCURVE('',#6691,#8469);
#8469 = DEFINITIONAL_REPRESENTATION('',(#8470),#8474);
#8470 = LINE('',#8471,#8472);
#8471 = CARTESIAN_POINT('',(0.,1.65));
#8472 = VECTOR('',#8473,1.);
#8473 = DIRECTION('',(1.,0.));
#8474 = ( GEOMETRIC_REPRESENTATION_CONTEXT(2) 
PARAMETRIC_REPRESENTATION_CONTEXT() REPRESENTATION_CONTEXT('2D SPACE',''
  ) );
#8475 = PCURVE('',#8476,#8481);
#8476 = SPHERICAL_SURFACE('',#8477,1.65);
#8477 = AXIS2_PLACEMENT_3D('',#8478,#8479,#8480);
#8478 = CARTESIAN_POINT('',(5.E-02,8.35,-16.35));
#8479 = DIRECTION('',(0.,0.,1.));
#8480 = DIRECTION('',(1.,-1.345724878334E-16,0.));
#8481 = DEFINITIONAL_REPRESENTATION('',(#8482),#8486);
#8482 = LINE('',#8483,#8484);
#8483 = CARTESIAN_POINT('',(0.,0.));
#8484 = VECTOR('',#8485,1.);
#8485 = DIRECTION('',(1.,0.));
#8486 = ( GEOMETRIC_REPRESENTATION_CONTEXT(2) 
PARAMETRIC_REPRESENTATION_CONTEXT() REPRESENTATION_CONTEXT('2D SPACE',''
  ) );
#8487 = ORIENTED_EDGE('',*,*,#8488,.T.);
#8488 = EDGE_CURVE('',#8460,#6649,#8489,.T.);
#8489 = SURFACE_CURVE('',#8490,(#8494,#8501),.PCURVE_S1.);
#8490 = LINE('',#8491,#8492);
#8491 = CARTESIAN_POINT('',(5.E-02,10.,-18.));
#8492 = VECTOR('',#8493,1.);
#8493 = DIRECTION('',(0.,0.,1.));
#8494 = PCURVE('',#6691,#8495);
#8495 = DEFINITIONAL_REPRESENTATION('',(#8496),#8500);
#8496 = LINE('',#8497,#8498);
#8497 = CARTESIAN_POINT('',(1.570796326795,0.));
#8498 = VECTOR('',#8499,1.);
#8499 = DIRECTION('',(0.,1.));
#8500 = ( GEOMETRIC_REPRESENTATION_CONTEXT(2) 
PARAMETRIC_REPRESENTATION_CONTEXT() REPRESENTATION_CONTEXT('2D SPACE',''
  ) );
#8501 = PCURVE('',#6663,#8502);
#8502 = DEFINITIONAL_REPRESENTATION('',(#8503),#8507);
#8503 = LINE('',#8504,#8505);
#8504 = CARTESIAN_POINT('',(0.,1.75));
#8505 = VECTOR('',#8506,1.);
#8506 = DIRECTION('',(1.,0.));
#8507 = ( GEOMETRIC_REPRESENTATION_CONTEXT(2) 
PARAMETRIC_REPRESENTATION_CONTEXT() REPRESENTATION_CONTEXT('2D SPACE',''
  ) );
#8508 = ORIENTED_EDGE('',*,*,#6674,.F.);
#8509 = ADVANCED_FACE('',(#8510),#6663,.F.);
#8510 = FACE_BOUND('',#8511,.F.);
#8511 = EDGE_LOOP('',(#8512,#8540,#8561,#8562));
#8512 = ORIENTED_EDGE('',*,*,#8513,.F.);
#8513 = EDGE_CURVE('',#8514,#8460,#8516,.T.);
#8514 = VERTEX_POINT('',#8515);
#8515 = CARTESIAN_POINT('',(-5.E-02,10.,-16.35));
#8516 = SURFACE_CURVE('',#8517,(#8521,#8528),.PCURVE_S1.);
#8517 = LINE('',#8518,#8519);
#8518 = CARTESIAN_POINT('',(-1.7,10.,-16.35));
#8519 = VECTOR('',#8520,1.);
#8520 = DIRECTION('',(1.,0.,-0.));
#8521 = PCURVE('',#6663,#8522);
#8522 = DEFINITIONAL_REPRESENTATION('',(#8523),#8527);
#8523 = LINE('',#8524,#8525);
#8524 = CARTESIAN_POINT('',(1.65,0.));
#8525 = VECTOR('',#8526,1.);
#8526 = DIRECTION('',(0.,1.));
#8527 = ( GEOMETRIC_REPRESENTATION_CONTEXT(2) 
PARAMETRIC_REPRESENTATION_CONTEXT() REPRESENTATION_CONTEXT('2D SPACE',''
  ) );
#8528 = PCURVE('',#8529,#8534);
#8529 = CYLINDRICAL_SURFACE('',#8530,1.65);
#8530 = AXIS2_PLACEMENT_3D('',#8531,#8532,#8533);
#8531 = CARTESIAN_POINT('',(-1.7,8.35,-16.35));
#8532 = DIRECTION('',(1.,0.,-0.));
#8533 = DIRECTION('',(0.,1.,0.));
#8534 = DEFINITIONAL_REPRESENTATION('',(#8535),#8539);
#8535 = LINE('',#8536,#8537);
#8536 = CARTESIAN_POINT('',(-0.,0.));
#8537 = VECTOR('',#8538,1.);
#8538 = DIRECTION('',(-0.,1.));
#8539 = ( GEOMETRIC_REPRESENTATION_CONTEXT(2) 
PARAMETRIC_REPRESENTATION_CONTEXT() REPRESENTATION_CONTEXT('2D SPACE',''
  ) );
#8540 = ORIENTED_EDGE('',*,*,#8541,.T.);
#8541 = EDGE_CURVE('',#8514,#6620,#8542,.T.);
#8542 = SURFACE_CURVE('',#8543,(#8547,#8554),.PCURVE_S1.);
#8543 = LINE('',#8544,#8545);
#8544 = CARTESIAN_POINT('',(-5.E-02,10.,-18.));
#8545 = VECTOR('',#8546,1.);
#8546 = DIRECTION('',(0.,0.,1.));
#8547 = PCURVE('',#6663,#8548);
#8548 = DEFINITIONAL_REPRESENTATION('',(#8549),#8553);
#8549 = LINE('',#8550,#8551);
#8550 = CARTESIAN_POINT('',(0.,1.65));
#8551 = VECTOR('',#8552,1.);
#8552 = DIRECTION('',(1.,0.));
#8553 = ( GEOMETRIC_REPRESENTATION_CONTEXT(2) 
PARAMETRIC_REPRESENTATION_CONTEXT() REPRESENTATION_CONTEXT('2D SPACE',''
  ) );
#8554 = PCURVE('',#6636,#8555);
#8555 = DEFINITIONAL_REPRESENTATION('',(#8556),#8560);
#8556 = LINE('',#8557,#8558);
#8557 = CARTESIAN_POINT('',(-1.570796326795,0.));
#8558 = VECTOR('',#8559,1.);
#8559 = DIRECTION('',(-0.,1.));
#8560 = ( GEOMETRIC_REPRESENTATION_CONTEXT(2) 
PARAMETRIC_REPRESENTATION_CONTEXT() REPRESENTATION_CONTEXT('2D SPACE',''
  ) );
#8561 = ORIENTED_EDGE('',*,*,#6648,.F.);
#8562 = ORIENTED_EDGE('',*,*,#8488,.F.);
#8563 = ADVANCED_FACE('',(#8564),#6636,.F.);
#8564 = FACE_BOUND('',#8565,.T.);
#8565 = EDGE_LOOP('',(#8566,#8589,#8616,#8617));
#8566 = ORIENTED_EDGE('',*,*,#8567,.F.);
#8567 = EDGE_CURVE('',#8568,#6594,#8570,.T.);
#8568 = VERTEX_POINT('',#8569);
#8569 = CARTESIAN_POINT('',(-1.7,8.35,-16.35));
#8570 = SURFACE_CURVE('',#8571,(#8575,#8582),.PCURVE_S1.);
#8571 = LINE('',#8572,#8573);
#8572 = CARTESIAN_POINT('',(-1.7,8.35,-18.));
#8573 = VECTOR('',#8574,1.);
#8574 = DIRECTION('',(0.,0.,1.));
#8575 = PCURVE('',#6636,#8576);
#8576 = DEFINITIONAL_REPRESENTATION('',(#8577),#8581);
#8577 = LINE('',#8578,#8579);
#8578 = CARTESIAN_POINT('',(-0.,0.));
#8579 = VECTOR('',#8580,1.);
#8580 = DIRECTION('',(-0.,1.));
#8581 = ( GEOMETRIC_REPRESENTATION_CONTEXT(2) 
PARAMETRIC_REPRESENTATION_CONTEXT() REPRESENTATION_CONTEXT('2D SPACE',''
  ) );
#8582 = PCURVE('',#6608,#8583);
#8583 = DEFINITIONAL_REPRESENTATION('',(#8584),#8588);
#8584 = LINE('',#8585,#8586);
#8585 = CARTESIAN_POINT('',(0.,-2.85));
#8586 = VECTOR('',#8587,1.);
#8587 = DIRECTION('',(1.,0.));
#8588 = ( GEOMETRIC_REPRESENTATION_CONTEXT(2) 
PARAMETRIC_REPRESENTATION_CONTEXT() REPRESENTATION_CONTEXT('2D SPACE',''
  ) );
#8589 = ORIENTED_EDGE('',*,*,#8590,.T.);
#8590 = EDGE_CURVE('',#8568,#8514,#8591,.T.);
#8591 = SURFACE_CURVE('',#8592,(#8597,#8604),.PCURVE_S1.);
#8592 = CIRCLE('',#8593,1.65);
#8593 = AXIS2_PLACEMENT_3D('',#8594,#8595,#8596);
#8594 = CARTESIAN_POINT('',(-5.E-02,8.35,-16.35));
#8595 = DIRECTION('',(-0.,0.,-1.));
#8596 = DIRECTION('',(-1.,-1.345724878334E-16,0.));
#8597 = PCURVE('',#6636,#8598);
#8598 = DEFINITIONAL_REPRESENTATION('',(#8599),#8603);
#8599 = LINE('',#8600,#8601);
#8600 = CARTESIAN_POINT('',(-0.,1.65));
#8601 = VECTOR('',#8602,1.);
#8602 = DIRECTION('',(-1.,0.));
#8603 = ( GEOMETRIC_REPRESENTATION_CONTEXT(2) 
PARAMETRIC_REPRESENTATION_CONTEXT() REPRESENTATION_CONTEXT('2D SPACE',''
  ) );
#8604 = PCURVE('',#8605,#8610);
#8605 = SPHERICAL_SURFACE('',#8606,1.65);
#8606 = AXIS2_PLACEMENT_3D('',#8607,#8608,#8609);
#8607 = CARTESIAN_POINT('',(-5.E-02,8.35,-16.35));
#8608 = DIRECTION('',(0.,0.,1.));
#8609 = DIRECTION('',(-1.,-1.345724878334E-16,0.));
#8610 = DEFINITIONAL_REPRESENTATION('',(#8611),#8615);
#8611 = LINE('',#8612,#8613);
#8612 = CARTESIAN_POINT('',(-0.,0.));
#8613 = VECTOR('',#8614,1.);
#8614 = DIRECTION('',(-1.,0.));
#8615 = ( GEOMETRIC_REPRESENTATION_CONTEXT(2) 
PARAMETRIC_REPRESENTATION_CONTEXT() REPRESENTATION_CONTEXT('2D SPACE',''
  ) );
#8616 = ORIENTED_EDGE('',*,*,#8541,.T.);
#8617 = ORIENTED_EDGE('',*,*,#6619,.T.);
#8618 = ADVANCED_FACE('',(#8619),#6608,.T.);
#8619 = FACE_BOUND('',#8620,.T.);
#8620 = EDGE_LOOP('',(#8621,#8644,#8670,#8671));
#8621 = ORIENTED_EDGE('',*,*,#8622,.F.);
#8622 = EDGE_CURVE('',#8623,#6565,#8625,.T.);
#8623 = VERTEX_POINT('',#8624);
#8624 = CARTESIAN_POINT('',(-1.7,7.15,-16.35));
#8625 = SURFACE_CURVE('',#8626,(#8630,#8637),.PCURVE_S1.);
#8626 = LINE('',#8627,#8628);
#8627 = CARTESIAN_POINT('',(-1.7,7.15,-18.));
#8628 = VECTOR('',#8629,1.);
#8629 = DIRECTION('',(0.,0.,1.));
#8630 = PCURVE('',#6608,#8631);
#8631 = DEFINITIONAL_REPRESENTATION('',(#8632),#8636);
#8632 = LINE('',#8633,#8634);
#8633 = CARTESIAN_POINT('',(0.,-1.65));
#8634 = VECTOR('',#8635,1.);
#8635 = DIRECTION('',(1.,0.));
#8636 = ( GEOMETRIC_REPRESENTATION_CONTEXT(2) 
PARAMETRIC_REPRESENTATION_CONTEXT() REPRESENTATION_CONTEXT('2D SPACE',''
  ) );
#8637 = PCURVE('',#6581,#8638);
#8638 = DEFINITIONAL_REPRESENTATION('',(#8639),#8643);
#8639 = LINE('',#8640,#8641);
#8640 = CARTESIAN_POINT('',(0.,0.));
#8641 = VECTOR('',#8642,1.);
#8642 = DIRECTION('',(0.,1.));
#8643 = ( GEOMETRIC_REPRESENTATION_CONTEXT(2) 
PARAMETRIC_REPRESENTATION_CONTEXT() REPRESENTATION_CONTEXT('2D SPACE',''
  ) );
#8644 = ORIENTED_EDGE('',*,*,#8645,.T.);
#8645 = EDGE_CURVE('',#8623,#8568,#8646,.T.);
#8646 = SURFACE_CURVE('',#8647,(#8651,#8658),.PCURVE_S1.);
#8647 = LINE('',#8648,#8649);
#8648 = CARTESIAN_POINT('',(-1.7,5.5,-16.35));
#8649 = VECTOR('',#8650,1.);
#8650 = DIRECTION('',(-0.,1.,0.));
#8651 = PCURVE('',#6608,#8652);
#8652 = DEFINITIONAL_REPRESENTATION('',(#8653),#8657);
#8653 = LINE('',#8654,#8655);
#8654 = CARTESIAN_POINT('',(1.65,0.));
#8655 = VECTOR('',#8656,1.);
#8656 = DIRECTION('',(0.,-1.));
#8657 = ( GEOMETRIC_REPRESENTATION_CONTEXT(2) 
PARAMETRIC_REPRESENTATION_CONTEXT() REPRESENTATION_CONTEXT('2D SPACE',''
  ) );
#8658 = PCURVE('',#8659,#8664);
#8659 = CYLINDRICAL_SURFACE('',#8660,1.65);
#8660 = AXIS2_PLACEMENT_3D('',#8661,#8662,#8663);
#8661 = CARTESIAN_POINT('',(-5.E-02,5.5,-16.35));
#8662 = DIRECTION('',(-0.,1.,0.));
#8663 = DIRECTION('',(-1.,-0.,0.));
#8664 = DEFINITIONAL_REPRESENTATION('',(#8665),#8669);
#8665 = LINE('',#8666,#8667);
#8666 = CARTESIAN_POINT('',(-0.,0.));
#8667 = VECTOR('',#8668,1.);
#8668 = DIRECTION('',(-0.,1.));
#8669 = ( GEOMETRIC_REPRESENTATION_CONTEXT(2) 
PARAMETRIC_REPRESENTATION_CONTEXT() REPRESENTATION_CONTEXT('2D SPACE',''
  ) );
#8670 = ORIENTED_EDGE('',*,*,#8567,.T.);
#8671 = ORIENTED_EDGE('',*,*,#6593,.F.);
#8672 = ADVANCED_FACE('',(#8673),#6581,.F.);
#8673 = FACE_BOUND('',#8674,.F.);
#8674 = EDGE_LOOP('',(#8675,#8676,#8705,#8728,#8752,#8771));
#8675 = ORIENTED_EDGE('',*,*,#8622,.F.);
#8676 = ORIENTED_EDGE('',*,*,#8677,.T.);
#8677 = EDGE_CURVE('',#8623,#8678,#8680,.T.);
#8678 = VERTEX_POINT('',#8679);
#8679 = CARTESIAN_POINT('',(-5.E-02,5.5,-16.35));
#8680 = SURFACE_CURVE('',#8681,(#8686,#8693),.PCURVE_S1.);
#8681 = CIRCLE('',#8682,1.65);
#8682 = AXIS2_PLACEMENT_3D('',#8683,#8684,#8685);
#8683 = CARTESIAN_POINT('',(-5.E-02,7.15,-16.35));
#8684 = DIRECTION('',(0.,0.,1.));
#8685 = DIRECTION('',(-1.,0.,0.));
#8686 = PCURVE('',#6581,#8687);
#8687 = DEFINITIONAL_REPRESENTATION('',(#8688),#8692);
#8688 = LINE('',#8689,#8690);
#8689 = CARTESIAN_POINT('',(0.,1.65));
#8690 = VECTOR('',#8691,1.);
#8691 = DIRECTION('',(1.,0.));
#8692 = ( GEOMETRIC_REPRESENTATION_CONTEXT(2) 
PARAMETRIC_REPRESENTATION_CONTEXT() REPRESENTATION_CONTEXT('2D SPACE',''
  ) );
#8693 = PCURVE('',#8694,#8699);
#8694 = SPHERICAL_SURFACE('',#8695,1.65);
#8695 = AXIS2_PLACEMENT_3D('',#8696,#8697,#8698);
#8696 = CARTESIAN_POINT('',(-5.E-02,7.15,-16.35));
#8697 = DIRECTION('',(0.,0.,1.));
#8698 = DIRECTION('',(-1.,0.,0.));
#8699 = DEFINITIONAL_REPRESENTATION('',(#8700),#8704);
#8700 = LINE('',#8701,#8702);
#8701 = CARTESIAN_POINT('',(0.,0.));
#8702 = VECTOR('',#8703,1.);
#8703 = DIRECTION('',(1.,0.));
#8704 = ( GEOMETRIC_REPRESENTATION_CONTEXT(2) 
PARAMETRIC_REPRESENTATION_CONTEXT() REPRESENTATION_CONTEXT('2D SPACE',''
  ) );
#8705 = ORIENTED_EDGE('',*,*,#8706,.T.);
#8706 = EDGE_CURVE('',#8678,#8707,#8709,.T.);
#8707 = VERTEX_POINT('',#8708);
#8708 = CARTESIAN_POINT('',(-5.E-02,5.5,-15.3));
#8709 = SURFACE_CURVE('',#8710,(#8714,#8721),.PCURVE_S1.);
#8710 = LINE('',#8711,#8712);
#8711 = CARTESIAN_POINT('',(-5.E-02,5.5,-18.));
#8712 = VECTOR('',#8713,1.);
#8713 = DIRECTION('',(0.,0.,1.));
#8714 = PCURVE('',#6581,#8715);
#8715 = DEFINITIONAL_REPRESENTATION('',(#8716),#8720);
#8716 = LINE('',#8717,#8718);
#8717 = CARTESIAN_POINT('',(1.570796326795,0.));
#8718 = VECTOR('',#8719,1.);
#8719 = DIRECTION('',(0.,1.));
#8720 = ( GEOMETRIC_REPRESENTATION_CONTEXT(2) 
PARAMETRIC_REPRESENTATION_CONTEXT() REPRESENTATION_CONTEXT('2D SPACE',''
  ) );
#8721 = PCURVE('',#8365,#8722);
#8722 = DEFINITIONAL_REPRESENTATION('',(#8723),#8727);
#8723 = LINE('',#8724,#8725);
#8724 = CARTESIAN_POINT('',(0.,1.65));
#8725 = VECTOR('',#8726,1.);
#8726 = DIRECTION('',(1.,0.));
#8727 = ( GEOMETRIC_REPRESENTATION_CONTEXT(2) 
PARAMETRIC_REPRESENTATION_CONTEXT() REPRESENTATION_CONTEXT('2D SPACE',''
  ) );
#8728 = ORIENTED_EDGE('',*,*,#8729,.F.);
#8729 = EDGE_CURVE('',#8730,#8707,#8732,.T.);
#8730 = VERTEX_POINT('',#8731);
#8731 = CARTESIAN_POINT('',(-1.662394765656,6.799738498142,-15.3));
#8732 = SURFACE_CURVE('',#8733,(#8738,#8745),.PCURVE_S1.);
#8733 = CIRCLE('',#8734,1.65);
#8734 = AXIS2_PLACEMENT_3D('',#8735,#8736,#8737);
#8735 = CARTESIAN_POINT('',(-5.E-02,7.15,-15.3));
#8736 = DIRECTION('',(0.,0.,1.));
#8737 = DIRECTION('',(-1.,-0.,0.));
#8738 = PCURVE('',#6581,#8739);
#8739 = DEFINITIONAL_REPRESENTATION('',(#8740),#8744);
#8740 = LINE('',#8741,#8742);
#8741 = CARTESIAN_POINT('',(0.,2.7));
#8742 = VECTOR('',#8743,1.);
#8743 = DIRECTION('',(1.,0.));
#8744 = ( GEOMETRIC_REPRESENTATION_CONTEXT(2) 
PARAMETRIC_REPRESENTATION_CONTEXT() REPRESENTATION_CONTEXT('2D SPACE',''
  ) );
#8745 = PCURVE('',#7687,#8746);
#8746 = DEFINITIONAL_REPRESENTATION('',(#8747),#8751);
#8747 = CIRCLE('',#8748,1.65);
#8748 = AXIS2_PLACEMENT_2D('',#8749,#8750);
#8749 = CARTESIAN_POINT('',(-5.E-02,7.15));
#8750 = DIRECTION('',(-1.,0.));
#8751 = ( GEOMETRIC_REPRESENTATION_CONTEXT(2) 
PARAMETRIC_REPRESENTATION_CONTEXT() REPRESENTATION_CONTEXT('2D SPACE',''
  ) );
#8752 = ORIENTED_EDGE('',*,*,#8753,.T.);
#8753 = EDGE_CURVE('',#8730,#6536,#8754,.T.);
#8754 = SURFACE_CURVE('',#8755,(#8759,#8765),.PCURVE_S1.);
#8755 = LINE('',#8756,#8757);
#8756 = CARTESIAN_POINT('',(-1.662394765656,6.799738498142,-18.));
#8757 = VECTOR('',#8758,1.);
#8758 = DIRECTION('',(0.,0.,1.));
#8759 = PCURVE('',#6581,#8760);
#8760 = DEFINITIONAL_REPRESENTATION('',(#8761),#8764);
#8761 = B_SPLINE_CURVE_WITH_KNOTS('',1,(#8762,#8763),.UNSPECIFIED.,.F.,
  .F.,(2,2),(2.6999994,3.0000006),.PIECEWISE_BEZIER_KNOTS.);
#8762 = CARTESIAN_POINT('',(0.213907237635,2.6999994));
#8763 = CARTESIAN_POINT('',(0.213907237635,3.0000006));
#8764 = ( GEOMETRIC_REPRESENTATION_CONTEXT(2) 
PARAMETRIC_REPRESENTATION_CONTEXT() REPRESENTATION_CONTEXT('2D SPACE',''
  ) );
#8765 = PCURVE('',#6552,#8766);
#8766 = DEFINITIONAL_REPRESENTATION('',(#8767),#8770);
#8767 = B_SPLINE_CURVE_WITH_KNOTS('',1,(#8768,#8769),.UNSPECIFIED.,.F.,
  .F.,(2,2),(2.6999994,3.0000006),.PIECEWISE_BEZIER_KNOTS.);
#8768 = CARTESIAN_POINT('',(1.810572250372,-5.999999999062E-07));
#8769 = CARTESIAN_POINT('',(1.810572250372,0.3000006));
#8770 = ( GEOMETRIC_REPRESENTATION_CONTEXT(2) 
PARAMETRIC_REPRESENTATION_CONTEXT() REPRESENTATION_CONTEXT('2D SPACE',''
  ) );
#8771 = ORIENTED_EDGE('',*,*,#6564,.F.);
#8772 = ADVANCED_FACE('',(#8773),#6552,.F.);
#8773 = FACE_BOUND('',#8774,.F.);
#8774 = EDGE_LOOP('',(#8775,#8776,#8800,#8819));
#8775 = ORIENTED_EDGE('',*,*,#8753,.F.);
#8776 = ORIENTED_EDGE('',*,*,#8777,.T.);
#8777 = EDGE_CURVE('',#8730,#8778,#8780,.T.);
#8778 = VERTEX_POINT('',#8779);
#8779 = CARTESIAN_POINT('',(-6.799738498142,1.662394765656,-15.3));
#8780 = SURFACE_CURVE('',#8781,(#8786,#8793),.PCURVE_S1.);
#8781 = CIRCLE('',#8782,7.);
#8782 = AXIS2_PLACEMENT_3D('',#8783,#8784,#8785);
#8783 = CARTESIAN_POINT('',(0.,0.,-15.3));
#8784 = DIRECTION('',(0.,0.,1.));
#8785 = DIRECTION('',(1.,0.,-0.));
#8786 = PCURVE('',#6552,#8787);
#8787 = DEFINITIONAL_REPRESENTATION('',(#8788),#8792);
#8788 = LINE('',#8789,#8790);
#8789 = CARTESIAN_POINT('',(0.,0.));
#8790 = VECTOR('',#8791,1.);
#8791 = DIRECTION('',(1.,0.));
#8792 = ( GEOMETRIC_REPRESENTATION_CONTEXT(2) 
PARAMETRIC_REPRESENTATION_CONTEXT() REPRESENTATION_CONTEXT('2D SPACE',''
  ) );
#8793 = PCURVE('',#7687,#8794);
#8794 = DEFINITIONAL_REPRESENTATION('',(#8795),#8799);
#8795 = CIRCLE('',#8796,7.);
#8796 = AXIS2_PLACEMENT_2D('',#8797,#8798);
#8797 = CARTESIAN_POINT('',(0.,0.));
#8798 = DIRECTION('',(1.,0.));
#8799 = ( GEOMETRIC_REPRESENTATION_CONTEXT(2) 
PARAMETRIC_REPRESENTATION_CONTEXT() REPRESENTATION_CONTEXT('2D SPACE',''
  ) );
#8800 = ORIENTED_EDGE('',*,*,#8801,.T.);
#8801 = EDGE_CURVE('',#8778,#6507,#8802,.T.);
#8802 = SURFACE_CURVE('',#8803,(#8807,#8813),.PCURVE_S1.);
#8803 = LINE('',#8804,#8805);
#8804 = CARTESIAN_POINT('',(-6.799738498142,1.662394765656,-18.));
#8805 = VECTOR('',#8806,1.);
#8806 = DIRECTION('',(0.,0.,1.));
#8807 = PCURVE('',#6552,#8808);
#8808 = DEFINITIONAL_REPRESENTATION('',(#8809),#8812);
#8809 = B_SPLINE_CURVE_WITH_KNOTS('',1,(#8810,#8811),.UNSPECIFIED.,.F.,
  .F.,(2,2),(2.6999994,3.0000006),.PIECEWISE_BEZIER_KNOTS.);
#8810 = CARTESIAN_POINT('',(2.901816730013,-5.999999999062E-07));
#8811 = CARTESIAN_POINT('',(2.901816730013,0.3000006));
#8812 = ( GEOMETRIC_REPRESENTATION_CONTEXT(2) 
PARAMETRIC_REPRESENTATION_CONTEXT() REPRESENTATION_CONTEXT('2D SPACE',''
  ) );
#8813 = PCURVE('',#6523,#8814);
#8814 = DEFINITIONAL_REPRESENTATION('',(#8815),#8818);
#8815 = B_SPLINE_CURVE_WITH_KNOTS('',1,(#8816,#8817),.UNSPECIFIED.,.F.,
  .F.,(2,2),(2.6999994,3.0000006),.PIECEWISE_BEZIER_KNOTS.);
#8816 = CARTESIAN_POINT('',(1.35688908916,2.6999994));
#8817 = CARTESIAN_POINT('',(1.35688908916,3.0000006));
#8818 = ( GEOMETRIC_REPRESENTATION_CONTEXT(2) 
PARAMETRIC_REPRESENTATION_CONTEXT() REPRESENTATION_CONTEXT('2D SPACE',''
  ) );
#8819 = ORIENTED_EDGE('',*,*,#6535,.F.);
#8820 = ADVANCED_FACE('',(#8821),#6523,.F.);
#8821 = FACE_BOUND('',#8822,.F.);
#8822 = EDGE_LOOP('',(#8823,#8853,#8882,#8903,#8904,#8905));
#8823 = ORIENTED_EDGE('',*,*,#8824,.F.);
#8824 = EDGE_CURVE('',#8825,#8827,#8829,.T.);
#8825 = VERTEX_POINT('',#8826);
#8826 = CARTESIAN_POINT('',(-5.5,5.E-02,-16.35));
#8827 = VERTEX_POINT('',#8828);
#8828 = CARTESIAN_POINT('',(-5.5,5.E-02,-15.3));
#8829 = SURFACE_CURVE('',#8830,(#8834,#8841),.PCURVE_S1.);
#8830 = LINE('',#8831,#8832);
#8831 = CARTESIAN_POINT('',(-5.5,5.E-02,-18.));
#8832 = VECTOR('',#8833,1.);
#8833 = DIRECTION('',(0.,0.,1.));
#8834 = PCURVE('',#6523,#8835);
#8835 = DEFINITIONAL_REPRESENTATION('',(#8836),#8840);
#8836 = LINE('',#8837,#8838);
#8837 = CARTESIAN_POINT('',(0.,0.));
#8838 = VECTOR('',#8839,1.);
#8839 = DIRECTION('',(0.,1.));
#8840 = ( GEOMETRIC_REPRESENTATION_CONTEXT(2) 
PARAMETRIC_REPRESENTATION_CONTEXT() REPRESENTATION_CONTEXT('2D SPACE',''
  ) );
#8841 = PCURVE('',#8842,#8847);
#8842 = PLANE('',#8843);
#8843 = AXIS2_PLACEMENT_3D('',#8844,#8845,#8846);
#8844 = CARTESIAN_POINT('',(-5.5,-1.7,-18.));
#8845 = DIRECTION('',(1.,0.,-0.));
#8846 = DIRECTION('',(0.,0.,1.));
#8847 = DEFINITIONAL_REPRESENTATION('',(#8848),#8852);
#8848 = LINE('',#8849,#8850);
#8849 = CARTESIAN_POINT('',(0.,-1.75));
#8850 = VECTOR('',#8851,1.);
#8851 = DIRECTION('',(1.,0.));
#8852 = ( GEOMETRIC_REPRESENTATION_CONTEXT(2) 
PARAMETRIC_REPRESENTATION_CONTEXT() REPRESENTATION_CONTEXT('2D SPACE',''
  ) );
#8853 = ORIENTED_EDGE('',*,*,#8854,.T.);
#8854 = EDGE_CURVE('',#8825,#8855,#8857,.T.);
#8855 = VERTEX_POINT('',#8856);
#8856 = CARTESIAN_POINT('',(-7.15,1.7,-16.35));
#8857 = SURFACE_CURVE('',#8858,(#8863,#8870),.PCURVE_S1.);
#8858 = CIRCLE('',#8859,1.65);
#8859 = AXIS2_PLACEMENT_3D('',#8860,#8861,#8862);
#8860 = CARTESIAN_POINT('',(-7.15,5.E-02,-16.35));
#8861 = DIRECTION('',(0.,0.,1.));
#8862 = DIRECTION('',(1.,0.,-0.));
#8863 = PCURVE('',#6523,#8864);
#8864 = DEFINITIONAL_REPRESENTATION('',(#8865),#8869);
#8865 = LINE('',#8866,#8867);
#8866 = CARTESIAN_POINT('',(0.,1.65));
#8867 = VECTOR('',#8868,1.);
#8868 = DIRECTION('',(1.,0.));
#8869 = ( GEOMETRIC_REPRESENTATION_CONTEXT(2) 
PARAMETRIC_REPRESENTATION_CONTEXT() REPRESENTATION_CONTEXT('2D SPACE',''
  ) );
#8870 = PCURVE('',#8871,#8876);
#8871 = SPHERICAL_SURFACE('',#8872,1.65);
#8872 = AXIS2_PLACEMENT_3D('',#8873,#8874,#8875);
#8873 = CARTESIAN_POINT('',(-7.15,5.E-02,-16.35));
#8874 = DIRECTION('',(0.,0.,1.));
#8875 = DIRECTION('',(1.,0.,-0.));
#8876 = DEFINITIONAL_REPRESENTATION('',(#8877),#8881);
#8877 = LINE('',#8878,#8879);
#8878 = CARTESIAN_POINT('',(0.,0.));
#8879 = VECTOR('',#8880,1.);
#8880 = DIRECTION('',(1.,0.));
#8881 = ( GEOMETRIC_REPRESENTATION_CONTEXT(2) 
PARAMETRIC_REPRESENTATION_CONTEXT() REPRESENTATION_CONTEXT('2D SPACE',''
  ) );
#8882 = ORIENTED_EDGE('',*,*,#8883,.T.);
#8883 = EDGE_CURVE('',#8855,#6481,#8884,.T.);
#8884 = SURFACE_CURVE('',#8885,(#8889,#8896),.PCURVE_S1.);
#8885 = LINE('',#8886,#8887);
#8886 = CARTESIAN_POINT('',(-7.15,1.7,-18.));
#8887 = VECTOR('',#8888,1.);
#8888 = DIRECTION('',(0.,0.,1.));
#8889 = PCURVE('',#6523,#8890);
#8890 = DEFINITIONAL_REPRESENTATION('',(#8891),#8895);
#8891 = LINE('',#8892,#8893);
#8892 = CARTESIAN_POINT('',(1.570796326795,0.));
#8893 = VECTOR('',#8894,1.);
#8894 = DIRECTION('',(0.,1.));
#8895 = ( GEOMETRIC_REPRESENTATION_CONTEXT(2) 
PARAMETRIC_REPRESENTATION_CONTEXT() REPRESENTATION_CONTEXT('2D SPACE',''
  ) );
#8896 = PCURVE('',#6495,#8897);
#8897 = DEFINITIONAL_REPRESENTATION('',(#8898),#8902);
#8898 = LINE('',#8899,#8900);
#8899 = CARTESIAN_POINT('',(0.,2.85));
#8900 = VECTOR('',#8901,1.);
#8901 = DIRECTION('',(1.,0.));
#8902 = ( GEOMETRIC_REPRESENTATION_CONTEXT(2) 
PARAMETRIC_REPRESENTATION_CONTEXT() REPRESENTATION_CONTEXT('2D SPACE',''
  ) );
#8903 = ORIENTED_EDGE('',*,*,#6506,.F.);
#8904 = ORIENTED_EDGE('',*,*,#8801,.F.);
#8905 = ORIENTED_EDGE('',*,*,#8906,.F.);
#8906 = EDGE_CURVE('',#8827,#8778,#8907,.T.);
#8907 = SURFACE_CURVE('',#8908,(#8913,#8920),.PCURVE_S1.);
#8908 = CIRCLE('',#8909,1.65);
#8909 = AXIS2_PLACEMENT_3D('',#8910,#8911,#8912);
#8910 = CARTESIAN_POINT('',(-7.15,5.E-02,-15.3));
#8911 = DIRECTION('',(0.,0.,1.));
#8912 = DIRECTION('',(1.,0.,-0.));
#8913 = PCURVE('',#6523,#8914);
#8914 = DEFINITIONAL_REPRESENTATION('',(#8915),#8919);
#8915 = LINE('',#8916,#8917);
#8916 = CARTESIAN_POINT('',(0.,2.7));
#8917 = VECTOR('',#8918,1.);
#8918 = DIRECTION('',(1.,0.));
#8919 = ( GEOMETRIC_REPRESENTATION_CONTEXT(2) 
PARAMETRIC_REPRESENTATION_CONTEXT() REPRESENTATION_CONTEXT('2D SPACE',''
  ) );
#8920 = PCURVE('',#7687,#8921);
#8921 = DEFINITIONAL_REPRESENTATION('',(#8922),#8926);
#8922 = CIRCLE('',#8923,1.65);
#8923 = AXIS2_PLACEMENT_2D('',#8924,#8925);
#8924 = CARTESIAN_POINT('',(-7.15,5.E-02));
#8925 = DIRECTION('',(1.,0.));
#8926 = ( GEOMETRIC_REPRESENTATION_CONTEXT(2) 
PARAMETRIC_REPRESENTATION_CONTEXT() REPRESENTATION_CONTEXT('2D SPACE',''
  ) );
#8927 = ADVANCED_FACE('',(#8928),#6495,.F.);
#8928 = FACE_BOUND('',#8929,.F.);
#8929 = EDGE_LOOP('',(#8930,#8958,#8979,#8980));
#8930 = ORIENTED_EDGE('',*,*,#8931,.F.);
#8931 = EDGE_CURVE('',#8932,#8855,#8934,.T.);
#8932 = VERTEX_POINT('',#8933);
#8933 = CARTESIAN_POINT('',(-8.35,1.7,-16.35));
#8934 = SURFACE_CURVE('',#8935,(#8939,#8946),.PCURVE_S1.);
#8935 = LINE('',#8936,#8937);
#8936 = CARTESIAN_POINT('',(-10.,1.7,-16.35));
#8937 = VECTOR('',#8938,1.);
#8938 = DIRECTION('',(1.,0.,-0.));
#8939 = PCURVE('',#6495,#8940);
#8940 = DEFINITIONAL_REPRESENTATION('',(#8941),#8945);
#8941 = LINE('',#8942,#8943);
#8942 = CARTESIAN_POINT('',(1.65,0.));
#8943 = VECTOR('',#8944,1.);
#8944 = DIRECTION('',(0.,1.));
#8945 = ( GEOMETRIC_REPRESENTATION_CONTEXT(2) 
PARAMETRIC_REPRESENTATION_CONTEXT() REPRESENTATION_CONTEXT('2D SPACE',''
  ) );
#8946 = PCURVE('',#8947,#8952);
#8947 = CYLINDRICAL_SURFACE('',#8948,1.65);
#8948 = AXIS2_PLACEMENT_3D('',#8949,#8950,#8951);
#8949 = CARTESIAN_POINT('',(-10.,5.E-02,-16.35));
#8950 = DIRECTION('',(1.,0.,-0.));
#8951 = DIRECTION('',(0.,1.,0.));
#8952 = DEFINITIONAL_REPRESENTATION('',(#8953),#8957);
#8953 = LINE('',#8954,#8955);
#8954 = CARTESIAN_POINT('',(-0.,0.));
#8955 = VECTOR('',#8956,1.);
#8956 = DIRECTION('',(-0.,1.));
#8957 = ( GEOMETRIC_REPRESENTATION_CONTEXT(2) 
PARAMETRIC_REPRESENTATION_CONTEXT() REPRESENTATION_CONTEXT('2D SPACE',''
  ) );
#8958 = ORIENTED_EDGE('',*,*,#8959,.T.);
#8959 = EDGE_CURVE('',#8932,#6452,#8960,.T.);
#8960 = SURFACE_CURVE('',#8961,(#8965,#8972),.PCURVE_S1.);
#8961 = LINE('',#8962,#8963);
#8962 = CARTESIAN_POINT('',(-8.35,1.7,-18.));
#8963 = VECTOR('',#8964,1.);
#8964 = DIRECTION('',(0.,0.,1.));
#8965 = PCURVE('',#6495,#8966);
#8966 = DEFINITIONAL_REPRESENTATION('',(#8967),#8971);
#8967 = LINE('',#8968,#8969);
#8968 = CARTESIAN_POINT('',(0.,1.65));
#8969 = VECTOR('',#8970,1.);
#8970 = DIRECTION('',(1.,0.));
#8971 = ( GEOMETRIC_REPRESENTATION_CONTEXT(2) 
PARAMETRIC_REPRESENTATION_CONTEXT() REPRESENTATION_CONTEXT('2D SPACE',''
  ) );
#8972 = PCURVE('',#6468,#8973);
#8973 = DEFINITIONAL_REPRESENTATION('',(#8974),#8978);
#8974 = LINE('',#8975,#8976);
#8975 = CARTESIAN_POINT('',(-1.570796326795,0.));
#8976 = VECTOR('',#8977,1.);
#8977 = DIRECTION('',(-0.,1.));
#8978 = ( GEOMETRIC_REPRESENTATION_CONTEXT(2) 
PARAMETRIC_REPRESENTATION_CONTEXT() REPRESENTATION_CONTEXT('2D SPACE',''
  ) );
#8979 = ORIENTED_EDGE('',*,*,#6480,.F.);
#8980 = ORIENTED_EDGE('',*,*,#8883,.F.);
#8981 = ADVANCED_FACE('',(#8982),#6468,.F.);
#8982 = FACE_BOUND('',#8983,.T.);
#8983 = EDGE_LOOP('',(#8984,#9007,#9034,#9035));
#8984 = ORIENTED_EDGE('',*,*,#8985,.F.);
#8985 = EDGE_CURVE('',#8986,#6426,#8988,.T.);
#8986 = VERTEX_POINT('',#8987);
#8987 = CARTESIAN_POINT('',(-10.,5.E-02,-16.35));
#8988 = SURFACE_CURVE('',#8989,(#8993,#9000),.PCURVE_S1.);
#8989 = LINE('',#8990,#8991);
#8990 = CARTESIAN_POINT('',(-10.,5.E-02,-18.));
#8991 = VECTOR('',#8992,1.);
#8992 = DIRECTION('',(0.,0.,1.));
#8993 = PCURVE('',#6468,#8994);
#8994 = DEFINITIONAL_REPRESENTATION('',(#8995),#8999);
#8995 = LINE('',#8996,#8997);
#8996 = CARTESIAN_POINT('',(-0.,0.));
#8997 = VECTOR('',#8998,1.);
#8998 = DIRECTION('',(-0.,1.));
#8999 = ( GEOMETRIC_REPRESENTATION_CONTEXT(2) 
PARAMETRIC_REPRESENTATION_CONTEXT() REPRESENTATION_CONTEXT('2D SPACE',''
  ) );
#9000 = PCURVE('',#6440,#9001);
#9001 = DEFINITIONAL_REPRESENTATION('',(#9002),#9006);
#9002 = LINE('',#9003,#9004);
#9003 = CARTESIAN_POINT('',(0.,-1.75));
#9004 = VECTOR('',#9005,1.);
#9005 = DIRECTION('',(1.,0.));
#9006 = ( GEOMETRIC_REPRESENTATION_CONTEXT(2) 
PARAMETRIC_REPRESENTATION_CONTEXT() REPRESENTATION_CONTEXT('2D SPACE',''
  ) );
#9007 = ORIENTED_EDGE('',*,*,#9008,.T.);
#9008 = EDGE_CURVE('',#8986,#8932,#9009,.T.);
#9009 = SURFACE_CURVE('',#9010,(#9015,#9022),.PCURVE_S1.);
#9010 = CIRCLE('',#9011,1.65);
#9011 = AXIS2_PLACEMENT_3D('',#9012,#9013,#9014);
#9012 = CARTESIAN_POINT('',(-8.35,5.E-02,-16.35));
#9013 = DIRECTION('',(-0.,0.,-1.));
#9014 = DIRECTION('',(-1.,0.,0.));
#9015 = PCURVE('',#6468,#9016);
#9016 = DEFINITIONAL_REPRESENTATION('',(#9017),#9021);
#9017 = LINE('',#9018,#9019);
#9018 = CARTESIAN_POINT('',(-0.,1.65));
#9019 = VECTOR('',#9020,1.);
#9020 = DIRECTION('',(-1.,0.));
#9021 = ( GEOMETRIC_REPRESENTATION_CONTEXT(2) 
PARAMETRIC_REPRESENTATION_CONTEXT() REPRESENTATION_CONTEXT('2D SPACE',''
  ) );
#9022 = PCURVE('',#9023,#9028);
#9023 = SPHERICAL_SURFACE('',#9024,1.65);
#9024 = AXIS2_PLACEMENT_3D('',#9025,#9026,#9027);
#9025 = CARTESIAN_POINT('',(-8.35,5.E-02,-16.35));
#9026 = DIRECTION('',(0.,0.,1.));
#9027 = DIRECTION('',(-1.,0.,0.));
#9028 = DEFINITIONAL_REPRESENTATION('',(#9029),#9033);
#9029 = LINE('',#9030,#9031);
#9030 = CARTESIAN_POINT('',(-0.,0.));
#9031 = VECTOR('',#9032,1.);
#9032 = DIRECTION('',(-1.,0.));
#9033 = ( GEOMETRIC_REPRESENTATION_CONTEXT(2) 
PARAMETRIC_REPRESENTATION_CONTEXT() REPRESENTATION_CONTEXT('2D SPACE',''
  ) );
#9034 = ORIENTED_EDGE('',*,*,#8959,.T.);
#9035 = ORIENTED_EDGE('',*,*,#6451,.T.);
#9036 = ADVANCED_FACE('',(#9037),#6440,.T.);
#9037 = FACE_BOUND('',#9038,.T.);
#9038 = EDGE_LOOP('',(#9039,#9062,#9088,#9089));
#9039 = ORIENTED_EDGE('',*,*,#9040,.F.);
#9040 = EDGE_CURVE('',#9041,#6397,#9043,.T.);
#9041 = VERTEX_POINT('',#9042);
#9042 = CARTESIAN_POINT('',(-10.,-5.E-02,-16.35));
#9043 = SURFACE_CURVE('',#9044,(#9048,#9055),.PCURVE_S1.);
#9044 = LINE('',#9045,#9046);
#9045 = CARTESIAN_POINT('',(-10.,-5.E-02,-18.));
#9046 = VECTOR('',#9047,1.);
#9047 = DIRECTION('',(0.,0.,1.));
#9048 = PCURVE('',#6440,#9049);
#9049 = DEFINITIONAL_REPRESENTATION('',(#9050),#9054);
#9050 = LINE('',#9051,#9052);
#9051 = CARTESIAN_POINT('',(0.,-1.65));
#9052 = VECTOR('',#9053,1.);
#9053 = DIRECTION('',(1.,0.));
#9054 = ( GEOMETRIC_REPRESENTATION_CONTEXT(2) 
PARAMETRIC_REPRESENTATION_CONTEXT() REPRESENTATION_CONTEXT('2D SPACE',''
  ) );
#9055 = PCURVE('',#6413,#9056);
#9056 = DEFINITIONAL_REPRESENTATION('',(#9057),#9061);
#9057 = LINE('',#9058,#9059);
#9058 = CARTESIAN_POINT('',(0.,0.));
#9059 = VECTOR('',#9060,1.);
#9060 = DIRECTION('',(0.,1.));
#9061 = ( GEOMETRIC_REPRESENTATION_CONTEXT(2) 
PARAMETRIC_REPRESENTATION_CONTEXT() REPRESENTATION_CONTEXT('2D SPACE',''
  ) );
#9062 = ORIENTED_EDGE('',*,*,#9063,.T.);
#9063 = EDGE_CURVE('',#9041,#8986,#9064,.T.);
#9064 = SURFACE_CURVE('',#9065,(#9069,#9076),.PCURVE_S1.);
#9065 = LINE('',#9066,#9067);
#9066 = CARTESIAN_POINT('',(-10.,-1.7,-16.35));
#9067 = VECTOR('',#9068,1.);
#9068 = DIRECTION('',(-0.,1.,0.));
#9069 = PCURVE('',#6440,#9070);
#9070 = DEFINITIONAL_REPRESENTATION('',(#9071),#9075);
#9071 = LINE('',#9072,#9073);
#9072 = CARTESIAN_POINT('',(1.65,0.));
#9073 = VECTOR('',#9074,1.);
#9074 = DIRECTION('',(0.,-1.));
#9075 = ( GEOMETRIC_REPRESENTATION_CONTEXT(2) 
PARAMETRIC_REPRESENTATION_CONTEXT() REPRESENTATION_CONTEXT('2D SPACE',''
  ) );
#9076 = PCURVE('',#9077,#9082);
#9077 = CYLINDRICAL_SURFACE('',#9078,1.65);
#9078 = AXIS2_PLACEMENT_3D('',#9079,#9080,#9081);
#9079 = CARTESIAN_POINT('',(-8.35,-1.7,-16.35));
#9080 = DIRECTION('',(-0.,1.,0.));
#9081 = DIRECTION('',(-1.,-0.,0.));
#9082 = DEFINITIONAL_REPRESENTATION('',(#9083),#9087);
#9083 = LINE('',#9084,#9085);
#9084 = CARTESIAN_POINT('',(-0.,0.));
#9085 = VECTOR('',#9086,1.);
#9086 = DIRECTION('',(-0.,1.));
#9087 = ( GEOMETRIC_REPRESENTATION_CONTEXT(2) 
PARAMETRIC_REPRESENTATION_CONTEXT() REPRESENTATION_CONTEXT('2D SPACE',''
  ) );
#9088 = ORIENTED_EDGE('',*,*,#8985,.T.);
#9089 = ORIENTED_EDGE('',*,*,#6425,.F.);
#9090 = ADVANCED_FACE('',(#9091),#6413,.F.);
#9091 = FACE_BOUND('',#9092,.F.);
#9092 = EDGE_LOOP('',(#9093,#9094,#9123,#9144));
#9093 = ORIENTED_EDGE('',*,*,#9040,.F.);
#9094 = ORIENTED_EDGE('',*,*,#9095,.T.);
#9095 = EDGE_CURVE('',#9041,#9096,#9098,.T.);
#9096 = VERTEX_POINT('',#9097);
#9097 = CARTESIAN_POINT('',(-8.35,-1.7,-16.35));
#9098 = SURFACE_CURVE('',#9099,(#9104,#9111),.PCURVE_S1.);
#9099 = CIRCLE('',#9100,1.65);
#9100 = AXIS2_PLACEMENT_3D('',#9101,#9102,#9103);
#9101 = CARTESIAN_POINT('',(-8.35,-5.E-02,-16.35));
#9102 = DIRECTION('',(0.,0.,1.));
#9103 = DIRECTION('',(-1.,0.,0.));
#9104 = PCURVE('',#6413,#9105);
#9105 = DEFINITIONAL_REPRESENTATION('',(#9106),#9110);
#9106 = LINE('',#9107,#9108);
#9107 = CARTESIAN_POINT('',(0.,1.65));
#9108 = VECTOR('',#9109,1.);
#9109 = DIRECTION('',(1.,0.));
#9110 = ( GEOMETRIC_REPRESENTATION_CONTEXT(2) 
PARAMETRIC_REPRESENTATION_CONTEXT() REPRESENTATION_CONTEXT('2D SPACE',''
  ) );
#9111 = PCURVE('',#9112,#9117);
#9112 = SPHERICAL_SURFACE('',#9113,1.65);
#9113 = AXIS2_PLACEMENT_3D('',#9114,#9115,#9116);
#9114 = CARTESIAN_POINT('',(-8.35,-5.E-02,-16.35));
#9115 = DIRECTION('',(0.,0.,1.));
#9116 = DIRECTION('',(-1.,0.,0.));
#9117 = DEFINITIONAL_REPRESENTATION('',(#9118),#9122);
#9118 = LINE('',#9119,#9120);
#9119 = CARTESIAN_POINT('',(0.,0.));
#9120 = VECTOR('',#9121,1.);
#9121 = DIRECTION('',(1.,0.));
#9122 = ( GEOMETRIC_REPRESENTATION_CONTEXT(2) 
PARAMETRIC_REPRESENTATION_CONTEXT() REPRESENTATION_CONTEXT('2D SPACE',''
  ) );
#9123 = ORIENTED_EDGE('',*,*,#9124,.T.);
#9124 = EDGE_CURVE('',#9096,#6371,#9125,.T.);
#9125 = SURFACE_CURVE('',#9126,(#9130,#9137),.PCURVE_S1.);
#9126 = LINE('',#9127,#9128);
#9127 = CARTESIAN_POINT('',(-8.35,-1.7,-18.));
#9128 = VECTOR('',#9129,1.);
#9129 = DIRECTION('',(0.,0.,1.));
#9130 = PCURVE('',#6413,#9131);
#9131 = DEFINITIONAL_REPRESENTATION('',(#9132),#9136);
#9132 = LINE('',#9133,#9134);
#9133 = CARTESIAN_POINT('',(1.570796326795,0.));
#9134 = VECTOR('',#9135,1.);
#9135 = DIRECTION('',(0.,1.));
#9136 = ( GEOMETRIC_REPRESENTATION_CONTEXT(2) 
PARAMETRIC_REPRESENTATION_CONTEXT() REPRESENTATION_CONTEXT('2D SPACE',''
  ) );
#9137 = PCURVE('',#6385,#9138);
#9138 = DEFINITIONAL_REPRESENTATION('',(#9139),#9143);
#9139 = LINE('',#9140,#9141);
#9140 = CARTESIAN_POINT('',(0.,1.65));
#9141 = VECTOR('',#9142,1.);
#9142 = DIRECTION('',(1.,0.));
#9143 = ( GEOMETRIC_REPRESENTATION_CONTEXT(2) 
PARAMETRIC_REPRESENTATION_CONTEXT() REPRESENTATION_CONTEXT('2D SPACE',''
  ) );
#9144 = ORIENTED_EDGE('',*,*,#6396,.F.);
#9145 = ADVANCED_FACE('',(#9146),#6385,.T.);
#9146 = FACE_BOUND('',#9147,.T.);
#9147 = EDGE_LOOP('',(#9148,#9176,#9177,#9178));
#9148 = ORIENTED_EDGE('',*,*,#9149,.F.);
#9149 = EDGE_CURVE('',#9096,#9150,#9152,.T.);
#9150 = VERTEX_POINT('',#9151);
#9151 = CARTESIAN_POINT('',(-7.15,-1.7,-16.35));
#9152 = SURFACE_CURVE('',#9153,(#9157,#9164),.PCURVE_S1.);
#9153 = LINE('',#9154,#9155);
#9154 = CARTESIAN_POINT('',(-10.,-1.7,-16.35));
#9155 = VECTOR('',#9156,1.);
#9156 = DIRECTION('',(1.,0.,-0.));
#9157 = PCURVE('',#6385,#9158);
#9158 = DEFINITIONAL_REPRESENTATION('',(#9159),#9163);
#9159 = LINE('',#9160,#9161);
#9160 = CARTESIAN_POINT('',(1.65,0.));
#9161 = VECTOR('',#9162,1.);
#9162 = DIRECTION('',(0.,1.));
#9163 = ( GEOMETRIC_REPRESENTATION_CONTEXT(2) 
PARAMETRIC_REPRESENTATION_CONTEXT() REPRESENTATION_CONTEXT('2D SPACE',''
  ) );
#9164 = PCURVE('',#9165,#9170);
#9165 = CYLINDRICAL_SURFACE('',#9166,1.65);
#9166 = AXIS2_PLACEMENT_3D('',#9167,#9168,#9169);
#9167 = CARTESIAN_POINT('',(-10.,-5.E-02,-16.35));
#9168 = DIRECTION('',(1.,0.,-0.));
#9169 = DIRECTION('',(0.,-1.,0.));
#9170 = DEFINITIONAL_REPRESENTATION('',(#9171),#9175);
#9171 = LINE('',#9172,#9173);
#9172 = CARTESIAN_POINT('',(0.,0.));
#9173 = VECTOR('',#9174,1.);
#9174 = DIRECTION('',(0.,1.));
#9175 = ( GEOMETRIC_REPRESENTATION_CONTEXT(2) 
PARAMETRIC_REPRESENTATION_CONTEXT() REPRESENTATION_CONTEXT('2D SPACE',''
  ) );
#9176 = ORIENTED_EDGE('',*,*,#9124,.T.);
#9177 = ORIENTED_EDGE('',*,*,#6370,.F.);
#9178 = ORIENTED_EDGE('',*,*,#9179,.F.);
#9179 = EDGE_CURVE('',#9150,#6342,#9180,.T.);
#9180 = SURFACE_CURVE('',#9181,(#9185,#9192),.PCURVE_S1.);
#9181 = LINE('',#9182,#9183);
#9182 = CARTESIAN_POINT('',(-7.15,-1.7,-18.));
#9183 = VECTOR('',#9184,1.);
#9184 = DIRECTION('',(0.,0.,1.));
#9185 = PCURVE('',#6385,#9186);
#9186 = DEFINITIONAL_REPRESENTATION('',(#9187),#9191);
#9187 = LINE('',#9188,#9189);
#9188 = CARTESIAN_POINT('',(0.,2.85));
#9189 = VECTOR('',#9190,1.);
#9190 = DIRECTION('',(1.,0.));
#9191 = ( GEOMETRIC_REPRESENTATION_CONTEXT(2) 
PARAMETRIC_REPRESENTATION_CONTEXT() REPRESENTATION_CONTEXT('2D SPACE',''
  ) );
#9192 = PCURVE('',#6358,#9193);
#9193 = DEFINITIONAL_REPRESENTATION('',(#9194),#9198);
#9194 = LINE('',#9195,#9196);
#9195 = CARTESIAN_POINT('',(-1.570796326795,0.));
#9196 = VECTOR('',#9197,1.);
#9197 = DIRECTION('',(-0.,1.));
#9198 = ( GEOMETRIC_REPRESENTATION_CONTEXT(2) 
PARAMETRIC_REPRESENTATION_CONTEXT() REPRESENTATION_CONTEXT('2D SPACE',''
  ) );
#9199 = ADVANCED_FACE('',(#9200),#6358,.F.);
#9200 = FACE_BOUND('',#9201,.T.);
#9201 = EDGE_LOOP('',(#9202,#9227,#9254,#9255,#9256,#9277));
#9202 = ORIENTED_EDGE('',*,*,#9203,.F.);
#9203 = EDGE_CURVE('',#9204,#9206,#9208,.T.);
#9204 = VERTEX_POINT('',#9205);
#9205 = CARTESIAN_POINT('',(-5.5,-5.E-02,-16.35));
#9206 = VERTEX_POINT('',#9207);
#9207 = CARTESIAN_POINT('',(-5.5,-5.E-02,-15.3));
#9208 = SURFACE_CURVE('',#9209,(#9213,#9220),.PCURVE_S1.);
#9209 = LINE('',#9210,#9211);
#9210 = CARTESIAN_POINT('',(-5.5,-5.E-02,-18.));
#9211 = VECTOR('',#9212,1.);
#9212 = DIRECTION('',(0.,0.,1.));
#9213 = PCURVE('',#6358,#9214);
#9214 = DEFINITIONAL_REPRESENTATION('',(#9215),#9219);
#9215 = LINE('',#9216,#9217);
#9216 = CARTESIAN_POINT('',(-0.,0.));
#9217 = VECTOR('',#9218,1.);
#9218 = DIRECTION('',(-0.,1.));
#9219 = ( GEOMETRIC_REPRESENTATION_CONTEXT(2) 
PARAMETRIC_REPRESENTATION_CONTEXT() REPRESENTATION_CONTEXT('2D SPACE',''
  ) );
#9220 = PCURVE('',#8842,#9221);
#9221 = DEFINITIONAL_REPRESENTATION('',(#9222),#9226);
#9222 = LINE('',#9223,#9224);
#9223 = CARTESIAN_POINT('',(0.,-1.65));
#9224 = VECTOR('',#9225,1.);
#9225 = DIRECTION('',(1.,0.));
#9226 = ( GEOMETRIC_REPRESENTATION_CONTEXT(2) 
PARAMETRIC_REPRESENTATION_CONTEXT() REPRESENTATION_CONTEXT('2D SPACE',''
  ) );
#9227 = ORIENTED_EDGE('',*,*,#9228,.T.);
#9228 = EDGE_CURVE('',#9204,#9150,#9229,.T.);
#9229 = SURFACE_CURVE('',#9230,(#9235,#9242),.PCURVE_S1.);
#9230 = CIRCLE('',#9231,1.65);
#9231 = AXIS2_PLACEMENT_3D('',#9232,#9233,#9234);
#9232 = CARTESIAN_POINT('',(-7.15,-5.E-02,-16.35));
#9233 = DIRECTION('',(0.,-0.,-1.));
#9234 = DIRECTION('',(1.,0.,-0.));
#9235 = PCURVE('',#6358,#9236);
#9236 = DEFINITIONAL_REPRESENTATION('',(#9237),#9241);
#9237 = LINE('',#9238,#9239);
#9238 = CARTESIAN_POINT('',(-0.,1.65));
#9239 = VECTOR('',#9240,1.);
#9240 = DIRECTION('',(-1.,0.));
#9241 = ( GEOMETRIC_REPRESENTATION_CONTEXT(2) 
PARAMETRIC_REPRESENTATION_CONTEXT() REPRESENTATION_CONTEXT('2D SPACE',''
  ) );
#9242 = PCURVE('',#9243,#9248);
#9243 = SPHERICAL_SURFACE('',#9244,1.65);
#9244 = AXIS2_PLACEMENT_3D('',#9245,#9246,#9247);
#9245 = CARTESIAN_POINT('',(-7.15,-5.E-02,-16.35));
#9246 = DIRECTION('',(0.,0.,1.));
#9247 = DIRECTION('',(1.,0.,-0.));
#9248 = DEFINITIONAL_REPRESENTATION('',(#9249),#9253);
#9249 = LINE('',#9250,#9251);
#9250 = CARTESIAN_POINT('',(-0.,0.));
#9251 = VECTOR('',#9252,1.);
#9252 = DIRECTION('',(-1.,0.));
#9253 = ( GEOMETRIC_REPRESENTATION_CONTEXT(2) 
PARAMETRIC_REPRESENTATION_CONTEXT() REPRESENTATION_CONTEXT('2D SPACE',''
  ) );
#9254 = ORIENTED_EDGE('',*,*,#9179,.T.);
#9255 = ORIENTED_EDGE('',*,*,#6341,.T.);
#9256 = ORIENTED_EDGE('',*,*,#9257,.F.);
#9257 = EDGE_CURVE('',#9258,#6313,#9260,.T.);
#9258 = VERTEX_POINT('',#9259);
#9259 = CARTESIAN_POINT('',(-6.799738498142,-1.662394765656,-15.3));
#9260 = SURFACE_CURVE('',#9261,(#9265,#9271),.PCURVE_S1.);
#9261 = LINE('',#9262,#9263);
#9262 = CARTESIAN_POINT('',(-6.799738498142,-1.662394765656,-18.));
#9263 = VECTOR('',#9264,1.);
#9264 = DIRECTION('',(0.,0.,1.));
#9265 = PCURVE('',#6358,#9266);
#9266 = DEFINITIONAL_REPRESENTATION('',(#9267),#9270);
#9267 = B_SPLINE_CURVE_WITH_KNOTS('',1,(#9268,#9269),.UNSPECIFIED.,.F.,
  .F.,(2,2),(2.6999994,3.0000006),.PIECEWISE_BEZIER_KNOTS.);
#9268 = CARTESIAN_POINT('',(-1.35688908916,2.6999994));
#9269 = CARTESIAN_POINT('',(-1.35688908916,3.0000006));
#9270 = ( GEOMETRIC_REPRESENTATION_CONTEXT(2) 
PARAMETRIC_REPRESENTATION_CONTEXT() REPRESENTATION_CONTEXT('2D SPACE',''
  ) );
#9271 = PCURVE('',#6329,#9272);
#9272 = DEFINITIONAL_REPRESENTATION('',(#9273),#9276);
#9273 = B_SPLINE_CURVE_WITH_KNOTS('',1,(#9274,#9275),.UNSPECIFIED.,.F.,
  .F.,(2,2),(2.6999994,3.0000006),.PIECEWISE_BEZIER_KNOTS.);
#9274 = CARTESIAN_POINT('',(3.381368577167,-5.999999999062E-07));
#9275 = CARTESIAN_POINT('',(3.381368577167,0.3000006));
#9276 = ( GEOMETRIC_REPRESENTATION_CONTEXT(2) 
PARAMETRIC_REPRESENTATION_CONTEXT() REPRESENTATION_CONTEXT('2D SPACE',''
  ) );
#9277 = ORIENTED_EDGE('',*,*,#9278,.T.);
#9278 = EDGE_CURVE('',#9258,#9206,#9279,.T.);
#9279 = SURFACE_CURVE('',#9280,(#9285,#9292),.PCURVE_S1.);
#9280 = CIRCLE('',#9281,1.65);
#9281 = AXIS2_PLACEMENT_3D('',#9282,#9283,#9284);
#9282 = CARTESIAN_POINT('',(-7.15,-5.E-02,-15.3));
#9283 = DIRECTION('',(0.,0.,1.));
#9284 = DIRECTION('',(1.,0.,-0.));
#9285 = PCURVE('',#6358,#9286);
#9286 = DEFINITIONAL_REPRESENTATION('',(#9287),#9291);
#9287 = LINE('',#9288,#9289);
#9288 = CARTESIAN_POINT('',(-6.28318530718,2.7));
#9289 = VECTOR('',#9290,1.);
#9290 = DIRECTION('',(1.,-0.));
#9291 = ( GEOMETRIC_REPRESENTATION_CONTEXT(2) 
PARAMETRIC_REPRESENTATION_CONTEXT() REPRESENTATION_CONTEXT('2D SPACE',''
  ) );
#9292 = PCURVE('',#7687,#9293);
#9293 = DEFINITIONAL_REPRESENTATION('',(#9294),#9298);
#9294 = CIRCLE('',#9295,1.65);
#9295 = AXIS2_PLACEMENT_2D('',#9296,#9297);
#9296 = CARTESIAN_POINT('',(-7.15,-5.E-02));
#9297 = DIRECTION('',(1.,0.));
#9298 = ( GEOMETRIC_REPRESENTATION_CONTEXT(2) 
PARAMETRIC_REPRESENTATION_CONTEXT() REPRESENTATION_CONTEXT('2D SPACE',''
  ) );
#9299 = ADVANCED_FACE('',(#9300),#6329,.F.);
#9300 = FACE_BOUND('',#9301,.F.);
#9301 = EDGE_LOOP('',(#9302,#9326,#9345,#9346));
#9302 = ORIENTED_EDGE('',*,*,#9303,.T.);
#9303 = EDGE_CURVE('',#9258,#9304,#9306,.T.);
#9304 = VERTEX_POINT('',#9305);
#9305 = CARTESIAN_POINT('',(-1.662394765656,-6.799738498142,-15.3));
#9306 = SURFACE_CURVE('',#9307,(#9312,#9319),.PCURVE_S1.);
#9307 = CIRCLE('',#9308,7.);
#9308 = AXIS2_PLACEMENT_3D('',#9309,#9310,#9311);
#9309 = CARTESIAN_POINT('',(0.,0.,-15.3));
#9310 = DIRECTION('',(0.,0.,1.));
#9311 = DIRECTION('',(1.,0.,-0.));
#9312 = PCURVE('',#6329,#9313);
#9313 = DEFINITIONAL_REPRESENTATION('',(#9314),#9318);
#9314 = LINE('',#9315,#9316);
#9315 = CARTESIAN_POINT('',(0.,0.));
#9316 = VECTOR('',#9317,1.);
#9317 = DIRECTION('',(1.,0.));
#9318 = ( GEOMETRIC_REPRESENTATION_CONTEXT(2) 
PARAMETRIC_REPRESENTATION_CONTEXT() REPRESENTATION_CONTEXT('2D SPACE',''
  ) );
#9319 = PCURVE('',#7687,#9320);
#9320 = DEFINITIONAL_REPRESENTATION('',(#9321),#9325);
#9321 = CIRCLE('',#9322,7.);
#9322 = AXIS2_PLACEMENT_2D('',#9323,#9324);
#9323 = CARTESIAN_POINT('',(0.,0.));
#9324 = DIRECTION('',(1.,0.));
#9325 = ( GEOMETRIC_REPRESENTATION_CONTEXT(2) 
PARAMETRIC_REPRESENTATION_CONTEXT() REPRESENTATION_CONTEXT('2D SPACE',''
  ) );
#9326 = ORIENTED_EDGE('',*,*,#9327,.T.);
#9327 = EDGE_CURVE('',#9304,#6284,#9328,.T.);
#9328 = SURFACE_CURVE('',#9329,(#9333,#9339),.PCURVE_S1.);
#9329 = LINE('',#9330,#9331);
#9330 = CARTESIAN_POINT('',(-1.662394765656,-6.799738498142,-18.));
#9331 = VECTOR('',#9332,1.);
#9332 = DIRECTION('',(0.,0.,1.));
#9333 = PCURVE('',#6329,#9334);
#9334 = DEFINITIONAL_REPRESENTATION('',(#9335),#9338);
#9335 = B_SPLINE_CURVE_WITH_KNOTS('',1,(#9336,#9337),.UNSPECIFIED.,.F.,
  .F.,(2,2),(2.6999994,3.0000006),.PIECEWISE_BEZIER_KNOTS.);
#9336 = CARTESIAN_POINT('',(4.472613056808,-5.999999999062E-07));
#9337 = CARTESIAN_POINT('',(4.472613056808,0.3000006));
#9338 = ( GEOMETRIC_REPRESENTATION_CONTEXT(2) 
PARAMETRIC_REPRESENTATION_CONTEXT() REPRESENTATION_CONTEXT('2D SPACE',''
  ) );
#9339 = PCURVE('',#6300,#9340);
#9340 = DEFINITIONAL_REPRESENTATION('',(#9341),#9344);
#9341 = B_SPLINE_CURVE_WITH_KNOTS('',1,(#9342,#9343),.UNSPECIFIED.,.F.,
  .F.,(2,2),(2.6999994,3.0000006),.PIECEWISE_BEZIER_KNOTS.);
#9342 = CARTESIAN_POINT('',(-0.213907237635,2.6999994));
#9343 = CARTESIAN_POINT('',(-0.213907237635,3.0000006));
#9344 = ( GEOMETRIC_REPRESENTATION_CONTEXT(2) 
PARAMETRIC_REPRESENTATION_CONTEXT() REPRESENTATION_CONTEXT('2D SPACE',''
  ) );
#9345 = ORIENTED_EDGE('',*,*,#6312,.F.);
#9346 = ORIENTED_EDGE('',*,*,#9257,.F.);
#9347 = ADVANCED_FACE('',(#9348),#6300,.F.);
#9348 = FACE_BOUND('',#9349,.T.);
#9349 = EDGE_LOOP('',(#9350,#9373,#9402,#9425,#9447,#9448));
#9350 = ORIENTED_EDGE('',*,*,#9351,.F.);
#9351 = EDGE_CURVE('',#9352,#6258,#9354,.T.);
#9352 = VERTEX_POINT('',#9353);
#9353 = CARTESIAN_POINT('',(-1.7,-7.15,-16.35));
#9354 = SURFACE_CURVE('',#9355,(#9359,#9366),.PCURVE_S1.);
#9355 = LINE('',#9356,#9357);
#9356 = CARTESIAN_POINT('',(-1.7,-7.15,-18.));
#9357 = VECTOR('',#9358,1.);
#9358 = DIRECTION('',(0.,0.,1.));
#9359 = PCURVE('',#6300,#9360);
#9360 = DEFINITIONAL_REPRESENTATION('',(#9361),#9365);
#9361 = LINE('',#9362,#9363);
#9362 = CARTESIAN_POINT('',(-0.,0.));
#9363 = VECTOR('',#9364,1.);
#9364 = DIRECTION('',(-0.,1.));
#9365 = ( GEOMETRIC_REPRESENTATION_CONTEXT(2) 
PARAMETRIC_REPRESENTATION_CONTEXT() REPRESENTATION_CONTEXT('2D SPACE',''
  ) );
#9366 = PCURVE('',#6272,#9367);
#9367 = DEFINITIONAL_REPRESENTATION('',(#9368),#9372);
#9368 = LINE('',#9369,#9370);
#9369 = CARTESIAN_POINT('',(0.,-2.85));
#9370 = VECTOR('',#9371,1.);
#9371 = DIRECTION('',(1.,0.));
#9372 = ( GEOMETRIC_REPRESENTATION_CONTEXT(2) 
PARAMETRIC_REPRESENTATION_CONTEXT() REPRESENTATION_CONTEXT('2D SPACE',''
  ) );
#9373 = ORIENTED_EDGE('',*,*,#9374,.T.);
#9374 = EDGE_CURVE('',#9352,#9375,#9377,.T.);
#9375 = VERTEX_POINT('',#9376);
#9376 = CARTESIAN_POINT('',(-5.E-02,-5.5,-16.35));
#9377 = SURFACE_CURVE('',#9378,(#9383,#9390),.PCURVE_S1.);
#9378 = CIRCLE('',#9379,1.65);
#9379 = AXIS2_PLACEMENT_3D('',#9380,#9381,#9382);
#9380 = CARTESIAN_POINT('',(-5.E-02,-7.15,-16.35));
#9381 = DIRECTION('',(-0.,0.,-1.));
#9382 = DIRECTION('',(-1.,-1.345724878334E-16,0.));
#9383 = PCURVE('',#6300,#9384);
#9384 = DEFINITIONAL_REPRESENTATION('',(#9385),#9389);
#9385 = LINE('',#9386,#9387);
#9386 = CARTESIAN_POINT('',(-0.,1.65));
#9387 = VECTOR('',#9388,1.);
#9388 = DIRECTION('',(-1.,0.));
#9389 = ( GEOMETRIC_REPRESENTATION_CONTEXT(2) 
PARAMETRIC_REPRESENTATION_CONTEXT() REPRESENTATION_CONTEXT('2D SPACE',''
  ) );
#9390 = PCURVE('',#9391,#9396);
#9391 = SPHERICAL_SURFACE('',#9392,1.65);
#9392 = AXIS2_PLACEMENT_3D('',#9393,#9394,#9395);
#9393 = CARTESIAN_POINT('',(-5.E-02,-7.15,-16.35));
#9394 = DIRECTION('',(0.,0.,1.));
#9395 = DIRECTION('',(-1.,-1.345724878334E-16,0.));
#9396 = DEFINITIONAL_REPRESENTATION('',(#9397),#9401);
#9397 = LINE('',#9398,#9399);
#9398 = CARTESIAN_POINT('',(-0.,0.));
#9399 = VECTOR('',#9400,1.);
#9400 = DIRECTION('',(-1.,0.));
#9401 = ( GEOMETRIC_REPRESENTATION_CONTEXT(2) 
PARAMETRIC_REPRESENTATION_CONTEXT() REPRESENTATION_CONTEXT('2D SPACE',''
  ) );
#9402 = ORIENTED_EDGE('',*,*,#9403,.T.);
#9403 = EDGE_CURVE('',#9375,#9404,#9406,.T.);
#9404 = VERTEX_POINT('',#9405);
#9405 = CARTESIAN_POINT('',(-5.E-02,-5.5,-15.3));
#9406 = SURFACE_CURVE('',#9407,(#9411,#9418),.PCURVE_S1.);
#9407 = LINE('',#9408,#9409);
#9408 = CARTESIAN_POINT('',(-5.E-02,-5.5,-18.));
#9409 = VECTOR('',#9410,1.);
#9410 = DIRECTION('',(0.,0.,1.));
#9411 = PCURVE('',#6300,#9412);
#9412 = DEFINITIONAL_REPRESENTATION('',(#9413),#9417);
#9413 = LINE('',#9414,#9415);
#9414 = CARTESIAN_POINT('',(-1.570796326795,0.));
#9415 = VECTOR('',#9416,1.);
#9416 = DIRECTION('',(-0.,1.));
#9417 = ( GEOMETRIC_REPRESENTATION_CONTEXT(2) 
PARAMETRIC_REPRESENTATION_CONTEXT() REPRESENTATION_CONTEXT('2D SPACE',''
  ) );
#9418 = PCURVE('',#7658,#9419);
#9419 = DEFINITIONAL_REPRESENTATION('',(#9420),#9424);
#9420 = LINE('',#9421,#9422);
#9421 = CARTESIAN_POINT('',(0.,1.65));
#9422 = VECTOR('',#9423,1.);
#9423 = DIRECTION('',(1.,0.));
#9424 = ( GEOMETRIC_REPRESENTATION_CONTEXT(2) 
PARAMETRIC_REPRESENTATION_CONTEXT() REPRESENTATION_CONTEXT('2D SPACE',''
  ) );
#9425 = ORIENTED_EDGE('',*,*,#9426,.T.);
#9426 = EDGE_CURVE('',#9404,#9304,#9427,.T.);
#9427 = SURFACE_CURVE('',#9428,(#9433,#9440),.PCURVE_S1.);
#9428 = CIRCLE('',#9429,1.65);
#9429 = AXIS2_PLACEMENT_3D('',#9430,#9431,#9432);
#9430 = CARTESIAN_POINT('',(-5.E-02,-7.15,-15.3));
#9431 = DIRECTION('',(0.,0.,1.));
#9432 = DIRECTION('',(-1.,-0.,0.));
#9433 = PCURVE('',#6300,#9434);
#9434 = DEFINITIONAL_REPRESENTATION('',(#9435),#9439);
#9435 = LINE('',#9436,#9437);
#9436 = CARTESIAN_POINT('',(-6.28318530718,2.7));
#9437 = VECTOR('',#9438,1.);
#9438 = DIRECTION('',(1.,-0.));
#9439 = ( GEOMETRIC_REPRESENTATION_CONTEXT(2) 
PARAMETRIC_REPRESENTATION_CONTEXT() REPRESENTATION_CONTEXT('2D SPACE',''
  ) );
#9440 = PCURVE('',#7687,#9441);
#9441 = DEFINITIONAL_REPRESENTATION('',(#9442),#9446);
#9442 = CIRCLE('',#9443,1.65);
#9443 = AXIS2_PLACEMENT_2D('',#9444,#9445);
#9444 = CARTESIAN_POINT('',(-5.E-02,-7.15));
#9445 = DIRECTION('',(-1.,0.));
#9446 = ( GEOMETRIC_REPRESENTATION_CONTEXT(2) 
PARAMETRIC_REPRESENTATION_CONTEXT() REPRESENTATION_CONTEXT('2D SPACE',''
  ) );
#9447 = ORIENTED_EDGE('',*,*,#9327,.T.);
#9448 = ORIENTED_EDGE('',*,*,#6283,.T.);
#9449 = ADVANCED_FACE('',(#9450),#6272,.T.);
#9450 = FACE_BOUND('',#9451,.T.);
#9451 = EDGE_LOOP('',(#9452,#9453,#9479,#9480));
#9452 = ORIENTED_EDGE('',*,*,#7372,.F.);
#9453 = ORIENTED_EDGE('',*,*,#9454,.T.);
#9454 = EDGE_CURVE('',#7373,#9352,#9455,.T.);
#9455 = SURFACE_CURVE('',#9456,(#9460,#9467),.PCURVE_S1.);
#9456 = LINE('',#9457,#9458);
#9457 = CARTESIAN_POINT('',(-1.7,-10.,-16.35));
#9458 = VECTOR('',#9459,1.);
#9459 = DIRECTION('',(-0.,1.,0.));
#9460 = PCURVE('',#6272,#9461);
#9461 = DEFINITIONAL_REPRESENTATION('',(#9462),#9466);
#9462 = LINE('',#9463,#9464);
#9463 = CARTESIAN_POINT('',(1.65,0.));
#9464 = VECTOR('',#9465,1.);
#9465 = DIRECTION('',(0.,-1.));
#9466 = ( GEOMETRIC_REPRESENTATION_CONTEXT(2) 
PARAMETRIC_REPRESENTATION_CONTEXT() REPRESENTATION_CONTEXT('2D SPACE',''
  ) );
#9467 = PCURVE('',#9468,#9473);
#9468 = CYLINDRICAL_SURFACE('',#9469,1.65);
#9469 = AXIS2_PLACEMENT_3D('',#9470,#9471,#9472);
#9470 = CARTESIAN_POINT('',(-5.E-02,-10.,-16.35));
#9471 = DIRECTION('',(-0.,1.,0.));
#9472 = DIRECTION('',(-1.,-0.,0.));
#9473 = DEFINITIONAL_REPRESENTATION('',(#9474),#9478);
#9474 = LINE('',#9475,#9476);
#9475 = CARTESIAN_POINT('',(-0.,0.));
#9476 = VECTOR('',#9477,1.);
#9477 = DIRECTION('',(-0.,1.));
#9478 = ( GEOMETRIC_REPRESENTATION_CONTEXT(2) 
PARAMETRIC_REPRESENTATION_CONTEXT() REPRESENTATION_CONTEXT('2D SPACE',''
  ) );
#9479 = ORIENTED_EDGE('',*,*,#9351,.T.);
#9480 = ORIENTED_EDGE('',*,*,#6257,.F.);
#9481 = ADVANCED_FACE('',(#9482),#7137,.F.);
#9482 = FACE_BOUND('',#9483,.F.);
#9483 = EDGE_LOOP('',(#9484,#9505,#9506,#9507));
#9484 = ORIENTED_EDGE('',*,*,#9485,.T.);
#9485 = EDGE_CURVE('',#7265,#7121,#9486,.T.);
#9486 = SEAM_CURVE('',#9487,(#9491,#9498),.PCURVE_S1.);
#9487 = LINE('',#9488,#9489);
#9488 = CARTESIAN_POINT('',(11.953048327205,10.253048327205,-21.));
#9489 = VECTOR('',#9490,1.);
#9490 = DIRECTION('',(0.,0.,1.));
#9491 = PCURVE('',#7137,#9492);
#9492 = DEFINITIONAL_REPRESENTATION('',(#9493),#9497);
#9493 = LINE('',#9494,#9495);
#9494 = CARTESIAN_POINT('',(6.28318530718,-0.));
#9495 = VECTOR('',#9496,1.);
#9496 = DIRECTION('',(0.,1.));
#9497 = ( GEOMETRIC_REPRESENTATION_CONTEXT(2) 
PARAMETRIC_REPRESENTATION_CONTEXT() REPRESENTATION_CONTEXT('2D SPACE',''
  ) );
#9498 = PCURVE('',#7137,#9499);
#9499 = DEFINITIONAL_REPRESENTATION('',(#9500),#9504);
#9500 = LINE('',#9501,#9502);
#9501 = CARTESIAN_POINT('',(0.,-0.));
#9502 = VECTOR('',#9503,1.);
#9503 = DIRECTION('',(0.,1.));
#9504 = ( GEOMETRIC_REPRESENTATION_CONTEXT(2) 
PARAMETRIC_REPRESENTATION_CONTEXT() REPRESENTATION_CONTEXT('2D SPACE',''
  ) );
#9505 = ORIENTED_EDGE('',*,*,#7120,.F.);
#9506 = ORIENTED_EDGE('',*,*,#9485,.F.);
#9507 = ORIENTED_EDGE('',*,*,#7264,.T.);
#9508 = ADVANCED_FACE('',(#9509),#7250,.F.);
#9509 = FACE_BOUND('',#9510,.F.);
#9510 = EDGE_LOOP('',(#9511,#9512,#9535,#9557));
#9511 = ORIENTED_EDGE('',*,*,#7233,.T.);
#9512 = ORIENTED_EDGE('',*,*,#9513,.T.);
#9513 = EDGE_CURVE('',#7234,#9514,#9516,.T.);
#9514 = VERTEX_POINT('',#9515);
#9515 = CARTESIAN_POINT('',(1.7,-4.163799117101E-16,-15.3));
#9516 = SEAM_CURVE('',#9517,(#9521,#9528),.PCURVE_S1.);
#9517 = LINE('',#9518,#9519);
#9518 = CARTESIAN_POINT('',(1.7,-4.163799117101E-16,-21.));
#9519 = VECTOR('',#9520,1.);
#9520 = DIRECTION('',(0.,0.,1.));
#9521 = PCURVE('',#7250,#9522);
#9522 = DEFINITIONAL_REPRESENTATION('',(#9523),#9527);
#9523 = LINE('',#9524,#9525);
#9524 = CARTESIAN_POINT('',(0.,-0.));
#9525 = VECTOR('',#9526,1.);
#9526 = DIRECTION('',(0.,1.));
#9527 = ( GEOMETRIC_REPRESENTATION_CONTEXT(2) 
PARAMETRIC_REPRESENTATION_CONTEXT() REPRESENTATION_CONTEXT('2D SPACE',''
  ) );
#9528 = PCURVE('',#7250,#9529);
#9529 = DEFINITIONAL_REPRESENTATION('',(#9530),#9534);
#9530 = LINE('',#9531,#9532);
#9531 = CARTESIAN_POINT('',(6.28318530718,-0.));
#9532 = VECTOR('',#9533,1.);
#9533 = DIRECTION('',(0.,1.));
#9534 = ( GEOMETRIC_REPRESENTATION_CONTEXT(2) 
PARAMETRIC_REPRESENTATION_CONTEXT() REPRESENTATION_CONTEXT('2D SPACE',''
  ) );
#9535 = ORIENTED_EDGE('',*,*,#9536,.F.);
#9536 = EDGE_CURVE('',#9514,#9514,#9537,.T.);
#9537 = SURFACE_CURVE('',#9538,(#9543,#9550),.PCURVE_S1.);
#9538 = CIRCLE('',#9539,1.7);
#9539 = AXIS2_PLACEMENT_3D('',#9540,#9541,#9542);
#9540 = CARTESIAN_POINT('',(0.,0.,-15.3));
#9541 = DIRECTION('',(0.,0.,1.));
#9542 = DIRECTION('',(1.,0.,-0.));
#9543 = PCURVE('',#7250,#9544);
#9544 = DEFINITIONAL_REPRESENTATION('',(#9545),#9549);
#9545 = LINE('',#9546,#9547);
#9546 = CARTESIAN_POINT('',(0.,5.7));
#9547 = VECTOR('',#9548,1.);
#9548 = DIRECTION('',(1.,0.));
#9549 = ( GEOMETRIC_REPRESENTATION_CONTEXT(2) 
PARAMETRIC_REPRESENTATION_CONTEXT() REPRESENTATION_CONTEXT('2D SPACE',''
  ) );
#9550 = PCURVE('',#7687,#9551);
#9551 = DEFINITIONAL_REPRESENTATION('',(#9552),#9556);
#9552 = CIRCLE('',#9553,1.7);
#9553 = AXIS2_PLACEMENT_2D('',#9554,#9555);
#9554 = CARTESIAN_POINT('',(0.,0.));
#9555 = DIRECTION('',(1.,0.));
#9556 = ( GEOMETRIC_REPRESENTATION_CONTEXT(2) 
PARAMETRIC_REPRESENTATION_CONTEXT() REPRESENTATION_CONTEXT('2D SPACE',''
  ) );
#9557 = ORIENTED_EDGE('',*,*,#9513,.F.);
#9558 = ADVANCED_FACE('',(#9559),#7412,.F.);
#9559 = FACE_BOUND('',#9560,.F.);
#9560 = EDGE_LOOP('',(#9561,#9583,#9603));
#9561 = ORIENTED_EDGE('',*,*,#9562,.F.);
#9562 = EDGE_CURVE('',#9563,#7373,#9565,.T.);
#9563 = VERTEX_POINT('',#9564);
#9564 = CARTESIAN_POINT('',(-5.E-02,-8.35,-18.));
#9565 = SURFACE_CURVE('',#9566,(#9571,#9577),.PCURVE_S1.);
#9566 = CIRCLE('',#9567,1.65);
#9567 = AXIS2_PLACEMENT_3D('',#9568,#9569,#9570);
#9568 = CARTESIAN_POINT('',(-5.E-02,-8.35,-16.35));
#9569 = DIRECTION('',(0.,1.,-0.));
#9570 = DIRECTION('',(-1.,0.,0.));
#9571 = PCURVE('',#7412,#9572);
#9572 = DEFINITIONAL_REPRESENTATION('',(#9573),#9576);
#9573 = B_SPLINE_CURVE_WITH_KNOTS('',1,(#9574,#9575),.UNSPECIFIED.,.F.,
  .F.,(2,2),(4.712388980385,6.28318530718),.PIECEWISE_BEZIER_KNOTS.);
#9574 = CARTESIAN_POINT('',(0.,-1.570796326795));
#9575 = CARTESIAN_POINT('',(0.,0.));
#9576 = ( GEOMETRIC_REPRESENTATION_CONTEXT(2) 
PARAMETRIC_REPRESENTATION_CONTEXT() REPRESENTATION_CONTEXT('2D SPACE',''
  ) );
#9577 = PCURVE('',#9468,#9578);
#9578 = DEFINITIONAL_REPRESENTATION('',(#9579),#9582);
#9579 = B_SPLINE_CURVE_WITH_KNOTS('',1,(#9580,#9581),.UNSPECIFIED.,.F.,
  .F.,(2,2),(4.712388980385,6.28318530718),.PIECEWISE_BEZIER_KNOTS.);
#9580 = CARTESIAN_POINT('',(-1.570796326795,1.65));
#9581 = CARTESIAN_POINT('',(0.,1.65));
#9582 = ( GEOMETRIC_REPRESENTATION_CONTEXT(2) 
PARAMETRIC_REPRESENTATION_CONTEXT() REPRESENTATION_CONTEXT('2D SPACE',''
  ) );
#9583 = ORIENTED_EDGE('',*,*,#9584,.T.);
#9584 = EDGE_CURVE('',#9563,#7396,#9585,.T.);
#9585 = SURFACE_CURVE('',#9586,(#9591,#9597),.PCURVE_S1.);
#9586 = CIRCLE('',#9587,1.65);
#9587 = AXIS2_PLACEMENT_3D('',#9588,#9589,#9590);
#9588 = CARTESIAN_POINT('',(-5.E-02,-8.35,-16.35));
#9589 = DIRECTION('',(-1.,6.123233995737E-17,0.));
#9590 = DIRECTION('',(-6.123233995737E-17,-1.,0.));
#9591 = PCURVE('',#7412,#9592);
#9592 = DEFINITIONAL_REPRESENTATION('',(#9593),#9596);
#9593 = B_SPLINE_CURVE_WITH_KNOTS('',1,(#9594,#9595),.UNSPECIFIED.,.F.,
  .F.,(2,2),(4.712388980385,6.28318530718),.PIECEWISE_BEZIER_KNOTS.);
#9594 = CARTESIAN_POINT('',(1.570796326795,-1.570796326795));
#9595 = CARTESIAN_POINT('',(1.570796326795,0.));
#9596 = ( GEOMETRIC_REPRESENTATION_CONTEXT(2) 
PARAMETRIC_REPRESENTATION_CONTEXT() REPRESENTATION_CONTEXT('2D SPACE',''
  ) );
#9597 = PCURVE('',#7465,#9598);
#9598 = DEFINITIONAL_REPRESENTATION('',(#9599),#9602);
#9599 = B_SPLINE_CURVE_WITH_KNOTS('',1,(#9600,#9601),.UNSPECIFIED.,.F.,
  .F.,(2,2),(4.712388980385,6.28318530718),.PIECEWISE_BEZIER_KNOTS.);
#9600 = CARTESIAN_POINT('',(1.570796326795,1.65));
#9601 = CARTESIAN_POINT('',(0.,1.65));
#9602 = ( GEOMETRIC_REPRESENTATION_CONTEXT(2) 
PARAMETRIC_REPRESENTATION_CONTEXT() REPRESENTATION_CONTEXT('2D SPACE',''
  ) );
#9603 = ORIENTED_EDGE('',*,*,#7395,.F.);
#9604 = ADVANCED_FACE('',(#9605),#7465,.F.);
#9605 = FACE_BOUND('',#9606,.F.);
#9606 = EDGE_LOOP('',(#9607,#9608,#9636,#9656));
#9607 = ORIENTED_EDGE('',*,*,#9584,.F.);
#9608 = ORIENTED_EDGE('',*,*,#9609,.T.);
#9609 = EDGE_CURVE('',#9563,#9610,#9612,.T.);
#9610 = VERTEX_POINT('',#9611);
#9611 = CARTESIAN_POINT('',(5.E-02,-8.35,-18.));
#9612 = SURFACE_CURVE('',#9613,(#9617,#9624),.PCURVE_S1.);
#9613 = LINE('',#9614,#9615);
#9614 = CARTESIAN_POINT('',(-1.7,-8.35,-18.));
#9615 = VECTOR('',#9616,1.);
#9616 = DIRECTION('',(1.,0.,-0.));
#9617 = PCURVE('',#7465,#9618);
#9618 = DEFINITIONAL_REPRESENTATION('',(#9619),#9623);
#9619 = LINE('',#9620,#9621);
#9620 = CARTESIAN_POINT('',(1.570796326795,0.));
#9621 = VECTOR('',#9622,1.);
#9622 = DIRECTION('',(0.,1.));
#9623 = ( GEOMETRIC_REPRESENTATION_CONTEXT(2) 
PARAMETRIC_REPRESENTATION_CONTEXT() REPRESENTATION_CONTEXT('2D SPACE',''
  ) );
#9624 = PCURVE('',#9625,#9630);
#9625 = PLANE('',#9626);
#9626 = AXIS2_PLACEMENT_3D('',#9627,#9628,#9629);
#9627 = CARTESIAN_POINT('',(-1.7,-10.,-18.));
#9628 = DIRECTION('',(0.,0.,1.));
#9629 = DIRECTION('',(1.,0.,-0.));
#9630 = DEFINITIONAL_REPRESENTATION('',(#9631),#9635);
#9631 = LINE('',#9632,#9633);
#9632 = CARTESIAN_POINT('',(0.,1.65));
#9633 = VECTOR('',#9634,1.);
#9634 = DIRECTION('',(1.,0.));
#9635 = ( GEOMETRIC_REPRESENTATION_CONTEXT(2) 
PARAMETRIC_REPRESENTATION_CONTEXT() REPRESENTATION_CONTEXT('2D SPACE',''
  ) );
#9636 = ORIENTED_EDGE('',*,*,#9637,.T.);
#9637 = EDGE_CURVE('',#9610,#7450,#9638,.T.);
#9638 = SURFACE_CURVE('',#9639,(#9644,#9650),.PCURVE_S1.);
#9639 = CIRCLE('',#9640,1.65);
#9640 = AXIS2_PLACEMENT_3D('',#9641,#9642,#9643);
#9641 = CARTESIAN_POINT('',(5.E-02,-8.35,-16.35));
#9642 = DIRECTION('',(-1.,-6.123233995737E-17,0.));
#9643 = DIRECTION('',(6.123233995737E-17,-1.,-0.));
#9644 = PCURVE('',#7465,#9645);
#9645 = DEFINITIONAL_REPRESENTATION('',(#9646),#9649);
#9646 = B_SPLINE_CURVE_WITH_KNOTS('',1,(#9647,#9648),.UNSPECIFIED.,.F.,
  .F.,(2,2),(4.712388980385,6.28318530718),.PIECEWISE_BEZIER_KNOTS.);
#9647 = CARTESIAN_POINT('',(1.570796326795,1.75));
#9648 = CARTESIAN_POINT('',(0.,1.75));
#9649 = ( GEOMETRIC_REPRESENTATION_CONTEXT(2) 
PARAMETRIC_REPRESENTATION_CONTEXT() REPRESENTATION_CONTEXT('2D SPACE',''
  ) );
#9650 = PCURVE('',#7541,#9651);
#9651 = DEFINITIONAL_REPRESENTATION('',(#9652),#9655);
#9652 = B_SPLINE_CURVE_WITH_KNOTS('',1,(#9653,#9654),.UNSPECIFIED.,.F.,
  .F.,(2,2),(4.712388980385,6.28318530718),.PIECEWISE_BEZIER_KNOTS.);
#9653 = CARTESIAN_POINT('',(-1.570796326795,-1.570796326795));
#9654 = CARTESIAN_POINT('',(-1.570796326795,0.));
#9655 = ( GEOMETRIC_REPRESENTATION_CONTEXT(2) 
PARAMETRIC_REPRESENTATION_CONTEXT() REPRESENTATION_CONTEXT('2D SPACE',''
  ) );
#9656 = ORIENTED_EDGE('',*,*,#7449,.F.);
#9657 = ADVANCED_FACE('',(#9658),#7541,.F.);
#9658 = FACE_BOUND('',#9659,.T.);
#9659 = EDGE_LOOP('',(#9660,#9680,#9681));
#9660 = ORIENTED_EDGE('',*,*,#9661,.F.);
#9661 = EDGE_CURVE('',#9610,#7504,#9662,.T.);
#9662 = SURFACE_CURVE('',#9663,(#9668,#9674),.PCURVE_S1.);
#9663 = CIRCLE('',#9664,1.65);
#9664 = AXIS2_PLACEMENT_3D('',#9665,#9666,#9667);
#9665 = CARTESIAN_POINT('',(5.E-02,-8.35,-16.35));
#9666 = DIRECTION('',(0.,-1.,0.));
#9667 = DIRECTION('',(1.,0.,0.));
#9668 = PCURVE('',#7541,#9669);
#9669 = DEFINITIONAL_REPRESENTATION('',(#9670),#9673);
#9670 = B_SPLINE_CURVE_WITH_KNOTS('',1,(#9671,#9672),.UNSPECIFIED.,.F.,
  .F.,(2,2),(4.712388980385,6.28318530718),.PIECEWISE_BEZIER_KNOTS.);
#9671 = CARTESIAN_POINT('',(0.,-1.570796326795));
#9672 = CARTESIAN_POINT('',(0.,0.));
#9673 = ( GEOMETRIC_REPRESENTATION_CONTEXT(2) 
PARAMETRIC_REPRESENTATION_CONTEXT() REPRESENTATION_CONTEXT('2D SPACE',''
  ) );
#9674 = PCURVE('',#7575,#9675);
#9675 = DEFINITIONAL_REPRESENTATION('',(#9676),#9679);
#9676 = B_SPLINE_CURVE_WITH_KNOTS('',1,(#9677,#9678),.UNSPECIFIED.,.F.,
  .F.,(2,2),(4.712388980385,6.28318530718),.PIECEWISE_BEZIER_KNOTS.);
#9677 = CARTESIAN_POINT('',(1.570796326795,1.65));
#9678 = CARTESIAN_POINT('',(0.,1.65));
#9679 = ( GEOMETRIC_REPRESENTATION_CONTEXT(2) 
PARAMETRIC_REPRESENTATION_CONTEXT() REPRESENTATION_CONTEXT('2D SPACE',''
  ) );
#9680 = ORIENTED_EDGE('',*,*,#9637,.T.);
#9681 = ORIENTED_EDGE('',*,*,#7526,.F.);
#9682 = ADVANCED_FACE('',(#9683),#7575,.F.);
#9683 = FACE_BOUND('',#9684,.F.);
#9684 = EDGE_LOOP('',(#9685,#9686,#9709,#9729));
#9685 = ORIENTED_EDGE('',*,*,#9661,.F.);
#9686 = ORIENTED_EDGE('',*,*,#9687,.T.);
#9687 = EDGE_CURVE('',#9610,#9688,#9690,.T.);
#9688 = VERTEX_POINT('',#9689);
#9689 = CARTESIAN_POINT('',(5.E-02,-7.15,-18.));
#9690 = SURFACE_CURVE('',#9691,(#9695,#9702),.PCURVE_S1.);
#9691 = LINE('',#9692,#9693);
#9692 = CARTESIAN_POINT('',(5.E-02,-10.,-18.));
#9693 = VECTOR('',#9694,1.);
#9694 = DIRECTION('',(-0.,1.,0.));
#9695 = PCURVE('',#7575,#9696);
#9696 = DEFINITIONAL_REPRESENTATION('',(#9697),#9701);
#9697 = LINE('',#9698,#9699);
#9698 = CARTESIAN_POINT('',(1.570796326795,0.));
#9699 = VECTOR('',#9700,1.);
#9700 = DIRECTION('',(0.,1.));
#9701 = ( GEOMETRIC_REPRESENTATION_CONTEXT(2) 
PARAMETRIC_REPRESENTATION_CONTEXT() REPRESENTATION_CONTEXT('2D SPACE',''
  ) );
#9702 = PCURVE('',#9625,#9703);
#9703 = DEFINITIONAL_REPRESENTATION('',(#9704),#9708);
#9704 = LINE('',#9705,#9706);
#9705 = CARTESIAN_POINT('',(1.75,0.));
#9706 = VECTOR('',#9707,1.);
#9707 = DIRECTION('',(0.,1.));
#9708 = ( GEOMETRIC_REPRESENTATION_CONTEXT(2) 
PARAMETRIC_REPRESENTATION_CONTEXT() REPRESENTATION_CONTEXT('2D SPACE',''
  ) );
#9709 = ORIENTED_EDGE('',*,*,#9710,.T.);
#9710 = EDGE_CURVE('',#9688,#7560,#9711,.T.);
#9711 = SURFACE_CURVE('',#9712,(#9717,#9723),.PCURVE_S1.);
#9712 = CIRCLE('',#9713,1.65);
#9713 = AXIS2_PLACEMENT_3D('',#9714,#9715,#9716);
#9714 = CARTESIAN_POINT('',(5.E-02,-7.15,-16.35));
#9715 = DIRECTION('',(-1.345724878334E-16,-1.,0.));
#9716 = DIRECTION('',(1.,-1.345724878334E-16,0.));
#9717 = PCURVE('',#7575,#9718);
#9718 = DEFINITIONAL_REPRESENTATION('',(#9719),#9722);
#9719 = B_SPLINE_CURVE_WITH_KNOTS('',1,(#9720,#9721),.UNSPECIFIED.,.F.,
  .F.,(2,2),(4.712388980385,6.28318530718),.PIECEWISE_BEZIER_KNOTS.);
#9720 = CARTESIAN_POINT('',(1.570796326795,2.85));
#9721 = CARTESIAN_POINT('',(0.,2.85));
#9722 = ( GEOMETRIC_REPRESENTATION_CONTEXT(2) 
PARAMETRIC_REPRESENTATION_CONTEXT() REPRESENTATION_CONTEXT('2D SPACE',''
  ) );
#9723 = PCURVE('',#7630,#9724);
#9724 = DEFINITIONAL_REPRESENTATION('',(#9725),#9728);
#9725 = B_SPLINE_CURVE_WITH_KNOTS('',1,(#9726,#9727),.UNSPECIFIED.,.F.,
  .F.,(2,2),(4.712388980385,6.28318530718),.PIECEWISE_BEZIER_KNOTS.);
#9726 = CARTESIAN_POINT('',(0.,-1.570796326795));
#9727 = CARTESIAN_POINT('',(0.,0.));
#9728 = ( GEOMETRIC_REPRESENTATION_CONTEXT(2) 
PARAMETRIC_REPRESENTATION_CONTEXT() REPRESENTATION_CONTEXT('2D SPACE',''
  ) );
#9729 = ORIENTED_EDGE('',*,*,#7559,.F.);
#9730 = ADVANCED_FACE('',(#9731,#9821),#7687,.T.);
#9731 = FACE_BOUND('',#9732,.T.);
#9732 = EDGE_LOOP('',(#9733,#9734,#9735,#9736,#9755,#9756,#9757,#9758,
    #9777,#9778,#9779,#9780,#9799,#9800,#9801,#9802));
#9733 = ORIENTED_EDGE('',*,*,#8224,.F.);
#9734 = ORIENTED_EDGE('',*,*,#8250,.T.);
#9735 = ORIENTED_EDGE('',*,*,#8377,.F.);
#9736 = ORIENTED_EDGE('',*,*,#9737,.F.);
#9737 = EDGE_CURVE('',#8707,#8350,#9738,.T.);
#9738 = SURFACE_CURVE('',#9739,(#9743,#9749),.PCURVE_S1.);
#9739 = LINE('',#9740,#9741);
#9740 = CARTESIAN_POINT('',(-0.85,5.5,-15.3));
#9741 = VECTOR('',#9742,1.);
#9742 = DIRECTION('',(1.,0.,-0.));
#9743 = PCURVE('',#7687,#9744);
#9744 = DEFINITIONAL_REPRESENTATION('',(#9745),#9748);
#9745 = B_SPLINE_CURVE_WITH_KNOTS('',1,(#9746,#9747),.UNSPECIFIED.,.F.,
  .F.,(2,2),(0.8,0.9),.PIECEWISE_BEZIER_KNOTS.);
#9746 = CARTESIAN_POINT('',(-5.E-02,5.5));
#9747 = CARTESIAN_POINT('',(5.E-02,5.5));
#9748 = ( GEOMETRIC_REPRESENTATION_CONTEXT(2) 
PARAMETRIC_REPRESENTATION_CONTEXT() REPRESENTATION_CONTEXT('2D SPACE',''
  ) );
#9749 = PCURVE('',#8365,#9750);
#9750 = DEFINITIONAL_REPRESENTATION('',(#9751),#9754);
#9751 = B_SPLINE_CURVE_WITH_KNOTS('',1,(#9752,#9753),.UNSPECIFIED.,.F.,
  .F.,(2,2),(0.8,0.9),.PIECEWISE_BEZIER_KNOTS.);
#9752 = CARTESIAN_POINT('',(2.7,1.65));
#9753 = CARTESIAN_POINT('',(2.7,1.75));
#9754 = ( GEOMETRIC_REPRESENTATION_CONTEXT(2) 
PARAMETRIC_REPRESENTATION_CONTEXT() REPRESENTATION_CONTEXT('2D SPACE',''
  ) );
#9755 = ORIENTED_EDGE('',*,*,#8729,.F.);
#9756 = ORIENTED_EDGE('',*,*,#8777,.T.);
#9757 = ORIENTED_EDGE('',*,*,#8906,.F.);
#9758 = ORIENTED_EDGE('',*,*,#9759,.T.);
#9759 = EDGE_CURVE('',#8827,#9206,#9760,.T.);
#9760 = SURFACE_CURVE('',#9761,(#9765,#9771),.PCURVE_S1.);
#9761 = LINE('',#9762,#9763);
#9762 = CARTESIAN_POINT('',(-5.5,-0.85,-15.3));
#9763 = VECTOR('',#9764,1.);
#9764 = DIRECTION('',(0.,-1.,0.));
#9765 = PCURVE('',#7687,#9766);
#9766 = DEFINITIONAL_REPRESENTATION('',(#9767),#9770);
#9767 = B_SPLINE_CURVE_WITH_KNOTS('',1,(#9768,#9769),.UNSPECIFIED.,.F.,
  .F.,(2,2),(-0.9,-0.8),.PIECEWISE_BEZIER_KNOTS.);
#9768 = CARTESIAN_POINT('',(-5.5,5.E-02));
#9769 = CARTESIAN_POINT('',(-5.5,-5.E-02));
#9770 = ( GEOMETRIC_REPRESENTATION_CONTEXT(2) 
PARAMETRIC_REPRESENTATION_CONTEXT() REPRESENTATION_CONTEXT('2D SPACE',''
  ) );
#9771 = PCURVE('',#8842,#9772);
#9772 = DEFINITIONAL_REPRESENTATION('',(#9773),#9776);
#9773 = B_SPLINE_CURVE_WITH_KNOTS('',1,(#9774,#9775),.UNSPECIFIED.,.F.,
  .F.,(2,2),(-0.9,-0.8),.PIECEWISE_BEZIER_KNOTS.);
#9774 = CARTESIAN_POINT('',(2.7,-1.75));
#9775 = CARTESIAN_POINT('',(2.7,-1.65));
#9776 = ( GEOMETRIC_REPRESENTATION_CONTEXT(2) 
PARAMETRIC_REPRESENTATION_CONTEXT() REPRESENTATION_CONTEXT('2D SPACE',''
  ) );
#9777 = ORIENTED_EDGE('',*,*,#9278,.F.);
#9778 = ORIENTED_EDGE('',*,*,#9303,.T.);
#9779 = ORIENTED_EDGE('',*,*,#9426,.F.);
#9780 = ORIENTED_EDGE('',*,*,#9781,.T.);
#9781 = EDGE_CURVE('',#9404,#7643,#9782,.T.);
#9782 = SURFACE_CURVE('',#9783,(#9787,#9793),.PCURVE_S1.);
#9783 = LINE('',#9784,#9785);
#9784 = CARTESIAN_POINT('',(-0.85,-5.5,-15.3));
#9785 = VECTOR('',#9786,1.);
#9786 = DIRECTION('',(1.,0.,-0.));
#9787 = PCURVE('',#7687,#9788);
#9788 = DEFINITIONAL_REPRESENTATION('',(#9789),#9792);
#9789 = B_SPLINE_CURVE_WITH_KNOTS('',1,(#9790,#9791),.UNSPECIFIED.,.F.,
  .F.,(2,2),(0.8,0.9),.PIECEWISE_BEZIER_KNOTS.);
#9790 = CARTESIAN_POINT('',(-5.E-02,-5.5));
#9791 = CARTESIAN_POINT('',(5.E-02,-5.5));
#9792 = ( GEOMETRIC_REPRESENTATION_CONTEXT(2) 
PARAMETRIC_REPRESENTATION_CONTEXT() REPRESENTATION_CONTEXT('2D SPACE',''
  ) );
#9793 = PCURVE('',#7658,#9794);
#9794 = DEFINITIONAL_REPRESENTATION('',(#9795),#9798);
#9795 = B_SPLINE_CURVE_WITH_KNOTS('',1,(#9796,#9797),.UNSPECIFIED.,.F.,
  .F.,(2,2),(0.8,0.9),.PIECEWISE_BEZIER_KNOTS.);
#9796 = CARTESIAN_POINT('',(2.7,1.65));
#9797 = CARTESIAN_POINT('',(2.7,1.75));
#9798 = ( GEOMETRIC_REPRESENTATION_CONTEXT(2) 
PARAMETRIC_REPRESENTATION_CONTEXT() REPRESENTATION_CONTEXT('2D SPACE',''
  ) );
#9799 = ORIENTED_EDGE('',*,*,#7670,.F.);
#9800 = ORIENTED_EDGE('',*,*,#7722,.T.);
#9801 = ORIENTED_EDGE('',*,*,#7852,.F.);
#9802 = ORIENTED_EDGE('',*,*,#9803,.F.);
#9803 = EDGE_CURVE('',#8152,#7773,#9804,.T.);
#9804 = SURFACE_CURVE('',#9805,(#9809,#9815),.PCURVE_S1.);
#9805 = LINE('',#9806,#9807);
#9806 = CARTESIAN_POINT('',(5.5,-0.85,-15.3));
#9807 = VECTOR('',#9808,1.);
#9808 = DIRECTION('',(0.,-1.,0.));
#9809 = PCURVE('',#7687,#9810);
#9810 = DEFINITIONAL_REPRESENTATION('',(#9811),#9814);
#9811 = B_SPLINE_CURVE_WITH_KNOTS('',1,(#9812,#9813),.UNSPECIFIED.,.F.,
  .F.,(2,2),(-0.9,-0.8),.PIECEWISE_BEZIER_KNOTS.);
#9812 = CARTESIAN_POINT('',(5.5,5.E-02));
#9813 = CARTESIAN_POINT('',(5.5,-5.E-02));
#9814 = ( GEOMETRIC_REPRESENTATION_CONTEXT(2) 
PARAMETRIC_REPRESENTATION_CONTEXT() REPRESENTATION_CONTEXT('2D SPACE',''
  ) );
#9815 = PCURVE('',#7788,#9816);
#9816 = DEFINITIONAL_REPRESENTATION('',(#9817),#9820);
#9817 = B_SPLINE_CURVE_WITH_KNOTS('',1,(#9818,#9819),.UNSPECIFIED.,.F.,
  .F.,(2,2),(-0.9,-0.8),.PIECEWISE_BEZIER_KNOTS.);
#9818 = CARTESIAN_POINT('',(2.7,-1.75));
#9819 = CARTESIAN_POINT('',(2.7,-1.65));
#9820 = ( GEOMETRIC_REPRESENTATION_CONTEXT(2) 
PARAMETRIC_REPRESENTATION_CONTEXT() REPRESENTATION_CONTEXT('2D SPACE',''
  ) );
#9821 = FACE_BOUND('',#9822,.T.);
#9822 = EDGE_LOOP('',(#9823));
#9823 = ORIENTED_EDGE('',*,*,#9536,.F.);
#9824 = ADVANCED_FACE('',(#9825),#7658,.F.);
#9825 = FACE_BOUND('',#9826,.F.);
#9826 = EDGE_LOOP('',(#9827,#9853,#9854,#9855));
#9827 = ORIENTED_EDGE('',*,*,#9828,.F.);
#9828 = EDGE_CURVE('',#9375,#7614,#9829,.T.);
#9829 = SURFACE_CURVE('',#9830,(#9834,#9841),.PCURVE_S1.);
#9830 = LINE('',#9831,#9832);
#9831 = CARTESIAN_POINT('',(-1.7,-5.5,-16.35));
#9832 = VECTOR('',#9833,1.);
#9833 = DIRECTION('',(1.,0.,-0.));
#9834 = PCURVE('',#7658,#9835);
#9835 = DEFINITIONAL_REPRESENTATION('',(#9836),#9840);
#9836 = LINE('',#9837,#9838);
#9837 = CARTESIAN_POINT('',(1.65,0.));
#9838 = VECTOR('',#9839,1.);
#9839 = DIRECTION('',(0.,1.));
#9840 = ( GEOMETRIC_REPRESENTATION_CONTEXT(2) 
PARAMETRIC_REPRESENTATION_CONTEXT() REPRESENTATION_CONTEXT('2D SPACE',''
  ) );
#9841 = PCURVE('',#9842,#9847);
#9842 = CYLINDRICAL_SURFACE('',#9843,1.65);
#9843 = AXIS2_PLACEMENT_3D('',#9844,#9845,#9846);
#9844 = CARTESIAN_POINT('',(-1.7,-7.15,-16.35));
#9845 = DIRECTION('',(1.,0.,-0.));
#9846 = DIRECTION('',(0.,1.,0.));
#9847 = DEFINITIONAL_REPRESENTATION('',(#9848),#9852);
#9848 = LINE('',#9849,#9850);
#9849 = CARTESIAN_POINT('',(-0.,0.));
#9850 = VECTOR('',#9851,1.);
#9851 = DIRECTION('',(-0.,1.));
#9852 = ( GEOMETRIC_REPRESENTATION_CONTEXT(2) 
PARAMETRIC_REPRESENTATION_CONTEXT() REPRESENTATION_CONTEXT('2D SPACE',''
  ) );
#9853 = ORIENTED_EDGE('',*,*,#9403,.T.);
#9854 = ORIENTED_EDGE('',*,*,#9781,.T.);
#9855 = ORIENTED_EDGE('',*,*,#7642,.F.);
#9856 = ADVANCED_FACE('',(#9857),#7630,.F.);
#9857 = FACE_BOUND('',#9858,.F.);
#9858 = EDGE_LOOP('',(#9859,#9860,#9880));
#9859 = ORIENTED_EDGE('',*,*,#9710,.F.);
#9860 = ORIENTED_EDGE('',*,*,#9861,.T.);
#9861 = EDGE_CURVE('',#9688,#7614,#9862,.T.);
#9862 = SURFACE_CURVE('',#9863,(#9868,#9874),.PCURVE_S1.);
#9863 = CIRCLE('',#9864,1.65);
#9864 = AXIS2_PLACEMENT_3D('',#9865,#9866,#9867);
#9865 = CARTESIAN_POINT('',(5.E-02,-7.15,-16.35));
#9866 = DIRECTION('',(1.,2.623977713431E-17,-0.));
#9867 = DIRECTION('',(-2.623977713431E-17,1.,-0.));
#9868 = PCURVE('',#7630,#9869);
#9869 = DEFINITIONAL_REPRESENTATION('',(#9870),#9873);
#9870 = B_SPLINE_CURVE_WITH_KNOTS('',1,(#9871,#9872),.UNSPECIFIED.,.F.,
  .F.,(2,2),(4.712388980385,6.28318530718),.PIECEWISE_BEZIER_KNOTS.);
#9871 = CARTESIAN_POINT('',(1.570796326795,-1.570796326795));
#9872 = CARTESIAN_POINT('',(1.570796326795,0.));
#9873 = ( GEOMETRIC_REPRESENTATION_CONTEXT(2) 
PARAMETRIC_REPRESENTATION_CONTEXT() REPRESENTATION_CONTEXT('2D SPACE',''
  ) );
#9874 = PCURVE('',#9842,#9875);
#9875 = DEFINITIONAL_REPRESENTATION('',(#9876),#9879);
#9876 = B_SPLINE_CURVE_WITH_KNOTS('',1,(#9877,#9878),.UNSPECIFIED.,.F.,
  .F.,(2,2),(4.712388980385,6.28318530718),.PIECEWISE_BEZIER_KNOTS.);
#9877 = CARTESIAN_POINT('',(-1.570796326795,1.75));
#9878 = CARTESIAN_POINT('',(0.,1.75));
#9879 = ( GEOMETRIC_REPRESENTATION_CONTEXT(2) 
PARAMETRIC_REPRESENTATION_CONTEXT() REPRESENTATION_CONTEXT('2D SPACE',''
  ) );
#9880 = ORIENTED_EDGE('',*,*,#7613,.F.);
#9881 = ADVANCED_FACE('',(#9882),#7788,.T.);
#9882 = FACE_BOUND('',#9883,.T.);
#9883 = EDGE_LOOP('',(#9884,#9885,#9911,#9912));
#9884 = ORIENTED_EDGE('',*,*,#7770,.F.);
#9885 = ORIENTED_EDGE('',*,*,#9886,.T.);
#9886 = EDGE_CURVE('',#7771,#8150,#9887,.T.);
#9887 = SURFACE_CURVE('',#9888,(#9892,#9899),.PCURVE_S1.);
#9888 = LINE('',#9889,#9890);
#9889 = CARTESIAN_POINT('',(5.5,-1.7,-16.35));
#9890 = VECTOR('',#9891,1.);
#9891 = DIRECTION('',(-0.,1.,0.));
#9892 = PCURVE('',#7788,#9893);
#9893 = DEFINITIONAL_REPRESENTATION('',(#9894),#9898);
#9894 = LINE('',#9895,#9896);
#9895 = CARTESIAN_POINT('',(1.65,0.));
#9896 = VECTOR('',#9897,1.);
#9897 = DIRECTION('',(0.,-1.));
#9898 = ( GEOMETRIC_REPRESENTATION_CONTEXT(2) 
PARAMETRIC_REPRESENTATION_CONTEXT() REPRESENTATION_CONTEXT('2D SPACE',''
  ) );
#9899 = PCURVE('',#9900,#9905);
#9900 = CYLINDRICAL_SURFACE('',#9901,1.65);
#9901 = AXIS2_PLACEMENT_3D('',#9902,#9903,#9904);
#9902 = CARTESIAN_POINT('',(7.15,-1.7,-16.35));
#9903 = DIRECTION('',(-0.,1.,0.));
#9904 = DIRECTION('',(-1.,-0.,0.));
#9905 = DEFINITIONAL_REPRESENTATION('',(#9906),#9910);
#9906 = LINE('',#9907,#9908);
#9907 = CARTESIAN_POINT('',(-0.,0.));
#9908 = VECTOR('',#9909,1.);
#9909 = DIRECTION('',(-0.,1.));
#9910 = ( GEOMETRIC_REPRESENTATION_CONTEXT(2) 
PARAMETRIC_REPRESENTATION_CONTEXT() REPRESENTATION_CONTEXT('2D SPACE',''
  ) );
#9911 = ORIENTED_EDGE('',*,*,#8149,.T.);
#9912 = ORIENTED_EDGE('',*,*,#9803,.T.);
#9913 = ADVANCED_FACE('',(#9914),#7817,.F.);
#9914 = FACE_BOUND('',#9915,.F.);
#9915 = EDGE_LOOP('',(#9916,#9938,#9958));
#9916 = ORIENTED_EDGE('',*,*,#9917,.F.);
#9917 = EDGE_CURVE('',#9918,#7771,#9920,.T.);
#9918 = VERTEX_POINT('',#9919);
#9919 = CARTESIAN_POINT('',(7.15,-5.E-02,-18.));
#9920 = SURFACE_CURVE('',#9921,(#9926,#9932),.PCURVE_S1.);
#9921 = CIRCLE('',#9922,1.65);
#9922 = AXIS2_PLACEMENT_3D('',#9923,#9924,#9925);
#9923 = CARTESIAN_POINT('',(7.15,-5.E-02,-16.35));
#9924 = DIRECTION('',(0.,1.,-0.));
#9925 = DIRECTION('',(-1.,0.,0.));
#9926 = PCURVE('',#7817,#9927);
#9927 = DEFINITIONAL_REPRESENTATION('',(#9928),#9931);
#9928 = B_SPLINE_CURVE_WITH_KNOTS('',1,(#9929,#9930),.UNSPECIFIED.,.F.,
  .F.,(2,2),(4.712388980385,6.28318530718),.PIECEWISE_BEZIER_KNOTS.);
#9929 = CARTESIAN_POINT('',(0.,-1.570796326795));
#9930 = CARTESIAN_POINT('',(0.,0.));
#9931 = ( GEOMETRIC_REPRESENTATION_CONTEXT(2) 
PARAMETRIC_REPRESENTATION_CONTEXT() REPRESENTATION_CONTEXT('2D SPACE',''
  ) );
#9932 = PCURVE('',#9900,#9933);
#9933 = DEFINITIONAL_REPRESENTATION('',(#9934),#9937);
#9934 = B_SPLINE_CURVE_WITH_KNOTS('',1,(#9935,#9936),.UNSPECIFIED.,.F.,
  .F.,(2,2),(4.712388980385,6.28318530718),.PIECEWISE_BEZIER_KNOTS.);
#9935 = CARTESIAN_POINT('',(-1.570796326795,1.65));
#9936 = CARTESIAN_POINT('',(0.,1.65));
#9937 = ( GEOMETRIC_REPRESENTATION_CONTEXT(2) 
PARAMETRIC_REPRESENTATION_CONTEXT() REPRESENTATION_CONTEXT('2D SPACE',''
  ) );
#9938 = ORIENTED_EDGE('',*,*,#9939,.T.);
#9939 = EDGE_CURVE('',#9918,#7801,#9940,.T.);
#9940 = SURFACE_CURVE('',#9941,(#9946,#9952),.PCURVE_S1.);
#9941 = CIRCLE('',#9942,1.65);
#9942 = AXIS2_PLACEMENT_3D('',#9943,#9944,#9945);
#9943 = CARTESIAN_POINT('',(7.15,-5.E-02,-16.35));
#9944 = DIRECTION('',(-1.,2.832769448824E-16,0.));
#9945 = DIRECTION('',(-2.832769448824E-16,-1.,0.));
#9946 = PCURVE('',#7817,#9947);
#9947 = DEFINITIONAL_REPRESENTATION('',(#9948),#9951);
#9948 = B_SPLINE_CURVE_WITH_KNOTS('',1,(#9949,#9950),.UNSPECIFIED.,.F.,
  .F.,(2,2),(4.712388980385,6.28318530718),.PIECEWISE_BEZIER_KNOTS.);
#9949 = CARTESIAN_POINT('',(1.570796326795,-1.570796326795));
#9950 = CARTESIAN_POINT('',(1.570796326795,0.));
#9951 = ( GEOMETRIC_REPRESENTATION_CONTEXT(2) 
PARAMETRIC_REPRESENTATION_CONTEXT() REPRESENTATION_CONTEXT('2D SPACE',''
  ) );
#9952 = PCURVE('',#7893,#9953);
#9953 = DEFINITIONAL_REPRESENTATION('',(#9954),#9957);
#9954 = B_SPLINE_CURVE_WITH_KNOTS('',1,(#9955,#9956),.UNSPECIFIED.,.F.,
  .F.,(2,2),(4.712388980385,6.28318530718),.PIECEWISE_BEZIER_KNOTS.);
#9955 = CARTESIAN_POINT('',(1.570796326795,1.65));
#9956 = CARTESIAN_POINT('',(0.,1.65));
#9957 = ( GEOMETRIC_REPRESENTATION_CONTEXT(2) 
PARAMETRIC_REPRESENTATION_CONTEXT() REPRESENTATION_CONTEXT('2D SPACE',''
  ) );
#9958 = ORIENTED_EDGE('',*,*,#7800,.F.);
#9959 = ADVANCED_FACE('',(#9960),#7893,.F.);
#9960 = FACE_BOUND('',#9961,.F.);
#9961 = EDGE_LOOP('',(#9962,#9963,#9991,#10011));
#9962 = ORIENTED_EDGE('',*,*,#9939,.F.);
#9963 = ORIENTED_EDGE('',*,*,#9964,.T.);
#9964 = EDGE_CURVE('',#9918,#9965,#9967,.T.);
#9965 = VERTEX_POINT('',#9966);
#9966 = CARTESIAN_POINT('',(8.35,-5.E-02,-18.));
#9967 = SURFACE_CURVE('',#9968,(#9972,#9979),.PCURVE_S1.);
#9968 = LINE('',#9969,#9970);
#9969 = CARTESIAN_POINT('',(5.5,-5.E-02,-18.));
#9970 = VECTOR('',#9971,1.);
#9971 = DIRECTION('',(1.,0.,-0.));
#9972 = PCURVE('',#7893,#9973);
#9973 = DEFINITIONAL_REPRESENTATION('',(#9974),#9978);
#9974 = LINE('',#9975,#9976);
#9975 = CARTESIAN_POINT('',(1.570796326795,0.));
#9976 = VECTOR('',#9977,1.);
#9977 = DIRECTION('',(0.,1.));
#9978 = ( GEOMETRIC_REPRESENTATION_CONTEXT(2) 
PARAMETRIC_REPRESENTATION_CONTEXT() REPRESENTATION_CONTEXT('2D SPACE',''
  ) );
#9979 = PCURVE('',#9980,#9985);
#9980 = PLANE('',#9981);
#9981 = AXIS2_PLACEMENT_3D('',#9982,#9983,#9984);
#9982 = CARTESIAN_POINT('',(5.5,-1.7,-18.));
#9983 = DIRECTION('',(0.,0.,1.));
#9984 = DIRECTION('',(1.,0.,-0.));
#9985 = DEFINITIONAL_REPRESENTATION('',(#9986),#9990);
#9986 = LINE('',#9987,#9988);
#9987 = CARTESIAN_POINT('',(0.,1.65));
#9988 = VECTOR('',#9989,1.);
#9989 = DIRECTION('',(1.,0.));
#9990 = ( GEOMETRIC_REPRESENTATION_CONTEXT(2) 
PARAMETRIC_REPRESENTATION_CONTEXT() REPRESENTATION_CONTEXT('2D SPACE',''
  ) );
#9991 = ORIENTED_EDGE('',*,*,#9992,.T.);
#9992 = EDGE_CURVE('',#9965,#7878,#9993,.T.);
#9993 = SURFACE_CURVE('',#9994,(#9999,#10005),.PCURVE_S1.);
#9994 = CIRCLE('',#9995,1.65);
#9995 = AXIS2_PLACEMENT_3D('',#9996,#9997,#9998);
#9996 = CARTESIAN_POINT('',(8.35,-5.E-02,-16.35));
#9997 = DIRECTION('',(-1.,-2.832769448824E-16,0.));
#9998 = DIRECTION('',(2.832769448824E-16,-1.,-0.));
#9999 = PCURVE('',#7893,#10000);
#10000 = DEFINITIONAL_REPRESENTATION('',(#10001),#10004);
#10001 = B_SPLINE_CURVE_WITH_KNOTS('',1,(#10002,#10003),.UNSPECIFIED.,
  .F.,.F.,(2,2),(4.712388980385,6.28318530718),
  .PIECEWISE_BEZIER_KNOTS.);
#10002 = CARTESIAN_POINT('',(1.570796326795,2.85));
#10003 = CARTESIAN_POINT('',(0.,2.85));
#10004 = ( GEOMETRIC_REPRESENTATION_CONTEXT(2) 
PARAMETRIC_REPRESENTATION_CONTEXT() REPRESENTATION_CONTEXT('2D SPACE',''
  ) );
#10005 = PCURVE('',#7969,#10006);
#10006 = DEFINITIONAL_REPRESENTATION('',(#10007),#10010);
#10007 = B_SPLINE_CURVE_WITH_KNOTS('',1,(#10008,#10009),.UNSPECIFIED.,
  .F.,.F.,(2,2),(4.712388980385,6.28318530718),
  .PIECEWISE_BEZIER_KNOTS.);
#10008 = CARTESIAN_POINT('',(-1.570796326795,-1.570796326795));
#10009 = CARTESIAN_POINT('',(-1.570796326795,0.));
#10010 = ( GEOMETRIC_REPRESENTATION_CONTEXT(2) 
PARAMETRIC_REPRESENTATION_CONTEXT() REPRESENTATION_CONTEXT('2D SPACE',''
  ) );
#10011 = ORIENTED_EDGE('',*,*,#7877,.F.);
#10012 = ADVANCED_FACE('',(#10013),#7969,.F.);
#10013 = FACE_BOUND('',#10014,.T.);
#10014 = EDGE_LOOP('',(#10015,#10035,#10036));
#10015 = ORIENTED_EDGE('',*,*,#10016,.F.);
#10016 = EDGE_CURVE('',#9965,#7932,#10017,.T.);
#10017 = SURFACE_CURVE('',#10018,(#10023,#10029),.PCURVE_S1.);
#10018 = CIRCLE('',#10019,1.65);
#10019 = AXIS2_PLACEMENT_3D('',#10020,#10021,#10022);
#10020 = CARTESIAN_POINT('',(8.35,-5.E-02,-16.35));
#10021 = DIRECTION('',(0.,-1.,0.));
#10022 = DIRECTION('',(1.,0.,0.));
#10023 = PCURVE('',#7969,#10024);
#10024 = DEFINITIONAL_REPRESENTATION('',(#10025),#10028);
#10025 = B_SPLINE_CURVE_WITH_KNOTS('',1,(#10026,#10027),.UNSPECIFIED.,
  .F.,.F.,(2,2),(4.712388980385,6.28318530718),
  .PIECEWISE_BEZIER_KNOTS.);
#10026 = CARTESIAN_POINT('',(0.,-1.570796326795));
#10027 = CARTESIAN_POINT('',(0.,0.));
#10028 = ( GEOMETRIC_REPRESENTATION_CONTEXT(2) 
PARAMETRIC_REPRESENTATION_CONTEXT() REPRESENTATION_CONTEXT('2D SPACE',''
  ) );
#10029 = PCURVE('',#8003,#10030);
#10030 = DEFINITIONAL_REPRESENTATION('',(#10031),#10034);
#10031 = B_SPLINE_CURVE_WITH_KNOTS('',1,(#10032,#10033),.UNSPECIFIED.,
  .F.,.F.,(2,2),(4.712388980385,6.28318530718),
  .PIECEWISE_BEZIER_KNOTS.);
#10032 = CARTESIAN_POINT('',(1.570796326795,1.65));
#10033 = CARTESIAN_POINT('',(0.,1.65));
#10034 = ( GEOMETRIC_REPRESENTATION_CONTEXT(2) 
PARAMETRIC_REPRESENTATION_CONTEXT() REPRESENTATION_CONTEXT('2D SPACE',''
  ) );
#10035 = ORIENTED_EDGE('',*,*,#9992,.T.);
#10036 = ORIENTED_EDGE('',*,*,#7954,.F.);
#10037 = ADVANCED_FACE('',(#10038),#8003,.F.);
#10038 = FACE_BOUND('',#10039,.F.);
#10039 = EDGE_LOOP('',(#10040,#10041,#10064,#10084));
#10040 = ORIENTED_EDGE('',*,*,#10016,.F.);
#10041 = ORIENTED_EDGE('',*,*,#10042,.T.);
#10042 = EDGE_CURVE('',#9965,#10043,#10045,.T.);
#10043 = VERTEX_POINT('',#10044);
#10044 = CARTESIAN_POINT('',(8.35,5.E-02,-18.));
#10045 = SURFACE_CURVE('',#10046,(#10050,#10057),.PCURVE_S1.);
#10046 = LINE('',#10047,#10048);
#10047 = CARTESIAN_POINT('',(8.35,-1.7,-18.));
#10048 = VECTOR('',#10049,1.);
#10049 = DIRECTION('',(-0.,1.,0.));
#10050 = PCURVE('',#8003,#10051);
#10051 = DEFINITIONAL_REPRESENTATION('',(#10052),#10056);
#10052 = LINE('',#10053,#10054);
#10053 = CARTESIAN_POINT('',(1.570796326795,0.));
#10054 = VECTOR('',#10055,1.);
#10055 = DIRECTION('',(0.,1.));
#10056 = ( GEOMETRIC_REPRESENTATION_CONTEXT(2) 
PARAMETRIC_REPRESENTATION_CONTEXT() REPRESENTATION_CONTEXT('2D SPACE',''
  ) );
#10057 = PCURVE('',#9980,#10058);
#10058 = DEFINITIONAL_REPRESENTATION('',(#10059),#10063);
#10059 = LINE('',#10060,#10061);
#10060 = CARTESIAN_POINT('',(2.85,0.));
#10061 = VECTOR('',#10062,1.);
#10062 = DIRECTION('',(0.,1.));
#10063 = ( GEOMETRIC_REPRESENTATION_CONTEXT(2) 
PARAMETRIC_REPRESENTATION_CONTEXT() REPRESENTATION_CONTEXT('2D SPACE',''
  ) );
#10064 = ORIENTED_EDGE('',*,*,#10065,.T.);
#10065 = EDGE_CURVE('',#10043,#7988,#10066,.T.);
#10066 = SURFACE_CURVE('',#10067,(#10072,#10078),.PCURVE_S1.);
#10067 = CIRCLE('',#10068,1.65);
#10068 = AXIS2_PLACEMENT_3D('',#10069,#10070,#10071);
#10069 = CARTESIAN_POINT('',(8.35,5.E-02,-16.35));
#10070 = DIRECTION('',(0.,-1.,0.));
#10071 = DIRECTION('',(1.,0.,0.));
#10072 = PCURVE('',#8003,#10073);
#10073 = DEFINITIONAL_REPRESENTATION('',(#10074),#10077);
#10074 = B_SPLINE_CURVE_WITH_KNOTS('',1,(#10075,#10076),.UNSPECIFIED.,
  .F.,.F.,(2,2),(4.712388980385,6.28318530718),
  .PIECEWISE_BEZIER_KNOTS.);
#10075 = CARTESIAN_POINT('',(1.570796326795,1.75));
#10076 = CARTESIAN_POINT('',(0.,1.75));
#10077 = ( GEOMETRIC_REPRESENTATION_CONTEXT(2) 
PARAMETRIC_REPRESENTATION_CONTEXT() REPRESENTATION_CONTEXT('2D SPACE',''
  ) );
#10078 = PCURVE('',#8058,#10079);
#10079 = DEFINITIONAL_REPRESENTATION('',(#10080),#10083);
#10080 = B_SPLINE_CURVE_WITH_KNOTS('',1,(#10081,#10082),.UNSPECIFIED.,
  .F.,.F.,(2,2),(4.712388980385,6.28318530718),
  .PIECEWISE_BEZIER_KNOTS.);
#10081 = CARTESIAN_POINT('',(0.,-1.570796326795));
#10082 = CARTESIAN_POINT('',(0.,0.));
#10083 = ( GEOMETRIC_REPRESENTATION_CONTEXT(2) 
PARAMETRIC_REPRESENTATION_CONTEXT() REPRESENTATION_CONTEXT('2D SPACE',''
  ) );
#10084 = ORIENTED_EDGE('',*,*,#7987,.F.);
#10085 = ADVANCED_FACE('',(#10086),#8058,.F.);
#10086 = FACE_BOUND('',#10087,.F.);
#10087 = EDGE_LOOP('',(#10088,#10089,#10109));
#10088 = ORIENTED_EDGE('',*,*,#10065,.F.);
#10089 = ORIENTED_EDGE('',*,*,#10090,.T.);
#10090 = EDGE_CURVE('',#10043,#8042,#10091,.T.);
#10091 = SURFACE_CURVE('',#10092,(#10097,#10103),.PCURVE_S1.);
#10092 = CIRCLE('',#10093,1.65);
#10093 = AXIS2_PLACEMENT_3D('',#10094,#10095,#10096);
#10094 = CARTESIAN_POINT('',(8.35,5.E-02,-16.35));
#10095 = DIRECTION('',(1.,-2.832769448824E-16,0.));
#10096 = DIRECTION('',(2.832769448824E-16,1.,0.));
#10097 = PCURVE('',#8058,#10098);
#10098 = DEFINITIONAL_REPRESENTATION('',(#10099),#10102);
#10099 = B_SPLINE_CURVE_WITH_KNOTS('',1,(#10100,#10101),.UNSPECIFIED.,
  .F.,.F.,(2,2),(4.712388980385,6.28318530718),
  .PIECEWISE_BEZIER_KNOTS.);
#10100 = CARTESIAN_POINT('',(1.570796326795,-1.570796326795));
#10101 = CARTESIAN_POINT('',(1.570796326795,0.));
#10102 = ( GEOMETRIC_REPRESENTATION_CONTEXT(2) 
PARAMETRIC_REPRESENTATION_CONTEXT() REPRESENTATION_CONTEXT('2D SPACE',''
  ) );
#10103 = PCURVE('',#8111,#10104);
#10104 = DEFINITIONAL_REPRESENTATION('',(#10105),#10108);
#10105 = B_SPLINE_CURVE_WITH_KNOTS('',1,(#10106,#10107),.UNSPECIFIED.,
  .F.,.F.,(2,2),(4.712388980385,6.28318530718),
  .PIECEWISE_BEZIER_KNOTS.);
#10106 = CARTESIAN_POINT('',(-1.570796326795,2.85));
#10107 = CARTESIAN_POINT('',(0.,2.85));
#10108 = ( GEOMETRIC_REPRESENTATION_CONTEXT(2) 
PARAMETRIC_REPRESENTATION_CONTEXT() REPRESENTATION_CONTEXT('2D SPACE',''
  ) );
#10109 = ORIENTED_EDGE('',*,*,#8041,.F.);
#10110 = ADVANCED_FACE('',(#10111),#8111,.F.);
#10111 = FACE_BOUND('',#10112,.T.);
#10112 = EDGE_LOOP('',(#10113,#10135,#10156,#10157));
#10113 = ORIENTED_EDGE('',*,*,#10114,.F.);
#10114 = EDGE_CURVE('',#10115,#8096,#10117,.T.);
#10115 = VERTEX_POINT('',#10116);
#10116 = CARTESIAN_POINT('',(7.15,5.E-02,-18.));
#10117 = SURFACE_CURVE('',#10118,(#10123,#10129),.PCURVE_S1.);
#10118 = CIRCLE('',#10119,1.65);
#10119 = AXIS2_PLACEMENT_3D('',#10120,#10121,#10122);
#10120 = CARTESIAN_POINT('',(7.15,5.E-02,-16.35));
#10121 = DIRECTION('',(1.,2.832769448824E-16,-0.));
#10122 = DIRECTION('',(-2.832769448824E-16,1.,0.));
#10123 = PCURVE('',#8111,#10124);
#10124 = DEFINITIONAL_REPRESENTATION('',(#10125),#10128);
#10125 = B_SPLINE_CURVE_WITH_KNOTS('',1,(#10126,#10127),.UNSPECIFIED.,
  .F.,.F.,(2,2),(4.712388980385,6.28318530718),
  .PIECEWISE_BEZIER_KNOTS.);
#10126 = CARTESIAN_POINT('',(-1.570796326795,1.65));
#10127 = CARTESIAN_POINT('',(0.,1.65));
#10128 = ( GEOMETRIC_REPRESENTATION_CONTEXT(2) 
PARAMETRIC_REPRESENTATION_CONTEXT() REPRESENTATION_CONTEXT('2D SPACE',''
  ) );
#10129 = PCURVE('',#8189,#10130);
#10130 = DEFINITIONAL_REPRESENTATION('',(#10131),#10134);
#10131 = B_SPLINE_CURVE_WITH_KNOTS('',1,(#10132,#10133),.UNSPECIFIED.,
  .F.,.F.,(2,2),(4.712388980385,6.28318530718),
  .PIECEWISE_BEZIER_KNOTS.);
#10132 = CARTESIAN_POINT('',(-1.570796326795,-1.570796326795));
#10133 = CARTESIAN_POINT('',(-1.570796326795,0.));
#10134 = ( GEOMETRIC_REPRESENTATION_CONTEXT(2) 
PARAMETRIC_REPRESENTATION_CONTEXT() REPRESENTATION_CONTEXT('2D SPACE',''
  ) );
#10135 = ORIENTED_EDGE('',*,*,#10136,.T.);
#10136 = EDGE_CURVE('',#10115,#10043,#10137,.T.);
#10137 = SURFACE_CURVE('',#10138,(#10142,#10149),.PCURVE_S1.);
#10138 = LINE('',#10139,#10140);
#10139 = CARTESIAN_POINT('',(5.5,5.E-02,-18.));
#10140 = VECTOR('',#10141,1.);
#10141 = DIRECTION('',(1.,0.,-0.));
#10142 = PCURVE('',#8111,#10143);
#10143 = DEFINITIONAL_REPRESENTATION('',(#10144),#10148);
#10144 = LINE('',#10145,#10146);
#10145 = CARTESIAN_POINT('',(-1.570796326795,0.));
#10146 = VECTOR('',#10147,1.);
#10147 = DIRECTION('',(-0.,1.));
#10148 = ( GEOMETRIC_REPRESENTATION_CONTEXT(2) 
PARAMETRIC_REPRESENTATION_CONTEXT() REPRESENTATION_CONTEXT('2D SPACE',''
  ) );
#10149 = PCURVE('',#9980,#10150);
#10150 = DEFINITIONAL_REPRESENTATION('',(#10151),#10155);
#10151 = LINE('',#10152,#10153);
#10152 = CARTESIAN_POINT('',(0.,1.75));
#10153 = VECTOR('',#10154,1.);
#10154 = DIRECTION('',(1.,0.));
#10155 = ( GEOMETRIC_REPRESENTATION_CONTEXT(2) 
PARAMETRIC_REPRESENTATION_CONTEXT() REPRESENTATION_CONTEXT('2D SPACE',''
  ) );
#10156 = ORIENTED_EDGE('',*,*,#10090,.T.);
#10157 = ORIENTED_EDGE('',*,*,#8095,.F.);
#10158 = ADVANCED_FACE('',(#10159),#8189,.F.);
#10159 = FACE_BOUND('',#10160,.T.);
#10160 = EDGE_LOOP('',(#10161,#10181,#10182));
#10161 = ORIENTED_EDGE('',*,*,#10162,.F.);
#10162 = EDGE_CURVE('',#10115,#8150,#10163,.T.);
#10163 = SURFACE_CURVE('',#10164,(#10169,#10175),.PCURVE_S1.);
#10164 = CIRCLE('',#10165,1.65);
#10165 = AXIS2_PLACEMENT_3D('',#10166,#10167,#10168);
#10166 = CARTESIAN_POINT('',(7.15,5.E-02,-16.35));
#10167 = DIRECTION('',(0.,1.,-0.));
#10168 = DIRECTION('',(-1.,0.,0.));
#10169 = PCURVE('',#8189,#10170);
#10170 = DEFINITIONAL_REPRESENTATION('',(#10171),#10174);
#10171 = B_SPLINE_CURVE_WITH_KNOTS('',1,(#10172,#10173),.UNSPECIFIED.,
  .F.,.F.,(2,2),(4.712388980385,6.28318530718),
  .PIECEWISE_BEZIER_KNOTS.);
#10172 = CARTESIAN_POINT('',(0.,-1.570796326795));
#10173 = CARTESIAN_POINT('',(0.,0.));
#10174 = ( GEOMETRIC_REPRESENTATION_CONTEXT(2) 
PARAMETRIC_REPRESENTATION_CONTEXT() REPRESENTATION_CONTEXT('2D SPACE',''
  ) );
#10175 = PCURVE('',#9900,#10176);
#10176 = DEFINITIONAL_REPRESENTATION('',(#10177),#10180);
#10177 = B_SPLINE_CURVE_WITH_KNOTS('',1,(#10178,#10179),.UNSPECIFIED.,
  .F.,.F.,(2,2),(4.712388980385,6.28318530718),
  .PIECEWISE_BEZIER_KNOTS.);
#10178 = CARTESIAN_POINT('',(-1.570796326795,1.75));
#10179 = CARTESIAN_POINT('',(0.,1.75));
#10180 = ( GEOMETRIC_REPRESENTATION_CONTEXT(2) 
PARAMETRIC_REPRESENTATION_CONTEXT() REPRESENTATION_CONTEXT('2D SPACE',''
  ) );
#10181 = ORIENTED_EDGE('',*,*,#10114,.T.);
#10182 = ORIENTED_EDGE('',*,*,#8174,.F.);
#10183 = ADVANCED_FACE('',(#10184),#8365,.T.);
#10184 = FACE_BOUND('',#10185,.T.);
#10185 = EDGE_LOOP('',(#10186,#10212,#10213,#10214));
#10186 = ORIENTED_EDGE('',*,*,#10187,.F.);
#10187 = EDGE_CURVE('',#8678,#8321,#10188,.T.);
#10188 = SURFACE_CURVE('',#10189,(#10193,#10200),.PCURVE_S1.);
#10189 = LINE('',#10190,#10191);
#10190 = CARTESIAN_POINT('',(-1.7,5.5,-16.35));
#10191 = VECTOR('',#10192,1.);
#10192 = DIRECTION('',(1.,0.,-0.));
#10193 = PCURVE('',#8365,#10194);
#10194 = DEFINITIONAL_REPRESENTATION('',(#10195),#10199);
#10195 = LINE('',#10196,#10197);
#10196 = CARTESIAN_POINT('',(1.65,0.));
#10197 = VECTOR('',#10198,1.);
#10198 = DIRECTION('',(0.,1.));
#10199 = ( GEOMETRIC_REPRESENTATION_CONTEXT(2) 
PARAMETRIC_REPRESENTATION_CONTEXT() REPRESENTATION_CONTEXT('2D SPACE',''
  ) );
#10200 = PCURVE('',#10201,#10206);
#10201 = CYLINDRICAL_SURFACE('',#10202,1.65);
#10202 = AXIS2_PLACEMENT_3D('',#10203,#10204,#10205);
#10203 = CARTESIAN_POINT('',(-1.7,7.15,-16.35));
#10204 = DIRECTION('',(1.,0.,-0.));
#10205 = DIRECTION('',(0.,-1.,0.));
#10206 = DEFINITIONAL_REPRESENTATION('',(#10207),#10211);
#10207 = LINE('',#10208,#10209);
#10208 = CARTESIAN_POINT('',(0.,0.));
#10209 = VECTOR('',#10210,1.);
#10210 = DIRECTION('',(0.,1.));
#10211 = ( GEOMETRIC_REPRESENTATION_CONTEXT(2) 
PARAMETRIC_REPRESENTATION_CONTEXT() REPRESENTATION_CONTEXT('2D SPACE',''
  ) );
#10212 = ORIENTED_EDGE('',*,*,#8706,.T.);
#10213 = ORIENTED_EDGE('',*,*,#9737,.T.);
#10214 = ORIENTED_EDGE('',*,*,#8349,.F.);
#10215 = ADVANCED_FACE('',(#10216),#8337,.F.);
#10216 = FACE_BOUND('',#10217,.T.);
#10217 = EDGE_LOOP('',(#10218,#10240,#10260));
#10218 = ORIENTED_EDGE('',*,*,#10219,.F.);
#10219 = EDGE_CURVE('',#10220,#8298,#10222,.T.);
#10220 = VERTEX_POINT('',#10221);
#10221 = CARTESIAN_POINT('',(5.E-02,7.15,-18.));
#10222 = SURFACE_CURVE('',#10223,(#10228,#10234),.PCURVE_S1.);
#10223 = CIRCLE('',#10224,1.65);
#10224 = AXIS2_PLACEMENT_3D('',#10225,#10226,#10227);
#10225 = CARTESIAN_POINT('',(5.E-02,7.15,-16.35));
#10226 = DIRECTION('',(0.,-1.,0.));
#10227 = DIRECTION('',(1.,0.,0.));
#10228 = PCURVE('',#8337,#10229);
#10229 = DEFINITIONAL_REPRESENTATION('',(#10230),#10233);
#10230 = B_SPLINE_CURVE_WITH_KNOTS('',1,(#10231,#10232),.UNSPECIFIED.,
  .F.,.F.,(2,2),(4.712388980385,6.28318530718),
  .PIECEWISE_BEZIER_KNOTS.);
#10231 = CARTESIAN_POINT('',(0.,-1.570796326795));
#10232 = CARTESIAN_POINT('',(0.,0.));
#10233 = ( GEOMETRIC_REPRESENTATION_CONTEXT(2) 
PARAMETRIC_REPRESENTATION_CONTEXT() REPRESENTATION_CONTEXT('2D SPACE',''
  ) );
#10234 = PCURVE('',#8421,#10235);
#10235 = DEFINITIONAL_REPRESENTATION('',(#10236),#10239);
#10236 = B_SPLINE_CURVE_WITH_KNOTS('',1,(#10237,#10238),.UNSPECIFIED.,
  .F.,.F.,(2,2),(4.712388980385,6.28318530718),
  .PIECEWISE_BEZIER_KNOTS.);
#10237 = CARTESIAN_POINT('',(1.570796326795,1.65));
#10238 = CARTESIAN_POINT('',(0.,1.65));
#10239 = ( GEOMETRIC_REPRESENTATION_CONTEXT(2) 
PARAMETRIC_REPRESENTATION_CONTEXT() REPRESENTATION_CONTEXT('2D SPACE',''
  ) );
#10240 = ORIENTED_EDGE('',*,*,#10241,.T.);
#10241 = EDGE_CURVE('',#10220,#8321,#10242,.T.);
#10242 = SURFACE_CURVE('',#10243,(#10248,#10254),.PCURVE_S1.);
#10243 = CIRCLE('',#10244,1.65);
#10244 = AXIS2_PLACEMENT_3D('',#10245,#10246,#10247);
#10245 = CARTESIAN_POINT('',(5.E-02,7.15,-16.35));
#10246 = DIRECTION('',(-1.,-6.123233995737E-17,0.));
#10247 = DIRECTION('',(6.123233995737E-17,-1.,-0.));
#10248 = PCURVE('',#8337,#10249);
#10249 = DEFINITIONAL_REPRESENTATION('',(#10250),#10253);
#10250 = B_SPLINE_CURVE_WITH_KNOTS('',1,(#10251,#10252),.UNSPECIFIED.,
  .F.,.F.,(2,2),(4.712388980385,6.28318530718),
  .PIECEWISE_BEZIER_KNOTS.);
#10251 = CARTESIAN_POINT('',(-1.570796326795,-1.570796326795));
#10252 = CARTESIAN_POINT('',(-1.570796326795,0.));
#10253 = ( GEOMETRIC_REPRESENTATION_CONTEXT(2) 
PARAMETRIC_REPRESENTATION_CONTEXT() REPRESENTATION_CONTEXT('2D SPACE',''
  ) );
#10254 = PCURVE('',#10201,#10255);
#10255 = DEFINITIONAL_REPRESENTATION('',(#10256),#10259);
#10256 = B_SPLINE_CURVE_WITH_KNOTS('',1,(#10257,#10258),.UNSPECIFIED.,
  .F.,.F.,(2,2),(4.712388980385,6.28318530718),
  .PIECEWISE_BEZIER_KNOTS.);
#10257 = CARTESIAN_POINT('',(1.570796326795,1.75));
#10258 = CARTESIAN_POINT('',(0.,1.75));
#10259 = ( GEOMETRIC_REPRESENTATION_CONTEXT(2) 
PARAMETRIC_REPRESENTATION_CONTEXT() REPRESENTATION_CONTEXT('2D SPACE',''
  ) );
#10260 = ORIENTED_EDGE('',*,*,#8320,.F.);
#10261 = ADVANCED_FACE('',(#10262),#8421,.F.);
#10262 = FACE_BOUND('',#10263,.F.);
#10263 = EDGE_LOOP('',(#10264,#10265,#10293,#10313));
#10264 = ORIENTED_EDGE('',*,*,#10219,.F.);
#10265 = ORIENTED_EDGE('',*,*,#10266,.T.);
#10266 = EDGE_CURVE('',#10220,#10267,#10269,.T.);
#10267 = VERTEX_POINT('',#10268);
#10268 = CARTESIAN_POINT('',(5.E-02,8.35,-18.));
#10269 = SURFACE_CURVE('',#10270,(#10274,#10281),.PCURVE_S1.);
#10270 = LINE('',#10271,#10272);
#10271 = CARTESIAN_POINT('',(5.E-02,5.5,-18.));
#10272 = VECTOR('',#10273,1.);
#10273 = DIRECTION('',(-0.,1.,0.));
#10274 = PCURVE('',#8421,#10275);
#10275 = DEFINITIONAL_REPRESENTATION('',(#10276),#10280);
#10276 = LINE('',#10277,#10278);
#10277 = CARTESIAN_POINT('',(1.570796326795,0.));
#10278 = VECTOR('',#10279,1.);
#10279 = DIRECTION('',(0.,1.));
#10280 = ( GEOMETRIC_REPRESENTATION_CONTEXT(2) 
PARAMETRIC_REPRESENTATION_CONTEXT() REPRESENTATION_CONTEXT('2D SPACE',''
  ) );
#10281 = PCURVE('',#10282,#10287);
#10282 = PLANE('',#10283);
#10283 = AXIS2_PLACEMENT_3D('',#10284,#10285,#10286);
#10284 = CARTESIAN_POINT('',(-1.7,5.5,-18.));
#10285 = DIRECTION('',(0.,0.,1.));
#10286 = DIRECTION('',(1.,0.,-0.));
#10287 = DEFINITIONAL_REPRESENTATION('',(#10288),#10292);
#10288 = LINE('',#10289,#10290);
#10289 = CARTESIAN_POINT('',(1.75,0.));
#10290 = VECTOR('',#10291,1.);
#10291 = DIRECTION('',(0.,1.));
#10292 = ( GEOMETRIC_REPRESENTATION_CONTEXT(2) 
PARAMETRIC_REPRESENTATION_CONTEXT() REPRESENTATION_CONTEXT('2D SPACE',''
  ) );
#10293 = ORIENTED_EDGE('',*,*,#10294,.T.);
#10294 = EDGE_CURVE('',#10267,#8406,#10295,.T.);
#10295 = SURFACE_CURVE('',#10296,(#10301,#10307),.PCURVE_S1.);
#10296 = CIRCLE('',#10297,1.65);
#10297 = AXIS2_PLACEMENT_3D('',#10298,#10299,#10300);
#10298 = CARTESIAN_POINT('',(5.E-02,8.35,-16.35));
#10299 = DIRECTION('',(-1.345724878334E-16,-1.,0.));
#10300 = DIRECTION('',(1.,-1.345724878334E-16,0.));
#10301 = PCURVE('',#8421,#10302);
#10302 = DEFINITIONAL_REPRESENTATION('',(#10303),#10306);
#10303 = B_SPLINE_CURVE_WITH_KNOTS('',1,(#10304,#10305),.UNSPECIFIED.,
  .F.,.F.,(2,2),(4.712388980385,6.28318530718),
  .PIECEWISE_BEZIER_KNOTS.);
#10304 = CARTESIAN_POINT('',(1.570796326795,2.85));
#10305 = CARTESIAN_POINT('',(0.,2.85));
#10306 = ( GEOMETRIC_REPRESENTATION_CONTEXT(2) 
PARAMETRIC_REPRESENTATION_CONTEXT() REPRESENTATION_CONTEXT('2D SPACE',''
  ) );
#10307 = PCURVE('',#8476,#10308);
#10308 = DEFINITIONAL_REPRESENTATION('',(#10309),#10312);
#10309 = B_SPLINE_CURVE_WITH_KNOTS('',1,(#10310,#10311),.UNSPECIFIED.,
  .F.,.F.,(2,2),(4.712388980385,6.28318530718),
  .PIECEWISE_BEZIER_KNOTS.);
#10310 = CARTESIAN_POINT('',(0.,-1.570796326795));
#10311 = CARTESIAN_POINT('',(0.,0.));
#10312 = ( GEOMETRIC_REPRESENTATION_CONTEXT(2) 
PARAMETRIC_REPRESENTATION_CONTEXT() REPRESENTATION_CONTEXT('2D SPACE',''
  ) );
#10313 = ORIENTED_EDGE('',*,*,#8405,.F.);
#10314 = ADVANCED_FACE('',(#10315),#8476,.F.);
#10315 = FACE_BOUND('',#10316,.F.);
#10316 = EDGE_LOOP('',(#10317,#10318,#10338));
#10317 = ORIENTED_EDGE('',*,*,#10294,.F.);
#10318 = ORIENTED_EDGE('',*,*,#10319,.T.);
#10319 = EDGE_CURVE('',#10267,#8460,#10320,.T.);
#10320 = SURFACE_CURVE('',#10321,(#10326,#10332),.PCURVE_S1.);
#10321 = CIRCLE('',#10322,1.65);
#10322 = AXIS2_PLACEMENT_3D('',#10323,#10324,#10325);
#10323 = CARTESIAN_POINT('',(5.E-02,8.35,-16.35));
#10324 = DIRECTION('',(1.,2.623977713431E-17,-0.));
#10325 = DIRECTION('',(-2.623977713431E-17,1.,-0.));
#10326 = PCURVE('',#8476,#10327);
#10327 = DEFINITIONAL_REPRESENTATION('',(#10328),#10331);
#10328 = B_SPLINE_CURVE_WITH_KNOTS('',1,(#10329,#10330),.UNSPECIFIED.,
  .F.,.F.,(2,2),(4.712388980385,6.28318530718),
  .PIECEWISE_BEZIER_KNOTS.);
#10329 = CARTESIAN_POINT('',(1.570796326795,-1.570796326795));
#10330 = CARTESIAN_POINT('',(1.570796326795,0.));
#10331 = ( GEOMETRIC_REPRESENTATION_CONTEXT(2) 
PARAMETRIC_REPRESENTATION_CONTEXT() REPRESENTATION_CONTEXT('2D SPACE',''
  ) );
#10332 = PCURVE('',#8529,#10333);
#10333 = DEFINITIONAL_REPRESENTATION('',(#10334),#10337);
#10334 = B_SPLINE_CURVE_WITH_KNOTS('',1,(#10335,#10336),.UNSPECIFIED.,
  .F.,.F.,(2,2),(4.712388980385,6.28318530718),
  .PIECEWISE_BEZIER_KNOTS.);
#10335 = CARTESIAN_POINT('',(-1.570796326795,1.75));
#10336 = CARTESIAN_POINT('',(0.,1.75));
#10337 = ( GEOMETRIC_REPRESENTATION_CONTEXT(2) 
PARAMETRIC_REPRESENTATION_CONTEXT() REPRESENTATION_CONTEXT('2D SPACE',''
  ) );
#10338 = ORIENTED_EDGE('',*,*,#8459,.F.);
#10339 = ADVANCED_FACE('',(#10340),#8529,.F.);
#10340 = FACE_BOUND('',#10341,.T.);
#10341 = EDGE_LOOP('',(#10342,#10364,#10385,#10386));
#10342 = ORIENTED_EDGE('',*,*,#10343,.F.);
#10343 = EDGE_CURVE('',#10344,#8514,#10346,.T.);
#10344 = VERTEX_POINT('',#10345);
#10345 = CARTESIAN_POINT('',(-5.E-02,8.35,-18.));
#10346 = SURFACE_CURVE('',#10347,(#10352,#10358),.PCURVE_S1.);
#10347 = CIRCLE('',#10348,1.65);
#10348 = AXIS2_PLACEMENT_3D('',#10349,#10350,#10351);
#10349 = CARTESIAN_POINT('',(-5.E-02,8.35,-16.35));
#10350 = DIRECTION('',(1.,-2.623977713431E-17,0.));
#10351 = DIRECTION('',(2.623977713431E-17,1.,0.));
#10352 = PCURVE('',#8529,#10353);
#10353 = DEFINITIONAL_REPRESENTATION('',(#10354),#10357);
#10354 = B_SPLINE_CURVE_WITH_KNOTS('',1,(#10355,#10356),.UNSPECIFIED.,
  .F.,.F.,(2,2),(4.712388980385,6.28318530718),
  .PIECEWISE_BEZIER_KNOTS.);
#10355 = CARTESIAN_POINT('',(-1.570796326795,1.65));
#10356 = CARTESIAN_POINT('',(0.,1.65));
#10357 = ( GEOMETRIC_REPRESENTATION_CONTEXT(2) 
PARAMETRIC_REPRESENTATION_CONTEXT() REPRESENTATION_CONTEXT('2D SPACE',''
  ) );
#10358 = PCURVE('',#8605,#10359);
#10359 = DEFINITIONAL_REPRESENTATION('',(#10360),#10363);
#10360 = B_SPLINE_CURVE_WITH_KNOTS('',1,(#10361,#10362),.UNSPECIFIED.,
  .F.,.F.,(2,2),(4.712388980385,6.28318530718),
  .PIECEWISE_BEZIER_KNOTS.);
#10361 = CARTESIAN_POINT('',(-1.570796326795,-1.570796326795));
#10362 = CARTESIAN_POINT('',(-1.570796326795,0.));
#10363 = ( GEOMETRIC_REPRESENTATION_CONTEXT(2) 
PARAMETRIC_REPRESENTATION_CONTEXT() REPRESENTATION_CONTEXT('2D SPACE',''
  ) );
#10364 = ORIENTED_EDGE('',*,*,#10365,.T.);
#10365 = EDGE_CURVE('',#10344,#10267,#10366,.T.);
#10366 = SURFACE_CURVE('',#10367,(#10371,#10378),.PCURVE_S1.);
#10367 = LINE('',#10368,#10369);
#10368 = CARTESIAN_POINT('',(-1.7,8.35,-18.));
#10369 = VECTOR('',#10370,1.);
#10370 = DIRECTION('',(1.,0.,-0.));
#10371 = PCURVE('',#8529,#10372);
#10372 = DEFINITIONAL_REPRESENTATION('',(#10373),#10377);
#10373 = LINE('',#10374,#10375);
#10374 = CARTESIAN_POINT('',(-1.570796326795,0.));
#10375 = VECTOR('',#10376,1.);
#10376 = DIRECTION('',(-0.,1.));
#10377 = ( GEOMETRIC_REPRESENTATION_CONTEXT(2) 
PARAMETRIC_REPRESENTATION_CONTEXT() REPRESENTATION_CONTEXT('2D SPACE',''
  ) );
#10378 = PCURVE('',#10282,#10379);
#10379 = DEFINITIONAL_REPRESENTATION('',(#10380),#10384);
#10380 = LINE('',#10381,#10382);
#10381 = CARTESIAN_POINT('',(0.,2.85));
#10382 = VECTOR('',#10383,1.);
#10383 = DIRECTION('',(1.,0.));
#10384 = ( GEOMETRIC_REPRESENTATION_CONTEXT(2) 
PARAMETRIC_REPRESENTATION_CONTEXT() REPRESENTATION_CONTEXT('2D SPACE',''
  ) );
#10385 = ORIENTED_EDGE('',*,*,#10319,.T.);
#10386 = ORIENTED_EDGE('',*,*,#8513,.F.);
#10387 = ADVANCED_FACE('',(#10388),#8605,.F.);
#10388 = FACE_BOUND('',#10389,.T.);
#10389 = EDGE_LOOP('',(#10390,#10410,#10411));
#10390 = ORIENTED_EDGE('',*,*,#10391,.F.);
#10391 = EDGE_CURVE('',#10344,#8568,#10392,.T.);
#10392 = SURFACE_CURVE('',#10393,(#10398,#10404),.PCURVE_S1.);
#10393 = CIRCLE('',#10394,1.65);
#10394 = AXIS2_PLACEMENT_3D('',#10395,#10396,#10397);
#10395 = CARTESIAN_POINT('',(-5.E-02,8.35,-16.35));
#10396 = DIRECTION('',(-1.345724878334E-16,1.,0.));
#10397 = DIRECTION('',(-1.,-1.345724878334E-16,0.));
#10398 = PCURVE('',#8605,#10399);
#10399 = DEFINITIONAL_REPRESENTATION('',(#10400),#10403);
#10400 = B_SPLINE_CURVE_WITH_KNOTS('',1,(#10401,#10402),.UNSPECIFIED.,
  .F.,.F.,(2,2),(4.712388980385,6.28318530718),
  .PIECEWISE_BEZIER_KNOTS.);
#10401 = CARTESIAN_POINT('',(0.,-1.570796326795));
#10402 = CARTESIAN_POINT('',(0.,0.));
#10403 = ( GEOMETRIC_REPRESENTATION_CONTEXT(2) 
PARAMETRIC_REPRESENTATION_CONTEXT() REPRESENTATION_CONTEXT('2D SPACE',''
  ) );
#10404 = PCURVE('',#8659,#10405);
#10405 = DEFINITIONAL_REPRESENTATION('',(#10406),#10409);
#10406 = B_SPLINE_CURVE_WITH_KNOTS('',1,(#10407,#10408),.UNSPECIFIED.,
  .F.,.F.,(2,2),(4.712388980385,6.28318530718),
  .PIECEWISE_BEZIER_KNOTS.);
#10407 = CARTESIAN_POINT('',(-1.570796326795,2.85));
#10408 = CARTESIAN_POINT('',(0.,2.85));
#10409 = ( GEOMETRIC_REPRESENTATION_CONTEXT(2) 
PARAMETRIC_REPRESENTATION_CONTEXT() REPRESENTATION_CONTEXT('2D SPACE',''
  ) );
#10410 = ORIENTED_EDGE('',*,*,#10343,.T.);
#10411 = ORIENTED_EDGE('',*,*,#8590,.F.);
#10412 = ADVANCED_FACE('',(#10413),#8659,.F.);
#10413 = FACE_BOUND('',#10414,.T.);
#10414 = EDGE_LOOP('',(#10415,#10437,#10458,#10459));
#10415 = ORIENTED_EDGE('',*,*,#10416,.F.);
#10416 = EDGE_CURVE('',#10417,#8623,#10419,.T.);
#10417 = VERTEX_POINT('',#10418);
#10418 = CARTESIAN_POINT('',(-5.E-02,7.15,-18.));
#10419 = SURFACE_CURVE('',#10420,(#10425,#10431),.PCURVE_S1.);
#10420 = CIRCLE('',#10421,1.65);
#10421 = AXIS2_PLACEMENT_3D('',#10422,#10423,#10424);
#10422 = CARTESIAN_POINT('',(-5.E-02,7.15,-16.35));
#10423 = DIRECTION('',(0.,1.,-0.));
#10424 = DIRECTION('',(-1.,0.,0.));
#10425 = PCURVE('',#8659,#10426);
#10426 = DEFINITIONAL_REPRESENTATION('',(#10427),#10430);
#10427 = B_SPLINE_CURVE_WITH_KNOTS('',1,(#10428,#10429),.UNSPECIFIED.,
  .F.,.F.,(2,2),(4.712388980385,6.28318530718),
  .PIECEWISE_BEZIER_KNOTS.);
#10428 = CARTESIAN_POINT('',(-1.570796326795,1.65));
#10429 = CARTESIAN_POINT('',(0.,1.65));
#10430 = ( GEOMETRIC_REPRESENTATION_CONTEXT(2) 
PARAMETRIC_REPRESENTATION_CONTEXT() REPRESENTATION_CONTEXT('2D SPACE',''
  ) );
#10431 = PCURVE('',#8694,#10432);
#10432 = DEFINITIONAL_REPRESENTATION('',(#10433),#10436);
#10433 = B_SPLINE_CURVE_WITH_KNOTS('',1,(#10434,#10435),.UNSPECIFIED.,
  .F.,.F.,(2,2),(4.712388980385,6.28318530718),
  .PIECEWISE_BEZIER_KNOTS.);
#10434 = CARTESIAN_POINT('',(0.,-1.570796326795));
#10435 = CARTESIAN_POINT('',(0.,0.));
#10436 = ( GEOMETRIC_REPRESENTATION_CONTEXT(2) 
PARAMETRIC_REPRESENTATION_CONTEXT() REPRESENTATION_CONTEXT('2D SPACE',''
  ) );
#10437 = ORIENTED_EDGE('',*,*,#10438,.T.);
#10438 = EDGE_CURVE('',#10417,#10344,#10439,.T.);
#10439 = SURFACE_CURVE('',#10440,(#10444,#10451),.PCURVE_S1.);
#10440 = LINE('',#10441,#10442);
#10441 = CARTESIAN_POINT('',(-5.E-02,5.5,-18.));
#10442 = VECTOR('',#10443,1.);
#10443 = DIRECTION('',(-0.,1.,0.));
#10444 = PCURVE('',#8659,#10445);
#10445 = DEFINITIONAL_REPRESENTATION('',(#10446),#10450);
#10446 = LINE('',#10447,#10448);
#10447 = CARTESIAN_POINT('',(-1.570796326795,0.));
#10448 = VECTOR('',#10449,1.);
#10449 = DIRECTION('',(-0.,1.));
#10450 = ( GEOMETRIC_REPRESENTATION_CONTEXT(2) 
PARAMETRIC_REPRESENTATION_CONTEXT() REPRESENTATION_CONTEXT('2D SPACE',''
  ) );
#10451 = PCURVE('',#10282,#10452);
#10452 = DEFINITIONAL_REPRESENTATION('',(#10453),#10457);
#10453 = LINE('',#10454,#10455);
#10454 = CARTESIAN_POINT('',(1.65,0.));
#10455 = VECTOR('',#10456,1.);
#10456 = DIRECTION('',(0.,1.));
#10457 = ( GEOMETRIC_REPRESENTATION_CONTEXT(2) 
PARAMETRIC_REPRESENTATION_CONTEXT() REPRESENTATION_CONTEXT('2D SPACE',''
  ) );
#10458 = ORIENTED_EDGE('',*,*,#10391,.T.);
#10459 = ORIENTED_EDGE('',*,*,#8645,.F.);
#10460 = ADVANCED_FACE('',(#10461),#8694,.F.);
#10461 = FACE_BOUND('',#10462,.F.);
#10462 = EDGE_LOOP('',(#10463,#10464,#10484));
#10463 = ORIENTED_EDGE('',*,*,#10416,.F.);
#10464 = ORIENTED_EDGE('',*,*,#10465,.T.);
#10465 = EDGE_CURVE('',#10417,#8678,#10466,.T.);
#10466 = SURFACE_CURVE('',#10467,(#10472,#10478),.PCURVE_S1.);
#10467 = CIRCLE('',#10468,1.65);
#10468 = AXIS2_PLACEMENT_3D('',#10469,#10470,#10471);
#10469 = CARTESIAN_POINT('',(-5.E-02,7.15,-16.35));
#10470 = DIRECTION('',(-1.,6.123233995737E-17,0.));
#10471 = DIRECTION('',(-6.123233995737E-17,-1.,0.));
#10472 = PCURVE('',#8694,#10473);
#10473 = DEFINITIONAL_REPRESENTATION('',(#10474),#10477);
#10474 = B_SPLINE_CURVE_WITH_KNOTS('',1,(#10475,#10476),.UNSPECIFIED.,
  .F.,.F.,(2,2),(4.712388980385,6.28318530718),
  .PIECEWISE_BEZIER_KNOTS.);
#10475 = CARTESIAN_POINT('',(1.570796326795,-1.570796326795));
#10476 = CARTESIAN_POINT('',(1.570796326795,0.));
#10477 = ( GEOMETRIC_REPRESENTATION_CONTEXT(2) 
PARAMETRIC_REPRESENTATION_CONTEXT() REPRESENTATION_CONTEXT('2D SPACE',''
  ) );
#10478 = PCURVE('',#10201,#10479);
#10479 = DEFINITIONAL_REPRESENTATION('',(#10480),#10483);
#10480 = B_SPLINE_CURVE_WITH_KNOTS('',1,(#10481,#10482),.UNSPECIFIED.,
  .F.,.F.,(2,2),(4.712388980385,6.28318530718),
  .PIECEWISE_BEZIER_KNOTS.);
#10481 = CARTESIAN_POINT('',(1.570796326795,1.65));
#10482 = CARTESIAN_POINT('',(0.,1.65));
#10483 = ( GEOMETRIC_REPRESENTATION_CONTEXT(2) 
PARAMETRIC_REPRESENTATION_CONTEXT() REPRESENTATION_CONTEXT('2D SPACE',''
  ) );
#10484 = ORIENTED_EDGE('',*,*,#8677,.F.);
#10485 = ADVANCED_FACE('',(#10486),#8842,.F.);
#10486 = FACE_BOUND('',#10487,.F.);
#10487 = EDGE_LOOP('',(#10488,#10489,#10515,#10516));
#10488 = ORIENTED_EDGE('',*,*,#9203,.F.);
#10489 = ORIENTED_EDGE('',*,*,#10490,.T.);
#10490 = EDGE_CURVE('',#9204,#8825,#10491,.T.);
#10491 = SURFACE_CURVE('',#10492,(#10496,#10503),.PCURVE_S1.);
#10492 = LINE('',#10493,#10494);
#10493 = CARTESIAN_POINT('',(-5.5,-1.7,-16.35));
#10494 = VECTOR('',#10495,1.);
#10495 = DIRECTION('',(-0.,1.,0.));
#10496 = PCURVE('',#8842,#10497);
#10497 = DEFINITIONAL_REPRESENTATION('',(#10498),#10502);
#10498 = LINE('',#10499,#10500);
#10499 = CARTESIAN_POINT('',(1.65,0.));
#10500 = VECTOR('',#10501,1.);
#10501 = DIRECTION('',(0.,-1.));
#10502 = ( GEOMETRIC_REPRESENTATION_CONTEXT(2) 
PARAMETRIC_REPRESENTATION_CONTEXT() REPRESENTATION_CONTEXT('2D SPACE',''
  ) );
#10503 = PCURVE('',#10504,#10509);
#10504 = CYLINDRICAL_SURFACE('',#10505,1.65);
#10505 = AXIS2_PLACEMENT_3D('',#10506,#10507,#10508);
#10506 = CARTESIAN_POINT('',(-7.15,-1.7,-16.35));
#10507 = DIRECTION('',(-0.,1.,0.));
#10508 = DIRECTION('',(1.,0.,-0.));
#10509 = DEFINITIONAL_REPRESENTATION('',(#10510),#10514);
#10510 = LINE('',#10511,#10512);
#10511 = CARTESIAN_POINT('',(0.,0.));
#10512 = VECTOR('',#10513,1.);
#10513 = DIRECTION('',(0.,1.));
#10514 = ( GEOMETRIC_REPRESENTATION_CONTEXT(2) 
PARAMETRIC_REPRESENTATION_CONTEXT() REPRESENTATION_CONTEXT('2D SPACE',''
  ) );
#10515 = ORIENTED_EDGE('',*,*,#8824,.T.);
#10516 = ORIENTED_EDGE('',*,*,#9759,.T.);
#10517 = ADVANCED_FACE('',(#10518),#8871,.F.);
#10518 = FACE_BOUND('',#10519,.F.);
#10519 = EDGE_LOOP('',(#10520,#10542,#10562));
#10520 = ORIENTED_EDGE('',*,*,#10521,.F.);
#10521 = EDGE_CURVE('',#10522,#8825,#10524,.T.);
#10522 = VERTEX_POINT('',#10523);
#10523 = CARTESIAN_POINT('',(-7.15,5.E-02,-18.));
#10524 = SURFACE_CURVE('',#10525,(#10530,#10536),.PCURVE_S1.);
#10525 = CIRCLE('',#10526,1.65);
#10526 = AXIS2_PLACEMENT_3D('',#10527,#10528,#10529);
#10527 = CARTESIAN_POINT('',(-7.15,5.E-02,-16.35));
#10528 = DIRECTION('',(0.,-1.,0.));
#10529 = DIRECTION('',(1.,0.,0.));
#10530 = PCURVE('',#8871,#10531);
#10531 = DEFINITIONAL_REPRESENTATION('',(#10532),#10535);
#10532 = B_SPLINE_CURVE_WITH_KNOTS('',1,(#10533,#10534),.UNSPECIFIED.,
  .F.,.F.,(2,2),(4.712388980385,6.28318530718),
  .PIECEWISE_BEZIER_KNOTS.);
#10533 = CARTESIAN_POINT('',(0.,-1.570796326795));
#10534 = CARTESIAN_POINT('',(0.,0.));
#10535 = ( GEOMETRIC_REPRESENTATION_CONTEXT(2) 
PARAMETRIC_REPRESENTATION_CONTEXT() REPRESENTATION_CONTEXT('2D SPACE',''
  ) );
#10536 = PCURVE('',#10504,#10537);
#10537 = DEFINITIONAL_REPRESENTATION('',(#10538),#10541);
#10538 = B_SPLINE_CURVE_WITH_KNOTS('',1,(#10539,#10540),.UNSPECIFIED.,
  .F.,.F.,(2,2),(4.712388980385,6.28318530718),
  .PIECEWISE_BEZIER_KNOTS.);
#10539 = CARTESIAN_POINT('',(1.570796326795,1.75));
#10540 = CARTESIAN_POINT('',(0.,1.75));
#10541 = ( GEOMETRIC_REPRESENTATION_CONTEXT(2) 
PARAMETRIC_REPRESENTATION_CONTEXT() REPRESENTATION_CONTEXT('2D SPACE',''
  ) );
#10542 = ORIENTED_EDGE('',*,*,#10543,.T.);
#10543 = EDGE_CURVE('',#10522,#8855,#10544,.T.);
#10544 = SURFACE_CURVE('',#10545,(#10550,#10556),.PCURVE_S1.);
#10545 = CIRCLE('',#10546,1.65);
#10546 = AXIS2_PLACEMENT_3D('',#10547,#10548,#10549);
#10547 = CARTESIAN_POINT('',(-7.15,5.E-02,-16.35));
#10548 = DIRECTION('',(1.,-2.832769448824E-16,0.));
#10549 = DIRECTION('',(2.832769448824E-16,1.,0.));
#10550 = PCURVE('',#8871,#10551);
#10551 = DEFINITIONAL_REPRESENTATION('',(#10552),#10555);
#10552 = B_SPLINE_CURVE_WITH_KNOTS('',1,(#10553,#10554),.UNSPECIFIED.,
  .F.,.F.,(2,2),(4.712388980385,6.28318530718),
  .PIECEWISE_BEZIER_KNOTS.);
#10553 = CARTESIAN_POINT('',(1.570796326795,-1.570796326795));
#10554 = CARTESIAN_POINT('',(1.570796326795,0.));
#10555 = ( GEOMETRIC_REPRESENTATION_CONTEXT(2) 
PARAMETRIC_REPRESENTATION_CONTEXT() REPRESENTATION_CONTEXT('2D SPACE',''
  ) );
#10556 = PCURVE('',#8947,#10557);
#10557 = DEFINITIONAL_REPRESENTATION('',(#10558),#10561);
#10558 = B_SPLINE_CURVE_WITH_KNOTS('',1,(#10559,#10560),.UNSPECIFIED.,
  .F.,.F.,(2,2),(4.712388980385,6.28318530718),
  .PIECEWISE_BEZIER_KNOTS.);
#10559 = CARTESIAN_POINT('',(-1.570796326795,2.85));
#10560 = CARTESIAN_POINT('',(0.,2.85));
#10561 = ( GEOMETRIC_REPRESENTATION_CONTEXT(2) 
PARAMETRIC_REPRESENTATION_CONTEXT() REPRESENTATION_CONTEXT('2D SPACE',''
  ) );
#10562 = ORIENTED_EDGE('',*,*,#8854,.F.);
#10563 = ADVANCED_FACE('',(#10564),#8947,.F.);
#10564 = FACE_BOUND('',#10565,.T.);
#10565 = EDGE_LOOP('',(#10566,#10588,#10614,#10615));
#10566 = ORIENTED_EDGE('',*,*,#10567,.F.);
#10567 = EDGE_CURVE('',#10568,#8932,#10570,.T.);
#10568 = VERTEX_POINT('',#10569);
#10569 = CARTESIAN_POINT('',(-8.35,5.E-02,-18.));
#10570 = SURFACE_CURVE('',#10571,(#10576,#10582),.PCURVE_S1.);
#10571 = CIRCLE('',#10572,1.65);
#10572 = AXIS2_PLACEMENT_3D('',#10573,#10574,#10575);
#10573 = CARTESIAN_POINT('',(-8.35,5.E-02,-16.35));
#10574 = DIRECTION('',(1.,2.832769448824E-16,-0.));
#10575 = DIRECTION('',(-2.832769448824E-16,1.,0.));
#10576 = PCURVE('',#8947,#10577);
#10577 = DEFINITIONAL_REPRESENTATION('',(#10578),#10581);
#10578 = B_SPLINE_CURVE_WITH_KNOTS('',1,(#10579,#10580),.UNSPECIFIED.,
  .F.,.F.,(2,2),(4.712388980385,6.28318530718),
  .PIECEWISE_BEZIER_KNOTS.);
#10579 = CARTESIAN_POINT('',(-1.570796326795,1.65));
#10580 = CARTESIAN_POINT('',(0.,1.65));
#10581 = ( GEOMETRIC_REPRESENTATION_CONTEXT(2) 
PARAMETRIC_REPRESENTATION_CONTEXT() REPRESENTATION_CONTEXT('2D SPACE',''
  ) );
#10582 = PCURVE('',#9023,#10583);
#10583 = DEFINITIONAL_REPRESENTATION('',(#10584),#10587);
#10584 = B_SPLINE_CURVE_WITH_KNOTS('',1,(#10585,#10586),.UNSPECIFIED.,
  .F.,.F.,(2,2),(4.712388980385,6.28318530718),
  .PIECEWISE_BEZIER_KNOTS.);
#10585 = CARTESIAN_POINT('',(-1.570796326795,-1.570796326795));
#10586 = CARTESIAN_POINT('',(-1.570796326795,0.));
#10587 = ( GEOMETRIC_REPRESENTATION_CONTEXT(2) 
PARAMETRIC_REPRESENTATION_CONTEXT() REPRESENTATION_CONTEXT('2D SPACE',''
  ) );
#10588 = ORIENTED_EDGE('',*,*,#10589,.T.);
#10589 = EDGE_CURVE('',#10568,#10522,#10590,.T.);
#10590 = SURFACE_CURVE('',#10591,(#10595,#10602),.PCURVE_S1.);
#10591 = LINE('',#10592,#10593);
#10592 = CARTESIAN_POINT('',(-10.,5.E-02,-18.));
#10593 = VECTOR('',#10594,1.);
#10594 = DIRECTION('',(1.,0.,-0.));
#10595 = PCURVE('',#8947,#10596);
#10596 = DEFINITIONAL_REPRESENTATION('',(#10597),#10601);
#10597 = LINE('',#10598,#10599);
#10598 = CARTESIAN_POINT('',(-1.570796326795,0.));
#10599 = VECTOR('',#10600,1.);
#10600 = DIRECTION('',(-0.,1.));
#10601 = ( GEOMETRIC_REPRESENTATION_CONTEXT(2) 
PARAMETRIC_REPRESENTATION_CONTEXT() REPRESENTATION_CONTEXT('2D SPACE',''
  ) );
#10602 = PCURVE('',#10603,#10608);
#10603 = PLANE('',#10604);
#10604 = AXIS2_PLACEMENT_3D('',#10605,#10606,#10607);
#10605 = CARTESIAN_POINT('',(-10.,-1.7,-18.));
#10606 = DIRECTION('',(0.,0.,1.));
#10607 = DIRECTION('',(1.,0.,-0.));
#10608 = DEFINITIONAL_REPRESENTATION('',(#10609),#10613);
#10609 = LINE('',#10610,#10611);
#10610 = CARTESIAN_POINT('',(0.,1.75));
#10611 = VECTOR('',#10612,1.);
#10612 = DIRECTION('',(1.,0.));
#10613 = ( GEOMETRIC_REPRESENTATION_CONTEXT(2) 
PARAMETRIC_REPRESENTATION_CONTEXT() REPRESENTATION_CONTEXT('2D SPACE',''
  ) );
#10614 = ORIENTED_EDGE('',*,*,#10543,.T.);
#10615 = ORIENTED_EDGE('',*,*,#8931,.F.);
#10616 = ADVANCED_FACE('',(#10617),#9023,.F.);
#10617 = FACE_BOUND('',#10618,.T.);
#10618 = EDGE_LOOP('',(#10619,#10639,#10640));
#10619 = ORIENTED_EDGE('',*,*,#10620,.F.);
#10620 = EDGE_CURVE('',#10568,#8986,#10621,.T.);
#10621 = SURFACE_CURVE('',#10622,(#10627,#10633),.PCURVE_S1.);
#10622 = CIRCLE('',#10623,1.65);
#10623 = AXIS2_PLACEMENT_3D('',#10624,#10625,#10626);
#10624 = CARTESIAN_POINT('',(-8.35,5.E-02,-16.35));
#10625 = DIRECTION('',(0.,1.,-0.));
#10626 = DIRECTION('',(-1.,0.,0.));
#10627 = PCURVE('',#9023,#10628);
#10628 = DEFINITIONAL_REPRESENTATION('',(#10629),#10632);
#10629 = B_SPLINE_CURVE_WITH_KNOTS('',1,(#10630,#10631),.UNSPECIFIED.,
  .F.,.F.,(2,2),(4.712388980385,6.28318530718),
  .PIECEWISE_BEZIER_KNOTS.);
#10630 = CARTESIAN_POINT('',(0.,-1.570796326795));
#10631 = CARTESIAN_POINT('',(0.,0.));
#10632 = ( GEOMETRIC_REPRESENTATION_CONTEXT(2) 
PARAMETRIC_REPRESENTATION_CONTEXT() REPRESENTATION_CONTEXT('2D SPACE',''
  ) );
#10633 = PCURVE('',#9077,#10634);
#10634 = DEFINITIONAL_REPRESENTATION('',(#10635),#10638);
#10635 = B_SPLINE_CURVE_WITH_KNOTS('',1,(#10636,#10637),.UNSPECIFIED.,
  .F.,.F.,(2,2),(4.712388980385,6.28318530718),
  .PIECEWISE_BEZIER_KNOTS.);
#10636 = CARTESIAN_POINT('',(-1.570796326795,1.75));
#10637 = CARTESIAN_POINT('',(0.,1.75));
#10638 = ( GEOMETRIC_REPRESENTATION_CONTEXT(2) 
PARAMETRIC_REPRESENTATION_CONTEXT() REPRESENTATION_CONTEXT('2D SPACE',''
  ) );
#10639 = ORIENTED_EDGE('',*,*,#10567,.T.);
#10640 = ORIENTED_EDGE('',*,*,#9008,.F.);
#10641 = ADVANCED_FACE('',(#10642),#9077,.F.);
#10642 = FACE_BOUND('',#10643,.T.);
#10643 = EDGE_LOOP('',(#10644,#10666,#10687,#10688));
#10644 = ORIENTED_EDGE('',*,*,#10645,.F.);
#10645 = EDGE_CURVE('',#10646,#9041,#10648,.T.);
#10646 = VERTEX_POINT('',#10647);
#10647 = CARTESIAN_POINT('',(-8.35,-5.E-02,-18.));
#10648 = SURFACE_CURVE('',#10649,(#10654,#10660),.PCURVE_S1.);
#10649 = CIRCLE('',#10650,1.65);
#10650 = AXIS2_PLACEMENT_3D('',#10651,#10652,#10653);
#10651 = CARTESIAN_POINT('',(-8.35,-5.E-02,-16.35));
#10652 = DIRECTION('',(0.,1.,-0.));
#10653 = DIRECTION('',(-1.,0.,0.));
#10654 = PCURVE('',#9077,#10655);
#10655 = DEFINITIONAL_REPRESENTATION('',(#10656),#10659);
#10656 = B_SPLINE_CURVE_WITH_KNOTS('',1,(#10657,#10658),.UNSPECIFIED.,
  .F.,.F.,(2,2),(4.712388980385,6.28318530718),
  .PIECEWISE_BEZIER_KNOTS.);
#10657 = CARTESIAN_POINT('',(-1.570796326795,1.65));
#10658 = CARTESIAN_POINT('',(0.,1.65));
#10659 = ( GEOMETRIC_REPRESENTATION_CONTEXT(2) 
PARAMETRIC_REPRESENTATION_CONTEXT() REPRESENTATION_CONTEXT('2D SPACE',''
  ) );
#10660 = PCURVE('',#9112,#10661);
#10661 = DEFINITIONAL_REPRESENTATION('',(#10662),#10665);
#10662 = B_SPLINE_CURVE_WITH_KNOTS('',1,(#10663,#10664),.UNSPECIFIED.,
  .F.,.F.,(2,2),(4.712388980385,6.28318530718),
  .PIECEWISE_BEZIER_KNOTS.);
#10663 = CARTESIAN_POINT('',(0.,-1.570796326795));
#10664 = CARTESIAN_POINT('',(0.,0.));
#10665 = ( GEOMETRIC_REPRESENTATION_CONTEXT(2) 
PARAMETRIC_REPRESENTATION_CONTEXT() REPRESENTATION_CONTEXT('2D SPACE',''
  ) );
#10666 = ORIENTED_EDGE('',*,*,#10667,.T.);
#10667 = EDGE_CURVE('',#10646,#10568,#10668,.T.);
#10668 = SURFACE_CURVE('',#10669,(#10673,#10680),.PCURVE_S1.);
#10669 = LINE('',#10670,#10671);
#10670 = CARTESIAN_POINT('',(-8.35,-1.7,-18.));
#10671 = VECTOR('',#10672,1.);
#10672 = DIRECTION('',(-0.,1.,0.));
#10673 = PCURVE('',#9077,#10674);
#10674 = DEFINITIONAL_REPRESENTATION('',(#10675),#10679);
#10675 = LINE('',#10676,#10677);
#10676 = CARTESIAN_POINT('',(-1.570796326795,0.));
#10677 = VECTOR('',#10678,1.);
#10678 = DIRECTION('',(-0.,1.));
#10679 = ( GEOMETRIC_REPRESENTATION_CONTEXT(2) 
PARAMETRIC_REPRESENTATION_CONTEXT() REPRESENTATION_CONTEXT('2D SPACE',''
  ) );
#10680 = PCURVE('',#10603,#10681);
#10681 = DEFINITIONAL_REPRESENTATION('',(#10682),#10686);
#10682 = LINE('',#10683,#10684);
#10683 = CARTESIAN_POINT('',(1.65,0.));
#10684 = VECTOR('',#10685,1.);
#10685 = DIRECTION('',(0.,1.));
#10686 = ( GEOMETRIC_REPRESENTATION_CONTEXT(2) 
PARAMETRIC_REPRESENTATION_CONTEXT() REPRESENTATION_CONTEXT('2D SPACE',''
  ) );
#10687 = ORIENTED_EDGE('',*,*,#10620,.T.);
#10688 = ORIENTED_EDGE('',*,*,#9063,.F.);
#10689 = ADVANCED_FACE('',(#10690),#9112,.F.);
#10690 = FACE_BOUND('',#10691,.F.);
#10691 = EDGE_LOOP('',(#10692,#10693,#10713));
#10692 = ORIENTED_EDGE('',*,*,#10645,.F.);
#10693 = ORIENTED_EDGE('',*,*,#10694,.T.);
#10694 = EDGE_CURVE('',#10646,#9096,#10695,.T.);
#10695 = SURFACE_CURVE('',#10696,(#10701,#10707),.PCURVE_S1.);
#10696 = CIRCLE('',#10697,1.65);
#10697 = AXIS2_PLACEMENT_3D('',#10698,#10699,#10700);
#10698 = CARTESIAN_POINT('',(-8.35,-5.E-02,-16.35));
#10699 = DIRECTION('',(-1.,2.832769448824E-16,0.));
#10700 = DIRECTION('',(-2.832769448824E-16,-1.,0.));
#10701 = PCURVE('',#9112,#10702);
#10702 = DEFINITIONAL_REPRESENTATION('',(#10703),#10706);
#10703 = B_SPLINE_CURVE_WITH_KNOTS('',1,(#10704,#10705),.UNSPECIFIED.,
  .F.,.F.,(2,2),(4.712388980385,6.28318530718),
  .PIECEWISE_BEZIER_KNOTS.);
#10704 = CARTESIAN_POINT('',(1.570796326795,-1.570796326795));
#10705 = CARTESIAN_POINT('',(1.570796326795,0.));
#10706 = ( GEOMETRIC_REPRESENTATION_CONTEXT(2) 
PARAMETRIC_REPRESENTATION_CONTEXT() REPRESENTATION_CONTEXT('2D SPACE',''
  ) );
#10707 = PCURVE('',#9165,#10708);
#10708 = DEFINITIONAL_REPRESENTATION('',(#10709),#10712);
#10709 = B_SPLINE_CURVE_WITH_KNOTS('',1,(#10710,#10711),.UNSPECIFIED.,
  .F.,.F.,(2,2),(4.712388980385,6.28318530718),
  .PIECEWISE_BEZIER_KNOTS.);
#10710 = CARTESIAN_POINT('',(1.570796326795,1.65));
#10711 = CARTESIAN_POINT('',(0.,1.65));
#10712 = ( GEOMETRIC_REPRESENTATION_CONTEXT(2) 
PARAMETRIC_REPRESENTATION_CONTEXT() REPRESENTATION_CONTEXT('2D SPACE',''
  ) );
#10713 = ORIENTED_EDGE('',*,*,#9095,.F.);
#10714 = ADVANCED_FACE('',(#10715),#9165,.F.);
#10715 = FACE_BOUND('',#10716,.F.);
#10716 = EDGE_LOOP('',(#10717,#10718,#10741,#10761));
#10717 = ORIENTED_EDGE('',*,*,#10694,.F.);
#10718 = ORIENTED_EDGE('',*,*,#10719,.T.);
#10719 = EDGE_CURVE('',#10646,#10720,#10722,.T.);
#10720 = VERTEX_POINT('',#10721);
#10721 = CARTESIAN_POINT('',(-7.15,-5.E-02,-18.));
#10722 = SURFACE_CURVE('',#10723,(#10727,#10734),.PCURVE_S1.);
#10723 = LINE('',#10724,#10725);
#10724 = CARTESIAN_POINT('',(-10.,-5.E-02,-18.));
#10725 = VECTOR('',#10726,1.);
#10726 = DIRECTION('',(1.,0.,-0.));
#10727 = PCURVE('',#9165,#10728);
#10728 = DEFINITIONAL_REPRESENTATION('',(#10729),#10733);
#10729 = LINE('',#10730,#10731);
#10730 = CARTESIAN_POINT('',(1.570796326795,0.));
#10731 = VECTOR('',#10732,1.);
#10732 = DIRECTION('',(0.,1.));
#10733 = ( GEOMETRIC_REPRESENTATION_CONTEXT(2) 
PARAMETRIC_REPRESENTATION_CONTEXT() REPRESENTATION_CONTEXT('2D SPACE',''
  ) );
#10734 = PCURVE('',#10603,#10735);
#10735 = DEFINITIONAL_REPRESENTATION('',(#10736),#10740);
#10736 = LINE('',#10737,#10738);
#10737 = CARTESIAN_POINT('',(0.,1.65));
#10738 = VECTOR('',#10739,1.);
#10739 = DIRECTION('',(1.,0.));
#10740 = ( GEOMETRIC_REPRESENTATION_CONTEXT(2) 
PARAMETRIC_REPRESENTATION_CONTEXT() REPRESENTATION_CONTEXT('2D SPACE',''
  ) );
#10741 = ORIENTED_EDGE('',*,*,#10742,.T.);
#10742 = EDGE_CURVE('',#10720,#9150,#10743,.T.);
#10743 = SURFACE_CURVE('',#10744,(#10749,#10755),.PCURVE_S1.);
#10744 = CIRCLE('',#10745,1.65);
#10745 = AXIS2_PLACEMENT_3D('',#10746,#10747,#10748);
#10746 = CARTESIAN_POINT('',(-7.15,-5.E-02,-16.35));
#10747 = DIRECTION('',(-1.,-2.832769448824E-16,0.));
#10748 = DIRECTION('',(2.832769448824E-16,-1.,-0.));
#10749 = PCURVE('',#9165,#10750);
#10750 = DEFINITIONAL_REPRESENTATION('',(#10751),#10754);
#10751 = B_SPLINE_CURVE_WITH_KNOTS('',1,(#10752,#10753),.UNSPECIFIED.,
  .F.,.F.,(2,2),(4.712388980385,6.28318530718),
  .PIECEWISE_BEZIER_KNOTS.);
#10752 = CARTESIAN_POINT('',(1.570796326795,2.85));
#10753 = CARTESIAN_POINT('',(0.,2.85));
#10754 = ( GEOMETRIC_REPRESENTATION_CONTEXT(2) 
PARAMETRIC_REPRESENTATION_CONTEXT() REPRESENTATION_CONTEXT('2D SPACE',''
  ) );
#10755 = PCURVE('',#9243,#10756);
#10756 = DEFINITIONAL_REPRESENTATION('',(#10757),#10760);
#10757 = B_SPLINE_CURVE_WITH_KNOTS('',1,(#10758,#10759),.UNSPECIFIED.,
  .F.,.F.,(2,2),(4.712388980385,6.28318530718),
  .PIECEWISE_BEZIER_KNOTS.);
#10758 = CARTESIAN_POINT('',(-1.570796326795,-1.570796326795));
#10759 = CARTESIAN_POINT('',(-1.570796326795,0.));
#10760 = ( GEOMETRIC_REPRESENTATION_CONTEXT(2) 
PARAMETRIC_REPRESENTATION_CONTEXT() REPRESENTATION_CONTEXT('2D SPACE',''
  ) );
#10761 = ORIENTED_EDGE('',*,*,#9149,.F.);
#10762 = ADVANCED_FACE('',(#10763),#9243,.F.);
#10763 = FACE_BOUND('',#10764,.T.);
#10764 = EDGE_LOOP('',(#10765,#10785,#10786));
#10765 = ORIENTED_EDGE('',*,*,#10766,.F.);
#10766 = EDGE_CURVE('',#10720,#9204,#10767,.T.);
#10767 = SURFACE_CURVE('',#10768,(#10773,#10779),.PCURVE_S1.);
#10768 = CIRCLE('',#10769,1.65);
#10769 = AXIS2_PLACEMENT_3D('',#10770,#10771,#10772);
#10770 = CARTESIAN_POINT('',(-7.15,-5.E-02,-16.35));
#10771 = DIRECTION('',(0.,-1.,0.));
#10772 = DIRECTION('',(1.,0.,0.));
#10773 = PCURVE('',#9243,#10774);
#10774 = DEFINITIONAL_REPRESENTATION('',(#10775),#10778);
#10775 = B_SPLINE_CURVE_WITH_KNOTS('',1,(#10776,#10777),.UNSPECIFIED.,
  .F.,.F.,(2,2),(4.712388980385,6.28318530718),
  .PIECEWISE_BEZIER_KNOTS.);
#10776 = CARTESIAN_POINT('',(0.,-1.570796326795));
#10777 = CARTESIAN_POINT('',(0.,0.));
#10778 = ( GEOMETRIC_REPRESENTATION_CONTEXT(2) 
PARAMETRIC_REPRESENTATION_CONTEXT() REPRESENTATION_CONTEXT('2D SPACE',''
  ) );
#10779 = PCURVE('',#10504,#10780);
#10780 = DEFINITIONAL_REPRESENTATION('',(#10781),#10784);
#10781 = B_SPLINE_CURVE_WITH_KNOTS('',1,(#10782,#10783),.UNSPECIFIED.,
  .F.,.F.,(2,2),(4.712388980385,6.28318530718),
  .PIECEWISE_BEZIER_KNOTS.);
#10782 = CARTESIAN_POINT('',(1.570796326795,1.65));
#10783 = CARTESIAN_POINT('',(0.,1.65));
#10784 = ( GEOMETRIC_REPRESENTATION_CONTEXT(2) 
PARAMETRIC_REPRESENTATION_CONTEXT() REPRESENTATION_CONTEXT('2D SPACE',''
  ) );
#10785 = ORIENTED_EDGE('',*,*,#10742,.T.);
#10786 = ORIENTED_EDGE('',*,*,#9228,.F.);
#10787 = ADVANCED_FACE('',(#10788),#9391,.F.);
#10788 = FACE_BOUND('',#10789,.T.);
#10789 = EDGE_LOOP('',(#10790,#10812,#10832));
#10790 = ORIENTED_EDGE('',*,*,#10791,.F.);
#10791 = EDGE_CURVE('',#10792,#9352,#10794,.T.);
#10792 = VERTEX_POINT('',#10793);
#10793 = CARTESIAN_POINT('',(-5.E-02,-7.15,-18.));
#10794 = SURFACE_CURVE('',#10795,(#10800,#10806),.PCURVE_S1.);
#10795 = CIRCLE('',#10796,1.65);
#10796 = AXIS2_PLACEMENT_3D('',#10797,#10798,#10799);
#10797 = CARTESIAN_POINT('',(-5.E-02,-7.15,-16.35));
#10798 = DIRECTION('',(-1.345724878334E-16,1.,0.));
#10799 = DIRECTION('',(-1.,-1.345724878334E-16,0.));
#10800 = PCURVE('',#9391,#10801);
#10801 = DEFINITIONAL_REPRESENTATION('',(#10802),#10805);
#10802 = B_SPLINE_CURVE_WITH_KNOTS('',1,(#10803,#10804),.UNSPECIFIED.,
  .F.,.F.,(2,2),(4.712388980385,6.28318530718),
  .PIECEWISE_BEZIER_KNOTS.);
#10803 = CARTESIAN_POINT('',(0.,-1.570796326795));
#10804 = CARTESIAN_POINT('',(0.,0.));
#10805 = ( GEOMETRIC_REPRESENTATION_CONTEXT(2) 
PARAMETRIC_REPRESENTATION_CONTEXT() REPRESENTATION_CONTEXT('2D SPACE',''
  ) );
#10806 = PCURVE('',#9468,#10807);
#10807 = DEFINITIONAL_REPRESENTATION('',(#10808),#10811);
#10808 = B_SPLINE_CURVE_WITH_KNOTS('',1,(#10809,#10810),.UNSPECIFIED.,
  .F.,.F.,(2,2),(4.712388980385,6.28318530718),
  .PIECEWISE_BEZIER_KNOTS.);
#10809 = CARTESIAN_POINT('',(-1.570796326795,2.85));
#10810 = CARTESIAN_POINT('',(0.,2.85));
#10811 = ( GEOMETRIC_REPRESENTATION_CONTEXT(2) 
PARAMETRIC_REPRESENTATION_CONTEXT() REPRESENTATION_CONTEXT('2D SPACE',''
  ) );
#10812 = ORIENTED_EDGE('',*,*,#10813,.T.);
#10813 = EDGE_CURVE('',#10792,#9375,#10814,.T.);
#10814 = SURFACE_CURVE('',#10815,(#10820,#10826),.PCURVE_S1.);
#10815 = CIRCLE('',#10816,1.65);
#10816 = AXIS2_PLACEMENT_3D('',#10817,#10818,#10819);
#10817 = CARTESIAN_POINT('',(-5.E-02,-7.15,-16.35));
#10818 = DIRECTION('',(1.,-2.623977713431E-17,0.));
#10819 = DIRECTION('',(2.623977713431E-17,1.,0.));
#10820 = PCURVE('',#9391,#10821);
#10821 = DEFINITIONAL_REPRESENTATION('',(#10822),#10825);
#10822 = B_SPLINE_CURVE_WITH_KNOTS('',1,(#10823,#10824),.UNSPECIFIED.,
  .F.,.F.,(2,2),(4.712388980385,6.28318530718),
  .PIECEWISE_BEZIER_KNOTS.);
#10823 = CARTESIAN_POINT('',(-1.570796326795,-1.570796326795));
#10824 = CARTESIAN_POINT('',(-1.570796326795,0.));
#10825 = ( GEOMETRIC_REPRESENTATION_CONTEXT(2) 
PARAMETRIC_REPRESENTATION_CONTEXT() REPRESENTATION_CONTEXT('2D SPACE',''
  ) );
#10826 = PCURVE('',#9842,#10827);
#10827 = DEFINITIONAL_REPRESENTATION('',(#10828),#10831);
#10828 = B_SPLINE_CURVE_WITH_KNOTS('',1,(#10829,#10830),.UNSPECIFIED.,
  .F.,.F.,(2,2),(4.712388980385,6.28318530718),
  .PIECEWISE_BEZIER_KNOTS.);
#10829 = CARTESIAN_POINT('',(-1.570796326795,1.65));
#10830 = CARTESIAN_POINT('',(0.,1.65));
#10831 = ( GEOMETRIC_REPRESENTATION_CONTEXT(2) 
PARAMETRIC_REPRESENTATION_CONTEXT() REPRESENTATION_CONTEXT('2D SPACE',''
  ) );
#10832 = ORIENTED_EDGE('',*,*,#9374,.F.);
#10833 = ADVANCED_FACE('',(#10834),#9468,.F.);
#10834 = FACE_BOUND('',#10835,.T.);
#10835 = EDGE_LOOP('',(#10836,#10837,#10858,#10859));
#10836 = ORIENTED_EDGE('',*,*,#9562,.F.);
#10837 = ORIENTED_EDGE('',*,*,#10838,.T.);
#10838 = EDGE_CURVE('',#9563,#10792,#10839,.T.);
#10839 = SURFACE_CURVE('',#10840,(#10844,#10851),.PCURVE_S1.);
#10840 = LINE('',#10841,#10842);
#10841 = CARTESIAN_POINT('',(-5.E-02,-10.,-18.));
#10842 = VECTOR('',#10843,1.);
#10843 = DIRECTION('',(-0.,1.,0.));
#10844 = PCURVE('',#9468,#10845);
#10845 = DEFINITIONAL_REPRESENTATION('',(#10846),#10850);
#10846 = LINE('',#10847,#10848);
#10847 = CARTESIAN_POINT('',(-1.570796326795,0.));
#10848 = VECTOR('',#10849,1.);
#10849 = DIRECTION('',(-0.,1.));
#10850 = ( GEOMETRIC_REPRESENTATION_CONTEXT(2) 
PARAMETRIC_REPRESENTATION_CONTEXT() REPRESENTATION_CONTEXT('2D SPACE',''
  ) );
#10851 = PCURVE('',#9625,#10852);
#10852 = DEFINITIONAL_REPRESENTATION('',(#10853),#10857);
#10853 = LINE('',#10854,#10855);
#10854 = CARTESIAN_POINT('',(1.65,0.));
#10855 = VECTOR('',#10856,1.);
#10856 = DIRECTION('',(0.,1.));
#10857 = ( GEOMETRIC_REPRESENTATION_CONTEXT(2) 
PARAMETRIC_REPRESENTATION_CONTEXT() REPRESENTATION_CONTEXT('2D SPACE',''
  ) );
#10858 = ORIENTED_EDGE('',*,*,#10791,.T.);
#10859 = ORIENTED_EDGE('',*,*,#9454,.F.);
#10860 = ADVANCED_FACE('',(#10861),#9625,.T.);
#10861 = FACE_BOUND('',#10862,.T.);
#10862 = EDGE_LOOP('',(#10863,#10864,#10865,#10866));
#10863 = ORIENTED_EDGE('',*,*,#10838,.F.);
#10864 = ORIENTED_EDGE('',*,*,#9609,.T.);
#10865 = ORIENTED_EDGE('',*,*,#9687,.T.);
#10866 = ORIENTED_EDGE('',*,*,#10867,.F.);
#10867 = EDGE_CURVE('',#10792,#9688,#10868,.T.);
#10868 = SURFACE_CURVE('',#10869,(#10873,#10880),.PCURVE_S1.);
#10869 = LINE('',#10870,#10871);
#10870 = CARTESIAN_POINT('',(-1.7,-7.15,-18.));
#10871 = VECTOR('',#10872,1.);
#10872 = DIRECTION('',(1.,0.,-0.));
#10873 = PCURVE('',#9625,#10874);
#10874 = DEFINITIONAL_REPRESENTATION('',(#10875),#10879);
#10875 = LINE('',#10876,#10877);
#10876 = CARTESIAN_POINT('',(0.,2.85));
#10877 = VECTOR('',#10878,1.);
#10878 = DIRECTION('',(1.,0.));
#10879 = ( GEOMETRIC_REPRESENTATION_CONTEXT(2) 
PARAMETRIC_REPRESENTATION_CONTEXT() REPRESENTATION_CONTEXT('2D SPACE',''
  ) );
#10880 = PCURVE('',#9842,#10881);
#10881 = DEFINITIONAL_REPRESENTATION('',(#10882),#10886);
#10882 = LINE('',#10883,#10884);
#10883 = CARTESIAN_POINT('',(-1.570796326795,0.));
#10884 = VECTOR('',#10885,1.);
#10885 = DIRECTION('',(-0.,1.));
#10886 = ( GEOMETRIC_REPRESENTATION_CONTEXT(2) 
PARAMETRIC_REPRESENTATION_CONTEXT() REPRESENTATION_CONTEXT('2D SPACE',''
  ) );
#10887 = ADVANCED_FACE('',(#10888),#9842,.F.);
#10888 = FACE_BOUND('',#10889,.T.);
#10889 = EDGE_LOOP('',(#10890,#10891,#10892,#10893));
#10890 = ORIENTED_EDGE('',*,*,#10813,.F.);
#10891 = ORIENTED_EDGE('',*,*,#10867,.T.);
#10892 = ORIENTED_EDGE('',*,*,#9861,.T.);
#10893 = ORIENTED_EDGE('',*,*,#9828,.F.);
#10894 = ADVANCED_FACE('',(#10895),#9900,.F.);
#10895 = FACE_BOUND('',#10896,.T.);
#10896 = EDGE_LOOP('',(#10897,#10898,#10919,#10920));
#10897 = ORIENTED_EDGE('',*,*,#9917,.F.);
#10898 = ORIENTED_EDGE('',*,*,#10899,.T.);
#10899 = EDGE_CURVE('',#9918,#10115,#10900,.T.);
#10900 = SURFACE_CURVE('',#10901,(#10905,#10912),.PCURVE_S1.);
#10901 = LINE('',#10902,#10903);
#10902 = CARTESIAN_POINT('',(7.15,-1.7,-18.));
#10903 = VECTOR('',#10904,1.);
#10904 = DIRECTION('',(-0.,1.,0.));
#10905 = PCURVE('',#9900,#10906);
#10906 = DEFINITIONAL_REPRESENTATION('',(#10907),#10911);
#10907 = LINE('',#10908,#10909);
#10908 = CARTESIAN_POINT('',(-1.570796326795,0.));
#10909 = VECTOR('',#10910,1.);
#10910 = DIRECTION('',(-0.,1.));
#10911 = ( GEOMETRIC_REPRESENTATION_CONTEXT(2) 
PARAMETRIC_REPRESENTATION_CONTEXT() REPRESENTATION_CONTEXT('2D SPACE',''
  ) );
#10912 = PCURVE('',#9980,#10913);
#10913 = DEFINITIONAL_REPRESENTATION('',(#10914),#10918);
#10914 = LINE('',#10915,#10916);
#10915 = CARTESIAN_POINT('',(1.65,0.));
#10916 = VECTOR('',#10917,1.);
#10917 = DIRECTION('',(0.,1.));
#10918 = ( GEOMETRIC_REPRESENTATION_CONTEXT(2) 
PARAMETRIC_REPRESENTATION_CONTEXT() REPRESENTATION_CONTEXT('2D SPACE',''
  ) );
#10919 = ORIENTED_EDGE('',*,*,#10162,.T.);
#10920 = ORIENTED_EDGE('',*,*,#9886,.F.);
#10921 = ADVANCED_FACE('',(#10922),#9980,.T.);
#10922 = FACE_BOUND('',#10923,.T.);
#10923 = EDGE_LOOP('',(#10924,#10925,#10926,#10927));
#10924 = ORIENTED_EDGE('',*,*,#10899,.F.);
#10925 = ORIENTED_EDGE('',*,*,#9964,.T.);
#10926 = ORIENTED_EDGE('',*,*,#10042,.T.);
#10927 = ORIENTED_EDGE('',*,*,#10136,.F.);
#10928 = ADVANCED_FACE('',(#10929),#10201,.F.);
#10929 = FACE_BOUND('',#10930,.F.);
#10930 = EDGE_LOOP('',(#10931,#10932,#10953,#10954));
#10931 = ORIENTED_EDGE('',*,*,#10465,.F.);
#10932 = ORIENTED_EDGE('',*,*,#10933,.T.);
#10933 = EDGE_CURVE('',#10417,#10220,#10934,.T.);
#10934 = SURFACE_CURVE('',#10935,(#10939,#10946),.PCURVE_S1.);
#10935 = LINE('',#10936,#10937);
#10936 = CARTESIAN_POINT('',(-1.7,7.15,-18.));
#10937 = VECTOR('',#10938,1.);
#10938 = DIRECTION('',(1.,0.,-0.));
#10939 = PCURVE('',#10201,#10940);
#10940 = DEFINITIONAL_REPRESENTATION('',(#10941),#10945);
#10941 = LINE('',#10942,#10943);
#10942 = CARTESIAN_POINT('',(1.570796326795,0.));
#10943 = VECTOR('',#10944,1.);
#10944 = DIRECTION('',(0.,1.));
#10945 = ( GEOMETRIC_REPRESENTATION_CONTEXT(2) 
PARAMETRIC_REPRESENTATION_CONTEXT() REPRESENTATION_CONTEXT('2D SPACE',''
  ) );
#10946 = PCURVE('',#10282,#10947);
#10947 = DEFINITIONAL_REPRESENTATION('',(#10948),#10952);
#10948 = LINE('',#10949,#10950);
#10949 = CARTESIAN_POINT('',(0.,1.65));
#10950 = VECTOR('',#10951,1.);
#10951 = DIRECTION('',(1.,0.));
#10952 = ( GEOMETRIC_REPRESENTATION_CONTEXT(2) 
PARAMETRIC_REPRESENTATION_CONTEXT() REPRESENTATION_CONTEXT('2D SPACE',''
  ) );
#10953 = ORIENTED_EDGE('',*,*,#10241,.T.);
#10954 = ORIENTED_EDGE('',*,*,#10187,.F.);
#10955 = ADVANCED_FACE('',(#10956),#10282,.T.);
#10956 = FACE_BOUND('',#10957,.T.);
#10957 = EDGE_LOOP('',(#10958,#10959,#10960,#10961));
#10958 = ORIENTED_EDGE('',*,*,#10438,.F.);
#10959 = ORIENTED_EDGE('',*,*,#10933,.T.);
#10960 = ORIENTED_EDGE('',*,*,#10266,.T.);
#10961 = ORIENTED_EDGE('',*,*,#10365,.F.);
#10962 = ADVANCED_FACE('',(#10963),#10504,.F.);
#10963 = FACE_BOUND('',#10964,.F.);
#10964 = EDGE_LOOP('',(#10965,#10966,#10987,#10988));
#10965 = ORIENTED_EDGE('',*,*,#10766,.F.);
#10966 = ORIENTED_EDGE('',*,*,#10967,.T.);
#10967 = EDGE_CURVE('',#10720,#10522,#10968,.T.);
#10968 = SURFACE_CURVE('',#10969,(#10973,#10980),.PCURVE_S1.);
#10969 = LINE('',#10970,#10971);
#10970 = CARTESIAN_POINT('',(-7.15,-1.7,-18.));
#10971 = VECTOR('',#10972,1.);
#10972 = DIRECTION('',(-0.,1.,0.));
#10973 = PCURVE('',#10504,#10974);
#10974 = DEFINITIONAL_REPRESENTATION('',(#10975),#10979);
#10975 = LINE('',#10976,#10977);
#10976 = CARTESIAN_POINT('',(1.570796326795,0.));
#10977 = VECTOR('',#10978,1.);
#10978 = DIRECTION('',(0.,1.));
#10979 = ( GEOMETRIC_REPRESENTATION_CONTEXT(2) 
PARAMETRIC_REPRESENTATION_CONTEXT() REPRESENTATION_CONTEXT('2D SPACE',''
  ) );
#10980 = PCURVE('',#10603,#10981);
#10981 = DEFINITIONAL_REPRESENTATION('',(#10982),#10986);
#10982 = LINE('',#10983,#10984);
#10983 = CARTESIAN_POINT('',(2.85,0.));
#10984 = VECTOR('',#10985,1.);
#10985 = DIRECTION('',(0.,1.));
#10986 = ( GEOMETRIC_REPRESENTATION_CONTEXT(2) 
PARAMETRIC_REPRESENTATION_CONTEXT() REPRESENTATION_CONTEXT('2D SPACE',''
  ) );
#10987 = ORIENTED_EDGE('',*,*,#10521,.T.);
#10988 = ORIENTED_EDGE('',*,*,#10490,.F.);
#10989 = ADVANCED_FACE('',(#10990),#10603,.T.);
#10990 = FACE_BOUND('',#10991,.T.);
#10991 = EDGE_LOOP('',(#10992,#10993,#10994,#10995));
#10992 = ORIENTED_EDGE('',*,*,#10667,.F.);
#10993 = ORIENTED_EDGE('',*,*,#10719,.T.);
#10994 = ORIENTED_EDGE('',*,*,#10967,.T.);
#10995 = ORIENTED_EDGE('',*,*,#10589,.F.);
#10996 = ( GEOMETRIC_REPRESENTATION_CONTEXT(3) 
GLOBAL_UNCERTAINTY_ASSIGNED_CONTEXT((#11000)) 
GLOBAL_UNIT_ASSIGNED_CONTEXT((#10997,#10998,#10999)) 
REPRESENTATION_CONTEXT('Context #1',
  '3D Context with UNIT and UNCERTAINTY') );
#10997 = ( LENGTH_UNIT() NAMED_UNIT(*) SI_UNIT(.MILLI.,.METRE.) );
#10998 = ( NAMED_UNIT(*) PLANE_ANGLE_UNIT() SI_UNIT($,.RADIAN.) );
#10999 = ( NAMED_UNIT(*) SI_UNIT($,.STERADIAN.) SOLID_ANGLE_UNIT() );
#11000 = UNCERTAINTY_MEASURE_WITH_UNIT(LENGTH_MEASURE(1.E-07),#10997,
  'distance_accuracy_value','confusion accuracy');
#11001 = CONTEXT_DEPENDENT_SHAPE_REPRESENTATION(#11002,#11004);
#11002 = ( REPRESENTATION_RELATIONSHIP('','',#6035,#10) 
REPRESENTATION_RELATIONSHIP_WITH_TRANSFORMATION(#11003) 
SHAPE_REPRESENTATION_RELATIONSHIP() );
#11003 = ITEM_DEFINED_TRANSFORMATION('','',#11,#19);
#11004 = PRODUCT_DEFINITION_SHAPE('Placement','Placement of an item',
  #11005);
#11005 = NEXT_ASSEMBLY_USAGE_OCCURRENCE('2',
  'ROUND_V1_STS3250_CHILD_OUTPUT_ADAPTER_REAR','',#5,#6030,$);
#11006 = PRODUCT_RELATED_PRODUCT_CATEGORY('part',$,(#6032));
#11007 = SHAPE_DEFINITION_REPRESENTATION(#6025,#11008);
#11008 = SHAPE_REPRESENTATION('',(#15),#6017);
#11009 = SHAPE_DEFINITION_REPRESENTATION(#11004,#11010);
#11010 = SHAPE_REPRESENTATION('',(#19),#10996);
#11011 = SHAPE_DEFINITION_REPRESENTATION(#6025,#11012);
#11012 = SHAPE_REPRESENTATION('',(#15),#6017);
#11013 = SHAPE_DEFINITION_REPRESENTATION(#11004,#11014);
#11014 = SHAPE_REPRESENTATION('',(#19),#10996);
#11015 = MECHANICAL_DESIGN_GEOMETRIC_PRESENTATION_REPRESENTATION('',(
    #11016,#11024),#10996);
#11016 = STYLED_ITEM('color',(#11017),#6036);
#11017 = PRESENTATION_STYLE_ASSIGNMENT((#11018));
#11018 = SURFACE_STYLE_USAGE(.BOTH.,#11019);
#11019 = SURFACE_SIDE_STYLE('',(#11020));
#11020 = SURFACE_STYLE_FILL_AREA(#11021);
#11021 = FILL_AREA_STYLE('',(#11022));
#11022 = FILL_AREA_STYLE_COLOUR('',#11023);
#11023 = COLOUR_RGB('',0.333333332236,0.788235302081,0.776470591567);
#11024 = OVER_RIDING_STYLED_ITEM('overriding color',(#11025),#6036,
  #11016);
#11025 = PRESENTATION_STYLE_BY_CONTEXT((#11026),#11014);
#11026 = SURFACE_STYLE_USAGE(.BOTH.,#11027);
#11027 = SURFACE_SIDE_STYLE('',(#11028));
#11028 = SURFACE_STYLE_FILL_AREA(#11029);
#11029 = FILL_AREA_STYLE('',(#11030));
#11030 = FILL_AREA_STYLE_COLOUR('',#11031);
#11031 = COLOUR_RGB('',0.333333332236,0.788235302081,0.776470591567);
#11032 = MECHANICAL_DESIGN_GEOMETRIC_PRESENTATION_REPRESENTATION('',(
    #11033,#11040),#6017);
#11033 = STYLED_ITEM('color',(#11034),#37);
#11034 = PRESENTATION_STYLE_ASSIGNMENT((#11035));
#11035 = SURFACE_STYLE_USAGE(.BOTH.,#11036);
#11036 = SURFACE_SIDE_STYLE('',(#11037));
#11037 = SURFACE_STYLE_FILL_AREA(#11038);
#11038 = FILL_AREA_STYLE('',(#11039));
#11039 = FILL_AREA_STYLE_COLOUR('',#11023);
#11040 = OVER_RIDING_STYLED_ITEM('overriding color',(#11041),#37,#11033
  );
#11041 = PRESENTATION_STYLE_BY_CONTEXT((#11042),#11012);
#11042 = SURFACE_STYLE_USAGE(.BOTH.,#11043);
#11043 = SURFACE_SIDE_STYLE('',(#11044));
#11044 = SURFACE_STYLE_FILL_AREA(#11045);
#11045 = FILL_AREA_STYLE('',(#11046));
#11046 = FILL_AREA_STYLE_COLOUR('',#11031);

#11047=DESCRIPTIVE_REPRESENTATION_ITEM('cadpy:generator','cadpy');
#11048=REPRESENTATION('cadpy:generator',(#11047),#23);
#11049=PROPERTY_DEFINITION('cadpy metadata','cadpy:generator',#5);
#11050=PROPERTY_DEFINITION_REPRESENTATION(#11049,#11048);
#11051=DESCRIPTIVE_REPRESENTATION_ITEM('cadpy:entryKind','assembly');
#11052=REPRESENTATION('cadpy:entryKind',(#11051),#23);
#11053=PROPERTY_DEFINITION('cadpy metadata','cadpy:entryKind',#5);
#11054=PROPERTY_DEFINITION_REPRESENTATION(#11053,#11052);
#11055=DESCRIPTIVE_REPRESENTATION_ITEM('cadpy:sourcePath','../../../../cad/round_v1/gen_round_v1_output_hub.py');
#11056=REPRESENTATION('cadpy:sourcePath',(#11055),#23);
#11057=PROPERTY_DEFINITION('cadpy metadata','cadpy:sourcePath',#5);
#11058=PROPERTY_DEFINITION_REPRESENTATION(#11057,#11056);
#11059=DESCRIPTIVE_REPRESENTATION_ITEM('cadpy:sourceHash','137077276d831c6210177534a0ed85f4725e05f7832d06454f38ac97128bda5e');
#11060=REPRESENTATION('cadpy:sourceHash',(#11059),#23);
#11061=PROPERTY_DEFINITION('cadpy metadata','cadpy:sourceHash',#5);
#11062=PROPERTY_DEFINITION_REPRESENTATION(#11061,#11060);
ENDSEC;
END-ISO-10303-21;
