ISO-10303-21;
HEADER;
FILE_DESCRIPTION(('Open CASCADE Model'),'2;1');
FILE_NAME('Open CASCADE Shape Model','2026-07-30T23:36:50',('Author'),(
    'Open CASCADE'),'Open CASCADE STEP processor 7.9','Open CASCADE 7.9'
  ,'Unknown');
FILE_SCHEMA(('AUTOMOTIVE_DESIGN { 1 0 10303 214 1 1 1 1 }'));
ENDSEC;
DATA;
#1 = APPLICATION_PROTOCOL_DEFINITION('international standard',
  'automotive_design',2000,#2);
#2 = APPLICATION_CONTEXT(
  'core data for automotive mechanical design processes');
#3 = SHAPE_DEFINITION_REPRESENTATION(#4,#10);
#4 = PRODUCT_DEFINITION_SHAPE('','',#5);
#5 = PRODUCT_DEFINITION('design','',#6,#9);
#6 = PRODUCT_DEFINITION_FORMATION('','',#7);
#7 = PRODUCT('ROUND_V1_CHEST_FRONT','ROUND_V1_CHEST_FRONT','',(#8));
#8 = PRODUCT_CONTEXT('',#2,'mechanical');
#9 = PRODUCT_DEFINITION_CONTEXT('part definition',#2,'design');
#10 = ADVANCED_BREP_SHAPE_REPRESENTATION('',(#11,#15),#4489);
#11 = AXIS2_PLACEMENT_3D('',#12,#13,#14);
#12 = CARTESIAN_POINT('',(0.,0.,0.));
#13 = DIRECTION('',(0.,0.,1.));
#14 = DIRECTION('',(1.,0.,-0.));
#15 = MANIFOLD_SOLID_BREP('',#16);
#16 = CLOSED_SHELL('',(#17,#663,#718,#817,#872,#876,#931,#1030,#1085,
    #1089,#1285,#1983,#2031,#2114,#2165,#2240,#2293,#2495,#2562,#2589,
    #2695,#2746,#2821,#2874,#3061,#3142,#3169,#3194,#3263,#3310,#3364,
    #3413,#3481,#3555,#3605,#3630,#3659,#3686,#3763,#3810,#3835,#3921,
    #4093,#4118,#4194,#4248,#4273,#4302,#4329,#4406,#4453,#4478));
#17 = ADVANCED_FACE('',(#18,#539,#570,#601,#632),#32,.T.);
#18 = FACE_BOUND('',#19,.T.);
#19 = EDGE_LOOP('',(#20,#53,#82,#117,#143,#172,#201,#227,#256,#285,#311,
    #344,#373,#399,#428,#457,#483,#512));
#20 = ORIENTED_EDGE('',*,*,#21,.F.);
#21 = EDGE_CURVE('',#22,#24,#26,.T.);
#22 = VERTEX_POINT('',#23);
#23 = CARTESIAN_POINT('',(-85.,4.825,12.343145750508));
#24 = VERTEX_POINT('',#25);
#25 = CARTESIAN_POINT('',(-85.,4.825,-36.3431457505));
#26 = SURFACE_CURVE('',#27,(#31,#42),.PCURVE_S1.);
#27 = LINE('',#28,#29);
#28 = CARTESIAN_POINT('',(-85.,4.825,-160.5));
#29 = VECTOR('',#30,1.);
#30 = DIRECTION('',(-0.,0.,-1.));
#31 = PCURVE('',#32,#37);
#32 = PLANE('',#33);
#33 = AXIS2_PLACEMENT_3D('',#34,#35,#36);
#34 = CARTESIAN_POINT('',(-250.,4.825,-250.));
#35 = DIRECTION('',(-0.,1.,0.));
#36 = DIRECTION('',(0.,0.,1.));
#37 = DEFINITIONAL_REPRESENTATION('',(#38),#41);
#38 = B_SPLINE_CURVE_WITH_KNOTS('',1,(#39,#40),.UNSPECIFIED.,.F.,.F.,(2,
    2),(-176.4184335137,-119.5),.PIECEWISE_BEZIER_KNOTS.);
#39 = CARTESIAN_POINT('',(265.91843351371,165.));
#40 = CARTESIAN_POINT('',(209.,165.));
#41 = ( GEOMETRIC_REPRESENTATION_CONTEXT(2) 
PARAMETRIC_REPRESENTATION_CONTEXT() REPRESENTATION_CONTEXT('2D SPACE',''
  ) );
#42 = PCURVE('',#43,#48);
#43 = PLANE('',#44);
#44 = AXIS2_PLACEMENT_3D('',#45,#46,#47);
#45 = CARTESIAN_POINT('',(-85.,-33.,-71.));
#46 = DIRECTION('',(1.,0.,-0.));
#47 = DIRECTION('',(0.,0.,1.));
#48 = DEFINITIONAL_REPRESENTATION('',(#49),#52);
#49 = B_SPLINE_CURVE_WITH_KNOTS('',1,(#50,#51),.UNSPECIFIED.,.F.,.F.,(2,
    2),(-176.4184335137,-119.5),.PIECEWISE_BEZIER_KNOTS.);
#50 = CARTESIAN_POINT('',(86.91843351371,-37.825));
#51 = CARTESIAN_POINT('',(30.,-37.825));
#52 = ( GEOMETRIC_REPRESENTATION_CONTEXT(2) 
PARAMETRIC_REPRESENTATION_CONTEXT() REPRESENTATION_CONTEXT('2D SPACE',''
  ) );
#53 = ORIENTED_EDGE('',*,*,#54,.T.);
#54 = EDGE_CURVE('',#22,#55,#57,.T.);
#55 = VERTEX_POINT('',#56);
#56 = CARTESIAN_POINT('',(-80.44794350629,4.825,12.569805928359));
#57 = SURFACE_CURVE('',#58,(#63,#70),.PCURVE_S1.);
#58 = CIRCLE('',#59,6.);
#59 = AXIS2_PLACEMENT_3D('',#60,#61,#62);
#60 = CARTESIAN_POINT('',(-83.,4.825,18.));
#61 = DIRECTION('',(-0.,1.,0.));
#62 = DIRECTION('',(1.,0.,0.));
#63 = PCURVE('',#32,#64);
#64 = DEFINITIONAL_REPRESENTATION('',(#65),#69);
#65 = CIRCLE('',#66,6.);
#66 = AXIS2_PLACEMENT_2D('',#67,#68);
#67 = CARTESIAN_POINT('',(268.,167.));
#68 = DIRECTION('',(0.,1.));
#69 = ( GEOMETRIC_REPRESENTATION_CONTEXT(2) 
PARAMETRIC_REPRESENTATION_CONTEXT() REPRESENTATION_CONTEXT('2D SPACE',''
  ) );
#70 = PCURVE('',#71,#76);
#71 = CYLINDRICAL_SURFACE('',#72,6.);
#72 = AXIS2_PLACEMENT_3D('',#73,#74,#75);
#73 = CARTESIAN_POINT('',(-83.,-2.,18.));
#74 = DIRECTION('',(0.,1.,0.));
#75 = DIRECTION('',(1.,0.,0.));
#76 = DEFINITIONAL_REPRESENTATION('',(#77),#81);
#77 = LINE('',#78,#79);
#78 = CARTESIAN_POINT('',(0.,6.825));
#79 = VECTOR('',#80,1.);
#80 = DIRECTION('',(1.,0.));
#81 = ( GEOMETRIC_REPRESENTATION_CONTEXT(2) 
PARAMETRIC_REPRESENTATION_CONTEXT() REPRESENTATION_CONTEXT('2D SPACE',''
  ) );
#82 = ORIENTED_EDGE('',*,*,#83,.F.);
#83 = EDGE_CURVE('',#84,#55,#86,.T.);
#84 = VERTEX_POINT('',#85);
#85 = CARTESIAN_POINT('',(-80.3,4.825,12.559013217018));
#86 = SURFACE_CURVE('',#87,(#92,#99),.PCURVE_S1.);
#87 = CIRCLE('',#88,30.56669388403);
#88 = AXIS2_PLACEMENT_3D('',#89,#90,#91);
#89 = CARTESIAN_POINT('',(-78.15,4.825,43.05));
#90 = DIRECTION('',(-0.,1.,0.));
#91 = DIRECTION('',(0.,0.,1.));
#92 = PCURVE('',#32,#93);
#93 = DEFINITIONAL_REPRESENTATION('',(#94),#98);
#94 = CIRCLE('',#95,30.56669388403);
#95 = AXIS2_PLACEMENT_2D('',#96,#97);
#96 = CARTESIAN_POINT('',(293.05,171.85));
#97 = DIRECTION('',(1.,0.));
#98 = ( GEOMETRIC_REPRESENTATION_CONTEXT(2) 
PARAMETRIC_REPRESENTATION_CONTEXT() REPRESENTATION_CONTEXT('2D SPACE',''
  ) );
#99 = PCURVE('',#100,#105);
#100 = SPHERICAL_SURFACE('',#101,31.);
#101 = AXIS2_PLACEMENT_3D('',#102,#103,#104);
#102 = CARTESIAN_POINT('',(-78.15,-0.34,43.05));
#103 = DIRECTION('',(0.,0.,1.));
#104 = DIRECTION('',(1.,0.,-0.));
#105 = DEFINITIONAL_REPRESENTATION('',(#106),#116);
#106 = B_SPLINE_CURVE_WITH_KNOTS('',8,(#107,#108,#109,#110,#111,#112,
    #113,#114,#115),.UNSPECIFIED.,.F.,.F.,(9,9),(3.211988778116,
    3.216841668084),.PIECEWISE_BEZIER_KNOTS.);
#107 = CARTESIAN_POINT('',(1.965243710202,-1.389330551224));
#108 = CARTESIAN_POINT('',(1.968295901435,-1.389097431694));
#109 = CARTESIAN_POINT('',(1.971339079756,-1.388862358659));
#110 = CARTESIAN_POINT('',(1.974373203362,-1.388625342157));
#111 = CARTESIAN_POINT('',(1.977398232246,-1.388386392264));
#112 = CARTESIAN_POINT('',(1.980414128174,-1.388145519086));
#113 = CARTESIAN_POINT('',(1.983420854669,-1.387902732757));
#114 = CARTESIAN_POINT('',(1.986418376982,-1.387658043439));
#115 = CARTESIAN_POINT('',(1.989406662074,-1.387411461313));
#116 = ( GEOMETRIC_REPRESENTATION_CONTEXT(2) 
PARAMETRIC_REPRESENTATION_CONTEXT() REPRESENTATION_CONTEXT('2D SPACE',''
  ) );
#117 = ORIENTED_EDGE('',*,*,#118,.T.);
#118 = EDGE_CURVE('',#84,#119,#121,.T.);
#119 = VERTEX_POINT('',#120);
#120 = CARTESIAN_POINT('',(-80.3,4.825,-36.64182867015));
#121 = SURFACE_CURVE('',#122,(#126,#132),.PCURVE_S1.);
#122 = LINE('',#123,#124);
#123 = CARTESIAN_POINT('',(-80.3,4.825,-157.));
#124 = VECTOR('',#125,1.);
#125 = DIRECTION('',(-0.,0.,-1.));
#126 = PCURVE('',#32,#127);
#127 = DEFINITIONAL_REPRESENTATION('',(#128),#131);
#128 = B_SPLINE_CURVE_WITH_KNOTS('',1,(#129,#130),.UNSPECIFIED.,.F.,.F.,
  (2,2),(-172.0550379532,-118.5),.PIECEWISE_BEZIER_KNOTS.);
#129 = CARTESIAN_POINT('',(265.05503795323,169.7));
#130 = CARTESIAN_POINT('',(211.5,169.7));
#131 = ( GEOMETRIC_REPRESENTATION_CONTEXT(2) 
PARAMETRIC_REPRESENTATION_CONTEXT() REPRESENTATION_CONTEXT('2D SPACE',''
  ) );
#132 = PCURVE('',#133,#138);
#133 = PLANE('',#134);
#134 = AXIS2_PLACEMENT_3D('',#135,#136,#137);
#135 = CARTESIAN_POINT('',(-80.3,-28.3,-64.));
#136 = DIRECTION('',(1.,0.,-0.));
#137 = DIRECTION('',(0.,0.,1.));
#138 = DEFINITIONAL_REPRESENTATION('',(#139),#142);
#139 = B_SPLINE_CURVE_WITH_KNOTS('',1,(#140,#141),.UNSPECIFIED.,.F.,.F.,
  (2,2),(-172.0550379532,-118.5),.PIECEWISE_BEZIER_KNOTS.);
#140 = CARTESIAN_POINT('',(79.055037953232,-33.125));
#141 = CARTESIAN_POINT('',(25.5,-33.125));
#142 = ( GEOMETRIC_REPRESENTATION_CONTEXT(2) 
PARAMETRIC_REPRESENTATION_CONTEXT() REPRESENTATION_CONTEXT('2D SPACE',''
  ) );
#143 = ORIENTED_EDGE('',*,*,#144,.T.);
#144 = EDGE_CURVE('',#119,#145,#147,.T.);
#145 = VERTEX_POINT('',#146);
#146 = CARTESIAN_POINT('',(-79.01684375944,4.825,-46.48714456679));
#147 = SURFACE_CURVE('',#148,(#153,#160),.PCURVE_S1.);
#148 = CIRCLE('',#149,6.);
#149 = AXIS2_PLACEMENT_3D('',#150,#151,#152);
#150 = CARTESIAN_POINT('',(-83.,4.825,-42.));
#151 = DIRECTION('',(-0.,1.,0.));
#152 = DIRECTION('',(1.,0.,0.));
#153 = PCURVE('',#32,#154);
#154 = DEFINITIONAL_REPRESENTATION('',(#155),#159);
#155 = CIRCLE('',#156,6.);
#156 = AXIS2_PLACEMENT_2D('',#157,#158);
#157 = CARTESIAN_POINT('',(208.,167.));
#158 = DIRECTION('',(0.,1.));
#159 = ( GEOMETRIC_REPRESENTATION_CONTEXT(2) 
PARAMETRIC_REPRESENTATION_CONTEXT() REPRESENTATION_CONTEXT('2D SPACE',''
  ) );
#160 = PCURVE('',#161,#166);
#161 = CYLINDRICAL_SURFACE('',#162,6.);
#162 = AXIS2_PLACEMENT_3D('',#163,#164,#165);
#163 = CARTESIAN_POINT('',(-83.,-2.,-42.));
#164 = DIRECTION('',(0.,1.,0.));
#165 = DIRECTION('',(1.,0.,0.));
#166 = DEFINITIONAL_REPRESENTATION('',(#167),#171);
#167 = LINE('',#168,#169);
#168 = CARTESIAN_POINT('',(0.,6.825));
#169 = VECTOR('',#170,1.);
#170 = DIRECTION('',(1.,0.));
#171 = ( GEOMETRIC_REPRESENTATION_CONTEXT(2) 
PARAMETRIC_REPRESENTATION_CONTEXT() REPRESENTATION_CONTEXT('2D SPACE',''
  ) );
#172 = ORIENTED_EDGE('',*,*,#173,.F.);
#173 = EDGE_CURVE('',#174,#145,#176,.T.);
#174 = VERTEX_POINT('',#175);
#175 = CARTESIAN_POINT('',(-54.8,4.825,-64.));
#176 = SURFACE_CURVE('',#177,(#182,#189),.PCURVE_S1.);
#177 = CIRCLE('',#178,25.5);
#178 = AXIS2_PLACEMENT_3D('',#179,#180,#181);
#179 = CARTESIAN_POINT('',(-54.8,4.825,-38.5));
#180 = DIRECTION('',(-0.,1.,0.));
#181 = DIRECTION('',(-1.,-0.,0.));
#182 = PCURVE('',#32,#183);
#183 = DEFINITIONAL_REPRESENTATION('',(#184),#188);
#184 = CIRCLE('',#185,25.5);
#185 = AXIS2_PLACEMENT_2D('',#186,#187);
#186 = CARTESIAN_POINT('',(211.5,195.2));
#187 = DIRECTION('',(0.,-1.));
#188 = ( GEOMETRIC_REPRESENTATION_CONTEXT(2) 
PARAMETRIC_REPRESENTATION_CONTEXT() REPRESENTATION_CONTEXT('2D SPACE',''
  ) );
#189 = PCURVE('',#190,#195);
#190 = CYLINDRICAL_SURFACE('',#191,25.5);
#191 = AXIS2_PLACEMENT_3D('',#192,#193,#194);
#192 = CARTESIAN_POINT('',(-54.8,-28.3,-38.5));
#193 = DIRECTION('',(-0.,1.,0.));
#194 = DIRECTION('',(-1.,-0.,0.));
#195 = DEFINITIONAL_REPRESENTATION('',(#196),#200);
#196 = LINE('',#197,#198);
#197 = CARTESIAN_POINT('',(-6.28318530718,33.125));
#198 = VECTOR('',#199,1.);
#199 = DIRECTION('',(1.,-0.));
#200 = ( GEOMETRIC_REPRESENTATION_CONTEXT(2) 
PARAMETRIC_REPRESENTATION_CONTEXT() REPRESENTATION_CONTEXT('2D SPACE',''
  ) );
#201 = ORIENTED_EDGE('',*,*,#202,.T.);
#202 = EDGE_CURVE('',#174,#203,#205,.T.);
#203 = VERTEX_POINT('',#204);
#204 = CARTESIAN_POINT('',(54.8,4.825,-64.));
#205 = SURFACE_CURVE('',#206,(#210,#216),.PCURVE_S1.);
#206 = LINE('',#207,#208);
#207 = CARTESIAN_POINT('',(-165.15,4.825,-64.));
#208 = VECTOR('',#209,1.);
#209 = DIRECTION('',(1.,0.,-0.));
#210 = PCURVE('',#32,#211);
#211 = DEFINITIONAL_REPRESENTATION('',(#212),#215);
#212 = B_SPLINE_CURVE_WITH_KNOTS('',1,(#213,#214),.UNSPECIFIED.,.F.,.F.,
  (2,2),(110.35,219.95),.PIECEWISE_BEZIER_KNOTS.);
#213 = CARTESIAN_POINT('',(186.,195.2));
#214 = CARTESIAN_POINT('',(186.,304.8));
#215 = ( GEOMETRIC_REPRESENTATION_CONTEXT(2) 
PARAMETRIC_REPRESENTATION_CONTEXT() REPRESENTATION_CONTEXT('2D SPACE',''
  ) );
#216 = PCURVE('',#217,#222);
#217 = PLANE('',#218);
#218 = AXIS2_PLACEMENT_3D('',#219,#220,#221);
#219 = CARTESIAN_POINT('',(-80.3,-28.3,-64.));
#220 = DIRECTION('',(0.,0.,1.));
#221 = DIRECTION('',(1.,0.,-0.));
#222 = DEFINITIONAL_REPRESENTATION('',(#223),#226);
#223 = B_SPLINE_CURVE_WITH_KNOTS('',1,(#224,#225),.UNSPECIFIED.,.F.,.F.,
  (2,2),(110.35,219.95),.PIECEWISE_BEZIER_KNOTS.);
#224 = CARTESIAN_POINT('',(25.5,33.125));
#225 = CARTESIAN_POINT('',(135.1,33.125));
#226 = ( GEOMETRIC_REPRESENTATION_CONTEXT(2) 
PARAMETRIC_REPRESENTATION_CONTEXT() REPRESENTATION_CONTEXT('2D SPACE',''
  ) );
#227 = ORIENTED_EDGE('',*,*,#228,.F.);
#228 = EDGE_CURVE('',#229,#203,#231,.T.);
#229 = VERTEX_POINT('',#230);
#230 = CARTESIAN_POINT('',(79.016843759441,4.825,-46.48714456679));
#231 = SURFACE_CURVE('',#232,(#237,#244),.PCURVE_S1.);
#232 = CIRCLE('',#233,25.5);
#233 = AXIS2_PLACEMENT_3D('',#234,#235,#236);
#234 = CARTESIAN_POINT('',(54.8,4.825,-38.5));
#235 = DIRECTION('',(0.,1.,0.));
#236 = DIRECTION('',(1.,0.,-0.));
#237 = PCURVE('',#32,#238);
#238 = DEFINITIONAL_REPRESENTATION('',(#239),#243);
#239 = CIRCLE('',#240,25.5);
#240 = AXIS2_PLACEMENT_2D('',#241,#242);
#241 = CARTESIAN_POINT('',(211.5,304.8));
#242 = DIRECTION('',(0.,1.));
#243 = ( GEOMETRIC_REPRESENTATION_CONTEXT(2) 
PARAMETRIC_REPRESENTATION_CONTEXT() REPRESENTATION_CONTEXT('2D SPACE',''
  ) );
#244 = PCURVE('',#245,#250);
#245 = CYLINDRICAL_SURFACE('',#246,25.5);
#246 = AXIS2_PLACEMENT_3D('',#247,#248,#249);
#247 = CARTESIAN_POINT('',(54.8,-28.3,-38.5));
#248 = DIRECTION('',(-0.,1.,0.));
#249 = DIRECTION('',(1.,0.,-0.));
#250 = DEFINITIONAL_REPRESENTATION('',(#251),#255);
#251 = LINE('',#252,#253);
#252 = CARTESIAN_POINT('',(0.,33.125));
#253 = VECTOR('',#254,1.);
#254 = DIRECTION('',(1.,0.));
#255 = ( GEOMETRIC_REPRESENTATION_CONTEXT(2) 
PARAMETRIC_REPRESENTATION_CONTEXT() REPRESENTATION_CONTEXT('2D SPACE',''
  ) );
#256 = ORIENTED_EDGE('',*,*,#257,.T.);
#257 = EDGE_CURVE('',#229,#258,#260,.T.);
#258 = VERTEX_POINT('',#259);
#259 = CARTESIAN_POINT('',(80.3,4.825,-36.64182867015));
#260 = SURFACE_CURVE('',#261,(#266,#273),.PCURVE_S1.);
#261 = CIRCLE('',#262,6.);
#262 = AXIS2_PLACEMENT_3D('',#263,#264,#265);
#263 = CARTESIAN_POINT('',(83.,4.825,-42.));
#264 = DIRECTION('',(-0.,1.,0.));
#265 = DIRECTION('',(1.,0.,0.));
#266 = PCURVE('',#32,#267);
#267 = DEFINITIONAL_REPRESENTATION('',(#268),#272);
#268 = CIRCLE('',#269,6.);
#269 = AXIS2_PLACEMENT_2D('',#270,#271);
#270 = CARTESIAN_POINT('',(208.,333.));
#271 = DIRECTION('',(0.,1.));
#272 = ( GEOMETRIC_REPRESENTATION_CONTEXT(2) 
PARAMETRIC_REPRESENTATION_CONTEXT() REPRESENTATION_CONTEXT('2D SPACE',''
  ) );
#273 = PCURVE('',#274,#279);
#274 = CYLINDRICAL_SURFACE('',#275,6.);
#275 = AXIS2_PLACEMENT_3D('',#276,#277,#278);
#276 = CARTESIAN_POINT('',(83.,-2.,-42.));
#277 = DIRECTION('',(0.,1.,0.));
#278 = DIRECTION('',(1.,0.,0.));
#279 = DEFINITIONAL_REPRESENTATION('',(#280),#284);
#280 = LINE('',#281,#282);
#281 = CARTESIAN_POINT('',(0.,6.825));
#282 = VECTOR('',#283,1.);
#283 = DIRECTION('',(1.,0.));
#284 = ( GEOMETRIC_REPRESENTATION_CONTEXT(2) 
PARAMETRIC_REPRESENTATION_CONTEXT() REPRESENTATION_CONTEXT('2D SPACE',''
  ) );
#285 = ORIENTED_EDGE('',*,*,#286,.F.);
#286 = EDGE_CURVE('',#287,#258,#289,.T.);
#287 = VERTEX_POINT('',#288);
#288 = CARTESIAN_POINT('',(80.3,4.825,12.559013217018));
#289 = SURFACE_CURVE('',#290,(#294,#300),.PCURVE_S1.);
#290 = LINE('',#291,#292);
#291 = CARTESIAN_POINT('',(80.3,4.825,-157.));
#292 = VECTOR('',#293,1.);
#293 = DIRECTION('',(-0.,0.,-1.));
#294 = PCURVE('',#32,#295);
#295 = DEFINITIONAL_REPRESENTATION('',(#296),#299);
#296 = B_SPLINE_CURVE_WITH_KNOTS('',1,(#297,#298),.UNSPECIFIED.,.F.,.F.,
  (2,2),(-172.0550379532,-118.5),.PIECEWISE_BEZIER_KNOTS.);
#297 = CARTESIAN_POINT('',(265.05503795323,330.3));
#298 = CARTESIAN_POINT('',(211.5,330.3));
#299 = ( GEOMETRIC_REPRESENTATION_CONTEXT(2) 
PARAMETRIC_REPRESENTATION_CONTEXT() REPRESENTATION_CONTEXT('2D SPACE',''
  ) );
#300 = PCURVE('',#301,#306);
#301 = PLANE('',#302);
#302 = AXIS2_PLACEMENT_3D('',#303,#304,#305);
#303 = CARTESIAN_POINT('',(80.3,-28.3,-64.));
#304 = DIRECTION('',(1.,0.,-0.));
#305 = DIRECTION('',(0.,0.,1.));
#306 = DEFINITIONAL_REPRESENTATION('',(#307),#310);
#307 = B_SPLINE_CURVE_WITH_KNOTS('',1,(#308,#309),.UNSPECIFIED.,.F.,.F.,
  (2,2),(-172.0550379532,-118.5),.PIECEWISE_BEZIER_KNOTS.);
#308 = CARTESIAN_POINT('',(79.055037953232,-33.125));
#309 = CARTESIAN_POINT('',(25.5,-33.125));
#310 = ( GEOMETRIC_REPRESENTATION_CONTEXT(2) 
PARAMETRIC_REPRESENTATION_CONTEXT() REPRESENTATION_CONTEXT('2D SPACE',''
  ) );
#311 = ORIENTED_EDGE('',*,*,#312,.F.);
#312 = EDGE_CURVE('',#313,#287,#315,.T.);
#313 = VERTEX_POINT('',#314);
#314 = CARTESIAN_POINT('',(80.447943509154,4.825,12.56980592893));
#315 = SURFACE_CURVE('',#316,(#321,#328),.PCURVE_S1.);
#316 = CIRCLE('',#317,30.56669388403);
#317 = AXIS2_PLACEMENT_3D('',#318,#319,#320);
#318 = CARTESIAN_POINT('',(78.15,4.825,43.05));
#319 = DIRECTION('',(-0.,1.,0.));
#320 = DIRECTION('',(0.,0.,1.));
#321 = PCURVE('',#32,#322);
#322 = DEFINITIONAL_REPRESENTATION('',(#323),#327);
#323 = CIRCLE('',#324,30.56669388403);
#324 = AXIS2_PLACEMENT_2D('',#325,#326);
#325 = CARTESIAN_POINT('',(293.05,328.15));
#326 = DIRECTION('',(1.,0.));
#327 = ( GEOMETRIC_REPRESENTATION_CONTEXT(2) 
PARAMETRIC_REPRESENTATION_CONTEXT() REPRESENTATION_CONTEXT('2D SPACE',''
  ) );
#328 = PCURVE('',#329,#334);
#329 = SPHERICAL_SURFACE('',#330,31.);
#330 = AXIS2_PLACEMENT_3D('',#331,#332,#333);
#331 = CARTESIAN_POINT('',(78.15,-0.34,43.05));
#332 = DIRECTION('',(0.,0.,1.));
#333 = DIRECTION('',(1.,0.,-0.));
#334 = DEFINITIONAL_REPRESENTATION('',(#335),#343);
#335 = B_SPLINE_CURVE_WITH_KNOTS('',6,(#336,#337,#338,#339,#340,#341,
    #342),.UNSPECIFIED.,.F.,.F.,(7,7),(3.066343639001,3.071196529064),
  .PIECEWISE_BEZIER_KNOTS.);
#336 = CARTESIAN_POINT('',(7.435371298655,-1.387411461275));
#337 = CARTESIAN_POINT('',(7.439355678945,-1.387740237439));
#338 = CARTESIAN_POINT('',(7.443357302003,-1.388065480361));
#339 = CARTESIAN_POINT('',(7.447376075316,-1.388387161535));
#340 = CARTESIAN_POINT('',(7.451411898409,-1.388705252552));
#341 = CARTESIAN_POINT('',(7.455464662627,-1.389019725139));
#342 = CARTESIAN_POINT('',(7.459534250934,-1.389330551184));
#343 = ( GEOMETRIC_REPRESENTATION_CONTEXT(2) 
PARAMETRIC_REPRESENTATION_CONTEXT() REPRESENTATION_CONTEXT('2D SPACE',''
  ) );
#344 = ORIENTED_EDGE('',*,*,#345,.T.);
#345 = EDGE_CURVE('',#313,#346,#348,.T.);
#346 = VERTEX_POINT('',#347);
#347 = CARTESIAN_POINT('',(85.,4.825,12.343145750508));
#348 = SURFACE_CURVE('',#349,(#354,#361),.PCURVE_S1.);
#349 = CIRCLE('',#350,6.);
#350 = AXIS2_PLACEMENT_3D('',#351,#352,#353);
#351 = CARTESIAN_POINT('',(83.,4.825,18.));
#352 = DIRECTION('',(-0.,1.,0.));
#353 = DIRECTION('',(1.,0.,0.));
#354 = PCURVE('',#32,#355);
#355 = DEFINITIONAL_REPRESENTATION('',(#356),#360);
#356 = CIRCLE('',#357,6.);
#357 = AXIS2_PLACEMENT_2D('',#358,#359);
#358 = CARTESIAN_POINT('',(268.,333.));
#359 = DIRECTION('',(0.,1.));
#360 = ( GEOMETRIC_REPRESENTATION_CONTEXT(2) 
PARAMETRIC_REPRESENTATION_CONTEXT() REPRESENTATION_CONTEXT('2D SPACE',''
  ) );
#361 = PCURVE('',#362,#367);
#362 = CYLINDRICAL_SURFACE('',#363,6.);
#363 = AXIS2_PLACEMENT_3D('',#364,#365,#366);
#364 = CARTESIAN_POINT('',(83.,-2.,18.));
#365 = DIRECTION('',(0.,1.,0.));
#366 = DIRECTION('',(1.,0.,0.));
#367 = DEFINITIONAL_REPRESENTATION('',(#368),#372);
#368 = LINE('',#369,#370);
#369 = CARTESIAN_POINT('',(0.,6.825));
#370 = VECTOR('',#371,1.);
#371 = DIRECTION('',(1.,0.));
#372 = ( GEOMETRIC_REPRESENTATION_CONTEXT(2) 
PARAMETRIC_REPRESENTATION_CONTEXT() REPRESENTATION_CONTEXT('2D SPACE',''
  ) );
#373 = ORIENTED_EDGE('',*,*,#374,.T.);
#374 = EDGE_CURVE('',#346,#375,#377,.T.);
#375 = VERTEX_POINT('',#376);
#376 = CARTESIAN_POINT('',(85.,4.825,-36.3431457505));
#377 = SURFACE_CURVE('',#378,(#382,#388),.PCURVE_S1.);
#378 = LINE('',#379,#380);
#379 = CARTESIAN_POINT('',(85.,4.825,-160.5));
#380 = VECTOR('',#381,1.);
#381 = DIRECTION('',(-0.,0.,-1.));
#382 = PCURVE('',#32,#383);
#383 = DEFINITIONAL_REPRESENTATION('',(#384),#387);
#384 = B_SPLINE_CURVE_WITH_KNOTS('',1,(#385,#386),.UNSPECIFIED.,.F.,.F.,
  (2,2),(-176.4184335137,-119.5),.PIECEWISE_BEZIER_KNOTS.);
#385 = CARTESIAN_POINT('',(265.91843351371,335.));
#386 = CARTESIAN_POINT('',(209.,335.));
#387 = ( GEOMETRIC_REPRESENTATION_CONTEXT(2) 
PARAMETRIC_REPRESENTATION_CONTEXT() REPRESENTATION_CONTEXT('2D SPACE',''
  ) );
#388 = PCURVE('',#389,#394);
#389 = PLANE('',#390);
#390 = AXIS2_PLACEMENT_3D('',#391,#392,#393);
#391 = CARTESIAN_POINT('',(85.,-33.,-71.));
#392 = DIRECTION('',(1.,0.,-0.));
#393 = DIRECTION('',(0.,0.,1.));
#394 = DEFINITIONAL_REPRESENTATION('',(#395),#398);
#395 = B_SPLINE_CURVE_WITH_KNOTS('',1,(#396,#397),.UNSPECIFIED.,.F.,.F.,
  (2,2),(-176.4184335137,-119.5),.PIECEWISE_BEZIER_KNOTS.);
#396 = CARTESIAN_POINT('',(86.91843351371,-37.825));
#397 = CARTESIAN_POINT('',(30.,-37.825));
#398 = ( GEOMETRIC_REPRESENTATION_CONTEXT(2) 
PARAMETRIC_REPRESENTATION_CONTEXT() REPRESENTATION_CONTEXT('2D SPACE',''
  ) );
#399 = ORIENTED_EDGE('',*,*,#400,.T.);
#400 = EDGE_CURVE('',#375,#401,#403,.T.);
#401 = VERTEX_POINT('',#402);
#402 = CARTESIAN_POINT('',(84.20076359058,4.825,-47.87861946374));
#403 = SURFACE_CURVE('',#404,(#409,#416),.PCURVE_S1.);
#404 = CIRCLE('',#405,6.);
#405 = AXIS2_PLACEMENT_3D('',#406,#407,#408);
#406 = CARTESIAN_POINT('',(83.,4.825,-42.));
#407 = DIRECTION('',(-0.,1.,0.));
#408 = DIRECTION('',(1.,0.,0.));
#409 = PCURVE('',#32,#410);
#410 = DEFINITIONAL_REPRESENTATION('',(#411),#415);
#411 = CIRCLE('',#412,6.);
#412 = AXIS2_PLACEMENT_2D('',#413,#414);
#413 = CARTESIAN_POINT('',(208.,333.));
#414 = DIRECTION('',(0.,1.));
#415 = ( GEOMETRIC_REPRESENTATION_CONTEXT(2) 
PARAMETRIC_REPRESENTATION_CONTEXT() REPRESENTATION_CONTEXT('2D SPACE',''
  ) );
#416 = PCURVE('',#417,#422);
#417 = CYLINDRICAL_SURFACE('',#418,6.);
#418 = AXIS2_PLACEMENT_3D('',#419,#420,#421);
#419 = CARTESIAN_POINT('',(83.,-2.,-42.));
#420 = DIRECTION('',(0.,1.,0.));
#421 = DIRECTION('',(1.,0.,0.));
#422 = DEFINITIONAL_REPRESENTATION('',(#423),#427);
#423 = LINE('',#424,#425);
#424 = CARTESIAN_POINT('',(0.,6.825));
#425 = VECTOR('',#426,1.);
#426 = DIRECTION('',(1.,0.));
#427 = ( GEOMETRIC_REPRESENTATION_CONTEXT(2) 
PARAMETRIC_REPRESENTATION_CONTEXT() REPRESENTATION_CONTEXT('2D SPACE',''
  ) );
#428 = ORIENTED_EDGE('',*,*,#429,.T.);
#429 = EDGE_CURVE('',#401,#430,#432,.T.);
#430 = VERTEX_POINT('',#431);
#431 = CARTESIAN_POINT('',(55.,4.825,-71.));
#432 = SURFACE_CURVE('',#433,(#438,#445),.PCURVE_S1.);
#433 = CIRCLE('',#434,30.);
#434 = AXIS2_PLACEMENT_3D('',#435,#436,#437);
#435 = CARTESIAN_POINT('',(55.,4.825,-41.));
#436 = DIRECTION('',(0.,1.,0.));
#437 = DIRECTION('',(1.,0.,-0.));
#438 = PCURVE('',#32,#439);
#439 = DEFINITIONAL_REPRESENTATION('',(#440),#444);
#440 = CIRCLE('',#441,30.);
#441 = AXIS2_PLACEMENT_2D('',#442,#443);
#442 = CARTESIAN_POINT('',(209.,305.));
#443 = DIRECTION('',(0.,1.));
#444 = ( GEOMETRIC_REPRESENTATION_CONTEXT(2) 
PARAMETRIC_REPRESENTATION_CONTEXT() REPRESENTATION_CONTEXT('2D SPACE',''
  ) );
#445 = PCURVE('',#446,#451);
#446 = CYLINDRICAL_SURFACE('',#447,30.);
#447 = AXIS2_PLACEMENT_3D('',#448,#449,#450);
#448 = CARTESIAN_POINT('',(55.,-33.,-41.));
#449 = DIRECTION('',(-0.,1.,0.));
#450 = DIRECTION('',(1.,0.,-0.));
#451 = DEFINITIONAL_REPRESENTATION('',(#452),#456);
#452 = LINE('',#453,#454);
#453 = CARTESIAN_POINT('',(0.,37.825));
#454 = VECTOR('',#455,1.);
#455 = DIRECTION('',(1.,0.));
#456 = ( GEOMETRIC_REPRESENTATION_CONTEXT(2) 
PARAMETRIC_REPRESENTATION_CONTEXT() REPRESENTATION_CONTEXT('2D SPACE',''
  ) );
#457 = ORIENTED_EDGE('',*,*,#458,.F.);
#458 = EDGE_CURVE('',#459,#430,#461,.T.);
#459 = VERTEX_POINT('',#460);
#460 = CARTESIAN_POINT('',(-55.,4.825,-71.));
#461 = SURFACE_CURVE('',#462,(#466,#472),.PCURVE_S1.);
#462 = LINE('',#463,#464);
#463 = CARTESIAN_POINT('',(-167.5,4.825,-71.));
#464 = VECTOR('',#465,1.);
#465 = DIRECTION('',(1.,0.,-0.));
#466 = PCURVE('',#32,#467);
#467 = DEFINITIONAL_REPRESENTATION('',(#468),#471);
#468 = B_SPLINE_CURVE_WITH_KNOTS('',1,(#469,#470),.UNSPECIFIED.,.F.,.F.,
  (2,2),(112.5,222.5),.PIECEWISE_BEZIER_KNOTS.);
#469 = CARTESIAN_POINT('',(179.,195.));
#470 = CARTESIAN_POINT('',(179.,305.));
#471 = ( GEOMETRIC_REPRESENTATION_CONTEXT(2) 
PARAMETRIC_REPRESENTATION_CONTEXT() REPRESENTATION_CONTEXT('2D SPACE',''
  ) );
#472 = PCURVE('',#473,#478);
#473 = PLANE('',#474);
#474 = AXIS2_PLACEMENT_3D('',#475,#476,#477);
#475 = CARTESIAN_POINT('',(-85.,-33.,-71.));
#476 = DIRECTION('',(0.,0.,1.));
#477 = DIRECTION('',(1.,0.,-0.));
#478 = DEFINITIONAL_REPRESENTATION('',(#479),#482);
#479 = B_SPLINE_CURVE_WITH_KNOTS('',1,(#480,#481),.UNSPECIFIED.,.F.,.F.,
  (2,2),(112.5,222.5),.PIECEWISE_BEZIER_KNOTS.);
#480 = CARTESIAN_POINT('',(30.,37.825));
#481 = CARTESIAN_POINT('',(140.,37.825));
#482 = ( GEOMETRIC_REPRESENTATION_CONTEXT(2) 
PARAMETRIC_REPRESENTATION_CONTEXT() REPRESENTATION_CONTEXT('2D SPACE',''
  ) );
#483 = ORIENTED_EDGE('',*,*,#484,.T.);
#484 = EDGE_CURVE('',#459,#485,#487,.T.);
#485 = VERTEX_POINT('',#486);
#486 = CARTESIAN_POINT('',(-84.20076359058,4.825,-47.87861946374));
#487 = SURFACE_CURVE('',#488,(#493,#500),.PCURVE_S1.);
#488 = CIRCLE('',#489,30.);
#489 = AXIS2_PLACEMENT_3D('',#490,#491,#492);
#490 = CARTESIAN_POINT('',(-55.,4.825,-41.));
#491 = DIRECTION('',(-0.,1.,0.));
#492 = DIRECTION('',(-1.,-0.,0.));
#493 = PCURVE('',#32,#494);
#494 = DEFINITIONAL_REPRESENTATION('',(#495),#499);
#495 = CIRCLE('',#496,30.);
#496 = AXIS2_PLACEMENT_2D('',#497,#498);
#497 = CARTESIAN_POINT('',(209.,195.));
#498 = DIRECTION('',(0.,-1.));
#499 = ( GEOMETRIC_REPRESENTATION_CONTEXT(2) 
PARAMETRIC_REPRESENTATION_CONTEXT() REPRESENTATION_CONTEXT('2D SPACE',''
  ) );
#500 = PCURVE('',#501,#506);
#501 = CYLINDRICAL_SURFACE('',#502,30.);
#502 = AXIS2_PLACEMENT_3D('',#503,#504,#505);
#503 = CARTESIAN_POINT('',(-55.,-33.,-41.));
#504 = DIRECTION('',(-0.,1.,0.));
#505 = DIRECTION('',(-1.,-0.,0.));
#506 = DEFINITIONAL_REPRESENTATION('',(#507),#511);
#507 = LINE('',#508,#509);
#508 = CARTESIAN_POINT('',(-6.28318530718,37.825));
#509 = VECTOR('',#510,1.);
#510 = DIRECTION('',(1.,-0.));
#511 = ( GEOMETRIC_REPRESENTATION_CONTEXT(2) 
PARAMETRIC_REPRESENTATION_CONTEXT() REPRESENTATION_CONTEXT('2D SPACE',''
  ) );
#512 = ORIENTED_EDGE('',*,*,#513,.T.);
#513 = EDGE_CURVE('',#485,#24,#514,.T.);
#514 = SURFACE_CURVE('',#515,(#520,#527),.PCURVE_S1.);
#515 = CIRCLE('',#516,6.);
#516 = AXIS2_PLACEMENT_3D('',#517,#518,#519);
#517 = CARTESIAN_POINT('',(-83.,4.825,-42.));
#518 = DIRECTION('',(-0.,1.,0.));
#519 = DIRECTION('',(1.,0.,0.));
#520 = PCURVE('',#32,#521);
#521 = DEFINITIONAL_REPRESENTATION('',(#522),#526);
#522 = CIRCLE('',#523,6.);
#523 = AXIS2_PLACEMENT_2D('',#524,#525);
#524 = CARTESIAN_POINT('',(208.,167.));
#525 = DIRECTION('',(0.,1.));
#526 = ( GEOMETRIC_REPRESENTATION_CONTEXT(2) 
PARAMETRIC_REPRESENTATION_CONTEXT() REPRESENTATION_CONTEXT('2D SPACE',''
  ) );
#527 = PCURVE('',#528,#533);
#528 = CYLINDRICAL_SURFACE('',#529,6.);
#529 = AXIS2_PLACEMENT_3D('',#530,#531,#532);
#530 = CARTESIAN_POINT('',(-83.,-2.,-42.));
#531 = DIRECTION('',(0.,1.,0.));
#532 = DIRECTION('',(1.,0.,0.));
#533 = DEFINITIONAL_REPRESENTATION('',(#534),#538);
#534 = LINE('',#535,#536);
#535 = CARTESIAN_POINT('',(0.,6.825));
#536 = VECTOR('',#537,1.);
#537 = DIRECTION('',(1.,0.));
#538 = ( GEOMETRIC_REPRESENTATION_CONTEXT(2) 
PARAMETRIC_REPRESENTATION_CONTEXT() REPRESENTATION_CONTEXT('2D SPACE',''
  ) );
#539 = FACE_BOUND('',#540,.T.);
#540 = EDGE_LOOP('',(#541));
#541 = ORIENTED_EDGE('',*,*,#542,.F.);
#542 = EDGE_CURVE('',#543,#543,#545,.T.);
#543 = VERTEX_POINT('',#544);
#544 = CARTESIAN_POINT('',(-81.3,4.825,-42.));
#545 = SURFACE_CURVE('',#546,(#551,#558),.PCURVE_S1.);
#546 = CIRCLE('',#547,1.7);
#547 = AXIS2_PLACEMENT_3D('',#548,#549,#550);
#548 = CARTESIAN_POINT('',(-83.,4.825,-42.));
#549 = DIRECTION('',(-0.,1.,0.));
#550 = DIRECTION('',(1.,0.,0.));
#551 = PCURVE('',#32,#552);
#552 = DEFINITIONAL_REPRESENTATION('',(#553),#557);
#553 = CIRCLE('',#554,1.7);
#554 = AXIS2_PLACEMENT_2D('',#555,#556);
#555 = CARTESIAN_POINT('',(208.,167.));
#556 = DIRECTION('',(0.,1.));
#557 = ( GEOMETRIC_REPRESENTATION_CONTEXT(2) 
PARAMETRIC_REPRESENTATION_CONTEXT() REPRESENTATION_CONTEXT('2D SPACE',''
  ) );
#558 = PCURVE('',#559,#564);
#559 = CYLINDRICAL_SURFACE('',#560,1.7);
#560 = AXIS2_PLACEMENT_3D('',#561,#562,#563);
#561 = CARTESIAN_POINT('',(-83.,-4.,-42.));
#562 = DIRECTION('',(0.,1.,0.));
#563 = DIRECTION('',(1.,0.,0.));
#564 = DEFINITIONAL_REPRESENTATION('',(#565),#569);
#565 = LINE('',#566,#567);
#566 = CARTESIAN_POINT('',(0.,8.825));
#567 = VECTOR('',#568,1.);
#568 = DIRECTION('',(1.,0.));
#569 = ( GEOMETRIC_REPRESENTATION_CONTEXT(2) 
PARAMETRIC_REPRESENTATION_CONTEXT() REPRESENTATION_CONTEXT('2D SPACE',''
  ) );
#570 = FACE_BOUND('',#571,.T.);
#571 = EDGE_LOOP('',(#572));
#572 = ORIENTED_EDGE('',*,*,#573,.F.);
#573 = EDGE_CURVE('',#574,#574,#576,.T.);
#574 = VERTEX_POINT('',#575);
#575 = CARTESIAN_POINT('',(-81.3,4.825,18.));
#576 = SURFACE_CURVE('',#577,(#582,#589),.PCURVE_S1.);
#577 = CIRCLE('',#578,1.7);
#578 = AXIS2_PLACEMENT_3D('',#579,#580,#581);
#579 = CARTESIAN_POINT('',(-83.,4.825,18.));
#580 = DIRECTION('',(-0.,1.,0.));
#581 = DIRECTION('',(1.,0.,0.));
#582 = PCURVE('',#32,#583);
#583 = DEFINITIONAL_REPRESENTATION('',(#584),#588);
#584 = CIRCLE('',#585,1.7);
#585 = AXIS2_PLACEMENT_2D('',#586,#587);
#586 = CARTESIAN_POINT('',(268.,167.));
#587 = DIRECTION('',(0.,1.));
#588 = ( GEOMETRIC_REPRESENTATION_CONTEXT(2) 
PARAMETRIC_REPRESENTATION_CONTEXT() REPRESENTATION_CONTEXT('2D SPACE',''
  ) );
#589 = PCURVE('',#590,#595);
#590 = CYLINDRICAL_SURFACE('',#591,1.7);
#591 = AXIS2_PLACEMENT_3D('',#592,#593,#594);
#592 = CARTESIAN_POINT('',(-83.,-4.,18.));
#593 = DIRECTION('',(0.,1.,0.));
#594 = DIRECTION('',(1.,0.,0.));
#595 = DEFINITIONAL_REPRESENTATION('',(#596),#600);
#596 = LINE('',#597,#598);
#597 = CARTESIAN_POINT('',(0.,8.825));
#598 = VECTOR('',#599,1.);
#599 = DIRECTION('',(1.,0.));
#600 = ( GEOMETRIC_REPRESENTATION_CONTEXT(2) 
PARAMETRIC_REPRESENTATION_CONTEXT() REPRESENTATION_CONTEXT('2D SPACE',''
  ) );
#601 = FACE_BOUND('',#602,.T.);
#602 = EDGE_LOOP('',(#603));
#603 = ORIENTED_EDGE('',*,*,#604,.F.);
#604 = EDGE_CURVE('',#605,#605,#607,.T.);
#605 = VERTEX_POINT('',#606);
#606 = CARTESIAN_POINT('',(84.7,4.825,-42.));
#607 = SURFACE_CURVE('',#608,(#613,#620),.PCURVE_S1.);
#608 = CIRCLE('',#609,1.7);
#609 = AXIS2_PLACEMENT_3D('',#610,#611,#612);
#610 = CARTESIAN_POINT('',(83.,4.825,-42.));
#611 = DIRECTION('',(-0.,1.,0.));
#612 = DIRECTION('',(1.,0.,0.));
#613 = PCURVE('',#32,#614);
#614 = DEFINITIONAL_REPRESENTATION('',(#615),#619);
#615 = CIRCLE('',#616,1.7);
#616 = AXIS2_PLACEMENT_2D('',#617,#618);
#617 = CARTESIAN_POINT('',(208.,333.));
#618 = DIRECTION('',(0.,1.));
#619 = ( GEOMETRIC_REPRESENTATION_CONTEXT(2) 
PARAMETRIC_REPRESENTATION_CONTEXT() REPRESENTATION_CONTEXT('2D SPACE',''
  ) );
#620 = PCURVE('',#621,#626);
#621 = CYLINDRICAL_SURFACE('',#622,1.7);
#622 = AXIS2_PLACEMENT_3D('',#623,#624,#625);
#623 = CARTESIAN_POINT('',(83.,-4.,-42.));
#624 = DIRECTION('',(0.,1.,0.));
#625 = DIRECTION('',(1.,0.,0.));
#626 = DEFINITIONAL_REPRESENTATION('',(#627),#631);
#627 = LINE('',#628,#629);
#628 = CARTESIAN_POINT('',(0.,8.825));
#629 = VECTOR('',#630,1.);
#630 = DIRECTION('',(1.,0.));
#631 = ( GEOMETRIC_REPRESENTATION_CONTEXT(2) 
PARAMETRIC_REPRESENTATION_CONTEXT() REPRESENTATION_CONTEXT('2D SPACE',''
  ) );
#632 = FACE_BOUND('',#633,.T.);
#633 = EDGE_LOOP('',(#634));
#634 = ORIENTED_EDGE('',*,*,#635,.F.);
#635 = EDGE_CURVE('',#636,#636,#638,.T.);
#636 = VERTEX_POINT('',#637);
#637 = CARTESIAN_POINT('',(84.7,4.825,18.));
#638 = SURFACE_CURVE('',#639,(#644,#651),.PCURVE_S1.);
#639 = CIRCLE('',#640,1.7);
#640 = AXIS2_PLACEMENT_3D('',#641,#642,#643);
#641 = CARTESIAN_POINT('',(83.,4.825,18.));
#642 = DIRECTION('',(-0.,1.,0.));
#643 = DIRECTION('',(1.,0.,0.));
#644 = PCURVE('',#32,#645);
#645 = DEFINITIONAL_REPRESENTATION('',(#646),#650);
#646 = CIRCLE('',#647,1.7);
#647 = AXIS2_PLACEMENT_2D('',#648,#649);
#648 = CARTESIAN_POINT('',(268.,333.));
#649 = DIRECTION('',(0.,1.));
#650 = ( GEOMETRIC_REPRESENTATION_CONTEXT(2) 
PARAMETRIC_REPRESENTATION_CONTEXT() REPRESENTATION_CONTEXT('2D SPACE',''
  ) );
#651 = PCURVE('',#652,#657);
#652 = CYLINDRICAL_SURFACE('',#653,1.7);
#653 = AXIS2_PLACEMENT_3D('',#654,#655,#656);
#654 = CARTESIAN_POINT('',(83.,-4.,18.));
#655 = DIRECTION('',(0.,1.,0.));
#656 = DIRECTION('',(1.,0.,0.));
#657 = DEFINITIONAL_REPRESENTATION('',(#658),#662);
#658 = LINE('',#659,#660);
#659 = CARTESIAN_POINT('',(0.,8.825));
#660 = VECTOR('',#661,1.);
#661 = DIRECTION('',(1.,0.));
#662 = ( GEOMETRIC_REPRESENTATION_CONTEXT(2) 
PARAMETRIC_REPRESENTATION_CONTEXT() REPRESENTATION_CONTEXT('2D SPACE',''
  ) );
#663 = ADVANCED_FACE('',(#664),#652,.F.);
#664 = FACE_BOUND('',#665,.F.);
#665 = EDGE_LOOP('',(#666,#667,#690,#717));
#666 = ORIENTED_EDGE('',*,*,#635,.F.);
#667 = ORIENTED_EDGE('',*,*,#668,.F.);
#668 = EDGE_CURVE('',#669,#636,#671,.T.);
#669 = VERTEX_POINT('',#670);
#670 = CARTESIAN_POINT('',(84.7,-2.,18.));
#671 = SEAM_CURVE('',#672,(#676,#683),.PCURVE_S1.);
#672 = LINE('',#673,#674);
#673 = CARTESIAN_POINT('',(84.7,-4.,18.));
#674 = VECTOR('',#675,1.);
#675 = DIRECTION('',(0.,1.,0.));
#676 = PCURVE('',#652,#677);
#677 = DEFINITIONAL_REPRESENTATION('',(#678),#682);
#678 = LINE('',#679,#680);
#679 = CARTESIAN_POINT('',(6.28318530718,-0.));
#680 = VECTOR('',#681,1.);
#681 = DIRECTION('',(0.,1.));
#682 = ( GEOMETRIC_REPRESENTATION_CONTEXT(2) 
PARAMETRIC_REPRESENTATION_CONTEXT() REPRESENTATION_CONTEXT('2D SPACE',''
  ) );
#683 = PCURVE('',#652,#684);
#684 = DEFINITIONAL_REPRESENTATION('',(#685),#689);
#685 = LINE('',#686,#687);
#686 = CARTESIAN_POINT('',(0.,-0.));
#687 = VECTOR('',#688,1.);
#688 = DIRECTION('',(0.,1.));
#689 = ( GEOMETRIC_REPRESENTATION_CONTEXT(2) 
PARAMETRIC_REPRESENTATION_CONTEXT() REPRESENTATION_CONTEXT('2D SPACE',''
  ) );
#690 = ORIENTED_EDGE('',*,*,#691,.T.);
#691 = EDGE_CURVE('',#669,#669,#692,.T.);
#692 = SURFACE_CURVE('',#693,(#698,#705),.PCURVE_S1.);
#693 = CIRCLE('',#694,1.7);
#694 = AXIS2_PLACEMENT_3D('',#695,#696,#697);
#695 = CARTESIAN_POINT('',(83.,-2.,18.));
#696 = DIRECTION('',(-0.,1.,0.));
#697 = DIRECTION('',(1.,0.,0.));
#698 = PCURVE('',#652,#699);
#699 = DEFINITIONAL_REPRESENTATION('',(#700),#704);
#700 = LINE('',#701,#702);
#701 = CARTESIAN_POINT('',(0.,2.));
#702 = VECTOR('',#703,1.);
#703 = DIRECTION('',(1.,0.));
#704 = ( GEOMETRIC_REPRESENTATION_CONTEXT(2) 
PARAMETRIC_REPRESENTATION_CONTEXT() REPRESENTATION_CONTEXT('2D SPACE',''
  ) );
#705 = PCURVE('',#706,#711);
#706 = PLANE('',#707);
#707 = AXIS2_PLACEMENT_3D('',#708,#709,#710);
#708 = CARTESIAN_POINT('',(83.,-2.,18.));
#709 = DIRECTION('',(0.,1.,0.));
#710 = DIRECTION('',(1.,0.,0.));
#711 = DEFINITIONAL_REPRESENTATION('',(#712),#716);
#712 = CIRCLE('',#713,1.7);
#713 = AXIS2_PLACEMENT_2D('',#714,#715);
#714 = CARTESIAN_POINT('',(0.,0.));
#715 = DIRECTION('',(1.,0.));
#716 = ( GEOMETRIC_REPRESENTATION_CONTEXT(2) 
PARAMETRIC_REPRESENTATION_CONTEXT() REPRESENTATION_CONTEXT('2D SPACE',''
  ) );
#717 = ORIENTED_EDGE('',*,*,#668,.T.);
#718 = ADVANCED_FACE('',(#719,#814),#706,.F.);
#719 = FACE_BOUND('',#720,.F.);
#720 = EDGE_LOOP('',(#721,#767,#795));
#721 = ORIENTED_EDGE('',*,*,#722,.T.);
#722 = EDGE_CURVE('',#723,#725,#727,.T.);
#723 = VERTEX_POINT('',#724);
#724 = CARTESIAN_POINT('',(85.,-2.,12.861891414002));
#725 = VERTEX_POINT('',#726);
#726 = CARTESIAN_POINT('',(81.276740379979,-2.,12.252794045625));
#727 = SURFACE_CURVE('',#728,(#733,#740),.PCURVE_S1.);
#728 = CIRCLE('',#729,30.955522932104);
#729 = AXIS2_PLACEMENT_3D('',#730,#731,#732);
#730 = CARTESIAN_POINT('',(78.15,-2.,43.05));
#731 = DIRECTION('',(0.,1.,0.));
#732 = DIRECTION('',(0.,-0.,1.));
#733 = PCURVE('',#706,#734);
#734 = DEFINITIONAL_REPRESENTATION('',(#735),#739);
#735 = CIRCLE('',#736,30.955522932104);
#736 = AXIS2_PLACEMENT_2D('',#737,#738);
#737 = CARTESIAN_POINT('',(-4.85,-25.05));
#738 = DIRECTION('',(0.,-1.));
#739 = ( GEOMETRIC_REPRESENTATION_CONTEXT(2) 
PARAMETRIC_REPRESENTATION_CONTEXT() REPRESENTATION_CONTEXT('2D SPACE',''
  ) );
#740 = PCURVE('',#329,#741);
#741 = DEFINITIONAL_REPRESENTATION('',(#742),#766);
#742 = B_SPLINE_CURVE_WITH_KNOTS('',8,(#743,#744,#745,#746,#747,#748,
    #749,#750,#751,#752,#753,#754,#755,#756,#757,#758,#759,#760,#761,
    #762,#763,#764,#765),.UNSPECIFIED.,.F.,.F.,(9,7,7,9),(2.918460478165
    ,2.920839823004,3.009139571283,3.040412592223),.UNSPECIFIED.);
#743 = CARTESIAN_POINT('',(6.045432946841,-1.341426884399));
#744 = CARTESIAN_POINT('',(6.045132929364,-1.341715936067));
#745 = CARTESIAN_POINT('',(6.044832039771,-1.342004963718));
#746 = CARTESIAN_POINT('',(6.044530273753,-1.34229396723));
#747 = CARTESIAN_POINT('',(6.044227626969,-1.342582946481));
#748 = CARTESIAN_POINT('',(6.043924095046,-1.342871901349));
#749 = CARTESIAN_POINT('',(6.043619673576,-1.34316083171));
#750 = CARTESIAN_POINT('',(6.043314358116,-1.343449737438));
#751 = CARTESIAN_POINT('',(6.03164425442,-1.354459265764));
#752 = CARTESIAN_POINT('',(6.019042915606,-1.365145812881));
#753 = CARTESIAN_POINT('',(6.004975287426,-1.375791832529));
#754 = CARTESIAN_POINT('',(5.989144934425,-1.386388907036));
#755 = CARTESIAN_POINT('',(5.971162991009,-1.396926034186));
#756 = CARTESIAN_POINT('',(5.950487039552,-1.407387443651));
#757 = CARTESIAN_POINT('',(5.926352414129,-1.417751046589));
#758 = CARTESIAN_POINT('',(5.887247718781,-1.431599538622));
#759 = CARTESIAN_POINT('',(5.876425396136,-1.435204274904));
#760 = CARTESIAN_POINT('',(5.864951120117,-1.438790085658));
#761 = CARTESIAN_POINT('',(5.852759630731,-1.442354944972));
#762 = CARTESIAN_POINT('',(5.839775847233,-1.445896499908));
#763 = CARTESIAN_POINT('',(5.825912619294,-1.449411987394));
#764 = CARTESIAN_POINT('',(5.811067849385,-1.452898101091));
#765 = CARTESIAN_POINT('',(5.795120986391,-1.456350808229));
#766 = ( GEOMETRIC_REPRESENTATION_CONTEXT(2) 
PARAMETRIC_REPRESENTATION_CONTEXT() REPRESENTATION_CONTEXT('2D SPACE',''
  ) );
#767 = ORIENTED_EDGE('',*,*,#768,.F.);
#768 = EDGE_CURVE('',#769,#725,#771,.T.);
#769 = VERTEX_POINT('',#770);
#770 = CARTESIAN_POINT('',(85.,-2.,12.343145750508));
#771 = SURFACE_CURVE('',#772,(#777,#788),.PCURVE_S1.);
#772 = CIRCLE('',#773,6.);
#773 = AXIS2_PLACEMENT_3D('',#774,#775,#776);
#774 = CARTESIAN_POINT('',(83.,-2.,18.));
#775 = DIRECTION('',(0.,-1.,0.));
#776 = DIRECTION('',(0.333333333333,0.,-0.942809041582));
#777 = PCURVE('',#706,#778);
#778 = DEFINITIONAL_REPRESENTATION('',(#779),#787);
#779 = ( BOUNDED_CURVE() B_SPLINE_CURVE(2,(#780,#781,#782,#783,#784,#785
,#786),.UNSPECIFIED.,.T.,.F.) B_SPLINE_CURVE_WITH_KNOTS((1,2,2,2,2,1),(
    -2.094395102393,0.,2.094395102393,4.188790204786,6.28318530718,
8.377580409573),.UNSPECIFIED.) CURVE() GEOMETRIC_REPRESENTATION_ITEM() 
RATIONAL_B_SPLINE_CURVE((1.,0.5,1.,0.5,1.,0.5,1.)) REPRESENTATION_ITEM(
  '') );
#780 = CARTESIAN_POINT('',(2.,5.656854249492));
#781 = CARTESIAN_POINT('',(11.797958971133,2.192752634355));
#782 = CARTESIAN_POINT('',(3.898979485566,-4.560477932315));
#783 = CARTESIAN_POINT('',(-4.,-11.31370849898));
#784 = CARTESIAN_POINT('',(-5.898979485566,-1.096376317177));
#785 = CARTESIAN_POINT('',(-7.797958971133,9.12095586463));
#786 = CARTESIAN_POINT('',(2.,5.656854249492));
#787 = ( GEOMETRIC_REPRESENTATION_CONTEXT(2) 
PARAMETRIC_REPRESENTATION_CONTEXT() REPRESENTATION_CONTEXT('2D SPACE',''
  ) );
#788 = PCURVE('',#362,#789);
#789 = DEFINITIONAL_REPRESENTATION('',(#790),#794);
#790 = LINE('',#791,#792);
#791 = CARTESIAN_POINT('',(7.51414472452,0.));
#792 = VECTOR('',#793,1.);
#793 = DIRECTION('',(-1.,-0.));
#794 = ( GEOMETRIC_REPRESENTATION_CONTEXT(2) 
PARAMETRIC_REPRESENTATION_CONTEXT() REPRESENTATION_CONTEXT('2D SPACE',''
  ) );
#795 = ORIENTED_EDGE('',*,*,#796,.T.);
#796 = EDGE_CURVE('',#769,#723,#797,.T.);
#797 = SURFACE_CURVE('',#798,(#802,#808),.PCURVE_S1.);
#798 = LINE('',#799,#800);
#799 = CARTESIAN_POINT('',(85.,-2.,-26.5));
#800 = VECTOR('',#801,1.);
#801 = DIRECTION('',(0.,-0.,1.));
#802 = PCURVE('',#706,#803);
#803 = DEFINITIONAL_REPRESENTATION('',(#804),#807);
#804 = B_SPLINE_CURVE_WITH_KNOTS('',1,(#805,#806),.UNSPECIFIED.,.F.,.F.,
  (2,2),(38.5,42.41843351371),.PIECEWISE_BEZIER_KNOTS.);
#805 = CARTESIAN_POINT('',(2.,6.));
#806 = CARTESIAN_POINT('',(2.,2.08156648629));
#807 = ( GEOMETRIC_REPRESENTATION_CONTEXT(2) 
PARAMETRIC_REPRESENTATION_CONTEXT() REPRESENTATION_CONTEXT('2D SPACE',''
  ) );
#808 = PCURVE('',#389,#809);
#809 = DEFINITIONAL_REPRESENTATION('',(#810),#813);
#810 = B_SPLINE_CURVE_WITH_KNOTS('',1,(#811,#812),.UNSPECIFIED.,.F.,.F.,
  (2,2),(38.5,42.41843351371),.PIECEWISE_BEZIER_KNOTS.);
#811 = CARTESIAN_POINT('',(83.,-31.));
#812 = CARTESIAN_POINT('',(86.91843351371,-31.));
#813 = ( GEOMETRIC_REPRESENTATION_CONTEXT(2) 
PARAMETRIC_REPRESENTATION_CONTEXT() REPRESENTATION_CONTEXT('2D SPACE',''
  ) );
#814 = FACE_BOUND('',#815,.F.);
#815 = EDGE_LOOP('',(#816));
#816 = ORIENTED_EDGE('',*,*,#691,.F.);
#817 = ADVANCED_FACE('',(#818),#621,.F.);
#818 = FACE_BOUND('',#819,.F.);
#819 = EDGE_LOOP('',(#820,#821,#844,#871));
#820 = ORIENTED_EDGE('',*,*,#604,.F.);
#821 = ORIENTED_EDGE('',*,*,#822,.F.);
#822 = EDGE_CURVE('',#823,#605,#825,.T.);
#823 = VERTEX_POINT('',#824);
#824 = CARTESIAN_POINT('',(84.7,-4.,-42.));
#825 = SEAM_CURVE('',#826,(#830,#837),.PCURVE_S1.);
#826 = LINE('',#827,#828);
#827 = CARTESIAN_POINT('',(84.7,-4.,-42.));
#828 = VECTOR('',#829,1.);
#829 = DIRECTION('',(0.,1.,0.));
#830 = PCURVE('',#621,#831);
#831 = DEFINITIONAL_REPRESENTATION('',(#832),#836);
#832 = LINE('',#833,#834);
#833 = CARTESIAN_POINT('',(6.28318530718,-0.));
#834 = VECTOR('',#835,1.);
#835 = DIRECTION('',(0.,1.));
#836 = ( GEOMETRIC_REPRESENTATION_CONTEXT(2) 
PARAMETRIC_REPRESENTATION_CONTEXT() REPRESENTATION_CONTEXT('2D SPACE',''
  ) );
#837 = PCURVE('',#621,#838);
#838 = DEFINITIONAL_REPRESENTATION('',(#839),#843);
#839 = LINE('',#840,#841);
#840 = CARTESIAN_POINT('',(0.,-0.));
#841 = VECTOR('',#842,1.);
#842 = DIRECTION('',(0.,1.));
#843 = ( GEOMETRIC_REPRESENTATION_CONTEXT(2) 
PARAMETRIC_REPRESENTATION_CONTEXT() REPRESENTATION_CONTEXT('2D SPACE',''
  ) );
#844 = ORIENTED_EDGE('',*,*,#845,.T.);
#845 = EDGE_CURVE('',#823,#823,#846,.T.);
#846 = SURFACE_CURVE('',#847,(#852,#859),.PCURVE_S1.);
#847 = CIRCLE('',#848,1.7);
#848 = AXIS2_PLACEMENT_3D('',#849,#850,#851);
#849 = CARTESIAN_POINT('',(83.,-4.,-42.));
#850 = DIRECTION('',(-0.,1.,0.));
#851 = DIRECTION('',(1.,0.,0.));
#852 = PCURVE('',#621,#853);
#853 = DEFINITIONAL_REPRESENTATION('',(#854),#858);
#854 = LINE('',#855,#856);
#855 = CARTESIAN_POINT('',(0.,0.));
#856 = VECTOR('',#857,1.);
#857 = DIRECTION('',(1.,0.));
#858 = ( GEOMETRIC_REPRESENTATION_CONTEXT(2) 
PARAMETRIC_REPRESENTATION_CONTEXT() REPRESENTATION_CONTEXT('2D SPACE',''
  ) );
#859 = PCURVE('',#860,#865);
#860 = PLANE('',#861);
#861 = AXIS2_PLACEMENT_3D('',#862,#863,#864);
#862 = CARTESIAN_POINT('',(83.,-4.,-42.));
#863 = DIRECTION('',(0.,1.,0.));
#864 = DIRECTION('',(1.,0.,0.));
#865 = DEFINITIONAL_REPRESENTATION('',(#866),#870);
#866 = CIRCLE('',#867,1.7);
#867 = AXIS2_PLACEMENT_2D('',#868,#869);
#868 = CARTESIAN_POINT('',(0.,0.));
#869 = DIRECTION('',(1.,0.));
#870 = ( GEOMETRIC_REPRESENTATION_CONTEXT(2) 
PARAMETRIC_REPRESENTATION_CONTEXT() REPRESENTATION_CONTEXT('2D SPACE',''
  ) );
#871 = ORIENTED_EDGE('',*,*,#822,.T.);
#872 = ADVANCED_FACE('',(#873),#860,.T.);
#873 = FACE_BOUND('',#874,.F.);
#874 = EDGE_LOOP('',(#875));
#875 = ORIENTED_EDGE('',*,*,#845,.F.);
#876 = ADVANCED_FACE('',(#877),#590,.F.);
#877 = FACE_BOUND('',#878,.F.);
#878 = EDGE_LOOP('',(#879,#880,#903,#930));
#879 = ORIENTED_EDGE('',*,*,#573,.F.);
#880 = ORIENTED_EDGE('',*,*,#881,.F.);
#881 = EDGE_CURVE('',#882,#574,#884,.T.);
#882 = VERTEX_POINT('',#883);
#883 = CARTESIAN_POINT('',(-81.3,-2.,18.));
#884 = SEAM_CURVE('',#885,(#889,#896),.PCURVE_S1.);
#885 = LINE('',#886,#887);
#886 = CARTESIAN_POINT('',(-81.3,-4.,18.));
#887 = VECTOR('',#888,1.);
#888 = DIRECTION('',(0.,1.,0.));
#889 = PCURVE('',#590,#890);
#890 = DEFINITIONAL_REPRESENTATION('',(#891),#895);
#891 = LINE('',#892,#893);
#892 = CARTESIAN_POINT('',(6.28318530718,-0.));
#893 = VECTOR('',#894,1.);
#894 = DIRECTION('',(0.,1.));
#895 = ( GEOMETRIC_REPRESENTATION_CONTEXT(2) 
PARAMETRIC_REPRESENTATION_CONTEXT() REPRESENTATION_CONTEXT('2D SPACE',''
  ) );
#896 = PCURVE('',#590,#897);
#897 = DEFINITIONAL_REPRESENTATION('',(#898),#902);
#898 = LINE('',#899,#900);
#899 = CARTESIAN_POINT('',(0.,-0.));
#900 = VECTOR('',#901,1.);
#901 = DIRECTION('',(0.,1.));
#902 = ( GEOMETRIC_REPRESENTATION_CONTEXT(2) 
PARAMETRIC_REPRESENTATION_CONTEXT() REPRESENTATION_CONTEXT('2D SPACE',''
  ) );
#903 = ORIENTED_EDGE('',*,*,#904,.T.);
#904 = EDGE_CURVE('',#882,#882,#905,.T.);
#905 = SURFACE_CURVE('',#906,(#911,#918),.PCURVE_S1.);
#906 = CIRCLE('',#907,1.7);
#907 = AXIS2_PLACEMENT_3D('',#908,#909,#910);
#908 = CARTESIAN_POINT('',(-83.,-2.,18.));
#909 = DIRECTION('',(-0.,1.,0.));
#910 = DIRECTION('',(1.,0.,0.));
#911 = PCURVE('',#590,#912);
#912 = DEFINITIONAL_REPRESENTATION('',(#913),#917);
#913 = LINE('',#914,#915);
#914 = CARTESIAN_POINT('',(0.,2.));
#915 = VECTOR('',#916,1.);
#916 = DIRECTION('',(1.,0.));
#917 = ( GEOMETRIC_REPRESENTATION_CONTEXT(2) 
PARAMETRIC_REPRESENTATION_CONTEXT() REPRESENTATION_CONTEXT('2D SPACE',''
  ) );
#918 = PCURVE('',#919,#924);
#919 = PLANE('',#920);
#920 = AXIS2_PLACEMENT_3D('',#921,#922,#923);
#921 = CARTESIAN_POINT('',(-83.,-2.,18.));
#922 = DIRECTION('',(0.,1.,0.));
#923 = DIRECTION('',(1.,0.,0.));
#924 = DEFINITIONAL_REPRESENTATION('',(#925),#929);
#925 = CIRCLE('',#926,1.7);
#926 = AXIS2_PLACEMENT_2D('',#927,#928);
#927 = CARTESIAN_POINT('',(0.,0.));
#928 = DIRECTION('',(1.,0.));
#929 = ( GEOMETRIC_REPRESENTATION_CONTEXT(2) 
PARAMETRIC_REPRESENTATION_CONTEXT() REPRESENTATION_CONTEXT('2D SPACE',''
  ) );
#930 = ORIENTED_EDGE('',*,*,#881,.T.);
#931 = ADVANCED_FACE('',(#932,#1027),#919,.F.);
#932 = FACE_BOUND('',#933,.F.);
#933 = EDGE_LOOP('',(#934,#957,#985));
#934 = ORIENTED_EDGE('',*,*,#935,.F.);
#935 = EDGE_CURVE('',#936,#938,#940,.T.);
#936 = VERTEX_POINT('',#937);
#937 = CARTESIAN_POINT('',(-85.,-2.,12.343145750508));
#938 = VERTEX_POINT('',#939);
#939 = CARTESIAN_POINT('',(-85.,-2.,12.861891414002));
#940 = SURFACE_CURVE('',#941,(#945,#951),.PCURVE_S1.);
#941 = LINE('',#942,#943);
#942 = CARTESIAN_POINT('',(-85.,-2.,-26.5));
#943 = VECTOR('',#944,1.);
#944 = DIRECTION('',(0.,-0.,1.));
#945 = PCURVE('',#919,#946);
#946 = DEFINITIONAL_REPRESENTATION('',(#947),#950);
#947 = B_SPLINE_CURVE_WITH_KNOTS('',1,(#948,#949),.UNSPECIFIED.,.F.,.F.,
  (2,2),(38.5,42.41843351371),.PIECEWISE_BEZIER_KNOTS.);
#948 = CARTESIAN_POINT('',(-2.,6.));
#949 = CARTESIAN_POINT('',(-2.,2.08156648629));
#950 = ( GEOMETRIC_REPRESENTATION_CONTEXT(2) 
PARAMETRIC_REPRESENTATION_CONTEXT() REPRESENTATION_CONTEXT('2D SPACE',''
  ) );
#951 = PCURVE('',#43,#952);
#952 = DEFINITIONAL_REPRESENTATION('',(#953),#956);
#953 = B_SPLINE_CURVE_WITH_KNOTS('',1,(#954,#955),.UNSPECIFIED.,.F.,.F.,
  (2,2),(38.5,42.41843351371),.PIECEWISE_BEZIER_KNOTS.);
#954 = CARTESIAN_POINT('',(83.,-31.));
#955 = CARTESIAN_POINT('',(86.91843351371,-31.));
#956 = ( GEOMETRIC_REPRESENTATION_CONTEXT(2) 
PARAMETRIC_REPRESENTATION_CONTEXT() REPRESENTATION_CONTEXT('2D SPACE',''
  ) );
#957 = ORIENTED_EDGE('',*,*,#958,.F.);
#958 = EDGE_CURVE('',#959,#936,#961,.T.);
#959 = VERTEX_POINT('',#960);
#960 = CARTESIAN_POINT('',(-81.27674037997,-2.,12.252794045625));
#961 = SURFACE_CURVE('',#962,(#967,#978),.PCURVE_S1.);
#962 = CIRCLE('',#963,6.);
#963 = AXIS2_PLACEMENT_3D('',#964,#965,#966);
#964 = CARTESIAN_POINT('',(-83.,-2.,18.));
#965 = DIRECTION('',(0.,-1.,0.));
#966 = DIRECTION('',(0.28720993667,0.,-0.957867659063));
#967 = PCURVE('',#919,#968);
#968 = DEFINITIONAL_REPRESENTATION('',(#969),#977);
#969 = ( BOUNDED_CURVE() B_SPLINE_CURVE(2,(#970,#971,#972,#973,#974,#975
,#976),.UNSPECIFIED.,.T.,.F.) B_SPLINE_CURVE_WITH_KNOTS((1,2,2,2,2,1),(
    -2.094395102393,0.,2.094395102393,4.188790204786,6.28318530718,
8.377580409573),.UNSPECIFIED.) CURVE() GEOMETRIC_REPRESENTATION_ITEM() 
RATIONAL_B_SPLINE_CURVE((1.,0.5,1.,0.5,1.,0.5,1.)) REPRESENTATION_ITEM(
  '') );
#970 = CARTESIAN_POINT('',(1.723259620021,5.747205954375));
#971 = CARTESIAN_POINT('',(11.677712334561,2.762432737868));
#972 = CARTESIAN_POINT('',(4.11559654726,-4.365989585441));
#973 = CARTESIAN_POINT('',(-3.446519240041,-11.49441190875));
#974 = CARTESIAN_POINT('',(-5.83885616728,-1.381216368934));
#975 = CARTESIAN_POINT('',(-8.23119309452,8.731979170883));
#976 = CARTESIAN_POINT('',(1.723259620021,5.747205954375));
#977 = ( GEOMETRIC_REPRESENTATION_CONTEXT(2) 
PARAMETRIC_REPRESENTATION_CONTEXT() REPRESENTATION_CONTEXT('2D SPACE',''
  ) );
#978 = PCURVE('',#71,#979);
#979 = DEFINITIONAL_REPRESENTATION('',(#980),#984);
#980 = LINE('',#981,#982);
#981 = CARTESIAN_POINT('',(7.562668859262,0.));
#982 = VECTOR('',#983,1.);
#983 = DIRECTION('',(-1.,-0.));
#984 = ( GEOMETRIC_REPRESENTATION_CONTEXT(2) 
PARAMETRIC_REPRESENTATION_CONTEXT() REPRESENTATION_CONTEXT('2D SPACE',''
  ) );
#985 = ORIENTED_EDGE('',*,*,#986,.T.);
#986 = EDGE_CURVE('',#959,#938,#987,.T.);
#987 = SURFACE_CURVE('',#988,(#993,#1000),.PCURVE_S1.);
#988 = CIRCLE('',#989,30.955522932104);
#989 = AXIS2_PLACEMENT_3D('',#990,#991,#992);
#990 = CARTESIAN_POINT('',(-78.15,-2.,43.05));
#991 = DIRECTION('',(0.,1.,0.));
#992 = DIRECTION('',(0.,-0.,1.));
#993 = PCURVE('',#919,#994);
#994 = DEFINITIONAL_REPRESENTATION('',(#995),#999);
#995 = CIRCLE('',#996,30.955522932104);
#996 = AXIS2_PLACEMENT_2D('',#997,#998);
#997 = CARTESIAN_POINT('',(4.85,-25.05));
#998 = DIRECTION('',(0.,-1.));
#999 = ( GEOMETRIC_REPRESENTATION_CONTEXT(2) 
PARAMETRIC_REPRESENTATION_CONTEXT() REPRESENTATION_CONTEXT('2D SPACE',''
  ) );
#1000 = PCURVE('',#100,#1001);
#1001 = DEFINITIONAL_REPRESENTATION('',(#1002),#1026);
#1002 = B_SPLINE_CURVE_WITH_KNOTS('',8,(#1003,#1004,#1005,#1006,#1007,
    #1008,#1009,#1010,#1011,#1012,#1013,#1014,#1015,#1016,#1017,#1018,
    #1019,#1020,#1021,#1022,#1023,#1024,#1025),.UNSPECIFIED.,.F.,.F.,(9,
    7,7,9),(3.242772714957,3.259100108238,3.31925024322,3.364724829015),
  .UNSPECIFIED.);
#1003 = CARTESIAN_POINT('',(3.629656980611,-1.456350809018));
#1004 = CARTESIAN_POINT('',(3.621331255112,-1.454548178843));
#1005 = CARTESIAN_POINT('',(3.613305935399,-1.452736442438));
#1006 = CARTESIAN_POINT('',(3.605563863528,-1.450916173443));
#1007 = CARTESIAN_POINT('',(3.59808925519,-1.449087891749));
#1008 = CARTESIAN_POINT('',(3.590867565405,-1.447252070815));
#1009 = CARTESIAN_POINT('',(3.583885362782,-1.445409143589));
#1010 = CARTESIAN_POINT('',(3.577130212337,-1.443559507027));
#1011 = CARTESIAN_POINT('',(3.546498505656,-1.434866086192));
#1012 = CARTESIAN_POINT('',(3.525331313833,-1.427942537178));
#1013 = CARTESIAN_POINT('',(3.506512441463,-1.420951108116));
#1014 = CARTESIAN_POINT('',(3.489631196494,-1.413904225114));
#1015 = CARTESIAN_POINT('',(3.474378122636,-1.406811088361));
#1016 = CARTESIAN_POINT('',(3.460511062239,-1.399678839453));
#1017 = CARTESIAN_POINT('',(3.4478379785,-1.392513044618));
#1018 = CARTESIAN_POINT('',(3.427406064187,-1.379878803447));
#1019 = CARTESIAN_POINT('',(3.419202647095,-1.374422793538));
#1020 = CARTESIAN_POINT('',(3.411524911641,-1.368952136745));
#1021 = CARTESIAN_POINT('',(3.404317245465,-1.363468423595));
#1022 = CARTESIAN_POINT('',(3.397532807292,-1.357972985703));
#1023 = CARTESIAN_POINT('',(3.391131581209,-1.352466955347));
#1024 = CARTESIAN_POINT('',(3.385079015166,-1.346951306421));
#1025 = CARTESIAN_POINT('',(3.379345014501,-1.341426884378));
#1026 = ( GEOMETRIC_REPRESENTATION_CONTEXT(2) 
PARAMETRIC_REPRESENTATION_CONTEXT() REPRESENTATION_CONTEXT('2D SPACE',''
  ) );
#1027 = FACE_BOUND('',#1028,.F.);
#1028 = EDGE_LOOP('',(#1029));
#1029 = ORIENTED_EDGE('',*,*,#904,.F.);
#1030 = ADVANCED_FACE('',(#1031),#559,.F.);
#1031 = FACE_BOUND('',#1032,.F.);
#1032 = EDGE_LOOP('',(#1033,#1034,#1057,#1084));
#1033 = ORIENTED_EDGE('',*,*,#542,.F.);
#1034 = ORIENTED_EDGE('',*,*,#1035,.F.);
#1035 = EDGE_CURVE('',#1036,#543,#1038,.T.);
#1036 = VERTEX_POINT('',#1037);
#1037 = CARTESIAN_POINT('',(-81.3,-4.,-42.));
#1038 = SEAM_CURVE('',#1039,(#1043,#1050),.PCURVE_S1.);
#1039 = LINE('',#1040,#1041);
#1040 = CARTESIAN_POINT('',(-81.3,-4.,-42.));
#1041 = VECTOR('',#1042,1.);
#1042 = DIRECTION('',(0.,1.,0.));
#1043 = PCURVE('',#559,#1044);
#1044 = DEFINITIONAL_REPRESENTATION('',(#1045),#1049);
#1045 = LINE('',#1046,#1047);
#1046 = CARTESIAN_POINT('',(6.28318530718,-0.));
#1047 = VECTOR('',#1048,1.);
#1048 = DIRECTION('',(0.,1.));
#1049 = ( GEOMETRIC_REPRESENTATION_CONTEXT(2) 
PARAMETRIC_REPRESENTATION_CONTEXT() REPRESENTATION_CONTEXT('2D SPACE',''
  ) );
#1050 = PCURVE('',#559,#1051);
#1051 = DEFINITIONAL_REPRESENTATION('',(#1052),#1056);
#1052 = LINE('',#1053,#1054);
#1053 = CARTESIAN_POINT('',(0.,-0.));
#1054 = VECTOR('',#1055,1.);
#1055 = DIRECTION('',(0.,1.));
#1056 = ( GEOMETRIC_REPRESENTATION_CONTEXT(2) 
PARAMETRIC_REPRESENTATION_CONTEXT() REPRESENTATION_CONTEXT('2D SPACE',''
  ) );
#1057 = ORIENTED_EDGE('',*,*,#1058,.T.);
#1058 = EDGE_CURVE('',#1036,#1036,#1059,.T.);
#1059 = SURFACE_CURVE('',#1060,(#1065,#1072),.PCURVE_S1.);
#1060 = CIRCLE('',#1061,1.7);
#1061 = AXIS2_PLACEMENT_3D('',#1062,#1063,#1064);
#1062 = CARTESIAN_POINT('',(-83.,-4.,-42.));
#1063 = DIRECTION('',(-0.,1.,0.));
#1064 = DIRECTION('',(1.,0.,0.));
#1065 = PCURVE('',#559,#1066);
#1066 = DEFINITIONAL_REPRESENTATION('',(#1067),#1071);
#1067 = LINE('',#1068,#1069);
#1068 = CARTESIAN_POINT('',(0.,0.));
#1069 = VECTOR('',#1070,1.);
#1070 = DIRECTION('',(1.,0.));
#1071 = ( GEOMETRIC_REPRESENTATION_CONTEXT(2) 
PARAMETRIC_REPRESENTATION_CONTEXT() REPRESENTATION_CONTEXT('2D SPACE',''
  ) );
#1072 = PCURVE('',#1073,#1078);
#1073 = PLANE('',#1074);
#1074 = AXIS2_PLACEMENT_3D('',#1075,#1076,#1077);
#1075 = CARTESIAN_POINT('',(-83.,-4.,-42.));
#1076 = DIRECTION('',(0.,1.,0.));
#1077 = DIRECTION('',(1.,0.,0.));
#1078 = DEFINITIONAL_REPRESENTATION('',(#1079),#1083);
#1079 = CIRCLE('',#1080,1.7);
#1080 = AXIS2_PLACEMENT_2D('',#1081,#1082);
#1081 = CARTESIAN_POINT('',(0.,0.));
#1082 = DIRECTION('',(1.,0.));
#1083 = ( GEOMETRIC_REPRESENTATION_CONTEXT(2) 
PARAMETRIC_REPRESENTATION_CONTEXT() REPRESENTATION_CONTEXT('2D SPACE',''
  ) );
#1084 = ORIENTED_EDGE('',*,*,#1035,.T.);
#1085 = ADVANCED_FACE('',(#1086),#1073,.T.);
#1086 = FACE_BOUND('',#1087,.F.);
#1087 = EDGE_LOOP('',(#1088));
#1088 = ORIENTED_EDGE('',*,*,#1058,.F.);
#1089 = ADVANCED_FACE('',(#1090),#71,.T.);
#1090 = FACE_BOUND('',#1091,.T.);
#1091 = EDGE_LOOP('',(#1092,#1093,#1265,#1266));
#1092 = ORIENTED_EDGE('',*,*,#958,.F.);
#1093 = ORIENTED_EDGE('',*,*,#1094,.F.);
#1094 = EDGE_CURVE('',#55,#959,#1095,.T.);
#1095 = SURFACE_CURVE('',#1096,(#1176,#1224),.PCURVE_S1.);
#1096 = B_SPLINE_CURVE_WITH_KNOTS('',8,(#1097,#1098,#1099,#1100,#1101,
    #1102,#1103,#1104,#1105,#1106,#1107,#1108,#1109,#1110,#1111,#1112,
    #1113,#1114,#1115,#1116,#1117,#1118,#1119,#1120,#1121,#1122,#1123,
    #1124,#1125,#1126,#1127,#1128,#1129,#1130,#1131,#1132,#1133,#1134,
    #1135,#1136,#1137,#1138,#1139,#1140,#1141,#1142,#1143,#1144,#1145,
    #1146,#1147,#1148,#1149,#1150,#1151,#1152,#1153,#1154,#1155,#1156,
    #1157,#1158,#1159,#1160,#1161,#1162,#1163,#1164,#1165,#1166,#1167,
    #1168,#1169,#1170,#1171,#1172,#1173,#1174,#1175),.UNSPECIFIED.,.F.,
  .F.,(9,7,7,7,7,7,7,7,7,7,7,9),(0.,6.857284455599E-02,0.139357909846,
    0.212972347501,0.289616647931,0.383526817484,0.485879246804,
    0.605428592333,0.794066276884,0.883184997241,0.972567696024,1.),
  .UNSPECIFIED.);
#1097 = CARTESIAN_POINT('',(-78.04801513567,12.0000006,14.612103026429)
  );
#1098 = CARTESIAN_POINT('',(-78.08269352462,11.883474432134,
    14.561414691299));
#1099 = CARTESIAN_POINT('',(-78.11779088486,11.766865752353,
    14.511386317167));
#1100 = CARTESIAN_POINT('',(-78.15329248885,11.650175740431,
    14.462017161281));
#1101 = CARTESIAN_POINT('',(-78.18918367551,11.533405490703,
    14.41330642584));
#1102 = CARTESIAN_POINT('',(-78.22544985027,11.416556012066,
    14.365253257997));
#1103 = CARTESIAN_POINT('',(-78.26207648502,11.299628227977,
    14.317856749853));
#1104 = CARTESIAN_POINT('',(-78.29904911817,11.182622976456,
    14.271115938464));
#1105 = CARTESIAN_POINT('',(-78.37486105874,10.944681875716,
    14.177456893724));
#1106 = CARTESIAN_POINT('',(-78.41372204641,10.823741008006,
    14.130581584427));
#1107 = CARTESIAN_POINT('',(-78.45292049139,10.702719237574,
    14.084402761064));
#1108 = CARTESIAN_POINT('',(-78.49244052297,10.58161730825,
    14.038919242736));
#1109 = CARTESIAN_POINT('',(-78.53226622598,10.460435877079,
    13.994129784517));
#1110 = CARTESIAN_POINT('',(-78.57238164075,10.339175514313,
    13.950033077459));
#1111 = CARTESIAN_POINT('',(-78.61277076316,10.217836703416,
    13.906627748587));
#1112 = CARTESIAN_POINT('',(-78.69568903143,9.970149786675,
    13.819489582873));
#1113 = CARTESIAN_POINT('',(-78.73823910263,9.843795328067,
    13.775813001742));
#1114 = CARTESIAN_POINT('',(-78.78104972504,9.717356912696,
    13.732881004974));
#1115 = CARTESIAN_POINT('',(-78.82410264514,9.59083489499,
    13.690691895095));
#1116 = CARTESIAN_POINT('',(-78.86737938904,9.464229536356,
    13.649243889695));
#1117 = CARTESIAN_POINT('',(-78.91086126246,9.337541005176,
    13.608535121433));
#1118 = CARTESIAN_POINT('',(-78.95452935074,9.210769376808,
    13.56856363803));
#1119 = CARTESIAN_POINT('',(-79.04400387848,8.951838734346,
    13.488476260344));
#1120 = CARTESIAN_POINT('',(-79.08982422462,8.819672756475,
    13.448422127111));
#1121 = CARTESIAN_POINT('',(-79.1358039957,8.687416676334,
    13.409162708691));
#1122 = CARTESIAN_POINT('',(-79.18192111232,8.555070374637,
    13.370695587701));
#1123 = CARTESIAN_POINT('',(-79.22815297723,8.42263363645,
    13.333018223265));
#1124 = CARTESIAN_POINT('',(-79.27447647536,8.290106151196,
    13.296127951008));
#1125 = CARTESIAN_POINT('',(-79.32086797381,8.157487512648,
    13.260021983064));
#1126 = CARTESIAN_POINT('',(-79.42419928647,7.862170917951,
    13.181415170399));
#1127 = CARTESIAN_POINT('',(-79.4811609307,7.699427141268,
    13.139306052115));
#1128 = CARTESIAN_POINT('',(-79.53814357705,7.536544843141,
    13.098364625931));
#1129 = CARTESIAN_POINT('',(-79.59510100516,7.373522919454,
    13.058585189625));
#1130 = CARTESIAN_POINT('',(-79.65198519819,7.210360175531,
    13.01996171524));
#1131 = CARTESIAN_POINT('',(-79.70874608936,7.047055293928,
    12.982487798282));
#1132 = CARTESIAN_POINT('',(-79.76533130845,6.883606802245,
    12.946156606921));
#1133 = CARTESIAN_POINT('',(-79.88310666977,6.541712661179,
    12.87260105434));
#1134 = CARTESIAN_POINT('',(-79.94425330696,6.36324021332,
    12.835590114162));
#1135 = CARTESIAN_POINT('',(-80.00505481566,6.184593282594,
    12.799918482087));
#1136 = CARTESIAN_POINT('',(-80.06543627568,6.005769856616,
    12.765576097759));
#1137 = CARTESIAN_POINT('',(-80.12531845303,5.826768273032,
    12.73255225392));
#1138 = CARTESIAN_POINT('',(-80.18461738206,5.647587167172,
    12.700835481293));
#1139 = CARTESIAN_POINT('',(-80.24324394768,5.468225419714,
    12.670413433465));
#1140 = CARTESIAN_POINT('',(-80.36868435209,5.078972515716,
    12.607235992611));
#1141 = CARTESIAN_POINT('',(-80.43521820982,4.869017091607,
    12.574947672402));
#1142 = CARTESIAN_POINT('',(-80.50055449527,4.658813348513,
    12.544386336285));
#1143 = CARTESIAN_POINT('',(-80.56453166378,4.44836206739,
    12.515529263922));
#1144 = CARTESIAN_POINT('',(-80.62697618461,4.23766722795,
    12.488352003172));
#1145 = CARTESIAN_POINT('',(-80.68770250606,4.026735894718,
    12.462828075465));
#1146 = CARTESIAN_POINT('',(-80.74651397262,3.81557805482,
    12.438928872872));
#1147 = CARTESIAN_POINT('',(-80.89265734974,3.270681719894,
    12.381428344465));
#1148 = CARTESIAN_POINT('',(-80.97683798833,2.936594347399,
    12.350198659052));
#1149 = CARTESIAN_POINT('',(-81.05492562026,2.602034118203,
    12.322819887909));
#1150 = CARTESIAN_POINT('',(-81.12604512587,2.267113181409,
    12.299162474948));
#1151 = CARTESIAN_POINT('',(-81.18929440818,1.93195739877,
    12.279083805597));
#1152 = CARTESIAN_POINT('',(-81.24379671935,1.59669742223,
    12.262433572012));
#1153 = CARTESIAN_POINT('',(-81.28880487986,1.261435630195,
    12.249075093262));
#1154 = CARTESIAN_POINT('',(-81.34028802028,0.767915090943,
    12.23409572543));
#1155 = CARTESIAN_POINT('',(-81.3545652165,0.60958426186,12.230000387481
    ));
#1156 = CARTESIAN_POINT('',(-81.36654339457,0.451275915626,
    12.226604606305));
#1157 = CARTESIAN_POINT('',(-81.37617483622,0.29299165449,
    12.223898543242));
#1158 = CARTESIAN_POINT('',(-81.38342301245,0.134728812603,
    12.221874380215));
#1159 = CARTESIAN_POINT('',(-81.38826334043,-2.3518675177E-02,
    12.220526735033));
#1160 = CARTESIAN_POINT('',(-81.39068353175,-0.181758885534,
    12.219852899361));
#1161 = CARTESIAN_POINT('',(-81.39068353175,-0.498709840232,
    12.219852899361));
#1162 = CARTESIAN_POINT('',(-81.38824898171,-0.65741992577,
    12.22053073231));
#1163 = CARTESIAN_POINT('',(-81.38337987408,-0.816137894232,
    12.221886390701));
#1164 = CARTESIAN_POINT('',(-81.37608863511,-0.974871478004,
    12.223922616782));
#1165 = CARTESIAN_POINT('',(-81.36640015875,-1.133626553881,
    12.226644851225));
#1166 = CARTESIAN_POINT('',(-81.35435142712,-1.292405726289,
    12.230060998992));
#1167 = CARTESIAN_POINT('',(-81.33999071755,-1.451207444078,
    12.234181012399));
#1168 = CARTESIAN_POINT('',(-81.31827732088,-1.658768297808,
    12.240500279247));
#1169 = CARTESIAN_POINT('',(-81.31296596356,-1.707512535294,
    12.242051640031));
#1170 = CARTESIAN_POINT('',(-81.30744401736,-1.756258205327,
    12.243670706959));
#1171 = CARTESIAN_POINT('',(-81.30171325523,-1.805005122551,
    12.245357824314));
#1172 = CARTESIAN_POINT('',(-81.29577552991,-1.85375307429,
    12.24711334741));
#1173 = CARTESIAN_POINT('',(-81.28963277397,-1.902501820545,
    12.248937642594));
#1174 = CARTESIAN_POINT('',(-81.28328699974,-1.951251093996,
    12.250831087248));
#1175 = CARTESIAN_POINT('',(-81.2767402994,-2.0000006,12.252794069785));
#1176 = PCURVE('',#71,#1177);
#1177 = DEFINITIONAL_REPRESENTATION('',(#1178),#1223);
#1178 = B_SPLINE_CURVE_WITH_KNOTS('',8,(#1179,#1180,#1181,#1182,#1183,
    #1184,#1185,#1186,#1187,#1188,#1189,#1190,#1191,#1192,#1193,#1194,
    #1195,#1196,#1197,#1198,#1199,#1200,#1201,#1202,#1203,#1204,#1205,
    #1206,#1207,#1208,#1209,#1210,#1211,#1212,#1213,#1214,#1215,#1216,
    #1217,#1218,#1219,#1220,#1221,#1222),.UNSPECIFIED.,.F.,.F.,(9,7,7,7,
    7,7,9),(0.485635272064,0.485879246804,0.605428592333,0.794066276884,
    0.883184997241,0.972567696024,0.999999957796),.UNSPECIFIED.);
#1179 = CARTESIAN_POINT('',(7.387216294927,7.292105856129));
#1180 = CARTESIAN_POINT('',(7.387242040402,7.291677890766));
#1181 = CARTESIAN_POINT('',(7.387267784683,7.291249924371));
#1182 = CARTESIAN_POINT('',(7.387293527771,7.290821956944));
#1183 = CARTESIAN_POINT('',(7.387319269664,7.290393988486));
#1184 = CARTESIAN_POINT('',(7.387345010364,7.289966018997));
#1185 = CARTESIAN_POINT('',(7.387370749869,7.289538048475));
#1186 = CARTESIAN_POINT('',(7.38739648818,7.289110076922));
#1187 = CARTESIAN_POINT('',(7.400033593961,7.078972515716));
#1188 = CARTESIAN_POINT('',(7.412358028757,6.869017091607));
#1189 = CARTESIAN_POINT('',(7.424377784074,6.658813348513));
#1190 = CARTESIAN_POINT('',(7.436072993674,6.44836206739));
#1191 = CARTESIAN_POINT('',(7.447421512519,6.23766722795));
#1192 = CARTESIAN_POINT('',(7.458398904702,6.026735894718));
#1193 = CARTESIAN_POINT('',(7.468978577496,5.81557805482));
#1194 = CARTESIAN_POINT('',(7.495153309504,5.270681719894));
#1195 = CARTESIAN_POINT('',(7.510114903848,4.936594347399));
#1196 = CARTESIAN_POINT('',(7.523902788068,4.602034118203));
#1197 = CARTESIAN_POINT('',(7.536391918663,4.267113181409));
#1198 = CARTESIAN_POINT('',(7.547450483502,3.93195739877));
#1199 = CARTESIAN_POINT('',(7.556948124599,3.59669742223));
#1200 = CARTESIAN_POINT('',(7.564772799939,3.261435630195));
#1201 = CARTESIAN_POINT('',(7.573709141485,2.767915090943));
#1202 = CARTESIAN_POINT('',(7.57618461523,2.60958426186));
#1203 = CARTESIAN_POINT('',(7.578259639528,2.451275915626));
#1204 = CARTESIAN_POINT('',(7.579927029842,2.29299165449));
#1205 = CARTESIAN_POINT('',(7.581181280986,2.134728812603));
#1206 = CARTESIAN_POINT('',(7.582018686689,1.976481324823));
#1207 = CARTESIAN_POINT('',(7.582437394242,1.818241114466));
#1208 = CARTESIAN_POINT('',(7.582437394242,1.501290159768));
#1209 = CARTESIAN_POINT('',(7.58201620254,1.34258007423));
#1210 = CARTESIAN_POINT('',(7.581173817794,1.183862105768));
#1211 = CARTESIAN_POINT('',(7.579912113282,1.025128521996));
#1212 = CARTESIAN_POINT('',(7.578234842573,0.866373446119));
#1213 = CARTESIAN_POINT('',(7.576147579558,0.707594273711));
#1214 = CARTESIAN_POINT('',(7.573657592858,0.548792555922));
#1215 = CARTESIAN_POINT('',(7.569888550987,0.341231777182));
#1216 = CARTESIAN_POINT('',(7.568966338755,0.29248761469));
#1217 = CARTESIAN_POINT('',(7.5680072724,0.243742019655));
#1218 = CARTESIAN_POINT('',(7.567011618177,0.194995177433));
#1219 = CARTESIAN_POINT('',(7.5659796541,0.146247300698));
#1220 = CARTESIAN_POINT('',(7.564911669941,9.749862944824E-02));
#1221 = CARTESIAN_POINT('',(7.563807967232,4.874943100191E-02));
#1222 = CARTESIAN_POINT('',(7.562668859262,-9.984323057843E-15));
#1223 = ( GEOMETRIC_REPRESENTATION_CONTEXT(2) 
PARAMETRIC_REPRESENTATION_CONTEXT() REPRESENTATION_CONTEXT('2D SPACE',''
  ) );
#1224 = PCURVE('',#100,#1225);
#1225 = DEFINITIONAL_REPRESENTATION('',(#1226),#1264);
#1226 = B_SPLINE_CURVE_WITH_KNOTS('',8,(#1227,#1228,#1229,#1230,#1231,
    #1232,#1233,#1234,#1235,#1236,#1237,#1238,#1239,#1240,#1241,#1242,
    #1243,#1244,#1245,#1246,#1247,#1248,#1249,#1250,#1251,#1252,#1253,
    #1254,#1255,#1256,#1257,#1258,#1259,#1260,#1261,#1262,#1263),
  .UNSPECIFIED.,.F.,.F.,(9,7,7,7,7,9),(0.518883211483,0.605428592333,
    0.794066276884,0.883184997241,0.972567696024,0.999999957796),
  .UNSPECIFIED.);
#1227 = CARTESIAN_POINT('',(1.989406663299,-1.38741146129));
#1228 = CARTESIAN_POINT('',(2.00798899572,-1.391341997234));
#1229 = CARTESIAN_POINT('',(2.027369831985,-1.39520908612));
#1230 = CARTESIAN_POINT('',(2.047592263381,-1.399009021258));
#1231 = CARTESIAN_POINT('',(2.068701408086,-1.402737780889));
#1232 = CARTESIAN_POINT('',(2.090744145129,-1.406391007341));
#1233 = CARTESIAN_POINT('',(2.11376848103,-1.409963990629));
#1234 = CARTESIAN_POINT('',(2.137822549112,-1.413451656538));
#1235 = CARTESIAN_POINT('',(2.217729077886,-1.424252580458));
#1236 = CARTESIAN_POINT('',(2.277624667112,-1.431226074482));
#1237 = CARTESIAN_POINT('',(2.343119035641,-1.437711685916));
#1238 = CARTESIAN_POINT('',(2.414657572467,-1.443643766689));
#1239 = CARTESIAN_POINT('',(2.492556594563,-1.448949444637));
#1240 = CARTESIAN_POINT('',(2.57688413711,-1.453549253391));
#1241 = CARTESIAN_POINT('',(2.667071328562,-1.457367265346));
#1242 = CARTESIAN_POINT('',(2.806800606357,-1.461750978292));
#1243 = CARTESIAN_POINT('',(2.852685137438,-1.462969863365));
#1244 = CARTESIAN_POINT('',(2.899501675184,-1.463994904127));
#1245 = CARTESIAN_POINT('',(2.947101897367,-1.464820712377));
#1246 = CARTESIAN_POINT('',(2.995311141646,-1.465443016997));
#1247 = CARTESIAN_POINT('',(3.043933926347,-1.465858876236));
#1248 = CARTESIAN_POINT('',(3.092763104849,-1.46606680298));
#1249 = CARTESIAN_POINT('',(3.190566840263,-1.46606680298));
#1250 = CARTESIAN_POINT('',(3.23954102702,-1.465857642115));
#1251 = CARTESIAN_POINT('',(3.288307115432,-1.46543931072));
#1252 = CARTESIAN_POINT('',(3.336656001119,-1.464813311908));
#1253 = CARTESIAN_POINT('',(3.38439047417,-1.463982623209));
#1254 = CARTESIAN_POINT('',(3.43133446836,-1.46295156806));
#1255 = CARTESIAN_POINT('',(3.477338659173,-1.461725597115));
#1256 = CARTESIAN_POINT('',(3.536076005715,-1.459876821979));
#1257 = CARTESIAN_POINT('',(3.549769720215,-1.459424894572));
#1258 = CARTESIAN_POINT('',(3.563360066186,-1.458955379974));
#1259 = CARTESIAN_POINT('',(3.576843809808,-1.458468466861));
#1260 = CARTESIAN_POINT('',(3.590217971384,-1.457964349798));
#1261 = CARTESIAN_POINT('',(3.603479825336,-1.457443229244));
#1262 = CARTESIAN_POINT('',(3.61662690021,-1.45690531155));
#1263 = CARTESIAN_POINT('',(3.629656978669,-1.456350808955));
#1264 = ( GEOMETRIC_REPRESENTATION_CONTEXT(2) 
PARAMETRIC_REPRESENTATION_CONTEXT() REPRESENTATION_CONTEXT('2D SPACE',''
  ) );
#1265 = ORIENTED_EDGE('',*,*,#54,.F.);
#1266 = ORIENTED_EDGE('',*,*,#1267,.F.);
#1267 = EDGE_CURVE('',#936,#22,#1268,.T.);
#1268 = SURFACE_CURVE('',#1269,(#1273,#1279),.PCURVE_S1.);
#1269 = LINE('',#1270,#1271);
#1270 = CARTESIAN_POINT('',(-85.,-2.,12.343145750508));
#1271 = VECTOR('',#1272,1.);
#1272 = DIRECTION('',(0.,1.,0.));
#1273 = PCURVE('',#71,#1274);
#1274 = DEFINITIONAL_REPRESENTATION('',(#1275),#1278);
#1275 = B_SPLINE_CURVE_WITH_KNOTS('',1,(#1276,#1277),.UNSPECIFIED.,.F.,
  .F.,(2,2),(0.,14.),.PIECEWISE_BEZIER_KNOTS.);
#1276 = CARTESIAN_POINT('',(1.910633236249,0.));
#1277 = CARTESIAN_POINT('',(1.910633236249,14.));
#1278 = ( GEOMETRIC_REPRESENTATION_CONTEXT(2) 
PARAMETRIC_REPRESENTATION_CONTEXT() REPRESENTATION_CONTEXT('2D SPACE',''
  ) );
#1279 = PCURVE('',#43,#1280);
#1280 = DEFINITIONAL_REPRESENTATION('',(#1281),#1284);
#1281 = B_SPLINE_CURVE_WITH_KNOTS('',1,(#1282,#1283),.UNSPECIFIED.,.F.,
  .F.,(2,2),(-5.999999999062E-07,14.0000006),.PIECEWISE_BEZIER_KNOTS.);
#1282 = CARTESIAN_POINT('',(83.343145750508,-30.9999994));
#1283 = CARTESIAN_POINT('',(83.343145750508,-45.0000006));
#1284 = ( GEOMETRIC_REPRESENTATION_CONTEXT(2) 
PARAMETRIC_REPRESENTATION_CONTEXT() REPRESENTATION_CONTEXT('2D SPACE',''
  ) );
#1285 = ADVANCED_FACE('',(#1286),#100,.F.);
#1286 = FACE_BOUND('',#1287,.F.);
#1287 = EDGE_LOOP('',(#1288,#1375,#1408,#1443,#1472,#1527,#1589,#1704,
    #1732,#1733,#1734,#1735,#1807,#1937));
#1288 = ORIENTED_EDGE('',*,*,#1289,.F.);
#1289 = EDGE_CURVE('',#1290,#1292,#1294,.T.);
#1290 = VERTEX_POINT('',#1291);
#1291 = CARTESIAN_POINT('',(-48.5722059646,-2.8,52.));
#1292 = VERTEX_POINT('',#1293);
#1293 = CARTESIAN_POINT('',(-54.8,-20.66400572308,44.696903569716));
#1294 = SURFACE_CURVE('',#1295,(#1318,#1344),.PCURVE_S1.);
#1295 = B_SPLINE_CURVE_WITH_KNOTS('',6,(#1296,#1297,#1298,#1299,#1300,
    #1301,#1302,#1303,#1304,#1305,#1306,#1307,#1308,#1309,#1310,#1311,
    #1312,#1313,#1314,#1315,#1316,#1317),.UNSPECIFIED.,.F.,.F.,(7,5,5,5,
    7),(0.,0.265724540767,0.544203141404,0.7641823678,1.),
  .UNSPECIFIED.);
#1296 = CARTESIAN_POINT('',(-48.5722059646,-2.8,52.));
#1297 = CARTESIAN_POINT('',(-48.65249798935,-3.765390638436,52.));
#1298 = CARTESIAN_POINT('',(-48.75725771232,-4.726762921364,
    51.95614204137));
#1299 = CARTESIAN_POINT('',(-48.88605972914,-5.680020448876,
    51.869111539079));
#1300 = CARTESIAN_POINT('',(-49.03828270479,-6.62147521044,
    51.740260255917));
#1301 = CARTESIAN_POINT('',(-49.21318491876,-7.547808508631,
    51.571416564458));
#1302 = CARTESIAN_POINT('',(-49.61605583931,-9.407914622509,
    51.148293319319));
#1303 = CARTESIAN_POINT('',(-49.84618371361,-10.33997915721,
    50.890286148805));
#1304 = CARTESIAN_POINT('',(-50.09930961527,-11.24893359851,
    50.593331593892));
#1305 = CARTESIAN_POINT('',(-50.37438319953,-12.13213268159,
    50.260368035755));
#1306 = CARTESIAN_POINT('',(-50.67034091229,-12.98750306654,
    49.894518277034));
#1307 = CARTESIAN_POINT('',(-51.23558466543,-14.4659623582,
    49.186530535389));
#1308 = CARTESIAN_POINT('',(-51.49741843253,-15.10011276898,
    48.855549342509));
#1309 = CARTESIAN_POINT('',(-51.77112420739,-15.7151949493,
    48.507600401724));
#1310 = CARTESIAN_POINT('',(-52.0562071679,-16.3106714654,
    48.144262199434));
#1311 = CARTESIAN_POINT('',(-52.35219578484,-16.88618730568,
    47.767097548569));
#1312 = CARTESIAN_POINT('',(-52.987171567,-18.03688656418,
    46.960108492671));
#1313 = CARTESIAN_POINT('',(-53.3277178557,-18.6090584671,
    46.528450814056));
#1314 = CARTESIAN_POINT('',(-53.6797536266,-19.15782433535,
    46.084517784803));
#1315 = CARTESIAN_POINT('',(-54.04277681,-19.68313761107,45.630128148581
    ));
#1316 = CARTESIAN_POINT('',(-54.41632833264,-20.18511429388,
    45.167034100635));
#1317 = CARTESIAN_POINT('',(-54.8000006,-20.66400647199,44.696902834508)
  );
#1318 = PCURVE('',#100,#1319);
#1319 = DEFINITIONAL_REPRESENTATION('',(#1320),#1343);
#1320 = B_SPLINE_CURVE_WITH_KNOTS('',6,(#1321,#1322,#1323,#1324,#1325,
    #1326,#1327,#1328,#1329,#1330,#1331,#1332,#1333,#1334,#1335,#1336,
    #1337,#1338,#1339,#1340,#1341,#1342),.UNSPECIFIED.,.F.,.F.,(7,5,5,5,
    7),(0.,0.265724540767,0.544203141404,0.7641823678,0.999999938537),
  .UNSPECIFIED.);
#1321 = CARTESIAN_POINT('',(6.200205785088,0.292878850728));
#1322 = CARTESIAN_POINT('',(6.167566750639,0.292878850728));
#1323 = CARTESIAN_POINT('',(6.134994317313,0.291401156987));
#1324 = CARTESIAN_POINT('',(6.102630035418,0.288468832927));
#1325 = CARTESIAN_POINT('',(6.070601510863,0.284132465502));
#1326 = CARTESIAN_POINT('',(6.039015439841,0.278462743212));
#1327 = CARTESIAN_POINT('',(5.975407792734,0.264294448027));
#1328 = CARTESIAN_POINT('',(5.943435726793,0.255672634618));
#1329 = CARTESIAN_POINT('',(5.912136214663,0.245775986969));
#1330 = CARTESIAN_POINT('',(5.88157023003,0.234715804898));
#1331 = CARTESIAN_POINT('',(5.85176799957,0.222606802639));
#1332 = CARTESIAN_POINT('',(5.799803756317,0.199257658305));
#1333 = CARTESIAN_POINT('',(5.777351455879,0.188369125192));
#1334 = CARTESIAN_POINT('',(5.755382365843,0.176951929755));
#1335 = CARTESIAN_POINT('',(5.733889829006,0.165060276525));
#1336 = CARTESIAN_POINT('',(5.712859991429,0.152746133982));
#1337 = CARTESIAN_POINT('',(5.670205693058,0.126456803902));
#1338 = CARTESIAN_POINT('',(5.64864759884,0.112425960533));
#1339 = CARTESIAN_POINT('',(5.627575895927,9.802571722765E-02));
#1340 = CARTESIAN_POINT('',(5.606960868985,8.331227011189E-02));
#1341 = CARTESIAN_POINT('',(5.586768566564,6.83379106867E-02));
#1342 = CARTESIAN_POINT('',(5.566962526026,5.315094350693E-02));
#1343 = ( GEOMETRIC_REPRESENTATION_CONTEXT(2) 
PARAMETRIC_REPRESENTATION_CONTEXT() REPRESENTATION_CONTEXT('2D SPACE',''
  ) );
#1344 = PCURVE('',#1345,#1350);
#1345 = CYLINDRICAL_SURFACE('',#1346,25.5);
#1346 = AXIS2_PLACEMENT_3D('',#1347,#1348,#1349);
#1347 = CARTESIAN_POINT('',(-80.3,-2.8,26.5));
#1348 = DIRECTION('',(1.,0.,-0.));
#1349 = DIRECTION('',(0.,-1.,0.));
#1350 = DEFINITIONAL_REPRESENTATION('',(#1351),#1374);
#1351 = B_SPLINE_CURVE_WITH_KNOTS('',6,(#1352,#1353,#1354,#1355,#1356,
    #1357,#1358,#1359,#1360,#1361,#1362,#1363,#1364,#1365,#1366,#1367,
    #1368,#1369,#1370,#1371,#1372,#1373),.UNSPECIFIED.,.F.,.F.,(7,5,5,5,
    7),(0.,0.265724540767,0.544203141404,0.7641823678,1.),
  .UNSPECIFIED.);
#1352 = CARTESIAN_POINT('',(-1.570796326795,31.727794035391));
#1353 = CARTESIAN_POINT('',(-1.532937870386,31.647502010647));
#1354 = CARTESIAN_POINT('',(-1.495237000304,31.542742287677));
#1355 = CARTESIAN_POINT('',(-1.45775666314,31.413940270855));
#1356 = CARTESIAN_POINT('',(-1.420547979007,31.261717295207));
#1357 = CARTESIAN_POINT('',(-1.383657410148,31.086815081235));
#1358 = CARTESIAN_POINT('',(-1.308848639092,30.683944160683));
#1359 = CARTESIAN_POINT('',(-1.270963343802,30.453816286389));
#1360 = CARTESIAN_POINT('',(-1.233521976011,30.200690384728));
#1361 = CARTESIAN_POINT('',(-1.196560807226,29.925616800463));
#1362 = CARTESIAN_POINT('',(-1.160110326068,29.62965908771));
#1363 = CARTESIAN_POINT('',(-1.095826634857,29.064415334566));
#1364 = CARTESIAN_POINT('',(-1.067791165344,28.802581567463));
#1365 = CARTESIAN_POINT('',(-1.040101605002,28.52887579261));
#1366 = CARTESIAN_POINT('',(-1.012767533372,28.243792832098));
#1367 = CARTESIAN_POINT('',(-0.98579685633,27.947804215159));
#1368 = CARTESIAN_POINT('',(-0.930680466673,27.312828432994));
#1369 = CARTESIAN_POINT('',(-0.902590161656,26.972282144295));
#1370 = CARTESIAN_POINT('',(-0.874933192628,26.620246373395));
#1371 = CARTESIAN_POINT('',(-0.847716558755,26.257223189996));
#1372 = CARTESIAN_POINT('',(-0.820946638889,25.883671667356));
#1373 = CARTESIAN_POINT('',(-0.794629403343,25.4999994));
#1374 = ( GEOMETRIC_REPRESENTATION_CONTEXT(2) 
PARAMETRIC_REPRESENTATION_CONTEXT() REPRESENTATION_CONTEXT('2D SPACE',''
  ) );
#1375 = ORIENTED_EDGE('',*,*,#1376,.F.);
#1376 = EDGE_CURVE('',#1377,#1290,#1379,.T.);
#1377 = VERTEX_POINT('',#1378);
#1378 = CARTESIAN_POINT('',(-48.92295302292,4.825,52.));
#1379 = SURFACE_CURVE('',#1380,(#1385,#1392),.PCURVE_S1.);
#1380 = CIRCLE('',#1381,29.679917452715);
#1381 = AXIS2_PLACEMENT_3D('',#1382,#1383,#1384);
#1382 = CARTESIAN_POINT('',(-78.15,-0.34,52.));
#1383 = DIRECTION('',(0.,0.,-1.));
#1384 = DIRECTION('',(0.984741518356,0.174023395053,0.));
#1385 = PCURVE('',#100,#1386);
#1386 = DEFINITIONAL_REPRESENTATION('',(#1387),#1391);
#1387 = LINE('',#1388,#1389);
#1388 = CARTESIAN_POINT('',(6.458099250906,0.292878850728));
#1389 = VECTOR('',#1390,1.);
#1390 = DIRECTION('',(-1.,-0.));
#1391 = ( GEOMETRIC_REPRESENTATION_CONTEXT(2) 
PARAMETRIC_REPRESENTATION_CONTEXT() REPRESENTATION_CONTEXT('2D SPACE',''
  ) );
#1392 = PCURVE('',#1393,#1398);
#1393 = PLANE('',#1394);
#1394 = AXIS2_PLACEMENT_3D('',#1395,#1396,#1397);
#1395 = CARTESIAN_POINT('',(-80.3,-28.3,52.));
#1396 = DIRECTION('',(0.,0.,1.));
#1397 = DIRECTION('',(1.,0.,-0.));
#1398 = DEFINITIONAL_REPRESENTATION('',(#1399),#1407);
#1399 = ( BOUNDED_CURVE() B_SPLINE_CURVE(2,(#1400,#1401,#1402,#1403,
#1404,#1405,#1406),.UNSPECIFIED.,.T.,.F.) B_SPLINE_CURVE_WITH_KNOTS((1,2
    ,2,2,2,1),(-2.094395102393,0.,2.094395102393,4.188790204786,
6.28318530718,8.377580409573),.UNSPECIFIED.) CURVE() 
GEOMETRIC_REPRESENTATION_ITEM() RATIONAL_B_SPLINE_CURVE((1.,0.5,1.,0.5,
1.,0.5,1.)) REPRESENTATION_ITEM('') );
#1400 = CARTESIAN_POINT('',(31.377046977072,33.125));
#1401 = CARTESIAN_POINT('',(40.323089398166,-17.49773031949));
#1402 = CARTESIAN_POINT('',(-7.99050227799,6.613484025408E-02));
#1403 = CARTESIAN_POINT('',(-56.30409395414,17.63));
#1404 = CARTESIAN_POINT('',(-16.93654469908,50.688865159746));
#1405 = CARTESIAN_POINT('',(22.431004555979,83.747730319492));
#1406 = CARTESIAN_POINT('',(31.377046977072,33.125));
#1407 = ( GEOMETRIC_REPRESENTATION_CONTEXT(2) 
PARAMETRIC_REPRESENTATION_CONTEXT() REPRESENTATION_CONTEXT('2D SPACE',''
  ) );
#1408 = ORIENTED_EDGE('',*,*,#1409,.F.);
#1409 = EDGE_CURVE('',#1410,#1377,#1412,.T.);
#1410 = VERTEX_POINT('',#1411);
#1411 = CARTESIAN_POINT('',(-52.07471908109,4.825,59.));
#1412 = SURFACE_CURVE('',#1413,(#1418,#1431),.PCURVE_S1.);
#1413 = CIRCLE('',#1414,30.56669388403);
#1414 = AXIS2_PLACEMENT_3D('',#1415,#1416,#1417);
#1415 = CARTESIAN_POINT('',(-78.15,4.825,43.05));
#1416 = DIRECTION('',(-0.,1.,0.));
#1417 = DIRECTION('',(0.,0.,1.));
#1418 = PCURVE('',#100,#1419);
#1419 = DEFINITIONAL_REPRESENTATION('',(#1420),#1430);
#1420 = B_SPLINE_CURVE_WITH_KNOTS('',8,(#1421,#1422,#1423,#1424,#1425,
    #1426,#1427,#1428,#1429),.UNSPECIFIED.,.F.,.F.,(9,9),(1.021825231194
    ,1.273639993911),.PIECEWISE_BEZIER_KNOTS.);
#1421 = CARTESIAN_POINT('',(6.478734341717,0.540443259942));
#1422 = CARTESIAN_POINT('',(6.475064476478,0.50956632748));
#1423 = CARTESIAN_POINT('',(6.471765835637,0.478663744211));
#1424 = CARTESIAN_POINT('',(6.46880065023,0.447739167144));
#1425 = CARTESIAN_POINT('',(6.466138830674,0.416795624553));
#1426 = CARTESIAN_POINT('',(6.463755999169,0.385835694319));
#1427 = CARTESIAN_POINT('',(6.461632195509,0.354861623368));
#1428 = CARTESIAN_POINT('',(6.459751054075,0.323875407492));
#1429 = CARTESIAN_POINT('',(6.458099249766,0.292878850825));
#1430 = ( GEOMETRIC_REPRESENTATION_CONTEXT(2) 
PARAMETRIC_REPRESENTATION_CONTEXT() REPRESENTATION_CONTEXT('2D SPACE',''
  ) );
#1431 = PCURVE('',#1432,#1437);
#1432 = PLANE('',#1433);
#1433 = AXIS2_PLACEMENT_3D('',#1434,#1435,#1436);
#1434 = CARTESIAN_POINT('',(-250.,4.825,-250.));
#1435 = DIRECTION('',(-0.,1.,0.));
#1436 = DIRECTION('',(0.,0.,1.));
#1437 = DEFINITIONAL_REPRESENTATION('',(#1438),#1442);
#1438 = CIRCLE('',#1439,30.56669388403);
#1439 = AXIS2_PLACEMENT_2D('',#1440,#1441);
#1440 = CARTESIAN_POINT('',(293.05,171.85));
#1441 = DIRECTION('',(1.,0.));
#1442 = ( GEOMETRIC_REPRESENTATION_CONTEXT(2) 
PARAMETRIC_REPRESENTATION_CONTEXT() REPRESENTATION_CONTEXT('2D SPACE',''
  ) );
#1443 = ORIENTED_EDGE('',*,*,#1444,.F.);
#1444 = EDGE_CURVE('',#1445,#1410,#1447,.T.);
#1445 = VERTEX_POINT('',#1446);
#1446 = CARTESIAN_POINT('',(-51.70152367337,-3.,59.));
#1447 = SURFACE_CURVE('',#1448,(#1453,#1460),.PCURVE_S1.);
#1448 = CIRCLE('',#1449,26.581901737837);
#1449 = AXIS2_PLACEMENT_3D('',#1450,#1451,#1452);
#1450 = CARTESIAN_POINT('',(-78.15,-0.34,59.));
#1451 = DIRECTION('',(0.,0.,1.));
#1452 = DIRECTION('',(0.994980591963,-0.100068084904,0.));
#1453 = PCURVE('',#100,#1454);
#1454 = DEFINITIONAL_REPRESENTATION('',(#1455),#1459);
#1455 = LINE('',#1456,#1457);
#1456 = CARTESIAN_POINT('',(6.18294945788,0.540443259942));
#1457 = VECTOR('',#1458,1.);
#1458 = DIRECTION('',(1.,0.));
#1459 = ( GEOMETRIC_REPRESENTATION_CONTEXT(2) 
PARAMETRIC_REPRESENTATION_CONTEXT() REPRESENTATION_CONTEXT('2D SPACE',''
  ) );
#1460 = PCURVE('',#1461,#1466);
#1461 = PLANE('',#1462);
#1462 = AXIS2_PLACEMENT_3D('',#1463,#1464,#1465);
#1463 = CARTESIAN_POINT('',(-85.,-33.,59.));
#1464 = DIRECTION('',(0.,0.,1.));
#1465 = DIRECTION('',(1.,0.,-0.));
#1466 = DEFINITIONAL_REPRESENTATION('',(#1467),#1471);
#1467 = CIRCLE('',#1468,26.581901737837);
#1468 = AXIS2_PLACEMENT_2D('',#1469,#1470);
#1469 = CARTESIAN_POINT('',(6.85,32.66));
#1470 = DIRECTION('',(0.994980591963,-0.100068084904));
#1471 = ( GEOMETRIC_REPRESENTATION_CONTEXT(2) 
PARAMETRIC_REPRESENTATION_CONTEXT() REPRESENTATION_CONTEXT('2D SPACE',''
  ) );
#1472 = ORIENTED_EDGE('',*,*,#1473,.T.);
#1473 = EDGE_CURVE('',#1445,#1474,#1476,.T.);
#1474 = VERTEX_POINT('',#1475);
#1475 = CARTESIAN_POINT('',(-55.,-16.58203621819,55.749360593623));
#1476 = SURFACE_CURVE('',#1477,(#1490,#1506),.PCURVE_S1.);
#1477 = B_SPLINE_CURVE_WITH_KNOTS('',6,(#1478,#1479,#1480,#1481,#1482,
    #1483,#1484,#1485,#1486,#1487,#1488,#1489),.UNSPECIFIED.,.F.,.F.,(7,
    5,7),(0.,0.487556316497,1.),.UNSPECIFIED.);
#1478 = CARTESIAN_POINT('',(-51.70152367337,-3.,59.));
#1479 = CARTESIAN_POINT('',(-51.82224713184,-4.200357719361,59.));
#1480 = CARTESIAN_POINT('',(-51.97363470951,-5.39461209976,
    58.942365471264));
#1481 = CARTESIAN_POINT('',(-52.15518053572,-6.577282032005,
    58.828196622624));
#1482 = CARTESIAN_POINT('',(-52.36619788158,-7.743419896064,
    58.659502513211));
#1483 = CARTESIAN_POINT('',(-52.60590213579,-8.888560015551,
    58.438954705933));
#1484 = CARTESIAN_POINT('',(-53.15452408617,-11.18605541754,
    57.886928558273));
#1485 = CARTESIAN_POINT('',(-53.4663712336,-12.33588231627,
    57.550341081922));
#1486 = CARTESIAN_POINT('',(-53.80790572909,-13.45366167685,
    57.163793054906));
#1487 = CARTESIAN_POINT('',(-54.17805649367,-14.5357496806,
    56.731626844242));
#1488 = CARTESIAN_POINT('',(-54.57576472927,-15.57926588383,
    56.258519111299));
#1489 = CARTESIAN_POINT('',(-55.0000006,-16.58203763642,55.749359873515)
  );
#1490 = PCURVE('',#100,#1491);
#1491 = DEFINITIONAL_REPRESENTATION('',(#1492),#1505);
#1492 = B_SPLINE_CURVE_WITH_KNOTS('',6,(#1493,#1494,#1495,#1496,#1497,
    #1498,#1499,#1500,#1501,#1502,#1503,#1504),.UNSPECIFIED.,.F.,.F.,(7,
    5,7),(0.,0.487556316497,0.999999879208),.UNSPECIFIED.);
#1493 = CARTESIAN_POINT('',(6.18294945788,0.540443259942));
#1494 = CARTESIAN_POINT('',(6.137564699055,0.540443259942));
#1495 = CARTESIAN_POINT('',(6.092292982827,0.538275098219));
#1496 = CARTESIAN_POINT('',(6.047438615022,0.533979991996));
#1497 = CARTESIAN_POINT('',(6.003280562009,0.527655269451));
#1498 = CARTESIAN_POINT('',(5.960031899938,0.519439480972));
#1499 = CARTESIAN_POINT('',(5.873497057511,0.499041461464));
#1500 = CARTESIAN_POINT('',(5.830318322477,0.486677416463));
#1501 = CARTESIAN_POINT('',(5.788474907081,0.472588653791));
#1502 = CARTESIAN_POINT('',(5.74804493061,0.456986804404));
#1503 = CARTESIAN_POINT('',(5.709030082816,0.440082378775));
#1504 = CARTESIAN_POINT('',(5.671386433737,0.422077806194));
#1505 = ( GEOMETRIC_REPRESENTATION_CONTEXT(2) 
PARAMETRIC_REPRESENTATION_CONTEXT() REPRESENTATION_CONTEXT('2D SPACE',''
  ) );
#1506 = PCURVE('',#1507,#1512);
#1507 = CYLINDRICAL_SURFACE('',#1508,30.);
#1508 = AXIS2_PLACEMENT_3D('',#1509,#1510,#1511);
#1509 = CARTESIAN_POINT('',(-85.,-3.,29.));
#1510 = DIRECTION('',(1.,0.,-0.));
#1511 = DIRECTION('',(0.,-1.,0.));
#1512 = DEFINITIONAL_REPRESENTATION('',(#1513),#1526);
#1513 = B_SPLINE_CURVE_WITH_KNOTS('',6,(#1514,#1515,#1516,#1517,#1518,
    #1519,#1520,#1521,#1522,#1523,#1524,#1525),.UNSPECIFIED.,.F.,.F.,(7,
    5,7),(0.,0.487556316497,1.),.UNSPECIFIED.);
#1514 = CARTESIAN_POINT('',(-1.570796326795,33.298476326624));
#1515 = CARTESIAN_POINT('',(-1.530784402816,33.177752868151));
#1516 = CARTESIAN_POINT('',(-1.490975928338,33.026365290486));
#1517 = CARTESIAN_POINT('',(-1.451438269503,32.844819464279));
#1518 = CARTESIAN_POINT('',(-1.412227032775,32.633802118416));
#1519 = CARTESIAN_POINT('',(-1.373394507065,32.394097864209));
#1520 = CARTESIAN_POINT('',(-1.294631726868,31.845475913824));
#1521 = CARTESIAN_POINT('',(-1.254743642497,31.533628766399));
#1522 = CARTESIAN_POINT('',(-1.215386802296,31.192094270905));
#1523 = CARTESIAN_POINT('',(-1.176608771908,30.821943506321));
#1524 = CARTESIAN_POINT('',(-1.13845415782,30.424235270726));
#1525 = CARTESIAN_POINT('',(-1.100966466252,29.9999994));
#1526 = ( GEOMETRIC_REPRESENTATION_CONTEXT(2) 
PARAMETRIC_REPRESENTATION_CONTEXT() REPRESENTATION_CONTEXT('2D SPACE',''
  ) );
#1527 = ORIENTED_EDGE('',*,*,#1528,.F.);
#1528 = EDGE_CURVE('',#1529,#1474,#1531,.T.);
#1529 = VERTEX_POINT('',#1530);
#1530 = CARTESIAN_POINT('',(-72.47571598819,-27.38440794237,29.));
#1531 = SURFACE_CURVE('',#1532,(#1537,#1557),.PCURVE_S1.);
#1532 = CIRCLE('',#1533,27.278992568771);
#1533 = AXIS2_PLACEMENT_3D('',#1534,#1535,#1536);
#1534 = CARTESIAN_POINT('',(-65.62136084843,-1.779575816119,
    35.446225482529));
#1535 = DIRECTION('',(-0.850780670599,9.77570878528E-02,0.516348527944)
  );
#1536 = DIRECTION('',(-0.518833582404,6.938893903907E-18,-0.854875262111
    ));
#1537 = PCURVE('',#100,#1538);
#1538 = DEFINITIONAL_REPRESENTATION('',(#1539),#1556);
#1539 = B_SPLINE_CURVE_WITH_KNOTS('',8,(#1540,#1541,#1542,#1543,#1544,
    #1545,#1546,#1547,#1548,#1549,#1550,#1551,#1552,#1553,#1554,#1555),
  .UNSPECIFIED.,.F.,.F.,(9,7,9),(1.231970524637,1.898441643126,
    2.564912761616),.UNSPECIFIED.);
#1540 = CARTESIAN_POINT('',(4.919202620465,-0.47038085016));
#1541 = CARTESIAN_POINT('',(4.950766485837,-0.402685962289));
#1542 = CARTESIAN_POINT('',(4.983281887149,-0.335803605093));
#1543 = CARTESIAN_POINT('',(5.017045284694,-0.26986513845));
#1544 = CARTESIAN_POINT('',(5.05233766964,-0.205023829475));
#1545 = CARTESIAN_POINT('',(5.089456091453,-0.141462314141));
#1546 = CARTESIAN_POINT('',(5.128720854766,-7.940084482723E-02));
#1547 = CARTESIAN_POINT('',(5.170485693511,-1.911087516523E-02));
#1548 = CARTESIAN_POINT('',(5.259746569224,9.725733256433E-02));
#1549 = CARTESIAN_POINT('',(5.307242660316,0.153335559911));
#1550 = CARTESIAN_POINT('',(5.357969480552,0.206973667462));
#1551 = CARTESIAN_POINT('',(5.41230639131,0.257774063982));
#1552 = CARTESIAN_POINT('',(5.470616094011,0.305266430517));
#1553 = CARTESIAN_POINT('',(5.533215996878,0.348895754119));
#1554 = CARTESIAN_POINT('',(5.600213958049,0.388036738559));
#1555 = CARTESIAN_POINT('',(5.671386433737,0.422077806194));
#1556 = ( GEOMETRIC_REPRESENTATION_CONTEXT(2) 
PARAMETRIC_REPRESENTATION_CONTEXT() REPRESENTATION_CONTEXT('2D SPACE',''
  ) );
#1557 = PCURVE('',#1558,#1563);
#1558 = SPHERICAL_SURFACE('',#1559,30.);
#1559 = AXIS2_PLACEMENT_3D('',#1560,#1561,#1562);
#1560 = CARTESIAN_POINT('',(-55.,-3.,29.));
#1561 = DIRECTION('',(-0.,-0.,-1.));
#1562 = DIRECTION('',(-1.,0.,0.));
#1563 = DEFINITIONAL_REPRESENTATION('',(#1564),#1588);
#1564 = B_SPLINE_CURVE_WITH_KNOTS('',8,(#1565,#1566,#1567,#1568,#1569,
    #1570,#1571,#1572,#1573,#1574,#1575,#1576,#1577,#1578,#1579,#1580,
    #1581,#1582,#1583,#1584,#1585,#1586,#1587),.UNSPECIFIED.,.F.,.F.,(9,
    7,7,9),(1.231970524637,1.898441643126,2.231677202371,2.564912761616)
  ,.UNSPECIFIED.);
#1565 = CARTESIAN_POINT('',(-0.948965979968,-4.736951571734E-16));
#1566 = CARTESIAN_POINT('',(-0.991982402587,-6.235436594443E-02));
#1567 = CARTESIAN_POINT('',(-1.032528302602,-0.126413082413));
#1568 = CARTESIAN_POINT('',(-1.071034485302,-0.191886128948));
#1569 = CARTESIAN_POINT('',(-1.107904538542,-0.25854308813));
#1570 = CARTESIAN_POINT('',(-1.143512502354,-0.326197153403));
#1571 = CARTESIAN_POINT('',(-1.178233452615,-0.394691584844));
#1572 = CARTESIAN_POINT('',(-1.212459354965,-0.463891543211));
#1573 = CARTESIAN_POINT('',(-1.263821649686,-0.56856323302));
#1574 = CARTESIAN_POINT('',(-1.280946312201,-0.603599089094));
#1575 = CARTESIAN_POINT('',(-1.298138828318,-0.638764686732));
#1576 = CARTESIAN_POINT('',(-1.31547028555,-0.674045149257));
#1577 = CARTESIAN_POINT('',(-1.33302326132,-0.709425851645));
#1578 = CARTESIAN_POINT('',(-1.350895635265,-0.744892066878));
#1579 = CARTESIAN_POINT('',(-1.369209484798,-0.78042833715));
#1580 = CARTESIAN_POINT('',(-1.40705190182,-0.851606113782));
#1581 = CARTESIAN_POINT('',(-1.426580546174,-0.887247614963));
#1582 = CARTESIAN_POINT('',(-1.446882123886,-0.922924319949));
#1583 = CARTESIAN_POINT('',(-1.468169077231,-0.958616627783));
#1584 = CARTESIAN_POINT('',(-1.490712036807,-0.994302089499));
#1585 = CARTESIAN_POINT('',(-1.514900383383,-1.029951516551));
#1586 = CARTESIAN_POINT('',(-1.541268415385,-1.0655277227));
#1587 = CARTESIAN_POINT('',(-1.570796326795,-1.100966519271));
#1588 = ( GEOMETRIC_REPRESENTATION_CONTEXT(2) 
PARAMETRIC_REPRESENTATION_CONTEXT() REPRESENTATION_CONTEXT('2D SPACE',''
  ) );
#1589 = ORIENTED_EDGE('',*,*,#1590,.F.);
#1590 = EDGE_CURVE('',#1591,#1529,#1593,.T.);
#1591 = VERTEX_POINT('',#1592);
#1592 = CARTESIAN_POINT('',(-85.,-3.,12.933527763033));
#1593 = SURFACE_CURVE('',#1594,(#1627,#1663),.PCURVE_S1.);
#1594 = B_SPLINE_CURVE_WITH_KNOTS('',7,(#1595,#1596,#1597,#1598,#1599,
    #1600,#1601,#1602,#1603,#1604,#1605,#1606,#1607,#1608,#1609,#1610,
    #1611,#1612,#1613,#1614,#1615,#1616,#1617,#1618,#1619,#1620,#1621,
    #1622,#1623,#1624,#1625,#1626),.UNSPECIFIED.,.F.,.F.,(8,6,6,6,6,8),(
    0.,0.108927176748,0.217051006643,0.386716345287,0.648161590003,1.),
  .UNSPECIFIED.);
#1595 = CARTESIAN_POINT('',(-85.,-3.,12.933527763033));
#1596 = CARTESIAN_POINT('',(-85.,-3.581458426051,12.984884356233));
#1597 = CARTESIAN_POINT('',(-84.98685189961,-4.161695806702,
    13.046341987373));
#1598 = CARTESIAN_POINT('',(-84.96065512947,-4.73991725118,
    13.117826362411));
#1599 = CARTESIAN_POINT('',(-84.92158019365,-5.315327350842,
    13.199228967414));
#1600 = CARTESIAN_POINT('',(-84.86986979475,-5.887149802139,
    13.290406380045));
#1601 = CARTESIAN_POINT('',(-84.8058310674,-6.454648063405,
    13.39118528543));
#1602 = CARTESIAN_POINT('',(-84.6543860833,-7.575457409933,
    13.610731948883));
#1603 = CARTESIAN_POINT('',(-84.56715307806,-8.128861314223,
    13.729365285974));
#1604 = CARTESIAN_POINT('',(-84.46848118795,-8.676680205169,
    13.857073995083));
#1605 = CARTESIAN_POINT('',(-84.35877135859,-9.21832344123,
    13.993648218073));
#1606 = CARTESIAN_POINT('',(-84.23846156566,-9.75326572423,
    14.138865346287));
#1607 = CARTESIAN_POINT('',(-84.10801686577,-10.28104366722,
    14.292494722213));
#1608 = CARTESIAN_POINT('',(-83.74808724596,-11.61754886464,
    14.708203198712));
#1609 = CARTESIAN_POINT('',(-83.50449142616,-12.41520054055,
    14.982237692831));
#1610 = CARTESIAN_POINT('',(-83.23899869624,-13.19266695625,
    15.275502282239));
#1611 = CARTESIAN_POINT('',(-82.95357829937,-13.94877094309,
    15.58707747142));
#1612 = CARTESIAN_POINT('',(-82.65023277969,-14.68264622257,
    15.916054307926));
#1613 = CARTESIAN_POINT('',(-82.33094476513,-15.39369645446,
    16.261557572317));
#1614 = CARTESIAN_POINT('',(-81.4840398005,-17.14153300426,
    17.179364312257));
#1615 = CARTESIAN_POINT('',(-80.93722207403,-18.14632473158,
    17.773184028593));
#1616 = CARTESIAN_POINT('',(-80.36415784687,-19.09485794861,
    18.401301986027));
#1617 = CARTESIAN_POINT('',(-79.77158997854,-19.98704564657,
    19.060994336838));
#1618 = CARTESIAN_POINT('',(-79.1658534117,-20.82360058107,
    19.749780400988));
#1619 = CARTESIAN_POINT('',(-78.55276296202,-21.60586999433,
    20.465482086604));
#1620 = CARTESIAN_POINT('',(-77.10969313563,-23.31776046488,
    22.203316964532));
#1621 = CARTESIAN_POINT('',(-76.27829742669,-24.20447987958,
    23.245501426499));
#1622 = CARTESIAN_POINT('',(-75.45607223786,-25.00048284033,
    24.328672573256));
#1623 = CARTESIAN_POINT('',(-74.6546720227,-25.71084317455,
    25.449004644523));
#1624 = CARTESIAN_POINT('',(-73.88470047474,-26.34114830638,
    26.602993520749));
#1625 = CARTESIAN_POINT('',(-73.15559598083,-26.89715439333,
    27.78752192189));
#1626 = CARTESIAN_POINT('',(-72.47571565175,-27.38440818349,29.0000006)
  );
#1627 = PCURVE('',#100,#1628);
#1628 = DEFINITIONAL_REPRESENTATION('',(#1629),#1662);
#1629 = B_SPLINE_CURVE_WITH_KNOTS('',7,(#1630,#1631,#1632,#1633,#1634,
    #1635,#1636,#1637,#1638,#1639,#1640,#1641,#1642,#1643,#1644,#1645,
    #1646,#1647,#1648,#1649,#1650,#1651,#1652,#1653,#1654,#1655,#1656,
    #1657,#1658,#1659,#1660,#1661),.UNSPECIFIED.,.F.,.F.,(8,6,6,6,6,8),(
    0.,0.108927176748,0.217051006643,0.386716345287,0.648161590003,
    0.999999975127),.UNSPECIFIED.);
#1630 = CARTESIAN_POINT('',(3.511990706817,-1.331475130243));
#1631 = CARTESIAN_POINT('',(3.585752380254,-1.324486260163));
#1632 = CARTESIAN_POINT('',(3.655077386794,-1.316356343993));
#1633 = CARTESIAN_POINT('',(3.719615529437,-1.307232140356));
#1634 = CARTESIAN_POINT('',(3.779459354028,-1.297268758649));
#1635 = CARTESIAN_POINT('',(3.834943606065,-1.286600818263));
#1636 = CARTESIAN_POINT('',(3.886440020617,-1.275342302913));
#1637 = CARTESIAN_POINT('',(3.981867030484,-1.251922331896));
#1638 = CARTESIAN_POINT('',(4.025851619603,-1.239767728188));
#1639 = CARTESIAN_POINT('',(4.066658560599,-1.22721842165));
#1640 = CARTESIAN_POINT('',(4.104658122118,-1.214348850455));
#1641 = CARTESIAN_POINT('',(4.140178039568,-1.20121839491));
#1642 = CARTESIAN_POINT('',(4.173493307575,-1.187874823483));
#1643 = CARTESIAN_POINT('',(4.254038492189,-1.153146244393));
#1644 = CARTESIAN_POINT('',(4.298394075394,-1.131507216462));
#1645 = CARTESIAN_POINT('',(4.338835358341,-1.109590784903));
#1646 = CARTESIAN_POINT('',(4.37603628621,-1.087495249085));
#1647 = CARTESIAN_POINT('',(4.410497869305,-1.065289008806));
#1648 = CARTESIAN_POINT('',(4.442605196149,-1.043022969934));
#1649 = CARTESIAN_POINT('',(4.518982066508,-0.986385625314));
#1650 = CARTESIAN_POINT('',(4.560429474808,-0.951985976265));
#1651 = CARTESIAN_POINT('',(4.598130771301,-0.917660295511));
#1652 = CARTESIAN_POINT('',(4.632737186049,-0.883466792678));
#1653 = CARTESIAN_POINT('',(4.664716102932,-0.849438935437));
#1654 = CARTESIAN_POINT('',(4.694400658493,-0.815587922028));
#1655 = CARTESIAN_POINT('',(4.759250015232,-0.73658351326));
#1656 = CARTESIAN_POINT('',(4.792748329861,-0.691584383849));
#1657 = CARTESIAN_POINT('',(4.823170903862,-0.646888313017));
#1658 = CARTESIAN_POINT('',(4.850843129994,-0.602461459469));
#1659 = CARTESIAN_POINT('',(4.875988079866,-0.558266398783));
#1660 = CARTESIAN_POINT('',(4.898744009908,-0.514258345245));
#1661 = CARTESIAN_POINT('',(4.919202620465,-0.47038085016));
#1662 = ( GEOMETRIC_REPRESENTATION_CONTEXT(2) 
PARAMETRIC_REPRESENTATION_CONTEXT() REPRESENTATION_CONTEXT('2D SPACE',''
  ) );
#1663 = PCURVE('',#1664,#1669);
#1664 = CYLINDRICAL_SURFACE('',#1665,30.);
#1665 = AXIS2_PLACEMENT_3D('',#1666,#1667,#1668);
#1666 = CARTESIAN_POINT('',(-55.,-3.,-71.));
#1667 = DIRECTION('',(0.,0.,1.));
#1668 = DIRECTION('',(-1.,-0.,0.));
#1669 = DEFINITIONAL_REPRESENTATION('',(#1670),#1703);
#1670 = B_SPLINE_CURVE_WITH_KNOTS('',7,(#1671,#1672,#1673,#1674,#1675,
    #1676,#1677,#1678,#1679,#1680,#1681,#1682,#1683,#1684,#1685,#1686,
    #1687,#1688,#1689,#1690,#1691,#1692,#1693,#1694,#1695,#1696,#1697,
    #1698,#1699,#1700,#1701,#1702),.UNSPECIFIED.,.F.,.F.,(8,6,6,6,6,8),(
    0.,0.108927176748,0.217051006643,0.386716345287,0.648161590003,1.),
  .UNSPECIFIED.);
#1671 = CARTESIAN_POINT('',(0.,83.933527763033));
#1672 = CARTESIAN_POINT('',(1.938194753503E-02,83.984884356233));
#1673 = CARTESIAN_POINT('',(3.872319359733E-02,84.046341987373));
#1674 = CARTESIAN_POINT('',(5.800913386599E-02,84.117826362411));
#1675 = CARTESIAN_POINT('',(7.722492332893E-02,84.199228967414));
#1676 = CARTESIAN_POINT('',(9.63558856387E-02,84.290406380045));
#1677 = CARTESIAN_POINT('',(0.115387971799,84.39118528543));
#1678 = CARTESIAN_POINT('',(0.153087797535,84.610731948883));
#1679 = CARTESIAN_POINT('',(0.171757829717,84.729365285974));
#1680 = CARTESIAN_POINT('',(0.190305247898,84.857073995083));
#1681 = CARTESIAN_POINT('',(0.20871899725,84.993648218073));
#1682 = CARTESIAN_POINT('',(0.226989271454,85.138865346287));
#1683 = CARTESIAN_POINT('',(0.245107340095,85.292494722213));
#1684 = CARTESIAN_POINT('',(0.291244761325,85.708203198712));
#1685 = CARTESIAN_POINT('',(0.31902994024,85.982237692831));
#1686 = CARTESIAN_POINT('',(0.346391788883,86.275502282239));
#1687 = CARTESIAN_POINT('',(0.373307259004,86.58707747142));
#1688 = CARTESIAN_POINT('',(0.399757768975,86.916054307926));
#1689 = CARTESIAN_POINT('',(0.425728284141,87.261557572317));
#1690 = CARTESIAN_POINT('',(0.49046862554,88.179364312257));
#1691 = CARTESIAN_POINT('',(0.528557779288,88.773184028593));
#1692 = CARTESIAN_POINT('',(0.56543967191,89.401301986027));
#1693 = CARTESIAN_POINT('',(0.601085959617,90.060994336838));
#1694 = CARTESIAN_POINT('',(0.635472846064,90.749780400988));
#1695 = CARTESIAN_POINT('',(0.668581591472,91.465482086604));
#1696 = CARTESIAN_POINT('',(0.743214169308,93.203316964532));
#1697 = CARTESIAN_POINT('',(0.783675037447,94.245501426499));
#1698 = CARTESIAN_POINT('',(0.821755030787,95.328672573256));
#1699 = CARTESIAN_POINT('',(0.857397996274,96.449004644523));
#1700 = CARTESIAN_POINT('',(0.890533807795,97.602993520749));
#1701 = CARTESIAN_POINT('',(0.921084229158,98.78752192189));
#1702 = CARTESIAN_POINT('',(0.948965993766,100.0000006));
#1703 = ( GEOMETRIC_REPRESENTATION_CONTEXT(2) 
PARAMETRIC_REPRESENTATION_CONTEXT() REPRESENTATION_CONTEXT('2D SPACE',''
  ) );
#1704 = ORIENTED_EDGE('',*,*,#1705,.T.);
#1705 = EDGE_CURVE('',#1591,#938,#1706,.T.);
#1706 = SURFACE_CURVE('',#1707,(#1712,#1725),.PCURVE_S1.);
#1707 = CIRCLE('',#1708,30.233714624571);
#1708 = AXIS2_PLACEMENT_3D('',#1709,#1710,#1711);
#1709 = CARTESIAN_POINT('',(-85.,-0.34,43.05));
#1710 = DIRECTION('',(1.,0.,-0.));
#1711 = DIRECTION('',(0.,0.,1.));
#1712 = PCURVE('',#100,#1713);
#1713 = DEFINITIONAL_REPRESENTATION('',(#1714),#1724);
#1714 = B_SPLINE_CURVE_WITH_KNOTS('',8,(#1715,#1716,#1717,#1718,#1719,
    #1720,#1721,#1722,#1723),.UNSPECIFIED.,.F.,.F.,(9,9),(3.053497500459
    ,3.086659437474),.PIECEWISE_BEZIER_KNOTS.);
#1715 = CARTESIAN_POINT('',(3.511990706817,-1.331475130243));
#1716 = CARTESIAN_POINT('',(3.496153955605,-1.332975652011));
#1717 = CARTESIAN_POINT('',(3.480087964772,-1.33440623494));
#1718 = CARTESIAN_POINT('',(3.463799460014,-1.335765127956));
#1719 = CARTESIAN_POINT('',(3.447296422934,-1.337050619507));
#1720 = CARTESIAN_POINT('',(3.430588159904,-1.338261058936));
#1721 = CARTESIAN_POINT('',(3.413685321554,-1.339394876586));
#1722 = CARTESIAN_POINT('',(3.396599872858,-1.340450602613));
#1723 = CARTESIAN_POINT('',(3.379345013842,-1.341426884521));
#1724 = ( GEOMETRIC_REPRESENTATION_CONTEXT(2) 
PARAMETRIC_REPRESENTATION_CONTEXT() REPRESENTATION_CONTEXT('2D SPACE',''
  ) );
#1725 = PCURVE('',#43,#1726);
#1726 = DEFINITIONAL_REPRESENTATION('',(#1727),#1731);
#1727 = CIRCLE('',#1728,30.233714624571);
#1728 = AXIS2_PLACEMENT_2D('',#1729,#1730);
#1729 = CARTESIAN_POINT('',(114.05,-32.66));
#1730 = DIRECTION('',(1.,0.));
#1731 = ( GEOMETRIC_REPRESENTATION_CONTEXT(2) 
PARAMETRIC_REPRESENTATION_CONTEXT() REPRESENTATION_CONTEXT('2D SPACE',''
  ) );
#1732 = ORIENTED_EDGE('',*,*,#986,.F.);
#1733 = ORIENTED_EDGE('',*,*,#1094,.F.);
#1734 = ORIENTED_EDGE('',*,*,#83,.F.);
#1735 = ORIENTED_EDGE('',*,*,#1736,.F.);
#1736 = EDGE_CURVE('',#1737,#84,#1739,.T.);
#1737 = VERTEX_POINT('',#1738);
#1738 = CARTESIAN_POINT('',(-80.3,-2.8,12.222643642375));
#1739 = SURFACE_CURVE('',#1740,(#1745,#1800),.PCURVE_S1.);
#1740 = CIRCLE('',#1741,30.925353676231);
#1741 = AXIS2_PLACEMENT_3D('',#1742,#1743,#1744);
#1742 = CARTESIAN_POINT('',(-80.3,-0.34,43.05));
#1743 = DIRECTION('',(1.,0.,-0.));
#1744 = DIRECTION('',(0.,0.,1.));
#1745 = PCURVE('',#100,#1746);
#1746 = DEFINITIONAL_REPRESENTATION('',(#1747),#1799);
#1747 = B_SPLINE_CURVE_WITH_KNOTS('',8,(#1748,#1749,#1750,#1751,#1752,
    #1753,#1754,#1755,#1756,#1757,#1758,#1759,#1760,#1761,#1762,#1763,
    #1764,#1765,#1766,#1767,#1768,#1769,#1770,#1771,#1772,#1773,#1774,
    #1775,#1776,#1777,#1778,#1779,#1780,#1781,#1782,#1783,#1784,#1785,
    #1786,#1787,#1788,#1789,#1790,#1791,#1792,#1793,#1794,#1795,#1796,
    #1797,#1798),.UNSPECIFIED.,.F.,.F.,(9,7,7,7,7,7,7,9),(3.061962141747
    ,3.094366854107,3.124746271943,3.153226976165,3.179927636373,
    3.204959505318,3.25189425959,3.309394085266),.UNSPECIFIED.);
#1748 = CARTESIAN_POINT('',(3.994134851704,-1.465209143076));
#1749 = CARTESIAN_POINT('',(3.968983480939,-1.468259057524));
#1750 = CARTESIAN_POINT('',(3.942168422986,-1.471232351058));
#1751 = CARTESIAN_POINT('',(3.91354615837,-1.47412017402));
#1752 = CARTESIAN_POINT('',(3.882964874704,-1.476912338776));
#1753 = CARTESIAN_POINT('',(3.850268152505,-1.47959715435));
#1754 = CARTESIAN_POINT('',(3.815303993407,-1.482161185017));
#1755 = CARTESIAN_POINT('',(3.777943211168,-1.484589214363));
#1756 = CARTESIAN_POINT('',(3.700768700886,-1.488997960676));
#1757 = CARTESIAN_POINT('',(3.661254236414,-1.490997152393));
#1758 = CARTESIAN_POINT('',(3.619506057099,-1.492848628491));
#1759 = CARTESIAN_POINT('',(3.575505046188,-1.494537773874));
#1760 = CARTESIAN_POINT('',(3.529293813274,-1.496049222954));
#1761 = CARTESIAN_POINT('',(3.481009052706,-1.497367753649));
#1762 = CARTESIAN_POINT('',(3.430901263129,-1.498479589784));
#1763 = CARTESIAN_POINT('',(3.330954658074,-1.500212214974));
#1764 = CARTESIAN_POINT('',(3.281294714241,-1.500859347544));
#1765 = CARTESIAN_POINT('',(3.230621007668,-1.501306280565));
#1766 = CARTESIAN_POINT('',(3.179290446697,-1.501546189297));
#1767 = CARTESIAN_POINT('',(3.127723007013,-1.501575466872));
#1768 = CARTESIAN_POINT('',(3.076356485546,-1.501394305076));
#1769 = CARTESIAN_POINT('',(3.02559558762,-1.501006601501));
#1770 = CARTESIAN_POINT('',(2.929089523824,-1.499868154984));
#1771 = CARTESIAN_POINT('',(2.883229195449,-1.499141619124));
#1772 = CARTESIAN_POINT('',(2.838489784815,-1.498244904244));
#1773 = CARTESIAN_POINT('',(2.795111267166,-1.497185703687));
#1774 = CARTESIAN_POINT('',(2.75326776837,-1.495973304536));
#1775 = CARTESIAN_POINT('',(2.713067732135,-1.494617801757));
#1776 = CARTESIAN_POINT('',(2.674565462043,-1.493129404638));
#1777 = CARTESIAN_POINT('',(2.603282362778,-1.490007520734));
#1778 = CARTESIAN_POINT('',(2.57029429994,-1.488388913902));
#1779 = CARTESIAN_POINT('',(2.538821007323,-1.486670529415));
#1780 = CARTESIAN_POINT('',(2.508841030961,-1.484860407384));
#1781 = CARTESIAN_POINT('',(2.480310855591,-1.482966146596));
#1782 = CARTESIAN_POINT('',(2.453173267332,-1.48099476351));
#1783 = CARTESIAN_POINT('',(2.427363675543,-1.478952651488));
#1784 = CARTESIAN_POINT('',(2.356784490707,-1.47289499419));
#1785 = CARTESIAN_POINT('',(2.315185299505,-1.468716180838));
#1786 = CARTESIAN_POINT('',(2.277570120766,-1.464347582734));
#1787 = CARTESIAN_POINT('',(2.243451721342,-1.459820333273));
#1788 = CARTESIAN_POINT('',(2.212396892312,-1.455158845753));
#1789 = CARTESIAN_POINT('',(2.184028602087,-1.450382786732));
#1790 = CARTESIAN_POINT('',(2.158024214334,-1.445508049379));
#1791 = CARTESIAN_POINT('',(2.104807548735,-1.434470730499));
#1792 = CARTESIAN_POINT('',(2.078641073078,-1.428265258722));
#1793 = CARTESIAN_POINT('',(2.055100527332,-1.421955253011));
#1794 = CARTESIAN_POINT('',(2.033784571757,-1.415558245399));
#1795 = CARTESIAN_POINT('',(2.01437548727,-1.409087673193));
#1796 = CARTESIAN_POINT('',(1.996616591718,-1.402554120688));
#1797 = CARTESIAN_POINT('',(1.980297498461,-1.395966096264));
#1798 = CARTESIAN_POINT('',(1.965243709588,-1.389330551173));
#1799 = ( GEOMETRIC_REPRESENTATION_CONTEXT(2) 
PARAMETRIC_REPRESENTATION_CONTEXT() REPRESENTATION_CONTEXT('2D SPACE',''
  ) );
#1800 = PCURVE('',#133,#1801);
#1801 = DEFINITIONAL_REPRESENTATION('',(#1802),#1806);
#1802 = CIRCLE('',#1803,30.925353676231);
#1803 = AXIS2_PLACEMENT_2D('',#1804,#1805);
#1804 = CARTESIAN_POINT('',(107.05,-27.96));
#1805 = DIRECTION('',(1.,0.));
#1806 = ( GEOMETRIC_REPRESENTATION_CONTEXT(2) 
PARAMETRIC_REPRESENTATION_CONTEXT() REPRESENTATION_CONTEXT('2D SPACE',''
  ) );
#1807 = ORIENTED_EDGE('',*,*,#1808,.T.);
#1808 = EDGE_CURVE('',#1737,#1809,#1811,.T.);
#1809 = VERTEX_POINT('',#1810);
#1810 = CARTESIAN_POINT('',(-68.10724707657,-24.55240619432,26.5));
#1811 = SURFACE_CURVE('',#1812,(#1850,#1891),.PCURVE_S1.);
#1812 = B_SPLINE_CURVE_WITH_KNOTS('',8,(#1813,#1814,#1815,#1816,#1817,
    #1818,#1819,#1820,#1821,#1822,#1823,#1824,#1825,#1826,#1827,#1828,
    #1829,#1830,#1831,#1832,#1833,#1834,#1835,#1836,#1837,#1838,#1839,
    #1840,#1841,#1842,#1843,#1844,#1845,#1846,#1847,#1848,#1849),
  .UNSPECIFIED.,.F.,.F.,(9,7,7,7,7,9),(0.,8.574082695271E-02,
    0.236113049501,0.399307747929,0.661845454368,1.),.UNSPECIFIED.);
#1813 = CARTESIAN_POINT('',(-80.3,-2.8,12.222643642375));
#1814 = CARTESIAN_POINT('',(-80.3,-3.157490266748,12.251171098508));
#1815 = CARTESIAN_POINT('',(-80.2942723227,-3.51648498913,
    12.284187175063));
#1816 = CARTESIAN_POINT('',(-80.282732425,-3.875993949456,
    12.321693504935));
#1817 = CARTESIAN_POINT('',(-80.26537779532,-4.235206397065,
    12.363647578416));
#1818 = CARTESIAN_POINT('',(-80.24226035969,-4.593549522148,
    12.409987905066));
#1819 = CARTESIAN_POINT('',(-80.21345677673,-4.95060001929,
    12.460648987734));
#1820 = CARTESIAN_POINT('',(-80.17905157878,-5.306095860764,
    12.515574894145));
#1821 = CARTESIAN_POINT('',(-80.06908482323,-6.280415191991,
    12.678479093783));
#1822 = CARTESIAN_POINT('',(-79.98209403413,-6.895339997656,
    12.79517211711));
#1823 = CARTESIAN_POINT('',(-79.87866061851,-7.503311446469,
    12.924482041337));
#1824 = CARTESIAN_POINT('',(-79.7594210938,-8.103228476555,
    13.066032213196));
#1825 = CARTESIAN_POINT('',(-79.62508701942,-8.694157331761,
    13.219420068305));
#1826 = CARTESIAN_POINT('',(-79.47642161413,-9.27532176167,
    13.384228724469));
#1827 = CARTESIAN_POINT('',(-79.31421633284,-9.846077536197,
    13.560038231699));
#1828 = CARTESIAN_POINT('',(-78.94941241053,-11.01346829304,
    13.948726533824));
#1829 = CARTESIAN_POINT('',(-78.74455871476,-11.60812811533,
    14.163477358538));
#1830 = CARTESIAN_POINT('',(-78.52574448548,-12.18920642828,
    14.390152244501));
#1831 = CARTESIAN_POINT('',(-78.29402456318,-12.7561764758,
    14.628216497207));
#1832 = CARTESIAN_POINT('',(-78.05045488315,-13.30864244355,
    14.877145229534));
#1833 = CARTESIAN_POINT('',(-77.79607611898,-13.84632544231,
    15.136430477449));
#1834 = CARTESIAN_POINT('',(-77.53190071955,-14.36905219207,
    15.405587706669));
#1835 = CARTESIAN_POINT('',(-76.81971749931,-15.69348645803,
    16.132318138038));
#1836 = CARTESIAN_POINT('',(-76.35775810978,-16.4712042304,
    16.604785769215));
#1837 = CARTESIAN_POINT('',(-75.87701831438,-17.20971205411,
    17.099733427009));
#1838 = CARTESIAN_POINT('',(-75.38130326062,-17.90923998561,
    17.615456453362));
#1839 = CARTESIAN_POINT('',(-74.87417840731,-18.57037317688,
    18.150391107705));
#1840 = CARTESIAN_POINT('',(-74.358932021,-19.19399263751,
    18.703134312165));
#1841 = CARTESIAN_POINT('',(-73.83855273573,-19.78121602013,
    19.27247103226));
#1842 = CARTESIAN_POINT('',(-72.6423102406,-21.04448356007,
    20.61082525339));
#1843 = CARTESIAN_POINT('',(-71.96502549783,-21.69719302604,
    21.389909823487));
#1844 = CARTESIAN_POINT('',(-71.2895780747,-22.29432358311,
    22.19255616688));
#1845 = CARTESIAN_POINT('',(-70.62119849356,-22.83880743536,
    23.016865671049));
#1846 = CARTESIAN_POINT('',(-69.96466050842,-23.33370222666,
    23.861136475275));
#1847 = CARTESIAN_POINT('',(-69.32428901471,-23.78215866591,
    24.72387479411));
#1848 = CARTESIAN_POINT('',(-68.70397871003,-24.18734980073,
    25.603823389286));
#1849 = CARTESIAN_POINT('',(-68.10724667705,-24.55240643873,26.5000006)
  );
#1850 = PCURVE('',#100,#1851);
#1851 = DEFINITIONAL_REPRESENTATION('',(#1852),#1890);
#1852 = B_SPLINE_CURVE_WITH_KNOTS('',8,(#1853,#1854,#1855,#1856,#1857,
    #1858,#1859,#1860,#1861,#1862,#1863,#1864,#1865,#1866,#1867,#1868,
    #1869,#1870,#1871,#1872,#1873,#1874,#1875,#1876,#1877,#1878,#1879,
    #1880,#1881,#1882,#1883,#1884,#1885,#1886,#1887,#1888,#1889),
  .UNSPECIFIED.,.F.,.F.,(9,7,7,7,7,9),(0.,8.574082695271E-02,
    0.236113049501,0.399307747929,0.661845454368,0.9999999717),
  .UNSPECIFIED.);
#1853 = CARTESIAN_POINT('',(3.994134851704,-1.465209143076));
#1854 = CARTESIAN_POINT('',(4.066141304099,-1.45647747109));
#1855 = CARTESIAN_POINT('',(4.126209758327,-1.447194060553));
#1856 = CARTESIAN_POINT('',(4.177197021006,-1.43753943428));
#1857 = CARTESIAN_POINT('',(4.221421830656,-1.427626790054));
#1858 = CARTESIAN_POINT('',(4.260298825207,-1.417527948711));
#1859 = CARTESIAN_POINT('',(4.294957122686,-1.40729378416));
#1860 = CARTESIAN_POINT('',(4.32617951033,-1.396957805368));
#1861 = CARTESIAN_POINT('',(4.40439424753,-1.368275524832));
#1862 = CARTESIAN_POINT('',(4.445499511834,-1.349775786666));
#1863 = CARTESIAN_POINT('',(4.481153182529,-1.33118258979));
#1864 = CARTESIAN_POINT('',(4.512772014947,-1.312557110231));
#1865 = CARTESIAN_POINT('',(4.541369419327,-1.293945629215));
#1866 = CARTESIAN_POINT('',(4.567555471743,-1.275375829743));
#1867 = CARTESIAN_POINT('',(4.59179681457,-1.256869229667));
#1868 = CARTESIAN_POINT('',(4.638980571385,-1.218440030017));
#1869 = CARTESIAN_POINT('',(4.66163534133,-1.198532333905));
#1870 = CARTESIAN_POINT('',(4.68281380867,-1.178736506804));
#1871 = CARTESIAN_POINT('',(4.702778047732,-1.159064213363));
#1872 = CARTESIAN_POINT('',(4.721714322176,-1.139523079645));
#1873 = CARTESIAN_POINT('',(4.739764769548,-1.120117981867));
#1874 = CARTESIAN_POINT('',(4.757035325605,-1.100851346683));
#1875 = CARTESIAN_POINT('',(4.800279782836,-1.050952353487));
#1876 = CARTESIAN_POINT('',(4.82514812264,-1.02054499233));
#1877 = CARTESIAN_POINT('',(4.848576271533,-0.99049882832));
#1878 = CARTESIAN_POINT('',(4.870771087633,-0.960805194245));
#1879 = CARTESIAN_POINT('',(4.891876854709,-0.931452128979));
#1880 = CARTESIAN_POINT('',(4.912003865143,-0.902424628052));
#1881 = CARTESIAN_POINT('',(4.931232550594,-0.873703860078));
#1882 = CARTESIAN_POINT('',(4.973325997597,-0.808638835246));
#1883 = CARTESIAN_POINT('',(4.995635915466,-0.772491869761));
#1884 = CARTESIAN_POINT('',(5.016702874621,-0.73677392744));
#1885 = CARTESIAN_POINT('',(5.036611831257,-0.701441370261));
#1886 = CARTESIAN_POINT('',(5.055419582965,-0.666454309466));
#1887 = CARTESIAN_POINT('',(5.073165951277,-0.63177398473));
#1888 = CARTESIAN_POINT('',(5.089876715822,-0.597360808895));
#1889 = CARTESIAN_POINT('',(5.105569021425,-0.56317194489));
#1890 = ( GEOMETRIC_REPRESENTATION_CONTEXT(2) 
PARAMETRIC_REPRESENTATION_CONTEXT() REPRESENTATION_CONTEXT('2D SPACE',''
  ) );
#1891 = PCURVE('',#1892,#1897);
#1892 = CYLINDRICAL_SURFACE('',#1893,25.5);
#1893 = AXIS2_PLACEMENT_3D('',#1894,#1895,#1896);
#1894 = CARTESIAN_POINT('',(-54.8,-2.8,-64.));
#1895 = DIRECTION('',(0.,0.,1.));
#1896 = DIRECTION('',(-1.,-0.,0.));
#1897 = DEFINITIONAL_REPRESENTATION('',(#1898),#1936);
#1898 = B_SPLINE_CURVE_WITH_KNOTS('',8,(#1899,#1900,#1901,#1902,#1903,
    #1904,#1905,#1906,#1907,#1908,#1909,#1910,#1911,#1912,#1913,#1914,
    #1915,#1916,#1917,#1918,#1919,#1920,#1921,#1922,#1923,#1924,#1925,
    #1926,#1927,#1928,#1929,#1930,#1931,#1932,#1933,#1934,#1935),
  .UNSPECIFIED.,.F.,.F.,(9,7,7,7,7,9),(0.,8.574082695271E-02,
    0.236113049501,0.399307747929,0.661845454368,1.),.UNSPECIFIED.);
#1899 = CARTESIAN_POINT('',(0.,76.222643642375));
#1900 = CARTESIAN_POINT('',(1.401922614699E-02,76.251171098508));
#1901 = CARTESIAN_POINT('',(2.809745058798E-02,76.284187175063));
#1902 = CARTESIAN_POINT('',(4.220003953728E-02,76.321693504935));
#1903 = CARTESIAN_POINT('',(5.629954728147E-02,76.363647578416));
#1904 = CARTESIAN_POINT('',(7.037778337648E-02,76.409987905066));
#1905 = CARTESIAN_POINT('',(8.442225477357E-02,76.460648987734));
#1906 = CARTESIAN_POINT('',(9.842663314191E-02,76.515574894145));
#1907 = CARTESIAN_POINT('',(0.136877825441,76.678479093783));
#1908 = CARTESIAN_POINT('',(0.161222982015,76.79517211711));
#1909 = CARTESIAN_POINT('',(0.185391873323,76.924482041337));
#1910 = CARTESIAN_POINT('',(0.209360069098,77.066032213196));
#1911 = CARTESIAN_POINT('',(0.233107591496,77.219420068305));
#1912 = CARTESIAN_POINT('',(0.256618414285,77.384228724469));
#1913 = CARTESIAN_POINT('',(0.279879465378,77.560038231699));
#1914 = CARTESIAN_POINT('',(0.327842719942,77.948726533824));
#1915 = CARTESIAN_POINT('',(0.352497368765,78.163477358538));
#1916 = CARTESIAN_POINT('',(0.376830650498,78.390152244501));
#1917 = CARTESIAN_POINT('',(0.400831755831,78.628216497207));
#1918 = CARTESIAN_POINT('',(0.424492128167,78.877145229534));
#1919 = CARTESIAN_POINT('',(0.44780513402,79.136430477449));
#1920 = CARTESIAN_POINT('',(0.470765914243,79.405587706669));
#1921 = CARTESIAN_POINT('',(0.529737376125,80.132318138038));
#1922 = CARTESIAN_POINT('',(0.565178594253,80.604785769215));
#1923 = CARTESIAN_POINT('',(0.599687629325,81.099733427009));
#1924 = CARTESIAN_POINT('',(0.633259385702,81.615456453362));
#1925 = CARTESIAN_POINT('',(0.665890952524,82.150391107705));
#1926 = CARTESIAN_POINT('',(0.697581882396,82.703134312165));
#1927 = CARTESIAN_POINT('',(0.728334442786,83.27247103226));
#1928 = CARTESIAN_POINT('',(0.796561183118,84.61082525339));
#1929 = CARTESIAN_POINT('',(0.833409247269,85.389909823487));
#1930 = CARTESIAN_POINT('',(0.868711484779,86.19255616688));
#1931 = CARTESIAN_POINT('',(0.902467319433,87.016865671049));
#1932 = CARTESIAN_POINT('',(0.934667860866,87.861136475275));
#1933 = CARTESIAN_POINT('',(0.965298864743,88.72387479411));
#1934 = CARTESIAN_POINT('',(0.994341874486,89.603823389286));
#1935 = CARTESIAN_POINT('',(1.021774794824,90.5000006));
#1936 = ( GEOMETRIC_REPRESENTATION_CONTEXT(2) 
PARAMETRIC_REPRESENTATION_CONTEXT() REPRESENTATION_CONTEXT('2D SPACE',''
  ) );
#1937 = ORIENTED_EDGE('',*,*,#1938,.T.);
#1938 = EDGE_CURVE('',#1809,#1292,#1939,.T.);
#1939 = SURFACE_CURVE('',#1940,(#1945,#1958),.PCURVE_S1.);
#1940 = CIRCLE('',#1941,23.876239672458);
#1941 = AXIS2_PLACEMENT_3D('',#1942,#1943,#1944);
#1942 = CARTESIAN_POINT('',(-62.07835781455,-2.033200846946,
    31.658750399611));
#1943 = DIRECTION('',(-0.812855657781,8.563704146216E-02,0.576135380569)
  );
#1944 = DIRECTION('',(-0.57825967479,0.,-0.815852773797));
#1945 = PCURVE('',#100,#1946);
#1946 = DEFINITIONAL_REPRESENTATION('',(#1947),#1957);
#1947 = B_SPLINE_CURVE_WITH_KNOTS('',8,(#1948,#1949,#1950,#1951,#1952,
    #1953,#1954,#1955,#1956),.UNSPECIFIED.,.F.,.F.,(9,9),(1.242650032179
    ,2.241821818915),.PIECEWISE_BEZIER_KNOTS.);
#1948 = CARTESIAN_POINT('',(5.105569021425,-0.56317194489));
#1949 = CARTESIAN_POINT('',(5.146730357002,-0.473493643949));
#1950 = CARTESIAN_POINT('',(5.192219891529,-0.386109835809));
#1951 = CARTESIAN_POINT('',(5.241937769422,-0.30153350739));
#1952 = CARTESIAN_POINT('',(5.296193603161,-0.220363851681));
#1953 = CARTESIAN_POINT('',(5.355387419491,-0.143330026801));
#1954 = CARTESIAN_POINT('',(5.42003823878,-7.13211556033E-02));
#1955 = CARTESIAN_POINT('',(5.490557644265,-5.435144382311E-03));
#1956 = CARTESIAN_POINT('',(5.566962526026,5.315094350693E-02));
#1957 = ( GEOMETRIC_REPRESENTATION_CONTEXT(2) 
PARAMETRIC_REPRESENTATION_CONTEXT() REPRESENTATION_CONTEXT('2D SPACE',''
  ) );
#1958 = PCURVE('',#1959,#1964);
#1959 = SPHERICAL_SURFACE('',#1960,25.5);
#1960 = AXIS2_PLACEMENT_3D('',#1961,#1962,#1963);
#1961 = CARTESIAN_POINT('',(-54.8,-2.8,26.5));
#1962 = DIRECTION('',(-0.,-0.,-1.));
#1963 = DIRECTION('',(-1.,0.,0.));
#1964 = DEFINITIONAL_REPRESENTATION('',(#1965),#1982);
#1965 = B_SPLINE_CURVE_WITH_KNOTS('',8,(#1966,#1967,#1968,#1969,#1970,
    #1971,#1972,#1973,#1974,#1975,#1976,#1977,#1978,#1979,#1980,#1981),
  .UNSPECIFIED.,.F.,.F.,(9,7,9),(1.242650032179,1.742235925547,
    2.241821818915),.UNSPECIFIED.);
#1966 = CARTESIAN_POINT('',(-1.021774776457,0.));
#1967 = CARTESIAN_POINT('',(-1.057753415057,-4.60920876984E-02));
#1968 = CARTESIAN_POINT('',(-1.092576941348,-9.30858252765E-02));
#1969 = CARTESIAN_POINT('',(-1.126452046369,-0.1408565053));
#1970 = CARTESIAN_POINT('',(-1.15958235225,-0.189296509242));
#1971 = CARTESIAN_POINT('',(-1.192171498857,-0.23831111927));
#1972 = CARTESIAN_POINT('',(-1.224428572701,-0.287815000235));
#1973 = CARTESIAN_POINT('',(-1.256579244738,-0.337728635882));
#1974 = CARTESIAN_POINT('',(-1.321192722613,-0.438219370742));
#1975 = CARTESIAN_POINT('',(-1.353655566159,-0.488796462764));
#1976 = CARTESIAN_POINT('',(-1.386536928006,-0.539627275372));
#1977 = CARTESIAN_POINT('',(-1.420137431285,-0.59063502364));
#1978 = CARTESIAN_POINT('',(-1.454814096163,-0.641740334986));
#1979 = CARTESIAN_POINT('',(-1.491024151973,-0.692853453806));
#1980 = CARTESIAN_POINT('',(-1.529370147547,-0.743868042002));
#1981 = CARTESIAN_POINT('',(-1.570796326795,-0.794629444498));
#1982 = ( GEOMETRIC_REPRESENTATION_CONTEXT(2) 
PARAMETRIC_REPRESENTATION_CONTEXT() REPRESENTATION_CONTEXT('2D SPACE',''
  ) );
#1983 = ADVANCED_FACE('',(#1984),#1959,.F.);
#1984 = FACE_BOUND('',#1985,.T.);
#1985 = EDGE_LOOP('',(#1986,#1987,#2009));
#1986 = ORIENTED_EDGE('',*,*,#1938,.T.);
#1987 = ORIENTED_EDGE('',*,*,#1988,.T.);
#1988 = EDGE_CURVE('',#1292,#1989,#1991,.T.);
#1989 = VERTEX_POINT('',#1990);
#1990 = CARTESIAN_POINT('',(-54.8,-28.3,26.5));
#1991 = SURFACE_CURVE('',#1992,(#1997,#2003),.PCURVE_S1.);
#1992 = CIRCLE('',#1993,25.5);
#1993 = AXIS2_PLACEMENT_3D('',#1994,#1995,#1996);
#1994 = CARTESIAN_POINT('',(-54.8,-2.8,26.5));
#1995 = DIRECTION('',(1.,-6.123233995737E-17,0.));
#1996 = DIRECTION('',(-6.123233995737E-17,-1.,0.));
#1997 = PCURVE('',#1959,#1998);
#1998 = DEFINITIONAL_REPRESENTATION('',(#1999),#2002);
#1999 = B_SPLINE_CURVE_WITH_KNOTS('',1,(#2000,#2001),.UNSPECIFIED.,.F.,
  .F.,(2,2),(4.712388980385,6.28318530718),.PIECEWISE_BEZIER_KNOTS.);
#2000 = CARTESIAN_POINT('',(-1.570796326795,-1.570796326795));
#2001 = CARTESIAN_POINT('',(-1.570796326795,0.));
#2002 = ( GEOMETRIC_REPRESENTATION_CONTEXT(2) 
PARAMETRIC_REPRESENTATION_CONTEXT() REPRESENTATION_CONTEXT('2D SPACE',''
  ) );
#2003 = PCURVE('',#1345,#2004);
#2004 = DEFINITIONAL_REPRESENTATION('',(#2005),#2008);
#2005 = B_SPLINE_CURVE_WITH_KNOTS('',1,(#2006,#2007),.UNSPECIFIED.,.F.,
  .F.,(2,2),(4.712388980385,6.28318530718),.PIECEWISE_BEZIER_KNOTS.);
#2006 = CARTESIAN_POINT('',(-1.570796326795,25.5));
#2007 = CARTESIAN_POINT('',(0.,25.5));
#2008 = ( GEOMETRIC_REPRESENTATION_CONTEXT(2) 
PARAMETRIC_REPRESENTATION_CONTEXT() REPRESENTATION_CONTEXT('2D SPACE',''
  ) );
#2009 = ORIENTED_EDGE('',*,*,#2010,.F.);
#2010 = EDGE_CURVE('',#1809,#1989,#2011,.T.);
#2011 = SURFACE_CURVE('',#2012,(#2017,#2024),.PCURVE_S1.);
#2012 = CIRCLE('',#2013,25.5);
#2013 = AXIS2_PLACEMENT_3D('',#2014,#2015,#2016);
#2014 = CARTESIAN_POINT('',(-54.8,-2.8,26.5));
#2015 = DIRECTION('',(0.,0.,1.));
#2016 = DIRECTION('',(-1.,0.,0.));
#2017 = PCURVE('',#1959,#2018);
#2018 = DEFINITIONAL_REPRESENTATION('',(#2019),#2023);
#2019 = LINE('',#2020,#2021);
#2020 = CARTESIAN_POINT('',(-0.,0.));
#2021 = VECTOR('',#2022,1.);
#2022 = DIRECTION('',(-1.,0.));
#2023 = ( GEOMETRIC_REPRESENTATION_CONTEXT(2) 
PARAMETRIC_REPRESENTATION_CONTEXT() REPRESENTATION_CONTEXT('2D SPACE',''
  ) );
#2024 = PCURVE('',#1892,#2025);
#2025 = DEFINITIONAL_REPRESENTATION('',(#2026),#2030);
#2026 = LINE('',#2027,#2028);
#2027 = CARTESIAN_POINT('',(0.,90.5));
#2028 = VECTOR('',#2029,1.);
#2029 = DIRECTION('',(1.,0.));
#2030 = ( GEOMETRIC_REPRESENTATION_CONTEXT(2) 
PARAMETRIC_REPRESENTATION_CONTEXT() REPRESENTATION_CONTEXT('2D SPACE',''
  ) );
#2031 = ADVANCED_FACE('',(#2032),#1892,.F.);
#2032 = FACE_BOUND('',#2033,.F.);
#2033 = EDGE_LOOP('',(#2034,#2057,#2086,#2112,#2113));
#2034 = ORIENTED_EDGE('',*,*,#2035,.F.);
#2035 = EDGE_CURVE('',#2036,#1737,#2038,.T.);
#2036 = VERTEX_POINT('',#2037);
#2037 = CARTESIAN_POINT('',(-80.3,-2.8,-38.5));
#2038 = SURFACE_CURVE('',#2039,(#2043,#2050),.PCURVE_S1.);
#2039 = LINE('',#2040,#2041);
#2040 = CARTESIAN_POINT('',(-80.3,-2.8,-64.));
#2041 = VECTOR('',#2042,1.);
#2042 = DIRECTION('',(0.,0.,1.));
#2043 = PCURVE('',#1892,#2044);
#2044 = DEFINITIONAL_REPRESENTATION('',(#2045),#2049);
#2045 = LINE('',#2046,#2047);
#2046 = CARTESIAN_POINT('',(0.,0.));
#2047 = VECTOR('',#2048,1.);
#2048 = DIRECTION('',(0.,1.));
#2049 = ( GEOMETRIC_REPRESENTATION_CONTEXT(2) 
PARAMETRIC_REPRESENTATION_CONTEXT() REPRESENTATION_CONTEXT('2D SPACE',''
  ) );
#2050 = PCURVE('',#133,#2051);
#2051 = DEFINITIONAL_REPRESENTATION('',(#2052),#2056);
#2052 = LINE('',#2053,#2054);
#2053 = CARTESIAN_POINT('',(0.,-25.5));
#2054 = VECTOR('',#2055,1.);
#2055 = DIRECTION('',(1.,0.));
#2056 = ( GEOMETRIC_REPRESENTATION_CONTEXT(2) 
PARAMETRIC_REPRESENTATION_CONTEXT() REPRESENTATION_CONTEXT('2D SPACE',''
  ) );
#2057 = ORIENTED_EDGE('',*,*,#2058,.T.);
#2058 = EDGE_CURVE('',#2036,#2059,#2061,.T.);
#2059 = VERTEX_POINT('',#2060);
#2060 = CARTESIAN_POINT('',(-54.8,-28.3,-38.5));
#2061 = SURFACE_CURVE('',#2062,(#2067,#2074),.PCURVE_S1.);
#2062 = CIRCLE('',#2063,25.5);
#2063 = AXIS2_PLACEMENT_3D('',#2064,#2065,#2066);
#2064 = CARTESIAN_POINT('',(-54.8,-2.8,-38.5));
#2065 = DIRECTION('',(0.,0.,1.));
#2066 = DIRECTION('',(-1.,0.,0.));
#2067 = PCURVE('',#1892,#2068);
#2068 = DEFINITIONAL_REPRESENTATION('',(#2069),#2073);
#2069 = LINE('',#2070,#2071);
#2070 = CARTESIAN_POINT('',(0.,25.5));
#2071 = VECTOR('',#2072,1.);
#2072 = DIRECTION('',(1.,0.));
#2073 = ( GEOMETRIC_REPRESENTATION_CONTEXT(2) 
PARAMETRIC_REPRESENTATION_CONTEXT() REPRESENTATION_CONTEXT('2D SPACE',''
  ) );
#2074 = PCURVE('',#2075,#2080);
#2075 = SPHERICAL_SURFACE('',#2076,25.5);
#2076 = AXIS2_PLACEMENT_3D('',#2077,#2078,#2079);
#2077 = CARTESIAN_POINT('',(-54.8,-2.8,-38.5));
#2078 = DIRECTION('',(0.,0.,1.));
#2079 = DIRECTION('',(-1.,0.,0.));
#2080 = DEFINITIONAL_REPRESENTATION('',(#2081),#2085);
#2081 = LINE('',#2082,#2083);
#2082 = CARTESIAN_POINT('',(0.,0.));
#2083 = VECTOR('',#2084,1.);
#2084 = DIRECTION('',(1.,0.));
#2085 = ( GEOMETRIC_REPRESENTATION_CONTEXT(2) 
PARAMETRIC_REPRESENTATION_CONTEXT() REPRESENTATION_CONTEXT('2D SPACE',''
  ) );
#2086 = ORIENTED_EDGE('',*,*,#2087,.T.);
#2087 = EDGE_CURVE('',#2059,#1989,#2088,.T.);
#2088 = SURFACE_CURVE('',#2089,(#2093,#2100),.PCURVE_S1.);
#2089 = LINE('',#2090,#2091);
#2090 = CARTESIAN_POINT('',(-54.8,-28.3,-64.));
#2091 = VECTOR('',#2092,1.);
#2092 = DIRECTION('',(0.,0.,1.));
#2093 = PCURVE('',#1892,#2094);
#2094 = DEFINITIONAL_REPRESENTATION('',(#2095),#2099);
#2095 = LINE('',#2096,#2097);
#2096 = CARTESIAN_POINT('',(1.570796326795,0.));
#2097 = VECTOR('',#2098,1.);
#2098 = DIRECTION('',(0.,1.));
#2099 = ( GEOMETRIC_REPRESENTATION_CONTEXT(2) 
PARAMETRIC_REPRESENTATION_CONTEXT() REPRESENTATION_CONTEXT('2D SPACE',''
  ) );
#2100 = PCURVE('',#2101,#2106);
#2101 = PLANE('',#2102);
#2102 = AXIS2_PLACEMENT_3D('',#2103,#2104,#2105);
#2103 = CARTESIAN_POINT('',(-80.3,-28.3,-64.));
#2104 = DIRECTION('',(-0.,1.,0.));
#2105 = DIRECTION('',(0.,0.,1.));
#2106 = DEFINITIONAL_REPRESENTATION('',(#2107),#2111);
#2107 = LINE('',#2108,#2109);
#2108 = CARTESIAN_POINT('',(0.,25.5));
#2109 = VECTOR('',#2110,1.);
#2110 = DIRECTION('',(1.,0.));
#2111 = ( GEOMETRIC_REPRESENTATION_CONTEXT(2) 
PARAMETRIC_REPRESENTATION_CONTEXT() REPRESENTATION_CONTEXT('2D SPACE',''
  ) );
#2112 = ORIENTED_EDGE('',*,*,#2010,.F.);
#2113 = ORIENTED_EDGE('',*,*,#1808,.F.);
#2114 = ADVANCED_FACE('',(#2115),#2075,.F.);
#2115 = FACE_BOUND('',#2116,.F.);
#2116 = EDGE_LOOP('',(#2117,#2139,#2164));
#2117 = ORIENTED_EDGE('',*,*,#2118,.F.);
#2118 = EDGE_CURVE('',#2119,#2036,#2121,.T.);
#2119 = VERTEX_POINT('',#2120);
#2120 = CARTESIAN_POINT('',(-54.8,-2.8,-64.));
#2121 = SURFACE_CURVE('',#2122,(#2127,#2133),.PCURVE_S1.);
#2122 = CIRCLE('',#2123,25.5);
#2123 = AXIS2_PLACEMENT_3D('',#2124,#2125,#2126);
#2124 = CARTESIAN_POINT('',(-54.8,-2.8,-38.5));
#2125 = DIRECTION('',(0.,1.,-0.));
#2126 = DIRECTION('',(-1.,0.,0.));
#2127 = PCURVE('',#2075,#2128);
#2128 = DEFINITIONAL_REPRESENTATION('',(#2129),#2132);
#2129 = B_SPLINE_CURVE_WITH_KNOTS('',1,(#2130,#2131),.UNSPECIFIED.,.F.,
  .F.,(2,2),(4.712388980385,6.28318530718),.PIECEWISE_BEZIER_KNOTS.);
#2130 = CARTESIAN_POINT('',(0.,-1.570796326795));
#2131 = CARTESIAN_POINT('',(0.,0.));
#2132 = ( GEOMETRIC_REPRESENTATION_CONTEXT(2) 
PARAMETRIC_REPRESENTATION_CONTEXT() REPRESENTATION_CONTEXT('2D SPACE',''
  ) );
#2133 = PCURVE('',#190,#2134);
#2134 = DEFINITIONAL_REPRESENTATION('',(#2135),#2138);
#2135 = B_SPLINE_CURVE_WITH_KNOTS('',1,(#2136,#2137),.UNSPECIFIED.,.F.,
  .F.,(2,2),(4.712388980385,6.28318530718),.PIECEWISE_BEZIER_KNOTS.);
#2136 = CARTESIAN_POINT('',(-1.570796326795,25.5));
#2137 = CARTESIAN_POINT('',(0.,25.5));
#2138 = ( GEOMETRIC_REPRESENTATION_CONTEXT(2) 
PARAMETRIC_REPRESENTATION_CONTEXT() REPRESENTATION_CONTEXT('2D SPACE',''
  ) );
#2139 = ORIENTED_EDGE('',*,*,#2140,.T.);
#2140 = EDGE_CURVE('',#2119,#2059,#2141,.T.);
#2141 = SURFACE_CURVE('',#2142,(#2147,#2153),.PCURVE_S1.);
#2142 = CIRCLE('',#2143,25.5);
#2143 = AXIS2_PLACEMENT_3D('',#2144,#2145,#2146);
#2144 = CARTESIAN_POINT('',(-54.8,-2.8,-38.5));
#2145 = DIRECTION('',(-1.,6.123233995737E-17,0.));
#2146 = DIRECTION('',(-6.123233995737E-17,-1.,0.));
#2147 = PCURVE('',#2075,#2148);
#2148 = DEFINITIONAL_REPRESENTATION('',(#2149),#2152);
#2149 = B_SPLINE_CURVE_WITH_KNOTS('',1,(#2150,#2151),.UNSPECIFIED.,.F.,
  .F.,(2,2),(4.712388980385,6.28318530718),.PIECEWISE_BEZIER_KNOTS.);
#2150 = CARTESIAN_POINT('',(1.570796326795,-1.570796326795));
#2151 = CARTESIAN_POINT('',(1.570796326795,0.));
#2152 = ( GEOMETRIC_REPRESENTATION_CONTEXT(2) 
PARAMETRIC_REPRESENTATION_CONTEXT() REPRESENTATION_CONTEXT('2D SPACE',''
  ) );
#2153 = PCURVE('',#2154,#2159);
#2154 = CYLINDRICAL_SURFACE('',#2155,25.5);
#2155 = AXIS2_PLACEMENT_3D('',#2156,#2157,#2158);
#2156 = CARTESIAN_POINT('',(-80.3,-2.8,-38.5));
#2157 = DIRECTION('',(1.,0.,-0.));
#2158 = DIRECTION('',(0.,-1.,0.));
#2159 = DEFINITIONAL_REPRESENTATION('',(#2160),#2163);
#2160 = B_SPLINE_CURVE_WITH_KNOTS('',1,(#2161,#2162),.UNSPECIFIED.,.F.,
  .F.,(2,2),(4.712388980385,6.28318530718),.PIECEWISE_BEZIER_KNOTS.);
#2161 = CARTESIAN_POINT('',(1.570796326795,25.5));
#2162 = CARTESIAN_POINT('',(0.,25.5));
#2163 = ( GEOMETRIC_REPRESENTATION_CONTEXT(2) 
PARAMETRIC_REPRESENTATION_CONTEXT() REPRESENTATION_CONTEXT('2D SPACE',''
  ) );
#2164 = ORIENTED_EDGE('',*,*,#2058,.F.);
#2165 = ADVANCED_FACE('',(#2166),#2154,.F.);
#2166 = FACE_BOUND('',#2167,.F.);
#2167 = EDGE_LOOP('',(#2168,#2169,#2192,#2219));
#2168 = ORIENTED_EDGE('',*,*,#2140,.F.);
#2169 = ORIENTED_EDGE('',*,*,#2170,.T.);
#2170 = EDGE_CURVE('',#2119,#2171,#2173,.T.);
#2171 = VERTEX_POINT('',#2172);
#2172 = CARTESIAN_POINT('',(54.8,-2.8,-64.));
#2173 = SURFACE_CURVE('',#2174,(#2178,#2185),.PCURVE_S1.);
#2174 = LINE('',#2175,#2176);
#2175 = CARTESIAN_POINT('',(-80.3,-2.8,-64.));
#2176 = VECTOR('',#2177,1.);
#2177 = DIRECTION('',(1.,0.,-0.));
#2178 = PCURVE('',#2154,#2179);
#2179 = DEFINITIONAL_REPRESENTATION('',(#2180),#2184);
#2180 = LINE('',#2181,#2182);
#2181 = CARTESIAN_POINT('',(1.570796326795,0.));
#2182 = VECTOR('',#2183,1.);
#2183 = DIRECTION('',(0.,1.));
#2184 = ( GEOMETRIC_REPRESENTATION_CONTEXT(2) 
PARAMETRIC_REPRESENTATION_CONTEXT() REPRESENTATION_CONTEXT('2D SPACE',''
  ) );
#2185 = PCURVE('',#217,#2186);
#2186 = DEFINITIONAL_REPRESENTATION('',(#2187),#2191);
#2187 = LINE('',#2188,#2189);
#2188 = CARTESIAN_POINT('',(0.,25.5));
#2189 = VECTOR('',#2190,1.);
#2190 = DIRECTION('',(1.,0.));
#2191 = ( GEOMETRIC_REPRESENTATION_CONTEXT(2) 
PARAMETRIC_REPRESENTATION_CONTEXT() REPRESENTATION_CONTEXT('2D SPACE',''
  ) );
#2192 = ORIENTED_EDGE('',*,*,#2193,.T.);
#2193 = EDGE_CURVE('',#2171,#2194,#2196,.T.);
#2194 = VERTEX_POINT('',#2195);
#2195 = CARTESIAN_POINT('',(54.8,-28.3,-38.5));
#2196 = SURFACE_CURVE('',#2197,(#2202,#2208),.PCURVE_S1.);
#2197 = CIRCLE('',#2198,25.5);
#2198 = AXIS2_PLACEMENT_3D('',#2199,#2200,#2201);
#2199 = CARTESIAN_POINT('',(54.8,-2.8,-38.5));
#2200 = DIRECTION('',(-1.,-6.123233995737E-17,0.));
#2201 = DIRECTION('',(6.123233995737E-17,-1.,-0.));
#2202 = PCURVE('',#2154,#2203);
#2203 = DEFINITIONAL_REPRESENTATION('',(#2204),#2207);
#2204 = B_SPLINE_CURVE_WITH_KNOTS('',1,(#2205,#2206),.UNSPECIFIED.,.F.,
  .F.,(2,2),(4.712388980385,6.28318530718),.PIECEWISE_BEZIER_KNOTS.);
#2205 = CARTESIAN_POINT('',(1.570796326795,135.1));
#2206 = CARTESIAN_POINT('',(0.,135.1));
#2207 = ( GEOMETRIC_REPRESENTATION_CONTEXT(2) 
PARAMETRIC_REPRESENTATION_CONTEXT() REPRESENTATION_CONTEXT('2D SPACE',''
  ) );
#2208 = PCURVE('',#2209,#2214);
#2209 = SPHERICAL_SURFACE('',#2210,25.5);
#2210 = AXIS2_PLACEMENT_3D('',#2211,#2212,#2213);
#2211 = CARTESIAN_POINT('',(54.8,-2.8,-38.5));
#2212 = DIRECTION('',(0.,0.,1.));
#2213 = DIRECTION('',(1.,0.,-0.));
#2214 = DEFINITIONAL_REPRESENTATION('',(#2215),#2218);
#2215 = B_SPLINE_CURVE_WITH_KNOTS('',1,(#2216,#2217),.UNSPECIFIED.,.F.,
  .F.,(2,2),(4.712388980385,6.28318530718),.PIECEWISE_BEZIER_KNOTS.);
#2216 = CARTESIAN_POINT('',(-1.570796326795,-1.570796326795));
#2217 = CARTESIAN_POINT('',(-1.570796326795,0.));
#2218 = ( GEOMETRIC_REPRESENTATION_CONTEXT(2) 
PARAMETRIC_REPRESENTATION_CONTEXT() REPRESENTATION_CONTEXT('2D SPACE',''
  ) );
#2219 = ORIENTED_EDGE('',*,*,#2220,.F.);
#2220 = EDGE_CURVE('',#2059,#2194,#2221,.T.);
#2221 = SURFACE_CURVE('',#2222,(#2226,#2233),.PCURVE_S1.);
#2222 = LINE('',#2223,#2224);
#2223 = CARTESIAN_POINT('',(-80.3,-28.3,-38.5));
#2224 = VECTOR('',#2225,1.);
#2225 = DIRECTION('',(1.,0.,-0.));
#2226 = PCURVE('',#2154,#2227);
#2227 = DEFINITIONAL_REPRESENTATION('',(#2228),#2232);
#2228 = LINE('',#2229,#2230);
#2229 = CARTESIAN_POINT('',(0.,0.));
#2230 = VECTOR('',#2231,1.);
#2231 = DIRECTION('',(0.,1.));
#2232 = ( GEOMETRIC_REPRESENTATION_CONTEXT(2) 
PARAMETRIC_REPRESENTATION_CONTEXT() REPRESENTATION_CONTEXT('2D SPACE',''
  ) );
#2233 = PCURVE('',#2101,#2234);
#2234 = DEFINITIONAL_REPRESENTATION('',(#2235),#2239);
#2235 = LINE('',#2236,#2237);
#2236 = CARTESIAN_POINT('',(25.5,0.));
#2237 = VECTOR('',#2238,1.);
#2238 = DIRECTION('',(0.,1.));
#2239 = ( GEOMETRIC_REPRESENTATION_CONTEXT(2) 
PARAMETRIC_REPRESENTATION_CONTEXT() REPRESENTATION_CONTEXT('2D SPACE',''
  ) );
#2240 = ADVANCED_FACE('',(#2241),#2209,.F.);
#2241 = FACE_BOUND('',#2242,.T.);
#2242 = EDGE_LOOP('',(#2243,#2265,#2266));
#2243 = ORIENTED_EDGE('',*,*,#2244,.F.);
#2244 = EDGE_CURVE('',#2171,#2245,#2247,.T.);
#2245 = VERTEX_POINT('',#2246);
#2246 = CARTESIAN_POINT('',(80.3,-2.8,-38.5));
#2247 = SURFACE_CURVE('',#2248,(#2253,#2259),.PCURVE_S1.);
#2248 = CIRCLE('',#2249,25.5);
#2249 = AXIS2_PLACEMENT_3D('',#2250,#2251,#2252);
#2250 = CARTESIAN_POINT('',(54.8,-2.8,-38.5));
#2251 = DIRECTION('',(0.,-1.,0.));
#2252 = DIRECTION('',(1.,0.,0.));
#2253 = PCURVE('',#2209,#2254);
#2254 = DEFINITIONAL_REPRESENTATION('',(#2255),#2258);
#2255 = B_SPLINE_CURVE_WITH_KNOTS('',1,(#2256,#2257),.UNSPECIFIED.,.F.,
  .F.,(2,2),(4.712388980385,6.28318530718),.PIECEWISE_BEZIER_KNOTS.);
#2256 = CARTESIAN_POINT('',(0.,-1.570796326795));
#2257 = CARTESIAN_POINT('',(0.,0.));
#2258 = ( GEOMETRIC_REPRESENTATION_CONTEXT(2) 
PARAMETRIC_REPRESENTATION_CONTEXT() REPRESENTATION_CONTEXT('2D SPACE',''
  ) );
#2259 = PCURVE('',#245,#2260);
#2260 = DEFINITIONAL_REPRESENTATION('',(#2261),#2264);
#2261 = B_SPLINE_CURVE_WITH_KNOTS('',1,(#2262,#2263),.UNSPECIFIED.,.F.,
  .F.,(2,2),(4.712388980385,6.28318530718),.PIECEWISE_BEZIER_KNOTS.);
#2262 = CARTESIAN_POINT('',(1.570796326795,25.5));
#2263 = CARTESIAN_POINT('',(0.,25.5));
#2264 = ( GEOMETRIC_REPRESENTATION_CONTEXT(2) 
PARAMETRIC_REPRESENTATION_CONTEXT() REPRESENTATION_CONTEXT('2D SPACE',''
  ) );
#2265 = ORIENTED_EDGE('',*,*,#2193,.T.);
#2266 = ORIENTED_EDGE('',*,*,#2267,.F.);
#2267 = EDGE_CURVE('',#2245,#2194,#2268,.T.);
#2268 = SURFACE_CURVE('',#2269,(#2274,#2281),.PCURVE_S1.);
#2269 = CIRCLE('',#2270,25.5);
#2270 = AXIS2_PLACEMENT_3D('',#2271,#2272,#2273);
#2271 = CARTESIAN_POINT('',(54.8,-2.8,-38.5));
#2272 = DIRECTION('',(0.,-0.,-1.));
#2273 = DIRECTION('',(1.,0.,-0.));
#2274 = PCURVE('',#2209,#2275);
#2275 = DEFINITIONAL_REPRESENTATION('',(#2276),#2280);
#2276 = LINE('',#2277,#2278);
#2277 = CARTESIAN_POINT('',(-0.,0.));
#2278 = VECTOR('',#2279,1.);
#2279 = DIRECTION('',(-1.,0.));
#2280 = ( GEOMETRIC_REPRESENTATION_CONTEXT(2) 
PARAMETRIC_REPRESENTATION_CONTEXT() REPRESENTATION_CONTEXT('2D SPACE',''
  ) );
#2281 = PCURVE('',#2282,#2287);
#2282 = CYLINDRICAL_SURFACE('',#2283,25.5);
#2283 = AXIS2_PLACEMENT_3D('',#2284,#2285,#2286);
#2284 = CARTESIAN_POINT('',(54.8,-2.8,-64.));
#2285 = DIRECTION('',(0.,0.,1.));
#2286 = DIRECTION('',(1.,0.,-0.));
#2287 = DEFINITIONAL_REPRESENTATION('',(#2288),#2292);
#2288 = LINE('',#2289,#2290);
#2289 = CARTESIAN_POINT('',(-0.,25.5));
#2290 = VECTOR('',#2291,1.);
#2291 = DIRECTION('',(-1.,0.));
#2292 = ( GEOMETRIC_REPRESENTATION_CONTEXT(2) 
PARAMETRIC_REPRESENTATION_CONTEXT() REPRESENTATION_CONTEXT('2D SPACE',''
  ) );
#2293 = ADVANCED_FACE('',(#2294),#2282,.F.);
#2294 = FACE_BOUND('',#2295,.T.);
#2295 = EDGE_LOOP('',(#2296,#2319,#2320,#2343,#2372));
#2296 = ORIENTED_EDGE('',*,*,#2297,.F.);
#2297 = EDGE_CURVE('',#2245,#2298,#2300,.T.);
#2298 = VERTEX_POINT('',#2299);
#2299 = CARTESIAN_POINT('',(80.3,-2.8,12.222643642375));
#2300 = SURFACE_CURVE('',#2301,(#2305,#2312),.PCURVE_S1.);
#2301 = LINE('',#2302,#2303);
#2302 = CARTESIAN_POINT('',(80.3,-2.8,-64.));
#2303 = VECTOR('',#2304,1.);
#2304 = DIRECTION('',(0.,0.,1.));
#2305 = PCURVE('',#2282,#2306);
#2306 = DEFINITIONAL_REPRESENTATION('',(#2307),#2311);
#2307 = LINE('',#2308,#2309);
#2308 = CARTESIAN_POINT('',(-0.,0.));
#2309 = VECTOR('',#2310,1.);
#2310 = DIRECTION('',(-0.,1.));
#2311 = ( GEOMETRIC_REPRESENTATION_CONTEXT(2) 
PARAMETRIC_REPRESENTATION_CONTEXT() REPRESENTATION_CONTEXT('2D SPACE',''
  ) );
#2312 = PCURVE('',#301,#2313);
#2313 = DEFINITIONAL_REPRESENTATION('',(#2314),#2318);
#2314 = LINE('',#2315,#2316);
#2315 = CARTESIAN_POINT('',(0.,-25.5));
#2316 = VECTOR('',#2317,1.);
#2317 = DIRECTION('',(1.,0.));
#2318 = ( GEOMETRIC_REPRESENTATION_CONTEXT(2) 
PARAMETRIC_REPRESENTATION_CONTEXT() REPRESENTATION_CONTEXT('2D SPACE',''
  ) );
#2319 = ORIENTED_EDGE('',*,*,#2267,.T.);
#2320 = ORIENTED_EDGE('',*,*,#2321,.T.);
#2321 = EDGE_CURVE('',#2194,#2322,#2324,.T.);
#2322 = VERTEX_POINT('',#2323);
#2323 = CARTESIAN_POINT('',(54.8,-28.3,26.5));
#2324 = SURFACE_CURVE('',#2325,(#2329,#2336),.PCURVE_S1.);
#2325 = LINE('',#2326,#2327);
#2326 = CARTESIAN_POINT('',(54.8,-28.3,-64.));
#2327 = VECTOR('',#2328,1.);
#2328 = DIRECTION('',(0.,0.,1.));
#2329 = PCURVE('',#2282,#2330);
#2330 = DEFINITIONAL_REPRESENTATION('',(#2331),#2335);
#2331 = LINE('',#2332,#2333);
#2332 = CARTESIAN_POINT('',(-1.570796326795,0.));
#2333 = VECTOR('',#2334,1.);
#2334 = DIRECTION('',(-0.,1.));
#2335 = ( GEOMETRIC_REPRESENTATION_CONTEXT(2) 
PARAMETRIC_REPRESENTATION_CONTEXT() REPRESENTATION_CONTEXT('2D SPACE',''
  ) );
#2336 = PCURVE('',#2101,#2337);
#2337 = DEFINITIONAL_REPRESENTATION('',(#2338),#2342);
#2338 = LINE('',#2339,#2340);
#2339 = CARTESIAN_POINT('',(0.,135.1));
#2340 = VECTOR('',#2341,1.);
#2341 = DIRECTION('',(1.,0.));
#2342 = ( GEOMETRIC_REPRESENTATION_CONTEXT(2) 
PARAMETRIC_REPRESENTATION_CONTEXT() REPRESENTATION_CONTEXT('2D SPACE',''
  ) );
#2343 = ORIENTED_EDGE('',*,*,#2344,.F.);
#2344 = EDGE_CURVE('',#2345,#2322,#2347,.T.);
#2345 = VERTEX_POINT('',#2346);
#2346 = CARTESIAN_POINT('',(68.107247076576,-24.55240619432,26.5));
#2347 = SURFACE_CURVE('',#2348,(#2353,#2360),.PCURVE_S1.);
#2348 = CIRCLE('',#2349,25.5);
#2349 = AXIS2_PLACEMENT_3D('',#2350,#2351,#2352);
#2350 = CARTESIAN_POINT('',(54.8,-2.8,26.5));
#2351 = DIRECTION('',(0.,0.,-1.));
#2352 = DIRECTION('',(1.,0.,0.));
#2353 = PCURVE('',#2282,#2354);
#2354 = DEFINITIONAL_REPRESENTATION('',(#2355),#2359);
#2355 = LINE('',#2356,#2357);
#2356 = CARTESIAN_POINT('',(-0.,90.5));
#2357 = VECTOR('',#2358,1.);
#2358 = DIRECTION('',(-1.,0.));
#2359 = ( GEOMETRIC_REPRESENTATION_CONTEXT(2) 
PARAMETRIC_REPRESENTATION_CONTEXT() REPRESENTATION_CONTEXT('2D SPACE',''
  ) );
#2360 = PCURVE('',#2361,#2366);
#2361 = SPHERICAL_SURFACE('',#2362,25.5);
#2362 = AXIS2_PLACEMENT_3D('',#2363,#2364,#2365);
#2363 = CARTESIAN_POINT('',(54.8,-2.8,26.5));
#2364 = DIRECTION('',(-0.,-0.,-1.));
#2365 = DIRECTION('',(1.,0.,0.));
#2366 = DEFINITIONAL_REPRESENTATION('',(#2367),#2371);
#2367 = LINE('',#2368,#2369);
#2368 = CARTESIAN_POINT('',(0.,0.));
#2369 = VECTOR('',#2370,1.);
#2370 = DIRECTION('',(1.,0.));
#2371 = ( GEOMETRIC_REPRESENTATION_CONTEXT(2) 
PARAMETRIC_REPRESENTATION_CONTEXT() REPRESENTATION_CONTEXT('2D SPACE',''
  ) );
#2372 = ORIENTED_EDGE('',*,*,#2373,.F.);
#2373 = EDGE_CURVE('',#2298,#2345,#2374,.T.);
#2374 = SURFACE_CURVE('',#2375,(#2413,#2454),.PCURVE_S1.);
#2375 = B_SPLINE_CURVE_WITH_KNOTS('',8,(#2376,#2377,#2378,#2379,#2380,
    #2381,#2382,#2383,#2384,#2385,#2386,#2387,#2388,#2389,#2390,#2391,
    #2392,#2393,#2394,#2395,#2396,#2397,#2398,#2399,#2400,#2401,#2402,
    #2403,#2404,#2405,#2406,#2407,#2408,#2409,#2410,#2411,#2412),
  .UNSPECIFIED.,.F.,.F.,(9,7,7,7,7,9),(0.,8.574082694565E-02,
    0.236113049491,0.399307747922,0.661845454364,1.),.UNSPECIFIED.);
#2376 = CARTESIAN_POINT('',(80.3,-2.8,12.222643642375));
#2377 = CARTESIAN_POINT('',(80.3,-3.157490266751,12.251171098509));
#2378 = CARTESIAN_POINT('',(80.294272322703,-3.516484989103,
    12.28418717506));
#2379 = CARTESIAN_POINT('',(80.282732425005,-3.875993949543,
    12.321693504946));
#2380 = CARTESIAN_POINT('',(80.265377795325,-4.235206396927,
    12.363647578399));
#2381 = CARTESIAN_POINT('',(80.242260359692,-4.593549522268,
    12.409987905082));
#2382 = CARTESIAN_POINT('',(80.213456776735,-4.950600019231,
    12.460648987725));
#2383 = CARTESIAN_POINT('',(80.179051578778,-5.306095860777,
    12.515574894147));
#2384 = CARTESIAN_POINT('',(80.069084823235,-6.280415192007,
    12.678479093786));
#2385 = CARTESIAN_POINT('',(79.982094034148,-6.895339997578,
    12.795172117095));
#2386 = CARTESIAN_POINT('',(79.878660618474,-7.503311446647,
    12.924482041372));
#2387 = CARTESIAN_POINT('',(79.759421093865,-8.103228476323,
    13.066032213146));
#2388 = CARTESIAN_POINT('',(79.625087019376,-8.694157331945,
    13.21942006835));
#2389 = CARTESIAN_POINT('',(79.476421614156,-9.275321761584,
    13.384228724445));
#2390 = CARTESIAN_POINT('',(79.314216332834,-9.846077536216,
    13.560038231705));
#2391 = CARTESIAN_POINT('',(78.94941241053,-11.01346829304,
    13.948726533824));
#2392 = CARTESIAN_POINT('',(78.744558714766,-11.60812811533,
    14.163477358537));
#2393 = CARTESIAN_POINT('',(78.525744485486,-12.18920642829,
    14.390152244502));
#2394 = CARTESIAN_POINT('',(78.294024563185,-12.7561764758,
    14.628216497206));
#2395 = CARTESIAN_POINT('',(78.05045488316,-13.30864244355,
    14.877145229533));
#2396 = CARTESIAN_POINT('',(77.79607611898,-13.84632544232,
    15.136430477451));
#2397 = CARTESIAN_POINT('',(77.531900719554,-14.36905219206,
    15.405587706669));
#2398 = CARTESIAN_POINT('',(76.819717499317,-15.69348645803,
    16.132318138038));
#2399 = CARTESIAN_POINT('',(76.357758109788,-16.4712042304,
    16.604785769216));
#2400 = CARTESIAN_POINT('',(75.877018314382,-17.20971205411,
    17.099733427008));
#2401 = CARTESIAN_POINT('',(75.38130326062,-17.90923998561,
    17.615456453362));
#2402 = CARTESIAN_POINT('',(74.874178407315,-18.57037317688,
    18.150391107706));
#2403 = CARTESIAN_POINT('',(74.358932021007,-19.19399263751,
    18.703134312164));
#2404 = CARTESIAN_POINT('',(73.838552735733,-19.78121602013,
    19.27247103226));
#2405 = CARTESIAN_POINT('',(72.642310240601,-21.04448356007,
    20.610825253389));
#2406 = CARTESIAN_POINT('',(71.965025497828,-21.69719302604,
    21.389909823491));
#2407 = CARTESIAN_POINT('',(71.289578074701,-22.29432358311,
    22.192556166877));
#2408 = CARTESIAN_POINT('',(70.621198493564,-22.83880743536,
    23.016865671048));
#2409 = CARTESIAN_POINT('',(69.96466050842,-23.33370222666,
    23.861136475279));
#2410 = CARTESIAN_POINT('',(69.324289014718,-23.78215866591,
    24.723874794107));
#2411 = CARTESIAN_POINT('',(68.703978710039,-24.18734980073,
    25.603823389287));
#2412 = CARTESIAN_POINT('',(68.107246677057,-24.55240643873,26.5000006)
  );
#2413 = PCURVE('',#2282,#2414);
#2414 = DEFINITIONAL_REPRESENTATION('',(#2415),#2453);
#2415 = B_SPLINE_CURVE_WITH_KNOTS('',8,(#2416,#2417,#2418,#2419,#2420,
    #2421,#2422,#2423,#2424,#2425,#2426,#2427,#2428,#2429,#2430,#2431,
    #2432,#2433,#2434,#2435,#2436,#2437,#2438,#2439,#2440,#2441,#2442,
    #2443,#2444,#2445,#2446,#2447,#2448,#2449,#2450,#2451,#2452),
  .UNSPECIFIED.,.F.,.F.,(9,7,7,7,7,9),(0.,8.574082694565E-02,
    0.236113049491,0.399307747922,0.661845454364,1.),.UNSPECIFIED.);
#2416 = CARTESIAN_POINT('',(0.,76.222643642375));
#2417 = CARTESIAN_POINT('',(-1.401922614708E-02,76.251171098509));
#2418 = CARTESIAN_POINT('',(-2.809745058702E-02,76.28418717506));
#2419 = CARTESIAN_POINT('',(-4.220003954031E-02,76.321693504946));
#2420 = CARTESIAN_POINT('',(-5.629954727669E-02,76.363647578399));
#2421 = CARTESIAN_POINT('',(-7.037778338073E-02,76.409987905082));
#2422 = CARTESIAN_POINT('',(-8.442225477142E-02,76.460648987725));
#2423 = CARTESIAN_POINT('',(-9.842663314243E-02,76.515574894147));
#2424 = CARTESIAN_POINT('',(-0.136877825441,76.678479093786));
#2425 = CARTESIAN_POINT('',(-0.161222982012,76.795172117095));
#2426 = CARTESIAN_POINT('',(-0.185391873329,76.924482041372));
#2427 = CARTESIAN_POINT('',(-0.20936006909,77.066032213146));
#2428 = CARTESIAN_POINT('',(-0.233107591502,77.21942006835));
#2429 = CARTESIAN_POINT('',(-0.256618414282,77.384228724445));
#2430 = CARTESIAN_POINT('',(-0.279879465378,77.560038231705));
#2431 = CARTESIAN_POINT('',(-0.327842719942,77.948726533824));
#2432 = CARTESIAN_POINT('',(-0.352497368764,78.163477358537));
#2433 = CARTESIAN_POINT('',(-0.376830650498,78.390152244502));
#2434 = CARTESIAN_POINT('',(-0.400831755831,78.628216497206));
#2435 = CARTESIAN_POINT('',(-0.424492128167,78.877145229533));
#2436 = CARTESIAN_POINT('',(-0.44780513402,79.136430477451));
#2437 = CARTESIAN_POINT('',(-0.470765914243,79.405587706669));
#2438 = CARTESIAN_POINT('',(-0.529737376125,80.132318138038));
#2439 = CARTESIAN_POINT('',(-0.565178594253,80.604785769216));
#2440 = CARTESIAN_POINT('',(-0.599687629325,81.099733427008));
#2441 = CARTESIAN_POINT('',(-0.633259385702,81.615456453362));
#2442 = CARTESIAN_POINT('',(-0.665890952524,82.150391107706));
#2443 = CARTESIAN_POINT('',(-0.697581882396,82.703134312164));
#2444 = CARTESIAN_POINT('',(-0.728334442786,83.27247103226));
#2445 = CARTESIAN_POINT('',(-0.796561183118,84.610825253389));
#2446 = CARTESIAN_POINT('',(-0.833409247269,85.389909823491));
#2447 = CARTESIAN_POINT('',(-0.868711484779,86.192556166877));
#2448 = CARTESIAN_POINT('',(-0.902467319433,87.016865671048));
#2449 = CARTESIAN_POINT('',(-0.934667860866,87.861136475279));
#2450 = CARTESIAN_POINT('',(-0.965298864743,88.723874794107));
#2451 = CARTESIAN_POINT('',(-0.994341874486,89.603823389287));
#2452 = CARTESIAN_POINT('',(-1.021774794824,90.5000006));
#2453 = ( GEOMETRIC_REPRESENTATION_CONTEXT(2) 
PARAMETRIC_REPRESENTATION_CONTEXT() REPRESENTATION_CONTEXT('2D SPACE',''
  ) );
#2454 = PCURVE('',#329,#2455);
#2455 = DEFINITIONAL_REPRESENTATION('',(#2456),#2494);
#2456 = B_SPLINE_CURVE_WITH_KNOTS('',8,(#2457,#2458,#2459,#2460,#2461,
    #2462,#2463,#2464,#2465,#2466,#2467,#2468,#2469,#2470,#2471,#2472,
    #2473,#2474,#2475,#2476,#2477,#2478,#2479,#2480,#2481,#2482,#2483,
    #2484,#2485,#2486,#2487,#2488,#2489,#2490,#2491,#2492,#2493),
  .UNSPECIFIED.,.F.,.F.,(9,7,7,7,7,9),(0.,8.574082694565E-02,
    0.236113049491,0.399307747922,0.661845454364,0.9999999717),
  .UNSPECIFIED.);
#2457 = CARTESIAN_POINT('',(5.430643109065,-1.465209143076));
#2458 = CARTESIAN_POINT('',(5.35863665667,-1.45647747109));
#2459 = CARTESIAN_POINT('',(5.298568202446,-1.447194060554));
#2460 = CARTESIAN_POINT('',(5.247580939753,-1.437539434278));
#2461 = CARTESIAN_POINT('',(5.203356130127,-1.427626790057));
#2462 = CARTESIAN_POINT('',(5.164479135552,-1.417527948708));
#2463 = CARTESIAN_POINT('',(5.129820838089,-1.407293784161));
#2464 = CARTESIAN_POINT('',(5.098598450439,-1.396957805368));
#2465 = CARTESIAN_POINT('',(5.020383713238,-1.368275524832));
#2466 = CARTESIAN_POINT('',(4.97927844894,-1.349775786668));
#2467 = CARTESIAN_POINT('',(4.943624778231,-1.331182589785));
#2468 = CARTESIAN_POINT('',(4.912005945833,-1.312557110237));
#2469 = CARTESIAN_POINT('',(4.883408541434,-1.29394562921));
#2470 = CARTESIAN_POINT('',(4.85722248903,-1.275375829746));
#2471 = CARTESIAN_POINT('',(4.832981146199,-1.256869229666));
#2472 = CARTESIAN_POINT('',(4.785797389384,-1.218440030017));
#2473 = CARTESIAN_POINT('',(4.763142619439,-1.198532333905));
#2474 = CARTESIAN_POINT('',(4.741964152099,-1.178736506804));
#2475 = CARTESIAN_POINT('',(4.721999913038,-1.159064213363));
#2476 = CARTESIAN_POINT('',(4.703063638594,-1.139523079645));
#2477 = CARTESIAN_POINT('',(4.685013191222,-1.120117981867));
#2478 = CARTESIAN_POINT('',(4.667742635165,-1.100851346683));
#2479 = CARTESIAN_POINT('',(4.624498177934,-1.050952353487));
#2480 = CARTESIAN_POINT('',(4.599629838129,-1.02054499233));
#2481 = CARTESIAN_POINT('',(4.576201689236,-0.99049882832));
#2482 = CARTESIAN_POINT('',(4.554006873137,-0.960805194245));
#2483 = CARTESIAN_POINT('',(4.53290110606,-0.931452128979));
#2484 = CARTESIAN_POINT('',(4.512774095627,-0.902424628051));
#2485 = CARTESIAN_POINT('',(4.493545410176,-0.873703860078));
#2486 = CARTESIAN_POINT('',(4.451451963172,-0.808638835246));
#2487 = CARTESIAN_POINT('',(4.429142045303,-0.772491869761));
#2488 = CARTESIAN_POINT('',(4.408075086148,-0.73677392744));
#2489 = CARTESIAN_POINT('',(4.388166129512,-0.701441370261));
#2490 = CARTESIAN_POINT('',(4.369358377805,-0.666454309466));
#2491 = CARTESIAN_POINT('',(4.351612009492,-0.63177398473));
#2492 = CARTESIAN_POINT('',(4.334901244948,-0.597360808895));
#2493 = CARTESIAN_POINT('',(4.319208939344,-0.56317194489));
#2494 = ( GEOMETRIC_REPRESENTATION_CONTEXT(2) 
PARAMETRIC_REPRESENTATION_CONTEXT() REPRESENTATION_CONTEXT('2D SPACE',''
  ) );
#2495 = ADVANCED_FACE('',(#2496),#2361,.F.);
#2496 = FACE_BOUND('',#2497,.F.);
#2497 = EDGE_LOOP('',(#2498,#2541,#2561));
#2498 = ORIENTED_EDGE('',*,*,#2499,.F.);
#2499 = EDGE_CURVE('',#2500,#2345,#2502,.T.);
#2500 = VERTEX_POINT('',#2501);
#2501 = CARTESIAN_POINT('',(54.8,-20.66400572308,44.696903569716));
#2502 = SURFACE_CURVE('',#2503,(#2508,#2528),.PCURVE_S1.);
#2503 = CIRCLE('',#2504,23.876239672458);
#2504 = AXIS2_PLACEMENT_3D('',#2505,#2506,#2507);
#2505 = CARTESIAN_POINT('',(62.078357814558,-2.033200846946,
    31.658750399611));
#2506 = DIRECTION('',(0.812855657781,8.563704146216E-02,0.576135380569)
  );
#2507 = DIRECTION('',(-0.57825967479,0.,0.815852773797));
#2508 = PCURVE('',#2361,#2509);
#2509 = DEFINITIONAL_REPRESENTATION('',(#2510),#2527);
#2510 = B_SPLINE_CURVE_WITH_KNOTS('',8,(#2511,#2512,#2513,#2514,#2515,
    #2516,#2517,#2518,#2519,#2520,#2521,#2522,#2523,#2524,#2525,#2526),
  .UNSPECIFIED.,.F.,.F.,(9,7,9),(0.899770834674,1.399356728043,
    1.898942621411),.UNSPECIFIED.);
#2511 = CARTESIAN_POINT('',(1.570796326795,-0.794629444498));
#2512 = CARTESIAN_POINT('',(1.529370147547,-0.743868042002));
#2513 = CARTESIAN_POINT('',(1.491024151974,-0.692853453806));
#2514 = CARTESIAN_POINT('',(1.454814096161,-0.641740334983));
#2515 = CARTESIAN_POINT('',(1.420137431287,-0.590635023643));
#2516 = CARTESIAN_POINT('',(1.386536928005,-0.539627275369));
#2517 = CARTESIAN_POINT('',(1.353655566161,-0.488796462765));
#2518 = CARTESIAN_POINT('',(1.321192722613,-0.438219370742));
#2519 = CARTESIAN_POINT('',(1.256579244738,-0.337728635882));
#2520 = CARTESIAN_POINT('',(1.224428572701,-0.287815000235));
#2521 = CARTESIAN_POINT('',(1.192171498858,-0.23831111927));
#2522 = CARTESIAN_POINT('',(1.15958235225,-0.189296509242));
#2523 = CARTESIAN_POINT('',(1.126452046369,-0.1408565053));
#2524 = CARTESIAN_POINT('',(1.092576941349,-9.308582527646E-02));
#2525 = CARTESIAN_POINT('',(1.057753415057,-4.60920876984E-02));
#2526 = CARTESIAN_POINT('',(1.021774776457,1.39322105051E-16));
#2527 = ( GEOMETRIC_REPRESENTATION_CONTEXT(2) 
PARAMETRIC_REPRESENTATION_CONTEXT() REPRESENTATION_CONTEXT('2D SPACE',''
  ) );
#2528 = PCURVE('',#329,#2529);
#2529 = DEFINITIONAL_REPRESENTATION('',(#2530),#2540);
#2530 = B_SPLINE_CURVE_WITH_KNOTS('',8,(#2531,#2532,#2533,#2534,#2535,
    #2536,#2537,#2538,#2539),.UNSPECIFIED.,.F.,.F.,(9,9),(0.899770834674
    ,1.898942621411),.PIECEWISE_BEZIER_KNOTS.);
#2531 = CARTESIAN_POINT('',(3.857815434743,5.315094350693E-02));
#2532 = CARTESIAN_POINT('',(3.934220316504,-5.435144382311E-03));
#2533 = CARTESIAN_POINT('',(4.004739721991,-7.132115560299E-02));
#2534 = CARTESIAN_POINT('',(4.069390541241,-0.143330026802));
#2535 = CARTESIAN_POINT('',(4.128584357677,-0.22036385168));
#2536 = CARTESIAN_POINT('',(4.182840191292,-0.301533507392));
#2537 = CARTESIAN_POINT('',(4.232558069244,-0.386109835809));
#2538 = CARTESIAN_POINT('',(4.278047603767,-0.473493643949));
#2539 = CARTESIAN_POINT('',(4.319208939344,-0.56317194489));
#2540 = ( GEOMETRIC_REPRESENTATION_CONTEXT(2) 
PARAMETRIC_REPRESENTATION_CONTEXT() REPRESENTATION_CONTEXT('2D SPACE',''
  ) );
#2541 = ORIENTED_EDGE('',*,*,#2542,.T.);
#2542 = EDGE_CURVE('',#2500,#2322,#2543,.T.);
#2543 = SURFACE_CURVE('',#2544,(#2549,#2555),.PCURVE_S1.);
#2544 = CIRCLE('',#2545,25.5);
#2545 = AXIS2_PLACEMENT_3D('',#2546,#2547,#2548);
#2546 = CARTESIAN_POINT('',(54.8,-2.8,26.5));
#2547 = DIRECTION('',(1.,6.123233995737E-17,0.));
#2548 = DIRECTION('',(6.123233995737E-17,-1.,0.));
#2549 = PCURVE('',#2361,#2550);
#2550 = DEFINITIONAL_REPRESENTATION('',(#2551),#2554);
#2551 = B_SPLINE_CURVE_WITH_KNOTS('',1,(#2552,#2553),.UNSPECIFIED.,.F.,
  .F.,(2,2),(4.712388980385,6.28318530718),.PIECEWISE_BEZIER_KNOTS.);
#2552 = CARTESIAN_POINT('',(1.570796326795,-1.570796326795));
#2553 = CARTESIAN_POINT('',(1.570796326795,0.));
#2554 = ( GEOMETRIC_REPRESENTATION_CONTEXT(2) 
PARAMETRIC_REPRESENTATION_CONTEXT() REPRESENTATION_CONTEXT('2D SPACE',''
  ) );
#2555 = PCURVE('',#1345,#2556);
#2556 = DEFINITIONAL_REPRESENTATION('',(#2557),#2560);
#2557 = B_SPLINE_CURVE_WITH_KNOTS('',1,(#2558,#2559),.UNSPECIFIED.,.F.,
  .F.,(2,2),(4.712388980385,6.28318530718),.PIECEWISE_BEZIER_KNOTS.);
#2558 = CARTESIAN_POINT('',(-1.570796326795,135.1));
#2559 = CARTESIAN_POINT('',(0.,135.1));
#2560 = ( GEOMETRIC_REPRESENTATION_CONTEXT(2) 
PARAMETRIC_REPRESENTATION_CONTEXT() REPRESENTATION_CONTEXT('2D SPACE',''
  ) );
#2561 = ORIENTED_EDGE('',*,*,#2344,.F.);
#2562 = ADVANCED_FACE('',(#2563),#2101,.T.);
#2563 = FACE_BOUND('',#2564,.T.);
#2564 = EDGE_LOOP('',(#2565,#2566,#2587,#2588));
#2565 = ORIENTED_EDGE('',*,*,#2087,.T.);
#2566 = ORIENTED_EDGE('',*,*,#2567,.T.);
#2567 = EDGE_CURVE('',#1989,#2322,#2568,.T.);
#2568 = SURFACE_CURVE('',#2569,(#2573,#2580),.PCURVE_S1.);
#2569 = LINE('',#2570,#2571);
#2570 = CARTESIAN_POINT('',(-80.3,-28.3,26.5));
#2571 = VECTOR('',#2572,1.);
#2572 = DIRECTION('',(1.,0.,-0.));
#2573 = PCURVE('',#2101,#2574);
#2574 = DEFINITIONAL_REPRESENTATION('',(#2575),#2579);
#2575 = LINE('',#2576,#2577);
#2576 = CARTESIAN_POINT('',(90.5,0.));
#2577 = VECTOR('',#2578,1.);
#2578 = DIRECTION('',(0.,1.));
#2579 = ( GEOMETRIC_REPRESENTATION_CONTEXT(2) 
PARAMETRIC_REPRESENTATION_CONTEXT() REPRESENTATION_CONTEXT('2D SPACE',''
  ) );
#2580 = PCURVE('',#1345,#2581);
#2581 = DEFINITIONAL_REPRESENTATION('',(#2582),#2586);
#2582 = LINE('',#2583,#2584);
#2583 = CARTESIAN_POINT('',(-0.,0.));
#2584 = VECTOR('',#2585,1.);
#2585 = DIRECTION('',(-0.,1.));
#2586 = ( GEOMETRIC_REPRESENTATION_CONTEXT(2) 
PARAMETRIC_REPRESENTATION_CONTEXT() REPRESENTATION_CONTEXT('2D SPACE',''
  ) );
#2587 = ORIENTED_EDGE('',*,*,#2321,.F.);
#2588 = ORIENTED_EDGE('',*,*,#2220,.F.);
#2589 = ADVANCED_FACE('',(#2590),#1664,.T.);
#2590 = FACE_BOUND('',#2591,.T.);
#2591 = EDGE_LOOP('',(#2592,#2615,#2644,#2672,#2694));
#2592 = ORIENTED_EDGE('',*,*,#2593,.F.);
#2593 = EDGE_CURVE('',#2594,#1591,#2596,.T.);
#2594 = VERTEX_POINT('',#2595);
#2595 = CARTESIAN_POINT('',(-85.,-3.,-41.));
#2596 = SURFACE_CURVE('',#2597,(#2601,#2608),.PCURVE_S1.);
#2597 = LINE('',#2598,#2599);
#2598 = CARTESIAN_POINT('',(-85.,-3.,-71.));
#2599 = VECTOR('',#2600,1.);
#2600 = DIRECTION('',(0.,0.,1.));
#2601 = PCURVE('',#1664,#2602);
#2602 = DEFINITIONAL_REPRESENTATION('',(#2603),#2607);
#2603 = LINE('',#2604,#2605);
#2604 = CARTESIAN_POINT('',(0.,0.));
#2605 = VECTOR('',#2606,1.);
#2606 = DIRECTION('',(0.,1.));
#2607 = ( GEOMETRIC_REPRESENTATION_CONTEXT(2) 
PARAMETRIC_REPRESENTATION_CONTEXT() REPRESENTATION_CONTEXT('2D SPACE',''
  ) );
#2608 = PCURVE('',#43,#2609);
#2609 = DEFINITIONAL_REPRESENTATION('',(#2610),#2614);
#2610 = LINE('',#2611,#2612);
#2611 = CARTESIAN_POINT('',(0.,-30.));
#2612 = VECTOR('',#2613,1.);
#2613 = DIRECTION('',(1.,0.));
#2614 = ( GEOMETRIC_REPRESENTATION_CONTEXT(2) 
PARAMETRIC_REPRESENTATION_CONTEXT() REPRESENTATION_CONTEXT('2D SPACE',''
  ) );
#2615 = ORIENTED_EDGE('',*,*,#2616,.T.);
#2616 = EDGE_CURVE('',#2594,#2617,#2619,.T.);
#2617 = VERTEX_POINT('',#2618);
#2618 = CARTESIAN_POINT('',(-55.,-33.,-41.));
#2619 = SURFACE_CURVE('',#2620,(#2625,#2632),.PCURVE_S1.);
#2620 = CIRCLE('',#2621,30.);
#2621 = AXIS2_PLACEMENT_3D('',#2622,#2623,#2624);
#2622 = CARTESIAN_POINT('',(-55.,-3.,-41.));
#2623 = DIRECTION('',(0.,0.,1.));
#2624 = DIRECTION('',(-1.,0.,0.));
#2625 = PCURVE('',#1664,#2626);
#2626 = DEFINITIONAL_REPRESENTATION('',(#2627),#2631);
#2627 = LINE('',#2628,#2629);
#2628 = CARTESIAN_POINT('',(0.,30.));
#2629 = VECTOR('',#2630,1.);
#2630 = DIRECTION('',(1.,0.));
#2631 = ( GEOMETRIC_REPRESENTATION_CONTEXT(2) 
PARAMETRIC_REPRESENTATION_CONTEXT() REPRESENTATION_CONTEXT('2D SPACE',''
  ) );
#2632 = PCURVE('',#2633,#2638);
#2633 = SPHERICAL_SURFACE('',#2634,30.);
#2634 = AXIS2_PLACEMENT_3D('',#2635,#2636,#2637);
#2635 = CARTESIAN_POINT('',(-55.,-3.,-41.));
#2636 = DIRECTION('',(0.,0.,1.));
#2637 = DIRECTION('',(-1.,0.,0.));
#2638 = DEFINITIONAL_REPRESENTATION('',(#2639),#2643);
#2639 = LINE('',#2640,#2641);
#2640 = CARTESIAN_POINT('',(0.,0.));
#2641 = VECTOR('',#2642,1.);
#2642 = DIRECTION('',(1.,0.));
#2643 = ( GEOMETRIC_REPRESENTATION_CONTEXT(2) 
PARAMETRIC_REPRESENTATION_CONTEXT() REPRESENTATION_CONTEXT('2D SPACE',''
  ) );
#2644 = ORIENTED_EDGE('',*,*,#2645,.T.);
#2645 = EDGE_CURVE('',#2617,#2646,#2648,.T.);
#2646 = VERTEX_POINT('',#2647);
#2647 = CARTESIAN_POINT('',(-55.,-33.,29.));
#2648 = SURFACE_CURVE('',#2649,(#2653,#2660),.PCURVE_S1.);
#2649 = LINE('',#2650,#2651);
#2650 = CARTESIAN_POINT('',(-55.,-33.,-71.));
#2651 = VECTOR('',#2652,1.);
#2652 = DIRECTION('',(0.,0.,1.));
#2653 = PCURVE('',#1664,#2654);
#2654 = DEFINITIONAL_REPRESENTATION('',(#2655),#2659);
#2655 = LINE('',#2656,#2657);
#2656 = CARTESIAN_POINT('',(1.570796326795,0.));
#2657 = VECTOR('',#2658,1.);
#2658 = DIRECTION('',(0.,1.));
#2659 = ( GEOMETRIC_REPRESENTATION_CONTEXT(2) 
PARAMETRIC_REPRESENTATION_CONTEXT() REPRESENTATION_CONTEXT('2D SPACE',''
  ) );
#2660 = PCURVE('',#2661,#2666);
#2661 = PLANE('',#2662);
#2662 = AXIS2_PLACEMENT_3D('',#2663,#2664,#2665);
#2663 = CARTESIAN_POINT('',(-85.,-33.,-71.));
#2664 = DIRECTION('',(-0.,1.,0.));
#2665 = DIRECTION('',(0.,0.,1.));
#2666 = DEFINITIONAL_REPRESENTATION('',(#2667),#2671);
#2667 = LINE('',#2668,#2669);
#2668 = CARTESIAN_POINT('',(0.,30.));
#2669 = VECTOR('',#2670,1.);
#2670 = DIRECTION('',(1.,0.));
#2671 = ( GEOMETRIC_REPRESENTATION_CONTEXT(2) 
PARAMETRIC_REPRESENTATION_CONTEXT() REPRESENTATION_CONTEXT('2D SPACE',''
  ) );
#2672 = ORIENTED_EDGE('',*,*,#2673,.F.);
#2673 = EDGE_CURVE('',#1529,#2646,#2674,.T.);
#2674 = SURFACE_CURVE('',#2675,(#2680,#2687),.PCURVE_S1.);
#2675 = CIRCLE('',#2676,30.);
#2676 = AXIS2_PLACEMENT_3D('',#2677,#2678,#2679);
#2677 = CARTESIAN_POINT('',(-55.,-3.,29.));
#2678 = DIRECTION('',(0.,0.,1.));
#2679 = DIRECTION('',(-1.,0.,0.));
#2680 = PCURVE('',#1664,#2681);
#2681 = DEFINITIONAL_REPRESENTATION('',(#2682),#2686);
#2682 = LINE('',#2683,#2684);
#2683 = CARTESIAN_POINT('',(0.,100.));
#2684 = VECTOR('',#2685,1.);
#2685 = DIRECTION('',(1.,0.));
#2686 = ( GEOMETRIC_REPRESENTATION_CONTEXT(2) 
PARAMETRIC_REPRESENTATION_CONTEXT() REPRESENTATION_CONTEXT('2D SPACE',''
  ) );
#2687 = PCURVE('',#1558,#2688);
#2688 = DEFINITIONAL_REPRESENTATION('',(#2689),#2693);
#2689 = LINE('',#2690,#2691);
#2690 = CARTESIAN_POINT('',(-0.,0.));
#2691 = VECTOR('',#2692,1.);
#2692 = DIRECTION('',(-1.,0.));
#2693 = ( GEOMETRIC_REPRESENTATION_CONTEXT(2) 
PARAMETRIC_REPRESENTATION_CONTEXT() REPRESENTATION_CONTEXT('2D SPACE',''
  ) );
#2694 = ORIENTED_EDGE('',*,*,#1590,.F.);
#2695 = ADVANCED_FACE('',(#2696),#2633,.T.);
#2696 = FACE_BOUND('',#2697,.T.);
#2697 = EDGE_LOOP('',(#2698,#2720,#2745));
#2698 = ORIENTED_EDGE('',*,*,#2699,.F.);
#2699 = EDGE_CURVE('',#2700,#2594,#2702,.T.);
#2700 = VERTEX_POINT('',#2701);
#2701 = CARTESIAN_POINT('',(-55.,-3.,-71.));
#2702 = SURFACE_CURVE('',#2703,(#2708,#2714),.PCURVE_S1.);
#2703 = CIRCLE('',#2704,30.);
#2704 = AXIS2_PLACEMENT_3D('',#2705,#2706,#2707);
#2705 = CARTESIAN_POINT('',(-55.,-3.,-41.));
#2706 = DIRECTION('',(0.,1.,-0.));
#2707 = DIRECTION('',(-1.,0.,0.));
#2708 = PCURVE('',#2633,#2709);
#2709 = DEFINITIONAL_REPRESENTATION('',(#2710),#2713);
#2710 = B_SPLINE_CURVE_WITH_KNOTS('',1,(#2711,#2712),.UNSPECIFIED.,.F.,
  .F.,(2,2),(4.712388980385,6.28318530718),.PIECEWISE_BEZIER_KNOTS.);
#2711 = CARTESIAN_POINT('',(0.,-1.570796326795));
#2712 = CARTESIAN_POINT('',(0.,0.));
#2713 = ( GEOMETRIC_REPRESENTATION_CONTEXT(2) 
PARAMETRIC_REPRESENTATION_CONTEXT() REPRESENTATION_CONTEXT('2D SPACE',''
  ) );
#2714 = PCURVE('',#501,#2715);
#2715 = DEFINITIONAL_REPRESENTATION('',(#2716),#2719);
#2716 = B_SPLINE_CURVE_WITH_KNOTS('',1,(#2717,#2718),.UNSPECIFIED.,.F.,
  .F.,(2,2),(4.712388980385,6.28318530718),.PIECEWISE_BEZIER_KNOTS.);
#2717 = CARTESIAN_POINT('',(-1.570796326795,30.));
#2718 = CARTESIAN_POINT('',(0.,30.));
#2719 = ( GEOMETRIC_REPRESENTATION_CONTEXT(2) 
PARAMETRIC_REPRESENTATION_CONTEXT() REPRESENTATION_CONTEXT('2D SPACE',''
  ) );
#2720 = ORIENTED_EDGE('',*,*,#2721,.T.);
#2721 = EDGE_CURVE('',#2700,#2617,#2722,.T.);
#2722 = SURFACE_CURVE('',#2723,(#2728,#2734),.PCURVE_S1.);
#2723 = CIRCLE('',#2724,30.);
#2724 = AXIS2_PLACEMENT_3D('',#2725,#2726,#2727);
#2725 = CARTESIAN_POINT('',(-55.,-3.,-41.));
#2726 = DIRECTION('',(-1.,2.832769448824E-16,0.));
#2727 = DIRECTION('',(-2.832769448824E-16,-1.,0.));
#2728 = PCURVE('',#2633,#2729);
#2729 = DEFINITIONAL_REPRESENTATION('',(#2730),#2733);
#2730 = B_SPLINE_CURVE_WITH_KNOTS('',1,(#2731,#2732),.UNSPECIFIED.,.F.,
  .F.,(2,2),(4.712388980385,6.28318530718),.PIECEWISE_BEZIER_KNOTS.);
#2731 = CARTESIAN_POINT('',(1.570796326795,-1.570796326795));
#2732 = CARTESIAN_POINT('',(1.570796326795,0.));
#2733 = ( GEOMETRIC_REPRESENTATION_CONTEXT(2) 
PARAMETRIC_REPRESENTATION_CONTEXT() REPRESENTATION_CONTEXT('2D SPACE',''
  ) );
#2734 = PCURVE('',#2735,#2740);
#2735 = CYLINDRICAL_SURFACE('',#2736,30.);
#2736 = AXIS2_PLACEMENT_3D('',#2737,#2738,#2739);
#2737 = CARTESIAN_POINT('',(-85.,-3.,-41.));
#2738 = DIRECTION('',(1.,0.,-0.));
#2739 = DIRECTION('',(0.,-1.,0.));
#2740 = DEFINITIONAL_REPRESENTATION('',(#2741),#2744);
#2741 = B_SPLINE_CURVE_WITH_KNOTS('',1,(#2742,#2743),.UNSPECIFIED.,.F.,
  .F.,(2,2),(4.712388980385,6.28318530718),.PIECEWISE_BEZIER_KNOTS.);
#2742 = CARTESIAN_POINT('',(1.570796326795,30.));
#2743 = CARTESIAN_POINT('',(0.,30.));
#2744 = ( GEOMETRIC_REPRESENTATION_CONTEXT(2) 
PARAMETRIC_REPRESENTATION_CONTEXT() REPRESENTATION_CONTEXT('2D SPACE',''
  ) );
#2745 = ORIENTED_EDGE('',*,*,#2616,.F.);
#2746 = ADVANCED_FACE('',(#2747),#2735,.T.);
#2747 = FACE_BOUND('',#2748,.T.);
#2748 = EDGE_LOOP('',(#2749,#2750,#2773,#2800));
#2749 = ORIENTED_EDGE('',*,*,#2721,.F.);
#2750 = ORIENTED_EDGE('',*,*,#2751,.T.);
#2751 = EDGE_CURVE('',#2700,#2752,#2754,.T.);
#2752 = VERTEX_POINT('',#2753);
#2753 = CARTESIAN_POINT('',(55.,-3.,-71.));
#2754 = SURFACE_CURVE('',#2755,(#2759,#2766),.PCURVE_S1.);
#2755 = LINE('',#2756,#2757);
#2756 = CARTESIAN_POINT('',(-85.,-3.,-71.));
#2757 = VECTOR('',#2758,1.);
#2758 = DIRECTION('',(1.,0.,-0.));
#2759 = PCURVE('',#2735,#2760);
#2760 = DEFINITIONAL_REPRESENTATION('',(#2761),#2765);
#2761 = LINE('',#2762,#2763);
#2762 = CARTESIAN_POINT('',(1.570796326795,0.));
#2763 = VECTOR('',#2764,1.);
#2764 = DIRECTION('',(0.,1.));
#2765 = ( GEOMETRIC_REPRESENTATION_CONTEXT(2) 
PARAMETRIC_REPRESENTATION_CONTEXT() REPRESENTATION_CONTEXT('2D SPACE',''
  ) );
#2766 = PCURVE('',#473,#2767);
#2767 = DEFINITIONAL_REPRESENTATION('',(#2768),#2772);
#2768 = LINE('',#2769,#2770);
#2769 = CARTESIAN_POINT('',(0.,30.));
#2770 = VECTOR('',#2771,1.);
#2771 = DIRECTION('',(1.,0.));
#2772 = ( GEOMETRIC_REPRESENTATION_CONTEXT(2) 
PARAMETRIC_REPRESENTATION_CONTEXT() REPRESENTATION_CONTEXT('2D SPACE',''
  ) );
#2773 = ORIENTED_EDGE('',*,*,#2774,.T.);
#2774 = EDGE_CURVE('',#2752,#2775,#2777,.T.);
#2775 = VERTEX_POINT('',#2776);
#2776 = CARTESIAN_POINT('',(55.,-33.,-41.));
#2777 = SURFACE_CURVE('',#2778,(#2783,#2789),.PCURVE_S1.);
#2778 = CIRCLE('',#2779,30.);
#2779 = AXIS2_PLACEMENT_3D('',#2780,#2781,#2782);
#2780 = CARTESIAN_POINT('',(55.,-3.,-41.));
#2781 = DIRECTION('',(-1.,-2.832769448824E-16,0.));
#2782 = DIRECTION('',(2.832769448824E-16,-1.,-0.));
#2783 = PCURVE('',#2735,#2784);
#2784 = DEFINITIONAL_REPRESENTATION('',(#2785),#2788);
#2785 = B_SPLINE_CURVE_WITH_KNOTS('',1,(#2786,#2787),.UNSPECIFIED.,.F.,
  .F.,(2,2),(4.712388980385,6.28318530718),.PIECEWISE_BEZIER_KNOTS.);
#2786 = CARTESIAN_POINT('',(1.570796326795,140.));
#2787 = CARTESIAN_POINT('',(0.,140.));
#2788 = ( GEOMETRIC_REPRESENTATION_CONTEXT(2) 
PARAMETRIC_REPRESENTATION_CONTEXT() REPRESENTATION_CONTEXT('2D SPACE',''
  ) );
#2789 = PCURVE('',#2790,#2795);
#2790 = SPHERICAL_SURFACE('',#2791,30.);
#2791 = AXIS2_PLACEMENT_3D('',#2792,#2793,#2794);
#2792 = CARTESIAN_POINT('',(55.,-3.,-41.));
#2793 = DIRECTION('',(0.,0.,1.));
#2794 = DIRECTION('',(1.,0.,-0.));
#2795 = DEFINITIONAL_REPRESENTATION('',(#2796),#2799);
#2796 = B_SPLINE_CURVE_WITH_KNOTS('',1,(#2797,#2798),.UNSPECIFIED.,.F.,
  .F.,(2,2),(4.712388980385,6.28318530718),.PIECEWISE_BEZIER_KNOTS.);
#2797 = CARTESIAN_POINT('',(-1.570796326795,-1.570796326795));
#2798 = CARTESIAN_POINT('',(-1.570796326795,0.));
#2799 = ( GEOMETRIC_REPRESENTATION_CONTEXT(2) 
PARAMETRIC_REPRESENTATION_CONTEXT() REPRESENTATION_CONTEXT('2D SPACE',''
  ) );
#2800 = ORIENTED_EDGE('',*,*,#2801,.F.);
#2801 = EDGE_CURVE('',#2617,#2775,#2802,.T.);
#2802 = SURFACE_CURVE('',#2803,(#2807,#2814),.PCURVE_S1.);
#2803 = LINE('',#2804,#2805);
#2804 = CARTESIAN_POINT('',(-85.,-33.,-41.));
#2805 = VECTOR('',#2806,1.);
#2806 = DIRECTION('',(1.,0.,-0.));
#2807 = PCURVE('',#2735,#2808);
#2808 = DEFINITIONAL_REPRESENTATION('',(#2809),#2813);
#2809 = LINE('',#2810,#2811);
#2810 = CARTESIAN_POINT('',(0.,0.));
#2811 = VECTOR('',#2812,1.);
#2812 = DIRECTION('',(0.,1.));
#2813 = ( GEOMETRIC_REPRESENTATION_CONTEXT(2) 
PARAMETRIC_REPRESENTATION_CONTEXT() REPRESENTATION_CONTEXT('2D SPACE',''
  ) );
#2814 = PCURVE('',#2661,#2815);
#2815 = DEFINITIONAL_REPRESENTATION('',(#2816),#2820);
#2816 = LINE('',#2817,#2818);
#2817 = CARTESIAN_POINT('',(30.,0.));
#2818 = VECTOR('',#2819,1.);
#2819 = DIRECTION('',(0.,1.));
#2820 = ( GEOMETRIC_REPRESENTATION_CONTEXT(2) 
PARAMETRIC_REPRESENTATION_CONTEXT() REPRESENTATION_CONTEXT('2D SPACE',''
  ) );
#2821 = ADVANCED_FACE('',(#2822),#2790,.T.);
#2822 = FACE_BOUND('',#2823,.F.);
#2823 = EDGE_LOOP('',(#2824,#2846,#2847));
#2824 = ORIENTED_EDGE('',*,*,#2825,.F.);
#2825 = EDGE_CURVE('',#2752,#2826,#2828,.T.);
#2826 = VERTEX_POINT('',#2827);
#2827 = CARTESIAN_POINT('',(85.,-3.,-41.));
#2828 = SURFACE_CURVE('',#2829,(#2834,#2840),.PCURVE_S1.);
#2829 = CIRCLE('',#2830,30.);
#2830 = AXIS2_PLACEMENT_3D('',#2831,#2832,#2833);
#2831 = CARTESIAN_POINT('',(55.,-3.,-41.));
#2832 = DIRECTION('',(0.,-1.,0.));
#2833 = DIRECTION('',(1.,0.,0.));
#2834 = PCURVE('',#2790,#2835);
#2835 = DEFINITIONAL_REPRESENTATION('',(#2836),#2839);
#2836 = B_SPLINE_CURVE_WITH_KNOTS('',1,(#2837,#2838),.UNSPECIFIED.,.F.,
  .F.,(2,2),(4.712388980385,6.28318530718),.PIECEWISE_BEZIER_KNOTS.);
#2837 = CARTESIAN_POINT('',(0.,-1.570796326795));
#2838 = CARTESIAN_POINT('',(0.,0.));
#2839 = ( GEOMETRIC_REPRESENTATION_CONTEXT(2) 
PARAMETRIC_REPRESENTATION_CONTEXT() REPRESENTATION_CONTEXT('2D SPACE',''
  ) );
#2840 = PCURVE('',#446,#2841);
#2841 = DEFINITIONAL_REPRESENTATION('',(#2842),#2845);
#2842 = B_SPLINE_CURVE_WITH_KNOTS('',1,(#2843,#2844),.UNSPECIFIED.,.F.,
  .F.,(2,2),(4.712388980385,6.28318530718),.PIECEWISE_BEZIER_KNOTS.);
#2843 = CARTESIAN_POINT('',(1.570796326795,30.));
#2844 = CARTESIAN_POINT('',(0.,30.));
#2845 = ( GEOMETRIC_REPRESENTATION_CONTEXT(2) 
PARAMETRIC_REPRESENTATION_CONTEXT() REPRESENTATION_CONTEXT('2D SPACE',''
  ) );
#2846 = ORIENTED_EDGE('',*,*,#2774,.T.);
#2847 = ORIENTED_EDGE('',*,*,#2848,.F.);
#2848 = EDGE_CURVE('',#2826,#2775,#2849,.T.);
#2849 = SURFACE_CURVE('',#2850,(#2855,#2862),.PCURVE_S1.);
#2850 = CIRCLE('',#2851,30.);
#2851 = AXIS2_PLACEMENT_3D('',#2852,#2853,#2854);
#2852 = CARTESIAN_POINT('',(55.,-3.,-41.));
#2853 = DIRECTION('',(0.,-0.,-1.));
#2854 = DIRECTION('',(1.,0.,-0.));
#2855 = PCURVE('',#2790,#2856);
#2856 = DEFINITIONAL_REPRESENTATION('',(#2857),#2861);
#2857 = LINE('',#2858,#2859);
#2858 = CARTESIAN_POINT('',(-0.,0.));
#2859 = VECTOR('',#2860,1.);
#2860 = DIRECTION('',(-1.,0.));
#2861 = ( GEOMETRIC_REPRESENTATION_CONTEXT(2) 
PARAMETRIC_REPRESENTATION_CONTEXT() REPRESENTATION_CONTEXT('2D SPACE',''
  ) );
#2862 = PCURVE('',#2863,#2868);
#2863 = CYLINDRICAL_SURFACE('',#2864,30.);
#2864 = AXIS2_PLACEMENT_3D('',#2865,#2866,#2867);
#2865 = CARTESIAN_POINT('',(55.,-3.,-71.));
#2866 = DIRECTION('',(0.,0.,1.));
#2867 = DIRECTION('',(1.,0.,-0.));
#2868 = DEFINITIONAL_REPRESENTATION('',(#2869),#2873);
#2869 = LINE('',#2870,#2871);
#2870 = CARTESIAN_POINT('',(-0.,30.));
#2871 = VECTOR('',#2872,1.);
#2872 = DIRECTION('',(-1.,0.));
#2873 = ( GEOMETRIC_REPRESENTATION_CONTEXT(2) 
PARAMETRIC_REPRESENTATION_CONTEXT() REPRESENTATION_CONTEXT('2D SPACE',''
  ) );
#2874 = ADVANCED_FACE('',(#2875),#2863,.T.);
#2875 = FACE_BOUND('',#2876,.F.);
#2876 = EDGE_LOOP('',(#2877,#2900,#2901,#2924,#2953));
#2877 = ORIENTED_EDGE('',*,*,#2878,.F.);
#2878 = EDGE_CURVE('',#2826,#2879,#2881,.T.);
#2879 = VERTEX_POINT('',#2880);
#2880 = CARTESIAN_POINT('',(85.,-3.,12.933527763033));
#2881 = SURFACE_CURVE('',#2882,(#2886,#2893),.PCURVE_S1.);
#2882 = LINE('',#2883,#2884);
#2883 = CARTESIAN_POINT('',(85.,-3.,-71.));
#2884 = VECTOR('',#2885,1.);
#2885 = DIRECTION('',(0.,0.,1.));
#2886 = PCURVE('',#2863,#2887);
#2887 = DEFINITIONAL_REPRESENTATION('',(#2888),#2892);
#2888 = LINE('',#2889,#2890);
#2889 = CARTESIAN_POINT('',(-0.,0.));
#2890 = VECTOR('',#2891,1.);
#2891 = DIRECTION('',(-0.,1.));
#2892 = ( GEOMETRIC_REPRESENTATION_CONTEXT(2) 
PARAMETRIC_REPRESENTATION_CONTEXT() REPRESENTATION_CONTEXT('2D SPACE',''
  ) );
#2893 = PCURVE('',#389,#2894);
#2894 = DEFINITIONAL_REPRESENTATION('',(#2895),#2899);
#2895 = LINE('',#2896,#2897);
#2896 = CARTESIAN_POINT('',(0.,-30.));
#2897 = VECTOR('',#2898,1.);
#2898 = DIRECTION('',(1.,0.));
#2899 = ( GEOMETRIC_REPRESENTATION_CONTEXT(2) 
PARAMETRIC_REPRESENTATION_CONTEXT() REPRESENTATION_CONTEXT('2D SPACE',''
  ) );
#2900 = ORIENTED_EDGE('',*,*,#2848,.T.);
#2901 = ORIENTED_EDGE('',*,*,#2902,.T.);
#2902 = EDGE_CURVE('',#2775,#2903,#2905,.T.);
#2903 = VERTEX_POINT('',#2904);
#2904 = CARTESIAN_POINT('',(55.,-33.,29.));
#2905 = SURFACE_CURVE('',#2906,(#2910,#2917),.PCURVE_S1.);
#2906 = LINE('',#2907,#2908);
#2907 = CARTESIAN_POINT('',(55.,-33.,-71.));
#2908 = VECTOR('',#2909,1.);
#2909 = DIRECTION('',(0.,0.,1.));
#2910 = PCURVE('',#2863,#2911);
#2911 = DEFINITIONAL_REPRESENTATION('',(#2912),#2916);
#2912 = LINE('',#2913,#2914);
#2913 = CARTESIAN_POINT('',(-1.570796326795,0.));
#2914 = VECTOR('',#2915,1.);
#2915 = DIRECTION('',(-0.,1.));
#2916 = ( GEOMETRIC_REPRESENTATION_CONTEXT(2) 
PARAMETRIC_REPRESENTATION_CONTEXT() REPRESENTATION_CONTEXT('2D SPACE',''
  ) );
#2917 = PCURVE('',#2661,#2918);
#2918 = DEFINITIONAL_REPRESENTATION('',(#2919),#2923);
#2919 = LINE('',#2920,#2921);
#2920 = CARTESIAN_POINT('',(0.,140.));
#2921 = VECTOR('',#2922,1.);
#2922 = DIRECTION('',(1.,0.));
#2923 = ( GEOMETRIC_REPRESENTATION_CONTEXT(2) 
PARAMETRIC_REPRESENTATION_CONTEXT() REPRESENTATION_CONTEXT('2D SPACE',''
  ) );
#2924 = ORIENTED_EDGE('',*,*,#2925,.F.);
#2925 = EDGE_CURVE('',#2926,#2903,#2928,.T.);
#2926 = VERTEX_POINT('',#2927);
#2927 = CARTESIAN_POINT('',(72.475715988195,-27.38440794237,29.));
#2928 = SURFACE_CURVE('',#2929,(#2934,#2941),.PCURVE_S1.);
#2929 = CIRCLE('',#2930,30.);
#2930 = AXIS2_PLACEMENT_3D('',#2931,#2932,#2933);
#2931 = CARTESIAN_POINT('',(55.,-3.,29.));
#2932 = DIRECTION('',(0.,0.,-1.));
#2933 = DIRECTION('',(1.,0.,0.));
#2934 = PCURVE('',#2863,#2935);
#2935 = DEFINITIONAL_REPRESENTATION('',(#2936),#2940);
#2936 = LINE('',#2937,#2938);
#2937 = CARTESIAN_POINT('',(-0.,100.));
#2938 = VECTOR('',#2939,1.);
#2939 = DIRECTION('',(-1.,0.));
#2940 = ( GEOMETRIC_REPRESENTATION_CONTEXT(2) 
PARAMETRIC_REPRESENTATION_CONTEXT() REPRESENTATION_CONTEXT('2D SPACE',''
  ) );
#2941 = PCURVE('',#2942,#2947);
#2942 = SPHERICAL_SURFACE('',#2943,30.);
#2943 = AXIS2_PLACEMENT_3D('',#2944,#2945,#2946);
#2944 = CARTESIAN_POINT('',(55.,-3.,29.));
#2945 = DIRECTION('',(-0.,-0.,-1.));
#2946 = DIRECTION('',(1.,0.,0.));
#2947 = DEFINITIONAL_REPRESENTATION('',(#2948),#2952);
#2948 = LINE('',#2949,#2950);
#2949 = CARTESIAN_POINT('',(0.,0.));
#2950 = VECTOR('',#2951,1.);
#2951 = DIRECTION('',(1.,0.));
#2952 = ( GEOMETRIC_REPRESENTATION_CONTEXT(2) 
PARAMETRIC_REPRESENTATION_CONTEXT() REPRESENTATION_CONTEXT('2D SPACE',''
  ) );
#2953 = ORIENTED_EDGE('',*,*,#2954,.F.);
#2954 = EDGE_CURVE('',#2879,#2926,#2955,.T.);
#2955 = SURFACE_CURVE('',#2956,(#2989,#3025),.PCURVE_S1.);
#2956 = B_SPLINE_CURVE_WITH_KNOTS('',7,(#2957,#2958,#2959,#2960,#2961,
    #2962,#2963,#2964,#2965,#2966,#2967,#2968,#2969,#2970,#2971,#2972,
    #2973,#2974,#2975,#2976,#2977,#2978,#2979,#2980,#2981,#2982,#2983,
    #2984,#2985,#2986,#2987,#2988),.UNSPECIFIED.,.F.,.F.,(8,6,6,6,6,8),(
    0.,0.108927176749,0.217051006644,0.386716345287,0.648161590003,1.),
  .UNSPECIFIED.);
#2957 = CARTESIAN_POINT('',(85.,-3.,12.933527763033));
#2958 = CARTESIAN_POINT('',(85.,-3.581458426053,12.984884356233));
#2959 = CARTESIAN_POINT('',(84.986851899615,-4.161695806689,
    13.046341987371));
#2960 = CARTESIAN_POINT('',(84.960655129475,-4.739917251208,
    13.117826362415));
#2961 = CARTESIAN_POINT('',(84.921580193657,-5.315327350809,
    13.199228967409));
#2962 = CARTESIAN_POINT('',(84.86986979475,-5.88714980216,
    13.290406380049));
#2963 = CARTESIAN_POINT('',(84.80583106741,-6.454648063398,
    13.391185285429));
#2964 = CARTESIAN_POINT('',(84.654386083304,-7.575457409929,
    13.610731948882));
#2965 = CARTESIAN_POINT('',(84.567153078061,-8.128861314229,
    13.729365285976));
#2966 = CARTESIAN_POINT('',(84.468481187951,-8.676680205167,
    13.857073995082));
#2967 = CARTESIAN_POINT('',(84.358771358597,-9.218323441226,
    13.993648218072));
#2968 = CARTESIAN_POINT('',(84.238461565666,-9.753265724235,
    14.138865346288));
#2969 = CARTESIAN_POINT('',(84.108016865772,-10.28104366722,
    14.292494722212));
#2970 = CARTESIAN_POINT('',(83.74808724596,-11.61754886464,
    14.708203198713));
#2971 = CARTESIAN_POINT('',(83.504491426166,-12.41520054055,
    14.982237692829));
#2972 = CARTESIAN_POINT('',(83.23899869624,-13.19266695626,
    15.275502282241));
#2973 = CARTESIAN_POINT('',(82.953578299374,-13.94877094309,
    15.587077471421));
#2974 = CARTESIAN_POINT('',(82.650232779696,-14.68264622257,
    15.916054307924));
#2975 = CARTESIAN_POINT('',(82.330944765132,-15.39369645446,
    16.261557572318));
#2976 = CARTESIAN_POINT('',(81.484039800505,-17.14153300426,
    17.179364312257));
#2977 = CARTESIAN_POINT('',(80.937222074033,-18.14632473158,
    17.773184028594));
#2978 = CARTESIAN_POINT('',(80.364157846871,-19.09485794861,
    18.401301986026));
#2979 = CARTESIAN_POINT('',(79.771589978542,-19.98704564657,
    19.06099433684));
#2980 = CARTESIAN_POINT('',(79.1658534117,-20.82360058108,
    19.749780400988));
#2981 = CARTESIAN_POINT('',(78.552762962029,-21.60586999433,
    20.465482086603));
#2982 = CARTESIAN_POINT('',(77.10969313563,-23.31776046488,
    22.203316964532));
#2983 = CARTESIAN_POINT('',(76.278297426689,-24.20447987958,
    23.245501426503));
#2984 = CARTESIAN_POINT('',(75.456072237871,-25.00048284032,
    24.328672573243));
#2985 = CARTESIAN_POINT('',(74.654672022692,-25.71084317456,
    25.44900464454));
#2986 = CARTESIAN_POINT('',(73.88470047475,-26.34114830638,
    26.602993520737));
#2987 = CARTESIAN_POINT('',(73.155595980828,-26.89715439333,
    27.787521921894));
#2988 = CARTESIAN_POINT('',(72.475715651753,-27.38440818349,29.0000006)
  );
#2989 = PCURVE('',#2863,#2990);
#2990 = DEFINITIONAL_REPRESENTATION('',(#2991),#3024);
#2991 = B_SPLINE_CURVE_WITH_KNOTS('',7,(#2992,#2993,#2994,#2995,#2996,
    #2997,#2998,#2999,#3000,#3001,#3002,#3003,#3004,#3005,#3006,#3007,
    #3008,#3009,#3010,#3011,#3012,#3013,#3014,#3015,#3016,#3017,#3018,
    #3019,#3020,#3021,#3022,#3023),.UNSPECIFIED.,.F.,.F.,(8,6,6,6,6,8),(
    0.,0.108927176749,0.217051006644,0.386716345287,0.648161590003,1.),
  .UNSPECIFIED.);
#2992 = CARTESIAN_POINT('',(0.,83.933527763033));
#2993 = CARTESIAN_POINT('',(-1.938194753511E-02,83.984884356233));
#2994 = CARTESIAN_POINT('',(-3.872319359687E-02,84.046341987371));
#2995 = CARTESIAN_POINT('',(-5.800913386698E-02,84.117826362415));
#2996 = CARTESIAN_POINT('',(-7.722492332776E-02,84.199228967409));
#2997 = CARTESIAN_POINT('',(-9.635588563944E-02,84.290406380049));
#2998 = CARTESIAN_POINT('',(-0.115387971799,84.391185285429));
#2999 = CARTESIAN_POINT('',(-0.153087797535,84.610731948882));
#3000 = CARTESIAN_POINT('',(-0.171757829718,84.729365285976));
#3001 = CARTESIAN_POINT('',(-0.190305247897,84.857073995082));
#3002 = CARTESIAN_POINT('',(-0.20871899725,84.993648218072));
#3003 = CARTESIAN_POINT('',(-0.226989271454,85.138865346288));
#3004 = CARTESIAN_POINT('',(-0.245107340095,85.292494722212));
#3005 = CARTESIAN_POINT('',(-0.291244761325,85.708203198713));
#3006 = CARTESIAN_POINT('',(-0.31902994024,85.982237692829));
#3007 = CARTESIAN_POINT('',(-0.346391788883,86.275502282241));
#3008 = CARTESIAN_POINT('',(-0.373307259004,86.587077471421));
#3009 = CARTESIAN_POINT('',(-0.399757768975,86.916054307924));
#3010 = CARTESIAN_POINT('',(-0.425728284142,87.261557572318));
#3011 = CARTESIAN_POINT('',(-0.49046862554,88.179364312257));
#3012 = CARTESIAN_POINT('',(-0.528557779288,88.773184028594));
#3013 = CARTESIAN_POINT('',(-0.56543967191,89.401301986026));
#3014 = CARTESIAN_POINT('',(-0.601085959617,90.06099433684));
#3015 = CARTESIAN_POINT('',(-0.635472846064,90.749780400988));
#3016 = CARTESIAN_POINT('',(-0.668581591472,91.465482086604));
#3017 = CARTESIAN_POINT('',(-0.743214169308,93.203316964532));
#3018 = CARTESIAN_POINT('',(-0.783675037447,94.245501426503));
#3019 = CARTESIAN_POINT('',(-0.821755030787,95.328672573243));
#3020 = CARTESIAN_POINT('',(-0.857397996274,96.44900464454));
#3021 = CARTESIAN_POINT('',(-0.890533807795,97.602993520737));
#3022 = CARTESIAN_POINT('',(-0.921084229158,98.787521921894));
#3023 = CARTESIAN_POINT('',(-0.948965993766,100.0000006));
#3024 = ( GEOMETRIC_REPRESENTATION_CONTEXT(2) 
PARAMETRIC_REPRESENTATION_CONTEXT() REPRESENTATION_CONTEXT('2D SPACE',''
  ) );
#3025 = PCURVE('',#329,#3026);
#3026 = DEFINITIONAL_REPRESENTATION('',(#3027),#3060);
#3027 = B_SPLINE_CURVE_WITH_KNOTS('',7,(#3028,#3029,#3030,#3031,#3032,
    #3033,#3034,#3035,#3036,#3037,#3038,#3039,#3040,#3041,#3042,#3043,
    #3044,#3045,#3046,#3047,#3048,#3049,#3050,#3051,#3052,#3053,#3054,
    #3055,#3056,#3057,#3058,#3059),.UNSPECIFIED.,.F.,.F.,(8,6,6,6,6,8),(
    0.,0.108927176749,0.217051006644,0.386716345287,0.648161590003,
    0.999999975127),.UNSPECIFIED.);
#3028 = CARTESIAN_POINT('',(5.912787253953,-1.331475130243));
#3029 = CARTESIAN_POINT('',(5.839025580515,-1.324486260163));
#3030 = CARTESIAN_POINT('',(5.769700573976,-1.316356343993));
#3031 = CARTESIAN_POINT('',(5.705162431329,-1.307232140355));
#3032 = CARTESIAN_POINT('',(5.645318606745,-1.297268758649));
#3033 = CARTESIAN_POINT('',(5.589834354703,-1.286600818262));
#3034 = CARTESIAN_POINT('',(5.538337940153,-1.275342302913));
#3035 = CARTESIAN_POINT('',(5.442910930285,-1.251922331896));
#3036 = CARTESIAN_POINT('',(5.398926341165,-1.239767728187));
#3037 = CARTESIAN_POINT('',(5.358119400171,-1.22721842165));
#3038 = CARTESIAN_POINT('',(5.320119838651,-1.214348850455));
#3039 = CARTESIAN_POINT('',(5.284599921201,-1.20121839491));
#3040 = CARTESIAN_POINT('',(5.251284653195,-1.187874823483));
#3041 = CARTESIAN_POINT('',(5.17073946858,-1.153146244393));
#3042 = CARTESIAN_POINT('',(5.126383885375,-1.131507216462));
#3043 = CARTESIAN_POINT('',(5.085942602428,-1.109590784903));
#3044 = CARTESIAN_POINT('',(5.04874167456,-1.087495249085));
#3045 = CARTESIAN_POINT('',(5.014280091465,-1.065289008806));
#3046 = CARTESIAN_POINT('',(4.98217276462,-1.043022969934));
#3047 = CARTESIAN_POINT('',(4.905795894261,-0.986385625314));
#3048 = CARTESIAN_POINT('',(4.864348485962,-0.951985976265));
#3049 = CARTESIAN_POINT('',(4.826647189468,-0.917660295511));
#3050 = CARTESIAN_POINT('',(4.79204077472,-0.883466792678));
#3051 = CARTESIAN_POINT('',(4.760061857837,-0.849438935437));
#3052 = CARTESIAN_POINT('',(4.730377302276,-0.815587922028));
#3053 = CARTESIAN_POINT('',(4.665527945537,-0.73658351326));
#3054 = CARTESIAN_POINT('',(4.632029630909,-0.691584383849));
#3055 = CARTESIAN_POINT('',(4.601607056908,-0.646888313017));
#3056 = CARTESIAN_POINT('',(4.573934830775,-0.602461459468));
#3057 = CARTESIAN_POINT('',(4.548789880903,-0.558266398784));
#3058 = CARTESIAN_POINT('',(4.526033950862,-0.514258345244));
#3059 = CARTESIAN_POINT('',(4.505575340304,-0.47038085016));
#3060 = ( GEOMETRIC_REPRESENTATION_CONTEXT(2) 
PARAMETRIC_REPRESENTATION_CONTEXT() REPRESENTATION_CONTEXT('2D SPACE',''
  ) );
#3061 = ADVANCED_FACE('',(#3062),#2942,.T.);
#3062 = FACE_BOUND('',#3063,.T.);
#3063 = EDGE_LOOP('',(#3064,#3121,#3141));
#3064 = ORIENTED_EDGE('',*,*,#3065,.F.);
#3065 = EDGE_CURVE('',#3066,#2926,#3068,.T.);
#3066 = VERTEX_POINT('',#3067);
#3067 = CARTESIAN_POINT('',(55.,-16.58203621819,55.749360593623));
#3068 = SURFACE_CURVE('',#3069,(#3074,#3101),.PCURVE_S1.);
#3069 = CIRCLE('',#3070,27.278992568771);
#3070 = AXIS2_PLACEMENT_3D('',#3071,#3072,#3073);
#3071 = CARTESIAN_POINT('',(65.621360848438,-1.779575816119,
    35.446225482529));
#3072 = DIRECTION('',(0.850780670599,9.77570878528E-02,0.516348527944));
#3073 = DIRECTION('',(-0.518833582404,6.938893903907E-18,0.854875262111)
  );
#3074 = PCURVE('',#2942,#3075);
#3075 = DEFINITIONAL_REPRESENTATION('',(#3076),#3100);
#3076 = B_SPLINE_CURVE_WITH_KNOTS('',8,(#3077,#3078,#3079,#3080,#3081,
    #3082,#3083,#3084,#3085,#3086,#3087,#3088,#3089,#3090,#3091,#3092,
    #3093,#3094,#3095,#3096,#3097,#3098,#3099),.UNSPECIFIED.,.F.,.F.,(9,
    7,7,9),(0.576679891974,0.909915451219,1.409768790086,1.909622128953)
  ,.UNSPECIFIED.);
#3077 = CARTESIAN_POINT('',(1.570796326795,-1.100966519271));
#3078 = CARTESIAN_POINT('',(1.541268415385,-1.0655277227));
#3079 = CARTESIAN_POINT('',(1.514900383383,-1.029951516552));
#3080 = CARTESIAN_POINT('',(1.490712036806,-0.994302089497));
#3081 = CARTESIAN_POINT('',(1.468169077225,-0.958616627793));
#3082 = CARTESIAN_POINT('',(1.446882123886,-0.922924319947));
#3083 = CARTESIAN_POINT('',(1.426580546174,-0.887247614963));
#3084 = CARTESIAN_POINT('',(1.40705190182,-0.851606113782));
#3085 = CARTESIAN_POINT('',(1.359748880543,-0.762633892992));
#3086 = CARTESIAN_POINT('',(1.332733625999,-0.709368951115));
#3087 = CARTESIAN_POINT('',(1.306525023598,-0.656281252412));
#3088 = CARTESIAN_POINT('',(1.280785468032,-0.603419599156));
#3089 = CARTESIAN_POINT('',(1.255247436695,-0.550832417393));
#3090 = CARTESIAN_POINT('',(1.229698693024,-0.498569465666));
#3091 = CARTESIAN_POINT('',(1.20394964601,-0.4466849629));
#3092 = CARTESIAN_POINT('',(1.151701881659,-0.343794531053));
#3093 = CARTESIAN_POINT('',(1.125203089808,-0.292788609833));
#3094 = CARTESIAN_POINT('',(1.098154836947,-0.242282805284));
#3095 = CARTESIAN_POINT('',(1.070395507956,-0.192344737565));
#3096 = CARTESIAN_POINT('',(1.041765683881,-0.143051066216));
#3097 = CARTESIAN_POINT('',(1.012100956421,-9.449024272299E-02));
#3098 = CARTESIAN_POINT('',(0.981228296932,-4.676577445832E-02));
#3099 = CARTESIAN_POINT('',(0.948965979968,-4.736951571734E-16));
#3100 = ( GEOMETRIC_REPRESENTATION_CONTEXT(2) 
PARAMETRIC_REPRESENTATION_CONTEXT() REPRESENTATION_CONTEXT('2D SPACE',''
  ) );
#3101 = PCURVE('',#329,#3102);
#3102 = DEFINITIONAL_REPRESENTATION('',(#3103),#3120);
#3103 = B_SPLINE_CURVE_WITH_KNOTS('',8,(#3104,#3105,#3106,#3107,#3108,
    #3109,#3110,#3111,#3112,#3113,#3114,#3115,#3116,#3117,#3118,#3119),
  .UNSPECIFIED.,.F.,.F.,(9,7,9),(0.576679891974,1.243151010464,
    1.909622128953),.UNSPECIFIED.);
#3104 = CARTESIAN_POINT('',(3.753391527033,0.422077806194));
#3105 = CARTESIAN_POINT('',(3.82456400272,0.388036738559));
#3106 = CARTESIAN_POINT('',(3.891561963891,0.348895754119));
#3107 = CARTESIAN_POINT('',(3.954161866732,0.305266430519));
#3108 = CARTESIAN_POINT('',(4.012471569495,0.25777406398));
#3109 = CARTESIAN_POINT('',(4.066808480176,0.206973667464));
#3110 = CARTESIAN_POINT('',(4.117535300453,0.153335559911));
#3111 = CARTESIAN_POINT('',(4.165031391546,9.725733256433E-02));
#3112 = CARTESIAN_POINT('',(4.254292267258,-1.911087516523E-02));
#3113 = CARTESIAN_POINT('',(4.296057105992,-7.940084482738E-02));
#3114 = CARTESIAN_POINT('',(4.335321869323,-0.141462314142));
#3115 = CARTESIAN_POINT('',(4.37244029107,-0.205023829475));
#3116 = CARTESIAN_POINT('',(4.407732676083,-0.269865138449));
#3117 = CARTESIAN_POINT('',(4.441496073606,-0.335803605093));
#3118 = CARTESIAN_POINT('',(4.474011474933,-0.402685962289));
#3119 = CARTESIAN_POINT('',(4.505575340304,-0.47038085016));
#3120 = ( GEOMETRIC_REPRESENTATION_CONTEXT(2) 
PARAMETRIC_REPRESENTATION_CONTEXT() REPRESENTATION_CONTEXT('2D SPACE',''
  ) );
#3121 = ORIENTED_EDGE('',*,*,#3122,.T.);
#3122 = EDGE_CURVE('',#3066,#2903,#3123,.T.);
#3123 = SURFACE_CURVE('',#3124,(#3129,#3135),.PCURVE_S1.);
#3124 = CIRCLE('',#3125,30.);
#3125 = AXIS2_PLACEMENT_3D('',#3126,#3127,#3128);
#3126 = CARTESIAN_POINT('',(55.,-3.,29.));
#3127 = DIRECTION('',(1.,2.832769448824E-16,0.));
#3128 = DIRECTION('',(2.832769448824E-16,-1.,0.));
#3129 = PCURVE('',#2942,#3130);
#3130 = DEFINITIONAL_REPRESENTATION('',(#3131),#3134);
#3131 = B_SPLINE_CURVE_WITH_KNOTS('',1,(#3132,#3133),.UNSPECIFIED.,.F.,
  .F.,(2,2),(4.712388980385,6.28318530718),.PIECEWISE_BEZIER_KNOTS.);
#3132 = CARTESIAN_POINT('',(1.570796326795,-1.570796326795));
#3133 = CARTESIAN_POINT('',(1.570796326795,0.));
#3134 = ( GEOMETRIC_REPRESENTATION_CONTEXT(2) 
PARAMETRIC_REPRESENTATION_CONTEXT() REPRESENTATION_CONTEXT('2D SPACE',''
  ) );
#3135 = PCURVE('',#1507,#3136);
#3136 = DEFINITIONAL_REPRESENTATION('',(#3137),#3140);
#3137 = B_SPLINE_CURVE_WITH_KNOTS('',1,(#3138,#3139),.UNSPECIFIED.,.F.,
  .F.,(2,2),(4.712388980385,6.28318530718),.PIECEWISE_BEZIER_KNOTS.);
#3138 = CARTESIAN_POINT('',(-1.570796326795,140.));
#3139 = CARTESIAN_POINT('',(0.,140.));
#3140 = ( GEOMETRIC_REPRESENTATION_CONTEXT(2) 
PARAMETRIC_REPRESENTATION_CONTEXT() REPRESENTATION_CONTEXT('2D SPACE',''
  ) );
#3141 = ORIENTED_EDGE('',*,*,#2925,.F.);
#3142 = ADVANCED_FACE('',(#3143),#2661,.F.);
#3143 = FACE_BOUND('',#3144,.F.);
#3144 = EDGE_LOOP('',(#3145,#3146,#3167,#3168));
#3145 = ORIENTED_EDGE('',*,*,#2645,.T.);
#3146 = ORIENTED_EDGE('',*,*,#3147,.T.);
#3147 = EDGE_CURVE('',#2646,#2903,#3148,.T.);
#3148 = SURFACE_CURVE('',#3149,(#3153,#3160),.PCURVE_S1.);
#3149 = LINE('',#3150,#3151);
#3150 = CARTESIAN_POINT('',(-85.,-33.,29.));
#3151 = VECTOR('',#3152,1.);
#3152 = DIRECTION('',(1.,0.,-0.));
#3153 = PCURVE('',#2661,#3154);
#3154 = DEFINITIONAL_REPRESENTATION('',(#3155),#3159);
#3155 = LINE('',#3156,#3157);
#3156 = CARTESIAN_POINT('',(100.,0.));
#3157 = VECTOR('',#3158,1.);
#3158 = DIRECTION('',(0.,1.));
#3159 = ( GEOMETRIC_REPRESENTATION_CONTEXT(2) 
PARAMETRIC_REPRESENTATION_CONTEXT() REPRESENTATION_CONTEXT('2D SPACE',''
  ) );
#3160 = PCURVE('',#1507,#3161);
#3161 = DEFINITIONAL_REPRESENTATION('',(#3162),#3166);
#3162 = LINE('',#3163,#3164);
#3163 = CARTESIAN_POINT('',(-0.,0.));
#3164 = VECTOR('',#3165,1.);
#3165 = DIRECTION('',(-0.,1.));
#3166 = ( GEOMETRIC_REPRESENTATION_CONTEXT(2) 
PARAMETRIC_REPRESENTATION_CONTEXT() REPRESENTATION_CONTEXT('2D SPACE',''
  ) );
#3167 = ORIENTED_EDGE('',*,*,#2902,.F.);
#3168 = ORIENTED_EDGE('',*,*,#2801,.F.);
#3169 = ADVANCED_FACE('',(#3170),#1558,.T.);
#3170 = FACE_BOUND('',#3171,.F.);
#3171 = EDGE_LOOP('',(#3172,#3173,#3193));
#3172 = ORIENTED_EDGE('',*,*,#1528,.T.);
#3173 = ORIENTED_EDGE('',*,*,#3174,.T.);
#3174 = EDGE_CURVE('',#1474,#2646,#3175,.T.);
#3175 = SURFACE_CURVE('',#3176,(#3181,#3187),.PCURVE_S1.);
#3176 = CIRCLE('',#3177,30.);
#3177 = AXIS2_PLACEMENT_3D('',#3178,#3179,#3180);
#3178 = CARTESIAN_POINT('',(-55.,-3.,29.));
#3179 = DIRECTION('',(1.,-2.832769448824E-16,0.));
#3180 = DIRECTION('',(-2.832769448824E-16,-1.,0.));
#3181 = PCURVE('',#1558,#3182);
#3182 = DEFINITIONAL_REPRESENTATION('',(#3183),#3186);
#3183 = B_SPLINE_CURVE_WITH_KNOTS('',1,(#3184,#3185),.UNSPECIFIED.,.F.,
  .F.,(2,2),(4.712388980385,6.28318530718),.PIECEWISE_BEZIER_KNOTS.);
#3184 = CARTESIAN_POINT('',(-1.570796326795,-1.570796326795));
#3185 = CARTESIAN_POINT('',(-1.570796326795,0.));
#3186 = ( GEOMETRIC_REPRESENTATION_CONTEXT(2) 
PARAMETRIC_REPRESENTATION_CONTEXT() REPRESENTATION_CONTEXT('2D SPACE',''
  ) );
#3187 = PCURVE('',#1507,#3188);
#3188 = DEFINITIONAL_REPRESENTATION('',(#3189),#3192);
#3189 = B_SPLINE_CURVE_WITH_KNOTS('',1,(#3190,#3191),.UNSPECIFIED.,.F.,
  .F.,(2,2),(4.712388980385,6.28318530718),.PIECEWISE_BEZIER_KNOTS.);
#3190 = CARTESIAN_POINT('',(-1.570796326795,30.));
#3191 = CARTESIAN_POINT('',(0.,30.));
#3192 = ( GEOMETRIC_REPRESENTATION_CONTEXT(2) 
PARAMETRIC_REPRESENTATION_CONTEXT() REPRESENTATION_CONTEXT('2D SPACE',''
  ) );
#3193 = ORIENTED_EDGE('',*,*,#2673,.F.);
#3194 = ADVANCED_FACE('',(#3195),#1507,.T.);
#3195 = FACE_BOUND('',#3196,.F.);
#3196 = EDGE_LOOP('',(#3197,#3198,#3199,#3222,#3261,#3262));
#3197 = ORIENTED_EDGE('',*,*,#3174,.F.);
#3198 = ORIENTED_EDGE('',*,*,#1473,.F.);
#3199 = ORIENTED_EDGE('',*,*,#3200,.T.);
#3200 = EDGE_CURVE('',#1445,#3201,#3203,.T.);
#3201 = VERTEX_POINT('',#3202);
#3202 = CARTESIAN_POINT('',(51.701523673376,-3.,59.));
#3203 = SURFACE_CURVE('',#3204,(#3208,#3215),.PCURVE_S1.);
#3204 = LINE('',#3205,#3206);
#3205 = CARTESIAN_POINT('',(-85.,-3.,59.));
#3206 = VECTOR('',#3207,1.);
#3207 = DIRECTION('',(1.,0.,-0.));
#3208 = PCURVE('',#1507,#3209);
#3209 = DEFINITIONAL_REPRESENTATION('',(#3210),#3214);
#3210 = LINE('',#3211,#3212);
#3211 = CARTESIAN_POINT('',(-1.570796326795,0.));
#3212 = VECTOR('',#3213,1.);
#3213 = DIRECTION('',(-0.,1.));
#3214 = ( GEOMETRIC_REPRESENTATION_CONTEXT(2) 
PARAMETRIC_REPRESENTATION_CONTEXT() REPRESENTATION_CONTEXT('2D SPACE',''
  ) );
#3215 = PCURVE('',#1461,#3216);
#3216 = DEFINITIONAL_REPRESENTATION('',(#3217),#3221);
#3217 = LINE('',#3218,#3219);
#3218 = CARTESIAN_POINT('',(0.,30.));
#3219 = VECTOR('',#3220,1.);
#3220 = DIRECTION('',(1.,0.));
#3221 = ( GEOMETRIC_REPRESENTATION_CONTEXT(2) 
PARAMETRIC_REPRESENTATION_CONTEXT() REPRESENTATION_CONTEXT('2D SPACE',''
  ) );
#3222 = ORIENTED_EDGE('',*,*,#3223,.F.);
#3223 = EDGE_CURVE('',#3066,#3201,#3224,.T.);
#3224 = SURFACE_CURVE('',#3225,(#3235,#3248),.PCURVE_S1.);
#3225 = B_SPLINE_CURVE_WITH_KNOTS('',8,(#3226,#3227,#3228,#3229,#3230,
    #3231,#3232,#3233,#3234),.UNSPECIFIED.,.F.,.F.,(9,9),(0.,1.),
  .PIECEWISE_BEZIER_KNOTS.);
#3226 = CARTESIAN_POINT('',(55.0000006,-16.58203763642,55.749359873515)
  );
#3227 = CARTESIAN_POINT('',(54.379267833172,-15.11480365779,
    56.494350677535));
#3228 = CARTESIAN_POINT('',(53.812289305295,-13.56370398851,
    57.166235408747));
#3229 = CARTESIAN_POINT('',(53.302237607851,-11.93514939922,
    57.751500987554));
#3230 = CARTESIAN_POINT('',(52.852037538282,-10.23757853634,
    58.237680639015));
#3231 = CARTESIAN_POINT('',(52.464455905347,-8.48148190646,
    58.613660703464));
#3232 = CARTESIAN_POINT('',(52.142065475063,-6.679483211098,
    58.87011947908));
#3233 = CARTESIAN_POINT('',(51.887225972789,-4.846444687905,59.));
#3234 = CARTESIAN_POINT('',(51.701523673376,-3.,59.));
#3235 = PCURVE('',#1507,#3236);
#3236 = DEFINITIONAL_REPRESENTATION('',(#3237),#3247);
#3237 = B_SPLINE_CURVE_WITH_KNOTS('',8,(#3238,#3239,#3240,#3241,#3242,
    #3243,#3244,#3245,#3246),.UNSPECIFIED.,.F.,.F.,(9,9),(0.,1.),
  .PIECEWISE_BEZIER_KNOTS.);
#3238 = CARTESIAN_POINT('',(-1.100966466252,140.0000006));
#3239 = CARTESIAN_POINT('',(-1.155817647198,139.37926783317));
#3240 = CARTESIAN_POINT('',(-1.212058181452,138.81228930529));
#3241 = CARTESIAN_POINT('',(-1.269545127507,138.30223760785));
#3242 = CARTESIAN_POINT('',(-1.328144316333,137.85203753828));
#3243 = CARTESIAN_POINT('',(-1.387724953782,137.46445590534));
#3244 = CARTESIAN_POINT('',(-1.448146891208,137.14206547506));
#3245 = CARTESIAN_POINT('',(-1.509248170531,136.88722597278));
#3246 = CARTESIAN_POINT('',(-1.570796326795,136.70152367337));
#3247 = ( GEOMETRIC_REPRESENTATION_CONTEXT(2) 
PARAMETRIC_REPRESENTATION_CONTEXT() REPRESENTATION_CONTEXT('2D SPACE',''
  ) );
#3248 = PCURVE('',#329,#3249);
#3249 = DEFINITIONAL_REPRESENTATION('',(#3250),#3260);
#3250 = B_SPLINE_CURVE_WITH_KNOTS('',8,(#3251,#3252,#3253,#3254,#3255,
    #3256,#3257,#3258,#3259),.UNSPECIFIED.,.F.,.F.,(9,9),(
    1.208249551622E-07,1.),.PIECEWISE_BEZIER_KNOTS.);
#3251 = CARTESIAN_POINT('',(3.753391527033,0.422077806194));
#3252 = CARTESIAN_POINT('',(3.69831214607,0.448421711117));
#3253 = CARTESIAN_POINT('',(3.640407549488,0.472536666659));
#3254 = CARTESIAN_POINT('',(3.579584222987,0.493867164814));
#3255 = CARTESIAN_POINT('',(3.515891347597,0.511844988153));
#3256 = CARTESIAN_POINT('',(3.449576923644,0.525909451419));
#3257 = CARTESIAN_POINT('',(3.381212619311,0.535557190956));
#3258 = CARTESIAN_POINT('',(3.311641388971,0.540443259942));
#3259 = CARTESIAN_POINT('',(3.241828502889,0.540443259942));
#3260 = ( GEOMETRIC_REPRESENTATION_CONTEXT(2) 
PARAMETRIC_REPRESENTATION_CONTEXT() REPRESENTATION_CONTEXT('2D SPACE',''
  ) );
#3261 = ORIENTED_EDGE('',*,*,#3122,.T.);
#3262 = ORIENTED_EDGE('',*,*,#3147,.F.);
#3263 = ADVANCED_FACE('',(#3264),#1461,.T.);
#3264 = FACE_BOUND('',#3265,.T.);
#3265 = EDGE_LOOP('',(#3266,#3287,#3288,#3289));
#3266 = ORIENTED_EDGE('',*,*,#3267,.F.);
#3267 = EDGE_CURVE('',#1410,#3268,#3270,.T.);
#3268 = VERTEX_POINT('',#3269);
#3269 = CARTESIAN_POINT('',(52.074719081091,4.825,59.));
#3270 = SURFACE_CURVE('',#3271,(#3275,#3281),.PCURVE_S1.);
#3271 = LINE('',#3272,#3273);
#3272 = CARTESIAN_POINT('',(-167.5,4.825,59.));
#3273 = VECTOR('',#3274,1.);
#3274 = DIRECTION('',(1.,0.,-0.));
#3275 = PCURVE('',#1461,#3276);
#3276 = DEFINITIONAL_REPRESENTATION('',(#3277),#3280);
#3277 = B_SPLINE_CURVE_WITH_KNOTS('',1,(#3278,#3279),.UNSPECIFIED.,.F.,
  .F.,(2,2),(112.5,222.5),.PIECEWISE_BEZIER_KNOTS.);
#3278 = CARTESIAN_POINT('',(30.,37.825));
#3279 = CARTESIAN_POINT('',(140.,37.825));
#3280 = ( GEOMETRIC_REPRESENTATION_CONTEXT(2) 
PARAMETRIC_REPRESENTATION_CONTEXT() REPRESENTATION_CONTEXT('2D SPACE',''
  ) );
#3281 = PCURVE('',#1432,#3282);
#3282 = DEFINITIONAL_REPRESENTATION('',(#3283),#3286);
#3283 = B_SPLINE_CURVE_WITH_KNOTS('',1,(#3284,#3285),.UNSPECIFIED.,.F.,
  .F.,(2,2),(112.5,222.5),.PIECEWISE_BEZIER_KNOTS.);
#3284 = CARTESIAN_POINT('',(309.,195.));
#3285 = CARTESIAN_POINT('',(309.,305.));
#3286 = ( GEOMETRIC_REPRESENTATION_CONTEXT(2) 
PARAMETRIC_REPRESENTATION_CONTEXT() REPRESENTATION_CONTEXT('2D SPACE',''
  ) );
#3287 = ORIENTED_EDGE('',*,*,#1444,.F.);
#3288 = ORIENTED_EDGE('',*,*,#3200,.T.);
#3289 = ORIENTED_EDGE('',*,*,#3290,.F.);
#3290 = EDGE_CURVE('',#3268,#3201,#3291,.T.);
#3291 = SURFACE_CURVE('',#3292,(#3297,#3304),.PCURVE_S1.);
#3292 = CIRCLE('',#3293,26.581901737837);
#3293 = AXIS2_PLACEMENT_3D('',#3294,#3295,#3296);
#3294 = CARTESIAN_POINT('',(78.15,-0.34,59.));
#3295 = DIRECTION('',(0.,0.,1.));
#3296 = DIRECTION('',(1.,0.,-0.));
#3297 = PCURVE('',#1461,#3298);
#3298 = DEFINITIONAL_REPRESENTATION('',(#3299),#3303);
#3299 = CIRCLE('',#3300,26.581901737837);
#3300 = AXIS2_PLACEMENT_2D('',#3301,#3302);
#3301 = CARTESIAN_POINT('',(163.15,32.66));
#3302 = DIRECTION('',(1.,0.));
#3303 = ( GEOMETRIC_REPRESENTATION_CONTEXT(2) 
PARAMETRIC_REPRESENTATION_CONTEXT() REPRESENTATION_CONTEXT('2D SPACE',''
  ) );
#3304 = PCURVE('',#329,#3305);
#3305 = DEFINITIONAL_REPRESENTATION('',(#3306),#3309);
#3306 = B_SPLINE_CURVE_WITH_KNOTS('',1,(#3307,#3308),.UNSPECIFIED.,.F.,
  .F.,(2,2),(2.946043619052,3.241828502889),.PIECEWISE_BEZIER_KNOTS.);
#3307 = CARTESIAN_POINT('',(2.946043619052,0.540443259942));
#3308 = CARTESIAN_POINT('',(3.241828502889,0.540443259942));
#3309 = ( GEOMETRIC_REPRESENTATION_CONTEXT(2) 
PARAMETRIC_REPRESENTATION_CONTEXT() REPRESENTATION_CONTEXT('2D SPACE',''
  ) );
#3310 = ADVANCED_FACE('',(#3311),#1432,.T.);
#3311 = FACE_BOUND('',#3312,.T.);
#3312 = EDGE_LOOP('',(#3313,#3314,#3315,#3345));
#3313 = ORIENTED_EDGE('',*,*,#1409,.F.);
#3314 = ORIENTED_EDGE('',*,*,#3267,.T.);
#3315 = ORIENTED_EDGE('',*,*,#3316,.F.);
#3316 = EDGE_CURVE('',#3317,#3268,#3319,.T.);
#3317 = VERTEX_POINT('',#3318);
#3318 = CARTESIAN_POINT('',(48.922953022928,4.825,52.));
#3319 = SURFACE_CURVE('',#3320,(#3325,#3332),.PCURVE_S1.);
#3320 = CIRCLE('',#3321,30.56669388403);
#3321 = AXIS2_PLACEMENT_3D('',#3322,#3323,#3324);
#3322 = CARTESIAN_POINT('',(78.15,4.825,43.05));
#3323 = DIRECTION('',(-0.,1.,0.));
#3324 = DIRECTION('',(0.,0.,1.));
#3325 = PCURVE('',#1432,#3326);
#3326 = DEFINITIONAL_REPRESENTATION('',(#3327),#3331);
#3327 = CIRCLE('',#3328,30.56669388403);
#3328 = AXIS2_PLACEMENT_2D('',#3329,#3330);
#3329 = CARTESIAN_POINT('',(293.05,328.15));
#3330 = DIRECTION('',(1.,0.));
#3331 = ( GEOMETRIC_REPRESENTATION_CONTEXT(2) 
PARAMETRIC_REPRESENTATION_CONTEXT() REPRESENTATION_CONTEXT('2D SPACE',''
  ) );
#3332 = PCURVE('',#329,#3333);
#3333 = DEFINITIONAL_REPRESENTATION('',(#3334),#3344);
#3334 = B_SPLINE_CURVE_WITH_KNOTS('',8,(#3335,#3336,#3337,#3338,#3339,
    #3340,#3341,#3342,#3343),.UNSPECIFIED.,.F.,.F.,(9,9),(5.009545313269
    ,5.261360075986),.PIECEWISE_BEZIER_KNOTS.);
#3335 = CARTESIAN_POINT('',(2.966678710024,0.292878850744));
#3336 = CARTESIAN_POINT('',(2.965026904197,0.323875407287));
#3337 = CARTESIAN_POINT('',(2.963145762174,0.354861623115));
#3338 = CARTESIAN_POINT('',(2.961021961162,0.385835694284));
#3339 = CARTESIAN_POINT('',(2.958639135767,0.416795625023));
#3340 = CARTESIAN_POINT('',(2.955977317576,0.447739167728));
#3341 = CARTESIAN_POINT('',(2.953012117422,0.47866374357));
#3342 = CARTESIAN_POINT('',(2.949713484292,0.50956632748));
#3343 = CARTESIAN_POINT('',(2.946043619052,0.540443259942));
#3344 = ( GEOMETRIC_REPRESENTATION_CONTEXT(2) 
PARAMETRIC_REPRESENTATION_CONTEXT() REPRESENTATION_CONTEXT('2D SPACE',''
  ) );
#3345 = ORIENTED_EDGE('',*,*,#3346,.F.);
#3346 = EDGE_CURVE('',#1377,#3317,#3347,.T.);
#3347 = SURFACE_CURVE('',#3348,(#3352,#3358),.PCURVE_S1.);
#3348 = LINE('',#3349,#3350);
#3349 = CARTESIAN_POINT('',(-165.15,4.825,52.));
#3350 = VECTOR('',#3351,1.);
#3351 = DIRECTION('',(1.,0.,-0.));
#3352 = PCURVE('',#1432,#3353);
#3353 = DEFINITIONAL_REPRESENTATION('',(#3354),#3357);
#3354 = B_SPLINE_CURVE_WITH_KNOTS('',1,(#3355,#3356),.UNSPECIFIED.,.F.,
  .F.,(2,2),(113.61273943058,216.68726056941),.PIECEWISE_BEZIER_KNOTS.);
#3355 = CARTESIAN_POINT('',(302.,198.46273943058));
#3356 = CARTESIAN_POINT('',(302.,301.53726056941));
#3357 = ( GEOMETRIC_REPRESENTATION_CONTEXT(2) 
PARAMETRIC_REPRESENTATION_CONTEXT() REPRESENTATION_CONTEXT('2D SPACE',''
  ) );
#3358 = PCURVE('',#1393,#3359);
#3359 = DEFINITIONAL_REPRESENTATION('',(#3360),#3363);
#3360 = B_SPLINE_CURVE_WITH_KNOTS('',1,(#3361,#3362),.UNSPECIFIED.,.F.,
  .F.,(2,2),(113.61273943058,216.68726056941),.PIECEWISE_BEZIER_KNOTS.);
#3361 = CARTESIAN_POINT('',(28.762739430581,33.125));
#3362 = CARTESIAN_POINT('',(131.83726056941,33.125));
#3363 = ( GEOMETRIC_REPRESENTATION_CONTEXT(2) 
PARAMETRIC_REPRESENTATION_CONTEXT() REPRESENTATION_CONTEXT('2D SPACE',''
  ) );
#3364 = ADVANCED_FACE('',(#3365),#1393,.F.);
#3365 = FACE_BOUND('',#3366,.F.);
#3366 = EDGE_LOOP('',(#3367,#3368,#3391,#3412));
#3367 = ORIENTED_EDGE('',*,*,#1376,.T.);
#3368 = ORIENTED_EDGE('',*,*,#3369,.T.);
#3369 = EDGE_CURVE('',#1290,#3370,#3372,.T.);
#3370 = VERTEX_POINT('',#3371);
#3371 = CARTESIAN_POINT('',(48.572205964609,-2.8,52.));
#3372 = SURFACE_CURVE('',#3373,(#3377,#3384),.PCURVE_S1.);
#3373 = LINE('',#3374,#3375);
#3374 = CARTESIAN_POINT('',(-80.3,-2.8,52.));
#3375 = VECTOR('',#3376,1.);
#3376 = DIRECTION('',(1.,0.,-0.));
#3377 = PCURVE('',#1393,#3378);
#3378 = DEFINITIONAL_REPRESENTATION('',(#3379),#3383);
#3379 = LINE('',#3380,#3381);
#3380 = CARTESIAN_POINT('',(0.,25.5));
#3381 = VECTOR('',#3382,1.);
#3382 = DIRECTION('',(1.,0.));
#3383 = ( GEOMETRIC_REPRESENTATION_CONTEXT(2) 
PARAMETRIC_REPRESENTATION_CONTEXT() REPRESENTATION_CONTEXT('2D SPACE',''
  ) );
#3384 = PCURVE('',#1345,#3385);
#3385 = DEFINITIONAL_REPRESENTATION('',(#3386),#3390);
#3386 = LINE('',#3387,#3388);
#3387 = CARTESIAN_POINT('',(-1.570796326795,0.));
#3388 = VECTOR('',#3389,1.);
#3389 = DIRECTION('',(-0.,1.));
#3390 = ( GEOMETRIC_REPRESENTATION_CONTEXT(2) 
PARAMETRIC_REPRESENTATION_CONTEXT() REPRESENTATION_CONTEXT('2D SPACE',''
  ) );
#3391 = ORIENTED_EDGE('',*,*,#3392,.F.);
#3392 = EDGE_CURVE('',#3317,#3370,#3393,.T.);
#3393 = SURFACE_CURVE('',#3394,(#3399,#3406),.PCURVE_S1.);
#3394 = CIRCLE('',#3395,29.679917452715);
#3395 = AXIS2_PLACEMENT_3D('',#3396,#3397,#3398);
#3396 = CARTESIAN_POINT('',(78.15,-0.34,52.));
#3397 = DIRECTION('',(0.,0.,1.));
#3398 = DIRECTION('',(1.,0.,-0.));
#3399 = PCURVE('',#1393,#3400);
#3400 = DEFINITIONAL_REPRESENTATION('',(#3401),#3405);
#3401 = CIRCLE('',#3402,29.679917452715);
#3402 = AXIS2_PLACEMENT_2D('',#3403,#3404);
#3403 = CARTESIAN_POINT('',(158.45,27.96));
#3404 = DIRECTION('',(1.,0.));
#3405 = ( GEOMETRIC_REPRESENTATION_CONTEXT(2) 
PARAMETRIC_REPRESENTATION_CONTEXT() REPRESENTATION_CONTEXT('2D SPACE',''
  ) );
#3406 = PCURVE('',#329,#3407);
#3407 = DEFINITIONAL_REPRESENTATION('',(#3408),#3411);
#3408 = B_SPLINE_CURVE_WITH_KNOTS('',1,(#3409,#3410),.UNSPECIFIED.,.F.,
  .F.,(2,2),(2.966678709863,3.224572175681),.PIECEWISE_BEZIER_KNOTS.);
#3409 = CARTESIAN_POINT('',(2.966678709863,0.292878850728));
#3410 = CARTESIAN_POINT('',(3.224572175681,0.292878850728));
#3411 = ( GEOMETRIC_REPRESENTATION_CONTEXT(2) 
PARAMETRIC_REPRESENTATION_CONTEXT() REPRESENTATION_CONTEXT('2D SPACE',''
  ) );
#3412 = ORIENTED_EDGE('',*,*,#3346,.F.);
#3413 = ADVANCED_FACE('',(#3414),#1345,.F.);
#3414 = FACE_BOUND('',#3415,.T.);
#3415 = EDGE_LOOP('',(#3416,#3417,#3418,#3419,#3479,#3480));
#3416 = ORIENTED_EDGE('',*,*,#1988,.F.);
#3417 = ORIENTED_EDGE('',*,*,#1289,.F.);
#3418 = ORIENTED_EDGE('',*,*,#3369,.T.);
#3419 = ORIENTED_EDGE('',*,*,#3420,.F.);
#3420 = EDGE_CURVE('',#2500,#3370,#3421,.T.);
#3421 = SURFACE_CURVE('',#3422,(#3439,#3459),.PCURVE_S1.);
#3422 = B_SPLINE_CURVE_WITH_KNOTS('',8,(#3423,#3424,#3425,#3426,#3427,
    #3428,#3429,#3430,#3431,#3432,#3433,#3434,#3435,#3436,#3437,#3438),
  .UNSPECIFIED.,.F.,.F.,(9,7,9),(0.,0.458971276461,1.),.UNSPECIFIED.);
#3423 = CARTESIAN_POINT('',(54.8000006,-20.66400647199,44.696902834508)
  );
#3424 = CARTESIAN_POINT('',(54.240047695629,-19.96508426981,
    45.383038868571));
#3425 = CARTESIAN_POINT('',(53.700624178532,-19.21933135888,
    46.054901455736));
#3426 = CARTESIAN_POINT('',(53.182789035814,-18.42606741839,
    46.708117212143));
#3427 = CARTESIAN_POINT('',(52.687782584342,-17.58504645002,
    47.338033990169));
#3428 = CARTESIAN_POINT('',(52.2169826791,-16.6965410985,47.93977297788)
  );
#3429 = CARTESIAN_POINT('',(51.771877298236,-15.76141903554,
    48.508293650642));
#3430 = CARTESIAN_POINT('',(51.354041390338,-14.78123269752,
    49.038486158402));
#3431 = CARTESIAN_POINT('',(50.506634284857,-12.55257682683,
    50.099161627048));
#3432 = CARTESIAN_POINT('',(50.088102740238,-11.28689999128,
    50.613022322689));
#3433 = CARTESIAN_POINT('',(49.712586608919,-9.965969092669,
    51.058102777243));
#3434 = CARTESIAN_POINT('',(49.382961069993,-8.595873493227,
    51.426153528355));
#3435 = CARTESIAN_POINT('',(49.10190279177,-7.184192731278,
    51.709732422458));
#3436 = CARTESIAN_POINT('',(48.871828922969,-5.740083352772,
    51.902574303015));
#3437 = CARTESIAN_POINT('',(48.694831225177,-4.274384024641,52.));
#3438 = CARTESIAN_POINT('',(48.572205964609,-2.8,52.));
#3439 = PCURVE('',#1345,#3440);
#3440 = DEFINITIONAL_REPRESENTATION('',(#3441),#3458);
#3441 = B_SPLINE_CURVE_WITH_KNOTS('',8,(#3442,#3443,#3444,#3445,#3446,
    #3447,#3448,#3449,#3450,#3451,#3452,#3453,#3454,#3455,#3456,#3457),
  .UNSPECIFIED.,.F.,.F.,(9,7,9),(0.,0.458971276461,1.),.UNSPECIFIED.);
#3442 = CARTESIAN_POINT('',(-0.794629403343,135.1000006));
#3443 = CARTESIAN_POINT('',(-0.833038258329,134.54004769562));
#3444 = CARTESIAN_POINT('',(-0.872365521266,134.00062417853));
#3445 = CARTESIAN_POINT('',(-0.912596408167,133.48278903581));
#3446 = CARTESIAN_POINT('',(-0.953713725484,132.98778258434));
#3447 = CARTESIAN_POINT('',(-0.995697487918,132.5169826791));
#3448 = CARTESIAN_POINT('',(-1.038524700101,132.07187729823));
#3449 = CARTESIAN_POINT('',(-1.082168099443,131.65404139033));
#3450 = CARTESIAN_POINT('',(-1.178959685909,130.80663428485));
#3451 = CARTESIAN_POINT('',(-1.232437048718,130.38810274023));
#3452 = CARTESIAN_POINT('',(-1.286930694762,130.01258660891));
#3453 = CARTESIAN_POINT('',(-1.342343642034,129.68296106999));
#3454 = CARTESIAN_POINT('',(-1.398572643897,129.40190279177));
#3455 = CARTESIAN_POINT('',(-1.4554989438,129.17182892296));
#3456 = CARTESIAN_POINT('',(-1.512977345436,128.99483122517));
#3457 = CARTESIAN_POINT('',(-1.570796326795,128.8722059646));
#3458 = ( GEOMETRIC_REPRESENTATION_CONTEXT(2) 
PARAMETRIC_REPRESENTATION_CONTEXT() REPRESENTATION_CONTEXT('2D SPACE',''
  ) );
#3459 = PCURVE('',#329,#3460);
#3460 = DEFINITIONAL_REPRESENTATION('',(#3461),#3478);
#3461 = B_SPLINE_CURVE_WITH_KNOTS('',8,(#3462,#3463,#3464,#3465,#3466,
    #3467,#3468,#3469,#3470,#3471,#3472,#3473,#3474,#3475,#3476,#3477),
  .UNSPECIFIED.,.F.,.F.,(9,7,9),(6.147453989376E-08,0.458971276461,1.),
  .UNSPECIFIED.);
#3462 = CARTESIAN_POINT('',(3.857815434743,5.315094350693E-02));
#3463 = CARTESIAN_POINT('',(3.828909380613,7.531566111082E-02));
#3464 = CARTESIAN_POINT('',(3.79921972847,9.704916353536E-02));
#3465 = CARTESIAN_POINT('',(3.768649561892,0.118224735907));
#3466 = CARTESIAN_POINT('',(3.737111436868,0.138703002418));
#3467 = CARTESIAN_POINT('',(3.704530217381,0.158331807173));
#3468 = CARTESIAN_POINT('',(3.670849022139,0.176946507737));
#3469 = CARTESIAN_POINT('',(3.636037745445,0.194372326518));
#3470 = CARTESIAN_POINT('',(3.55774497482,0.229359439267));
#3471 = CARTESIAN_POINT('',(3.513805957204,0.246396957466));
#3472 = CARTESIAN_POINT('',(3.468326779647,0.26123290731));
#3473 = CARTESIAN_POINT('',(3.421412643501,0.27356249306));
#3474 = CARTESIAN_POINT('',(3.373250371136,0.283098935128));
#3475 = CARTESIAN_POINT('',(3.324127734544,0.289596301548));
#3476 = CARTESIAN_POINT('',(3.274419842579,0.292878850728));
#3477 = CARTESIAN_POINT('',(3.224572175681,0.292878850728));
#3478 = ( GEOMETRIC_REPRESENTATION_CONTEXT(2) 
PARAMETRIC_REPRESENTATION_CONTEXT() REPRESENTATION_CONTEXT('2D SPACE',''
  ) );
#3479 = ORIENTED_EDGE('',*,*,#2542,.T.);
#3480 = ORIENTED_EDGE('',*,*,#2567,.F.);
#3481 = ADVANCED_FACE('',(#3482),#133,.T.);
#3482 = FACE_BOUND('',#3483,.T.);
#3483 = EDGE_LOOP('',(#3484,#3485,#3508,#3534,#3553,#3554));
#3484 = ORIENTED_EDGE('',*,*,#2035,.F.);
#3485 = ORIENTED_EDGE('',*,*,#3486,.T.);
#3486 = EDGE_CURVE('',#2036,#3487,#3489,.T.);
#3487 = VERTEX_POINT('',#3488);
#3488 = CARTESIAN_POINT('',(-80.3,-2.,-38.5));
#3489 = SURFACE_CURVE('',#3490,(#3494,#3501),.PCURVE_S1.);
#3490 = LINE('',#3491,#3492);
#3491 = CARTESIAN_POINT('',(-80.3,-28.3,-38.5));
#3492 = VECTOR('',#3493,1.);
#3493 = DIRECTION('',(-0.,1.,0.));
#3494 = PCURVE('',#133,#3495);
#3495 = DEFINITIONAL_REPRESENTATION('',(#3496),#3500);
#3496 = LINE('',#3497,#3498);
#3497 = CARTESIAN_POINT('',(25.5,0.));
#3498 = VECTOR('',#3499,1.);
#3499 = DIRECTION('',(0.,-1.));
#3500 = ( GEOMETRIC_REPRESENTATION_CONTEXT(2) 
PARAMETRIC_REPRESENTATION_CONTEXT() REPRESENTATION_CONTEXT('2D SPACE',''
  ) );
#3501 = PCURVE('',#190,#3502);
#3502 = DEFINITIONAL_REPRESENTATION('',(#3503),#3507);
#3503 = LINE('',#3504,#3505);
#3504 = CARTESIAN_POINT('',(-0.,0.));
#3505 = VECTOR('',#3506,1.);
#3506 = DIRECTION('',(-0.,1.));
#3507 = ( GEOMETRIC_REPRESENTATION_CONTEXT(2) 
PARAMETRIC_REPRESENTATION_CONTEXT() REPRESENTATION_CONTEXT('2D SPACE',''
  ) );
#3508 = ORIENTED_EDGE('',*,*,#3509,.T.);
#3509 = EDGE_CURVE('',#3487,#3510,#3512,.T.);
#3510 = VERTEX_POINT('',#3511);
#3511 = CARTESIAN_POINT('',(-80.3,-2.,-36.64182867015));
#3512 = SURFACE_CURVE('',#3513,(#3517,#3523),.PCURVE_S1.);
#3513 = LINE('',#3514,#3515);
#3514 = CARTESIAN_POINT('',(-80.3,-2.,-53.));
#3515 = VECTOR('',#3516,1.);
#3516 = DIRECTION('',(0.,-0.,1.));
#3517 = PCURVE('',#133,#3518);
#3518 = DEFINITIONAL_REPRESENTATION('',(#3519),#3522);
#3519 = B_SPLINE_CURVE_WITH_KNOTS('',1,(#3520,#3521),.UNSPECIFIED.,.F.,
  .F.,(2,2),(14.5,17.),.PIECEWISE_BEZIER_KNOTS.);
#3520 = CARTESIAN_POINT('',(25.5,-26.3));
#3521 = CARTESIAN_POINT('',(28.,-26.3));
#3522 = ( GEOMETRIC_REPRESENTATION_CONTEXT(2) 
PARAMETRIC_REPRESENTATION_CONTEXT() REPRESENTATION_CONTEXT('2D SPACE',''
  ) );
#3523 = PCURVE('',#3524,#3529);
#3524 = PLANE('',#3525);
#3525 = AXIS2_PLACEMENT_3D('',#3526,#3527,#3528);
#3526 = CARTESIAN_POINT('',(-83.,-2.,-42.));
#3527 = DIRECTION('',(0.,1.,0.));
#3528 = DIRECTION('',(1.,0.,0.));
#3529 = DEFINITIONAL_REPRESENTATION('',(#3530),#3533);
#3530 = B_SPLINE_CURVE_WITH_KNOTS('',1,(#3531,#3532),.UNSPECIFIED.,.F.,
  .F.,(2,2),(14.5,17.),.PIECEWISE_BEZIER_KNOTS.);
#3531 = CARTESIAN_POINT('',(2.7,-3.5));
#3532 = CARTESIAN_POINT('',(2.7,-6.));
#3533 = ( GEOMETRIC_REPRESENTATION_CONTEXT(2) 
PARAMETRIC_REPRESENTATION_CONTEXT() REPRESENTATION_CONTEXT('2D SPACE',''
  ) );
#3534 = ORIENTED_EDGE('',*,*,#3535,.T.);
#3535 = EDGE_CURVE('',#3510,#119,#3536,.T.);
#3536 = SURFACE_CURVE('',#3537,(#3541,#3547),.PCURVE_S1.);
#3537 = LINE('',#3538,#3539);
#3538 = CARTESIAN_POINT('',(-80.3,-2.,-36.64182867015));
#3539 = VECTOR('',#3540,1.);
#3540 = DIRECTION('',(0.,1.,0.));
#3541 = PCURVE('',#133,#3542);
#3542 = DEFINITIONAL_REPRESENTATION('',(#3543),#3546);
#3543 = B_SPLINE_CURVE_WITH_KNOTS('',1,(#3544,#3545),.UNSPECIFIED.,.F.,
  .F.,(2,2),(-5.999999999062E-07,14.0000006),.PIECEWISE_BEZIER_KNOTS.);
#3544 = CARTESIAN_POINT('',(27.358171329848,-26.2999994));
#3545 = CARTESIAN_POINT('',(27.358171329848,-40.3000006));
#3546 = ( GEOMETRIC_REPRESENTATION_CONTEXT(2) 
PARAMETRIC_REPRESENTATION_CONTEXT() REPRESENTATION_CONTEXT('2D SPACE',''
  ) );
#3547 = PCURVE('',#161,#3548);
#3548 = DEFINITIONAL_REPRESENTATION('',(#3549),#3552);
#3549 = B_SPLINE_CURVE_WITH_KNOTS('',1,(#3550,#3551),.UNSPECIFIED.,.F.,
  .F.,(2,2),(0.,14.),.PIECEWISE_BEZIER_KNOTS.);
#3550 = CARTESIAN_POINT('',(5.179154319432,0.));
#3551 = CARTESIAN_POINT('',(5.179154319432,14.));
#3552 = ( GEOMETRIC_REPRESENTATION_CONTEXT(2) 
PARAMETRIC_REPRESENTATION_CONTEXT() REPRESENTATION_CONTEXT('2D SPACE',''
  ) );
#3553 = ORIENTED_EDGE('',*,*,#118,.F.);
#3554 = ORIENTED_EDGE('',*,*,#1736,.F.);
#3555 = ADVANCED_FACE('',(#3556),#3524,.F.);
#3556 = FACE_BOUND('',#3557,.F.);
#3557 = EDGE_LOOP('',(#3558,#3582,#3604));
#3558 = ORIENTED_EDGE('',*,*,#3559,.T.);
#3559 = EDGE_CURVE('',#3510,#3560,#3562,.T.);
#3560 = VERTEX_POINT('',#3561);
#3561 = CARTESIAN_POINT('',(-79.01684375944,-2.,-46.48714456679));
#3562 = SURFACE_CURVE('',#3563,(#3568,#3575),.PCURVE_S1.);
#3563 = CIRCLE('',#3564,6.);
#3564 = AXIS2_PLACEMENT_3D('',#3565,#3566,#3567);
#3565 = CARTESIAN_POINT('',(-83.,-2.,-42.));
#3566 = DIRECTION('',(0.,1.,0.));
#3567 = DIRECTION('',(0.45,-0.,0.893028554975));
#3568 = PCURVE('',#3524,#3569);
#3569 = DEFINITIONAL_REPRESENTATION('',(#3570),#3574);
#3570 = CIRCLE('',#3571,6.);
#3571 = AXIS2_PLACEMENT_2D('',#3572,#3573);
#3572 = CARTESIAN_POINT('',(0.,0.));
#3573 = DIRECTION('',(0.45,-0.893028554975));
#3574 = ( GEOMETRIC_REPRESENTATION_CONTEXT(2) 
PARAMETRIC_REPRESENTATION_CONTEXT() REPRESENTATION_CONTEXT('2D SPACE',''
  ) );
#3575 = PCURVE('',#161,#3576);
#3576 = DEFINITIONAL_REPRESENTATION('',(#3577),#3581);
#3577 = LINE('',#3578,#3579);
#3578 = CARTESIAN_POINT('',(5.179154319432,0.));
#3579 = VECTOR('',#3580,1.);
#3580 = DIRECTION('',(1.,0.));
#3581 = ( GEOMETRIC_REPRESENTATION_CONTEXT(2) 
PARAMETRIC_REPRESENTATION_CONTEXT() REPRESENTATION_CONTEXT('2D SPACE',''
  ) );
#3582 = ORIENTED_EDGE('',*,*,#3583,.T.);
#3583 = EDGE_CURVE('',#3560,#3487,#3584,.T.);
#3584 = SURFACE_CURVE('',#3585,(#3590,#3597),.PCURVE_S1.);
#3585 = CIRCLE('',#3586,25.5);
#3586 = AXIS2_PLACEMENT_3D('',#3587,#3588,#3589);
#3587 = CARTESIAN_POINT('',(-54.8,-2.,-38.5));
#3588 = DIRECTION('',(-0.,1.,0.));
#3589 = DIRECTION('',(-1.,-0.,0.));
#3590 = PCURVE('',#3524,#3591);
#3591 = DEFINITIONAL_REPRESENTATION('',(#3592),#3596);
#3592 = CIRCLE('',#3593,25.5);
#3593 = AXIS2_PLACEMENT_2D('',#3594,#3595);
#3594 = CARTESIAN_POINT('',(28.2,-3.5));
#3595 = DIRECTION('',(-1.,-0.));
#3596 = ( GEOMETRIC_REPRESENTATION_CONTEXT(2) 
PARAMETRIC_REPRESENTATION_CONTEXT() REPRESENTATION_CONTEXT('2D SPACE',''
  ) );
#3597 = PCURVE('',#190,#3598);
#3598 = DEFINITIONAL_REPRESENTATION('',(#3599),#3603);
#3599 = LINE('',#3600,#3601);
#3600 = CARTESIAN_POINT('',(-6.28318530718,26.3));
#3601 = VECTOR('',#3602,1.);
#3602 = DIRECTION('',(1.,-0.));
#3603 = ( GEOMETRIC_REPRESENTATION_CONTEXT(2) 
PARAMETRIC_REPRESENTATION_CONTEXT() REPRESENTATION_CONTEXT('2D SPACE',''
  ) );
#3604 = ORIENTED_EDGE('',*,*,#3509,.T.);
#3605 = ADVANCED_FACE('',(#3606),#161,.T.);
#3606 = FACE_BOUND('',#3607,.T.);
#3607 = EDGE_LOOP('',(#3608,#3609,#3610,#3629));
#3608 = ORIENTED_EDGE('',*,*,#3535,.F.);
#3609 = ORIENTED_EDGE('',*,*,#3559,.T.);
#3610 = ORIENTED_EDGE('',*,*,#3611,.T.);
#3611 = EDGE_CURVE('',#3560,#145,#3612,.T.);
#3612 = SURFACE_CURVE('',#3613,(#3617,#3623),.PCURVE_S1.);
#3613 = LINE('',#3614,#3615);
#3614 = CARTESIAN_POINT('',(-79.01684375944,-28.3,-46.48714456679));
#3615 = VECTOR('',#3616,1.);
#3616 = DIRECTION('',(-0.,1.,0.));
#3617 = PCURVE('',#161,#3618);
#3618 = DEFINITIONAL_REPRESENTATION('',(#3619),#3622);
#3619 = B_SPLINE_CURVE_WITH_KNOTS('',1,(#3620,#3621),.UNSPECIFIED.,.F.,
  .F.,(2,2),(26.3,40.3),.PIECEWISE_BEZIER_KNOTS.);
#3620 = CARTESIAN_POINT('',(7.128014042979,0.));
#3621 = CARTESIAN_POINT('',(7.128014042979,14.));
#3622 = ( GEOMETRIC_REPRESENTATION_CONTEXT(2) 
PARAMETRIC_REPRESENTATION_CONTEXT() REPRESENTATION_CONTEXT('2D SPACE',''
  ) );
#3623 = PCURVE('',#190,#3624);
#3624 = DEFINITIONAL_REPRESENTATION('',(#3625),#3628);
#3625 = B_SPLINE_CURVE_WITH_KNOTS('',1,(#3626,#3627),.UNSPECIFIED.,.F.,
  .F.,(2,2),(26.2999994,40.3000006),.PIECEWISE_BEZIER_KNOTS.);
#3626 = CARTESIAN_POINT('',(-0.318583186262,26.2999994));
#3627 = CARTESIAN_POINT('',(-0.318583186262,40.3000006));
#3628 = ( GEOMETRIC_REPRESENTATION_CONTEXT(2) 
PARAMETRIC_REPRESENTATION_CONTEXT() REPRESENTATION_CONTEXT('2D SPACE',''
  ) );
#3629 = ORIENTED_EDGE('',*,*,#144,.F.);
#3630 = ADVANCED_FACE('',(#3631),#190,.F.);
#3631 = FACE_BOUND('',#3632,.T.);
#3632 = EDGE_LOOP('',(#3633,#3634,#3655,#3656,#3657,#3658));
#3633 = ORIENTED_EDGE('',*,*,#2118,.F.);
#3634 = ORIENTED_EDGE('',*,*,#3635,.T.);
#3635 = EDGE_CURVE('',#2119,#174,#3636,.T.);
#3636 = SURFACE_CURVE('',#3637,(#3641,#3648),.PCURVE_S1.);
#3637 = LINE('',#3638,#3639);
#3638 = CARTESIAN_POINT('',(-54.8,-28.3,-64.));
#3639 = VECTOR('',#3640,1.);
#3640 = DIRECTION('',(-0.,1.,0.));
#3641 = PCURVE('',#190,#3642);
#3642 = DEFINITIONAL_REPRESENTATION('',(#3643),#3647);
#3643 = LINE('',#3644,#3645);
#3644 = CARTESIAN_POINT('',(-1.570796326795,0.));
#3645 = VECTOR('',#3646,1.);
#3646 = DIRECTION('',(-0.,1.));
#3647 = ( GEOMETRIC_REPRESENTATION_CONTEXT(2) 
PARAMETRIC_REPRESENTATION_CONTEXT() REPRESENTATION_CONTEXT('2D SPACE',''
  ) );
#3648 = PCURVE('',#217,#3649);
#3649 = DEFINITIONAL_REPRESENTATION('',(#3650),#3654);
#3650 = LINE('',#3651,#3652);
#3651 = CARTESIAN_POINT('',(25.5,0.));
#3652 = VECTOR('',#3653,1.);
#3653 = DIRECTION('',(0.,1.));
#3654 = ( GEOMETRIC_REPRESENTATION_CONTEXT(2) 
PARAMETRIC_REPRESENTATION_CONTEXT() REPRESENTATION_CONTEXT('2D SPACE',''
  ) );
#3655 = ORIENTED_EDGE('',*,*,#173,.T.);
#3656 = ORIENTED_EDGE('',*,*,#3611,.F.);
#3657 = ORIENTED_EDGE('',*,*,#3583,.T.);
#3658 = ORIENTED_EDGE('',*,*,#3486,.F.);
#3659 = ADVANCED_FACE('',(#3660),#217,.T.);
#3660 = FACE_BOUND('',#3661,.T.);
#3661 = EDGE_LOOP('',(#3662,#3663,#3664,#3685));
#3662 = ORIENTED_EDGE('',*,*,#3635,.F.);
#3663 = ORIENTED_EDGE('',*,*,#2170,.T.);
#3664 = ORIENTED_EDGE('',*,*,#3665,.T.);
#3665 = EDGE_CURVE('',#2171,#203,#3666,.T.);
#3666 = SURFACE_CURVE('',#3667,(#3671,#3678),.PCURVE_S1.);
#3667 = LINE('',#3668,#3669);
#3668 = CARTESIAN_POINT('',(54.8,-28.3,-64.));
#3669 = VECTOR('',#3670,1.);
#3670 = DIRECTION('',(-0.,1.,0.));
#3671 = PCURVE('',#217,#3672);
#3672 = DEFINITIONAL_REPRESENTATION('',(#3673),#3677);
#3673 = LINE('',#3674,#3675);
#3674 = CARTESIAN_POINT('',(135.1,0.));
#3675 = VECTOR('',#3676,1.);
#3676 = DIRECTION('',(0.,1.));
#3677 = ( GEOMETRIC_REPRESENTATION_CONTEXT(2) 
PARAMETRIC_REPRESENTATION_CONTEXT() REPRESENTATION_CONTEXT('2D SPACE',''
  ) );
#3678 = PCURVE('',#245,#3679);
#3679 = DEFINITIONAL_REPRESENTATION('',(#3680),#3684);
#3680 = LINE('',#3681,#3682);
#3681 = CARTESIAN_POINT('',(1.570796326795,0.));
#3682 = VECTOR('',#3683,1.);
#3683 = DIRECTION('',(0.,1.));
#3684 = ( GEOMETRIC_REPRESENTATION_CONTEXT(2) 
PARAMETRIC_REPRESENTATION_CONTEXT() REPRESENTATION_CONTEXT('2D SPACE',''
  ) );
#3685 = ORIENTED_EDGE('',*,*,#202,.F.);
#3686 = ADVANCED_FACE('',(#3687),#245,.F.);
#3687 = FACE_BOUND('',#3688,.F.);
#3688 = EDGE_LOOP('',(#3689,#3690,#3691,#3692,#3713,#3742));
#3689 = ORIENTED_EDGE('',*,*,#2244,.F.);
#3690 = ORIENTED_EDGE('',*,*,#3665,.T.);
#3691 = ORIENTED_EDGE('',*,*,#228,.F.);
#3692 = ORIENTED_EDGE('',*,*,#3693,.F.);
#3693 = EDGE_CURVE('',#3694,#229,#3696,.T.);
#3694 = VERTEX_POINT('',#3695);
#3695 = CARTESIAN_POINT('',(79.016843759441,-2.,-46.48714456679));
#3696 = SURFACE_CURVE('',#3697,(#3701,#3707),.PCURVE_S1.);
#3697 = LINE('',#3698,#3699);
#3698 = CARTESIAN_POINT('',(79.016843759441,-28.3,-46.48714456679));
#3699 = VECTOR('',#3700,1.);
#3700 = DIRECTION('',(-0.,1.,0.));
#3701 = PCURVE('',#245,#3702);
#3702 = DEFINITIONAL_REPRESENTATION('',(#3703),#3706);
#3703 = B_SPLINE_CURVE_WITH_KNOTS('',1,(#3704,#3705),.UNSPECIFIED.,.F.,
  .F.,(2,2),(26.2999994,40.3000006),.PIECEWISE_BEZIER_KNOTS.);
#3704 = CARTESIAN_POINT('',(0.318583186262,26.2999994));
#3705 = CARTESIAN_POINT('',(0.318583186262,40.3000006));
#3706 = ( GEOMETRIC_REPRESENTATION_CONTEXT(2) 
PARAMETRIC_REPRESENTATION_CONTEXT() REPRESENTATION_CONTEXT('2D SPACE',''
  ) );
#3707 = PCURVE('',#274,#3708);
#3708 = DEFINITIONAL_REPRESENTATION('',(#3709),#3712);
#3709 = B_SPLINE_CURVE_WITH_KNOTS('',1,(#3710,#3711),.UNSPECIFIED.,.F.,
  .F.,(2,2),(26.2999994,40.3000006),.PIECEWISE_BEZIER_KNOTS.);
#3710 = CARTESIAN_POINT('',(2.29676391779,-5.999999999062E-07));
#3711 = CARTESIAN_POINT('',(2.29676391779,14.0000006));
#3712 = ( GEOMETRIC_REPRESENTATION_CONTEXT(2) 
PARAMETRIC_REPRESENTATION_CONTEXT() REPRESENTATION_CONTEXT('2D SPACE',''
  ) );
#3713 = ORIENTED_EDGE('',*,*,#3714,.F.);
#3714 = EDGE_CURVE('',#3715,#3694,#3717,.T.);
#3715 = VERTEX_POINT('',#3716);
#3716 = CARTESIAN_POINT('',(80.3,-2.,-38.5));
#3717 = SURFACE_CURVE('',#3718,(#3723,#3730),.PCURVE_S1.);
#3718 = CIRCLE('',#3719,25.5);
#3719 = AXIS2_PLACEMENT_3D('',#3720,#3721,#3722);
#3720 = CARTESIAN_POINT('',(54.8,-2.,-38.5));
#3721 = DIRECTION('',(0.,1.,0.));
#3722 = DIRECTION('',(1.,0.,-0.));
#3723 = PCURVE('',#245,#3724);
#3724 = DEFINITIONAL_REPRESENTATION('',(#3725),#3729);
#3725 = LINE('',#3726,#3727);
#3726 = CARTESIAN_POINT('',(0.,26.3));
#3727 = VECTOR('',#3728,1.);
#3728 = DIRECTION('',(1.,0.));
#3729 = ( GEOMETRIC_REPRESENTATION_CONTEXT(2) 
PARAMETRIC_REPRESENTATION_CONTEXT() REPRESENTATION_CONTEXT('2D SPACE',''
  ) );
#3730 = PCURVE('',#3731,#3736);
#3731 = PLANE('',#3732);
#3732 = AXIS2_PLACEMENT_3D('',#3733,#3734,#3735);
#3733 = CARTESIAN_POINT('',(83.,-2.,-42.));
#3734 = DIRECTION('',(0.,1.,0.));
#3735 = DIRECTION('',(1.,0.,0.));
#3736 = DEFINITIONAL_REPRESENTATION('',(#3737),#3741);
#3737 = CIRCLE('',#3738,25.5);
#3738 = AXIS2_PLACEMENT_2D('',#3739,#3740);
#3739 = CARTESIAN_POINT('',(-28.2,-3.5));
#3740 = DIRECTION('',(1.,0.));
#3741 = ( GEOMETRIC_REPRESENTATION_CONTEXT(2) 
PARAMETRIC_REPRESENTATION_CONTEXT() REPRESENTATION_CONTEXT('2D SPACE',''
  ) );
#3742 = ORIENTED_EDGE('',*,*,#3743,.F.);
#3743 = EDGE_CURVE('',#2245,#3715,#3744,.T.);
#3744 = SURFACE_CURVE('',#3745,(#3749,#3756),.PCURVE_S1.);
#3745 = LINE('',#3746,#3747);
#3746 = CARTESIAN_POINT('',(80.3,-28.3,-38.5));
#3747 = VECTOR('',#3748,1.);
#3748 = DIRECTION('',(-0.,1.,0.));
#3749 = PCURVE('',#245,#3750);
#3750 = DEFINITIONAL_REPRESENTATION('',(#3751),#3755);
#3751 = LINE('',#3752,#3753);
#3752 = CARTESIAN_POINT('',(0.,0.));
#3753 = VECTOR('',#3754,1.);
#3754 = DIRECTION('',(0.,1.));
#3755 = ( GEOMETRIC_REPRESENTATION_CONTEXT(2) 
PARAMETRIC_REPRESENTATION_CONTEXT() REPRESENTATION_CONTEXT('2D SPACE',''
  ) );
#3756 = PCURVE('',#301,#3757);
#3757 = DEFINITIONAL_REPRESENTATION('',(#3758),#3762);
#3758 = LINE('',#3759,#3760);
#3759 = CARTESIAN_POINT('',(25.5,0.));
#3760 = VECTOR('',#3761,1.);
#3761 = DIRECTION('',(0.,-1.));
#3762 = ( GEOMETRIC_REPRESENTATION_CONTEXT(2) 
PARAMETRIC_REPRESENTATION_CONTEXT() REPRESENTATION_CONTEXT('2D SPACE',''
  ) );
#3763 = ADVANCED_FACE('',(#3764),#3731,.F.);
#3764 = FACE_BOUND('',#3765,.F.);
#3765 = EDGE_LOOP('',(#3766,#3767,#3791));
#3766 = ORIENTED_EDGE('',*,*,#3714,.T.);
#3767 = ORIENTED_EDGE('',*,*,#3768,.T.);
#3768 = EDGE_CURVE('',#3694,#3769,#3771,.T.);
#3769 = VERTEX_POINT('',#3770);
#3770 = CARTESIAN_POINT('',(80.3,-2.,-36.64182867015));
#3771 = SURFACE_CURVE('',#3772,(#3777,#3784),.PCURVE_S1.);
#3772 = CIRCLE('',#3773,6.);
#3773 = AXIS2_PLACEMENT_3D('',#3774,#3775,#3776);
#3774 = CARTESIAN_POINT('',(83.,-2.,-42.));
#3775 = DIRECTION('',(-0.,1.,0.));
#3776 = DIRECTION('',(1.,0.,0.));
#3777 = PCURVE('',#3731,#3778);
#3778 = DEFINITIONAL_REPRESENTATION('',(#3779),#3783);
#3779 = CIRCLE('',#3780,6.);
#3780 = AXIS2_PLACEMENT_2D('',#3781,#3782);
#3781 = CARTESIAN_POINT('',(0.,0.));
#3782 = DIRECTION('',(1.,0.));
#3783 = ( GEOMETRIC_REPRESENTATION_CONTEXT(2) 
PARAMETRIC_REPRESENTATION_CONTEXT() REPRESENTATION_CONTEXT('2D SPACE',''
  ) );
#3784 = PCURVE('',#274,#3785);
#3785 = DEFINITIONAL_REPRESENTATION('',(#3786),#3790);
#3786 = LINE('',#3787,#3788);
#3787 = CARTESIAN_POINT('',(0.,0.));
#3788 = VECTOR('',#3789,1.);
#3789 = DIRECTION('',(1.,0.));
#3790 = ( GEOMETRIC_REPRESENTATION_CONTEXT(2) 
PARAMETRIC_REPRESENTATION_CONTEXT() REPRESENTATION_CONTEXT('2D SPACE',''
  ) );
#3791 = ORIENTED_EDGE('',*,*,#3792,.F.);
#3792 = EDGE_CURVE('',#3715,#3769,#3793,.T.);
#3793 = SURFACE_CURVE('',#3794,(#3798,#3804),.PCURVE_S1.);
#3794 = LINE('',#3795,#3796);
#3795 = CARTESIAN_POINT('',(80.3,-2.,-53.));
#3796 = VECTOR('',#3797,1.);
#3797 = DIRECTION('',(0.,-0.,1.));
#3798 = PCURVE('',#3731,#3799);
#3799 = DEFINITIONAL_REPRESENTATION('',(#3800),#3803);
#3800 = B_SPLINE_CURVE_WITH_KNOTS('',1,(#3801,#3802),.UNSPECIFIED.,.F.,
  .F.,(2,2),(14.5,17.),.PIECEWISE_BEZIER_KNOTS.);
#3801 = CARTESIAN_POINT('',(-2.7,-3.5));
#3802 = CARTESIAN_POINT('',(-2.7,-6.));
#3803 = ( GEOMETRIC_REPRESENTATION_CONTEXT(2) 
PARAMETRIC_REPRESENTATION_CONTEXT() REPRESENTATION_CONTEXT('2D SPACE',''
  ) );
#3804 = PCURVE('',#301,#3805);
#3805 = DEFINITIONAL_REPRESENTATION('',(#3806),#3809);
#3806 = B_SPLINE_CURVE_WITH_KNOTS('',1,(#3807,#3808),.UNSPECIFIED.,.F.,
  .F.,(2,2),(14.5,17.),.PIECEWISE_BEZIER_KNOTS.);
#3807 = CARTESIAN_POINT('',(25.5,-26.3));
#3808 = CARTESIAN_POINT('',(28.,-26.3));
#3809 = ( GEOMETRIC_REPRESENTATION_CONTEXT(2) 
PARAMETRIC_REPRESENTATION_CONTEXT() REPRESENTATION_CONTEXT('2D SPACE',''
  ) );
#3810 = ADVANCED_FACE('',(#3811),#274,.T.);
#3811 = FACE_BOUND('',#3812,.T.);
#3812 = EDGE_LOOP('',(#3813,#3814,#3815,#3816));
#3813 = ORIENTED_EDGE('',*,*,#257,.F.);
#3814 = ORIENTED_EDGE('',*,*,#3693,.F.);
#3815 = ORIENTED_EDGE('',*,*,#3768,.T.);
#3816 = ORIENTED_EDGE('',*,*,#3817,.T.);
#3817 = EDGE_CURVE('',#3769,#258,#3818,.T.);
#3818 = SURFACE_CURVE('',#3819,(#3823,#3829),.PCURVE_S1.);
#3819 = LINE('',#3820,#3821);
#3820 = CARTESIAN_POINT('',(80.3,-2.,-36.64182867015));
#3821 = VECTOR('',#3822,1.);
#3822 = DIRECTION('',(0.,1.,0.));
#3823 = PCURVE('',#274,#3824);
#3824 = DEFINITIONAL_REPRESENTATION('',(#3825),#3828);
#3825 = B_SPLINE_CURVE_WITH_KNOTS('',1,(#3826,#3827),.UNSPECIFIED.,.F.,
  .F.,(2,2),(-5.999999999062E-07,14.0000006),.PIECEWISE_BEZIER_KNOTS.);
#3826 = CARTESIAN_POINT('',(4.245623641337,-5.999999999062E-07));
#3827 = CARTESIAN_POINT('',(4.245623641337,14.0000006));
#3828 = ( GEOMETRIC_REPRESENTATION_CONTEXT(2) 
PARAMETRIC_REPRESENTATION_CONTEXT() REPRESENTATION_CONTEXT('2D SPACE',''
  ) );
#3829 = PCURVE('',#301,#3830);
#3830 = DEFINITIONAL_REPRESENTATION('',(#3831),#3834);
#3831 = B_SPLINE_CURVE_WITH_KNOTS('',1,(#3832,#3833),.UNSPECIFIED.,.F.,
  .F.,(2,2),(-5.999999999062E-07,14.0000006),.PIECEWISE_BEZIER_KNOTS.);
#3832 = CARTESIAN_POINT('',(27.358171329848,-26.2999994));
#3833 = CARTESIAN_POINT('',(27.358171329848,-40.3000006));
#3834 = ( GEOMETRIC_REPRESENTATION_CONTEXT(2) 
PARAMETRIC_REPRESENTATION_CONTEXT() REPRESENTATION_CONTEXT('2D SPACE',''
  ) );
#3835 = ADVANCED_FACE('',(#3836),#301,.F.);
#3836 = FACE_BOUND('',#3837,.F.);
#3837 = EDGE_LOOP('',(#3838,#3839,#3840,#3841,#3842,#3843));
#3838 = ORIENTED_EDGE('',*,*,#2297,.F.);
#3839 = ORIENTED_EDGE('',*,*,#3743,.T.);
#3840 = ORIENTED_EDGE('',*,*,#3792,.T.);
#3841 = ORIENTED_EDGE('',*,*,#3817,.T.);
#3842 = ORIENTED_EDGE('',*,*,#286,.F.);
#3843 = ORIENTED_EDGE('',*,*,#3844,.T.);
#3844 = EDGE_CURVE('',#287,#2298,#3845,.T.);
#3845 = SURFACE_CURVE('',#3846,(#3851,#3862),.PCURVE_S1.);
#3846 = CIRCLE('',#3847,30.925353676231);
#3847 = AXIS2_PLACEMENT_3D('',#3848,#3849,#3850);
#3848 = CARTESIAN_POINT('',(80.3,-0.34,43.05));
#3849 = DIRECTION('',(-1.,0.,-0.));
#3850 = DIRECTION('',(0.,0.167015066475,-0.985954343553));
#3851 = PCURVE('',#301,#3852);
#3852 = DEFINITIONAL_REPRESENTATION('',(#3853),#3861);
#3853 = ( BOUNDED_CURVE() B_SPLINE_CURVE(2,(#3854,#3855,#3856,#3857,
#3858,#3859,#3860),.UNSPECIFIED.,.T.,.F.) B_SPLINE_CURVE_WITH_KNOTS((1,2
    ,2,2,2,1),(-2.094395102393,0.,2.094395102393,4.188790204786,
6.28318530718,8.377580409573),.UNSPECIFIED.) CURVE() 
GEOMETRIC_REPRESENTATION_ITEM() RATIONAL_B_SPLINE_CURVE((1.,0.5,1.,0.5,
1.,0.5,1.)) REPRESENTATION_ITEM('') );
#3854 = CARTESIAN_POINT('',(76.559013217018,-33.125));
#3855 = CARTESIAN_POINT('',(67.612970795924,19.686938281036));
#3856 = CARTESIAN_POINT('',(117.82247218094,1.028469140518));
#3857 = CARTESIAN_POINT('',(168.03197356596,-17.63));
#3858 = CARTESIAN_POINT('',(126.76851460203,-51.78346914051));
#3859 = CARTESIAN_POINT('',(85.505055638111,-85.93693828103));
#3860 = CARTESIAN_POINT('',(76.559013217018,-33.125));
#3861 = ( GEOMETRIC_REPRESENTATION_CONTEXT(2) 
PARAMETRIC_REPRESENTATION_CONTEXT() REPRESENTATION_CONTEXT('2D SPACE',''
  ) );
#3862 = PCURVE('',#329,#3863);
#3863 = DEFINITIONAL_REPRESENTATION('',(#3864),#3920);
#3864 = B_SPLINE_CURVE_WITH_KNOTS('',8,(#3865,#3866,#3867,#3868,#3869,
    #3870,#3871,#3872,#3873,#3874,#3875,#3876,#3877,#3878,#3879,#3880,
    #3881,#3882,#3883,#3884,#3885,#3886,#3887,#3888,#3889,#3890,#3891,
    #3892,#3893,#3894,#3895,#3896,#3897,#3898,#3899,#3900,#3901,#3902,
    #3903,#3904,#3905,#3906,#3907,#3908,#3909,#3910,#3911,#3912,#3913,
    #3914,#3915,#3916,#3917,#3918,#3919),.UNSPECIFIED.,.F.,.F.,(9,7,7,7,
    7,4,7,7,9),(0.,2.426079791399E-02,6.644711964847E-02,0.114660058774,
    0.140373626307,0.167801431676,0.187709059637,0.207616687597,
    0.247431943518),.UNSPECIFIED.);
#3865 = CARTESIAN_POINT('',(7.459534250765,-1.389330551071));
#3866 = CARTESIAN_POINT('',(7.453182630432,-1.392130274592));
#3867 = CARTESIAN_POINT('',(7.446605756322,-1.394921538363));
#3868 = CARTESIAN_POINT('',(7.439790522626,-1.39770382029));
#3869 = CARTESIAN_POINT('',(7.432722686038,-1.400476548912));
#3870 = CARTESIAN_POINT('',(7.425386725154,-1.403239096412));
#3871 = CARTESIAN_POINT('',(7.417765676121,-1.40599077018));
#3872 = CARTESIAN_POINT('',(7.409840939967,-1.408730802554));
#3873 = CARTESIAN_POINT('',(7.387248339657,-1.416201162747));
#3874 = CARTESIAN_POINT('',(7.371924502402,-1.420906201015));
#3875 = CARTESIAN_POINT('',(7.355513014422,-1.425568954017));
#3876 = CARTESIAN_POINT('',(7.337889138809,-1.430184115673));
#3877 = CARTESIAN_POINT('',(7.318907848799,-1.434745362229));
#3878 = CARTESIAN_POINT('',(7.298398759781,-1.439245064653));
#3879 = CARTESIAN_POINT('',(7.276161023115,-1.443673866955));
#3880 = CARTESIAN_POINT('',(7.224301961736,-1.452987166068));
#3881 = CARTESIAN_POINT('',(7.194079667548,-1.457846379107));
#3882 = CARTESIAN_POINT('',(7.1609434045,-1.462580247925));
#3883 = CARTESIAN_POINT('',(7.124485800576,-1.467167351311));
#3884 = CARTESIAN_POINT('',(7.084239346965,-1.471580994103));
#3885 = CARTESIAN_POINT('',(7.039678227028,-1.475787978044));
#3886 = CARTESIAN_POINT('',(6.990257127804,-1.479745919263));
#3887 = CARTESIAN_POINT('',(6.906447710043,-1.48535607242));
#3888 = CARTESIAN_POINT('',(6.87580691656,-1.48722234014));
#3889 = CARTESIAN_POINT('',(6.843619076757,-1.48899591649));
#3890 = CARTESIAN_POINT('',(6.809840654645,-1.490668583672));
#3891 = CARTESIAN_POINT('',(6.774448715265,-1.492231560195));
#3892 = CARTESIAN_POINT('',(6.737452810621,-1.493675690211));
#3893 = CARTESIAN_POINT('',(6.698906678051,-1.494991800011));
#3894 = CARTESIAN_POINT('',(6.616256093926,-1.497429334429));
#3895 = CARTESIAN_POINT('',(6.571952391311,-1.498531930473));
#3896 = CARTESIAN_POINT('',(6.52612961821,-1.499468553647));
#3897 = CARTESIAN_POINT('',(6.478978977691,-1.500229407562));
#3898 = CARTESIAN_POINT('',(6.395767473775,-1.501224646011));
#3899 = CARTESIAN_POINT('',(6.310373519601,-1.501653321375));
#3900 = CARTESIAN_POINT('',(6.224680231877,-1.501499978007));
#3901 = CARTESIAN_POINT('',(6.140571196558,-1.50077583127));
#3902 = CARTESIAN_POINT('',(6.105611207217,-1.500371995699));
#3903 = CARTESIAN_POINT('',(6.071184000744,-1.499871292957));
#3904 = CARTESIAN_POINT('',(6.037391273127,-1.49927672961));
#3905 = CARTESIAN_POINT('',(5.971241484725,-1.49790674414));
#3906 = CARTESIAN_POINT('',(5.938884418655,-1.497131322144));
#3907 = CARTESIAN_POINT('',(5.907328498649,-1.496268901948));
#3908 = CARTESIAN_POINT('',(5.876638564394,-1.495323342461));
#3909 = CARTESIAN_POINT('',(5.846859956253,-1.49429876382));
#3910 = CARTESIAN_POINT('',(5.818020231714,-1.493199391518));
#3911 = CARTESIAN_POINT('',(5.790132173329,-1.492029430984));
#3912 = CARTESIAN_POINT('',(5.709325579684,-1.488320115071));
#3913 = CARTESIAN_POINT('',(5.659264601935,-1.485581325385));
#3914 = CARTESIAN_POINT('',(5.613020863931,-1.482609497702));
#3915 = CARTESIAN_POINT('',(5.570409743213,-1.479435968553));
#3916 = CARTESIAN_POINT('',(5.531153503076,-1.476087879959));
#3917 = CARTESIAN_POINT('',(5.494961103147,-1.472588252976));
#3918 = CARTESIAN_POINT('',(5.461546276872,-1.468956533979));
#3919 = CARTESIAN_POINT('',(5.430643109065,-1.465209143076));
#3920 = ( GEOMETRIC_REPRESENTATION_CONTEXT(2) 
PARAMETRIC_REPRESENTATION_CONTEXT() REPRESENTATION_CONTEXT('2D SPACE',''
  ) );
#3921 = ADVANCED_FACE('',(#3922),#329,.F.);
#3922 = FACE_BOUND('',#3923,.F.);
#3923 = EDGE_LOOP('',(#3924,#4053,#4054,#4082,#4083,#4084,#4085,#4086,
    #4087,#4088,#4089,#4090,#4091,#4092));
#3924 = ORIENTED_EDGE('',*,*,#3925,.T.);
#3925 = EDGE_CURVE('',#313,#725,#3926,.T.);
#3926 = SURFACE_CURVE('',#3927,(#3951,#4002),.PCURVE_S1.);
#3927 = B_SPLINE_CURVE_WITH_KNOTS('',8,(#3928,#3929,#3930,#3931,#3932,
    #3933,#3934,#3935,#3936,#3937,#3938,#3939,#3940,#3941,#3942,#3943,
    #3944,#3945,#3946,#3947,#3948,#3949,#3950),.UNSPECIFIED.,.F.,.F.,(9,
    7,7,9),(0.,8.200732135446E-02,0.41234628508,0.544352053425),
  .UNSPECIFIED.);
#3928 = CARTESIAN_POINT('',(80.447943509154,4.825,12.56980592893));
#3929 = CARTESIAN_POINT('',(80.487498603935,4.697697088967,
    12.551216015728));
#3930 = CARTESIAN_POINT('',(80.526573148097,4.570304666046,
    12.533253973939));
#3931 = CARTESIAN_POINT('',(80.565130283472,4.442822921227,
    12.515914526106));
#3932 = CARTESIAN_POINT('',(80.603131696594,4.315252105127,
    12.499192121119));
#3933 = CARTESIAN_POINT('',(80.640537593489,4.187592517807,
    12.483080923936));
#3934 = CARTESIAN_POINT('',(80.677306700993,4.05984449712,12.46757481123
    ));
#3935 = CARTESIAN_POINT('',(80.713396307996,3.932008406581,
    12.452667375628));
#3936 = CARTESIAN_POINT('',(80.89122265986,3.288786603718,
    12.380687025303));
#3937 = CARTESIAN_POINT('',(81.022075173953,2.771586308369,
    12.332574368766));
#3938 = CARTESIAN_POINT('',(81.138160380231,2.25338241644,
    12.293707511374));
#3939 = CARTESIAN_POINT('',(81.236126716581,1.734843150994,
    12.263586707191));
#3940 = CARTESIAN_POINT('',(81.312611284742,1.216350679433,
    12.241592828358));
#3941 = CARTESIAN_POINT('',(81.36463360928,0.697906838612,
    12.227104727792));
#3942 = CARTESIAN_POINT('',(81.390683531752,0.179125464832,
    12.219852899361));
#3943 = CARTESIAN_POINT('',(81.390683531752,-0.547446179162,
    12.219852899361));
#3944 = CARTESIAN_POINT('',(81.386521524649,-0.754872520475,
    12.221009398857));
#3945 = CARTESIAN_POINT('',(81.378203099759,-0.962310294731,
    12.223324748875));
#3946 = CARTESIAN_POINT('',(81.365766418472,-1.16977984218,
    12.226807407627));
#3947 = CARTESIAN_POINT('',(81.349282214261,-1.377290572531,
    12.231471940507));
#3948 = CARTESIAN_POINT('',(81.328853792676,-1.584840964954,
    12.237339020094));
#3949 = CARTESIAN_POINT('',(81.304617031346,-1.79241856808,
    12.244435426151));
#3950 = CARTESIAN_POINT('',(81.276740379979,-2.,12.252794045625));
#3951 = PCURVE('',#329,#3952);
#3952 = DEFINITIONAL_REPRESENTATION('',(#3953),#4001);
#3953 = B_SPLINE_CURVE_WITH_KNOTS('',3,(#3954,#3955,#3956,#3957,#3958,
    #3959,#3960,#3961,#3962,#3963,#3964,#3965,#3966,#3967,#3968,#3969,
    #3970,#3971,#3972,#3973,#3974,#3975,#3976,#3977,#3978,#3979,#3980,
    #3981,#3982,#3983,#3984,#3985,#3986,#3987,#3988,#3989,#3990,#3991,
    #3992,#3993,#3994,#3995,#3996,#3997,#3998,#3999,#4000),
  .UNSPECIFIED.,.F.,.F.,(4,1,1,1,1,1,1,1,1,1,1,1,1,1,1,1,1,1,1,1,1,1,1,1
    ,1,1,1,1,1,1,1,1,1,1,1,1,1,1,1,1,1,1,1,1,4),(0.,1.237163757785E-02,
    2.474327515569E-02,3.711491273354E-02,4.948655031139E-02,
    6.185818788924E-02,7.422982546708E-02,8.660146304493E-02,
    9.897310062278E-02,0.111344738201,0.123716375778,0.136088013356,
    0.148459650934,0.160831288512,0.17320292609,0.185574563668,
    0.197946201246,0.210317838823,0.222689476401,0.235061113979,
    0.247432751557,0.259804389135,0.272176026713,0.28454766429,
    0.296919301868,0.309290939446,0.321662577024,0.334034214602,
    0.34640585218,0.358777489758,0.371149127335,0.383520764913,
    0.395892402491,0.408264040069,0.420635677647,0.433007315225,
    0.445378952802,0.45775059038,0.470122227958,0.482493865536,
    0.494865503114,0.507237140692,0.51960877827,0.531980415847,
    0.544352053425),.QUASI_UNIFORM_KNOTS.);
#3954 = CARTESIAN_POINT('',(7.435371298171,-1.387411461281));
#3955 = CARTESIAN_POINT('',(7.429116900902,-1.388734366748));
#3956 = CARTESIAN_POINT('',(7.416370961417,-1.391361343373));
#3957 = CARTESIAN_POINT('',(7.396510134447,-1.395242600985));
#3958 = CARTESIAN_POINT('',(7.375877214401,-1.399061998894));
#3959 = CARTESIAN_POINT('',(7.354440949459,-1.402816702658));
#3960 = CARTESIAN_POINT('',(7.33216963023,-1.406503737978));
#3961 = CARTESIAN_POINT('',(7.309030694424,-1.410120028331));
#3962 = CARTESIAN_POINT('',(7.28499257268,-1.413662176373));
#3963 = CARTESIAN_POINT('',(7.260016452433,-1.417127612937));
#3964 = CARTESIAN_POINT('',(7.234071899377,-1.420512361579));
#3965 = CARTESIAN_POINT('',(7.207129032299,-1.423812381594));
#3966 = CARTESIAN_POINT('',(7.179159096981,-1.427023510349));
#3967 = CARTESIAN_POINT('',(7.150134848165,-1.430141481182));
#3968 = CARTESIAN_POINT('',(7.120031059186,-1.433161923019));
#3969 = CARTESIAN_POINT('',(7.088825076733,-1.43608036722));
#3970 = CARTESIAN_POINT('',(7.056497443982,-1.438892255199));
#3971 = CARTESIAN_POINT('',(7.023032584243,-1.441592948989));
#3972 = CARTESIAN_POINT('',(6.988419542021,-1.444177744618));
#3973 = CARTESIAN_POINT('',(6.952652772583,-1.446641888795));
#3974 = CARTESIAN_POINT('',(6.91573296725,-1.448980599231));
#3975 = CARTESIAN_POINT('',(6.877667896356,-1.451189088904));
#3976 = CARTESIAN_POINT('',(6.838473246316,-1.453262594512));
#3977 = CARTESIAN_POINT('',(6.798173421498,-1.455196409225));
#3978 = CARTESIAN_POINT('',(6.756802276125,-1.456985919749));
#3979 = CARTESIAN_POINT('',(6.714403736906,-1.458626647449));
#3980 = CARTESIAN_POINT('',(6.67103227394,-1.460114293137));
#3981 = CARTESIAN_POINT('',(6.626753176847,-1.461444784835));
#3982 = CARTESIAN_POINT('',(6.581642594873,-1.462614327577));
#3983 = CARTESIAN_POINT('',(6.535787306686,-1.463619454088));
#3984 = CARTESIAN_POINT('',(6.489284190595,-1.464457074981));
#3985 = CARTESIAN_POINT('',(6.442239395553,-1.465124526897));
#3986 = CARTESIAN_POINT('',(6.394767167714,-1.465619617286));
#3987 = CARTESIAN_POINT('',(6.346988535239,-1.465940663476));
#3988 = CARTESIAN_POINT('',(6.299029213616,-1.466086527962));
#3989 = CARTESIAN_POINT('',(6.251019314449,-1.466056636919));
#3990 = CARTESIAN_POINT('',(6.203099974074,-1.46585109724));
#3991 = CARTESIAN_POINT('',(6.155395271656,-1.465470554367));
#3992 = CARTESIAN_POINT('',(6.108029607632,-1.464916213871));
#3993 = CARTESIAN_POINT('',(6.061121596636,-1.464189821019));
#3994 = CARTESIAN_POINT('',(6.014783475715,-1.463293634206));
#3995 = CARTESIAN_POINT('',(5.969119321637,-1.462230387873));
#3996 = CARTESIAN_POINT('',(5.924224078758,-1.461003245415));
#3997 = CARTESIAN_POINT('',(5.880182356557,-1.4596157563));
#3998 = CARTESIAN_POINT('',(5.837069293024,-1.458071773165));
#3999 = CARTESIAN_POINT('',(5.808986665816,-1.456940927858));
#4000 = CARTESIAN_POINT('',(5.7951209821,-1.456350808955));
#4001 = ( GEOMETRIC_REPRESENTATION_CONTEXT(2) 
PARAMETRIC_REPRESENTATION_CONTEXT() REPRESENTATION_CONTEXT('2D SPACE',''
  ) );
#4002 = PCURVE('',#362,#4003);
#4003 = DEFINITIONAL_REPRESENTATION('',(#4004),#4052);
#4004 = B_SPLINE_CURVE_WITH_KNOTS('',3,(#4005,#4006,#4007,#4008,#4009,
    #4010,#4011,#4012,#4013,#4014,#4015,#4016,#4017,#4018,#4019,#4020,
    #4021,#4022,#4023,#4024,#4025,#4026,#4027,#4028,#4029,#4030,#4031,
    #4032,#4033,#4034,#4035,#4036,#4037,#4038,#4039,#4040,#4041,#4042,
    #4043,#4044,#4045,#4046,#4047,#4048,#4049,#4050,#4051),
  .UNSPECIFIED.,.F.,.F.,(4,1,1,1,1,1,1,1,1,1,1,1,1,1,1,1,1,1,1,1,1,1,1,1
    ,1,1,1,1,1,1,1,1,1,1,1,1,1,1,1,1,1,1,1,1,4),(0.,1.237163757785E-02,
    2.474327515569E-02,3.711491273354E-02,4.948655031139E-02,
    6.185818788924E-02,7.422982546708E-02,8.660146304493E-02,
    9.897310062278E-02,0.111344738201,0.123716375778,0.136088013356,
    0.148459650934,0.160831288512,0.17320292609,0.185574563668,
    0.197946201246,0.210317838823,0.222689476401,0.235061113979,
    0.247432751557,0.259804389135,0.272176026713,0.28454766429,
    0.296919301868,0.309290939446,0.321662577024,0.334034214602,
    0.34640585218,0.358777489758,0.371149127335,0.383520764913,
    0.395892402491,0.408264040069,0.420635677647,0.433007315225,
    0.445378952802,0.45775059038,0.470122227958,0.482493865536,
    0.494865503114,0.507237140692,0.51960877827,0.531980415847,
    0.544352053425),.QUASI_UNIFORM_KNOTS.);
#4005 = CARTESIAN_POINT('',(2.010136892895,6.825));
#4006 = CARTESIAN_POINT('',(2.007206489983,6.77378683724));
#4007 = CARTESIAN_POINT('',(2.001395309859,6.671322470926));
#4008 = CARTESIAN_POINT('',(1.992833110804,6.517512083287));
#4009 = CARTESIAN_POINT('',(1.984431082249,6.363588168368));
#4010 = CARTESIAN_POINT('',(1.976195154871,6.209550943722));
#4011 = CARTESIAN_POINT('',(1.968131508369,6.055401218178));
#4012 = CARTESIAN_POINT('',(1.960246473849,5.901137736455));
#4013 = CARTESIAN_POINT('',(1.952546996804,5.746767078428));
#4014 = CARTESIAN_POINT('',(1.945038134154,5.592251889414));
#4015 = CARTESIAN_POINT('',(1.937727896476,5.437608647247));
#4016 = CARTESIAN_POINT('',(1.930624298854,5.282851393668));
#4017 = CARTESIAN_POINT('',(1.923735475732,5.127993776764));
#4018 = CARTESIAN_POINT('',(1.917069627819,4.97304846434));
#4019 = CARTESIAN_POINT('',(1.910635010397,4.818027261696));
#4020 = CARTESIAN_POINT('',(1.904439906805,4.662941041667));
#4021 = CARTESIAN_POINT('',(1.898492602095,4.507799727153));
#4022 = CARTESIAN_POINT('',(1.892801352824,4.352612263071));
#4023 = CARTESIAN_POINT('',(1.887374354157,4.197386596021));
#4024 = CARTESIAN_POINT('',(1.88221970409,4.042129658302));
#4025 = CARTESIAN_POINT('',(1.877345365073,3.886847358779));
#4026 = CARTESIAN_POINT('',(1.872759123265,3.731544581686));
#4027 = CARTESIAN_POINT('',(1.868468545726,3.576225194928));
#4028 = CARTESIAN_POINT('',(1.864480935921,3.420892069415));
#4029 = CARTESIAN_POINT('',(1.86080328798,3.265547111084));
#4030 = CARTESIAN_POINT('',(1.857442240198,3.110191307384));
#4031 = CARTESIAN_POINT('',(1.854404028342,2.95482478997));
#4032 = CARTESIAN_POINT('',(1.851694439372,2.79944691575));
#4033 = CARTESIAN_POINT('',(1.849318766256,2.644056367498));
#4034 = CARTESIAN_POINT('',(1.847281764635,2.488651279102));
#4035 = CARTESIAN_POINT('',(1.845587611954,2.333229376447));
#4036 = CARTESIAN_POINT('',(1.844239870596,2.177788178025));
#4037 = CARTESIAN_POINT('',(1.843241453221,2.022325101448));
#4038 = CARTESIAN_POINT('',(1.842594601276,1.866838061281));
#4039 = CARTESIAN_POINT('',(1.842300840102,1.711324384944));
#4040 = CARTESIAN_POINT('',(1.842361051802,1.555786169546));
#4041 = CARTESIAN_POINT('',(1.842775201506,1.400258758376));
#4042 = CARTESIAN_POINT('',(1.843542256446,1.244726738303));
#4043 = CARTESIAN_POINT('',(1.844660621087,1.089186790866));
#4044 = CARTESIAN_POINT('',(1.84612803884,0.933634153373));
#4045 = CARTESIAN_POINT('',(1.847941620965,0.778066245783));
#4046 = CARTESIAN_POINT('',(1.850097840198,0.622481702087));
#4047 = CARTESIAN_POINT('',(1.852592541116,0.466880617887));
#4048 = CARTESIAN_POINT('',(1.855420922177,0.311264528713));
#4049 = CARTESIAN_POINT('',(1.858577618092,0.155636249165));
#4050 = CARTESIAN_POINT('',(1.86089681512,5.187910841696E-02));
#4051 = CARTESIAN_POINT('',(1.862109101508,-1.24344978758E-14));
#4052 = ( GEOMETRIC_REPRESENTATION_CONTEXT(2) 
PARAMETRIC_REPRESENTATION_CONTEXT() REPRESENTATION_CONTEXT('2D SPACE',''
  ) );
#4053 = ORIENTED_EDGE('',*,*,#722,.F.);
#4054 = ORIENTED_EDGE('',*,*,#4055,.F.);
#4055 = EDGE_CURVE('',#2879,#723,#4056,.T.);
#4056 = SURFACE_CURVE('',#4057,(#4062,#4075),.PCURVE_S1.);
#4057 = CIRCLE('',#4058,30.233714624571);
#4058 = AXIS2_PLACEMENT_3D('',#4059,#4060,#4061);
#4059 = CARTESIAN_POINT('',(85.,-0.34,43.05));
#4060 = DIRECTION('',(1.,0.,-0.));
#4061 = DIRECTION('',(0.,0.,1.));
#4062 = PCURVE('',#329,#4063);
#4063 = DEFINITIONAL_REPRESENTATION('',(#4064),#4074);
#4064 = B_SPLINE_CURVE_WITH_KNOTS('',8,(#4065,#4066,#4067,#4068,#4069,
    #4070,#4071,#4072,#4073),.UNSPECIFIED.,.F.,.F.,(9,9),(3.053497500459
    ,3.086659437474),.PIECEWISE_BEZIER_KNOTS.);
#4065 = CARTESIAN_POINT('',(5.912787253953,-1.331475130243));
#4066 = CARTESIAN_POINT('',(5.928624005164,-1.332975652011));
#4067 = CARTESIAN_POINT('',(5.944689992916,-1.334406236481));
#4068 = CARTESIAN_POINT('',(5.960978500652,-1.335765128895));
#4069 = CARTESIAN_POINT('',(5.977481539929,-1.33705061903));
#4070 = CARTESIAN_POINT('',(5.994189802921,-1.338261057647));
#4071 = CARTESIAN_POINT('',(6.011092640169,-1.339394875346));
#4072 = CARTESIAN_POINT('',(6.028178087815,-1.340450601908));
#4073 = CARTESIAN_POINT('',(6.045432946267,-1.341426884411));
#4074 = ( GEOMETRIC_REPRESENTATION_CONTEXT(2) 
PARAMETRIC_REPRESENTATION_CONTEXT() REPRESENTATION_CONTEXT('2D SPACE',''
  ) );
#4075 = PCURVE('',#389,#4076);
#4076 = DEFINITIONAL_REPRESENTATION('',(#4077),#4081);
#4077 = CIRCLE('',#4078,30.233714624571);
#4078 = AXIS2_PLACEMENT_2D('',#4079,#4080);
#4079 = CARTESIAN_POINT('',(114.05,-32.66));
#4080 = DIRECTION('',(1.,0.));
#4081 = ( GEOMETRIC_REPRESENTATION_CONTEXT(2) 
PARAMETRIC_REPRESENTATION_CONTEXT() REPRESENTATION_CONTEXT('2D SPACE',''
  ) );
#4082 = ORIENTED_EDGE('',*,*,#2954,.T.);
#4083 = ORIENTED_EDGE('',*,*,#3065,.F.);
#4084 = ORIENTED_EDGE('',*,*,#3223,.T.);
#4085 = ORIENTED_EDGE('',*,*,#3290,.F.);
#4086 = ORIENTED_EDGE('',*,*,#3316,.F.);
#4087 = ORIENTED_EDGE('',*,*,#3392,.T.);
#4088 = ORIENTED_EDGE('',*,*,#3420,.F.);
#4089 = ORIENTED_EDGE('',*,*,#2499,.T.);
#4090 = ORIENTED_EDGE('',*,*,#2373,.F.);
#4091 = ORIENTED_EDGE('',*,*,#3844,.F.);
#4092 = ORIENTED_EDGE('',*,*,#312,.F.);
#4093 = ADVANCED_FACE('',(#4094),#362,.T.);
#4094 = FACE_BOUND('',#4095,.T.);
#4095 = EDGE_LOOP('',(#4096,#4097,#4116,#4117));
#4096 = ORIENTED_EDGE('',*,*,#768,.F.);
#4097 = ORIENTED_EDGE('',*,*,#4098,.T.);
#4098 = EDGE_CURVE('',#769,#346,#4099,.T.);
#4099 = SURFACE_CURVE('',#4100,(#4104,#4110),.PCURVE_S1.);
#4100 = LINE('',#4101,#4102);
#4101 = CARTESIAN_POINT('',(85.,-2.,12.343145750508));
#4102 = VECTOR('',#4103,1.);
#4103 = DIRECTION('',(0.,1.,0.));
#4104 = PCURVE('',#362,#4105);
#4105 = DEFINITIONAL_REPRESENTATION('',(#4106),#4109);
#4106 = B_SPLINE_CURVE_WITH_KNOTS('',1,(#4107,#4108),.UNSPECIFIED.,.F.,
  .F.,(2,2),(0.,14.),.PIECEWISE_BEZIER_KNOTS.);
#4107 = CARTESIAN_POINT('',(7.51414472452,0.));
#4108 = CARTESIAN_POINT('',(7.51414472452,14.));
#4109 = ( GEOMETRIC_REPRESENTATION_CONTEXT(2) 
PARAMETRIC_REPRESENTATION_CONTEXT() REPRESENTATION_CONTEXT('2D SPACE',''
  ) );
#4110 = PCURVE('',#389,#4111);
#4111 = DEFINITIONAL_REPRESENTATION('',(#4112),#4115);
#4112 = B_SPLINE_CURVE_WITH_KNOTS('',1,(#4113,#4114),.UNSPECIFIED.,.F.,
  .F.,(2,2),(-5.999999999062E-07,14.0000006),.PIECEWISE_BEZIER_KNOTS.);
#4113 = CARTESIAN_POINT('',(83.343145750508,-30.9999994));
#4114 = CARTESIAN_POINT('',(83.343145750508,-45.0000006));
#4115 = ( GEOMETRIC_REPRESENTATION_CONTEXT(2) 
PARAMETRIC_REPRESENTATION_CONTEXT() REPRESENTATION_CONTEXT('2D SPACE',''
  ) );
#4116 = ORIENTED_EDGE('',*,*,#345,.F.);
#4117 = ORIENTED_EDGE('',*,*,#3925,.T.);
#4118 = ADVANCED_FACE('',(#4119),#389,.T.);
#4119 = FACE_BOUND('',#4120,.T.);
#4120 = EDGE_LOOP('',(#4121,#4122,#4145,#4171,#4190,#4191,#4192,#4193));
#4121 = ORIENTED_EDGE('',*,*,#2878,.F.);
#4122 = ORIENTED_EDGE('',*,*,#4123,.T.);
#4123 = EDGE_CURVE('',#2826,#4124,#4126,.T.);
#4124 = VERTEX_POINT('',#4125);
#4125 = CARTESIAN_POINT('',(85.,-2.,-41.));
#4126 = SURFACE_CURVE('',#4127,(#4131,#4138),.PCURVE_S1.);
#4127 = LINE('',#4128,#4129);
#4128 = CARTESIAN_POINT('',(85.,-33.,-41.));
#4129 = VECTOR('',#4130,1.);
#4130 = DIRECTION('',(-0.,1.,0.));
#4131 = PCURVE('',#389,#4132);
#4132 = DEFINITIONAL_REPRESENTATION('',(#4133),#4137);
#4133 = LINE('',#4134,#4135);
#4134 = CARTESIAN_POINT('',(30.,0.));
#4135 = VECTOR('',#4136,1.);
#4136 = DIRECTION('',(0.,-1.));
#4137 = ( GEOMETRIC_REPRESENTATION_CONTEXT(2) 
PARAMETRIC_REPRESENTATION_CONTEXT() REPRESENTATION_CONTEXT('2D SPACE',''
  ) );
#4138 = PCURVE('',#446,#4139);
#4139 = DEFINITIONAL_REPRESENTATION('',(#4140),#4144);
#4140 = LINE('',#4141,#4142);
#4141 = CARTESIAN_POINT('',(0.,0.));
#4142 = VECTOR('',#4143,1.);
#4143 = DIRECTION('',(0.,1.));
#4144 = ( GEOMETRIC_REPRESENTATION_CONTEXT(2) 
PARAMETRIC_REPRESENTATION_CONTEXT() REPRESENTATION_CONTEXT('2D SPACE',''
  ) );
#4145 = ORIENTED_EDGE('',*,*,#4146,.T.);
#4146 = EDGE_CURVE('',#4124,#4147,#4149,.T.);
#4147 = VERTEX_POINT('',#4148);
#4148 = CARTESIAN_POINT('',(85.,-2.,-36.3431457505));
#4149 = SURFACE_CURVE('',#4150,(#4154,#4160),.PCURVE_S1.);
#4150 = LINE('',#4151,#4152);
#4151 = CARTESIAN_POINT('',(85.,-2.,-56.5));
#4152 = VECTOR('',#4153,1.);
#4153 = DIRECTION('',(0.,-0.,1.));
#4154 = PCURVE('',#389,#4155);
#4155 = DEFINITIONAL_REPRESENTATION('',(#4156),#4159);
#4156 = B_SPLINE_CURVE_WITH_KNOTS('',1,(#4157,#4158),.UNSPECIFIED.,.F.,
  .F.,(2,2),(15.5,20.5),.PIECEWISE_BEZIER_KNOTS.);
#4157 = CARTESIAN_POINT('',(30.,-31.));
#4158 = CARTESIAN_POINT('',(35.,-31.));
#4159 = ( GEOMETRIC_REPRESENTATION_CONTEXT(2) 
PARAMETRIC_REPRESENTATION_CONTEXT() REPRESENTATION_CONTEXT('2D SPACE',''
  ) );
#4160 = PCURVE('',#4161,#4166);
#4161 = PLANE('',#4162);
#4162 = AXIS2_PLACEMENT_3D('',#4163,#4164,#4165);
#4163 = CARTESIAN_POINT('',(83.,-2.,-42.));
#4164 = DIRECTION('',(0.,1.,0.));
#4165 = DIRECTION('',(1.,0.,0.));
#4166 = DEFINITIONAL_REPRESENTATION('',(#4167),#4170);
#4167 = B_SPLINE_CURVE_WITH_KNOTS('',1,(#4168,#4169),.UNSPECIFIED.,.F.,
  .F.,(2,2),(15.5,20.5),.PIECEWISE_BEZIER_KNOTS.);
#4168 = CARTESIAN_POINT('',(2.,-1.));
#4169 = CARTESIAN_POINT('',(2.,-6.));
#4170 = ( GEOMETRIC_REPRESENTATION_CONTEXT(2) 
PARAMETRIC_REPRESENTATION_CONTEXT() REPRESENTATION_CONTEXT('2D SPACE',''
  ) );
#4171 = ORIENTED_EDGE('',*,*,#4172,.T.);
#4172 = EDGE_CURVE('',#4147,#375,#4173,.T.);
#4173 = SURFACE_CURVE('',#4174,(#4178,#4184),.PCURVE_S1.);
#4174 = LINE('',#4175,#4176);
#4175 = CARTESIAN_POINT('',(85.,-2.,-36.3431457505));
#4176 = VECTOR('',#4177,1.);
#4177 = DIRECTION('',(0.,1.,0.));
#4178 = PCURVE('',#389,#4179);
#4179 = DEFINITIONAL_REPRESENTATION('',(#4180),#4183);
#4180 = B_SPLINE_CURVE_WITH_KNOTS('',1,(#4181,#4182),.UNSPECIFIED.,.F.,
  .F.,(2,2),(-5.999999999062E-07,14.0000006),.PIECEWISE_BEZIER_KNOTS.);
#4181 = CARTESIAN_POINT('',(34.656854249492,-30.9999994));
#4182 = CARTESIAN_POINT('',(34.656854249492,-45.0000006));
#4183 = ( GEOMETRIC_REPRESENTATION_CONTEXT(2) 
PARAMETRIC_REPRESENTATION_CONTEXT() REPRESENTATION_CONTEXT('2D SPACE',''
  ) );
#4184 = PCURVE('',#417,#4185);
#4185 = DEFINITIONAL_REPRESENTATION('',(#4186),#4189);
#4186 = B_SPLINE_CURVE_WITH_KNOTS('',1,(#4187,#4188),.UNSPECIFIED.,.F.,
  .F.,(2,2),(0.,14.),.PIECEWISE_BEZIER_KNOTS.);
#4187 = CARTESIAN_POINT('',(5.052225889839,0.));
#4188 = CARTESIAN_POINT('',(5.052225889839,14.));
#4189 = ( GEOMETRIC_REPRESENTATION_CONTEXT(2) 
PARAMETRIC_REPRESENTATION_CONTEXT() REPRESENTATION_CONTEXT('2D SPACE',''
  ) );
#4190 = ORIENTED_EDGE('',*,*,#374,.F.);
#4191 = ORIENTED_EDGE('',*,*,#4098,.F.);
#4192 = ORIENTED_EDGE('',*,*,#796,.T.);
#4193 = ORIENTED_EDGE('',*,*,#4055,.F.);
#4194 = ADVANCED_FACE('',(#4195),#4161,.F.);
#4195 = FACE_BOUND('',#4196,.F.);
#4196 = EDGE_LOOP('',(#4197,#4198,#4226));
#4197 = ORIENTED_EDGE('',*,*,#4146,.T.);
#4198 = ORIENTED_EDGE('',*,*,#4199,.F.);
#4199 = EDGE_CURVE('',#4200,#4147,#4202,.T.);
#4200 = VERTEX_POINT('',#4201);
#4201 = CARTESIAN_POINT('',(84.20076359058,-2.,-47.87861946374));
#4202 = SURFACE_CURVE('',#4203,(#4208,#4219),.PCURVE_S1.);
#4203 = CIRCLE('',#4204,6.);
#4204 = AXIS2_PLACEMENT_3D('',#4205,#4206,#4207);
#4205 = CARTESIAN_POINT('',(83.,-2.,-42.));
#4206 = DIRECTION('',(0.,-1.,0.));
#4207 = DIRECTION('',(0.200127265097,0.,-0.979769910624));
#4208 = PCURVE('',#4161,#4209);
#4209 = DEFINITIONAL_REPRESENTATION('',(#4210),#4218);
#4210 = ( BOUNDED_CURVE() B_SPLINE_CURVE(2,(#4211,#4212,#4213,#4214,
#4215,#4216,#4217),.UNSPECIFIED.,.T.,.F.) B_SPLINE_CURVE_WITH_KNOTS((1,2
    ,2,2,2,1),(-2.094395102393,0.,2.094395102393,4.188790204786,
6.28318530718,8.377580409573),.UNSPECIFIED.) CURVE() 
GEOMETRIC_REPRESENTATION_ITEM() RATIONAL_B_SPLINE_CURVE((1.,0.5,1.,0.5,
1.,0.5,1.)) REPRESENTATION_ITEM('') );
#4211 = CARTESIAN_POINT('',(1.20076359058,5.878619463746));
#4212 = CARTESIAN_POINT('',(11.382831180152,3.798835916982));
#4213 = CARTESIAN_POINT('',(4.490651999496,-3.979201505255));
#4214 = CARTESIAN_POINT('',(-2.401527181161,-11.75723892749));
#4215 = CARTESIAN_POINT('',(-5.691415590076,-1.899417958491));
#4216 = CARTESIAN_POINT('',(-8.981303998991,7.95840301051));
#4217 = CARTESIAN_POINT('',(1.20076359058,5.878619463746));
#4218 = ( GEOMETRIC_REPRESENTATION_CONTEXT(2) 
PARAMETRIC_REPRESENTATION_CONTEXT() REPRESENTATION_CONTEXT('2D SPACE',''
  ) );
#4219 = PCURVE('',#417,#4220);
#4220 = DEFINITIONAL_REPRESENTATION('',(#4221),#4225);
#4221 = LINE('',#4222,#4223);
#4222 = CARTESIAN_POINT('',(7.652493822066,0.));
#4223 = VECTOR('',#4224,1.);
#4224 = DIRECTION('',(-1.,-0.));
#4225 = ( GEOMETRIC_REPRESENTATION_CONTEXT(2) 
PARAMETRIC_REPRESENTATION_CONTEXT() REPRESENTATION_CONTEXT('2D SPACE',''
  ) );
#4226 = ORIENTED_EDGE('',*,*,#4227,.F.);
#4227 = EDGE_CURVE('',#4124,#4200,#4228,.T.);
#4228 = SURFACE_CURVE('',#4229,(#4234,#4241),.PCURVE_S1.);
#4229 = CIRCLE('',#4230,30.);
#4230 = AXIS2_PLACEMENT_3D('',#4231,#4232,#4233);
#4231 = CARTESIAN_POINT('',(55.,-2.,-41.));
#4232 = DIRECTION('',(0.,1.,0.));
#4233 = DIRECTION('',(1.,0.,-0.));
#4234 = PCURVE('',#4161,#4235);
#4235 = DEFINITIONAL_REPRESENTATION('',(#4236),#4240);
#4236 = CIRCLE('',#4237,30.);
#4237 = AXIS2_PLACEMENT_2D('',#4238,#4239);
#4238 = CARTESIAN_POINT('',(-28.,-1.));
#4239 = DIRECTION('',(1.,0.));
#4240 = ( GEOMETRIC_REPRESENTATION_CONTEXT(2) 
PARAMETRIC_REPRESENTATION_CONTEXT() REPRESENTATION_CONTEXT('2D SPACE',''
  ) );
#4241 = PCURVE('',#446,#4242);
#4242 = DEFINITIONAL_REPRESENTATION('',(#4243),#4247);
#4243 = LINE('',#4244,#4245);
#4244 = CARTESIAN_POINT('',(0.,31.));
#4245 = VECTOR('',#4246,1.);
#4246 = DIRECTION('',(1.,0.));
#4247 = ( GEOMETRIC_REPRESENTATION_CONTEXT(2) 
PARAMETRIC_REPRESENTATION_CONTEXT() REPRESENTATION_CONTEXT('2D SPACE',''
  ) );
#4248 = ADVANCED_FACE('',(#4249),#417,.T.);
#4249 = FACE_BOUND('',#4250,.T.);
#4250 = EDGE_LOOP('',(#4251,#4270,#4271,#4272));
#4251 = ORIENTED_EDGE('',*,*,#4252,.T.);
#4252 = EDGE_CURVE('',#4200,#401,#4253,.T.);
#4253 = SURFACE_CURVE('',#4254,(#4258,#4264),.PCURVE_S1.);
#4254 = LINE('',#4255,#4256);
#4255 = CARTESIAN_POINT('',(84.20076359058,-33.,-47.87861946374));
#4256 = VECTOR('',#4257,1.);
#4257 = DIRECTION('',(-0.,1.,0.));
#4258 = PCURVE('',#417,#4259);
#4259 = DEFINITIONAL_REPRESENTATION('',(#4260),#4263);
#4260 = B_SPLINE_CURVE_WITH_KNOTS('',1,(#4261,#4262),.UNSPECIFIED.,.F.,
  .F.,(2,2),(31.,45.),.PIECEWISE_BEZIER_KNOTS.);
#4261 = CARTESIAN_POINT('',(7.652493822066,0.));
#4262 = CARTESIAN_POINT('',(7.652493822066,14.));
#4263 = ( GEOMETRIC_REPRESENTATION_CONTEXT(2) 
PARAMETRIC_REPRESENTATION_CONTEXT() REPRESENTATION_CONTEXT('2D SPACE',''
  ) );
#4264 = PCURVE('',#446,#4265);
#4265 = DEFINITIONAL_REPRESENTATION('',(#4266),#4269);
#4266 = B_SPLINE_CURVE_WITH_KNOTS('',1,(#4267,#4268),.UNSPECIFIED.,.F.,
  .F.,(2,2),(30.9999994,45.0000006),.PIECEWISE_BEZIER_KNOTS.);
#4267 = CARTESIAN_POINT('',(0.231345428645,30.9999994));
#4268 = CARTESIAN_POINT('',(0.231345428645,45.0000006));
#4269 = ( GEOMETRIC_REPRESENTATION_CONTEXT(2) 
PARAMETRIC_REPRESENTATION_CONTEXT() REPRESENTATION_CONTEXT('2D SPACE',''
  ) );
#4270 = ORIENTED_EDGE('',*,*,#400,.F.);
#4271 = ORIENTED_EDGE('',*,*,#4172,.F.);
#4272 = ORIENTED_EDGE('',*,*,#4199,.F.);
#4273 = ADVANCED_FACE('',(#4274),#446,.T.);
#4274 = FACE_BOUND('',#4275,.T.);
#4275 = EDGE_LOOP('',(#4276,#4277,#4298,#4299,#4300,#4301));
#4276 = ORIENTED_EDGE('',*,*,#2825,.F.);
#4277 = ORIENTED_EDGE('',*,*,#4278,.T.);
#4278 = EDGE_CURVE('',#2752,#430,#4279,.T.);
#4279 = SURFACE_CURVE('',#4280,(#4284,#4291),.PCURVE_S1.);
#4280 = LINE('',#4281,#4282);
#4281 = CARTESIAN_POINT('',(55.,-33.,-71.));
#4282 = VECTOR('',#4283,1.);
#4283 = DIRECTION('',(-0.,1.,0.));
#4284 = PCURVE('',#446,#4285);
#4285 = DEFINITIONAL_REPRESENTATION('',(#4286),#4290);
#4286 = LINE('',#4287,#4288);
#4287 = CARTESIAN_POINT('',(1.570796326795,0.));
#4288 = VECTOR('',#4289,1.);
#4289 = DIRECTION('',(0.,1.));
#4290 = ( GEOMETRIC_REPRESENTATION_CONTEXT(2) 
PARAMETRIC_REPRESENTATION_CONTEXT() REPRESENTATION_CONTEXT('2D SPACE',''
  ) );
#4291 = PCURVE('',#473,#4292);
#4292 = DEFINITIONAL_REPRESENTATION('',(#4293),#4297);
#4293 = LINE('',#4294,#4295);
#4294 = CARTESIAN_POINT('',(140.,0.));
#4295 = VECTOR('',#4296,1.);
#4296 = DIRECTION('',(0.,1.));
#4297 = ( GEOMETRIC_REPRESENTATION_CONTEXT(2) 
PARAMETRIC_REPRESENTATION_CONTEXT() REPRESENTATION_CONTEXT('2D SPACE',''
  ) );
#4298 = ORIENTED_EDGE('',*,*,#429,.F.);
#4299 = ORIENTED_EDGE('',*,*,#4252,.F.);
#4300 = ORIENTED_EDGE('',*,*,#4227,.F.);
#4301 = ORIENTED_EDGE('',*,*,#4123,.F.);
#4302 = ADVANCED_FACE('',(#4303),#473,.F.);
#4303 = FACE_BOUND('',#4304,.F.);
#4304 = EDGE_LOOP('',(#4305,#4326,#4327,#4328));
#4305 = ORIENTED_EDGE('',*,*,#4306,.F.);
#4306 = EDGE_CURVE('',#2700,#459,#4307,.T.);
#4307 = SURFACE_CURVE('',#4308,(#4312,#4319),.PCURVE_S1.);
#4308 = LINE('',#4309,#4310);
#4309 = CARTESIAN_POINT('',(-55.,-33.,-71.));
#4310 = VECTOR('',#4311,1.);
#4311 = DIRECTION('',(-0.,1.,0.));
#4312 = PCURVE('',#473,#4313);
#4313 = DEFINITIONAL_REPRESENTATION('',(#4314),#4318);
#4314 = LINE('',#4315,#4316);
#4315 = CARTESIAN_POINT('',(30.,0.));
#4316 = VECTOR('',#4317,1.);
#4317 = DIRECTION('',(0.,1.));
#4318 = ( GEOMETRIC_REPRESENTATION_CONTEXT(2) 
PARAMETRIC_REPRESENTATION_CONTEXT() REPRESENTATION_CONTEXT('2D SPACE',''
  ) );
#4319 = PCURVE('',#501,#4320);
#4320 = DEFINITIONAL_REPRESENTATION('',(#4321),#4325);
#4321 = LINE('',#4322,#4323);
#4322 = CARTESIAN_POINT('',(-1.570796326795,0.));
#4323 = VECTOR('',#4324,1.);
#4324 = DIRECTION('',(-0.,1.));
#4325 = ( GEOMETRIC_REPRESENTATION_CONTEXT(2) 
PARAMETRIC_REPRESENTATION_CONTEXT() REPRESENTATION_CONTEXT('2D SPACE',''
  ) );
#4326 = ORIENTED_EDGE('',*,*,#2751,.T.);
#4327 = ORIENTED_EDGE('',*,*,#4278,.T.);
#4328 = ORIENTED_EDGE('',*,*,#458,.F.);
#4329 = ADVANCED_FACE('',(#4330),#501,.T.);
#4330 = FACE_BOUND('',#4331,.F.);
#4331 = EDGE_LOOP('',(#4332,#4333,#4334,#4335,#4356,#4385));
#4332 = ORIENTED_EDGE('',*,*,#2699,.F.);
#4333 = ORIENTED_EDGE('',*,*,#4306,.T.);
#4334 = ORIENTED_EDGE('',*,*,#484,.T.);
#4335 = ORIENTED_EDGE('',*,*,#4336,.F.);
#4336 = EDGE_CURVE('',#4337,#485,#4339,.T.);
#4337 = VERTEX_POINT('',#4338);
#4338 = CARTESIAN_POINT('',(-84.20076359058,-2.,-47.87861946374));
#4339 = SURFACE_CURVE('',#4340,(#4344,#4350),.PCURVE_S1.);
#4340 = LINE('',#4341,#4342);
#4341 = CARTESIAN_POINT('',(-84.20076359058,-33.,-47.87861946374));
#4342 = VECTOR('',#4343,1.);
#4343 = DIRECTION('',(-0.,1.,0.));
#4344 = PCURVE('',#501,#4345);
#4345 = DEFINITIONAL_REPRESENTATION('',(#4346),#4349);
#4346 = B_SPLINE_CURVE_WITH_KNOTS('',1,(#4347,#4348),.UNSPECIFIED.,.F.,
  .F.,(2,2),(30.9999994,45.0000006),.PIECEWISE_BEZIER_KNOTS.);
#4347 = CARTESIAN_POINT('',(-0.231345428645,30.9999994));
#4348 = CARTESIAN_POINT('',(-0.231345428645,45.0000006));
#4349 = ( GEOMETRIC_REPRESENTATION_CONTEXT(2) 
PARAMETRIC_REPRESENTATION_CONTEXT() REPRESENTATION_CONTEXT('2D SPACE',''
  ) );
#4350 = PCURVE('',#528,#4351);
#4351 = DEFINITIONAL_REPRESENTATION('',(#4352),#4355);
#4352 = B_SPLINE_CURVE_WITH_KNOTS('',1,(#4353,#4354),.UNSPECIFIED.,.F.,
  .F.,(2,2),(30.9999994,45.0000006),.PIECEWISE_BEZIER_KNOTS.);
#4353 = CARTESIAN_POINT('',(1.772284138703,-5.999999999062E-07));
#4354 = CARTESIAN_POINT('',(1.772284138703,14.0000006));
#4355 = ( GEOMETRIC_REPRESENTATION_CONTEXT(2) 
PARAMETRIC_REPRESENTATION_CONTEXT() REPRESENTATION_CONTEXT('2D SPACE',''
  ) );
#4356 = ORIENTED_EDGE('',*,*,#4357,.T.);
#4357 = EDGE_CURVE('',#4337,#4358,#4360,.T.);
#4358 = VERTEX_POINT('',#4359);
#4359 = CARTESIAN_POINT('',(-85.,-2.,-41.));
#4360 = SURFACE_CURVE('',#4361,(#4366,#4373),.PCURVE_S1.);
#4361 = CIRCLE('',#4362,30.);
#4362 = AXIS2_PLACEMENT_3D('',#4363,#4364,#4365);
#4363 = CARTESIAN_POINT('',(-55.,-2.,-41.));
#4364 = DIRECTION('',(-0.,1.,0.));
#4365 = DIRECTION('',(-1.,-0.,0.));
#4366 = PCURVE('',#501,#4367);
#4367 = DEFINITIONAL_REPRESENTATION('',(#4368),#4372);
#4368 = LINE('',#4369,#4370);
#4369 = CARTESIAN_POINT('',(-6.28318530718,31.));
#4370 = VECTOR('',#4371,1.);
#4371 = DIRECTION('',(1.,-0.));
#4372 = ( GEOMETRIC_REPRESENTATION_CONTEXT(2) 
PARAMETRIC_REPRESENTATION_CONTEXT() REPRESENTATION_CONTEXT('2D SPACE',''
  ) );
#4373 = PCURVE('',#4374,#4379);
#4374 = PLANE('',#4375);
#4375 = AXIS2_PLACEMENT_3D('',#4376,#4377,#4378);
#4376 = CARTESIAN_POINT('',(-83.,-2.,-42.));
#4377 = DIRECTION('',(0.,1.,0.));
#4378 = DIRECTION('',(1.,0.,0.));
#4379 = DEFINITIONAL_REPRESENTATION('',(#4380),#4384);
#4380 = CIRCLE('',#4381,30.);
#4381 = AXIS2_PLACEMENT_2D('',#4382,#4383);
#4382 = CARTESIAN_POINT('',(28.,-1.));
#4383 = DIRECTION('',(-1.,-0.));
#4384 = ( GEOMETRIC_REPRESENTATION_CONTEXT(2) 
PARAMETRIC_REPRESENTATION_CONTEXT() REPRESENTATION_CONTEXT('2D SPACE',''
  ) );
#4385 = ORIENTED_EDGE('',*,*,#4386,.F.);
#4386 = EDGE_CURVE('',#2594,#4358,#4387,.T.);
#4387 = SURFACE_CURVE('',#4388,(#4392,#4399),.PCURVE_S1.);
#4388 = LINE('',#4389,#4390);
#4389 = CARTESIAN_POINT('',(-85.,-33.,-41.));
#4390 = VECTOR('',#4391,1.);
#4391 = DIRECTION('',(-0.,1.,0.));
#4392 = PCURVE('',#501,#4393);
#4393 = DEFINITIONAL_REPRESENTATION('',(#4394),#4398);
#4394 = LINE('',#4395,#4396);
#4395 = CARTESIAN_POINT('',(-0.,0.));
#4396 = VECTOR('',#4397,1.);
#4397 = DIRECTION('',(-0.,1.));
#4398 = ( GEOMETRIC_REPRESENTATION_CONTEXT(2) 
PARAMETRIC_REPRESENTATION_CONTEXT() REPRESENTATION_CONTEXT('2D SPACE',''
  ) );
#4399 = PCURVE('',#43,#4400);
#4400 = DEFINITIONAL_REPRESENTATION('',(#4401),#4405);
#4401 = LINE('',#4402,#4403);
#4402 = CARTESIAN_POINT('',(30.,0.));
#4403 = VECTOR('',#4404,1.);
#4404 = DIRECTION('',(0.,-1.));
#4405 = ( GEOMETRIC_REPRESENTATION_CONTEXT(2) 
PARAMETRIC_REPRESENTATION_CONTEXT() REPRESENTATION_CONTEXT('2D SPACE',''
  ) );
#4406 = ADVANCED_FACE('',(#4407),#4374,.F.);
#4407 = FACE_BOUND('',#4408,.F.);
#4408 = EDGE_LOOP('',(#4409,#4410,#4434));
#4409 = ORIENTED_EDGE('',*,*,#4357,.F.);
#4410 = ORIENTED_EDGE('',*,*,#4411,.T.);
#4411 = EDGE_CURVE('',#4337,#4412,#4414,.T.);
#4412 = VERTEX_POINT('',#4413);
#4413 = CARTESIAN_POINT('',(-85.,-2.,-36.3431457505));
#4414 = SURFACE_CURVE('',#4415,(#4420,#4427),.PCURVE_S1.);
#4415 = CIRCLE('',#4416,6.);
#4416 = AXIS2_PLACEMENT_3D('',#4417,#4418,#4419);
#4417 = CARTESIAN_POINT('',(-83.,-2.,-42.));
#4418 = DIRECTION('',(-0.,1.,0.));
#4419 = DIRECTION('',(1.,0.,0.));
#4420 = PCURVE('',#4374,#4421);
#4421 = DEFINITIONAL_REPRESENTATION('',(#4422),#4426);
#4422 = CIRCLE('',#4423,6.);
#4423 = AXIS2_PLACEMENT_2D('',#4424,#4425);
#4424 = CARTESIAN_POINT('',(0.,0.));
#4425 = DIRECTION('',(1.,0.));
#4426 = ( GEOMETRIC_REPRESENTATION_CONTEXT(2) 
PARAMETRIC_REPRESENTATION_CONTEXT() REPRESENTATION_CONTEXT('2D SPACE',''
  ) );
#4427 = PCURVE('',#528,#4428);
#4428 = DEFINITIONAL_REPRESENTATION('',(#4429),#4433);
#4429 = LINE('',#4430,#4431);
#4430 = CARTESIAN_POINT('',(0.,0.));
#4431 = VECTOR('',#4432,1.);
#4432 = DIRECTION('',(1.,0.));
#4433 = ( GEOMETRIC_REPRESENTATION_CONTEXT(2) 
PARAMETRIC_REPRESENTATION_CONTEXT() REPRESENTATION_CONTEXT('2D SPACE',''
  ) );
#4434 = ORIENTED_EDGE('',*,*,#4435,.F.);
#4435 = EDGE_CURVE('',#4358,#4412,#4436,.T.);
#4436 = SURFACE_CURVE('',#4437,(#4441,#4447),.PCURVE_S1.);
#4437 = LINE('',#4438,#4439);
#4438 = CARTESIAN_POINT('',(-85.,-2.,-56.5));
#4439 = VECTOR('',#4440,1.);
#4440 = DIRECTION('',(0.,-0.,1.));
#4441 = PCURVE('',#4374,#4442);
#4442 = DEFINITIONAL_REPRESENTATION('',(#4443),#4446);
#4443 = B_SPLINE_CURVE_WITH_KNOTS('',1,(#4444,#4445),.UNSPECIFIED.,.F.,
  .F.,(2,2),(15.5,20.5),.PIECEWISE_BEZIER_KNOTS.);
#4444 = CARTESIAN_POINT('',(-2.,-1.));
#4445 = CARTESIAN_POINT('',(-2.,-6.));
#4446 = ( GEOMETRIC_REPRESENTATION_CONTEXT(2) 
PARAMETRIC_REPRESENTATION_CONTEXT() REPRESENTATION_CONTEXT('2D SPACE',''
  ) );
#4447 = PCURVE('',#43,#4448);
#4448 = DEFINITIONAL_REPRESENTATION('',(#4449),#4452);
#4449 = B_SPLINE_CURVE_WITH_KNOTS('',1,(#4450,#4451),.UNSPECIFIED.,.F.,
  .F.,(2,2),(15.5,20.5),.PIECEWISE_BEZIER_KNOTS.);
#4450 = CARTESIAN_POINT('',(30.,-31.));
#4451 = CARTESIAN_POINT('',(35.,-31.));
#4452 = ( GEOMETRIC_REPRESENTATION_CONTEXT(2) 
PARAMETRIC_REPRESENTATION_CONTEXT() REPRESENTATION_CONTEXT('2D SPACE',''
  ) );
#4453 = ADVANCED_FACE('',(#4454),#528,.T.);
#4454 = FACE_BOUND('',#4455,.T.);
#4455 = EDGE_LOOP('',(#4456,#4457,#4458,#4459));
#4456 = ORIENTED_EDGE('',*,*,#513,.F.);
#4457 = ORIENTED_EDGE('',*,*,#4336,.F.);
#4458 = ORIENTED_EDGE('',*,*,#4411,.T.);
#4459 = ORIENTED_EDGE('',*,*,#4460,.T.);
#4460 = EDGE_CURVE('',#4412,#24,#4461,.T.);
#4461 = SURFACE_CURVE('',#4462,(#4466,#4472),.PCURVE_S1.);
#4462 = LINE('',#4463,#4464);
#4463 = CARTESIAN_POINT('',(-85.,-2.,-36.3431457505));
#4464 = VECTOR('',#4465,1.);
#4465 = DIRECTION('',(0.,1.,0.));
#4466 = PCURVE('',#528,#4467);
#4467 = DEFINITIONAL_REPRESENTATION('',(#4468),#4471);
#4468 = B_SPLINE_CURVE_WITH_KNOTS('',1,(#4469,#4470),.UNSPECIFIED.,.F.,
  .F.,(2,2),(-5.999999999062E-07,14.0000006),.PIECEWISE_BEZIER_KNOTS.);
#4469 = CARTESIAN_POINT('',(4.372552070931,-5.999999999062E-07));
#4470 = CARTESIAN_POINT('',(4.372552070931,14.0000006));
#4471 = ( GEOMETRIC_REPRESENTATION_CONTEXT(2) 
PARAMETRIC_REPRESENTATION_CONTEXT() REPRESENTATION_CONTEXT('2D SPACE',''
  ) );
#4472 = PCURVE('',#43,#4473);
#4473 = DEFINITIONAL_REPRESENTATION('',(#4474),#4477);
#4474 = B_SPLINE_CURVE_WITH_KNOTS('',1,(#4475,#4476),.UNSPECIFIED.,.F.,
  .F.,(2,2),(-5.999999999062E-07,14.0000006),.PIECEWISE_BEZIER_KNOTS.);
#4475 = CARTESIAN_POINT('',(34.656854249492,-30.9999994));
#4476 = CARTESIAN_POINT('',(34.656854249492,-45.0000006));
#4477 = ( GEOMETRIC_REPRESENTATION_CONTEXT(2) 
PARAMETRIC_REPRESENTATION_CONTEXT() REPRESENTATION_CONTEXT('2D SPACE',''
  ) );
#4478 = ADVANCED_FACE('',(#4479),#43,.F.);
#4479 = FACE_BOUND('',#4480,.F.);
#4480 = EDGE_LOOP('',(#4481,#4482,#4483,#4484,#4485,#4486,#4487,#4488));
#4481 = ORIENTED_EDGE('',*,*,#2593,.F.);
#4482 = ORIENTED_EDGE('',*,*,#4386,.T.);
#4483 = ORIENTED_EDGE('',*,*,#4435,.T.);
#4484 = ORIENTED_EDGE('',*,*,#4460,.T.);
#4485 = ORIENTED_EDGE('',*,*,#21,.F.);
#4486 = ORIENTED_EDGE('',*,*,#1267,.F.);
#4487 = ORIENTED_EDGE('',*,*,#935,.T.);
#4488 = ORIENTED_EDGE('',*,*,#1705,.F.);
#4489 = ( GEOMETRIC_REPRESENTATION_CONTEXT(3) 
GLOBAL_UNCERTAINTY_ASSIGNED_CONTEXT((#4493)) 
GLOBAL_UNIT_ASSIGNED_CONTEXT((#4490,#4491,#4492)) REPRESENTATION_CONTEXT
('Context #1','3D Context with UNIT and UNCERTAINTY') );
#4490 = ( LENGTH_UNIT() NAMED_UNIT(*) SI_UNIT(.MILLI.,.METRE.) );
#4491 = ( NAMED_UNIT(*) PLANE_ANGLE_UNIT() SI_UNIT($,.RADIAN.) );
#4492 = ( NAMED_UNIT(*) SI_UNIT($,.STERADIAN.) SOLID_ANGLE_UNIT() );
#4493 = UNCERTAINTY_MEASURE_WITH_UNIT(LENGTH_MEASURE(5.E-07),#4490,
  'distance_accuracy_value','confusion accuracy');
#4494 = PRODUCT_RELATED_PRODUCT_CATEGORY('part',$,(#7));
#4495 = MECHANICAL_DESIGN_GEOMETRIC_PRESENTATION_REPRESENTATION('',(
    #4496),#4489);
#4496 = STYLED_ITEM('color',(#4497),#15);
#4497 = PRESENTATION_STYLE_ASSIGNMENT((#4498));
#4498 = SURFACE_STYLE_USAGE(.BOTH.,#4499);
#4499 = SURFACE_SIDE_STYLE('',(#4500));
#4500 = SURFACE_STYLE_FILL_AREA(#4501);
#4501 = FILL_AREA_STYLE('',(#4502));
#4502 = FILL_AREA_STYLE_COLOUR('',#4503);
#4503 = COLOUR_RGB('',0.909803911811,0.823529417451,0.701960786465);

#4504=DESCRIPTIVE_REPRESENTATION_ITEM('cadpy:generator','cadpy');
#4505=REPRESENTATION('cadpy:generator',(#4504),#4489);
#4506=PROPERTY_DEFINITION('cadpy metadata','cadpy:generator',#5);
#4507=PROPERTY_DEFINITION_REPRESENTATION(#4506,#4505);
#4508=DESCRIPTIVE_REPRESENTATION_ITEM('cadpy:entryKind','part');
#4509=REPRESENTATION('cadpy:entryKind',(#4508),#4489);
#4510=PROPERTY_DEFINITION('cadpy metadata','cadpy:entryKind',#5);
#4511=PROPERTY_DEFINITION_REPRESENTATION(#4510,#4509);
#4512=DESCRIPTIVE_REPRESENTATION_ITEM('cadpy:sourcePath','../../../../cad/round_v1/gen_round_v1_chest_front.py');
#4513=REPRESENTATION('cadpy:sourcePath',(#4512),#4489);
#4514=PROPERTY_DEFINITION('cadpy metadata','cadpy:sourcePath',#5);
#4515=PROPERTY_DEFINITION_REPRESENTATION(#4514,#4513);
#4516=DESCRIPTIVE_REPRESENTATION_ITEM('cadpy:sourceHash','cf535ee2d817fbe5ff313a7f4a6866cb4aaea2602031bd78896725e0b610e941');
#4517=REPRESENTATION('cadpy:sourceHash',(#4516),#4489);
#4518=PROPERTY_DEFINITION('cadpy metadata','cadpy:sourceHash',#5);
#4519=PROPERTY_DEFINITION_REPRESENTATION(#4518,#4517);
ENDSEC;
END-ISO-10303-21;
