ISO-10303-21;
HEADER;
FILE_DESCRIPTION(('Open CASCADE Model'),'2;1');
FILE_NAME('Open CASCADE Shape Model','2026-07-30T00:41:46',('Author'),(
    'Open CASCADE'),'Open CASCADE STEP processor 7.9','Open CASCADE 7.9'
  ,'Unknown');
FILE_SCHEMA(('AUTOMOTIVE_DESIGN { 1 0 10303 214 1 1 1 1 }'));
ENDSEC;
DATA;
#1 = APPLICATION_PROTOCOL_DEFINITION('international standard',
  'automotive_design',2000,#2);
#2 = APPLICATION_CONTEXT(
  'core data for automotive mechanical design processes');
#3 = SHAPE_DEFINITION_REPRESENTATION(#4,#10);
#4 = PRODUCT_DEFINITION_SHAPE('','',#5);
#5 = PRODUCT_DEFINITION('design','',#6,#9);
#6 = PRODUCT_DEFINITION_FORMATION('','',#7);
#7 = PRODUCT('ROUND_V1_HEAD_BACK','ROUND_V1_HEAD_BACK','',(#8));
#8 = PRODUCT_CONTEXT('',#2,'mechanical');
#9 = PRODUCT_DEFINITION_CONTEXT('part definition',#2,'design');
#10 = ADVANCED_BREP_SHAPE_REPRESENTATION('',(#11,#15),#6634);
#11 = AXIS2_PLACEMENT_3D('',#12,#13,#14);
#12 = CARTESIAN_POINT('',(0.,0.,0.));
#13 = DIRECTION('',(0.,0.,1.));
#14 = DIRECTION('',(1.,0.,-0.));
#15 = MANIFOLD_SOLID_BREP('',#16);
#16 = CLOSED_SHELL('',(#17,#1183,#1306,#1354,#1430,#1484,#1587,#1639,
    #1713,#1951,#1999,#2048,#2103,#2157,#2212,#2264,#2369,#2418,#2473,
    #2527,#2582,#2636,#2687,#2895,#2950,#3202,#3344,#3393,#3446,#3498,
    #3782,#3831,#3884,#3936,#4063,#4391,#4419,#4514,#4766,#4798,#4853,
    #5011,#5087,#5093,#5189,#5215,#5221,#5316,#5364,#5527,#5598,#5604,
    #5629,#5677,#5702,#5764,#5852,#5920,#5945,#5993,#6018,#6117,#6123,
    #6206,#6210,#6215,#6285,#6292,#6319,#6346,#6353,#6402,#6430,#6455,
    #6483,#6490,#6495,#6501,#6548,#6553,#6557,#6604,#6611,#6619,#6626));
#17 = ADVANCED_FACE('',(#18,#633,#664,#695,#1121,#1152),#32,.F.);
#18 = FACE_BOUND('',#19,.F.);
#19 = EDGE_LOOP('',(#20,#53,#82,#111,#137,#166,#192,#221,#247,#273,#299,
    #328,#354,#383,#409,#438,#467,#493,#522,#551,#577,#606));
#20 = ORIENTED_EDGE('',*,*,#21,.F.);
#21 = EDGE_CURVE('',#22,#24,#26,.T.);
#22 = VERTEX_POINT('',#23);
#23 = CARTESIAN_POINT('',(-66.,-2.825,113.));
#24 = VERTEX_POINT('',#25);
#25 = CARTESIAN_POINT('',(-66.,-2.825,90.472135955));
#26 = SURFACE_CURVE('',#27,(#31,#42),.PCURVE_S1.);
#27 = LINE('',#28,#29);
#28 = CARTESIAN_POINT('',(-66.,-2.825,-95.));
#29 = VECTOR('',#30,1.);
#30 = DIRECTION('',(-0.,0.,-1.));
#31 = PCURVE('',#32,#37);
#32 = PLANE('',#33);
#33 = AXIS2_PLACEMENT_3D('',#34,#35,#36);
#34 = CARTESIAN_POINT('',(-250.,-2.825,-250.));
#35 = DIRECTION('',(-0.,1.,0.));
#36 = DIRECTION('',(0.,0.,1.));
#37 = DEFINITIONAL_REPRESENTATION('',(#38),#41);
#38 = B_SPLINE_CURVE_WITH_KNOTS('',1,(#39,#40),.UNSPECIFIED.,.F.,.F.,(2,
    2),(-208.,-180.),.PIECEWISE_BEZIER_KNOTS.);
#39 = CARTESIAN_POINT('',(363.,184.));
#40 = CARTESIAN_POINT('',(335.,184.));
#41 = ( GEOMETRIC_REPRESENTATION_CONTEXT(2) 
PARAMETRIC_REPRESENTATION_CONTEXT() REPRESENTATION_CONTEXT('2D SPACE',''
  ) );
#42 = PCURVE('',#43,#48);
#43 = PLANE('',#44);
#44 = AXIS2_PLACEMENT_3D('',#45,#46,#47);
#45 = CARTESIAN_POINT('',(-66.,-36.,60.));
#46 = DIRECTION('',(1.,0.,-0.));
#47 = DIRECTION('',(0.,0.,1.));
#48 = DEFINITIONAL_REPRESENTATION('',(#49),#52);
#49 = B_SPLINE_CURVE_WITH_KNOTS('',1,(#50,#51),.UNSPECIFIED.,.F.,.F.,(2,
    2),(-208.,-180.),.PIECEWISE_BEZIER_KNOTS.);
#50 = CARTESIAN_POINT('',(53.,-33.175));
#51 = CARTESIAN_POINT('',(25.,-33.175));
#52 = ( GEOMETRIC_REPRESENTATION_CONTEXT(2) 
PARAMETRIC_REPRESENTATION_CONTEXT() REPRESENTATION_CONTEXT('2D SPACE',''
  ) );
#53 = ORIENTED_EDGE('',*,*,#54,.T.);
#54 = EDGE_CURVE('',#22,#55,#57,.T.);
#55 = VERTEX_POINT('',#56);
#56 = CARTESIAN_POINT('',(-65.15906338183,-2.825,119.42959225088));
#57 = SURFACE_CURVE('',#58,(#63,#70),.PCURVE_S1.);
#58 = CIRCLE('',#59,25.);
#59 = AXIS2_PLACEMENT_3D('',#60,#61,#62);
#60 = CARTESIAN_POINT('',(-41.,-2.825,113.));
#61 = DIRECTION('',(-0.,1.,0.));
#62 = DIRECTION('',(-1.,-0.,0.));
#63 = PCURVE('',#32,#64);
#64 = DEFINITIONAL_REPRESENTATION('',(#65),#69);
#65 = CIRCLE('',#66,25.);
#66 = AXIS2_PLACEMENT_2D('',#67,#68);
#67 = CARTESIAN_POINT('',(363.,209.));
#68 = DIRECTION('',(0.,-1.));
#69 = ( GEOMETRIC_REPRESENTATION_CONTEXT(2) 
PARAMETRIC_REPRESENTATION_CONTEXT() REPRESENTATION_CONTEXT('2D SPACE',''
  ) );
#70 = PCURVE('',#71,#76);
#71 = CYLINDRICAL_SURFACE('',#72,25.);
#72 = AXIS2_PLACEMENT_3D('',#73,#74,#75);
#73 = CARTESIAN_POINT('',(-41.,-36.,113.));
#74 = DIRECTION('',(-0.,1.,0.));
#75 = DIRECTION('',(-1.,-0.,0.));
#76 = DEFINITIONAL_REPRESENTATION('',(#77),#81);
#77 = LINE('',#78,#79);
#78 = CARTESIAN_POINT('',(0.,33.175));
#79 = VECTOR('',#80,1.);
#80 = DIRECTION('',(1.,0.));
#81 = ( GEOMETRIC_REPRESENTATION_CONTEXT(2) 
PARAMETRIC_REPRESENTATION_CONTEXT() REPRESENTATION_CONTEXT('2D SPACE',''
  ) );
#82 = ORIENTED_EDGE('',*,*,#83,.T.);
#83 = EDGE_CURVE('',#55,#84,#86,.T.);
#84 = VERTEX_POINT('',#85);
#85 = CARTESIAN_POINT('',(-66.,-2.825,123.));
#86 = SURFACE_CURVE('',#87,(#92,#99),.PCURVE_S1.);
#87 = CIRCLE('',#88,8.);
#88 = AXIS2_PLACEMENT_3D('',#89,#90,#91);
#89 = CARTESIAN_POINT('',(-58.,-2.825,123.));
#90 = DIRECTION('',(-0.,1.,0.));
#91 = DIRECTION('',(-1.,-0.,0.));
#92 = PCURVE('',#32,#93);
#93 = DEFINITIONAL_REPRESENTATION('',(#94),#98);
#94 = CIRCLE('',#95,8.);
#95 = AXIS2_PLACEMENT_2D('',#96,#97);
#96 = CARTESIAN_POINT('',(373.,192.));
#97 = DIRECTION('',(0.,-1.));
#98 = ( GEOMETRIC_REPRESENTATION_CONTEXT(2) 
PARAMETRIC_REPRESENTATION_CONTEXT() REPRESENTATION_CONTEXT('2D SPACE',''
  ) );
#99 = PCURVE('',#100,#105);
#100 = CYLINDRICAL_SURFACE('',#101,8.);
#101 = AXIS2_PLACEMENT_3D('',#102,#103,#104);
#102 = CARTESIAN_POINT('',(-58.,-12.,123.));
#103 = DIRECTION('',(-0.,1.,0.));
#104 = DIRECTION('',(-1.,-0.,0.));
#105 = DEFINITIONAL_REPRESENTATION('',(#106),#110);
#106 = LINE('',#107,#108);
#107 = CARTESIAN_POINT('',(-6.28318530718,9.175));
#108 = VECTOR('',#109,1.);
#109 = DIRECTION('',(1.,-0.));
#110 = ( GEOMETRIC_REPRESENTATION_CONTEXT(2) 
PARAMETRIC_REPRESENTATION_CONTEXT() REPRESENTATION_CONTEXT('2D SPACE',''
  ) );
#111 = ORIENTED_EDGE('',*,*,#112,.F.);
#112 = EDGE_CURVE('',#113,#84,#115,.T.);
#113 = VERTEX_POINT('',#114);
#114 = CARTESIAN_POINT('',(-66.,-2.825,141.));
#115 = SURFACE_CURVE('',#116,(#120,#126),.PCURVE_S1.);
#116 = LINE('',#117,#118);
#117 = CARTESIAN_POINT('',(-66.,-2.825,-67.5));
#118 = VECTOR('',#119,1.);
#119 = DIRECTION('',(-0.,0.,-1.));
#120 = PCURVE('',#32,#121);
#121 = DEFINITIONAL_REPRESENTATION('',(#122),#125);
#122 = B_SPLINE_CURVE_WITH_KNOTS('',1,(#123,#124),.UNSPECIFIED.,.F.,.F.,
  (2,2),(-208.5,-190.5),.PIECEWISE_BEZIER_KNOTS.);
#123 = CARTESIAN_POINT('',(391.,184.));
#124 = CARTESIAN_POINT('',(373.,184.));
#125 = ( GEOMETRIC_REPRESENTATION_CONTEXT(2) 
PARAMETRIC_REPRESENTATION_CONTEXT() REPRESENTATION_CONTEXT('2D SPACE',''
  ) );
#126 = PCURVE('',#127,#132);
#127 = PLANE('',#128);
#128 = AXIS2_PLACEMENT_3D('',#129,#130,#131);
#129 = CARTESIAN_POINT('',(-66.,-12.,115.));
#130 = DIRECTION('',(1.,0.,-0.));
#131 = DIRECTION('',(0.,0.,1.));
#132 = DEFINITIONAL_REPRESENTATION('',(#133),#136);
#133 = B_SPLINE_CURVE_WITH_KNOTS('',1,(#134,#135),.UNSPECIFIED.,.F.,.F.,
  (2,2),(-208.5,-190.5),.PIECEWISE_BEZIER_KNOTS.);
#134 = CARTESIAN_POINT('',(26.,-9.175));
#135 = CARTESIAN_POINT('',(8.,-9.175));
#136 = ( GEOMETRIC_REPRESENTATION_CONTEXT(2) 
PARAMETRIC_REPRESENTATION_CONTEXT() REPRESENTATION_CONTEXT('2D SPACE',''
  ) );
#137 = ORIENTED_EDGE('',*,*,#138,.T.);
#138 = EDGE_CURVE('',#113,#139,#141,.T.);
#139 = VERTEX_POINT('',#140);
#140 = CARTESIAN_POINT('',(-58.,-2.825,149.));
#141 = SURFACE_CURVE('',#142,(#147,#154),.PCURVE_S1.);
#142 = CIRCLE('',#143,8.);
#143 = AXIS2_PLACEMENT_3D('',#144,#145,#146);
#144 = CARTESIAN_POINT('',(-58.,-2.825,141.));
#145 = DIRECTION('',(-0.,1.,0.));
#146 = DIRECTION('',(-1.,-0.,0.));
#147 = PCURVE('',#32,#148);
#148 = DEFINITIONAL_REPRESENTATION('',(#149),#153);
#149 = CIRCLE('',#150,8.);
#150 = AXIS2_PLACEMENT_2D('',#151,#152);
#151 = CARTESIAN_POINT('',(391.,192.));
#152 = DIRECTION('',(0.,-1.));
#153 = ( GEOMETRIC_REPRESENTATION_CONTEXT(2) 
PARAMETRIC_REPRESENTATION_CONTEXT() REPRESENTATION_CONTEXT('2D SPACE',''
  ) );
#154 = PCURVE('',#155,#160);
#155 = CYLINDRICAL_SURFACE('',#156,8.);
#156 = AXIS2_PLACEMENT_3D('',#157,#158,#159);
#157 = CARTESIAN_POINT('',(-58.,-12.,141.));
#158 = DIRECTION('',(-0.,1.,0.));
#159 = DIRECTION('',(-1.,-0.,0.));
#160 = DEFINITIONAL_REPRESENTATION('',(#161),#165);
#161 = LINE('',#162,#163);
#162 = CARTESIAN_POINT('',(0.,9.175));
#163 = VECTOR('',#164,1.);
#164 = DIRECTION('',(1.,0.));
#165 = ( GEOMETRIC_REPRESENTATION_CONTEXT(2) 
PARAMETRIC_REPRESENTATION_CONTEXT() REPRESENTATION_CONTEXT('2D SPACE',''
  ) );
#166 = ORIENTED_EDGE('',*,*,#167,.T.);
#167 = EDGE_CURVE('',#139,#168,#170,.T.);
#168 = VERTEX_POINT('',#169);
#169 = CARTESIAN_POINT('',(-36.,-2.825,149.));
#170 = SURFACE_CURVE('',#171,(#175,#181),.PCURVE_S1.);
#171 = LINE('',#172,#173);
#172 = CARTESIAN_POINT('',(-158.,-2.825,149.));
#173 = VECTOR('',#174,1.);
#174 = DIRECTION('',(1.,0.,-0.));
#175 = PCURVE('',#32,#176);
#176 = DEFINITIONAL_REPRESENTATION('',(#177),#180);
#177 = B_SPLINE_CURVE_WITH_KNOTS('',1,(#178,#179),.UNSPECIFIED.,.F.,.F.,
  (2,2),(100.,122.),.PIECEWISE_BEZIER_KNOTS.);
#178 = CARTESIAN_POINT('',(399.,192.));
#179 = CARTESIAN_POINT('',(399.,214.));
#180 = ( GEOMETRIC_REPRESENTATION_CONTEXT(2) 
PARAMETRIC_REPRESENTATION_CONTEXT() REPRESENTATION_CONTEXT('2D SPACE',''
  ) );
#181 = PCURVE('',#182,#187);
#182 = PLANE('',#183);
#183 = AXIS2_PLACEMENT_3D('',#184,#185,#186);
#184 = CARTESIAN_POINT('',(-66.,-12.,149.));
#185 = DIRECTION('',(0.,0.,1.));
#186 = DIRECTION('',(1.,0.,-0.));
#187 = DEFINITIONAL_REPRESENTATION('',(#188),#191);
#188 = B_SPLINE_CURVE_WITH_KNOTS('',1,(#189,#190),.UNSPECIFIED.,.F.,.F.,
  (2,2),(100.,122.),.PIECEWISE_BEZIER_KNOTS.);
#189 = CARTESIAN_POINT('',(8.,9.175));
#190 = CARTESIAN_POINT('',(30.,9.175));
#191 = ( GEOMETRIC_REPRESENTATION_CONTEXT(2) 
PARAMETRIC_REPRESENTATION_CONTEXT() REPRESENTATION_CONTEXT('2D SPACE',''
  ) );
#192 = ORIENTED_EDGE('',*,*,#193,.T.);
#193 = EDGE_CURVE('',#168,#194,#196,.T.);
#194 = VERTEX_POINT('',#195);
#195 = CARTESIAN_POINT('',(-28.,-2.825,141.));
#196 = SURFACE_CURVE('',#197,(#202,#209),.PCURVE_S1.);
#197 = CIRCLE('',#198,8.);
#198 = AXIS2_PLACEMENT_3D('',#199,#200,#201);
#199 = CARTESIAN_POINT('',(-36.,-2.825,141.));
#200 = DIRECTION('',(0.,1.,0.));
#201 = DIRECTION('',(1.,0.,-0.));
#202 = PCURVE('',#32,#203);
#203 = DEFINITIONAL_REPRESENTATION('',(#204),#208);
#204 = CIRCLE('',#205,8.);
#205 = AXIS2_PLACEMENT_2D('',#206,#207);
#206 = CARTESIAN_POINT('',(391.,214.));
#207 = DIRECTION('',(0.,1.));
#208 = ( GEOMETRIC_REPRESENTATION_CONTEXT(2) 
PARAMETRIC_REPRESENTATION_CONTEXT() REPRESENTATION_CONTEXT('2D SPACE',''
  ) );
#209 = PCURVE('',#210,#215);
#210 = CYLINDRICAL_SURFACE('',#211,8.);
#211 = AXIS2_PLACEMENT_3D('',#212,#213,#214);
#212 = CARTESIAN_POINT('',(-36.,-12.,141.));
#213 = DIRECTION('',(-0.,1.,0.));
#214 = DIRECTION('',(1.,0.,-0.));
#215 = DEFINITIONAL_REPRESENTATION('',(#216),#220);
#216 = LINE('',#217,#218);
#217 = CARTESIAN_POINT('',(-6.28318530718,9.175));
#218 = VECTOR('',#219,1.);
#219 = DIRECTION('',(1.,-0.));
#220 = ( GEOMETRIC_REPRESENTATION_CONTEXT(2) 
PARAMETRIC_REPRESENTATION_CONTEXT() REPRESENTATION_CONTEXT('2D SPACE',''
  ) );
#221 = ORIENTED_EDGE('',*,*,#222,.T.);
#222 = EDGE_CURVE('',#194,#223,#225,.T.);
#223 = VERTEX_POINT('',#224);
#224 = CARTESIAN_POINT('',(-28.,-2.825,138.));
#225 = SURFACE_CURVE('',#226,(#230,#236),.PCURVE_S1.);
#226 = LINE('',#227,#228);
#227 = CARTESIAN_POINT('',(-28.,-2.825,-67.5));
#228 = VECTOR('',#229,1.);
#229 = DIRECTION('',(-0.,0.,-1.));
#230 = PCURVE('',#32,#231);
#231 = DEFINITIONAL_REPRESENTATION('',(#232),#235);
#232 = B_SPLINE_CURVE_WITH_KNOTS('',1,(#233,#234),.UNSPECIFIED.,.F.,.F.,
  (2,2),(-208.5,-205.5),.PIECEWISE_BEZIER_KNOTS.);
#233 = CARTESIAN_POINT('',(391.,222.));
#234 = CARTESIAN_POINT('',(388.,222.));
#235 = ( GEOMETRIC_REPRESENTATION_CONTEXT(2) 
PARAMETRIC_REPRESENTATION_CONTEXT() REPRESENTATION_CONTEXT('2D SPACE',''
  ) );
#236 = PCURVE('',#237,#242);
#237 = PLANE('',#238);
#238 = AXIS2_PLACEMENT_3D('',#239,#240,#241);
#239 = CARTESIAN_POINT('',(-28.,-12.,115.));
#240 = DIRECTION('',(1.,0.,-0.));
#241 = DIRECTION('',(0.,0.,1.));
#242 = DEFINITIONAL_REPRESENTATION('',(#243),#246);
#243 = B_SPLINE_CURVE_WITH_KNOTS('',1,(#244,#245),.UNSPECIFIED.,.F.,.F.,
  (2,2),(-208.5,-205.5),.PIECEWISE_BEZIER_KNOTS.);
#244 = CARTESIAN_POINT('',(26.,-9.175));
#245 = CARTESIAN_POINT('',(23.,-9.175));
#246 = ( GEOMETRIC_REPRESENTATION_CONTEXT(2) 
PARAMETRIC_REPRESENTATION_CONTEXT() REPRESENTATION_CONTEXT('2D SPACE',''
  ) );
#247 = ORIENTED_EDGE('',*,*,#248,.T.);
#248 = EDGE_CURVE('',#223,#249,#251,.T.);
#249 = VERTEX_POINT('',#250);
#250 = CARTESIAN_POINT('',(28.,-2.825,138.));
#251 = SURFACE_CURVE('',#252,(#256,#262),.PCURVE_S1.);
#252 = LINE('',#253,#254);
#253 = CARTESIAN_POINT('',(-158.,-2.825,138.));
#254 = VECTOR('',#255,1.);
#255 = DIRECTION('',(1.,0.,-0.));
#256 = PCURVE('',#32,#257);
#257 = DEFINITIONAL_REPRESENTATION('',(#258),#261);
#258 = B_SPLINE_CURVE_WITH_KNOTS('',1,(#259,#260),.UNSPECIFIED.,.F.,.F.,
  (2,2),(125.8729833462,190.12701665379),.PIECEWISE_BEZIER_KNOTS.);
#259 = CARTESIAN_POINT('',(388.,217.8729833462));
#260 = CARTESIAN_POINT('',(388.,282.12701665379));
#261 = ( GEOMETRIC_REPRESENTATION_CONTEXT(2) 
PARAMETRIC_REPRESENTATION_CONTEXT() REPRESENTATION_CONTEXT('2D SPACE',''
  ) );
#262 = PCURVE('',#263,#268);
#263 = PLANE('',#264);
#264 = AXIS2_PLACEMENT_3D('',#265,#266,#267);
#265 = CARTESIAN_POINT('',(-66.,-36.,138.));
#266 = DIRECTION('',(0.,0.,1.));
#267 = DIRECTION('',(1.,0.,-0.));
#268 = DEFINITIONAL_REPRESENTATION('',(#269),#272);
#269 = B_SPLINE_CURVE_WITH_KNOTS('',1,(#270,#271),.UNSPECIFIED.,.F.,.F.,
  (2,2),(125.8729833462,190.12701665379),.PIECEWISE_BEZIER_KNOTS.);
#270 = CARTESIAN_POINT('',(33.872983346207,33.175));
#271 = CARTESIAN_POINT('',(98.127016653793,33.175));
#272 = ( GEOMETRIC_REPRESENTATION_CONTEXT(2) 
PARAMETRIC_REPRESENTATION_CONTEXT() REPRESENTATION_CONTEXT('2D SPACE',''
  ) );
#273 = ORIENTED_EDGE('',*,*,#274,.F.);
#274 = EDGE_CURVE('',#275,#249,#277,.T.);
#275 = VERTEX_POINT('',#276);
#276 = CARTESIAN_POINT('',(28.,-2.825,141.));
#277 = SURFACE_CURVE('',#278,(#282,#288),.PCURVE_S1.);
#278 = LINE('',#279,#280);
#279 = CARTESIAN_POINT('',(28.,-2.825,-67.5));
#280 = VECTOR('',#281,1.);
#281 = DIRECTION('',(-0.,0.,-1.));
#282 = PCURVE('',#32,#283);
#283 = DEFINITIONAL_REPRESENTATION('',(#284),#287);
#284 = B_SPLINE_CURVE_WITH_KNOTS('',1,(#285,#286),.UNSPECIFIED.,.F.,.F.,
  (2,2),(-208.5,-205.5),.PIECEWISE_BEZIER_KNOTS.);
#285 = CARTESIAN_POINT('',(391.,278.));
#286 = CARTESIAN_POINT('',(388.,278.));
#287 = ( GEOMETRIC_REPRESENTATION_CONTEXT(2) 
PARAMETRIC_REPRESENTATION_CONTEXT() REPRESENTATION_CONTEXT('2D SPACE',''
  ) );
#288 = PCURVE('',#289,#294);
#289 = PLANE('',#290);
#290 = AXIS2_PLACEMENT_3D('',#291,#292,#293);
#291 = CARTESIAN_POINT('',(28.,-12.,115.));
#292 = DIRECTION('',(1.,0.,-0.));
#293 = DIRECTION('',(0.,0.,1.));
#294 = DEFINITIONAL_REPRESENTATION('',(#295),#298);
#295 = B_SPLINE_CURVE_WITH_KNOTS('',1,(#296,#297),.UNSPECIFIED.,.F.,.F.,
  (2,2),(-208.5,-205.5),.PIECEWISE_BEZIER_KNOTS.);
#296 = CARTESIAN_POINT('',(26.,-9.175));
#297 = CARTESIAN_POINT('',(23.,-9.175));
#298 = ( GEOMETRIC_REPRESENTATION_CONTEXT(2) 
PARAMETRIC_REPRESENTATION_CONTEXT() REPRESENTATION_CONTEXT('2D SPACE',''
  ) );
#299 = ORIENTED_EDGE('',*,*,#300,.T.);
#300 = EDGE_CURVE('',#275,#301,#303,.T.);
#301 = VERTEX_POINT('',#302);
#302 = CARTESIAN_POINT('',(36.,-2.825,149.));
#303 = SURFACE_CURVE('',#304,(#309,#316),.PCURVE_S1.);
#304 = CIRCLE('',#305,8.);
#305 = AXIS2_PLACEMENT_3D('',#306,#307,#308);
#306 = CARTESIAN_POINT('',(36.,-2.825,141.));
#307 = DIRECTION('',(-0.,1.,0.));
#308 = DIRECTION('',(-1.,-0.,0.));
#309 = PCURVE('',#32,#310);
#310 = DEFINITIONAL_REPRESENTATION('',(#311),#315);
#311 = CIRCLE('',#312,8.);
#312 = AXIS2_PLACEMENT_2D('',#313,#314);
#313 = CARTESIAN_POINT('',(391.,286.));
#314 = DIRECTION('',(0.,-1.));
#315 = ( GEOMETRIC_REPRESENTATION_CONTEXT(2) 
PARAMETRIC_REPRESENTATION_CONTEXT() REPRESENTATION_CONTEXT('2D SPACE',''
  ) );
#316 = PCURVE('',#317,#322);
#317 = CYLINDRICAL_SURFACE('',#318,8.);
#318 = AXIS2_PLACEMENT_3D('',#319,#320,#321);
#319 = CARTESIAN_POINT('',(36.,-12.,141.));
#320 = DIRECTION('',(-0.,1.,0.));
#321 = DIRECTION('',(-1.,-0.,0.));
#322 = DEFINITIONAL_REPRESENTATION('',(#323),#327);
#323 = LINE('',#324,#325);
#324 = CARTESIAN_POINT('',(0.,9.175));
#325 = VECTOR('',#326,1.);
#326 = DIRECTION('',(1.,0.));
#327 = ( GEOMETRIC_REPRESENTATION_CONTEXT(2) 
PARAMETRIC_REPRESENTATION_CONTEXT() REPRESENTATION_CONTEXT('2D SPACE',''
  ) );
#328 = ORIENTED_EDGE('',*,*,#329,.T.);
#329 = EDGE_CURVE('',#301,#330,#332,.T.);
#330 = VERTEX_POINT('',#331);
#331 = CARTESIAN_POINT('',(58.,-2.825,149.));
#332 = SURFACE_CURVE('',#333,(#337,#343),.PCURVE_S1.);
#333 = LINE('',#334,#335);
#334 = CARTESIAN_POINT('',(-111.,-2.825,149.));
#335 = VECTOR('',#336,1.);
#336 = DIRECTION('',(1.,0.,-0.));
#337 = PCURVE('',#32,#338);
#338 = DEFINITIONAL_REPRESENTATION('',(#339),#342);
#339 = B_SPLINE_CURVE_WITH_KNOTS('',1,(#340,#341),.UNSPECIFIED.,.F.,.F.,
  (2,2),(147.,169.),.PIECEWISE_BEZIER_KNOTS.);
#340 = CARTESIAN_POINT('',(399.,286.));
#341 = CARTESIAN_POINT('',(399.,308.));
#342 = ( GEOMETRIC_REPRESENTATION_CONTEXT(2) 
PARAMETRIC_REPRESENTATION_CONTEXT() REPRESENTATION_CONTEXT('2D SPACE',''
  ) );
#343 = PCURVE('',#344,#349);
#344 = PLANE('',#345);
#345 = AXIS2_PLACEMENT_3D('',#346,#347,#348);
#346 = CARTESIAN_POINT('',(28.,-12.,149.));
#347 = DIRECTION('',(0.,0.,1.));
#348 = DIRECTION('',(1.,0.,-0.));
#349 = DEFINITIONAL_REPRESENTATION('',(#350),#353);
#350 = B_SPLINE_CURVE_WITH_KNOTS('',1,(#351,#352),.UNSPECIFIED.,.F.,.F.,
  (2,2),(147.,169.),.PIECEWISE_BEZIER_KNOTS.);
#351 = CARTESIAN_POINT('',(8.,9.175));
#352 = CARTESIAN_POINT('',(30.,9.175));
#353 = ( GEOMETRIC_REPRESENTATION_CONTEXT(2) 
PARAMETRIC_REPRESENTATION_CONTEXT() REPRESENTATION_CONTEXT('2D SPACE',''
  ) );
#354 = ORIENTED_EDGE('',*,*,#355,.T.);
#355 = EDGE_CURVE('',#330,#356,#358,.T.);
#356 = VERTEX_POINT('',#357);
#357 = CARTESIAN_POINT('',(66.,-2.825,141.));
#358 = SURFACE_CURVE('',#359,(#364,#371),.PCURVE_S1.);
#359 = CIRCLE('',#360,8.);
#360 = AXIS2_PLACEMENT_3D('',#361,#362,#363);
#361 = CARTESIAN_POINT('',(58.,-2.825,141.));
#362 = DIRECTION('',(0.,1.,0.));
#363 = DIRECTION('',(1.,0.,-0.));
#364 = PCURVE('',#32,#365);
#365 = DEFINITIONAL_REPRESENTATION('',(#366),#370);
#366 = CIRCLE('',#367,8.);
#367 = AXIS2_PLACEMENT_2D('',#368,#369);
#368 = CARTESIAN_POINT('',(391.,308.));
#369 = DIRECTION('',(0.,1.));
#370 = ( GEOMETRIC_REPRESENTATION_CONTEXT(2) 
PARAMETRIC_REPRESENTATION_CONTEXT() REPRESENTATION_CONTEXT('2D SPACE',''
  ) );
#371 = PCURVE('',#372,#377);
#372 = CYLINDRICAL_SURFACE('',#373,8.);
#373 = AXIS2_PLACEMENT_3D('',#374,#375,#376);
#374 = CARTESIAN_POINT('',(58.,-12.,141.));
#375 = DIRECTION('',(-0.,1.,0.));
#376 = DIRECTION('',(1.,0.,-0.));
#377 = DEFINITIONAL_REPRESENTATION('',(#378),#382);
#378 = LINE('',#379,#380);
#379 = CARTESIAN_POINT('',(-6.28318530718,9.175));
#380 = VECTOR('',#381,1.);
#381 = DIRECTION('',(1.,-0.));
#382 = ( GEOMETRIC_REPRESENTATION_CONTEXT(2) 
PARAMETRIC_REPRESENTATION_CONTEXT() REPRESENTATION_CONTEXT('2D SPACE',''
  ) );
#383 = ORIENTED_EDGE('',*,*,#384,.T.);
#384 = EDGE_CURVE('',#356,#385,#387,.T.);
#385 = VERTEX_POINT('',#386);
#386 = CARTESIAN_POINT('',(66.,-2.825,123.));
#387 = SURFACE_CURVE('',#388,(#392,#398),.PCURVE_S1.);
#388 = LINE('',#389,#390);
#389 = CARTESIAN_POINT('',(66.,-2.825,-67.5));
#390 = VECTOR('',#391,1.);
#391 = DIRECTION('',(-0.,0.,-1.));
#392 = PCURVE('',#32,#393);
#393 = DEFINITIONAL_REPRESENTATION('',(#394),#397);
#394 = B_SPLINE_CURVE_WITH_KNOTS('',1,(#395,#396),.UNSPECIFIED.,.F.,.F.,
  (2,2),(-208.5,-190.5),.PIECEWISE_BEZIER_KNOTS.);
#395 = CARTESIAN_POINT('',(391.,316.));
#396 = CARTESIAN_POINT('',(373.,316.));
#397 = ( GEOMETRIC_REPRESENTATION_CONTEXT(2) 
PARAMETRIC_REPRESENTATION_CONTEXT() REPRESENTATION_CONTEXT('2D SPACE',''
  ) );
#398 = PCURVE('',#399,#404);
#399 = PLANE('',#400);
#400 = AXIS2_PLACEMENT_3D('',#401,#402,#403);
#401 = CARTESIAN_POINT('',(66.,-12.,115.));
#402 = DIRECTION('',(1.,0.,-0.));
#403 = DIRECTION('',(0.,0.,1.));
#404 = DEFINITIONAL_REPRESENTATION('',(#405),#408);
#405 = B_SPLINE_CURVE_WITH_KNOTS('',1,(#406,#407),.UNSPECIFIED.,.F.,.F.,
  (2,2),(-208.5,-190.5),.PIECEWISE_BEZIER_KNOTS.);
#406 = CARTESIAN_POINT('',(26.,-9.175));
#407 = CARTESIAN_POINT('',(8.,-9.175));
#408 = ( GEOMETRIC_REPRESENTATION_CONTEXT(2) 
PARAMETRIC_REPRESENTATION_CONTEXT() REPRESENTATION_CONTEXT('2D SPACE',''
  ) );
#409 = ORIENTED_EDGE('',*,*,#410,.T.);
#410 = EDGE_CURVE('',#385,#411,#413,.T.);
#411 = VERTEX_POINT('',#412);
#412 = CARTESIAN_POINT('',(65.159063381831,-2.825,119.42959225088));
#413 = SURFACE_CURVE('',#414,(#419,#426),.PCURVE_S1.);
#414 = CIRCLE('',#415,8.);
#415 = AXIS2_PLACEMENT_3D('',#416,#417,#418);
#416 = CARTESIAN_POINT('',(58.,-2.825,123.));
#417 = DIRECTION('',(0.,1.,0.));
#418 = DIRECTION('',(1.,0.,-0.));
#419 = PCURVE('',#32,#420);
#420 = DEFINITIONAL_REPRESENTATION('',(#421),#425);
#421 = CIRCLE('',#422,8.);
#422 = AXIS2_PLACEMENT_2D('',#423,#424);
#423 = CARTESIAN_POINT('',(373.,308.));
#424 = DIRECTION('',(0.,1.));
#425 = ( GEOMETRIC_REPRESENTATION_CONTEXT(2) 
PARAMETRIC_REPRESENTATION_CONTEXT() REPRESENTATION_CONTEXT('2D SPACE',''
  ) );
#426 = PCURVE('',#427,#432);
#427 = CYLINDRICAL_SURFACE('',#428,8.);
#428 = AXIS2_PLACEMENT_3D('',#429,#430,#431);
#429 = CARTESIAN_POINT('',(58.,-12.,123.));
#430 = DIRECTION('',(-0.,1.,0.));
#431 = DIRECTION('',(1.,0.,-0.));
#432 = DEFINITIONAL_REPRESENTATION('',(#433),#437);
#433 = LINE('',#434,#435);
#434 = CARTESIAN_POINT('',(0.,9.175));
#435 = VECTOR('',#436,1.);
#436 = DIRECTION('',(1.,0.));
#437 = ( GEOMETRIC_REPRESENTATION_CONTEXT(2) 
PARAMETRIC_REPRESENTATION_CONTEXT() REPRESENTATION_CONTEXT('2D SPACE',''
  ) );
#438 = ORIENTED_EDGE('',*,*,#439,.T.);
#439 = EDGE_CURVE('',#411,#440,#442,.T.);
#440 = VERTEX_POINT('',#441);
#441 = CARTESIAN_POINT('',(66.,-2.825,113.));
#442 = SURFACE_CURVE('',#443,(#448,#455),.PCURVE_S1.);
#443 = CIRCLE('',#444,25.);
#444 = AXIS2_PLACEMENT_3D('',#445,#446,#447);
#445 = CARTESIAN_POINT('',(41.,-2.825,113.));
#446 = DIRECTION('',(0.,1.,0.));
#447 = DIRECTION('',(1.,0.,-0.));
#448 = PCURVE('',#32,#449);
#449 = DEFINITIONAL_REPRESENTATION('',(#450),#454);
#450 = CIRCLE('',#451,25.);
#451 = AXIS2_PLACEMENT_2D('',#452,#453);
#452 = CARTESIAN_POINT('',(363.,291.));
#453 = DIRECTION('',(0.,1.));
#454 = ( GEOMETRIC_REPRESENTATION_CONTEXT(2) 
PARAMETRIC_REPRESENTATION_CONTEXT() REPRESENTATION_CONTEXT('2D SPACE',''
  ) );
#455 = PCURVE('',#456,#461);
#456 = CYLINDRICAL_SURFACE('',#457,25.);
#457 = AXIS2_PLACEMENT_3D('',#458,#459,#460);
#458 = CARTESIAN_POINT('',(41.,-36.,113.));
#459 = DIRECTION('',(-0.,1.,0.));
#460 = DIRECTION('',(1.,0.,-0.));
#461 = DEFINITIONAL_REPRESENTATION('',(#462),#466);
#462 = LINE('',#463,#464);
#463 = CARTESIAN_POINT('',(-6.28318530718,33.175));
#464 = VECTOR('',#465,1.);
#465 = DIRECTION('',(1.,-0.));
#466 = ( GEOMETRIC_REPRESENTATION_CONTEXT(2) 
PARAMETRIC_REPRESENTATION_CONTEXT() REPRESENTATION_CONTEXT('2D SPACE',''
  ) );
#467 = ORIENTED_EDGE('',*,*,#468,.T.);
#468 = EDGE_CURVE('',#440,#469,#471,.T.);
#469 = VERTEX_POINT('',#470);
#470 = CARTESIAN_POINT('',(66.,-2.825,90.472135955));
#471 = SURFACE_CURVE('',#472,(#476,#482),.PCURVE_S1.);
#472 = LINE('',#473,#474);
#473 = CARTESIAN_POINT('',(66.,-2.825,-95.));
#474 = VECTOR('',#475,1.);
#475 = DIRECTION('',(-0.,0.,-1.));
#476 = PCURVE('',#32,#477);
#477 = DEFINITIONAL_REPRESENTATION('',(#478),#481);
#478 = B_SPLINE_CURVE_WITH_KNOTS('',1,(#479,#480),.UNSPECIFIED.,.F.,.F.,
  (2,2),(-208.,-180.),.PIECEWISE_BEZIER_KNOTS.);
#479 = CARTESIAN_POINT('',(363.,316.));
#480 = CARTESIAN_POINT('',(335.,316.));
#481 = ( GEOMETRIC_REPRESENTATION_CONTEXT(2) 
PARAMETRIC_REPRESENTATION_CONTEXT() REPRESENTATION_CONTEXT('2D SPACE',''
  ) );
#482 = PCURVE('',#483,#488);
#483 = PLANE('',#484);
#484 = AXIS2_PLACEMENT_3D('',#485,#486,#487);
#485 = CARTESIAN_POINT('',(66.,-36.,60.));
#486 = DIRECTION('',(1.,0.,-0.));
#487 = DIRECTION('',(0.,0.,1.));
#488 = DEFINITIONAL_REPRESENTATION('',(#489),#492);
#489 = B_SPLINE_CURVE_WITH_KNOTS('',1,(#490,#491),.UNSPECIFIED.,.F.,.F.,
  (2,2),(-208.,-180.),.PIECEWISE_BEZIER_KNOTS.);
#490 = CARTESIAN_POINT('',(53.,-33.175));
#491 = CARTESIAN_POINT('',(25.,-33.175));
#492 = ( GEOMETRIC_REPRESENTATION_CONTEXT(2) 
PARAMETRIC_REPRESENTATION_CONTEXT() REPRESENTATION_CONTEXT('2D SPACE',''
  ) );
#493 = ORIENTED_EDGE('',*,*,#494,.T.);
#494 = EDGE_CURVE('',#469,#495,#497,.T.);
#495 = VERTEX_POINT('',#496);
#496 = CARTESIAN_POINT('',(65.724020524319,-2.825,81.295568989299));
#497 = SURFACE_CURVE('',#498,(#503,#510),.PCURVE_S1.);
#498 = CIRCLE('',#499,6.);
#499 = AXIS2_PLACEMENT_3D('',#500,#501,#502);
#500 = CARTESIAN_POINT('',(62.,-2.825,86.));
#501 = DIRECTION('',(-0.,1.,0.));
#502 = DIRECTION('',(1.,0.,0.));
#503 = PCURVE('',#32,#504);
#504 = DEFINITIONAL_REPRESENTATION('',(#505),#509);
#505 = CIRCLE('',#506,6.);
#506 = AXIS2_PLACEMENT_2D('',#507,#508);
#507 = CARTESIAN_POINT('',(336.,312.));
#508 = DIRECTION('',(0.,1.));
#509 = ( GEOMETRIC_REPRESENTATION_CONTEXT(2) 
PARAMETRIC_REPRESENTATION_CONTEXT() REPRESENTATION_CONTEXT('2D SPACE',''
  ) );
#510 = PCURVE('',#511,#516);
#511 = CYLINDRICAL_SURFACE('',#512,6.);
#512 = AXIS2_PLACEMENT_3D('',#513,#514,#515);
#513 = CARTESIAN_POINT('',(62.,-10.,86.));
#514 = DIRECTION('',(0.,1.,0.));
#515 = DIRECTION('',(1.,0.,0.));
#516 = DEFINITIONAL_REPRESENTATION('',(#517),#521);
#517 = LINE('',#518,#519);
#518 = CARTESIAN_POINT('',(1.7763568394E-15,7.175));
#519 = VECTOR('',#520,1.);
#520 = DIRECTION('',(1.,0.));
#521 = ( GEOMETRIC_REPRESENTATION_CONTEXT(2) 
PARAMETRIC_REPRESENTATION_CONTEXT() REPRESENTATION_CONTEXT('2D SPACE',''
  ) );
#522 = ORIENTED_EDGE('',*,*,#523,.T.);
#523 = EDGE_CURVE('',#495,#524,#526,.T.);
#524 = VERTEX_POINT('',#525);
#525 = CARTESIAN_POINT('',(41.,-2.825,60.));
#526 = SURFACE_CURVE('',#527,(#532,#539),.PCURVE_S1.);
#527 = CIRCLE('',#528,25.);
#528 = AXIS2_PLACEMENT_3D('',#529,#530,#531);
#529 = CARTESIAN_POINT('',(41.,-2.825,85.));
#530 = DIRECTION('',(0.,1.,0.));
#531 = DIRECTION('',(1.,0.,-0.));
#532 = PCURVE('',#32,#533);
#533 = DEFINITIONAL_REPRESENTATION('',(#534),#538);
#534 = CIRCLE('',#535,25.);
#535 = AXIS2_PLACEMENT_2D('',#536,#537);
#536 = CARTESIAN_POINT('',(335.,291.));
#537 = DIRECTION('',(0.,1.));
#538 = ( GEOMETRIC_REPRESENTATION_CONTEXT(2) 
PARAMETRIC_REPRESENTATION_CONTEXT() REPRESENTATION_CONTEXT('2D SPACE',''
  ) );
#539 = PCURVE('',#540,#545);
#540 = CYLINDRICAL_SURFACE('',#541,25.);
#541 = AXIS2_PLACEMENT_3D('',#542,#543,#544);
#542 = CARTESIAN_POINT('',(41.,-36.,85.));
#543 = DIRECTION('',(-0.,1.,0.));
#544 = DIRECTION('',(1.,0.,-0.));
#545 = DEFINITIONAL_REPRESENTATION('',(#546),#550);
#546 = LINE('',#547,#548);
#547 = CARTESIAN_POINT('',(0.,33.175));
#548 = VECTOR('',#549,1.);
#549 = DIRECTION('',(1.,0.));
#550 = ( GEOMETRIC_REPRESENTATION_CONTEXT(2) 
PARAMETRIC_REPRESENTATION_CONTEXT() REPRESENTATION_CONTEXT('2D SPACE',''
  ) );
#551 = ORIENTED_EDGE('',*,*,#552,.F.);
#552 = EDGE_CURVE('',#553,#524,#555,.T.);
#553 = VERTEX_POINT('',#554);
#554 = CARTESIAN_POINT('',(-41.,-2.825,60.));
#555 = SURFACE_CURVE('',#556,(#560,#566),.PCURVE_S1.);
#556 = LINE('',#557,#558);
#557 = CARTESIAN_POINT('',(-158.,-2.825,60.));
#558 = VECTOR('',#559,1.);
#559 = DIRECTION('',(1.,0.,-0.));
#560 = PCURVE('',#32,#561);
#561 = DEFINITIONAL_REPRESENTATION('',(#562),#565);
#562 = B_SPLINE_CURVE_WITH_KNOTS('',1,(#563,#564),.UNSPECIFIED.,.F.,.F.,
  (2,2),(117.,199.),.PIECEWISE_BEZIER_KNOTS.);
#563 = CARTESIAN_POINT('',(310.,209.));
#564 = CARTESIAN_POINT('',(310.,291.));
#565 = ( GEOMETRIC_REPRESENTATION_CONTEXT(2) 
PARAMETRIC_REPRESENTATION_CONTEXT() REPRESENTATION_CONTEXT('2D SPACE',''
  ) );
#566 = PCURVE('',#567,#572);
#567 = PLANE('',#568);
#568 = AXIS2_PLACEMENT_3D('',#569,#570,#571);
#569 = CARTESIAN_POINT('',(-66.,-36.,60.));
#570 = DIRECTION('',(0.,0.,1.));
#571 = DIRECTION('',(1.,0.,-0.));
#572 = DEFINITIONAL_REPRESENTATION('',(#573),#576);
#573 = B_SPLINE_CURVE_WITH_KNOTS('',1,(#574,#575),.UNSPECIFIED.,.F.,.F.,
  (2,2),(117.,199.),.PIECEWISE_BEZIER_KNOTS.);
#574 = CARTESIAN_POINT('',(25.,33.175));
#575 = CARTESIAN_POINT('',(107.,33.175));
#576 = ( GEOMETRIC_REPRESENTATION_CONTEXT(2) 
PARAMETRIC_REPRESENTATION_CONTEXT() REPRESENTATION_CONTEXT('2D SPACE',''
  ) );
#577 = ORIENTED_EDGE('',*,*,#578,.T.);
#578 = EDGE_CURVE('',#553,#579,#581,.T.);
#579 = VERTEX_POINT('',#580);
#580 = CARTESIAN_POINT('',(-65.72402052431,-2.825,81.295568989299));
#581 = SURFACE_CURVE('',#582,(#587,#594),.PCURVE_S1.);
#582 = CIRCLE('',#583,25.);
#583 = AXIS2_PLACEMENT_3D('',#584,#585,#586);
#584 = CARTESIAN_POINT('',(-41.,-2.825,85.));
#585 = DIRECTION('',(-0.,1.,0.));
#586 = DIRECTION('',(-1.,-0.,0.));
#587 = PCURVE('',#32,#588);
#588 = DEFINITIONAL_REPRESENTATION('',(#589),#593);
#589 = CIRCLE('',#590,25.);
#590 = AXIS2_PLACEMENT_2D('',#591,#592);
#591 = CARTESIAN_POINT('',(335.,209.));
#592 = DIRECTION('',(0.,-1.));
#593 = ( GEOMETRIC_REPRESENTATION_CONTEXT(2) 
PARAMETRIC_REPRESENTATION_CONTEXT() REPRESENTATION_CONTEXT('2D SPACE',''
  ) );
#594 = PCURVE('',#595,#600);
#595 = CYLINDRICAL_SURFACE('',#596,25.);
#596 = AXIS2_PLACEMENT_3D('',#597,#598,#599);
#597 = CARTESIAN_POINT('',(-41.,-36.,85.));
#598 = DIRECTION('',(-0.,1.,0.));
#599 = DIRECTION('',(-1.,-0.,0.));
#600 = DEFINITIONAL_REPRESENTATION('',(#601),#605);
#601 = LINE('',#602,#603);
#602 = CARTESIAN_POINT('',(-6.28318530718,33.175));
#603 = VECTOR('',#604,1.);
#604 = DIRECTION('',(1.,-0.));
#605 = ( GEOMETRIC_REPRESENTATION_CONTEXT(2) 
PARAMETRIC_REPRESENTATION_CONTEXT() REPRESENTATION_CONTEXT('2D SPACE',''
  ) );
#606 = ORIENTED_EDGE('',*,*,#607,.T.);
#607 = EDGE_CURVE('',#579,#24,#608,.T.);
#608 = SURFACE_CURVE('',#609,(#614,#621),.PCURVE_S1.);
#609 = CIRCLE('',#610,6.);
#610 = AXIS2_PLACEMENT_3D('',#611,#612,#613);
#611 = CARTESIAN_POINT('',(-62.,-2.825,86.));
#612 = DIRECTION('',(-0.,1.,0.));
#613 = DIRECTION('',(1.,0.,0.));
#614 = PCURVE('',#32,#615);
#615 = DEFINITIONAL_REPRESENTATION('',(#616),#620);
#616 = CIRCLE('',#617,6.);
#617 = AXIS2_PLACEMENT_2D('',#618,#619);
#618 = CARTESIAN_POINT('',(336.,188.));
#619 = DIRECTION('',(0.,1.));
#620 = ( GEOMETRIC_REPRESENTATION_CONTEXT(2) 
PARAMETRIC_REPRESENTATION_CONTEXT() REPRESENTATION_CONTEXT('2D SPACE',''
  ) );
#621 = PCURVE('',#622,#627);
#622 = CYLINDRICAL_SURFACE('',#623,6.);
#623 = AXIS2_PLACEMENT_3D('',#624,#625,#626);
#624 = CARTESIAN_POINT('',(-62.,-10.,86.));
#625 = DIRECTION('',(0.,1.,0.));
#626 = DIRECTION('',(1.,0.,0.));
#627 = DEFINITIONAL_REPRESENTATION('',(#628),#632);
#628 = LINE('',#629,#630);
#629 = CARTESIAN_POINT('',(0.,7.175));
#630 = VECTOR('',#631,1.);
#631 = DIRECTION('',(1.,0.));
#632 = ( GEOMETRIC_REPRESENTATION_CONTEXT(2) 
PARAMETRIC_REPRESENTATION_CONTEXT() REPRESENTATION_CONTEXT('2D SPACE',''
  ) );
#633 = FACE_BOUND('',#634,.F.);
#634 = EDGE_LOOP('',(#635));
#635 = ORIENTED_EDGE('',*,*,#636,.F.);
#636 = EDGE_CURVE('',#637,#637,#639,.T.);
#637 = VERTEX_POINT('',#638);
#638 = CARTESIAN_POINT('',(-60.3,-2.825,86.));
#639 = SURFACE_CURVE('',#640,(#645,#652),.PCURVE_S1.);
#640 = CIRCLE('',#641,1.7);
#641 = AXIS2_PLACEMENT_3D('',#642,#643,#644);
#642 = CARTESIAN_POINT('',(-62.,-2.825,86.));
#643 = DIRECTION('',(-0.,1.,0.));
#644 = DIRECTION('',(1.,0.,0.));
#645 = PCURVE('',#32,#646);
#646 = DEFINITIONAL_REPRESENTATION('',(#647),#651);
#647 = CIRCLE('',#648,1.7);
#648 = AXIS2_PLACEMENT_2D('',#649,#650);
#649 = CARTESIAN_POINT('',(336.,188.));
#650 = DIRECTION('',(0.,1.));
#651 = ( GEOMETRIC_REPRESENTATION_CONTEXT(2) 
PARAMETRIC_REPRESENTATION_CONTEXT() REPRESENTATION_CONTEXT('2D SPACE',''
  ) );
#652 = PCURVE('',#653,#658);
#653 = CYLINDRICAL_SURFACE('',#654,1.7);
#654 = AXIS2_PLACEMENT_3D('',#655,#656,#657);
#655 = CARTESIAN_POINT('',(-62.,-12.,86.));
#656 = DIRECTION('',(0.,1.,0.));
#657 = DIRECTION('',(1.,0.,0.));
#658 = DEFINITIONAL_REPRESENTATION('',(#659),#663);
#659 = LINE('',#660,#661);
#660 = CARTESIAN_POINT('',(0.,9.175));
#661 = VECTOR('',#662,1.);
#662 = DIRECTION('',(1.,0.));
#663 = ( GEOMETRIC_REPRESENTATION_CONTEXT(2) 
PARAMETRIC_REPRESENTATION_CONTEXT() REPRESENTATION_CONTEXT('2D SPACE',''
  ) );
#664 = FACE_BOUND('',#665,.F.);
#665 = EDGE_LOOP('',(#666));
#666 = ORIENTED_EDGE('',*,*,#667,.F.);
#667 = EDGE_CURVE('',#668,#668,#670,.T.);
#668 = VERTEX_POINT('',#669);
#669 = CARTESIAN_POINT('',(-56.3,-2.825,119.));
#670 = SURFACE_CURVE('',#671,(#676,#683),.PCURVE_S1.);
#671 = CIRCLE('',#672,1.7);
#672 = AXIS2_PLACEMENT_3D('',#673,#674,#675);
#673 = CARTESIAN_POINT('',(-58.,-2.825,119.));
#674 = DIRECTION('',(-0.,1.,0.));
#675 = DIRECTION('',(1.,0.,0.));
#676 = PCURVE('',#32,#677);
#677 = DEFINITIONAL_REPRESENTATION('',(#678),#682);
#678 = CIRCLE('',#679,1.7);
#679 = AXIS2_PLACEMENT_2D('',#680,#681);
#680 = CARTESIAN_POINT('',(369.,192.));
#681 = DIRECTION('',(0.,1.));
#682 = ( GEOMETRIC_REPRESENTATION_CONTEXT(2) 
PARAMETRIC_REPRESENTATION_CONTEXT() REPRESENTATION_CONTEXT('2D SPACE',''
  ) );
#683 = PCURVE('',#684,#689);
#684 = CYLINDRICAL_SURFACE('',#685,1.7);
#685 = AXIS2_PLACEMENT_3D('',#686,#687,#688);
#686 = CARTESIAN_POINT('',(-58.,-12.,119.));
#687 = DIRECTION('',(0.,1.,0.));
#688 = DIRECTION('',(1.,0.,0.));
#689 = DEFINITIONAL_REPRESENTATION('',(#690),#694);
#690 = LINE('',#691,#692);
#691 = CARTESIAN_POINT('',(0.,9.175));
#692 = VECTOR('',#693,1.);
#693 = DIRECTION('',(1.,0.));
#694 = ( GEOMETRIC_REPRESENTATION_CONTEXT(2) 
PARAMETRIC_REPRESENTATION_CONTEXT() REPRESENTATION_CONTEXT('2D SPACE',''
  ) );
#695 = FACE_BOUND('',#696,.F.);
#696 = EDGE_LOOP('',(#697,#728,#754,#783,#804,#830,#856,#885,#906,#935,
    #961,#990,#1016,#1042,#1068,#1097));
#697 = ORIENTED_EDGE('',*,*,#698,.T.);
#698 = EDGE_CURVE('',#699,#701,#703,.T.);
#699 = VERTEX_POINT('',#700);
#700 = CARTESIAN_POINT('',(-53.527864045,-2.825,115.));
#701 = VERTEX_POINT('',#702);
#702 = CARTESIAN_POINT('',(-57.,-2.825,113.0839202169));
#703 = SURFACE_CURVE('',#704,(#709,#716),.PCURVE_S1.);
#704 = CIRCLE('',#705,6.);
#705 = AXIS2_PLACEMENT_3D('',#706,#707,#708);
#706 = CARTESIAN_POINT('',(-58.,-2.825,119.));
#707 = DIRECTION('',(-0.,1.,0.));
#708 = DIRECTION('',(1.,0.,0.));
#709 = PCURVE('',#32,#710);
#710 = DEFINITIONAL_REPRESENTATION('',(#711),#715);
#711 = CIRCLE('',#712,6.);
#712 = AXIS2_PLACEMENT_2D('',#713,#714);
#713 = CARTESIAN_POINT('',(369.,192.));
#714 = DIRECTION('',(0.,1.));
#715 = ( GEOMETRIC_REPRESENTATION_CONTEXT(2) 
PARAMETRIC_REPRESENTATION_CONTEXT() REPRESENTATION_CONTEXT('2D SPACE',''
  ) );
#716 = PCURVE('',#717,#722);
#717 = CYLINDRICAL_SURFACE('',#718,6.);
#718 = AXIS2_PLACEMENT_3D('',#719,#720,#721);
#719 = CARTESIAN_POINT('',(-58.,-10.,119.));
#720 = DIRECTION('',(0.,1.,0.));
#721 = DIRECTION('',(1.,0.,0.));
#722 = DEFINITIONAL_REPRESENTATION('',(#723),#727);
#723 = LINE('',#724,#725);
#724 = CARTESIAN_POINT('',(0.,7.175));
#725 = VECTOR('',#726,1.);
#726 = DIRECTION('',(1.,0.));
#727 = ( GEOMETRIC_REPRESENTATION_CONTEXT(2) 
PARAMETRIC_REPRESENTATION_CONTEXT() REPRESENTATION_CONTEXT('2D SPACE',''
  ) );
#728 = ORIENTED_EDGE('',*,*,#729,.T.);
#729 = EDGE_CURVE('',#701,#730,#732,.T.);
#730 = VERTEX_POINT('',#731);
#731 = CARTESIAN_POINT('',(-57.,-2.825,89.316624790355));
#732 = SURFACE_CURVE('',#733,(#737,#743),.PCURVE_S1.);
#733 = LINE('',#734,#735);
#734 = CARTESIAN_POINT('',(-57.,-2.825,-91.5));
#735 = VECTOR('',#736,1.);
#736 = DIRECTION('',(-0.,0.,-1.));
#737 = PCURVE('',#32,#738);
#738 = DEFINITIONAL_REPRESENTATION('',(#739),#742);
#739 = B_SPLINE_CURVE_WITH_KNOTS('',1,(#740,#741),.UNSPECIFIED.,.F.,.F.,
  (2,2),(-222.5,-158.5),.PIECEWISE_BEZIER_KNOTS.);
#740 = CARTESIAN_POINT('',(381.,193.));
#741 = CARTESIAN_POINT('',(317.,193.));
#742 = ( GEOMETRIC_REPRESENTATION_CONTEXT(2) 
PARAMETRIC_REPRESENTATION_CONTEXT() REPRESENTATION_CONTEXT('2D SPACE',''
  ) );
#743 = PCURVE('',#744,#749);
#744 = PLANE('',#745);
#745 = AXIS2_PLACEMENT_3D('',#746,#747,#748);
#746 = CARTESIAN_POINT('',(-57.,-25.,67.));
#747 = DIRECTION('',(1.,0.,-0.));
#748 = DIRECTION('',(0.,0.,1.));
#749 = DEFINITIONAL_REPRESENTATION('',(#750),#753);
#750 = B_SPLINE_CURVE_WITH_KNOTS('',1,(#751,#752),.UNSPECIFIED.,.F.,.F.,
  (2,2),(-222.5,-158.5),.PIECEWISE_BEZIER_KNOTS.);
#751 = CARTESIAN_POINT('',(64.,-22.175));
#752 = CARTESIAN_POINT('',(0.,-22.175));
#753 = ( GEOMETRIC_REPRESENTATION_CONTEXT(2) 
PARAMETRIC_REPRESENTATION_CONTEXT() REPRESENTATION_CONTEXT('2D SPACE',''
  ) );
#754 = ORIENTED_EDGE('',*,*,#755,.T.);
#755 = EDGE_CURVE('',#730,#756,#758,.T.);
#756 = VERTEX_POINT('',#757);
#757 = CARTESIAN_POINT('',(-57.,-2.825,82.683375209645));
#758 = SURFACE_CURVE('',#759,(#764,#771),.PCURVE_S1.);
#759 = CIRCLE('',#760,6.);
#760 = AXIS2_PLACEMENT_3D('',#761,#762,#763);
#761 = CARTESIAN_POINT('',(-62.,-2.825,86.));
#762 = DIRECTION('',(-0.,1.,0.));
#763 = DIRECTION('',(1.,0.,0.));
#764 = PCURVE('',#32,#765);
#765 = DEFINITIONAL_REPRESENTATION('',(#766),#770);
#766 = CIRCLE('',#767,6.);
#767 = AXIS2_PLACEMENT_2D('',#768,#769);
#768 = CARTESIAN_POINT('',(336.,188.));
#769 = DIRECTION('',(0.,1.));
#770 = ( GEOMETRIC_REPRESENTATION_CONTEXT(2) 
PARAMETRIC_REPRESENTATION_CONTEXT() REPRESENTATION_CONTEXT('2D SPACE',''
  ) );
#771 = PCURVE('',#772,#777);
#772 = CYLINDRICAL_SURFACE('',#773,6.);
#773 = AXIS2_PLACEMENT_3D('',#774,#775,#776);
#774 = CARTESIAN_POINT('',(-62.,-10.,86.));
#775 = DIRECTION('',(0.,1.,0.));
#776 = DIRECTION('',(1.,0.,0.));
#777 = DEFINITIONAL_REPRESENTATION('',(#778),#782);
#778 = LINE('',#779,#780);
#779 = CARTESIAN_POINT('',(0.,7.175));
#780 = VECTOR('',#781,1.);
#781 = DIRECTION('',(1.,0.));
#782 = ( GEOMETRIC_REPRESENTATION_CONTEXT(2) 
PARAMETRIC_REPRESENTATION_CONTEXT() REPRESENTATION_CONTEXT('2D SPACE',''
  ) );
#783 = ORIENTED_EDGE('',*,*,#784,.T.);
#784 = EDGE_CURVE('',#756,#785,#787,.T.);
#785 = VERTEX_POINT('',#786);
#786 = CARTESIAN_POINT('',(-57.,-2.825,67.));
#787 = SURFACE_CURVE('',#788,(#792,#798),.PCURVE_S1.);
#788 = LINE('',#789,#790);
#789 = CARTESIAN_POINT('',(-57.,-2.825,-91.5));
#790 = VECTOR('',#791,1.);
#791 = DIRECTION('',(-0.,0.,-1.));
#792 = PCURVE('',#32,#793);
#793 = DEFINITIONAL_REPRESENTATION('',(#794),#797);
#794 = B_SPLINE_CURVE_WITH_KNOTS('',1,(#795,#796),.UNSPECIFIED.,.F.,.F.,
  (2,2),(-222.5,-158.5),.PIECEWISE_BEZIER_KNOTS.);
#795 = CARTESIAN_POINT('',(381.,193.));
#796 = CARTESIAN_POINT('',(317.,193.));
#797 = ( GEOMETRIC_REPRESENTATION_CONTEXT(2) 
PARAMETRIC_REPRESENTATION_CONTEXT() REPRESENTATION_CONTEXT('2D SPACE',''
  ) );
#798 = PCURVE('',#744,#799);
#799 = DEFINITIONAL_REPRESENTATION('',(#800),#803);
#800 = B_SPLINE_CURVE_WITH_KNOTS('',1,(#801,#802),.UNSPECIFIED.,.F.,.F.,
  (2,2),(-222.5,-158.5),.PIECEWISE_BEZIER_KNOTS.);
#801 = CARTESIAN_POINT('',(64.,-22.175));
#802 = CARTESIAN_POINT('',(0.,-22.175));
#803 = ( GEOMETRIC_REPRESENTATION_CONTEXT(2) 
PARAMETRIC_REPRESENTATION_CONTEXT() REPRESENTATION_CONTEXT('2D SPACE',''
  ) );
#804 = ORIENTED_EDGE('',*,*,#805,.T.);
#805 = EDGE_CURVE('',#785,#806,#808,.T.);
#806 = VERTEX_POINT('',#807);
#807 = CARTESIAN_POINT('',(57.,-2.825,67.));
#808 = SURFACE_CURVE('',#809,(#813,#819),.PCURVE_S1.);
#809 = LINE('',#810,#811);
#810 = CARTESIAN_POINT('',(-153.5,-2.825,67.));
#811 = VECTOR('',#812,1.);
#812 = DIRECTION('',(1.,0.,-0.));
#813 = PCURVE('',#32,#814);
#814 = DEFINITIONAL_REPRESENTATION('',(#815),#818);
#815 = B_SPLINE_CURVE_WITH_KNOTS('',1,(#816,#817),.UNSPECIFIED.,.F.,.F.,
  (2,2),(96.5,210.5),.PIECEWISE_BEZIER_KNOTS.);
#816 = CARTESIAN_POINT('',(317.,193.));
#817 = CARTESIAN_POINT('',(317.,307.));
#818 = ( GEOMETRIC_REPRESENTATION_CONTEXT(2) 
PARAMETRIC_REPRESENTATION_CONTEXT() REPRESENTATION_CONTEXT('2D SPACE',''
  ) );
#819 = PCURVE('',#820,#825);
#820 = PLANE('',#821);
#821 = AXIS2_PLACEMENT_3D('',#822,#823,#824);
#822 = CARTESIAN_POINT('',(-57.,-25.,67.));
#823 = DIRECTION('',(0.,0.,1.));
#824 = DIRECTION('',(1.,0.,-0.));
#825 = DEFINITIONAL_REPRESENTATION('',(#826),#829);
#826 = B_SPLINE_CURVE_WITH_KNOTS('',1,(#827,#828),.UNSPECIFIED.,.F.,.F.,
  (2,2),(96.5,210.5),.PIECEWISE_BEZIER_KNOTS.);
#827 = CARTESIAN_POINT('',(-1.42108547152E-14,22.175));
#828 = CARTESIAN_POINT('',(114.,22.175));
#829 = ( GEOMETRIC_REPRESENTATION_CONTEXT(2) 
PARAMETRIC_REPRESENTATION_CONTEXT() REPRESENTATION_CONTEXT('2D SPACE',''
  ) );
#830 = ORIENTED_EDGE('',*,*,#831,.F.);
#831 = EDGE_CURVE('',#832,#806,#834,.T.);
#832 = VERTEX_POINT('',#833);
#833 = CARTESIAN_POINT('',(57.,-2.825,82.683375209645));
#834 = SURFACE_CURVE('',#835,(#839,#845),.PCURVE_S1.);
#835 = LINE('',#836,#837);
#836 = CARTESIAN_POINT('',(57.,-2.825,-91.5));
#837 = VECTOR('',#838,1.);
#838 = DIRECTION('',(-0.,0.,-1.));
#839 = PCURVE('',#32,#840);
#840 = DEFINITIONAL_REPRESENTATION('',(#841),#844);
#841 = B_SPLINE_CURVE_WITH_KNOTS('',1,(#842,#843),.UNSPECIFIED.,.F.,.F.,
  (2,2),(-222.5,-158.5),.PIECEWISE_BEZIER_KNOTS.);
#842 = CARTESIAN_POINT('',(381.,307.));
#843 = CARTESIAN_POINT('',(317.,307.));
#844 = ( GEOMETRIC_REPRESENTATION_CONTEXT(2) 
PARAMETRIC_REPRESENTATION_CONTEXT() REPRESENTATION_CONTEXT('2D SPACE',''
  ) );
#845 = PCURVE('',#846,#851);
#846 = PLANE('',#847);
#847 = AXIS2_PLACEMENT_3D('',#848,#849,#850);
#848 = CARTESIAN_POINT('',(57.,-25.,67.));
#849 = DIRECTION('',(1.,0.,-0.));
#850 = DIRECTION('',(0.,0.,1.));
#851 = DEFINITIONAL_REPRESENTATION('',(#852),#855);
#852 = B_SPLINE_CURVE_WITH_KNOTS('',1,(#853,#854),.UNSPECIFIED.,.F.,.F.,
  (2,2),(-222.5,-158.5),.PIECEWISE_BEZIER_KNOTS.);
#853 = CARTESIAN_POINT('',(64.,-22.175));
#854 = CARTESIAN_POINT('',(0.,-22.175));
#855 = ( GEOMETRIC_REPRESENTATION_CONTEXT(2) 
PARAMETRIC_REPRESENTATION_CONTEXT() REPRESENTATION_CONTEXT('2D SPACE',''
  ) );
#856 = ORIENTED_EDGE('',*,*,#857,.T.);
#857 = EDGE_CURVE('',#832,#858,#860,.T.);
#858 = VERTEX_POINT('',#859);
#859 = CARTESIAN_POINT('',(57.,-2.825,89.316624790355));
#860 = SURFACE_CURVE('',#861,(#866,#873),.PCURVE_S1.);
#861 = CIRCLE('',#862,6.);
#862 = AXIS2_PLACEMENT_3D('',#863,#864,#865);
#863 = CARTESIAN_POINT('',(62.,-2.825,86.));
#864 = DIRECTION('',(-0.,1.,0.));
#865 = DIRECTION('',(1.,0.,0.));
#866 = PCURVE('',#32,#867);
#867 = DEFINITIONAL_REPRESENTATION('',(#868),#872);
#868 = CIRCLE('',#869,6.);
#869 = AXIS2_PLACEMENT_2D('',#870,#871);
#870 = CARTESIAN_POINT('',(336.,312.));
#871 = DIRECTION('',(0.,1.));
#872 = ( GEOMETRIC_REPRESENTATION_CONTEXT(2) 
PARAMETRIC_REPRESENTATION_CONTEXT() REPRESENTATION_CONTEXT('2D SPACE',''
  ) );
#873 = PCURVE('',#874,#879);
#874 = CYLINDRICAL_SURFACE('',#875,6.);
#875 = AXIS2_PLACEMENT_3D('',#876,#877,#878);
#876 = CARTESIAN_POINT('',(62.,-10.,86.));
#877 = DIRECTION('',(0.,1.,0.));
#878 = DIRECTION('',(1.,0.,0.));
#879 = DEFINITIONAL_REPRESENTATION('',(#880),#884);
#880 = LINE('',#881,#882);
#881 = CARTESIAN_POINT('',(0.,7.175));
#882 = VECTOR('',#883,1.);
#883 = DIRECTION('',(1.,0.));
#884 = ( GEOMETRIC_REPRESENTATION_CONTEXT(2) 
PARAMETRIC_REPRESENTATION_CONTEXT() REPRESENTATION_CONTEXT('2D SPACE',''
  ) );
#885 = ORIENTED_EDGE('',*,*,#886,.F.);
#886 = EDGE_CURVE('',#887,#858,#889,.T.);
#887 = VERTEX_POINT('',#888);
#888 = CARTESIAN_POINT('',(57.,-2.825,113.0839202169));
#889 = SURFACE_CURVE('',#890,(#894,#900),.PCURVE_S1.);
#890 = LINE('',#891,#892);
#891 = CARTESIAN_POINT('',(57.,-2.825,-91.5));
#892 = VECTOR('',#893,1.);
#893 = DIRECTION('',(-0.,0.,-1.));
#894 = PCURVE('',#32,#895);
#895 = DEFINITIONAL_REPRESENTATION('',(#896),#899);
#896 = B_SPLINE_CURVE_WITH_KNOTS('',1,(#897,#898),.UNSPECIFIED.,.F.,.F.,
  (2,2),(-222.5,-158.5),.PIECEWISE_BEZIER_KNOTS.);
#897 = CARTESIAN_POINT('',(381.,307.));
#898 = CARTESIAN_POINT('',(317.,307.));
#899 = ( GEOMETRIC_REPRESENTATION_CONTEXT(2) 
PARAMETRIC_REPRESENTATION_CONTEXT() REPRESENTATION_CONTEXT('2D SPACE',''
  ) );
#900 = PCURVE('',#846,#901);
#901 = DEFINITIONAL_REPRESENTATION('',(#902),#905);
#902 = B_SPLINE_CURVE_WITH_KNOTS('',1,(#903,#904),.UNSPECIFIED.,.F.,.F.,
  (2,2),(-222.5,-158.5),.PIECEWISE_BEZIER_KNOTS.);
#903 = CARTESIAN_POINT('',(64.,-22.175));
#904 = CARTESIAN_POINT('',(0.,-22.175));
#905 = ( GEOMETRIC_REPRESENTATION_CONTEXT(2) 
PARAMETRIC_REPRESENTATION_CONTEXT() REPRESENTATION_CONTEXT('2D SPACE',''
  ) );
#906 = ORIENTED_EDGE('',*,*,#907,.T.);
#907 = EDGE_CURVE('',#887,#908,#910,.T.);
#908 = VERTEX_POINT('',#909);
#909 = CARTESIAN_POINT('',(53.527864045,-2.825,115.));
#910 = SURFACE_CURVE('',#911,(#916,#923),.PCURVE_S1.);
#911 = CIRCLE('',#912,6.);
#912 = AXIS2_PLACEMENT_3D('',#913,#914,#915);
#913 = CARTESIAN_POINT('',(58.,-2.825,119.));
#914 = DIRECTION('',(-0.,1.,0.));
#915 = DIRECTION('',(1.,0.,0.));
#916 = PCURVE('',#32,#917);
#917 = DEFINITIONAL_REPRESENTATION('',(#918),#922);
#918 = CIRCLE('',#919,6.);
#919 = AXIS2_PLACEMENT_2D('',#920,#921);
#920 = CARTESIAN_POINT('',(369.,308.));
#921 = DIRECTION('',(0.,1.));
#922 = ( GEOMETRIC_REPRESENTATION_CONTEXT(2) 
PARAMETRIC_REPRESENTATION_CONTEXT() REPRESENTATION_CONTEXT('2D SPACE',''
  ) );
#923 = PCURVE('',#924,#929);
#924 = CYLINDRICAL_SURFACE('',#925,6.);
#925 = AXIS2_PLACEMENT_3D('',#926,#927,#928);
#926 = CARTESIAN_POINT('',(58.,-10.,119.));
#927 = DIRECTION('',(0.,1.,0.));
#928 = DIRECTION('',(1.,0.,0.));
#929 = DEFINITIONAL_REPRESENTATION('',(#930),#934);
#930 = LINE('',#931,#932);
#931 = CARTESIAN_POINT('',(0.,7.175));
#932 = VECTOR('',#933,1.);
#933 = DIRECTION('',(1.,0.));
#934 = ( GEOMETRIC_REPRESENTATION_CONTEXT(2) 
PARAMETRIC_REPRESENTATION_CONTEXT() REPRESENTATION_CONTEXT('2D SPACE',''
  ) );
#935 = ORIENTED_EDGE('',*,*,#936,.F.);
#936 = EDGE_CURVE('',#937,#908,#939,.T.);
#937 = VERTEX_POINT('',#938);
#938 = CARTESIAN_POINT('',(36.,-2.825,115.));
#939 = SURFACE_CURVE('',#940,(#944,#950),.PCURVE_S1.);
#940 = LINE('',#941,#942);
#941 = CARTESIAN_POINT('',(-111.,-2.825,115.));
#942 = VECTOR('',#943,1.);
#943 = DIRECTION('',(1.,0.,-0.));
#944 = PCURVE('',#32,#945);
#945 = DEFINITIONAL_REPRESENTATION('',(#946),#949);
#946 = B_SPLINE_CURVE_WITH_KNOTS('',1,(#947,#948),.UNSPECIFIED.,.F.,.F.,
  (2,2),(147.,164.527864045),.PIECEWISE_BEZIER_KNOTS.);
#947 = CARTESIAN_POINT('',(365.,286.));
#948 = CARTESIAN_POINT('',(365.,303.527864045));
#949 = ( GEOMETRIC_REPRESENTATION_CONTEXT(2) 
PARAMETRIC_REPRESENTATION_CONTEXT() REPRESENTATION_CONTEXT('2D SPACE',''
  ) );
#950 = PCURVE('',#951,#956);
#951 = PLANE('',#952);
#952 = AXIS2_PLACEMENT_3D('',#953,#954,#955);
#953 = CARTESIAN_POINT('',(28.,-12.,115.));
#954 = DIRECTION('',(0.,0.,1.));
#955 = DIRECTION('',(1.,0.,-0.));
#956 = DEFINITIONAL_REPRESENTATION('',(#957),#960);
#957 = B_SPLINE_CURVE_WITH_KNOTS('',1,(#958,#959),.UNSPECIFIED.,.F.,.F.,
  (2,2),(147.,164.527864045),.PIECEWISE_BEZIER_KNOTS.);
#958 = CARTESIAN_POINT('',(8.,9.175));
#959 = CARTESIAN_POINT('',(25.527864045,9.175));
#960 = ( GEOMETRIC_REPRESENTATION_CONTEXT(2) 
PARAMETRIC_REPRESENTATION_CONTEXT() REPRESENTATION_CONTEXT('2D SPACE',''
  ) );
#961 = ORIENTED_EDGE('',*,*,#962,.T.);
#962 = EDGE_CURVE('',#937,#963,#965,.T.);
#963 = VERTEX_POINT('',#964);
#964 = CARTESIAN_POINT('',(28.,-2.825,123.));
#965 = SURFACE_CURVE('',#966,(#971,#978),.PCURVE_S1.);
#966 = CIRCLE('',#967,8.);
#967 = AXIS2_PLACEMENT_3D('',#968,#969,#970);
#968 = CARTESIAN_POINT('',(36.,-2.825,123.));
#969 = DIRECTION('',(-0.,1.,0.));
#970 = DIRECTION('',(-1.,-0.,0.));
#971 = PCURVE('',#32,#972);
#972 = DEFINITIONAL_REPRESENTATION('',(#973),#977);
#973 = CIRCLE('',#974,8.);
#974 = AXIS2_PLACEMENT_2D('',#975,#976);
#975 = CARTESIAN_POINT('',(373.,286.));
#976 = DIRECTION('',(0.,-1.));
#977 = ( GEOMETRIC_REPRESENTATION_CONTEXT(2) 
PARAMETRIC_REPRESENTATION_CONTEXT() REPRESENTATION_CONTEXT('2D SPACE',''
  ) );
#978 = PCURVE('',#979,#984);
#979 = CYLINDRICAL_SURFACE('',#980,8.);
#980 = AXIS2_PLACEMENT_3D('',#981,#982,#983);
#981 = CARTESIAN_POINT('',(36.,-12.,123.));
#982 = DIRECTION('',(-0.,1.,0.));
#983 = DIRECTION('',(-1.,-0.,0.));
#984 = DEFINITIONAL_REPRESENTATION('',(#985),#989);
#985 = LINE('',#986,#987);
#986 = CARTESIAN_POINT('',(-6.28318530718,9.175));
#987 = VECTOR('',#988,1.);
#988 = DIRECTION('',(1.,-0.));
#989 = ( GEOMETRIC_REPRESENTATION_CONTEXT(2) 
PARAMETRIC_REPRESENTATION_CONTEXT() REPRESENTATION_CONTEXT('2D SPACE',''
  ) );
#990 = ORIENTED_EDGE('',*,*,#991,.F.);
#991 = EDGE_CURVE('',#992,#963,#994,.T.);
#992 = VERTEX_POINT('',#993);
#993 = CARTESIAN_POINT('',(28.,-2.825,131.));
#994 = SURFACE_CURVE('',#995,(#999,#1005),.PCURVE_S1.);
#995 = LINE('',#996,#997);
#996 = CARTESIAN_POINT('',(28.,-2.825,-67.5));
#997 = VECTOR('',#998,1.);
#998 = DIRECTION('',(-0.,0.,-1.));
#999 = PCURVE('',#32,#1000);
#1000 = DEFINITIONAL_REPRESENTATION('',(#1001),#1004);
#1001 = B_SPLINE_CURVE_WITH_KNOTS('',1,(#1002,#1003),.UNSPECIFIED.,.F.,
  .F.,(2,2),(-198.5,-190.5),.PIECEWISE_BEZIER_KNOTS.);
#1002 = CARTESIAN_POINT('',(381.,278.));
#1003 = CARTESIAN_POINT('',(373.,278.));
#1004 = ( GEOMETRIC_REPRESENTATION_CONTEXT(2) 
PARAMETRIC_REPRESENTATION_CONTEXT() REPRESENTATION_CONTEXT('2D SPACE',''
  ) );
#1005 = PCURVE('',#1006,#1011);
#1006 = PLANE('',#1007);
#1007 = AXIS2_PLACEMENT_3D('',#1008,#1009,#1010);
#1008 = CARTESIAN_POINT('',(28.,-12.,115.));
#1009 = DIRECTION('',(1.,0.,-0.));
#1010 = DIRECTION('',(0.,0.,1.));
#1011 = DEFINITIONAL_REPRESENTATION('',(#1012),#1015);
#1012 = B_SPLINE_CURVE_WITH_KNOTS('',1,(#1013,#1014),.UNSPECIFIED.,.F.,
  .F.,(2,2),(-198.5,-190.5),.PIECEWISE_BEZIER_KNOTS.);
#1013 = CARTESIAN_POINT('',(16.,-9.175));
#1014 = CARTESIAN_POINT('',(8.,-9.175));
#1015 = ( GEOMETRIC_REPRESENTATION_CONTEXT(2) 
PARAMETRIC_REPRESENTATION_CONTEXT() REPRESENTATION_CONTEXT('2D SPACE',''
  ) );
#1016 = ORIENTED_EDGE('',*,*,#1017,.F.);
#1017 = EDGE_CURVE('',#1018,#992,#1020,.T.);
#1018 = VERTEX_POINT('',#1019);
#1019 = CARTESIAN_POINT('',(-28.,-2.825,131.));
#1020 = SURFACE_CURVE('',#1021,(#1025,#1031),.PCURVE_S1.);
#1021 = LINE('',#1022,#1023);
#1022 = CARTESIAN_POINT('',(-153.5,-2.825,131.));
#1023 = VECTOR('',#1024,1.);
#1024 = DIRECTION('',(1.,0.,-0.));
#1025 = PCURVE('',#32,#1026);
#1026 = DEFINITIONAL_REPRESENTATION('',(#1027),#1030);
#1027 = B_SPLINE_CURVE_WITH_KNOTS('',1,(#1028,#1029),.UNSPECIFIED.,.F.,
  .F.,(2,2),(96.5,210.5),.PIECEWISE_BEZIER_KNOTS.);
#1028 = CARTESIAN_POINT('',(381.,193.));
#1029 = CARTESIAN_POINT('',(381.,307.));
#1030 = ( GEOMETRIC_REPRESENTATION_CONTEXT(2) 
PARAMETRIC_REPRESENTATION_CONTEXT() REPRESENTATION_CONTEXT('2D SPACE',''
  ) );
#1031 = PCURVE('',#1032,#1037);
#1032 = PLANE('',#1033);
#1033 = AXIS2_PLACEMENT_3D('',#1034,#1035,#1036);
#1034 = CARTESIAN_POINT('',(-57.,-25.,131.));
#1035 = DIRECTION('',(0.,0.,1.));
#1036 = DIRECTION('',(1.,0.,-0.));
#1037 = DEFINITIONAL_REPRESENTATION('',(#1038),#1041);
#1038 = B_SPLINE_CURVE_WITH_KNOTS('',1,(#1039,#1040),.UNSPECIFIED.,.F.,
  .F.,(2,2),(96.5,210.5),.PIECEWISE_BEZIER_KNOTS.);
#1039 = CARTESIAN_POINT('',(-1.42108547152E-14,22.175));
#1040 = CARTESIAN_POINT('',(114.,22.175));
#1041 = ( GEOMETRIC_REPRESENTATION_CONTEXT(2) 
PARAMETRIC_REPRESENTATION_CONTEXT() REPRESENTATION_CONTEXT('2D SPACE',''
  ) );
#1042 = ORIENTED_EDGE('',*,*,#1043,.T.);
#1043 = EDGE_CURVE('',#1018,#1044,#1046,.T.);
#1044 = VERTEX_POINT('',#1045);
#1045 = CARTESIAN_POINT('',(-28.,-2.825,123.));
#1046 = SURFACE_CURVE('',#1047,(#1051,#1057),.PCURVE_S1.);
#1047 = LINE('',#1048,#1049);
#1048 = CARTESIAN_POINT('',(-28.,-2.825,-67.5));
#1049 = VECTOR('',#1050,1.);
#1050 = DIRECTION('',(-0.,0.,-1.));
#1051 = PCURVE('',#32,#1052);
#1052 = DEFINITIONAL_REPRESENTATION('',(#1053),#1056);
#1053 = B_SPLINE_CURVE_WITH_KNOTS('',1,(#1054,#1055),.UNSPECIFIED.,.F.,
  .F.,(2,2),(-198.5,-190.5),.PIECEWISE_BEZIER_KNOTS.);
#1054 = CARTESIAN_POINT('',(381.,222.));
#1055 = CARTESIAN_POINT('',(373.,222.));
#1056 = ( GEOMETRIC_REPRESENTATION_CONTEXT(2) 
PARAMETRIC_REPRESENTATION_CONTEXT() REPRESENTATION_CONTEXT('2D SPACE',''
  ) );
#1057 = PCURVE('',#1058,#1063);
#1058 = PLANE('',#1059);
#1059 = AXIS2_PLACEMENT_3D('',#1060,#1061,#1062);
#1060 = CARTESIAN_POINT('',(-28.,-12.,115.));
#1061 = DIRECTION('',(1.,0.,-0.));
#1062 = DIRECTION('',(0.,0.,1.));
#1063 = DEFINITIONAL_REPRESENTATION('',(#1064),#1067);
#1064 = B_SPLINE_CURVE_WITH_KNOTS('',1,(#1065,#1066),.UNSPECIFIED.,.F.,
  .F.,(2,2),(-198.5,-190.5),.PIECEWISE_BEZIER_KNOTS.);
#1065 = CARTESIAN_POINT('',(16.,-9.175));
#1066 = CARTESIAN_POINT('',(8.,-9.175));
#1067 = ( GEOMETRIC_REPRESENTATION_CONTEXT(2) 
PARAMETRIC_REPRESENTATION_CONTEXT() REPRESENTATION_CONTEXT('2D SPACE',''
  ) );
#1068 = ORIENTED_EDGE('',*,*,#1069,.T.);
#1069 = EDGE_CURVE('',#1044,#1070,#1072,.T.);
#1070 = VERTEX_POINT('',#1071);
#1071 = CARTESIAN_POINT('',(-36.,-2.825,115.));
#1072 = SURFACE_CURVE('',#1073,(#1078,#1085),.PCURVE_S1.);
#1073 = CIRCLE('',#1074,8.);
#1074 = AXIS2_PLACEMENT_3D('',#1075,#1076,#1077);
#1075 = CARTESIAN_POINT('',(-36.,-2.825,123.));
#1076 = DIRECTION('',(0.,1.,0.));
#1077 = DIRECTION('',(1.,0.,-0.));
#1078 = PCURVE('',#32,#1079);
#1079 = DEFINITIONAL_REPRESENTATION('',(#1080),#1084);
#1080 = CIRCLE('',#1081,8.);
#1081 = AXIS2_PLACEMENT_2D('',#1082,#1083);
#1082 = CARTESIAN_POINT('',(373.,214.));
#1083 = DIRECTION('',(0.,1.));
#1084 = ( GEOMETRIC_REPRESENTATION_CONTEXT(2) 
PARAMETRIC_REPRESENTATION_CONTEXT() REPRESENTATION_CONTEXT('2D SPACE',''
  ) );
#1085 = PCURVE('',#1086,#1091);
#1086 = CYLINDRICAL_SURFACE('',#1087,8.);
#1087 = AXIS2_PLACEMENT_3D('',#1088,#1089,#1090);
#1088 = CARTESIAN_POINT('',(-36.,-12.,123.));
#1089 = DIRECTION('',(-0.,1.,0.));
#1090 = DIRECTION('',(1.,0.,-0.));
#1091 = DEFINITIONAL_REPRESENTATION('',(#1092),#1096);
#1092 = LINE('',#1093,#1094);
#1093 = CARTESIAN_POINT('',(0.,9.175));
#1094 = VECTOR('',#1095,1.);
#1095 = DIRECTION('',(1.,0.));
#1096 = ( GEOMETRIC_REPRESENTATION_CONTEXT(2) 
PARAMETRIC_REPRESENTATION_CONTEXT() REPRESENTATION_CONTEXT('2D SPACE',''
  ) );
#1097 = ORIENTED_EDGE('',*,*,#1098,.F.);
#1098 = EDGE_CURVE('',#699,#1070,#1099,.T.);
#1099 = SURFACE_CURVE('',#1100,(#1104,#1110),.PCURVE_S1.);
#1100 = LINE('',#1101,#1102);
#1101 = CARTESIAN_POINT('',(-158.,-2.825,115.));
#1102 = VECTOR('',#1103,1.);
#1103 = DIRECTION('',(1.,0.,-0.));
#1104 = PCURVE('',#32,#1105);
#1105 = DEFINITIONAL_REPRESENTATION('',(#1106),#1109);
#1106 = B_SPLINE_CURVE_WITH_KNOTS('',1,(#1107,#1108),.UNSPECIFIED.,.F.,
  .F.,(2,2),(104.472135955,122.),.PIECEWISE_BEZIER_KNOTS.);
#1107 = CARTESIAN_POINT('',(365.,196.472135955));
#1108 = CARTESIAN_POINT('',(365.,214.));
#1109 = ( GEOMETRIC_REPRESENTATION_CONTEXT(2) 
PARAMETRIC_REPRESENTATION_CONTEXT() REPRESENTATION_CONTEXT('2D SPACE',''
  ) );
#1110 = PCURVE('',#1111,#1116);
#1111 = PLANE('',#1112);
#1112 = AXIS2_PLACEMENT_3D('',#1113,#1114,#1115);
#1113 = CARTESIAN_POINT('',(-66.,-12.,115.));
#1114 = DIRECTION('',(0.,0.,1.));
#1115 = DIRECTION('',(1.,0.,-0.));
#1116 = DEFINITIONAL_REPRESENTATION('',(#1117),#1120);
#1117 = B_SPLINE_CURVE_WITH_KNOTS('',1,(#1118,#1119),.UNSPECIFIED.,.F.,
  .F.,(2,2),(104.472135955,122.),.PIECEWISE_BEZIER_KNOTS.);
#1118 = CARTESIAN_POINT('',(12.472135955,9.175));
#1119 = CARTESIAN_POINT('',(30.,9.175));
#1120 = ( GEOMETRIC_REPRESENTATION_CONTEXT(2) 
PARAMETRIC_REPRESENTATION_CONTEXT() REPRESENTATION_CONTEXT('2D SPACE',''
  ) );
#1121 = FACE_BOUND('',#1122,.F.);
#1122 = EDGE_LOOP('',(#1123));
#1123 = ORIENTED_EDGE('',*,*,#1124,.F.);
#1124 = EDGE_CURVE('',#1125,#1125,#1127,.T.);
#1125 = VERTEX_POINT('',#1126);
#1126 = CARTESIAN_POINT('',(63.7,-2.825,86.));
#1127 = SURFACE_CURVE('',#1128,(#1133,#1140),.PCURVE_S1.);
#1128 = CIRCLE('',#1129,1.7);
#1129 = AXIS2_PLACEMENT_3D('',#1130,#1131,#1132);
#1130 = CARTESIAN_POINT('',(62.,-2.825,86.));
#1131 = DIRECTION('',(-0.,1.,0.));
#1132 = DIRECTION('',(1.,0.,0.));
#1133 = PCURVE('',#32,#1134);
#1134 = DEFINITIONAL_REPRESENTATION('',(#1135),#1139);
#1135 = CIRCLE('',#1136,1.7);
#1136 = AXIS2_PLACEMENT_2D('',#1137,#1138);
#1137 = CARTESIAN_POINT('',(336.,312.));
#1138 = DIRECTION('',(0.,1.));
#1139 = ( GEOMETRIC_REPRESENTATION_CONTEXT(2) 
PARAMETRIC_REPRESENTATION_CONTEXT() REPRESENTATION_CONTEXT('2D SPACE',''
  ) );
#1140 = PCURVE('',#1141,#1146);
#1141 = CYLINDRICAL_SURFACE('',#1142,1.7);
#1142 = AXIS2_PLACEMENT_3D('',#1143,#1144,#1145);
#1143 = CARTESIAN_POINT('',(62.,-12.,86.));
#1144 = DIRECTION('',(0.,1.,0.));
#1145 = DIRECTION('',(1.,0.,0.));
#1146 = DEFINITIONAL_REPRESENTATION('',(#1147),#1151);
#1147 = LINE('',#1148,#1149);
#1148 = CARTESIAN_POINT('',(0.,9.175));
#1149 = VECTOR('',#1150,1.);
#1150 = DIRECTION('',(1.,0.));
#1151 = ( GEOMETRIC_REPRESENTATION_CONTEXT(2) 
PARAMETRIC_REPRESENTATION_CONTEXT() REPRESENTATION_CONTEXT('2D SPACE',''
  ) );
#1152 = FACE_BOUND('',#1153,.F.);
#1153 = EDGE_LOOP('',(#1154));
#1154 = ORIENTED_EDGE('',*,*,#1155,.F.);
#1155 = EDGE_CURVE('',#1156,#1156,#1158,.T.);
#1156 = VERTEX_POINT('',#1157);
#1157 = CARTESIAN_POINT('',(59.7,-2.825,119.));
#1158 = SURFACE_CURVE('',#1159,(#1164,#1171),.PCURVE_S1.);
#1159 = CIRCLE('',#1160,1.7);
#1160 = AXIS2_PLACEMENT_3D('',#1161,#1162,#1163);
#1161 = CARTESIAN_POINT('',(58.,-2.825,119.));
#1162 = DIRECTION('',(-0.,1.,0.));
#1163 = DIRECTION('',(1.,0.,0.));
#1164 = PCURVE('',#32,#1165);
#1165 = DEFINITIONAL_REPRESENTATION('',(#1166),#1170);
#1166 = CIRCLE('',#1167,1.7);
#1167 = AXIS2_PLACEMENT_2D('',#1168,#1169);
#1168 = CARTESIAN_POINT('',(369.,308.));
#1169 = DIRECTION('',(0.,1.));
#1170 = ( GEOMETRIC_REPRESENTATION_CONTEXT(2) 
PARAMETRIC_REPRESENTATION_CONTEXT() REPRESENTATION_CONTEXT('2D SPACE',''
  ) );
#1171 = PCURVE('',#1172,#1177);
#1172 = CYLINDRICAL_SURFACE('',#1173,1.7);
#1173 = AXIS2_PLACEMENT_3D('',#1174,#1175,#1176);
#1174 = CARTESIAN_POINT('',(58.,-12.,119.));
#1175 = DIRECTION('',(0.,1.,0.));
#1176 = DIRECTION('',(1.,0.,0.));
#1177 = DEFINITIONAL_REPRESENTATION('',(#1178),#1182);
#1178 = LINE('',#1179,#1180);
#1179 = CARTESIAN_POINT('',(0.,9.175));
#1180 = VECTOR('',#1181,1.);
#1181 = DIRECTION('',(1.,0.));
#1182 = ( GEOMETRIC_REPRESENTATION_CONTEXT(2) 
PARAMETRIC_REPRESENTATION_CONTEXT() REPRESENTATION_CONTEXT('2D SPACE',''
  ) );
#1183 = ADVANCED_FACE('',(#1184),#43,.F.);
#1184 = FACE_BOUND('',#1185,.F.);
#1185 = EDGE_LOOP('',(#1186,#1209,#1210,#1231,#1257,#1280));
#1186 = ORIENTED_EDGE('',*,*,#1187,.F.);
#1187 = EDGE_CURVE('',#22,#1188,#1190,.T.);
#1188 = VERTEX_POINT('',#1189);
#1189 = CARTESIAN_POINT('',(-66.,5.,113.));
#1190 = SURFACE_CURVE('',#1191,(#1195,#1202),.PCURVE_S1.);
#1191 = LINE('',#1192,#1193);
#1192 = CARTESIAN_POINT('',(-66.,-36.,113.));
#1193 = VECTOR('',#1194,1.);
#1194 = DIRECTION('',(-0.,1.,0.));
#1195 = PCURVE('',#43,#1196);
#1196 = DEFINITIONAL_REPRESENTATION('',(#1197),#1201);
#1197 = LINE('',#1198,#1199);
#1198 = CARTESIAN_POINT('',(53.,0.));
#1199 = VECTOR('',#1200,1.);
#1200 = DIRECTION('',(0.,-1.));
#1201 = ( GEOMETRIC_REPRESENTATION_CONTEXT(2) 
PARAMETRIC_REPRESENTATION_CONTEXT() REPRESENTATION_CONTEXT('2D SPACE',''
  ) );
#1202 = PCURVE('',#71,#1203);
#1203 = DEFINITIONAL_REPRESENTATION('',(#1204),#1208);
#1204 = LINE('',#1205,#1206);
#1205 = CARTESIAN_POINT('',(0.,0.));
#1206 = VECTOR('',#1207,1.);
#1207 = DIRECTION('',(0.,1.));
#1208 = ( GEOMETRIC_REPRESENTATION_CONTEXT(2) 
PARAMETRIC_REPRESENTATION_CONTEXT() REPRESENTATION_CONTEXT('2D SPACE',''
  ) );
#1209 = ORIENTED_EDGE('',*,*,#21,.T.);
#1210 = ORIENTED_EDGE('',*,*,#1211,.T.);
#1211 = EDGE_CURVE('',#24,#1212,#1214,.T.);
#1212 = VERTEX_POINT('',#1213);
#1213 = CARTESIAN_POINT('',(-66.,4.,90.472135955));
#1214 = SURFACE_CURVE('',#1215,(#1219,#1225),.PCURVE_S1.);
#1215 = LINE('',#1216,#1217);
#1216 = CARTESIAN_POINT('',(-66.,-10.,90.472135955));
#1217 = VECTOR('',#1218,1.);
#1218 = DIRECTION('',(0.,1.,0.));
#1219 = PCURVE('',#43,#1220);
#1220 = DEFINITIONAL_REPRESENTATION('',(#1221),#1224);
#1221 = B_SPLINE_CURVE_WITH_KNOTS('',1,(#1222,#1223),.UNSPECIFIED.,.F.,
  .F.,(2,2),(-5.999999999062E-07,14.0000006),.PIECEWISE_BEZIER_KNOTS.);
#1222 = CARTESIAN_POINT('',(30.472135955,-25.9999994));
#1223 = CARTESIAN_POINT('',(30.472135955,-40.0000006));
#1224 = ( GEOMETRIC_REPRESENTATION_CONTEXT(2) 
PARAMETRIC_REPRESENTATION_CONTEXT() REPRESENTATION_CONTEXT('2D SPACE',''
  ) );
#1225 = PCURVE('',#622,#1226);
#1226 = DEFINITIONAL_REPRESENTATION('',(#1227),#1230);
#1227 = B_SPLINE_CURVE_WITH_KNOTS('',1,(#1228,#1229),.UNSPECIFIED.,.F.,
  .F.,(2,2),(-5.999999999062E-07,14.0000006),.PIECEWISE_BEZIER_KNOTS.);
#1228 = CARTESIAN_POINT('',(3.982661324158,-5.999999999062E-07));
#1229 = CARTESIAN_POINT('',(3.982661324158,14.0000006));
#1230 = ( GEOMETRIC_REPRESENTATION_CONTEXT(2) 
PARAMETRIC_REPRESENTATION_CONTEXT() REPRESENTATION_CONTEXT('2D SPACE',''
  ) );
#1231 = ORIENTED_EDGE('',*,*,#1232,.F.);
#1232 = EDGE_CURVE('',#1233,#1212,#1235,.T.);
#1233 = VERTEX_POINT('',#1234);
#1234 = CARTESIAN_POINT('',(-66.,4.,85.));
#1235 = SURFACE_CURVE('',#1236,(#1240,#1246),.PCURVE_S1.);
#1236 = LINE('',#1237,#1238);
#1237 = CARTESIAN_POINT('',(-66.,4.,73.));
#1238 = VECTOR('',#1239,1.);
#1239 = DIRECTION('',(0.,-0.,1.));
#1240 = PCURVE('',#43,#1241);
#1241 = DEFINITIONAL_REPRESENTATION('',(#1242),#1245);
#1242 = B_SPLINE_CURVE_WITH_KNOTS('',1,(#1243,#1244),.UNSPECIFIED.,.F.,
  .F.,(2,2),(12.,19.),.PIECEWISE_BEZIER_KNOTS.);
#1243 = CARTESIAN_POINT('',(25.,-40.));
#1244 = CARTESIAN_POINT('',(32.,-40.));
#1245 = ( GEOMETRIC_REPRESENTATION_CONTEXT(2) 
PARAMETRIC_REPRESENTATION_CONTEXT() REPRESENTATION_CONTEXT('2D SPACE',''
  ) );
#1246 = PCURVE('',#1247,#1252);
#1247 = PLANE('',#1248);
#1248 = AXIS2_PLACEMENT_3D('',#1249,#1250,#1251);
#1249 = CARTESIAN_POINT('',(-62.,4.,86.));
#1250 = DIRECTION('',(0.,1.,0.));
#1251 = DIRECTION('',(1.,0.,0.));
#1252 = DEFINITIONAL_REPRESENTATION('',(#1253),#1256);
#1253 = B_SPLINE_CURVE_WITH_KNOTS('',1,(#1254,#1255),.UNSPECIFIED.,.F.,
  .F.,(2,2),(12.,19.),.PIECEWISE_BEZIER_KNOTS.);
#1254 = CARTESIAN_POINT('',(-4.,1.));
#1255 = CARTESIAN_POINT('',(-4.,-6.));
#1256 = ( GEOMETRIC_REPRESENTATION_CONTEXT(2) 
PARAMETRIC_REPRESENTATION_CONTEXT() REPRESENTATION_CONTEXT('2D SPACE',''
  ) );
#1257 = ORIENTED_EDGE('',*,*,#1258,.T.);
#1258 = EDGE_CURVE('',#1233,#1259,#1261,.T.);
#1259 = VERTEX_POINT('',#1260);
#1260 = CARTESIAN_POINT('',(-66.,5.,85.));
#1261 = SURFACE_CURVE('',#1262,(#1266,#1273),.PCURVE_S1.);
#1262 = LINE('',#1263,#1264);
#1263 = CARTESIAN_POINT('',(-66.,-36.,85.));
#1264 = VECTOR('',#1265,1.);
#1265 = DIRECTION('',(-0.,1.,0.));
#1266 = PCURVE('',#43,#1267);
#1267 = DEFINITIONAL_REPRESENTATION('',(#1268),#1272);
#1268 = LINE('',#1269,#1270);
#1269 = CARTESIAN_POINT('',(25.,0.));
#1270 = VECTOR('',#1271,1.);
#1271 = DIRECTION('',(0.,-1.));
#1272 = ( GEOMETRIC_REPRESENTATION_CONTEXT(2) 
PARAMETRIC_REPRESENTATION_CONTEXT() REPRESENTATION_CONTEXT('2D SPACE',''
  ) );
#1273 = PCURVE('',#595,#1274);
#1274 = DEFINITIONAL_REPRESENTATION('',(#1275),#1279);
#1275 = LINE('',#1276,#1277);
#1276 = CARTESIAN_POINT('',(-0.,0.));
#1277 = VECTOR('',#1278,1.);
#1278 = DIRECTION('',(-0.,1.));
#1279 = ( GEOMETRIC_REPRESENTATION_CONTEXT(2) 
PARAMETRIC_REPRESENTATION_CONTEXT() REPRESENTATION_CONTEXT('2D SPACE',''
  ) );
#1280 = ORIENTED_EDGE('',*,*,#1281,.T.);
#1281 = EDGE_CURVE('',#1259,#1188,#1282,.T.);
#1282 = SURFACE_CURVE('',#1283,(#1287,#1294),.PCURVE_S1.);
#1283 = LINE('',#1284,#1285);
#1284 = CARTESIAN_POINT('',(-66.,5.,60.));
#1285 = VECTOR('',#1286,1.);
#1286 = DIRECTION('',(0.,0.,1.));
#1287 = PCURVE('',#43,#1288);
#1288 = DEFINITIONAL_REPRESENTATION('',(#1289),#1293);
#1289 = LINE('',#1290,#1291);
#1290 = CARTESIAN_POINT('',(0.,-41.));
#1291 = VECTOR('',#1292,1.);
#1292 = DIRECTION('',(1.,0.));
#1293 = ( GEOMETRIC_REPRESENTATION_CONTEXT(2) 
PARAMETRIC_REPRESENTATION_CONTEXT() REPRESENTATION_CONTEXT('2D SPACE',''
  ) );
#1294 = PCURVE('',#1295,#1300);
#1295 = CYLINDRICAL_SURFACE('',#1296,25.);
#1296 = AXIS2_PLACEMENT_3D('',#1297,#1298,#1299);
#1297 = CARTESIAN_POINT('',(-41.,5.,60.));
#1298 = DIRECTION('',(0.,0.,1.));
#1299 = DIRECTION('',(-1.,-0.,0.));
#1300 = DEFINITIONAL_REPRESENTATION('',(#1301),#1305);
#1301 = LINE('',#1302,#1303);
#1302 = CARTESIAN_POINT('',(-0.,0.));
#1303 = VECTOR('',#1304,1.);
#1304 = DIRECTION('',(-0.,1.));
#1305 = ( GEOMETRIC_REPRESENTATION_CONTEXT(2) 
PARAMETRIC_REPRESENTATION_CONTEXT() REPRESENTATION_CONTEXT('2D SPACE',''
  ) );
#1306 = ADVANCED_FACE('',(#1307),#622,.T.);
#1307 = FACE_BOUND('',#1308,.T.);
#1308 = EDGE_LOOP('',(#1309,#1333,#1352,#1353));
#1309 = ORIENTED_EDGE('',*,*,#1310,.F.);
#1310 = EDGE_CURVE('',#1311,#1212,#1313,.T.);
#1311 = VERTEX_POINT('',#1312);
#1312 = CARTESIAN_POINT('',(-65.72402052431,4.,81.295568989299));
#1313 = SURFACE_CURVE('',#1314,(#1319,#1326),.PCURVE_S1.);
#1314 = CIRCLE('',#1315,6.);
#1315 = AXIS2_PLACEMENT_3D('',#1316,#1317,#1318);
#1316 = CARTESIAN_POINT('',(-62.,4.,86.));
#1317 = DIRECTION('',(-0.,1.,0.));
#1318 = DIRECTION('',(1.,0.,0.));
#1319 = PCURVE('',#622,#1320);
#1320 = DEFINITIONAL_REPRESENTATION('',(#1321),#1325);
#1321 = LINE('',#1322,#1323);
#1322 = CARTESIAN_POINT('',(0.,14.));
#1323 = VECTOR('',#1324,1.);
#1324 = DIRECTION('',(1.,0.));
#1325 = ( GEOMETRIC_REPRESENTATION_CONTEXT(2) 
PARAMETRIC_REPRESENTATION_CONTEXT() REPRESENTATION_CONTEXT('2D SPACE',''
  ) );
#1326 = PCURVE('',#1247,#1327);
#1327 = DEFINITIONAL_REPRESENTATION('',(#1328),#1332);
#1328 = CIRCLE('',#1329,6.);
#1329 = AXIS2_PLACEMENT_2D('',#1330,#1331);
#1330 = CARTESIAN_POINT('',(0.,0.));
#1331 = DIRECTION('',(1.,0.));
#1332 = ( GEOMETRIC_REPRESENTATION_CONTEXT(2) 
PARAMETRIC_REPRESENTATION_CONTEXT() REPRESENTATION_CONTEXT('2D SPACE',''
  ) );
#1333 = ORIENTED_EDGE('',*,*,#1334,.F.);
#1334 = EDGE_CURVE('',#579,#1311,#1335,.T.);
#1335 = SURFACE_CURVE('',#1336,(#1340,#1346),.PCURVE_S1.);
#1336 = LINE('',#1337,#1338);
#1337 = CARTESIAN_POINT('',(-65.72402052431,-36.,81.295568989299));
#1338 = VECTOR('',#1339,1.);
#1339 = DIRECTION('',(-0.,1.,0.));
#1340 = PCURVE('',#622,#1341);
#1341 = DEFINITIONAL_REPRESENTATION('',(#1342),#1345);
#1342 = B_SPLINE_CURVE_WITH_KNOTS('',1,(#1343,#1344),.UNSPECIFIED.,.F.,
  .F.,(2,2),(25.9999994,40.0000006),.PIECEWISE_BEZIER_KNOTS.);
#1343 = CARTESIAN_POINT('',(2.240393366204,-5.999999999062E-07));
#1344 = CARTESIAN_POINT('',(2.240393366204,14.0000006));
#1345 = ( GEOMETRIC_REPRESENTATION_CONTEXT(2) 
PARAMETRIC_REPRESENTATION_CONTEXT() REPRESENTATION_CONTEXT('2D SPACE',''
  ) );
#1346 = PCURVE('',#595,#1347);
#1347 = DEFINITIONAL_REPRESENTATION('',(#1348),#1351);
#1348 = B_SPLINE_CURVE_WITH_KNOTS('',1,(#1349,#1350),.UNSPECIFIED.,.F.,
  .F.,(2,2),(25.9999994,40.0000006),.PIECEWISE_BEZIER_KNOTS.);
#1349 = CARTESIAN_POINT('',(-0.148724911222,25.9999994));
#1350 = CARTESIAN_POINT('',(-0.148724911222,40.0000006));
#1351 = ( GEOMETRIC_REPRESENTATION_CONTEXT(2) 
PARAMETRIC_REPRESENTATION_CONTEXT() REPRESENTATION_CONTEXT('2D SPACE',''
  ) );
#1352 = ORIENTED_EDGE('',*,*,#607,.T.);
#1353 = ORIENTED_EDGE('',*,*,#1211,.T.);
#1354 = ADVANCED_FACE('',(#1355),#595,.T.);
#1355 = FACE_BOUND('',#1356,.F.);
#1356 = EDGE_LOOP('',(#1357,#1358,#1381,#1406,#1407,#1429));
#1357 = ORIENTED_EDGE('',*,*,#578,.F.);
#1358 = ORIENTED_EDGE('',*,*,#1359,.T.);
#1359 = EDGE_CURVE('',#553,#1360,#1362,.T.);
#1360 = VERTEX_POINT('',#1361);
#1361 = CARTESIAN_POINT('',(-41.,5.,60.));
#1362 = SURFACE_CURVE('',#1363,(#1367,#1374),.PCURVE_S1.);
#1363 = LINE('',#1364,#1365);
#1364 = CARTESIAN_POINT('',(-41.,-36.,60.));
#1365 = VECTOR('',#1366,1.);
#1366 = DIRECTION('',(-0.,1.,0.));
#1367 = PCURVE('',#595,#1368);
#1368 = DEFINITIONAL_REPRESENTATION('',(#1369),#1373);
#1369 = LINE('',#1370,#1371);
#1370 = CARTESIAN_POINT('',(-1.570796326795,0.));
#1371 = VECTOR('',#1372,1.);
#1372 = DIRECTION('',(-0.,1.));
#1373 = ( GEOMETRIC_REPRESENTATION_CONTEXT(2) 
PARAMETRIC_REPRESENTATION_CONTEXT() REPRESENTATION_CONTEXT('2D SPACE',''
  ) );
#1374 = PCURVE('',#567,#1375);
#1375 = DEFINITIONAL_REPRESENTATION('',(#1376),#1380);
#1376 = LINE('',#1377,#1378);
#1377 = CARTESIAN_POINT('',(25.,0.));
#1378 = VECTOR('',#1379,1.);
#1379 = DIRECTION('',(0.,1.));
#1380 = ( GEOMETRIC_REPRESENTATION_CONTEXT(2) 
PARAMETRIC_REPRESENTATION_CONTEXT() REPRESENTATION_CONTEXT('2D SPACE',''
  ) );
#1381 = ORIENTED_EDGE('',*,*,#1382,.T.);
#1382 = EDGE_CURVE('',#1360,#1259,#1383,.T.);
#1383 = SURFACE_CURVE('',#1384,(#1389,#1395),.PCURVE_S1.);
#1384 = CIRCLE('',#1385,25.);
#1385 = AXIS2_PLACEMENT_3D('',#1386,#1387,#1388);
#1386 = CARTESIAN_POINT('',(-41.,5.,85.));
#1387 = DIRECTION('',(0.,1.,-0.));
#1388 = DIRECTION('',(-1.,0.,0.));
#1389 = PCURVE('',#595,#1390);
#1390 = DEFINITIONAL_REPRESENTATION('',(#1391),#1394);
#1391 = B_SPLINE_CURVE_WITH_KNOTS('',1,(#1392,#1393),.UNSPECIFIED.,.F.,
  .F.,(2,2),(4.712388980385,6.28318530718),.PIECEWISE_BEZIER_KNOTS.);
#1392 = CARTESIAN_POINT('',(-1.570796326795,41.));
#1393 = CARTESIAN_POINT('',(0.,41.));
#1394 = ( GEOMETRIC_REPRESENTATION_CONTEXT(2) 
PARAMETRIC_REPRESENTATION_CONTEXT() REPRESENTATION_CONTEXT('2D SPACE',''
  ) );
#1395 = PCURVE('',#1396,#1401);
#1396 = SPHERICAL_SURFACE('',#1397,25.);
#1397 = AXIS2_PLACEMENT_3D('',#1398,#1399,#1400);
#1398 = CARTESIAN_POINT('',(-41.,5.,85.));
#1399 = DIRECTION('',(0.,0.,1.));
#1400 = DIRECTION('',(-1.,0.,0.));
#1401 = DEFINITIONAL_REPRESENTATION('',(#1402),#1405);
#1402 = B_SPLINE_CURVE_WITH_KNOTS('',1,(#1403,#1404),.UNSPECIFIED.,.F.,
  .F.,(2,2),(4.712388980385,6.28318530718),.PIECEWISE_BEZIER_KNOTS.);
#1403 = CARTESIAN_POINT('',(0.,-1.570796326795));
#1404 = CARTESIAN_POINT('',(0.,0.));
#1405 = ( GEOMETRIC_REPRESENTATION_CONTEXT(2) 
PARAMETRIC_REPRESENTATION_CONTEXT() REPRESENTATION_CONTEXT('2D SPACE',''
  ) );
#1406 = ORIENTED_EDGE('',*,*,#1258,.F.);
#1407 = ORIENTED_EDGE('',*,*,#1408,.F.);
#1408 = EDGE_CURVE('',#1311,#1233,#1409,.T.);
#1409 = SURFACE_CURVE('',#1410,(#1415,#1422),.PCURVE_S1.);
#1410 = CIRCLE('',#1411,25.);
#1411 = AXIS2_PLACEMENT_3D('',#1412,#1413,#1414);
#1412 = CARTESIAN_POINT('',(-41.,4.,85.));
#1413 = DIRECTION('',(-0.,1.,0.));
#1414 = DIRECTION('',(-1.,-0.,0.));
#1415 = PCURVE('',#595,#1416);
#1416 = DEFINITIONAL_REPRESENTATION('',(#1417),#1421);
#1417 = LINE('',#1418,#1419);
#1418 = CARTESIAN_POINT('',(-6.28318530718,40.));
#1419 = VECTOR('',#1420,1.);
#1420 = DIRECTION('',(1.,-0.));
#1421 = ( GEOMETRIC_REPRESENTATION_CONTEXT(2) 
PARAMETRIC_REPRESENTATION_CONTEXT() REPRESENTATION_CONTEXT('2D SPACE',''
  ) );
#1422 = PCURVE('',#1247,#1423);
#1423 = DEFINITIONAL_REPRESENTATION('',(#1424),#1428);
#1424 = CIRCLE('',#1425,25.);
#1425 = AXIS2_PLACEMENT_2D('',#1426,#1427);
#1426 = CARTESIAN_POINT('',(21.,1.));
#1427 = DIRECTION('',(-1.,-0.));
#1428 = ( GEOMETRIC_REPRESENTATION_CONTEXT(2) 
PARAMETRIC_REPRESENTATION_CONTEXT() REPRESENTATION_CONTEXT('2D SPACE',''
  ) );
#1429 = ORIENTED_EDGE('',*,*,#1334,.F.);
#1430 = ADVANCED_FACE('',(#1431),#567,.F.);
#1431 = FACE_BOUND('',#1432,.F.);
#1432 = EDGE_LOOP('',(#1433,#1434,#1435,#1458));
#1433 = ORIENTED_EDGE('',*,*,#1359,.F.);
#1434 = ORIENTED_EDGE('',*,*,#552,.T.);
#1435 = ORIENTED_EDGE('',*,*,#1436,.T.);
#1436 = EDGE_CURVE('',#524,#1437,#1439,.T.);
#1437 = VERTEX_POINT('',#1438);
#1438 = CARTESIAN_POINT('',(41.,5.,60.));
#1439 = SURFACE_CURVE('',#1440,(#1444,#1451),.PCURVE_S1.);
#1440 = LINE('',#1441,#1442);
#1441 = CARTESIAN_POINT('',(41.,-36.,60.));
#1442 = VECTOR('',#1443,1.);
#1443 = DIRECTION('',(-0.,1.,0.));
#1444 = PCURVE('',#567,#1445);
#1445 = DEFINITIONAL_REPRESENTATION('',(#1446),#1450);
#1446 = LINE('',#1447,#1448);
#1447 = CARTESIAN_POINT('',(107.,0.));
#1448 = VECTOR('',#1449,1.);
#1449 = DIRECTION('',(0.,1.));
#1450 = ( GEOMETRIC_REPRESENTATION_CONTEXT(2) 
PARAMETRIC_REPRESENTATION_CONTEXT() REPRESENTATION_CONTEXT('2D SPACE',''
  ) );
#1451 = PCURVE('',#540,#1452);
#1452 = DEFINITIONAL_REPRESENTATION('',(#1453),#1457);
#1453 = LINE('',#1454,#1455);
#1454 = CARTESIAN_POINT('',(1.570796326795,0.));
#1455 = VECTOR('',#1456,1.);
#1456 = DIRECTION('',(0.,1.));
#1457 = ( GEOMETRIC_REPRESENTATION_CONTEXT(2) 
PARAMETRIC_REPRESENTATION_CONTEXT() REPRESENTATION_CONTEXT('2D SPACE',''
  ) );
#1458 = ORIENTED_EDGE('',*,*,#1459,.F.);
#1459 = EDGE_CURVE('',#1360,#1437,#1460,.T.);
#1460 = SURFACE_CURVE('',#1461,(#1465,#1472),.PCURVE_S1.);
#1461 = LINE('',#1462,#1463);
#1462 = CARTESIAN_POINT('',(-66.,5.,60.));
#1463 = VECTOR('',#1464,1.);
#1464 = DIRECTION('',(1.,0.,-0.));
#1465 = PCURVE('',#567,#1466);
#1466 = DEFINITIONAL_REPRESENTATION('',(#1467),#1471);
#1467 = LINE('',#1468,#1469);
#1468 = CARTESIAN_POINT('',(0.,41.));
#1469 = VECTOR('',#1470,1.);
#1470 = DIRECTION('',(1.,0.));
#1471 = ( GEOMETRIC_REPRESENTATION_CONTEXT(2) 
PARAMETRIC_REPRESENTATION_CONTEXT() REPRESENTATION_CONTEXT('2D SPACE',''
  ) );
#1472 = PCURVE('',#1473,#1478);
#1473 = CYLINDRICAL_SURFACE('',#1474,25.);
#1474 = AXIS2_PLACEMENT_3D('',#1475,#1476,#1477);
#1475 = CARTESIAN_POINT('',(-66.,5.,85.));
#1476 = DIRECTION('',(1.,0.,-0.));
#1477 = DIRECTION('',(0.,1.,0.));
#1478 = DEFINITIONAL_REPRESENTATION('',(#1479),#1483);
#1479 = LINE('',#1480,#1481);
#1480 = CARTESIAN_POINT('',(-1.570796326795,0.));
#1481 = VECTOR('',#1482,1.);
#1482 = DIRECTION('',(-0.,1.));
#1483 = ( GEOMETRIC_REPRESENTATION_CONTEXT(2) 
PARAMETRIC_REPRESENTATION_CONTEXT() REPRESENTATION_CONTEXT('2D SPACE',''
  ) );
#1484 = ADVANCED_FACE('',(#1485),#540,.T.);
#1485 = FACE_BOUND('',#1486,.T.);
#1486 = EDGE_LOOP('',(#1487,#1488,#1489,#1516,#1539,#1568));
#1487 = ORIENTED_EDGE('',*,*,#523,.T.);
#1488 = ORIENTED_EDGE('',*,*,#1436,.T.);
#1489 = ORIENTED_EDGE('',*,*,#1490,.T.);
#1490 = EDGE_CURVE('',#1437,#1491,#1493,.T.);
#1491 = VERTEX_POINT('',#1492);
#1492 = CARTESIAN_POINT('',(66.,5.,85.));
#1493 = SURFACE_CURVE('',#1494,(#1499,#1505),.PCURVE_S1.);
#1494 = CIRCLE('',#1495,25.);
#1495 = AXIS2_PLACEMENT_3D('',#1496,#1497,#1498);
#1496 = CARTESIAN_POINT('',(41.,5.,85.));
#1497 = DIRECTION('',(0.,-1.,0.));
#1498 = DIRECTION('',(1.,0.,0.));
#1499 = PCURVE('',#540,#1500);
#1500 = DEFINITIONAL_REPRESENTATION('',(#1501),#1504);
#1501 = B_SPLINE_CURVE_WITH_KNOTS('',1,(#1502,#1503),.UNSPECIFIED.,.F.,
  .F.,(2,2),(4.712388980385,6.28318530718),.PIECEWISE_BEZIER_KNOTS.);
#1502 = CARTESIAN_POINT('',(1.570796326795,41.));
#1503 = CARTESIAN_POINT('',(0.,41.));
#1504 = ( GEOMETRIC_REPRESENTATION_CONTEXT(2) 
PARAMETRIC_REPRESENTATION_CONTEXT() REPRESENTATION_CONTEXT('2D SPACE',''
  ) );
#1505 = PCURVE('',#1506,#1511);
#1506 = SPHERICAL_SURFACE('',#1507,25.);
#1507 = AXIS2_PLACEMENT_3D('',#1508,#1509,#1510);
#1508 = CARTESIAN_POINT('',(41.,5.,85.));
#1509 = DIRECTION('',(0.,0.,1.));
#1510 = DIRECTION('',(1.,0.,-0.));
#1511 = DEFINITIONAL_REPRESENTATION('',(#1512),#1515);
#1512 = B_SPLINE_CURVE_WITH_KNOTS('',1,(#1513,#1514),.UNSPECIFIED.,.F.,
  .F.,(2,2),(4.712388980385,6.28318530718),.PIECEWISE_BEZIER_KNOTS.);
#1513 = CARTESIAN_POINT('',(0.,-1.570796326795));
#1514 = CARTESIAN_POINT('',(0.,0.));
#1515 = ( GEOMETRIC_REPRESENTATION_CONTEXT(2) 
PARAMETRIC_REPRESENTATION_CONTEXT() REPRESENTATION_CONTEXT('2D SPACE',''
  ) );
#1516 = ORIENTED_EDGE('',*,*,#1517,.F.);
#1517 = EDGE_CURVE('',#1518,#1491,#1520,.T.);
#1518 = VERTEX_POINT('',#1519);
#1519 = CARTESIAN_POINT('',(66.,4.,85.));
#1520 = SURFACE_CURVE('',#1521,(#1525,#1532),.PCURVE_S1.);
#1521 = LINE('',#1522,#1523);
#1522 = CARTESIAN_POINT('',(66.,-36.,85.));
#1523 = VECTOR('',#1524,1.);
#1524 = DIRECTION('',(-0.,1.,0.));
#1525 = PCURVE('',#540,#1526);
#1526 = DEFINITIONAL_REPRESENTATION('',(#1527),#1531);
#1527 = LINE('',#1528,#1529);
#1528 = CARTESIAN_POINT('',(0.,0.));
#1529 = VECTOR('',#1530,1.);
#1530 = DIRECTION('',(0.,1.));
#1531 = ( GEOMETRIC_REPRESENTATION_CONTEXT(2) 
PARAMETRIC_REPRESENTATION_CONTEXT() REPRESENTATION_CONTEXT('2D SPACE',''
  ) );
#1532 = PCURVE('',#483,#1533);
#1533 = DEFINITIONAL_REPRESENTATION('',(#1534),#1538);
#1534 = LINE('',#1535,#1536);
#1535 = CARTESIAN_POINT('',(25.,0.));
#1536 = VECTOR('',#1537,1.);
#1537 = DIRECTION('',(0.,-1.));
#1538 = ( GEOMETRIC_REPRESENTATION_CONTEXT(2) 
PARAMETRIC_REPRESENTATION_CONTEXT() REPRESENTATION_CONTEXT('2D SPACE',''
  ) );
#1539 = ORIENTED_EDGE('',*,*,#1540,.T.);
#1540 = EDGE_CURVE('',#1518,#1541,#1543,.T.);
#1541 = VERTEX_POINT('',#1542);
#1542 = CARTESIAN_POINT('',(65.724020524319,4.,81.295568989299));
#1543 = SURFACE_CURVE('',#1544,(#1549,#1556),.PCURVE_S1.);
#1544 = CIRCLE('',#1545,25.);
#1545 = AXIS2_PLACEMENT_3D('',#1546,#1547,#1548);
#1546 = CARTESIAN_POINT('',(41.,4.,85.));
#1547 = DIRECTION('',(0.,1.,0.));
#1548 = DIRECTION('',(1.,0.,-0.));
#1549 = PCURVE('',#540,#1550);
#1550 = DEFINITIONAL_REPRESENTATION('',(#1551),#1555);
#1551 = LINE('',#1552,#1553);
#1552 = CARTESIAN_POINT('',(0.,40.));
#1553 = VECTOR('',#1554,1.);
#1554 = DIRECTION('',(1.,0.));
#1555 = ( GEOMETRIC_REPRESENTATION_CONTEXT(2) 
PARAMETRIC_REPRESENTATION_CONTEXT() REPRESENTATION_CONTEXT('2D SPACE',''
  ) );
#1556 = PCURVE('',#1557,#1562);
#1557 = PLANE('',#1558);
#1558 = AXIS2_PLACEMENT_3D('',#1559,#1560,#1561);
#1559 = CARTESIAN_POINT('',(62.,4.,86.));
#1560 = DIRECTION('',(0.,1.,0.));
#1561 = DIRECTION('',(1.,0.,0.));
#1562 = DEFINITIONAL_REPRESENTATION('',(#1563),#1567);
#1563 = CIRCLE('',#1564,25.);
#1564 = AXIS2_PLACEMENT_2D('',#1565,#1566);
#1565 = CARTESIAN_POINT('',(-21.,1.));
#1566 = DIRECTION('',(1.,0.));
#1567 = ( GEOMETRIC_REPRESENTATION_CONTEXT(2) 
PARAMETRIC_REPRESENTATION_CONTEXT() REPRESENTATION_CONTEXT('2D SPACE',''
  ) );
#1568 = ORIENTED_EDGE('',*,*,#1569,.F.);
#1569 = EDGE_CURVE('',#495,#1541,#1570,.T.);
#1570 = SURFACE_CURVE('',#1571,(#1575,#1581),.PCURVE_S1.);
#1571 = LINE('',#1572,#1573);
#1572 = CARTESIAN_POINT('',(65.724020524319,-36.,81.295568989299));
#1573 = VECTOR('',#1574,1.);
#1574 = DIRECTION('',(-0.,1.,0.));
#1575 = PCURVE('',#540,#1576);
#1576 = DEFINITIONAL_REPRESENTATION('',(#1577),#1580);
#1577 = B_SPLINE_CURVE_WITH_KNOTS('',1,(#1578,#1579),.UNSPECIFIED.,.F.,
  .F.,(2,2),(25.9999994,40.0000006),.PIECEWISE_BEZIER_KNOTS.);
#1578 = CARTESIAN_POINT('',(0.148724911222,25.9999994));
#1579 = CARTESIAN_POINT('',(0.148724911222,40.0000006));
#1580 = ( GEOMETRIC_REPRESENTATION_CONTEXT(2) 
PARAMETRIC_REPRESENTATION_CONTEXT() REPRESENTATION_CONTEXT('2D SPACE',''
  ) );
#1581 = PCURVE('',#511,#1582);
#1582 = DEFINITIONAL_REPRESENTATION('',(#1583),#1586);
#1583 = B_SPLINE_CURVE_WITH_KNOTS('',1,(#1584,#1585),.UNSPECIFIED.,.F.,
  .F.,(2,2),(26.,40.),.PIECEWISE_BEZIER_KNOTS.);
#1584 = CARTESIAN_POINT('',(7.184384594565,0.));
#1585 = CARTESIAN_POINT('',(7.184384594565,14.));
#1586 = ( GEOMETRIC_REPRESENTATION_CONTEXT(2) 
PARAMETRIC_REPRESENTATION_CONTEXT() REPRESENTATION_CONTEXT('2D SPACE',''
  ) );
#1587 = ADVANCED_FACE('',(#1588),#511,.T.);
#1588 = FACE_BOUND('',#1589,.T.);
#1589 = EDGE_LOOP('',(#1590,#1591,#1619,#1638));
#1590 = ORIENTED_EDGE('',*,*,#1569,.T.);
#1591 = ORIENTED_EDGE('',*,*,#1592,.T.);
#1592 = EDGE_CURVE('',#1541,#1593,#1595,.T.);
#1593 = VERTEX_POINT('',#1594);
#1594 = CARTESIAN_POINT('',(66.,4.,90.472135955));
#1595 = SURFACE_CURVE('',#1596,(#1601,#1608),.PCURVE_S1.);
#1596 = CIRCLE('',#1597,6.);
#1597 = AXIS2_PLACEMENT_3D('',#1598,#1599,#1600);
#1598 = CARTESIAN_POINT('',(62.,4.,86.));
#1599 = DIRECTION('',(0.,-1.,0.));
#1600 = DIRECTION('',(0.620670087387,0.,-0.784071835117));
#1601 = PCURVE('',#511,#1602);
#1602 = DEFINITIONAL_REPRESENTATION('',(#1603),#1607);
#1603 = LINE('',#1604,#1605);
#1604 = CARTESIAN_POINT('',(7.184384594565,14.));
#1605 = VECTOR('',#1606,1.);
#1606 = DIRECTION('',(-1.,-0.));
#1607 = ( GEOMETRIC_REPRESENTATION_CONTEXT(2) 
PARAMETRIC_REPRESENTATION_CONTEXT() REPRESENTATION_CONTEXT('2D SPACE',''
  ) );
#1608 = PCURVE('',#1557,#1609);
#1609 = DEFINITIONAL_REPRESENTATION('',(#1610),#1618);
#1610 = ( BOUNDED_CURVE() B_SPLINE_CURVE(2,(#1611,#1612,#1613,#1614,
#1615,#1616,#1617),.UNSPECIFIED.,.T.,.F.) B_SPLINE_CURVE_WITH_KNOTS((1,2
    ,2,2,2,1),(-2.094395102393,0.,2.094395102393,4.188790204786,
6.28318530718,8.377580409573),.UNSPECIFIED.) CURVE() 
GEOMETRIC_REPRESENTATION_ITEM() RATIONAL_B_SPLINE_CURVE((1.,0.5,1.,0.5,
1.,0.5,1.)) REPRESENTATION_ITEM('') );
#1611 = CARTESIAN_POINT('',(3.724020524319,4.704431010701));
#1612 = CARTESIAN_POINT('',(11.872334055557,-1.745761745848));
#1613 = CARTESIAN_POINT('',(2.212146503459,-5.577311883626));
#1614 = CARTESIAN_POINT('',(-7.448041048638,-9.408862021403));
#1615 = CARTESIAN_POINT('',(-5.936167027778,0.872880872924));
#1616 = CARTESIAN_POINT('',(-4.424293006918,11.154623767251));
#1617 = CARTESIAN_POINT('',(3.724020524319,4.704431010701));
#1618 = ( GEOMETRIC_REPRESENTATION_CONTEXT(2) 
PARAMETRIC_REPRESENTATION_CONTEXT() REPRESENTATION_CONTEXT('2D SPACE',''
  ) );
#1619 = ORIENTED_EDGE('',*,*,#1620,.F.);
#1620 = EDGE_CURVE('',#469,#1593,#1621,.T.);
#1621 = SURFACE_CURVE('',#1622,(#1626,#1632),.PCURVE_S1.);
#1622 = LINE('',#1623,#1624);
#1623 = CARTESIAN_POINT('',(66.,-10.,90.472135955));
#1624 = VECTOR('',#1625,1.);
#1625 = DIRECTION('',(0.,1.,0.));
#1626 = PCURVE('',#511,#1627);
#1627 = DEFINITIONAL_REPRESENTATION('',(#1628),#1631);
#1628 = B_SPLINE_CURVE_WITH_KNOTS('',1,(#1629,#1630),.UNSPECIFIED.,.F.,
  .F.,(2,2),(0.,14.),.PIECEWISE_BEZIER_KNOTS.);
#1629 = CARTESIAN_POINT('',(5.442116636612,0.));
#1630 = CARTESIAN_POINT('',(5.442116636612,14.));
#1631 = ( GEOMETRIC_REPRESENTATION_CONTEXT(2) 
PARAMETRIC_REPRESENTATION_CONTEXT() REPRESENTATION_CONTEXT('2D SPACE',''
  ) );
#1632 = PCURVE('',#483,#1633);
#1633 = DEFINITIONAL_REPRESENTATION('',(#1634),#1637);
#1634 = B_SPLINE_CURVE_WITH_KNOTS('',1,(#1635,#1636),.UNSPECIFIED.,.F.,
  .F.,(2,2),(-5.999999999062E-07,14.0000006),.PIECEWISE_BEZIER_KNOTS.);
#1635 = CARTESIAN_POINT('',(30.472135955,-25.9999994));
#1636 = CARTESIAN_POINT('',(30.472135955,-40.0000006));
#1637 = ( GEOMETRIC_REPRESENTATION_CONTEXT(2) 
PARAMETRIC_REPRESENTATION_CONTEXT() REPRESENTATION_CONTEXT('2D SPACE',''
  ) );
#1638 = ORIENTED_EDGE('',*,*,#494,.T.);
#1639 = ADVANCED_FACE('',(#1640),#483,.T.);
#1640 = FACE_BOUND('',#1641,.T.);
#1641 = EDGE_LOOP('',(#1642,#1665,#1666,#1667,#1686,#1687));
#1642 = ORIENTED_EDGE('',*,*,#1643,.F.);
#1643 = EDGE_CURVE('',#440,#1644,#1646,.T.);
#1644 = VERTEX_POINT('',#1645);
#1645 = CARTESIAN_POINT('',(66.,5.,113.));
#1646 = SURFACE_CURVE('',#1647,(#1651,#1658),.PCURVE_S1.);
#1647 = LINE('',#1648,#1649);
#1648 = CARTESIAN_POINT('',(66.,-36.,113.));
#1649 = VECTOR('',#1650,1.);
#1650 = DIRECTION('',(-0.,1.,0.));
#1651 = PCURVE('',#483,#1652);
#1652 = DEFINITIONAL_REPRESENTATION('',(#1653),#1657);
#1653 = LINE('',#1654,#1655);
#1654 = CARTESIAN_POINT('',(53.,0.));
#1655 = VECTOR('',#1656,1.);
#1656 = DIRECTION('',(0.,-1.));
#1657 = ( GEOMETRIC_REPRESENTATION_CONTEXT(2) 
PARAMETRIC_REPRESENTATION_CONTEXT() REPRESENTATION_CONTEXT('2D SPACE',''
  ) );
#1658 = PCURVE('',#456,#1659);
#1659 = DEFINITIONAL_REPRESENTATION('',(#1660),#1664);
#1660 = LINE('',#1661,#1662);
#1661 = CARTESIAN_POINT('',(-0.,0.));
#1662 = VECTOR('',#1663,1.);
#1663 = DIRECTION('',(-0.,1.));
#1664 = ( GEOMETRIC_REPRESENTATION_CONTEXT(2) 
PARAMETRIC_REPRESENTATION_CONTEXT() REPRESENTATION_CONTEXT('2D SPACE',''
  ) );
#1665 = ORIENTED_EDGE('',*,*,#468,.T.);
#1666 = ORIENTED_EDGE('',*,*,#1620,.T.);
#1667 = ORIENTED_EDGE('',*,*,#1668,.F.);
#1668 = EDGE_CURVE('',#1518,#1593,#1669,.T.);
#1669 = SURFACE_CURVE('',#1670,(#1674,#1680),.PCURVE_S1.);
#1670 = LINE('',#1671,#1672);
#1671 = CARTESIAN_POINT('',(66.,4.,73.));
#1672 = VECTOR('',#1673,1.);
#1673 = DIRECTION('',(0.,-0.,1.));
#1674 = PCURVE('',#483,#1675);
#1675 = DEFINITIONAL_REPRESENTATION('',(#1676),#1679);
#1676 = B_SPLINE_CURVE_WITH_KNOTS('',1,(#1677,#1678),.UNSPECIFIED.,.F.,
  .F.,(2,2),(12.,19.),.PIECEWISE_BEZIER_KNOTS.);
#1677 = CARTESIAN_POINT('',(25.,-40.));
#1678 = CARTESIAN_POINT('',(32.,-40.));
#1679 = ( GEOMETRIC_REPRESENTATION_CONTEXT(2) 
PARAMETRIC_REPRESENTATION_CONTEXT() REPRESENTATION_CONTEXT('2D SPACE',''
  ) );
#1680 = PCURVE('',#1557,#1681);
#1681 = DEFINITIONAL_REPRESENTATION('',(#1682),#1685);
#1682 = B_SPLINE_CURVE_WITH_KNOTS('',1,(#1683,#1684),.UNSPECIFIED.,.F.,
  .F.,(2,2),(12.,19.),.PIECEWISE_BEZIER_KNOTS.);
#1683 = CARTESIAN_POINT('',(4.,1.));
#1684 = CARTESIAN_POINT('',(4.,-6.));
#1685 = ( GEOMETRIC_REPRESENTATION_CONTEXT(2) 
PARAMETRIC_REPRESENTATION_CONTEXT() REPRESENTATION_CONTEXT('2D SPACE',''
  ) );
#1686 = ORIENTED_EDGE('',*,*,#1517,.T.);
#1687 = ORIENTED_EDGE('',*,*,#1688,.T.);
#1688 = EDGE_CURVE('',#1491,#1644,#1689,.T.);
#1689 = SURFACE_CURVE('',#1690,(#1694,#1701),.PCURVE_S1.);
#1690 = LINE('',#1691,#1692);
#1691 = CARTESIAN_POINT('',(66.,5.,60.));
#1692 = VECTOR('',#1693,1.);
#1693 = DIRECTION('',(0.,0.,1.));
#1694 = PCURVE('',#483,#1695);
#1695 = DEFINITIONAL_REPRESENTATION('',(#1696),#1700);
#1696 = LINE('',#1697,#1698);
#1697 = CARTESIAN_POINT('',(0.,-41.));
#1698 = VECTOR('',#1699,1.);
#1699 = DIRECTION('',(1.,0.));
#1700 = ( GEOMETRIC_REPRESENTATION_CONTEXT(2) 
PARAMETRIC_REPRESENTATION_CONTEXT() REPRESENTATION_CONTEXT('2D SPACE',''
  ) );
#1701 = PCURVE('',#1702,#1707);
#1702 = CYLINDRICAL_SURFACE('',#1703,25.);
#1703 = AXIS2_PLACEMENT_3D('',#1704,#1705,#1706);
#1704 = CARTESIAN_POINT('',(41.,5.,60.));
#1705 = DIRECTION('',(0.,0.,1.));
#1706 = DIRECTION('',(1.,0.,-0.));
#1707 = DEFINITIONAL_REPRESENTATION('',(#1708),#1712);
#1708 = LINE('',#1709,#1710);
#1709 = CARTESIAN_POINT('',(0.,0.));
#1710 = VECTOR('',#1711,1.);
#1711 = DIRECTION('',(0.,1.));
#1712 = ( GEOMETRIC_REPRESENTATION_CONTEXT(2) 
PARAMETRIC_REPRESENTATION_CONTEXT() REPRESENTATION_CONTEXT('2D SPACE',''
  ) );
#1713 = ADVANCED_FACE('',(#1714),#456,.T.);
#1714 = FACE_BOUND('',#1715,.F.);
#1715 = EDGE_LOOP('',(#1716,#1717,#1718,#1739,#1884,#1924));
#1716 = ORIENTED_EDGE('',*,*,#1643,.F.);
#1717 = ORIENTED_EDGE('',*,*,#439,.F.);
#1718 = ORIENTED_EDGE('',*,*,#1719,.T.);
#1719 = EDGE_CURVE('',#411,#1720,#1722,.T.);
#1720 = VERTEX_POINT('',#1721);
#1721 = CARTESIAN_POINT('',(65.159063381831,-2.,119.42959225088));
#1722 = SURFACE_CURVE('',#1723,(#1727,#1733),.PCURVE_S1.);
#1723 = LINE('',#1724,#1725);
#1724 = CARTESIAN_POINT('',(65.159063381831,-36.,119.42959225088));
#1725 = VECTOR('',#1726,1.);
#1726 = DIRECTION('',(-0.,1.,0.));
#1727 = PCURVE('',#456,#1728);
#1728 = DEFINITIONAL_REPRESENTATION('',(#1729),#1732);
#1729 = B_SPLINE_CURVE_WITH_KNOTS('',1,(#1730,#1731),.UNSPECIFIED.,.F.,
  .F.,(2,2),(31.9999994,34.0000006),.PIECEWISE_BEZIER_KNOTS.);
#1730 = CARTESIAN_POINT('',(-0.260106726694,31.9999994));
#1731 = CARTESIAN_POINT('',(-0.260106726694,34.0000006));
#1732 = ( GEOMETRIC_REPRESENTATION_CONTEXT(2) 
PARAMETRIC_REPRESENTATION_CONTEXT() REPRESENTATION_CONTEXT('2D SPACE',''
  ) );
#1733 = PCURVE('',#427,#1734);
#1734 = DEFINITIONAL_REPRESENTATION('',(#1735),#1738);
#1735 = B_SPLINE_CURVE_WITH_KNOTS('',1,(#1736,#1737),.UNSPECIFIED.,.F.,
  .F.,(2,2),(31.9999994,34.0000006),.PIECEWISE_BEZIER_KNOTS.);
#1736 = CARTESIAN_POINT('',(0.462627521119,7.9999994));
#1737 = CARTESIAN_POINT('',(0.462627521119,10.0000006));
#1738 = ( GEOMETRIC_REPRESENTATION_CONTEXT(2) 
PARAMETRIC_REPRESENTATION_CONTEXT() REPRESENTATION_CONTEXT('2D SPACE',''
  ) );
#1739 = ORIENTED_EDGE('',*,*,#1740,.F.);
#1740 = EDGE_CURVE('',#1741,#1720,#1743,.T.);
#1741 = VERTEX_POINT('',#1742);
#1742 = CARTESIAN_POINT('',(63.912878474779,3.38867962886,123.));
#1743 = SURFACE_CURVE('',#1744,(#1787,#1833),.PCURVE_S1.);
#1744 = B_SPLINE_CURVE_WITH_KNOTS('',6,(#1745,#1746,#1747,#1748,#1749,
    #1750,#1751,#1752,#1753,#1754,#1755,#1756,#1757,#1758,#1759,#1760,
    #1761,#1762,#1763,#1764,#1765,#1766,#1767,#1768,#1769,#1770,#1771,
    #1772,#1773,#1774,#1775,#1776,#1777,#1778,#1779,#1780,#1781,#1782,
    #1783,#1784,#1785,#1786),.UNSPECIFIED.,.F.,.F.,(7,5,5,5,5,5,5,5,7),(
    0.,6.158520980474E-02,0.126556505036,0.19686898277,0.273575236256,
    0.363859553244,0.46922891713,0.623957832091,1.),.UNSPECIFIED.);
#1745 = CARTESIAN_POINT('',(63.912878474779,3.38867962886,123.));
#1746 = CARTESIAN_POINT('',(63.94377121484,3.354781711316,
    122.92921584012));
#1747 = CARTESIAN_POINT('',(63.974075155067,3.319945636051,
    122.85906496522));
#1748 = CARTESIAN_POINT('',(64.003792789781,3.284194923393,
    122.78957018007));
#1749 = CARTESIAN_POINT('',(64.032927506671,3.247552993189,
    122.72075263741));
#1750 = CARTESIAN_POINT('',(64.061483586783,3.210043164807,
    122.65263183801));
#1751 = CARTESIAN_POINT('',(64.118987365941,3.131225337307,
    122.51411328699));
#1752 = CARTESIAN_POINT('',(64.147870199068,3.089821847866,
    122.44379633018));
#1753 = CARTESIAN_POINT('',(64.176120793343,3.047505413373,
    122.37429566303));
#1754 = CARTESIAN_POINT('',(64.203745971677,3.004302839212,
    122.30563041054));
#1755 = CARTESIAN_POINT('',(64.23075329046,2.960240511587,122.2378179198
    ));
#1756 = CARTESIAN_POINT('',(64.285718903877,2.866757448334,
    122.09842623187));
#1757 = CARTESIAN_POINT('',(64.313572765953,2.817193955437,
    122.02699576879));
#1758 = CARTESIAN_POINT('',(64.340723143955,2.766686782947,
    121.95660204673));
#1759 = CARTESIAN_POINT('',(64.367181103748,2.715267977476,
    121.88726275667));
#1760 = CARTESIAN_POINT('',(64.392958258905,2.662968768127,
    121.8189936046));
#1761 = CARTESIAN_POINT('',(64.445458493101,2.551837309815,
    121.67851360937));
#1762 = CARTESIAN_POINT('',(64.472054332294,2.49284344197,
    121.60650899488));
#1763 = CARTESIAN_POINT('',(64.497870080124,2.432877386203,
    121.53581222891));
#1764 = CARTESIAN_POINT('',(64.522921768741,2.371977267915,
    121.46643893449));
#1765 = CARTESIAN_POINT('',(64.547225670605,2.310179914669,
    121.39840259693));
#1766 = CARTESIAN_POINT('',(64.598543606224,2.173770281233,
    121.25322183008));
#1767 = CARTESIAN_POINT('',(64.625275683961,2.098825995022,
    121.17659724931));
#1768 = CARTESIAN_POINT('',(64.651021472374,2.0227458263,121.1018592185)
  );
#1769 = CARTESIAN_POINT('',(64.675807579442,1.945585167737,
    121.02902328276));
#1770 = CARTESIAN_POINT('',(64.699660280448,1.867396975936,
    120.95810213523));
#1771 = CARTESIAN_POINT('',(64.749384533022,1.695839343603,
    120.80858089851));
#1772 = CARTESIAN_POINT('',(64.77492730746,1.602116343434,
    120.73067812292));
#1773 = CARTESIAN_POINT('',(64.799275059501,1.507142907085,
    120.65541283634));
#1774 = CARTESIAN_POINT('',(64.822467374919,1.410995219177,
    120.58279734839));
#1775 = CARTESIAN_POINT('',(64.844542207064,1.313745512785,
    120.5128407324));
#1776 = CARTESIAN_POINT('',(64.896363886319,1.071138425574,120.346734489
    ));
#1777 = CARTESIAN_POINT('',(64.924860172356,0.92458696257,
    120.25366722933));
#1778 = CARTESIAN_POINT('',(64.951139581975,0.776022469382,
    120.16636567563));
#1779 = CARTESIAN_POINT('',(64.975306930706,0.625646404965,
    120.08483979273));
#1780 = CARTESIAN_POINT('',(64.9974566023,0.473646390403,120.00909274362
    ));
#1781 = CARTESIAN_POINT('',(65.066802576283,-5.273995810939E-02,
    119.76907265356));
#1782 = CARTESIAN_POINT('',(65.104502160307,-0.434190950265,
    119.63316896385));
#1783 = CARTESIAN_POINT('',(65.131986454719,-0.821749502018,
    119.5313331126));
#1784 = CARTESIAN_POINT('',(65.150035714257,-1.213215676237,
    119.46351350765));
#1785 = CARTESIAN_POINT('',(65.159063381831,-1.606572839226,
    119.42959225088));
#1786 = CARTESIAN_POINT('',(65.159063381831,-2.,119.42959225088));
#1787 = PCURVE('',#456,#1788);
#1788 = DEFINITIONAL_REPRESENTATION('',(#1789),#1832);
#1789 = B_SPLINE_CURVE_WITH_KNOTS('',6,(#1790,#1791,#1792,#1793,#1794,
    #1795,#1796,#1797,#1798,#1799,#1800,#1801,#1802,#1803,#1804,#1805,
    #1806,#1807,#1808,#1809,#1810,#1811,#1812,#1813,#1814,#1815,#1816,
    #1817,#1818,#1819,#1820,#1821,#1822,#1823,#1824,#1825,#1826,#1827,
    #1828,#1829,#1830,#1831),.UNSPECIFIED.,.F.,.F.,(7,5,5,5,5,5,5,5,7),(
    0.,6.158520980474E-02,0.126556505036,0.19686898277,0.273575236256,
    0.363859553244,0.46922891713,0.623957832091,1.),.UNSPECIFIED.);
#1790 = CARTESIAN_POINT('',(-0.411516846067,39.38867962886));
#1791 = CARTESIAN_POINT('',(-0.408427572061,39.354781711316));
#1792 = CARTESIAN_POINT('',(-0.405370935452,39.319945636051));
#1793 = CARTESIAN_POINT('',(-0.402347679325,39.284194923393));
#1794 = CARTESIAN_POINT('',(-0.399358477495,39.247552993189));
#1795 = CARTESIAN_POINT('',(-0.396403934504,39.210043164807));
#1796 = CARTESIAN_POINT('',(-0.390404724743,39.131225337307));
#1797 = CARTESIAN_POINT('',(-0.387364037534,39.089821847866));
#1798 = CARTESIAN_POINT('',(-0.384363150398,39.047505413373));
#1799 = CARTESIAN_POINT('',(-0.381402619251,39.004302839212));
#1800 = CARTESIAN_POINT('',(-0.378482929521,38.960240511587));
#1801 = CARTESIAN_POINT('',(-0.372489431534,38.866757448334));
#1802 = CARTESIAN_POINT('',(-0.369422690097,38.817193955437));
#1803 = CARTESIAN_POINT('',(-0.36640479562,38.766686782947));
#1804 = CARTESIAN_POINT('',(-0.363436197847,38.715267977476));
#1805 = CARTESIAN_POINT('',(-0.360517272481,38.662968768127));
#1806 = CARTESIAN_POINT('',(-0.354518485451,38.551837309815));
#1807 = CARTESIAN_POINT('',(-0.351448132344,38.49284344197));
#1808 = CARTESIAN_POINT('',(-0.348437651671,38.432877386203));
#1809 = CARTESIAN_POINT('',(-0.345487359197,38.371977267915));
#1810 = CARTESIAN_POINT('',(-0.342597496649,38.310179914669));
#1811 = CARTESIAN_POINT('',(-0.336438147907,38.173770281233));
#1812 = CARTESIAN_POINT('',(-0.33319202489,38.098825995022));
#1813 = CARTESIAN_POINT('',(-0.330030132337,38.0227458263));
#1814 = CARTESIAN_POINT('',(-0.326952651101,37.945585167737));
#1815 = CARTESIAN_POINT('',(-0.323959673212,37.867396975936));
#1816 = CARTESIAN_POINT('',(-0.317656772099,37.695839343603));
#1817 = CARTESIAN_POINT('',(-0.314377464818,37.602116343434));
#1818 = CARTESIAN_POINT('',(-0.311213282291,37.507142907085));
#1819 = CARTESIAN_POINT('',(-0.308164143558,37.410995219177));
#1820 = CARTESIAN_POINT('',(-0.305229884439,37.313745512785));
#1821 = CARTESIAN_POINT('',(-0.298269795872,37.071138425574));
#1822 = CARTESIAN_POINT('',(-0.294376562909,36.92458696257));
#1823 = CARTESIAN_POINT('',(-0.290729774761,36.776022469382));
#1824 = CARTESIAN_POINT('',(-0.287328510451,36.625646404965));
#1825 = CARTESIAN_POINT('',(-0.284171763266,36.473646390403));
#1826 = CARTESIAN_POINT('',(-0.274178284773,35.947260041891));
#1827 = CARTESIAN_POINT('',(-0.268537176672,35.565809049735));
#1828 = CARTESIAN_POINT('',(-0.26431801695,35.178250497982));
#1829 = CARTESIAN_POINT('',(-0.261510807286,34.786784323763));
#1830 = CARTESIAN_POINT('',(-0.260106726694,34.393427160774));
#1831 = CARTESIAN_POINT('',(-0.260106726694,34.));
#1832 = ( GEOMETRIC_REPRESENTATION_CONTEXT(2) 
PARAMETRIC_REPRESENTATION_CONTEXT() REPRESENTATION_CONTEXT('2D SPACE',''
  ) );
#1833 = PCURVE('',#1834,#1839);
#1834 = SPHERICAL_SURFACE('',#1835,8.);
#1835 = AXIS2_PLACEMENT_3D('',#1836,#1837,#1838);
#1836 = CARTESIAN_POINT('',(58.,-2.,123.));
#1837 = DIRECTION('',(0.,0.,1.));
#1838 = DIRECTION('',(1.,0.,-0.));
#1839 = DEFINITIONAL_REPRESENTATION('',(#1840),#1883);
#1840 = B_SPLINE_CURVE_WITH_KNOTS('',6,(#1841,#1842,#1843,#1844,#1845,
    #1846,#1847,#1848,#1849,#1850,#1851,#1852,#1853,#1854,#1855,#1856,
    #1857,#1858,#1859,#1860,#1861,#1862,#1863,#1864,#1865,#1866,#1867,
    #1868,#1869,#1870,#1871,#1872,#1873,#1874,#1875,#1876,#1877,#1878,
    #1879,#1880,#1881,#1882),.UNSPECIFIED.,.F.,.F.,(7,5,5,5,5,5,5,5,7),(
    0.,6.158520980474E-02,0.126556505036,0.19686898277,0.273575236256,
    0.363859553244,0.46922891713,0.623957832091,1.),.UNSPECIFIED.);
#1841 = CARTESIAN_POINT('',(0.73904849992,0.));
#1842 = CARTESIAN_POINT('',(0.733315603888,-8.848019984602E-03));
#1843 = CARTESIAN_POINT('',(0.72754560996,-1.761687930657E-02));
#1844 = CARTESIAN_POINT('',(0.721737713895,-2.630497443671E-02));
#1845 = CARTESIAN_POINT('',(0.715891105109,-3.491079605093E-02));
#1846 = CARTESIAN_POINT('',(0.710004966681,-4.34329290302E-02));
#1847 = CARTESIAN_POINT('',(0.69782613295,-6.077106682812E-02));
#1848 = CARTESIAN_POINT('',(0.691528882162,-6.957746063948E-02));
#1849 = CARTESIAN_POINT('',(0.685185752786,-7.828768786181E-02));
#1850 = CARTESIAN_POINT('',(0.678795784929,-8.690029008339E-02));
#1851 = CARTESIAN_POINT('',(0.672358029003,-9.541389651367E-02));
#1852 = CARTESIAN_POINT('',(0.658851819401,-0.11293219716));
#1853 = CARTESIAN_POINT('',(0.651775031516,-0.121919716933));
#1854 = CARTESIAN_POINT('',(0.644639986919,-0.130788161776));
#1855 = CARTESIAN_POINT('',(0.637445532916,-0.139535989759));
#1856 = CARTESIAN_POINT('',(0.630190559274,-0.14816173854));
#1857 = CARTESIAN_POINT('',(0.614892114978,-0.16593945685));
#1858 = CARTESIAN_POINT('',(0.606836945419,-0.175067939481));
#1859 = CARTESIAN_POINT('',(0.598707097119,-0.184047681741));
#1860 = CARTESIAN_POINT('',(0.590501282938,-0.192876954203));
#1861 = CARTESIAN_POINT('',(0.582218321021,-0.201554089541));
#1862 = CARTESIAN_POINT('',(0.564015903422,-0.220109633489));
#1863 = CARTESIAN_POINT('',(0.554066326955,-0.2299287771));
#1864 = CARTESIAN_POINT('',(0.544006635595,-0.239532300477));
#1865 = CARTESIAN_POINT('',(0.533835361126,-0.248917636711));
#1866 = CARTESIAN_POINT('',(0.5235513369,-0.258082264871));
#1867 = CARTESIAN_POINT('',(0.501018781735,-0.277459125789));
#1868 = CARTESIAN_POINT('',(0.488729161006,-0.287590526183));
#1869 = CARTESIAN_POINT('',(0.476283439761,-0.29741397164));
#1870 = CARTESIAN_POINT('',(0.463680986134,-0.306925542349));
#1871 = CARTESIAN_POINT('',(0.450921932297,-0.316121338245));
#1872 = CARTESIAN_POINT('',(0.419042587463,-0.33803158662));
#1873 = CARTESIAN_POINT('',(0.399742447429,-0.350376317052));
#1874 = CARTESIAN_POINT('',(0.380109461184,-0.362019576622));
#1875 = CARTESIAN_POINT('',(0.360150877148,-0.372949040423));
#1876 = CARTESIAN_POINT('',(0.339878421023,-0.383152669499));
#1877 = CARTESIAN_POINT('',(0.269315903448,-0.415626079671));
#1878 = CARTESIAN_POINT('',(0.217572165301,-0.434276051219));
#1879 = CARTESIAN_POINT('',(0.16429705723,-0.448415620931));
#1880 = CARTESIAN_POINT('',(0.109900181961,-0.457889431074));
#1881 = CARTESIAN_POINT('',(5.495511630373E-02,-0.462627521119));
#1882 = CARTESIAN_POINT('',(0.,-0.462627521119));
#1883 = ( GEOMETRIC_REPRESENTATION_CONTEXT(2) 
PARAMETRIC_REPRESENTATION_CONTEXT() REPRESENTATION_CONTEXT('2D SPACE',''
  ) );
#1884 = ORIENTED_EDGE('',*,*,#1885,.T.);
#1885 = EDGE_CURVE('',#1741,#1886,#1888,.T.);
#1886 = VERTEX_POINT('',#1887);
#1887 = CARTESIAN_POINT('',(61.872983346207,5.,126.75930834849));
#1888 = SURFACE_CURVE('',#1889,(#1897,#1908),.PCURVE_S1.);
#1889 = B_SPLINE_CURVE_WITH_KNOTS('',6,(#1890,#1891,#1892,#1893,#1894,
    #1895,#1896),.UNSPECIFIED.,.F.,.F.,(7,7),(0.,1.),
  .PIECEWISE_BEZIER_KNOTS.);
#1890 = CARTESIAN_POINT('',(63.912878736641,3.388679341525,122.9999994)
  );
#1891 = CARTESIAN_POINT('',(63.638285586807,3.689984335565,
    123.62917139215));
#1892 = CARTESIAN_POINT('',(63.339488069635,3.980840371164,
    124.2572517701));
#1893 = CARTESIAN_POINT('',(63.015091957729,4.259856392443,
    124.8847515239));
#1894 = CARTESIAN_POINT('',(62.663536908147,4.524909685078,
    125.51156630108));
#1895 = CARTESIAN_POINT('',(62.283264092148,4.772998583547,
    126.13690920665));
#1896 = CARTESIAN_POINT('',(61.872982261772,5.0000006,126.75930999359));
#1897 = PCURVE('',#456,#1898);
#1898 = DEFINITIONAL_REPRESENTATION('',(#1899),#1907);
#1899 = B_SPLINE_CURVE_WITH_KNOTS('',6,(#1900,#1901,#1902,#1903,#1904,
    #1905,#1906),.UNSPECIFIED.,.F.,.F.,(7,7),(0.,1.),
  .PIECEWISE_BEZIER_KNOTS.);
#1900 = CARTESIAN_POINT('',(-0.411516819881,39.388679341525));
#1901 = CARTESIAN_POINT('',(-0.438976136512,39.689984335565));
#1902 = CARTESIAN_POINT('',(-0.466782700623,39.980840371164));
#1903 = CARTESIAN_POINT('',(-0.495014842104,40.259856392443));
#1904 = CARTESIAN_POINT('',(-0.523735616186,40.524909685078));
#1905 = CARTESIAN_POINT('',(-0.552991714402,40.772998583547));
#1906 = CARTESIAN_POINT('',(-0.582810203161,41.0000006));
#1907 = ( GEOMETRIC_REPRESENTATION_CONTEXT(2) 
PARAMETRIC_REPRESENTATION_CONTEXT() REPRESENTATION_CONTEXT('2D SPACE',''
  ) );
#1908 = PCURVE('',#1909,#1914);
#1909 = CYLINDRICAL_SURFACE('',#1910,8.);
#1910 = AXIS2_PLACEMENT_3D('',#1911,#1912,#1913);
#1911 = CARTESIAN_POINT('',(58.,-2.,115.));
#1912 = DIRECTION('',(0.,0.,1.));
#1913 = DIRECTION('',(1.,0.,-0.));
#1914 = DEFINITIONAL_REPRESENTATION('',(#1915),#1923);
#1915 = B_SPLINE_CURVE_WITH_KNOTS('',6,(#1916,#1917,#1918,#1919,#1920,
    #1921,#1922),.UNSPECIFIED.,.F.,.F.,(7,7),(0.,1.),
  .PIECEWISE_BEZIER_KNOTS.);
#1916 = CARTESIAN_POINT('',(0.739048451325,7.9999994));
#1917 = CARTESIAN_POINT('',(0.790005862674,8.629171392156));
#1918 = CARTESIAN_POINT('',(0.842035913024,9.257251770102));
#1919 = CARTESIAN_POINT('',(0.895365366932,9.884751523908));
#1920 = CARTESIAN_POINT('',(0.950218717842,10.511566301085));
#1921 = CARTESIAN_POINT('',(1.0068242864,11.136909206652));
#1922 = CARTESIAN_POINT('',(1.06543597143,11.759309993592));
#1923 = ( GEOMETRIC_REPRESENTATION_CONTEXT(2) 
PARAMETRIC_REPRESENTATION_CONTEXT() REPRESENTATION_CONTEXT('2D SPACE',''
  ) );
#1924 = ORIENTED_EDGE('',*,*,#1925,.F.);
#1925 = EDGE_CURVE('',#1644,#1886,#1926,.T.);
#1926 = SURFACE_CURVE('',#1927,(#1932,#1939),.PCURVE_S1.);
#1927 = CIRCLE('',#1928,25.);
#1928 = AXIS2_PLACEMENT_3D('',#1929,#1930,#1931);
#1929 = CARTESIAN_POINT('',(41.,5.,113.));
#1930 = DIRECTION('',(0.,-1.,-0.));
#1931 = DIRECTION('',(1.,0.,0.));
#1932 = PCURVE('',#456,#1933);
#1933 = DEFINITIONAL_REPRESENTATION('',(#1934),#1938);
#1934 = LINE('',#1935,#1936);
#1935 = CARTESIAN_POINT('',(-0.,41.));
#1936 = VECTOR('',#1937,1.);
#1937 = DIRECTION('',(-1.,0.));
#1938 = ( GEOMETRIC_REPRESENTATION_CONTEXT(2) 
PARAMETRIC_REPRESENTATION_CONTEXT() REPRESENTATION_CONTEXT('2D SPACE',''
  ) );
#1939 = PCURVE('',#1940,#1945);
#1940 = SPHERICAL_SURFACE('',#1941,25.);
#1941 = AXIS2_PLACEMENT_3D('',#1942,#1943,#1944);
#1942 = CARTESIAN_POINT('',(41.,5.,113.));
#1943 = DIRECTION('',(0.,-1.,-0.));
#1944 = DIRECTION('',(1.,0.,0.));
#1945 = DEFINITIONAL_REPRESENTATION('',(#1946),#1950);
#1946 = LINE('',#1947,#1948);
#1947 = CARTESIAN_POINT('',(0.,0.));
#1948 = VECTOR('',#1949,1.);
#1949 = DIRECTION('',(1.,0.));
#1950 = ( GEOMETRIC_REPRESENTATION_CONTEXT(2) 
PARAMETRIC_REPRESENTATION_CONTEXT() REPRESENTATION_CONTEXT('2D SPACE',''
  ) );
#1951 = ADVANCED_FACE('',(#1952),#427,.T.);
#1952 = FACE_BOUND('',#1953,.T.);
#1953 = EDGE_LOOP('',(#1954,#1955,#1956,#1978));
#1954 = ORIENTED_EDGE('',*,*,#410,.T.);
#1955 = ORIENTED_EDGE('',*,*,#1719,.T.);
#1956 = ORIENTED_EDGE('',*,*,#1957,.T.);
#1957 = EDGE_CURVE('',#1720,#1958,#1960,.T.);
#1958 = VERTEX_POINT('',#1959);
#1959 = CARTESIAN_POINT('',(66.,-2.,123.));
#1960 = SURFACE_CURVE('',#1961,(#1966,#1972),.PCURVE_S1.);
#1961 = CIRCLE('',#1962,8.);
#1962 = AXIS2_PLACEMENT_3D('',#1963,#1964,#1965);
#1963 = CARTESIAN_POINT('',(58.,-2.,123.));
#1964 = DIRECTION('',(0.,-1.,0.));
#1965 = DIRECTION('',(1.,0.,0.));
#1966 = PCURVE('',#427,#1967);
#1967 = DEFINITIONAL_REPRESENTATION('',(#1968),#1971);
#1968 = B_SPLINE_CURVE_WITH_KNOTS('',1,(#1969,#1970),.UNSPECIFIED.,.F.,
  .F.,(2,2),(4.712388980385,6.28318530718),.PIECEWISE_BEZIER_KNOTS.);
#1969 = CARTESIAN_POINT('',(1.570796326795,10.));
#1970 = CARTESIAN_POINT('',(0.,10.));
#1971 = ( GEOMETRIC_REPRESENTATION_CONTEXT(2) 
PARAMETRIC_REPRESENTATION_CONTEXT() REPRESENTATION_CONTEXT('2D SPACE',''
  ) );
#1972 = PCURVE('',#1834,#1973);
#1973 = DEFINITIONAL_REPRESENTATION('',(#1974),#1977);
#1974 = B_SPLINE_CURVE_WITH_KNOTS('',1,(#1975,#1976),.UNSPECIFIED.,.F.,
  .F.,(2,2),(4.712388980385,6.28318530718),.PIECEWISE_BEZIER_KNOTS.);
#1975 = CARTESIAN_POINT('',(0.,-1.570796326795));
#1976 = CARTESIAN_POINT('',(0.,0.));
#1977 = ( GEOMETRIC_REPRESENTATION_CONTEXT(2) 
PARAMETRIC_REPRESENTATION_CONTEXT() REPRESENTATION_CONTEXT('2D SPACE',''
  ) );
#1978 = ORIENTED_EDGE('',*,*,#1979,.F.);
#1979 = EDGE_CURVE('',#385,#1958,#1980,.T.);
#1980 = SURFACE_CURVE('',#1981,(#1985,#1992),.PCURVE_S1.);
#1981 = LINE('',#1982,#1983);
#1982 = CARTESIAN_POINT('',(66.,-12.,123.));
#1983 = VECTOR('',#1984,1.);
#1984 = DIRECTION('',(-0.,1.,0.));
#1985 = PCURVE('',#427,#1986);
#1986 = DEFINITIONAL_REPRESENTATION('',(#1987),#1991);
#1987 = LINE('',#1988,#1989);
#1988 = CARTESIAN_POINT('',(0.,0.));
#1989 = VECTOR('',#1990,1.);
#1990 = DIRECTION('',(0.,1.));
#1991 = ( GEOMETRIC_REPRESENTATION_CONTEXT(2) 
PARAMETRIC_REPRESENTATION_CONTEXT() REPRESENTATION_CONTEXT('2D SPACE',''
  ) );
#1992 = PCURVE('',#399,#1993);
#1993 = DEFINITIONAL_REPRESENTATION('',(#1994),#1998);
#1994 = LINE('',#1995,#1996);
#1995 = CARTESIAN_POINT('',(8.,0.));
#1996 = VECTOR('',#1997,1.);
#1997 = DIRECTION('',(0.,-1.));
#1998 = ( GEOMETRIC_REPRESENTATION_CONTEXT(2) 
PARAMETRIC_REPRESENTATION_CONTEXT() REPRESENTATION_CONTEXT('2D SPACE',''
  ) );
#1999 = ADVANCED_FACE('',(#2000),#399,.T.);
#2000 = FACE_BOUND('',#2001,.T.);
#2001 = EDGE_LOOP('',(#2002,#2003,#2004,#2027));
#2002 = ORIENTED_EDGE('',*,*,#384,.T.);
#2003 = ORIENTED_EDGE('',*,*,#1979,.T.);
#2004 = ORIENTED_EDGE('',*,*,#2005,.T.);
#2005 = EDGE_CURVE('',#1958,#2006,#2008,.T.);
#2006 = VERTEX_POINT('',#2007);
#2007 = CARTESIAN_POINT('',(66.,-2.,141.));
#2008 = SURFACE_CURVE('',#2009,(#2013,#2020),.PCURVE_S1.);
#2009 = LINE('',#2010,#2011);
#2010 = CARTESIAN_POINT('',(66.,-2.,115.));
#2011 = VECTOR('',#2012,1.);
#2012 = DIRECTION('',(0.,0.,1.));
#2013 = PCURVE('',#399,#2014);
#2014 = DEFINITIONAL_REPRESENTATION('',(#2015),#2019);
#2015 = LINE('',#2016,#2017);
#2016 = CARTESIAN_POINT('',(0.,-10.));
#2017 = VECTOR('',#2018,1.);
#2018 = DIRECTION('',(1.,0.));
#2019 = ( GEOMETRIC_REPRESENTATION_CONTEXT(2) 
PARAMETRIC_REPRESENTATION_CONTEXT() REPRESENTATION_CONTEXT('2D SPACE',''
  ) );
#2020 = PCURVE('',#1909,#2021);
#2021 = DEFINITIONAL_REPRESENTATION('',(#2022),#2026);
#2022 = LINE('',#2023,#2024);
#2023 = CARTESIAN_POINT('',(0.,0.));
#2024 = VECTOR('',#2025,1.);
#2025 = DIRECTION('',(0.,1.));
#2026 = ( GEOMETRIC_REPRESENTATION_CONTEXT(2) 
PARAMETRIC_REPRESENTATION_CONTEXT() REPRESENTATION_CONTEXT('2D SPACE',''
  ) );
#2027 = ORIENTED_EDGE('',*,*,#2028,.F.);
#2028 = EDGE_CURVE('',#356,#2006,#2029,.T.);
#2029 = SURFACE_CURVE('',#2030,(#2034,#2041),.PCURVE_S1.);
#2030 = LINE('',#2031,#2032);
#2031 = CARTESIAN_POINT('',(66.,-12.,141.));
#2032 = VECTOR('',#2033,1.);
#2033 = DIRECTION('',(-0.,1.,0.));
#2034 = PCURVE('',#399,#2035);
#2035 = DEFINITIONAL_REPRESENTATION('',(#2036),#2040);
#2036 = LINE('',#2037,#2038);
#2037 = CARTESIAN_POINT('',(26.,0.));
#2038 = VECTOR('',#2039,1.);
#2039 = DIRECTION('',(0.,-1.));
#2040 = ( GEOMETRIC_REPRESENTATION_CONTEXT(2) 
PARAMETRIC_REPRESENTATION_CONTEXT() REPRESENTATION_CONTEXT('2D SPACE',''
  ) );
#2041 = PCURVE('',#372,#2042);
#2042 = DEFINITIONAL_REPRESENTATION('',(#2043),#2047);
#2043 = LINE('',#2044,#2045);
#2044 = CARTESIAN_POINT('',(-0.,0.));
#2045 = VECTOR('',#2046,1.);
#2046 = DIRECTION('',(-0.,1.));
#2047 = ( GEOMETRIC_REPRESENTATION_CONTEXT(2) 
PARAMETRIC_REPRESENTATION_CONTEXT() REPRESENTATION_CONTEXT('2D SPACE',''
  ) );
#2048 = ADVANCED_FACE('',(#2049),#372,.T.);
#2049 = FACE_BOUND('',#2050,.F.);
#2050 = EDGE_LOOP('',(#2051,#2052,#2075,#2102));
#2051 = ORIENTED_EDGE('',*,*,#355,.F.);
#2052 = ORIENTED_EDGE('',*,*,#2053,.T.);
#2053 = EDGE_CURVE('',#330,#2054,#2056,.T.);
#2054 = VERTEX_POINT('',#2055);
#2055 = CARTESIAN_POINT('',(58.,-2.,149.));
#2056 = SURFACE_CURVE('',#2057,(#2061,#2068),.PCURVE_S1.);
#2057 = LINE('',#2058,#2059);
#2058 = CARTESIAN_POINT('',(58.,-12.,149.));
#2059 = VECTOR('',#2060,1.);
#2060 = DIRECTION('',(-0.,1.,0.));
#2061 = PCURVE('',#372,#2062);
#2062 = DEFINITIONAL_REPRESENTATION('',(#2063),#2067);
#2063 = LINE('',#2064,#2065);
#2064 = CARTESIAN_POINT('',(-1.570796326795,0.));
#2065 = VECTOR('',#2066,1.);
#2066 = DIRECTION('',(-0.,1.));
#2067 = ( GEOMETRIC_REPRESENTATION_CONTEXT(2) 
PARAMETRIC_REPRESENTATION_CONTEXT() REPRESENTATION_CONTEXT('2D SPACE',''
  ) );
#2068 = PCURVE('',#344,#2069);
#2069 = DEFINITIONAL_REPRESENTATION('',(#2070),#2074);
#2070 = LINE('',#2071,#2072);
#2071 = CARTESIAN_POINT('',(30.,0.));
#2072 = VECTOR('',#2073,1.);
#2073 = DIRECTION('',(0.,1.));
#2074 = ( GEOMETRIC_REPRESENTATION_CONTEXT(2) 
PARAMETRIC_REPRESENTATION_CONTEXT() REPRESENTATION_CONTEXT('2D SPACE',''
  ) );
#2075 = ORIENTED_EDGE('',*,*,#2076,.F.);
#2076 = EDGE_CURVE('',#2006,#2054,#2077,.T.);
#2077 = SURFACE_CURVE('',#2078,(#2083,#2090),.PCURVE_S1.);
#2078 = CIRCLE('',#2079,8.);
#2079 = AXIS2_PLACEMENT_3D('',#2080,#2081,#2082);
#2080 = CARTESIAN_POINT('',(58.,-2.,141.));
#2081 = DIRECTION('',(0.,-1.,0.));
#2082 = DIRECTION('',(1.,0.,2.22044604925E-16));
#2083 = PCURVE('',#372,#2084);
#2084 = DEFINITIONAL_REPRESENTATION('',(#2085),#2089);
#2085 = LINE('',#2086,#2087);
#2086 = CARTESIAN_POINT('',(-0.,10.));
#2087 = VECTOR('',#2088,1.);
#2088 = DIRECTION('',(-1.,0.));
#2089 = ( GEOMETRIC_REPRESENTATION_CONTEXT(2) 
PARAMETRIC_REPRESENTATION_CONTEXT() REPRESENTATION_CONTEXT('2D SPACE',''
  ) );
#2090 = PCURVE('',#2091,#2096);
#2091 = SPHERICAL_SURFACE('',#2092,8.);
#2092 = AXIS2_PLACEMENT_3D('',#2093,#2094,#2095);
#2093 = CARTESIAN_POINT('',(58.,-2.,141.));
#2094 = DIRECTION('',(0.,-1.,-0.));
#2095 = DIRECTION('',(1.,0.,2.22044604925E-16));
#2096 = DEFINITIONAL_REPRESENTATION('',(#2097),#2101);
#2097 = LINE('',#2098,#2099);
#2098 = CARTESIAN_POINT('',(0.,0.));
#2099 = VECTOR('',#2100,1.);
#2100 = DIRECTION('',(1.,0.));
#2101 = ( GEOMETRIC_REPRESENTATION_CONTEXT(2) 
PARAMETRIC_REPRESENTATION_CONTEXT() REPRESENTATION_CONTEXT('2D SPACE',''
  ) );
#2102 = ORIENTED_EDGE('',*,*,#2028,.F.);
#2103 = ADVANCED_FACE('',(#2104),#344,.T.);
#2104 = FACE_BOUND('',#2105,.T.);
#2105 = EDGE_LOOP('',(#2106,#2129,#2130,#2131));
#2106 = ORIENTED_EDGE('',*,*,#2107,.F.);
#2107 = EDGE_CURVE('',#301,#2108,#2110,.T.);
#2108 = VERTEX_POINT('',#2109);
#2109 = CARTESIAN_POINT('',(36.,-2.,149.));
#2110 = SURFACE_CURVE('',#2111,(#2115,#2122),.PCURVE_S1.);
#2111 = LINE('',#2112,#2113);
#2112 = CARTESIAN_POINT('',(36.,-12.,149.));
#2113 = VECTOR('',#2114,1.);
#2114 = DIRECTION('',(-0.,1.,0.));
#2115 = PCURVE('',#344,#2116);
#2116 = DEFINITIONAL_REPRESENTATION('',(#2117),#2121);
#2117 = LINE('',#2118,#2119);
#2118 = CARTESIAN_POINT('',(8.,0.));
#2119 = VECTOR('',#2120,1.);
#2120 = DIRECTION('',(0.,1.));
#2121 = ( GEOMETRIC_REPRESENTATION_CONTEXT(2) 
PARAMETRIC_REPRESENTATION_CONTEXT() REPRESENTATION_CONTEXT('2D SPACE',''
  ) );
#2122 = PCURVE('',#317,#2123);
#2123 = DEFINITIONAL_REPRESENTATION('',(#2124),#2128);
#2124 = LINE('',#2125,#2126);
#2125 = CARTESIAN_POINT('',(1.570796326795,0.));
#2126 = VECTOR('',#2127,1.);
#2127 = DIRECTION('',(0.,1.));
#2128 = ( GEOMETRIC_REPRESENTATION_CONTEXT(2) 
PARAMETRIC_REPRESENTATION_CONTEXT() REPRESENTATION_CONTEXT('2D SPACE',''
  ) );
#2129 = ORIENTED_EDGE('',*,*,#329,.T.);
#2130 = ORIENTED_EDGE('',*,*,#2053,.T.);
#2131 = ORIENTED_EDGE('',*,*,#2132,.F.);
#2132 = EDGE_CURVE('',#2108,#2054,#2133,.T.);
#2133 = SURFACE_CURVE('',#2134,(#2138,#2145),.PCURVE_S1.);
#2134 = LINE('',#2135,#2136);
#2135 = CARTESIAN_POINT('',(28.,-2.,149.));
#2136 = VECTOR('',#2137,1.);
#2137 = DIRECTION('',(1.,0.,-0.));
#2138 = PCURVE('',#344,#2139);
#2139 = DEFINITIONAL_REPRESENTATION('',(#2140),#2144);
#2140 = LINE('',#2141,#2142);
#2141 = CARTESIAN_POINT('',(0.,10.));
#2142 = VECTOR('',#2143,1.);
#2143 = DIRECTION('',(1.,0.));
#2144 = ( GEOMETRIC_REPRESENTATION_CONTEXT(2) 
PARAMETRIC_REPRESENTATION_CONTEXT() REPRESENTATION_CONTEXT('2D SPACE',''
  ) );
#2145 = PCURVE('',#2146,#2151);
#2146 = CYLINDRICAL_SURFACE('',#2147,8.);
#2147 = AXIS2_PLACEMENT_3D('',#2148,#2149,#2150);
#2148 = CARTESIAN_POINT('',(28.,-2.,141.));
#2149 = DIRECTION('',(1.,0.,-0.));
#2150 = DIRECTION('',(0.,1.,0.));
#2151 = DEFINITIONAL_REPRESENTATION('',(#2152),#2156);
#2152 = LINE('',#2153,#2154);
#2153 = CARTESIAN_POINT('',(1.570796326795,0.));
#2154 = VECTOR('',#2155,1.);
#2155 = DIRECTION('',(0.,1.));
#2156 = ( GEOMETRIC_REPRESENTATION_CONTEXT(2) 
PARAMETRIC_REPRESENTATION_CONTEXT() REPRESENTATION_CONTEXT('2D SPACE',''
  ) );
#2157 = ADVANCED_FACE('',(#2158),#317,.T.);
#2158 = FACE_BOUND('',#2159,.T.);
#2159 = EDGE_LOOP('',(#2160,#2161,#2162,#2191));
#2160 = ORIENTED_EDGE('',*,*,#300,.T.);
#2161 = ORIENTED_EDGE('',*,*,#2107,.T.);
#2162 = ORIENTED_EDGE('',*,*,#2163,.F.);
#2163 = EDGE_CURVE('',#2164,#2108,#2166,.T.);
#2164 = VERTEX_POINT('',#2165);
#2165 = CARTESIAN_POINT('',(28.,-2.,141.));
#2166 = SURFACE_CURVE('',#2167,(#2172,#2179),.PCURVE_S1.);
#2167 = CIRCLE('',#2168,8.);
#2168 = AXIS2_PLACEMENT_3D('',#2169,#2170,#2171);
#2169 = CARTESIAN_POINT('',(36.,-2.,141.));
#2170 = DIRECTION('',(-0.,1.,0.));
#2171 = DIRECTION('',(-1.,-0.,2.22044604925E-16));
#2172 = PCURVE('',#317,#2173);
#2173 = DEFINITIONAL_REPRESENTATION('',(#2174),#2178);
#2174 = LINE('',#2175,#2176);
#2175 = CARTESIAN_POINT('',(0.,10.));
#2176 = VECTOR('',#2177,1.);
#2177 = DIRECTION('',(1.,0.));
#2178 = ( GEOMETRIC_REPRESENTATION_CONTEXT(2) 
PARAMETRIC_REPRESENTATION_CONTEXT() REPRESENTATION_CONTEXT('2D SPACE',''
  ) );
#2179 = PCURVE('',#2180,#2185);
#2180 = SPHERICAL_SURFACE('',#2181,8.);
#2181 = AXIS2_PLACEMENT_3D('',#2182,#2183,#2184);
#2182 = CARTESIAN_POINT('',(36.,-2.,141.));
#2183 = DIRECTION('',(0.,-1.,-0.));
#2184 = DIRECTION('',(-1.,-0.,2.22044604925E-16));
#2185 = DEFINITIONAL_REPRESENTATION('',(#2186),#2190);
#2186 = LINE('',#2187,#2188);
#2187 = CARTESIAN_POINT('',(-0.,0.));
#2188 = VECTOR('',#2189,1.);
#2189 = DIRECTION('',(-1.,0.));
#2190 = ( GEOMETRIC_REPRESENTATION_CONTEXT(2) 
PARAMETRIC_REPRESENTATION_CONTEXT() REPRESENTATION_CONTEXT('2D SPACE',''
  ) );
#2191 = ORIENTED_EDGE('',*,*,#2192,.F.);
#2192 = EDGE_CURVE('',#275,#2164,#2193,.T.);
#2193 = SURFACE_CURVE('',#2194,(#2198,#2205),.PCURVE_S1.);
#2194 = LINE('',#2195,#2196);
#2195 = CARTESIAN_POINT('',(28.,-12.,141.));
#2196 = VECTOR('',#2197,1.);
#2197 = DIRECTION('',(-0.,1.,0.));
#2198 = PCURVE('',#317,#2199);
#2199 = DEFINITIONAL_REPRESENTATION('',(#2200),#2204);
#2200 = LINE('',#2201,#2202);
#2201 = CARTESIAN_POINT('',(0.,0.));
#2202 = VECTOR('',#2203,1.);
#2203 = DIRECTION('',(0.,1.));
#2204 = ( GEOMETRIC_REPRESENTATION_CONTEXT(2) 
PARAMETRIC_REPRESENTATION_CONTEXT() REPRESENTATION_CONTEXT('2D SPACE',''
  ) );
#2205 = PCURVE('',#289,#2206);
#2206 = DEFINITIONAL_REPRESENTATION('',(#2207),#2211);
#2207 = LINE('',#2208,#2209);
#2208 = CARTESIAN_POINT('',(26.,0.));
#2209 = VECTOR('',#2210,1.);
#2210 = DIRECTION('',(0.,-1.));
#2211 = ( GEOMETRIC_REPRESENTATION_CONTEXT(2) 
PARAMETRIC_REPRESENTATION_CONTEXT() REPRESENTATION_CONTEXT('2D SPACE',''
  ) );
#2212 = ADVANCED_FACE('',(#2213),#289,.F.);
#2213 = FACE_BOUND('',#2214,.F.);
#2214 = EDGE_LOOP('',(#2215,#2216,#2237,#2263));
#2215 = ORIENTED_EDGE('',*,*,#274,.T.);
#2216 = ORIENTED_EDGE('',*,*,#2217,.T.);
#2217 = EDGE_CURVE('',#249,#2218,#2220,.T.);
#2218 = VERTEX_POINT('',#2219);
#2219 = CARTESIAN_POINT('',(28.,-2.,138.));
#2220 = SURFACE_CURVE('',#2221,(#2225,#2231),.PCURVE_S1.);
#2221 = LINE('',#2222,#2223);
#2222 = CARTESIAN_POINT('',(28.,-24.,138.));
#2223 = VECTOR('',#2224,1.);
#2224 = DIRECTION('',(-0.,1.,0.));
#2225 = PCURVE('',#289,#2226);
#2226 = DEFINITIONAL_REPRESENTATION('',(#2227),#2230);
#2227 = B_SPLINE_CURVE_WITH_KNOTS('',1,(#2228,#2229),.UNSPECIFIED.,.F.,
  .F.,(2,2),(20.,22.),.PIECEWISE_BEZIER_KNOTS.);
#2228 = CARTESIAN_POINT('',(23.,-8.));
#2229 = CARTESIAN_POINT('',(23.,-10.));
#2230 = ( GEOMETRIC_REPRESENTATION_CONTEXT(2) 
PARAMETRIC_REPRESENTATION_CONTEXT() REPRESENTATION_CONTEXT('2D SPACE',''
  ) );
#2231 = PCURVE('',#263,#2232);
#2232 = DEFINITIONAL_REPRESENTATION('',(#2233),#2236);
#2233 = B_SPLINE_CURVE_WITH_KNOTS('',1,(#2234,#2235),.UNSPECIFIED.,.F.,
  .F.,(2,2),(20.,22.),.PIECEWISE_BEZIER_KNOTS.);
#2234 = CARTESIAN_POINT('',(94.,32.));
#2235 = CARTESIAN_POINT('',(94.,34.));
#2236 = ( GEOMETRIC_REPRESENTATION_CONTEXT(2) 
PARAMETRIC_REPRESENTATION_CONTEXT() REPRESENTATION_CONTEXT('2D SPACE',''
  ) );
#2237 = ORIENTED_EDGE('',*,*,#2238,.T.);
#2238 = EDGE_CURVE('',#2218,#2164,#2239,.T.);
#2239 = SURFACE_CURVE('',#2240,(#2244,#2251),.PCURVE_S1.);
#2240 = LINE('',#2241,#2242);
#2241 = CARTESIAN_POINT('',(28.,-2.,115.));
#2242 = VECTOR('',#2243,1.);
#2243 = DIRECTION('',(0.,0.,1.));
#2244 = PCURVE('',#289,#2245);
#2245 = DEFINITIONAL_REPRESENTATION('',(#2246),#2250);
#2246 = LINE('',#2247,#2248);
#2247 = CARTESIAN_POINT('',(0.,-10.));
#2248 = VECTOR('',#2249,1.);
#2249 = DIRECTION('',(1.,0.));
#2250 = ( GEOMETRIC_REPRESENTATION_CONTEXT(2) 
PARAMETRIC_REPRESENTATION_CONTEXT() REPRESENTATION_CONTEXT('2D SPACE',''
  ) );
#2251 = PCURVE('',#2252,#2257);
#2252 = CYLINDRICAL_SURFACE('',#2253,8.);
#2253 = AXIS2_PLACEMENT_3D('',#2254,#2255,#2256);
#2254 = CARTESIAN_POINT('',(36.,-2.,115.));
#2255 = DIRECTION('',(0.,0.,1.));
#2256 = DIRECTION('',(-1.,-0.,0.));
#2257 = DEFINITIONAL_REPRESENTATION('',(#2258),#2262);
#2258 = LINE('',#2259,#2260);
#2259 = CARTESIAN_POINT('',(-0.,0.));
#2260 = VECTOR('',#2261,1.);
#2261 = DIRECTION('',(-0.,1.));
#2262 = ( GEOMETRIC_REPRESENTATION_CONTEXT(2) 
PARAMETRIC_REPRESENTATION_CONTEXT() REPRESENTATION_CONTEXT('2D SPACE',''
  ) );
#2263 = ORIENTED_EDGE('',*,*,#2192,.F.);
#2264 = ADVANCED_FACE('',(#2265),#263,.T.);
#2265 = FACE_BOUND('',#2266,.T.);
#2266 = EDGE_LOOP('',(#2267,#2288,#2289,#2290,#2314,#2342));
#2267 = ORIENTED_EDGE('',*,*,#2268,.F.);
#2268 = EDGE_CURVE('',#223,#2269,#2271,.T.);
#2269 = VERTEX_POINT('',#2270);
#2270 = CARTESIAN_POINT('',(-28.,-2.,138.));
#2271 = SURFACE_CURVE('',#2272,(#2276,#2282),.PCURVE_S1.);
#2272 = LINE('',#2273,#2274);
#2273 = CARTESIAN_POINT('',(-28.,-24.,138.));
#2274 = VECTOR('',#2275,1.);
#2275 = DIRECTION('',(-0.,1.,0.));
#2276 = PCURVE('',#263,#2277);
#2277 = DEFINITIONAL_REPRESENTATION('',(#2278),#2281);
#2278 = B_SPLINE_CURVE_WITH_KNOTS('',1,(#2279,#2280),.UNSPECIFIED.,.F.,
  .F.,(2,2),(20.,22.),.PIECEWISE_BEZIER_KNOTS.);
#2279 = CARTESIAN_POINT('',(38.,32.));
#2280 = CARTESIAN_POINT('',(38.,34.));
#2281 = ( GEOMETRIC_REPRESENTATION_CONTEXT(2) 
PARAMETRIC_REPRESENTATION_CONTEXT() REPRESENTATION_CONTEXT('2D SPACE',''
  ) );
#2282 = PCURVE('',#237,#2283);
#2283 = DEFINITIONAL_REPRESENTATION('',(#2284),#2287);
#2284 = B_SPLINE_CURVE_WITH_KNOTS('',1,(#2285,#2286),.UNSPECIFIED.,.F.,
  .F.,(2,2),(20.,22.),.PIECEWISE_BEZIER_KNOTS.);
#2285 = CARTESIAN_POINT('',(23.,-8.));
#2286 = CARTESIAN_POINT('',(23.,-10.));
#2287 = ( GEOMETRIC_REPRESENTATION_CONTEXT(2) 
PARAMETRIC_REPRESENTATION_CONTEXT() REPRESENTATION_CONTEXT('2D SPACE',''
  ) );
#2288 = ORIENTED_EDGE('',*,*,#248,.T.);
#2289 = ORIENTED_EDGE('',*,*,#2217,.T.);
#2290 = ORIENTED_EDGE('',*,*,#2291,.F.);
#2291 = EDGE_CURVE('',#2292,#2218,#2294,.T.);
#2292 = VERTEX_POINT('',#2293);
#2293 = CARTESIAN_POINT('',(32.127016653793,5.,138.));
#2294 = SURFACE_CURVE('',#2295,(#2300,#2307),.PCURVE_S1.);
#2295 = CIRCLE('',#2296,8.);
#2296 = AXIS2_PLACEMENT_3D('',#2297,#2298,#2299);
#2297 = CARTESIAN_POINT('',(36.,-2.,138.));
#2298 = DIRECTION('',(0.,0.,1.));
#2299 = DIRECTION('',(-1.,-0.,0.));
#2300 = PCURVE('',#263,#2301);
#2301 = DEFINITIONAL_REPRESENTATION('',(#2302),#2306);
#2302 = CIRCLE('',#2303,8.);
#2303 = AXIS2_PLACEMENT_2D('',#2304,#2305);
#2304 = CARTESIAN_POINT('',(102.,34.));
#2305 = DIRECTION('',(-1.,0.));
#2306 = ( GEOMETRIC_REPRESENTATION_CONTEXT(2) 
PARAMETRIC_REPRESENTATION_CONTEXT() REPRESENTATION_CONTEXT('2D SPACE',''
  ) );
#2307 = PCURVE('',#2252,#2308);
#2308 = DEFINITIONAL_REPRESENTATION('',(#2309),#2313);
#2309 = LINE('',#2310,#2311);
#2310 = CARTESIAN_POINT('',(-6.28318530718,23.));
#2311 = VECTOR('',#2312,1.);
#2312 = DIRECTION('',(1.,-0.));
#2313 = ( GEOMETRIC_REPRESENTATION_CONTEXT(2) 
PARAMETRIC_REPRESENTATION_CONTEXT() REPRESENTATION_CONTEXT('2D SPACE',''
  ) );
#2314 = ORIENTED_EDGE('',*,*,#2315,.F.);
#2315 = EDGE_CURVE('',#2316,#2292,#2318,.T.);
#2316 = VERTEX_POINT('',#2317);
#2317 = CARTESIAN_POINT('',(-32.12701665379,5.,138.));
#2318 = SURFACE_CURVE('',#2319,(#2323,#2330),.PCURVE_S1.);
#2319 = LINE('',#2320,#2321);
#2320 = CARTESIAN_POINT('',(-66.,5.,138.));
#2321 = VECTOR('',#2322,1.);
#2322 = DIRECTION('',(1.,0.,-0.));
#2323 = PCURVE('',#263,#2324);
#2324 = DEFINITIONAL_REPRESENTATION('',(#2325),#2329);
#2325 = LINE('',#2326,#2327);
#2326 = CARTESIAN_POINT('',(0.,41.));
#2327 = VECTOR('',#2328,1.);
#2328 = DIRECTION('',(1.,0.));
#2329 = ( GEOMETRIC_REPRESENTATION_CONTEXT(2) 
PARAMETRIC_REPRESENTATION_CONTEXT() REPRESENTATION_CONTEXT('2D SPACE',''
  ) );
#2330 = PCURVE('',#2331,#2336);
#2331 = CYLINDRICAL_SURFACE('',#2332,25.);
#2332 = AXIS2_PLACEMENT_3D('',#2333,#2334,#2335);
#2333 = CARTESIAN_POINT('',(-66.,5.,113.));
#2334 = DIRECTION('',(1.,0.,-0.));
#2335 = DIRECTION('',(0.,1.,0.));
#2336 = DEFINITIONAL_REPRESENTATION('',(#2337),#2341);
#2337 = LINE('',#2338,#2339);
#2338 = CARTESIAN_POINT('',(1.570796326795,0.));
#2339 = VECTOR('',#2340,1.);
#2340 = DIRECTION('',(0.,1.));
#2341 = ( GEOMETRIC_REPRESENTATION_CONTEXT(2) 
PARAMETRIC_REPRESENTATION_CONTEXT() REPRESENTATION_CONTEXT('2D SPACE',''
  ) );
#2342 = ORIENTED_EDGE('',*,*,#2343,.F.);
#2343 = EDGE_CURVE('',#2269,#2316,#2344,.T.);
#2344 = SURFACE_CURVE('',#2345,(#2350,#2357),.PCURVE_S1.);
#2345 = CIRCLE('',#2346,8.);
#2346 = AXIS2_PLACEMENT_3D('',#2347,#2348,#2349);
#2347 = CARTESIAN_POINT('',(-36.,-2.,138.));
#2348 = DIRECTION('',(0.,0.,1.));
#2349 = DIRECTION('',(1.,0.,-0.));
#2350 = PCURVE('',#263,#2351);
#2351 = DEFINITIONAL_REPRESENTATION('',(#2352),#2356);
#2352 = CIRCLE('',#2353,8.);
#2353 = AXIS2_PLACEMENT_2D('',#2354,#2355);
#2354 = CARTESIAN_POINT('',(30.,34.));
#2355 = DIRECTION('',(1.,0.));
#2356 = ( GEOMETRIC_REPRESENTATION_CONTEXT(2) 
PARAMETRIC_REPRESENTATION_CONTEXT() REPRESENTATION_CONTEXT('2D SPACE',''
  ) );
#2357 = PCURVE('',#2358,#2363);
#2358 = CYLINDRICAL_SURFACE('',#2359,8.);
#2359 = AXIS2_PLACEMENT_3D('',#2360,#2361,#2362);
#2360 = CARTESIAN_POINT('',(-36.,-2.,115.));
#2361 = DIRECTION('',(0.,0.,1.));
#2362 = DIRECTION('',(1.,0.,-0.));
#2363 = DEFINITIONAL_REPRESENTATION('',(#2364),#2368);
#2364 = LINE('',#2365,#2366);
#2365 = CARTESIAN_POINT('',(0.,23.));
#2366 = VECTOR('',#2367,1.);
#2367 = DIRECTION('',(1.,0.));
#2368 = ( GEOMETRIC_REPRESENTATION_CONTEXT(2) 
PARAMETRIC_REPRESENTATION_CONTEXT() REPRESENTATION_CONTEXT('2D SPACE',''
  ) );
#2369 = ADVANCED_FACE('',(#2370),#237,.T.);
#2370 = FACE_BOUND('',#2371,.T.);
#2371 = EDGE_LOOP('',(#2372,#2373,#2374,#2397));
#2372 = ORIENTED_EDGE('',*,*,#222,.T.);
#2373 = ORIENTED_EDGE('',*,*,#2268,.T.);
#2374 = ORIENTED_EDGE('',*,*,#2375,.T.);
#2375 = EDGE_CURVE('',#2269,#2376,#2378,.T.);
#2376 = VERTEX_POINT('',#2377);
#2377 = CARTESIAN_POINT('',(-28.,-2.,141.));
#2378 = SURFACE_CURVE('',#2379,(#2383,#2390),.PCURVE_S1.);
#2379 = LINE('',#2380,#2381);
#2380 = CARTESIAN_POINT('',(-28.,-2.,115.));
#2381 = VECTOR('',#2382,1.);
#2382 = DIRECTION('',(0.,0.,1.));
#2383 = PCURVE('',#237,#2384);
#2384 = DEFINITIONAL_REPRESENTATION('',(#2385),#2389);
#2385 = LINE('',#2386,#2387);
#2386 = CARTESIAN_POINT('',(0.,-10.));
#2387 = VECTOR('',#2388,1.);
#2388 = DIRECTION('',(1.,0.));
#2389 = ( GEOMETRIC_REPRESENTATION_CONTEXT(2) 
PARAMETRIC_REPRESENTATION_CONTEXT() REPRESENTATION_CONTEXT('2D SPACE',''
  ) );
#2390 = PCURVE('',#2358,#2391);
#2391 = DEFINITIONAL_REPRESENTATION('',(#2392),#2396);
#2392 = LINE('',#2393,#2394);
#2393 = CARTESIAN_POINT('',(0.,0.));
#2394 = VECTOR('',#2395,1.);
#2395 = DIRECTION('',(0.,1.));
#2396 = ( GEOMETRIC_REPRESENTATION_CONTEXT(2) 
PARAMETRIC_REPRESENTATION_CONTEXT() REPRESENTATION_CONTEXT('2D SPACE',''
  ) );
#2397 = ORIENTED_EDGE('',*,*,#2398,.F.);
#2398 = EDGE_CURVE('',#194,#2376,#2399,.T.);
#2399 = SURFACE_CURVE('',#2400,(#2404,#2411),.PCURVE_S1.);
#2400 = LINE('',#2401,#2402);
#2401 = CARTESIAN_POINT('',(-28.,-12.,141.));
#2402 = VECTOR('',#2403,1.);
#2403 = DIRECTION('',(-0.,1.,0.));
#2404 = PCURVE('',#237,#2405);
#2405 = DEFINITIONAL_REPRESENTATION('',(#2406),#2410);
#2406 = LINE('',#2407,#2408);
#2407 = CARTESIAN_POINT('',(26.,0.));
#2408 = VECTOR('',#2409,1.);
#2409 = DIRECTION('',(0.,-1.));
#2410 = ( GEOMETRIC_REPRESENTATION_CONTEXT(2) 
PARAMETRIC_REPRESENTATION_CONTEXT() REPRESENTATION_CONTEXT('2D SPACE',''
  ) );
#2411 = PCURVE('',#210,#2412);
#2412 = DEFINITIONAL_REPRESENTATION('',(#2413),#2417);
#2413 = LINE('',#2414,#2415);
#2414 = CARTESIAN_POINT('',(-0.,0.));
#2415 = VECTOR('',#2416,1.);
#2416 = DIRECTION('',(-0.,1.));
#2417 = ( GEOMETRIC_REPRESENTATION_CONTEXT(2) 
PARAMETRIC_REPRESENTATION_CONTEXT() REPRESENTATION_CONTEXT('2D SPACE',''
  ) );
#2418 = ADVANCED_FACE('',(#2419),#210,.T.);
#2419 = FACE_BOUND('',#2420,.F.);
#2420 = EDGE_LOOP('',(#2421,#2422,#2445,#2472));
#2421 = ORIENTED_EDGE('',*,*,#193,.F.);
#2422 = ORIENTED_EDGE('',*,*,#2423,.T.);
#2423 = EDGE_CURVE('',#168,#2424,#2426,.T.);
#2424 = VERTEX_POINT('',#2425);
#2425 = CARTESIAN_POINT('',(-36.,-2.,149.));
#2426 = SURFACE_CURVE('',#2427,(#2431,#2438),.PCURVE_S1.);
#2427 = LINE('',#2428,#2429);
#2428 = CARTESIAN_POINT('',(-36.,-12.,149.));
#2429 = VECTOR('',#2430,1.);
#2430 = DIRECTION('',(-0.,1.,0.));
#2431 = PCURVE('',#210,#2432);
#2432 = DEFINITIONAL_REPRESENTATION('',(#2433),#2437);
#2433 = LINE('',#2434,#2435);
#2434 = CARTESIAN_POINT('',(-1.570796326795,0.));
#2435 = VECTOR('',#2436,1.);
#2436 = DIRECTION('',(-0.,1.));
#2437 = ( GEOMETRIC_REPRESENTATION_CONTEXT(2) 
PARAMETRIC_REPRESENTATION_CONTEXT() REPRESENTATION_CONTEXT('2D SPACE',''
  ) );
#2438 = PCURVE('',#182,#2439);
#2439 = DEFINITIONAL_REPRESENTATION('',(#2440),#2444);
#2440 = LINE('',#2441,#2442);
#2441 = CARTESIAN_POINT('',(30.,0.));
#2442 = VECTOR('',#2443,1.);
#2443 = DIRECTION('',(0.,1.));
#2444 = ( GEOMETRIC_REPRESENTATION_CONTEXT(2) 
PARAMETRIC_REPRESENTATION_CONTEXT() REPRESENTATION_CONTEXT('2D SPACE',''
  ) );
#2445 = ORIENTED_EDGE('',*,*,#2446,.F.);
#2446 = EDGE_CURVE('',#2376,#2424,#2447,.T.);
#2447 = SURFACE_CURVE('',#2448,(#2453,#2460),.PCURVE_S1.);
#2448 = CIRCLE('',#2449,8.);
#2449 = AXIS2_PLACEMENT_3D('',#2450,#2451,#2452);
#2450 = CARTESIAN_POINT('',(-36.,-2.,141.));
#2451 = DIRECTION('',(0.,-1.,0.));
#2452 = DIRECTION('',(1.,0.,2.22044604925E-16));
#2453 = PCURVE('',#210,#2454);
#2454 = DEFINITIONAL_REPRESENTATION('',(#2455),#2459);
#2455 = LINE('',#2456,#2457);
#2456 = CARTESIAN_POINT('',(-0.,10.));
#2457 = VECTOR('',#2458,1.);
#2458 = DIRECTION('',(-1.,0.));
#2459 = ( GEOMETRIC_REPRESENTATION_CONTEXT(2) 
PARAMETRIC_REPRESENTATION_CONTEXT() REPRESENTATION_CONTEXT('2D SPACE',''
  ) );
#2460 = PCURVE('',#2461,#2466);
#2461 = SPHERICAL_SURFACE('',#2462,8.);
#2462 = AXIS2_PLACEMENT_3D('',#2463,#2464,#2465);
#2463 = CARTESIAN_POINT('',(-36.,-2.,141.));
#2464 = DIRECTION('',(0.,-1.,-0.));
#2465 = DIRECTION('',(1.,0.,2.22044604925E-16));
#2466 = DEFINITIONAL_REPRESENTATION('',(#2467),#2471);
#2467 = LINE('',#2468,#2469);
#2468 = CARTESIAN_POINT('',(0.,0.));
#2469 = VECTOR('',#2470,1.);
#2470 = DIRECTION('',(1.,0.));
#2471 = ( GEOMETRIC_REPRESENTATION_CONTEXT(2) 
PARAMETRIC_REPRESENTATION_CONTEXT() REPRESENTATION_CONTEXT('2D SPACE',''
  ) );
#2472 = ORIENTED_EDGE('',*,*,#2398,.F.);
#2473 = ADVANCED_FACE('',(#2474),#182,.T.);
#2474 = FACE_BOUND('',#2475,.T.);
#2475 = EDGE_LOOP('',(#2476,#2499,#2500,#2501));
#2476 = ORIENTED_EDGE('',*,*,#2477,.F.);
#2477 = EDGE_CURVE('',#139,#2478,#2480,.T.);
#2478 = VERTEX_POINT('',#2479);
#2479 = CARTESIAN_POINT('',(-58.,-2.,149.));
#2480 = SURFACE_CURVE('',#2481,(#2485,#2492),.PCURVE_S1.);
#2481 = LINE('',#2482,#2483);
#2482 = CARTESIAN_POINT('',(-58.,-12.,149.));
#2483 = VECTOR('',#2484,1.);
#2484 = DIRECTION('',(-0.,1.,0.));
#2485 = PCURVE('',#182,#2486);
#2486 = DEFINITIONAL_REPRESENTATION('',(#2487),#2491);
#2487 = LINE('',#2488,#2489);
#2488 = CARTESIAN_POINT('',(8.,0.));
#2489 = VECTOR('',#2490,1.);
#2490 = DIRECTION('',(0.,1.));
#2491 = ( GEOMETRIC_REPRESENTATION_CONTEXT(2) 
PARAMETRIC_REPRESENTATION_CONTEXT() REPRESENTATION_CONTEXT('2D SPACE',''
  ) );
#2492 = PCURVE('',#155,#2493);
#2493 = DEFINITIONAL_REPRESENTATION('',(#2494),#2498);
#2494 = LINE('',#2495,#2496);
#2495 = CARTESIAN_POINT('',(1.570796326795,0.));
#2496 = VECTOR('',#2497,1.);
#2497 = DIRECTION('',(0.,1.));
#2498 = ( GEOMETRIC_REPRESENTATION_CONTEXT(2) 
PARAMETRIC_REPRESENTATION_CONTEXT() REPRESENTATION_CONTEXT('2D SPACE',''
  ) );
#2499 = ORIENTED_EDGE('',*,*,#167,.T.);
#2500 = ORIENTED_EDGE('',*,*,#2423,.T.);
#2501 = ORIENTED_EDGE('',*,*,#2502,.F.);
#2502 = EDGE_CURVE('',#2478,#2424,#2503,.T.);
#2503 = SURFACE_CURVE('',#2504,(#2508,#2515),.PCURVE_S1.);
#2504 = LINE('',#2505,#2506);
#2505 = CARTESIAN_POINT('',(-66.,-2.,149.));
#2506 = VECTOR('',#2507,1.);
#2507 = DIRECTION('',(1.,0.,-0.));
#2508 = PCURVE('',#182,#2509);
#2509 = DEFINITIONAL_REPRESENTATION('',(#2510),#2514);
#2510 = LINE('',#2511,#2512);
#2511 = CARTESIAN_POINT('',(0.,10.));
#2512 = VECTOR('',#2513,1.);
#2513 = DIRECTION('',(1.,0.));
#2514 = ( GEOMETRIC_REPRESENTATION_CONTEXT(2) 
PARAMETRIC_REPRESENTATION_CONTEXT() REPRESENTATION_CONTEXT('2D SPACE',''
  ) );
#2515 = PCURVE('',#2516,#2521);
#2516 = CYLINDRICAL_SURFACE('',#2517,8.);
#2517 = AXIS2_PLACEMENT_3D('',#2518,#2519,#2520);
#2518 = CARTESIAN_POINT('',(-66.,-2.,141.));
#2519 = DIRECTION('',(1.,0.,-0.));
#2520 = DIRECTION('',(0.,1.,0.));
#2521 = DEFINITIONAL_REPRESENTATION('',(#2522),#2526);
#2522 = LINE('',#2523,#2524);
#2523 = CARTESIAN_POINT('',(1.570796326795,0.));
#2524 = VECTOR('',#2525,1.);
#2525 = DIRECTION('',(0.,1.));
#2526 = ( GEOMETRIC_REPRESENTATION_CONTEXT(2) 
PARAMETRIC_REPRESENTATION_CONTEXT() REPRESENTATION_CONTEXT('2D SPACE',''
  ) );
#2527 = ADVANCED_FACE('',(#2528),#155,.T.);
#2528 = FACE_BOUND('',#2529,.T.);
#2529 = EDGE_LOOP('',(#2530,#2531,#2532,#2561));
#2530 = ORIENTED_EDGE('',*,*,#138,.T.);
#2531 = ORIENTED_EDGE('',*,*,#2477,.T.);
#2532 = ORIENTED_EDGE('',*,*,#2533,.F.);
#2533 = EDGE_CURVE('',#2534,#2478,#2536,.T.);
#2534 = VERTEX_POINT('',#2535);
#2535 = CARTESIAN_POINT('',(-66.,-2.,141.));
#2536 = SURFACE_CURVE('',#2537,(#2542,#2549),.PCURVE_S1.);
#2537 = CIRCLE('',#2538,8.);
#2538 = AXIS2_PLACEMENT_3D('',#2539,#2540,#2541);
#2539 = CARTESIAN_POINT('',(-58.,-2.,141.));
#2540 = DIRECTION('',(-0.,1.,0.));
#2541 = DIRECTION('',(-1.,-0.,2.22044604925E-16));
#2542 = PCURVE('',#155,#2543);
#2543 = DEFINITIONAL_REPRESENTATION('',(#2544),#2548);
#2544 = LINE('',#2545,#2546);
#2545 = CARTESIAN_POINT('',(0.,10.));
#2546 = VECTOR('',#2547,1.);
#2547 = DIRECTION('',(1.,0.));
#2548 = ( GEOMETRIC_REPRESENTATION_CONTEXT(2) 
PARAMETRIC_REPRESENTATION_CONTEXT() REPRESENTATION_CONTEXT('2D SPACE',''
  ) );
#2549 = PCURVE('',#2550,#2555);
#2550 = SPHERICAL_SURFACE('',#2551,8.);
#2551 = AXIS2_PLACEMENT_3D('',#2552,#2553,#2554);
#2552 = CARTESIAN_POINT('',(-58.,-2.,141.));
#2553 = DIRECTION('',(0.,-1.,-0.));
#2554 = DIRECTION('',(-1.,-0.,2.22044604925E-16));
#2555 = DEFINITIONAL_REPRESENTATION('',(#2556),#2560);
#2556 = LINE('',#2557,#2558);
#2557 = CARTESIAN_POINT('',(-0.,0.));
#2558 = VECTOR('',#2559,1.);
#2559 = DIRECTION('',(-1.,0.));
#2560 = ( GEOMETRIC_REPRESENTATION_CONTEXT(2) 
PARAMETRIC_REPRESENTATION_CONTEXT() REPRESENTATION_CONTEXT('2D SPACE',''
  ) );
#2561 = ORIENTED_EDGE('',*,*,#2562,.F.);
#2562 = EDGE_CURVE('',#113,#2534,#2563,.T.);
#2563 = SURFACE_CURVE('',#2564,(#2568,#2575),.PCURVE_S1.);
#2564 = LINE('',#2565,#2566);
#2565 = CARTESIAN_POINT('',(-66.,-12.,141.));
#2566 = VECTOR('',#2567,1.);
#2567 = DIRECTION('',(-0.,1.,0.));
#2568 = PCURVE('',#155,#2569);
#2569 = DEFINITIONAL_REPRESENTATION('',(#2570),#2574);
#2570 = LINE('',#2571,#2572);
#2571 = CARTESIAN_POINT('',(0.,0.));
#2572 = VECTOR('',#2573,1.);
#2573 = DIRECTION('',(0.,1.));
#2574 = ( GEOMETRIC_REPRESENTATION_CONTEXT(2) 
PARAMETRIC_REPRESENTATION_CONTEXT() REPRESENTATION_CONTEXT('2D SPACE',''
  ) );
#2575 = PCURVE('',#127,#2576);
#2576 = DEFINITIONAL_REPRESENTATION('',(#2577),#2581);
#2577 = LINE('',#2578,#2579);
#2578 = CARTESIAN_POINT('',(26.,0.));
#2579 = VECTOR('',#2580,1.);
#2580 = DIRECTION('',(0.,-1.));
#2581 = ( GEOMETRIC_REPRESENTATION_CONTEXT(2) 
PARAMETRIC_REPRESENTATION_CONTEXT() REPRESENTATION_CONTEXT('2D SPACE',''
  ) );
#2582 = ADVANCED_FACE('',(#2583),#127,.F.);
#2583 = FACE_BOUND('',#2584,.F.);
#2584 = EDGE_LOOP('',(#2585,#2586,#2609,#2635));
#2585 = ORIENTED_EDGE('',*,*,#112,.T.);
#2586 = ORIENTED_EDGE('',*,*,#2587,.T.);
#2587 = EDGE_CURVE('',#84,#2588,#2590,.T.);
#2588 = VERTEX_POINT('',#2589);
#2589 = CARTESIAN_POINT('',(-66.,-2.,123.));
#2590 = SURFACE_CURVE('',#2591,(#2595,#2602),.PCURVE_S1.);
#2591 = LINE('',#2592,#2593);
#2592 = CARTESIAN_POINT('',(-66.,-12.,123.));
#2593 = VECTOR('',#2594,1.);
#2594 = DIRECTION('',(-0.,1.,0.));
#2595 = PCURVE('',#127,#2596);
#2596 = DEFINITIONAL_REPRESENTATION('',(#2597),#2601);
#2597 = LINE('',#2598,#2599);
#2598 = CARTESIAN_POINT('',(8.,0.));
#2599 = VECTOR('',#2600,1.);
#2600 = DIRECTION('',(0.,-1.));
#2601 = ( GEOMETRIC_REPRESENTATION_CONTEXT(2) 
PARAMETRIC_REPRESENTATION_CONTEXT() REPRESENTATION_CONTEXT('2D SPACE',''
  ) );
#2602 = PCURVE('',#100,#2603);
#2603 = DEFINITIONAL_REPRESENTATION('',(#2604),#2608);
#2604 = LINE('',#2605,#2606);
#2605 = CARTESIAN_POINT('',(-0.,0.));
#2606 = VECTOR('',#2607,1.);
#2607 = DIRECTION('',(-0.,1.));
#2608 = ( GEOMETRIC_REPRESENTATION_CONTEXT(2) 
PARAMETRIC_REPRESENTATION_CONTEXT() REPRESENTATION_CONTEXT('2D SPACE',''
  ) );
#2609 = ORIENTED_EDGE('',*,*,#2610,.T.);
#2610 = EDGE_CURVE('',#2588,#2534,#2611,.T.);
#2611 = SURFACE_CURVE('',#2612,(#2616,#2623),.PCURVE_S1.);
#2612 = LINE('',#2613,#2614);
#2613 = CARTESIAN_POINT('',(-66.,-2.,115.));
#2614 = VECTOR('',#2615,1.);
#2615 = DIRECTION('',(0.,0.,1.));
#2616 = PCURVE('',#127,#2617);
#2617 = DEFINITIONAL_REPRESENTATION('',(#2618),#2622);
#2618 = LINE('',#2619,#2620);
#2619 = CARTESIAN_POINT('',(0.,-10.));
#2620 = VECTOR('',#2621,1.);
#2621 = DIRECTION('',(1.,0.));
#2622 = ( GEOMETRIC_REPRESENTATION_CONTEXT(2) 
PARAMETRIC_REPRESENTATION_CONTEXT() REPRESENTATION_CONTEXT('2D SPACE',''
  ) );
#2623 = PCURVE('',#2624,#2629);
#2624 = CYLINDRICAL_SURFACE('',#2625,8.);
#2625 = AXIS2_PLACEMENT_3D('',#2626,#2627,#2628);
#2626 = CARTESIAN_POINT('',(-58.,-2.,115.));
#2627 = DIRECTION('',(0.,0.,1.));
#2628 = DIRECTION('',(-1.,-0.,0.));
#2629 = DEFINITIONAL_REPRESENTATION('',(#2630),#2634);
#2630 = LINE('',#2631,#2632);
#2631 = CARTESIAN_POINT('',(-0.,0.));
#2632 = VECTOR('',#2633,1.);
#2633 = DIRECTION('',(-0.,1.));
#2634 = ( GEOMETRIC_REPRESENTATION_CONTEXT(2) 
PARAMETRIC_REPRESENTATION_CONTEXT() REPRESENTATION_CONTEXT('2D SPACE',''
  ) );
#2635 = ORIENTED_EDGE('',*,*,#2562,.F.);
#2636 = ADVANCED_FACE('',(#2637),#100,.T.);
#2637 = FACE_BOUND('',#2638,.F.);
#2638 = EDGE_LOOP('',(#2639,#2640,#2661,#2686));
#2639 = ORIENTED_EDGE('',*,*,#83,.F.);
#2640 = ORIENTED_EDGE('',*,*,#2641,.T.);
#2641 = EDGE_CURVE('',#55,#2642,#2644,.T.);
#2642 = VERTEX_POINT('',#2643);
#2643 = CARTESIAN_POINT('',(-65.15906338183,-2.,119.42959225088));
#2644 = SURFACE_CURVE('',#2645,(#2649,#2655),.PCURVE_S1.);
#2645 = LINE('',#2646,#2647);
#2646 = CARTESIAN_POINT('',(-65.15906338183,-36.,119.42959225088));
#2647 = VECTOR('',#2648,1.);
#2648 = DIRECTION('',(-0.,1.,0.));
#2649 = PCURVE('',#100,#2650);
#2650 = DEFINITIONAL_REPRESENTATION('',(#2651),#2654);
#2651 = B_SPLINE_CURVE_WITH_KNOTS('',1,(#2652,#2653),.UNSPECIFIED.,.F.,
  .F.,(2,2),(31.9999994,34.0000006),.PIECEWISE_BEZIER_KNOTS.);
#2652 = CARTESIAN_POINT('',(-0.462627521119,7.9999994));
#2653 = CARTESIAN_POINT('',(-0.462627521119,10.0000006));
#2654 = ( GEOMETRIC_REPRESENTATION_CONTEXT(2) 
PARAMETRIC_REPRESENTATION_CONTEXT() REPRESENTATION_CONTEXT('2D SPACE',''
  ) );
#2655 = PCURVE('',#71,#2656);
#2656 = DEFINITIONAL_REPRESENTATION('',(#2657),#2660);
#2657 = B_SPLINE_CURVE_WITH_KNOTS('',1,(#2658,#2659),.UNSPECIFIED.,.F.,
  .F.,(2,2),(31.9999994,34.0000006),.PIECEWISE_BEZIER_KNOTS.);
#2658 = CARTESIAN_POINT('',(0.260106726694,31.9999994));
#2659 = CARTESIAN_POINT('',(0.260106726694,34.0000006));
#2660 = ( GEOMETRIC_REPRESENTATION_CONTEXT(2) 
PARAMETRIC_REPRESENTATION_CONTEXT() REPRESENTATION_CONTEXT('2D SPACE',''
  ) );
#2661 = ORIENTED_EDGE('',*,*,#2662,.T.);
#2662 = EDGE_CURVE('',#2642,#2588,#2663,.T.);
#2663 = SURFACE_CURVE('',#2664,(#2669,#2675),.PCURVE_S1.);
#2664 = CIRCLE('',#2665,8.);
#2665 = AXIS2_PLACEMENT_3D('',#2666,#2667,#2668);
#2666 = CARTESIAN_POINT('',(-58.,-2.,123.));
#2667 = DIRECTION('',(0.,1.,-0.));
#2668 = DIRECTION('',(-1.,0.,0.));
#2669 = PCURVE('',#100,#2670);
#2670 = DEFINITIONAL_REPRESENTATION('',(#2671),#2674);
#2671 = B_SPLINE_CURVE_WITH_KNOTS('',1,(#2672,#2673),.UNSPECIFIED.,.F.,
  .F.,(2,2),(4.712388980385,6.28318530718),.PIECEWISE_BEZIER_KNOTS.);
#2672 = CARTESIAN_POINT('',(-1.570796326795,10.));
#2673 = CARTESIAN_POINT('',(0.,10.));
#2674 = ( GEOMETRIC_REPRESENTATION_CONTEXT(2) 
PARAMETRIC_REPRESENTATION_CONTEXT() REPRESENTATION_CONTEXT('2D SPACE',''
  ) );
#2675 = PCURVE('',#2676,#2681);
#2676 = SPHERICAL_SURFACE('',#2677,8.);
#2677 = AXIS2_PLACEMENT_3D('',#2678,#2679,#2680);
#2678 = CARTESIAN_POINT('',(-58.,-2.,123.));
#2679 = DIRECTION('',(0.,0.,1.));
#2680 = DIRECTION('',(-1.,0.,0.));
#2681 = DEFINITIONAL_REPRESENTATION('',(#2682),#2685);
#2682 = B_SPLINE_CURVE_WITH_KNOTS('',1,(#2683,#2684),.UNSPECIFIED.,.F.,
  .F.,(2,2),(4.712388980385,6.28318530718),.PIECEWISE_BEZIER_KNOTS.);
#2683 = CARTESIAN_POINT('',(0.,-1.570796326795));
#2684 = CARTESIAN_POINT('',(0.,0.));
#2685 = ( GEOMETRIC_REPRESENTATION_CONTEXT(2) 
PARAMETRIC_REPRESENTATION_CONTEXT() REPRESENTATION_CONTEXT('2D SPACE',''
  ) );
#2686 = ORIENTED_EDGE('',*,*,#2587,.F.);
#2687 = ADVANCED_FACE('',(#2688),#71,.T.);
#2688 = FACE_BOUND('',#2689,.T.);
#2689 = EDGE_LOOP('',(#2690,#2691,#2692,#2693,#2833,#2868));
#2690 = ORIENTED_EDGE('',*,*,#1187,.F.);
#2691 = ORIENTED_EDGE('',*,*,#54,.T.);
#2692 = ORIENTED_EDGE('',*,*,#2641,.T.);
#2693 = ORIENTED_EDGE('',*,*,#2694,.F.);
#2694 = EDGE_CURVE('',#2695,#2642,#2697,.T.);
#2695 = VERTEX_POINT('',#2696);
#2696 = CARTESIAN_POINT('',(-63.91287847477,3.38867962886,123.));
#2697 = SURFACE_CURVE('',#2698,(#2741,#2787),.PCURVE_S1.);
#2698 = B_SPLINE_CURVE_WITH_KNOTS('',6,(#2699,#2700,#2701,#2702,#2703,
    #2704,#2705,#2706,#2707,#2708,#2709,#2710,#2711,#2712,#2713,#2714,
    #2715,#2716,#2717,#2718,#2719,#2720,#2721,#2722,#2723,#2724,#2725,
    #2726,#2727,#2728,#2729,#2730,#2731,#2732,#2733,#2734,#2735,#2736,
    #2737,#2738,#2739,#2740),.UNSPECIFIED.,.F.,.F.,(7,5,5,5,5,5,5,5,7),(
    0.,6.158520980477E-02,0.126556505037,0.19686898277,0.273575236256,
    0.363859553244,0.46922891713,0.623957832091,1.),.UNSPECIFIED.);
#2699 = CARTESIAN_POINT('',(-63.91287847477,3.38867962886,123.));
#2700 = CARTESIAN_POINT('',(-63.94377121484,3.354781711316,
    122.92921584012));
#2701 = CARTESIAN_POINT('',(-63.97407515506,3.319945636051,
    122.85906496522));
#2702 = CARTESIAN_POINT('',(-64.00379278978,3.284194923393,
    122.78957018007));
#2703 = CARTESIAN_POINT('',(-64.03292750667,3.247552993189,
    122.72075263741));
#2704 = CARTESIAN_POINT('',(-64.06148358678,3.210043164807,
    122.65263183801));
#2705 = CARTESIAN_POINT('',(-64.11898736594,3.131225337307,
    122.51411328699));
#2706 = CARTESIAN_POINT('',(-64.14787019906,3.089821847866,
    122.44379633018));
#2707 = CARTESIAN_POINT('',(-64.17612079334,3.047505413373,
    122.37429566303));
#2708 = CARTESIAN_POINT('',(-64.20374597167,3.004302839212,
    122.30563041054));
#2709 = CARTESIAN_POINT('',(-64.23075329046,2.960240511586,
    122.2378179198));
#2710 = CARTESIAN_POINT('',(-64.28571890387,2.866757448334,
    122.09842623187));
#2711 = CARTESIAN_POINT('',(-64.31357276595,2.817193955437,
    122.02699576879));
#2712 = CARTESIAN_POINT('',(-64.34072314395,2.766686782947,
    121.95660204673));
#2713 = CARTESIAN_POINT('',(-64.36718110374,2.715267977476,
    121.88726275667));
#2714 = CARTESIAN_POINT('',(-64.3929582589,2.662968768127,121.8189936046
    ));
#2715 = CARTESIAN_POINT('',(-64.4454584931,2.551837309815,
    121.67851360937));
#2716 = CARTESIAN_POINT('',(-64.47205433229,2.49284344197,
    121.60650899488));
#2717 = CARTESIAN_POINT('',(-64.49787008012,2.432877386203,
    121.53581222891));
#2718 = CARTESIAN_POINT('',(-64.52292176874,2.371977267915,
    121.46643893449));
#2719 = CARTESIAN_POINT('',(-64.5472256706,2.310179914669,
    121.39840259693));
#2720 = CARTESIAN_POINT('',(-64.59854360622,2.173770281233,
    121.25322183008));
#2721 = CARTESIAN_POINT('',(-64.62527568396,2.098825995022,
    121.17659724931));
#2722 = CARTESIAN_POINT('',(-64.65102147237,2.0227458263,121.1018592185)
  );
#2723 = CARTESIAN_POINT('',(-64.67580757944,1.945585167737,
    121.02902328276));
#2724 = CARTESIAN_POINT('',(-64.69966028044,1.867396975936,
    120.95810213523));
#2725 = CARTESIAN_POINT('',(-64.74938453302,1.695839343603,
    120.80858089851));
#2726 = CARTESIAN_POINT('',(-64.77492730746,1.602116343434,
    120.73067812292));
#2727 = CARTESIAN_POINT('',(-64.7992750595,1.507142907085,
    120.65541283634));
#2728 = CARTESIAN_POINT('',(-64.82246737491,1.410995219177,
    120.58279734839));
#2729 = CARTESIAN_POINT('',(-64.84454220706,1.313745512785,
    120.5128407324));
#2730 = CARTESIAN_POINT('',(-64.89636388631,1.071138425574,120.346734489
    ));
#2731 = CARTESIAN_POINT('',(-64.92486017235,0.92458696257,
    120.25366722933));
#2732 = CARTESIAN_POINT('',(-64.95113958197,0.776022469382,
    120.16636567563));
#2733 = CARTESIAN_POINT('',(-64.9753069307,0.625646404965,
    120.08483979273));
#2734 = CARTESIAN_POINT('',(-64.9974566023,0.473646390403,
    120.00909274362));
#2735 = CARTESIAN_POINT('',(-65.06680257628,-5.273995810934E-02,
    119.76907265356));
#2736 = CARTESIAN_POINT('',(-65.1045021603,-0.434190950265,
    119.63316896385));
#2737 = CARTESIAN_POINT('',(-65.13198645471,-0.821749502018,
    119.5313331126));
#2738 = CARTESIAN_POINT('',(-65.15003571425,-1.213215676237,
    119.46351350765));
#2739 = CARTESIAN_POINT('',(-65.15906338183,-1.606572839226,
    119.42959225088));
#2740 = CARTESIAN_POINT('',(-65.15906338183,-2.,119.42959225088));
#2741 = PCURVE('',#71,#2742);
#2742 = DEFINITIONAL_REPRESENTATION('',(#2743),#2786);
#2743 = B_SPLINE_CURVE_WITH_KNOTS('',6,(#2744,#2745,#2746,#2747,#2748,
    #2749,#2750,#2751,#2752,#2753,#2754,#2755,#2756,#2757,#2758,#2759,
    #2760,#2761,#2762,#2763,#2764,#2765,#2766,#2767,#2768,#2769,#2770,
    #2771,#2772,#2773,#2774,#2775,#2776,#2777,#2778,#2779,#2780,#2781,
    #2782,#2783,#2784,#2785),.UNSPECIFIED.,.F.,.F.,(7,5,5,5,5,5,5,5,7),(
    0.,6.158520980477E-02,0.126556505037,0.19686898277,0.273575236256,
    0.363859553244,0.46922891713,0.623957832091,1.),.UNSPECIFIED.);
#2744 = CARTESIAN_POINT('',(0.411516846067,39.38867962886));
#2745 = CARTESIAN_POINT('',(0.408427572061,39.354781711316));
#2746 = CARTESIAN_POINT('',(0.405370935452,39.319945636052));
#2747 = CARTESIAN_POINT('',(0.402347679325,39.284194923393));
#2748 = CARTESIAN_POINT('',(0.399358477495,39.247552993189));
#2749 = CARTESIAN_POINT('',(0.396403934504,39.210043164807));
#2750 = CARTESIAN_POINT('',(0.390404724743,39.131225337307));
#2751 = CARTESIAN_POINT('',(0.387364037534,39.089821847866));
#2752 = CARTESIAN_POINT('',(0.384363150398,39.047505413373));
#2753 = CARTESIAN_POINT('',(0.381402619251,39.004302839212));
#2754 = CARTESIAN_POINT('',(0.378482929521,38.960240511586));
#2755 = CARTESIAN_POINT('',(0.372489431534,38.866757448334));
#2756 = CARTESIAN_POINT('',(0.369422690097,38.817193955437));
#2757 = CARTESIAN_POINT('',(0.36640479562,38.766686782947));
#2758 = CARTESIAN_POINT('',(0.363436197847,38.715267977476));
#2759 = CARTESIAN_POINT('',(0.360517272481,38.662968768127));
#2760 = CARTESIAN_POINT('',(0.354518485451,38.551837309815));
#2761 = CARTESIAN_POINT('',(0.351448132344,38.49284344197));
#2762 = CARTESIAN_POINT('',(0.348437651671,38.432877386203));
#2763 = CARTESIAN_POINT('',(0.345487359197,38.371977267915));
#2764 = CARTESIAN_POINT('',(0.342597496649,38.310179914669));
#2765 = CARTESIAN_POINT('',(0.336438147907,38.173770281233));
#2766 = CARTESIAN_POINT('',(0.33319202489,38.098825995022));
#2767 = CARTESIAN_POINT('',(0.330030132337,38.0227458263));
#2768 = CARTESIAN_POINT('',(0.326952651101,37.945585167737));
#2769 = CARTESIAN_POINT('',(0.323959673212,37.867396975936));
#2770 = CARTESIAN_POINT('',(0.317656772099,37.695839343603));
#2771 = CARTESIAN_POINT('',(0.314377464818,37.602116343434));
#2772 = CARTESIAN_POINT('',(0.311213282291,37.507142907085));
#2773 = CARTESIAN_POINT('',(0.308164143558,37.410995219177));
#2774 = CARTESIAN_POINT('',(0.305229884439,37.313745512785));
#2775 = CARTESIAN_POINT('',(0.298269795872,37.071138425574));
#2776 = CARTESIAN_POINT('',(0.294376562909,36.92458696257));
#2777 = CARTESIAN_POINT('',(0.290729774761,36.776022469382));
#2778 = CARTESIAN_POINT('',(0.287328510451,36.625646404965));
#2779 = CARTESIAN_POINT('',(0.284171763266,36.473646390403));
#2780 = CARTESIAN_POINT('',(0.274178284773,35.947260041891));
#2781 = CARTESIAN_POINT('',(0.268537176672,35.565809049735));
#2782 = CARTESIAN_POINT('',(0.26431801695,35.178250497982));
#2783 = CARTESIAN_POINT('',(0.261510807286,34.786784323763));
#2784 = CARTESIAN_POINT('',(0.260106726694,34.393427160774));
#2785 = CARTESIAN_POINT('',(0.260106726694,34.));
#2786 = ( GEOMETRIC_REPRESENTATION_CONTEXT(2) 
PARAMETRIC_REPRESENTATION_CONTEXT() REPRESENTATION_CONTEXT('2D SPACE',''
  ) );
#2787 = PCURVE('',#2676,#2788);
#2788 = DEFINITIONAL_REPRESENTATION('',(#2789),#2832);
#2789 = B_SPLINE_CURVE_WITH_KNOTS('',6,(#2790,#2791,#2792,#2793,#2794,
    #2795,#2796,#2797,#2798,#2799,#2800,#2801,#2802,#2803,#2804,#2805,
    #2806,#2807,#2808,#2809,#2810,#2811,#2812,#2813,#2814,#2815,#2816,
    #2817,#2818,#2819,#2820,#2821,#2822,#2823,#2824,#2825,#2826,#2827,
    #2828,#2829,#2830,#2831),.UNSPECIFIED.,.F.,.F.,(7,5,5,5,5,5,5,5,7),(
    0.,6.158520980477E-02,0.126556505037,0.19686898277,0.273575236256,
    0.363859553244,0.46922891713,0.623957832091,1.),.UNSPECIFIED.);
#2790 = CARTESIAN_POINT('',(-0.73904849992,0.));
#2791 = CARTESIAN_POINT('',(-0.733315603888,-8.848019984598E-03));
#2792 = CARTESIAN_POINT('',(-0.72754560996,-1.761687930657E-02));
#2793 = CARTESIAN_POINT('',(-0.721737713895,-2.630497443671E-02));
#2794 = CARTESIAN_POINT('',(-0.715891105109,-3.491079605093E-02));
#2795 = CARTESIAN_POINT('',(-0.710004966681,-4.34329290302E-02));
#2796 = CARTESIAN_POINT('',(-0.69782613295,-6.077106682812E-02));
#2797 = CARTESIAN_POINT('',(-0.691528882162,-6.957746063948E-02));
#2798 = CARTESIAN_POINT('',(-0.685185752786,-7.82876878618E-02));
#2799 = CARTESIAN_POINT('',(-0.678795784929,-8.690029008339E-02));
#2800 = CARTESIAN_POINT('',(-0.672358029003,-9.541389651367E-02));
#2801 = CARTESIAN_POINT('',(-0.658851819401,-0.11293219716));
#2802 = CARTESIAN_POINT('',(-0.651775031516,-0.121919716933));
#2803 = CARTESIAN_POINT('',(-0.644639986919,-0.130788161776));
#2804 = CARTESIAN_POINT('',(-0.637445532916,-0.139535989759));
#2805 = CARTESIAN_POINT('',(-0.630190559274,-0.14816173854));
#2806 = CARTESIAN_POINT('',(-0.614892114978,-0.16593945685));
#2807 = CARTESIAN_POINT('',(-0.606836945419,-0.175067939481));
#2808 = CARTESIAN_POINT('',(-0.598707097119,-0.184047681741));
#2809 = CARTESIAN_POINT('',(-0.590501282938,-0.192876954203));
#2810 = CARTESIAN_POINT('',(-0.582218321021,-0.201554089541));
#2811 = CARTESIAN_POINT('',(-0.564015903422,-0.220109633489));
#2812 = CARTESIAN_POINT('',(-0.554066326955,-0.2299287771));
#2813 = CARTESIAN_POINT('',(-0.544006635595,-0.239532300477));
#2814 = CARTESIAN_POINT('',(-0.533835361126,-0.248917636711));
#2815 = CARTESIAN_POINT('',(-0.5235513369,-0.258082264871));
#2816 = CARTESIAN_POINT('',(-0.501018781735,-0.277459125789));
#2817 = CARTESIAN_POINT('',(-0.488729161006,-0.287590526183));
#2818 = CARTESIAN_POINT('',(-0.476283439761,-0.29741397164));
#2819 = CARTESIAN_POINT('',(-0.463680986134,-0.306925542349));
#2820 = CARTESIAN_POINT('',(-0.450921932297,-0.316121338245));
#2821 = CARTESIAN_POINT('',(-0.419042587463,-0.33803158662));
#2822 = CARTESIAN_POINT('',(-0.399742447429,-0.350376317052));
#2823 = CARTESIAN_POINT('',(-0.380109461184,-0.362019576622));
#2824 = CARTESIAN_POINT('',(-0.360150877148,-0.372949040423));
#2825 = CARTESIAN_POINT('',(-0.339878421023,-0.383152669499));
#2826 = CARTESIAN_POINT('',(-0.269315903448,-0.415626079671));
#2827 = CARTESIAN_POINT('',(-0.217572165301,-0.434276051219));
#2828 = CARTESIAN_POINT('',(-0.16429705723,-0.448415620931));
#2829 = CARTESIAN_POINT('',(-0.109900181961,-0.457889431074));
#2830 = CARTESIAN_POINT('',(-5.495511630375E-02,-0.462627521119));
#2831 = CARTESIAN_POINT('',(0.,-0.462627521119));
#2832 = ( GEOMETRIC_REPRESENTATION_CONTEXT(2) 
PARAMETRIC_REPRESENTATION_CONTEXT() REPRESENTATION_CONTEXT('2D SPACE',''
  ) );
#2833 = ORIENTED_EDGE('',*,*,#2834,.T.);
#2834 = EDGE_CURVE('',#2695,#2835,#2837,.T.);
#2835 = VERTEX_POINT('',#2836);
#2836 = CARTESIAN_POINT('',(-61.8729833462,5.,126.75930834849));
#2837 = SURFACE_CURVE('',#2838,(#2846,#2857),.PCURVE_S1.);
#2838 = B_SPLINE_CURVE_WITH_KNOTS('',6,(#2839,#2840,#2841,#2842,#2843,
    #2844,#2845),.UNSPECIFIED.,.F.,.F.,(7,7),(0.,1.),
  .PIECEWISE_BEZIER_KNOTS.);
#2839 = CARTESIAN_POINT('',(-63.91287873664,3.388679341525,122.9999994)
  );
#2840 = CARTESIAN_POINT('',(-63.6382855868,3.689984335566,
    123.62917139215));
#2841 = CARTESIAN_POINT('',(-63.33948806963,3.980840371163,
    124.2572517701));
#2842 = CARTESIAN_POINT('',(-63.01509195773,4.259856392443,
    124.8847515239));
#2843 = CARTESIAN_POINT('',(-62.66353690814,4.524909685078,
    125.51156630108));
#2844 = CARTESIAN_POINT('',(-62.28326409214,4.772998583548,
    126.13690920665));
#2845 = CARTESIAN_POINT('',(-61.87298226177,5.0000006,126.75930999359));
#2846 = PCURVE('',#71,#2847);
#2847 = DEFINITIONAL_REPRESENTATION('',(#2848),#2856);
#2848 = B_SPLINE_CURVE_WITH_KNOTS('',6,(#2849,#2850,#2851,#2852,#2853,
    #2854,#2855),.UNSPECIFIED.,.F.,.F.,(7,7),(0.,1.),
  .PIECEWISE_BEZIER_KNOTS.);
#2849 = CARTESIAN_POINT('',(0.411516819881,39.388679341525));
#2850 = CARTESIAN_POINT('',(0.438976136512,39.689984335566));
#2851 = CARTESIAN_POINT('',(0.466782700622,39.980840371163));
#2852 = CARTESIAN_POINT('',(0.495014842104,40.259856392443));
#2853 = CARTESIAN_POINT('',(0.523735616185,40.524909685078));
#2854 = CARTESIAN_POINT('',(0.552991714402,40.772998583548));
#2855 = CARTESIAN_POINT('',(0.582810203161,41.0000006));
#2856 = ( GEOMETRIC_REPRESENTATION_CONTEXT(2) 
PARAMETRIC_REPRESENTATION_CONTEXT() REPRESENTATION_CONTEXT('2D SPACE',''
  ) );
#2857 = PCURVE('',#2624,#2858);
#2858 = DEFINITIONAL_REPRESENTATION('',(#2859),#2867);
#2859 = B_SPLINE_CURVE_WITH_KNOTS('',6,(#2860,#2861,#2862,#2863,#2864,
    #2865,#2866),.UNSPECIFIED.,.F.,.F.,(7,7),(0.,1.),
  .PIECEWISE_BEZIER_KNOTS.);
#2860 = CARTESIAN_POINT('',(-0.739048451325,7.9999994));
#2861 = CARTESIAN_POINT('',(-0.790005862675,8.629171392158));
#2862 = CARTESIAN_POINT('',(-0.842035913024,9.2572517701));
#2863 = CARTESIAN_POINT('',(-0.895365366932,9.884751523907));
#2864 = CARTESIAN_POINT('',(-0.950218717842,10.511566301084));
#2865 = CARTESIAN_POINT('',(-1.0068242864,11.136909206654));
#2866 = CARTESIAN_POINT('',(-1.06543597143,11.759309993592));
#2867 = ( GEOMETRIC_REPRESENTATION_CONTEXT(2) 
PARAMETRIC_REPRESENTATION_CONTEXT() REPRESENTATION_CONTEXT('2D SPACE',''
  ) );
#2868 = ORIENTED_EDGE('',*,*,#2869,.F.);
#2869 = EDGE_CURVE('',#1188,#2835,#2870,.T.);
#2870 = SURFACE_CURVE('',#2871,(#2876,#2883),.PCURVE_S1.);
#2871 = CIRCLE('',#2872,25.);
#2872 = AXIS2_PLACEMENT_3D('',#2873,#2874,#2875);
#2873 = CARTESIAN_POINT('',(-41.,5.,113.));
#2874 = DIRECTION('',(-0.,1.,0.));
#2875 = DIRECTION('',(-1.,-0.,0.));
#2876 = PCURVE('',#71,#2877);
#2877 = DEFINITIONAL_REPRESENTATION('',(#2878),#2882);
#2878 = LINE('',#2879,#2880);
#2879 = CARTESIAN_POINT('',(0.,41.));
#2880 = VECTOR('',#2881,1.);
#2881 = DIRECTION('',(1.,0.));
#2882 = ( GEOMETRIC_REPRESENTATION_CONTEXT(2) 
PARAMETRIC_REPRESENTATION_CONTEXT() REPRESENTATION_CONTEXT('2D SPACE',''
  ) );
#2883 = PCURVE('',#2884,#2889);
#2884 = SPHERICAL_SURFACE('',#2885,25.);
#2885 = AXIS2_PLACEMENT_3D('',#2886,#2887,#2888);
#2886 = CARTESIAN_POINT('',(-41.,5.,113.));
#2887 = DIRECTION('',(0.,-1.,-0.));
#2888 = DIRECTION('',(-1.,-0.,0.));
#2889 = DEFINITIONAL_REPRESENTATION('',(#2890),#2894);
#2890 = LINE('',#2891,#2892);
#2891 = CARTESIAN_POINT('',(-0.,0.));
#2892 = VECTOR('',#2893,1.);
#2893 = DIRECTION('',(-1.,0.));
#2894 = ( GEOMETRIC_REPRESENTATION_CONTEXT(2) 
PARAMETRIC_REPRESENTATION_CONTEXT() REPRESENTATION_CONTEXT('2D SPACE',''
  ) );
#2895 = ADVANCED_FACE('',(#2896),#653,.F.);
#2896 = FACE_BOUND('',#2897,.F.);
#2897 = EDGE_LOOP('',(#2898,#2921,#2948,#2949));
#2898 = ORIENTED_EDGE('',*,*,#2899,.T.);
#2899 = EDGE_CURVE('',#637,#2900,#2902,.T.);
#2900 = VERTEX_POINT('',#2901);
#2901 = CARTESIAN_POINT('',(-60.3,6.,86.));
#2902 = SEAM_CURVE('',#2903,(#2907,#2914),.PCURVE_S1.);
#2903 = LINE('',#2904,#2905);
#2904 = CARTESIAN_POINT('',(-60.3,-12.,86.));
#2905 = VECTOR('',#2906,1.);
#2906 = DIRECTION('',(0.,1.,0.));
#2907 = PCURVE('',#653,#2908);
#2908 = DEFINITIONAL_REPRESENTATION('',(#2909),#2913);
#2909 = LINE('',#2910,#2911);
#2910 = CARTESIAN_POINT('',(6.28318530718,-0.));
#2911 = VECTOR('',#2912,1.);
#2912 = DIRECTION('',(0.,1.));
#2913 = ( GEOMETRIC_REPRESENTATION_CONTEXT(2) 
PARAMETRIC_REPRESENTATION_CONTEXT() REPRESENTATION_CONTEXT('2D SPACE',''
  ) );
#2914 = PCURVE('',#653,#2915);
#2915 = DEFINITIONAL_REPRESENTATION('',(#2916),#2920);
#2916 = LINE('',#2917,#2918);
#2917 = CARTESIAN_POINT('',(0.,-0.));
#2918 = VECTOR('',#2919,1.);
#2919 = DIRECTION('',(0.,1.));
#2920 = ( GEOMETRIC_REPRESENTATION_CONTEXT(2) 
PARAMETRIC_REPRESENTATION_CONTEXT() REPRESENTATION_CONTEXT('2D SPACE',''
  ) );
#2921 = ORIENTED_EDGE('',*,*,#2922,.F.);
#2922 = EDGE_CURVE('',#2900,#2900,#2923,.T.);
#2923 = SURFACE_CURVE('',#2924,(#2929,#2936),.PCURVE_S1.);
#2924 = CIRCLE('',#2925,1.7);
#2925 = AXIS2_PLACEMENT_3D('',#2926,#2927,#2928);
#2926 = CARTESIAN_POINT('',(-62.,6.,86.));
#2927 = DIRECTION('',(-0.,1.,0.));
#2928 = DIRECTION('',(1.,0.,0.));
#2929 = PCURVE('',#653,#2930);
#2930 = DEFINITIONAL_REPRESENTATION('',(#2931),#2935);
#2931 = LINE('',#2932,#2933);
#2932 = CARTESIAN_POINT('',(0.,18.));
#2933 = VECTOR('',#2934,1.);
#2934 = DIRECTION('',(1.,0.));
#2935 = ( GEOMETRIC_REPRESENTATION_CONTEXT(2) 
PARAMETRIC_REPRESENTATION_CONTEXT() REPRESENTATION_CONTEXT('2D SPACE',''
  ) );
#2936 = PCURVE('',#2937,#2942);
#2937 = PLANE('',#2938);
#2938 = AXIS2_PLACEMENT_3D('',#2939,#2940,#2941);
#2939 = CARTESIAN_POINT('',(-62.,6.,86.));
#2940 = DIRECTION('',(0.,1.,0.));
#2941 = DIRECTION('',(1.,0.,0.));
#2942 = DEFINITIONAL_REPRESENTATION('',(#2943),#2947);
#2943 = CIRCLE('',#2944,1.7);
#2944 = AXIS2_PLACEMENT_2D('',#2945,#2946);
#2945 = CARTESIAN_POINT('',(0.,0.));
#2946 = DIRECTION('',(1.,0.));
#2947 = ( GEOMETRIC_REPRESENTATION_CONTEXT(2) 
PARAMETRIC_REPRESENTATION_CONTEXT() REPRESENTATION_CONTEXT('2D SPACE',''
  ) );
#2948 = ORIENTED_EDGE('',*,*,#2899,.F.);
#2949 = ORIENTED_EDGE('',*,*,#636,.T.);
#2950 = ADVANCED_FACE('',(#2951),#684,.F.);
#2951 = FACE_BOUND('',#2952,.F.);
#2952 = EDGE_LOOP('',(#2953,#2984,#3005,#3034,#3104,#3125,#3126,#3127,
    #3183));
#2953 = ORIENTED_EDGE('',*,*,#2954,.F.);
#2954 = EDGE_CURVE('',#2955,#2957,#2959,.T.);
#2955 = VERTEX_POINT('',#2956);
#2956 = CARTESIAN_POINT('',(-57.,6.,117.62522729151));
#2957 = VERTEX_POINT('',#2958);
#2958 = CARTESIAN_POINT('',(-57.,6.,120.37477270848));
#2959 = SURFACE_CURVE('',#2960,(#2965,#2972),.PCURVE_S1.);
#2960 = CIRCLE('',#2961,1.7);
#2961 = AXIS2_PLACEMENT_3D('',#2962,#2963,#2964);
#2962 = CARTESIAN_POINT('',(-58.,6.,119.));
#2963 = DIRECTION('',(-0.,1.,0.));
#2964 = DIRECTION('',(1.,0.,0.));
#2965 = PCURVE('',#684,#2966);
#2966 = DEFINITIONAL_REPRESENTATION('',(#2967),#2971);
#2967 = LINE('',#2968,#2969);
#2968 = CARTESIAN_POINT('',(0.,18.));
#2969 = VECTOR('',#2970,1.);
#2970 = DIRECTION('',(1.,0.));
#2971 = ( GEOMETRIC_REPRESENTATION_CONTEXT(2) 
PARAMETRIC_REPRESENTATION_CONTEXT() REPRESENTATION_CONTEXT('2D SPACE',''
  ) );
#2972 = PCURVE('',#2973,#2978);
#2973 = PLANE('',#2974);
#2974 = AXIS2_PLACEMENT_3D('',#2975,#2976,#2977);
#2975 = CARTESIAN_POINT('',(-58.,6.,119.));
#2976 = DIRECTION('',(0.,1.,0.));
#2977 = DIRECTION('',(1.,0.,0.));
#2978 = DEFINITIONAL_REPRESENTATION('',(#2979),#2983);
#2979 = CIRCLE('',#2980,1.7);
#2980 = AXIS2_PLACEMENT_2D('',#2981,#2982);
#2981 = CARTESIAN_POINT('',(0.,0.));
#2982 = DIRECTION('',(1.,0.));
#2983 = ( GEOMETRIC_REPRESENTATION_CONTEXT(2) 
PARAMETRIC_REPRESENTATION_CONTEXT() REPRESENTATION_CONTEXT('2D SPACE',''
  ) );
#2984 = ORIENTED_EDGE('',*,*,#2985,.F.);
#2985 = EDGE_CURVE('',#2986,#2955,#2988,.T.);
#2986 = VERTEX_POINT('',#2987);
#2987 = CARTESIAN_POINT('',(-57.,4.,117.62522729151));
#2988 = SURFACE_CURVE('',#2989,(#2993,#2999),.PCURVE_S1.);
#2989 = LINE('',#2990,#2991);
#2990 = CARTESIAN_POINT('',(-57.,-12.,117.62522729151));
#2991 = VECTOR('',#2992,1.);
#2992 = DIRECTION('',(0.,1.,0.));
#2993 = PCURVE('',#684,#2994);
#2994 = DEFINITIONAL_REPRESENTATION('',(#2995),#2998);
#2995 = B_SPLINE_CURVE_WITH_KNOTS('',1,(#2996,#2997),.UNSPECIFIED.,.F.,
  .F.,(2,2),(-5.999999999062E-07,18.0000006),.PIECEWISE_BEZIER_KNOTS.);
#2996 = CARTESIAN_POINT('',(0.9419214013,-5.999999999062E-07));
#2997 = CARTESIAN_POINT('',(0.9419214013,18.0000006));
#2998 = ( GEOMETRIC_REPRESENTATION_CONTEXT(2) 
PARAMETRIC_REPRESENTATION_CONTEXT() REPRESENTATION_CONTEXT('2D SPACE',''
  ) );
#2999 = PCURVE('',#744,#3000);
#3000 = DEFINITIONAL_REPRESENTATION('',(#3001),#3004);
#3001 = B_SPLINE_CURVE_WITH_KNOTS('',1,(#3002,#3003),.UNSPECIFIED.,.F.,
  .F.,(2,2),(-5.999999999062E-07,18.0000006),.PIECEWISE_BEZIER_KNOTS.);
#3002 = CARTESIAN_POINT('',(50.625227291513,-12.9999994));
#3003 = CARTESIAN_POINT('',(50.625227291513,-31.0000006));
#3004 = ( GEOMETRIC_REPRESENTATION_CONTEXT(2) 
PARAMETRIC_REPRESENTATION_CONTEXT() REPRESENTATION_CONTEXT('2D SPACE',''
  ) );
#3005 = ORIENTED_EDGE('',*,*,#3006,.F.);
#3006 = EDGE_CURVE('',#3007,#2986,#3009,.T.);
#3007 = VERTEX_POINT('',#3008);
#3008 = CARTESIAN_POINT('',(-56.89454942352,4.,117.70849737787));
#3009 = SURFACE_CURVE('',#3010,(#3015,#3022),.PCURVE_S1.);
#3010 = CIRCLE('',#3011,1.7);
#3011 = AXIS2_PLACEMENT_3D('',#3012,#3013,#3014);
#3012 = CARTESIAN_POINT('',(-58.,4.,119.));
#3013 = DIRECTION('',(-0.,1.,0.));
#3014 = DIRECTION('',(1.,0.,0.));
#3015 = PCURVE('',#684,#3016);
#3016 = DEFINITIONAL_REPRESENTATION('',(#3017),#3021);
#3017 = LINE('',#3018,#3019);
#3018 = CARTESIAN_POINT('',(0.,16.));
#3019 = VECTOR('',#3020,1.);
#3020 = DIRECTION('',(1.,0.));
#3021 = ( GEOMETRIC_REPRESENTATION_CONTEXT(2) 
PARAMETRIC_REPRESENTATION_CONTEXT() REPRESENTATION_CONTEXT('2D SPACE',''
  ) );
#3022 = PCURVE('',#3023,#3028);
#3023 = PLANE('',#3024);
#3024 = AXIS2_PLACEMENT_3D('',#3025,#3026,#3027);
#3025 = CARTESIAN_POINT('',(-58.,4.,119.));
#3026 = DIRECTION('',(0.,1.,0.));
#3027 = DIRECTION('',(1.,0.,0.));
#3028 = DEFINITIONAL_REPRESENTATION('',(#3029),#3033);
#3029 = CIRCLE('',#3030,1.7);
#3030 = AXIS2_PLACEMENT_2D('',#3031,#3032);
#3031 = CARTESIAN_POINT('',(0.,0.));
#3032 = DIRECTION('',(1.,0.));
#3033 = ( GEOMETRIC_REPRESENTATION_CONTEXT(2) 
PARAMETRIC_REPRESENTATION_CONTEXT() REPRESENTATION_CONTEXT('2D SPACE',''
  ) );
#3034 = ORIENTED_EDGE('',*,*,#3035,.F.);
#3035 = EDGE_CURVE('',#3036,#3007,#3038,.T.);
#3036 = VERTEX_POINT('',#3037);
#3037 = CARTESIAN_POINT('',(-56.3,4.928203230276,119.));
#3038 = SURFACE_CURVE('',#3039,(#3057,#3078),.PCURVE_S1.);
#3039 = B_SPLINE_CURVE_WITH_KNOTS('',6,(#3040,#3041,#3042,#3043,#3044,
    #3045,#3046,#3047,#3048,#3049,#3050,#3051,#3052,#3053,#3054,#3055,
    #3056),.UNSPECIFIED.,.F.,.F.,(7,5,5,7),(0.,0.252065973782,
    0.740377969517,1.),.UNSPECIFIED.);
#3040 = CARTESIAN_POINT('',(-56.3,4.928203230276,119.));
#3041 = CARTESIAN_POINT('',(-56.3,4.886016249906,118.92693000658));
#3042 = CARTESIAN_POINT('',(-56.30376890468,4.843031113227,
    118.8546132252));
#3043 = CARTESIAN_POINT('',(-56.31116083529,4.799394813847,
    118.78328036614));
#3044 = CARTESIAN_POINT('',(-56.32201630097,4.755269437231,
    118.71314398371));
#3045 = CARTESIAN_POINT('',(-56.33616166749,4.710830347252,
    118.64439966054));
#3046 = CARTESIAN_POINT('',(-56.3868201042,4.579929435772,
    118.44709807613));
#3047 = CARTESIAN_POINT('',(-56.43186219029,4.493141817099,
    118.32290360981));
#3048 = CARTESIAN_POINT('',(-56.48732471661,4.40681503426,
    118.20527388546));
#3049 = CARTESIAN_POINT('',(-56.55222669796,4.321888053214,
    118.09465010531));
#3050 = CARTESIAN_POINT('',(-56.62577106323,4.23934110784,
    117.99140798086));
#3051 = CARTESIAN_POINT('',(-56.75066178873,4.118183808548,
    117.8451797291));
#3052 = CARTESIAN_POINT('',(-56.79629388935,4.077082017022,
    117.79659432413));
#3053 = CARTESIAN_POINT('',(-56.84411823456,4.037091161697,
    117.75023881157));
#3054 = CARTESIAN_POINT('',(-56.8940561689,3.998379380658,
    117.70617660675));
#3055 = CARTESIAN_POINT('',(-56.94603765145,3.961126150192,
    117.66447908833));
#3056 = CARTESIAN_POINT('',(-57.0000006,3.925522225139,117.62522685507)
  );
#3057 = PCURVE('',#684,#3058);
#3058 = DEFINITIONAL_REPRESENTATION('',(#3059),#3077);
#3059 = B_SPLINE_CURVE_WITH_KNOTS('',6,(#3060,#3061,#3062,#3063,#3064,
    #3065,#3066,#3067,#3068,#3069,#3070,#3071,#3072,#3073,#3074,#3075,
    #3076),.UNSPECIFIED.,.F.,.F.,(7,5,5,7),(0.,0.252065973782,
    0.740377969517,1.),.UNSPECIFIED.);
#3060 = CARTESIAN_POINT('',(0.,16.928203230276));
#3061 = CARTESIAN_POINT('',(4.298234906928E-02,16.886016249906));
#3062 = CARTESIAN_POINT('',(8.552165418059E-02,16.843031113227));
#3063 = CARTESIAN_POINT('',(0.127625036294,16.799394813847));
#3064 = CARTESIAN_POINT('',(0.169295859593,16.755269437231));
#3065 = CARTESIAN_POINT('',(0.210532549766,16.710830347252));
#3066 = CARTESIAN_POINT('',(0.330356804611,16.579929435772));
#3067 = CARTESIAN_POINT('',(0.407706420438,16.493141817099));
#3068 = CARTESIAN_POINT('',(0.483727996186,16.40681503426));
#3069 = CARTESIAN_POINT('',(0.558728796989,16.321888053214));
#3070 = CARTESIAN_POINT('',(0.633004868978,16.23934110784));
#3071 = CARTESIAN_POINT('',(0.746124205985,16.118183808548));
#3072 = CARTESIAN_POINT('',(0.78528909018,16.077082017022));
#3073 = CARTESIAN_POINT('',(0.824403031279,16.037091161697));
#3074 = CARTESIAN_POINT('',(0.863513787304,15.998379380658));
#3075 = CARTESIAN_POINT('',(0.902669580925,15.961126150192));
#3076 = CARTESIAN_POINT('',(0.941921837736,15.925522225139));
#3077 = ( GEOMETRIC_REPRESENTATION_CONTEXT(2) 
PARAMETRIC_REPRESENTATION_CONTEXT() REPRESENTATION_CONTEXT('2D SPACE',''
  ) );
#3078 = PCURVE('',#3079,#3084);
#3079 = CYLINDRICAL_SURFACE('',#3080,8.);
#3080 = AXIS2_PLACEMENT_3D('',#3081,#3082,#3083);
#3081 = CARTESIAN_POINT('',(-66.,-2.,123.));
#3082 = DIRECTION('',(1.,0.,-0.));
#3083 = DIRECTION('',(0.,1.,0.));
#3084 = DEFINITIONAL_REPRESENTATION('',(#3085),#3103);
#3085 = B_SPLINE_CURVE_WITH_KNOTS('',6,(#3086,#3087,#3088,#3089,#3090,
    #3091,#3092,#3093,#3094,#3095,#3096,#3097,#3098,#3099,#3100,#3101,
    #3102),.UNSPECIFIED.,.F.,.F.,(7,5,5,7),(0.,0.252065973782,
    0.740377969517,1.),.UNSPECIFIED.);
#3086 = CARTESIAN_POINT('',(-0.523598775598,9.7));
#3087 = CARTESIAN_POINT('',(-0.534145520691,9.7));
#3088 = CARTESIAN_POINT('',(-0.544660611802,9.696231095319));
#3089 = CARTESIAN_POINT('',(-0.555112003827,9.688839164706));
#3090 = CARTESIAN_POINT('',(-0.565468594977,9.677983699029));
#3091 = CARTESIAN_POINT('',(-0.575700030993,9.663838332506));
#3092 = CARTESIAN_POINT('',(-0.60529705466,9.613179895797));
#3093 = CARTESIAN_POINT('',(-0.624230725523,9.568137809701));
#3094 = CARTESIAN_POINT('',(-0.642462165625,9.512675283384));
#3095 = CARTESIAN_POINT('',(-0.659889839152,9.447773302033));
#3096 = CARTESIAN_POINT('',(-0.676410476417,9.374228936762));
#3097 = CARTESIAN_POINT('',(-0.700147904927,9.249338211261));
#3098 = CARTESIAN_POINT('',(-0.708102339072,9.203706110641));
#3099 = CARTESIAN_POINT('',(-0.71575454869,9.15588176544));
#3100 = CARTESIAN_POINT('',(-0.723085673702,9.105943831099));
#3101 = CARTESIAN_POINT('',(-0.730074849785,9.053962348541));
#3102 = CARTESIAN_POINT('',(-0.736699115422,8.9999994));
#3103 = ( GEOMETRIC_REPRESENTATION_CONTEXT(2) 
PARAMETRIC_REPRESENTATION_CONTEXT() REPRESENTATION_CONTEXT('2D SPACE',''
  ) );
#3104 = ORIENTED_EDGE('',*,*,#3105,.F.);
#3105 = EDGE_CURVE('',#668,#3036,#3106,.T.);
#3106 = SEAM_CURVE('',#3107,(#3111,#3118),.PCURVE_S1.);
#3107 = LINE('',#3108,#3109);
#3108 = CARTESIAN_POINT('',(-56.3,-12.,119.));
#3109 = VECTOR('',#3110,1.);
#3110 = DIRECTION('',(0.,1.,0.));
#3111 = PCURVE('',#684,#3112);
#3112 = DEFINITIONAL_REPRESENTATION('',(#3113),#3117);
#3113 = LINE('',#3114,#3115);
#3114 = CARTESIAN_POINT('',(6.28318530718,-0.));
#3115 = VECTOR('',#3116,1.);
#3116 = DIRECTION('',(0.,1.));
#3117 = ( GEOMETRIC_REPRESENTATION_CONTEXT(2) 
PARAMETRIC_REPRESENTATION_CONTEXT() REPRESENTATION_CONTEXT('2D SPACE',''
  ) );
#3118 = PCURVE('',#684,#3119);
#3119 = DEFINITIONAL_REPRESENTATION('',(#3120),#3124);
#3120 = LINE('',#3121,#3122);
#3121 = CARTESIAN_POINT('',(0.,-0.));
#3122 = VECTOR('',#3123,1.);
#3123 = DIRECTION('',(0.,1.));
#3124 = ( GEOMETRIC_REPRESENTATION_CONTEXT(2) 
PARAMETRIC_REPRESENTATION_CONTEXT() REPRESENTATION_CONTEXT('2D SPACE',''
  ) );
#3125 = ORIENTED_EDGE('',*,*,#667,.T.);
#3126 = ORIENTED_EDGE('',*,*,#3105,.T.);
#3127 = ORIENTED_EDGE('',*,*,#3128,.F.);
#3128 = EDGE_CURVE('',#3129,#3036,#3131,.T.);
#3129 = VERTEX_POINT('',#3130);
#3130 = CARTESIAN_POINT('',(-57.,5.556995545049,120.37477270848));
#3131 = SURFACE_CURVE('',#3132,(#3147,#3165),.PCURVE_S1.);
#3132 = B_SPLINE_CURVE_WITH_KNOTS('',5,(#3133,#3134,#3135,#3136,#3137,
    #3138,#3139,#3140,#3141,#3142,#3143,#3144,#3145,#3146),
  .UNSPECIFIED.,.F.,.F.,(6,4,4,6),(0.,0.3876020502,0.650058925674,1.),
  .UNSPECIFIED.);
#3133 = CARTESIAN_POINT('',(-57.0000006,5.556995696663,120.37477314492)
  );
#3134 = CARTESIAN_POINT('',(-56.90339780553,5.532585231664,
    120.30450501605));
#3135 = CARTESIAN_POINT('',(-56.81146297686,5.503931396929,
    120.22465736507));
#3136 = CARTESIAN_POINT('',(-56.72585040634,5.47066003908,
    120.13562780561));
#3137 = CARTESIAN_POINT('',(-56.6479987122,5.432397964826,
    120.03818521269));
#3138 = CARTESIAN_POINT('',(-56.53249272996,5.359417387144,
    119.86234416006));
#3139 = CARTESIAN_POINT('',(-56.49002062014,5.327572019946,
    119.78802346304));
#3140 = CARTESIAN_POINT('',(-56.45219801005,5.293353833426,
    119.71089377484));
#3141 = CARTESIAN_POINT('',(-56.41935257154,5.256833812479,
    119.63155791869));
#3142 = CARTESIAN_POINT('',(-56.35472479845,5.16663021564,
    119.44279564022));
#3143 = CARTESIAN_POINT('',(-56.32700137576,5.111359902749,
    119.33231379428));
#3144 = CARTESIAN_POINT('',(-56.30880488239,5.05273528298,
    119.22068416277));
#3145 = CARTESIAN_POINT('',(-56.3,4.991380044574,119.10942545222));
#3146 = CARTESIAN_POINT('',(-56.3,4.928203230276,119.));
#3147 = PCURVE('',#684,#3148);
#3148 = DEFINITIONAL_REPRESENTATION('',(#3149),#3164);
#3149 = B_SPLINE_CURVE_WITH_KNOTS('',5,(#3150,#3151,#3152,#3153,#3154,
    #3155,#3156,#3157,#3158,#3159,#3160,#3161,#3162,#3163),
  .UNSPECIFIED.,.F.,.F.,(6,4,4,6),(0.,0.3876020502,0.650058925674,1.),
  .UNSPECIFIED.);
#3150 = CARTESIAN_POINT('',(5.341263469444,17.556995696663));
#3151 = CARTESIAN_POINT('',(5.411531640469,17.532585231664));
#3152 = CARTESIAN_POINT('',(5.482893669713,17.503931396929));
#3153 = CARTESIAN_POINT('',(5.555149826463,17.47066003908));
#3154 = CARTESIAN_POINT('',(5.62820049787,17.432397964826));
#3155 = CARTESIAN_POINT('',(5.751956183805,17.359417387144));
#3156 = CARTESIAN_POINT('',(5.802212586718,17.327572019946));
#3157 = CARTESIAN_POINT('',(5.852608529975,17.293353833426));
#3158 = CARTESIAN_POINT('',(5.903018980893,17.256833812479));
#3159 = CARTESIAN_POINT('',(6.020383268751,17.16663021564));
#3160 = CARTESIAN_POINT('',(6.087151114528,17.111359902749));
#3161 = CARTESIAN_POINT('',(6.153371036105,17.05273528298));
#3162 = CARTESIAN_POINT('',(6.218817394106,16.991380044574));
#3163 = CARTESIAN_POINT('',(6.28318530718,16.928203230276));
#3164 = ( GEOMETRIC_REPRESENTATION_CONTEXT(2) 
PARAMETRIC_REPRESENTATION_CONTEXT() REPRESENTATION_CONTEXT('2D SPACE',''
  ) );
#3165 = PCURVE('',#3079,#3166);
#3166 = DEFINITIONAL_REPRESENTATION('',(#3167),#3182);
#3167 = B_SPLINE_CURVE_WITH_KNOTS('',5,(#3168,#3169,#3170,#3171,#3172,
    #3173,#3174,#3175,#3176,#3177,#3178,#3179,#3180,#3181),
  .UNSPECIFIED.,.F.,.F.,(6,4,4,6),(0.,0.3876020502,0.650058925674,1.),
  .UNSPECIFIED.);
#3168 = CARTESIAN_POINT('',(-0.334348013095,8.9999994));
#3169 = CARTESIAN_POINT('',(-0.343646434278,9.096602194468));
#3170 = CARTESIAN_POINT('',(-0.354250056703,9.188537023135));
#3171 = CARTESIAN_POINT('',(-0.366128890605,9.274149593654));
#3172 = CARTESIAN_POINT('',(-0.379212140402,9.352001287798));
#3173 = CARTESIAN_POINT('',(-0.403010197213,9.467507270038));
#3174 = CARTESIAN_POINT('',(-0.413116543503,9.509979379857));
#3175 = CARTESIAN_POINT('',(-0.423662712354,9.547801989942));
#3176 = CARTESIAN_POINT('',(-0.434578802583,9.580647428459));
#3177 = CARTESIAN_POINT('',(-0.460729772526,9.645275201549));
#3178 = CARTESIAN_POINT('',(-0.476169212644,9.672998624232));
#3179 = CARTESIAN_POINT('',(-0.491925773663,9.69119511761));
#3180 = CARTESIAN_POINT('',(-0.507804572024,9.7));
#3181 = CARTESIAN_POINT('',(-0.523598775598,9.7));
#3182 = ( GEOMETRIC_REPRESENTATION_CONTEXT(2) 
PARAMETRIC_REPRESENTATION_CONTEXT() REPRESENTATION_CONTEXT('2D SPACE',''
  ) );
#3183 = ORIENTED_EDGE('',*,*,#3184,.T.);
#3184 = EDGE_CURVE('',#3129,#2957,#3185,.T.);
#3185 = SURFACE_CURVE('',#3186,(#3190,#3196),.PCURVE_S1.);
#3186 = LINE('',#3187,#3188);
#3187 = CARTESIAN_POINT('',(-57.,-12.,120.37477270848));
#3188 = VECTOR('',#3189,1.);
#3189 = DIRECTION('',(0.,1.,0.));
#3190 = PCURVE('',#684,#3191);
#3191 = DEFINITIONAL_REPRESENTATION('',(#3192),#3195);
#3192 = B_SPLINE_CURVE_WITH_KNOTS('',1,(#3193,#3194),.UNSPECIFIED.,.F.,
  .F.,(2,2),(-5.999999999062E-07,18.0000006),.PIECEWISE_BEZIER_KNOTS.);
#3193 = CARTESIAN_POINT('',(5.34126390588,-5.999999999062E-07));
#3194 = CARTESIAN_POINT('',(5.34126390588,18.0000006));
#3195 = ( GEOMETRIC_REPRESENTATION_CONTEXT(2) 
PARAMETRIC_REPRESENTATION_CONTEXT() REPRESENTATION_CONTEXT('2D SPACE',''
  ) );
#3196 = PCURVE('',#744,#3197);
#3197 = DEFINITIONAL_REPRESENTATION('',(#3198),#3201);
#3198 = B_SPLINE_CURVE_WITH_KNOTS('',1,(#3199,#3200),.UNSPECIFIED.,.F.,
  .F.,(2,2),(-5.999999999062E-07,18.0000006),.PIECEWISE_BEZIER_KNOTS.);
#3199 = CARTESIAN_POINT('',(53.374772708487,-12.9999994));
#3200 = CARTESIAN_POINT('',(53.374772708487,-31.0000006));
#3201 = ( GEOMETRIC_REPRESENTATION_CONTEXT(2) 
PARAMETRIC_REPRESENTATION_CONTEXT() REPRESENTATION_CONTEXT('2D SPACE',''
  ) );
#3202 = ADVANCED_FACE('',(#3203),#717,.T.);
#3203 = FACE_BOUND('',#3204,.T.);
#3204 = EDGE_LOOP('',(#3205,#3231,#3305,#3324,#3325));
#3205 = ORIENTED_EDGE('',*,*,#3206,.F.);
#3206 = EDGE_CURVE('',#3207,#3209,#3211,.T.);
#3207 = VERTEX_POINT('',#3208);
#3208 = CARTESIAN_POINT('',(-52.14064671,4.,117.70849737787));
#3209 = VERTEX_POINT('',#3210);
#3210 = CARTESIAN_POINT('',(-57.,4.,113.0839202169));
#3211 = SURFACE_CURVE('',#3212,(#3217,#3224),.PCURVE_S1.);
#3212 = CIRCLE('',#3213,6.);
#3213 = AXIS2_PLACEMENT_3D('',#3214,#3215,#3216);
#3214 = CARTESIAN_POINT('',(-58.,4.,119.));
#3215 = DIRECTION('',(-0.,1.,0.));
#3216 = DIRECTION('',(1.,0.,0.));
#3217 = PCURVE('',#717,#3218);
#3218 = DEFINITIONAL_REPRESENTATION('',(#3219),#3223);
#3219 = LINE('',#3220,#3221);
#3220 = CARTESIAN_POINT('',(0.,14.));
#3221 = VECTOR('',#3222,1.);
#3222 = DIRECTION('',(1.,0.));
#3223 = ( GEOMETRIC_REPRESENTATION_CONTEXT(2) 
PARAMETRIC_REPRESENTATION_CONTEXT() REPRESENTATION_CONTEXT('2D SPACE',''
  ) );
#3224 = PCURVE('',#3023,#3225);
#3225 = DEFINITIONAL_REPRESENTATION('',(#3226),#3230);
#3226 = CIRCLE('',#3227,6.);
#3227 = AXIS2_PLACEMENT_2D('',#3228,#3229);
#3228 = CARTESIAN_POINT('',(0.,0.));
#3229 = DIRECTION('',(1.,0.));
#3230 = ( GEOMETRIC_REPRESENTATION_CONTEXT(2) 
PARAMETRIC_REPRESENTATION_CONTEXT() REPRESENTATION_CONTEXT('2D SPACE',''
  ) );
#3231 = ORIENTED_EDGE('',*,*,#3232,.T.);
#3232 = EDGE_CURVE('',#3207,#3233,#3235,.T.);
#3233 = VERTEX_POINT('',#3234);
#3234 = CARTESIAN_POINT('',(-53.527864045,-2.,115.));
#3235 = SURFACE_CURVE('',#3236,(#3257,#3281),.PCURVE_S1.);
#3236 = B_SPLINE_CURVE_WITH_KNOTS('',7,(#3237,#3238,#3239,#3240,#3241,
    #3242,#3243,#3244,#3245,#3246,#3247,#3248,#3249,#3250,#3251,#3252,
    #3253,#3254,#3255,#3256),.UNSPECIFIED.,.F.,.F.,(8,6,6,8),(0.,
    0.119152399479,0.428852534035,1.),.UNSPECIFIED.);
#3237 = CARTESIAN_POINT('',(-52.14064656004,4.0000006,117.7084980582));
#3238 = CARTESIAN_POINT('',(-52.16193691361,3.914815199,117.61190687053)
  );
#3239 = CARTESIAN_POINT('',(-52.18463737005,3.828556571542,
    117.51775570863));
#3240 = CARTESIAN_POINT('',(-52.20860871571,3.741293024127,
    117.42600755757));
#3241 = CARTESIAN_POINT('',(-52.23372141916,3.653085993182,
    117.33662302325));
#3242 = CARTESIAN_POINT('',(-52.25985489534,3.563989648819,
    117.24956072114));
#3243 = CARTESIAN_POINT('',(-52.28689676967,3.474050498603,
    117.16477766519));
#3244 = CARTESIAN_POINT('',(-52.38711765158,3.147447062858,
    116.86767141453));
#3245 = CARTESIAN_POINT('',(-52.46495326792,2.906049124554,
    116.66811823448));
#3246 = CARTESIAN_POINT('',(-52.54639278592,2.65985779242,
    116.48288961406));
#3247 = CARTESIAN_POINT('',(-52.62986790616,2.409377613297,
    116.31132383201));
#3248 = CARTESIAN_POINT('',(-52.7140030899,2.15489354618,116.15281608345
    ));
#3249 = CARTESIAN_POINT('',(-52.79753310693,1.896495614642,
    116.00685547717));
#3250 = CARTESIAN_POINT('',(-53.02990432817,1.150213283813,
    115.62631758459));
#3251 = CARTESIAN_POINT('',(-53.17564962421,0.648582410593,
    115.41882693503));
#3252 = CARTESIAN_POINT('',(-53.30675331933,0.134210261651,
    115.25248772739));
#3253 = CARTESIAN_POINT('',(-53.41387682606,-0.388995266127,
    115.12744195725));
#3254 = CARTESIAN_POINT('',(-53.48925128129,-0.919080496421,
    115.04317050927));
#3255 = CARTESIAN_POINT('',(-53.527864045,-1.45591609484,115.));
#3256 = CARTESIAN_POINT('',(-53.527864045,-2.,115.));
#3257 = PCURVE('',#717,#3258);
#3258 = DEFINITIONAL_REPRESENTATION('',(#3259),#3280);
#3259 = B_SPLINE_CURVE_WITH_KNOTS('',7,(#3260,#3261,#3262,#3263,#3264,
    #3265,#3266,#3267,#3268,#3269,#3270,#3271,#3272,#3273,#3274,#3275,
    #3276,#3277,#3278,#3279),.UNSPECIFIED.,.F.,.F.,(8,6,6,8),(0.,
    0.119152399479,0.428852534035,1.),.UNSPECIFIED.);
#3260 = CARTESIAN_POINT('',(0.216948154946,14.0000006));
#3261 = CARTESIAN_POINT('',(0.233433111633,13.914815199));
#3262 = CARTESIAN_POINT('',(0.249571521008,13.828556571542));
#3263 = CARTESIAN_POINT('',(0.265371717458,13.741293024127));
#3264 = CARTESIAN_POINT('',(0.280841415105,13.653085993182));
#3265 = CARTESIAN_POINT('',(0.295987799552,13.563989648819));
#3266 = CARTESIAN_POINT('',(0.31081761964,13.474050498603));
#3267 = CARTESIAN_POINT('',(0.36307668301,13.147447062858));
#3268 = CARTESIAN_POINT('',(0.39873733579,12.906049124554));
#3269 = CARTESIAN_POINT('',(0.432415399341,12.65985779242));
#3270 = CARTESIAN_POINT('',(0.464176640661,12.409377613297));
#3271 = CARTESIAN_POINT('',(0.49406028552,12.15489354618));
#3272 = CARTESIAN_POINT('',(0.522077640273,11.896495614642));
#3273 = CARTESIAN_POINT('',(0.596390319046,11.150213283813));
#3274 = CARTESIAN_POINT('',(0.638563944801,10.648582410593));
#3275 = CARTESIAN_POINT('',(0.673794490216,10.134210261651));
#3276 = CARTESIAN_POINT('',(0.701230609699,9.611004733873));
#3277 = CARTESIAN_POINT('',(0.720074508944,9.080919503579));
#3278 = CARTESIAN_POINT('',(0.729727656227,8.54408390516));
#3279 = CARTESIAN_POINT('',(0.729727656227,8.));
#3280 = ( GEOMETRIC_REPRESENTATION_CONTEXT(2) 
PARAMETRIC_REPRESENTATION_CONTEXT() REPRESENTATION_CONTEXT('2D SPACE',''
  ) );
#3281 = PCURVE('',#3079,#3282);
#3282 = DEFINITIONAL_REPRESENTATION('',(#3283),#3304);
#3283 = B_SPLINE_CURVE_WITH_KNOTS('',7,(#3284,#3285,#3286,#3287,#3288,
    #3289,#3290,#3291,#3292,#3293,#3294,#3295,#3296,#3297,#3298,#3299,
    #3300,#3301,#3302,#3303),.UNSPECIFIED.,.F.,.F.,(8,6,6,8),(0.,
    0.119152399479,0.428852534035,1.),.UNSPECIFIED.);
#3284 = CARTESIAN_POINT('',(-0.722734134424,13.859353439958));
#3285 = CARTESIAN_POINT('',(-0.738832664092,13.838063086387));
#3286 = CARTESIAN_POINT('',(-0.754791174999,13.815362629942));
#3287 = CARTESIAN_POINT('',(-0.770614305654,13.791391284285));
#3288 = CARTESIAN_POINT('',(-0.786306949188,13.766278580836));
#3289 = CARTESIAN_POINT('',(-0.801874318907,13.740145104655));
#3290 = CARTESIAN_POINT('',(-0.817322013837,13.713103230324));
#3291 = CARTESIAN_POINT('',(-0.872512299501,13.612882348419));
#3292 = CARTESIAN_POINT('',(-0.911618454777,13.535046732075));
#3293 = CARTESIAN_POINT('',(-0.950066319057,13.453607214077));
#3294 = CARTESIAN_POINT('',(-0.987950866213,13.370132093834));
#3295 = CARTESIAN_POINT('',(-1.02537183441,13.2859969101));
#3296 = CARTESIAN_POINT('',(-1.062434697342,13.202466893063));
#3297 = CARTESIAN_POINT('',(-1.167147578967,12.970095671823));
#3298 = CARTESIAN_POINT('',(-1.234790335055,12.824350375788));
#3299 = CARTESIAN_POINT('',(-1.302026428403,12.693246680667));
#3300 = CARTESIAN_POINT('',(-1.368906899309,12.586123173934));
#3301 = CARTESIAN_POINT('',(-1.435681397713,12.510748718708));
#3302 = CARTESIAN_POINT('',(-1.50278583865,12.472135955));
#3303 = CARTESIAN_POINT('',(-1.570796326795,12.472135955));
#3304 = ( GEOMETRIC_REPRESENTATION_CONTEXT(2) 
PARAMETRIC_REPRESENTATION_CONTEXT() REPRESENTATION_CONTEXT('2D SPACE',''
  ) );
#3305 = ORIENTED_EDGE('',*,*,#3306,.F.);
#3306 = EDGE_CURVE('',#699,#3233,#3307,.T.);
#3307 = SURFACE_CURVE('',#3308,(#3312,#3318),.PCURVE_S1.);
#3308 = LINE('',#3309,#3310);
#3309 = CARTESIAN_POINT('',(-53.527864045,-10.,115.));
#3310 = VECTOR('',#3311,1.);
#3311 = DIRECTION('',(0.,1.,0.));
#3312 = PCURVE('',#717,#3313);
#3313 = DEFINITIONAL_REPRESENTATION('',(#3314),#3317);
#3314 = B_SPLINE_CURVE_WITH_KNOTS('',1,(#3315,#3316),.UNSPECIFIED.,.F.,
  .F.,(2,2),(5.8,8.2),.PIECEWISE_BEZIER_KNOTS.);
#3315 = CARTESIAN_POINT('',(0.729727656227,5.8));
#3316 = CARTESIAN_POINT('',(0.729727656227,8.2));
#3317 = ( GEOMETRIC_REPRESENTATION_CONTEXT(2) 
PARAMETRIC_REPRESENTATION_CONTEXT() REPRESENTATION_CONTEXT('2D SPACE',''
  ) );
#3318 = PCURVE('',#1111,#3319);
#3319 = DEFINITIONAL_REPRESENTATION('',(#3320),#3323);
#3320 = B_SPLINE_CURVE_WITH_KNOTS('',1,(#3321,#3322),.UNSPECIFIED.,.F.,
  .F.,(2,2),(5.8,8.2),.PIECEWISE_BEZIER_KNOTS.);
#3321 = CARTESIAN_POINT('',(12.472135955,7.8));
#3322 = CARTESIAN_POINT('',(12.472135955,10.2));
#3323 = ( GEOMETRIC_REPRESENTATION_CONTEXT(2) 
PARAMETRIC_REPRESENTATION_CONTEXT() REPRESENTATION_CONTEXT('2D SPACE',''
  ) );
#3324 = ORIENTED_EDGE('',*,*,#698,.T.);
#3325 = ORIENTED_EDGE('',*,*,#3326,.T.);
#3326 = EDGE_CURVE('',#701,#3209,#3327,.T.);
#3327 = SURFACE_CURVE('',#3328,(#3332,#3338),.PCURVE_S1.);
#3328 = LINE('',#3329,#3330);
#3329 = CARTESIAN_POINT('',(-57.,-10.,113.0839202169));
#3330 = VECTOR('',#3331,1.);
#3331 = DIRECTION('',(0.,1.,0.));
#3332 = PCURVE('',#717,#3333);
#3333 = DEFINITIONAL_REPRESENTATION('',(#3334),#3337);
#3334 = B_SPLINE_CURVE_WITH_KNOTS('',1,(#3335,#3336),.UNSPECIFIED.,.F.,
  .F.,(2,2),(-5.999999999062E-07,14.0000006),.PIECEWISE_BEZIER_KNOTS.);
#3335 = CARTESIAN_POINT('',(1.403348247575,-5.999999999062E-07));
#3336 = CARTESIAN_POINT('',(1.403348247575,14.0000006));
#3337 = ( GEOMETRIC_REPRESENTATION_CONTEXT(2) 
PARAMETRIC_REPRESENTATION_CONTEXT() REPRESENTATION_CONTEXT('2D SPACE',''
  ) );
#3338 = PCURVE('',#744,#3339);
#3339 = DEFINITIONAL_REPRESENTATION('',(#3340),#3343);
#3340 = B_SPLINE_CURVE_WITH_KNOTS('',1,(#3341,#3342),.UNSPECIFIED.,.F.,
  .F.,(2,2),(-5.999999999062E-07,14.0000006),.PIECEWISE_BEZIER_KNOTS.);
#3341 = CARTESIAN_POINT('',(46.0839202169,-14.9999994));
#3342 = CARTESIAN_POINT('',(46.0839202169,-29.0000006));
#3343 = ( GEOMETRIC_REPRESENTATION_CONTEXT(2) 
PARAMETRIC_REPRESENTATION_CONTEXT() REPRESENTATION_CONTEXT('2D SPACE',''
  ) );
#3344 = ADVANCED_FACE('',(#3345),#1111,.F.);
#3345 = FACE_BOUND('',#3346,.F.);
#3346 = EDGE_LOOP('',(#3347,#3370,#3371,#3372));
#3347 = ORIENTED_EDGE('',*,*,#3348,.F.);
#3348 = EDGE_CURVE('',#3233,#3349,#3351,.T.);
#3349 = VERTEX_POINT('',#3350);
#3350 = CARTESIAN_POINT('',(-36.,-2.,115.));
#3351 = SURFACE_CURVE('',#3352,(#3356,#3363),.PCURVE_S1.);
#3352 = LINE('',#3353,#3354);
#3353 = CARTESIAN_POINT('',(-66.,-2.,115.));
#3354 = VECTOR('',#3355,1.);
#3355 = DIRECTION('',(1.,0.,-0.));
#3356 = PCURVE('',#1111,#3357);
#3357 = DEFINITIONAL_REPRESENTATION('',(#3358),#3362);
#3358 = LINE('',#3359,#3360);
#3359 = CARTESIAN_POINT('',(0.,10.));
#3360 = VECTOR('',#3361,1.);
#3361 = DIRECTION('',(1.,0.));
#3362 = ( GEOMETRIC_REPRESENTATION_CONTEXT(2) 
PARAMETRIC_REPRESENTATION_CONTEXT() REPRESENTATION_CONTEXT('2D SPACE',''
  ) );
#3363 = PCURVE('',#3079,#3364);
#3364 = DEFINITIONAL_REPRESENTATION('',(#3365),#3369);
#3365 = LINE('',#3366,#3367);
#3366 = CARTESIAN_POINT('',(-1.570796326795,0.));
#3367 = VECTOR('',#3368,1.);
#3368 = DIRECTION('',(-0.,1.));
#3369 = ( GEOMETRIC_REPRESENTATION_CONTEXT(2) 
PARAMETRIC_REPRESENTATION_CONTEXT() REPRESENTATION_CONTEXT('2D SPACE',''
  ) );
#3370 = ORIENTED_EDGE('',*,*,#3306,.F.);
#3371 = ORIENTED_EDGE('',*,*,#1098,.T.);
#3372 = ORIENTED_EDGE('',*,*,#3373,.T.);
#3373 = EDGE_CURVE('',#1070,#3349,#3374,.T.);
#3374 = SURFACE_CURVE('',#3375,(#3379,#3386),.PCURVE_S1.);
#3375 = LINE('',#3376,#3377);
#3376 = CARTESIAN_POINT('',(-36.,-12.,115.));
#3377 = VECTOR('',#3378,1.);
#3378 = DIRECTION('',(-0.,1.,0.));
#3379 = PCURVE('',#1111,#3380);
#3380 = DEFINITIONAL_REPRESENTATION('',(#3381),#3385);
#3381 = LINE('',#3382,#3383);
#3382 = CARTESIAN_POINT('',(30.,0.));
#3383 = VECTOR('',#3384,1.);
#3384 = DIRECTION('',(0.,1.));
#3385 = ( GEOMETRIC_REPRESENTATION_CONTEXT(2) 
PARAMETRIC_REPRESENTATION_CONTEXT() REPRESENTATION_CONTEXT('2D SPACE',''
  ) );
#3386 = PCURVE('',#1086,#3387);
#3387 = DEFINITIONAL_REPRESENTATION('',(#3388),#3392);
#3388 = LINE('',#3389,#3390);
#3389 = CARTESIAN_POINT('',(1.570796326795,0.));
#3390 = VECTOR('',#3391,1.);
#3391 = DIRECTION('',(0.,1.));
#3392 = ( GEOMETRIC_REPRESENTATION_CONTEXT(2) 
PARAMETRIC_REPRESENTATION_CONTEXT() REPRESENTATION_CONTEXT('2D SPACE',''
  ) );
#3393 = ADVANCED_FACE('',(#3394),#1086,.T.);
#3394 = FACE_BOUND('',#3395,.T.);
#3395 = EDGE_LOOP('',(#3396,#3397,#3398,#3425));
#3396 = ORIENTED_EDGE('',*,*,#1069,.T.);
#3397 = ORIENTED_EDGE('',*,*,#3373,.T.);
#3398 = ORIENTED_EDGE('',*,*,#3399,.T.);
#3399 = EDGE_CURVE('',#3349,#3400,#3402,.T.);
#3400 = VERTEX_POINT('',#3401);
#3401 = CARTESIAN_POINT('',(-28.,-2.,123.));
#3402 = SURFACE_CURVE('',#3403,(#3408,#3414),.PCURVE_S1.);
#3403 = CIRCLE('',#3404,8.);
#3404 = AXIS2_PLACEMENT_3D('',#3405,#3406,#3407);
#3405 = CARTESIAN_POINT('',(-36.,-2.,123.));
#3406 = DIRECTION('',(0.,-1.,0.));
#3407 = DIRECTION('',(1.,0.,0.));
#3408 = PCURVE('',#1086,#3409);
#3409 = DEFINITIONAL_REPRESENTATION('',(#3410),#3413);
#3410 = B_SPLINE_CURVE_WITH_KNOTS('',1,(#3411,#3412),.UNSPECIFIED.,.F.,
  .F.,(2,2),(4.712388980385,6.28318530718),.PIECEWISE_BEZIER_KNOTS.);
#3411 = CARTESIAN_POINT('',(1.570796326795,10.));
#3412 = CARTESIAN_POINT('',(0.,10.));
#3413 = ( GEOMETRIC_REPRESENTATION_CONTEXT(2) 
PARAMETRIC_REPRESENTATION_CONTEXT() REPRESENTATION_CONTEXT('2D SPACE',''
  ) );
#3414 = PCURVE('',#3415,#3420);
#3415 = SPHERICAL_SURFACE('',#3416,8.);
#3416 = AXIS2_PLACEMENT_3D('',#3417,#3418,#3419);
#3417 = CARTESIAN_POINT('',(-36.,-2.,123.));
#3418 = DIRECTION('',(0.,0.,1.));
#3419 = DIRECTION('',(1.,0.,-0.));
#3420 = DEFINITIONAL_REPRESENTATION('',(#3421),#3424);
#3421 = B_SPLINE_CURVE_WITH_KNOTS('',1,(#3422,#3423),.UNSPECIFIED.,.F.,
  .F.,(2,2),(4.712388980385,6.28318530718),.PIECEWISE_BEZIER_KNOTS.);
#3422 = CARTESIAN_POINT('',(0.,-1.570796326795));
#3423 = CARTESIAN_POINT('',(0.,0.));
#3424 = ( GEOMETRIC_REPRESENTATION_CONTEXT(2) 
PARAMETRIC_REPRESENTATION_CONTEXT() REPRESENTATION_CONTEXT('2D SPACE',''
  ) );
#3425 = ORIENTED_EDGE('',*,*,#3426,.F.);
#3426 = EDGE_CURVE('',#1044,#3400,#3427,.T.);
#3427 = SURFACE_CURVE('',#3428,(#3432,#3439),.PCURVE_S1.);
#3428 = LINE('',#3429,#3430);
#3429 = CARTESIAN_POINT('',(-28.,-12.,123.));
#3430 = VECTOR('',#3431,1.);
#3431 = DIRECTION('',(-0.,1.,0.));
#3432 = PCURVE('',#1086,#3433);
#3433 = DEFINITIONAL_REPRESENTATION('',(#3434),#3438);
#3434 = LINE('',#3435,#3436);
#3435 = CARTESIAN_POINT('',(0.,0.));
#3436 = VECTOR('',#3437,1.);
#3437 = DIRECTION('',(0.,1.));
#3438 = ( GEOMETRIC_REPRESENTATION_CONTEXT(2) 
PARAMETRIC_REPRESENTATION_CONTEXT() REPRESENTATION_CONTEXT('2D SPACE',''
  ) );
#3439 = PCURVE('',#1058,#3440);
#3440 = DEFINITIONAL_REPRESENTATION('',(#3441),#3445);
#3441 = LINE('',#3442,#3443);
#3442 = CARTESIAN_POINT('',(8.,0.));
#3443 = VECTOR('',#3444,1.);
#3444 = DIRECTION('',(0.,-1.));
#3445 = ( GEOMETRIC_REPRESENTATION_CONTEXT(2) 
PARAMETRIC_REPRESENTATION_CONTEXT() REPRESENTATION_CONTEXT('2D SPACE',''
  ) );
#3446 = ADVANCED_FACE('',(#3447),#1058,.T.);
#3447 = FACE_BOUND('',#3448,.T.);
#3448 = EDGE_LOOP('',(#3449,#3450,#3451,#3479));
#3449 = ORIENTED_EDGE('',*,*,#1043,.T.);
#3450 = ORIENTED_EDGE('',*,*,#3426,.T.);
#3451 = ORIENTED_EDGE('',*,*,#3452,.T.);
#3452 = EDGE_CURVE('',#3400,#3453,#3455,.T.);
#3453 = VERTEX_POINT('',#3454);
#3454 = CARTESIAN_POINT('',(-28.,-2.,131.));
#3455 = SURFACE_CURVE('',#3456,(#3460,#3467),.PCURVE_S1.);
#3456 = LINE('',#3457,#3458);
#3457 = CARTESIAN_POINT('',(-28.,-2.,115.));
#3458 = VECTOR('',#3459,1.);
#3459 = DIRECTION('',(0.,0.,1.));
#3460 = PCURVE('',#1058,#3461);
#3461 = DEFINITIONAL_REPRESENTATION('',(#3462),#3466);
#3462 = LINE('',#3463,#3464);
#3463 = CARTESIAN_POINT('',(0.,-10.));
#3464 = VECTOR('',#3465,1.);
#3465 = DIRECTION('',(1.,0.));
#3466 = ( GEOMETRIC_REPRESENTATION_CONTEXT(2) 
PARAMETRIC_REPRESENTATION_CONTEXT() REPRESENTATION_CONTEXT('2D SPACE',''
  ) );
#3467 = PCURVE('',#3468,#3473);
#3468 = CYLINDRICAL_SURFACE('',#3469,8.);
#3469 = AXIS2_PLACEMENT_3D('',#3470,#3471,#3472);
#3470 = CARTESIAN_POINT('',(-36.,-2.,115.));
#3471 = DIRECTION('',(0.,0.,1.));
#3472 = DIRECTION('',(1.,0.,-0.));
#3473 = DEFINITIONAL_REPRESENTATION('',(#3474),#3478);
#3474 = LINE('',#3475,#3476);
#3475 = CARTESIAN_POINT('',(0.,0.));
#3476 = VECTOR('',#3477,1.);
#3477 = DIRECTION('',(0.,1.));
#3478 = ( GEOMETRIC_REPRESENTATION_CONTEXT(2) 
PARAMETRIC_REPRESENTATION_CONTEXT() REPRESENTATION_CONTEXT('2D SPACE',''
  ) );
#3479 = ORIENTED_EDGE('',*,*,#3480,.F.);
#3480 = EDGE_CURVE('',#1018,#3453,#3481,.T.);
#3481 = SURFACE_CURVE('',#3482,(#3486,#3492),.PCURVE_S1.);
#3482 = LINE('',#3483,#3484);
#3483 = CARTESIAN_POINT('',(-28.,-18.5,131.));
#3484 = VECTOR('',#3485,1.);
#3485 = DIRECTION('',(-0.,1.,0.));
#3486 = PCURVE('',#1058,#3487);
#3487 = DEFINITIONAL_REPRESENTATION('',(#3488),#3491);
#3488 = B_SPLINE_CURVE_WITH_KNOTS('',1,(#3489,#3490),.UNSPECIFIED.,.F.,
  .F.,(2,2),(14.5,16.5),.PIECEWISE_BEZIER_KNOTS.);
#3489 = CARTESIAN_POINT('',(16.,-8.));
#3490 = CARTESIAN_POINT('',(16.,-10.));
#3491 = ( GEOMETRIC_REPRESENTATION_CONTEXT(2) 
PARAMETRIC_REPRESENTATION_CONTEXT() REPRESENTATION_CONTEXT('2D SPACE',''
  ) );
#3492 = PCURVE('',#1032,#3493);
#3493 = DEFINITIONAL_REPRESENTATION('',(#3494),#3497);
#3494 = B_SPLINE_CURVE_WITH_KNOTS('',1,(#3495,#3496),.UNSPECIFIED.,.F.,
  .F.,(2,2),(14.5,16.5),.PIECEWISE_BEZIER_KNOTS.);
#3495 = CARTESIAN_POINT('',(29.,21.));
#3496 = CARTESIAN_POINT('',(29.,23.));
#3497 = ( GEOMETRIC_REPRESENTATION_CONTEXT(2) 
PARAMETRIC_REPRESENTATION_CONTEXT() REPRESENTATION_CONTEXT('2D SPACE',''
  ) );
#3498 = ADVANCED_FACE('',(#3499),#1032,.F.);
#3499 = FACE_BOUND('',#3500,.F.);
#3500 = EDGE_LOOP('',(#3501,#3502,#3503,#3524,#3553,#3579,#3602,#3646,
    #3667,#3711,#3734,#3760));
#3501 = ORIENTED_EDGE('',*,*,#3480,.F.);
#3502 = ORIENTED_EDGE('',*,*,#1017,.T.);
#3503 = ORIENTED_EDGE('',*,*,#3504,.T.);
#3504 = EDGE_CURVE('',#992,#3505,#3507,.T.);
#3505 = VERTEX_POINT('',#3506);
#3506 = CARTESIAN_POINT('',(28.,-2.,131.));
#3507 = SURFACE_CURVE('',#3508,(#3512,#3518),.PCURVE_S1.);
#3508 = LINE('',#3509,#3510);
#3509 = CARTESIAN_POINT('',(28.,-18.5,131.));
#3510 = VECTOR('',#3511,1.);
#3511 = DIRECTION('',(-0.,1.,0.));
#3512 = PCURVE('',#1032,#3513);
#3513 = DEFINITIONAL_REPRESENTATION('',(#3514),#3517);
#3514 = B_SPLINE_CURVE_WITH_KNOTS('',1,(#3515,#3516),.UNSPECIFIED.,.F.,
  .F.,(2,2),(14.5,16.5),.PIECEWISE_BEZIER_KNOTS.);
#3515 = CARTESIAN_POINT('',(85.,21.));
#3516 = CARTESIAN_POINT('',(85.,23.));
#3517 = ( GEOMETRIC_REPRESENTATION_CONTEXT(2) 
PARAMETRIC_REPRESENTATION_CONTEXT() REPRESENTATION_CONTEXT('2D SPACE',''
  ) );
#3518 = PCURVE('',#1006,#3519);
#3519 = DEFINITIONAL_REPRESENTATION('',(#3520),#3523);
#3520 = B_SPLINE_CURVE_WITH_KNOTS('',1,(#3521,#3522),.UNSPECIFIED.,.F.,
  .F.,(2,2),(14.5,16.5),.PIECEWISE_BEZIER_KNOTS.);
#3521 = CARTESIAN_POINT('',(16.,-8.));
#3522 = CARTESIAN_POINT('',(16.,-10.));
#3523 = ( GEOMETRIC_REPRESENTATION_CONTEXT(2) 
PARAMETRIC_REPRESENTATION_CONTEXT() REPRESENTATION_CONTEXT('2D SPACE',''
  ) );
#3524 = ORIENTED_EDGE('',*,*,#3525,.F.);
#3525 = EDGE_CURVE('',#3526,#3505,#3528,.T.);
#3526 = VERTEX_POINT('',#3527);
#3527 = CARTESIAN_POINT('',(36.,6.,131.));
#3528 = SURFACE_CURVE('',#3529,(#3534,#3541),.PCURVE_S1.);
#3529 = CIRCLE('',#3530,8.);
#3530 = AXIS2_PLACEMENT_3D('',#3531,#3532,#3533);
#3531 = CARTESIAN_POINT('',(36.,-2.,131.));
#3532 = DIRECTION('',(0.,0.,1.));
#3533 = DIRECTION('',(-1.,-0.,0.));
#3534 = PCURVE('',#1032,#3535);
#3535 = DEFINITIONAL_REPRESENTATION('',(#3536),#3540);
#3536 = CIRCLE('',#3537,8.);
#3537 = AXIS2_PLACEMENT_2D('',#3538,#3539);
#3538 = CARTESIAN_POINT('',(93.,23.));
#3539 = DIRECTION('',(-1.,0.));
#3540 = ( GEOMETRIC_REPRESENTATION_CONTEXT(2) 
PARAMETRIC_REPRESENTATION_CONTEXT() REPRESENTATION_CONTEXT('2D SPACE',''
  ) );
#3541 = PCURVE('',#3542,#3547);
#3542 = CYLINDRICAL_SURFACE('',#3543,8.);
#3543 = AXIS2_PLACEMENT_3D('',#3544,#3545,#3546);
#3544 = CARTESIAN_POINT('',(36.,-2.,115.));
#3545 = DIRECTION('',(0.,0.,1.));
#3546 = DIRECTION('',(-1.,-0.,0.));
#3547 = DEFINITIONAL_REPRESENTATION('',(#3548),#3552);
#3548 = LINE('',#3549,#3550);
#3549 = CARTESIAN_POINT('',(-6.28318530718,16.));
#3550 = VECTOR('',#3551,1.);
#3551 = DIRECTION('',(1.,-0.));
#3552 = ( GEOMETRIC_REPRESENTATION_CONTEXT(2) 
PARAMETRIC_REPRESENTATION_CONTEXT() REPRESENTATION_CONTEXT('2D SPACE',''
  ) );
#3553 = ORIENTED_EDGE('',*,*,#3554,.F.);
#3554 = EDGE_CURVE('',#3555,#3526,#3557,.T.);
#3555 = VERTEX_POINT('',#3556);
#3556 = CARTESIAN_POINT('',(57.,6.,131.));
#3557 = SURFACE_CURVE('',#3558,(#3562,#3568),.PCURVE_S1.);
#3558 = LINE('',#3559,#3560);
#3559 = CARTESIAN_POINT('',(-14.5,6.,131.));
#3560 = VECTOR('',#3561,1.);
#3561 = DIRECTION('',(-1.,-0.,0.));
#3562 = PCURVE('',#1032,#3563);
#3563 = DEFINITIONAL_REPRESENTATION('',(#3564),#3567);
#3564 = B_SPLINE_CURVE_WITH_KNOTS('',1,(#3565,#3566),.UNSPECIFIED.,.F.,
  .F.,(2,2),(-71.5,-50.5),.PIECEWISE_BEZIER_KNOTS.);
#3565 = CARTESIAN_POINT('',(114.,31.));
#3566 = CARTESIAN_POINT('',(93.,31.));
#3567 = ( GEOMETRIC_REPRESENTATION_CONTEXT(2) 
PARAMETRIC_REPRESENTATION_CONTEXT() REPRESENTATION_CONTEXT('2D SPACE',''
  ) );
#3568 = PCURVE('',#3569,#3574);
#3569 = PLANE('',#3570);
#3570 = AXIS2_PLACEMENT_3D('',#3571,#3572,#3573);
#3571 = CARTESIAN_POINT('',(28.,6.,115.));
#3572 = DIRECTION('',(-0.,1.,0.));
#3573 = DIRECTION('',(0.,0.,1.));
#3574 = DEFINITIONAL_REPRESENTATION('',(#3575),#3578);
#3575 = B_SPLINE_CURVE_WITH_KNOTS('',1,(#3576,#3577),.UNSPECIFIED.,.F.,
  .F.,(2,2),(-71.5,-50.5),.PIECEWISE_BEZIER_KNOTS.);
#3576 = CARTESIAN_POINT('',(16.,29.));
#3577 = CARTESIAN_POINT('',(16.,8.));
#3578 = ( GEOMETRIC_REPRESENTATION_CONTEXT(2) 
PARAMETRIC_REPRESENTATION_CONTEXT() REPRESENTATION_CONTEXT('2D SPACE',''
  ) );
#3579 = ORIENTED_EDGE('',*,*,#3580,.T.);
#3580 = EDGE_CURVE('',#3555,#3581,#3583,.T.);
#3581 = VERTEX_POINT('',#3582);
#3582 = CARTESIAN_POINT('',(57.,11.708203932499,131.));
#3583 = SURFACE_CURVE('',#3584,(#3588,#3595),.PCURVE_S1.);
#3584 = LINE('',#3585,#3586);
#3585 = CARTESIAN_POINT('',(57.,-25.,131.));
#3586 = VECTOR('',#3587,1.);
#3587 = DIRECTION('',(-0.,1.,0.));
#3588 = PCURVE('',#1032,#3589);
#3589 = DEFINITIONAL_REPRESENTATION('',(#3590),#3594);
#3590 = LINE('',#3591,#3592);
#3591 = CARTESIAN_POINT('',(114.,0.));
#3592 = VECTOR('',#3593,1.);
#3593 = DIRECTION('',(0.,1.));
#3594 = ( GEOMETRIC_REPRESENTATION_CONTEXT(2) 
PARAMETRIC_REPRESENTATION_CONTEXT() REPRESENTATION_CONTEXT('2D SPACE',''
  ) );
#3595 = PCURVE('',#846,#3596);
#3596 = DEFINITIONAL_REPRESENTATION('',(#3597),#3601);
#3597 = LINE('',#3598,#3599);
#3598 = CARTESIAN_POINT('',(64.,0.));
#3599 = VECTOR('',#3600,1.);
#3600 = DIRECTION('',(0.,-1.));
#3601 = ( GEOMETRIC_REPRESENTATION_CONTEXT(2) 
PARAMETRIC_REPRESENTATION_CONTEXT() REPRESENTATION_CONTEXT('2D SPACE',''
  ) );
#3602 = ORIENTED_EDGE('',*,*,#3603,.T.);
#3603 = EDGE_CURVE('',#3581,#3604,#3606,.T.);
#3604 = VERTEX_POINT('',#3605);
#3605 = CARTESIAN_POINT('',(41.,22.349351572897,131.));
#3606 = SURFACE_CURVE('',#3607,(#3612,#3619),.PCURVE_S1.);
#3607 = CIRCLE('',#3608,17.349351572897);
#3608 = AXIS2_PLACEMENT_3D('',#3609,#3610,#3611);
#3609 = CARTESIAN_POINT('',(41.,5.,131.));
#3610 = DIRECTION('',(0.,0.,1.));
#3611 = DIRECTION('',(0.,-1.,0.));
#3612 = PCURVE('',#1032,#3613);
#3613 = DEFINITIONAL_REPRESENTATION('',(#3614),#3618);
#3614 = CIRCLE('',#3615,17.349351572897);
#3615 = AXIS2_PLACEMENT_2D('',#3616,#3617);
#3616 = CARTESIAN_POINT('',(98.,30.));
#3617 = DIRECTION('',(0.,-1.));
#3618 = ( GEOMETRIC_REPRESENTATION_CONTEXT(2) 
PARAMETRIC_REPRESENTATION_CONTEXT() REPRESENTATION_CONTEXT('2D SPACE',''
  ) );
#3619 = PCURVE('',#1940,#3620);
#3620 = DEFINITIONAL_REPRESENTATION('',(#3621),#3645);
#3621 = B_SPLINE_CURVE_WITH_KNOTS('',8,(#3622,#3623,#3624,#3625,#3626,
    #3627,#3628,#3629,#3630,#3631,#3632,#3633,#3634,#3635,#3636,#3637,
    #3638,#3639,#3640,#3641,#3642,#3643,#3644),.UNSPECIFIED.,.F.,.F.,(9,
    7,7,9),(1.967797449709,2.55469505165,2.84814385262,3.14159265359),
  .UNSPECIFIED.);
#3622 = CARTESIAN_POINT('',(0.844153986113,-0.271657123678));
#3623 = CARTESIAN_POINT('',(0.85942694267,-0.320396316656));
#3624 = CARTESIAN_POINT('',(0.878228089745,-0.368178436707));
#3625 = CARTESIAN_POINT('',(0.90077847533,-0.414728200671));
#3626 = CARTESIAN_POINT('',(0.927361019475,-0.459734690481));
#3627 = CARTESIAN_POINT('',(0.95830550517,-0.50283645964));
#3628 = CARTESIAN_POINT('',(0.993975813041,-0.543608030332));
#3629 = CARTESIAN_POINT('',(1.034681816285,-0.581542368065));
#3630 = CARTESIAN_POINT('',(1.103416066925,-0.633359912134));
#3631 = CARTESIAN_POINT('',(1.127606699238,-0.649785101476));
#3632 = CARTESIAN_POINT('',(1.153086764714,-0.665293943517));
#3633 = CARTESIAN_POINT('',(1.179852236956,-0.679814642811));
#3634 = CARTESIAN_POINT('',(1.20788000638,-0.693273628371));
#3635 = CARTESIAN_POINT('',(1.237121560281,-0.705597647112));
#3636 = CARTESIAN_POINT('',(1.267498240635,-0.716716716548));
#3637 = CARTESIAN_POINT('',(1.33030403593,-0.736418684474));
#3638 = CARTESIAN_POINT('',(1.362733167344,-0.745001579893));
#3639 = CARTESIAN_POINT('',(1.396079544638,-0.752253243869));
#3640 = CARTESIAN_POINT('',(1.430204355995,-0.758117303001));
#3641 = CARTESIAN_POINT('',(1.464937899865,-0.76254761404));
#3642 = CARTESIAN_POINT('',(1.500085973427,-0.765511872363));
#3643 = CARTESIAN_POINT('',(1.535441143346,-0.766994007862));
#3644 = CARTESIAN_POINT('',(1.570796326795,-0.766994007862));
#3645 = ( GEOMETRIC_REPRESENTATION_CONTEXT(2) 
PARAMETRIC_REPRESENTATION_CONTEXT() REPRESENTATION_CONTEXT('2D SPACE',''
  ) );
#3646 = ORIENTED_EDGE('',*,*,#3647,.F.);
#3647 = EDGE_CURVE('',#3648,#3604,#3650,.T.);
#3648 = VERTEX_POINT('',#3649);
#3649 = CARTESIAN_POINT('',(-41.,22.349351572897,131.));
#3650 = SURFACE_CURVE('',#3651,(#3655,#3661),.PCURVE_S1.);
#3651 = LINE('',#3652,#3653);
#3652 = CARTESIAN_POINT('',(-66.,22.349351572897,131.));
#3653 = VECTOR('',#3654,1.);
#3654 = DIRECTION('',(1.,0.,-0.));
#3655 = PCURVE('',#1032,#3656);
#3656 = DEFINITIONAL_REPRESENTATION('',(#3657),#3660);
#3657 = B_SPLINE_CURVE_WITH_KNOTS('',1,(#3658,#3659),.UNSPECIFIED.,.F.,
  .F.,(2,2),(24.9999994,107.0000006),.PIECEWISE_BEZIER_KNOTS.);
#3658 = CARTESIAN_POINT('',(15.9999994,47.349351572897));
#3659 = CARTESIAN_POINT('',(98.0000006,47.349351572897));
#3660 = ( GEOMETRIC_REPRESENTATION_CONTEXT(2) 
PARAMETRIC_REPRESENTATION_CONTEXT() REPRESENTATION_CONTEXT('2D SPACE',''
  ) );
#3661 = PCURVE('',#2331,#3662);
#3662 = DEFINITIONAL_REPRESENTATION('',(#3663),#3666);
#3663 = B_SPLINE_CURVE_WITH_KNOTS('',1,(#3664,#3665),.UNSPECIFIED.,.F.,
  .F.,(2,2),(24.9999994,107.0000006),.PIECEWISE_BEZIER_KNOTS.);
#3664 = CARTESIAN_POINT('',(0.803802318933,24.9999994));
#3665 = CARTESIAN_POINT('',(0.803802318933,107.0000006));
#3666 = ( GEOMETRIC_REPRESENTATION_CONTEXT(2) 
PARAMETRIC_REPRESENTATION_CONTEXT() REPRESENTATION_CONTEXT('2D SPACE',''
  ) );
#3667 = ORIENTED_EDGE('',*,*,#3668,.T.);
#3668 = EDGE_CURVE('',#3648,#3669,#3671,.T.);
#3669 = VERTEX_POINT('',#3670);
#3670 = CARTESIAN_POINT('',(-57.,11.708203932499,131.));
#3671 = SURFACE_CURVE('',#3672,(#3677,#3684),.PCURVE_S1.);
#3672 = CIRCLE('',#3673,17.349351572897);
#3673 = AXIS2_PLACEMENT_3D('',#3674,#3675,#3676);
#3674 = CARTESIAN_POINT('',(-41.,5.,131.));
#3675 = DIRECTION('',(0.,0.,1.));
#3676 = DIRECTION('',(0.,-1.,0.));
#3677 = PCURVE('',#1032,#3678);
#3678 = DEFINITIONAL_REPRESENTATION('',(#3679),#3683);
#3679 = CIRCLE('',#3680,17.349351572897);
#3680 = AXIS2_PLACEMENT_2D('',#3681,#3682);
#3681 = CARTESIAN_POINT('',(16.,30.));
#3682 = DIRECTION('',(0.,-1.));
#3683 = ( GEOMETRIC_REPRESENTATION_CONTEXT(2) 
PARAMETRIC_REPRESENTATION_CONTEXT() REPRESENTATION_CONTEXT('2D SPACE',''
  ) );
#3684 = PCURVE('',#2884,#3685);
#3685 = DEFINITIONAL_REPRESENTATION('',(#3686),#3710);
#3686 = B_SPLINE_CURVE_WITH_KNOTS('',8,(#3687,#3688,#3689,#3690,#3691,
    #3692,#3693,#3694,#3695,#3696,#3697,#3698,#3699,#3700,#3701,#3702,
    #3703,#3704,#3705,#3706,#3707,#3708,#3709),.UNSPECIFIED.,.F.,.F.,(9,
    7,7,9),(3.14159265359,3.43504145456,3.875214656015,4.31538785747),
  .UNSPECIFIED.);
#3687 = CARTESIAN_POINT('',(-1.570796326795,-0.766994007862));
#3688 = CARTESIAN_POINT('',(-1.535441143346,-0.766994007862));
#3689 = CARTESIAN_POINT('',(-1.500085973427,-0.765511872363));
#3690 = CARTESIAN_POINT('',(-1.464937899865,-0.76254761404));
#3691 = CARTESIAN_POINT('',(-1.430204355995,-0.758117303001));
#3692 = CARTESIAN_POINT('',(-1.396079544637,-0.752253243869));
#3693 = CARTESIAN_POINT('',(-1.362733167344,-0.745001579893));
#3694 = CARTESIAN_POINT('',(-1.33030403593,-0.736418684474));
#3695 = CARTESIAN_POINT('',(-1.251796791811,-0.711791224566));
#3696 = CARTESIAN_POINT('',(-1.207001445308,-0.694161555933));
#3697 = CARTESIAN_POINT('',(-1.164882557971,-0.673891788437));
#3698 = CARTESIAN_POINT('',(-1.125655067708,-0.651229591755));
#3699 = CARTESIAN_POINT('',(-1.089379488227,-0.626430543301));
#3700 = CARTESIAN_POINT('',(-1.056022643394,-0.599736392645));
#3701 = CARTESIAN_POINT('',(-1.025497232301,-0.571370392652));
#3702 = CARTESIAN_POINT('',(-0.96988049916,-0.511699895724));
#3703 = CARTESIAN_POINT('',(-0.944789179703,-0.480395395925));
#3704 = CARTESIAN_POINT('',(-0.922300520408,-0.44782432869));
#3705 = CARTESIAN_POINT('',(-0.902273045306,-0.414168725044));
#3706 = CARTESIAN_POINT('',(-0.884565261965,-0.379589140187));
#3707 = CARTESIAN_POINT('',(-0.869048013552,-0.344227552262));
#3708 = CARTESIAN_POINT('',(-0.855608703531,-0.308211518411));
#3709 = CARTESIAN_POINT('',(-0.844153986113,-0.271657123678));
#3710 = ( GEOMETRIC_REPRESENTATION_CONTEXT(2) 
PARAMETRIC_REPRESENTATION_CONTEXT() REPRESENTATION_CONTEXT('2D SPACE',''
  ) );
#3711 = ORIENTED_EDGE('',*,*,#3712,.F.);
#3712 = EDGE_CURVE('',#3713,#3669,#3715,.T.);
#3713 = VERTEX_POINT('',#3714);
#3714 = CARTESIAN_POINT('',(-57.,6.,131.));
#3715 = SURFACE_CURVE('',#3716,(#3720,#3727),.PCURVE_S1.);
#3716 = LINE('',#3717,#3718);
#3717 = CARTESIAN_POINT('',(-57.,-25.,131.));
#3718 = VECTOR('',#3719,1.);
#3719 = DIRECTION('',(-0.,1.,0.));
#3720 = PCURVE('',#1032,#3721);
#3721 = DEFINITIONAL_REPRESENTATION('',(#3722),#3726);
#3722 = LINE('',#3723,#3724);
#3723 = CARTESIAN_POINT('',(0.,0.));
#3724 = VECTOR('',#3725,1.);
#3725 = DIRECTION('',(0.,1.));
#3726 = ( GEOMETRIC_REPRESENTATION_CONTEXT(2) 
PARAMETRIC_REPRESENTATION_CONTEXT() REPRESENTATION_CONTEXT('2D SPACE',''
  ) );
#3727 = PCURVE('',#744,#3728);
#3728 = DEFINITIONAL_REPRESENTATION('',(#3729),#3733);
#3729 = LINE('',#3730,#3731);
#3730 = CARTESIAN_POINT('',(64.,0.));
#3731 = VECTOR('',#3732,1.);
#3732 = DIRECTION('',(0.,-1.));
#3733 = ( GEOMETRIC_REPRESENTATION_CONTEXT(2) 
PARAMETRIC_REPRESENTATION_CONTEXT() REPRESENTATION_CONTEXT('2D SPACE',''
  ) );
#3734 = ORIENTED_EDGE('',*,*,#3735,.F.);
#3735 = EDGE_CURVE('',#3736,#3713,#3738,.T.);
#3736 = VERTEX_POINT('',#3737);
#3737 = CARTESIAN_POINT('',(-36.,6.,131.));
#3738 = SURFACE_CURVE('',#3739,(#3743,#3749),.PCURVE_S1.);
#3739 = LINE('',#3740,#3741);
#3740 = CARTESIAN_POINT('',(-61.5,6.,131.));
#3741 = VECTOR('',#3742,1.);
#3742 = DIRECTION('',(-1.,-0.,0.));
#3743 = PCURVE('',#1032,#3744);
#3744 = DEFINITIONAL_REPRESENTATION('',(#3745),#3748);
#3745 = B_SPLINE_CURVE_WITH_KNOTS('',1,(#3746,#3747),.UNSPECIFIED.,.F.,
  .F.,(2,2),(-25.5,-4.5),.PIECEWISE_BEZIER_KNOTS.);
#3746 = CARTESIAN_POINT('',(21.,31.));
#3747 = CARTESIAN_POINT('',(-1.06581410364E-14,31.));
#3748 = ( GEOMETRIC_REPRESENTATION_CONTEXT(2) 
PARAMETRIC_REPRESENTATION_CONTEXT() REPRESENTATION_CONTEXT('2D SPACE',''
  ) );
#3749 = PCURVE('',#3750,#3755);
#3750 = PLANE('',#3751);
#3751 = AXIS2_PLACEMENT_3D('',#3752,#3753,#3754);
#3752 = CARTESIAN_POINT('',(-66.,6.,115.));
#3753 = DIRECTION('',(-0.,1.,0.));
#3754 = DIRECTION('',(0.,0.,1.));
#3755 = DEFINITIONAL_REPRESENTATION('',(#3756),#3759);
#3756 = B_SPLINE_CURVE_WITH_KNOTS('',1,(#3757,#3758),.UNSPECIFIED.,.F.,
  .F.,(2,2),(-25.5,-4.5),.PIECEWISE_BEZIER_KNOTS.);
#3757 = CARTESIAN_POINT('',(16.,30.));
#3758 = CARTESIAN_POINT('',(16.,9.));
#3759 = ( GEOMETRIC_REPRESENTATION_CONTEXT(2) 
PARAMETRIC_REPRESENTATION_CONTEXT() REPRESENTATION_CONTEXT('2D SPACE',''
  ) );
#3760 = ORIENTED_EDGE('',*,*,#3761,.F.);
#3761 = EDGE_CURVE('',#3453,#3736,#3762,.T.);
#3762 = SURFACE_CURVE('',#3763,(#3768,#3775),.PCURVE_S1.);
#3763 = CIRCLE('',#3764,8.);
#3764 = AXIS2_PLACEMENT_3D('',#3765,#3766,#3767);
#3765 = CARTESIAN_POINT('',(-36.,-2.,131.));
#3766 = DIRECTION('',(0.,0.,1.));
#3767 = DIRECTION('',(1.,0.,-0.));
#3768 = PCURVE('',#1032,#3769);
#3769 = DEFINITIONAL_REPRESENTATION('',(#3770),#3774);
#3770 = CIRCLE('',#3771,8.);
#3771 = AXIS2_PLACEMENT_2D('',#3772,#3773);
#3772 = CARTESIAN_POINT('',(21.,23.));
#3773 = DIRECTION('',(1.,0.));
#3774 = ( GEOMETRIC_REPRESENTATION_CONTEXT(2) 
PARAMETRIC_REPRESENTATION_CONTEXT() REPRESENTATION_CONTEXT('2D SPACE',''
  ) );
#3775 = PCURVE('',#3468,#3776);
#3776 = DEFINITIONAL_REPRESENTATION('',(#3777),#3781);
#3777 = LINE('',#3778,#3779);
#3778 = CARTESIAN_POINT('',(0.,16.));
#3779 = VECTOR('',#3780,1.);
#3780 = DIRECTION('',(1.,0.));
#3781 = ( GEOMETRIC_REPRESENTATION_CONTEXT(2) 
PARAMETRIC_REPRESENTATION_CONTEXT() REPRESENTATION_CONTEXT('2D SPACE',''
  ) );
#3782 = ADVANCED_FACE('',(#3783),#1006,.F.);
#3783 = FACE_BOUND('',#3784,.F.);
#3784 = EDGE_LOOP('',(#3785,#3786,#3809,#3830));
#3785 = ORIENTED_EDGE('',*,*,#991,.T.);
#3786 = ORIENTED_EDGE('',*,*,#3787,.T.);
#3787 = EDGE_CURVE('',#963,#3788,#3790,.T.);
#3788 = VERTEX_POINT('',#3789);
#3789 = CARTESIAN_POINT('',(28.,-2.,123.));
#3790 = SURFACE_CURVE('',#3791,(#3795,#3802),.PCURVE_S1.);
#3791 = LINE('',#3792,#3793);
#3792 = CARTESIAN_POINT('',(28.,-12.,123.));
#3793 = VECTOR('',#3794,1.);
#3794 = DIRECTION('',(-0.,1.,0.));
#3795 = PCURVE('',#1006,#3796);
#3796 = DEFINITIONAL_REPRESENTATION('',(#3797),#3801);
#3797 = LINE('',#3798,#3799);
#3798 = CARTESIAN_POINT('',(8.,0.));
#3799 = VECTOR('',#3800,1.);
#3800 = DIRECTION('',(0.,-1.));
#3801 = ( GEOMETRIC_REPRESENTATION_CONTEXT(2) 
PARAMETRIC_REPRESENTATION_CONTEXT() REPRESENTATION_CONTEXT('2D SPACE',''
  ) );
#3802 = PCURVE('',#979,#3803);
#3803 = DEFINITIONAL_REPRESENTATION('',(#3804),#3808);
#3804 = LINE('',#3805,#3806);
#3805 = CARTESIAN_POINT('',(-0.,0.));
#3806 = VECTOR('',#3807,1.);
#3807 = DIRECTION('',(-0.,1.));
#3808 = ( GEOMETRIC_REPRESENTATION_CONTEXT(2) 
PARAMETRIC_REPRESENTATION_CONTEXT() REPRESENTATION_CONTEXT('2D SPACE',''
  ) );
#3809 = ORIENTED_EDGE('',*,*,#3810,.T.);
#3810 = EDGE_CURVE('',#3788,#3505,#3811,.T.);
#3811 = SURFACE_CURVE('',#3812,(#3816,#3823),.PCURVE_S1.);
#3812 = LINE('',#3813,#3814);
#3813 = CARTESIAN_POINT('',(28.,-2.,115.));
#3814 = VECTOR('',#3815,1.);
#3815 = DIRECTION('',(0.,0.,1.));
#3816 = PCURVE('',#1006,#3817);
#3817 = DEFINITIONAL_REPRESENTATION('',(#3818),#3822);
#3818 = LINE('',#3819,#3820);
#3819 = CARTESIAN_POINT('',(0.,-10.));
#3820 = VECTOR('',#3821,1.);
#3821 = DIRECTION('',(1.,0.));
#3822 = ( GEOMETRIC_REPRESENTATION_CONTEXT(2) 
PARAMETRIC_REPRESENTATION_CONTEXT() REPRESENTATION_CONTEXT('2D SPACE',''
  ) );
#3823 = PCURVE('',#3542,#3824);
#3824 = DEFINITIONAL_REPRESENTATION('',(#3825),#3829);
#3825 = LINE('',#3826,#3827);
#3826 = CARTESIAN_POINT('',(-0.,0.));
#3827 = VECTOR('',#3828,1.);
#3828 = DIRECTION('',(-0.,1.));
#3829 = ( GEOMETRIC_REPRESENTATION_CONTEXT(2) 
PARAMETRIC_REPRESENTATION_CONTEXT() REPRESENTATION_CONTEXT('2D SPACE',''
  ) );
#3830 = ORIENTED_EDGE('',*,*,#3504,.F.);
#3831 = ADVANCED_FACE('',(#3832),#979,.T.);
#3832 = FACE_BOUND('',#3833,.F.);
#3833 = EDGE_LOOP('',(#3834,#3835,#3858,#3883));
#3834 = ORIENTED_EDGE('',*,*,#962,.F.);
#3835 = ORIENTED_EDGE('',*,*,#3836,.T.);
#3836 = EDGE_CURVE('',#937,#3837,#3839,.T.);
#3837 = VERTEX_POINT('',#3838);
#3838 = CARTESIAN_POINT('',(36.,-2.,115.));
#3839 = SURFACE_CURVE('',#3840,(#3844,#3851),.PCURVE_S1.);
#3840 = LINE('',#3841,#3842);
#3841 = CARTESIAN_POINT('',(36.,-12.,115.));
#3842 = VECTOR('',#3843,1.);
#3843 = DIRECTION('',(-0.,1.,0.));
#3844 = PCURVE('',#979,#3845);
#3845 = DEFINITIONAL_REPRESENTATION('',(#3846),#3850);
#3846 = LINE('',#3847,#3848);
#3847 = CARTESIAN_POINT('',(-1.570796326795,0.));
#3848 = VECTOR('',#3849,1.);
#3849 = DIRECTION('',(-0.,1.));
#3850 = ( GEOMETRIC_REPRESENTATION_CONTEXT(2) 
PARAMETRIC_REPRESENTATION_CONTEXT() REPRESENTATION_CONTEXT('2D SPACE',''
  ) );
#3851 = PCURVE('',#951,#3852);
#3852 = DEFINITIONAL_REPRESENTATION('',(#3853),#3857);
#3853 = LINE('',#3854,#3855);
#3854 = CARTESIAN_POINT('',(8.,0.));
#3855 = VECTOR('',#3856,1.);
#3856 = DIRECTION('',(0.,1.));
#3857 = ( GEOMETRIC_REPRESENTATION_CONTEXT(2) 
PARAMETRIC_REPRESENTATION_CONTEXT() REPRESENTATION_CONTEXT('2D SPACE',''
  ) );
#3858 = ORIENTED_EDGE('',*,*,#3859,.T.);
#3859 = EDGE_CURVE('',#3837,#3788,#3860,.T.);
#3860 = SURFACE_CURVE('',#3861,(#3866,#3872),.PCURVE_S1.);
#3861 = CIRCLE('',#3862,8.);
#3862 = AXIS2_PLACEMENT_3D('',#3863,#3864,#3865);
#3863 = CARTESIAN_POINT('',(36.,-2.,123.));
#3864 = DIRECTION('',(0.,1.,-0.));
#3865 = DIRECTION('',(-1.,0.,0.));
#3866 = PCURVE('',#979,#3867);
#3867 = DEFINITIONAL_REPRESENTATION('',(#3868),#3871);
#3868 = B_SPLINE_CURVE_WITH_KNOTS('',1,(#3869,#3870),.UNSPECIFIED.,.F.,
  .F.,(2,2),(4.712388980385,6.28318530718),.PIECEWISE_BEZIER_KNOTS.);
#3869 = CARTESIAN_POINT('',(-1.570796326795,10.));
#3870 = CARTESIAN_POINT('',(0.,10.));
#3871 = ( GEOMETRIC_REPRESENTATION_CONTEXT(2) 
PARAMETRIC_REPRESENTATION_CONTEXT() REPRESENTATION_CONTEXT('2D SPACE',''
  ) );
#3872 = PCURVE('',#3873,#3878);
#3873 = SPHERICAL_SURFACE('',#3874,8.);
#3874 = AXIS2_PLACEMENT_3D('',#3875,#3876,#3877);
#3875 = CARTESIAN_POINT('',(36.,-2.,123.));
#3876 = DIRECTION('',(0.,0.,1.));
#3877 = DIRECTION('',(-1.,0.,0.));
#3878 = DEFINITIONAL_REPRESENTATION('',(#3879),#3882);
#3879 = B_SPLINE_CURVE_WITH_KNOTS('',1,(#3880,#3881),.UNSPECIFIED.,.F.,
  .F.,(2,2),(4.712388980385,6.28318530718),.PIECEWISE_BEZIER_KNOTS.);
#3880 = CARTESIAN_POINT('',(0.,-1.570796326795));
#3881 = CARTESIAN_POINT('',(0.,0.));
#3882 = ( GEOMETRIC_REPRESENTATION_CONTEXT(2) 
PARAMETRIC_REPRESENTATION_CONTEXT() REPRESENTATION_CONTEXT('2D SPACE',''
  ) );
#3883 = ORIENTED_EDGE('',*,*,#3787,.F.);
#3884 = ADVANCED_FACE('',(#3885),#951,.F.);
#3885 = FACE_BOUND('',#3886,.F.);
#3886 = EDGE_LOOP('',(#3887,#3888,#3889,#3910));
#3887 = ORIENTED_EDGE('',*,*,#3836,.F.);
#3888 = ORIENTED_EDGE('',*,*,#936,.T.);
#3889 = ORIENTED_EDGE('',*,*,#3890,.T.);
#3890 = EDGE_CURVE('',#908,#3891,#3893,.T.);
#3891 = VERTEX_POINT('',#3892);
#3892 = CARTESIAN_POINT('',(53.527864045,-2.,115.));
#3893 = SURFACE_CURVE('',#3894,(#3898,#3904),.PCURVE_S1.);
#3894 = LINE('',#3895,#3896);
#3895 = CARTESIAN_POINT('',(53.527864045,-10.,115.));
#3896 = VECTOR('',#3897,1.);
#3897 = DIRECTION('',(0.,1.,0.));
#3898 = PCURVE('',#951,#3899);
#3899 = DEFINITIONAL_REPRESENTATION('',(#3900),#3903);
#3900 = B_SPLINE_CURVE_WITH_KNOTS('',1,(#3901,#3902),.UNSPECIFIED.,.F.,
  .F.,(2,2),(5.8,8.2),.PIECEWISE_BEZIER_KNOTS.);
#3901 = CARTESIAN_POINT('',(25.527864045,7.8));
#3902 = CARTESIAN_POINT('',(25.527864045,10.2));
#3903 = ( GEOMETRIC_REPRESENTATION_CONTEXT(2) 
PARAMETRIC_REPRESENTATION_CONTEXT() REPRESENTATION_CONTEXT('2D SPACE',''
  ) );
#3904 = PCURVE('',#924,#3905);
#3905 = DEFINITIONAL_REPRESENTATION('',(#3906),#3909);
#3906 = B_SPLINE_CURVE_WITH_KNOTS('',1,(#3907,#3908),.UNSPECIFIED.,.F.,
  .F.,(2,2),(5.8,8.2),.PIECEWISE_BEZIER_KNOTS.);
#3907 = CARTESIAN_POINT('',(2.411864997363,5.8));
#3908 = CARTESIAN_POINT('',(2.411864997363,8.2));
#3909 = ( GEOMETRIC_REPRESENTATION_CONTEXT(2) 
PARAMETRIC_REPRESENTATION_CONTEXT() REPRESENTATION_CONTEXT('2D SPACE',''
  ) );
#3910 = ORIENTED_EDGE('',*,*,#3911,.F.);
#3911 = EDGE_CURVE('',#3837,#3891,#3912,.T.);
#3912 = SURFACE_CURVE('',#3913,(#3917,#3924),.PCURVE_S1.);
#3913 = LINE('',#3914,#3915);
#3914 = CARTESIAN_POINT('',(28.,-2.,115.));
#3915 = VECTOR('',#3916,1.);
#3916 = DIRECTION('',(1.,0.,-0.));
#3917 = PCURVE('',#951,#3918);
#3918 = DEFINITIONAL_REPRESENTATION('',(#3919),#3923);
#3919 = LINE('',#3920,#3921);
#3920 = CARTESIAN_POINT('',(0.,10.));
#3921 = VECTOR('',#3922,1.);
#3922 = DIRECTION('',(1.,0.));
#3923 = ( GEOMETRIC_REPRESENTATION_CONTEXT(2) 
PARAMETRIC_REPRESENTATION_CONTEXT() REPRESENTATION_CONTEXT('2D SPACE',''
  ) );
#3924 = PCURVE('',#3925,#3930);
#3925 = CYLINDRICAL_SURFACE('',#3926,8.);
#3926 = AXIS2_PLACEMENT_3D('',#3927,#3928,#3929);
#3927 = CARTESIAN_POINT('',(28.,-2.,123.));
#3928 = DIRECTION('',(1.,0.,-0.));
#3929 = DIRECTION('',(0.,1.,0.));
#3930 = DEFINITIONAL_REPRESENTATION('',(#3931),#3935);
#3931 = LINE('',#3932,#3933);
#3932 = CARTESIAN_POINT('',(-1.570796326795,0.));
#3933 = VECTOR('',#3934,1.);
#3934 = DIRECTION('',(-0.,1.));
#3935 = ( GEOMETRIC_REPRESENTATION_CONTEXT(2) 
PARAMETRIC_REPRESENTATION_CONTEXT() REPRESENTATION_CONTEXT('2D SPACE',''
  ) );
#3936 = ADVANCED_FACE('',(#3937),#924,.T.);
#3937 = FACE_BOUND('',#3938,.T.);
#3938 = EDGE_LOOP('',(#3939,#3970,#3989,#3990,#3991));
#3939 = ORIENTED_EDGE('',*,*,#3940,.F.);
#3940 = EDGE_CURVE('',#3941,#3943,#3945,.T.);
#3941 = VERTEX_POINT('',#3942);
#3942 = CARTESIAN_POINT('',(57.,4.,113.0839202169));
#3943 = VERTEX_POINT('',#3944);
#3944 = CARTESIAN_POINT('',(52.14064671,4.,117.70849737787));
#3945 = SURFACE_CURVE('',#3946,(#3951,#3958),.PCURVE_S1.);
#3946 = CIRCLE('',#3947,6.);
#3947 = AXIS2_PLACEMENT_3D('',#3948,#3949,#3950);
#3948 = CARTESIAN_POINT('',(58.,4.,119.));
#3949 = DIRECTION('',(-0.,1.,0.));
#3950 = DIRECTION('',(1.,0.,0.));
#3951 = PCURVE('',#924,#3952);
#3952 = DEFINITIONAL_REPRESENTATION('',(#3953),#3957);
#3953 = LINE('',#3954,#3955);
#3954 = CARTESIAN_POINT('',(0.,14.));
#3955 = VECTOR('',#3956,1.);
#3956 = DIRECTION('',(1.,0.));
#3957 = ( GEOMETRIC_REPRESENTATION_CONTEXT(2) 
PARAMETRIC_REPRESENTATION_CONTEXT() REPRESENTATION_CONTEXT('2D SPACE',''
  ) );
#3958 = PCURVE('',#3959,#3964);
#3959 = PLANE('',#3960);
#3960 = AXIS2_PLACEMENT_3D('',#3961,#3962,#3963);
#3961 = CARTESIAN_POINT('',(58.,4.,119.));
#3962 = DIRECTION('',(0.,1.,0.));
#3963 = DIRECTION('',(1.,0.,0.));
#3964 = DEFINITIONAL_REPRESENTATION('',(#3965),#3969);
#3965 = CIRCLE('',#3966,6.);
#3966 = AXIS2_PLACEMENT_2D('',#3967,#3968);
#3967 = CARTESIAN_POINT('',(0.,0.));
#3968 = DIRECTION('',(1.,0.));
#3969 = ( GEOMETRIC_REPRESENTATION_CONTEXT(2) 
PARAMETRIC_REPRESENTATION_CONTEXT() REPRESENTATION_CONTEXT('2D SPACE',''
  ) );
#3970 = ORIENTED_EDGE('',*,*,#3971,.F.);
#3971 = EDGE_CURVE('',#887,#3941,#3972,.T.);
#3972 = SURFACE_CURVE('',#3973,(#3977,#3983),.PCURVE_S1.);
#3973 = LINE('',#3974,#3975);
#3974 = CARTESIAN_POINT('',(57.,-10.,113.0839202169));
#3975 = VECTOR('',#3976,1.);
#3976 = DIRECTION('',(0.,1.,0.));
#3977 = PCURVE('',#924,#3978);
#3978 = DEFINITIONAL_REPRESENTATION('',(#3979),#3982);
#3979 = B_SPLINE_CURVE_WITH_KNOTS('',1,(#3980,#3981),.UNSPECIFIED.,.F.,
  .F.,(2,2),(-5.999999999062E-07,14.0000006),.PIECEWISE_BEZIER_KNOTS.);
#3980 = CARTESIAN_POINT('',(1.738244406015,-5.999999999062E-07));
#3981 = CARTESIAN_POINT('',(1.738244406015,14.0000006));
#3982 = ( GEOMETRIC_REPRESENTATION_CONTEXT(2) 
PARAMETRIC_REPRESENTATION_CONTEXT() REPRESENTATION_CONTEXT('2D SPACE',''
  ) );
#3983 = PCURVE('',#846,#3984);
#3984 = DEFINITIONAL_REPRESENTATION('',(#3985),#3988);
#3985 = B_SPLINE_CURVE_WITH_KNOTS('',1,(#3986,#3987),.UNSPECIFIED.,.F.,
  .F.,(2,2),(-5.999999999062E-07,14.0000006),.PIECEWISE_BEZIER_KNOTS.);
#3986 = CARTESIAN_POINT('',(46.0839202169,-14.9999994));
#3987 = CARTESIAN_POINT('',(46.0839202169,-29.0000006));
#3988 = ( GEOMETRIC_REPRESENTATION_CONTEXT(2) 
PARAMETRIC_REPRESENTATION_CONTEXT() REPRESENTATION_CONTEXT('2D SPACE',''
  ) );
#3989 = ORIENTED_EDGE('',*,*,#907,.T.);
#3990 = ORIENTED_EDGE('',*,*,#3890,.T.);
#3991 = ORIENTED_EDGE('',*,*,#3992,.T.);
#3992 = EDGE_CURVE('',#3891,#3943,#3993,.T.);
#3993 = SURFACE_CURVE('',#3994,(#4015,#4039),.PCURVE_S1.);
#3994 = B_SPLINE_CURVE_WITH_KNOTS('',7,(#3995,#3996,#3997,#3998,#3999,
    #4000,#4001,#4002,#4003,#4004,#4005,#4006,#4007,#4008,#4009,#4010,
    #4011,#4012,#4013,#4014),.UNSPECIFIED.,.F.,.F.,(8,6,6,8),(0.,
    0.572920596061,0.879914086786,1.),.UNSPECIFIED.);
#3995 = CARTESIAN_POINT('',(53.527864045,-2.,115.));
#3996 = CARTESIAN_POINT('',(53.527864045,-1.454238204515,115.));
#3997 = CARTESIAN_POINT('',(53.489012759229,-0.915757484882,
    115.04343717856));
#3998 = CARTESIAN_POINT('',(53.413175349706,-0.384057904228,
    115.12822625252));
#3999 = CARTESIAN_POINT('',(53.305419035596,0.140725757763,
    115.25404485531));
#4000 = CARTESIAN_POINT('',(53.17360250082,0.656610162191,
    115.42142431759));
#4001 = CARTESIAN_POINT('',(53.027164845849,1.159635743832,
    115.63021796578));
#4002 = CARTESIAN_POINT('',(52.79487045428,1.904701766892,116.0115398189
    ));
#4003 = CARTESIAN_POINT('',(52.712063004281,2.16072757391,116.1565422765
    ));
#4004 = CARTESIAN_POINT('',(52.628686757969,2.41290426603,
    116.31388185424));
#4005 = CARTESIAN_POINT('',(52.545975345898,2.661142177128,
    116.4840575299));
#4006 = CARTESIAN_POINT('',(52.465269623508,2.905163070717,
    116.66765872544));
#4007 = CARTESIAN_POINT('',(52.388096657471,3.144476569276,
    116.86532984277));
#4008 = CARTESIAN_POINT('',(52.288160814182,3.469848362209,
    117.1608192252));
#4009 = CARTESIAN_POINT('',(52.260872830602,3.560520790785,
    117.2461729892));
#4010 = CARTESIAN_POINT('',(52.234503894579,3.650338704473,
    117.33384026665));
#4011 = CARTESIAN_POINT('',(52.209168831672,3.739254676736,
    117.4238650853));
#4012 = CARTESIAN_POINT('',(52.184990923045,3.827213377616,
    117.51628983339));
#4013 = CARTESIAN_POINT('',(52.162102670255,3.914151985684,
    117.61115485715));
#4014 = CARTESIAN_POINT('',(52.140646560042,4.0000006,117.7084980582));
#4015 = PCURVE('',#924,#4016);
#4016 = DEFINITIONAL_REPRESENTATION('',(#4017),#4038);
#4017 = B_SPLINE_CURVE_WITH_KNOTS('',7,(#4018,#4019,#4020,#4021,#4022,
    #4023,#4024,#4025,#4026,#4027,#4028,#4029,#4030,#4031,#4032,#4033,
    #4034,#4035,#4036,#4037),.UNSPECIFIED.,.F.,.F.,(8,6,6,8),(0.,
    0.572920596061,0.879914086786,1.),.UNSPECIFIED.);
#4018 = CARTESIAN_POINT('',(2.411864997363,8.));
#4019 = CARTESIAN_POINT('',(2.411864997363,8.545761795485));
#4020 = CARTESIAN_POINT('',(2.421577773542,9.084242515118));
#4021 = CARTESIAN_POINT('',(2.440537422245,9.615942095772));
#4022 = CARTESIAN_POINT('',(2.468139838552,10.140725757763));
#4023 = CARTESIAN_POINT('',(2.503578835446,10.656610162191));
#4024 = CARTESIAN_POINT('',(2.54599506122,11.159635743832));
#4025 = CARTESIAN_POINT('',(2.620412621875,11.904701766892));
#4026 = CARTESIAN_POINT('',(2.648231773166,12.16072757391));
#4027 = CARTESIAN_POINT('',(2.677884695288,12.41290426603));
#4028 = CARTESIAN_POINT('',(2.709382831537,12.661142177128));
#4029 = CARTESIAN_POINT('',(2.742764588504,12.905163070717));
#4030 = CARTESIAN_POINT('',(2.778094015817,13.144476569276));
#4031 = CARTESIAN_POINT('',(2.830082569019,13.469848362209));
#4032 = CARTESIAN_POINT('',(2.845015435434,13.560520790785));
#4033 = CARTESIAN_POINT('',(2.860269600964,13.650338704473));
#4034 = CARTESIAN_POINT('',(2.87585196145,13.739254676736));
#4035 = CARTESIAN_POINT('',(2.891769863113,13.827213377616));
#4036 = CARTESIAN_POINT('',(2.908031197867,13.914151985684));
#4037 = CARTESIAN_POINT('',(2.924644498644,14.0000006));
#4038 = ( GEOMETRIC_REPRESENTATION_CONTEXT(2) 
PARAMETRIC_REPRESENTATION_CONTEXT() REPRESENTATION_CONTEXT('2D SPACE',''
  ) );
#4039 = PCURVE('',#3925,#4040);
#4040 = DEFINITIONAL_REPRESENTATION('',(#4041),#4062);
#4041 = B_SPLINE_CURVE_WITH_KNOTS('',7,(#4042,#4043,#4044,#4045,#4046,
    #4047,#4048,#4049,#4050,#4051,#4052,#4053,#4054,#4055,#4056,#4057,
    #4058,#4059,#4060,#4061),.UNSPECIFIED.,.F.,.F.,(8,6,6,8),(0.,
    0.572920596061,0.879914086786,1.),.UNSPECIFIED.);
#4042 = CARTESIAN_POINT('',(-1.570796326795,25.527864045));
#4043 = CARTESIAN_POINT('',(-1.502576102359,25.527864045));
#4044 = CARTESIAN_POINT('',(-1.435266022158,25.489012759229));
#4045 = CARTESIAN_POINT('',(-1.368284956824,25.413175349706));
#4046 = CARTESIAN_POINT('',(-1.301193587342,25.305419035596));
#4047 = CARTESIAN_POINT('',(-1.233740950932,25.17360250082));
#4048 = CARTESIAN_POINT('',(-1.165876909115,25.027164845849));
#4049 = CARTESIAN_POINT('',(-1.061254841177,24.79487045428));
#4050 = CARTESIAN_POINT('',(-1.024508176835,24.712063004281));
#4051 = CARTESIAN_POINT('',(-0.987407813882,24.628686757969));
#4052 = CARTESIAN_POINT('',(-0.949851013749,24.545975345898));
#4053 = CARTESIAN_POINT('',(-0.911740582549,24.465269623508));
#4054 = CARTESIAN_POINT('',(-0.872983939922,24.388096657471));
#4055 = CARTESIAN_POINT('',(-0.818043520664,24.288160814182));
#4056 = CARTESIAN_POINT('',(-0.802480245581,24.260872830602));
#4057 = CARTESIAN_POINT('',(-0.786795602529,24.234503894579));
#4058 = CARTESIAN_POINT('',(-0.770983852854,24.209168831672));
#4059 = CARTESIAN_POINT('',(-0.755039655694,24.184990923045));
#4060 = CARTESIAN_POINT('',(-0.738957999644,24.162102670255));
#4061 = CARTESIAN_POINT('',(-0.722734134424,24.140646560042));
#4062 = ( GEOMETRIC_REPRESENTATION_CONTEXT(2) 
PARAMETRIC_REPRESENTATION_CONTEXT() REPRESENTATION_CONTEXT('2D SPACE',''
  ) );
#4063 = ADVANCED_FACE('',(#4064),#846,.F.);
#4064 = FACE_BOUND('',#4065,.F.);
#4065 = EDGE_LOOP('',(#4066,#4067,#4090,#4127,#4155,#4190,#4191,#4212,
    #4236,#4257,#4283,#4304,#4323,#4324,#4325,#4346,#4372));
#4066 = ORIENTED_EDGE('',*,*,#831,.T.);
#4067 = ORIENTED_EDGE('',*,*,#4068,.T.);
#4068 = EDGE_CURVE('',#806,#4069,#4071,.T.);
#4069 = VERTEX_POINT('',#4070);
#4070 = CARTESIAN_POINT('',(57.,11.708203932499,67.));
#4071 = SURFACE_CURVE('',#4072,(#4076,#4083),.PCURVE_S1.);
#4072 = LINE('',#4073,#4074);
#4073 = CARTESIAN_POINT('',(57.,-25.,67.));
#4074 = VECTOR('',#4075,1.);
#4075 = DIRECTION('',(-0.,1.,0.));
#4076 = PCURVE('',#846,#4077);
#4077 = DEFINITIONAL_REPRESENTATION('',(#4078),#4082);
#4078 = LINE('',#4079,#4080);
#4079 = CARTESIAN_POINT('',(0.,0.));
#4080 = VECTOR('',#4081,1.);
#4081 = DIRECTION('',(0.,-1.));
#4082 = ( GEOMETRIC_REPRESENTATION_CONTEXT(2) 
PARAMETRIC_REPRESENTATION_CONTEXT() REPRESENTATION_CONTEXT('2D SPACE',''
  ) );
#4083 = PCURVE('',#820,#4084);
#4084 = DEFINITIONAL_REPRESENTATION('',(#4085),#4089);
#4085 = LINE('',#4086,#4087);
#4086 = CARTESIAN_POINT('',(114.,0.));
#4087 = VECTOR('',#4088,1.);
#4088 = DIRECTION('',(0.,1.));
#4089 = ( GEOMETRIC_REPRESENTATION_CONTEXT(2) 
PARAMETRIC_REPRESENTATION_CONTEXT() REPRESENTATION_CONTEXT('2D SPACE',''
  ) );
#4090 = ORIENTED_EDGE('',*,*,#4091,.T.);
#4091 = EDGE_CURVE('',#4069,#4092,#4094,.T.);
#4092 = VERTEX_POINT('',#4093);
#4093 = CARTESIAN_POINT('',(57.,23.,78.291796067501));
#4094 = SURFACE_CURVE('',#4095,(#4100,#4107),.PCURVE_S1.);
#4095 = CIRCLE('',#4096,19.209372712299);
#4096 = AXIS2_PLACEMENT_3D('',#4097,#4098,#4099);
#4097 = CARTESIAN_POINT('',(57.,5.,85.));
#4098 = DIRECTION('',(1.,0.,-0.));
#4099 = DIRECTION('',(0.,0.,1.));
#4100 = PCURVE('',#846,#4101);
#4101 = DEFINITIONAL_REPRESENTATION('',(#4102),#4106);
#4102 = CIRCLE('',#4103,19.209372712299);
#4103 = AXIS2_PLACEMENT_2D('',#4104,#4105);
#4104 = CARTESIAN_POINT('',(18.,-30.));
#4105 = DIRECTION('',(1.,0.));
#4106 = ( GEOMETRIC_REPRESENTATION_CONTEXT(2) 
PARAMETRIC_REPRESENTATION_CONTEXT() REPRESENTATION_CONTEXT('2D SPACE',''
  ) );
#4107 = PCURVE('',#1506,#4108);
#4108 = DEFINITIONAL_REPRESENTATION('',(#4109),#4126);
#4109 = B_SPLINE_CURVE_WITH_KNOTS('',8,(#4110,#4111,#4112,#4113,#4114,
    #4115,#4116,#4117,#4118,#4119,#4120,#4121,#4122,#4123,#4124,#4125),
  .UNSPECIFIED.,.F.,.F.,(9,7,9),(3.498326042104,3.926990816987,
    4.355655591871),.UNSPECIFIED.);
#4110 = CARTESIAN_POINT('',(0.397001122914,-0.803802318933));
#4111 = CARTESIAN_POINT('',(0.448269999645,-0.783084176266));
#4112 = CARTESIAN_POINT('',(0.495849917273,-0.759470629197));
#4113 = CARTESIAN_POINT('',(0.539523413329,-0.733287652075));
#4114 = CARTESIAN_POINT('',(0.579313655768,-0.704869924969));
#4115 = CARTESIAN_POINT('',(0.61540558518,-0.674522773736));
#4116 = CARTESIAN_POINT('',(0.648032148146,-0.642512075999));
#4117 = CARTESIAN_POINT('',(0.67744346416,-0.609068308285));
#4118 = CARTESIAN_POINT('',(0.730315990358,-0.539712468484));
#4119 = CARTESIAN_POINT('',(0.753777203535,-0.50380039418));
#4120 = CARTESIAN_POINT('',(0.774503966935,-0.466853182274));
#4121 = CARTESIAN_POINT('',(0.792727563919,-0.429038299894));
#4122 = CARTESIAN_POINT('',(0.808649939745,-0.390497081436));
#4123 = CARTESIAN_POINT('',(0.822440271791,-0.351350714668));
#4124 = CARTESIAN_POINT('',(0.83423822498,-0.311705629595));
#4125 = CARTESIAN_POINT('',(0.844153986113,-0.271657123678));
#4126 = ( GEOMETRIC_REPRESENTATION_CONTEXT(2) 
PARAMETRIC_REPRESENTATION_CONTEXT() REPRESENTATION_CONTEXT('2D SPACE',''
  ) );
#4127 = ORIENTED_EDGE('',*,*,#4128,.T.);
#4128 = EDGE_CURVE('',#4092,#4129,#4131,.T.);
#4129 = VERTEX_POINT('',#4130);
#4130 = CARTESIAN_POINT('',(57.,23.,119.70820393249));
#4131 = SURFACE_CURVE('',#4132,(#4136,#4143),.PCURVE_S1.);
#4132 = LINE('',#4133,#4134);
#4133 = CARTESIAN_POINT('',(57.,23.,67.));
#4134 = VECTOR('',#4135,1.);
#4135 = DIRECTION('',(0.,0.,1.));
#4136 = PCURVE('',#846,#4137);
#4137 = DEFINITIONAL_REPRESENTATION('',(#4138),#4142);
#4138 = LINE('',#4139,#4140);
#4139 = CARTESIAN_POINT('',(0.,-48.));
#4140 = VECTOR('',#4141,1.);
#4141 = DIRECTION('',(1.,0.));
#4142 = ( GEOMETRIC_REPRESENTATION_CONTEXT(2) 
PARAMETRIC_REPRESENTATION_CONTEXT() REPRESENTATION_CONTEXT('2D SPACE',''
  ) );
#4143 = PCURVE('',#4144,#4149);
#4144 = PLANE('',#4145);
#4145 = AXIS2_PLACEMENT_3D('',#4146,#4147,#4148);
#4146 = CARTESIAN_POINT('',(-57.,23.,67.));
#4147 = DIRECTION('',(-0.,1.,0.));
#4148 = DIRECTION('',(0.,0.,1.));
#4149 = DEFINITIONAL_REPRESENTATION('',(#4150),#4154);
#4150 = LINE('',#4151,#4152);
#4151 = CARTESIAN_POINT('',(0.,114.));
#4152 = VECTOR('',#4153,1.);
#4153 = DIRECTION('',(1.,0.));
#4154 = ( GEOMETRIC_REPRESENTATION_CONTEXT(2) 
PARAMETRIC_REPRESENTATION_CONTEXT() REPRESENTATION_CONTEXT('2D SPACE',''
  ) );
#4155 = ORIENTED_EDGE('',*,*,#4156,.T.);
#4156 = EDGE_CURVE('',#4129,#3581,#4157,.T.);
#4157 = SURFACE_CURVE('',#4158,(#4163,#4170),.PCURVE_S1.);
#4158 = CIRCLE('',#4159,19.209372712299);
#4159 = AXIS2_PLACEMENT_3D('',#4160,#4161,#4162);
#4160 = CARTESIAN_POINT('',(57.,5.,113.));
#4161 = DIRECTION('',(1.,0.,-0.));
#4162 = DIRECTION('',(0.,0.,1.));
#4163 = PCURVE('',#846,#4164);
#4164 = DEFINITIONAL_REPRESENTATION('',(#4165),#4169);
#4165 = CIRCLE('',#4166,19.209372712299);
#4166 = AXIS2_PLACEMENT_2D('',#4167,#4168);
#4167 = CARTESIAN_POINT('',(46.,-30.));
#4168 = DIRECTION('',(1.,0.));
#4169 = ( GEOMETRIC_REPRESENTATION_CONTEXT(2) 
PARAMETRIC_REPRESENTATION_CONTEXT() REPRESENTATION_CONTEXT('2D SPACE',''
  ) );
#4170 = PCURVE('',#1940,#4171);
#4171 = DEFINITIONAL_REPRESENTATION('',(#4172),#4189);
#4172 = B_SPLINE_CURVE_WITH_KNOTS('',8,(#4173,#4174,#4175,#4176,#4177,
    #4178,#4179,#4180,#4181,#4182,#4183,#4184,#4185,#4186,#4187,#4188),
  .UNSPECIFIED.,.F.,.F.,(9,7,9),(5.069122368899,5.497787143782,
    5.926451918665),.UNSPECIFIED.);
#4173 = CARTESIAN_POINT('',(0.397001122914,-0.803802318933));
#4174 = CARTESIAN_POINT('',(0.448269999645,-0.783084176266));
#4175 = CARTESIAN_POINT('',(0.495849917273,-0.759470629196));
#4176 = CARTESIAN_POINT('',(0.539523413332,-0.733287652074));
#4177 = CARTESIAN_POINT('',(0.579313655768,-0.704869924969));
#4178 = CARTESIAN_POINT('',(0.615405585182,-0.674522773736));
#4179 = CARTESIAN_POINT('',(0.648032148145,-0.642512075999));
#4180 = CARTESIAN_POINT('',(0.67744346416,-0.609068308285));
#4181 = CARTESIAN_POINT('',(0.730315990358,-0.539712468484));
#4182 = CARTESIAN_POINT('',(0.753777203535,-0.50380039418));
#4183 = CARTESIAN_POINT('',(0.774503966935,-0.466853182274));
#4184 = CARTESIAN_POINT('',(0.792727563919,-0.429038299894));
#4185 = CARTESIAN_POINT('',(0.808649939745,-0.390497081436));
#4186 = CARTESIAN_POINT('',(0.822440271791,-0.351350714668));
#4187 = CARTESIAN_POINT('',(0.83423822498,-0.311705629595));
#4188 = CARTESIAN_POINT('',(0.844153986113,-0.271657123678));
#4189 = ( GEOMETRIC_REPRESENTATION_CONTEXT(2) 
PARAMETRIC_REPRESENTATION_CONTEXT() REPRESENTATION_CONTEXT('2D SPACE',''
  ) );
#4190 = ORIENTED_EDGE('',*,*,#3580,.F.);
#4191 = ORIENTED_EDGE('',*,*,#4192,.F.);
#4192 = EDGE_CURVE('',#4193,#3555,#4195,.T.);
#4193 = VERTEX_POINT('',#4194);
#4194 = CARTESIAN_POINT('',(57.,6.,123.));
#4195 = SURFACE_CURVE('',#4196,(#4200,#4206),.PCURVE_S1.);
#4196 = LINE('',#4197,#4198);
#4197 = CARTESIAN_POINT('',(57.,6.,91.));
#4198 = VECTOR('',#4199,1.);
#4199 = DIRECTION('',(0.,0.,1.));
#4200 = PCURVE('',#846,#4201);
#4201 = DEFINITIONAL_REPRESENTATION('',(#4202),#4205);
#4202 = B_SPLINE_CURVE_WITH_KNOTS('',1,(#4203,#4204),.UNSPECIFIED.,.F.,
  .F.,(2,2),(32.,40.),.PIECEWISE_BEZIER_KNOTS.);
#4203 = CARTESIAN_POINT('',(56.,-31.));
#4204 = CARTESIAN_POINT('',(64.,-31.));
#4205 = ( GEOMETRIC_REPRESENTATION_CONTEXT(2) 
PARAMETRIC_REPRESENTATION_CONTEXT() REPRESENTATION_CONTEXT('2D SPACE',''
  ) );
#4206 = PCURVE('',#3569,#4207);
#4207 = DEFINITIONAL_REPRESENTATION('',(#4208),#4211);
#4208 = B_SPLINE_CURVE_WITH_KNOTS('',1,(#4209,#4210),.UNSPECIFIED.,.F.,
  .F.,(2,2),(32.,40.),.PIECEWISE_BEZIER_KNOTS.);
#4209 = CARTESIAN_POINT('',(8.,29.));
#4210 = CARTESIAN_POINT('',(16.,29.));
#4211 = ( GEOMETRIC_REPRESENTATION_CONTEXT(2) 
PARAMETRIC_REPRESENTATION_CONTEXT() REPRESENTATION_CONTEXT('2D SPACE',''
  ) );
#4212 = ORIENTED_EDGE('',*,*,#4213,.F.);
#4213 = EDGE_CURVE('',#4214,#4193,#4216,.T.);
#4214 = VERTEX_POINT('',#4215);
#4215 = CARTESIAN_POINT('',(57.,5.556995545049,120.37477270848));
#4216 = SURFACE_CURVE('',#4217,(#4222,#4229),.PCURVE_S1.);
#4217 = CIRCLE('',#4218,8.);
#4218 = AXIS2_PLACEMENT_3D('',#4219,#4220,#4221);
#4219 = CARTESIAN_POINT('',(57.,-2.,123.));
#4220 = DIRECTION('',(1.,0.,-0.));
#4221 = DIRECTION('',(0.,1.,0.));
#4222 = PCURVE('',#846,#4223);
#4223 = DEFINITIONAL_REPRESENTATION('',(#4224),#4228);
#4224 = CIRCLE('',#4225,8.);
#4225 = AXIS2_PLACEMENT_2D('',#4226,#4227);
#4226 = CARTESIAN_POINT('',(56.,-23.));
#4227 = DIRECTION('',(0.,-1.));
#4228 = ( GEOMETRIC_REPRESENTATION_CONTEXT(2) 
PARAMETRIC_REPRESENTATION_CONTEXT() REPRESENTATION_CONTEXT('2D SPACE',''
  ) );
#4229 = PCURVE('',#3925,#4230);
#4230 = DEFINITIONAL_REPRESENTATION('',(#4231),#4235);
#4231 = LINE('',#4232,#4233);
#4232 = CARTESIAN_POINT('',(-6.28318530718,29.));
#4233 = VECTOR('',#4234,1.);
#4234 = DIRECTION('',(1.,-0.));
#4235 = ( GEOMETRIC_REPRESENTATION_CONTEXT(2) 
PARAMETRIC_REPRESENTATION_CONTEXT() REPRESENTATION_CONTEXT('2D SPACE',''
  ) );
#4236 = ORIENTED_EDGE('',*,*,#4237,.T.);
#4237 = EDGE_CURVE('',#4214,#4238,#4240,.T.);
#4238 = VERTEX_POINT('',#4239);
#4239 = CARTESIAN_POINT('',(57.,6.,120.37477270848));
#4240 = SURFACE_CURVE('',#4241,(#4245,#4251),.PCURVE_S1.);
#4241 = LINE('',#4242,#4243);
#4242 = CARTESIAN_POINT('',(57.,-12.,120.37477270848));
#4243 = VECTOR('',#4244,1.);
#4244 = DIRECTION('',(0.,1.,0.));
#4245 = PCURVE('',#846,#4246);
#4246 = DEFINITIONAL_REPRESENTATION('',(#4247),#4250);
#4247 = B_SPLINE_CURVE_WITH_KNOTS('',1,(#4248,#4249),.UNSPECIFIED.,.F.,
  .F.,(2,2),(-5.999999999062E-07,18.0000006),.PIECEWISE_BEZIER_KNOTS.);
#4248 = CARTESIAN_POINT('',(53.374772708487,-12.9999994));
#4249 = CARTESIAN_POINT('',(53.374772708487,-31.0000006));
#4250 = ( GEOMETRIC_REPRESENTATION_CONTEXT(2) 
PARAMETRIC_REPRESENTATION_CONTEXT() REPRESENTATION_CONTEXT('2D SPACE',''
  ) );
#4251 = PCURVE('',#1172,#4252);
#4252 = DEFINITIONAL_REPRESENTATION('',(#4253),#4256);
#4253 = B_SPLINE_CURVE_WITH_KNOTS('',1,(#4254,#4255),.UNSPECIFIED.,.F.,
  .F.,(2,2),(-5.999999999062E-07,18.0000006),.PIECEWISE_BEZIER_KNOTS.);
#4254 = CARTESIAN_POINT('',(4.08351405489,-5.999999999062E-07));
#4255 = CARTESIAN_POINT('',(4.08351405489,18.0000006));
#4256 = ( GEOMETRIC_REPRESENTATION_CONTEXT(2) 
PARAMETRIC_REPRESENTATION_CONTEXT() REPRESENTATION_CONTEXT('2D SPACE',''
  ) );
#4257 = ORIENTED_EDGE('',*,*,#4258,.F.);
#4258 = EDGE_CURVE('',#4259,#4238,#4261,.T.);
#4259 = VERTEX_POINT('',#4260);
#4260 = CARTESIAN_POINT('',(57.,6.,117.62522729151));
#4261 = SURFACE_CURVE('',#4262,(#4266,#4272),.PCURVE_S1.);
#4262 = LINE('',#4263,#4264);
#4263 = CARTESIAN_POINT('',(57.,6.,93.));
#4264 = VECTOR('',#4265,1.);
#4265 = DIRECTION('',(0.,-0.,1.));
#4266 = PCURVE('',#846,#4267);
#4267 = DEFINITIONAL_REPRESENTATION('',(#4268),#4271);
#4268 = B_SPLINE_CURVE_WITH_KNOTS('',1,(#4269,#4270),.UNSPECIFIED.,.F.,
  .F.,(2,2),(24.3,27.7),.PIECEWISE_BEZIER_KNOTS.);
#4269 = CARTESIAN_POINT('',(50.3,-31.));
#4270 = CARTESIAN_POINT('',(53.7,-31.));
#4271 = ( GEOMETRIC_REPRESENTATION_CONTEXT(2) 
PARAMETRIC_REPRESENTATION_CONTEXT() REPRESENTATION_CONTEXT('2D SPACE',''
  ) );
#4272 = PCURVE('',#4273,#4278);
#4273 = PLANE('',#4274);
#4274 = AXIS2_PLACEMENT_3D('',#4275,#4276,#4277);
#4275 = CARTESIAN_POINT('',(58.,6.,119.));
#4276 = DIRECTION('',(0.,1.,0.));
#4277 = DIRECTION('',(1.,0.,0.));
#4278 = DEFINITIONAL_REPRESENTATION('',(#4279),#4282);
#4279 = B_SPLINE_CURVE_WITH_KNOTS('',1,(#4280,#4281),.UNSPECIFIED.,.F.,
  .F.,(2,2),(24.3,27.7),.PIECEWISE_BEZIER_KNOTS.);
#4280 = CARTESIAN_POINT('',(-1.,1.7));
#4281 = CARTESIAN_POINT('',(-1.,-1.7));
#4282 = ( GEOMETRIC_REPRESENTATION_CONTEXT(2) 
PARAMETRIC_REPRESENTATION_CONTEXT() REPRESENTATION_CONTEXT('2D SPACE',''
  ) );
#4283 = ORIENTED_EDGE('',*,*,#4284,.F.);
#4284 = EDGE_CURVE('',#4285,#4259,#4287,.T.);
#4285 = VERTEX_POINT('',#4286);
#4286 = CARTESIAN_POINT('',(57.,4.,117.62522729151));
#4287 = SURFACE_CURVE('',#4288,(#4292,#4298),.PCURVE_S1.);
#4288 = LINE('',#4289,#4290);
#4289 = CARTESIAN_POINT('',(57.,-12.,117.62522729151));
#4290 = VECTOR('',#4291,1.);
#4291 = DIRECTION('',(0.,1.,0.));
#4292 = PCURVE('',#846,#4293);
#4293 = DEFINITIONAL_REPRESENTATION('',(#4294),#4297);
#4294 = B_SPLINE_CURVE_WITH_KNOTS('',1,(#4295,#4296),.UNSPECIFIED.,.F.,
  .F.,(2,2),(-5.999999999062E-07,18.0000006),.PIECEWISE_BEZIER_KNOTS.);
#4295 = CARTESIAN_POINT('',(50.625227291513,-12.9999994));
#4296 = CARTESIAN_POINT('',(50.625227291513,-31.0000006));
#4297 = ( GEOMETRIC_REPRESENTATION_CONTEXT(2) 
PARAMETRIC_REPRESENTATION_CONTEXT() REPRESENTATION_CONTEXT('2D SPACE',''
  ) );
#4298 = PCURVE('',#1172,#4299);
#4299 = DEFINITIONAL_REPRESENTATION('',(#4300),#4303);
#4300 = B_SPLINE_CURVE_WITH_KNOTS('',1,(#4301,#4302),.UNSPECIFIED.,.F.,
  .F.,(2,2),(-5.999999999062E-07,18.0000006),.PIECEWISE_BEZIER_KNOTS.);
#4301 = CARTESIAN_POINT('',(2.19967125229,-5.999999999062E-07));
#4302 = CARTESIAN_POINT('',(2.19967125229,18.0000006));
#4303 = ( GEOMETRIC_REPRESENTATION_CONTEXT(2) 
PARAMETRIC_REPRESENTATION_CONTEXT() REPRESENTATION_CONTEXT('2D SPACE',''
  ) );
#4304 = ORIENTED_EDGE('',*,*,#4305,.F.);
#4305 = EDGE_CURVE('',#3941,#4285,#4306,.T.);
#4306 = SURFACE_CURVE('',#4307,(#4311,#4317),.PCURVE_S1.);
#4307 = LINE('',#4308,#4309);
#4308 = CARTESIAN_POINT('',(57.,4.,93.));
#4309 = VECTOR('',#4310,1.);
#4310 = DIRECTION('',(0.,-0.,1.));
#4311 = PCURVE('',#846,#4312);
#4312 = DEFINITIONAL_REPRESENTATION('',(#4313),#4316);
#4313 = B_SPLINE_CURVE_WITH_KNOTS('',1,(#4314,#4315),.UNSPECIFIED.,.F.,
  .F.,(2,2),(20.,32.),.PIECEWISE_BEZIER_KNOTS.);
#4314 = CARTESIAN_POINT('',(46.,-29.));
#4315 = CARTESIAN_POINT('',(58.,-29.));
#4316 = ( GEOMETRIC_REPRESENTATION_CONTEXT(2) 
PARAMETRIC_REPRESENTATION_CONTEXT() REPRESENTATION_CONTEXT('2D SPACE',''
  ) );
#4317 = PCURVE('',#3959,#4318);
#4318 = DEFINITIONAL_REPRESENTATION('',(#4319),#4322);
#4319 = B_SPLINE_CURVE_WITH_KNOTS('',1,(#4320,#4321),.UNSPECIFIED.,.F.,
  .F.,(2,2),(20.,32.),.PIECEWISE_BEZIER_KNOTS.);
#4320 = CARTESIAN_POINT('',(-1.,6.));
#4321 = CARTESIAN_POINT('',(-1.,-6.));
#4322 = ( GEOMETRIC_REPRESENTATION_CONTEXT(2) 
PARAMETRIC_REPRESENTATION_CONTEXT() REPRESENTATION_CONTEXT('2D SPACE',''
  ) );
#4323 = ORIENTED_EDGE('',*,*,#3971,.F.);
#4324 = ORIENTED_EDGE('',*,*,#886,.T.);
#4325 = ORIENTED_EDGE('',*,*,#4326,.T.);
#4326 = EDGE_CURVE('',#858,#4327,#4329,.T.);
#4327 = VERTEX_POINT('',#4328);
#4328 = CARTESIAN_POINT('',(57.,4.,89.316624790355));
#4329 = SURFACE_CURVE('',#4330,(#4334,#4340),.PCURVE_S1.);
#4330 = LINE('',#4331,#4332);
#4331 = CARTESIAN_POINT('',(57.,-10.,89.316624790355));
#4332 = VECTOR('',#4333,1.);
#4333 = DIRECTION('',(0.,1.,0.));
#4334 = PCURVE('',#846,#4335);
#4335 = DEFINITIONAL_REPRESENTATION('',(#4336),#4339);
#4336 = B_SPLINE_CURVE_WITH_KNOTS('',1,(#4337,#4338),.UNSPECIFIED.,.F.,
  .F.,(2,2),(-5.999999999062E-07,14.0000006),.PIECEWISE_BEZIER_KNOTS.);
#4337 = CARTESIAN_POINT('',(22.316624790355,-14.9999994));
#4338 = CARTESIAN_POINT('',(22.316624790355,-29.0000006));
#4339 = ( GEOMETRIC_REPRESENTATION_CONTEXT(2) 
PARAMETRIC_REPRESENTATION_CONTEXT() REPRESENTATION_CONTEXT('2D SPACE',''
  ) );
#4340 = PCURVE('',#874,#4341);
#4341 = DEFINITIONAL_REPRESENTATION('',(#4342),#4345);
#4342 = B_SPLINE_CURVE_WITH_KNOTS('',1,(#4343,#4344),.UNSPECIFIED.,.F.,
  .F.,(2,2),(-5.999999999062E-07,14.0000006),.PIECEWISE_BEZIER_KNOTS.);
#4343 = CARTESIAN_POINT('',(3.727278197047,-5.999999999062E-07));
#4344 = CARTESIAN_POINT('',(3.727278197047,14.0000006));
#4345 = ( GEOMETRIC_REPRESENTATION_CONTEXT(2) 
PARAMETRIC_REPRESENTATION_CONTEXT() REPRESENTATION_CONTEXT('2D SPACE',''
  ) );
#4346 = ORIENTED_EDGE('',*,*,#4347,.F.);
#4347 = EDGE_CURVE('',#4348,#4327,#4350,.T.);
#4348 = VERTEX_POINT('',#4349);
#4349 = CARTESIAN_POINT('',(57.,4.,82.683375209645));
#4350 = SURFACE_CURVE('',#4351,(#4355,#4361),.PCURVE_S1.);
#4351 = LINE('',#4352,#4353);
#4352 = CARTESIAN_POINT('',(57.,4.,76.5));
#4353 = VECTOR('',#4354,1.);
#4354 = DIRECTION('',(0.,-0.,1.));
#4355 = PCURVE('',#846,#4356);
#4356 = DEFINITIONAL_REPRESENTATION('',(#4357),#4360);
#4357 = B_SPLINE_CURVE_WITH_KNOTS('',1,(#4358,#4359),.UNSPECIFIED.,.F.,
  .F.,(2,2),(3.5,15.5),.PIECEWISE_BEZIER_KNOTS.);
#4358 = CARTESIAN_POINT('',(13.,-29.));
#4359 = CARTESIAN_POINT('',(25.,-29.));
#4360 = ( GEOMETRIC_REPRESENTATION_CONTEXT(2) 
PARAMETRIC_REPRESENTATION_CONTEXT() REPRESENTATION_CONTEXT('2D SPACE',''
  ) );
#4361 = PCURVE('',#4362,#4367);
#4362 = PLANE('',#4363);
#4363 = AXIS2_PLACEMENT_3D('',#4364,#4365,#4366);
#4364 = CARTESIAN_POINT('',(62.,4.,86.));
#4365 = DIRECTION('',(0.,1.,0.));
#4366 = DIRECTION('',(1.,0.,0.));
#4367 = DEFINITIONAL_REPRESENTATION('',(#4368),#4371);
#4368 = B_SPLINE_CURVE_WITH_KNOTS('',1,(#4369,#4370),.UNSPECIFIED.,.F.,
  .F.,(2,2),(3.5,15.5),.PIECEWISE_BEZIER_KNOTS.);
#4369 = CARTESIAN_POINT('',(-5.,6.));
#4370 = CARTESIAN_POINT('',(-5.,-6.));
#4371 = ( GEOMETRIC_REPRESENTATION_CONTEXT(2) 
PARAMETRIC_REPRESENTATION_CONTEXT() REPRESENTATION_CONTEXT('2D SPACE',''
  ) );
#4372 = ORIENTED_EDGE('',*,*,#4373,.F.);
#4373 = EDGE_CURVE('',#832,#4348,#4374,.T.);
#4374 = SURFACE_CURVE('',#4375,(#4379,#4385),.PCURVE_S1.);
#4375 = LINE('',#4376,#4377);
#4376 = CARTESIAN_POINT('',(57.,-10.,82.683375209645));
#4377 = VECTOR('',#4378,1.);
#4378 = DIRECTION('',(0.,1.,0.));
#4379 = PCURVE('',#846,#4380);
#4380 = DEFINITIONAL_REPRESENTATION('',(#4381),#4384);
#4381 = B_SPLINE_CURVE_WITH_KNOTS('',1,(#4382,#4383),.UNSPECIFIED.,.F.,
  .F.,(2,2),(-5.999999999062E-07,14.0000006),.PIECEWISE_BEZIER_KNOTS.);
#4382 = CARTESIAN_POINT('',(15.683375209645,-14.9999994));
#4383 = CARTESIAN_POINT('',(15.683375209645,-29.0000006));
#4384 = ( GEOMETRIC_REPRESENTATION_CONTEXT(2) 
PARAMETRIC_REPRESENTATION_CONTEXT() REPRESENTATION_CONTEXT('2D SPACE',''
  ) );
#4385 = PCURVE('',#874,#4386);
#4386 = DEFINITIONAL_REPRESENTATION('',(#4387),#4390);
#4387 = B_SPLINE_CURVE_WITH_KNOTS('',1,(#4388,#4389),.UNSPECIFIED.,.F.,
  .F.,(2,2),(-5.999999999062E-07,14.0000006),.PIECEWISE_BEZIER_KNOTS.);
#4388 = CARTESIAN_POINT('',(2.555907110133,-5.999999999062E-07));
#4389 = CARTESIAN_POINT('',(2.555907110133,14.0000006));
#4390 = ( GEOMETRIC_REPRESENTATION_CONTEXT(2) 
PARAMETRIC_REPRESENTATION_CONTEXT() REPRESENTATION_CONTEXT('2D SPACE',''
  ) );
#4391 = ADVANCED_FACE('',(#4392),#874,.T.);
#4392 = FACE_BOUND('',#4393,.T.);
#4393 = EDGE_LOOP('',(#4394,#4416,#4417,#4418));
#4394 = ORIENTED_EDGE('',*,*,#4395,.F.);
#4395 = EDGE_CURVE('',#4348,#4327,#4396,.T.);
#4396 = SURFACE_CURVE('',#4397,(#4402,#4409),.PCURVE_S1.);
#4397 = CIRCLE('',#4398,6.);
#4398 = AXIS2_PLACEMENT_3D('',#4399,#4400,#4401);
#4399 = CARTESIAN_POINT('',(62.,4.,86.));
#4400 = DIRECTION('',(-0.,1.,0.));
#4401 = DIRECTION('',(1.,0.,0.));
#4402 = PCURVE('',#874,#4403);
#4403 = DEFINITIONAL_REPRESENTATION('',(#4404),#4408);
#4404 = LINE('',#4405,#4406);
#4405 = CARTESIAN_POINT('',(0.,14.));
#4406 = VECTOR('',#4407,1.);
#4407 = DIRECTION('',(1.,0.));
#4408 = ( GEOMETRIC_REPRESENTATION_CONTEXT(2) 
PARAMETRIC_REPRESENTATION_CONTEXT() REPRESENTATION_CONTEXT('2D SPACE',''
  ) );
#4409 = PCURVE('',#4362,#4410);
#4410 = DEFINITIONAL_REPRESENTATION('',(#4411),#4415);
#4411 = CIRCLE('',#4412,6.);
#4412 = AXIS2_PLACEMENT_2D('',#4413,#4414);
#4413 = CARTESIAN_POINT('',(0.,0.));
#4414 = DIRECTION('',(1.,0.));
#4415 = ( GEOMETRIC_REPRESENTATION_CONTEXT(2) 
PARAMETRIC_REPRESENTATION_CONTEXT() REPRESENTATION_CONTEXT('2D SPACE',''
  ) );
#4416 = ORIENTED_EDGE('',*,*,#4373,.F.);
#4417 = ORIENTED_EDGE('',*,*,#857,.T.);
#4418 = ORIENTED_EDGE('',*,*,#4326,.T.);
#4419 = ADVANCED_FACE('',(#4420),#820,.T.);
#4420 = FACE_BOUND('',#4421,.T.);
#4421 = EDGE_LOOP('',(#4422,#4445,#4446,#4447,#4471,#4492));
#4422 = ORIENTED_EDGE('',*,*,#4423,.F.);
#4423 = EDGE_CURVE('',#785,#4424,#4426,.T.);
#4424 = VERTEX_POINT('',#4425);
#4425 = CARTESIAN_POINT('',(-57.,11.708203932499,67.));
#4426 = SURFACE_CURVE('',#4427,(#4431,#4438),.PCURVE_S1.);
#4427 = LINE('',#4428,#4429);
#4428 = CARTESIAN_POINT('',(-57.,-25.,67.));
#4429 = VECTOR('',#4430,1.);
#4430 = DIRECTION('',(-0.,1.,0.));
#4431 = PCURVE('',#820,#4432);
#4432 = DEFINITIONAL_REPRESENTATION('',(#4433),#4437);
#4433 = LINE('',#4434,#4435);
#4434 = CARTESIAN_POINT('',(0.,0.));
#4435 = VECTOR('',#4436,1.);
#4436 = DIRECTION('',(0.,1.));
#4437 = ( GEOMETRIC_REPRESENTATION_CONTEXT(2) 
PARAMETRIC_REPRESENTATION_CONTEXT() REPRESENTATION_CONTEXT('2D SPACE',''
  ) );
#4438 = PCURVE('',#744,#4439);
#4439 = DEFINITIONAL_REPRESENTATION('',(#4440),#4444);
#4440 = LINE('',#4441,#4442);
#4441 = CARTESIAN_POINT('',(0.,0.));
#4442 = VECTOR('',#4443,1.);
#4443 = DIRECTION('',(0.,-1.));
#4444 = ( GEOMETRIC_REPRESENTATION_CONTEXT(2) 
PARAMETRIC_REPRESENTATION_CONTEXT() REPRESENTATION_CONTEXT('2D SPACE',''
  ) );
#4445 = ORIENTED_EDGE('',*,*,#805,.T.);
#4446 = ORIENTED_EDGE('',*,*,#4068,.T.);
#4447 = ORIENTED_EDGE('',*,*,#4448,.T.);
#4448 = EDGE_CURVE('',#4069,#4449,#4451,.T.);
#4449 = VERTEX_POINT('',#4450);
#4450 = CARTESIAN_POINT('',(41.,22.349351572897,67.));
#4451 = SURFACE_CURVE('',#4452,(#4457,#4464),.PCURVE_S1.);
#4452 = CIRCLE('',#4453,17.349351572897);
#4453 = AXIS2_PLACEMENT_3D('',#4454,#4455,#4456);
#4454 = CARTESIAN_POINT('',(41.,5.,67.));
#4455 = DIRECTION('',(0.,0.,1.));
#4456 = DIRECTION('',(1.,0.,-0.));
#4457 = PCURVE('',#820,#4458);
#4458 = DEFINITIONAL_REPRESENTATION('',(#4459),#4463);
#4459 = CIRCLE('',#4460,17.349351572897);
#4460 = AXIS2_PLACEMENT_2D('',#4461,#4462);
#4461 = CARTESIAN_POINT('',(98.,30.));
#4462 = DIRECTION('',(1.,0.));
#4463 = ( GEOMETRIC_REPRESENTATION_CONTEXT(2) 
PARAMETRIC_REPRESENTATION_CONTEXT() REPRESENTATION_CONTEXT('2D SPACE',''
  ) );
#4464 = PCURVE('',#1506,#4465);
#4465 = DEFINITIONAL_REPRESENTATION('',(#4466),#4470);
#4466 = LINE('',#4467,#4468);
#4467 = CARTESIAN_POINT('',(0.,-0.803802318933));
#4468 = VECTOR('',#4469,1.);
#4469 = DIRECTION('',(1.,0.));
#4470 = ( GEOMETRIC_REPRESENTATION_CONTEXT(2) 
PARAMETRIC_REPRESENTATION_CONTEXT() REPRESENTATION_CONTEXT('2D SPACE',''
  ) );
#4471 = ORIENTED_EDGE('',*,*,#4472,.F.);
#4472 = EDGE_CURVE('',#4473,#4449,#4475,.T.);
#4473 = VERTEX_POINT('',#4474);
#4474 = CARTESIAN_POINT('',(-41.,22.349351572897,67.));
#4475 = SURFACE_CURVE('',#4476,(#4480,#4486),.PCURVE_S1.);
#4476 = LINE('',#4477,#4478);
#4477 = CARTESIAN_POINT('',(-66.,22.349351572897,67.));
#4478 = VECTOR('',#4479,1.);
#4479 = DIRECTION('',(1.,0.,-0.));
#4480 = PCURVE('',#820,#4481);
#4481 = DEFINITIONAL_REPRESENTATION('',(#4482),#4485);
#4482 = B_SPLINE_CURVE_WITH_KNOTS('',1,(#4483,#4484),.UNSPECIFIED.,.F.,
  .F.,(2,2),(24.9999994,107.0000006),.PIECEWISE_BEZIER_KNOTS.);
#4483 = CARTESIAN_POINT('',(15.9999994,47.349351572897));
#4484 = CARTESIAN_POINT('',(98.0000006,47.349351572897));
#4485 = ( GEOMETRIC_REPRESENTATION_CONTEXT(2) 
PARAMETRIC_REPRESENTATION_CONTEXT() REPRESENTATION_CONTEXT('2D SPACE',''
  ) );
#4486 = PCURVE('',#1473,#4487);
#4487 = DEFINITIONAL_REPRESENTATION('',(#4488),#4491);
#4488 = B_SPLINE_CURVE_WITH_KNOTS('',1,(#4489,#4490),.UNSPECIFIED.,.F.,
  .F.,(2,2),(24.9999994,107.0000006),.PIECEWISE_BEZIER_KNOTS.);
#4489 = CARTESIAN_POINT('',(-0.803802318933,24.9999994));
#4490 = CARTESIAN_POINT('',(-0.803802318933,107.0000006));
#4491 = ( GEOMETRIC_REPRESENTATION_CONTEXT(2) 
PARAMETRIC_REPRESENTATION_CONTEXT() REPRESENTATION_CONTEXT('2D SPACE',''
  ) );
#4492 = ORIENTED_EDGE('',*,*,#4493,.T.);
#4493 = EDGE_CURVE('',#4473,#4424,#4494,.T.);
#4494 = SURFACE_CURVE('',#4495,(#4500,#4507),.PCURVE_S1.);
#4495 = CIRCLE('',#4496,17.349351572897);
#4496 = AXIS2_PLACEMENT_3D('',#4497,#4498,#4499);
#4497 = CARTESIAN_POINT('',(-41.,5.,67.));
#4498 = DIRECTION('',(0.,0.,1.));
#4499 = DIRECTION('',(-1.,0.,0.));
#4500 = PCURVE('',#820,#4501);
#4501 = DEFINITIONAL_REPRESENTATION('',(#4502),#4506);
#4502 = CIRCLE('',#4503,17.349351572897);
#4503 = AXIS2_PLACEMENT_2D('',#4504,#4505);
#4504 = CARTESIAN_POINT('',(16.,30.));
#4505 = DIRECTION('',(-1.,0.));
#4506 = ( GEOMETRIC_REPRESENTATION_CONTEXT(2) 
PARAMETRIC_REPRESENTATION_CONTEXT() REPRESENTATION_CONTEXT('2D SPACE',''
  ) );
#4507 = PCURVE('',#1396,#4508);
#4508 = DEFINITIONAL_REPRESENTATION('',(#4509),#4513);
#4509 = LINE('',#4510,#4511);
#4510 = CARTESIAN_POINT('',(-6.28318530718,-0.803802318933));
#4511 = VECTOR('',#4512,1.);
#4512 = DIRECTION('',(1.,-0.));
#4513 = ( GEOMETRIC_REPRESENTATION_CONTEXT(2) 
PARAMETRIC_REPRESENTATION_CONTEXT() REPRESENTATION_CONTEXT('2D SPACE',''
  ) );
#4514 = ADVANCED_FACE('',(#4515),#744,.T.);
#4515 = FACE_BOUND('',#4516,.T.);
#4516 = EDGE_LOOP('',(#4517,#4518,#4519,#4556,#4579,#4614,#4615,#4636,
    #4658,#4659,#4678,#4679,#4698,#4699,#4700,#4721,#4747));
#4517 = ORIENTED_EDGE('',*,*,#784,.T.);
#4518 = ORIENTED_EDGE('',*,*,#4423,.T.);
#4519 = ORIENTED_EDGE('',*,*,#4520,.T.);
#4520 = EDGE_CURVE('',#4424,#4521,#4523,.T.);
#4521 = VERTEX_POINT('',#4522);
#4522 = CARTESIAN_POINT('',(-57.,23.,78.291796067501));
#4523 = SURFACE_CURVE('',#4524,(#4529,#4536),.PCURVE_S1.);
#4524 = CIRCLE('',#4525,19.209372712299);
#4525 = AXIS2_PLACEMENT_3D('',#4526,#4527,#4528);
#4526 = CARTESIAN_POINT('',(-57.,5.,85.));
#4527 = DIRECTION('',(1.,0.,-0.));
#4528 = DIRECTION('',(0.,0.,1.));
#4529 = PCURVE('',#744,#4530);
#4530 = DEFINITIONAL_REPRESENTATION('',(#4531),#4535);
#4531 = CIRCLE('',#4532,19.209372712299);
#4532 = AXIS2_PLACEMENT_2D('',#4533,#4534);
#4533 = CARTESIAN_POINT('',(18.,-30.));
#4534 = DIRECTION('',(1.,0.));
#4535 = ( GEOMETRIC_REPRESENTATION_CONTEXT(2) 
PARAMETRIC_REPRESENTATION_CONTEXT() REPRESENTATION_CONTEXT('2D SPACE',''
  ) );
#4536 = PCURVE('',#1396,#4537);
#4537 = DEFINITIONAL_REPRESENTATION('',(#4538),#4555);
#4538 = B_SPLINE_CURVE_WITH_KNOTS('',8,(#4539,#4540,#4541,#4542,#4543,
    #4544,#4545,#4546,#4547,#4548,#4549,#4550,#4551,#4552,#4553,#4554),
  .UNSPECIFIED.,.F.,.F.,(9,7,9),(3.498326042104,3.926990816987,
    4.355655591871),.UNSPECIFIED.);
#4539 = CARTESIAN_POINT('',(-0.397001122914,-0.803802318933));
#4540 = CARTESIAN_POINT('',(-0.448269999645,-0.783084176266));
#4541 = CARTESIAN_POINT('',(-0.495849917273,-0.759470629196));
#4542 = CARTESIAN_POINT('',(-0.539523413333,-0.733287652073));
#4543 = CARTESIAN_POINT('',(-0.579313655766,-0.704869924971));
#4544 = CARTESIAN_POINT('',(-0.615405585182,-0.674522773736));
#4545 = CARTESIAN_POINT('',(-0.648032148145,-0.642512075999));
#4546 = CARTESIAN_POINT('',(-0.67744346416,-0.609068308285));
#4547 = CARTESIAN_POINT('',(-0.730315990358,-0.539712468484));
#4548 = CARTESIAN_POINT('',(-0.753777203535,-0.50380039418));
#4549 = CARTESIAN_POINT('',(-0.774503966935,-0.466853182274));
#4550 = CARTESIAN_POINT('',(-0.792727563919,-0.429038299894));
#4551 = CARTESIAN_POINT('',(-0.808649939745,-0.390497081436));
#4552 = CARTESIAN_POINT('',(-0.822440271791,-0.351350714668));
#4553 = CARTESIAN_POINT('',(-0.83423822498,-0.311705629595));
#4554 = CARTESIAN_POINT('',(-0.844153986113,-0.271657123678));
#4555 = ( GEOMETRIC_REPRESENTATION_CONTEXT(2) 
PARAMETRIC_REPRESENTATION_CONTEXT() REPRESENTATION_CONTEXT('2D SPACE',''
  ) );
#4556 = ORIENTED_EDGE('',*,*,#4557,.T.);
#4557 = EDGE_CURVE('',#4521,#4558,#4560,.T.);
#4558 = VERTEX_POINT('',#4559);
#4559 = CARTESIAN_POINT('',(-57.,23.,119.70820393249));
#4560 = SURFACE_CURVE('',#4561,(#4565,#4572),.PCURVE_S1.);
#4561 = LINE('',#4562,#4563);
#4562 = CARTESIAN_POINT('',(-57.,23.,67.));
#4563 = VECTOR('',#4564,1.);
#4564 = DIRECTION('',(0.,0.,1.));
#4565 = PCURVE('',#744,#4566);
#4566 = DEFINITIONAL_REPRESENTATION('',(#4567),#4571);
#4567 = LINE('',#4568,#4569);
#4568 = CARTESIAN_POINT('',(0.,-48.));
#4569 = VECTOR('',#4570,1.);
#4570 = DIRECTION('',(1.,0.));
#4571 = ( GEOMETRIC_REPRESENTATION_CONTEXT(2) 
PARAMETRIC_REPRESENTATION_CONTEXT() REPRESENTATION_CONTEXT('2D SPACE',''
  ) );
#4572 = PCURVE('',#4144,#4573);
#4573 = DEFINITIONAL_REPRESENTATION('',(#4574),#4578);
#4574 = LINE('',#4575,#4576);
#4575 = CARTESIAN_POINT('',(0.,0.));
#4576 = VECTOR('',#4577,1.);
#4577 = DIRECTION('',(1.,0.));
#4578 = ( GEOMETRIC_REPRESENTATION_CONTEXT(2) 
PARAMETRIC_REPRESENTATION_CONTEXT() REPRESENTATION_CONTEXT('2D SPACE',''
  ) );
#4579 = ORIENTED_EDGE('',*,*,#4580,.T.);
#4580 = EDGE_CURVE('',#4558,#3669,#4581,.T.);
#4581 = SURFACE_CURVE('',#4582,(#4587,#4594),.PCURVE_S1.);
#4582 = CIRCLE('',#4583,19.209372712299);
#4583 = AXIS2_PLACEMENT_3D('',#4584,#4585,#4586);
#4584 = CARTESIAN_POINT('',(-57.,5.,113.));
#4585 = DIRECTION('',(1.,0.,-0.));
#4586 = DIRECTION('',(0.,0.,1.));
#4587 = PCURVE('',#744,#4588);
#4588 = DEFINITIONAL_REPRESENTATION('',(#4589),#4593);
#4589 = CIRCLE('',#4590,19.209372712299);
#4590 = AXIS2_PLACEMENT_2D('',#4591,#4592);
#4591 = CARTESIAN_POINT('',(46.,-30.));
#4592 = DIRECTION('',(1.,0.));
#4593 = ( GEOMETRIC_REPRESENTATION_CONTEXT(2) 
PARAMETRIC_REPRESENTATION_CONTEXT() REPRESENTATION_CONTEXT('2D SPACE',''
  ) );
#4594 = PCURVE('',#2884,#4595);
#4595 = DEFINITIONAL_REPRESENTATION('',(#4596),#4613);
#4596 = B_SPLINE_CURVE_WITH_KNOTS('',8,(#4597,#4598,#4599,#4600,#4601,
    #4602,#4603,#4604,#4605,#4606,#4607,#4608,#4609,#4610,#4611,#4612),
  .UNSPECIFIED.,.F.,.F.,(9,7,9),(5.069122368899,5.497787143782,
    5.926451918665),.UNSPECIFIED.);
#4597 = CARTESIAN_POINT('',(-0.397001122914,-0.803802318933));
#4598 = CARTESIAN_POINT('',(-0.448269999645,-0.783084176266));
#4599 = CARTESIAN_POINT('',(-0.495849917272,-0.759470629197));
#4600 = CARTESIAN_POINT('',(-0.539523413334,-0.733287652075));
#4601 = CARTESIAN_POINT('',(-0.579313655765,-0.704869924966));
#4602 = CARTESIAN_POINT('',(-0.615405585183,-0.674522773737));
#4603 = CARTESIAN_POINT('',(-0.648032148145,-0.642512075999));
#4604 = CARTESIAN_POINT('',(-0.67744346416,-0.609068308285));
#4605 = CARTESIAN_POINT('',(-0.730315990358,-0.539712468484));
#4606 = CARTESIAN_POINT('',(-0.753777203535,-0.50380039418));
#4607 = CARTESIAN_POINT('',(-0.774503966935,-0.466853182274));
#4608 = CARTESIAN_POINT('',(-0.792727563919,-0.429038299894));
#4609 = CARTESIAN_POINT('',(-0.808649939745,-0.390497081436));
#4610 = CARTESIAN_POINT('',(-0.822440271791,-0.351350714668));
#4611 = CARTESIAN_POINT('',(-0.83423822498,-0.311705629595));
#4612 = CARTESIAN_POINT('',(-0.844153986113,-0.271657123678));
#4613 = ( GEOMETRIC_REPRESENTATION_CONTEXT(2) 
PARAMETRIC_REPRESENTATION_CONTEXT() REPRESENTATION_CONTEXT('2D SPACE',''
  ) );
#4614 = ORIENTED_EDGE('',*,*,#3712,.F.);
#4615 = ORIENTED_EDGE('',*,*,#4616,.F.);
#4616 = EDGE_CURVE('',#4617,#3713,#4619,.T.);
#4617 = VERTEX_POINT('',#4618);
#4618 = CARTESIAN_POINT('',(-57.,6.,123.));
#4619 = SURFACE_CURVE('',#4620,(#4624,#4630),.PCURVE_S1.);
#4620 = LINE('',#4621,#4622);
#4621 = CARTESIAN_POINT('',(-57.,6.,91.));
#4622 = VECTOR('',#4623,1.);
#4623 = DIRECTION('',(0.,0.,1.));
#4624 = PCURVE('',#744,#4625);
#4625 = DEFINITIONAL_REPRESENTATION('',(#4626),#4629);
#4626 = B_SPLINE_CURVE_WITH_KNOTS('',1,(#4627,#4628),.UNSPECIFIED.,.F.,
  .F.,(2,2),(32.,40.),.PIECEWISE_BEZIER_KNOTS.);
#4627 = CARTESIAN_POINT('',(56.,-31.));
#4628 = CARTESIAN_POINT('',(64.,-31.));
#4629 = ( GEOMETRIC_REPRESENTATION_CONTEXT(2) 
PARAMETRIC_REPRESENTATION_CONTEXT() REPRESENTATION_CONTEXT('2D SPACE',''
  ) );
#4630 = PCURVE('',#3750,#4631);
#4631 = DEFINITIONAL_REPRESENTATION('',(#4632),#4635);
#4632 = B_SPLINE_CURVE_WITH_KNOTS('',1,(#4633,#4634),.UNSPECIFIED.,.F.,
  .F.,(2,2),(32.,40.),.PIECEWISE_BEZIER_KNOTS.);
#4633 = CARTESIAN_POINT('',(8.,9.));
#4634 = CARTESIAN_POINT('',(16.,9.));
#4635 = ( GEOMETRIC_REPRESENTATION_CONTEXT(2) 
PARAMETRIC_REPRESENTATION_CONTEXT() REPRESENTATION_CONTEXT('2D SPACE',''
  ) );
#4636 = ORIENTED_EDGE('',*,*,#4637,.F.);
#4637 = EDGE_CURVE('',#3129,#4617,#4638,.T.);
#4638 = SURFACE_CURVE('',#4639,(#4644,#4651),.PCURVE_S1.);
#4639 = CIRCLE('',#4640,8.);
#4640 = AXIS2_PLACEMENT_3D('',#4641,#4642,#4643);
#4641 = CARTESIAN_POINT('',(-57.,-2.,123.));
#4642 = DIRECTION('',(1.,0.,-0.));
#4643 = DIRECTION('',(0.,1.,0.));
#4644 = PCURVE('',#744,#4645);
#4645 = DEFINITIONAL_REPRESENTATION('',(#4646),#4650);
#4646 = CIRCLE('',#4647,8.);
#4647 = AXIS2_PLACEMENT_2D('',#4648,#4649);
#4648 = CARTESIAN_POINT('',(56.,-23.));
#4649 = DIRECTION('',(0.,-1.));
#4650 = ( GEOMETRIC_REPRESENTATION_CONTEXT(2) 
PARAMETRIC_REPRESENTATION_CONTEXT() REPRESENTATION_CONTEXT('2D SPACE',''
  ) );
#4651 = PCURVE('',#3079,#4652);
#4652 = DEFINITIONAL_REPRESENTATION('',(#4653),#4657);
#4653 = LINE('',#4654,#4655);
#4654 = CARTESIAN_POINT('',(-6.28318530718,9.));
#4655 = VECTOR('',#4656,1.);
#4656 = DIRECTION('',(1.,-0.));
#4657 = ( GEOMETRIC_REPRESENTATION_CONTEXT(2) 
PARAMETRIC_REPRESENTATION_CONTEXT() REPRESENTATION_CONTEXT('2D SPACE',''
  ) );
#4658 = ORIENTED_EDGE('',*,*,#3184,.T.);
#4659 = ORIENTED_EDGE('',*,*,#4660,.F.);
#4660 = EDGE_CURVE('',#2955,#2957,#4661,.T.);
#4661 = SURFACE_CURVE('',#4662,(#4666,#4672),.PCURVE_S1.);
#4662 = LINE('',#4663,#4664);
#4663 = CARTESIAN_POINT('',(-57.,6.,93.));
#4664 = VECTOR('',#4665,1.);
#4665 = DIRECTION('',(0.,-0.,1.));
#4666 = PCURVE('',#744,#4667);
#4667 = DEFINITIONAL_REPRESENTATION('',(#4668),#4671);
#4668 = B_SPLINE_CURVE_WITH_KNOTS('',1,(#4669,#4670),.UNSPECIFIED.,.F.,
  .F.,(2,2),(24.3,27.7),.PIECEWISE_BEZIER_KNOTS.);
#4669 = CARTESIAN_POINT('',(50.3,-31.));
#4670 = CARTESIAN_POINT('',(53.7,-31.));
#4671 = ( GEOMETRIC_REPRESENTATION_CONTEXT(2) 
PARAMETRIC_REPRESENTATION_CONTEXT() REPRESENTATION_CONTEXT('2D SPACE',''
  ) );
#4672 = PCURVE('',#2973,#4673);
#4673 = DEFINITIONAL_REPRESENTATION('',(#4674),#4677);
#4674 = B_SPLINE_CURVE_WITH_KNOTS('',1,(#4675,#4676),.UNSPECIFIED.,.F.,
  .F.,(2,2),(24.3,27.7),.PIECEWISE_BEZIER_KNOTS.);
#4675 = CARTESIAN_POINT('',(1.,1.7));
#4676 = CARTESIAN_POINT('',(1.,-1.7));
#4677 = ( GEOMETRIC_REPRESENTATION_CONTEXT(2) 
PARAMETRIC_REPRESENTATION_CONTEXT() REPRESENTATION_CONTEXT('2D SPACE',''
  ) );
#4678 = ORIENTED_EDGE('',*,*,#2985,.F.);
#4679 = ORIENTED_EDGE('',*,*,#4680,.F.);
#4680 = EDGE_CURVE('',#3209,#2986,#4681,.T.);
#4681 = SURFACE_CURVE('',#4682,(#4686,#4692),.PCURVE_S1.);
#4682 = LINE('',#4683,#4684);
#4683 = CARTESIAN_POINT('',(-57.,4.,93.));
#4684 = VECTOR('',#4685,1.);
#4685 = DIRECTION('',(0.,-0.,1.));
#4686 = PCURVE('',#744,#4687);
#4687 = DEFINITIONAL_REPRESENTATION('',(#4688),#4691);
#4688 = B_SPLINE_CURVE_WITH_KNOTS('',1,(#4689,#4690),.UNSPECIFIED.,.F.,
  .F.,(2,2),(20.,32.),.PIECEWISE_BEZIER_KNOTS.);
#4689 = CARTESIAN_POINT('',(46.,-29.));
#4690 = CARTESIAN_POINT('',(58.,-29.));
#4691 = ( GEOMETRIC_REPRESENTATION_CONTEXT(2) 
PARAMETRIC_REPRESENTATION_CONTEXT() REPRESENTATION_CONTEXT('2D SPACE',''
  ) );
#4692 = PCURVE('',#3023,#4693);
#4693 = DEFINITIONAL_REPRESENTATION('',(#4694),#4697);
#4694 = B_SPLINE_CURVE_WITH_KNOTS('',1,(#4695,#4696),.UNSPECIFIED.,.F.,
  .F.,(2,2),(20.,32.),.PIECEWISE_BEZIER_KNOTS.);
#4695 = CARTESIAN_POINT('',(1.,6.));
#4696 = CARTESIAN_POINT('',(1.,-6.));
#4697 = ( GEOMETRIC_REPRESENTATION_CONTEXT(2) 
PARAMETRIC_REPRESENTATION_CONTEXT() REPRESENTATION_CONTEXT('2D SPACE',''
  ) );
#4698 = ORIENTED_EDGE('',*,*,#3326,.F.);
#4699 = ORIENTED_EDGE('',*,*,#729,.T.);
#4700 = ORIENTED_EDGE('',*,*,#4701,.T.);
#4701 = EDGE_CURVE('',#730,#4702,#4704,.T.);
#4702 = VERTEX_POINT('',#4703);
#4703 = CARTESIAN_POINT('',(-57.,4.,89.316624790355));
#4704 = SURFACE_CURVE('',#4705,(#4709,#4715),.PCURVE_S1.);
#4705 = LINE('',#4706,#4707);
#4706 = CARTESIAN_POINT('',(-57.,-10.,89.316624790355));
#4707 = VECTOR('',#4708,1.);
#4708 = DIRECTION('',(0.,1.,0.));
#4709 = PCURVE('',#744,#4710);
#4710 = DEFINITIONAL_REPRESENTATION('',(#4711),#4714);
#4711 = B_SPLINE_CURVE_WITH_KNOTS('',1,(#4712,#4713),.UNSPECIFIED.,.F.,
  .F.,(2,2),(-5.999999999062E-07,14.0000006),.PIECEWISE_BEZIER_KNOTS.);
#4712 = CARTESIAN_POINT('',(22.316624790355,-14.9999994));
#4713 = CARTESIAN_POINT('',(22.316624790355,-29.0000006));
#4714 = ( GEOMETRIC_REPRESENTATION_CONTEXT(2) 
PARAMETRIC_REPRESENTATION_CONTEXT() REPRESENTATION_CONTEXT('2D SPACE',''
  ) );
#4715 = PCURVE('',#772,#4716);
#4716 = DEFINITIONAL_REPRESENTATION('',(#4717),#4720);
#4717 = B_SPLINE_CURVE_WITH_KNOTS('',1,(#4718,#4719),.UNSPECIFIED.,.F.,
  .F.,(2,2),(0.,14.),.PIECEWISE_BEZIER_KNOTS.);
#4718 = CARTESIAN_POINT('',(5.697499763722,0.));
#4719 = CARTESIAN_POINT('',(5.697499763722,14.));
#4720 = ( GEOMETRIC_REPRESENTATION_CONTEXT(2) 
PARAMETRIC_REPRESENTATION_CONTEXT() REPRESENTATION_CONTEXT('2D SPACE',''
  ) );
#4721 = ORIENTED_EDGE('',*,*,#4722,.F.);
#4722 = EDGE_CURVE('',#4723,#4702,#4725,.T.);
#4723 = VERTEX_POINT('',#4724);
#4724 = CARTESIAN_POINT('',(-57.,4.,82.683375209645));
#4725 = SURFACE_CURVE('',#4726,(#4730,#4736),.PCURVE_S1.);
#4726 = LINE('',#4727,#4728);
#4727 = CARTESIAN_POINT('',(-57.,4.,76.5));
#4728 = VECTOR('',#4729,1.);
#4729 = DIRECTION('',(0.,-0.,1.));
#4730 = PCURVE('',#744,#4731);
#4731 = DEFINITIONAL_REPRESENTATION('',(#4732),#4735);
#4732 = B_SPLINE_CURVE_WITH_KNOTS('',1,(#4733,#4734),.UNSPECIFIED.,.F.,
  .F.,(2,2),(3.5,15.5),.PIECEWISE_BEZIER_KNOTS.);
#4733 = CARTESIAN_POINT('',(13.,-29.));
#4734 = CARTESIAN_POINT('',(25.,-29.));
#4735 = ( GEOMETRIC_REPRESENTATION_CONTEXT(2) 
PARAMETRIC_REPRESENTATION_CONTEXT() REPRESENTATION_CONTEXT('2D SPACE',''
  ) );
#4736 = PCURVE('',#4737,#4742);
#4737 = PLANE('',#4738);
#4738 = AXIS2_PLACEMENT_3D('',#4739,#4740,#4741);
#4739 = CARTESIAN_POINT('',(-62.,4.,86.));
#4740 = DIRECTION('',(0.,1.,0.));
#4741 = DIRECTION('',(1.,0.,0.));
#4742 = DEFINITIONAL_REPRESENTATION('',(#4743),#4746);
#4743 = B_SPLINE_CURVE_WITH_KNOTS('',1,(#4744,#4745),.UNSPECIFIED.,.F.,
  .F.,(2,2),(3.5,15.5),.PIECEWISE_BEZIER_KNOTS.);
#4744 = CARTESIAN_POINT('',(5.,6.));
#4745 = CARTESIAN_POINT('',(5.,-6.));
#4746 = ( GEOMETRIC_REPRESENTATION_CONTEXT(2) 
PARAMETRIC_REPRESENTATION_CONTEXT() REPRESENTATION_CONTEXT('2D SPACE',''
  ) );
#4747 = ORIENTED_EDGE('',*,*,#4748,.F.);
#4748 = EDGE_CURVE('',#756,#4723,#4749,.T.);
#4749 = SURFACE_CURVE('',#4750,(#4754,#4760),.PCURVE_S1.);
#4750 = LINE('',#4751,#4752);
#4751 = CARTESIAN_POINT('',(-57.,-10.,82.683375209645));
#4752 = VECTOR('',#4753,1.);
#4753 = DIRECTION('',(0.,1.,0.));
#4754 = PCURVE('',#744,#4755);
#4755 = DEFINITIONAL_REPRESENTATION('',(#4756),#4759);
#4756 = B_SPLINE_CURVE_WITH_KNOTS('',1,(#4757,#4758),.UNSPECIFIED.,.F.,
  .F.,(2,2),(-5.999999999062E-07,14.0000006),.PIECEWISE_BEZIER_KNOTS.);
#4757 = CARTESIAN_POINT('',(15.683375209645,-14.9999994));
#4758 = CARTESIAN_POINT('',(15.683375209645,-29.0000006));
#4759 = ( GEOMETRIC_REPRESENTATION_CONTEXT(2) 
PARAMETRIC_REPRESENTATION_CONTEXT() REPRESENTATION_CONTEXT('2D SPACE',''
  ) );
#4760 = PCURVE('',#772,#4761);
#4761 = DEFINITIONAL_REPRESENTATION('',(#4762),#4765);
#4762 = B_SPLINE_CURVE_WITH_KNOTS('',1,(#4763,#4764),.UNSPECIFIED.,.F.,
  .F.,(2,2),(0.,14.),.PIECEWISE_BEZIER_KNOTS.);
#4763 = CARTESIAN_POINT('',(6.868870850637,0.));
#4764 = CARTESIAN_POINT('',(6.868870850637,14.));
#4765 = ( GEOMETRIC_REPRESENTATION_CONTEXT(2) 
PARAMETRIC_REPRESENTATION_CONTEXT() REPRESENTATION_CONTEXT('2D SPACE',''
  ) );
#4766 = ADVANCED_FACE('',(#4767),#772,.T.);
#4767 = FACE_BOUND('',#4768,.T.);
#4768 = EDGE_LOOP('',(#4769,#4770,#4796,#4797));
#4769 = ORIENTED_EDGE('',*,*,#4748,.T.);
#4770 = ORIENTED_EDGE('',*,*,#4771,.T.);
#4771 = EDGE_CURVE('',#4723,#4702,#4772,.T.);
#4772 = SURFACE_CURVE('',#4773,(#4778,#4785),.PCURVE_S1.);
#4773 = CIRCLE('',#4774,6.);
#4774 = AXIS2_PLACEMENT_3D('',#4775,#4776,#4777);
#4775 = CARTESIAN_POINT('',(-62.,4.,86.));
#4776 = DIRECTION('',(0.,-1.,0.));
#4777 = DIRECTION('',(0.833333333333,0.,-0.552770798393));
#4778 = PCURVE('',#772,#4779);
#4779 = DEFINITIONAL_REPRESENTATION('',(#4780),#4784);
#4780 = LINE('',#4781,#4782);
#4781 = CARTESIAN_POINT('',(6.868870850637,14.));
#4782 = VECTOR('',#4783,1.);
#4783 = DIRECTION('',(-1.,-0.));
#4784 = ( GEOMETRIC_REPRESENTATION_CONTEXT(2) 
PARAMETRIC_REPRESENTATION_CONTEXT() REPRESENTATION_CONTEXT('2D SPACE',''
  ) );
#4785 = PCURVE('',#4737,#4786);
#4786 = DEFINITIONAL_REPRESENTATION('',(#4787),#4795);
#4787 = ( BOUNDED_CURVE() B_SPLINE_CURVE(2,(#4788,#4789,#4790,#4791,
#4792,#4793,#4794),.UNSPECIFIED.,.T.,.F.) B_SPLINE_CURVE_WITH_KNOTS((1,2
    ,2,2,2,1),(-2.094395102393,0.,2.094395102393,4.188790204786,
6.28318530718,8.377580409573),.UNSPECIFIED.) CURVE() 
GEOMETRIC_REPRESENTATION_ITEM() RATIONAL_B_SPLINE_CURVE((1.,0.5,1.,0.5,
1.,0.5,1.)) REPRESENTATION_ITEM('') );
#4788 = CARTESIAN_POINT('',(5.,3.316624790355));
#4789 = CARTESIAN_POINT('',(10.744562646538,-5.343629247489));
#4790 = CARTESIAN_POINT('',(0.372281323269,-5.9884394141));
#4791 = CARTESIAN_POINT('',(-10.,-6.633249580711));
#4792 = CARTESIAN_POINT('',(-5.372281323269,2.671814623744));
#4793 = CARTESIAN_POINT('',(-0.744562646538,11.9768788282));
#4794 = CARTESIAN_POINT('',(5.,3.316624790355));
#4795 = ( GEOMETRIC_REPRESENTATION_CONTEXT(2) 
PARAMETRIC_REPRESENTATION_CONTEXT() REPRESENTATION_CONTEXT('2D SPACE',''
  ) );
#4796 = ORIENTED_EDGE('',*,*,#4701,.F.);
#4797 = ORIENTED_EDGE('',*,*,#755,.T.);
#4798 = ADVANCED_FACE('',(#4799),#1141,.F.);
#4799 = FACE_BOUND('',#4800,.F.);
#4800 = EDGE_LOOP('',(#4801,#4824,#4851,#4852));
#4801 = ORIENTED_EDGE('',*,*,#4802,.T.);
#4802 = EDGE_CURVE('',#1125,#4803,#4805,.T.);
#4803 = VERTEX_POINT('',#4804);
#4804 = CARTESIAN_POINT('',(63.7,6.,86.));
#4805 = SEAM_CURVE('',#4806,(#4810,#4817),.PCURVE_S1.);
#4806 = LINE('',#4807,#4808);
#4807 = CARTESIAN_POINT('',(63.7,-12.,86.));
#4808 = VECTOR('',#4809,1.);
#4809 = DIRECTION('',(0.,1.,0.));
#4810 = PCURVE('',#1141,#4811);
#4811 = DEFINITIONAL_REPRESENTATION('',(#4812),#4816);
#4812 = LINE('',#4813,#4814);
#4813 = CARTESIAN_POINT('',(6.28318530718,-0.));
#4814 = VECTOR('',#4815,1.);
#4815 = DIRECTION('',(0.,1.));
#4816 = ( GEOMETRIC_REPRESENTATION_CONTEXT(2) 
PARAMETRIC_REPRESENTATION_CONTEXT() REPRESENTATION_CONTEXT('2D SPACE',''
  ) );
#4817 = PCURVE('',#1141,#4818);
#4818 = DEFINITIONAL_REPRESENTATION('',(#4819),#4823);
#4819 = LINE('',#4820,#4821);
#4820 = CARTESIAN_POINT('',(0.,-0.));
#4821 = VECTOR('',#4822,1.);
#4822 = DIRECTION('',(0.,1.));
#4823 = ( GEOMETRIC_REPRESENTATION_CONTEXT(2) 
PARAMETRIC_REPRESENTATION_CONTEXT() REPRESENTATION_CONTEXT('2D SPACE',''
  ) );
#4824 = ORIENTED_EDGE('',*,*,#4825,.F.);
#4825 = EDGE_CURVE('',#4803,#4803,#4826,.T.);
#4826 = SURFACE_CURVE('',#4827,(#4832,#4839),.PCURVE_S1.);
#4827 = CIRCLE('',#4828,1.7);
#4828 = AXIS2_PLACEMENT_3D('',#4829,#4830,#4831);
#4829 = CARTESIAN_POINT('',(62.,6.,86.));
#4830 = DIRECTION('',(-0.,1.,0.));
#4831 = DIRECTION('',(1.,0.,0.));
#4832 = PCURVE('',#1141,#4833);
#4833 = DEFINITIONAL_REPRESENTATION('',(#4834),#4838);
#4834 = LINE('',#4835,#4836);
#4835 = CARTESIAN_POINT('',(0.,18.));
#4836 = VECTOR('',#4837,1.);
#4837 = DIRECTION('',(1.,0.));
#4838 = ( GEOMETRIC_REPRESENTATION_CONTEXT(2) 
PARAMETRIC_REPRESENTATION_CONTEXT() REPRESENTATION_CONTEXT('2D SPACE',''
  ) );
#4839 = PCURVE('',#4840,#4845);
#4840 = PLANE('',#4841);
#4841 = AXIS2_PLACEMENT_3D('',#4842,#4843,#4844);
#4842 = CARTESIAN_POINT('',(62.,6.,86.));
#4843 = DIRECTION('',(0.,1.,0.));
#4844 = DIRECTION('',(1.,0.,0.));
#4845 = DEFINITIONAL_REPRESENTATION('',(#4846),#4850);
#4846 = CIRCLE('',#4847,1.7);
#4847 = AXIS2_PLACEMENT_2D('',#4848,#4849);
#4848 = CARTESIAN_POINT('',(0.,0.));
#4849 = DIRECTION('',(1.,0.));
#4850 = ( GEOMETRIC_REPRESENTATION_CONTEXT(2) 
PARAMETRIC_REPRESENTATION_CONTEXT() REPRESENTATION_CONTEXT('2D SPACE',''
  ) );
#4851 = ORIENTED_EDGE('',*,*,#4802,.F.);
#4852 = ORIENTED_EDGE('',*,*,#1124,.T.);
#4853 = ADVANCED_FACE('',(#4854),#1172,.F.);
#4854 = FACE_BOUND('',#4855,.F.);
#4855 = EDGE_LOOP('',(#4856,#4857,#4880,#4902,#4903,#4965,#4987,#4988,
    #5010));
#4856 = ORIENTED_EDGE('',*,*,#1155,.T.);
#4857 = ORIENTED_EDGE('',*,*,#4858,.T.);
#4858 = EDGE_CURVE('',#1156,#4859,#4861,.T.);
#4859 = VERTEX_POINT('',#4860);
#4860 = CARTESIAN_POINT('',(59.7,6.,119.));
#4861 = SEAM_CURVE('',#4862,(#4866,#4873),.PCURVE_S1.);
#4862 = LINE('',#4863,#4864);
#4863 = CARTESIAN_POINT('',(59.7,-12.,119.));
#4864 = VECTOR('',#4865,1.);
#4865 = DIRECTION('',(0.,1.,0.));
#4866 = PCURVE('',#1172,#4867);
#4867 = DEFINITIONAL_REPRESENTATION('',(#4868),#4872);
#4868 = LINE('',#4869,#4870);
#4869 = CARTESIAN_POINT('',(0.,-0.));
#4870 = VECTOR('',#4871,1.);
#4871 = DIRECTION('',(0.,1.));
#4872 = ( GEOMETRIC_REPRESENTATION_CONTEXT(2) 
PARAMETRIC_REPRESENTATION_CONTEXT() REPRESENTATION_CONTEXT('2D SPACE',''
  ) );
#4873 = PCURVE('',#1172,#4874);
#4874 = DEFINITIONAL_REPRESENTATION('',(#4875),#4879);
#4875 = LINE('',#4876,#4877);
#4876 = CARTESIAN_POINT('',(6.28318530718,-0.));
#4877 = VECTOR('',#4878,1.);
#4878 = DIRECTION('',(0.,1.));
#4879 = ( GEOMETRIC_REPRESENTATION_CONTEXT(2) 
PARAMETRIC_REPRESENTATION_CONTEXT() REPRESENTATION_CONTEXT('2D SPACE',''
  ) );
#4880 = ORIENTED_EDGE('',*,*,#4881,.F.);
#4881 = EDGE_CURVE('',#4238,#4859,#4882,.T.);
#4882 = SURFACE_CURVE('',#4883,(#4888,#4895),.PCURVE_S1.);
#4883 = CIRCLE('',#4884,1.7);
#4884 = AXIS2_PLACEMENT_3D('',#4885,#4886,#4887);
#4885 = CARTESIAN_POINT('',(58.,6.,119.));
#4886 = DIRECTION('',(-0.,1.,0.));
#4887 = DIRECTION('',(1.,0.,0.));
#4888 = PCURVE('',#1172,#4889);
#4889 = DEFINITIONAL_REPRESENTATION('',(#4890),#4894);
#4890 = LINE('',#4891,#4892);
#4891 = CARTESIAN_POINT('',(0.,18.));
#4892 = VECTOR('',#4893,1.);
#4893 = DIRECTION('',(1.,0.));
#4894 = ( GEOMETRIC_REPRESENTATION_CONTEXT(2) 
PARAMETRIC_REPRESENTATION_CONTEXT() REPRESENTATION_CONTEXT('2D SPACE',''
  ) );
#4895 = PCURVE('',#4273,#4896);
#4896 = DEFINITIONAL_REPRESENTATION('',(#4897),#4901);
#4897 = CIRCLE('',#4898,1.7);
#4898 = AXIS2_PLACEMENT_2D('',#4899,#4900);
#4899 = CARTESIAN_POINT('',(0.,0.));
#4900 = DIRECTION('',(1.,0.));
#4901 = ( GEOMETRIC_REPRESENTATION_CONTEXT(2) 
PARAMETRIC_REPRESENTATION_CONTEXT() REPRESENTATION_CONTEXT('2D SPACE',''
  ) );
#4902 = ORIENTED_EDGE('',*,*,#4237,.F.);
#4903 = ORIENTED_EDGE('',*,*,#4904,.F.);
#4904 = EDGE_CURVE('',#4905,#4214,#4907,.T.);
#4905 = VERTEX_POINT('',#4906);
#4906 = CARTESIAN_POINT('',(56.894549423522,4.,117.70849737787));
#4907 = SURFACE_CURVE('',#4908,(#4925,#4945),.PCURVE_S1.);
#4908 = B_SPLINE_CURVE_WITH_KNOTS('',8,(#4909,#4910,#4911,#4912,#4913,
    #4914,#4915,#4916,#4917,#4918,#4919,#4920,#4921,#4922,#4923,#4924),
  .UNSPECIFIED.,.F.,.F.,(9,7,9),(0.,0.445457834403,1.),.UNSPECIFIED.);
#4909 = CARTESIAN_POINT('',(57.0000006,3.925522225139,117.62522685507));
#4910 = CARTESIAN_POINT('',(56.868487756424,4.012292380454,
    117.72088828485));
#4911 = CARTESIAN_POINT('',(56.748092187839,4.108452290886,
    117.83044833196));
#4912 = CARTESIAN_POINT('',(56.639603788749,4.211683733142,
    117.95294748108));
#4913 = CARTESIAN_POINT('',(56.544005890967,4.319935116865,
    118.08766273145));
#4914 = CARTESIAN_POINT('',(56.462547521852,4.431360609786,
    118.23394863616));
#4915 = CARTESIAN_POINT('',(56.396808189179,4.544236524547,
    118.39111523439));
#4916 = CARTESIAN_POINT('',(56.348772237512,4.656893166737,
    118.55827130993));
#4917 = CARTESIAN_POINT('',(56.28626931496,4.90564213546,118.95289923186
    ));
#4918 = CARTESIAN_POINT('',(56.282679012475,5.041611377516,
    119.18653415601));
#4919 = CARTESIAN_POINT('',(56.316733764453,5.16818049524,119.425972044)
  );
#4920 = CARTESIAN_POINT('',(56.390754345817,5.279879667572,
    119.66108833501));
#4921 = CARTESIAN_POINT('',(56.503317795978,5.374173194213,
    119.88159585915));
#4922 = CARTESIAN_POINT('',(56.649173632607,5.450951665967,
    120.0779670607));
#4923 = CARTESIAN_POINT('',(56.819056851854,5.511273199139,
    120.24315605577));
#4924 = CARTESIAN_POINT('',(57.0000006,5.556995696663,120.37477314492));
#4925 = PCURVE('',#1172,#4926);
#4926 = DEFINITIONAL_REPRESENTATION('',(#4927),#4944);
#4927 = B_SPLINE_CURVE_WITH_KNOTS('',8,(#4928,#4929,#4930,#4931,#4932,
    #4933,#4934,#4935,#4936,#4937,#4938,#4939,#4940,#4941,#4942,#4943),
  .UNSPECIFIED.,.F.,.F.,(9,7,9),(0.,0.445457834403,1.),.UNSPECIFIED.);
#4928 = CARTESIAN_POINT('',(2.199670815854,15.925522225139));
#4929 = CARTESIAN_POINT('',(2.295332303033,16.012292380454));
#4930 = CARTESIAN_POINT('',(2.390514438377,16.108452290886));
#4931 = CARTESIAN_POINT('',(2.48584377228,16.211683733142));
#4932 = CARTESIAN_POINT('',(2.581879613718,16.319935116865));
#4933 = CARTESIAN_POINT('',(2.679171059628,16.431360609786));
#4934 = CARTESIAN_POINT('',(2.778281172688,16.544236524547));
#4935 = CARTESIAN_POINT('',(2.879818111967,16.656893166737));
#4936 = CARTESIAN_POINT('',(3.114845764098,16.90564213546));
#4937 = CARTESIAN_POINT('',(3.250916871245,17.041611377516));
#4938 = CARTESIAN_POINT('',(3.390265981235,17.16818049524));
#4939 = CARTESIAN_POINT('',(3.531431439654,17.279879667572));
#4940 = CARTESIAN_POINT('',(3.673121136441,17.374173194214));
#4941 = CARTESIAN_POINT('',(3.81392464626,17.450951665967));
#4942 = CARTESIAN_POINT('',(3.951897323202,17.511273199139));
#4943 = CARTESIAN_POINT('',(4.083514491325,17.556995696663));
#4944 = ( GEOMETRIC_REPRESENTATION_CONTEXT(2) 
PARAMETRIC_REPRESENTATION_CONTEXT() REPRESENTATION_CONTEXT('2D SPACE',''
  ) );
#4945 = PCURVE('',#3925,#4946);
#4946 = DEFINITIONAL_REPRESENTATION('',(#4947),#4964);
#4947 = B_SPLINE_CURVE_WITH_KNOTS('',8,(#4948,#4949,#4950,#4951,#4952,
    #4953,#4954,#4955,#4956,#4957,#4958,#4959,#4960,#4961,#4962,#4963),
  .UNSPECIFIED.,.F.,.F.,(9,7,9),(0.,0.445457834403,1.),.UNSPECIFIED.);
#4948 = CARTESIAN_POINT('',(-0.736699115422,29.0000006));
#4949 = CARTESIAN_POINT('',(-0.720555149347,28.868487756424));
#4950 = CARTESIAN_POINT('',(-0.702335791513,28.748092187839));
#4951 = CARTESIAN_POINT('',(-0.682318221847,28.639603788749));
#4952 = CARTESIAN_POINT('',(-0.660728159402,28.544005890967));
#4953 = CARTESIAN_POINT('',(-0.637758810191,28.462547521852));
#4954 = CARTESIAN_POINT('',(-0.613588646009,28.396808189179));
#4955 = CARTESIAN_POINT('',(-0.588403524391,28.348772237512));
#4956 = CARTESIAN_POINT('',(-0.53009303458,28.28626931496));
#4957 = CARTESIAN_POINT('',(-0.496324192072,28.282679012475));
#4958 = CARTESIAN_POINT('',(-0.462516573591,28.316733764453));
#4959 = CARTESIAN_POINT('',(-0.430035573976,28.390754345817));
#4960 = CARTESIAN_POINT('',(-0.400088706809,28.503317795978));
#4961 = CARTESIAN_POINT('',(-0.373744135001,28.649173632607));
#4962 = CARTESIAN_POINT('',(-0.351764602231,28.819056851854));
#4963 = CARTESIAN_POINT('',(-0.334348013095,29.0000006));
#4964 = ( GEOMETRIC_REPRESENTATION_CONTEXT(2) 
PARAMETRIC_REPRESENTATION_CONTEXT() REPRESENTATION_CONTEXT('2D SPACE',''
  ) );
#4965 = ORIENTED_EDGE('',*,*,#4966,.F.);
#4966 = EDGE_CURVE('',#4285,#4905,#4967,.T.);
#4967 = SURFACE_CURVE('',#4968,(#4973,#4980),.PCURVE_S1.);
#4968 = CIRCLE('',#4969,1.7);
#4969 = AXIS2_PLACEMENT_3D('',#4970,#4971,#4972);
#4970 = CARTESIAN_POINT('',(58.,4.,119.));
#4971 = DIRECTION('',(-0.,1.,0.));
#4972 = DIRECTION('',(1.,0.,0.));
#4973 = PCURVE('',#1172,#4974);
#4974 = DEFINITIONAL_REPRESENTATION('',(#4975),#4979);
#4975 = LINE('',#4976,#4977);
#4976 = CARTESIAN_POINT('',(0.,16.));
#4977 = VECTOR('',#4978,1.);
#4978 = DIRECTION('',(1.,0.));
#4979 = ( GEOMETRIC_REPRESENTATION_CONTEXT(2) 
PARAMETRIC_REPRESENTATION_CONTEXT() REPRESENTATION_CONTEXT('2D SPACE',''
  ) );
#4980 = PCURVE('',#3959,#4981);
#4981 = DEFINITIONAL_REPRESENTATION('',(#4982),#4986);
#4982 = CIRCLE('',#4983,1.7);
#4983 = AXIS2_PLACEMENT_2D('',#4984,#4985);
#4984 = CARTESIAN_POINT('',(0.,0.));
#4985 = DIRECTION('',(1.,0.));
#4986 = ( GEOMETRIC_REPRESENTATION_CONTEXT(2) 
PARAMETRIC_REPRESENTATION_CONTEXT() REPRESENTATION_CONTEXT('2D SPACE',''
  ) );
#4987 = ORIENTED_EDGE('',*,*,#4284,.T.);
#4988 = ORIENTED_EDGE('',*,*,#4989,.F.);
#4989 = EDGE_CURVE('',#4859,#4259,#4990,.T.);
#4990 = SURFACE_CURVE('',#4991,(#4996,#5003),.PCURVE_S1.);
#4991 = CIRCLE('',#4992,1.7);
#4992 = AXIS2_PLACEMENT_3D('',#4993,#4994,#4995);
#4993 = CARTESIAN_POINT('',(58.,6.,119.));
#4994 = DIRECTION('',(-0.,1.,0.));
#4995 = DIRECTION('',(1.,0.,0.));
#4996 = PCURVE('',#1172,#4997);
#4997 = DEFINITIONAL_REPRESENTATION('',(#4998),#5002);
#4998 = LINE('',#4999,#5000);
#4999 = CARTESIAN_POINT('',(0.,18.));
#5000 = VECTOR('',#5001,1.);
#5001 = DIRECTION('',(1.,0.));
#5002 = ( GEOMETRIC_REPRESENTATION_CONTEXT(2) 
PARAMETRIC_REPRESENTATION_CONTEXT() REPRESENTATION_CONTEXT('2D SPACE',''
  ) );
#5003 = PCURVE('',#4273,#5004);
#5004 = DEFINITIONAL_REPRESENTATION('',(#5005),#5009);
#5005 = CIRCLE('',#5006,1.7);
#5006 = AXIS2_PLACEMENT_2D('',#5007,#5008);
#5007 = CARTESIAN_POINT('',(0.,0.));
#5008 = DIRECTION('',(1.,0.));
#5009 = ( GEOMETRIC_REPRESENTATION_CONTEXT(2) 
PARAMETRIC_REPRESENTATION_CONTEXT() REPRESENTATION_CONTEXT('2D SPACE',''
  ) );
#5010 = ORIENTED_EDGE('',*,*,#4858,.F.);
#5011 = ADVANCED_FACE('',(#5012),#1295,.T.);
#5012 = FACE_BOUND('',#5013,.F.);
#5013 = EDGE_LOOP('',(#5014,#5015,#5039,#5067));
#5014 = ORIENTED_EDGE('',*,*,#1281,.F.);
#5015 = ORIENTED_EDGE('',*,*,#5016,.T.);
#5016 = EDGE_CURVE('',#1259,#5017,#5019,.T.);
#5017 = VERTEX_POINT('',#5018);
#5018 = CARTESIAN_POINT('',(-41.,30.,85.));
#5019 = SURFACE_CURVE('',#5020,(#5025,#5032),.PCURVE_S1.);
#5020 = CIRCLE('',#5021,25.);
#5021 = AXIS2_PLACEMENT_3D('',#5022,#5023,#5024);
#5022 = CARTESIAN_POINT('',(-41.,5.,85.));
#5023 = DIRECTION('',(-0.,0.,-1.));
#5024 = DIRECTION('',(-1.,0.,0.));
#5025 = PCURVE('',#1295,#5026);
#5026 = DEFINITIONAL_REPRESENTATION('',(#5027),#5031);
#5027 = LINE('',#5028,#5029);
#5028 = CARTESIAN_POINT('',(-0.,25.));
#5029 = VECTOR('',#5030,1.);
#5030 = DIRECTION('',(-1.,0.));
#5031 = ( GEOMETRIC_REPRESENTATION_CONTEXT(2) 
PARAMETRIC_REPRESENTATION_CONTEXT() REPRESENTATION_CONTEXT('2D SPACE',''
  ) );
#5032 = PCURVE('',#1396,#5033);
#5033 = DEFINITIONAL_REPRESENTATION('',(#5034),#5038);
#5034 = LINE('',#5035,#5036);
#5035 = CARTESIAN_POINT('',(-0.,0.));
#5036 = VECTOR('',#5037,1.);
#5037 = DIRECTION('',(-1.,0.));
#5038 = ( GEOMETRIC_REPRESENTATION_CONTEXT(2) 
PARAMETRIC_REPRESENTATION_CONTEXT() REPRESENTATION_CONTEXT('2D SPACE',''
  ) );
#5039 = ORIENTED_EDGE('',*,*,#5040,.T.);
#5040 = EDGE_CURVE('',#5017,#5041,#5043,.T.);
#5041 = VERTEX_POINT('',#5042);
#5042 = CARTESIAN_POINT('',(-41.,30.,113.));
#5043 = SURFACE_CURVE('',#5044,(#5048,#5055),.PCURVE_S1.);
#5044 = LINE('',#5045,#5046);
#5045 = CARTESIAN_POINT('',(-41.,30.,60.));
#5046 = VECTOR('',#5047,1.);
#5047 = DIRECTION('',(0.,0.,1.));
#5048 = PCURVE('',#1295,#5049);
#5049 = DEFINITIONAL_REPRESENTATION('',(#5050),#5054);
#5050 = LINE('',#5051,#5052);
#5051 = CARTESIAN_POINT('',(-1.570796326795,0.));
#5052 = VECTOR('',#5053,1.);
#5053 = DIRECTION('',(-0.,1.));
#5054 = ( GEOMETRIC_REPRESENTATION_CONTEXT(2) 
PARAMETRIC_REPRESENTATION_CONTEXT() REPRESENTATION_CONTEXT('2D SPACE',''
  ) );
#5055 = PCURVE('',#5056,#5061);
#5056 = PLANE('',#5057);
#5057 = AXIS2_PLACEMENT_3D('',#5058,#5059,#5060);
#5058 = CARTESIAN_POINT('',(-66.,30.,60.));
#5059 = DIRECTION('',(-0.,1.,0.));
#5060 = DIRECTION('',(0.,0.,1.));
#5061 = DEFINITIONAL_REPRESENTATION('',(#5062),#5066);
#5062 = LINE('',#5063,#5064);
#5063 = CARTESIAN_POINT('',(0.,25.));
#5064 = VECTOR('',#5065,1.);
#5065 = DIRECTION('',(1.,0.));
#5066 = ( GEOMETRIC_REPRESENTATION_CONTEXT(2) 
PARAMETRIC_REPRESENTATION_CONTEXT() REPRESENTATION_CONTEXT('2D SPACE',''
  ) );
#5067 = ORIENTED_EDGE('',*,*,#5068,.T.);
#5068 = EDGE_CURVE('',#5041,#1188,#5069,.T.);
#5069 = SURFACE_CURVE('',#5070,(#5075,#5081),.PCURVE_S1.);
#5070 = CIRCLE('',#5071,25.);
#5071 = AXIS2_PLACEMENT_3D('',#5072,#5073,#5074);
#5072 = CARTESIAN_POINT('',(-41.,5.,113.));
#5073 = DIRECTION('',(0.,0.,1.));
#5074 = DIRECTION('',(-1.,-0.,0.));
#5075 = PCURVE('',#1295,#5076);
#5076 = DEFINITIONAL_REPRESENTATION('',(#5077),#5080);
#5077 = B_SPLINE_CURVE_WITH_KNOTS('',1,(#5078,#5079),.UNSPECIFIED.,.F.,
  .F.,(2,2),(4.712388980385,6.28318530718),.PIECEWISE_BEZIER_KNOTS.);
#5078 = CARTESIAN_POINT('',(-1.570796326795,53.));
#5079 = CARTESIAN_POINT('',(0.,53.));
#5080 = ( GEOMETRIC_REPRESENTATION_CONTEXT(2) 
PARAMETRIC_REPRESENTATION_CONTEXT() REPRESENTATION_CONTEXT('2D SPACE',''
  ) );
#5081 = PCURVE('',#2884,#5082);
#5082 = DEFINITIONAL_REPRESENTATION('',(#5083),#5086);
#5083 = B_SPLINE_CURVE_WITH_KNOTS('',1,(#5084,#5085),.UNSPECIFIED.,.F.,
  .F.,(2,2),(4.712388980385,6.28318530718),.PIECEWISE_BEZIER_KNOTS.);
#5084 = CARTESIAN_POINT('',(0.,-1.570796326795));
#5085 = CARTESIAN_POINT('',(0.,0.));
#5086 = ( GEOMETRIC_REPRESENTATION_CONTEXT(2) 
PARAMETRIC_REPRESENTATION_CONTEXT() REPRESENTATION_CONTEXT('2D SPACE',''
  ) );
#5087 = ADVANCED_FACE('',(#5088),#1247,.T.);
#5088 = FACE_BOUND('',#5089,.T.);
#5089 = EDGE_LOOP('',(#5090,#5091,#5092));
#5090 = ORIENTED_EDGE('',*,*,#1408,.F.);
#5091 = ORIENTED_EDGE('',*,*,#1310,.T.);
#5092 = ORIENTED_EDGE('',*,*,#1232,.F.);
#5093 = ADVANCED_FACE('',(#5094),#1396,.T.);
#5094 = FACE_BOUND('',#5095,.F.);
#5095 = EDGE_LOOP('',(#5096,#5097,#5117,#5118,#5119,#5163,#5188));
#5096 = ORIENTED_EDGE('',*,*,#1382,.F.);
#5097 = ORIENTED_EDGE('',*,*,#5098,.T.);
#5098 = EDGE_CURVE('',#1360,#4473,#5099,.T.);
#5099 = SURFACE_CURVE('',#5100,(#5105,#5111),.PCURVE_S1.);
#5100 = CIRCLE('',#5101,25.);
#5101 = AXIS2_PLACEMENT_3D('',#5102,#5103,#5104);
#5102 = CARTESIAN_POINT('',(-41.,5.,85.));
#5103 = DIRECTION('',(1.,2.832769448824E-16,-0.));
#5104 = DIRECTION('',(-2.832769448824E-16,1.,0.));
#5105 = PCURVE('',#1396,#5106);
#5106 = DEFINITIONAL_REPRESENTATION('',(#5107),#5110);
#5107 = B_SPLINE_CURVE_WITH_KNOTS('',1,(#5108,#5109),.UNSPECIFIED.,.F.,
  .F.,(2,2),(4.712388980385,6.28318530718),.PIECEWISE_BEZIER_KNOTS.);
#5108 = CARTESIAN_POINT('',(-1.570796326795,-1.570796326795));
#5109 = CARTESIAN_POINT('',(-1.570796326795,0.));
#5110 = ( GEOMETRIC_REPRESENTATION_CONTEXT(2) 
PARAMETRIC_REPRESENTATION_CONTEXT() REPRESENTATION_CONTEXT('2D SPACE',''
  ) );
#5111 = PCURVE('',#1473,#5112);
#5112 = DEFINITIONAL_REPRESENTATION('',(#5113),#5116);
#5113 = B_SPLINE_CURVE_WITH_KNOTS('',1,(#5114,#5115),.UNSPECIFIED.,.F.,
  .F.,(2,2),(4.712388980385,6.28318530718),.PIECEWISE_BEZIER_KNOTS.);
#5114 = CARTESIAN_POINT('',(-1.570796326795,25.));
#5115 = CARTESIAN_POINT('',(0.,25.));
#5116 = ( GEOMETRIC_REPRESENTATION_CONTEXT(2) 
PARAMETRIC_REPRESENTATION_CONTEXT() REPRESENTATION_CONTEXT('2D SPACE',''
  ) );
#5117 = ORIENTED_EDGE('',*,*,#4493,.T.);
#5118 = ORIENTED_EDGE('',*,*,#4520,.T.);
#5119 = ORIENTED_EDGE('',*,*,#5120,.F.);
#5120 = EDGE_CURVE('',#5121,#4521,#5123,.T.);
#5121 = VERTEX_POINT('',#5122);
#5122 = CARTESIAN_POINT('',(-41.,23.,67.650648427103));
#5123 = SURFACE_CURVE('',#5124,(#5129,#5156),.PCURVE_S1.);
#5124 = CIRCLE('',#5125,17.349351572897);
#5125 = AXIS2_PLACEMENT_3D('',#5126,#5127,#5128);
#5126 = CARTESIAN_POINT('',(-41.,23.,85.));
#5127 = DIRECTION('',(-0.,1.,0.));
#5128 = DIRECTION('',(0.,0.,1.));
#5129 = PCURVE('',#1396,#5130);
#5130 = DEFINITIONAL_REPRESENTATION('',(#5131),#5155);
#5131 = B_SPLINE_CURVE_WITH_KNOTS('',8,(#5132,#5133,#5134,#5135,#5136,
    #5137,#5138,#5139,#5140,#5141,#5142,#5143,#5144,#5145,#5146,#5147,
    #5148,#5149,#5150,#5151,#5152,#5153,#5154),.UNSPECIFIED.,.F.,.F.,(9,
    7,7,9),(3.14159265359,3.43504145456,3.875214656015,4.31538785747),
  .UNSPECIFIED.);
#5132 = CARTESIAN_POINT('',(-1.570796326795,-0.766994007862));
#5133 = CARTESIAN_POINT('',(-1.535441143346,-0.766994007862));
#5134 = CARTESIAN_POINT('',(-1.500085973427,-0.765511872363));
#5135 = CARTESIAN_POINT('',(-1.464937899865,-0.76254761404));
#5136 = CARTESIAN_POINT('',(-1.430204355995,-0.758117303001));
#5137 = CARTESIAN_POINT('',(-1.396079544638,-0.752253243869));
#5138 = CARTESIAN_POINT('',(-1.362733167344,-0.745001579893));
#5139 = CARTESIAN_POINT('',(-1.33030403593,-0.736418684474));
#5140 = CARTESIAN_POINT('',(-1.251796791811,-0.711791224566));
#5141 = CARTESIAN_POINT('',(-1.207001445306,-0.694161555933));
#5142 = CARTESIAN_POINT('',(-1.164882557972,-0.673891788438));
#5143 = CARTESIAN_POINT('',(-1.125655067701,-0.651229591753));
#5144 = CARTESIAN_POINT('',(-1.089379488224,-0.626430543305));
#5145 = CARTESIAN_POINT('',(-1.056022643392,-0.599736392644));
#5146 = CARTESIAN_POINT('',(-1.025497232301,-0.571370392652));
#5147 = CARTESIAN_POINT('',(-0.96988049916,-0.511699895724));
#5148 = CARTESIAN_POINT('',(-0.944789179703,-0.480395395925));
#5149 = CARTESIAN_POINT('',(-0.922300520408,-0.44782432869));
#5150 = CARTESIAN_POINT('',(-0.902273045306,-0.414168725044));
#5151 = CARTESIAN_POINT('',(-0.884565261965,-0.379589140187));
#5152 = CARTESIAN_POINT('',(-0.869048013552,-0.344227552262));
#5153 = CARTESIAN_POINT('',(-0.855608703531,-0.308211518411));
#5154 = CARTESIAN_POINT('',(-0.844153986113,-0.271657123678));
#5155 = ( GEOMETRIC_REPRESENTATION_CONTEXT(2) 
PARAMETRIC_REPRESENTATION_CONTEXT() REPRESENTATION_CONTEXT('2D SPACE',''
  ) );
#5156 = PCURVE('',#4144,#5157);
#5157 = DEFINITIONAL_REPRESENTATION('',(#5158),#5162);
#5158 = CIRCLE('',#5159,17.349351572897);
#5159 = AXIS2_PLACEMENT_2D('',#5160,#5161);
#5160 = CARTESIAN_POINT('',(18.,16.));
#5161 = DIRECTION('',(1.,0.));
#5162 = ( GEOMETRIC_REPRESENTATION_CONTEXT(2) 
PARAMETRIC_REPRESENTATION_CONTEXT() REPRESENTATION_CONTEXT('2D SPACE',''
  ) );
#5163 = ORIENTED_EDGE('',*,*,#5164,.T.);
#5164 = EDGE_CURVE('',#5121,#5017,#5165,.T.);
#5165 = SURFACE_CURVE('',#5166,(#5171,#5177),.PCURVE_S1.);
#5166 = CIRCLE('',#5167,25.);
#5167 = AXIS2_PLACEMENT_3D('',#5168,#5169,#5170);
#5168 = CARTESIAN_POINT('',(-41.,5.,85.));
#5169 = DIRECTION('',(1.,2.832769448824E-16,-0.));
#5170 = DIRECTION('',(-2.832769448824E-16,1.,0.));
#5171 = PCURVE('',#1396,#5172);
#5172 = DEFINITIONAL_REPRESENTATION('',(#5173),#5176);
#5173 = B_SPLINE_CURVE_WITH_KNOTS('',1,(#5174,#5175),.UNSPECIFIED.,.F.,
  .F.,(2,2),(4.712388980385,6.28318530718),.PIECEWISE_BEZIER_KNOTS.);
#5174 = CARTESIAN_POINT('',(-1.570796326795,-1.570796326795));
#5175 = CARTESIAN_POINT('',(-1.570796326795,0.));
#5176 = ( GEOMETRIC_REPRESENTATION_CONTEXT(2) 
PARAMETRIC_REPRESENTATION_CONTEXT() REPRESENTATION_CONTEXT('2D SPACE',''
  ) );
#5177 = PCURVE('',#5178,#5183);
#5178 = CYLINDRICAL_SURFACE('',#5179,25.);
#5179 = AXIS2_PLACEMENT_3D('',#5180,#5181,#5182);
#5180 = CARTESIAN_POINT('',(-66.,5.,85.));
#5181 = DIRECTION('',(1.,0.,-0.));
#5182 = DIRECTION('',(0.,1.,0.));
#5183 = DEFINITIONAL_REPRESENTATION('',(#5184),#5187);
#5184 = B_SPLINE_CURVE_WITH_KNOTS('',1,(#5185,#5186),.UNSPECIFIED.,.F.,
  .F.,(2,2),(4.712388980385,6.28318530718),.PIECEWISE_BEZIER_KNOTS.);
#5185 = CARTESIAN_POINT('',(-1.570796326795,25.));
#5186 = CARTESIAN_POINT('',(0.,25.));
#5187 = ( GEOMETRIC_REPRESENTATION_CONTEXT(2) 
PARAMETRIC_REPRESENTATION_CONTEXT() REPRESENTATION_CONTEXT('2D SPACE',''
  ) );
#5188 = ORIENTED_EDGE('',*,*,#5016,.F.);
#5189 = ADVANCED_FACE('',(#5190),#1473,.T.);
#5190 = FACE_BOUND('',#5191,.F.);
#5191 = EDGE_LOOP('',(#5192,#5193,#5194,#5214));
#5192 = ORIENTED_EDGE('',*,*,#5098,.F.);
#5193 = ORIENTED_EDGE('',*,*,#1459,.T.);
#5194 = ORIENTED_EDGE('',*,*,#5195,.T.);
#5195 = EDGE_CURVE('',#1437,#4449,#5196,.T.);
#5196 = SURFACE_CURVE('',#5197,(#5202,#5208),.PCURVE_S1.);
#5197 = CIRCLE('',#5198,25.);
#5198 = AXIS2_PLACEMENT_3D('',#5199,#5200,#5201);
#5199 = CARTESIAN_POINT('',(41.,5.,85.));
#5200 = DIRECTION('',(1.,-2.832769448824E-16,0.));
#5201 = DIRECTION('',(2.832769448824E-16,1.,0.));
#5202 = PCURVE('',#1473,#5203);
#5203 = DEFINITIONAL_REPRESENTATION('',(#5204),#5207);
#5204 = B_SPLINE_CURVE_WITH_KNOTS('',1,(#5205,#5206),.UNSPECIFIED.,.F.,
  .F.,(2,2),(4.712388980385,6.28318530718),.PIECEWISE_BEZIER_KNOTS.);
#5205 = CARTESIAN_POINT('',(-1.570796326795,107.));
#5206 = CARTESIAN_POINT('',(0.,107.));
#5207 = ( GEOMETRIC_REPRESENTATION_CONTEXT(2) 
PARAMETRIC_REPRESENTATION_CONTEXT() REPRESENTATION_CONTEXT('2D SPACE',''
  ) );
#5208 = PCURVE('',#1506,#5209);
#5209 = DEFINITIONAL_REPRESENTATION('',(#5210),#5213);
#5210 = B_SPLINE_CURVE_WITH_KNOTS('',1,(#5211,#5212),.UNSPECIFIED.,.F.,
  .F.,(2,2),(4.712388980385,6.28318530718),.PIECEWISE_BEZIER_KNOTS.);
#5211 = CARTESIAN_POINT('',(1.570796326795,-1.570796326795));
#5212 = CARTESIAN_POINT('',(1.570796326795,0.));
#5213 = ( GEOMETRIC_REPRESENTATION_CONTEXT(2) 
PARAMETRIC_REPRESENTATION_CONTEXT() REPRESENTATION_CONTEXT('2D SPACE',''
  ) );
#5214 = ORIENTED_EDGE('',*,*,#4472,.F.);
#5215 = ADVANCED_FACE('',(#5216),#1557,.T.);
#5216 = FACE_BOUND('',#5217,.T.);
#5217 = EDGE_LOOP('',(#5218,#5219,#5220));
#5218 = ORIENTED_EDGE('',*,*,#1668,.T.);
#5219 = ORIENTED_EDGE('',*,*,#1592,.F.);
#5220 = ORIENTED_EDGE('',*,*,#1540,.F.);
#5221 = ADVANCED_FACE('',(#5222),#1506,.T.);
#5222 = FACE_BOUND('',#5223,.T.);
#5223 = EDGE_LOOP('',(#5224,#5225,#5226,#5227,#5228,#5272,#5294));
#5224 = ORIENTED_EDGE('',*,*,#1490,.F.);
#5225 = ORIENTED_EDGE('',*,*,#5195,.T.);
#5226 = ORIENTED_EDGE('',*,*,#4448,.F.);
#5227 = ORIENTED_EDGE('',*,*,#4091,.T.);
#5228 = ORIENTED_EDGE('',*,*,#5229,.T.);
#5229 = EDGE_CURVE('',#4092,#5230,#5232,.T.);
#5230 = VERTEX_POINT('',#5231);
#5231 = CARTESIAN_POINT('',(41.,23.,67.650648427103));
#5232 = SURFACE_CURVE('',#5233,(#5238,#5265),.PCURVE_S1.);
#5233 = CIRCLE('',#5234,17.349351572897);
#5234 = AXIS2_PLACEMENT_3D('',#5235,#5236,#5237);
#5235 = CARTESIAN_POINT('',(41.,23.,85.));
#5236 = DIRECTION('',(-0.,1.,0.));
#5237 = DIRECTION('',(0.,0.,1.));
#5238 = PCURVE('',#1506,#5239);
#5239 = DEFINITIONAL_REPRESENTATION('',(#5240),#5264);
#5240 = B_SPLINE_CURVE_WITH_KNOTS('',8,(#5241,#5242,#5243,#5244,#5245,
    #5246,#5247,#5248,#5249,#5250,#5251,#5252,#5253,#5254,#5255,#5256,
    #5257,#5258,#5259,#5260,#5261,#5262,#5263),.UNSPECIFIED.,.F.,.F.,(9,
    7,7,9),(1.967797449709,2.55469505165,2.84814385262,3.14159265359),
  .UNSPECIFIED.);
#5241 = CARTESIAN_POINT('',(0.844153986113,-0.271657123678));
#5242 = CARTESIAN_POINT('',(0.85942694267,-0.320396316656));
#5243 = CARTESIAN_POINT('',(0.878228089746,-0.368178436706));
#5244 = CARTESIAN_POINT('',(0.900778475331,-0.414728200673));
#5245 = CARTESIAN_POINT('',(0.927361019483,-0.459734690477));
#5246 = CARTESIAN_POINT('',(0.958305505168,-0.502836459643));
#5247 = CARTESIAN_POINT('',(0.993975813042,-0.543608030331));
#5248 = CARTESIAN_POINT('',(1.034681816285,-0.581542368065));
#5249 = CARTESIAN_POINT('',(1.103416066925,-0.633359912134));
#5250 = CARTESIAN_POINT('',(1.127606699238,-0.649785101476));
#5251 = CARTESIAN_POINT('',(1.153086764714,-0.665293943517));
#5252 = CARTESIAN_POINT('',(1.179852236956,-0.679814642811));
#5253 = CARTESIAN_POINT('',(1.20788000638,-0.693273628371));
#5254 = CARTESIAN_POINT('',(1.237121560281,-0.705597647112));
#5255 = CARTESIAN_POINT('',(1.267498240635,-0.716716716548));
#5256 = CARTESIAN_POINT('',(1.33030403593,-0.736418684474));
#5257 = CARTESIAN_POINT('',(1.362733167345,-0.745001579893));
#5258 = CARTESIAN_POINT('',(1.396079544637,-0.752253243869));
#5259 = CARTESIAN_POINT('',(1.430204355995,-0.758117303001));
#5260 = CARTESIAN_POINT('',(1.464937899865,-0.76254761404));
#5261 = CARTESIAN_POINT('',(1.500085973427,-0.765511872363));
#5262 = CARTESIAN_POINT('',(1.535441143346,-0.766994007862));
#5263 = CARTESIAN_POINT('',(1.570796326795,-0.766994007862));
#5264 = ( GEOMETRIC_REPRESENTATION_CONTEXT(2) 
PARAMETRIC_REPRESENTATION_CONTEXT() REPRESENTATION_CONTEXT('2D SPACE',''
  ) );
#5265 = PCURVE('',#4144,#5266);
#5266 = DEFINITIONAL_REPRESENTATION('',(#5267),#5271);
#5267 = CIRCLE('',#5268,17.349351572897);
#5268 = AXIS2_PLACEMENT_2D('',#5269,#5270);
#5269 = CARTESIAN_POINT('',(18.,98.));
#5270 = DIRECTION('',(1.,0.));
#5271 = ( GEOMETRIC_REPRESENTATION_CONTEXT(2) 
PARAMETRIC_REPRESENTATION_CONTEXT() REPRESENTATION_CONTEXT('2D SPACE',''
  ) );
#5272 = ORIENTED_EDGE('',*,*,#5273,.T.);
#5273 = EDGE_CURVE('',#5230,#5274,#5276,.T.);
#5274 = VERTEX_POINT('',#5275);
#5275 = CARTESIAN_POINT('',(41.,30.,85.));
#5276 = SURFACE_CURVE('',#5277,(#5282,#5288),.PCURVE_S1.);
#5277 = CIRCLE('',#5278,25.);
#5278 = AXIS2_PLACEMENT_3D('',#5279,#5280,#5281);
#5279 = CARTESIAN_POINT('',(41.,5.,85.));
#5280 = DIRECTION('',(1.,-2.832769448824E-16,0.));
#5281 = DIRECTION('',(2.832769448824E-16,1.,0.));
#5282 = PCURVE('',#1506,#5283);
#5283 = DEFINITIONAL_REPRESENTATION('',(#5284),#5287);
#5284 = B_SPLINE_CURVE_WITH_KNOTS('',1,(#5285,#5286),.UNSPECIFIED.,.F.,
  .F.,(2,2),(4.712388980385,6.28318530718),.PIECEWISE_BEZIER_KNOTS.);
#5285 = CARTESIAN_POINT('',(1.570796326795,-1.570796326795));
#5286 = CARTESIAN_POINT('',(1.570796326795,0.));
#5287 = ( GEOMETRIC_REPRESENTATION_CONTEXT(2) 
PARAMETRIC_REPRESENTATION_CONTEXT() REPRESENTATION_CONTEXT('2D SPACE',''
  ) );
#5288 = PCURVE('',#5178,#5289);
#5289 = DEFINITIONAL_REPRESENTATION('',(#5290),#5293);
#5290 = B_SPLINE_CURVE_WITH_KNOTS('',1,(#5291,#5292),.UNSPECIFIED.,.F.,
  .F.,(2,2),(4.712388980385,6.28318530718),.PIECEWISE_BEZIER_KNOTS.);
#5291 = CARTESIAN_POINT('',(-1.570796326795,107.));
#5292 = CARTESIAN_POINT('',(0.,107.));
#5293 = ( GEOMETRIC_REPRESENTATION_CONTEXT(2) 
PARAMETRIC_REPRESENTATION_CONTEXT() REPRESENTATION_CONTEXT('2D SPACE',''
  ) );
#5294 = ORIENTED_EDGE('',*,*,#5295,.F.);
#5295 = EDGE_CURVE('',#1491,#5274,#5296,.T.);
#5296 = SURFACE_CURVE('',#5297,(#5302,#5309),.PCURVE_S1.);
#5297 = CIRCLE('',#5298,25.);
#5298 = AXIS2_PLACEMENT_3D('',#5299,#5300,#5301);
#5299 = CARTESIAN_POINT('',(41.,5.,85.));
#5300 = DIRECTION('',(0.,0.,1.));
#5301 = DIRECTION('',(1.,0.,-0.));
#5302 = PCURVE('',#1506,#5303);
#5303 = DEFINITIONAL_REPRESENTATION('',(#5304),#5308);
#5304 = LINE('',#5305,#5306);
#5305 = CARTESIAN_POINT('',(0.,0.));
#5306 = VECTOR('',#5307,1.);
#5307 = DIRECTION('',(1.,0.));
#5308 = ( GEOMETRIC_REPRESENTATION_CONTEXT(2) 
PARAMETRIC_REPRESENTATION_CONTEXT() REPRESENTATION_CONTEXT('2D SPACE',''
  ) );
#5309 = PCURVE('',#1702,#5310);
#5310 = DEFINITIONAL_REPRESENTATION('',(#5311),#5315);
#5311 = LINE('',#5312,#5313);
#5312 = CARTESIAN_POINT('',(0.,25.));
#5313 = VECTOR('',#5314,1.);
#5314 = DIRECTION('',(1.,0.));
#5315 = ( GEOMETRIC_REPRESENTATION_CONTEXT(2) 
PARAMETRIC_REPRESENTATION_CONTEXT() REPRESENTATION_CONTEXT('2D SPACE',''
  ) );
#5316 = ADVANCED_FACE('',(#5317),#1702,.T.);
#5317 = FACE_BOUND('',#5318,.T.);
#5318 = EDGE_LOOP('',(#5319,#5320,#5321,#5344));
#5319 = ORIENTED_EDGE('',*,*,#1688,.F.);
#5320 = ORIENTED_EDGE('',*,*,#5295,.T.);
#5321 = ORIENTED_EDGE('',*,*,#5322,.T.);
#5322 = EDGE_CURVE('',#5274,#5323,#5325,.T.);
#5323 = VERTEX_POINT('',#5324);
#5324 = CARTESIAN_POINT('',(41.,30.,113.));
#5325 = SURFACE_CURVE('',#5326,(#5330,#5337),.PCURVE_S1.);
#5326 = LINE('',#5327,#5328);
#5327 = CARTESIAN_POINT('',(41.,30.,60.));
#5328 = VECTOR('',#5329,1.);
#5329 = DIRECTION('',(0.,0.,1.));
#5330 = PCURVE('',#1702,#5331);
#5331 = DEFINITIONAL_REPRESENTATION('',(#5332),#5336);
#5332 = LINE('',#5333,#5334);
#5333 = CARTESIAN_POINT('',(1.570796326795,0.));
#5334 = VECTOR('',#5335,1.);
#5335 = DIRECTION('',(0.,1.));
#5336 = ( GEOMETRIC_REPRESENTATION_CONTEXT(2) 
PARAMETRIC_REPRESENTATION_CONTEXT() REPRESENTATION_CONTEXT('2D SPACE',''
  ) );
#5337 = PCURVE('',#5056,#5338);
#5338 = DEFINITIONAL_REPRESENTATION('',(#5339),#5343);
#5339 = LINE('',#5340,#5341);
#5340 = CARTESIAN_POINT('',(0.,107.));
#5341 = VECTOR('',#5342,1.);
#5342 = DIRECTION('',(1.,0.));
#5343 = ( GEOMETRIC_REPRESENTATION_CONTEXT(2) 
PARAMETRIC_REPRESENTATION_CONTEXT() REPRESENTATION_CONTEXT('2D SPACE',''
  ) );
#5344 = ORIENTED_EDGE('',*,*,#5345,.T.);
#5345 = EDGE_CURVE('',#5323,#1644,#5346,.T.);
#5346 = SURFACE_CURVE('',#5347,(#5352,#5358),.PCURVE_S1.);
#5347 = CIRCLE('',#5348,25.);
#5348 = AXIS2_PLACEMENT_3D('',#5349,#5350,#5351);
#5349 = CARTESIAN_POINT('',(41.,5.,113.));
#5350 = DIRECTION('',(0.,0.,-1.));
#5351 = DIRECTION('',(1.,0.,0.));
#5352 = PCURVE('',#1702,#5353);
#5353 = DEFINITIONAL_REPRESENTATION('',(#5354),#5357);
#5354 = B_SPLINE_CURVE_WITH_KNOTS('',1,(#5355,#5356),.UNSPECIFIED.,.F.,
  .F.,(2,2),(4.712388980385,6.28318530718),.PIECEWISE_BEZIER_KNOTS.);
#5355 = CARTESIAN_POINT('',(1.570796326795,53.));
#5356 = CARTESIAN_POINT('',(0.,53.));
#5357 = ( GEOMETRIC_REPRESENTATION_CONTEXT(2) 
PARAMETRIC_REPRESENTATION_CONTEXT() REPRESENTATION_CONTEXT('2D SPACE',''
  ) );
#5358 = PCURVE('',#1940,#5359);
#5359 = DEFINITIONAL_REPRESENTATION('',(#5360),#5363);
#5360 = B_SPLINE_CURVE_WITH_KNOTS('',1,(#5361,#5362),.UNSPECIFIED.,.F.,
  .F.,(2,2),(4.712388980385,6.28318530718),.PIECEWISE_BEZIER_KNOTS.);
#5361 = CARTESIAN_POINT('',(0.,-1.570796326795));
#5362 = CARTESIAN_POINT('',(0.,0.));
#5363 = ( GEOMETRIC_REPRESENTATION_CONTEXT(2) 
PARAMETRIC_REPRESENTATION_CONTEXT() REPRESENTATION_CONTEXT('2D SPACE',''
  ) );
#5364 = ADVANCED_FACE('',(#5365),#1940,.T.);
#5365 = FACE_BOUND('',#5366,.T.);
#5366 = EDGE_LOOP('',(#5367,#5394,#5420,#5421,#5422,#5444,#5477,#5525,
    #5526));
#5367 = ORIENTED_EDGE('',*,*,#5368,.T.);
#5368 = EDGE_CURVE('',#5323,#5369,#5371,.T.);
#5369 = VERTEX_POINT('',#5370);
#5370 = CARTESIAN_POINT('',(41.,23.,130.34935157289));
#5371 = SURFACE_CURVE('',#5372,(#5377,#5383),.PCURVE_S1.);
#5372 = CIRCLE('',#5373,25.);
#5373 = AXIS2_PLACEMENT_3D('',#5374,#5375,#5376);
#5374 = CARTESIAN_POINT('',(41.,5.,113.));
#5375 = DIRECTION('',(1.,0.,-2.832769448824E-16));
#5376 = DIRECTION('',(2.832769448824E-16,0.,1.));
#5377 = PCURVE('',#1940,#5378);
#5378 = DEFINITIONAL_REPRESENTATION('',(#5379),#5382);
#5379 = B_SPLINE_CURVE_WITH_KNOTS('',1,(#5380,#5381),.UNSPECIFIED.,.F.,
  .F.,(2,2),(4.712388980385,6.28318530718),.PIECEWISE_BEZIER_KNOTS.);
#5380 = CARTESIAN_POINT('',(1.570796326795,-1.570796326795));
#5381 = CARTESIAN_POINT('',(1.570796326795,0.));
#5382 = ( GEOMETRIC_REPRESENTATION_CONTEXT(2) 
PARAMETRIC_REPRESENTATION_CONTEXT() REPRESENTATION_CONTEXT('2D SPACE',''
  ) );
#5383 = PCURVE('',#5384,#5389);
#5384 = CYLINDRICAL_SURFACE('',#5385,25.);
#5385 = AXIS2_PLACEMENT_3D('',#5386,#5387,#5388);
#5386 = CARTESIAN_POINT('',(-66.,5.,113.));
#5387 = DIRECTION('',(1.,0.,-0.));
#5388 = DIRECTION('',(0.,1.,0.));
#5389 = DEFINITIONAL_REPRESENTATION('',(#5390),#5393);
#5390 = B_SPLINE_CURVE_WITH_KNOTS('',1,(#5391,#5392),.UNSPECIFIED.,.F.,
  .F.,(2,2),(4.712388980385,6.28318530718),.PIECEWISE_BEZIER_KNOTS.);
#5391 = CARTESIAN_POINT('',(0.,107.));
#5392 = CARTESIAN_POINT('',(1.570796326795,107.));
#5393 = ( GEOMETRIC_REPRESENTATION_CONTEXT(2) 
PARAMETRIC_REPRESENTATION_CONTEXT() REPRESENTATION_CONTEXT('2D SPACE',''
  ) );
#5394 = ORIENTED_EDGE('',*,*,#5395,.F.);
#5395 = EDGE_CURVE('',#4129,#5369,#5396,.T.);
#5396 = SURFACE_CURVE('',#5397,(#5402,#5409),.PCURVE_S1.);
#5397 = CIRCLE('',#5398,17.349351572897);
#5398 = AXIS2_PLACEMENT_3D('',#5399,#5400,#5401);
#5399 = CARTESIAN_POINT('',(41.,23.,113.));
#5400 = DIRECTION('',(0.,-1.,-0.));
#5401 = DIRECTION('',(1.,0.,0.));
#5402 = PCURVE('',#1940,#5403);
#5403 = DEFINITIONAL_REPRESENTATION('',(#5404),#5408);
#5404 = LINE('',#5405,#5406);
#5405 = CARTESIAN_POINT('',(0.,-0.803802318933));
#5406 = VECTOR('',#5407,1.);
#5407 = DIRECTION('',(1.,0.));
#5408 = ( GEOMETRIC_REPRESENTATION_CONTEXT(2) 
PARAMETRIC_REPRESENTATION_CONTEXT() REPRESENTATION_CONTEXT('2D SPACE',''
  ) );
#5409 = PCURVE('',#4144,#5410);
#5410 = DEFINITIONAL_REPRESENTATION('',(#5411),#5419);
#5411 = ( BOUNDED_CURVE() B_SPLINE_CURVE(2,(#5412,#5413,#5414,#5415,
#5416,#5417,#5418),.UNSPECIFIED.,.T.,.F.) B_SPLINE_CURVE_WITH_KNOTS((1,2
    ,2,2,2,1),(-2.094395102393,0.,2.094395102393,4.188790204786,
6.28318530718,8.377580409573),.UNSPECIFIED.) CURVE() 
GEOMETRIC_REPRESENTATION_ITEM() RATIONAL_B_SPLINE_CURVE((1.,0.5,1.,0.5,
1.,0.5,1.)) REPRESENTATION_ITEM('') );
#5412 = CARTESIAN_POINT('',(46.,115.34935157289));
#5413 = CARTESIAN_POINT('',(76.049958402633,115.34935157289));
#5414 = CARTESIAN_POINT('',(61.024979201317,89.325324213551));
#5415 = CARTESIAN_POINT('',(46.,63.301296854205));
#5416 = CARTESIAN_POINT('',(30.975020798683,89.325324213551));
#5417 = CARTESIAN_POINT('',(15.950041597367,115.34935157289));
#5418 = CARTESIAN_POINT('',(46.,115.34935157289));
#5419 = ( GEOMETRIC_REPRESENTATION_CONTEXT(2) 
PARAMETRIC_REPRESENTATION_CONTEXT() REPRESENTATION_CONTEXT('2D SPACE',''
  ) );
#5420 = ORIENTED_EDGE('',*,*,#4156,.T.);
#5421 = ORIENTED_EDGE('',*,*,#3603,.T.);
#5422 = ORIENTED_EDGE('',*,*,#5423,.T.);
#5423 = EDGE_CURVE('',#3604,#5424,#5426,.T.);
#5424 = VERTEX_POINT('',#5425);
#5425 = CARTESIAN_POINT('',(41.,6.,137.97999199359));
#5426 = SURFACE_CURVE('',#5427,(#5432,#5438),.PCURVE_S1.);
#5427 = CIRCLE('',#5428,25.);
#5428 = AXIS2_PLACEMENT_3D('',#5429,#5430,#5431);
#5429 = CARTESIAN_POINT('',(41.,5.,113.));
#5430 = DIRECTION('',(1.,0.,-2.832769448824E-16));
#5431 = DIRECTION('',(2.832769448824E-16,0.,1.));
#5432 = PCURVE('',#1940,#5433);
#5433 = DEFINITIONAL_REPRESENTATION('',(#5434),#5437);
#5434 = B_SPLINE_CURVE_WITH_KNOTS('',1,(#5435,#5436),.UNSPECIFIED.,.F.,
  .F.,(2,2),(4.712388980385,6.28318530718),.PIECEWISE_BEZIER_KNOTS.);
#5435 = CARTESIAN_POINT('',(1.570796326795,-1.570796326795));
#5436 = CARTESIAN_POINT('',(1.570796326795,0.));
#5437 = ( GEOMETRIC_REPRESENTATION_CONTEXT(2) 
PARAMETRIC_REPRESENTATION_CONTEXT() REPRESENTATION_CONTEXT('2D SPACE',''
  ) );
#5438 = PCURVE('',#2331,#5439);
#5439 = DEFINITIONAL_REPRESENTATION('',(#5440),#5443);
#5440 = B_SPLINE_CURVE_WITH_KNOTS('',1,(#5441,#5442),.UNSPECIFIED.,.F.,
  .F.,(2,2),(4.712388980385,6.28318530718),.PIECEWISE_BEZIER_KNOTS.);
#5441 = CARTESIAN_POINT('',(0.,107.));
#5442 = CARTESIAN_POINT('',(1.570796326795,107.));
#5443 = ( GEOMETRIC_REPRESENTATION_CONTEXT(2) 
PARAMETRIC_REPRESENTATION_CONTEXT() REPRESENTATION_CONTEXT('2D SPACE',''
  ) );
#5444 = ORIENTED_EDGE('',*,*,#5445,.F.);
#5445 = EDGE_CURVE('',#5446,#5424,#5448,.T.);
#5446 = VERTEX_POINT('',#5447);
#5447 = CARTESIAN_POINT('',(58.,6.,131.30300521772));
#5448 = SURFACE_CURVE('',#5449,(#5454,#5461),.PCURVE_S1.);
#5449 = CIRCLE('',#5450,24.979991993594);
#5450 = AXIS2_PLACEMENT_3D('',#5451,#5452,#5453);
#5451 = CARTESIAN_POINT('',(41.,6.,113.));
#5452 = DIRECTION('',(0.,-1.,-0.));
#5453 = DIRECTION('',(1.,0.,0.));
#5454 = PCURVE('',#1940,#5455);
#5455 = DEFINITIONAL_REPRESENTATION('',(#5456),#5460);
#5456 = LINE('',#5457,#5458);
#5457 = CARTESIAN_POINT('',(0.,-4.001067435399E-02));
#5458 = VECTOR('',#5459,1.);
#5459 = DIRECTION('',(1.,0.));
#5460 = ( GEOMETRIC_REPRESENTATION_CONTEXT(2) 
PARAMETRIC_REPRESENTATION_CONTEXT() REPRESENTATION_CONTEXT('2D SPACE',''
  ) );
#5461 = PCURVE('',#5462,#5467);
#5462 = PLANE('',#5463);
#5463 = AXIS2_PLACEMENT_3D('',#5464,#5465,#5466);
#5464 = CARTESIAN_POINT('',(28.,6.,115.));
#5465 = DIRECTION('',(-0.,1.,0.));
#5466 = DIRECTION('',(0.,0.,1.));
#5467 = DEFINITIONAL_REPRESENTATION('',(#5468),#5476);
#5468 = ( BOUNDED_CURVE() B_SPLINE_CURVE(2,(#5469,#5470,#5471,#5472,
#5473,#5474,#5475),.UNSPECIFIED.,.T.,.F.) B_SPLINE_CURVE_WITH_KNOTS((1,2
    ,2,2,2,1),(-2.094395102393,0.,2.094395102393,4.188790204786,
6.28318530718,8.377580409573),.UNSPECIFIED.) CURVE() 
GEOMETRIC_REPRESENTATION_ITEM() RATIONAL_B_SPLINE_CURVE((1.,0.5,1.,0.5,
1.,0.5,1.)) REPRESENTATION_ITEM('') );
#5469 = CARTESIAN_POINT('',(-2.,37.979991993594));
#5470 = CARTESIAN_POINT('',(41.266615305568,37.979991993594));
#5471 = CARTESIAN_POINT('',(19.633307652784,0.510004003203));
#5472 = CARTESIAN_POINT('',(-2.,-36.95998398718));
#5473 = CARTESIAN_POINT('',(-23.63330765278,0.510004003203));
#5474 = CARTESIAN_POINT('',(-45.26661530556,37.979991993594));
#5475 = CARTESIAN_POINT('',(-2.,37.979991993594));
#5476 = ( GEOMETRIC_REPRESENTATION_CONTEXT(2) 
PARAMETRIC_REPRESENTATION_CONTEXT() REPRESENTATION_CONTEXT('2D SPACE',''
  ) );
#5477 = ORIENTED_EDGE('',*,*,#5478,.T.);
#5478 = EDGE_CURVE('',#5446,#1886,#5479,.T.);
#5479 = SURFACE_CURVE('',#5480,(#5493,#5509),.PCURVE_S1.);
#5480 = B_SPLINE_CURVE_WITH_KNOTS('',6,(#5481,#5482,#5483,#5484,#5485,
    #5486,#5487,#5488,#5489,#5490,#5491,#5492),.UNSPECIFIED.,.F.,.F.,(7,
    5,7),(0.,0.470032685134,1.),.UNSPECIFIED.);
#5481 = CARTESIAN_POINT('',(58.,6.,131.30300521772));
#5482 = CARTESIAN_POINT('',(58.36039515102,6.,130.96826687861));
#5483 = CARTESIAN_POINT('',(58.710744214693,5.980517508427,
    130.62806201919));
#5484 = CARTESIAN_POINT('',(59.050624854931,5.943587606698,
    130.28311136983));
#5485 = CARTESIAN_POINT('',(59.379738946503,5.89095410224,
    129.93400195928));
#5486 = CARTESIAN_POINT('',(59.697926263916,5.82417738189,
    129.58119024552));
#5487 = CARTESIAN_POINT('',(60.351522077214,5.654957139184,
    128.82336718634));
#5488 = CARTESIAN_POINT('',(60.683920432009,5.549060242263,
    128.41747413825));
#5489 = CARTESIAN_POINT('',(61.002245988823,5.428938974928,
    128.00778369979));
#5490 = CARTESIAN_POINT('',(61.306478580262,5.296343835994,
    127.59468183531));
#5491 = CARTESIAN_POINT('',(61.596681315561,5.152873309031,
    127.17846078974));
#5492 = CARTESIAN_POINT('',(61.872983346207,5.,126.75930834849));
#5493 = PCURVE('',#1940,#5494);
#5494 = DEFINITIONAL_REPRESENTATION('',(#5495),#5508);
#5495 = B_SPLINE_CURVE_WITH_KNOTS('',6,(#5496,#5497,#5498,#5499,#5500,
    #5501,#5502,#5503,#5504,#5505,#5506,#5507),.UNSPECIFIED.,.F.,.F.,(7,
    5,7),(0.,0.470032685134,1.),.UNSPECIFIED.);
#5496 = CARTESIAN_POINT('',(0.822290603669,-4.001067435399E-02));
#5497 = CARTESIAN_POINT('',(0.802600113133,-4.001067435399E-02));
#5498 = CARTESIAN_POINT('',(0.783055362784,-3.923075072279E-02));
#5499 = CARTESIAN_POINT('',(0.763677410345,-3.775237032351E-02));
#5500 = CARTESIAN_POINT('',(0.744480416768,-3.564553002102E-02));
#5501 = CARTESIAN_POINT('',(0.725470755948,-3.297291345876E-02));
#5502 = CARTESIAN_POINT('',(0.685423841277,-2.620109918163E-02));
#5503 = CARTESIAN_POINT('',(0.664439124995,-2.196380357708E-02));
#5504 = CARTESIAN_POINT('',(0.643692988999,-1.715797029529E-02));
#5505 = CARTESIAN_POINT('',(0.623180446545,-1.185375350648E-02));
#5506 = CARTESIAN_POINT('',(0.602891223167,-6.114932361247E-03));
#5507 = CARTESIAN_POINT('',(0.582810124347,0.));
#5508 = ( GEOMETRIC_REPRESENTATION_CONTEXT(2) 
PARAMETRIC_REPRESENTATION_CONTEXT() REPRESENTATION_CONTEXT('2D SPACE',''
  ) );
#5509 = PCURVE('',#1909,#5510);
#5510 = DEFINITIONAL_REPRESENTATION('',(#5511),#5524);
#5511 = B_SPLINE_CURVE_WITH_KNOTS('',6,(#5512,#5513,#5514,#5515,#5516,
    #5517,#5518,#5519,#5520,#5521,#5522,#5523),.UNSPECIFIED.,.F.,.F.,(7,
    5,7),(0.,0.470032685134,1.),.UNSPECIFIED.);
#5512 = CARTESIAN_POINT('',(1.570796326795,16.303005217723));
#5513 = CARTESIAN_POINT('',(1.525746932917,15.968266878611));
#5514 = CARTESIAN_POINT('',(1.481953282262,15.628062019191));
#5515 = CARTESIAN_POINT('',(1.439303728709,15.283111369832));
#5516 = CARTESIAN_POINT('',(1.397716361506,14.934001959284));
#5517 = CARTESIAN_POINT('',(1.357120369039,14.581190245529));
#5518 = CARTESIAN_POINT('',(1.272727039761,13.823367186344));
#5519 = CARTESIAN_POINT('',(1.229185731512,13.417474138258));
#5520 = CARTESIAN_POINT('',(1.186740755315,13.007783699792));
#5521 = CARTESIAN_POINT('',(1.145330645359,12.594681835314));
#5522 = CARTESIAN_POINT('',(1.104907535175,12.178460789747));
#5523 = CARTESIAN_POINT('',(1.065435816511,11.759308348494));
#5524 = ( GEOMETRIC_REPRESENTATION_CONTEXT(2) 
PARAMETRIC_REPRESENTATION_CONTEXT() REPRESENTATION_CONTEXT('2D SPACE',''
  ) );
#5525 = ORIENTED_EDGE('',*,*,#1925,.F.);
#5526 = ORIENTED_EDGE('',*,*,#5345,.F.);
#5527 = ADVANCED_FACE('',(#5528),#1909,.T.);
#5528 = FACE_BOUND('',#5529,.T.);
#5529 = EDGE_LOOP('',(#5530,#5531,#5553,#5554,#5555,#5578));
#5530 = ORIENTED_EDGE('',*,*,#2005,.F.);
#5531 = ORIENTED_EDGE('',*,*,#5532,.T.);
#5532 = EDGE_CURVE('',#1958,#1741,#5533,.T.);
#5533 = SURFACE_CURVE('',#5534,(#5539,#5546),.PCURVE_S1.);
#5534 = CIRCLE('',#5535,8.);
#5535 = AXIS2_PLACEMENT_3D('',#5536,#5537,#5538);
#5536 = CARTESIAN_POINT('',(58.,-2.,123.));
#5537 = DIRECTION('',(0.,0.,1.));
#5538 = DIRECTION('',(1.,0.,-0.));
#5539 = PCURVE('',#1909,#5540);
#5540 = DEFINITIONAL_REPRESENTATION('',(#5541),#5545);
#5541 = LINE('',#5542,#5543);
#5542 = CARTESIAN_POINT('',(0.,8.));
#5543 = VECTOR('',#5544,1.);
#5544 = DIRECTION('',(1.,0.));
#5545 = ( GEOMETRIC_REPRESENTATION_CONTEXT(2) 
PARAMETRIC_REPRESENTATION_CONTEXT() REPRESENTATION_CONTEXT('2D SPACE',''
  ) );
#5546 = PCURVE('',#1834,#5547);
#5547 = DEFINITIONAL_REPRESENTATION('',(#5548),#5552);
#5548 = LINE('',#5549,#5550);
#5549 = CARTESIAN_POINT('',(0.,0.));
#5550 = VECTOR('',#5551,1.);
#5551 = DIRECTION('',(1.,0.));
#5552 = ( GEOMETRIC_REPRESENTATION_CONTEXT(2) 
PARAMETRIC_REPRESENTATION_CONTEXT() REPRESENTATION_CONTEXT('2D SPACE',''
  ) );
#5553 = ORIENTED_EDGE('',*,*,#1885,.T.);
#5554 = ORIENTED_EDGE('',*,*,#5478,.F.);
#5555 = ORIENTED_EDGE('',*,*,#5556,.T.);
#5556 = EDGE_CURVE('',#5446,#5557,#5559,.T.);
#5557 = VERTEX_POINT('',#5558);
#5558 = CARTESIAN_POINT('',(58.,6.,141.));
#5559 = SURFACE_CURVE('',#5560,(#5564,#5571),.PCURVE_S1.);
#5560 = LINE('',#5561,#5562);
#5561 = CARTESIAN_POINT('',(58.,6.,115.));
#5562 = VECTOR('',#5563,1.);
#5563 = DIRECTION('',(0.,0.,1.));
#5564 = PCURVE('',#1909,#5565);
#5565 = DEFINITIONAL_REPRESENTATION('',(#5566),#5570);
#5566 = LINE('',#5567,#5568);
#5567 = CARTESIAN_POINT('',(1.570796326795,0.));
#5568 = VECTOR('',#5569,1.);
#5569 = DIRECTION('',(0.,1.));
#5570 = ( GEOMETRIC_REPRESENTATION_CONTEXT(2) 
PARAMETRIC_REPRESENTATION_CONTEXT() REPRESENTATION_CONTEXT('2D SPACE',''
  ) );
#5571 = PCURVE('',#5462,#5572);
#5572 = DEFINITIONAL_REPRESENTATION('',(#5573),#5577);
#5573 = LINE('',#5574,#5575);
#5574 = CARTESIAN_POINT('',(0.,30.));
#5575 = VECTOR('',#5576,1.);
#5576 = DIRECTION('',(1.,0.));
#5577 = ( GEOMETRIC_REPRESENTATION_CONTEXT(2) 
PARAMETRIC_REPRESENTATION_CONTEXT() REPRESENTATION_CONTEXT('2D SPACE',''
  ) );
#5578 = ORIENTED_EDGE('',*,*,#5579,.T.);
#5579 = EDGE_CURVE('',#5557,#2006,#5580,.T.);
#5580 = SURFACE_CURVE('',#5581,(#5586,#5592),.PCURVE_S1.);
#5581 = CIRCLE('',#5582,8.);
#5582 = AXIS2_PLACEMENT_3D('',#5583,#5584,#5585);
#5583 = CARTESIAN_POINT('',(58.,-2.,141.));
#5584 = DIRECTION('',(2.22044604925E-16,0.,-1.));
#5585 = DIRECTION('',(1.,0.,2.22044604925E-16));
#5586 = PCURVE('',#1909,#5587);
#5587 = DEFINITIONAL_REPRESENTATION('',(#5588),#5591);
#5588 = B_SPLINE_CURVE_WITH_KNOTS('',1,(#5589,#5590),.UNSPECIFIED.,.F.,
  .F.,(2,2),(4.712388980385,6.28318530718),.PIECEWISE_BEZIER_KNOTS.);
#5589 = CARTESIAN_POINT('',(1.570796326795,26.));
#5590 = CARTESIAN_POINT('',(0.,26.));
#5591 = ( GEOMETRIC_REPRESENTATION_CONTEXT(2) 
PARAMETRIC_REPRESENTATION_CONTEXT() REPRESENTATION_CONTEXT('2D SPACE',''
  ) );
#5592 = PCURVE('',#2091,#5593);
#5593 = DEFINITIONAL_REPRESENTATION('',(#5594),#5597);
#5594 = B_SPLINE_CURVE_WITH_KNOTS('',1,(#5595,#5596),.UNSPECIFIED.,.F.,
  .F.,(2,2),(4.712388980385,6.28318530718),.PIECEWISE_BEZIER_KNOTS.);
#5595 = CARTESIAN_POINT('',(0.,-1.570796326795));
#5596 = CARTESIAN_POINT('',(0.,0.));
#5597 = ( GEOMETRIC_REPRESENTATION_CONTEXT(2) 
PARAMETRIC_REPRESENTATION_CONTEXT() REPRESENTATION_CONTEXT('2D SPACE',''
  ) );
#5598 = ADVANCED_FACE('',(#5599),#1834,.T.);
#5599 = FACE_BOUND('',#5600,.T.);
#5600 = EDGE_LOOP('',(#5601,#5602,#5603));
#5601 = ORIENTED_EDGE('',*,*,#1957,.F.);
#5602 = ORIENTED_EDGE('',*,*,#1740,.F.);
#5603 = ORIENTED_EDGE('',*,*,#5532,.F.);
#5604 = ADVANCED_FACE('',(#5605),#2091,.T.);
#5605 = FACE_BOUND('',#5606,.T.);
#5606 = EDGE_LOOP('',(#5607,#5608,#5628));
#5607 = ORIENTED_EDGE('',*,*,#5579,.F.);
#5608 = ORIENTED_EDGE('',*,*,#5609,.T.);
#5609 = EDGE_CURVE('',#5557,#2054,#5610,.T.);
#5610 = SURFACE_CURVE('',#5611,(#5616,#5622),.PCURVE_S1.);
#5611 = CIRCLE('',#5612,8.);
#5612 = AXIS2_PLACEMENT_3D('',#5613,#5614,#5615);
#5613 = CARTESIAN_POINT('',(58.,-2.,141.));
#5614 = DIRECTION('',(1.,0.,-2.832769448824E-16));
#5615 = DIRECTION('',(2.832769448824E-16,0.,1.));
#5616 = PCURVE('',#2091,#5617);
#5617 = DEFINITIONAL_REPRESENTATION('',(#5618),#5621);
#5618 = B_SPLINE_CURVE_WITH_KNOTS('',1,(#5619,#5620),.UNSPECIFIED.,.F.,
  .F.,(2,2),(4.712388980385,6.28318530718),.PIECEWISE_BEZIER_KNOTS.);
#5619 = CARTESIAN_POINT('',(1.570796326795,-1.570796326795));
#5620 = CARTESIAN_POINT('',(1.570796326795,0.));
#5621 = ( GEOMETRIC_REPRESENTATION_CONTEXT(2) 
PARAMETRIC_REPRESENTATION_CONTEXT() REPRESENTATION_CONTEXT('2D SPACE',''
  ) );
#5622 = PCURVE('',#2146,#5623);
#5623 = DEFINITIONAL_REPRESENTATION('',(#5624),#5627);
#5624 = B_SPLINE_CURVE_WITH_KNOTS('',1,(#5625,#5626),.UNSPECIFIED.,.F.,
  .F.,(2,2),(4.712388980385,6.28318530718),.PIECEWISE_BEZIER_KNOTS.);
#5625 = CARTESIAN_POINT('',(0.,30.));
#5626 = CARTESIAN_POINT('',(1.570796326795,30.));
#5627 = ( GEOMETRIC_REPRESENTATION_CONTEXT(2) 
PARAMETRIC_REPRESENTATION_CONTEXT() REPRESENTATION_CONTEXT('2D SPACE',''
  ) );
#5628 = ORIENTED_EDGE('',*,*,#2076,.F.);
#5629 = ADVANCED_FACE('',(#5630),#2146,.T.);
#5630 = FACE_BOUND('',#5631,.T.);
#5631 = EDGE_LOOP('',(#5632,#5654,#5655,#5656));
#5632 = ORIENTED_EDGE('',*,*,#5633,.T.);
#5633 = EDGE_CURVE('',#5634,#2108,#5636,.T.);
#5634 = VERTEX_POINT('',#5635);
#5635 = CARTESIAN_POINT('',(36.,6.,141.));
#5636 = SURFACE_CURVE('',#5637,(#5642,#5648),.PCURVE_S1.);
#5637 = CIRCLE('',#5638,8.);
#5638 = AXIS2_PLACEMENT_3D('',#5639,#5640,#5641);
#5639 = CARTESIAN_POINT('',(36.,-2.,141.));
#5640 = DIRECTION('',(1.,0.,2.832769448824E-16));
#5641 = DIRECTION('',(-2.832769448824E-16,-0.,1.));
#5642 = PCURVE('',#2146,#5643);
#5643 = DEFINITIONAL_REPRESENTATION('',(#5644),#5647);
#5644 = B_SPLINE_CURVE_WITH_KNOTS('',1,(#5645,#5646),.UNSPECIFIED.,.F.,
  .F.,(2,2),(4.712388980385,6.28318530718),.PIECEWISE_BEZIER_KNOTS.);
#5645 = CARTESIAN_POINT('',(0.,8.));
#5646 = CARTESIAN_POINT('',(1.570796326795,8.));
#5647 = ( GEOMETRIC_REPRESENTATION_CONTEXT(2) 
PARAMETRIC_REPRESENTATION_CONTEXT() REPRESENTATION_CONTEXT('2D SPACE',''
  ) );
#5648 = PCURVE('',#2180,#5649);
#5649 = DEFINITIONAL_REPRESENTATION('',(#5650),#5653);
#5650 = B_SPLINE_CURVE_WITH_KNOTS('',1,(#5651,#5652),.UNSPECIFIED.,.F.,
  .F.,(2,2),(4.712388980385,6.28318530718),.PIECEWISE_BEZIER_KNOTS.);
#5651 = CARTESIAN_POINT('',(-1.570796326795,-1.570796326795));
#5652 = CARTESIAN_POINT('',(-1.570796326795,0.));
#5653 = ( GEOMETRIC_REPRESENTATION_CONTEXT(2) 
PARAMETRIC_REPRESENTATION_CONTEXT() REPRESENTATION_CONTEXT('2D SPACE',''
  ) );
#5654 = ORIENTED_EDGE('',*,*,#2132,.T.);
#5655 = ORIENTED_EDGE('',*,*,#5609,.F.);
#5656 = ORIENTED_EDGE('',*,*,#5657,.F.);
#5657 = EDGE_CURVE('',#5634,#5557,#5658,.T.);
#5658 = SURFACE_CURVE('',#5659,(#5663,#5670),.PCURVE_S1.);
#5659 = LINE('',#5660,#5661);
#5660 = CARTESIAN_POINT('',(28.,6.,141.));
#5661 = VECTOR('',#5662,1.);
#5662 = DIRECTION('',(1.,0.,-0.));
#5663 = PCURVE('',#2146,#5664);
#5664 = DEFINITIONAL_REPRESENTATION('',(#5665),#5669);
#5665 = LINE('',#5666,#5667);
#5666 = CARTESIAN_POINT('',(0.,0.));
#5667 = VECTOR('',#5668,1.);
#5668 = DIRECTION('',(0.,1.));
#5669 = ( GEOMETRIC_REPRESENTATION_CONTEXT(2) 
PARAMETRIC_REPRESENTATION_CONTEXT() REPRESENTATION_CONTEXT('2D SPACE',''
  ) );
#5670 = PCURVE('',#5462,#5671);
#5671 = DEFINITIONAL_REPRESENTATION('',(#5672),#5676);
#5672 = LINE('',#5673,#5674);
#5673 = CARTESIAN_POINT('',(26.,0.));
#5674 = VECTOR('',#5675,1.);
#5675 = DIRECTION('',(0.,1.));
#5676 = ( GEOMETRIC_REPRESENTATION_CONTEXT(2) 
PARAMETRIC_REPRESENTATION_CONTEXT() REPRESENTATION_CONTEXT('2D SPACE',''
  ) );
#5677 = ADVANCED_FACE('',(#5678),#2180,.T.);
#5678 = FACE_BOUND('',#5679,.F.);
#5679 = EDGE_LOOP('',(#5680,#5700,#5701));
#5680 = ORIENTED_EDGE('',*,*,#5681,.F.);
#5681 = EDGE_CURVE('',#5634,#2164,#5682,.T.);
#5682 = SURFACE_CURVE('',#5683,(#5688,#5694),.PCURVE_S1.);
#5683 = CIRCLE('',#5684,8.);
#5684 = AXIS2_PLACEMENT_3D('',#5685,#5686,#5687);
#5685 = CARTESIAN_POINT('',(36.,-2.,141.));
#5686 = DIRECTION('',(2.22044604925E-16,0.,1.));
#5687 = DIRECTION('',(-1.,-0.,2.22044604925E-16));
#5688 = PCURVE('',#2180,#5689);
#5689 = DEFINITIONAL_REPRESENTATION('',(#5690),#5693);
#5690 = B_SPLINE_CURVE_WITH_KNOTS('',1,(#5691,#5692),.UNSPECIFIED.,.F.,
  .F.,(2,2),(4.712388980385,6.28318530718),.PIECEWISE_BEZIER_KNOTS.);
#5691 = CARTESIAN_POINT('',(0.,-1.570796326795));
#5692 = CARTESIAN_POINT('',(0.,0.));
#5693 = ( GEOMETRIC_REPRESENTATION_CONTEXT(2) 
PARAMETRIC_REPRESENTATION_CONTEXT() REPRESENTATION_CONTEXT('2D SPACE',''
  ) );
#5694 = PCURVE('',#2252,#5695);
#5695 = DEFINITIONAL_REPRESENTATION('',(#5696),#5699);
#5696 = B_SPLINE_CURVE_WITH_KNOTS('',1,(#5697,#5698),.UNSPECIFIED.,.F.,
  .F.,(2,2),(4.712388980385,6.28318530718),.PIECEWISE_BEZIER_KNOTS.);
#5697 = CARTESIAN_POINT('',(-1.570796326795,26.));
#5698 = CARTESIAN_POINT('',(0.,26.));
#5699 = ( GEOMETRIC_REPRESENTATION_CONTEXT(2) 
PARAMETRIC_REPRESENTATION_CONTEXT() REPRESENTATION_CONTEXT('2D SPACE',''
  ) );
#5700 = ORIENTED_EDGE('',*,*,#5633,.T.);
#5701 = ORIENTED_EDGE('',*,*,#2163,.F.);
#5702 = ADVANCED_FACE('',(#5703),#2252,.T.);
#5703 = FACE_BOUND('',#5704,.F.);
#5704 = EDGE_LOOP('',(#5705,#5706,#5707,#5742,#5763));
#5705 = ORIENTED_EDGE('',*,*,#2238,.F.);
#5706 = ORIENTED_EDGE('',*,*,#2291,.F.);
#5707 = ORIENTED_EDGE('',*,*,#5708,.T.);
#5708 = EDGE_CURVE('',#2292,#5709,#5711,.T.);
#5709 = VERTEX_POINT('',#5710);
#5710 = CARTESIAN_POINT('',(36.,6.,137.97999199359));
#5711 = SURFACE_CURVE('',#5712,(#5720,#5731),.PCURVE_S1.);
#5712 = B_SPLINE_CURVE_WITH_KNOTS('',6,(#5713,#5714,#5715,#5716,#5717,
    #5718,#5719),.UNSPECIFIED.,.F.,.F.,(7,7),(0.,1.),
  .PIECEWISE_BEZIER_KNOTS.);
#5713 = CARTESIAN_POINT('',(32.127016653793,5.,138.));
#5714 = CARTESIAN_POINT('',(32.741229351388,5.339833649831,138.));
#5715 = CARTESIAN_POINT('',(33.376083802839,5.60661794057,
    137.99445651985));
#5716 = CARTESIAN_POINT('',(34.024014342521,5.803972071029,
    137.98783865349));
#5717 = CARTESIAN_POINT('',(34.67989977365,5.934619067079,
    137.98260949516));
#5718 = CARTESIAN_POINT('',(35.33979197437,6.,137.97999199359));
#5719 = CARTESIAN_POINT('',(36.,6.,137.97999199359));
#5720 = PCURVE('',#2252,#5721);
#5721 = DEFINITIONAL_REPRESENTATION('',(#5722),#5730);
#5722 = B_SPLINE_CURVE_WITH_KNOTS('',6,(#5723,#5724,#5725,#5726,#5727,
    #5728,#5729),.UNSPECIFIED.,.F.,.F.,(7,7),(0.,1.),
  .PIECEWISE_BEZIER_KNOTS.);
#5723 = CARTESIAN_POINT('',(-1.065435816511,23.));
#5724 = CARTESIAN_POINT('',(-1.153180487596,23.));
#5725 = CARTESIAN_POINT('',(-1.238762531513,22.994456519853));
#5726 = CARTESIAN_POINT('',(-1.322787440135,22.987838653499));
#5727 = CARTESIAN_POINT('',(-1.405783537431,22.982609495163));
#5728 = CARTESIAN_POINT('',(-1.488270323591,22.979991993594));
#5729 = CARTESIAN_POINT('',(-1.570796326795,22.979991993594));
#5730 = ( GEOMETRIC_REPRESENTATION_CONTEXT(2) 
PARAMETRIC_REPRESENTATION_CONTEXT() REPRESENTATION_CONTEXT('2D SPACE',''
  ) );
#5731 = PCURVE('',#2331,#5732);
#5732 = DEFINITIONAL_REPRESENTATION('',(#5733),#5741);
#5733 = B_SPLINE_CURVE_WITH_KNOTS('',6,(#5734,#5735,#5736,#5737,#5738,
    #5739,#5740),.UNSPECIFIED.,.F.,.F.,(7,7),(0.,1.),
  .PIECEWISE_BEZIER_KNOTS.);
#5734 = CARTESIAN_POINT('',(1.570796326795,98.127016653793));
#5735 = CARTESIAN_POINT('',(1.557202980802,98.741229351388));
#5736 = CARTESIAN_POINT('',(1.546531591199,99.376083802839));
#5737 = CARTESIAN_POINT('',(1.538632996896,100.02401434252));
#5738 = CARTESIAN_POINT('',(1.533402998946,100.67989977365));
#5739 = CARTESIAN_POINT('',(1.530785652441,101.33979197437));
#5740 = CARTESIAN_POINT('',(1.530785652441,102.));
#5741 = ( GEOMETRIC_REPRESENTATION_CONTEXT(2) 
PARAMETRIC_REPRESENTATION_CONTEXT() REPRESENTATION_CONTEXT('2D SPACE',''
  ) );
#5742 = ORIENTED_EDGE('',*,*,#5743,.T.);
#5743 = EDGE_CURVE('',#5709,#5634,#5744,.T.);
#5744 = SURFACE_CURVE('',#5745,(#5749,#5756),.PCURVE_S1.);
#5745 = LINE('',#5746,#5747);
#5746 = CARTESIAN_POINT('',(36.,6.,115.));
#5747 = VECTOR('',#5748,1.);
#5748 = DIRECTION('',(0.,0.,1.));
#5749 = PCURVE('',#2252,#5750);
#5750 = DEFINITIONAL_REPRESENTATION('',(#5751),#5755);
#5751 = LINE('',#5752,#5753);
#5752 = CARTESIAN_POINT('',(-1.570796326795,0.));
#5753 = VECTOR('',#5754,1.);
#5754 = DIRECTION('',(-0.,1.));
#5755 = ( GEOMETRIC_REPRESENTATION_CONTEXT(2) 
PARAMETRIC_REPRESENTATION_CONTEXT() REPRESENTATION_CONTEXT('2D SPACE',''
  ) );
#5756 = PCURVE('',#5462,#5757);
#5757 = DEFINITIONAL_REPRESENTATION('',(#5758),#5762);
#5758 = LINE('',#5759,#5760);
#5759 = CARTESIAN_POINT('',(0.,8.));
#5760 = VECTOR('',#5761,1.);
#5761 = DIRECTION('',(1.,0.));
#5762 = ( GEOMETRIC_REPRESENTATION_CONTEXT(2) 
PARAMETRIC_REPRESENTATION_CONTEXT() REPRESENTATION_CONTEXT('2D SPACE',''
  ) );
#5763 = ORIENTED_EDGE('',*,*,#5681,.T.);
#5764 = ADVANCED_FACE('',(#5765),#2358,.T.);
#5765 = FACE_BOUND('',#5766,.T.);
#5766 = EDGE_LOOP('',(#5767,#5768,#5769,#5804,#5832));
#5767 = ORIENTED_EDGE('',*,*,#2375,.F.);
#5768 = ORIENTED_EDGE('',*,*,#2343,.T.);
#5769 = ORIENTED_EDGE('',*,*,#5770,.T.);
#5770 = EDGE_CURVE('',#2316,#5771,#5773,.T.);
#5771 = VERTEX_POINT('',#5772);
#5772 = CARTESIAN_POINT('',(-36.,6.,137.97999199359));
#5773 = SURFACE_CURVE('',#5774,(#5782,#5793),.PCURVE_S1.);
#5774 = B_SPLINE_CURVE_WITH_KNOTS('',6,(#5775,#5776,#5777,#5778,#5779,
    #5780,#5781),.UNSPECIFIED.,.F.,.F.,(7,7),(0.,1.),
  .PIECEWISE_BEZIER_KNOTS.);
#5775 = CARTESIAN_POINT('',(-32.12701665379,5.,138.));
#5776 = CARTESIAN_POINT('',(-32.74122935138,5.339833649831,138.));
#5777 = CARTESIAN_POINT('',(-33.37608380283,5.60661794057,
    137.99445651985));
#5778 = CARTESIAN_POINT('',(-34.02401434252,5.803972071029,
    137.98783865349));
#5779 = CARTESIAN_POINT('',(-34.67989977365,5.934619067079,
    137.98260949516));
#5780 = CARTESIAN_POINT('',(-35.33979197437,6.,137.97999199359));
#5781 = CARTESIAN_POINT('',(-36.,6.,137.97999199359));
#5782 = PCURVE('',#2358,#5783);
#5783 = DEFINITIONAL_REPRESENTATION('',(#5784),#5792);
#5784 = B_SPLINE_CURVE_WITH_KNOTS('',6,(#5785,#5786,#5787,#5788,#5789,
    #5790,#5791),.UNSPECIFIED.,.F.,.F.,(7,7),(0.,1.),
  .PIECEWISE_BEZIER_KNOTS.);
#5785 = CARTESIAN_POINT('',(1.065435816511,23.));
#5786 = CARTESIAN_POINT('',(1.153180487596,23.));
#5787 = CARTESIAN_POINT('',(1.238762531513,22.994456519853));
#5788 = CARTESIAN_POINT('',(1.322787440135,22.987838653499));
#5789 = CARTESIAN_POINT('',(1.405783537431,22.982609495163));
#5790 = CARTESIAN_POINT('',(1.488270323591,22.979991993594));
#5791 = CARTESIAN_POINT('',(1.570796326795,22.979991993594));
#5792 = ( GEOMETRIC_REPRESENTATION_CONTEXT(2) 
PARAMETRIC_REPRESENTATION_CONTEXT() REPRESENTATION_CONTEXT('2D SPACE',''
  ) );
#5793 = PCURVE('',#2331,#5794);
#5794 = DEFINITIONAL_REPRESENTATION('',(#5795),#5803);
#5795 = B_SPLINE_CURVE_WITH_KNOTS('',6,(#5796,#5797,#5798,#5799,#5800,
    #5801,#5802),.UNSPECIFIED.,.F.,.F.,(7,7),(0.,1.),
  .PIECEWISE_BEZIER_KNOTS.);
#5796 = CARTESIAN_POINT('',(1.570796326795,33.872983346207));
#5797 = CARTESIAN_POINT('',(1.557202980802,33.258770648611));
#5798 = CARTESIAN_POINT('',(1.546531591199,32.623916197162));
#5799 = CARTESIAN_POINT('',(1.538632996896,31.97598565748));
#5800 = CARTESIAN_POINT('',(1.533402998946,31.320100226349));
#5801 = CARTESIAN_POINT('',(1.530785652441,30.66020802563));
#5802 = CARTESIAN_POINT('',(1.530785652441,30.));
#5803 = ( GEOMETRIC_REPRESENTATION_CONTEXT(2) 
PARAMETRIC_REPRESENTATION_CONTEXT() REPRESENTATION_CONTEXT('2D SPACE',''
  ) );
#5804 = ORIENTED_EDGE('',*,*,#5805,.T.);
#5805 = EDGE_CURVE('',#5771,#5806,#5808,.T.);
#5806 = VERTEX_POINT('',#5807);
#5807 = CARTESIAN_POINT('',(-36.,6.,141.));
#5808 = SURFACE_CURVE('',#5809,(#5813,#5820),.PCURVE_S1.);
#5809 = LINE('',#5810,#5811);
#5810 = CARTESIAN_POINT('',(-36.,6.,115.));
#5811 = VECTOR('',#5812,1.);
#5812 = DIRECTION('',(0.,0.,1.));
#5813 = PCURVE('',#2358,#5814);
#5814 = DEFINITIONAL_REPRESENTATION('',(#5815),#5819);
#5815 = LINE('',#5816,#5817);
#5816 = CARTESIAN_POINT('',(1.570796326795,0.));
#5817 = VECTOR('',#5818,1.);
#5818 = DIRECTION('',(0.,1.));
#5819 = ( GEOMETRIC_REPRESENTATION_CONTEXT(2) 
PARAMETRIC_REPRESENTATION_CONTEXT() REPRESENTATION_CONTEXT('2D SPACE',''
  ) );
#5820 = PCURVE('',#5821,#5826);
#5821 = PLANE('',#5822);
#5822 = AXIS2_PLACEMENT_3D('',#5823,#5824,#5825);
#5823 = CARTESIAN_POINT('',(-66.,6.,115.));
#5824 = DIRECTION('',(-0.,1.,0.));
#5825 = DIRECTION('',(0.,0.,1.));
#5826 = DEFINITIONAL_REPRESENTATION('',(#5827),#5831);
#5827 = LINE('',#5828,#5829);
#5828 = CARTESIAN_POINT('',(0.,30.));
#5829 = VECTOR('',#5830,1.);
#5830 = DIRECTION('',(1.,0.));
#5831 = ( GEOMETRIC_REPRESENTATION_CONTEXT(2) 
PARAMETRIC_REPRESENTATION_CONTEXT() REPRESENTATION_CONTEXT('2D SPACE',''
  ) );
#5832 = ORIENTED_EDGE('',*,*,#5833,.T.);
#5833 = EDGE_CURVE('',#5806,#2376,#5834,.T.);
#5834 = SURFACE_CURVE('',#5835,(#5840,#5846),.PCURVE_S1.);
#5835 = CIRCLE('',#5836,8.);
#5836 = AXIS2_PLACEMENT_3D('',#5837,#5838,#5839);
#5837 = CARTESIAN_POINT('',(-36.,-2.,141.));
#5838 = DIRECTION('',(2.22044604925E-16,0.,-1.));
#5839 = DIRECTION('',(1.,0.,2.22044604925E-16));
#5840 = PCURVE('',#2358,#5841);
#5841 = DEFINITIONAL_REPRESENTATION('',(#5842),#5845);
#5842 = B_SPLINE_CURVE_WITH_KNOTS('',1,(#5843,#5844),.UNSPECIFIED.,.F.,
  .F.,(2,2),(4.712388980385,6.28318530718),.PIECEWISE_BEZIER_KNOTS.);
#5843 = CARTESIAN_POINT('',(1.570796326795,26.));
#5844 = CARTESIAN_POINT('',(0.,26.));
#5845 = ( GEOMETRIC_REPRESENTATION_CONTEXT(2) 
PARAMETRIC_REPRESENTATION_CONTEXT() REPRESENTATION_CONTEXT('2D SPACE',''
  ) );
#5846 = PCURVE('',#2461,#5847);
#5847 = DEFINITIONAL_REPRESENTATION('',(#5848),#5851);
#5848 = B_SPLINE_CURVE_WITH_KNOTS('',1,(#5849,#5850),.UNSPECIFIED.,.F.,
  .F.,(2,2),(4.712388980385,6.28318530718),.PIECEWISE_BEZIER_KNOTS.);
#5849 = CARTESIAN_POINT('',(0.,-1.570796326795));
#5850 = CARTESIAN_POINT('',(0.,0.));
#5851 = ( GEOMETRIC_REPRESENTATION_CONTEXT(2) 
PARAMETRIC_REPRESENTATION_CONTEXT() REPRESENTATION_CONTEXT('2D SPACE',''
  ) );
#5852 = ADVANCED_FACE('',(#5853),#2331,.T.);
#5853 = FACE_BOUND('',#5854,.T.);
#5854 = EDGE_LOOP('',(#5855,#5856,#5878,#5897,#5898,#5899,#5900,#5919));
#5855 = ORIENTED_EDGE('',*,*,#3647,.F.);
#5856 = ORIENTED_EDGE('',*,*,#5857,.T.);
#5857 = EDGE_CURVE('',#3648,#5858,#5860,.T.);
#5858 = VERTEX_POINT('',#5859);
#5859 = CARTESIAN_POINT('',(-41.,6.,137.97999199359));
#5860 = SURFACE_CURVE('',#5861,(#5866,#5872),.PCURVE_S1.);
#5861 = CIRCLE('',#5862,25.);
#5862 = AXIS2_PLACEMENT_3D('',#5863,#5864,#5865);
#5863 = CARTESIAN_POINT('',(-41.,5.,113.));
#5864 = DIRECTION('',(1.,0.,2.832769448824E-16));
#5865 = DIRECTION('',(-2.832769448824E-16,-0.,1.));
#5866 = PCURVE('',#2331,#5867);
#5867 = DEFINITIONAL_REPRESENTATION('',(#5868),#5871);
#5868 = B_SPLINE_CURVE_WITH_KNOTS('',1,(#5869,#5870),.UNSPECIFIED.,.F.,
  .F.,(2,2),(4.712388980385,6.28318530718),.PIECEWISE_BEZIER_KNOTS.);
#5869 = CARTESIAN_POINT('',(0.,25.));
#5870 = CARTESIAN_POINT('',(1.570796326795,25.));
#5871 = ( GEOMETRIC_REPRESENTATION_CONTEXT(2) 
PARAMETRIC_REPRESENTATION_CONTEXT() REPRESENTATION_CONTEXT('2D SPACE',''
  ) );
#5872 = PCURVE('',#2884,#5873);
#5873 = DEFINITIONAL_REPRESENTATION('',(#5874),#5877);
#5874 = B_SPLINE_CURVE_WITH_KNOTS('',1,(#5875,#5876),.UNSPECIFIED.,.F.,
  .F.,(2,2),(4.712388980385,6.28318530718),.PIECEWISE_BEZIER_KNOTS.);
#5875 = CARTESIAN_POINT('',(-1.570796326795,-1.570796326795));
#5876 = CARTESIAN_POINT('',(-1.570796326795,0.));
#5877 = ( GEOMETRIC_REPRESENTATION_CONTEXT(2) 
PARAMETRIC_REPRESENTATION_CONTEXT() REPRESENTATION_CONTEXT('2D SPACE',''
  ) );
#5878 = ORIENTED_EDGE('',*,*,#5879,.T.);
#5879 = EDGE_CURVE('',#5858,#5771,#5880,.T.);
#5880 = SURFACE_CURVE('',#5881,(#5885,#5891),.PCURVE_S1.);
#5881 = LINE('',#5882,#5883);
#5882 = CARTESIAN_POINT('',(-66.,6.,137.97999199359));
#5883 = VECTOR('',#5884,1.);
#5884 = DIRECTION('',(1.,0.,-0.));
#5885 = PCURVE('',#2331,#5886);
#5886 = DEFINITIONAL_REPRESENTATION('',(#5887),#5890);
#5887 = B_SPLINE_CURVE_WITH_KNOTS('',1,(#5888,#5889),.UNSPECIFIED.,.F.,
  .F.,(2,2),(24.9999994,32.2),.PIECEWISE_BEZIER_KNOTS.);
#5888 = CARTESIAN_POINT('',(1.530785652441,24.9999994));
#5889 = CARTESIAN_POINT('',(1.530785652441,32.2));
#5890 = ( GEOMETRIC_REPRESENTATION_CONTEXT(2) 
PARAMETRIC_REPRESENTATION_CONTEXT() REPRESENTATION_CONTEXT('2D SPACE',''
  ) );
#5891 = PCURVE('',#5821,#5892);
#5892 = DEFINITIONAL_REPRESENTATION('',(#5893),#5896);
#5893 = B_SPLINE_CURVE_WITH_KNOTS('',1,(#5894,#5895),.UNSPECIFIED.,.F.,
  .F.,(2,2),(24.9999994,32.2),.PIECEWISE_BEZIER_KNOTS.);
#5894 = CARTESIAN_POINT('',(22.979991993594,24.9999994));
#5895 = CARTESIAN_POINT('',(22.979991993594,32.2));
#5896 = ( GEOMETRIC_REPRESENTATION_CONTEXT(2) 
PARAMETRIC_REPRESENTATION_CONTEXT() REPRESENTATION_CONTEXT('2D SPACE',''
  ) );
#5897 = ORIENTED_EDGE('',*,*,#5770,.F.);
#5898 = ORIENTED_EDGE('',*,*,#2315,.T.);
#5899 = ORIENTED_EDGE('',*,*,#5708,.T.);
#5900 = ORIENTED_EDGE('',*,*,#5901,.T.);
#5901 = EDGE_CURVE('',#5709,#5424,#5902,.T.);
#5902 = SURFACE_CURVE('',#5903,(#5907,#5913),.PCURVE_S1.);
#5903 = LINE('',#5904,#5905);
#5904 = CARTESIAN_POINT('',(-66.,6.,137.97999199359));
#5905 = VECTOR('',#5906,1.);
#5906 = DIRECTION('',(1.,0.,-0.));
#5907 = PCURVE('',#2331,#5908);
#5908 = DEFINITIONAL_REPRESENTATION('',(#5909),#5912);
#5909 = B_SPLINE_CURVE_WITH_KNOTS('',1,(#5910,#5911),.UNSPECIFIED.,.F.,
  .F.,(2,2),(99.8,107.0000006),.PIECEWISE_BEZIER_KNOTS.);
#5910 = CARTESIAN_POINT('',(1.530785652441,99.8));
#5911 = CARTESIAN_POINT('',(1.530785652441,107.0000006));
#5912 = ( GEOMETRIC_REPRESENTATION_CONTEXT(2) 
PARAMETRIC_REPRESENTATION_CONTEXT() REPRESENTATION_CONTEXT('2D SPACE',''
  ) );
#5913 = PCURVE('',#5462,#5914);
#5914 = DEFINITIONAL_REPRESENTATION('',(#5915),#5918);
#5915 = B_SPLINE_CURVE_WITH_KNOTS('',1,(#5916,#5917),.UNSPECIFIED.,.F.,
  .F.,(2,2),(99.8,107.0000006),.PIECEWISE_BEZIER_KNOTS.);
#5916 = CARTESIAN_POINT('',(22.979991993594,5.8));
#5917 = CARTESIAN_POINT('',(22.979991993594,13.0000006));
#5918 = ( GEOMETRIC_REPRESENTATION_CONTEXT(2) 
PARAMETRIC_REPRESENTATION_CONTEXT() REPRESENTATION_CONTEXT('2D SPACE',''
  ) );
#5919 = ORIENTED_EDGE('',*,*,#5423,.F.);
#5920 = ADVANCED_FACE('',(#5921),#2461,.T.);
#5921 = FACE_BOUND('',#5922,.T.);
#5922 = EDGE_LOOP('',(#5923,#5924,#5944));
#5923 = ORIENTED_EDGE('',*,*,#5833,.F.);
#5924 = ORIENTED_EDGE('',*,*,#5925,.T.);
#5925 = EDGE_CURVE('',#5806,#2424,#5926,.T.);
#5926 = SURFACE_CURVE('',#5927,(#5932,#5938),.PCURVE_S1.);
#5927 = CIRCLE('',#5928,8.);
#5928 = AXIS2_PLACEMENT_3D('',#5929,#5930,#5931);
#5929 = CARTESIAN_POINT('',(-36.,-2.,141.));
#5930 = DIRECTION('',(1.,0.,-2.832769448824E-16));
#5931 = DIRECTION('',(2.832769448824E-16,0.,1.));
#5932 = PCURVE('',#2461,#5933);
#5933 = DEFINITIONAL_REPRESENTATION('',(#5934),#5937);
#5934 = B_SPLINE_CURVE_WITH_KNOTS('',1,(#5935,#5936),.UNSPECIFIED.,.F.,
  .F.,(2,2),(4.712388980385,6.28318530718),.PIECEWISE_BEZIER_KNOTS.);
#5935 = CARTESIAN_POINT('',(1.570796326795,-1.570796326795));
#5936 = CARTESIAN_POINT('',(1.570796326795,0.));
#5937 = ( GEOMETRIC_REPRESENTATION_CONTEXT(2) 
PARAMETRIC_REPRESENTATION_CONTEXT() REPRESENTATION_CONTEXT('2D SPACE',''
  ) );
#5938 = PCURVE('',#2516,#5939);
#5939 = DEFINITIONAL_REPRESENTATION('',(#5940),#5943);
#5940 = B_SPLINE_CURVE_WITH_KNOTS('',1,(#5941,#5942),.UNSPECIFIED.,.F.,
  .F.,(2,2),(4.712388980385,6.28318530718),.PIECEWISE_BEZIER_KNOTS.);
#5941 = CARTESIAN_POINT('',(0.,30.));
#5942 = CARTESIAN_POINT('',(1.570796326795,30.));
#5943 = ( GEOMETRIC_REPRESENTATION_CONTEXT(2) 
PARAMETRIC_REPRESENTATION_CONTEXT() REPRESENTATION_CONTEXT('2D SPACE',''
  ) );
#5944 = ORIENTED_EDGE('',*,*,#2446,.F.);
#5945 = ADVANCED_FACE('',(#5946),#2516,.T.);
#5946 = FACE_BOUND('',#5947,.T.);
#5947 = EDGE_LOOP('',(#5948,#5970,#5971,#5972));
#5948 = ORIENTED_EDGE('',*,*,#5949,.T.);
#5949 = EDGE_CURVE('',#5950,#2478,#5952,.T.);
#5950 = VERTEX_POINT('',#5951);
#5951 = CARTESIAN_POINT('',(-58.,6.,141.));
#5952 = SURFACE_CURVE('',#5953,(#5958,#5964),.PCURVE_S1.);
#5953 = CIRCLE('',#5954,8.);
#5954 = AXIS2_PLACEMENT_3D('',#5955,#5956,#5957);
#5955 = CARTESIAN_POINT('',(-58.,-2.,141.));
#5956 = DIRECTION('',(1.,0.,2.832769448824E-16));
#5957 = DIRECTION('',(-2.832769448824E-16,-0.,1.));
#5958 = PCURVE('',#2516,#5959);
#5959 = DEFINITIONAL_REPRESENTATION('',(#5960),#5963);
#5960 = B_SPLINE_CURVE_WITH_KNOTS('',1,(#5961,#5962),.UNSPECIFIED.,.F.,
  .F.,(2,2),(4.712388980385,6.28318530718),.PIECEWISE_BEZIER_KNOTS.);
#5961 = CARTESIAN_POINT('',(0.,8.));
#5962 = CARTESIAN_POINT('',(1.570796326795,8.));
#5963 = ( GEOMETRIC_REPRESENTATION_CONTEXT(2) 
PARAMETRIC_REPRESENTATION_CONTEXT() REPRESENTATION_CONTEXT('2D SPACE',''
  ) );
#5964 = PCURVE('',#2550,#5965);
#5965 = DEFINITIONAL_REPRESENTATION('',(#5966),#5969);
#5966 = B_SPLINE_CURVE_WITH_KNOTS('',1,(#5967,#5968),.UNSPECIFIED.,.F.,
  .F.,(2,2),(4.712388980385,6.28318530718),.PIECEWISE_BEZIER_KNOTS.);
#5967 = CARTESIAN_POINT('',(-1.570796326795,-1.570796326795));
#5968 = CARTESIAN_POINT('',(-1.570796326795,0.));
#5969 = ( GEOMETRIC_REPRESENTATION_CONTEXT(2) 
PARAMETRIC_REPRESENTATION_CONTEXT() REPRESENTATION_CONTEXT('2D SPACE',''
  ) );
#5970 = ORIENTED_EDGE('',*,*,#2502,.T.);
#5971 = ORIENTED_EDGE('',*,*,#5925,.F.);
#5972 = ORIENTED_EDGE('',*,*,#5973,.F.);
#5973 = EDGE_CURVE('',#5950,#5806,#5974,.T.);
#5974 = SURFACE_CURVE('',#5975,(#5979,#5986),.PCURVE_S1.);
#5975 = LINE('',#5976,#5977);
#5976 = CARTESIAN_POINT('',(-66.,6.,141.));
#5977 = VECTOR('',#5978,1.);
#5978 = DIRECTION('',(1.,0.,-0.));
#5979 = PCURVE('',#2516,#5980);
#5980 = DEFINITIONAL_REPRESENTATION('',(#5981),#5985);
#5981 = LINE('',#5982,#5983);
#5982 = CARTESIAN_POINT('',(0.,0.));
#5983 = VECTOR('',#5984,1.);
#5984 = DIRECTION('',(0.,1.));
#5985 = ( GEOMETRIC_REPRESENTATION_CONTEXT(2) 
PARAMETRIC_REPRESENTATION_CONTEXT() REPRESENTATION_CONTEXT('2D SPACE',''
  ) );
#5986 = PCURVE('',#5821,#5987);
#5987 = DEFINITIONAL_REPRESENTATION('',(#5988),#5992);
#5988 = LINE('',#5989,#5990);
#5989 = CARTESIAN_POINT('',(26.,0.));
#5990 = VECTOR('',#5991,1.);
#5991 = DIRECTION('',(0.,1.));
#5992 = ( GEOMETRIC_REPRESENTATION_CONTEXT(2) 
PARAMETRIC_REPRESENTATION_CONTEXT() REPRESENTATION_CONTEXT('2D SPACE',''
  ) );
#5993 = ADVANCED_FACE('',(#5994),#2550,.T.);
#5994 = FACE_BOUND('',#5995,.F.);
#5995 = EDGE_LOOP('',(#5996,#6016,#6017));
#5996 = ORIENTED_EDGE('',*,*,#5997,.F.);
#5997 = EDGE_CURVE('',#5950,#2534,#5998,.T.);
#5998 = SURFACE_CURVE('',#5999,(#6004,#6010),.PCURVE_S1.);
#5999 = CIRCLE('',#6000,8.);
#6000 = AXIS2_PLACEMENT_3D('',#6001,#6002,#6003);
#6001 = CARTESIAN_POINT('',(-58.,-2.,141.));
#6002 = DIRECTION('',(2.22044604925E-16,0.,1.));
#6003 = DIRECTION('',(-1.,-0.,2.22044604925E-16));
#6004 = PCURVE('',#2550,#6005);
#6005 = DEFINITIONAL_REPRESENTATION('',(#6006),#6009);
#6006 = B_SPLINE_CURVE_WITH_KNOTS('',1,(#6007,#6008),.UNSPECIFIED.,.F.,
  .F.,(2,2),(4.712388980385,6.28318530718),.PIECEWISE_BEZIER_KNOTS.);
#6007 = CARTESIAN_POINT('',(0.,-1.570796326795));
#6008 = CARTESIAN_POINT('',(0.,0.));
#6009 = ( GEOMETRIC_REPRESENTATION_CONTEXT(2) 
PARAMETRIC_REPRESENTATION_CONTEXT() REPRESENTATION_CONTEXT('2D SPACE',''
  ) );
#6010 = PCURVE('',#2624,#6011);
#6011 = DEFINITIONAL_REPRESENTATION('',(#6012),#6015);
#6012 = B_SPLINE_CURVE_WITH_KNOTS('',1,(#6013,#6014),.UNSPECIFIED.,.F.,
  .F.,(2,2),(4.712388980385,6.28318530718),.PIECEWISE_BEZIER_KNOTS.);
#6013 = CARTESIAN_POINT('',(-1.570796326795,26.));
#6014 = CARTESIAN_POINT('',(0.,26.));
#6015 = ( GEOMETRIC_REPRESENTATION_CONTEXT(2) 
PARAMETRIC_REPRESENTATION_CONTEXT() REPRESENTATION_CONTEXT('2D SPACE',''
  ) );
#6016 = ORIENTED_EDGE('',*,*,#5949,.T.);
#6017 = ORIENTED_EDGE('',*,*,#2533,.F.);
#6018 = ADVANCED_FACE('',(#6019),#2624,.T.);
#6019 = FACE_BOUND('',#6020,.F.);
#6020 = EDGE_LOOP('',(#6021,#6022,#6044,#6045,#6095,#6116));
#6021 = ORIENTED_EDGE('',*,*,#2610,.F.);
#6022 = ORIENTED_EDGE('',*,*,#6023,.T.);
#6023 = EDGE_CURVE('',#2588,#2695,#6024,.T.);
#6024 = SURFACE_CURVE('',#6025,(#6030,#6037),.PCURVE_S1.);
#6025 = CIRCLE('',#6026,8.);
#6026 = AXIS2_PLACEMENT_3D('',#6027,#6028,#6029);
#6027 = CARTESIAN_POINT('',(-58.,-2.,123.));
#6028 = DIRECTION('',(-0.,0.,-1.));
#6029 = DIRECTION('',(-1.,0.,0.));
#6030 = PCURVE('',#2624,#6031);
#6031 = DEFINITIONAL_REPRESENTATION('',(#6032),#6036);
#6032 = LINE('',#6033,#6034);
#6033 = CARTESIAN_POINT('',(-0.,8.));
#6034 = VECTOR('',#6035,1.);
#6035 = DIRECTION('',(-1.,0.));
#6036 = ( GEOMETRIC_REPRESENTATION_CONTEXT(2) 
PARAMETRIC_REPRESENTATION_CONTEXT() REPRESENTATION_CONTEXT('2D SPACE',''
  ) );
#6037 = PCURVE('',#2676,#6038);
#6038 = DEFINITIONAL_REPRESENTATION('',(#6039),#6043);
#6039 = LINE('',#6040,#6041);
#6040 = CARTESIAN_POINT('',(-0.,0.));
#6041 = VECTOR('',#6042,1.);
#6042 = DIRECTION('',(-1.,0.));
#6043 = ( GEOMETRIC_REPRESENTATION_CONTEXT(2) 
PARAMETRIC_REPRESENTATION_CONTEXT() REPRESENTATION_CONTEXT('2D SPACE',''
  ) );
#6044 = ORIENTED_EDGE('',*,*,#2834,.T.);
#6045 = ORIENTED_EDGE('',*,*,#6046,.F.);
#6046 = EDGE_CURVE('',#6047,#2835,#6049,.T.);
#6047 = VERTEX_POINT('',#6048);
#6048 = CARTESIAN_POINT('',(-58.,6.,131.30300521772));
#6049 = SURFACE_CURVE('',#6050,(#6063,#6079),.PCURVE_S1.);
#6050 = B_SPLINE_CURVE_WITH_KNOTS('',6,(#6051,#6052,#6053,#6054,#6055,
    #6056,#6057,#6058,#6059,#6060,#6061,#6062),.UNSPECIFIED.,.F.,.F.,(7,
    5,7),(0.,0.470032685134,1.),.UNSPECIFIED.);
#6051 = CARTESIAN_POINT('',(-58.,6.,131.30300521772));
#6052 = CARTESIAN_POINT('',(-58.36039515102,6.,130.96826687861));
#6053 = CARTESIAN_POINT('',(-58.71074421469,5.980517508427,
    130.62806201919));
#6054 = CARTESIAN_POINT('',(-59.05062485493,5.943587606698,
    130.28311136983));
#6055 = CARTESIAN_POINT('',(-59.3797389465,5.89095410224,129.93400195928
    ));
#6056 = CARTESIAN_POINT('',(-59.69792626391,5.82417738189,
    129.58119024552));
#6057 = CARTESIAN_POINT('',(-60.35152207721,5.654957139184,
    128.82336718634));
#6058 = CARTESIAN_POINT('',(-60.683920432,5.549060242263,128.41747413825
    ));
#6059 = CARTESIAN_POINT('',(-61.00224598882,5.428938974928,
    128.00778369979));
#6060 = CARTESIAN_POINT('',(-61.30647858026,5.296343835994,
    127.59468183531));
#6061 = CARTESIAN_POINT('',(-61.59668131556,5.152873309031,
    127.17846078974));
#6062 = CARTESIAN_POINT('',(-61.8729833462,5.,126.75930834849));
#6063 = PCURVE('',#2624,#6064);
#6064 = DEFINITIONAL_REPRESENTATION('',(#6065),#6078);
#6065 = B_SPLINE_CURVE_WITH_KNOTS('',6,(#6066,#6067,#6068,#6069,#6070,
    #6071,#6072,#6073,#6074,#6075,#6076,#6077),.UNSPECIFIED.,.F.,.F.,(7,
    5,7),(0.,0.470032685134,1.),.UNSPECIFIED.);
#6066 = CARTESIAN_POINT('',(-1.570796326795,16.303005217723));
#6067 = CARTESIAN_POINT('',(-1.525746932917,15.968266878611));
#6068 = CARTESIAN_POINT('',(-1.481953282262,15.62806201919));
#6069 = CARTESIAN_POINT('',(-1.439303728709,15.283111369833));
#6070 = CARTESIAN_POINT('',(-1.397716361506,14.934001959283));
#6071 = CARTESIAN_POINT('',(-1.357120369039,14.581190245529));
#6072 = CARTESIAN_POINT('',(-1.272727039761,13.823367186344));
#6073 = CARTESIAN_POINT('',(-1.229185731512,13.417474138258));
#6074 = CARTESIAN_POINT('',(-1.186740755315,13.007783699792));
#6075 = CARTESIAN_POINT('',(-1.145330645359,12.594681835313));
#6076 = CARTESIAN_POINT('',(-1.104907535175,12.178460789747));
#6077 = CARTESIAN_POINT('',(-1.065435816511,11.759308348494));
#6078 = ( GEOMETRIC_REPRESENTATION_CONTEXT(2) 
PARAMETRIC_REPRESENTATION_CONTEXT() REPRESENTATION_CONTEXT('2D SPACE',''
  ) );
#6079 = PCURVE('',#2884,#6080);
#6080 = DEFINITIONAL_REPRESENTATION('',(#6081),#6094);
#6081 = B_SPLINE_CURVE_WITH_KNOTS('',6,(#6082,#6083,#6084,#6085,#6086,
    #6087,#6088,#6089,#6090,#6091,#6092,#6093),.UNSPECIFIED.,.F.,.F.,(7,
    5,7),(0.,0.470032685134,1.),.UNSPECIFIED.);
#6082 = CARTESIAN_POINT('',(-0.822290603669,-4.001067435399E-02));
#6083 = CARTESIAN_POINT('',(-0.802600113133,-4.001067435399E-02));
#6084 = CARTESIAN_POINT('',(-0.783055362784,-3.923075072279E-02));
#6085 = CARTESIAN_POINT('',(-0.763677410345,-3.775237032351E-02));
#6086 = CARTESIAN_POINT('',(-0.744480416768,-3.564553002102E-02));
#6087 = CARTESIAN_POINT('',(-0.725470755948,-3.297291345876E-02));
#6088 = CARTESIAN_POINT('',(-0.685423841277,-2.620109918163E-02));
#6089 = CARTESIAN_POINT('',(-0.664439124995,-2.196380357709E-02));
#6090 = CARTESIAN_POINT('',(-0.643692988999,-1.715797029529E-02));
#6091 = CARTESIAN_POINT('',(-0.623180446545,-1.185375350648E-02));
#6092 = CARTESIAN_POINT('',(-0.602891223167,-6.114932361249E-03));
#6093 = CARTESIAN_POINT('',(-0.582810124347,0.));
#6094 = ( GEOMETRIC_REPRESENTATION_CONTEXT(2) 
PARAMETRIC_REPRESENTATION_CONTEXT() REPRESENTATION_CONTEXT('2D SPACE',''
  ) );
#6095 = ORIENTED_EDGE('',*,*,#6096,.T.);
#6096 = EDGE_CURVE('',#6047,#5950,#6097,.T.);
#6097 = SURFACE_CURVE('',#6098,(#6102,#6109),.PCURVE_S1.);
#6098 = LINE('',#6099,#6100);
#6099 = CARTESIAN_POINT('',(-58.,6.,115.));
#6100 = VECTOR('',#6101,1.);
#6101 = DIRECTION('',(0.,0.,1.));
#6102 = PCURVE('',#2624,#6103);
#6103 = DEFINITIONAL_REPRESENTATION('',(#6104),#6108);
#6104 = LINE('',#6105,#6106);
#6105 = CARTESIAN_POINT('',(-1.570796326795,0.));
#6106 = VECTOR('',#6107,1.);
#6107 = DIRECTION('',(-0.,1.));
#6108 = ( GEOMETRIC_REPRESENTATION_CONTEXT(2) 
PARAMETRIC_REPRESENTATION_CONTEXT() REPRESENTATION_CONTEXT('2D SPACE',''
  ) );
#6109 = PCURVE('',#5821,#6110);
#6110 = DEFINITIONAL_REPRESENTATION('',(#6111),#6115);
#6111 = LINE('',#6112,#6113);
#6112 = CARTESIAN_POINT('',(0.,8.));
#6113 = VECTOR('',#6114,1.);
#6114 = DIRECTION('',(1.,0.));
#6115 = ( GEOMETRIC_REPRESENTATION_CONTEXT(2) 
PARAMETRIC_REPRESENTATION_CONTEXT() REPRESENTATION_CONTEXT('2D SPACE',''
  ) );
#6116 = ORIENTED_EDGE('',*,*,#5997,.T.);
#6117 = ADVANCED_FACE('',(#6118),#2676,.T.);
#6118 = FACE_BOUND('',#6119,.F.);
#6119 = EDGE_LOOP('',(#6120,#6121,#6122));
#6120 = ORIENTED_EDGE('',*,*,#2662,.F.);
#6121 = ORIENTED_EDGE('',*,*,#2694,.F.);
#6122 = ORIENTED_EDGE('',*,*,#6023,.F.);
#6123 = ADVANCED_FACE('',(#6124),#2884,.T.);
#6124 = FACE_BOUND('',#6125,.F.);
#6125 = EDGE_LOOP('',(#6126,#6148,#6174,#6175,#6176,#6177,#6203,#6204,
    #6205));
#6126 = ORIENTED_EDGE('',*,*,#6127,.T.);
#6127 = EDGE_CURVE('',#5041,#6128,#6130,.T.);
#6128 = VERTEX_POINT('',#6129);
#6129 = CARTESIAN_POINT('',(-41.,23.,130.34935157289));
#6130 = SURFACE_CURVE('',#6131,(#6136,#6142),.PCURVE_S1.);
#6131 = CIRCLE('',#6132,25.);
#6132 = AXIS2_PLACEMENT_3D('',#6133,#6134,#6135);
#6133 = CARTESIAN_POINT('',(-41.,5.,113.));
#6134 = DIRECTION('',(1.,0.,2.832769448824E-16));
#6135 = DIRECTION('',(-2.832769448824E-16,-0.,1.));
#6136 = PCURVE('',#2884,#6137);
#6137 = DEFINITIONAL_REPRESENTATION('',(#6138),#6141);
#6138 = B_SPLINE_CURVE_WITH_KNOTS('',1,(#6139,#6140),.UNSPECIFIED.,.F.,
  .F.,(2,2),(4.712388980385,6.28318530718),.PIECEWISE_BEZIER_KNOTS.);
#6139 = CARTESIAN_POINT('',(-1.570796326795,-1.570796326795));
#6140 = CARTESIAN_POINT('',(-1.570796326795,0.));
#6141 = ( GEOMETRIC_REPRESENTATION_CONTEXT(2) 
PARAMETRIC_REPRESENTATION_CONTEXT() REPRESENTATION_CONTEXT('2D SPACE',''
  ) );
#6142 = PCURVE('',#5384,#6143);
#6143 = DEFINITIONAL_REPRESENTATION('',(#6144),#6147);
#6144 = B_SPLINE_CURVE_WITH_KNOTS('',1,(#6145,#6146),.UNSPECIFIED.,.F.,
  .F.,(2,2),(4.712388980385,6.28318530718),.PIECEWISE_BEZIER_KNOTS.);
#6145 = CARTESIAN_POINT('',(0.,25.));
#6146 = CARTESIAN_POINT('',(1.570796326795,25.));
#6147 = ( GEOMETRIC_REPRESENTATION_CONTEXT(2) 
PARAMETRIC_REPRESENTATION_CONTEXT() REPRESENTATION_CONTEXT('2D SPACE',''
  ) );
#6148 = ORIENTED_EDGE('',*,*,#6149,.T.);
#6149 = EDGE_CURVE('',#6128,#4558,#6150,.T.);
#6150 = SURFACE_CURVE('',#6151,(#6156,#6163),.PCURVE_S1.);
#6151 = CIRCLE('',#6152,17.349351572897);
#6152 = AXIS2_PLACEMENT_3D('',#6153,#6154,#6155);
#6153 = CARTESIAN_POINT('',(-41.,23.,113.));
#6154 = DIRECTION('',(0.,-1.,-0.));
#6155 = DIRECTION('',(-1.,-0.,0.));
#6156 = PCURVE('',#2884,#6157);
#6157 = DEFINITIONAL_REPRESENTATION('',(#6158),#6162);
#6158 = LINE('',#6159,#6160);
#6159 = CARTESIAN_POINT('',(-6.28318530718,-0.803802318933));
#6160 = VECTOR('',#6161,1.);
#6161 = DIRECTION('',(1.,-0.));
#6162 = ( GEOMETRIC_REPRESENTATION_CONTEXT(2) 
PARAMETRIC_REPRESENTATION_CONTEXT() REPRESENTATION_CONTEXT('2D SPACE',''
  ) );
#6163 = PCURVE('',#4144,#6164);
#6164 = DEFINITIONAL_REPRESENTATION('',(#6165),#6173);
#6165 = ( BOUNDED_CURVE() B_SPLINE_CURVE(2,(#6166,#6167,#6168,#6169,
#6170,#6171,#6172),.UNSPECIFIED.,.T.,.F.) B_SPLINE_CURVE_WITH_KNOTS((1,2
    ,2,2,2,1),(-2.094395102393,0.,2.094395102393,4.188790204786,
6.28318530718,8.377580409573),.UNSPECIFIED.) CURVE() 
GEOMETRIC_REPRESENTATION_ITEM() RATIONAL_B_SPLINE_CURVE((1.,0.5,1.,0.5,
1.,0.5,1.)) REPRESENTATION_ITEM('') );
#6166 = CARTESIAN_POINT('',(46.,-1.349351572897));
#6167 = CARTESIAN_POINT('',(15.950041597367,-1.349351572897));
#6168 = CARTESIAN_POINT('',(30.975020798683,24.674675786449));
#6169 = CARTESIAN_POINT('',(46.,50.698703145795));
#6170 = CARTESIAN_POINT('',(61.024979201317,24.674675786449));
#6171 = CARTESIAN_POINT('',(76.049958402633,-1.349351572897));
#6172 = CARTESIAN_POINT('',(46.,-1.349351572897));
#6173 = ( GEOMETRIC_REPRESENTATION_CONTEXT(2) 
PARAMETRIC_REPRESENTATION_CONTEXT() REPRESENTATION_CONTEXT('2D SPACE',''
  ) );
#6174 = ORIENTED_EDGE('',*,*,#4580,.T.);
#6175 = ORIENTED_EDGE('',*,*,#3668,.F.);
#6176 = ORIENTED_EDGE('',*,*,#5857,.T.);
#6177 = ORIENTED_EDGE('',*,*,#6178,.T.);
#6178 = EDGE_CURVE('',#5858,#6047,#6179,.T.);
#6179 = SURFACE_CURVE('',#6180,(#6185,#6192),.PCURVE_S1.);
#6180 = CIRCLE('',#6181,24.979991993594);
#6181 = AXIS2_PLACEMENT_3D('',#6182,#6183,#6184);
#6182 = CARTESIAN_POINT('',(-41.,6.,113.));
#6183 = DIRECTION('',(0.,-1.,-0.));
#6184 = DIRECTION('',(-1.,-0.,0.));
#6185 = PCURVE('',#2884,#6186);
#6186 = DEFINITIONAL_REPRESENTATION('',(#6187),#6191);
#6187 = LINE('',#6188,#6189);
#6188 = CARTESIAN_POINT('',(-6.28318530718,-4.001067435399E-02));
#6189 = VECTOR('',#6190,1.);
#6190 = DIRECTION('',(1.,-0.));
#6191 = ( GEOMETRIC_REPRESENTATION_CONTEXT(2) 
PARAMETRIC_REPRESENTATION_CONTEXT() REPRESENTATION_CONTEXT('2D SPACE',''
  ) );
#6192 = PCURVE('',#5821,#6193);
#6193 = DEFINITIONAL_REPRESENTATION('',(#6194),#6202);
#6194 = ( BOUNDED_CURVE() B_SPLINE_CURVE(2,(#6195,#6196,#6197,#6198,
#6199,#6200,#6201),.UNSPECIFIED.,.T.,.F.) B_SPLINE_CURVE_WITH_KNOTS((1,2
    ,2,2,2,1),(-2.094395102393,0.,2.094395102393,4.188790204786,
6.28318530718,8.377580409573),.UNSPECIFIED.) CURVE() 
GEOMETRIC_REPRESENTATION_ITEM() RATIONAL_B_SPLINE_CURVE((1.,0.5,1.,0.5,
1.,0.5,1.)) REPRESENTATION_ITEM('') );
#6195 = CARTESIAN_POINT('',(-2.,2.00080064064E-02));
#6196 = CARTESIAN_POINT('',(-45.26661530556,2.00080064064E-02));
#6197 = CARTESIAN_POINT('',(-23.63330765278,37.489995996797));
#6198 = CARTESIAN_POINT('',(-2.,74.959983987187));
#6199 = CARTESIAN_POINT('',(19.633307652784,37.489995996797));
#6200 = CARTESIAN_POINT('',(41.266615305568,2.000800640644E-02));
#6201 = CARTESIAN_POINT('',(-2.,2.00080064064E-02));
#6202 = ( GEOMETRIC_REPRESENTATION_CONTEXT(2) 
PARAMETRIC_REPRESENTATION_CONTEXT() REPRESENTATION_CONTEXT('2D SPACE',''
  ) );
#6203 = ORIENTED_EDGE('',*,*,#6046,.T.);
#6204 = ORIENTED_EDGE('',*,*,#2869,.F.);
#6205 = ORIENTED_EDGE('',*,*,#5068,.F.);
#6206 = ADVANCED_FACE('',(#6207),#2937,.F.);
#6207 = FACE_BOUND('',#6208,.F.);
#6208 = EDGE_LOOP('',(#6209));
#6209 = ORIENTED_EDGE('',*,*,#2922,.T.);
#6210 = ADVANCED_FACE('',(#6211),#2973,.F.);
#6211 = FACE_BOUND('',#6212,.F.);
#6212 = EDGE_LOOP('',(#6213,#6214));
#6213 = ORIENTED_EDGE('',*,*,#4660,.F.);
#6214 = ORIENTED_EDGE('',*,*,#2954,.T.);
#6215 = ADVANCED_FACE('',(#6216),#3079,.T.);
#6216 = FACE_BOUND('',#6217,.F.);
#6217 = EDGE_LOOP('',(#6218,#6219,#6220,#6221,#6240,#6241,#6242,#6264));
#6218 = ORIENTED_EDGE('',*,*,#4637,.F.);
#6219 = ORIENTED_EDGE('',*,*,#3128,.T.);
#6220 = ORIENTED_EDGE('',*,*,#3035,.T.);
#6221 = ORIENTED_EDGE('',*,*,#6222,.T.);
#6222 = EDGE_CURVE('',#3007,#3207,#6223,.T.);
#6223 = SURFACE_CURVE('',#6224,(#6228,#6234),.PCURVE_S1.);
#6224 = LINE('',#6225,#6226);
#6225 = CARTESIAN_POINT('',(-66.,4.,117.70849737787));
#6226 = VECTOR('',#6227,1.);
#6227 = DIRECTION('',(1.,0.,-0.));
#6228 = PCURVE('',#3079,#6229);
#6229 = DEFINITIONAL_REPRESENTATION('',(#6230),#6233);
#6230 = B_SPLINE_CURVE_WITH_KNOTS('',1,(#6231,#6232),.UNSPECIFIED.,.F.,
  .F.,(2,2),(8.9999994,15.2),.PIECEWISE_BEZIER_KNOTS.);
#6231 = CARTESIAN_POINT('',(-0.722734247813,8.9999994));
#6232 = CARTESIAN_POINT('',(-0.722734247813,15.2));
#6233 = ( GEOMETRIC_REPRESENTATION_CONTEXT(2) 
PARAMETRIC_REPRESENTATION_CONTEXT() REPRESENTATION_CONTEXT('2D SPACE',''
  ) );
#6234 = PCURVE('',#3023,#6235);
#6235 = DEFINITIONAL_REPRESENTATION('',(#6236),#6239);
#6236 = B_SPLINE_CURVE_WITH_KNOTS('',1,(#6237,#6238),.UNSPECIFIED.,.F.,
  .F.,(2,2),(8.9999994,15.2),.PIECEWISE_BEZIER_KNOTS.);
#6237 = CARTESIAN_POINT('',(0.9999994,1.291502622129));
#6238 = CARTESIAN_POINT('',(7.2,1.291502622129));
#6239 = ( GEOMETRIC_REPRESENTATION_CONTEXT(2) 
PARAMETRIC_REPRESENTATION_CONTEXT() REPRESENTATION_CONTEXT('2D SPACE',''
  ) );
#6240 = ORIENTED_EDGE('',*,*,#3232,.T.);
#6241 = ORIENTED_EDGE('',*,*,#3348,.T.);
#6242 = ORIENTED_EDGE('',*,*,#6243,.T.);
#6243 = EDGE_CURVE('',#3349,#6244,#6246,.T.);
#6244 = VERTEX_POINT('',#6245);
#6245 = CARTESIAN_POINT('',(-36.,6.,123.));
#6246 = SURFACE_CURVE('',#6247,(#6252,#6258),.PCURVE_S1.);
#6247 = CIRCLE('',#6248,8.);
#6248 = AXIS2_PLACEMENT_3D('',#6249,#6250,#6251);
#6249 = CARTESIAN_POINT('',(-36.,-2.,123.));
#6250 = DIRECTION('',(1.,-2.832769448824E-16,0.));
#6251 = DIRECTION('',(2.832769448824E-16,1.,0.));
#6252 = PCURVE('',#3079,#6253);
#6253 = DEFINITIONAL_REPRESENTATION('',(#6254),#6257);
#6254 = B_SPLINE_CURVE_WITH_KNOTS('',1,(#6255,#6256),.UNSPECIFIED.,.F.,
  .F.,(2,2),(4.712388980385,6.28318530718),.PIECEWISE_BEZIER_KNOTS.);
#6255 = CARTESIAN_POINT('',(-1.570796326795,30.));
#6256 = CARTESIAN_POINT('',(0.,30.));
#6257 = ( GEOMETRIC_REPRESENTATION_CONTEXT(2) 
PARAMETRIC_REPRESENTATION_CONTEXT() REPRESENTATION_CONTEXT('2D SPACE',''
  ) );
#6258 = PCURVE('',#3415,#6259);
#6259 = DEFINITIONAL_REPRESENTATION('',(#6260),#6263);
#6260 = B_SPLINE_CURVE_WITH_KNOTS('',1,(#6261,#6262),.UNSPECIFIED.,.F.,
  .F.,(2,2),(4.712388980385,6.28318530718),.PIECEWISE_BEZIER_KNOTS.);
#6261 = CARTESIAN_POINT('',(1.570796326795,-1.570796326795));
#6262 = CARTESIAN_POINT('',(1.570796326795,0.));
#6263 = ( GEOMETRIC_REPRESENTATION_CONTEXT(2) 
PARAMETRIC_REPRESENTATION_CONTEXT() REPRESENTATION_CONTEXT('2D SPACE',''
  ) );
#6264 = ORIENTED_EDGE('',*,*,#6265,.F.);
#6265 = EDGE_CURVE('',#4617,#6244,#6266,.T.);
#6266 = SURFACE_CURVE('',#6267,(#6271,#6278),.PCURVE_S1.);
#6267 = LINE('',#6268,#6269);
#6268 = CARTESIAN_POINT('',(-66.,6.,123.));
#6269 = VECTOR('',#6270,1.);
#6270 = DIRECTION('',(1.,0.,-0.));
#6271 = PCURVE('',#3079,#6272);
#6272 = DEFINITIONAL_REPRESENTATION('',(#6273),#6277);
#6273 = LINE('',#6274,#6275);
#6274 = CARTESIAN_POINT('',(-0.,0.));
#6275 = VECTOR('',#6276,1.);
#6276 = DIRECTION('',(-0.,1.));
#6277 = ( GEOMETRIC_REPRESENTATION_CONTEXT(2) 
PARAMETRIC_REPRESENTATION_CONTEXT() REPRESENTATION_CONTEXT('2D SPACE',''
  ) );
#6278 = PCURVE('',#3750,#6279);
#6279 = DEFINITIONAL_REPRESENTATION('',(#6280),#6284);
#6280 = LINE('',#6281,#6282);
#6281 = CARTESIAN_POINT('',(8.,0.));
#6282 = VECTOR('',#6283,1.);
#6283 = DIRECTION('',(0.,1.));
#6284 = ( GEOMETRIC_REPRESENTATION_CONTEXT(2) 
PARAMETRIC_REPRESENTATION_CONTEXT() REPRESENTATION_CONTEXT('2D SPACE',''
  ) );
#6285 = ADVANCED_FACE('',(#6286),#3023,.T.);
#6286 = FACE_BOUND('',#6287,.T.);
#6287 = EDGE_LOOP('',(#6288,#6289,#6290,#6291));
#6288 = ORIENTED_EDGE('',*,*,#3006,.F.);
#6289 = ORIENTED_EDGE('',*,*,#6222,.T.);
#6290 = ORIENTED_EDGE('',*,*,#3206,.T.);
#6291 = ORIENTED_EDGE('',*,*,#4680,.T.);
#6292 = ADVANCED_FACE('',(#6293),#3415,.T.);
#6293 = FACE_BOUND('',#6294,.T.);
#6294 = EDGE_LOOP('',(#6295,#6296,#6297));
#6295 = ORIENTED_EDGE('',*,*,#3399,.F.);
#6296 = ORIENTED_EDGE('',*,*,#6243,.T.);
#6297 = ORIENTED_EDGE('',*,*,#6298,.F.);
#6298 = EDGE_CURVE('',#3400,#6244,#6299,.T.);
#6299 = SURFACE_CURVE('',#6300,(#6305,#6312),.PCURVE_S1.);
#6300 = CIRCLE('',#6301,8.);
#6301 = AXIS2_PLACEMENT_3D('',#6302,#6303,#6304);
#6302 = CARTESIAN_POINT('',(-36.,-2.,123.));
#6303 = DIRECTION('',(0.,0.,1.));
#6304 = DIRECTION('',(1.,0.,-0.));
#6305 = PCURVE('',#3415,#6306);
#6306 = DEFINITIONAL_REPRESENTATION('',(#6307),#6311);
#6307 = LINE('',#6308,#6309);
#6308 = CARTESIAN_POINT('',(0.,0.));
#6309 = VECTOR('',#6310,1.);
#6310 = DIRECTION('',(1.,0.));
#6311 = ( GEOMETRIC_REPRESENTATION_CONTEXT(2) 
PARAMETRIC_REPRESENTATION_CONTEXT() REPRESENTATION_CONTEXT('2D SPACE',''
  ) );
#6312 = PCURVE('',#3468,#6313);
#6313 = DEFINITIONAL_REPRESENTATION('',(#6314),#6318);
#6314 = LINE('',#6315,#6316);
#6315 = CARTESIAN_POINT('',(0.,8.));
#6316 = VECTOR('',#6317,1.);
#6317 = DIRECTION('',(1.,0.));
#6318 = ( GEOMETRIC_REPRESENTATION_CONTEXT(2) 
PARAMETRIC_REPRESENTATION_CONTEXT() REPRESENTATION_CONTEXT('2D SPACE',''
  ) );
#6319 = ADVANCED_FACE('',(#6320),#3468,.T.);
#6320 = FACE_BOUND('',#6321,.T.);
#6321 = EDGE_LOOP('',(#6322,#6323,#6324,#6345));
#6322 = ORIENTED_EDGE('',*,*,#3452,.F.);
#6323 = ORIENTED_EDGE('',*,*,#6298,.T.);
#6324 = ORIENTED_EDGE('',*,*,#6325,.T.);
#6325 = EDGE_CURVE('',#6244,#3736,#6326,.T.);
#6326 = SURFACE_CURVE('',#6327,(#6331,#6338),.PCURVE_S1.);
#6327 = LINE('',#6328,#6329);
#6328 = CARTESIAN_POINT('',(-36.,6.,115.));
#6329 = VECTOR('',#6330,1.);
#6330 = DIRECTION('',(0.,0.,1.));
#6331 = PCURVE('',#3468,#6332);
#6332 = DEFINITIONAL_REPRESENTATION('',(#6333),#6337);
#6333 = LINE('',#6334,#6335);
#6334 = CARTESIAN_POINT('',(1.570796326795,0.));
#6335 = VECTOR('',#6336,1.);
#6336 = DIRECTION('',(0.,1.));
#6337 = ( GEOMETRIC_REPRESENTATION_CONTEXT(2) 
PARAMETRIC_REPRESENTATION_CONTEXT() REPRESENTATION_CONTEXT('2D SPACE',''
  ) );
#6338 = PCURVE('',#3750,#6339);
#6339 = DEFINITIONAL_REPRESENTATION('',(#6340),#6344);
#6340 = LINE('',#6341,#6342);
#6341 = CARTESIAN_POINT('',(0.,30.));
#6342 = VECTOR('',#6343,1.);
#6343 = DIRECTION('',(1.,0.));
#6344 = ( GEOMETRIC_REPRESENTATION_CONTEXT(2) 
PARAMETRIC_REPRESENTATION_CONTEXT() REPRESENTATION_CONTEXT('2D SPACE',''
  ) );
#6345 = ORIENTED_EDGE('',*,*,#3761,.F.);
#6346 = ADVANCED_FACE('',(#6347),#3750,.T.);
#6347 = FACE_BOUND('',#6348,.T.);
#6348 = EDGE_LOOP('',(#6349,#6350,#6351,#6352));
#6349 = ORIENTED_EDGE('',*,*,#6265,.F.);
#6350 = ORIENTED_EDGE('',*,*,#4616,.T.);
#6351 = ORIENTED_EDGE('',*,*,#3735,.F.);
#6352 = ORIENTED_EDGE('',*,*,#6325,.F.);
#6353 = ADVANCED_FACE('',(#6354),#3569,.T.);
#6354 = FACE_BOUND('',#6355,.T.);
#6355 = EDGE_LOOP('',(#6356,#6379,#6400,#6401));
#6356 = ORIENTED_EDGE('',*,*,#6357,.F.);
#6357 = EDGE_CURVE('',#6358,#4193,#6360,.T.);
#6358 = VERTEX_POINT('',#6359);
#6359 = CARTESIAN_POINT('',(36.,6.,123.));
#6360 = SURFACE_CURVE('',#6361,(#6365,#6372),.PCURVE_S1.);
#6361 = LINE('',#6362,#6363);
#6362 = CARTESIAN_POINT('',(28.,6.,123.));
#6363 = VECTOR('',#6364,1.);
#6364 = DIRECTION('',(1.,0.,-0.));
#6365 = PCURVE('',#3569,#6366);
#6366 = DEFINITIONAL_REPRESENTATION('',(#6367),#6371);
#6367 = LINE('',#6368,#6369);
#6368 = CARTESIAN_POINT('',(8.,0.));
#6369 = VECTOR('',#6370,1.);
#6370 = DIRECTION('',(0.,1.));
#6371 = ( GEOMETRIC_REPRESENTATION_CONTEXT(2) 
PARAMETRIC_REPRESENTATION_CONTEXT() REPRESENTATION_CONTEXT('2D SPACE',''
  ) );
#6372 = PCURVE('',#3925,#6373);
#6373 = DEFINITIONAL_REPRESENTATION('',(#6374),#6378);
#6374 = LINE('',#6375,#6376);
#6375 = CARTESIAN_POINT('',(-0.,0.));
#6376 = VECTOR('',#6377,1.);
#6377 = DIRECTION('',(-0.,1.));
#6378 = ( GEOMETRIC_REPRESENTATION_CONTEXT(2) 
PARAMETRIC_REPRESENTATION_CONTEXT() REPRESENTATION_CONTEXT('2D SPACE',''
  ) );
#6379 = ORIENTED_EDGE('',*,*,#6380,.T.);
#6380 = EDGE_CURVE('',#6358,#3526,#6381,.T.);
#6381 = SURFACE_CURVE('',#6382,(#6386,#6393),.PCURVE_S1.);
#6382 = LINE('',#6383,#6384);
#6383 = CARTESIAN_POINT('',(36.,6.,115.));
#6384 = VECTOR('',#6385,1.);
#6385 = DIRECTION('',(0.,0.,1.));
#6386 = PCURVE('',#3569,#6387);
#6387 = DEFINITIONAL_REPRESENTATION('',(#6388),#6392);
#6388 = LINE('',#6389,#6390);
#6389 = CARTESIAN_POINT('',(0.,8.));
#6390 = VECTOR('',#6391,1.);
#6391 = DIRECTION('',(1.,0.));
#6392 = ( GEOMETRIC_REPRESENTATION_CONTEXT(2) 
PARAMETRIC_REPRESENTATION_CONTEXT() REPRESENTATION_CONTEXT('2D SPACE',''
  ) );
#6393 = PCURVE('',#3542,#6394);
#6394 = DEFINITIONAL_REPRESENTATION('',(#6395),#6399);
#6395 = LINE('',#6396,#6397);
#6396 = CARTESIAN_POINT('',(-1.570796326795,0.));
#6397 = VECTOR('',#6398,1.);
#6398 = DIRECTION('',(-0.,1.));
#6399 = ( GEOMETRIC_REPRESENTATION_CONTEXT(2) 
PARAMETRIC_REPRESENTATION_CONTEXT() REPRESENTATION_CONTEXT('2D SPACE',''
  ) );
#6400 = ORIENTED_EDGE('',*,*,#3554,.F.);
#6401 = ORIENTED_EDGE('',*,*,#4192,.F.);
#6402 = ADVANCED_FACE('',(#6403),#3542,.T.);
#6403 = FACE_BOUND('',#6404,.F.);
#6404 = EDGE_LOOP('',(#6405,#6406,#6428,#6429));
#6405 = ORIENTED_EDGE('',*,*,#3810,.F.);
#6406 = ORIENTED_EDGE('',*,*,#6407,.T.);
#6407 = EDGE_CURVE('',#3788,#6358,#6408,.T.);
#6408 = SURFACE_CURVE('',#6409,(#6414,#6421),.PCURVE_S1.);
#6409 = CIRCLE('',#6410,8.);
#6410 = AXIS2_PLACEMENT_3D('',#6411,#6412,#6413);
#6411 = CARTESIAN_POINT('',(36.,-2.,123.));
#6412 = DIRECTION('',(-0.,0.,-1.));
#6413 = DIRECTION('',(-1.,0.,0.));
#6414 = PCURVE('',#3542,#6415);
#6415 = DEFINITIONAL_REPRESENTATION('',(#6416),#6420);
#6416 = LINE('',#6417,#6418);
#6417 = CARTESIAN_POINT('',(-0.,8.));
#6418 = VECTOR('',#6419,1.);
#6419 = DIRECTION('',(-1.,0.));
#6420 = ( GEOMETRIC_REPRESENTATION_CONTEXT(2) 
PARAMETRIC_REPRESENTATION_CONTEXT() REPRESENTATION_CONTEXT('2D SPACE',''
  ) );
#6421 = PCURVE('',#3873,#6422);
#6422 = DEFINITIONAL_REPRESENTATION('',(#6423),#6427);
#6423 = LINE('',#6424,#6425);
#6424 = CARTESIAN_POINT('',(-0.,0.));
#6425 = VECTOR('',#6426,1.);
#6426 = DIRECTION('',(-1.,0.));
#6427 = ( GEOMETRIC_REPRESENTATION_CONTEXT(2) 
PARAMETRIC_REPRESENTATION_CONTEXT() REPRESENTATION_CONTEXT('2D SPACE',''
  ) );
#6428 = ORIENTED_EDGE('',*,*,#6380,.T.);
#6429 = ORIENTED_EDGE('',*,*,#3525,.T.);
#6430 = ADVANCED_FACE('',(#6431),#3873,.T.);
#6431 = FACE_BOUND('',#6432,.F.);
#6432 = EDGE_LOOP('',(#6433,#6434,#6454));
#6433 = ORIENTED_EDGE('',*,*,#3859,.F.);
#6434 = ORIENTED_EDGE('',*,*,#6435,.T.);
#6435 = EDGE_CURVE('',#3837,#6358,#6436,.T.);
#6436 = SURFACE_CURVE('',#6437,(#6442,#6448),.PCURVE_S1.);
#6437 = CIRCLE('',#6438,8.);
#6438 = AXIS2_PLACEMENT_3D('',#6439,#6440,#6441);
#6439 = CARTESIAN_POINT('',(36.,-2.,123.));
#6440 = DIRECTION('',(1.,2.832769448824E-16,-0.));
#6441 = DIRECTION('',(-2.832769448824E-16,1.,0.));
#6442 = PCURVE('',#3873,#6443);
#6443 = DEFINITIONAL_REPRESENTATION('',(#6444),#6447);
#6444 = B_SPLINE_CURVE_WITH_KNOTS('',1,(#6445,#6446),.UNSPECIFIED.,.F.,
  .F.,(2,2),(4.712388980385,6.28318530718),.PIECEWISE_BEZIER_KNOTS.);
#6445 = CARTESIAN_POINT('',(-1.570796326795,-1.570796326795));
#6446 = CARTESIAN_POINT('',(-1.570796326795,0.));
#6447 = ( GEOMETRIC_REPRESENTATION_CONTEXT(2) 
PARAMETRIC_REPRESENTATION_CONTEXT() REPRESENTATION_CONTEXT('2D SPACE',''
  ) );
#6448 = PCURVE('',#3925,#6449);
#6449 = DEFINITIONAL_REPRESENTATION('',(#6450),#6453);
#6450 = B_SPLINE_CURVE_WITH_KNOTS('',1,(#6451,#6452),.UNSPECIFIED.,.F.,
  .F.,(2,2),(4.712388980385,6.28318530718),.PIECEWISE_BEZIER_KNOTS.);
#6451 = CARTESIAN_POINT('',(-1.570796326795,8.));
#6452 = CARTESIAN_POINT('',(0.,8.));
#6453 = ( GEOMETRIC_REPRESENTATION_CONTEXT(2) 
PARAMETRIC_REPRESENTATION_CONTEXT() REPRESENTATION_CONTEXT('2D SPACE',''
  ) );
#6454 = ORIENTED_EDGE('',*,*,#6407,.F.);
#6455 = ADVANCED_FACE('',(#6456),#3925,.T.);
#6456 = FACE_BOUND('',#6457,.F.);
#6457 = EDGE_LOOP('',(#6458,#6459,#6460,#6461,#6480,#6481,#6482));
#6458 = ORIENTED_EDGE('',*,*,#6435,.F.);
#6459 = ORIENTED_EDGE('',*,*,#3911,.T.);
#6460 = ORIENTED_EDGE('',*,*,#3992,.T.);
#6461 = ORIENTED_EDGE('',*,*,#6462,.T.);
#6462 = EDGE_CURVE('',#3943,#4905,#6463,.T.);
#6463 = SURFACE_CURVE('',#6464,(#6468,#6474),.PCURVE_S1.);
#6464 = LINE('',#6465,#6466);
#6465 = CARTESIAN_POINT('',(28.,4.,117.70849737787));
#6466 = VECTOR('',#6467,1.);
#6467 = DIRECTION('',(1.,0.,-0.));
#6468 = PCURVE('',#3925,#6469);
#6469 = DEFINITIONAL_REPRESENTATION('',(#6470),#6473);
#6470 = B_SPLINE_CURVE_WITH_KNOTS('',1,(#6471,#6472),.UNSPECIFIED.,.F.,
  .F.,(2,2),(22.8,29.0000006),.PIECEWISE_BEZIER_KNOTS.);
#6471 = CARTESIAN_POINT('',(-0.722734247813,22.8));
#6472 = CARTESIAN_POINT('',(-0.722734247813,29.0000006));
#6473 = ( GEOMETRIC_REPRESENTATION_CONTEXT(2) 
PARAMETRIC_REPRESENTATION_CONTEXT() REPRESENTATION_CONTEXT('2D SPACE',''
  ) );
#6474 = PCURVE('',#3959,#6475);
#6475 = DEFINITIONAL_REPRESENTATION('',(#6476),#6479);
#6476 = B_SPLINE_CURVE_WITH_KNOTS('',1,(#6477,#6478),.UNSPECIFIED.,.F.,
  .F.,(2,2),(22.8,29.0000006),.PIECEWISE_BEZIER_KNOTS.);
#6477 = CARTESIAN_POINT('',(-7.2,1.291502622129));
#6478 = CARTESIAN_POINT('',(-0.9999994,1.291502622129));
#6479 = ( GEOMETRIC_REPRESENTATION_CONTEXT(2) 
PARAMETRIC_REPRESENTATION_CONTEXT() REPRESENTATION_CONTEXT('2D SPACE',''
  ) );
#6480 = ORIENTED_EDGE('',*,*,#4904,.T.);
#6481 = ORIENTED_EDGE('',*,*,#4213,.T.);
#6482 = ORIENTED_EDGE('',*,*,#6357,.F.);
#6483 = ADVANCED_FACE('',(#6484),#3959,.T.);
#6484 = FACE_BOUND('',#6485,.T.);
#6485 = EDGE_LOOP('',(#6486,#6487,#6488,#6489));
#6486 = ORIENTED_EDGE('',*,*,#4305,.F.);
#6487 = ORIENTED_EDGE('',*,*,#3940,.T.);
#6488 = ORIENTED_EDGE('',*,*,#6462,.T.);
#6489 = ORIENTED_EDGE('',*,*,#4966,.F.);
#6490 = ADVANCED_FACE('',(#6491),#4362,.T.);
#6491 = FACE_BOUND('',#6492,.T.);
#6492 = EDGE_LOOP('',(#6493,#6494));
#6493 = ORIENTED_EDGE('',*,*,#4347,.F.);
#6494 = ORIENTED_EDGE('',*,*,#4395,.T.);
#6495 = ADVANCED_FACE('',(#6496),#4273,.F.);
#6496 = FACE_BOUND('',#6497,.F.);
#6497 = EDGE_LOOP('',(#6498,#6499,#6500));
#6498 = ORIENTED_EDGE('',*,*,#4881,.T.);
#6499 = ORIENTED_EDGE('',*,*,#4989,.T.);
#6500 = ORIENTED_EDGE('',*,*,#4258,.T.);
#6501 = ADVANCED_FACE('',(#6502),#4144,.F.);
#6502 = FACE_BOUND('',#6503,.F.);
#6503 = EDGE_LOOP('',(#6504,#6505,#6506,#6525,#6526,#6527,#6528,#6547));
#6504 = ORIENTED_EDGE('',*,*,#4128,.F.);
#6505 = ORIENTED_EDGE('',*,*,#5229,.T.);
#6506 = ORIENTED_EDGE('',*,*,#6507,.F.);
#6507 = EDGE_CURVE('',#5121,#5230,#6508,.T.);
#6508 = SURFACE_CURVE('',#6509,(#6513,#6519),.PCURVE_S1.);
#6509 = LINE('',#6510,#6511);
#6510 = CARTESIAN_POINT('',(-66.,23.,67.650648427103));
#6511 = VECTOR('',#6512,1.);
#6512 = DIRECTION('',(1.,0.,-0.));
#6513 = PCURVE('',#4144,#6514);
#6514 = DEFINITIONAL_REPRESENTATION('',(#6515),#6518);
#6515 = B_SPLINE_CURVE_WITH_KNOTS('',1,(#6516,#6517),.UNSPECIFIED.,.F.,
  .F.,(2,2),(24.9999994,107.0000006),.PIECEWISE_BEZIER_KNOTS.);
#6516 = CARTESIAN_POINT('',(0.650648427103,15.9999994));
#6517 = CARTESIAN_POINT('',(0.650648427103,98.0000006));
#6518 = ( GEOMETRIC_REPRESENTATION_CONTEXT(2) 
PARAMETRIC_REPRESENTATION_CONTEXT() REPRESENTATION_CONTEXT('2D SPACE',''
  ) );
#6519 = PCURVE('',#5178,#6520);
#6520 = DEFINITIONAL_REPRESENTATION('',(#6521),#6524);
#6521 = B_SPLINE_CURVE_WITH_KNOTS('',1,(#6522,#6523),.UNSPECIFIED.,.F.,
  .F.,(2,2),(24.9999994,107.0000006),.PIECEWISE_BEZIER_KNOTS.);
#6522 = CARTESIAN_POINT('',(-0.766994007862,24.9999994));
#6523 = CARTESIAN_POINT('',(-0.766994007862,107.0000006));
#6524 = ( GEOMETRIC_REPRESENTATION_CONTEXT(2) 
PARAMETRIC_REPRESENTATION_CONTEXT() REPRESENTATION_CONTEXT('2D SPACE',''
  ) );
#6525 = ORIENTED_EDGE('',*,*,#5120,.T.);
#6526 = ORIENTED_EDGE('',*,*,#4557,.T.);
#6527 = ORIENTED_EDGE('',*,*,#6149,.F.);
#6528 = ORIENTED_EDGE('',*,*,#6529,.T.);
#6529 = EDGE_CURVE('',#6128,#5369,#6530,.T.);
#6530 = SURFACE_CURVE('',#6531,(#6535,#6541),.PCURVE_S1.);
#6531 = LINE('',#6532,#6533);
#6532 = CARTESIAN_POINT('',(-66.,23.,130.34935157289));
#6533 = VECTOR('',#6534,1.);
#6534 = DIRECTION('',(1.,0.,-0.));
#6535 = PCURVE('',#4144,#6536);
#6536 = DEFINITIONAL_REPRESENTATION('',(#6537),#6540);
#6537 = B_SPLINE_CURVE_WITH_KNOTS('',1,(#6538,#6539),.UNSPECIFIED.,.F.,
  .F.,(2,2),(24.9999994,107.0000006),.PIECEWISE_BEZIER_KNOTS.);
#6538 = CARTESIAN_POINT('',(63.349351572897,15.9999994));
#6539 = CARTESIAN_POINT('',(63.349351572897,98.0000006));
#6540 = ( GEOMETRIC_REPRESENTATION_CONTEXT(2) 
PARAMETRIC_REPRESENTATION_CONTEXT() REPRESENTATION_CONTEXT('2D SPACE',''
  ) );
#6541 = PCURVE('',#5384,#6542);
#6542 = DEFINITIONAL_REPRESENTATION('',(#6543),#6546);
#6543 = B_SPLINE_CURVE_WITH_KNOTS('',1,(#6544,#6545),.UNSPECIFIED.,.F.,
  .F.,(2,2),(24.9999994,107.0000006),.PIECEWISE_BEZIER_KNOTS.);
#6544 = CARTESIAN_POINT('',(0.766994007862,24.9999994));
#6545 = CARTESIAN_POINT('',(0.766994007862,107.0000006));
#6546 = ( GEOMETRIC_REPRESENTATION_CONTEXT(2) 
PARAMETRIC_REPRESENTATION_CONTEXT() REPRESENTATION_CONTEXT('2D SPACE',''
  ) );
#6547 = ORIENTED_EDGE('',*,*,#5395,.F.);
#6548 = ADVANCED_FACE('',(#6549),#4737,.T.);
#6549 = FACE_BOUND('',#6550,.T.);
#6550 = EDGE_LOOP('',(#6551,#6552));
#6551 = ORIENTED_EDGE('',*,*,#4722,.T.);
#6552 = ORIENTED_EDGE('',*,*,#4771,.F.);
#6553 = ADVANCED_FACE('',(#6554),#4840,.F.);
#6554 = FACE_BOUND('',#6555,.F.);
#6555 = EDGE_LOOP('',(#6556));
#6556 = ORIENTED_EDGE('',*,*,#4825,.T.);
#6557 = ADVANCED_FACE('',(#6558),#5056,.T.);
#6558 = FACE_BOUND('',#6559,.T.);
#6559 = EDGE_LOOP('',(#6560,#6561,#6582,#6583));
#6560 = ORIENTED_EDGE('',*,*,#5040,.T.);
#6561 = ORIENTED_EDGE('',*,*,#6562,.T.);
#6562 = EDGE_CURVE('',#5041,#5323,#6563,.T.);
#6563 = SURFACE_CURVE('',#6564,(#6568,#6575),.PCURVE_S1.);
#6564 = LINE('',#6565,#6566);
#6565 = CARTESIAN_POINT('',(-66.,30.,113.));
#6566 = VECTOR('',#6567,1.);
#6567 = DIRECTION('',(1.,0.,-0.));
#6568 = PCURVE('',#5056,#6569);
#6569 = DEFINITIONAL_REPRESENTATION('',(#6570),#6574);
#6570 = LINE('',#6571,#6572);
#6571 = CARTESIAN_POINT('',(53.,0.));
#6572 = VECTOR('',#6573,1.);
#6573 = DIRECTION('',(0.,1.));
#6574 = ( GEOMETRIC_REPRESENTATION_CONTEXT(2) 
PARAMETRIC_REPRESENTATION_CONTEXT() REPRESENTATION_CONTEXT('2D SPACE',''
  ) );
#6575 = PCURVE('',#5384,#6576);
#6576 = DEFINITIONAL_REPRESENTATION('',(#6577),#6581);
#6577 = LINE('',#6578,#6579);
#6578 = CARTESIAN_POINT('',(0.,0.));
#6579 = VECTOR('',#6580,1.);
#6580 = DIRECTION('',(0.,1.));
#6581 = ( GEOMETRIC_REPRESENTATION_CONTEXT(2) 
PARAMETRIC_REPRESENTATION_CONTEXT() REPRESENTATION_CONTEXT('2D SPACE',''
  ) );
#6582 = ORIENTED_EDGE('',*,*,#5322,.F.);
#6583 = ORIENTED_EDGE('',*,*,#6584,.F.);
#6584 = EDGE_CURVE('',#5017,#5274,#6585,.T.);
#6585 = SURFACE_CURVE('',#6586,(#6590,#6597),.PCURVE_S1.);
#6586 = LINE('',#6587,#6588);
#6587 = CARTESIAN_POINT('',(-66.,30.,85.));
#6588 = VECTOR('',#6589,1.);
#6589 = DIRECTION('',(1.,0.,-0.));
#6590 = PCURVE('',#5056,#6591);
#6591 = DEFINITIONAL_REPRESENTATION('',(#6592),#6596);
#6592 = LINE('',#6593,#6594);
#6593 = CARTESIAN_POINT('',(25.,0.));
#6594 = VECTOR('',#6595,1.);
#6595 = DIRECTION('',(0.,1.));
#6596 = ( GEOMETRIC_REPRESENTATION_CONTEXT(2) 
PARAMETRIC_REPRESENTATION_CONTEXT() REPRESENTATION_CONTEXT('2D SPACE',''
  ) );
#6597 = PCURVE('',#5178,#6598);
#6598 = DEFINITIONAL_REPRESENTATION('',(#6599),#6603);
#6599 = LINE('',#6600,#6601);
#6600 = CARTESIAN_POINT('',(-0.,0.));
#6601 = VECTOR('',#6602,1.);
#6602 = DIRECTION('',(-0.,1.));
#6603 = ( GEOMETRIC_REPRESENTATION_CONTEXT(2) 
PARAMETRIC_REPRESENTATION_CONTEXT() REPRESENTATION_CONTEXT('2D SPACE',''
  ) );
#6604 = ADVANCED_FACE('',(#6605),#5178,.T.);
#6605 = FACE_BOUND('',#6606,.F.);
#6606 = EDGE_LOOP('',(#6607,#6608,#6609,#6610));
#6607 = ORIENTED_EDGE('',*,*,#5164,.F.);
#6608 = ORIENTED_EDGE('',*,*,#6507,.T.);
#6609 = ORIENTED_EDGE('',*,*,#5273,.T.);
#6610 = ORIENTED_EDGE('',*,*,#6584,.F.);
#6611 = ADVANCED_FACE('',(#6612),#5462,.T.);
#6612 = FACE_BOUND('',#6613,.T.);
#6613 = EDGE_LOOP('',(#6614,#6615,#6616,#6617,#6618));
#6614 = ORIENTED_EDGE('',*,*,#5901,.F.);
#6615 = ORIENTED_EDGE('',*,*,#5743,.T.);
#6616 = ORIENTED_EDGE('',*,*,#5657,.T.);
#6617 = ORIENTED_EDGE('',*,*,#5556,.F.);
#6618 = ORIENTED_EDGE('',*,*,#5445,.T.);
#6619 = ADVANCED_FACE('',(#6620),#5384,.T.);
#6620 = FACE_BOUND('',#6621,.T.);
#6621 = EDGE_LOOP('',(#6622,#6623,#6624,#6625));
#6622 = ORIENTED_EDGE('',*,*,#6562,.F.);
#6623 = ORIENTED_EDGE('',*,*,#6127,.T.);
#6624 = ORIENTED_EDGE('',*,*,#6529,.T.);
#6625 = ORIENTED_EDGE('',*,*,#5368,.F.);
#6626 = ADVANCED_FACE('',(#6627),#5821,.T.);
#6627 = FACE_BOUND('',#6628,.T.);
#6628 = EDGE_LOOP('',(#6629,#6630,#6631,#6632,#6633));
#6629 = ORIENTED_EDGE('',*,*,#6178,.T.);
#6630 = ORIENTED_EDGE('',*,*,#6096,.T.);
#6631 = ORIENTED_EDGE('',*,*,#5973,.T.);
#6632 = ORIENTED_EDGE('',*,*,#5805,.F.);
#6633 = ORIENTED_EDGE('',*,*,#5879,.F.);
#6634 = ( GEOMETRIC_REPRESENTATION_CONTEXT(3) 
GLOBAL_UNCERTAINTY_ASSIGNED_CONTEXT((#6638)) 
GLOBAL_UNIT_ASSIGNED_CONTEXT((#6635,#6636,#6637)) REPRESENTATION_CONTEXT
('Context #1','3D Context with UNIT and UNCERTAINTY') );
#6635 = ( LENGTH_UNIT() NAMED_UNIT(*) SI_UNIT(.MILLI.,.METRE.) );
#6636 = ( NAMED_UNIT(*) PLANE_ANGLE_UNIT() SI_UNIT($,.RADIAN.) );
#6637 = ( NAMED_UNIT(*) SI_UNIT($,.STERADIAN.) SOLID_ANGLE_UNIT() );
#6638 = UNCERTAINTY_MEASURE_WITH_UNIT(LENGTH_MEASURE(1.E-07),#6635,
  'distance_accuracy_value','confusion accuracy');
#6639 = PRODUCT_RELATED_PRODUCT_CATEGORY('part',$,(#7));
#6640 = MECHANICAL_DESIGN_GEOMETRIC_PRESENTATION_REPRESENTATION('',(
    #6641),#6634);
#6641 = STYLED_ITEM('color',(#6642),#15);
#6642 = PRESENTATION_STYLE_ASSIGNMENT((#6643));
#6643 = SURFACE_STYLE_USAGE(.BOTH.,#6644);
#6644 = SURFACE_SIDE_STYLE('',(#6645));
#6645 = SURFACE_STYLE_FILL_AREA(#6646);
#6646 = FILL_AREA_STYLE('',(#6647));
#6647 = FILL_AREA_STYLE_COLOUR('',#6648);
#6648 = COLOUR_RGB('',0.909803911811,0.823529417451,0.701960786465);

#6649=DESCRIPTIVE_REPRESENTATION_ITEM('cadpy:generator','cadpy');
#6650=REPRESENTATION('cadpy:generator',(#6649),#6634);
#6651=PROPERTY_DEFINITION('cadpy metadata','cadpy:generator',#5);
#6652=PROPERTY_DEFINITION_REPRESENTATION(#6651,#6650);
#6653=DESCRIPTIVE_REPRESENTATION_ITEM('cadpy:entryKind','part');
#6654=REPRESENTATION('cadpy:entryKind',(#6653),#6634);
#6655=PROPERTY_DEFINITION('cadpy metadata','cadpy:entryKind',#5);
#6656=PROPERTY_DEFINITION_REPRESENTATION(#6655,#6654);
#6657=DESCRIPTIVE_REPRESENTATION_ITEM('cadpy:sourcePath','../../../../cad/round_v1/gen_round_v1_head_back.py');
#6658=REPRESENTATION('cadpy:sourcePath',(#6657),#6634);
#6659=PROPERTY_DEFINITION('cadpy metadata','cadpy:sourcePath',#5);
#6660=PROPERTY_DEFINITION_REPRESENTATION(#6659,#6658);
#6661=DESCRIPTIVE_REPRESENTATION_ITEM('cadpy:sourceHash','5663a40b3b76e4bbcbe92dd6f37b395ce89ee8a8df60f3433a0ebc565f597209');
#6662=REPRESENTATION('cadpy:sourceHash',(#6661),#6634);
#6663=PROPERTY_DEFINITION('cadpy metadata','cadpy:sourceHash',#5);
#6664=PROPERTY_DEFINITION_REPRESENTATION(#6663,#6662);
ENDSEC;
END-ISO-10303-21;
