ISO-10303-21;
HEADER;
FILE_DESCRIPTION(('Open CASCADE Model'),'2;1');
FILE_NAME('Open CASCADE Shape Model','2026-07-30T00:41:53',('Author'),(
    'Open CASCADE'),'Open CASCADE STEP processor 7.9','Open CASCADE 7.9'
  ,'Unknown');
FILE_SCHEMA(('AUTOMOTIVE_DESIGN { 1 0 10303 214 1 1 1 1 }'));
ENDSEC;
DATA;
#1 = APPLICATION_PROTOCOL_DEFINITION('international standard',
  'automotive_design',2000,#2);
#2 = APPLICATION_CONTEXT(
  'core data for automotive mechanical design processes');
#3 = SHAPE_DEFINITION_REPRESENTATION(#4,#10);
#4 = PRODUCT_DEFINITION_SHAPE('','',#5);
#5 = PRODUCT_DEFINITION('design','',#6,#9);
#6 = PRODUCT_DEFINITION_FORMATION('','',#7);
#7 = PRODUCT('ROUND_V1_PELVIS_BACK','ROUND_V1_PELVIS_BACK','',(#8));
#8 = PRODUCT_CONTEXT('',#2,'mechanical');
#9 = PRODUCT_DEFINITION_CONTEXT('part definition',#2,'design');
#10 = ADVANCED_BREP_SHAPE_REPRESENTATION('',(#11,#15),#5867);
#11 = AXIS2_PLACEMENT_3D('',#12,#13,#14);
#12 = CARTESIAN_POINT('',(0.,0.,0.));
#13 = DIRECTION('',(0.,0.,1.));
#14 = DIRECTION('',(1.,0.,-0.));
#15 = MANIFOLD_SOLID_BREP('',#16);
#16 = CLOSED_SHELL('',(#17,#831,#1612,#1688,#1876,#1904,#1932,#2493,
    #2916,#3354,#3382,#3410,#3506,#3602,#3738,#4170,#4225,#4303,#4356,
    #4361,#4366,#4421,#4505,#4589,#4674,#4681,#4687,#4694,#4700,#5071,
    #5150,#5178,#5206,#5256,#5437,#5465,#5493,#5500,#5596,#5692,#5719,
    #5768,#5794,#5824,#5831,#5837,#5844,#5850,#5857,#5862));
#17 = ADVANCED_FACE('',(#18,#769,#800),#33,.F.);
#18 = FACE_BOUND('',#19,.F.);
#19 = EDGE_LOOP('',(#20,#244,#270,#299,#320,#349,#370,#587,#616,#642,
    #671,#692,#721,#742));
#20 = ORIENTED_EDGE('',*,*,#21,.F.);
#21 = EDGE_CURVE('',#22,#24,#26,.T.);
#22 = VERTEX_POINT('',#23);
#23 = CARTESIAN_POINT('',(-35.52170917676,5.175,-114.5));
#24 = VERTEX_POINT('',#25);
#25 = CARTESIAN_POINT('',(-46.11039393019,5.175,-117.2076605862));
#26 = SURFACE_CURVE('',#27,(#32,#44),.PCURVE_S1.);
#27 = CIRCLE('',#28,20.262891575488);
#28 = AXIS2_PLACEMENT_3D('',#29,#30,#31);
#29 = CARTESIAN_POINT('',(-45.65,5.175,-96.95));
#30 = DIRECTION('',(-0.,1.,0.));
#31 = DIRECTION('',(0.,0.,1.));
#32 = PCURVE('',#33,#38);
#33 = PLANE('',#34);
#34 = AXIS2_PLACEMENT_3D('',#35,#36,#37);
#35 = CARTESIAN_POINT('',(-250.,5.175,-250.));
#36 = DIRECTION('',(-0.,1.,0.));
#37 = DIRECTION('',(0.,0.,1.));
#38 = DEFINITIONAL_REPRESENTATION('',(#39),#43);
#39 = CIRCLE('',#40,20.262891575488);
#40 = AXIS2_PLACEMENT_2D('',#41,#42);
#41 = CARTESIAN_POINT('',(153.05,204.35));
#42 = DIRECTION('',(1.,0.));
#43 = ( GEOMETRIC_REPRESENTATION_CONTEXT(2) 
PARAMETRIC_REPRESENTATION_CONTEXT() REPRESENTATION_CONTEXT('2D SPACE',''
  ) );
#44 = PCURVE('',#45,#50);
#45 = SPHERICAL_SURFACE('',#46,21.);
#46 = AXIS2_PLACEMENT_3D('',#47,#48,#49);
#47 = CARTESIAN_POINT('',(-45.65,-0.34,-96.95));
#48 = DIRECTION('',(0.,0.,1.));
#49 = DIRECTION('',(1.,0.,-0.));
#50 = DEFINITIONAL_REPRESENTATION('',(#51),#243);
#51 = B_SPLINE_CURVE_WITH_KNOTS('',8,(#52,#53,#54,#55,#56,#57,#58,#59,
    #60,#61,#62,#63,#64,#65,#66,#67,#68,#69,#70,#71,#72,#73,#74,#75,#76,
    #77,#78,#79,#80,#81,#82,#83,#84,#85,#86,#87,#88,#89,#90,#91,#92,#93,
    #94,#95,#96,#97,#98,#99,#100,#101,#102,#103,#104,#105,#106,#107,#108
    ,#109,#110,#111,#112,#113,#114,#115,#116,#117,#118,#119,#120,#121,
    #122,#123,#124,#125,#126,#127,#128,#129,#130,#131,#132,#133,#134,
    #135,#136,#137,#138,#139,#140,#141,#142,#143,#144,#145,#146,#147,
    #148,#149,#150,#151,#152,#153,#154,#155,#156,#157,#158,#159,#160,
    #161,#162,#163,#164,#165,#166,#167,#168,#169,#170,#171,#172,#173,
    #174,#175,#176,#177,#178,#179,#180,#181,#182,#183,#184,#185,#186,
    #187,#188,#189,#190,#191,#192,#193,#194,#195,#196,#197,#198,#199,
    #200,#201,#202,#203,#204,#205,#206,#207,#208,#209,#210,#211,#212,
    #213,#214,#215,#216,#217,#218,#219,#220,#221,#222,#223,#224,#225,
    #226,#227,#228,#229,#230,#231,#232,#233,#234,#235,#236,#237,#238,
    #239,#240,#241,#242),.UNSPECIFIED.,.F.,.F.,(9,7,7,7,7,7,7,7,7,7,7,7,
    7,7,7,7,7,7,7,7,7,7,7,7,7,7,7,9),(0.,9.817477042469E-02,
    0.194815560061,0.385077114659,0.569392995675,0.926505015144,
    1.261297533396,1.889033505119,2.163667992748,2.4211378249,
    2.662515792543,2.888807637207,2.994881939394,3.097641419637,
    3.197189666123,3.293627029906,3.480474422236,3.655643852545,
    3.984086534374,4.558861227575,4.989942247476,5.313253012402,
    5.555736086097,5.737598391367,5.87399512032,6.07859021375,
    6.180887760465,6.28318530718),.UNSPECIFIED.);
#52 = CARTESIAN_POINT('',(1.570796326795,1.305060801051));
#53 = CARTESIAN_POINT('',(1.525707824334,1.305060801051));
#54 = CARTESIAN_POINT('',(1.480619358003,1.3044284352));
#55 = CARTESIAN_POINT('',(1.435820387316,1.303163711584));
#56 = CARTESIAN_POINT('',(1.391601317852,1.301275033394));
#57 = CARTESIAN_POINT('',(1.348227607403,1.298779322318));
#58 = CARTESIAN_POINT('',(1.305920226198,1.295700364018));
#59 = CARTESIAN_POINT('',(1.264846663298,1.292066454208));
#60 = CARTESIAN_POINT('',(1.186027304067,1.283815362661));
#61 = CARTESIAN_POINT('',(1.148239494972,1.27921443332));
#62 = CARTESIAN_POINT('',(1.111877300919,1.274135038368));
#63 = CARTESIAN_POINT('',(1.077008839913,1.268608998807));
#64 = CARTESIAN_POINT('',(1.043659732961,1.262668629117));
#65 = CARTESIAN_POINT('',(1.011822771457,1.256345376321));
#66 = CARTESIAN_POINT('',(0.981468654051,1.249669006583));
#67 = CARTESIAN_POINT('',(0.895624228508,1.228882758093));
#68 = CARTESIAN_POINT('',(0.844269857767,1.213837277637));
#69 = CARTESIAN_POINT('',(0.798149047101,1.197743016334));
#70 = CARTESIAN_POINT('',(0.756690875962,1.180782147657));
#71 = CARTESIAN_POINT('',(0.719326190969,1.163097005372));
#72 = CARTESIAN_POINT('',(0.685547095022,1.144801787862));
#73 = CARTESIAN_POINT('',(0.654908674612,1.125987788492));
#74 = CARTESIAN_POINT('',(0.600021198235,1.088072400266));
#75 = CARTESIAN_POINT('',(0.575602392895,1.068998362186));
#76 = CARTESIAN_POINT('',(0.553425591576,1.049574474907));
#77 = CARTESIAN_POINT('',(0.533198962535,1.029852925603));
#78 = CARTESIAN_POINT('',(0.51468078322,1.009875153696));
#79 = CARTESIAN_POINT('',(0.497669880461,0.989674777341));
#80 = CARTESIAN_POINT('',(0.481996217546,0.969279477667));
#81 = CARTESIAN_POINT('',(0.439460466569,0.908863533201));
#82 = CARTESIAN_POINT('',(0.415884845242,0.868369687671));
#83 = CARTESIAN_POINT('',(0.395742049257,0.827398735629));
#84 = CARTESIAN_POINT('',(0.378348265331,0.786054122581));
#85 = CARTESIAN_POINT('',(0.363212588991,0.744410596492));
#86 = CARTESIAN_POINT('',(0.349970369988,0.70252287728));
#87 = CARTESIAN_POINT('',(0.338342755218,0.660433454575));
#88 = CARTESIAN_POINT('',(0.318521784793,0.578559329904));
#89 = CARTESIAN_POINT('',(0.310159199381,0.538794999225));
#90 = CARTESIAN_POINT('',(0.302845944724,0.498910476218));
#91 = CARTESIAN_POINT('',(0.296450514444,0.45892661656));
#92 = CARTESIAN_POINT('',(0.290872019441,0.418860135386));
#93 = CARTESIAN_POINT('',(0.286031481939,0.378724955612));
#94 = CARTESIAN_POINT('',(0.281867440254,0.338532906107));
#95 = CARTESIAN_POINT('',(0.271703419433,0.222847205225));
#96 = CARTESIAN_POINT('',(0.267285115201,0.147236688775));
#97 = CARTESIAN_POINT('',(0.264762725178,7.153141031783E-02));
#98 = CARTESIAN_POINT('',(0.263993312549,-4.217806751598E-03));
#99 = CARTESIAN_POINT('',(0.264931130637,-7.996511680099E-02));
#100 = CARTESIAN_POINT('',(0.267628755077,-0.155664490263));
#101 = CARTESIAN_POINT('',(0.272236973453,-0.231264592709));
#102 = CARTESIAN_POINT('',(0.282077228612,-0.33969665605));
#103 = CARTESIAN_POINT('',(0.285500317806,-0.37266534783));
#104 = CARTESIAN_POINT('',(0.289378898183,-0.405595833138));
#105 = CARTESIAN_POINT('',(0.293746917408,-0.438481552886));
#106 = CARTESIAN_POINT('',(0.298645834898,-0.471315074353));
#107 = CARTESIAN_POINT('',(0.304126609983,-0.504087768723));
#108 = CARTESIAN_POINT('',(0.310252851891,-0.5367893162));
#109 = CARTESIAN_POINT('',(0.323529143753,-0.599986153562));
#110 = CARTESIAN_POINT('',(0.330591289956,-0.630491591945));
#111 = CARTESIAN_POINT('',(0.338358077061,-0.66091288536));
#112 = CARTESIAN_POINT('',(0.346909251173,-0.691237728303));
#113 = CARTESIAN_POINT('',(0.35634172884,-0.721451336464));
#114 = CARTESIAN_POINT('',(0.366774398265,-0.751535718721));
#115 = CARTESIAN_POINT('',(0.378356361089,-0.781468341373));
#116 = CARTESIAN_POINT('',(0.403398208045,-0.839111527152));
#117 = CARTESIAN_POINT('',(0.41669549532,-0.866844047218));
#118 = CARTESIAN_POINT('',(0.431332499315,-0.894392850971));
#119 = CARTESIAN_POINT('',(0.447503364555,-0.921728218915));
#120 = CARTESIAN_POINT('',(0.465446938693,-0.948812953072));
#121 = CARTESIAN_POINT('',(0.485462637334,-0.97559990468));
#122 = CARTESIAN_POINT('',(0.507934453985,-1.002027106249));
#123 = CARTESIAN_POINT('',(0.557206923813,-1.052365966101));
#124 = CARTESIAN_POINT('',(0.583649190134,-1.076331619149));
#125 = CARTESIAN_POINT('',(0.613106906683,-1.099834373167));
#126 = CARTESIAN_POINT('',(0.646084414264,-1.122784818601));
#127 = CARTESIAN_POINT('',(0.683206542068,-1.14506681662));
#128 = CARTESIAN_POINT('',(0.725224590624,-1.166530236915));
#129 = CARTESIAN_POINT('',(0.773074801714,-1.186968145317));
#130 = CARTESIAN_POINT('',(0.853206312468,-1.21507888357));
#131 = CARTESIAN_POINT('',(0.880254016811,-1.223765054095));
#132 = CARTESIAN_POINT('',(0.908865545086,-1.232137702366));
#133 = CARTESIAN_POINT('',(0.939128135283,-1.240165622516));
#134 = CARTESIAN_POINT('',(0.971120373381,-1.247814130364));
#135 = CARTESIAN_POINT('',(1.004902745436,-1.255045245868));
#136 = CARTESIAN_POINT('',(1.040504625745,-1.26181851105));
#137 = CARTESIAN_POINT('',(1.114141930356,-1.274170315343));
#138 = CARTESIAN_POINT('',(1.152066603036,-1.279779588287));
#139 = CARTESIAN_POINT('',(1.191665258583,-1.28488257897));
#140 = CARTESIAN_POINT('',(1.232880543057,-1.289440903436));
#141 = CARTESIAN_POINT('',(1.275601482304,-1.29341673775));
#142 = CARTESIAN_POINT('',(1.31965271639,-1.296775431529));
#143 = CARTESIAN_POINT('',(1.364794968389,-1.299488435662));
#144 = CARTESIAN_POINT('',(1.455261102444,-1.3035186046));
#145 = CARTESIAN_POINT('',(1.500535201692,-1.304876733745));
#146 = CARTESIAN_POINT('',(1.54631160651,-1.305591499035));
#147 = CARTESIAN_POINT('',(1.592295244184,-1.305651662164));
#148 = CARTESIAN_POINT('',(1.63816830436,-1.305055175642));
#149 = CARTESIAN_POINT('',(1.68361966897,-1.303809585202));
#150 = CARTESIAN_POINT('',(1.728372521613,-1.301930995974));
#151 = CARTESIAN_POINT('',(1.814647059567,-1.297030389313));
#152 = CARTESIAN_POINT('',(1.856226019606,-1.29404594373));
#153 = CARTESIAN_POINT('',(1.896720289268,-1.290508830615));
#154 = CARTESIAN_POINT('',(1.935958072174,-1.286445082503));
#155 = CARTESIAN_POINT('',(1.973817736348,-1.281884567822));
#156 = CARTESIAN_POINT('',(2.010225469075,-1.276858945345));
#157 = CARTESIAN_POINT('',(2.045146329969,-1.271399943791));
#158 = CARTESIAN_POINT('',(2.143343948152,-1.254181979139));
#159 = CARTESIAN_POINT('',(2.202512324516,-1.241314749569));
#160 = CARTESIAN_POINT('',(2.256042993387,-1.227161779861));
#161 = CARTESIAN_POINT('',(2.304326883777,-1.2119365807));
#162 = CARTESIAN_POINT('',(2.347913497838,-1.195813312354));
#163 = CARTESIAN_POINT('',(2.387326166952,-1.178933259369));
#164 = CARTESIAN_POINT('',(2.423056042255,-1.161410828629));
#165 = CARTESIAN_POINT('',(2.485984417571,-1.126397032426));
#166 = CARTESIAN_POINT('',(2.513576605755,-1.108972171268));
#167 = CARTESIAN_POINT('',(2.538668695335,-1.091141396901));
#168 = CARTESIAN_POINT('',(2.561574126524,-1.072965046439));
#169 = CARTESIAN_POINT('',(2.582557822076,-1.054491272895));
#170 = CARTESIAN_POINT('',(2.601842646755,-1.035759191896));
#171 = CARTESIAN_POINT('',(2.619618891306,-1.01680109082));
#172 = CARTESIAN_POINT('',(2.666853485544,-0.961724119375));
#173 = CARTESIAN_POINT('',(2.692923832098,-0.925104407289));
#174 = CARTESIAN_POINT('',(2.71532696107,-0.887961991425));
#175 = CARTESIAN_POINT('',(2.734785749449,-0.850408927249));
#176 = CARTESIAN_POINT('',(2.751821011937,-0.812524687054));
#177 = CARTESIAN_POINT('',(2.766826036286,-0.774369442702));
#178 = CARTESIAN_POINT('',(2.780102672331,-0.735988459094));
#179 = CARTESIAN_POINT('',(2.812514138032,-0.629919784697));
#180 = CARTESIAN_POINT('',(2.828574530404,-0.561841303526));
#181 = CARTESIAN_POINT('',(2.841342387219,-0.493376015435));
#182 = CARTESIAN_POINT('',(2.851487253845,-0.424627976406));
#183 = CARTESIAN_POINT('',(2.859468046565,-0.355674740441));
#184 = CARTESIAN_POINT('',(2.865573787746,-0.286571928634));
#185 = CARTESIAN_POINT('',(2.869997430439,-0.217366186379));
#186 = CARTESIAN_POINT('',(2.874978171359,-9.614752191461E-02));
#187 = CARTESIAN_POINT('',(2.876225447061,-4.416177464566E-02));
#188 = CARTESIAN_POINT('',(2.876629838513,7.841641956679E-03));
#189 = CARTESIAN_POINT('',(2.876208634577,5.984696841668E-02));
#190 = CARTESIAN_POINT('',(2.874956573758,0.111838979247));
#191 = CARTESIAN_POINT('',(2.872846166114,0.163801896583));
#192 = CARTESIAN_POINT('',(2.869823732964,0.215718145732));
#193 = CARTESIAN_POINT('',(2.862784238018,0.306453557787));
#194 = CARTESIAN_POINT('',(2.859204720019,0.345302219315));
#195 = CARTESIAN_POINT('',(2.855025325848,0.384104137347));
#196 = CARTESIAN_POINT('',(2.850197801737,0.422849454623));
#197 = CARTESIAN_POINT('',(2.844660270092,0.461526763037));
#198 = CARTESIAN_POINT('',(2.838334031104,0.500122578525));
#199 = CARTESIAN_POINT('',(2.831117490244,0.538620393541));
#200 = CARTESIAN_POINT('',(2.81669292453,0.605782808546));
#201 = CARTESIAN_POINT('',(2.809933761972,0.63449959044));
#202 = CARTESIAN_POINT('',(2.802540288229,0.663140314074));
#203 = CARTESIAN_POINT('',(2.794444036427,0.691694410353));
#204 = CARTESIAN_POINT('',(2.785563317841,0.720149432846));
#205 = CARTESIAN_POINT('',(2.775798960448,0.748490377715));
#206 = CARTESIAN_POINT('',(2.765027646408,0.776698579808));
#207 = CARTESIAN_POINT('',(2.744141749976,0.825788888808));
#208 = CARTESIAN_POINT('',(2.734536154003,0.84673949657));
#209 = CARTESIAN_POINT('',(2.724209992241,0.867591949416));
#210 = CARTESIAN_POINT('',(2.713086313918,0.888334438532));
#211 = CARTESIAN_POINT('',(2.701075145508,0.908953094847));
#212 = CARTESIAN_POINT('',(2.688070016254,0.929431347067));
#213 = CARTESIAN_POINT('',(2.67394314947,0.949748948021));
#214 = CARTESIAN_POINT('',(2.646986447277,0.984979460254));
#215 = CARTESIAN_POINT('',(2.63471528714,0.999973689082));
#216 = CARTESIAN_POINT('',(2.621660280266,1.014852708089));
#217 = CARTESIAN_POINT('',(2.607747259661,1.029604246275));
#218 = CARTESIAN_POINT('',(2.5928917121,1.044214099806));
#219 = CARTESIAN_POINT('',(2.576996984766,1.058665651235));
#220 = CARTESIAN_POINT('',(2.559952436757,1.072939217481));
#221 = CARTESIAN_POINT('',(2.514150183474,1.108119240162));
#222 = CARTESIAN_POINT('',(2.483797047103,1.128773752434));
#223 = CARTESIAN_POINT('',(2.450145499799,1.148895130468));
#224 = CARTESIAN_POINT('',(2.412688822073,1.16838422267));
#225 = CARTESIAN_POINT('',(2.370832083172,1.187114711537));
#226 = CARTESIAN_POINT('',(2.323889251024,1.204926770277));
#227 = CARTESIAN_POINT('',(2.271121490133,1.221608981144));
#228 = CARTESIAN_POINT('',(2.182498568303,1.244556577458));
#229 = CARTESIAN_POINT('',(2.151379052277,1.251859825584));
#230 = CARTESIAN_POINT('',(2.118619670964,1.258785375852));
#231 = CARTESIAN_POINT('',(2.08417495344,1.265298868435));
#232 = CARTESIAN_POINT('',(2.048023056048,1.271363565232));
#233 = CARTESIAN_POINT('',(2.010179722112,1.276941231724));
#234 = CARTESIAN_POINT('',(1.970711682527,1.281993777288));
#235 = CARTESIAN_POINT('',(1.888773824278,1.290977752486));
#236 = CARTESIAN_POINT('',(1.846303940892,1.294909180187));
#237 = CARTESIAN_POINT('',(1.802457144762,1.298244601908));
#238 = CARTESIAN_POINT('',(1.757412885132,1.30095117908));
#239 = CARTESIAN_POINT('',(1.711414641464,1.303001032998));
#240 = CARTESIAN_POINT('',(1.664760197744,1.304374208437));
#241 = CARTESIAN_POINT('',(1.617778287301,1.305060801051));
#242 = CARTESIAN_POINT('',(1.570796326795,1.305060801051));
#243 = ( GEOMETRIC_REPRESENTATION_CONTEXT(2) 
PARAMETRIC_REPRESENTATION_CONTEXT() REPRESENTATION_CONTEXT('2D SPACE',''
  ) );
#244 = ORIENTED_EDGE('',*,*,#245,.T.);
#245 = EDGE_CURVE('',#22,#246,#248,.T.);
#246 = VERTEX_POINT('',#247);
#247 = CARTESIAN_POINT('',(-33.80947501931,5.175,-114.5));
#248 = SURFACE_CURVE('',#249,(#253,#259),.PCURVE_S1.);
#249 = LINE('',#250,#251);
#250 = CARTESIAN_POINT('',(-148.75,5.175,-114.5));
#251 = VECTOR('',#252,1.);
#252 = DIRECTION('',(1.,0.,-0.));
#253 = PCURVE('',#33,#254);
#254 = DEFINITIONAL_REPRESENTATION('',(#255),#258);
#255 = B_SPLINE_CURVE_WITH_KNOTS('',1,(#256,#257),.UNSPECIFIED.,.F.,.F.,
  (2,2),(101.25,196.25),.PIECEWISE_BEZIER_KNOTS.);
#256 = CARTESIAN_POINT('',(135.5,202.5));
#257 = CARTESIAN_POINT('',(135.5,297.5));
#258 = ( GEOMETRIC_REPRESENTATION_CONTEXT(2) 
PARAMETRIC_REPRESENTATION_CONTEXT() REPRESENTATION_CONTEXT('2D SPACE',''
  ) );
#259 = PCURVE('',#260,#265);
#260 = PLANE('',#261);
#261 = AXIS2_PLACEMENT_3D('',#262,#263,#264);
#262 = CARTESIAN_POINT('',(-47.5,-23.,-114.5));
#263 = DIRECTION('',(0.,0.,1.));
#264 = DIRECTION('',(1.,0.,-0.));
#265 = DEFINITIONAL_REPRESENTATION('',(#266),#269);
#266 = B_SPLINE_CURVE_WITH_KNOTS('',1,(#267,#268),.UNSPECIFIED.,.F.,.F.,
  (2,2),(101.25,196.25),.PIECEWISE_BEZIER_KNOTS.);
#267 = CARTESIAN_POINT('',(-1.42108547152E-14,28.175));
#268 = CARTESIAN_POINT('',(95.,28.175));
#269 = ( GEOMETRIC_REPRESENTATION_CONTEXT(2) 
PARAMETRIC_REPRESENTATION_CONTEXT() REPRESENTATION_CONTEXT('2D SPACE',''
  ) );
#270 = ORIENTED_EDGE('',*,*,#271,.T.);
#271 = EDGE_CURVE('',#246,#272,#274,.T.);
#272 = VERTEX_POINT('',#273);
#273 = CARTESIAN_POINT('',(-22.19052498068,5.175,-114.5));
#274 = SURFACE_CURVE('',#275,(#280,#287),.PCURVE_S1.);
#275 = CIRCLE('',#276,6.);
#276 = AXIS2_PLACEMENT_3D('',#277,#278,#279);
#277 = CARTESIAN_POINT('',(-28.,5.175,-116.));
#278 = DIRECTION('',(-0.,1.,0.));
#279 = DIRECTION('',(1.,0.,0.));
#280 = PCURVE('',#33,#281);
#281 = DEFINITIONAL_REPRESENTATION('',(#282),#286);
#282 = CIRCLE('',#283,6.);
#283 = AXIS2_PLACEMENT_2D('',#284,#285);
#284 = CARTESIAN_POINT('',(134.,222.));
#285 = DIRECTION('',(0.,1.));
#286 = ( GEOMETRIC_REPRESENTATION_CONTEXT(2) 
PARAMETRIC_REPRESENTATION_CONTEXT() REPRESENTATION_CONTEXT('2D SPACE',''
  ) );
#287 = PCURVE('',#288,#293);
#288 = CYLINDRICAL_SURFACE('',#289,6.);
#289 = AXIS2_PLACEMENT_3D('',#290,#291,#292);
#290 = CARTESIAN_POINT('',(-28.,-2.,-116.));
#291 = DIRECTION('',(0.,1.,0.));
#292 = DIRECTION('',(1.,0.,0.));
#293 = DEFINITIONAL_REPRESENTATION('',(#294),#298);
#294 = LINE('',#295,#296);
#295 = CARTESIAN_POINT('',(0.,7.175));
#296 = VECTOR('',#297,1.);
#297 = DIRECTION('',(1.,0.));
#298 = ( GEOMETRIC_REPRESENTATION_CONTEXT(2) 
PARAMETRIC_REPRESENTATION_CONTEXT() REPRESENTATION_CONTEXT('2D SPACE',''
  ) );
#299 = ORIENTED_EDGE('',*,*,#300,.T.);
#300 = EDGE_CURVE('',#272,#301,#303,.T.);
#301 = VERTEX_POINT('',#302);
#302 = CARTESIAN_POINT('',(22.190524980689,5.175,-114.5));
#303 = SURFACE_CURVE('',#304,(#308,#314),.PCURVE_S1.);
#304 = LINE('',#305,#306);
#305 = CARTESIAN_POINT('',(-148.75,5.175,-114.5));
#306 = VECTOR('',#307,1.);
#307 = DIRECTION('',(1.,0.,-0.));
#308 = PCURVE('',#33,#309);
#309 = DEFINITIONAL_REPRESENTATION('',(#310),#313);
#310 = B_SPLINE_CURVE_WITH_KNOTS('',1,(#311,#312),.UNSPECIFIED.,.F.,.F.,
  (2,2),(101.25,196.25),.PIECEWISE_BEZIER_KNOTS.);
#311 = CARTESIAN_POINT('',(135.5,202.5));
#312 = CARTESIAN_POINT('',(135.5,297.5));
#313 = ( GEOMETRIC_REPRESENTATION_CONTEXT(2) 
PARAMETRIC_REPRESENTATION_CONTEXT() REPRESENTATION_CONTEXT('2D SPACE',''
  ) );
#314 = PCURVE('',#260,#315);
#315 = DEFINITIONAL_REPRESENTATION('',(#316),#319);
#316 = B_SPLINE_CURVE_WITH_KNOTS('',1,(#317,#318),.UNSPECIFIED.,.F.,.F.,
  (2,2),(101.25,196.25),.PIECEWISE_BEZIER_KNOTS.);
#317 = CARTESIAN_POINT('',(-1.42108547152E-14,28.175));
#318 = CARTESIAN_POINT('',(95.,28.175));
#319 = ( GEOMETRIC_REPRESENTATION_CONTEXT(2) 
PARAMETRIC_REPRESENTATION_CONTEXT() REPRESENTATION_CONTEXT('2D SPACE',''
  ) );
#320 = ORIENTED_EDGE('',*,*,#321,.T.);
#321 = EDGE_CURVE('',#301,#322,#324,.T.);
#322 = VERTEX_POINT('',#323);
#323 = CARTESIAN_POINT('',(33.809475019311,5.175,-114.5));
#324 = SURFACE_CURVE('',#325,(#330,#337),.PCURVE_S1.);
#325 = CIRCLE('',#326,6.);
#326 = AXIS2_PLACEMENT_3D('',#327,#328,#329);
#327 = CARTESIAN_POINT('',(28.,5.175,-116.));
#328 = DIRECTION('',(-0.,1.,0.));
#329 = DIRECTION('',(1.,0.,0.));
#330 = PCURVE('',#33,#331);
#331 = DEFINITIONAL_REPRESENTATION('',(#332),#336);
#332 = CIRCLE('',#333,6.);
#333 = AXIS2_PLACEMENT_2D('',#334,#335);
#334 = CARTESIAN_POINT('',(134.,278.));
#335 = DIRECTION('',(0.,1.));
#336 = ( GEOMETRIC_REPRESENTATION_CONTEXT(2) 
PARAMETRIC_REPRESENTATION_CONTEXT() REPRESENTATION_CONTEXT('2D SPACE',''
  ) );
#337 = PCURVE('',#338,#343);
#338 = CYLINDRICAL_SURFACE('',#339,6.);
#339 = AXIS2_PLACEMENT_3D('',#340,#341,#342);
#340 = CARTESIAN_POINT('',(28.,-2.,-116.));
#341 = DIRECTION('',(0.,1.,0.));
#342 = DIRECTION('',(1.,0.,0.));
#343 = DEFINITIONAL_REPRESENTATION('',(#344),#348);
#344 = LINE('',#345,#346);
#345 = CARTESIAN_POINT('',(0.,7.175));
#346 = VECTOR('',#347,1.);
#347 = DIRECTION('',(1.,0.));
#348 = ( GEOMETRIC_REPRESENTATION_CONTEXT(2) 
PARAMETRIC_REPRESENTATION_CONTEXT() REPRESENTATION_CONTEXT('2D SPACE',''
  ) );
#349 = ORIENTED_EDGE('',*,*,#350,.T.);
#350 = EDGE_CURVE('',#322,#351,#353,.T.);
#351 = VERTEX_POINT('',#352);
#352 = CARTESIAN_POINT('',(35.521709176766,5.175,-114.5));
#353 = SURFACE_CURVE('',#354,(#358,#364),.PCURVE_S1.);
#354 = LINE('',#355,#356);
#355 = CARTESIAN_POINT('',(-148.75,5.175,-114.5));
#356 = VECTOR('',#357,1.);
#357 = DIRECTION('',(1.,0.,-0.));
#358 = PCURVE('',#33,#359);
#359 = DEFINITIONAL_REPRESENTATION('',(#360),#363);
#360 = B_SPLINE_CURVE_WITH_KNOTS('',1,(#361,#362),.UNSPECIFIED.,.F.,.F.,
  (2,2),(101.25,196.25),.PIECEWISE_BEZIER_KNOTS.);
#361 = CARTESIAN_POINT('',(135.5,202.5));
#362 = CARTESIAN_POINT('',(135.5,297.5));
#363 = ( GEOMETRIC_REPRESENTATION_CONTEXT(2) 
PARAMETRIC_REPRESENTATION_CONTEXT() REPRESENTATION_CONTEXT('2D SPACE',''
  ) );
#364 = PCURVE('',#260,#365);
#365 = DEFINITIONAL_REPRESENTATION('',(#366),#369);
#366 = B_SPLINE_CURVE_WITH_KNOTS('',1,(#367,#368),.UNSPECIFIED.,.F.,.F.,
  (2,2),(101.25,196.25),.PIECEWISE_BEZIER_KNOTS.);
#367 = CARTESIAN_POINT('',(-1.42108547152E-14,28.175));
#368 = CARTESIAN_POINT('',(95.,28.175));
#369 = ( GEOMETRIC_REPRESENTATION_CONTEXT(2) 
PARAMETRIC_REPRESENTATION_CONTEXT() REPRESENTATION_CONTEXT('2D SPACE',''
  ) );
#370 = ORIENTED_EDGE('',*,*,#371,.F.);
#371 = EDGE_CURVE('',#372,#351,#374,.T.);
#372 = VERTEX_POINT('',#373);
#373 = CARTESIAN_POINT('',(46.110393930197,5.175,-117.2076605862));
#374 = SURFACE_CURVE('',#375,(#380,#387),.PCURVE_S1.);
#375 = CIRCLE('',#376,20.262891575488);
#376 = AXIS2_PLACEMENT_3D('',#377,#378,#379);
#377 = CARTESIAN_POINT('',(45.65,5.175,-96.95));
#378 = DIRECTION('',(-0.,1.,0.));
#379 = DIRECTION('',(0.,0.,1.));
#380 = PCURVE('',#33,#381);
#381 = DEFINITIONAL_REPRESENTATION('',(#382),#386);
#382 = CIRCLE('',#383,20.262891575488);
#383 = AXIS2_PLACEMENT_2D('',#384,#385);
#384 = CARTESIAN_POINT('',(153.05,295.65));
#385 = DIRECTION('',(1.,0.));
#386 = ( GEOMETRIC_REPRESENTATION_CONTEXT(2) 
PARAMETRIC_REPRESENTATION_CONTEXT() REPRESENTATION_CONTEXT('2D SPACE',''
  ) );
#387 = PCURVE('',#388,#393);
#388 = SPHERICAL_SURFACE('',#389,21.);
#389 = AXIS2_PLACEMENT_3D('',#390,#391,#392);
#390 = CARTESIAN_POINT('',(45.65,-0.34,-96.95));
#391 = DIRECTION('',(0.,0.,1.));
#392 = DIRECTION('',(1.,0.,-0.));
#393 = DEFINITIONAL_REPRESENTATION('',(#394),#586);
#394 = B_SPLINE_CURVE_WITH_KNOTS('',8,(#395,#396,#397,#398,#399,#400,
    #401,#402,#403,#404,#405,#406,#407,#408,#409,#410,#411,#412,#413,
    #414,#415,#416,#417,#418,#419,#420,#421,#422,#423,#424,#425,#426,
    #427,#428,#429,#430,#431,#432,#433,#434,#435,#436,#437,#438,#439,
    #440,#441,#442,#443,#444,#445,#446,#447,#448,#449,#450,#451,#452,
    #453,#454,#455,#456,#457,#458,#459,#460,#461,#462,#463,#464,#465,
    #466,#467,#468,#469,#470,#471,#472,#473,#474,#475,#476,#477,#478,
    #479,#480,#481,#482,#483,#484,#485,#486,#487,#488,#489,#490,#491,
    #492,#493,#494,#495,#496,#497,#498,#499,#500,#501,#502,#503,#504,
    #505,#506,#507,#508,#509,#510,#511,#512,#513,#514,#515,#516,#517,
    #518,#519,#520,#521,#522,#523,#524,#525,#526,#527,#528,#529,#530,
    #531,#532,#533,#534,#535,#536,#537,#538,#539,#540,#541,#542,#543,
    #544,#545,#546,#547,#548,#549,#550,#551,#552,#553,#554,#555,#556,
    #557,#558,#559,#560,#561,#562,#563,#564,#565,#566,#567,#568,#569,
    #570,#571,#572,#573,#574,#575,#576,#577,#578,#579,#580,#581,#582,
    #583,#584,#585),.UNSPECIFIED.,.F.,.F.,(9,7,7,7,7,7,7,7,7,7,7,7,7,7,7
    ,7,7,7,7,7,7,7,7,7,7,7,7,9),(0.,9.817477042468E-02,0.194815560061,
    0.385077114659,0.569392995675,0.926505015144,1.261297533396,
    1.889033505119,2.163667992748,2.4211378249,2.662515792543,
    2.888807637207,2.994881939394,3.097641419637,3.197189666123,
    3.293627029906,3.480474422236,3.655643852545,3.984086534374,
    4.558861227575,4.989942247476,5.313253012402,5.555736086097,
    5.737598391367,5.87399512032,6.07859021375,6.180887760465,
    6.28318530718),.UNSPECIFIED.);
#395 = CARTESIAN_POINT('',(1.570796326795,1.305060801051));
#396 = CARTESIAN_POINT('',(1.525707824334,1.305060801051));
#397 = CARTESIAN_POINT('',(1.480619358003,1.3044284352));
#398 = CARTESIAN_POINT('',(1.435820387316,1.303163711584));
#399 = CARTESIAN_POINT('',(1.391601317852,1.301275033394));
#400 = CARTESIAN_POINT('',(1.348227607403,1.298779322318));
#401 = CARTESIAN_POINT('',(1.305920226198,1.295700364018));
#402 = CARTESIAN_POINT('',(1.264846663298,1.292066454208));
#403 = CARTESIAN_POINT('',(1.186027304067,1.283815362661));
#404 = CARTESIAN_POINT('',(1.148239494972,1.27921443332));
#405 = CARTESIAN_POINT('',(1.111877300919,1.274135038368));
#406 = CARTESIAN_POINT('',(1.077008839913,1.268608998807));
#407 = CARTESIAN_POINT('',(1.043659732961,1.262668629117));
#408 = CARTESIAN_POINT('',(1.011822771457,1.256345376321));
#409 = CARTESIAN_POINT('',(0.981468654051,1.249669006583));
#410 = CARTESIAN_POINT('',(0.895624228508,1.228882758093));
#411 = CARTESIAN_POINT('',(0.844269857767,1.213837277637));
#412 = CARTESIAN_POINT('',(0.798149047101,1.197743016334));
#413 = CARTESIAN_POINT('',(0.756690875962,1.180782147657));
#414 = CARTESIAN_POINT('',(0.719326190969,1.163097005372));
#415 = CARTESIAN_POINT('',(0.685547095022,1.144801787862));
#416 = CARTESIAN_POINT('',(0.654908674612,1.125987788492));
#417 = CARTESIAN_POINT('',(0.600021198235,1.088072400266));
#418 = CARTESIAN_POINT('',(0.575602392895,1.068998362186));
#419 = CARTESIAN_POINT('',(0.553425591576,1.049574474907));
#420 = CARTESIAN_POINT('',(0.533198962535,1.029852925603));
#421 = CARTESIAN_POINT('',(0.51468078322,1.009875153696));
#422 = CARTESIAN_POINT('',(0.497669880461,0.989674777341));
#423 = CARTESIAN_POINT('',(0.481996217546,0.969279477667));
#424 = CARTESIAN_POINT('',(0.439460466569,0.908863533201));
#425 = CARTESIAN_POINT('',(0.415884845242,0.868369687671));
#426 = CARTESIAN_POINT('',(0.395742049257,0.827398735629));
#427 = CARTESIAN_POINT('',(0.378348265331,0.786054122581));
#428 = CARTESIAN_POINT('',(0.363212588991,0.744410596492));
#429 = CARTESIAN_POINT('',(0.349970369988,0.70252287728));
#430 = CARTESIAN_POINT('',(0.338342755218,0.660433454575));
#431 = CARTESIAN_POINT('',(0.318521784793,0.578559329904));
#432 = CARTESIAN_POINT('',(0.310159199381,0.538794999225));
#433 = CARTESIAN_POINT('',(0.302845944724,0.498910476218));
#434 = CARTESIAN_POINT('',(0.296450514444,0.45892661656));
#435 = CARTESIAN_POINT('',(0.290872019441,0.418860135386));
#436 = CARTESIAN_POINT('',(0.286031481939,0.378724955612));
#437 = CARTESIAN_POINT('',(0.281867440254,0.338532906107));
#438 = CARTESIAN_POINT('',(0.271703419433,0.222847205225));
#439 = CARTESIAN_POINT('',(0.267285115201,0.147236688775));
#440 = CARTESIAN_POINT('',(0.264762725179,7.153141031786E-02));
#441 = CARTESIAN_POINT('',(0.26399331255,-4.217806751655E-03));
#442 = CARTESIAN_POINT('',(0.264931130637,-7.996511680099E-02));
#443 = CARTESIAN_POINT('',(0.267628755077,-0.155664490263));
#444 = CARTESIAN_POINT('',(0.272236973453,-0.231264592709));
#445 = CARTESIAN_POINT('',(0.282077228612,-0.33969665605));
#446 = CARTESIAN_POINT('',(0.285500317806,-0.37266534783));
#447 = CARTESIAN_POINT('',(0.289378898183,-0.405595833138));
#448 = CARTESIAN_POINT('',(0.293746917408,-0.438481552886));
#449 = CARTESIAN_POINT('',(0.298645834898,-0.471315074353));
#450 = CARTESIAN_POINT('',(0.304126609983,-0.504087768723));
#451 = CARTESIAN_POINT('',(0.310252851891,-0.5367893162));
#452 = CARTESIAN_POINT('',(0.323529143753,-0.599986153562));
#453 = CARTESIAN_POINT('',(0.330591289956,-0.630491591945));
#454 = CARTESIAN_POINT('',(0.338358077061,-0.66091288536));
#455 = CARTESIAN_POINT('',(0.346909251173,-0.691237728303));
#456 = CARTESIAN_POINT('',(0.35634172884,-0.721451336464));
#457 = CARTESIAN_POINT('',(0.366774398265,-0.75153571872));
#458 = CARTESIAN_POINT('',(0.378356361089,-0.781468341373));
#459 = CARTESIAN_POINT('',(0.403398208045,-0.839111527152));
#460 = CARTESIAN_POINT('',(0.41669549532,-0.866844047218));
#461 = CARTESIAN_POINT('',(0.431332499315,-0.894392850971));
#462 = CARTESIAN_POINT('',(0.447503364555,-0.921728218915));
#463 = CARTESIAN_POINT('',(0.465446938693,-0.948812953072));
#464 = CARTESIAN_POINT('',(0.485462637334,-0.97559990468));
#465 = CARTESIAN_POINT('',(0.507934453985,-1.002027106249));
#466 = CARTESIAN_POINT('',(0.557206923813,-1.052365966101));
#467 = CARTESIAN_POINT('',(0.583649190134,-1.076331619149));
#468 = CARTESIAN_POINT('',(0.613106906683,-1.099834373167));
#469 = CARTESIAN_POINT('',(0.646084414264,-1.122784818601));
#470 = CARTESIAN_POINT('',(0.683206542068,-1.14506681662));
#471 = CARTESIAN_POINT('',(0.725224590624,-1.166530236915));
#472 = CARTESIAN_POINT('',(0.773074801714,-1.186968145317));
#473 = CARTESIAN_POINT('',(0.853206312468,-1.21507888357));
#474 = CARTESIAN_POINT('',(0.880254016811,-1.223765054095));
#475 = CARTESIAN_POINT('',(0.908865545086,-1.232137702366));
#476 = CARTESIAN_POINT('',(0.939128135283,-1.240165622516));
#477 = CARTESIAN_POINT('',(0.971120373381,-1.247814130364));
#478 = CARTESIAN_POINT('',(1.004902745436,-1.255045245868));
#479 = CARTESIAN_POINT('',(1.040504625745,-1.26181851105));
#480 = CARTESIAN_POINT('',(1.114141930356,-1.274170315343));
#481 = CARTESIAN_POINT('',(1.152066603036,-1.279779588287));
#482 = CARTESIAN_POINT('',(1.191665258583,-1.28488257897));
#483 = CARTESIAN_POINT('',(1.232880543057,-1.289440903436));
#484 = CARTESIAN_POINT('',(1.275601482304,-1.29341673775));
#485 = CARTESIAN_POINT('',(1.31965271639,-1.296775431529));
#486 = CARTESIAN_POINT('',(1.364794968389,-1.299488435662));
#487 = CARTESIAN_POINT('',(1.455261102444,-1.3035186046));
#488 = CARTESIAN_POINT('',(1.500535201692,-1.304876733745));
#489 = CARTESIAN_POINT('',(1.54631160651,-1.305591499035));
#490 = CARTESIAN_POINT('',(1.592295244184,-1.305651662164));
#491 = CARTESIAN_POINT('',(1.63816830436,-1.305055175642));
#492 = CARTESIAN_POINT('',(1.68361966897,-1.303809585202));
#493 = CARTESIAN_POINT('',(1.728372521613,-1.301930995974));
#494 = CARTESIAN_POINT('',(1.814647059567,-1.297030389313));
#495 = CARTESIAN_POINT('',(1.856226019606,-1.29404594373));
#496 = CARTESIAN_POINT('',(1.896720289268,-1.290508830615));
#497 = CARTESIAN_POINT('',(1.935958072174,-1.286445082503));
#498 = CARTESIAN_POINT('',(1.973817736348,-1.281884567822));
#499 = CARTESIAN_POINT('',(2.010225469075,-1.276858945345));
#500 = CARTESIAN_POINT('',(2.045146329969,-1.271399943791));
#501 = CARTESIAN_POINT('',(2.143343948152,-1.254181979139));
#502 = CARTESIAN_POINT('',(2.202512324516,-1.241314749569));
#503 = CARTESIAN_POINT('',(2.256042993387,-1.227161779861));
#504 = CARTESIAN_POINT('',(2.304326883777,-1.2119365807));
#505 = CARTESIAN_POINT('',(2.347913497838,-1.195813312354));
#506 = CARTESIAN_POINT('',(2.387326166952,-1.178933259369));
#507 = CARTESIAN_POINT('',(2.423056042255,-1.161410828629));
#508 = CARTESIAN_POINT('',(2.485984417571,-1.126397032426));
#509 = CARTESIAN_POINT('',(2.513576605755,-1.108972171268));
#510 = CARTESIAN_POINT('',(2.538668695335,-1.091141396901));
#511 = CARTESIAN_POINT('',(2.561574126524,-1.072965046439));
#512 = CARTESIAN_POINT('',(2.582557822076,-1.054491272895));
#513 = CARTESIAN_POINT('',(2.601842646755,-1.035759191896));
#514 = CARTESIAN_POINT('',(2.619618891306,-1.01680109082));
#515 = CARTESIAN_POINT('',(2.666853485544,-0.961724119375));
#516 = CARTESIAN_POINT('',(2.692923832098,-0.925104407289));
#517 = CARTESIAN_POINT('',(2.71532696107,-0.887961991425));
#518 = CARTESIAN_POINT('',(2.734785749449,-0.850408927249));
#519 = CARTESIAN_POINT('',(2.751821011937,-0.812524687054));
#520 = CARTESIAN_POINT('',(2.766826036286,-0.774369442702));
#521 = CARTESIAN_POINT('',(2.780102672331,-0.735988459094));
#522 = CARTESIAN_POINT('',(2.812514138032,-0.629919784697));
#523 = CARTESIAN_POINT('',(2.828574530404,-0.561841303527));
#524 = CARTESIAN_POINT('',(2.841342387219,-0.493376015435));
#525 = CARTESIAN_POINT('',(2.851487253845,-0.424627976408));
#526 = CARTESIAN_POINT('',(2.859468046565,-0.355674740441));
#527 = CARTESIAN_POINT('',(2.865573787746,-0.286571928634));
#528 = CARTESIAN_POINT('',(2.869997430439,-0.217366186379));
#529 = CARTESIAN_POINT('',(2.874978171359,-9.614752191461E-02));
#530 = CARTESIAN_POINT('',(2.876225447061,-4.416177464566E-02));
#531 = CARTESIAN_POINT('',(2.876629838513,7.841641956679E-03));
#532 = CARTESIAN_POINT('',(2.876208634577,5.984696841668E-02));
#533 = CARTESIAN_POINT('',(2.874956573758,0.111838979247));
#534 = CARTESIAN_POINT('',(2.872846166114,0.163801896583));
#535 = CARTESIAN_POINT('',(2.869823732964,0.215718145732));
#536 = CARTESIAN_POINT('',(2.862784238018,0.306453557787));
#537 = CARTESIAN_POINT('',(2.85920472002,0.345302219315));
#538 = CARTESIAN_POINT('',(2.855025325848,0.384104137347));
#539 = CARTESIAN_POINT('',(2.850197801737,0.422849454623));
#540 = CARTESIAN_POINT('',(2.844660270092,0.461526763037));
#541 = CARTESIAN_POINT('',(2.838334031104,0.500122578525));
#542 = CARTESIAN_POINT('',(2.831117490244,0.538620393541));
#543 = CARTESIAN_POINT('',(2.81669292453,0.605782808546));
#544 = CARTESIAN_POINT('',(2.809933761972,0.63449959044));
#545 = CARTESIAN_POINT('',(2.802540288229,0.663140314074));
#546 = CARTESIAN_POINT('',(2.794444036427,0.691694410353));
#547 = CARTESIAN_POINT('',(2.785563317841,0.720149432846));
#548 = CARTESIAN_POINT('',(2.775798960448,0.748490377715));
#549 = CARTESIAN_POINT('',(2.765027646408,0.776698579808));
#550 = CARTESIAN_POINT('',(2.744141749976,0.825788888808));
#551 = CARTESIAN_POINT('',(2.734536154003,0.84673949657));
#552 = CARTESIAN_POINT('',(2.724209992241,0.867591949416));
#553 = CARTESIAN_POINT('',(2.713086313918,0.888334438532));
#554 = CARTESIAN_POINT('',(2.701075145508,0.908953094847));
#555 = CARTESIAN_POINT('',(2.688070016254,0.929431347067));
#556 = CARTESIAN_POINT('',(2.67394314947,0.949748948021));
#557 = CARTESIAN_POINT('',(2.646986447277,0.984979460254));
#558 = CARTESIAN_POINT('',(2.63471528714,0.999973689082));
#559 = CARTESIAN_POINT('',(2.621660280266,1.014852708089));
#560 = CARTESIAN_POINT('',(2.607747259661,1.029604246275));
#561 = CARTESIAN_POINT('',(2.5928917121,1.044214099806));
#562 = CARTESIAN_POINT('',(2.576996984766,1.058665651235));
#563 = CARTESIAN_POINT('',(2.559952436757,1.072939217481));
#564 = CARTESIAN_POINT('',(2.514150183474,1.108119240162));
#565 = CARTESIAN_POINT('',(2.483797047103,1.128773752434));
#566 = CARTESIAN_POINT('',(2.450145499799,1.148895130468));
#567 = CARTESIAN_POINT('',(2.412688822073,1.16838422267));
#568 = CARTESIAN_POINT('',(2.370832083172,1.187114711537));
#569 = CARTESIAN_POINT('',(2.323889251024,1.204926770277));
#570 = CARTESIAN_POINT('',(2.271121490133,1.221608981144));
#571 = CARTESIAN_POINT('',(2.182498568303,1.244556577458));
#572 = CARTESIAN_POINT('',(2.151379052277,1.251859825584));
#573 = CARTESIAN_POINT('',(2.118619670964,1.258785375852));
#574 = CARTESIAN_POINT('',(2.08417495344,1.265298868435));
#575 = CARTESIAN_POINT('',(2.048023056048,1.271363565232));
#576 = CARTESIAN_POINT('',(2.010179722112,1.276941231724));
#577 = CARTESIAN_POINT('',(1.970711682527,1.281993777288));
#578 = CARTESIAN_POINT('',(1.888773824278,1.290977752486));
#579 = CARTESIAN_POINT('',(1.846303940892,1.294909180187));
#580 = CARTESIAN_POINT('',(1.802457144762,1.298244601908));
#581 = CARTESIAN_POINT('',(1.757412885132,1.30095117908));
#582 = CARTESIAN_POINT('',(1.711414641464,1.303001032998));
#583 = CARTESIAN_POINT('',(1.664760197744,1.304374208437));
#584 = CARTESIAN_POINT('',(1.617778287301,1.305060801051));
#585 = CARTESIAN_POINT('',(1.570796326795,1.305060801051));
#586 = ( GEOMETRIC_REPRESENTATION_CONTEXT(2) 
PARAMETRIC_REPRESENTATION_CONTEXT() REPRESENTATION_CONTEXT('2D SPACE',''
  ) );
#587 = ORIENTED_EDGE('',*,*,#588,.T.);
#588 = EDGE_CURVE('',#372,#589,#591,.T.);
#589 = VERTEX_POINT('',#590);
#590 = CARTESIAN_POINT('',(39.,5.175,-119.));
#591 = SURFACE_CURVE('',#592,(#597,#604),.PCURVE_S1.);
#592 = CIRCLE('',#593,15.);
#593 = AXIS2_PLACEMENT_3D('',#594,#595,#596);
#594 = CARTESIAN_POINT('',(39.,5.175,-104.));
#595 = DIRECTION('',(0.,1.,0.));
#596 = DIRECTION('',(1.,0.,-0.));
#597 = PCURVE('',#33,#598);
#598 = DEFINITIONAL_REPRESENTATION('',(#599),#603);
#599 = CIRCLE('',#600,15.);
#600 = AXIS2_PLACEMENT_2D('',#601,#602);
#601 = CARTESIAN_POINT('',(146.,289.));
#602 = DIRECTION('',(0.,1.));
#603 = ( GEOMETRIC_REPRESENTATION_CONTEXT(2) 
PARAMETRIC_REPRESENTATION_CONTEXT() REPRESENTATION_CONTEXT('2D SPACE',''
  ) );
#604 = PCURVE('',#605,#610);
#605 = CYLINDRICAL_SURFACE('',#606,15.);
#606 = AXIS2_PLACEMENT_3D('',#607,#608,#609);
#607 = CARTESIAN_POINT('',(39.,-29.,-104.));
#608 = DIRECTION('',(-0.,1.,0.));
#609 = DIRECTION('',(1.,0.,-0.));
#610 = DEFINITIONAL_REPRESENTATION('',(#611),#615);
#611 = LINE('',#612,#613);
#612 = CARTESIAN_POINT('',(0.,34.175));
#613 = VECTOR('',#614,1.);
#614 = DIRECTION('',(1.,0.));
#615 = ( GEOMETRIC_REPRESENTATION_CONTEXT(2) 
PARAMETRIC_REPRESENTATION_CONTEXT() REPRESENTATION_CONTEXT('2D SPACE',''
  ) );
#616 = ORIENTED_EDGE('',*,*,#617,.F.);
#617 = EDGE_CURVE('',#618,#589,#620,.T.);
#618 = VERTEX_POINT('',#619);
#619 = CARTESIAN_POINT('',(33.196152422707,5.175,-119.));
#620 = SURFACE_CURVE('',#621,(#625,#631),.PCURVE_S1.);
#621 = LINE('',#622,#623);
#622 = CARTESIAN_POINT('',(-152.,5.175,-119.));
#623 = VECTOR('',#624,1.);
#624 = DIRECTION('',(1.,0.,-0.));
#625 = PCURVE('',#33,#626);
#626 = DEFINITIONAL_REPRESENTATION('',(#627),#630);
#627 = B_SPLINE_CURVE_WITH_KNOTS('',1,(#628,#629),.UNSPECIFIED.,.F.,.F.,
  (2,2),(113.,191.),.PIECEWISE_BEZIER_KNOTS.);
#628 = CARTESIAN_POINT('',(131.,211.));
#629 = CARTESIAN_POINT('',(131.,289.));
#630 = ( GEOMETRIC_REPRESENTATION_CONTEXT(2) 
PARAMETRIC_REPRESENTATION_CONTEXT() REPRESENTATION_CONTEXT('2D SPACE',''
  ) );
#631 = PCURVE('',#632,#637);
#632 = PLANE('',#633);
#633 = AXIS2_PLACEMENT_3D('',#634,#635,#636);
#634 = CARTESIAN_POINT('',(-54.,-29.,-119.));
#635 = DIRECTION('',(0.,0.,1.));
#636 = DIRECTION('',(1.,0.,-0.));
#637 = DEFINITIONAL_REPRESENTATION('',(#638),#641);
#638 = B_SPLINE_CURVE_WITH_KNOTS('',1,(#639,#640),.UNSPECIFIED.,.F.,.F.,
  (2,2),(113.,191.),.PIECEWISE_BEZIER_KNOTS.);
#639 = CARTESIAN_POINT('',(15.,34.175));
#640 = CARTESIAN_POINT('',(93.,34.175));
#641 = ( GEOMETRIC_REPRESENTATION_CONTEXT(2) 
PARAMETRIC_REPRESENTATION_CONTEXT() REPRESENTATION_CONTEXT('2D SPACE',''
  ) );
#642 = ORIENTED_EDGE('',*,*,#643,.T.);
#643 = EDGE_CURVE('',#618,#644,#646,.T.);
#644 = VERTEX_POINT('',#645);
#645 = CARTESIAN_POINT('',(22.803847577293,5.175,-119.));
#646 = SURFACE_CURVE('',#647,(#652,#659),.PCURVE_S1.);
#647 = CIRCLE('',#648,6.);
#648 = AXIS2_PLACEMENT_3D('',#649,#650,#651);
#649 = CARTESIAN_POINT('',(28.,5.175,-116.));
#650 = DIRECTION('',(-0.,1.,0.));
#651 = DIRECTION('',(1.,0.,0.));
#652 = PCURVE('',#33,#653);
#653 = DEFINITIONAL_REPRESENTATION('',(#654),#658);
#654 = CIRCLE('',#655,6.);
#655 = AXIS2_PLACEMENT_2D('',#656,#657);
#656 = CARTESIAN_POINT('',(134.,278.));
#657 = DIRECTION('',(0.,1.));
#658 = ( GEOMETRIC_REPRESENTATION_CONTEXT(2) 
PARAMETRIC_REPRESENTATION_CONTEXT() REPRESENTATION_CONTEXT('2D SPACE',''
  ) );
#659 = PCURVE('',#660,#665);
#660 = CYLINDRICAL_SURFACE('',#661,6.);
#661 = AXIS2_PLACEMENT_3D('',#662,#663,#664);
#662 = CARTESIAN_POINT('',(28.,-2.,-116.));
#663 = DIRECTION('',(0.,1.,0.));
#664 = DIRECTION('',(1.,0.,0.));
#665 = DEFINITIONAL_REPRESENTATION('',(#666),#670);
#666 = LINE('',#667,#668);
#667 = CARTESIAN_POINT('',(0.,7.175));
#668 = VECTOR('',#669,1.);
#669 = DIRECTION('',(1.,0.));
#670 = ( GEOMETRIC_REPRESENTATION_CONTEXT(2) 
PARAMETRIC_REPRESENTATION_CONTEXT() REPRESENTATION_CONTEXT('2D SPACE',''
  ) );
#671 = ORIENTED_EDGE('',*,*,#672,.F.);
#672 = EDGE_CURVE('',#673,#644,#675,.T.);
#673 = VERTEX_POINT('',#674);
#674 = CARTESIAN_POINT('',(-22.80384757729,5.175,-119.));
#675 = SURFACE_CURVE('',#676,(#680,#686),.PCURVE_S1.);
#676 = LINE('',#677,#678);
#677 = CARTESIAN_POINT('',(-152.,5.175,-119.));
#678 = VECTOR('',#679,1.);
#679 = DIRECTION('',(1.,0.,-0.));
#680 = PCURVE('',#33,#681);
#681 = DEFINITIONAL_REPRESENTATION('',(#682),#685);
#682 = B_SPLINE_CURVE_WITH_KNOTS('',1,(#683,#684),.UNSPECIFIED.,.F.,.F.,
  (2,2),(113.,191.),.PIECEWISE_BEZIER_KNOTS.);
#683 = CARTESIAN_POINT('',(131.,211.));
#684 = CARTESIAN_POINT('',(131.,289.));
#685 = ( GEOMETRIC_REPRESENTATION_CONTEXT(2) 
PARAMETRIC_REPRESENTATION_CONTEXT() REPRESENTATION_CONTEXT('2D SPACE',''
  ) );
#686 = PCURVE('',#632,#687);
#687 = DEFINITIONAL_REPRESENTATION('',(#688),#691);
#688 = B_SPLINE_CURVE_WITH_KNOTS('',1,(#689,#690),.UNSPECIFIED.,.F.,.F.,
  (2,2),(113.,191.),.PIECEWISE_BEZIER_KNOTS.);
#689 = CARTESIAN_POINT('',(15.,34.175));
#690 = CARTESIAN_POINT('',(93.,34.175));
#691 = ( GEOMETRIC_REPRESENTATION_CONTEXT(2) 
PARAMETRIC_REPRESENTATION_CONTEXT() REPRESENTATION_CONTEXT('2D SPACE',''
  ) );
#692 = ORIENTED_EDGE('',*,*,#693,.T.);
#693 = EDGE_CURVE('',#673,#694,#696,.T.);
#694 = VERTEX_POINT('',#695);
#695 = CARTESIAN_POINT('',(-33.1961524227,5.175,-119.));
#696 = SURFACE_CURVE('',#697,(#702,#709),.PCURVE_S1.);
#697 = CIRCLE('',#698,6.);
#698 = AXIS2_PLACEMENT_3D('',#699,#700,#701);
#699 = CARTESIAN_POINT('',(-28.,5.175,-116.));
#700 = DIRECTION('',(-0.,1.,0.));
#701 = DIRECTION('',(1.,0.,0.));
#702 = PCURVE('',#33,#703);
#703 = DEFINITIONAL_REPRESENTATION('',(#704),#708);
#704 = CIRCLE('',#705,6.);
#705 = AXIS2_PLACEMENT_2D('',#706,#707);
#706 = CARTESIAN_POINT('',(134.,222.));
#707 = DIRECTION('',(0.,1.));
#708 = ( GEOMETRIC_REPRESENTATION_CONTEXT(2) 
PARAMETRIC_REPRESENTATION_CONTEXT() REPRESENTATION_CONTEXT('2D SPACE',''
  ) );
#709 = PCURVE('',#710,#715);
#710 = CYLINDRICAL_SURFACE('',#711,6.);
#711 = AXIS2_PLACEMENT_3D('',#712,#713,#714);
#712 = CARTESIAN_POINT('',(-28.,-2.,-116.));
#713 = DIRECTION('',(0.,1.,0.));
#714 = DIRECTION('',(1.,0.,0.));
#715 = DEFINITIONAL_REPRESENTATION('',(#716),#720);
#716 = LINE('',#717,#718);
#717 = CARTESIAN_POINT('',(0.,7.175));
#718 = VECTOR('',#719,1.);
#719 = DIRECTION('',(1.,0.));
#720 = ( GEOMETRIC_REPRESENTATION_CONTEXT(2) 
PARAMETRIC_REPRESENTATION_CONTEXT() REPRESENTATION_CONTEXT('2D SPACE',''
  ) );
#721 = ORIENTED_EDGE('',*,*,#722,.F.);
#722 = EDGE_CURVE('',#723,#694,#725,.T.);
#723 = VERTEX_POINT('',#724);
#724 = CARTESIAN_POINT('',(-39.,5.175,-119.));
#725 = SURFACE_CURVE('',#726,(#730,#736),.PCURVE_S1.);
#726 = LINE('',#727,#728);
#727 = CARTESIAN_POINT('',(-152.,5.175,-119.));
#728 = VECTOR('',#729,1.);
#729 = DIRECTION('',(1.,0.,-0.));
#730 = PCURVE('',#33,#731);
#731 = DEFINITIONAL_REPRESENTATION('',(#732),#735);
#732 = B_SPLINE_CURVE_WITH_KNOTS('',1,(#733,#734),.UNSPECIFIED.,.F.,.F.,
  (2,2),(113.,191.),.PIECEWISE_BEZIER_KNOTS.);
#733 = CARTESIAN_POINT('',(131.,211.));
#734 = CARTESIAN_POINT('',(131.,289.));
#735 = ( GEOMETRIC_REPRESENTATION_CONTEXT(2) 
PARAMETRIC_REPRESENTATION_CONTEXT() REPRESENTATION_CONTEXT('2D SPACE',''
  ) );
#736 = PCURVE('',#632,#737);
#737 = DEFINITIONAL_REPRESENTATION('',(#738),#741);
#738 = B_SPLINE_CURVE_WITH_KNOTS('',1,(#739,#740),.UNSPECIFIED.,.F.,.F.,
  (2,2),(113.,191.),.PIECEWISE_BEZIER_KNOTS.);
#739 = CARTESIAN_POINT('',(15.,34.175));
#740 = CARTESIAN_POINT('',(93.,34.175));
#741 = ( GEOMETRIC_REPRESENTATION_CONTEXT(2) 
PARAMETRIC_REPRESENTATION_CONTEXT() REPRESENTATION_CONTEXT('2D SPACE',''
  ) );
#742 = ORIENTED_EDGE('',*,*,#743,.T.);
#743 = EDGE_CURVE('',#723,#24,#744,.T.);
#744 = SURFACE_CURVE('',#745,(#750,#757),.PCURVE_S1.);
#745 = CIRCLE('',#746,15.);
#746 = AXIS2_PLACEMENT_3D('',#747,#748,#749);
#747 = CARTESIAN_POINT('',(-39.,5.175,-104.));
#748 = DIRECTION('',(-0.,1.,0.));
#749 = DIRECTION('',(-1.,-0.,0.));
#750 = PCURVE('',#33,#751);
#751 = DEFINITIONAL_REPRESENTATION('',(#752),#756);
#752 = CIRCLE('',#753,15.);
#753 = AXIS2_PLACEMENT_2D('',#754,#755);
#754 = CARTESIAN_POINT('',(146.,211.));
#755 = DIRECTION('',(0.,-1.));
#756 = ( GEOMETRIC_REPRESENTATION_CONTEXT(2) 
PARAMETRIC_REPRESENTATION_CONTEXT() REPRESENTATION_CONTEXT('2D SPACE',''
  ) );
#757 = PCURVE('',#758,#763);
#758 = CYLINDRICAL_SURFACE('',#759,15.);
#759 = AXIS2_PLACEMENT_3D('',#760,#761,#762);
#760 = CARTESIAN_POINT('',(-39.,-29.,-104.));
#761 = DIRECTION('',(-0.,1.,0.));
#762 = DIRECTION('',(-1.,-0.,0.));
#763 = DEFINITIONAL_REPRESENTATION('',(#764),#768);
#764 = LINE('',#765,#766);
#765 = CARTESIAN_POINT('',(-6.28318530718,34.175));
#766 = VECTOR('',#767,1.);
#767 = DIRECTION('',(1.,-0.));
#768 = ( GEOMETRIC_REPRESENTATION_CONTEXT(2) 
PARAMETRIC_REPRESENTATION_CONTEXT() REPRESENTATION_CONTEXT('2D SPACE',''
  ) );
#769 = FACE_BOUND('',#770,.F.);
#770 = EDGE_LOOP('',(#771));
#771 = ORIENTED_EDGE('',*,*,#772,.F.);
#772 = EDGE_CURVE('',#773,#773,#775,.T.);
#773 = VERTEX_POINT('',#774);
#774 = CARTESIAN_POINT('',(-26.3,5.175,-116.));
#775 = SURFACE_CURVE('',#776,(#781,#788),.PCURVE_S1.);
#776 = CIRCLE('',#777,1.7);
#777 = AXIS2_PLACEMENT_3D('',#778,#779,#780);
#778 = CARTESIAN_POINT('',(-28.,5.175,-116.));
#779 = DIRECTION('',(-0.,1.,0.));
#780 = DIRECTION('',(1.,0.,0.));
#781 = PCURVE('',#33,#782);
#782 = DEFINITIONAL_REPRESENTATION('',(#783),#787);
#783 = CIRCLE('',#784,1.7);
#784 = AXIS2_PLACEMENT_2D('',#785,#786);
#785 = CARTESIAN_POINT('',(134.,222.));
#786 = DIRECTION('',(0.,1.));
#787 = ( GEOMETRIC_REPRESENTATION_CONTEXT(2) 
PARAMETRIC_REPRESENTATION_CONTEXT() REPRESENTATION_CONTEXT('2D SPACE',''
  ) );
#788 = PCURVE('',#789,#794);
#789 = CYLINDRICAL_SURFACE('',#790,1.7);
#790 = AXIS2_PLACEMENT_3D('',#791,#792,#793);
#791 = CARTESIAN_POINT('',(-28.,-4.,-116.));
#792 = DIRECTION('',(0.,1.,0.));
#793 = DIRECTION('',(1.,0.,0.));
#794 = DEFINITIONAL_REPRESENTATION('',(#795),#799);
#795 = LINE('',#796,#797);
#796 = CARTESIAN_POINT('',(0.,9.175));
#797 = VECTOR('',#798,1.);
#798 = DIRECTION('',(1.,0.));
#799 = ( GEOMETRIC_REPRESENTATION_CONTEXT(2) 
PARAMETRIC_REPRESENTATION_CONTEXT() REPRESENTATION_CONTEXT('2D SPACE',''
  ) );
#800 = FACE_BOUND('',#801,.F.);
#801 = EDGE_LOOP('',(#802));
#802 = ORIENTED_EDGE('',*,*,#803,.F.);
#803 = EDGE_CURVE('',#804,#804,#806,.T.);
#804 = VERTEX_POINT('',#805);
#805 = CARTESIAN_POINT('',(29.7,5.175,-116.));
#806 = SURFACE_CURVE('',#807,(#812,#819),.PCURVE_S1.);
#807 = CIRCLE('',#808,1.7);
#808 = AXIS2_PLACEMENT_3D('',#809,#810,#811);
#809 = CARTESIAN_POINT('',(28.,5.175,-116.));
#810 = DIRECTION('',(-0.,1.,0.));
#811 = DIRECTION('',(1.,0.,0.));
#812 = PCURVE('',#33,#813);
#813 = DEFINITIONAL_REPRESENTATION('',(#814),#818);
#814 = CIRCLE('',#815,1.7);
#815 = AXIS2_PLACEMENT_2D('',#816,#817);
#816 = CARTESIAN_POINT('',(134.,278.));
#817 = DIRECTION('',(0.,1.));
#818 = ( GEOMETRIC_REPRESENTATION_CONTEXT(2) 
PARAMETRIC_REPRESENTATION_CONTEXT() REPRESENTATION_CONTEXT('2D SPACE',''
  ) );
#819 = PCURVE('',#820,#825);
#820 = CYLINDRICAL_SURFACE('',#821,1.7);
#821 = AXIS2_PLACEMENT_3D('',#822,#823,#824);
#822 = CARTESIAN_POINT('',(28.,-4.,-116.));
#823 = DIRECTION('',(0.,1.,0.));
#824 = DIRECTION('',(1.,0.,0.));
#825 = DEFINITIONAL_REPRESENTATION('',(#826),#830);
#826 = LINE('',#827,#828);
#827 = CARTESIAN_POINT('',(0.,9.175));
#828 = VECTOR('',#829,1.);
#829 = DIRECTION('',(1.,0.));
#830 = ( GEOMETRIC_REPRESENTATION_CONTEXT(2) 
PARAMETRIC_REPRESENTATION_CONTEXT() REPRESENTATION_CONTEXT('2D SPACE',''
  ) );
#831 = ADVANCED_FACE('',(#832),#45,.F.);
#832 = FACE_BOUND('',#833,.F.);
#833 = EDGE_LOOP('',(#834,#858,#859,#1152,#1215,#1432));
#834 = ORIENTED_EDGE('',*,*,#835,.F.);
#835 = EDGE_CURVE('',#22,#836,#838,.T.);
#836 = VERTEX_POINT('',#837);
#837 = CARTESIAN_POINT('',(-47.5,11.043101510573,-114.5));
#838 = SURFACE_CURVE('',#839,(#844,#851),.PCURVE_S1.);
#839 = CIRCLE('',#840,11.532454205415);
#840 = AXIS2_PLACEMENT_3D('',#841,#842,#843);
#841 = CARTESIAN_POINT('',(-45.65,-0.34,-114.5));
#842 = DIRECTION('',(0.,0.,1.));
#843 = DIRECTION('',(1.,0.,-0.));
#844 = PCURVE('',#45,#845);
#845 = DEFINITIONAL_REPRESENTATION('',(#846),#850);
#846 = LINE('',#847,#848);
#847 = CARTESIAN_POINT('',(0.,-0.989432178087));
#848 = VECTOR('',#849,1.);
#849 = DIRECTION('',(1.,0.));
#850 = ( GEOMETRIC_REPRESENTATION_CONTEXT(2) 
PARAMETRIC_REPRESENTATION_CONTEXT() REPRESENTATION_CONTEXT('2D SPACE',''
  ) );
#851 = PCURVE('',#260,#852);
#852 = DEFINITIONAL_REPRESENTATION('',(#853),#857);
#853 = CIRCLE('',#854,11.532454205415);
#854 = AXIS2_PLACEMENT_2D('',#855,#856);
#855 = CARTESIAN_POINT('',(1.85,22.66));
#856 = DIRECTION('',(1.,0.));
#857 = ( GEOMETRIC_REPRESENTATION_CONTEXT(2) 
PARAMETRIC_REPRESENTATION_CONTEXT() REPRESENTATION_CONTEXT('2D SPACE',''
  ) );
#858 = ORIENTED_EDGE('',*,*,#21,.T.);
#859 = ORIENTED_EDGE('',*,*,#860,.F.);
#860 = EDGE_CURVE('',#861,#24,#863,.T.);
#861 = VERTEX_POINT('',#862);
#862 = CARTESIAN_POINT('',(-54.,17.592512372783,-104.));
#863 = SURFACE_CURVE('',#864,(#958,#1055),.PCURVE_S1.);
#864 = B_SPLINE_CURVE_WITH_KNOTS('',8,(#865,#866,#867,#868,#869,#870,
    #871,#872,#873,#874,#875,#876,#877,#878,#879,#880,#881,#882,#883,
    #884,#885,#886,#887,#888,#889,#890,#891,#892,#893,#894,#895,#896,
    #897,#898,#899,#900,#901,#902,#903,#904,#905,#906,#907,#908,#909,
    #910,#911,#912,#913,#914,#915,#916,#917,#918,#919,#920,#921,#922,
    #923,#924,#925,#926,#927,#928,#929,#930,#931,#932,#933,#934,#935,
    #936,#937,#938,#939,#940,#941,#942,#943,#944,#945,#946,#947,#948,
    #949,#950,#951,#952,#953,#954,#955,#956,#957),.UNSPECIFIED.,.F.,.F.,
  (9,7,7,7,7,7,7,7,7,7,7,7,7,9),(0.,7.837850531583E-02,0.160342102572,
    0.24691783375,0.339090615117,0.438463723348,0.548181611452,
    0.676321849667,0.75445114055,0.863521369737,0.903758243766,
    0.930497209264,0.951629832903,1.),.UNSPECIFIED.);
#865 = CARTESIAN_POINT('',(-54.,17.592512372783,-104.));
#866 = CARTESIAN_POINT('',(-54.,17.482980860121,-104.2786064122));
#867 = CARTESIAN_POINT('',(-53.99408596199,17.371187205288,
    -104.5554435575));
#868 = CARTESIAN_POINT('',(-53.98238938762,17.257187022731,
    -104.8303533599));
#869 = CARTESIAN_POINT('',(-53.96504624372,17.141034412287,
    -105.1031874015));
#870 = CARTESIAN_POINT('',(-53.94219622214,17.022781802702,
    -105.3738067382));
#871 = CARTESIAN_POINT('',(-53.91398199958,16.902479795155,
    -105.6420817148));
#872 = CARTESIAN_POINT('',(-53.88054849736,16.780177006785,
    -105.9078917798));
#873 = CARTESIAN_POINT('',(-53.80177447557,16.525979208523,
    -106.4463993226));
#874 = CARTESIAN_POINT('',(-53.75595937475,16.393901649716,
    -106.718855024));
#875 = CARTESIAN_POINT('',(-53.70476438444,16.259740232374,
    -106.9883650682));
#876 = CARTESIAN_POINT('',(-53.64835899005,16.123545861085,
    -107.2548117509));
#877 = CARTESIAN_POINT('',(-53.58691408125,15.985367209291,
    -107.5180867369));
#878 = CARTESIAN_POINT('',(-53.52060141626,15.845250578151,
    -107.7780907975));
#879 = CARTESIAN_POINT('',(-53.44959308621,15.703239755388,
    -108.0347335471));
#880 = CARTESIAN_POINT('',(-53.29427864218,15.407416698072,
    -108.5553804871));
#881 = CARTESIAN_POINT('',(-53.20944936738,15.253390567165,
    -108.8189853773));
#882 = CARTESIAN_POINT('',(-53.11977580188,15.097345839331,
    -109.078651645));
#883 = CARTESIAN_POINT('',(-53.02546073862,14.939328316706,
    -109.3342924196));
#884 = CARTESIAN_POINT('',(-52.92670680801,14.779381100523,
    -109.5858298663));
#885 = CARTESIAN_POINT('',(-52.82371616923,14.617544445984,
    -109.8331948871));
#886 = CARTESIAN_POINT('',(-52.71669020157,14.453855617123,
    -110.0763268217));
#887 = CARTESIAN_POINT('',(-52.48780111654,14.112141982128,
    -110.569460695));
#888 = CARTESIAN_POINT('',(-52.36542658614,13.933875222946,
    -110.818889569));
#889 = CARTESIAN_POINT('',(-52.23894738868,13.753589547741,
    -111.0633965344));
#890 = CARTESIAN_POINT('',(-52.10860460953,13.57132304696,
    -111.3029272964));
#891 = CARTESIAN_POINT('',(-51.97463861688,13.387110642131,
    -111.5374362176));
#892 = CARTESIAN_POINT('',(-51.83728904331,13.200983910096,
    -111.7668860351));
#893 = CARTESIAN_POINT('',(-51.69679476741,13.012970907258,
    -111.9912475772));
#894 = CARTESIAN_POINT('',(-51.39879087514,12.61838848643,
    -112.4468788395));
#895 = CARTESIAN_POINT('',(-51.24081020593,12.411517868712,
    -112.6773178557));
#896 = CARTESIAN_POINT('',(-51.07975031084,12.202514485243,
    -112.9017899765));
#897 = CARTESIAN_POINT('',(-50.91590972274,11.991405208442,
    -113.1202774238));
#898 = CARTESIAN_POINT('',(-50.7495875091,11.778213185606,
    -113.3327710132));
#899 = CARTESIAN_POINT('',(-50.58108369684,11.562957585948,
    -113.5392699735));
#900 = CARTESIAN_POINT('',(-50.41069969715,11.345653347635,
    -113.7397817666));
#901 = CARTESIAN_POINT('',(-50.0488765588,10.884134869026,
    -114.1491137529));
#902 = CARTESIAN_POINT('',(-49.85709372871,10.639476367357,
    -114.356624027));
#903 = CARTESIAN_POINT('',(-49.66379796211,10.392348773187,
    -114.5568742701));
#904 = CARTESIAN_POINT('',(-49.4694021856,10.142761826844,
    -114.7498952547));
#905 = CARTESIAN_POINT('',(-49.27432569148,9.890721279389,
    -114.9357271175));
#906 = CARTESIAN_POINT('',(-49.07899529893,9.636228516386,
    -115.1144194927));
#907 = CARTESIAN_POINT('',(-48.88384651517,9.379280181676,
    -115.2860316443));
#908 = CARTESIAN_POINT('',(-48.46214139407,8.816898387403,
    -115.6428711297));
#909 = CARTESIAN_POINT('',(-48.23581946383,8.510576252919,
    -115.8255410241));
#910 = CARTESIAN_POINT('',(-48.01106492567,8.200883461557,
    -115.9987559325));
#911 = CARTESIAN_POINT('',(-47.78861076412,7.887804022816,-116.162638613
    ));
#912 = CARTESIAN_POINT('',(-47.56921979669,7.571323711394,
    -116.3173241937));
#913 = CARTESIAN_POINT('',(-47.35368591921,7.251430213507,
    -116.4629618141));
#914 = CARTESIAN_POINT('',(-47.14283372798,6.928113599991,-116.599714648
    ));
#915 = CARTESIAN_POINT('',(-46.81233111147,6.402144222785,
    -116.8058287111));
#916 = CARTESIAN_POINT('',(-46.68920576791,6.20165010455,-116.8806599225
    ));
#917 = CARTESIAN_POINT('',(-46.56833445731,5.999884458955,
    -116.9522915046));
#918 = CARTESIAN_POINT('',(-46.44991674451,5.796850344874,
    -117.0207636848));
#919 = CARTESIAN_POINT('',(-46.33415733506,5.592554393017,-117.086117591
    ));
#920 = CARTESIAN_POINT('',(-46.22126530265,5.387007156791,
    -117.1483953027));
#921 = CARTESIAN_POINT('',(-46.11145299872,5.180223613565,
    -117.2076397202));
#922 = CARTESIAN_POINT('',(-45.85623265121,4.681851469467,
    -117.3424268212));
#923 = CARTESIAN_POINT('',(-45.71396749598,4.389142664279,
    -117.4151233083));
#924 = CARTESIAN_POINT('',(-45.57870299656,4.094120876678,
    -117.4821128168));
#925 = CARTESIAN_POINT('',(-45.45102934902,3.796859306932,
    -117.5435142122));
#926 = CARTESIAN_POINT('',(-45.3315509014,3.497485206946,-117.5994400702
    ));
#927 = CARTESIAN_POINT('',(-45.22086780722,3.19619372087,-117.6499986498
    ));
#928 = CARTESIAN_POINT('',(-45.11955301228,2.893256813794,-117.69529268)
  );
#929 = CARTESIAN_POINT('',(-44.99438683361,2.476871671903,-117.75022485)
  );
#930 = CARTESIAN_POINT('',(-44.96200303815,2.36450068944,-117.764324349)
  );
#931 = CARTESIAN_POINT('',(-44.93099152426,2.2519901188,-117.7777249549)
  );
#932 = CARTESIAN_POINT('',(-44.90137801042,2.139368141212,
    -117.7904310671));
#933 = CARTESIAN_POINT('',(-44.87318820079,2.02667243202,-117.8024464689
    ));
#934 = CARTESIAN_POINT('',(-44.84644683997,1.913951132509,
    -117.8137746651));
#935 = CARTESIAN_POINT('',(-44.8211765981,1.801264004897,-117.8244192571
    ));
#936 = CARTESIAN_POINT('',(-44.7815941777,1.613869832396,-117.8410065508
    ));
#937 = CARTESIAN_POINT('',(-44.76645053565,1.539106756903,
    -117.8473283491));
#938 = CARTESIAN_POINT('',(-44.75197138424,1.464415797066,
    -117.8533510213));
#939 = CARTESIAN_POINT('',(-44.73816240905,1.38982442996,-117.8590755959
    ));
#940 = CARTESIAN_POINT('',(-44.72502898632,1.315366735451,
    -117.8645030503));
#941 = CARTESIAN_POINT('',(-44.71257567715,1.241083381543,
    -117.8696345092));
#942 = CARTESIAN_POINT('',(-44.70080568675,1.167021216327,
    -117.8744714515));
#943 = CARTESIAN_POINT('',(-44.68095915906,1.034914956866,
    -117.8826075609));
#944 = CARTESIAN_POINT('',(-44.67262553067,0.976767912067,
    -117.8860165543));
#945 = CARTESIAN_POINT('',(-44.66472074951,0.918820890883,
    -117.8892436332));
#946 = CARTESIAN_POINT('',(-44.65724503662,0.861104915122,
    -117.8922898909));
#947 = CARTESIAN_POINT('',(-44.65019748814,0.803652469641,
    -117.8951567858));
#948 = CARTESIAN_POINT('',(-44.64357607528,0.746497502344,
    -117.8978461412));
#949 = CARTESIAN_POINT('',(-44.63737764437,0.689675424183,
    -117.9003601457));
#950 = CARTESIAN_POINT('',(-44.61836877914,0.504010193738,
    -117.9080601087));
#951 = CARTESIAN_POINT('',(-44.60736686342,0.376691403796,
    -117.9125004205));
#952 = CARTESIAN_POINT('',(-44.59847045751,0.251828720011,
    -117.9160804143));
#953 = CARTESIAN_POINT('',(-44.59156340752,0.129640891388,
    -117.9188539218));
#954 = CARTESIAN_POINT('',(-44.58653511782,1.000343525759E-02,
    -117.920870481));
#955 = CARTESIAN_POINT('',(-44.58328055105,-0.107551362725,
    -117.9221753355));
#956 = CARTESIAN_POINT('',(-44.58170022809,-0.223834448579,
    -117.922809435));
#957 = CARTESIAN_POINT('',(-44.58170022809,-0.34,-117.922809435));
#958 = PCURVE('',#45,#959);
#959 = DEFINITIONAL_REPRESENTATION('',(#960),#1054);
#960 = B_SPLINE_CURVE_WITH_KNOTS('',8,(#961,#962,#963,#964,#965,#966,
    #967,#968,#969,#970,#971,#972,#973,#974,#975,#976,#977,#978,#979,
    #980,#981,#982,#983,#984,#985,#986,#987,#988,#989,#990,#991,#992,
    #993,#994,#995,#996,#997,#998,#999,#1000,#1001,#1002,#1003,#1004,
    #1005,#1006,#1007,#1008,#1009,#1010,#1011,#1012,#1013,#1014,#1015,
    #1016,#1017,#1018,#1019,#1020,#1021,#1022,#1023,#1024,#1025,#1026,
    #1027,#1028,#1029,#1030,#1031,#1032,#1033,#1034,#1035,#1036,#1037,
    #1038,#1039,#1040,#1041,#1042,#1043,#1044,#1045,#1046,#1047,#1048,
    #1049,#1050,#1051,#1052,#1053),.UNSPECIFIED.,.F.,.F.,(9,7,7,7,7,7,7,
    7,7,7,7,7,7,9),(0.,7.837850531583E-02,0.160342102572,0.24691783375,
    0.339090615117,0.438463723348,0.548181611452,0.676321849667,
    0.75445114055,0.863521369737,0.903758243766,0.930497209264,
    0.951629832903,1.),.UNSPECIFIED.);
#961 = CARTESIAN_POINT('',(2.006575732806,-0.342363421915));
#962 = CARTESIAN_POINT('',(2.008913054488,-0.356447796632));
#963 = CARTESIAN_POINT('',(2.011054435849,-0.370523527127));
#964 = CARTESIAN_POINT('',(2.013002890986,-0.384586709098));
#965 = CARTESIAN_POINT('',(2.014761214622,-0.398633739511));
#966 = CARTESIAN_POINT('',(2.016331973674,-0.412661302339));
#967 = CARTESIAN_POINT('',(2.017717498821,-0.426666354295));
#968 = CARTESIAN_POINT('',(2.018919876069,-0.440646110569));
#969 = CARTESIAN_POINT('',(2.021008704729,-0.469188121891));
#970 = CARTESIAN_POINT('',(2.021878187942,-0.483747736365));
#971 = CARTESIAN_POINT('',(2.022551485576,-0.498273990983));
#972 = CARTESIAN_POINT('',(2.02303039092,-0.512764242212));
#973 = CARTESIAN_POINT('',(2.023316385296,-0.527216076253));
#974 = CARTESIAN_POINT('',(2.023410630438,-0.541627299312));
#975 = CARTESIAN_POINT('',(2.023313960855,-0.55599592786));
#976 = CARTESIAN_POINT('',(2.022723637155,-0.58545046296));
#977 = CARTESIAN_POINT('',(2.022207952493,-0.600531183635));
#978 = CARTESIAN_POINT('',(2.021480405525,-0.615560254771));
#979 = CARTESIAN_POINT('',(2.020541167112,-0.6305357659));
#980 = CARTESIAN_POINT('',(2.019389978014,-0.64545597729));
#981 = CARTESIAN_POINT('',(2.01802613123,-0.660319314986));
#982 = CARTESIAN_POINT('',(2.016448454332,-0.675124365851));
#983 = CARTESIAN_POINT('',(2.012746202808,-0.705568664311));
#984 = CARTESIAN_POINT('',(2.010592875223,-0.721199900539));
#985 = CARTESIAN_POINT('',(2.008193294816,-0.736762075195));
#986 = CARTESIAN_POINT('',(2.005544845124,-0.75225379055));
#987 = CARTESIAN_POINT('',(2.002644255652,-0.767673758278));
#988 = CARTESIAN_POINT('',(1.999487550065,-0.783020800506));
#989 = CARTESIAN_POINT('',(1.996069994372,-0.798293850853));
#990 = CARTESIAN_POINT('',(1.988414314179,-0.82987730127));
#991 = CARTESIAN_POINT('',(1.984132972078,-0.846175450085));
#992 = CARTESIAN_POINT('',(1.979535018277,-0.862385223789));
#993 = CARTESIAN_POINT('',(1.974612420211,-0.878505473311));
#994 = CARTESIAN_POINT('',(1.96935594117,-0.894535091859));
#995 = CARTESIAN_POINT('',(1.963754968189,-0.91047302812));
#996 = CARTESIAN_POINT('',(1.957797339928,-0.926318299479));
#997 = CARTESIAN_POINT('',(1.94448224467,-0.959461469772));
#998 = CARTESIAN_POINT('',(1.937043735534,-0.976738717248));
#999 = CARTESIAN_POINT('',(1.929134664048,-0.993900596669));
#1000 = CARTESIAN_POINT('',(1.9207338261,-1.010945851518));
#1001 = CARTESIAN_POINT('',(1.911816984842,-1.027873171986));
#1002 = CARTESIAN_POINT('',(1.902356058969,-1.044681247209));
#1003 = CARTESIAN_POINT('',(1.892318310993,-1.061368817509));
#1004 = CARTESIAN_POINT('',(1.869224089454,-1.097282160104));
#1005 = CARTESIAN_POINT('',(1.855943787565,-1.116463117211));
#1006 = CARTESIAN_POINT('',(1.84176392757,-1.135476095069));
#1007 = CARTESIAN_POINT('',(1.826611058716,-1.154318984448));
#1008 = CARTESIAN_POINT('',(1.810399202306,-1.172989348603));
#1009 = CARTESIAN_POINT('',(1.793023999272,-1.191484608056));
#1010 = CARTESIAN_POINT('',(1.774350784786,-1.209802131321));
#1011 = CARTESIAN_POINT('',(1.741908233228,-1.238997731231));
#1012 = CARTESIAN_POINT('',(1.729069411658,-1.249988940249));
#1013 = CARTESIAN_POINT('',(1.715638752654,-1.260912192491));
#1014 = CARTESIAN_POINT('',(1.701567330388,-1.271766626523));
#1015 = CARTESIAN_POINT('',(1.686797765423,-1.282551213417));
#1016 = CARTESIAN_POINT('',(1.671260865783,-1.293264711507));
#1017 = CARTESIAN_POINT('',(1.654869809434,-1.303905548062));
#1018 = CARTESIAN_POINT('',(1.613279795825,-1.329222110524));
#1019 = CARTESIAN_POINT('',(1.587165896166,-1.343825167872));
#1020 = CARTESIAN_POINT('',(1.558862063554,-1.358276829559));
#1021 = CARTESIAN_POINT('',(1.527953209441,-1.372568995277));
#1022 = CARTESIAN_POINT('',(1.493889683533,-1.38668954498));
#1023 = CARTESIAN_POINT('',(1.455828364446,-1.400616584259));
#1024 = CARTESIAN_POINT('',(1.412556684763,-1.414318203935));
#1025 = CARTESIAN_POINT('',(1.342788008756,-1.432663338355));
#1026 = CARTESIAN_POINT('',(1.322940307974,-1.437565899517));
#1027 = CARTESIAN_POINT('',(1.301922046384,-1.442423483941));
#1028 = CARTESIAN_POINT('',(1.279586013824,-1.4472312877));
#1029 = CARTESIAN_POINT('',(1.255756346569,-1.451983218515));
#1030 = CARTESIAN_POINT('',(1.230220459218,-1.456671537387));
#1031 = CARTESIAN_POINT('',(1.202719220435,-1.461286321275));
#1032 = CARTESIAN_POINT('',(1.153142848863,-1.468824061484));
#1033 = CARTESIAN_POINT('',(1.132343358008,-1.471795091878));
#1034 = CARTESIAN_POINT('',(1.110443772885,-1.474724077342));
#1035 = CARTESIAN_POINT('',(1.087341586187,-1.477606547481));
#1036 = CARTESIAN_POINT('',(1.062922936573,-1.480437212994));
#1037 = CARTESIAN_POINT('',(1.037062957066,-1.483209879953));
#1038 = CARTESIAN_POINT('',(1.009628445642,-1.485917387547));
#1039 = CARTESIAN_POINT('',(0.957448207195,-1.490633443808));
#1040 = CARTESIAN_POINT('',(0.933349266964,-1.492669565096));
#1041 = CARTESIAN_POINT('',(0.908111607614,-1.494655708464));
#1042 = CARTESIAN_POINT('',(0.881667657903,-1.496587338761));
#1043 = CARTESIAN_POINT('',(0.85395670506,-1.498459610366));
#1044 = CARTESIAN_POINT('',(0.82492489479,-1.500267367189));
#1045 = CARTESIAN_POINT('',(0.794525231271,-1.502005142666));
#1046 = CARTESIAN_POINT('',(0.689913481899,-1.507471327492));
#1047 = CARTESIAN_POINT('',(0.60972284881,-1.510883155834));
#1048 = CARTESIAN_POINT('',(0.521788246969,-1.513824325296));
#1049 = CARTESIAN_POINT('',(0.426417307966,-1.516233285449));
#1050 = CARTESIAN_POINT('',(0.324582725902,-1.518065254932));
#1051 = CARTESIAN_POINT('',(0.217922257387,-1.519292221455));
#1052 = CARTESIAN_POINT('',(0.108738721543,-1.519902941793));
#1053 = CARTESIAN_POINT('',(0.,-1.519902941793));
#1054 = ( GEOMETRIC_REPRESENTATION_CONTEXT(2) 
PARAMETRIC_REPRESENTATION_CONTEXT() REPRESENTATION_CONTEXT('2D SPACE',''
  ) );
#1055 = PCURVE('',#758,#1056);
#1056 = DEFINITIONAL_REPRESENTATION('',(#1057),#1151);
#1057 = B_SPLINE_CURVE_WITH_KNOTS('',8,(#1058,#1059,#1060,#1061,#1062,
    #1063,#1064,#1065,#1066,#1067,#1068,#1069,#1070,#1071,#1072,#1073,
    #1074,#1075,#1076,#1077,#1078,#1079,#1080,#1081,#1082,#1083,#1084,
    #1085,#1086,#1087,#1088,#1089,#1090,#1091,#1092,#1093,#1094,#1095,
    #1096,#1097,#1098,#1099,#1100,#1101,#1102,#1103,#1104,#1105,#1106,
    #1107,#1108,#1109,#1110,#1111,#1112,#1113,#1114,#1115,#1116,#1117,
    #1118,#1119,#1120,#1121,#1122,#1123,#1124,#1125,#1126,#1127,#1128,
    #1129,#1130,#1131,#1132,#1133,#1134,#1135,#1136,#1137,#1138,#1139,
    #1140,#1141,#1142,#1143,#1144,#1145,#1146,#1147,#1148,#1149,#1150),
  .UNSPECIFIED.,.F.,.F.,(9,7,7,7,7,7,7,7,7,7,7,7,7,9),(0.,
    7.837850531583E-02,0.160342102572,0.24691783375,0.339090615117,
    0.438463723348,0.548181611452,0.676321849667,0.75445114055,
    0.863521369737,0.903758243766,0.930497209264,0.951629832903,1.),
  .UNSPECIFIED.);
#1058 = CARTESIAN_POINT('',(0.,46.592512372783));
#1059 = CARTESIAN_POINT('',(-1.857376081331E-02,46.482980860121));
#1060 = CARTESIAN_POINT('',(-3.702956939533E-02,46.371187205288));
#1061 = CARTESIAN_POINT('',(-5.53666549994E-02,46.257187022731));
#1062 = CARTESIAN_POINT('',(-7.358436334133E-02,46.141034412287));
#1063 = CARTESIAN_POINT('',(-9.16821475023E-02,46.022781802702));
#1064 = CARTESIAN_POINT('',(-0.109659558832,45.902479795155));
#1065 = CARTESIAN_POINT('',(-0.12751623785,45.780177006785));
#1066 = CARTESIAN_POINT('',(-0.163798815252,45.525979208523));
#1067 = CARTESIAN_POINT('',(-0.182213344943,45.393901649716));
#1068 = CARTESIAN_POINT('',(-0.20049520162,45.259740232374));
#1069 = CARTESIAN_POINT('',(-0.218644122689,45.123545861085));
#1070 = CARTESIAN_POINT('',(-0.236659872292,44.985367209291));
#1071 = CARTESIAN_POINT('',(-0.254542238024,44.845250578151));
#1072 = CARTESIAN_POINT('',(-0.272291027654,44.703239755388));
#1073 = CARTESIAN_POINT('',(-0.308512311314,44.407416698072));
#1074 = CARTESIAN_POINT('',(-0.326969266832,44.253390567165));
#1075 = CARTESIAN_POINT('',(-0.345276740292,44.097345839331));
#1076 = CARTESIAN_POINT('',(-0.36343447066,43.939328316706));
#1077 = CARTESIAN_POINT('',(-0.381442126157,43.779381100523));
#1078 = CARTESIAN_POINT('',(-0.399299302453,43.617544445984));
#1079 = CARTESIAN_POINT('',(-0.417005520861,43.453855617123));
#1080 = CARTESIAN_POINT('',(-0.45324982955,43.112141982128));
#1081 = CARTESIAN_POINT('',(-0.47176762107,42.933875222946));
#1082 = CARTESIAN_POINT('',(-0.490112937546,42.753589547741));
#1083 = CARTESIAN_POINT('',(-0.508284909813,42.57132304696));
#1084 = CARTESIAN_POINT('',(-0.526282456125,42.387110642131));
#1085 = CARTESIAN_POINT('',(-0.544104275205,42.200983910096));
#1086 = CARTESIAN_POINT('',(-0.561748839298,42.012970907258));
#1087 = CARTESIAN_POINT('',(-0.598044303783,41.61838848643));
#1088 = CARTESIAN_POINT('',(-0.616666046826,41.411517868712));
#1089 = CARTESIAN_POINT('',(-0.635077415259,41.202514485243));
#1090 = CARTESIAN_POINT('',(-0.653275755119,40.991405208442));
#1091 = CARTESIAN_POINT('',(-0.67125793544,40.778213185606));
#1092 = CARTESIAN_POINT('',(-0.689020324131,40.562957585948));
#1093 = CARTESIAN_POINT('',(-0.706558763854,40.345653347635));
#1094 = CARTESIAN_POINT('',(-0.74298028731,39.884134869026));
#1095 = CARTESIAN_POINT('',(-0.761813116108,39.639476367357));
#1096 = CARTESIAN_POINT('',(-0.780360740258,39.392348773187));
#1097 = CARTESIAN_POINT('',(-0.798615803344,39.142761826844));
#1098 = CARTESIAN_POINT('',(-0.816569825409,38.890721279389));
#1099 = CARTESIAN_POINT('',(-0.834213141804,38.636228516386));
#1100 = CARTESIAN_POINT('',(-0.851534842032,38.379280181676));
#1101 = CARTESIAN_POINT('',(-0.888362948902,37.816898387403));
#1102 = CARTESIAN_POINT('',(-0.907747293652,37.510576252919));
#1103 = CARTESIAN_POINT('',(-0.926656599441,37.200883461557));
#1104 = CARTESIAN_POINT('',(-0.945068466429,36.887804022816));
#1105 = CARTESIAN_POINT('',(-0.962957167612,36.571323711394));
#1106 = CARTESIAN_POINT('',(-0.980293622949,36.251430213507));
#1107 = CARTESIAN_POINT('',(-0.997045418311,35.928113599991));
#1108 = CARTESIAN_POINT('',(-1.023012490324,35.402144222785));
#1109 = CARTESIAN_POINT('',(-1.032617306361,35.20165010455));
#1110 = CARTESIAN_POINT('',(-1.041983190243,34.999884458955));
#1111 = CARTESIAN_POINT('',(-1.051101436881,34.796850344874));
#1112 = CARTESIAN_POINT('',(-1.059962799096,34.592554393017));
#1113 = CARTESIAN_POINT('',(-1.06855754048,34.387007156791));
#1114 = CARTESIAN_POINT('',(-1.076875505257,34.180223613565));
#1115 = CARTESIAN_POINT('',(-1.096117240959,33.681851469467));
#1116 = CARTESIAN_POINT('',(-1.106767125911,33.389142664279));
#1117 = CARTESIAN_POINT('',(-1.116828789317,33.094120876678));
#1118 = CARTESIAN_POINT('',(-1.126272383625,32.796859306932));
#1119 = CARTESIAN_POINT('',(-1.135066216985,32.497485206946));
#1120 = CARTESIAN_POINT('',(-1.143178008715,32.19619372087));
#1121 = CARTESIAN_POINT('',(-1.150576404858,31.893256813794));
#1122 = CARTESIAN_POINT('',(-1.159689061643,31.476871671903));
#1123 = CARTESIAN_POINT('',(-1.162043721698,31.36450068944));
#1124 = CARTESIAN_POINT('',(-1.164295907093,31.2519901188));
#1125 = CARTESIAN_POINT('',(-1.166444180447,31.139368141212));
#1126 = CARTESIAN_POINT('',(-1.168487082072,31.02667243202));
#1127 = CARTESIAN_POINT('',(-1.170423197863,30.913951132509));
#1128 = CARTESIAN_POINT('',(-1.172251238584,30.801264004897));
#1129 = CARTESIAN_POINT('',(-1.175112400988,30.613869832396));
#1130 = CARTESIAN_POINT('',(-1.176206414046,30.539106756903));
#1131 = CARTESIAN_POINT('',(-1.177251865054,30.464415797066));
#1132 = CARTESIAN_POINT('',(-1.178248432398,30.38982442996));
#1133 = CARTESIAN_POINT('',(-1.179195811491,30.315366735451));
#1134 = CARTESIAN_POINT('',(-1.180093751123,30.241083381543));
#1135 = CARTESIAN_POINT('',(-1.180942092157,30.167021216327));
#1136 = CARTESIAN_POINT('',(-1.182372058648,30.034914956866));
#1137 = CARTESIAN_POINT('',(-1.182972319923,29.976767912067));
#1138 = CARTESIAN_POINT('',(-1.183541528127,29.918820890883));
#1139 = CARTESIAN_POINT('',(-1.184079697499,29.861104915121));
#1140 = CARTESIAN_POINT('',(-1.184586920804,29.803652469641));
#1141 = CARTESIAN_POINT('',(-1.185063369333,29.746497502344));
#1142 = CARTESIAN_POINT('',(-1.1855092929,29.689675424183));
#1143 = CARTESIAN_POINT('',(-1.186876571441,29.504010193738));
#1144 = CARTESIAN_POINT('',(-1.187667515965,29.376691403796));
#1145 = CARTESIAN_POINT('',(-1.188306828862,29.251828720011));
#1146 = CARTESIAN_POINT('',(-1.188803034534,29.129640891388));
#1147 = CARTESIAN_POINT('',(-1.189164206347,29.010003435258));
#1148 = CARTESIAN_POINT('',(-1.189397966621,28.892448637275));
#1149 = CARTESIAN_POINT('',(-1.189511486639,28.776165551421));
#1150 = CARTESIAN_POINT('',(-1.189511486639,28.66));
#1151 = ( GEOMETRIC_REPRESENTATION_CONTEXT(2) 
PARAMETRIC_REPRESENTATION_CONTEXT() REPRESENTATION_CONTEXT('2D SPACE',''
  ) );
#1152 = ORIENTED_EDGE('',*,*,#1153,.T.);
#1153 = EDGE_CURVE('',#861,#1154,#1156,.T.);
#1154 = VERTEX_POINT('',#1155);
#1155 = CARTESIAN_POINT('',(-54.,5.175,-78.48754417743));
#1156 = SURFACE_CURVE('',#1157,(#1162,#1203),.PCURVE_S1.);
#1157 = CIRCLE('',#1158,19.268562478815);
#1158 = AXIS2_PLACEMENT_3D('',#1159,#1160,#1161);
#1159 = CARTESIAN_POINT('',(-54.,-0.34,-96.95));
#1160 = DIRECTION('',(1.,0.,-0.));
#1161 = DIRECTION('',(0.,0.,1.));
#1162 = PCURVE('',#45,#1163);
#1163 = DEFINITIONAL_REPRESENTATION('',(#1164),#1202);
#1164 = B_SPLINE_CURVE_WITH_KNOTS('',8,(#1165,#1166,#1167,#1168,#1169,
    #1170,#1171,#1172,#1173,#1174,#1175,#1176,#1177,#1178,#1179,#1180,
    #1181,#1182,#1183,#1184,#1185,#1186,#1187,#1188,#1189,#1190,#1191,
    #1192,#1193,#1194,#1195,#1196,#1197,#1198,#1199,#1200,#1201),
  .UNSPECIFIED.,.F.,.F.,(9,7,7,7,7,9),(4.337809765558,4.778630970934,
    5.439862778998,5.77047868303,5.935786635046,6.101094587061),
  .UNSPECIFIED.);
#1165 = CARTESIAN_POINT('',(2.006575732806,-0.342363421915));
#1166 = CARTESIAN_POINT('',(1.998285990887,-0.2924105924));
#1167 = CARTESIAN_POINT('',(1.991661448606,-0.242237402034));
#1168 = CARTESIAN_POINT('',(1.986529114145,-0.191900710633));
#1169 = CARTESIAN_POINT('',(1.98277294677,-0.141446616209));
#1170 = CARTESIAN_POINT('',(1.980318297186,-9.091532266673E-02));
#1171 = CARTESIAN_POINT('',(1.979124441794,-4.034394749679E-02));
#1172 = CARTESIAN_POINT('',(1.97918280276,1.023145006651E-02));
#1173 = CARTESIAN_POINT('',(1.982521910451,0.13658617474));
#1174 = CARTESIAN_POINT('',(1.987399272116,0.212323597745));
#1175 = CARTESIAN_POINT('',(1.995235364602,0.287859181539));
#1176 = CARTESIAN_POINT('',(2.006286337866,0.363058195517));
#1177 = CARTESIAN_POINT('',(2.020996023031,0.437763266173));
#1178 = CARTESIAN_POINT('',(2.040069577428,0.511762554898));
#1179 = CARTESIAN_POINT('',(2.064606016612,0.584768134577));
#1180 = CARTESIAN_POINT('',(2.112524877584,0.692004846957));
#1181 = CARTESIAN_POINT('',(2.130350176383,0.727371803404));
#1182 = CARTESIAN_POINT('',(2.150271228926,0.762295005883));
#1183 = CARTESIAN_POINT('',(2.172583627258,0.796694764793));
#1184 = CARTESIAN_POINT('',(2.19765152704,0.830471428415));
#1185 = CARTESIAN_POINT('',(2.225919213196,0.863498596994));
#1186 = CARTESIAN_POINT('',(2.257944953975,0.895609907986));
#1187 = CARTESIAN_POINT('',(2.312586376917,0.942068228834));
#1188 = CARTESIAN_POINT('',(2.331900611072,0.957269569691));
#1189 = CARTESIAN_POINT('',(2.352395913719,0.972158207039));
#1190 = CARTESIAN_POINT('',(2.374157718701,0.986702751047));
#1191 = CARTESIAN_POINT('',(2.397276227183,1.000867678488));
#1192 = CARTESIAN_POINT('',(2.421843823365,1.014612849451));
#1193 = CARTESIAN_POINT('',(2.447949930414,1.027893221752));
#1194 = CARTESIAN_POINT('',(2.503396682884,1.053424304338));
#1195 = CARTESIAN_POINT('',(2.532737270753,1.065675024788));
#1196 = CARTESIAN_POINT('',(2.563773772055,1.077360927884));
#1197 = CARTESIAN_POINT('',(2.596573217966,1.088427186217));
#1198 = CARTESIAN_POINT('',(2.63118371818,1.098814249528));
#1199 = CARTESIAN_POINT('',(2.667620002435,1.108458768813));
#1200 = CARTESIAN_POINT('',(2.705847545047,1.117295828277));
#1201 = CARTESIAN_POINT('',(2.745771063038,1.125262976943));
#1202 = ( GEOMETRIC_REPRESENTATION_CONTEXT(2) 
PARAMETRIC_REPRESENTATION_CONTEXT() REPRESENTATION_CONTEXT('2D SPACE',''
  ) );
#1203 = PCURVE('',#1204,#1209);
#1204 = PLANE('',#1205);
#1205 = AXIS2_PLACEMENT_3D('',#1206,#1207,#1208);
#1206 = CARTESIAN_POINT('',(-54.,-29.,-119.));
#1207 = DIRECTION('',(1.,0.,-0.));
#1208 = DIRECTION('',(0.,0.,1.));
#1209 = DEFINITIONAL_REPRESENTATION('',(#1210),#1214);
#1210 = CIRCLE('',#1211,19.268562478815);
#1211 = AXIS2_PLACEMENT_2D('',#1212,#1213);
#1212 = CARTESIAN_POINT('',(22.05,-28.66));
#1213 = DIRECTION('',(1.,0.));
#1214 = ( GEOMETRIC_REPRESENTATION_CONTEXT(2) 
PARAMETRIC_REPRESENTATION_CONTEXT() REPRESENTATION_CONTEXT('2D SPACE',''
  ) );
#1215 = ORIENTED_EDGE('',*,*,#1216,.T.);
#1216 = EDGE_CURVE('',#1154,#1217,#1219,.T.);
#1217 = VERTEX_POINT('',#1218);
#1218 = CARTESIAN_POINT('',(-47.5,5.175,-76.77173756241));
#1219 = SURFACE_CURVE('',#1220,(#1225,#1420),.PCURVE_S1.);
#1220 = CIRCLE('',#1221,20.262891575488);
#1221 = AXIS2_PLACEMENT_3D('',#1222,#1223,#1224);
#1222 = CARTESIAN_POINT('',(-45.65,5.175,-96.95));
#1223 = DIRECTION('',(-0.,1.,0.));
#1224 = DIRECTION('',(0.,0.,1.));
#1225 = PCURVE('',#45,#1226);
#1226 = DEFINITIONAL_REPRESENTATION('',(#1227),#1419);
#1227 = B_SPLINE_CURVE_WITH_KNOTS('',8,(#1228,#1229,#1230,#1231,#1232,
    #1233,#1234,#1235,#1236,#1237,#1238,#1239,#1240,#1241,#1242,#1243,
    #1244,#1245,#1246,#1247,#1248,#1249,#1250,#1251,#1252,#1253,#1254,
    #1255,#1256,#1257,#1258,#1259,#1260,#1261,#1262,#1263,#1264,#1265,
    #1266,#1267,#1268,#1269,#1270,#1271,#1272,#1273,#1274,#1275,#1276,
    #1277,#1278,#1279,#1280,#1281,#1282,#1283,#1284,#1285,#1286,#1287,
    #1288,#1289,#1290,#1291,#1292,#1293,#1294,#1295,#1296,#1297,#1298,
    #1299,#1300,#1301,#1302,#1303,#1304,#1305,#1306,#1307,#1308,#1309,
    #1310,#1311,#1312,#1313,#1314,#1315,#1316,#1317,#1318,#1319,#1320,
    #1321,#1322,#1323,#1324,#1325,#1326,#1327,#1328,#1329,#1330,#1331,
    #1332,#1333,#1334,#1335,#1336,#1337,#1338,#1339,#1340,#1341,#1342,
    #1343,#1344,#1345,#1346,#1347,#1348,#1349,#1350,#1351,#1352,#1353,
    #1354,#1355,#1356,#1357,#1358,#1359,#1360,#1361,#1362,#1363,#1364,
    #1365,#1366,#1367,#1368,#1369,#1370,#1371,#1372,#1373,#1374,#1375,
    #1376,#1377,#1378,#1379,#1380,#1381,#1382,#1383,#1384,#1385,#1386,
    #1387,#1388,#1389,#1390,#1391,#1392,#1393,#1394,#1395,#1396,#1397,
    #1398,#1399,#1400,#1401,#1402,#1403,#1404,#1405,#1406,#1407,#1408,
    #1409,#1410,#1411,#1412,#1413,#1414,#1415,#1416,#1417,#1418),
  .UNSPECIFIED.,.F.,.F.,(9,7,7,7,7,7,7,7,7,7,7,7,7,7,7,7,7,7,7,7,7,7,7,7
    ,7,7,7,9),(0.,9.817477042469E-02,0.194815560061,0.385077114659,
    0.569392995675,0.926505015144,1.261297533396,1.889033505119,
    2.163667992748,2.4211378249,2.662515792543,2.888807637207,
    2.994881939394,3.097641419637,3.197189666123,3.293627029906,
    3.480474422236,3.655643852545,3.984086534374,4.558861227575,
    4.989942247476,5.313253012402,5.555736086097,5.737598391367,
    5.87399512032,6.07859021375,6.180887760465,6.28318530718),
  .UNSPECIFIED.);
#1228 = CARTESIAN_POINT('',(1.570796326795,1.305060801051));
#1229 = CARTESIAN_POINT('',(1.525707824334,1.305060801051));
#1230 = CARTESIAN_POINT('',(1.480619358003,1.3044284352));
#1231 = CARTESIAN_POINT('',(1.435820387316,1.303163711584));
#1232 = CARTESIAN_POINT('',(1.391601317852,1.301275033394));
#1233 = CARTESIAN_POINT('',(1.348227607403,1.298779322318));
#1234 = CARTESIAN_POINT('',(1.305920226198,1.295700364018));
#1235 = CARTESIAN_POINT('',(1.264846663298,1.292066454208));
#1236 = CARTESIAN_POINT('',(1.186027304067,1.283815362661));
#1237 = CARTESIAN_POINT('',(1.148239494972,1.27921443332));
#1238 = CARTESIAN_POINT('',(1.111877300919,1.274135038368));
#1239 = CARTESIAN_POINT('',(1.077008839913,1.268608998807));
#1240 = CARTESIAN_POINT('',(1.043659732961,1.262668629117));
#1241 = CARTESIAN_POINT('',(1.011822771457,1.256345376321));
#1242 = CARTESIAN_POINT('',(0.981468654051,1.249669006583));
#1243 = CARTESIAN_POINT('',(0.895624228508,1.228882758093));
#1244 = CARTESIAN_POINT('',(0.844269857767,1.213837277637));
#1245 = CARTESIAN_POINT('',(0.798149047101,1.197743016334));
#1246 = CARTESIAN_POINT('',(0.756690875962,1.180782147657));
#1247 = CARTESIAN_POINT('',(0.719326190969,1.163097005372));
#1248 = CARTESIAN_POINT('',(0.685547095022,1.144801787862));
#1249 = CARTESIAN_POINT('',(0.654908674612,1.125987788492));
#1250 = CARTESIAN_POINT('',(0.600021198235,1.088072400266));
#1251 = CARTESIAN_POINT('',(0.575602392895,1.068998362186));
#1252 = CARTESIAN_POINT('',(0.553425591576,1.049574474907));
#1253 = CARTESIAN_POINT('',(0.533198962535,1.029852925603));
#1254 = CARTESIAN_POINT('',(0.51468078322,1.009875153696));
#1255 = CARTESIAN_POINT('',(0.497669880461,0.989674777341));
#1256 = CARTESIAN_POINT('',(0.481996217546,0.969279477667));
#1257 = CARTESIAN_POINT('',(0.439460466569,0.908863533201));
#1258 = CARTESIAN_POINT('',(0.415884845242,0.868369687671));
#1259 = CARTESIAN_POINT('',(0.395742049257,0.827398735629));
#1260 = CARTESIAN_POINT('',(0.378348265331,0.786054122581));
#1261 = CARTESIAN_POINT('',(0.363212588991,0.744410596492));
#1262 = CARTESIAN_POINT('',(0.349970369988,0.70252287728));
#1263 = CARTESIAN_POINT('',(0.338342755218,0.660433454575));
#1264 = CARTESIAN_POINT('',(0.318521784793,0.578559329904));
#1265 = CARTESIAN_POINT('',(0.310159199381,0.538794999225));
#1266 = CARTESIAN_POINT('',(0.302845944724,0.498910476218));
#1267 = CARTESIAN_POINT('',(0.296450514444,0.45892661656));
#1268 = CARTESIAN_POINT('',(0.290872019441,0.418860135386));
#1269 = CARTESIAN_POINT('',(0.286031481939,0.378724955612));
#1270 = CARTESIAN_POINT('',(0.281867440254,0.338532906107));
#1271 = CARTESIAN_POINT('',(0.271703419433,0.222847205225));
#1272 = CARTESIAN_POINT('',(0.267285115201,0.147236688775));
#1273 = CARTESIAN_POINT('',(0.264762725178,7.153141031783E-02));
#1274 = CARTESIAN_POINT('',(0.263993312549,-4.217806751598E-03));
#1275 = CARTESIAN_POINT('',(0.264931130637,-7.996511680099E-02));
#1276 = CARTESIAN_POINT('',(0.267628755077,-0.155664490263));
#1277 = CARTESIAN_POINT('',(0.272236973453,-0.231264592709));
#1278 = CARTESIAN_POINT('',(0.282077228612,-0.33969665605));
#1279 = CARTESIAN_POINT('',(0.285500317806,-0.37266534783));
#1280 = CARTESIAN_POINT('',(0.289378898183,-0.405595833138));
#1281 = CARTESIAN_POINT('',(0.293746917408,-0.438481552886));
#1282 = CARTESIAN_POINT('',(0.298645834898,-0.471315074353));
#1283 = CARTESIAN_POINT('',(0.304126609983,-0.504087768723));
#1284 = CARTESIAN_POINT('',(0.310252851891,-0.5367893162));
#1285 = CARTESIAN_POINT('',(0.323529143753,-0.599986153562));
#1286 = CARTESIAN_POINT('',(0.330591289956,-0.630491591945));
#1287 = CARTESIAN_POINT('',(0.338358077061,-0.66091288536));
#1288 = CARTESIAN_POINT('',(0.346909251173,-0.691237728303));
#1289 = CARTESIAN_POINT('',(0.35634172884,-0.721451336464));
#1290 = CARTESIAN_POINT('',(0.366774398265,-0.751535718721));
#1291 = CARTESIAN_POINT('',(0.378356361089,-0.781468341373));
#1292 = CARTESIAN_POINT('',(0.403398208045,-0.839111527152));
#1293 = CARTESIAN_POINT('',(0.41669549532,-0.866844047218));
#1294 = CARTESIAN_POINT('',(0.431332499315,-0.894392850971));
#1295 = CARTESIAN_POINT('',(0.447503364555,-0.921728218915));
#1296 = CARTESIAN_POINT('',(0.465446938693,-0.948812953072));
#1297 = CARTESIAN_POINT('',(0.485462637334,-0.97559990468));
#1298 = CARTESIAN_POINT('',(0.507934453985,-1.002027106249));
#1299 = CARTESIAN_POINT('',(0.557206923813,-1.052365966101));
#1300 = CARTESIAN_POINT('',(0.583649190134,-1.076331619149));
#1301 = CARTESIAN_POINT('',(0.613106906683,-1.099834373167));
#1302 = CARTESIAN_POINT('',(0.646084414264,-1.122784818601));
#1303 = CARTESIAN_POINT('',(0.683206542068,-1.14506681662));
#1304 = CARTESIAN_POINT('',(0.725224590624,-1.166530236915));
#1305 = CARTESIAN_POINT('',(0.773074801714,-1.186968145317));
#1306 = CARTESIAN_POINT('',(0.853206312468,-1.21507888357));
#1307 = CARTESIAN_POINT('',(0.880254016811,-1.223765054095));
#1308 = CARTESIAN_POINT('',(0.908865545086,-1.232137702366));
#1309 = CARTESIAN_POINT('',(0.939128135283,-1.240165622516));
#1310 = CARTESIAN_POINT('',(0.971120373381,-1.247814130364));
#1311 = CARTESIAN_POINT('',(1.004902745436,-1.255045245868));
#1312 = CARTESIAN_POINT('',(1.040504625745,-1.26181851105));
#1313 = CARTESIAN_POINT('',(1.114141930356,-1.274170315343));
#1314 = CARTESIAN_POINT('',(1.152066603036,-1.279779588287));
#1315 = CARTESIAN_POINT('',(1.191665258583,-1.28488257897));
#1316 = CARTESIAN_POINT('',(1.232880543057,-1.289440903436));
#1317 = CARTESIAN_POINT('',(1.275601482304,-1.29341673775));
#1318 = CARTESIAN_POINT('',(1.31965271639,-1.296775431529));
#1319 = CARTESIAN_POINT('',(1.364794968389,-1.299488435662));
#1320 = CARTESIAN_POINT('',(1.455261102444,-1.3035186046));
#1321 = CARTESIAN_POINT('',(1.500535201692,-1.304876733745));
#1322 = CARTESIAN_POINT('',(1.54631160651,-1.305591499035));
#1323 = CARTESIAN_POINT('',(1.592295244184,-1.305651662164));
#1324 = CARTESIAN_POINT('',(1.63816830436,-1.305055175642));
#1325 = CARTESIAN_POINT('',(1.68361966897,-1.303809585202));
#1326 = CARTESIAN_POINT('',(1.728372521613,-1.301930995974));
#1327 = CARTESIAN_POINT('',(1.814647059567,-1.297030389313));
#1328 = CARTESIAN_POINT('',(1.856226019606,-1.29404594373));
#1329 = CARTESIAN_POINT('',(1.896720289268,-1.290508830615));
#1330 = CARTESIAN_POINT('',(1.935958072174,-1.286445082503));
#1331 = CARTESIAN_POINT('',(1.973817736348,-1.281884567822));
#1332 = CARTESIAN_POINT('',(2.010225469075,-1.276858945345));
#1333 = CARTESIAN_POINT('',(2.045146329969,-1.271399943791));
#1334 = CARTESIAN_POINT('',(2.143343948152,-1.254181979139));
#1335 = CARTESIAN_POINT('',(2.202512324516,-1.241314749569));
#1336 = CARTESIAN_POINT('',(2.256042993387,-1.227161779861));
#1337 = CARTESIAN_POINT('',(2.304326883777,-1.2119365807));
#1338 = CARTESIAN_POINT('',(2.347913497838,-1.195813312354));
#1339 = CARTESIAN_POINT('',(2.387326166952,-1.178933259369));
#1340 = CARTESIAN_POINT('',(2.423056042255,-1.161410828629));
#1341 = CARTESIAN_POINT('',(2.485984417571,-1.126397032426));
#1342 = CARTESIAN_POINT('',(2.513576605755,-1.108972171268));
#1343 = CARTESIAN_POINT('',(2.538668695335,-1.091141396901));
#1344 = CARTESIAN_POINT('',(2.561574126524,-1.072965046439));
#1345 = CARTESIAN_POINT('',(2.582557822076,-1.054491272895));
#1346 = CARTESIAN_POINT('',(2.601842646755,-1.035759191896));
#1347 = CARTESIAN_POINT('',(2.619618891306,-1.01680109082));
#1348 = CARTESIAN_POINT('',(2.666853485544,-0.961724119375));
#1349 = CARTESIAN_POINT('',(2.692923832098,-0.925104407289));
#1350 = CARTESIAN_POINT('',(2.71532696107,-0.887961991425));
#1351 = CARTESIAN_POINT('',(2.734785749449,-0.850408927249));
#1352 = CARTESIAN_POINT('',(2.751821011937,-0.812524687054));
#1353 = CARTESIAN_POINT('',(2.766826036286,-0.774369442702));
#1354 = CARTESIAN_POINT('',(2.780102672331,-0.735988459094));
#1355 = CARTESIAN_POINT('',(2.812514138032,-0.629919784697));
#1356 = CARTESIAN_POINT('',(2.828574530404,-0.561841303526));
#1357 = CARTESIAN_POINT('',(2.841342387219,-0.493376015435));
#1358 = CARTESIAN_POINT('',(2.851487253845,-0.424627976406));
#1359 = CARTESIAN_POINT('',(2.859468046565,-0.355674740441));
#1360 = CARTESIAN_POINT('',(2.865573787746,-0.286571928634));
#1361 = CARTESIAN_POINT('',(2.869997430439,-0.217366186379));
#1362 = CARTESIAN_POINT('',(2.874978171359,-9.614752191461E-02));
#1363 = CARTESIAN_POINT('',(2.876225447061,-4.416177464566E-02));
#1364 = CARTESIAN_POINT('',(2.876629838513,7.841641956679E-03));
#1365 = CARTESIAN_POINT('',(2.876208634577,5.984696841668E-02));
#1366 = CARTESIAN_POINT('',(2.874956573758,0.111838979247));
#1367 = CARTESIAN_POINT('',(2.872846166114,0.163801896583));
#1368 = CARTESIAN_POINT('',(2.869823732964,0.215718145732));
#1369 = CARTESIAN_POINT('',(2.862784238018,0.306453557787));
#1370 = CARTESIAN_POINT('',(2.859204720019,0.345302219315));
#1371 = CARTESIAN_POINT('',(2.855025325848,0.384104137347));
#1372 = CARTESIAN_POINT('',(2.850197801737,0.422849454623));
#1373 = CARTESIAN_POINT('',(2.844660270092,0.461526763037));
#1374 = CARTESIAN_POINT('',(2.838334031104,0.500122578525));
#1375 = CARTESIAN_POINT('',(2.831117490244,0.538620393541));
#1376 = CARTESIAN_POINT('',(2.81669292453,0.605782808546));
#1377 = CARTESIAN_POINT('',(2.809933761972,0.63449959044));
#1378 = CARTESIAN_POINT('',(2.802540288229,0.663140314074));
#1379 = CARTESIAN_POINT('',(2.794444036427,0.691694410353));
#1380 = CARTESIAN_POINT('',(2.785563317841,0.720149432846));
#1381 = CARTESIAN_POINT('',(2.775798960448,0.748490377715));
#1382 = CARTESIAN_POINT('',(2.765027646408,0.776698579808));
#1383 = CARTESIAN_POINT('',(2.744141749976,0.825788888808));
#1384 = CARTESIAN_POINT('',(2.734536154003,0.84673949657));
#1385 = CARTESIAN_POINT('',(2.724209992241,0.867591949416));
#1386 = CARTESIAN_POINT('',(2.713086313918,0.888334438532));
#1387 = CARTESIAN_POINT('',(2.701075145508,0.908953094847));
#1388 = CARTESIAN_POINT('',(2.688070016254,0.929431347067));
#1389 = CARTESIAN_POINT('',(2.67394314947,0.949748948021));
#1390 = CARTESIAN_POINT('',(2.646986447277,0.984979460254));
#1391 = CARTESIAN_POINT('',(2.63471528714,0.999973689082));
#1392 = CARTESIAN_POINT('',(2.621660280266,1.014852708089));
#1393 = CARTESIAN_POINT('',(2.607747259661,1.029604246275));
#1394 = CARTESIAN_POINT('',(2.5928917121,1.044214099806));
#1395 = CARTESIAN_POINT('',(2.576996984766,1.058665651235));
#1396 = CARTESIAN_POINT('',(2.559952436757,1.072939217481));
#1397 = CARTESIAN_POINT('',(2.514150183474,1.108119240162));
#1398 = CARTESIAN_POINT('',(2.483797047103,1.128773752434));
#1399 = CARTESIAN_POINT('',(2.450145499799,1.148895130468));
#1400 = CARTESIAN_POINT('',(2.412688822073,1.16838422267));
#1401 = CARTESIAN_POINT('',(2.370832083172,1.187114711537));
#1402 = CARTESIAN_POINT('',(2.323889251024,1.204926770277));
#1403 = CARTESIAN_POINT('',(2.271121490133,1.221608981144));
#1404 = CARTESIAN_POINT('',(2.182498568303,1.244556577458));
#1405 = CARTESIAN_POINT('',(2.151379052277,1.251859825584));
#1406 = CARTESIAN_POINT('',(2.118619670964,1.258785375852));
#1407 = CARTESIAN_POINT('',(2.08417495344,1.265298868435));
#1408 = CARTESIAN_POINT('',(2.048023056048,1.271363565232));
#1409 = CARTESIAN_POINT('',(2.010179722112,1.276941231724));
#1410 = CARTESIAN_POINT('',(1.970711682527,1.281993777288));
#1411 = CARTESIAN_POINT('',(1.888773824278,1.290977752486));
#1412 = CARTESIAN_POINT('',(1.846303940892,1.294909180187));
#1413 = CARTESIAN_POINT('',(1.802457144762,1.298244601908));
#1414 = CARTESIAN_POINT('',(1.757412885132,1.30095117908));
#1415 = CARTESIAN_POINT('',(1.711414641464,1.303001032998));
#1416 = CARTESIAN_POINT('',(1.664760197744,1.304374208437));
#1417 = CARTESIAN_POINT('',(1.617778287301,1.305060801051));
#1418 = CARTESIAN_POINT('',(1.570796326795,1.305060801051));
#1419 = ( GEOMETRIC_REPRESENTATION_CONTEXT(2) 
PARAMETRIC_REPRESENTATION_CONTEXT() REPRESENTATION_CONTEXT('2D SPACE',''
  ) );
#1420 = PCURVE('',#1421,#1426);
#1421 = PLANE('',#1422);
#1422 = AXIS2_PLACEMENT_3D('',#1423,#1424,#1425);
#1423 = CARTESIAN_POINT('',(-250.,5.175,-250.));
#1424 = DIRECTION('',(-0.,1.,0.));
#1425 = DIRECTION('',(0.,0.,1.));
#1426 = DEFINITIONAL_REPRESENTATION('',(#1427),#1431);
#1427 = CIRCLE('',#1428,20.262891575488);
#1428 = AXIS2_PLACEMENT_2D('',#1429,#1430);
#1429 = CARTESIAN_POINT('',(153.05,204.35));
#1430 = DIRECTION('',(1.,0.));
#1431 = ( GEOMETRIC_REPRESENTATION_CONTEXT(2) 
PARAMETRIC_REPRESENTATION_CONTEXT() REPRESENTATION_CONTEXT('2D SPACE',''
  ) );
#1432 = ORIENTED_EDGE('',*,*,#1433,.F.);
#1433 = EDGE_CURVE('',#836,#1217,#1434,.T.);
#1434 = SURFACE_CURVE('',#1435,(#1440,#1600),.PCURVE_S1.);
#1435 = CIRCLE('',#1436,20.91835318566);
#1436 = AXIS2_PLACEMENT_3D('',#1437,#1438,#1439);
#1437 = CARTESIAN_POINT('',(-47.5,-0.34,-96.95));
#1438 = DIRECTION('',(1.,0.,-0.));
#1439 = DIRECTION('',(0.,0.,1.));
#1440 = PCURVE('',#45,#1441);
#1441 = DEFINITIONAL_REPRESENTATION('',(#1442),#1599);
#1442 = B_SPLINE_CURVE_WITH_KNOTS('',8,(#1443,#1444,#1445,#1446,#1447,
    #1448,#1449,#1450,#1451,#1452,#1453,#1454,#1455,#1456,#1457,#1458,
    #1459,#1460,#1461,#1462,#1463,#1464,#1465,#1466,#1467,#1468,#1469,
    #1470,#1471,#1472,#1473,#1474,#1475,#1476,#1477,#1478,#1479,#1480,
    #1481,#1482,#1483,#1484,#1485,#1486,#1487,#1488,#1489,#1490,#1491,
    #1492,#1493,#1494,#1495,#1496,#1497,#1498,#1499,#1500,#1501,#1502,
    #1503,#1504,#1505,#1506,#1507,#1508,#1509,#1510,#1511,#1512,#1513,
    #1514,#1515,#1516,#1517,#1518,#1519,#1520,#1521,#1522,#1523,#1524,
    #1525,#1526,#1527,#1528,#1529,#1530,#1531,#1532,#1533,#1534,#1535,
    #1536,#1537,#1538,#1539,#1540,#1541,#1542,#1543,#1544,#1545,#1546,
    #1547,#1548,#1549,#1550,#1551,#1552,#1553,#1554,#1555,#1556,#1557,
    #1558,#1559,#1560,#1561,#1562,#1563,#1564,#1565,#1566,#1567,#1568,
    #1569,#1570,#1571,#1572,#1573,#1574,#1575,#1576,#1577,#1578,#1579,
    #1580,#1581,#1582,#1583,#1584,#1585,#1586,#1587,#1588,#1589,#1590,
    #1591,#1592,#1593,#1594,#1595,#1596,#1597,#1598),.UNSPECIFIED.,.F.,
  .F.,(9,7,7,7,7,7,7,7,7,7,7,7,7,7,7,7,7,7,7,7,7,7,9),(3.716989940556,
    4.037764361384,4.639216400436,5.165486934607,5.625973652007,
    5.827436590869,6.016308096052,6.104841614107,6.147725036915,
    6.189938406241,6.231492191672,6.272396699205,6.312662073808,
    6.352298301933,6.430332126054,6.505927393171,6.652393223211,
    6.789704938873,7.047164405739,7.497718472755,8.173549573279,
    8.511465123542,8.849380673804),.UNSPECIFIED.);
#1443 = CARTESIAN_POINT('',(1.731909286647,-0.989432178087));
#1444 = CARTESIAN_POINT('',(1.722120809882,-0.94985465485));
#1445 = CARTESIAN_POINT('',(1.713970781499,-0.910205176967));
#1446 = CARTESIAN_POINT('',(1.707021477814,-0.870503562363));
#1447 = CARTESIAN_POINT('',(1.701022212538,-0.830761144603));
#1448 = CARTESIAN_POINT('',(1.695790855239,-0.790986211549));
#1449 = CARTESIAN_POINT('',(1.691199260697,-0.751184631342));
#1450 = CARTESIAN_POINT('',(1.687148458446,-0.711360990496));
#1451 = CARTESIAN_POINT('',(1.676839247515,-0.596814860109));
#1452 = CARTESIAN_POINT('',(1.671750425955,-0.522045860108));
#1453 = CARTESIAN_POINT('',(1.667796053281,-0.447235408111));
#1454 = CARTESIAN_POINT('',(1.664746482287,-0.372395225427));
#1455 = CARTESIAN_POINT('',(1.662439767026,-0.297534371012));
#1456 = CARTESIAN_POINT('',(1.660785605889,-0.222659184547));
#1457 = CARTESIAN_POINT('',(1.659726245099,-0.14777522521));
#1458 = CARTESIAN_POINT('',(1.658817079609,-7.360896496518E-03));
#1459 = CARTESIAN_POINT('',(1.658832555263,5.816860892784E-02));
#1460 = CARTESIAN_POINT('',(1.659274063819,0.123697500279));
#1461 = CARTESIAN_POINT('',(1.660147518935,0.18922258019));
#1462 = CARTESIAN_POINT('',(1.661478547188,0.254740428643));
#1463 = CARTESIAN_POINT('',(1.663312826754,0.320247174508));
#1464 = CARTESIAN_POINT('',(1.665725120787,0.385737996864));
#1465 = CARTESIAN_POINT('',(1.671575720771,0.508490233279));
#1466 = CARTESIAN_POINT('',(1.674848210523,0.565757023648));
#1467 = CARTESIAN_POINT('',(1.678749387512,0.623001541947));
#1468 = CARTESIAN_POINT('',(1.683402997369,0.680217581431));
#1469 = CARTESIAN_POINT('',(1.688969745895,0.737397413401));
#1470 = CARTESIAN_POINT('',(1.695712274464,0.794528802972));
#1471 = CARTESIAN_POINT('',(1.703986196909,0.851595488671));
#1472 = CARTESIAN_POINT('',(1.719190789102,0.933485555027));
#1473 = CARTESIAN_POINT('',(1.724259107625,0.958389539304));
#1474 = CARTESIAN_POINT('',(1.729833228881,0.983271498683));
#1475 = CARTESIAN_POINT('',(1.735992764042,1.008127832092));
#1476 = CARTESIAN_POINT('',(1.742840112813,1.032953903738));
#1477 = CARTESIAN_POINT('',(1.750506588009,1.057743771334));
#1478 = CARTESIAN_POINT('',(1.759169364555,1.08248940529));
#1479 = CARTESIAN_POINT('',(1.778394662475,1.13032507351));
#1480 = CARTESIAN_POINT('',(1.788804731143,1.153421912755));
#1481 = CARTESIAN_POINT('',(1.800539098897,1.176459427994));
#1482 = CARTESIAN_POINT('',(1.813886015305,1.199424371202));
#1483 = CARTESIAN_POINT('',(1.829223585294,1.222299512182));
#1484 = CARTESIAN_POINT('',(1.847110233282,1.245058754896));
#1485 = CARTESIAN_POINT('',(1.868330951134,1.267665880115));
#1486 = CARTESIAN_POINT('',(1.906564360627,1.30054210918));
#1487 = CARTESIAN_POINT('',(1.919823533672,1.310985455873));
#1488 = CARTESIAN_POINT('',(1.934291934664,1.321372384051));
#1489 = CARTESIAN_POINT('',(1.950155262346,1.33169388077));
#1490 = CARTESIAN_POINT('',(1.967644269902,1.341938539315));
#1491 = CARTESIAN_POINT('',(1.987050406309,1.352091797668));
#1492 = CARTESIAN_POINT('',(2.008753208262,1.362134290346));
#1493 = CARTESIAN_POINT('',(2.045141037722,1.376835786264));
#1494 = CARTESIAN_POINT('',(2.057674482199,1.381600671036));
#1495 = CARTESIAN_POINT('',(2.070925979678,1.386329946993));
#1496 = CARTESIAN_POINT('',(2.084961333685,1.391020047458));
#1497 = CARTESIAN_POINT('',(2.099855086013,1.395666851753));
#1498 = CARTESIAN_POINT('',(2.115691983272,1.400265534548));
#1499 = CARTESIAN_POINT('',(2.132568443457,1.404810415198));
#1500 = CARTESIAN_POINT('',(2.168337951874,1.413709130357));
#1501 = CARTESIAN_POINT('',(2.187195376794,1.418064830517));
#1502 = CARTESIAN_POINT('',(2.207270737862,1.422355499292));
#1503 = CARTESIAN_POINT('',(2.228680876382,1.426573720759));
#1504 = CARTESIAN_POINT('',(2.251555657392,1.430710878155));
#1505 = CARTESIAN_POINT('',(2.276039074114,1.434756874267));
#1506 = CARTESIAN_POINT('',(2.302287560393,1.438699821416));
#1507 = CARTESIAN_POINT('',(2.358196685679,1.446291912271));
#1508 = CARTESIAN_POINT('',(2.387797556759,1.449944695617));
#1509 = CARTESIAN_POINT('',(2.419418727225,1.453470736304));
#1510 = CARTESIAN_POINT('',(2.453217497435,1.456854867957));
#1511 = CARTESIAN_POINT('',(2.489348999335,1.460079614958));
#1512 = CARTESIAN_POINT('',(2.527949782233,1.463125122936));
#1513 = CARTESIAN_POINT('',(2.569110576827,1.465969533342));
#1514 = CARTESIAN_POINT('',(2.655882653451,1.47116912912));
#1515 = CARTESIAN_POINT('',(2.701414351378,1.473531276135));
#1516 = CARTESIAN_POINT('',(2.749440271962,1.475654318484));
#1517 = CARTESIAN_POINT('',(2.799888492404,1.477515379219));
#1518 = CARTESIAN_POINT('',(2.85258024422,1.479091680906));
#1519 = CARTESIAN_POINT('',(2.907186987286,1.48036244074));
#1520 = CARTESIAN_POINT('',(2.96324212138,1.481311994445));
#1521 = CARTESIAN_POINT('',(3.076279061091,1.48254059347));
#1522 = CARTESIAN_POINT('',(3.133232702081,1.482829883374));
#1523 = CARTESIAN_POINT('',(3.190551025667,1.482790222154));
#1524 = CARTESIAN_POINT('',(3.247649705629,1.482418881449));
#1525 = CARTESIAN_POINT('',(3.303926181019,1.481720576236));
#1526 = CARTESIAN_POINT('',(3.358863842038,1.480707242107));
#1527 = CARTESIAN_POINT('',(3.412069667613,1.479395369975));
#1528 = CARTESIAN_POINT('',(3.513670268372,1.476237675756));
#1529 = CARTESIAN_POINT('',(3.562127295517,1.474400518365));
#1530 = CARTESIAN_POINT('',(3.608379758871,1.472310846473));
#1531 = CARTESIAN_POINT('',(3.652280332417,1.469989396232));
#1532 = CARTESIAN_POINT('',(3.693790016229,1.467457320747));
#1533 = CARTESIAN_POINT('',(3.732946684564,1.464734831352));
#1534 = CARTESIAN_POINT('',(3.769830579809,1.461840512013));
#1535 = CARTESIAN_POINT('',(3.872902401587,1.452788006904));
#1536 = CARTESIAN_POINT('',(3.93286376862,1.446184187964));
#1537 = CARTESIAN_POINT('',(3.985252613555,1.439108613253));
#1538 = CARTESIAN_POINT('',(4.031283062279,1.431663633921));
#1539 = CARTESIAN_POINT('',(4.071966902871,1.423921183678));
#1540 = CARTESIAN_POINT('',(4.108148632624,1.415936713119));
#1541 = CARTESIAN_POINT('',(4.140513193211,1.407751932602));
#1542 = CARTESIAN_POINT('',(4.197816148759,1.391308214366));
#1543 = CARTESIAN_POINT('',(4.222954959221,1.383059597185));
#1544 = CARTESIAN_POINT('',(4.245544212761,1.374683338255));
#1545 = CARTESIAN_POINT('',(4.265979499277,1.366201122039));
#1546 = CARTESIAN_POINT('',(4.284572451228,1.35762931408));
#1547 = CARTESIAN_POINT('',(4.30157319656,1.348980808269));
#1548 = CARTESIAN_POINT('',(4.317186486882,1.340266102741));
#1549 = CARTESIAN_POINT('',(4.359471840462,1.314496888869));
#1550 = CARTESIAN_POINT('',(4.382788929854,1.297283281346));
#1551 = CARTESIAN_POINT('',(4.402763378534,1.279914391313));
#1552 = CARTESIAN_POINT('',(4.420129465187,1.262425078728));
#1553 = CARTESIAN_POINT('',(4.435409272237,1.244840271483));
#1554 = CARTESIAN_POINT('',(4.448977466593,1.227177408511));
#1555 = CARTESIAN_POINT('',(4.461120123077,1.209449849051));
#1556 = CARTESIAN_POINT('',(4.482312825887,1.174997150924));
#1557 = CARTESIAN_POINT('',(4.491508763225,1.158278612153));
#1558 = CARTESIAN_POINT('',(4.499828334301,1.141520627789));
#1559 = CARTESIAN_POINT('',(4.507404812824,1.124729311971));
#1560 = CARTESIAN_POINT('',(4.514341679503,1.107909392706));
#1561 = CARTESIAN_POINT('',(4.520722089903,1.091064661024));
#1562 = CARTESIAN_POINT('',(4.526613441035,1.074198180056));
#1563 = CARTESIAN_POINT('',(4.542306311823,1.02565184209));
#1564 = CARTESIAN_POINT('',(4.551018639035,0.993923679229));
#1565 = CARTESIAN_POINT('',(4.5585779832,0.962144769256));
#1566 = CARTESIAN_POINT('',(4.565211232191,0.930325358582));
#1567 = CARTESIAN_POINT('',(4.571084980906,0.898472989085));
#1568 = CARTESIAN_POINT('',(4.5763209931,0.866593176033));
#1569 = CARTESIAN_POINT('',(4.581014338882,0.834690245488));
#1570 = CARTESIAN_POINT('',(4.592633772813,0.746902992462));
#1571 = CARTESIAN_POINT('',(4.598594480977,0.690978027789));
#1572 = CARTESIAN_POINT('',(4.603521550151,0.63501100288));
#1573 = CARTESIAN_POINT('',(4.607629212107,0.579011940098));
#1574 = CARTESIAN_POINT('',(4.611071278976,0.522988255098));
#1575 = CARTESIAN_POINT('',(4.613950259987,0.466945162877));
#1576 = CARTESIAN_POINT('',(4.616342729597,0.410886849346));
#1577 = CARTESIAN_POINT('',(4.621243507262,0.270711427972));
#1578 = CARTESIAN_POINT('',(4.623211683368,0.186579505256));
#1579 = CARTESIAN_POINT('',(4.62439171901,0.102432298956));
#1580 = CARTESIAN_POINT('',(4.624861633711,1.827737625155E-02));
#1581 = CARTESIAN_POINT('',(4.624653447308,-6.587860462935E-02));
#1582 = CARTESIAN_POINT('',(4.623748313266,-0.150029124619));
#1583 = CARTESIAN_POINT('',(4.622083370557,-0.234166948413));
#1584 = CARTESIAN_POINT('',(4.618210750096,-0.360339005955));
#1585 = CARTESIAN_POINT('',(4.616690682836,-0.402390578831));
#1586 = CARTESIAN_POINT('',(4.614921746619,-0.444435065774));
#1587 = CARTESIAN_POINT('',(4.612878557853,-0.486470966111));
#1588 = CARTESIAN_POINT('',(4.610527911848,-0.528496477225));
#1589 = CARTESIAN_POINT('',(4.607826835947,-0.570509399223));
#1590 = CARTESIAN_POINT('',(4.604717919828,-0.612506920182));
#1591 = CARTESIAN_POINT('',(4.597520148863,-0.696463380505));
#1592 = CARTESIAN_POINT('',(4.593431254545,-0.738422318019));
#1593 = CARTESIAN_POINT('',(4.588770421889,-0.780358082727));
#1594 = CARTESIAN_POINT('',(4.583429393129,-0.822265641036));
#1595 = CARTESIAN_POINT('',(4.577267605941,-0.864138545585));
#1596 = CARTESIAN_POINT('',(4.570080878165,-0.905967496724));
#1597 = CARTESIAN_POINT('',(4.561587561284,-0.947739762252));
#1598 = CARTESIAN_POINT('',(4.551276020533,-0.989432178087));
#1599 = ( GEOMETRIC_REPRESENTATION_CONTEXT(2) 
PARAMETRIC_REPRESENTATION_CONTEXT() REPRESENTATION_CONTEXT('2D SPACE',''
  ) );
#1600 = PCURVE('',#1601,#1606);
#1601 = PLANE('',#1602);
#1602 = AXIS2_PLACEMENT_3D('',#1603,#1604,#1605);
#1603 = CARTESIAN_POINT('',(-47.5,-23.,-114.5));
#1604 = DIRECTION('',(1.,0.,-0.));
#1605 = DIRECTION('',(0.,0.,1.));
#1606 = DEFINITIONAL_REPRESENTATION('',(#1607),#1611);
#1607 = CIRCLE('',#1608,20.91835318566);
#1608 = AXIS2_PLACEMENT_2D('',#1609,#1610);
#1609 = CARTESIAN_POINT('',(17.55,-22.66));
#1610 = DIRECTION('',(1.,0.));
#1611 = ( GEOMETRIC_REPRESENTATION_CONTEXT(2) 
PARAMETRIC_REPRESENTATION_CONTEXT() REPRESENTATION_CONTEXT('2D SPACE',''
  ) );
#1612 = ADVANCED_FACE('',(#1613),#758,.T.);
#1613 = FACE_BOUND('',#1614,.F.);
#1614 = EDGE_LOOP('',(#1615,#1616,#1639,#1666,#1687));
#1615 = ORIENTED_EDGE('',*,*,#743,.F.);
#1616 = ORIENTED_EDGE('',*,*,#1617,.T.);
#1617 = EDGE_CURVE('',#723,#1618,#1620,.T.);
#1618 = VERTEX_POINT('',#1619);
#1619 = CARTESIAN_POINT('',(-39.,24.,-119.));
#1620 = SURFACE_CURVE('',#1621,(#1625,#1632),.PCURVE_S1.);
#1621 = LINE('',#1622,#1623);
#1622 = CARTESIAN_POINT('',(-39.,-29.,-119.));
#1623 = VECTOR('',#1624,1.);
#1624 = DIRECTION('',(-0.,1.,0.));
#1625 = PCURVE('',#758,#1626);
#1626 = DEFINITIONAL_REPRESENTATION('',(#1627),#1631);
#1627 = LINE('',#1628,#1629);
#1628 = CARTESIAN_POINT('',(-1.570796326795,0.));
#1629 = VECTOR('',#1630,1.);
#1630 = DIRECTION('',(-0.,1.));
#1631 = ( GEOMETRIC_REPRESENTATION_CONTEXT(2) 
PARAMETRIC_REPRESENTATION_CONTEXT() REPRESENTATION_CONTEXT('2D SPACE',''
  ) );
#1632 = PCURVE('',#632,#1633);
#1633 = DEFINITIONAL_REPRESENTATION('',(#1634),#1638);
#1634 = LINE('',#1635,#1636);
#1635 = CARTESIAN_POINT('',(15.,0.));
#1636 = VECTOR('',#1637,1.);
#1637 = DIRECTION('',(0.,1.));
#1638 = ( GEOMETRIC_REPRESENTATION_CONTEXT(2) 
PARAMETRIC_REPRESENTATION_CONTEXT() REPRESENTATION_CONTEXT('2D SPACE',''
  ) );
#1639 = ORIENTED_EDGE('',*,*,#1640,.T.);
#1640 = EDGE_CURVE('',#1618,#1641,#1643,.T.);
#1641 = VERTEX_POINT('',#1642);
#1642 = CARTESIAN_POINT('',(-54.,24.,-104.));
#1643 = SURFACE_CURVE('',#1644,(#1649,#1655),.PCURVE_S1.);
#1644 = CIRCLE('',#1645,15.);
#1645 = AXIS2_PLACEMENT_3D('',#1646,#1647,#1648);
#1646 = CARTESIAN_POINT('',(-39.,24.,-104.));
#1647 = DIRECTION('',(2.368475785867E-16,1.,-0.));
#1648 = DIRECTION('',(-1.,2.368475785867E-16,0.));
#1649 = PCURVE('',#758,#1650);
#1650 = DEFINITIONAL_REPRESENTATION('',(#1651),#1654);
#1651 = B_SPLINE_CURVE_WITH_KNOTS('',1,(#1652,#1653),.UNSPECIFIED.,.F.,
  .F.,(2,2),(4.712388980385,6.28318530718),.PIECEWISE_BEZIER_KNOTS.);
#1652 = CARTESIAN_POINT('',(-1.570796326795,53.));
#1653 = CARTESIAN_POINT('',(0.,53.));
#1654 = ( GEOMETRIC_REPRESENTATION_CONTEXT(2) 
PARAMETRIC_REPRESENTATION_CONTEXT() REPRESENTATION_CONTEXT('2D SPACE',''
  ) );
#1655 = PCURVE('',#1656,#1661);
#1656 = SPHERICAL_SURFACE('',#1657,15.);
#1657 = AXIS2_PLACEMENT_3D('',#1658,#1659,#1660);
#1658 = CARTESIAN_POINT('',(-39.,24.,-104.));
#1659 = DIRECTION('',(0.,0.,1.));
#1660 = DIRECTION('',(-1.,2.368475785867E-16,0.));
#1661 = DEFINITIONAL_REPRESENTATION('',(#1662),#1665);
#1662 = B_SPLINE_CURVE_WITH_KNOTS('',1,(#1663,#1664),.UNSPECIFIED.,.F.,
  .F.,(2,2),(4.712388980385,6.28318530718),.PIECEWISE_BEZIER_KNOTS.);
#1663 = CARTESIAN_POINT('',(0.,-1.570796326795));
#1664 = CARTESIAN_POINT('',(0.,0.));
#1665 = ( GEOMETRIC_REPRESENTATION_CONTEXT(2) 
PARAMETRIC_REPRESENTATION_CONTEXT() REPRESENTATION_CONTEXT('2D SPACE',''
  ) );
#1666 = ORIENTED_EDGE('',*,*,#1667,.F.);
#1667 = EDGE_CURVE('',#861,#1641,#1668,.T.);
#1668 = SURFACE_CURVE('',#1669,(#1673,#1680),.PCURVE_S1.);
#1669 = LINE('',#1670,#1671);
#1670 = CARTESIAN_POINT('',(-54.,-29.,-104.));
#1671 = VECTOR('',#1672,1.);
#1672 = DIRECTION('',(-0.,1.,0.));
#1673 = PCURVE('',#758,#1674);
#1674 = DEFINITIONAL_REPRESENTATION('',(#1675),#1679);
#1675 = LINE('',#1676,#1677);
#1676 = CARTESIAN_POINT('',(-0.,0.));
#1677 = VECTOR('',#1678,1.);
#1678 = DIRECTION('',(-0.,1.));
#1679 = ( GEOMETRIC_REPRESENTATION_CONTEXT(2) 
PARAMETRIC_REPRESENTATION_CONTEXT() REPRESENTATION_CONTEXT('2D SPACE',''
  ) );
#1680 = PCURVE('',#1204,#1681);
#1681 = DEFINITIONAL_REPRESENTATION('',(#1682),#1686);
#1682 = LINE('',#1683,#1684);
#1683 = CARTESIAN_POINT('',(15.,0.));
#1684 = VECTOR('',#1685,1.);
#1685 = DIRECTION('',(0.,-1.));
#1686 = ( GEOMETRIC_REPRESENTATION_CONTEXT(2) 
PARAMETRIC_REPRESENTATION_CONTEXT() REPRESENTATION_CONTEXT('2D SPACE',''
  ) );
#1687 = ORIENTED_EDGE('',*,*,#860,.T.);
#1688 = ADVANCED_FACE('',(#1689),#632,.F.);
#1689 = FACE_BOUND('',#1690,.F.);
#1690 = EDGE_LOOP('',(#1691,#1692,#1693,#1714,#1740,#1759,#1760,#1781,
    #1807,#1826,#1827,#1850));
#1691 = ORIENTED_EDGE('',*,*,#1617,.F.);
#1692 = ORIENTED_EDGE('',*,*,#722,.T.);
#1693 = ORIENTED_EDGE('',*,*,#1694,.T.);
#1694 = EDGE_CURVE('',#694,#1695,#1697,.T.);
#1695 = VERTEX_POINT('',#1696);
#1696 = CARTESIAN_POINT('',(-33.1961524227,12.,-119.));
#1697 = SURFACE_CURVE('',#1698,(#1702,#1708),.PCURVE_S1.);
#1698 = LINE('',#1699,#1700);
#1699 = CARTESIAN_POINT('',(-33.1961524227,-2.,-119.));
#1700 = VECTOR('',#1701,1.);
#1701 = DIRECTION('',(0.,1.,0.));
#1702 = PCURVE('',#632,#1703);
#1703 = DEFINITIONAL_REPRESENTATION('',(#1704),#1707);
#1704 = B_SPLINE_CURVE_WITH_KNOTS('',1,(#1705,#1706),.UNSPECIFIED.,.F.,
  .F.,(2,2),(-5.999999999062E-07,14.0000006),.PIECEWISE_BEZIER_KNOTS.);
#1705 = CARTESIAN_POINT('',(20.803847577293,26.9999994));
#1706 = CARTESIAN_POINT('',(20.803847577293,41.0000006));
#1707 = ( GEOMETRIC_REPRESENTATION_CONTEXT(2) 
PARAMETRIC_REPRESENTATION_CONTEXT() REPRESENTATION_CONTEXT('2D SPACE',''
  ) );
#1708 = PCURVE('',#710,#1709);
#1709 = DEFINITIONAL_REPRESENTATION('',(#1710),#1713);
#1710 = B_SPLINE_CURVE_WITH_KNOTS('',1,(#1711,#1712),.UNSPECIFIED.,.F.,
  .F.,(2,2),(-5.999999999062E-07,14.0000006),.PIECEWISE_BEZIER_KNOTS.);
#1711 = CARTESIAN_POINT('',(2.617993877991,-5.999999999062E-07));
#1712 = CARTESIAN_POINT('',(2.617993877991,14.0000006));
#1713 = ( GEOMETRIC_REPRESENTATION_CONTEXT(2) 
PARAMETRIC_REPRESENTATION_CONTEXT() REPRESENTATION_CONTEXT('2D SPACE',''
  ) );
#1714 = ORIENTED_EDGE('',*,*,#1715,.F.);
#1715 = EDGE_CURVE('',#1716,#1695,#1718,.T.);
#1716 = VERTEX_POINT('',#1717);
#1717 = CARTESIAN_POINT('',(-22.80384757729,12.,-119.));
#1718 = SURFACE_CURVE('',#1719,(#1723,#1729),.PCURVE_S1.);
#1719 = LINE('',#1720,#1721);
#1720 = CARTESIAN_POINT('',(-41.,12.,-119.));
#1721 = VECTOR('',#1722,1.);
#1722 = DIRECTION('',(-1.,0.,0.));
#1723 = PCURVE('',#632,#1724);
#1724 = DEFINITIONAL_REPRESENTATION('',(#1725),#1728);
#1725 = B_SPLINE_CURVE_WITH_KNOTS('',1,(#1726,#1727),.UNSPECIFIED.,.F.,
  .F.,(2,2),(-19.,-7.),.PIECEWISE_BEZIER_KNOTS.);
#1726 = CARTESIAN_POINT('',(32.,41.));
#1727 = CARTESIAN_POINT('',(20.,41.));
#1728 = ( GEOMETRIC_REPRESENTATION_CONTEXT(2) 
PARAMETRIC_REPRESENTATION_CONTEXT() REPRESENTATION_CONTEXT('2D SPACE',''
  ) );
#1729 = PCURVE('',#1730,#1735);
#1730 = PLANE('',#1731);
#1731 = AXIS2_PLACEMENT_3D('',#1732,#1733,#1734);
#1732 = CARTESIAN_POINT('',(-28.,12.,-116.));
#1733 = DIRECTION('',(0.,1.,0.));
#1734 = DIRECTION('',(1.,0.,0.));
#1735 = DEFINITIONAL_REPRESENTATION('',(#1736),#1739);
#1736 = B_SPLINE_CURVE_WITH_KNOTS('',1,(#1737,#1738),.UNSPECIFIED.,.F.,
  .F.,(2,2),(-19.,-7.),.PIECEWISE_BEZIER_KNOTS.);
#1737 = CARTESIAN_POINT('',(6.,3.));
#1738 = CARTESIAN_POINT('',(-6.,3.));
#1739 = ( GEOMETRIC_REPRESENTATION_CONTEXT(2) 
PARAMETRIC_REPRESENTATION_CONTEXT() REPRESENTATION_CONTEXT('2D SPACE',''
  ) );
#1740 = ORIENTED_EDGE('',*,*,#1741,.F.);
#1741 = EDGE_CURVE('',#673,#1716,#1742,.T.);
#1742 = SURFACE_CURVE('',#1743,(#1747,#1753),.PCURVE_S1.);
#1743 = LINE('',#1744,#1745);
#1744 = CARTESIAN_POINT('',(-22.80384757729,-2.,-119.));
#1745 = VECTOR('',#1746,1.);
#1746 = DIRECTION('',(0.,1.,0.));
#1747 = PCURVE('',#632,#1748);
#1748 = DEFINITIONAL_REPRESENTATION('',(#1749),#1752);
#1749 = B_SPLINE_CURVE_WITH_KNOTS('',1,(#1750,#1751),.UNSPECIFIED.,.F.,
  .F.,(2,2),(-5.999999999062E-07,14.0000006),.PIECEWISE_BEZIER_KNOTS.);
#1750 = CARTESIAN_POINT('',(31.196152422707,26.9999994));
#1751 = CARTESIAN_POINT('',(31.196152422707,41.0000006));
#1752 = ( GEOMETRIC_REPRESENTATION_CONTEXT(2) 
PARAMETRIC_REPRESENTATION_CONTEXT() REPRESENTATION_CONTEXT('2D SPACE',''
  ) );
#1753 = PCURVE('',#710,#1754);
#1754 = DEFINITIONAL_REPRESENTATION('',(#1755),#1758);
#1755 = B_SPLINE_CURVE_WITH_KNOTS('',1,(#1756,#1757),.UNSPECIFIED.,.F.,
  .F.,(2,2),(-5.999999999062E-07,14.0000006),.PIECEWISE_BEZIER_KNOTS.);
#1756 = CARTESIAN_POINT('',(0.523598775598,-5.999999999062E-07));
#1757 = CARTESIAN_POINT('',(0.523598775598,14.0000006));
#1758 = ( GEOMETRIC_REPRESENTATION_CONTEXT(2) 
PARAMETRIC_REPRESENTATION_CONTEXT() REPRESENTATION_CONTEXT('2D SPACE',''
  ) );
#1759 = ORIENTED_EDGE('',*,*,#672,.T.);
#1760 = ORIENTED_EDGE('',*,*,#1761,.T.);
#1761 = EDGE_CURVE('',#644,#1762,#1764,.T.);
#1762 = VERTEX_POINT('',#1763);
#1763 = CARTESIAN_POINT('',(22.803847577293,12.,-119.));
#1764 = SURFACE_CURVE('',#1765,(#1769,#1775),.PCURVE_S1.);
#1765 = LINE('',#1766,#1767);
#1766 = CARTESIAN_POINT('',(22.803847577293,-2.,-119.));
#1767 = VECTOR('',#1768,1.);
#1768 = DIRECTION('',(0.,1.,0.));
#1769 = PCURVE('',#632,#1770);
#1770 = DEFINITIONAL_REPRESENTATION('',(#1771),#1774);
#1771 = B_SPLINE_CURVE_WITH_KNOTS('',1,(#1772,#1773),.UNSPECIFIED.,.F.,
  .F.,(2,2),(-5.999999999062E-07,14.0000006),.PIECEWISE_BEZIER_KNOTS.);
#1772 = CARTESIAN_POINT('',(76.803847577293,26.9999994));
#1773 = CARTESIAN_POINT('',(76.803847577293,41.0000006));
#1774 = ( GEOMETRIC_REPRESENTATION_CONTEXT(2) 
PARAMETRIC_REPRESENTATION_CONTEXT() REPRESENTATION_CONTEXT('2D SPACE',''
  ) );
#1775 = PCURVE('',#660,#1776);
#1776 = DEFINITIONAL_REPRESENTATION('',(#1777),#1780);
#1777 = B_SPLINE_CURVE_WITH_KNOTS('',1,(#1778,#1779),.UNSPECIFIED.,.F.,
  .F.,(2,2),(-5.999999999062E-07,14.0000006),.PIECEWISE_BEZIER_KNOTS.);
#1778 = CARTESIAN_POINT('',(2.617993877991,-5.999999999062E-07));
#1779 = CARTESIAN_POINT('',(2.617993877991,14.0000006));
#1780 = ( GEOMETRIC_REPRESENTATION_CONTEXT(2) 
PARAMETRIC_REPRESENTATION_CONTEXT() REPRESENTATION_CONTEXT('2D SPACE',''
  ) );
#1781 = ORIENTED_EDGE('',*,*,#1782,.F.);
#1782 = EDGE_CURVE('',#1783,#1762,#1785,.T.);
#1783 = VERTEX_POINT('',#1784);
#1784 = CARTESIAN_POINT('',(33.196152422707,12.,-119.));
#1785 = SURFACE_CURVE('',#1786,(#1790,#1796),.PCURVE_S1.);
#1786 = LINE('',#1787,#1788);
#1787 = CARTESIAN_POINT('',(-13.,12.,-119.));
#1788 = VECTOR('',#1789,1.);
#1789 = DIRECTION('',(-1.,0.,0.));
#1790 = PCURVE('',#632,#1791);
#1791 = DEFINITIONAL_REPRESENTATION('',(#1792),#1795);
#1792 = B_SPLINE_CURVE_WITH_KNOTS('',1,(#1793,#1794),.UNSPECIFIED.,.F.,
  .F.,(2,2),(-47.,-35.),.PIECEWISE_BEZIER_KNOTS.);
#1793 = CARTESIAN_POINT('',(88.,41.));
#1794 = CARTESIAN_POINT('',(76.,41.));
#1795 = ( GEOMETRIC_REPRESENTATION_CONTEXT(2) 
PARAMETRIC_REPRESENTATION_CONTEXT() REPRESENTATION_CONTEXT('2D SPACE',''
  ) );
#1796 = PCURVE('',#1797,#1802);
#1797 = PLANE('',#1798);
#1798 = AXIS2_PLACEMENT_3D('',#1799,#1800,#1801);
#1799 = CARTESIAN_POINT('',(28.,12.,-116.));
#1800 = DIRECTION('',(0.,1.,0.));
#1801 = DIRECTION('',(1.,0.,0.));
#1802 = DEFINITIONAL_REPRESENTATION('',(#1803),#1806);
#1803 = B_SPLINE_CURVE_WITH_KNOTS('',1,(#1804,#1805),.UNSPECIFIED.,.F.,
  .F.,(2,2),(-47.,-35.),.PIECEWISE_BEZIER_KNOTS.);
#1804 = CARTESIAN_POINT('',(6.,3.));
#1805 = CARTESIAN_POINT('',(-6.,3.));
#1806 = ( GEOMETRIC_REPRESENTATION_CONTEXT(2) 
PARAMETRIC_REPRESENTATION_CONTEXT() REPRESENTATION_CONTEXT('2D SPACE',''
  ) );
#1807 = ORIENTED_EDGE('',*,*,#1808,.F.);
#1808 = EDGE_CURVE('',#618,#1783,#1809,.T.);
#1809 = SURFACE_CURVE('',#1810,(#1814,#1820),.PCURVE_S1.);
#1810 = LINE('',#1811,#1812);
#1811 = CARTESIAN_POINT('',(33.196152422707,-2.,-119.));
#1812 = VECTOR('',#1813,1.);
#1813 = DIRECTION('',(0.,1.,0.));
#1814 = PCURVE('',#632,#1815);
#1815 = DEFINITIONAL_REPRESENTATION('',(#1816),#1819);
#1816 = B_SPLINE_CURVE_WITH_KNOTS('',1,(#1817,#1818),.UNSPECIFIED.,.F.,
  .F.,(2,2),(-5.999999999062E-07,14.0000006),.PIECEWISE_BEZIER_KNOTS.);
#1817 = CARTESIAN_POINT('',(87.196152422707,26.9999994));
#1818 = CARTESIAN_POINT('',(87.196152422707,41.0000006));
#1819 = ( GEOMETRIC_REPRESENTATION_CONTEXT(2) 
PARAMETRIC_REPRESENTATION_CONTEXT() REPRESENTATION_CONTEXT('2D SPACE',''
  ) );
#1820 = PCURVE('',#660,#1821);
#1821 = DEFINITIONAL_REPRESENTATION('',(#1822),#1825);
#1822 = B_SPLINE_CURVE_WITH_KNOTS('',1,(#1823,#1824),.UNSPECIFIED.,.F.,
  .F.,(2,2),(-5.999999999062E-07,14.0000006),.PIECEWISE_BEZIER_KNOTS.);
#1823 = CARTESIAN_POINT('',(0.523598775598,-5.999999999062E-07));
#1824 = CARTESIAN_POINT('',(0.523598775598,14.0000006));
#1825 = ( GEOMETRIC_REPRESENTATION_CONTEXT(2) 
PARAMETRIC_REPRESENTATION_CONTEXT() REPRESENTATION_CONTEXT('2D SPACE',''
  ) );
#1826 = ORIENTED_EDGE('',*,*,#617,.T.);
#1827 = ORIENTED_EDGE('',*,*,#1828,.T.);
#1828 = EDGE_CURVE('',#589,#1829,#1831,.T.);
#1829 = VERTEX_POINT('',#1830);
#1830 = CARTESIAN_POINT('',(39.,24.,-119.));
#1831 = SURFACE_CURVE('',#1832,(#1836,#1843),.PCURVE_S1.);
#1832 = LINE('',#1833,#1834);
#1833 = CARTESIAN_POINT('',(39.,-29.,-119.));
#1834 = VECTOR('',#1835,1.);
#1835 = DIRECTION('',(-0.,1.,0.));
#1836 = PCURVE('',#632,#1837);
#1837 = DEFINITIONAL_REPRESENTATION('',(#1838),#1842);
#1838 = LINE('',#1839,#1840);
#1839 = CARTESIAN_POINT('',(93.,0.));
#1840 = VECTOR('',#1841,1.);
#1841 = DIRECTION('',(0.,1.));
#1842 = ( GEOMETRIC_REPRESENTATION_CONTEXT(2) 
PARAMETRIC_REPRESENTATION_CONTEXT() REPRESENTATION_CONTEXT('2D SPACE',''
  ) );
#1843 = PCURVE('',#605,#1844);
#1844 = DEFINITIONAL_REPRESENTATION('',(#1845),#1849);
#1845 = LINE('',#1846,#1847);
#1846 = CARTESIAN_POINT('',(1.570796326795,0.));
#1847 = VECTOR('',#1848,1.);
#1848 = DIRECTION('',(0.,1.));
#1849 = ( GEOMETRIC_REPRESENTATION_CONTEXT(2) 
PARAMETRIC_REPRESENTATION_CONTEXT() REPRESENTATION_CONTEXT('2D SPACE',''
  ) );
#1850 = ORIENTED_EDGE('',*,*,#1851,.F.);
#1851 = EDGE_CURVE('',#1618,#1829,#1852,.T.);
#1852 = SURFACE_CURVE('',#1853,(#1857,#1864),.PCURVE_S1.);
#1853 = LINE('',#1854,#1855);
#1854 = CARTESIAN_POINT('',(-54.,24.,-119.));
#1855 = VECTOR('',#1856,1.);
#1856 = DIRECTION('',(1.,0.,-0.));
#1857 = PCURVE('',#632,#1858);
#1858 = DEFINITIONAL_REPRESENTATION('',(#1859),#1863);
#1859 = LINE('',#1860,#1861);
#1860 = CARTESIAN_POINT('',(0.,53.));
#1861 = VECTOR('',#1862,1.);
#1862 = DIRECTION('',(1.,0.));
#1863 = ( GEOMETRIC_REPRESENTATION_CONTEXT(2) 
PARAMETRIC_REPRESENTATION_CONTEXT() REPRESENTATION_CONTEXT('2D SPACE',''
  ) );
#1864 = PCURVE('',#1865,#1870);
#1865 = CYLINDRICAL_SURFACE('',#1866,15.);
#1866 = AXIS2_PLACEMENT_3D('',#1867,#1868,#1869);
#1867 = CARTESIAN_POINT('',(-54.,24.,-104.));
#1868 = DIRECTION('',(1.,0.,-0.));
#1869 = DIRECTION('',(0.,1.,0.));
#1870 = DEFINITIONAL_REPRESENTATION('',(#1871),#1875);
#1871 = LINE('',#1872,#1873);
#1872 = CARTESIAN_POINT('',(-1.570796326795,0.));
#1873 = VECTOR('',#1874,1.);
#1874 = DIRECTION('',(-0.,1.));
#1875 = ( GEOMETRIC_REPRESENTATION_CONTEXT(2) 
PARAMETRIC_REPRESENTATION_CONTEXT() REPRESENTATION_CONTEXT('2D SPACE',''
  ) );
#1876 = ADVANCED_FACE('',(#1877),#710,.T.);
#1877 = FACE_BOUND('',#1878,.T.);
#1878 = EDGE_LOOP('',(#1879,#1901,#1902,#1903));
#1879 = ORIENTED_EDGE('',*,*,#1880,.F.);
#1880 = EDGE_CURVE('',#1716,#1695,#1881,.T.);
#1881 = SURFACE_CURVE('',#1882,(#1887,#1894),.PCURVE_S1.);
#1882 = CIRCLE('',#1883,6.);
#1883 = AXIS2_PLACEMENT_3D('',#1884,#1885,#1886);
#1884 = CARTESIAN_POINT('',(-28.,12.,-116.));
#1885 = DIRECTION('',(-0.,1.,0.));
#1886 = DIRECTION('',(1.,0.,0.));
#1887 = PCURVE('',#710,#1888);
#1888 = DEFINITIONAL_REPRESENTATION('',(#1889),#1893);
#1889 = LINE('',#1890,#1891);
#1890 = CARTESIAN_POINT('',(0.,14.));
#1891 = VECTOR('',#1892,1.);
#1892 = DIRECTION('',(1.,0.));
#1893 = ( GEOMETRIC_REPRESENTATION_CONTEXT(2) 
PARAMETRIC_REPRESENTATION_CONTEXT() REPRESENTATION_CONTEXT('2D SPACE',''
  ) );
#1894 = PCURVE('',#1730,#1895);
#1895 = DEFINITIONAL_REPRESENTATION('',(#1896),#1900);
#1896 = CIRCLE('',#1897,6.);
#1897 = AXIS2_PLACEMENT_2D('',#1898,#1899);
#1898 = CARTESIAN_POINT('',(0.,0.));
#1899 = DIRECTION('',(1.,0.));
#1900 = ( GEOMETRIC_REPRESENTATION_CONTEXT(2) 
PARAMETRIC_REPRESENTATION_CONTEXT() REPRESENTATION_CONTEXT('2D SPACE',''
  ) );
#1901 = ORIENTED_EDGE('',*,*,#1741,.F.);
#1902 = ORIENTED_EDGE('',*,*,#693,.T.);
#1903 = ORIENTED_EDGE('',*,*,#1694,.T.);
#1904 = ADVANCED_FACE('',(#1905),#660,.T.);
#1905 = FACE_BOUND('',#1906,.T.);
#1906 = EDGE_LOOP('',(#1907,#1929,#1930,#1931));
#1907 = ORIENTED_EDGE('',*,*,#1908,.F.);
#1908 = EDGE_CURVE('',#1783,#1762,#1909,.T.);
#1909 = SURFACE_CURVE('',#1910,(#1915,#1922),.PCURVE_S1.);
#1910 = CIRCLE('',#1911,6.);
#1911 = AXIS2_PLACEMENT_3D('',#1912,#1913,#1914);
#1912 = CARTESIAN_POINT('',(28.,12.,-116.));
#1913 = DIRECTION('',(-0.,1.,0.));
#1914 = DIRECTION('',(1.,0.,0.));
#1915 = PCURVE('',#660,#1916);
#1916 = DEFINITIONAL_REPRESENTATION('',(#1917),#1921);
#1917 = LINE('',#1918,#1919);
#1918 = CARTESIAN_POINT('',(0.,14.));
#1919 = VECTOR('',#1920,1.);
#1920 = DIRECTION('',(1.,0.));
#1921 = ( GEOMETRIC_REPRESENTATION_CONTEXT(2) 
PARAMETRIC_REPRESENTATION_CONTEXT() REPRESENTATION_CONTEXT('2D SPACE',''
  ) );
#1922 = PCURVE('',#1797,#1923);
#1923 = DEFINITIONAL_REPRESENTATION('',(#1924),#1928);
#1924 = CIRCLE('',#1925,6.);
#1925 = AXIS2_PLACEMENT_2D('',#1926,#1927);
#1926 = CARTESIAN_POINT('',(0.,0.));
#1927 = DIRECTION('',(1.,0.));
#1928 = ( GEOMETRIC_REPRESENTATION_CONTEXT(2) 
PARAMETRIC_REPRESENTATION_CONTEXT() REPRESENTATION_CONTEXT('2D SPACE',''
  ) );
#1929 = ORIENTED_EDGE('',*,*,#1808,.F.);
#1930 = ORIENTED_EDGE('',*,*,#643,.T.);
#1931 = ORIENTED_EDGE('',*,*,#1761,.T.);
#1932 = ADVANCED_FACE('',(#1933),#605,.T.);
#1933 = FACE_BOUND('',#1934,.T.);
#1934 = EDGE_LOOP('',(#1935,#1936,#1937,#1964,#1992));
#1935 = ORIENTED_EDGE('',*,*,#588,.T.);
#1936 = ORIENTED_EDGE('',*,*,#1828,.T.);
#1937 = ORIENTED_EDGE('',*,*,#1938,.T.);
#1938 = EDGE_CURVE('',#1829,#1939,#1941,.T.);
#1939 = VERTEX_POINT('',#1940);
#1940 = CARTESIAN_POINT('',(54.,24.,-104.));
#1941 = SURFACE_CURVE('',#1942,(#1947,#1953),.PCURVE_S1.);
#1942 = CIRCLE('',#1943,15.);
#1943 = AXIS2_PLACEMENT_3D('',#1944,#1945,#1946);
#1944 = CARTESIAN_POINT('',(39.,24.,-104.));
#1945 = DIRECTION('',(2.368475785867E-16,-1.,0.));
#1946 = DIRECTION('',(1.,2.368475785867E-16,0.));
#1947 = PCURVE('',#605,#1948);
#1948 = DEFINITIONAL_REPRESENTATION('',(#1949),#1952);
#1949 = B_SPLINE_CURVE_WITH_KNOTS('',1,(#1950,#1951),.UNSPECIFIED.,.F.,
  .F.,(2,2),(4.712388980385,6.28318530718),.PIECEWISE_BEZIER_KNOTS.);
#1950 = CARTESIAN_POINT('',(1.570796326795,53.));
#1951 = CARTESIAN_POINT('',(0.,53.));
#1952 = ( GEOMETRIC_REPRESENTATION_CONTEXT(2) 
PARAMETRIC_REPRESENTATION_CONTEXT() REPRESENTATION_CONTEXT('2D SPACE',''
  ) );
#1953 = PCURVE('',#1954,#1959);
#1954 = SPHERICAL_SURFACE('',#1955,15.);
#1955 = AXIS2_PLACEMENT_3D('',#1956,#1957,#1958);
#1956 = CARTESIAN_POINT('',(39.,24.,-104.));
#1957 = DIRECTION('',(0.,0.,1.));
#1958 = DIRECTION('',(1.,2.368475785867E-16,-0.));
#1959 = DEFINITIONAL_REPRESENTATION('',(#1960),#1963);
#1960 = B_SPLINE_CURVE_WITH_KNOTS('',1,(#1961,#1962),.UNSPECIFIED.,.F.,
  .F.,(2,2),(4.712388980385,6.28318530718),.PIECEWISE_BEZIER_KNOTS.);
#1961 = CARTESIAN_POINT('',(0.,-1.570796326795));
#1962 = CARTESIAN_POINT('',(0.,0.));
#1963 = ( GEOMETRIC_REPRESENTATION_CONTEXT(2) 
PARAMETRIC_REPRESENTATION_CONTEXT() REPRESENTATION_CONTEXT('2D SPACE',''
  ) );
#1964 = ORIENTED_EDGE('',*,*,#1965,.F.);
#1965 = EDGE_CURVE('',#1966,#1939,#1968,.T.);
#1966 = VERTEX_POINT('',#1967);
#1967 = CARTESIAN_POINT('',(54.,17.592512372783,-104.));
#1968 = SURFACE_CURVE('',#1969,(#1973,#1980),.PCURVE_S1.);
#1969 = LINE('',#1970,#1971);
#1970 = CARTESIAN_POINT('',(54.,-29.,-104.));
#1971 = VECTOR('',#1972,1.);
#1972 = DIRECTION('',(-0.,1.,0.));
#1973 = PCURVE('',#605,#1974);
#1974 = DEFINITIONAL_REPRESENTATION('',(#1975),#1979);
#1975 = LINE('',#1976,#1977);
#1976 = CARTESIAN_POINT('',(0.,0.));
#1977 = VECTOR('',#1978,1.);
#1978 = DIRECTION('',(0.,1.));
#1979 = ( GEOMETRIC_REPRESENTATION_CONTEXT(2) 
PARAMETRIC_REPRESENTATION_CONTEXT() REPRESENTATION_CONTEXT('2D SPACE',''
  ) );
#1980 = PCURVE('',#1981,#1986);
#1981 = PLANE('',#1982);
#1982 = AXIS2_PLACEMENT_3D('',#1983,#1984,#1985);
#1983 = CARTESIAN_POINT('',(54.,-29.,-119.));
#1984 = DIRECTION('',(1.,0.,-0.));
#1985 = DIRECTION('',(0.,0.,1.));
#1986 = DEFINITIONAL_REPRESENTATION('',(#1987),#1991);
#1987 = LINE('',#1988,#1989);
#1988 = CARTESIAN_POINT('',(15.,0.));
#1989 = VECTOR('',#1990,1.);
#1990 = DIRECTION('',(0.,-1.));
#1991 = ( GEOMETRIC_REPRESENTATION_CONTEXT(2) 
PARAMETRIC_REPRESENTATION_CONTEXT() REPRESENTATION_CONTEXT('2D SPACE',''
  ) );
#1992 = ORIENTED_EDGE('',*,*,#1993,.T.);
#1993 = EDGE_CURVE('',#1966,#372,#1994,.T.);
#1994 = SURFACE_CURVE('',#1995,(#2159,#2326),.PCURVE_S1.);
#1995 = B_SPLINE_CURVE_WITH_KNOTS('',8,(#1996,#1997,#1998,#1999,#2000,
    #2001,#2002,#2003,#2004,#2005,#2006,#2007,#2008,#2009,#2010,#2011,
    #2012,#2013,#2014,#2015,#2016,#2017,#2018,#2019,#2020,#2021,#2022,
    #2023,#2024,#2025,#2026,#2027,#2028,#2029,#2030,#2031,#2032,#2033,
    #2034,#2035,#2036,#2037,#2038,#2039,#2040,#2041,#2042,#2043,#2044,
    #2045,#2046,#2047,#2048,#2049,#2050,#2051,#2052,#2053,#2054,#2055,
    #2056,#2057,#2058,#2059,#2060,#2061,#2062,#2063,#2064,#2065,#2066,
    #2067,#2068,#2069,#2070,#2071,#2072,#2073,#2074,#2075,#2076,#2077,
    #2078,#2079,#2080,#2081,#2082,#2083,#2084,#2085,#2086,#2087,#2088,
    #2089,#2090,#2091,#2092,#2093,#2094,#2095,#2096,#2097,#2098,#2099,
    #2100,#2101,#2102,#2103,#2104,#2105,#2106,#2107,#2108,#2109,#2110,
    #2111,#2112,#2113,#2114,#2115,#2116,#2117,#2118,#2119,#2120,#2121,
    #2122,#2123,#2124,#2125,#2126,#2127,#2128,#2129,#2130,#2131,#2132,
    #2133,#2134,#2135,#2136,#2137,#2138,#2139,#2140,#2141,#2142,#2143,
    #2144,#2145,#2146,#2147,#2148,#2149,#2150,#2151,#2152,#2153,#2154,
    #2155,#2156,#2157,#2158),.UNSPECIFIED.,.F.,.F.,(9,7,7,7,7,7,7,7,7,7,
    7,7,7,7,7,7,7,7,7,7,7,7,7,9),(0.,4.633198065621E-02,
    9.478322104799E-02,0.145960837743,0.200447045488,0.259189591161,
    0.324047259073,0.399794953091,0.445979615318,0.510454431834,
    0.534239703851,0.550045940871,0.562538094246,0.591131209633,
    0.625417844973,0.63994048207,0.689643333528,0.722291863393,
    0.77285354494,0.850339235847,0.891379473469,0.929577438676,
    0.965643174816,1.),.UNSPECIFIED.);
#1996 = CARTESIAN_POINT('',(54.,17.592512372783,-104.));
#1997 = CARTESIAN_POINT('',(54.,17.482980860121,-104.2786064122));
#1998 = CARTESIAN_POINT('',(53.994085961992,17.371187205288,
    -104.5554435575));
#1999 = CARTESIAN_POINT('',(53.982389387622,17.257187022732,
    -104.8303533599));
#2000 = CARTESIAN_POINT('',(53.965046243725,17.141034412287,
    -105.1031874015));
#2001 = CARTESIAN_POINT('',(53.942196222148,17.022781802702,
    -105.3738067382));
#2002 = CARTESIAN_POINT('',(53.91398199958,16.902479795155,
    -105.6420817148));
#2003 = CARTESIAN_POINT('',(53.880548497368,16.780177006785,
    -105.9078917798));
#2004 = CARTESIAN_POINT('',(53.801774475572,16.525979208523,
    -106.4463993226));
#2005 = CARTESIAN_POINT('',(53.755959374756,16.393901649716,
    -106.718855024));
#2006 = CARTESIAN_POINT('',(53.704764384443,16.259740232374,
    -106.9883650682));
#2007 = CARTESIAN_POINT('',(53.648358990058,16.123545861085,
    -107.2548117509));
#2008 = CARTESIAN_POINT('',(53.586914081256,15.985367209291,
    -107.5180867369));
#2009 = CARTESIAN_POINT('',(53.520601416263,15.845250578151,
    -107.7780907975));
#2010 = CARTESIAN_POINT('',(53.449593086216,15.703239755388,
    -108.0347335471));
#2011 = CARTESIAN_POINT('',(53.29427864218,15.407416698072,
    -108.5553804871));
#2012 = CARTESIAN_POINT('',(53.209449367382,15.253390567165,
    -108.8189853773));
#2013 = CARTESIAN_POINT('',(53.119775801887,15.097345839331,
    -109.078651645));
#2014 = CARTESIAN_POINT('',(53.025460738628,14.939328316706,
    -109.3342924196));
#2015 = CARTESIAN_POINT('',(52.926706808013,14.779381100523,
    -109.5858298663));
#2016 = CARTESIAN_POINT('',(52.823716169233,14.617544445984,
    -109.8331948871));
#2017 = CARTESIAN_POINT('',(52.716690201573,14.453855617123,
    -110.0763268217));
#2018 = CARTESIAN_POINT('',(52.487801116549,14.112141982128,
    -110.569460695));
#2019 = CARTESIAN_POINT('',(52.365426586149,13.933875222946,
    -110.818889569));
#2020 = CARTESIAN_POINT('',(52.238947388687,13.75358954774,
    -111.0633965344));
#2021 = CARTESIAN_POINT('',(52.108604609538,13.57132304696,
    -111.3029272964));
#2022 = CARTESIAN_POINT('',(51.974638616887,13.387110642131,
    -111.5374362176));
#2023 = CARTESIAN_POINT('',(51.837289043319,13.200983910096,
    -111.7668860351));
#2024 = CARTESIAN_POINT('',(51.696794767416,13.012970907258,
    -111.9912475772));
#2025 = CARTESIAN_POINT('',(51.398790875141,12.61838848643,
    -112.4468788395));
#2026 = CARTESIAN_POINT('',(51.240810205939,12.411517868712,
    -112.6773178557));
#2027 = CARTESIAN_POINT('',(51.079750310848,12.202514485243,
    -112.9017899765));
#2028 = CARTESIAN_POINT('',(50.915909722744,11.991405208442,
    -113.1202774238));
#2029 = CARTESIAN_POINT('',(50.749587509106,11.778213185606,
    -113.3327710132));
#2030 = CARTESIAN_POINT('',(50.581083696849,11.562957585948,
    -113.5392699735));
#2031 = CARTESIAN_POINT('',(50.410699697156,11.345653347635,
    -113.7397817666));
#2032 = CARTESIAN_POINT('',(50.048876558806,10.884134869026,
    -114.1491137529));
#2033 = CARTESIAN_POINT('',(49.857093728716,10.639476367357,
    -114.356624027));
#2034 = CARTESIAN_POINT('',(49.663797962114,10.392348773186,
    -114.5568742701));
#2035 = CARTESIAN_POINT('',(49.469402185602,10.142761826844,
    -114.7498952547));
#2036 = CARTESIAN_POINT('',(49.274325691485,9.89072127939,
    -114.9357271175));
#2037 = CARTESIAN_POINT('',(49.078995298936,9.636228516386,
    -115.1144194927));
#2038 = CARTESIAN_POINT('',(48.883846515172,9.379280181676,
    -115.2860316443));
#2039 = CARTESIAN_POINT('',(48.462141394071,8.816898387403,
    -115.6428711297));
#2040 = CARTESIAN_POINT('',(48.235819463831,8.51057625292,
    -115.8255410241));
#2041 = CARTESIAN_POINT('',(48.011064925679,8.200883461557,
    -115.9987559325));
#2042 = CARTESIAN_POINT('',(47.788610764123,7.887804022816,
    -116.162638613));
#2043 = CARTESIAN_POINT('',(47.569219796696,7.571323711394,
    -116.3173241937));
#2044 = CARTESIAN_POINT('',(47.353685919211,7.251430213507,
    -116.4629618141));
#2045 = CARTESIAN_POINT('',(47.142833727985,6.92811359999,-116.599714648
    ));
#2046 = CARTESIAN_POINT('',(46.812331111476,6.402144222784,
    -116.8058287111));
#2047 = CARTESIAN_POINT('',(46.689205767912,6.201650104551,
    -116.8806599225));
#2048 = CARTESIAN_POINT('',(46.568334457319,5.999884458955,
    -116.9522915046));
#2049 = CARTESIAN_POINT('',(46.449916744512,5.796850344873,
    -117.0207636848));
#2050 = CARTESIAN_POINT('',(46.334157335069,5.592554393017,
    -117.086117591));
#2051 = CARTESIAN_POINT('',(46.221265302654,5.387007156791,
    -117.1483953027));
#2052 = CARTESIAN_POINT('',(46.11145299872,5.180223613565,
    -117.2076397202));
#2053 = CARTESIAN_POINT('',(45.856232651209,4.681851469459,
    -117.3424268212));
#2054 = CARTESIAN_POINT('',(45.713967495997,4.389142664311,
    -117.4151233083));
#2055 = CARTESIAN_POINT('',(45.578702996536,4.094120876615,
    -117.4821128168));
#2056 = CARTESIAN_POINT('',(45.451029349059,3.796859307005,
    -117.5435142122));
#2057 = CARTESIAN_POINT('',(45.331550901379,3.497485206895,
    -117.5994400702));
#2058 = CARTESIAN_POINT('',(45.220867807231,3.196193720891,
    -117.6499986498));
#2059 = CARTESIAN_POINT('',(45.119553012283,2.89325681379,-117.69529268)
  );
#2060 = CARTESIAN_POINT('',(44.994386833619,2.476871671903,-117.75022485
    ));
#2061 = CARTESIAN_POINT('',(44.962003038157,2.364500689439,
    -117.764324349));
#2062 = CARTESIAN_POINT('',(44.930991524261,2.2519901188,-117.7777249549
    ));
#2063 = CARTESIAN_POINT('',(44.901378010427,2.139368141212,
    -117.7904310671));
#2064 = CARTESIAN_POINT('',(44.873188200797,2.02667243202,
    -117.8024464689));
#2065 = CARTESIAN_POINT('',(44.846446839973,1.913951132509,
    -117.8137746651));
#2066 = CARTESIAN_POINT('',(44.821176598101,1.801264004897,
    -117.8244192571));
#2067 = CARTESIAN_POINT('',(44.7815941777,1.613869832396,-117.8410065508
    ));
#2068 = CARTESIAN_POINT('',(44.766450535654,1.539106756904,
    -117.8473283491));
#2069 = CARTESIAN_POINT('',(44.751971384245,1.464415797066,
    -117.8533510213));
#2070 = CARTESIAN_POINT('',(44.738162409059,1.38982442996,
    -117.8590755959));
#2071 = CARTESIAN_POINT('',(44.725028986327,1.315366735451,
    -117.8645030503));
#2072 = CARTESIAN_POINT('',(44.712575677153,1.241083381543,
    -117.8696345092));
#2073 = CARTESIAN_POINT('',(44.700805686756,1.167021216327,
    -117.8744714515));
#2074 = CARTESIAN_POINT('',(44.680959159063,1.034914956866,
    -117.8826075609));
#2075 = CARTESIAN_POINT('',(44.672625530674,0.976767912067,
    -117.8860165543));
#2076 = CARTESIAN_POINT('',(44.664720749516,0.918820890883,
    -117.8892436332));
#2077 = CARTESIAN_POINT('',(44.657245036629,0.861104915121,
    -117.8922898909));
#2078 = CARTESIAN_POINT('',(44.650197488144,0.803652469641,
    -117.8951567858));
#2079 = CARTESIAN_POINT('',(44.643576075287,0.746497502344,
    -117.8978461412));
#2080 = CARTESIAN_POINT('',(44.637377644375,0.689675424183,
    -117.9003601457));
#2081 = CARTESIAN_POINT('',(44.618368779145,0.504010193738,
    -117.9080601087));
#2082 = CARTESIAN_POINT('',(44.607366863424,0.376691403796,
    -117.9125004205));
#2083 = CARTESIAN_POINT('',(44.598470457512,0.251828720011,
    -117.9160804143));
#2084 = CARTESIAN_POINT('',(44.591563407523,0.129640891388,
    -117.9188539218));
#2085 = CARTESIAN_POINT('',(44.586535117827,1.00034352576E-02,
    -117.920870481));
#2086 = CARTESIAN_POINT('',(44.583280551055,-0.107551362725,
    -117.9221753355));
#2087 = CARTESIAN_POINT('',(44.581700228096,-0.223834448579,
    -117.922809435));
#2088 = CARTESIAN_POINT('',(44.581700228096,-0.479296674973,
    -117.922809435));
#2089 = CARTESIAN_POINT('',(44.584039714592,-0.618972877603,
    -117.921871519));
#2090 = CARTESIAN_POINT('',(44.588744673693,-0.760595836942,
    -117.9199853193));
#2091 = CARTESIAN_POINT('',(44.595972038694,-0.905554114539,
    -117.9170852132));
#2092 = CARTESIAN_POINT('',(44.606033606109,-1.054709407358,
    -117.9130412739));
#2093 = CARTESIAN_POINT('',(44.619203643464,-1.20772427899,
    -117.9077330115));
#2094 = CARTESIAN_POINT('',(44.635607738487,-1.363740053372,
    -117.9010924687));
#2095 = CARTESIAN_POINT('',(44.663465830216,-1.588215097288,
    -117.8897528732));
#2096 = CARTESIAN_POINT('',(44.672330969054,-1.655372721589,
    -117.8861377431));
#2097 = CARTESIAN_POINT('',(44.681775050498,-1.722845748939,
    -117.882278758));
#2098 = CARTESIAN_POINT('',(44.691798607187,-1.79058446062,
    -117.878173919));
#2099 = CARTESIAN_POINT('',(44.702400494361,-1.858543521073,
    -117.8738217496));
#2100 = CARTESIAN_POINT('',(44.713578359662,-1.926683189502,
    -117.8692211154));
#2101 = CARTESIAN_POINT('',(44.725329134558,-1.994969897433,
    -117.8643710318));
#2102 = CARTESIAN_POINT('',(44.779815418695,-2.297492619182,
    -117.8418140578));
#2103 = CARTESIAN_POINT('',(44.828623709232,-2.532844725371,
    -117.8214359955));
#2104 = CARTESIAN_POINT('',(44.883971390355,-2.768578441374,
    -117.7980833683));
#2105 = CARTESIAN_POINT('',(44.945649940743,-3.004079433037,
    -117.7717272523));
#2106 = CARTESIAN_POINT('',(45.013407506855,-3.238962048992,
    -117.7423415421));
#2107 = CARTESIAN_POINT('',(45.086981038259,-3.472981139725,
    -117.7098946029));
#2108 = CARTESIAN_POINT('',(45.166128096352,-3.706039618711,
    -117.6743376055));
#2109 = CARTESIAN_POINT('',(45.306166172272,-4.09063179358,
    -117.6101432114));
#2110 = CARTESIAN_POINT('',(45.363983598689,-4.242646539809,
    -117.5833266851));
#2111 = CARTESIAN_POINT('',(45.424026112105,-4.394171623041,
    -117.5551298953));
#2112 = CARTESIAN_POINT('',(45.486218131262,-4.545180943581,
    -117.5255386642));
#2113 = CARTESIAN_POINT('',(45.550482968946,-4.695652846436,
    -117.4945385227));
#2114 = CARTESIAN_POINT('',(45.616743517602,-4.845569534986,
    -117.4621147174));
#2115 = CARTESIAN_POINT('',(45.684922837286,-4.994916678851,
    -117.4282521937));
#2116 = CARTESIAN_POINT('',(45.863385068983,-5.374072954922,
    -117.3382418676));
#2117 = CARTESIAN_POINT('',(45.976242476889,-5.603065947505,
    -117.2800616809));
#2118 = CARTESIAN_POINT('',(46.093233008804,-5.830620686412,
    -117.2183381524));
#2119 = CARTESIAN_POINT('',(46.214072776762,-6.05670587389,
    -117.153014453));
#2120 = CARTESIAN_POINT('',(46.338480911372,-6.281298844871,
    -117.0840344144));
#2121 = CARTESIAN_POINT('',(46.466181942575,-6.504384393703,
    -117.0113428275));
#2122 = CARTESIAN_POINT('',(46.596907515445,-6.725954004466,
    -116.9348853944));
#2123 = CARTESIAN_POINT('',(46.934970524828,-7.283234004009,
    -116.7315838737));
#2124 = CARTESIAN_POINT('',(47.146027500058,-7.616883280772,
    -116.5995938805));
#2125 = CARTESIAN_POINT('',(47.362633634769,-7.946950409824,
    -116.4584443172));
#2126 = CARTESIAN_POINT('',(47.583884526972,-8.27343971371,
    -116.3079534171));
#2127 = CARTESIAN_POINT('',(47.80891010577,-8.596361159971,
    -116.1479539992));
#2128 = CARTESIAN_POINT('',(48.036876283914,-8.91572933952,
    -115.9782936608));
#2129 = CARTESIAN_POINT('',(48.266984261787,-9.231563006271,
    -115.7988328458));
#2130 = CARTESIAN_POINT('',(48.621072395907,-9.709306380213,
    -115.5091294321));
#2131 = CARTESIAN_POINT('',(48.744061317875,-9.873740276342,
    -115.4060334348));
#2132 = CARTESIAN_POINT('',(48.867319648277,-10.03718899542,
    -115.3001343209));
#2133 = CARTESIAN_POINT('',(48.990734383745,-10.19965411194,
    -115.1914150166));
#2134 = CARTESIAN_POINT('',(49.114194118009,-10.36113664591,
    -115.0798598522));
#2135 = CARTESIAN_POINT('',(49.237589041894,-10.52163706278,
    -114.9654545621));
#2136 = CARTESIAN_POINT('',(49.360810943325,-10.6811552735,
    -114.8481862848));
#2137 = CARTESIAN_POINT('',(49.598181012687,-10.98724651025,
    -114.6162214152));
#2138 = CARTESIAN_POINT('',(49.712366203216,-11.13395077012,
    -114.5019093411));
#2139 = CARTESIAN_POINT('',(49.826222733229,-11.27980282905,
    -114.3850981081));
#2140 = CARTESIAN_POINT('',(49.939665189822,-11.42480149834,
    -114.2657797218));
#2141 = CARTESIAN_POINT('',(50.05260879287,-11.56894498572,
    -114.143947426));
#2142 = CARTESIAN_POINT('',(50.164969395024,-11.7122308953,
    -114.0195957025));
#2143 = CARTESIAN_POINT('',(50.276663481715,-11.85465622758,
    -113.8927202714));
#2144 = CARTESIAN_POINT('',(50.492359873854,-12.12987651873,
    -113.6411392028));
#2145 = CARTESIAN_POINT('',(50.596443295116,-12.26276517651,
    -113.5167079167));
#2146 = CARTESIAN_POINT('',(50.699788613308,-12.39488029946,
    -113.3900216676));
#2147 = CARTESIAN_POINT('',(50.802326177291,-12.52621827793,
    -113.261079055));
#2148 = CARTESIAN_POINT('',(50.903986506414,-12.65677494593,
    -113.1298798429));
#2149 = CARTESIAN_POINT('',(51.004700290512,-12.78654558116,
    -112.9964249597));
#2150 = CARTESIAN_POINT('',(51.104398389908,-12.91552490499,
    -112.8607164978));
#2151 = CARTESIAN_POINT('',(51.296952657664,-13.16581557477,
    -112.5913358633));
#2152 = CARTESIAN_POINT('',(51.389909061502,-13.28720062222,
    -112.457872022));
#2153 = CARTESIAN_POINT('',(51.481821382205,-13.4078571721,
    -112.3223690017));
#2154 = CARTESIAN_POINT('',(51.572629915309,-13.52777967149,
    -112.1848307593));
#2155 = CARTESIAN_POINT('',(51.662274916612,-13.64696206732,
    -112.0452623975));
#2156 = CARTESIAN_POINT('',(51.750696602167,-13.76539780632,
    -111.9036701647));
#2157 = CARTESIAN_POINT('',(51.837835148292,-13.88307983508,
    -111.7600614551));
#2158 = CARTESIAN_POINT('',(51.923630691563,-14.0000006,-111.6144448089)
  );
#2159 = PCURVE('',#605,#2160);
#2160 = DEFINITIONAL_REPRESENTATION('',(#2161),#2325);
#2161 = B_SPLINE_CURVE_WITH_KNOTS('',8,(#2162,#2163,#2164,#2165,#2166,
    #2167,#2168,#2169,#2170,#2171,#2172,#2173,#2174,#2175,#2176,#2177,
    #2178,#2179,#2180,#2181,#2182,#2183,#2184,#2185,#2186,#2187,#2188,
    #2189,#2190,#2191,#2192,#2193,#2194,#2195,#2196,#2197,#2198,#2199,
    #2200,#2201,#2202,#2203,#2204,#2205,#2206,#2207,#2208,#2209,#2210,
    #2211,#2212,#2213,#2214,#2215,#2216,#2217,#2218,#2219,#2220,#2221,
    #2222,#2223,#2224,#2225,#2226,#2227,#2228,#2229,#2230,#2231,#2232,
    #2233,#2234,#2235,#2236,#2237,#2238,#2239,#2240,#2241,#2242,#2243,
    #2244,#2245,#2246,#2247,#2248,#2249,#2250,#2251,#2252,#2253,#2254,
    #2255,#2256,#2257,#2258,#2259,#2260,#2261,#2262,#2263,#2264,#2265,
    #2266,#2267,#2268,#2269,#2270,#2271,#2272,#2273,#2274,#2275,#2276,
    #2277,#2278,#2279,#2280,#2281,#2282,#2283,#2284,#2285,#2286,#2287,
    #2288,#2289,#2290,#2291,#2292,#2293,#2294,#2295,#2296,#2297,#2298,
    #2299,#2300,#2301,#2302,#2303,#2304,#2305,#2306,#2307,#2308,#2309,
    #2310,#2311,#2312,#2313,#2314,#2315,#2316,#2317,#2318,#2319,#2320,
    #2321,#2322,#2323,#2324),.UNSPECIFIED.,.F.,.F.,(9,7,7,7,7,7,7,7,7,7,
    7,7,7,7,7,7,7,7,7,7,7,7,7,9),(0.,4.633198065621E-02,
    9.478322104799E-02,0.145960837743,0.200447045488,0.259189591161,
    0.324047259073,0.399794953091,0.445979615318,0.510454431834,
    0.534239703851,0.550045940871,0.562538094246,0.591131209633,
    0.625417844973,0.63994048207,0.689643333528,0.722291863393,
    0.77285354494,0.850339235847,0.891379473469,0.929577438676,
    0.965643174816,1.),.UNSPECIFIED.);
#2162 = CARTESIAN_POINT('',(0.,46.592512372783));
#2163 = CARTESIAN_POINT('',(1.857376081332E-02,46.482980860121));
#2164 = CARTESIAN_POINT('',(3.702956939533E-02,46.371187205288));
#2165 = CARTESIAN_POINT('',(5.536665499939E-02,46.257187022732));
#2166 = CARTESIAN_POINT('',(7.358436334133E-02,46.141034412287));
#2167 = CARTESIAN_POINT('',(9.168214750231E-02,46.022781802702));
#2168 = CARTESIAN_POINT('',(0.109659558832,45.902479795155));
#2169 = CARTESIAN_POINT('',(0.12751623785,45.780177006785));
#2170 = CARTESIAN_POINT('',(0.163798815252,45.525979208523));
#2171 = CARTESIAN_POINT('',(0.182213344943,45.393901649716));
#2172 = CARTESIAN_POINT('',(0.20049520162,45.259740232374));
#2173 = CARTESIAN_POINT('',(0.218644122689,45.123545861085));
#2174 = CARTESIAN_POINT('',(0.236659872292,44.985367209291));
#2175 = CARTESIAN_POINT('',(0.254542238024,44.845250578151));
#2176 = CARTESIAN_POINT('',(0.272291027654,44.703239755388));
#2177 = CARTESIAN_POINT('',(0.308512311314,44.407416698072));
#2178 = CARTESIAN_POINT('',(0.326969266832,44.253390567165));
#2179 = CARTESIAN_POINT('',(0.345276740292,44.097345839331));
#2180 = CARTESIAN_POINT('',(0.36343447066,43.939328316706));
#2181 = CARTESIAN_POINT('',(0.381442126157,43.779381100523));
#2182 = CARTESIAN_POINT('',(0.399299302453,43.617544445984));
#2183 = CARTESIAN_POINT('',(0.417005520861,43.453855617123));
#2184 = CARTESIAN_POINT('',(0.45324982955,43.112141982128));
#2185 = CARTESIAN_POINT('',(0.47176762107,42.933875222946));
#2186 = CARTESIAN_POINT('',(0.490112937546,42.753589547741));
#2187 = CARTESIAN_POINT('',(0.508284909813,42.57132304696));
#2188 = CARTESIAN_POINT('',(0.526282456125,42.387110642131));
#2189 = CARTESIAN_POINT('',(0.544104275205,42.200983910096));
#2190 = CARTESIAN_POINT('',(0.561748839298,42.012970907258));
#2191 = CARTESIAN_POINT('',(0.598044303783,41.61838848643));
#2192 = CARTESIAN_POINT('',(0.616666046826,41.411517868712));
#2193 = CARTESIAN_POINT('',(0.635077415259,41.202514485243));
#2194 = CARTESIAN_POINT('',(0.653275755119,40.991405208442));
#2195 = CARTESIAN_POINT('',(0.67125793544,40.778213185606));
#2196 = CARTESIAN_POINT('',(0.689020324131,40.562957585948));
#2197 = CARTESIAN_POINT('',(0.706558763854,40.345653347635));
#2198 = CARTESIAN_POINT('',(0.74298028731,39.884134869026));
#2199 = CARTESIAN_POINT('',(0.761813116108,39.639476367357));
#2200 = CARTESIAN_POINT('',(0.780360740258,39.392348773186));
#2201 = CARTESIAN_POINT('',(0.798615803344,39.142761826844));
#2202 = CARTESIAN_POINT('',(0.816569825409,38.89072127939));
#2203 = CARTESIAN_POINT('',(0.834213141804,38.636228516386));
#2204 = CARTESIAN_POINT('',(0.851534842032,38.379280181676));
#2205 = CARTESIAN_POINT('',(0.888362948902,37.816898387403));
#2206 = CARTESIAN_POINT('',(0.907747293652,37.51057625292));
#2207 = CARTESIAN_POINT('',(0.926656599441,37.200883461557));
#2208 = CARTESIAN_POINT('',(0.945068466429,36.887804022816));
#2209 = CARTESIAN_POINT('',(0.962957167612,36.571323711394));
#2210 = CARTESIAN_POINT('',(0.980293622949,36.251430213507));
#2211 = CARTESIAN_POINT('',(0.997045418311,35.92811359999));
#2212 = CARTESIAN_POINT('',(1.023012490324,35.402144222784));
#2213 = CARTESIAN_POINT('',(1.032617306361,35.201650104551));
#2214 = CARTESIAN_POINT('',(1.041983190243,34.999884458955));
#2215 = CARTESIAN_POINT('',(1.051101436881,34.796850344873));
#2216 = CARTESIAN_POINT('',(1.059962799096,34.592554393017));
#2217 = CARTESIAN_POINT('',(1.06855754048,34.387007156791));
#2218 = CARTESIAN_POINT('',(1.076875505257,34.180223613565));
#2219 = CARTESIAN_POINT('',(1.09611724096,33.681851469459));
#2220 = CARTESIAN_POINT('',(1.10676712591,33.389142664311));
#2221 = CARTESIAN_POINT('',(1.11682878932,33.094120876615));
#2222 = CARTESIAN_POINT('',(1.126272383621,32.796859307005));
#2223 = CARTESIAN_POINT('',(1.135066216987,32.497485206895));
#2224 = CARTESIAN_POINT('',(1.143178008714,32.196193720891));
#2225 = CARTESIAN_POINT('',(1.150576404858,31.89325681379));
#2226 = CARTESIAN_POINT('',(1.159689061643,31.476871671903));
#2227 = CARTESIAN_POINT('',(1.162043721698,31.364500689439));
#2228 = CARTESIAN_POINT('',(1.164295907093,31.2519901188));
#2229 = CARTESIAN_POINT('',(1.166444180447,31.139368141212));
#2230 = CARTESIAN_POINT('',(1.168487082072,31.02667243202));
#2231 = CARTESIAN_POINT('',(1.170423197863,30.913951132509));
#2232 = CARTESIAN_POINT('',(1.172251238584,30.801264004897));
#2233 = CARTESIAN_POINT('',(1.175112400988,30.613869832396));
#2234 = CARTESIAN_POINT('',(1.176206414046,30.539106756904));
#2235 = CARTESIAN_POINT('',(1.177251865054,30.464415797066));
#2236 = CARTESIAN_POINT('',(1.178248432398,30.38982442996));
#2237 = CARTESIAN_POINT('',(1.179195811491,30.315366735451));
#2238 = CARTESIAN_POINT('',(1.180093751123,30.241083381543));
#2239 = CARTESIAN_POINT('',(1.180942092157,30.167021216327));
#2240 = CARTESIAN_POINT('',(1.182372058648,30.034914956866));
#2241 = CARTESIAN_POINT('',(1.182972319923,29.976767912067));
#2242 = CARTESIAN_POINT('',(1.183541528127,29.918820890883));
#2243 = CARTESIAN_POINT('',(1.184079697499,29.861104915121));
#2244 = CARTESIAN_POINT('',(1.184586920804,29.803652469641));
#2245 = CARTESIAN_POINT('',(1.185063369333,29.746497502344));
#2246 = CARTESIAN_POINT('',(1.1855092929,29.689675424183));
#2247 = CARTESIAN_POINT('',(1.186876571441,29.504010193738));
#2248 = CARTESIAN_POINT('',(1.187667515965,29.376691403796));
#2249 = CARTESIAN_POINT('',(1.188306828862,29.251828720011));
#2250 = CARTESIAN_POINT('',(1.188803034534,29.129640891388));
#2251 = CARTESIAN_POINT('',(1.189164206347,29.010003435258));
#2252 = CARTESIAN_POINT('',(1.189397966621,28.892448637275));
#2253 = CARTESIAN_POINT('',(1.189511486639,28.776165551421));
#2254 = CARTESIAN_POINT('',(1.189511486639,28.520703325027));
#2255 = CARTESIAN_POINT('',(1.189343453803,28.381027122397));
#2256 = CARTESIAN_POINT('',(1.189005522868,28.239404163058));
#2257 = CARTESIAN_POINT('',(1.188486355196,28.094445885461));
#2258 = CARTESIAN_POINT('',(1.187763433503,27.945290592642));
#2259 = CARTESIAN_POINT('',(1.186816797396,27.79227572101));
#2260 = CARTESIAN_POINT('',(1.185636985765,27.636259946628));
#2261 = CARTESIAN_POINT('',(1.183631815003,27.411784902712));
#2262 = CARTESIAN_POINT('',(1.182993554119,27.344627278411));
#2263 = CARTESIAN_POINT('',(1.18231341573,27.277154251061));
#2264 = CARTESIAN_POINT('',(1.181591316189,27.20941553938));
#2265 = CARTESIAN_POINT('',(1.18082728831,27.141456478927));
#2266 = CARTESIAN_POINT('',(1.180021447752,27.073316810498));
#2267 = CARTESIAN_POINT('',(1.179173957763,27.005030102567));
#2268 = CARTESIAN_POINT('',(1.175242561497,26.702507380818));
#2269 = CARTESIAN_POINT('',(1.171716474921,26.467155274629));
#2270 = CARTESIAN_POINT('',(1.167711686805,26.231421558626));
#2271 = CARTESIAN_POINT('',(1.163240203535,25.995920566963));
#2272 = CARTESIAN_POINT('',(1.158316677023,25.761037951008));
#2273 = CARTESIAN_POINT('',(1.15295616687,25.527018860275));
#2274 = CARTESIAN_POINT('',(1.147171849736,25.293960381289));
#2275 = CARTESIAN_POINT('',(1.136901810691,24.90936820642));
#2276 = CARTESIAN_POINT('',(1.132652941499,24.757353460191));
#2277 = CARTESIAN_POINT('',(1.128230778692,24.605828376959));
#2278 = CARTESIAN_POINT('',(1.123639368346,24.454819056419));
#2279 = CARTESIAN_POINT('',(1.118882772805,24.304347153564));
#2280 = CARTESIAN_POINT('',(1.113965024956,24.154430465014));
#2281 = CARTESIAN_POINT('',(1.108890088474,24.005083321149));
#2282 = CARTESIAN_POINT('',(1.095564986524,23.625927045078));
#2283 = CARTESIAN_POINT('',(1.087100560036,23.396934052495));
#2284 = CARTESIAN_POINT('',(1.078282926262,23.169379313588));
#2285 = CARTESIAN_POINT('',(1.069126159059,22.94329412611));
#2286 = CARTESIAN_POINT('',(1.05964383427,22.718701155129));
#2287 = CARTESIAN_POINT('',(1.049848876624,22.495615606297));
#2288 = CARTESIAN_POINT('',(1.03975344367,22.274045995534));
#2289 = CARTESIAN_POINT('',(1.013454469745,21.716765995991));
#2290 = CARTESIAN_POINT('',(0.996861623942,21.383116719228));
#2291 = CARTESIAN_POINT('',(0.979630912792,21.053049590176));
#2292 = CARTESIAN_POINT('',(0.961799404434,20.72656028629));
#2293 = CARTESIAN_POINT('',(0.943400454916,20.403638840029));
#2294 = CARTESIAN_POINT('',(0.924463611737,20.08427066048));
#2295 = CARTESIAN_POINT('',(0.905014597749,19.768436993729));
#2296 = CARTESIAN_POINT('',(0.874514581383,19.290693619787));
#2297 = CARTESIAN_POINT('',(0.863816420049,19.126259723658));
#2298 = CARTESIAN_POINT('',(0.852984227045,18.96281100458));
#2299 = CARTESIAN_POINT('',(0.842021121456,18.800345888051));
#2300 = CARTESIAN_POINT('',(0.830930005816,18.638863354085));
#2301 = CARTESIAN_POINT('',(0.819713566115,18.478362937217));
#2302 = CARTESIAN_POINT('',(0.808374271795,18.318844726498));
#2303 = CARTESIAN_POINT('',(0.786248143394,18.012753489744));
#2304 = CARTESIAN_POINT('',(0.775477462662,17.866049229871));
#2305 = CARTESIAN_POINT('',(0.764604155899,17.720197170949));
#2306 = CARTESIAN_POINT('',(0.753629922056,17.575198501656));
#2307 = CARTESIAN_POINT('',(0.742556336688,17.431055014275));
#2308 = CARTESIAN_POINT('',(0.731384851957,17.287769104696));
#2309 = CARTESIAN_POINT('',(0.720116796631,17.145343772416));
#2310 = CARTESIAN_POINT('',(0.698024267213,16.87012348127));
#2311 = CARTESIAN_POINT('',(0.687210159142,16.737234823488));
#2312 = CARTESIAN_POINT('',(0.676312070045,16.605119700531));
#2313 = CARTESIAN_POINT('',(0.665330944255,16.473781722061));
#2314 = CARTESIAN_POINT('',(0.654267652266,16.343225054061));
#2315 = CARTESIAN_POINT('',(0.643122990729,16.213454418833));
#2316 = CARTESIAN_POINT('',(0.631897682454,16.084475095004));
#2317 = CARTESIAN_POINT('',(0.609822752247,15.834184425226));
#2318 = CARTESIAN_POINT('',(0.598980542712,15.712799377772));
#2319 = CARTESIAN_POINT('',(0.588066310976,15.592142827895));
#2320 = CARTESIAN_POINT('',(0.577080575161,15.472220328503));
#2321 = CARTESIAN_POINT('',(0.566023808338,15.353037932678));
#2322 = CARTESIAN_POINT('',(0.554896438524,15.234602193673));
#2323 = CARTESIAN_POINT('',(0.543698848687,15.116920164914));
#2324 = CARTESIAN_POINT('',(0.532431376741,14.9999994));
#2325 = ( GEOMETRIC_REPRESENTATION_CONTEXT(2) 
PARAMETRIC_REPRESENTATION_CONTEXT() REPRESENTATION_CONTEXT('2D SPACE',''
  ) );
#2326 = PCURVE('',#388,#2327);
#2327 = DEFINITIONAL_REPRESENTATION('',(#2328),#2492);
#2328 = B_SPLINE_CURVE_WITH_KNOTS('',8,(#2329,#2330,#2331,#2332,#2333,
    #2334,#2335,#2336,#2337,#2338,#2339,#2340,#2341,#2342,#2343,#2344,
    #2345,#2346,#2347,#2348,#2349,#2350,#2351,#2352,#2353,#2354,#2355,
    #2356,#2357,#2358,#2359,#2360,#2361,#2362,#2363,#2364,#2365,#2366,
    #2367,#2368,#2369,#2370,#2371,#2372,#2373,#2374,#2375,#2376,#2377,
    #2378,#2379,#2380,#2381,#2382,#2383,#2384,#2385,#2386,#2387,#2388,
    #2389,#2390,#2391,#2392,#2393,#2394,#2395,#2396,#2397,#2398,#2399,
    #2400,#2401,#2402,#2403,#2404,#2405,#2406,#2407,#2408,#2409,#2410,
    #2411,#2412,#2413,#2414,#2415,#2416,#2417,#2418,#2419,#2420,#2421,
    #2422,#2423,#2424,#2425,#2426,#2427,#2428,#2429,#2430,#2431,#2432,
    #2433,#2434,#2435,#2436,#2437,#2438,#2439,#2440,#2441,#2442,#2443,
    #2444,#2445,#2446,#2447,#2448,#2449,#2450,#2451,#2452,#2453,#2454,
    #2455,#2456,#2457,#2458,#2459,#2460,#2461,#2462,#2463,#2464,#2465,
    #2466,#2467,#2468,#2469,#2470,#2471,#2472,#2473,#2474,#2475,#2476,
    #2477,#2478,#2479,#2480,#2481,#2482,#2483,#2484,#2485,#2486,#2487,
    #2488,#2489,#2490,#2491),.UNSPECIFIED.,.F.,.F.,(9,7,7,7,7,7,7,7,7,7,
    7,7,7,7,7,7,7,7,7,7,7,7,7,9),(0.,4.633198065621E-02,
    9.478322104799E-02,0.145960837743,0.200447045488,0.259189591161,
    0.324047259073,0.399794953091,0.445979615318,0.510454431834,
    0.534239703851,0.550045940871,0.562538094246,0.591131209633,
    0.625417844973,0.63994048207,0.689643333528,0.722291863393,
    0.77285354494,0.850339235847,0.891379473469,0.929577438676,
    0.965643174816,1.),.UNSPECIFIED.);
#2329 = CARTESIAN_POINT('',(1.135016920784,-0.342363421915));
#2330 = CARTESIAN_POINT('',(1.132679599102,-0.356447796632));
#2331 = CARTESIAN_POINT('',(1.130538217741,-0.370523527127));
#2332 = CARTESIAN_POINT('',(1.128589762604,-0.384586709098));
#2333 = CARTESIAN_POINT('',(1.126831438968,-0.398633739511));
#2334 = CARTESIAN_POINT('',(1.125260679916,-0.412661302339));
#2335 = CARTESIAN_POINT('',(1.123875154769,-0.426666354295));
#2336 = CARTESIAN_POINT('',(1.122672777521,-0.440646110569));
#2337 = CARTESIAN_POINT('',(1.12058394886,-0.469188121891));
#2338 = CARTESIAN_POINT('',(1.119714465648,-0.483747736365));
#2339 = CARTESIAN_POINT('',(1.119041168014,-0.498273990983));
#2340 = CARTESIAN_POINT('',(1.11856226267,-0.512764242212));
#2341 = CARTESIAN_POINT('',(1.118276268294,-0.527216076253));
#2342 = CARTESIAN_POINT('',(1.118182023152,-0.541627299312));
#2343 = CARTESIAN_POINT('',(1.118278692735,-0.555995927861));
#2344 = CARTESIAN_POINT('',(1.118869016435,-0.58545046296));
#2345 = CARTESIAN_POINT('',(1.119384701097,-0.600531183635));
#2346 = CARTESIAN_POINT('',(1.120112248065,-0.615560254771));
#2347 = CARTESIAN_POINT('',(1.121051486478,-0.6305357659));
#2348 = CARTESIAN_POINT('',(1.122202675575,-0.64545597729));
#2349 = CARTESIAN_POINT('',(1.12356652236,-0.660319314986));
#2350 = CARTESIAN_POINT('',(1.125144199257,-0.675124365851));
#2351 = CARTESIAN_POINT('',(1.128846450781,-0.705568664311));
#2352 = CARTESIAN_POINT('',(1.130999778367,-0.721199900539));
#2353 = CARTESIAN_POINT('',(1.133399358774,-0.736762075195));
#2354 = CARTESIAN_POINT('',(1.136047808466,-0.75225379055));
#2355 = CARTESIAN_POINT('',(1.138948397938,-0.767673758278));
#2356 = CARTESIAN_POINT('',(1.142105103525,-0.783020800506));
#2357 = CARTESIAN_POINT('',(1.145522659217,-0.798293850853));
#2358 = CARTESIAN_POINT('',(1.153178339411,-0.82987730127));
#2359 = CARTESIAN_POINT('',(1.157459681512,-0.846175450085));
#2360 = CARTESIAN_POINT('',(1.162057635312,-0.862385223789));
#2361 = CARTESIAN_POINT('',(1.166980233379,-0.878505473312));
#2362 = CARTESIAN_POINT('',(1.17223671242,-0.894535091859));
#2363 = CARTESIAN_POINT('',(1.177837685401,-0.91047302812));
#2364 = CARTESIAN_POINT('',(1.183795313662,-0.926318299479));
#2365 = CARTESIAN_POINT('',(1.19711040892,-0.959461469772));
#2366 = CARTESIAN_POINT('',(1.204548918056,-0.976738717248));
#2367 = CARTESIAN_POINT('',(1.212457989541,-0.993900596669));
#2368 = CARTESIAN_POINT('',(1.22085882749,-1.010945851518));
#2369 = CARTESIAN_POINT('',(1.229775668748,-1.027873171986));
#2370 = CARTESIAN_POINT('',(1.239236594621,-1.044681247209));
#2371 = CARTESIAN_POINT('',(1.249274342597,-1.061368817509));
#2372 = CARTESIAN_POINT('',(1.272368564136,-1.097282160104));
#2373 = CARTESIAN_POINT('',(1.285648866025,-1.116463117211));
#2374 = CARTESIAN_POINT('',(1.29982872602,-1.135476095069));
#2375 = CARTESIAN_POINT('',(1.314981594874,-1.154318984448));
#2376 = CARTESIAN_POINT('',(1.331193451283,-1.172989348603));
#2377 = CARTESIAN_POINT('',(1.348568654317,-1.191484608056));
#2378 = CARTESIAN_POINT('',(1.367241868804,-1.209802131321));
#2379 = CARTESIAN_POINT('',(1.399684420362,-1.238997731231));
#2380 = CARTESIAN_POINT('',(1.412523241931,-1.249988940248));
#2381 = CARTESIAN_POINT('',(1.425953900936,-1.260912192491));
#2382 = CARTESIAN_POINT('',(1.440025323202,-1.271766626523));
#2383 = CARTESIAN_POINT('',(1.454794888167,-1.282551213417));
#2384 = CARTESIAN_POINT('',(1.470331787807,-1.293264711507));
#2385 = CARTESIAN_POINT('',(1.486722844155,-1.303905548062));
#2386 = CARTESIAN_POINT('',(1.528312857765,-1.329222110524));
#2387 = CARTESIAN_POINT('',(1.55442675742,-1.343825167871));
#2388 = CARTESIAN_POINT('',(1.582730590044,-1.358276829562));
#2389 = CARTESIAN_POINT('',(1.613639444139,-1.372568995274));
#2390 = CARTESIAN_POINT('',(1.647702970064,-1.386689544983));
#2391 = CARTESIAN_POINT('',(1.68576428914,-1.400616584258));
#2392 = CARTESIAN_POINT('',(1.729035968828,-1.414318203935));
#2393 = CARTESIAN_POINT('',(1.798804644834,-1.432663338355));
#2394 = CARTESIAN_POINT('',(1.818652345616,-1.437565899517));
#2395 = CARTESIAN_POINT('',(1.839670607206,-1.442423483941));
#2396 = CARTESIAN_POINT('',(1.862006639766,-1.4472312877));
#2397 = CARTESIAN_POINT('',(1.885836307021,-1.451983218515));
#2398 = CARTESIAN_POINT('',(1.911372194371,-1.456671537387));
#2399 = CARTESIAN_POINT('',(1.938873433154,-1.461286321275));
#2400 = CARTESIAN_POINT('',(1.988449804727,-1.468824061484));
#2401 = CARTESIAN_POINT('',(2.009249295582,-1.471795091878));
#2402 = CARTESIAN_POINT('',(2.031148880705,-1.474724077342));
#2403 = CARTESIAN_POINT('',(2.054251067403,-1.477606547481));
#2404 = CARTESIAN_POINT('',(2.078669717017,-1.480437212994));
#2405 = CARTESIAN_POINT('',(2.104529696524,-1.483209879953));
#2406 = CARTESIAN_POINT('',(2.131964207947,-1.485917387547));
#2407 = CARTESIAN_POINT('',(2.184144446395,-1.490633443808));
#2408 = CARTESIAN_POINT('',(2.208243386626,-1.492669565096));
#2409 = CARTESIAN_POINT('',(2.233481045975,-1.494655708464));
#2410 = CARTESIAN_POINT('',(2.259924995687,-1.496587338761));
#2411 = CARTESIAN_POINT('',(2.28763594853,-1.498459610366));
#2412 = CARTESIAN_POINT('',(2.3166677588,-1.500267367189));
#2413 = CARTESIAN_POINT('',(2.347067422318,-1.502005142666));
#2414 = CARTESIAN_POINT('',(2.451679171691,-1.507471327492));
#2415 = CARTESIAN_POINT('',(2.53186980478,-1.510883155834));
#2416 = CARTESIAN_POINT('',(2.619804406621,-1.513824325296));
#2417 = CARTESIAN_POINT('',(2.715175345624,-1.516233285449));
#2418 = CARTESIAN_POINT('',(2.817009927688,-1.518065254932));
#2419 = CARTESIAN_POINT('',(2.923670396203,-1.519292221455));
#2420 = CARTESIAN_POINT('',(3.032853932047,-1.519902941793));
#2421 = CARTESIAN_POINT('',(3.271983653042,-1.519902941793));
#2422 = CARTESIAN_POINT('',(3.402719210824,-1.519024748589));
#2423 = CARTESIAN_POINT('',(3.529715992844,-1.517260102869));
#2424 = CARTESIAN_POINT('',(3.648356687932,-1.514628239414));
#2425 = CARTESIAN_POINT('',(3.755773082893,-1.511188715039));
#2426 = CARTESIAN_POINT('',(3.851824940217,-1.507052116367));
#2427 = CARTESIAN_POINT('',(3.937073523907,-1.502340351391));
#2428 = CARTESIAN_POINT('',(4.044485735445,-1.494998366615));
#2429 = CARTESIAN_POINT('',(4.074719813959,-1.49273165015));
#2430 = CARTESIAN_POINT('',(4.103320833609,-1.49039073223));
#2431 = CARTESIAN_POINT('',(4.130393535634,-1.487983015236));
#2432 = CARTESIAN_POINT('',(4.156045911166,-1.485515184215));
#2433 = CARTESIAN_POINT('',(4.180382982997,-1.482993147838));
#2434 = CARTESIAN_POINT('',(4.203503730861,-1.480422048082));
#2435 = CARTESIAN_POINT('',(4.30078603841,-1.468854230454));
#2436 = CARTESIAN_POINT('',(4.362858139195,-1.459385887838));
#2437 = CARTESIAN_POINT('',(4.415562464494,-1.449571477046));
#2438 = CARTESIAN_POINT('',(4.461469616813,-1.439503320451));
#2439 = CARTESIAN_POINT('',(4.502070112812,-1.429237425632));
#2440 = CARTESIAN_POINT('',(4.538515496349,-1.418809536044));
#2441 = CARTESIAN_POINT('',(4.571576790134,-1.408239912856));
#2442 = CARTESIAN_POINT('',(4.621741264196,-1.390507891865));
#2443 = CARTESIAN_POINT('',(4.640420422926,-1.383423249339));
#2444 = CARTESIAN_POINT('',(4.658055118036,-1.376288313631));
#2445 = CARTESIAN_POINT('',(4.674772207708,-1.369106344012));
#2446 = CARTESIAN_POINT('',(4.690672349978,-1.361879804415));
#2447 = CARTESIAN_POINT('',(4.705838077714,-1.354610619265));
#2448 = CARTESIAN_POINT('',(4.720338725704,-1.34730032006));
#2449 = CARTESIAN_POINT('',(4.755748582075,-1.328567016943));
#2450 = CARTESIAN_POINT('',(4.77580873659,-1.317088386116));
#2451 = CARTESIAN_POINT('',(4.794627784891,-1.305518591001));
#2452 = CARTESIAN_POINT('',(4.812361708441,-1.293860648515));
#2453 = CARTESIAN_POINT('',(4.829128738488,-1.282116754427));
#2454 = CARTESIAN_POINT('',(4.845023879557,-1.270288633885));
#2455 = CARTESIAN_POINT('',(4.860126576592,-1.258377679744));
#2456 = CARTESIAN_POINT('',(4.896531110893,-1.228005931475));
#2457 = CARTESIAN_POINT('',(4.916851418152,-1.209435538208));
#2458 = CARTESIAN_POINT('',(4.93569681975,-1.190677070241));
#2459 = CARTESIAN_POINT('',(4.953234519511,-1.171733596048));
#2460 = CARTESIAN_POINT('',(4.969590987816,-1.15260802321));
#2461 = CARTESIAN_POINT('',(4.984869225105,-1.133303068305));
#2462 = CARTESIAN_POINT('',(4.999156853939,-1.113821054706));
#2463 = CARTESIAN_POINT('',(5.019605489061,-1.083751949569));
#2464 = CARTESIAN_POINT('',(5.026428117166,-1.073291265149));
#2465 = CARTESIAN_POINT('',(5.033003362305,-1.062781815935));
#2466 = CARTESIAN_POINT('',(5.039340869411,-1.052223929641));
#2467 = CARTESIAN_POINT('',(5.045449489975,-1.04161793078));
#2468 = CARTESIAN_POINT('',(5.051337282049,-1.030964140667));
#2469 = CARTESIAN_POINT('',(5.057011510248,-1.020262877417));
#2470 = CARTESIAN_POINT('',(5.06756715067,-0.999510424461));
#2471 = CARTESIAN_POINT('',(5.072476384982,-0.989465548641));
#2472 = CARTESIAN_POINT('',(5.077211653497,-0.979380082636));
#2473 = CARTESIAN_POINT('',(5.081777898299,-0.969254282888));
#2474 = CARTESIAN_POINT('',(5.086179698738,-0.959088408125));
#2475 = CARTESIAN_POINT('',(5.090421271432,-0.948882719367));
#2476 = CARTESIAN_POINT('',(5.094506470267,-0.938637479925));
#2477 = CARTESIAN_POINT('',(5.102151598717,-0.91864251805));
#2478 = CARTESIAN_POINT('',(5.105728166225,-0.908897064944));
#2479 = CARTESIAN_POINT('',(5.10917145322,-0.899116819364));
#2480 = CARTESIAN_POINT('',(5.112484221727,-0.889302011546));
#2481 = CARTESIAN_POINT('',(5.1156690315,-0.879452878675));
#2482 = CARTESIAN_POINT('',(5.11872824002,-0.869569664889));
#2483 = CARTESIAN_POINT('',(5.121664002493,-0.859652621277));
#2484 = CARTESIAN_POINT('',(5.127159192049,-0.840222882744));
#2485 = CARTESIAN_POINT('',(5.12972987958,-0.830713299233));
#2486 = CARTESIAN_POINT('',(5.132192032343,-0.821173478234));
#2487 = CARTESIAN_POINT('',(5.13454721935,-0.811603654217));
#2488 = CARTESIAN_POINT('',(5.136796880728,-0.802004073223));
#2489 = CARTESIAN_POINT('',(5.138942327714,-0.792374992874));
#2490 = CARTESIAN_POINT('',(5.14098474266,-0.782716682366));
#2491 = CARTESIAN_POINT('',(5.142925179031,-0.773029422472));
#2492 = ( GEOMETRIC_REPRESENTATION_CONTEXT(2) 
PARAMETRIC_REPRESENTATION_CONTEXT() REPRESENTATION_CONTEXT('2D SPACE',''
  ) );
#2493 = ADVANCED_FACE('',(#2494),#388,.F.);
#2494 = FACE_BOUND('',#2495,.F.);
#2495 = EDGE_LOOP('',(#2496,#2520,#2646,#2858,#2914,#2915));
#2496 = ORIENTED_EDGE('',*,*,#2497,.F.);
#2497 = EDGE_CURVE('',#2498,#351,#2500,.T.);
#2498 = VERTEX_POINT('',#2499);
#2499 = CARTESIAN_POINT('',(47.5,11.043101510573,-114.5));
#2500 = SURFACE_CURVE('',#2501,(#2506,#2513),.PCURVE_S1.);
#2501 = CIRCLE('',#2502,11.532454205415);
#2502 = AXIS2_PLACEMENT_3D('',#2503,#2504,#2505);
#2503 = CARTESIAN_POINT('',(45.65,-0.34,-114.5));
#2504 = DIRECTION('',(0.,0.,1.));
#2505 = DIRECTION('',(1.,0.,-0.));
#2506 = PCURVE('',#388,#2507);
#2507 = DEFINITIONAL_REPRESENTATION('',(#2508),#2512);
#2508 = LINE('',#2509,#2510);
#2509 = CARTESIAN_POINT('',(0.,-0.989432178087));
#2510 = VECTOR('',#2511,1.);
#2511 = DIRECTION('',(1.,0.));
#2512 = ( GEOMETRIC_REPRESENTATION_CONTEXT(2) 
PARAMETRIC_REPRESENTATION_CONTEXT() REPRESENTATION_CONTEXT('2D SPACE',''
  ) );
#2513 = PCURVE('',#260,#2514);
#2514 = DEFINITIONAL_REPRESENTATION('',(#2515),#2519);
#2515 = CIRCLE('',#2516,11.532454205415);
#2516 = AXIS2_PLACEMENT_2D('',#2517,#2518);
#2517 = CARTESIAN_POINT('',(93.15,22.66));
#2518 = DIRECTION('',(1.,0.));
#2519 = ( GEOMETRIC_REPRESENTATION_CONTEXT(2) 
PARAMETRIC_REPRESENTATION_CONTEXT() REPRESENTATION_CONTEXT('2D SPACE',''
  ) );
#2520 = ORIENTED_EDGE('',*,*,#2521,.T.);
#2521 = EDGE_CURVE('',#2498,#2522,#2524,.T.);
#2522 = VERTEX_POINT('',#2523);
#2523 = CARTESIAN_POINT('',(47.5,5.175,-76.77173756241));
#2524 = SURFACE_CURVE('',#2525,(#2530,#2634),.PCURVE_S1.);
#2525 = CIRCLE('',#2526,20.91835318566);
#2526 = AXIS2_PLACEMENT_3D('',#2527,#2528,#2529);
#2527 = CARTESIAN_POINT('',(47.5,-0.34,-96.95));
#2528 = DIRECTION('',(1.,0.,-0.));
#2529 = DIRECTION('',(0.,0.,1.));
#2530 = PCURVE('',#388,#2531);
#2531 = DEFINITIONAL_REPRESENTATION('',(#2532),#2633);
#2532 = B_SPLINE_CURVE_WITH_KNOTS('',8,(#2533,#2534,#2535,#2536,#2537,
    #2538,#2539,#2540,#2541,#2542,#2543,#2544,#2545,#2546,#2547,#2548,
    #2549,#2550,#2551,#2552,#2553,#2554,#2555,#2556,#2557,#2558,#2559,
    #2560,#2561,#2562,#2563,#2564,#2565,#2566,#2567,#2568,#2569,#2570,
    #2571,#2572,#2573,#2574,#2575,#2576,#2577,#2578,#2579,#2580,#2581,
    #2582,#2583,#2584,#2585,#2586,#2587,#2588,#2589,#2590,#2591,#2592,
    #2593,#2594,#2595,#2596,#2597,#2598,#2599,#2600,#2601,#2602,#2603,
    #2604,#2605,#2606,#2607,#2608,#2609,#2610,#2611,#2612,#2613,#2614,
    #2615,#2616,#2617,#2618,#2619,#2620,#2621,#2622,#2623,#2624,#2625,
    #2626,#2627,#2628,#2629,#2630,#2631,#2632),.UNSPECIFIED.,.F.,.F.,(9,
    7,7,7,7,7,7,7,7,7,7,7,7,7,9),(3.716989940556,4.037764361384,
    4.599119597833,5.020136025169,5.335898345672,5.572720086049,
    5.750336391332,5.883548620294,5.983457792015,6.058389670806,
    6.1145885799,6.15673776172,6.21996153445,6.251573420815,
    6.28318530718),.UNSPECIFIED.);
#2533 = CARTESIAN_POINT('',(1.409683366943,-0.989432178087));
#2534 = CARTESIAN_POINT('',(1.419471843708,-0.94985465485));
#2535 = CARTESIAN_POINT('',(1.427621872091,-0.910205176967));
#2536 = CARTESIAN_POINT('',(1.43457117577,-0.870503562363));
#2537 = CARTESIAN_POINT('',(1.440570441054,-0.830761144603));
#2538 = CARTESIAN_POINT('',(1.445801798341,-0.790986211549));
#2539 = CARTESIAN_POINT('',(1.450393392892,-0.751184631342));
#2540 = CARTESIAN_POINT('',(1.454444195144,-0.711360990496));
#2541 = CARTESIAN_POINT('',(1.464305179512,-0.601795126648));
#2542 = CARTESIAN_POINT('',(1.46915643316,-0.532014770282));
#2543 = CARTESIAN_POINT('',(1.472990542316,-0.462196943019));
#2544 = CARTESIAN_POINT('',(1.476008384037,-0.392351793031));
#2545 = CARTESIAN_POINT('',(1.478350619579,-0.322487049773));
#2546 = CARTESIAN_POINT('',(1.480101270459,-0.252608262854));
#2547 = CARTESIAN_POINT('',(1.481315905025,-0.182720195953));
#2548 = CARTESIAN_POINT('',(1.482549493386,-6.040730535339E-02));
#2549 = CARTESIAN_POINT('',(1.48279145805,-7.984677667142E-03));
#2550 = CARTESIAN_POINT('',(1.482757991596,4.443896975305E-02));
#2551 = CARTESIAN_POINT('',(1.482451458863,9.686195137464E-02));
#2552 = CARTESIAN_POINT('',(1.481866727757,0.149282603613));
#2553 = CARTESIAN_POINT('',(1.480990912555,0.201699163908));
#2554 = CARTESIAN_POINT('',(1.479801437352,0.254109619087));
#2555 = CARTESIAN_POINT('',(1.47710815635,0.345812950976));
#2556 = CARTESIAN_POINT('',(1.475757228743,0.385109566236));
#2557 = CARTESIAN_POINT('',(1.474194607308,0.424400340115));
#2558 = CARTESIAN_POINT('',(1.472400518741,0.463684079125));
#2559 = CARTESIAN_POINT('',(1.470350133982,0.502959402359));
#2560 = CARTESIAN_POINT('',(1.468011697145,0.542224650943));
#2561 = CARTESIAN_POINT('',(1.465343095324,0.581477729548));
#2562 = CARTESIAN_POINT('',(1.459994699745,0.650144492758));
#2563 = CARTESIAN_POINT('',(1.457484425229,0.679564705419));
#2564 = CARTESIAN_POINT('',(1.454731916773,0.708975359428));
#2565 = CARTESIAN_POINT('',(1.451707461683,0.738375053299));
#2566 = CARTESIAN_POINT('',(1.448375205551,0.767762117471));
#2567 = CARTESIAN_POINT('',(1.444690638412,0.797134500645));
#2568 = CARTESIAN_POINT('',(1.440596125061,0.82648956757));
#2569 = CARTESIAN_POINT('',(1.432578245334,0.877824488794));
#2570 = CARTESIAN_POINT('',(1.428867974889,0.899813453459));
#2571 = CARTESIAN_POINT('',(1.424850958623,0.921789214703));
#2572 = CARTESIAN_POINT('',(1.420488178226,0.943750002816));
#2573 = CARTESIAN_POINT('',(1.4157320021,0.965693660482));
#2574 = CARTESIAN_POINT('',(1.410523758528,0.987617533297));
#2575 = CARTESIAN_POINT('',(1.404788916891,1.009518249386));
#2576 = CARTESIAN_POINT('',(1.393656625029,1.047796055137));
#2577 = CARTESIAN_POINT('',(1.3885332564,1.064185256757));
#2578 = CARTESIAN_POINT('',(1.383015315415,1.080556973382));
#2579 = CARTESIAN_POINT('',(1.37705267526,1.096908930757));
#2580 = CARTESIAN_POINT('',(1.370584506923,1.113238363313));
#2581 = CARTESIAN_POINT('',(1.363536256827,1.129541875426));
#2582 = CARTESIAN_POINT('',(1.355813887485,1.145815170429));
#2583 = CARTESIAN_POINT('',(1.340902168552,1.17423053936));
#2584 = CARTESIAN_POINT('',(1.334062212945,1.186388337699));
#2585 = CARTESIAN_POINT('',(1.32672046998,1.198523501502));
#2586 = CARTESIAN_POINT('',(1.31881478801,1.210633165102));
#2587 = CARTESIAN_POINT('',(1.31027037622,1.222713863907));
#2588 = CARTESIAN_POINT('',(1.300996258135,1.23476136574));
#2589 = CARTESIAN_POINT('',(1.29087895457,1.246770357327));
#2590 = CARTESIAN_POINT('',(1.271440237178,1.267706484974));
#2591 = CARTESIAN_POINT('',(1.262552145072,1.2766535203));
#2592 = CARTESIAN_POINT('',(1.253044826059,1.285572030964));
#2593 = CARTESIAN_POINT('',(1.242845064367,1.294458522003));
#2594 = CARTESIAN_POINT('',(1.23186646361,1.303308849093));
#2595 = CARTESIAN_POINT('',(1.220005246505,1.312117993383));
#2596 = CARTESIAN_POINT('',(1.207133832819,1.320879699406));
#2597 = CARTESIAN_POINT('',(1.182560967603,1.336115683566));
#2598 = CARTESIAN_POINT('',(1.171371460582,1.342614208984));
#2599 = CARTESIAN_POINT('',(1.159456114899,1.349078181866));
#2600 = CARTESIAN_POINT('',(1.14673683476,1.355503650725));
#2601 = CARTESIAN_POINT('',(1.133122860667,1.361885977992));
#2602 = CARTESIAN_POINT('',(1.118507589158,1.368219634937));
#2603 = CARTESIAN_POINT('',(1.102764339771,1.374497896559));
#2604 = CARTESIAN_POINT('',(1.072973616331,1.385373341383));
#2605 = CARTESIAN_POINT('',(1.059486161893,1.389998401622));
#2606 = CARTESIAN_POINT('',(1.045214492443,1.394584102662));
#2607 = CARTESIAN_POINT('',(1.030086512174,1.399126411718));
#2608 = CARTESIAN_POINT('',(1.014020696228,1.403620679143));
#2609 = CARTESIAN_POINT('',(0.996924701287,1.408061494623));
#2610 = CARTESIAN_POINT('',(0.978694133445,1.41244249818));
#2611 = CARTESIAN_POINT('',(0.929987483301,1.423226617636));
#2612 = CARTESIAN_POINT('',(0.897946226267,1.429545524473));
#2613 = CARTESIAN_POINT('',(0.862692074252,1.435687492083));
#2614 = CARTESIAN_POINT('',(0.82376119002,1.441620792446));
#2615 = CARTESIAN_POINT('',(0.780627577572,1.447306480235));
#2616 = CARTESIAN_POINT('',(0.732696328423,1.452694808752));
#2617 = CARTESIAN_POINT('',(0.679377116052,1.457722798528));
#2618 = CARTESIAN_POINT('',(0.590807928338,1.46461384813));
#2619 = CARTESIAN_POINT('',(0.559853150743,1.466802379744));
#2620 = CARTESIAN_POINT('',(0.527424217306,1.468873235636));
#2621 = CARTESIAN_POINT('',(0.493494585141,1.470816595378));
#2622 = CARTESIAN_POINT('',(0.458060285975,1.47262210887));
#2623 = CARTESIAN_POINT('',(0.421150526031,1.474279175001));
#2624 = CARTESIAN_POINT('',(0.382837019388,1.475777397772));
#2625 = CARTESIAN_POINT('',(0.303636710765,1.478437039407));
#2626 = CARTESIAN_POINT('',(0.2627498692,1.479598457734));
#2627 = CARTESIAN_POINT('',(0.220693590355,1.480581913162));
#2628 = CARTESIAN_POINT('',(0.17762948228,1.481378669525));
#2629 = CARTESIAN_POINT('',(0.133768147933,1.481981415846));
#2630 = CARTESIAN_POINT('',(8.936059130407E-02,1.482384965191));
#2631 = CARTESIAN_POINT('',(4.468031107083E-02,1.482586741078));
#2632 = CARTESIAN_POINT('',(2.760554547717E-15,1.482586741078));
#2633 = ( GEOMETRIC_REPRESENTATION_CONTEXT(2) 
PARAMETRIC_REPRESENTATION_CONTEXT() REPRESENTATION_CONTEXT('2D SPACE',''
  ) );
#2634 = PCURVE('',#2635,#2640);
#2635 = PLANE('',#2636);
#2636 = AXIS2_PLACEMENT_3D('',#2637,#2638,#2639);
#2637 = CARTESIAN_POINT('',(47.5,-23.,-114.5));
#2638 = DIRECTION('',(1.,0.,-0.));
#2639 = DIRECTION('',(0.,0.,1.));
#2640 = DEFINITIONAL_REPRESENTATION('',(#2641),#2645);
#2641 = CIRCLE('',#2642,20.91835318566);
#2642 = AXIS2_PLACEMENT_2D('',#2643,#2644);
#2643 = CARTESIAN_POINT('',(17.55,-22.66));
#2644 = DIRECTION('',(1.,0.));
#2645 = ( GEOMETRIC_REPRESENTATION_CONTEXT(2) 
PARAMETRIC_REPRESENTATION_CONTEXT() REPRESENTATION_CONTEXT('2D SPACE',''
  ) );
#2646 = ORIENTED_EDGE('',*,*,#2647,.T.);
#2647 = EDGE_CURVE('',#2522,#2648,#2650,.T.);
#2648 = VERTEX_POINT('',#2649);
#2649 = CARTESIAN_POINT('',(54.,5.175,-78.48754417743));
#2650 = SURFACE_CURVE('',#2651,(#2656,#2851),.PCURVE_S1.);
#2651 = CIRCLE('',#2652,20.262891575488);
#2652 = AXIS2_PLACEMENT_3D('',#2653,#2654,#2655);
#2653 = CARTESIAN_POINT('',(45.65,5.175,-96.95));
#2654 = DIRECTION('',(-0.,1.,0.));
#2655 = DIRECTION('',(0.,0.,1.));
#2656 = PCURVE('',#388,#2657);
#2657 = DEFINITIONAL_REPRESENTATION('',(#2658),#2850);
#2658 = B_SPLINE_CURVE_WITH_KNOTS('',8,(#2659,#2660,#2661,#2662,#2663,
    #2664,#2665,#2666,#2667,#2668,#2669,#2670,#2671,#2672,#2673,#2674,
    #2675,#2676,#2677,#2678,#2679,#2680,#2681,#2682,#2683,#2684,#2685,
    #2686,#2687,#2688,#2689,#2690,#2691,#2692,#2693,#2694,#2695,#2696,
    #2697,#2698,#2699,#2700,#2701,#2702,#2703,#2704,#2705,#2706,#2707,
    #2708,#2709,#2710,#2711,#2712,#2713,#2714,#2715,#2716,#2717,#2718,
    #2719,#2720,#2721,#2722,#2723,#2724,#2725,#2726,#2727,#2728,#2729,
    #2730,#2731,#2732,#2733,#2734,#2735,#2736,#2737,#2738,#2739,#2740,
    #2741,#2742,#2743,#2744,#2745,#2746,#2747,#2748,#2749,#2750,#2751,
    #2752,#2753,#2754,#2755,#2756,#2757,#2758,#2759,#2760,#2761,#2762,
    #2763,#2764,#2765,#2766,#2767,#2768,#2769,#2770,#2771,#2772,#2773,
    #2774,#2775,#2776,#2777,#2778,#2779,#2780,#2781,#2782,#2783,#2784,
    #2785,#2786,#2787,#2788,#2789,#2790,#2791,#2792,#2793,#2794,#2795,
    #2796,#2797,#2798,#2799,#2800,#2801,#2802,#2803,#2804,#2805,#2806,
    #2807,#2808,#2809,#2810,#2811,#2812,#2813,#2814,#2815,#2816,#2817,
    #2818,#2819,#2820,#2821,#2822,#2823,#2824,#2825,#2826,#2827,#2828,
    #2829,#2830,#2831,#2832,#2833,#2834,#2835,#2836,#2837,#2838,#2839,
    #2840,#2841,#2842,#2843,#2844,#2845,#2846,#2847,#2848,#2849),
  .UNSPECIFIED.,.F.,.F.,(9,7,7,7,7,7,7,7,7,7,7,7,7,7,7,7,7,7,7,7,7,7,7,7
    ,7,7,7,9),(0.,9.817477042468E-02,0.194815560061,0.385077114659,
    0.569392995675,0.926505015144,1.261297533396,1.889033505119,
    2.163667992748,2.4211378249,2.662515792543,2.888807637207,
    2.994881939394,3.097641419637,3.197189666123,3.293627029906,
    3.480474422236,3.655643852545,3.984086534374,4.558861227575,
    4.989942247476,5.313253012402,5.555736086097,5.737598391367,
    5.87399512032,6.07859021375,6.180887760465,6.28318530718),
  .UNSPECIFIED.);
#2659 = CARTESIAN_POINT('',(1.570796326795,1.305060801051));
#2660 = CARTESIAN_POINT('',(1.525707824334,1.305060801051));
#2661 = CARTESIAN_POINT('',(1.480619358003,1.3044284352));
#2662 = CARTESIAN_POINT('',(1.435820387316,1.303163711584));
#2663 = CARTESIAN_POINT('',(1.391601317852,1.301275033394));
#2664 = CARTESIAN_POINT('',(1.348227607403,1.298779322318));
#2665 = CARTESIAN_POINT('',(1.305920226198,1.295700364018));
#2666 = CARTESIAN_POINT('',(1.264846663298,1.292066454208));
#2667 = CARTESIAN_POINT('',(1.186027304067,1.283815362661));
#2668 = CARTESIAN_POINT('',(1.148239494972,1.27921443332));
#2669 = CARTESIAN_POINT('',(1.111877300919,1.274135038368));
#2670 = CARTESIAN_POINT('',(1.077008839913,1.268608998807));
#2671 = CARTESIAN_POINT('',(1.043659732961,1.262668629117));
#2672 = CARTESIAN_POINT('',(1.011822771457,1.256345376321));
#2673 = CARTESIAN_POINT('',(0.981468654051,1.249669006583));
#2674 = CARTESIAN_POINT('',(0.895624228508,1.228882758093));
#2675 = CARTESIAN_POINT('',(0.844269857767,1.213837277637));
#2676 = CARTESIAN_POINT('',(0.798149047101,1.197743016334));
#2677 = CARTESIAN_POINT('',(0.756690875962,1.180782147657));
#2678 = CARTESIAN_POINT('',(0.719326190969,1.163097005372));
#2679 = CARTESIAN_POINT('',(0.685547095022,1.144801787862));
#2680 = CARTESIAN_POINT('',(0.654908674612,1.125987788492));
#2681 = CARTESIAN_POINT('',(0.600021198235,1.088072400266));
#2682 = CARTESIAN_POINT('',(0.575602392895,1.068998362186));
#2683 = CARTESIAN_POINT('',(0.553425591576,1.049574474907));
#2684 = CARTESIAN_POINT('',(0.533198962535,1.029852925603));
#2685 = CARTESIAN_POINT('',(0.51468078322,1.009875153696));
#2686 = CARTESIAN_POINT('',(0.497669880461,0.989674777341));
#2687 = CARTESIAN_POINT('',(0.481996217546,0.969279477667));
#2688 = CARTESIAN_POINT('',(0.439460466569,0.908863533201));
#2689 = CARTESIAN_POINT('',(0.415884845242,0.868369687671));
#2690 = CARTESIAN_POINT('',(0.395742049257,0.827398735629));
#2691 = CARTESIAN_POINT('',(0.378348265331,0.786054122581));
#2692 = CARTESIAN_POINT('',(0.363212588991,0.744410596492));
#2693 = CARTESIAN_POINT('',(0.349970369988,0.70252287728));
#2694 = CARTESIAN_POINT('',(0.338342755218,0.660433454575));
#2695 = CARTESIAN_POINT('',(0.318521784793,0.578559329904));
#2696 = CARTESIAN_POINT('',(0.310159199381,0.538794999225));
#2697 = CARTESIAN_POINT('',(0.302845944724,0.498910476218));
#2698 = CARTESIAN_POINT('',(0.296450514444,0.45892661656));
#2699 = CARTESIAN_POINT('',(0.290872019441,0.418860135386));
#2700 = CARTESIAN_POINT('',(0.286031481939,0.378724955612));
#2701 = CARTESIAN_POINT('',(0.281867440254,0.338532906107));
#2702 = CARTESIAN_POINT('',(0.271703419433,0.222847205225));
#2703 = CARTESIAN_POINT('',(0.267285115201,0.147236688775));
#2704 = CARTESIAN_POINT('',(0.264762725179,7.153141031786E-02));
#2705 = CARTESIAN_POINT('',(0.26399331255,-4.217806751655E-03));
#2706 = CARTESIAN_POINT('',(0.264931130637,-7.996511680099E-02));
#2707 = CARTESIAN_POINT('',(0.267628755077,-0.155664490263));
#2708 = CARTESIAN_POINT('',(0.272236973453,-0.231264592709));
#2709 = CARTESIAN_POINT('',(0.282077228612,-0.33969665605));
#2710 = CARTESIAN_POINT('',(0.285500317806,-0.37266534783));
#2711 = CARTESIAN_POINT('',(0.289378898183,-0.405595833138));
#2712 = CARTESIAN_POINT('',(0.293746917408,-0.438481552886));
#2713 = CARTESIAN_POINT('',(0.298645834898,-0.471315074353));
#2714 = CARTESIAN_POINT('',(0.304126609983,-0.504087768723));
#2715 = CARTESIAN_POINT('',(0.310252851891,-0.5367893162));
#2716 = CARTESIAN_POINT('',(0.323529143753,-0.599986153562));
#2717 = CARTESIAN_POINT('',(0.330591289956,-0.630491591945));
#2718 = CARTESIAN_POINT('',(0.338358077061,-0.66091288536));
#2719 = CARTESIAN_POINT('',(0.346909251173,-0.691237728303));
#2720 = CARTESIAN_POINT('',(0.35634172884,-0.721451336464));
#2721 = CARTESIAN_POINT('',(0.366774398265,-0.75153571872));
#2722 = CARTESIAN_POINT('',(0.378356361089,-0.781468341373));
#2723 = CARTESIAN_POINT('',(0.403398208045,-0.839111527152));
#2724 = CARTESIAN_POINT('',(0.41669549532,-0.866844047218));
#2725 = CARTESIAN_POINT('',(0.431332499315,-0.894392850971));
#2726 = CARTESIAN_POINT('',(0.447503364555,-0.921728218915));
#2727 = CARTESIAN_POINT('',(0.465446938693,-0.948812953072));
#2728 = CARTESIAN_POINT('',(0.485462637334,-0.97559990468));
#2729 = CARTESIAN_POINT('',(0.507934453985,-1.002027106249));
#2730 = CARTESIAN_POINT('',(0.557206923813,-1.052365966101));
#2731 = CARTESIAN_POINT('',(0.583649190134,-1.076331619149));
#2732 = CARTESIAN_POINT('',(0.613106906683,-1.099834373167));
#2733 = CARTESIAN_POINT('',(0.646084414264,-1.122784818601));
#2734 = CARTESIAN_POINT('',(0.683206542068,-1.14506681662));
#2735 = CARTESIAN_POINT('',(0.725224590624,-1.166530236915));
#2736 = CARTESIAN_POINT('',(0.773074801714,-1.186968145317));
#2737 = CARTESIAN_POINT('',(0.853206312468,-1.21507888357));
#2738 = CARTESIAN_POINT('',(0.880254016811,-1.223765054095));
#2739 = CARTESIAN_POINT('',(0.908865545086,-1.232137702366));
#2740 = CARTESIAN_POINT('',(0.939128135283,-1.240165622516));
#2741 = CARTESIAN_POINT('',(0.971120373381,-1.247814130364));
#2742 = CARTESIAN_POINT('',(1.004902745436,-1.255045245868));
#2743 = CARTESIAN_POINT('',(1.040504625745,-1.26181851105));
#2744 = CARTESIAN_POINT('',(1.114141930356,-1.274170315343));
#2745 = CARTESIAN_POINT('',(1.152066603036,-1.279779588287));
#2746 = CARTESIAN_POINT('',(1.191665258583,-1.28488257897));
#2747 = CARTESIAN_POINT('',(1.232880543057,-1.289440903436));
#2748 = CARTESIAN_POINT('',(1.275601482304,-1.29341673775));
#2749 = CARTESIAN_POINT('',(1.31965271639,-1.296775431529));
#2750 = CARTESIAN_POINT('',(1.364794968389,-1.299488435662));
#2751 = CARTESIAN_POINT('',(1.455261102444,-1.3035186046));
#2752 = CARTESIAN_POINT('',(1.500535201692,-1.304876733745));
#2753 = CARTESIAN_POINT('',(1.54631160651,-1.305591499035));
#2754 = CARTESIAN_POINT('',(1.592295244184,-1.305651662164));
#2755 = CARTESIAN_POINT('',(1.63816830436,-1.305055175642));
#2756 = CARTESIAN_POINT('',(1.68361966897,-1.303809585202));
#2757 = CARTESIAN_POINT('',(1.728372521613,-1.301930995974));
#2758 = CARTESIAN_POINT('',(1.814647059567,-1.297030389313));
#2759 = CARTESIAN_POINT('',(1.856226019606,-1.29404594373));
#2760 = CARTESIAN_POINT('',(1.896720289268,-1.290508830615));
#2761 = CARTESIAN_POINT('',(1.935958072174,-1.286445082503));
#2762 = CARTESIAN_POINT('',(1.973817736348,-1.281884567822));
#2763 = CARTESIAN_POINT('',(2.010225469075,-1.276858945345));
#2764 = CARTESIAN_POINT('',(2.045146329969,-1.271399943791));
#2765 = CARTESIAN_POINT('',(2.143343948152,-1.254181979139));
#2766 = CARTESIAN_POINT('',(2.202512324516,-1.241314749569));
#2767 = CARTESIAN_POINT('',(2.256042993387,-1.227161779861));
#2768 = CARTESIAN_POINT('',(2.304326883777,-1.2119365807));
#2769 = CARTESIAN_POINT('',(2.347913497838,-1.195813312354));
#2770 = CARTESIAN_POINT('',(2.387326166952,-1.178933259369));
#2771 = CARTESIAN_POINT('',(2.423056042255,-1.161410828629));
#2772 = CARTESIAN_POINT('',(2.485984417571,-1.126397032426));
#2773 = CARTESIAN_POINT('',(2.513576605755,-1.108972171268));
#2774 = CARTESIAN_POINT('',(2.538668695335,-1.091141396901));
#2775 = CARTESIAN_POINT('',(2.561574126524,-1.072965046439));
#2776 = CARTESIAN_POINT('',(2.582557822076,-1.054491272895));
#2777 = CARTESIAN_POINT('',(2.601842646755,-1.035759191896));
#2778 = CARTESIAN_POINT('',(2.619618891306,-1.01680109082));
#2779 = CARTESIAN_POINT('',(2.666853485544,-0.961724119375));
#2780 = CARTESIAN_POINT('',(2.692923832098,-0.925104407289));
#2781 = CARTESIAN_POINT('',(2.71532696107,-0.887961991425));
#2782 = CARTESIAN_POINT('',(2.734785749449,-0.850408927249));
#2783 = CARTESIAN_POINT('',(2.751821011937,-0.812524687054));
#2784 = CARTESIAN_POINT('',(2.766826036286,-0.774369442702));
#2785 = CARTESIAN_POINT('',(2.780102672331,-0.735988459094));
#2786 = CARTESIAN_POINT('',(2.812514138032,-0.629919784697));
#2787 = CARTESIAN_POINT('',(2.828574530404,-0.561841303527));
#2788 = CARTESIAN_POINT('',(2.841342387219,-0.493376015435));
#2789 = CARTESIAN_POINT('',(2.851487253845,-0.424627976408));
#2790 = CARTESIAN_POINT('',(2.859468046565,-0.355674740441));
#2791 = CARTESIAN_POINT('',(2.865573787746,-0.286571928634));
#2792 = CARTESIAN_POINT('',(2.869997430439,-0.217366186379));
#2793 = CARTESIAN_POINT('',(2.874978171359,-9.614752191461E-02));
#2794 = CARTESIAN_POINT('',(2.876225447061,-4.416177464566E-02));
#2795 = CARTESIAN_POINT('',(2.876629838513,7.841641956679E-03));
#2796 = CARTESIAN_POINT('',(2.876208634577,5.984696841668E-02));
#2797 = CARTESIAN_POINT('',(2.874956573758,0.111838979247));
#2798 = CARTESIAN_POINT('',(2.872846166114,0.163801896583));
#2799 = CARTESIAN_POINT('',(2.869823732964,0.215718145732));
#2800 = CARTESIAN_POINT('',(2.862784238018,0.306453557787));
#2801 = CARTESIAN_POINT('',(2.85920472002,0.345302219315));
#2802 = CARTESIAN_POINT('',(2.855025325848,0.384104137347));
#2803 = CARTESIAN_POINT('',(2.850197801737,0.422849454623));
#2804 = CARTESIAN_POINT('',(2.844660270092,0.461526763037));
#2805 = CARTESIAN_POINT('',(2.838334031104,0.500122578525));
#2806 = CARTESIAN_POINT('',(2.831117490244,0.538620393541));
#2807 = CARTESIAN_POINT('',(2.81669292453,0.605782808546));
#2808 = CARTESIAN_POINT('',(2.809933761972,0.63449959044));
#2809 = CARTESIAN_POINT('',(2.802540288229,0.663140314074));
#2810 = CARTESIAN_POINT('',(2.794444036427,0.691694410353));
#2811 = CARTESIAN_POINT('',(2.785563317841,0.720149432846));
#2812 = CARTESIAN_POINT('',(2.775798960448,0.748490377715));
#2813 = CARTESIAN_POINT('',(2.765027646408,0.776698579808));
#2814 = CARTESIAN_POINT('',(2.744141749976,0.825788888808));
#2815 = CARTESIAN_POINT('',(2.734536154003,0.84673949657));
#2816 = CARTESIAN_POINT('',(2.724209992241,0.867591949416));
#2817 = CARTESIAN_POINT('',(2.713086313918,0.888334438532));
#2818 = CARTESIAN_POINT('',(2.701075145508,0.908953094847));
#2819 = CARTESIAN_POINT('',(2.688070016254,0.929431347067));
#2820 = CARTESIAN_POINT('',(2.67394314947,0.949748948021));
#2821 = CARTESIAN_POINT('',(2.646986447277,0.984979460254));
#2822 = CARTESIAN_POINT('',(2.63471528714,0.999973689082));
#2823 = CARTESIAN_POINT('',(2.621660280266,1.014852708089));
#2824 = CARTESIAN_POINT('',(2.607747259661,1.029604246275));
#2825 = CARTESIAN_POINT('',(2.5928917121,1.044214099806));
#2826 = CARTESIAN_POINT('',(2.576996984766,1.058665651235));
#2827 = CARTESIAN_POINT('',(2.559952436757,1.072939217481));
#2828 = CARTESIAN_POINT('',(2.514150183474,1.108119240162));
#2829 = CARTESIAN_POINT('',(2.483797047103,1.128773752434));
#2830 = CARTESIAN_POINT('',(2.450145499799,1.148895130468));
#2831 = CARTESIAN_POINT('',(2.412688822073,1.16838422267));
#2832 = CARTESIAN_POINT('',(2.370832083172,1.187114711537));
#2833 = CARTESIAN_POINT('',(2.323889251024,1.204926770277));
#2834 = CARTESIAN_POINT('',(2.271121490133,1.221608981144));
#2835 = CARTESIAN_POINT('',(2.182498568303,1.244556577458));
#2836 = CARTESIAN_POINT('',(2.151379052277,1.251859825584));
#2837 = CARTESIAN_POINT('',(2.118619670964,1.258785375852));
#2838 = CARTESIAN_POINT('',(2.08417495344,1.265298868435));
#2839 = CARTESIAN_POINT('',(2.048023056048,1.271363565232));
#2840 = CARTESIAN_POINT('',(2.010179722112,1.276941231724));
#2841 = CARTESIAN_POINT('',(1.970711682527,1.281993777288));
#2842 = CARTESIAN_POINT('',(1.888773824278,1.290977752486));
#2843 = CARTESIAN_POINT('',(1.846303940892,1.294909180187));
#2844 = CARTESIAN_POINT('',(1.802457144762,1.298244601908));
#2845 = CARTESIAN_POINT('',(1.757412885132,1.30095117908));
#2846 = CARTESIAN_POINT('',(1.711414641464,1.303001032998));
#2847 = CARTESIAN_POINT('',(1.664760197744,1.304374208437));
#2848 = CARTESIAN_POINT('',(1.617778287301,1.305060801051));
#2849 = CARTESIAN_POINT('',(1.570796326795,1.305060801051));
#2850 = ( GEOMETRIC_REPRESENTATION_CONTEXT(2) 
PARAMETRIC_REPRESENTATION_CONTEXT() REPRESENTATION_CONTEXT('2D SPACE',''
  ) );
#2851 = PCURVE('',#1421,#2852);
#2852 = DEFINITIONAL_REPRESENTATION('',(#2853),#2857);
#2853 = CIRCLE('',#2854,20.262891575488);
#2854 = AXIS2_PLACEMENT_2D('',#2855,#2856);
#2855 = CARTESIAN_POINT('',(153.05,295.65));
#2856 = DIRECTION('',(1.,0.));
#2857 = ( GEOMETRIC_REPRESENTATION_CONTEXT(2) 
PARAMETRIC_REPRESENTATION_CONTEXT() REPRESENTATION_CONTEXT('2D SPACE',''
  ) );
#2858 = ORIENTED_EDGE('',*,*,#2859,.F.);
#2859 = EDGE_CURVE('',#1966,#2648,#2860,.T.);
#2860 = SURFACE_CURVE('',#2861,(#2866,#2907),.PCURVE_S1.);
#2861 = CIRCLE('',#2862,19.268562478815);
#2862 = AXIS2_PLACEMENT_3D('',#2863,#2864,#2865);
#2863 = CARTESIAN_POINT('',(54.,-0.34,-96.95));
#2864 = DIRECTION('',(1.,0.,-0.));
#2865 = DIRECTION('',(0.,0.,1.));
#2866 = PCURVE('',#388,#2867);
#2867 = DEFINITIONAL_REPRESENTATION('',(#2868),#2906);
#2868 = B_SPLINE_CURVE_WITH_KNOTS('',8,(#2869,#2870,#2871,#2872,#2873,
    #2874,#2875,#2876,#2877,#2878,#2879,#2880,#2881,#2882,#2883,#2884,
    #2885,#2886,#2887,#2888,#2889,#2890,#2891,#2892,#2893,#2894,#2895,
    #2896,#2897,#2898,#2899,#2900,#2901,#2902,#2903,#2904,#2905),
  .UNSPECIFIED.,.F.,.F.,(9,7,7,7,7,9),(4.337809765558,4.778630970934,
    5.439862778998,5.77047868303,5.935786635046,6.101094587061),
  .UNSPECIFIED.);
#2869 = CARTESIAN_POINT('',(1.135016920784,-0.342363421915));
#2870 = CARTESIAN_POINT('',(1.143306662702,-0.2924105924));
#2871 = CARTESIAN_POINT('',(1.149931204985,-0.242237402034));
#2872 = CARTESIAN_POINT('',(1.155063539444,-0.191900710633));
#2873 = CARTESIAN_POINT('',(1.15881970682,-0.141446616209));
#2874 = CARTESIAN_POINT('',(1.161274356404,-9.091532266673E-02));
#2875 = CARTESIAN_POINT('',(1.162468211795,-4.034394749679E-02));
#2876 = CARTESIAN_POINT('',(1.16240985083,1.023145006651E-02));
#2877 = CARTESIAN_POINT('',(1.159070743139,0.13658617474));
#2878 = CARTESIAN_POINT('',(1.154193381472,0.212323597745));
#2879 = CARTESIAN_POINT('',(1.146357288982,0.287859181539));
#2880 = CARTESIAN_POINT('',(1.135306315711,0.363058195517));
#2881 = CARTESIAN_POINT('',(1.120596630554,0.437763266173));
#2882 = CARTESIAN_POINT('',(1.10152307616,0.511762554898));
#2883 = CARTESIAN_POINT('',(1.076986636978,0.584768134577));
#2884 = CARTESIAN_POINT('',(1.029067776006,0.692004846957));
#2885 = CARTESIAN_POINT('',(1.011242477206,0.727371803404));
#2886 = CARTESIAN_POINT('',(0.99132142465,0.762295005883));
#2887 = CARTESIAN_POINT('',(0.969009026336,0.796694764793));
#2888 = CARTESIAN_POINT('',(0.943941126535,0.830471428415));
#2889 = CARTESIAN_POINT('',(0.915673440395,0.863498596994));
#2890 = CARTESIAN_POINT('',(0.883647699615,0.895609907986));
#2891 = CARTESIAN_POINT('',(0.829006276673,0.942068228834));
#2892 = CARTESIAN_POINT('',(0.809692042518,0.957269569691));
#2893 = CARTESIAN_POINT('',(0.789196739871,0.972158207039));
#2894 = CARTESIAN_POINT('',(0.767434934889,0.986702751047));
#2895 = CARTESIAN_POINT('',(0.744316426406,1.000867678488));
#2896 = CARTESIAN_POINT('',(0.719748830225,1.014612849451));
#2897 = CARTESIAN_POINT('',(0.693642723176,1.027893221752));
#2898 = CARTESIAN_POINT('',(0.638195970706,1.053424304338));
#2899 = CARTESIAN_POINT('',(0.608855382836,1.065675024788));
#2900 = CARTESIAN_POINT('',(0.577818881535,1.077360927884));
#2901 = CARTESIAN_POINT('',(0.545019435623,1.088427186217));
#2902 = CARTESIAN_POINT('',(0.510408935409,1.098814249528));
#2903 = CARTESIAN_POINT('',(0.473972651155,1.108458768813));
#2904 = CARTESIAN_POINT('',(0.435745108543,1.117295828277));
#2905 = CARTESIAN_POINT('',(0.395821590552,1.125262976943));
#2906 = ( GEOMETRIC_REPRESENTATION_CONTEXT(2) 
PARAMETRIC_REPRESENTATION_CONTEXT() REPRESENTATION_CONTEXT('2D SPACE',''
  ) );
#2907 = PCURVE('',#1981,#2908);
#2908 = DEFINITIONAL_REPRESENTATION('',(#2909),#2913);
#2909 = CIRCLE('',#2910,19.268562478815);
#2910 = AXIS2_PLACEMENT_2D('',#2911,#2912);
#2911 = CARTESIAN_POINT('',(22.05,-28.66));
#2912 = DIRECTION('',(1.,0.));
#2913 = ( GEOMETRIC_REPRESENTATION_CONTEXT(2) 
PARAMETRIC_REPRESENTATION_CONTEXT() REPRESENTATION_CONTEXT('2D SPACE',''
  ) );
#2914 = ORIENTED_EDGE('',*,*,#1993,.T.);
#2915 = ORIENTED_EDGE('',*,*,#371,.T.);
#2916 = ADVANCED_FACE('',(#2917),#260,.T.);
#2917 = FACE_BOUND('',#2918,.T.);
#2918 = EDGE_LOOP('',(#2919,#2920,#2921,#2942,#2968,#2989,#3015,#3036,
    #3057,#3076,#3077,#3098,#3124,#3145,#3171,#3192,#3213,#3232,#3233,
    #3234,#3257,#3281,#3309,#3333));
#2919 = ORIENTED_EDGE('',*,*,#835,.F.);
#2920 = ORIENTED_EDGE('',*,*,#245,.T.);
#2921 = ORIENTED_EDGE('',*,*,#2922,.T.);
#2922 = EDGE_CURVE('',#246,#2923,#2925,.T.);
#2923 = VERTEX_POINT('',#2924);
#2924 = CARTESIAN_POINT('',(-33.80947501931,12.,-114.5));
#2925 = SURFACE_CURVE('',#2926,(#2930,#2936),.PCURVE_S1.);
#2926 = LINE('',#2927,#2928);
#2927 = CARTESIAN_POINT('',(-33.80947501931,-2.,-114.5));
#2928 = VECTOR('',#2929,1.);
#2929 = DIRECTION('',(0.,1.,0.));
#2930 = PCURVE('',#260,#2931);
#2931 = DEFINITIONAL_REPRESENTATION('',(#2932),#2935);
#2932 = B_SPLINE_CURVE_WITH_KNOTS('',1,(#2933,#2934),.UNSPECIFIED.,.F.,
  .F.,(2,2),(-5.999999999062E-07,14.0000006),.PIECEWISE_BEZIER_KNOTS.);
#2933 = CARTESIAN_POINT('',(13.690524980689,20.9999994));
#2934 = CARTESIAN_POINT('',(13.690524980689,35.0000006));
#2935 = ( GEOMETRIC_REPRESENTATION_CONTEXT(2) 
PARAMETRIC_REPRESENTATION_CONTEXT() REPRESENTATION_CONTEXT('2D SPACE',''
  ) );
#2936 = PCURVE('',#288,#2937);
#2937 = DEFINITIONAL_REPRESENTATION('',(#2938),#2941);
#2938 = B_SPLINE_CURVE_WITH_KNOTS('',1,(#2939,#2940),.UNSPECIFIED.,.F.,
  .F.,(2,2),(-5.999999999062E-07,14.0000006),.PIECEWISE_BEZIER_KNOTS.);
#2939 = CARTESIAN_POINT('',(3.394272908732,-5.999999999062E-07));
#2940 = CARTESIAN_POINT('',(3.394272908732,14.0000006));
#2941 = ( GEOMETRIC_REPRESENTATION_CONTEXT(2) 
PARAMETRIC_REPRESENTATION_CONTEXT() REPRESENTATION_CONTEXT('2D SPACE',''
  ) );
#2942 = ORIENTED_EDGE('',*,*,#2943,.F.);
#2943 = EDGE_CURVE('',#2944,#2923,#2946,.T.);
#2944 = VERTEX_POINT('',#2945);
#2945 = CARTESIAN_POINT('',(-28.8,12.,-114.5));
#2946 = SURFACE_CURVE('',#2947,(#2951,#2957),.PCURVE_S1.);
#2947 = LINE('',#2948,#2949);
#2948 = CARTESIAN_POINT('',(-37.75,12.,-114.5));
#2949 = VECTOR('',#2950,1.);
#2950 = DIRECTION('',(-1.,0.,0.));
#2951 = PCURVE('',#260,#2952);
#2952 = DEFINITIONAL_REPRESENTATION('',(#2953),#2956);
#2953 = B_SPLINE_CURVE_WITH_KNOTS('',1,(#2954,#2955),.UNSPECIFIED.,.F.,
  .F.,(2,2),(-15.75,-3.75),.PIECEWISE_BEZIER_KNOTS.);
#2954 = CARTESIAN_POINT('',(25.5,35.));
#2955 = CARTESIAN_POINT('',(13.5,35.));
#2956 = ( GEOMETRIC_REPRESENTATION_CONTEXT(2) 
PARAMETRIC_REPRESENTATION_CONTEXT() REPRESENTATION_CONTEXT('2D SPACE',''
  ) );
#2957 = PCURVE('',#2958,#2963);
#2958 = PLANE('',#2959);
#2959 = AXIS2_PLACEMENT_3D('',#2960,#2961,#2962);
#2960 = CARTESIAN_POINT('',(-28.,12.,-116.));
#2961 = DIRECTION('',(0.,1.,0.));
#2962 = DIRECTION('',(1.,0.,0.));
#2963 = DEFINITIONAL_REPRESENTATION('',(#2964),#2967);
#2964 = B_SPLINE_CURVE_WITH_KNOTS('',1,(#2965,#2966),.UNSPECIFIED.,.F.,
  .F.,(2,2),(-15.75,-3.75),.PIECEWISE_BEZIER_KNOTS.);
#2965 = CARTESIAN_POINT('',(6.,-1.5));
#2966 = CARTESIAN_POINT('',(-6.,-1.5));
#2967 = ( GEOMETRIC_REPRESENTATION_CONTEXT(2) 
PARAMETRIC_REPRESENTATION_CONTEXT() REPRESENTATION_CONTEXT('2D SPACE',''
  ) );
#2968 = ORIENTED_EDGE('',*,*,#2969,.T.);
#2969 = EDGE_CURVE('',#2944,#2970,#2972,.T.);
#2970 = VERTEX_POINT('',#2971);
#2971 = CARTESIAN_POINT('',(-28.8,14.,-114.5));
#2972 = SURFACE_CURVE('',#2973,(#2977,#2983),.PCURVE_S1.);
#2973 = LINE('',#2974,#2975);
#2974 = CARTESIAN_POINT('',(-28.8,-4.,-114.5));
#2975 = VECTOR('',#2976,1.);
#2976 = DIRECTION('',(0.,1.,0.));
#2977 = PCURVE('',#260,#2978);
#2978 = DEFINITIONAL_REPRESENTATION('',(#2979),#2982);
#2979 = B_SPLINE_CURVE_WITH_KNOTS('',1,(#2980,#2981),.UNSPECIFIED.,.F.,
  .F.,(2,2),(-5.999999999062E-07,18.0000006),.PIECEWISE_BEZIER_KNOTS.);
#2980 = CARTESIAN_POINT('',(18.7,18.9999994));
#2981 = CARTESIAN_POINT('',(18.7,37.0000006));
#2982 = ( GEOMETRIC_REPRESENTATION_CONTEXT(2) 
PARAMETRIC_REPRESENTATION_CONTEXT() REPRESENTATION_CONTEXT('2D SPACE',''
  ) );
#2983 = PCURVE('',#789,#2984);
#2984 = DEFINITIONAL_REPRESENTATION('',(#2985),#2988);
#2985 = B_SPLINE_CURVE_WITH_KNOTS('',1,(#2986,#2987),.UNSPECIFIED.,.F.,
  .F.,(2,2),(-5.999999999062E-07,18.0000006),.PIECEWISE_BEZIER_KNOTS.);
#2986 = CARTESIAN_POINT('',(4.222431654131,-5.999999999062E-07));
#2987 = CARTESIAN_POINT('',(4.222431654131,18.0000006));
#2988 = ( GEOMETRIC_REPRESENTATION_CONTEXT(2) 
PARAMETRIC_REPRESENTATION_CONTEXT() REPRESENTATION_CONTEXT('2D SPACE',''
  ) );
#2989 = ORIENTED_EDGE('',*,*,#2990,.F.);
#2990 = EDGE_CURVE('',#2991,#2970,#2993,.T.);
#2991 = VERTEX_POINT('',#2992);
#2992 = CARTESIAN_POINT('',(-27.2,14.,-114.5));
#2993 = SURFACE_CURVE('',#2994,(#2998,#3004),.PCURVE_S1.);
#2994 = LINE('',#2995,#2996);
#2995 = CARTESIAN_POINT('',(-37.75,14.,-114.5));
#2996 = VECTOR('',#2997,1.);
#2997 = DIRECTION('',(-1.,0.,0.));
#2998 = PCURVE('',#260,#2999);
#2999 = DEFINITIONAL_REPRESENTATION('',(#3000),#3003);
#3000 = B_SPLINE_CURVE_WITH_KNOTS('',1,(#3001,#3002),.UNSPECIFIED.,.F.,
  .F.,(2,2),(-11.45,-8.05),.PIECEWISE_BEZIER_KNOTS.);
#3001 = CARTESIAN_POINT('',(21.2,37.));
#3002 = CARTESIAN_POINT('',(17.8,37.));
#3003 = ( GEOMETRIC_REPRESENTATION_CONTEXT(2) 
PARAMETRIC_REPRESENTATION_CONTEXT() REPRESENTATION_CONTEXT('2D SPACE',''
  ) );
#3004 = PCURVE('',#3005,#3010);
#3005 = PLANE('',#3006);
#3006 = AXIS2_PLACEMENT_3D('',#3007,#3008,#3009);
#3007 = CARTESIAN_POINT('',(-28.,14.,-116.));
#3008 = DIRECTION('',(0.,1.,0.));
#3009 = DIRECTION('',(1.,0.,0.));
#3010 = DEFINITIONAL_REPRESENTATION('',(#3011),#3014);
#3011 = B_SPLINE_CURVE_WITH_KNOTS('',1,(#3012,#3013),.UNSPECIFIED.,.F.,
  .F.,(2,2),(-11.45,-8.05),.PIECEWISE_BEZIER_KNOTS.);
#3012 = CARTESIAN_POINT('',(1.7,-1.5));
#3013 = CARTESIAN_POINT('',(-1.7,-1.5));
#3014 = ( GEOMETRIC_REPRESENTATION_CONTEXT(2) 
PARAMETRIC_REPRESENTATION_CONTEXT() REPRESENTATION_CONTEXT('2D SPACE',''
  ) );
#3015 = ORIENTED_EDGE('',*,*,#3016,.F.);
#3016 = EDGE_CURVE('',#3017,#2991,#3019,.T.);
#3017 = VERTEX_POINT('',#3018);
#3018 = CARTESIAN_POINT('',(-27.2,12.,-114.5));
#3019 = SURFACE_CURVE('',#3020,(#3024,#3030),.PCURVE_S1.);
#3020 = LINE('',#3021,#3022);
#3021 = CARTESIAN_POINT('',(-27.2,-4.,-114.5));
#3022 = VECTOR('',#3023,1.);
#3023 = DIRECTION('',(0.,1.,0.));
#3024 = PCURVE('',#260,#3025);
#3025 = DEFINITIONAL_REPRESENTATION('',(#3026),#3029);
#3026 = B_SPLINE_CURVE_WITH_KNOTS('',1,(#3027,#3028),.UNSPECIFIED.,.F.,
  .F.,(2,2),(-5.999999999062E-07,18.0000006),.PIECEWISE_BEZIER_KNOTS.);
#3027 = CARTESIAN_POINT('',(20.3,18.9999994));
#3028 = CARTESIAN_POINT('',(20.3,37.0000006));
#3029 = ( GEOMETRIC_REPRESENTATION_CONTEXT(2) 
PARAMETRIC_REPRESENTATION_CONTEXT() REPRESENTATION_CONTEXT('2D SPACE',''
  ) );
#3030 = PCURVE('',#789,#3031);
#3031 = DEFINITIONAL_REPRESENTATION('',(#3032),#3035);
#3032 = B_SPLINE_CURVE_WITH_KNOTS('',1,(#3033,#3034),.UNSPECIFIED.,.F.,
  .F.,(2,2),(-5.999999999062E-07,18.0000006),.PIECEWISE_BEZIER_KNOTS.);
#3033 = CARTESIAN_POINT('',(5.202346306638,-5.999999999062E-07));
#3034 = CARTESIAN_POINT('',(5.202346306638,18.0000006));
#3035 = ( GEOMETRIC_REPRESENTATION_CONTEXT(2) 
PARAMETRIC_REPRESENTATION_CONTEXT() REPRESENTATION_CONTEXT('2D SPACE',''
  ) );
#3036 = ORIENTED_EDGE('',*,*,#3037,.F.);
#3037 = EDGE_CURVE('',#3038,#3017,#3040,.T.);
#3038 = VERTEX_POINT('',#3039);
#3039 = CARTESIAN_POINT('',(-22.19052498068,12.,-114.5));
#3040 = SURFACE_CURVE('',#3041,(#3045,#3051),.PCURVE_S1.);
#3041 = LINE('',#3042,#3043);
#3042 = CARTESIAN_POINT('',(-37.75,12.,-114.5));
#3043 = VECTOR('',#3044,1.);
#3044 = DIRECTION('',(-1.,0.,0.));
#3045 = PCURVE('',#260,#3046);
#3046 = DEFINITIONAL_REPRESENTATION('',(#3047),#3050);
#3047 = B_SPLINE_CURVE_WITH_KNOTS('',1,(#3048,#3049),.UNSPECIFIED.,.F.,
  .F.,(2,2),(-15.75,-3.75),.PIECEWISE_BEZIER_KNOTS.);
#3048 = CARTESIAN_POINT('',(25.5,35.));
#3049 = CARTESIAN_POINT('',(13.5,35.));
#3050 = ( GEOMETRIC_REPRESENTATION_CONTEXT(2) 
PARAMETRIC_REPRESENTATION_CONTEXT() REPRESENTATION_CONTEXT('2D SPACE',''
  ) );
#3051 = PCURVE('',#2958,#3052);
#3052 = DEFINITIONAL_REPRESENTATION('',(#3053),#3056);
#3053 = B_SPLINE_CURVE_WITH_KNOTS('',1,(#3054,#3055),.UNSPECIFIED.,.F.,
  .F.,(2,2),(-15.75,-3.75),.PIECEWISE_BEZIER_KNOTS.);
#3054 = CARTESIAN_POINT('',(6.,-1.5));
#3055 = CARTESIAN_POINT('',(-6.,-1.5));
#3056 = ( GEOMETRIC_REPRESENTATION_CONTEXT(2) 
PARAMETRIC_REPRESENTATION_CONTEXT() REPRESENTATION_CONTEXT('2D SPACE',''
  ) );
#3057 = ORIENTED_EDGE('',*,*,#3058,.F.);
#3058 = EDGE_CURVE('',#272,#3038,#3059,.T.);
#3059 = SURFACE_CURVE('',#3060,(#3064,#3070),.PCURVE_S1.);
#3060 = LINE('',#3061,#3062);
#3061 = CARTESIAN_POINT('',(-22.19052498068,-2.,-114.5));
#3062 = VECTOR('',#3063,1.);
#3063 = DIRECTION('',(0.,1.,0.));
#3064 = PCURVE('',#260,#3065);
#3065 = DEFINITIONAL_REPRESENTATION('',(#3066),#3069);
#3066 = B_SPLINE_CURVE_WITH_KNOTS('',1,(#3067,#3068),.UNSPECIFIED.,.F.,
  .F.,(2,2),(-5.999999999062E-07,14.0000006),.PIECEWISE_BEZIER_KNOTS.);
#3067 = CARTESIAN_POINT('',(25.309475019311,20.9999994));
#3068 = CARTESIAN_POINT('',(25.309475019311,35.0000006));
#3069 = ( GEOMETRIC_REPRESENTATION_CONTEXT(2) 
PARAMETRIC_REPRESENTATION_CONTEXT() REPRESENTATION_CONTEXT('2D SPACE',''
  ) );
#3070 = PCURVE('',#288,#3071);
#3071 = DEFINITIONAL_REPRESENTATION('',(#3072),#3075);
#3072 = B_SPLINE_CURVE_WITH_KNOTS('',1,(#3073,#3074),.UNSPECIFIED.,.F.,
  .F.,(2,2),(-5.999999999062E-07,14.0000006),.PIECEWISE_BEZIER_KNOTS.);
#3073 = CARTESIAN_POINT('',(6.030505052038,-5.999999999062E-07));
#3074 = CARTESIAN_POINT('',(6.030505052038,14.0000006));
#3075 = ( GEOMETRIC_REPRESENTATION_CONTEXT(2) 
PARAMETRIC_REPRESENTATION_CONTEXT() REPRESENTATION_CONTEXT('2D SPACE',''
  ) );
#3076 = ORIENTED_EDGE('',*,*,#300,.T.);
#3077 = ORIENTED_EDGE('',*,*,#3078,.T.);
#3078 = EDGE_CURVE('',#301,#3079,#3081,.T.);
#3079 = VERTEX_POINT('',#3080);
#3080 = CARTESIAN_POINT('',(22.190524980689,12.,-114.5));
#3081 = SURFACE_CURVE('',#3082,(#3086,#3092),.PCURVE_S1.);
#3082 = LINE('',#3083,#3084);
#3083 = CARTESIAN_POINT('',(22.190524980689,-2.,-114.5));
#3084 = VECTOR('',#3085,1.);
#3085 = DIRECTION('',(0.,1.,0.));
#3086 = PCURVE('',#260,#3087);
#3087 = DEFINITIONAL_REPRESENTATION('',(#3088),#3091);
#3088 = B_SPLINE_CURVE_WITH_KNOTS('',1,(#3089,#3090),.UNSPECIFIED.,.F.,
  .F.,(2,2),(-5.999999999062E-07,14.0000006),.PIECEWISE_BEZIER_KNOTS.);
#3089 = CARTESIAN_POINT('',(69.690524980689,20.9999994));
#3090 = CARTESIAN_POINT('',(69.690524980689,35.0000006));
#3091 = ( GEOMETRIC_REPRESENTATION_CONTEXT(2) 
PARAMETRIC_REPRESENTATION_CONTEXT() REPRESENTATION_CONTEXT('2D SPACE',''
  ) );
#3092 = PCURVE('',#338,#3093);
#3093 = DEFINITIONAL_REPRESENTATION('',(#3094),#3097);
#3094 = B_SPLINE_CURVE_WITH_KNOTS('',1,(#3095,#3096),.UNSPECIFIED.,.F.,
  .F.,(2,2),(-5.999999999062E-07,14.0000006),.PIECEWISE_BEZIER_KNOTS.);
#3095 = CARTESIAN_POINT('',(3.394272908732,-5.999999999062E-07));
#3096 = CARTESIAN_POINT('',(3.394272908732,14.0000006));
#3097 = ( GEOMETRIC_REPRESENTATION_CONTEXT(2) 
PARAMETRIC_REPRESENTATION_CONTEXT() REPRESENTATION_CONTEXT('2D SPACE',''
  ) );
#3098 = ORIENTED_EDGE('',*,*,#3099,.F.);
#3099 = EDGE_CURVE('',#3100,#3079,#3102,.T.);
#3100 = VERTEX_POINT('',#3101);
#3101 = CARTESIAN_POINT('',(27.2,12.,-114.5));
#3102 = SURFACE_CURVE('',#3103,(#3107,#3113),.PCURVE_S1.);
#3103 = LINE('',#3104,#3105);
#3104 = CARTESIAN_POINT('',(-9.75,12.,-114.5));
#3105 = VECTOR('',#3106,1.);
#3106 = DIRECTION('',(-1.,0.,0.));
#3107 = PCURVE('',#260,#3108);
#3108 = DEFINITIONAL_REPRESENTATION('',(#3109),#3112);
#3109 = B_SPLINE_CURVE_WITH_KNOTS('',1,(#3110,#3111),.UNSPECIFIED.,.F.,
  .F.,(2,2),(-43.75,-31.75),.PIECEWISE_BEZIER_KNOTS.);
#3110 = CARTESIAN_POINT('',(81.5,35.));
#3111 = CARTESIAN_POINT('',(69.5,35.));
#3112 = ( GEOMETRIC_REPRESENTATION_CONTEXT(2) 
PARAMETRIC_REPRESENTATION_CONTEXT() REPRESENTATION_CONTEXT('2D SPACE',''
  ) );
#3113 = PCURVE('',#3114,#3119);
#3114 = PLANE('',#3115);
#3115 = AXIS2_PLACEMENT_3D('',#3116,#3117,#3118);
#3116 = CARTESIAN_POINT('',(28.,12.,-116.));
#3117 = DIRECTION('',(0.,1.,0.));
#3118 = DIRECTION('',(1.,0.,0.));
#3119 = DEFINITIONAL_REPRESENTATION('',(#3120),#3123);
#3120 = B_SPLINE_CURVE_WITH_KNOTS('',1,(#3121,#3122),.UNSPECIFIED.,.F.,
  .F.,(2,2),(-43.75,-31.75),.PIECEWISE_BEZIER_KNOTS.);
#3121 = CARTESIAN_POINT('',(6.,-1.5));
#3122 = CARTESIAN_POINT('',(-6.,-1.5));
#3123 = ( GEOMETRIC_REPRESENTATION_CONTEXT(2) 
PARAMETRIC_REPRESENTATION_CONTEXT() REPRESENTATION_CONTEXT('2D SPACE',''
  ) );
#3124 = ORIENTED_EDGE('',*,*,#3125,.T.);
#3125 = EDGE_CURVE('',#3100,#3126,#3128,.T.);
#3126 = VERTEX_POINT('',#3127);
#3127 = CARTESIAN_POINT('',(27.2,14.,-114.5));
#3128 = SURFACE_CURVE('',#3129,(#3133,#3139),.PCURVE_S1.);
#3129 = LINE('',#3130,#3131);
#3130 = CARTESIAN_POINT('',(27.2,-4.,-114.5));
#3131 = VECTOR('',#3132,1.);
#3132 = DIRECTION('',(0.,1.,0.));
#3133 = PCURVE('',#260,#3134);
#3134 = DEFINITIONAL_REPRESENTATION('',(#3135),#3138);
#3135 = B_SPLINE_CURVE_WITH_KNOTS('',1,(#3136,#3137),.UNSPECIFIED.,.F.,
  .F.,(2,2),(-5.999999999062E-07,18.0000006),.PIECEWISE_BEZIER_KNOTS.);
#3136 = CARTESIAN_POINT('',(74.7,18.9999994));
#3137 = CARTESIAN_POINT('',(74.7,37.0000006));
#3138 = ( GEOMETRIC_REPRESENTATION_CONTEXT(2) 
PARAMETRIC_REPRESENTATION_CONTEXT() REPRESENTATION_CONTEXT('2D SPACE',''
  ) );
#3139 = PCURVE('',#820,#3140);
#3140 = DEFINITIONAL_REPRESENTATION('',(#3141),#3144);
#3141 = B_SPLINE_CURVE_WITH_KNOTS('',1,(#3142,#3143),.UNSPECIFIED.,.F.,
  .F.,(2,2),(-5.999999999062E-07,18.0000006),.PIECEWISE_BEZIER_KNOTS.);
#3142 = CARTESIAN_POINT('',(4.222431654131,-5.999999999062E-07));
#3143 = CARTESIAN_POINT('',(4.222431654131,18.0000006));
#3144 = ( GEOMETRIC_REPRESENTATION_CONTEXT(2) 
PARAMETRIC_REPRESENTATION_CONTEXT() REPRESENTATION_CONTEXT('2D SPACE',''
  ) );
#3145 = ORIENTED_EDGE('',*,*,#3146,.F.);
#3146 = EDGE_CURVE('',#3147,#3126,#3149,.T.);
#3147 = VERTEX_POINT('',#3148);
#3148 = CARTESIAN_POINT('',(28.8,14.,-114.5));
#3149 = SURFACE_CURVE('',#3150,(#3154,#3160),.PCURVE_S1.);
#3150 = LINE('',#3151,#3152);
#3151 = CARTESIAN_POINT('',(-9.75,14.,-114.5));
#3152 = VECTOR('',#3153,1.);
#3153 = DIRECTION('',(-1.,0.,0.));
#3154 = PCURVE('',#260,#3155);
#3155 = DEFINITIONAL_REPRESENTATION('',(#3156),#3159);
#3156 = B_SPLINE_CURVE_WITH_KNOTS('',1,(#3157,#3158),.UNSPECIFIED.,.F.,
  .F.,(2,2),(-39.45,-36.05),.PIECEWISE_BEZIER_KNOTS.);
#3157 = CARTESIAN_POINT('',(77.2,37.));
#3158 = CARTESIAN_POINT('',(73.8,37.));
#3159 = ( GEOMETRIC_REPRESENTATION_CONTEXT(2) 
PARAMETRIC_REPRESENTATION_CONTEXT() REPRESENTATION_CONTEXT('2D SPACE',''
  ) );
#3160 = PCURVE('',#3161,#3166);
#3161 = PLANE('',#3162);
#3162 = AXIS2_PLACEMENT_3D('',#3163,#3164,#3165);
#3163 = CARTESIAN_POINT('',(28.,14.,-116.));
#3164 = DIRECTION('',(0.,1.,0.));
#3165 = DIRECTION('',(1.,0.,0.));
#3166 = DEFINITIONAL_REPRESENTATION('',(#3167),#3170);
#3167 = B_SPLINE_CURVE_WITH_KNOTS('',1,(#3168,#3169),.UNSPECIFIED.,.F.,
  .F.,(2,2),(-39.45,-36.05),.PIECEWISE_BEZIER_KNOTS.);
#3168 = CARTESIAN_POINT('',(1.7,-1.5));
#3169 = CARTESIAN_POINT('',(-1.7,-1.5));
#3170 = ( GEOMETRIC_REPRESENTATION_CONTEXT(2) 
PARAMETRIC_REPRESENTATION_CONTEXT() REPRESENTATION_CONTEXT('2D SPACE',''
  ) );
#3171 = ORIENTED_EDGE('',*,*,#3172,.F.);
#3172 = EDGE_CURVE('',#3173,#3147,#3175,.T.);
#3173 = VERTEX_POINT('',#3174);
#3174 = CARTESIAN_POINT('',(28.8,12.,-114.5));
#3175 = SURFACE_CURVE('',#3176,(#3180,#3186),.PCURVE_S1.);
#3176 = LINE('',#3177,#3178);
#3177 = CARTESIAN_POINT('',(28.8,-4.,-114.5));
#3178 = VECTOR('',#3179,1.);
#3179 = DIRECTION('',(0.,1.,0.));
#3180 = PCURVE('',#260,#3181);
#3181 = DEFINITIONAL_REPRESENTATION('',(#3182),#3185);
#3182 = B_SPLINE_CURVE_WITH_KNOTS('',1,(#3183,#3184),.UNSPECIFIED.,.F.,
  .F.,(2,2),(-5.999999999062E-07,18.0000006),.PIECEWISE_BEZIER_KNOTS.);
#3183 = CARTESIAN_POINT('',(76.3,18.9999994));
#3184 = CARTESIAN_POINT('',(76.3,37.0000006));
#3185 = ( GEOMETRIC_REPRESENTATION_CONTEXT(2) 
PARAMETRIC_REPRESENTATION_CONTEXT() REPRESENTATION_CONTEXT('2D SPACE',''
  ) );
#3186 = PCURVE('',#820,#3187);
#3187 = DEFINITIONAL_REPRESENTATION('',(#3188),#3191);
#3188 = B_SPLINE_CURVE_WITH_KNOTS('',1,(#3189,#3190),.UNSPECIFIED.,.F.,
  .F.,(2,2),(-5.999999999062E-07,18.0000006),.PIECEWISE_BEZIER_KNOTS.);
#3189 = CARTESIAN_POINT('',(5.202346306638,-5.999999999062E-07));
#3190 = CARTESIAN_POINT('',(5.202346306638,18.0000006));
#3191 = ( GEOMETRIC_REPRESENTATION_CONTEXT(2) 
PARAMETRIC_REPRESENTATION_CONTEXT() REPRESENTATION_CONTEXT('2D SPACE',''
  ) );
#3192 = ORIENTED_EDGE('',*,*,#3193,.F.);
#3193 = EDGE_CURVE('',#3194,#3173,#3196,.T.);
#3194 = VERTEX_POINT('',#3195);
#3195 = CARTESIAN_POINT('',(33.809475019311,12.,-114.5));
#3196 = SURFACE_CURVE('',#3197,(#3201,#3207),.PCURVE_S1.);
#3197 = LINE('',#3198,#3199);
#3198 = CARTESIAN_POINT('',(-9.75,12.,-114.5));
#3199 = VECTOR('',#3200,1.);
#3200 = DIRECTION('',(-1.,0.,0.));
#3201 = PCURVE('',#260,#3202);
#3202 = DEFINITIONAL_REPRESENTATION('',(#3203),#3206);
#3203 = B_SPLINE_CURVE_WITH_KNOTS('',1,(#3204,#3205),.UNSPECIFIED.,.F.,
  .F.,(2,2),(-43.75,-31.75),.PIECEWISE_BEZIER_KNOTS.);
#3204 = CARTESIAN_POINT('',(81.5,35.));
#3205 = CARTESIAN_POINT('',(69.5,35.));
#3206 = ( GEOMETRIC_REPRESENTATION_CONTEXT(2) 
PARAMETRIC_REPRESENTATION_CONTEXT() REPRESENTATION_CONTEXT('2D SPACE',''
  ) );
#3207 = PCURVE('',#3114,#3208);
#3208 = DEFINITIONAL_REPRESENTATION('',(#3209),#3212);
#3209 = B_SPLINE_CURVE_WITH_KNOTS('',1,(#3210,#3211),.UNSPECIFIED.,.F.,
  .F.,(2,2),(-43.75,-31.75),.PIECEWISE_BEZIER_KNOTS.);
#3210 = CARTESIAN_POINT('',(6.,-1.5));
#3211 = CARTESIAN_POINT('',(-6.,-1.5));
#3212 = ( GEOMETRIC_REPRESENTATION_CONTEXT(2) 
PARAMETRIC_REPRESENTATION_CONTEXT() REPRESENTATION_CONTEXT('2D SPACE',''
  ) );
#3213 = ORIENTED_EDGE('',*,*,#3214,.F.);
#3214 = EDGE_CURVE('',#322,#3194,#3215,.T.);
#3215 = SURFACE_CURVE('',#3216,(#3220,#3226),.PCURVE_S1.);
#3216 = LINE('',#3217,#3218);
#3217 = CARTESIAN_POINT('',(33.809475019311,-2.,-114.5));
#3218 = VECTOR('',#3219,1.);
#3219 = DIRECTION('',(0.,1.,0.));
#3220 = PCURVE('',#260,#3221);
#3221 = DEFINITIONAL_REPRESENTATION('',(#3222),#3225);
#3222 = B_SPLINE_CURVE_WITH_KNOTS('',1,(#3223,#3224),.UNSPECIFIED.,.F.,
  .F.,(2,2),(-5.999999999062E-07,14.0000006),.PIECEWISE_BEZIER_KNOTS.);
#3223 = CARTESIAN_POINT('',(81.309475019311,20.9999994));
#3224 = CARTESIAN_POINT('',(81.309475019311,35.0000006));
#3225 = ( GEOMETRIC_REPRESENTATION_CONTEXT(2) 
PARAMETRIC_REPRESENTATION_CONTEXT() REPRESENTATION_CONTEXT('2D SPACE',''
  ) );
#3226 = PCURVE('',#338,#3227);
#3227 = DEFINITIONAL_REPRESENTATION('',(#3228),#3231);
#3228 = B_SPLINE_CURVE_WITH_KNOTS('',1,(#3229,#3230),.UNSPECIFIED.,.F.,
  .F.,(2,2),(-5.999999999062E-07,14.0000006),.PIECEWISE_BEZIER_KNOTS.);
#3229 = CARTESIAN_POINT('',(6.030505052038,-5.999999999062E-07));
#3230 = CARTESIAN_POINT('',(6.030505052038,14.0000006));
#3231 = ( GEOMETRIC_REPRESENTATION_CONTEXT(2) 
PARAMETRIC_REPRESENTATION_CONTEXT() REPRESENTATION_CONTEXT('2D SPACE',''
  ) );
#3232 = ORIENTED_EDGE('',*,*,#350,.T.);
#3233 = ORIENTED_EDGE('',*,*,#2497,.F.);
#3234 = ORIENTED_EDGE('',*,*,#3235,.T.);
#3235 = EDGE_CURVE('',#2498,#3236,#3238,.T.);
#3236 = VERTEX_POINT('',#3237);
#3237 = CARTESIAN_POINT('',(47.5,30.519202405203,-114.5));
#3238 = SURFACE_CURVE('',#3239,(#3243,#3250),.PCURVE_S1.);
#3239 = LINE('',#3240,#3241);
#3240 = CARTESIAN_POINT('',(47.5,-23.,-114.5));
#3241 = VECTOR('',#3242,1.);
#3242 = DIRECTION('',(-0.,1.,0.));
#3243 = PCURVE('',#260,#3244);
#3244 = DEFINITIONAL_REPRESENTATION('',(#3245),#3249);
#3245 = LINE('',#3246,#3247);
#3246 = CARTESIAN_POINT('',(95.,0.));
#3247 = VECTOR('',#3248,1.);
#3248 = DIRECTION('',(0.,1.));
#3249 = ( GEOMETRIC_REPRESENTATION_CONTEXT(2) 
PARAMETRIC_REPRESENTATION_CONTEXT() REPRESENTATION_CONTEXT('2D SPACE',''
  ) );
#3250 = PCURVE('',#2635,#3251);
#3251 = DEFINITIONAL_REPRESENTATION('',(#3252),#3256);
#3252 = LINE('',#3253,#3254);
#3253 = CARTESIAN_POINT('',(0.,0.));
#3254 = VECTOR('',#3255,1.);
#3255 = DIRECTION('',(0.,-1.));
#3256 = ( GEOMETRIC_REPRESENTATION_CONTEXT(2) 
PARAMETRIC_REPRESENTATION_CONTEXT() REPRESENTATION_CONTEXT('2D SPACE',''
  ) );
#3257 = ORIENTED_EDGE('',*,*,#3258,.T.);
#3258 = EDGE_CURVE('',#3236,#3259,#3261,.T.);
#3259 = VERTEX_POINT('',#3260);
#3260 = CARTESIAN_POINT('',(44.809475019311,33.,-114.5));
#3261 = SURFACE_CURVE('',#3262,(#3267,#3274),.PCURVE_S1.);
#3262 = CIRCLE('',#3263,10.712142642814);
#3263 = AXIS2_PLACEMENT_3D('',#3264,#3265,#3266);
#3264 = CARTESIAN_POINT('',(39.,24.,-114.5));
#3265 = DIRECTION('',(0.,0.,1.));
#3266 = DIRECTION('',(1.,2.368475785867E-16,-0.));
#3267 = PCURVE('',#260,#3268);
#3268 = DEFINITIONAL_REPRESENTATION('',(#3269),#3273);
#3269 = CIRCLE('',#3270,10.712142642814);
#3270 = AXIS2_PLACEMENT_2D('',#3271,#3272);
#3271 = CARTESIAN_POINT('',(86.5,47.));
#3272 = DIRECTION('',(1.,2.368475785867E-16));
#3273 = ( GEOMETRIC_REPRESENTATION_CONTEXT(2) 
PARAMETRIC_REPRESENTATION_CONTEXT() REPRESENTATION_CONTEXT('2D SPACE',''
  ) );
#3274 = PCURVE('',#1954,#3275);
#3275 = DEFINITIONAL_REPRESENTATION('',(#3276),#3280);
#3276 = LINE('',#3277,#3278);
#3277 = CARTESIAN_POINT('',(0.,-0.775397496611));
#3278 = VECTOR('',#3279,1.);
#3279 = DIRECTION('',(1.,0.));
#3280 = ( GEOMETRIC_REPRESENTATION_CONTEXT(2) 
PARAMETRIC_REPRESENTATION_CONTEXT() REPRESENTATION_CONTEXT('2D SPACE',''
  ) );
#3281 = ORIENTED_EDGE('',*,*,#3282,.F.);
#3282 = EDGE_CURVE('',#3283,#3259,#3285,.T.);
#3283 = VERTEX_POINT('',#3284);
#3284 = CARTESIAN_POINT('',(-44.80947501931,33.,-114.5));
#3285 = SURFACE_CURVE('',#3286,(#3290,#3297),.PCURVE_S1.);
#3286 = LINE('',#3287,#3288);
#3287 = CARTESIAN_POINT('',(-47.5,33.,-114.5));
#3288 = VECTOR('',#3289,1.);
#3289 = DIRECTION('',(1.,0.,-0.));
#3290 = PCURVE('',#260,#3291);
#3291 = DEFINITIONAL_REPRESENTATION('',(#3292),#3296);
#3292 = LINE('',#3293,#3294);
#3293 = CARTESIAN_POINT('',(0.,56.));
#3294 = VECTOR('',#3295,1.);
#3295 = DIRECTION('',(1.,0.));
#3296 = ( GEOMETRIC_REPRESENTATION_CONTEXT(2) 
PARAMETRIC_REPRESENTATION_CONTEXT() REPRESENTATION_CONTEXT('2D SPACE',''
  ) );
#3297 = PCURVE('',#3298,#3303);
#3298 = PLANE('',#3299);
#3299 = AXIS2_PLACEMENT_3D('',#3300,#3301,#3302);
#3300 = CARTESIAN_POINT('',(-47.5,33.,-114.5));
#3301 = DIRECTION('',(-0.,1.,0.));
#3302 = DIRECTION('',(0.,0.,1.));
#3303 = DEFINITIONAL_REPRESENTATION('',(#3304),#3308);
#3304 = LINE('',#3305,#3306);
#3305 = CARTESIAN_POINT('',(0.,0.));
#3306 = VECTOR('',#3307,1.);
#3307 = DIRECTION('',(0.,1.));
#3308 = ( GEOMETRIC_REPRESENTATION_CONTEXT(2) 
PARAMETRIC_REPRESENTATION_CONTEXT() REPRESENTATION_CONTEXT('2D SPACE',''
  ) );
#3309 = ORIENTED_EDGE('',*,*,#3310,.T.);
#3310 = EDGE_CURVE('',#3283,#3311,#3313,.T.);
#3311 = VERTEX_POINT('',#3312);
#3312 = CARTESIAN_POINT('',(-47.5,30.519202405203,-114.5));
#3313 = SURFACE_CURVE('',#3314,(#3319,#3326),.PCURVE_S1.);
#3314 = CIRCLE('',#3315,10.712142642814);
#3315 = AXIS2_PLACEMENT_3D('',#3316,#3317,#3318);
#3316 = CARTESIAN_POINT('',(-39.,24.,-114.5));
#3317 = DIRECTION('',(0.,0.,1.));
#3318 = DIRECTION('',(-1.,2.368475785867E-16,0.));
#3319 = PCURVE('',#260,#3320);
#3320 = DEFINITIONAL_REPRESENTATION('',(#3321),#3325);
#3321 = CIRCLE('',#3322,10.712142642814);
#3322 = AXIS2_PLACEMENT_2D('',#3323,#3324);
#3323 = CARTESIAN_POINT('',(8.5,47.));
#3324 = DIRECTION('',(-1.,2.368475785867E-16));
#3325 = ( GEOMETRIC_REPRESENTATION_CONTEXT(2) 
PARAMETRIC_REPRESENTATION_CONTEXT() REPRESENTATION_CONTEXT('2D SPACE',''
  ) );
#3326 = PCURVE('',#1656,#3327);
#3327 = DEFINITIONAL_REPRESENTATION('',(#3328),#3332);
#3328 = LINE('',#3329,#3330);
#3329 = CARTESIAN_POINT('',(-6.28318530718,-0.775397496611));
#3330 = VECTOR('',#3331,1.);
#3331 = DIRECTION('',(1.,-0.));
#3332 = ( GEOMETRIC_REPRESENTATION_CONTEXT(2) 
PARAMETRIC_REPRESENTATION_CONTEXT() REPRESENTATION_CONTEXT('2D SPACE',''
  ) );
#3333 = ORIENTED_EDGE('',*,*,#3334,.F.);
#3334 = EDGE_CURVE('',#836,#3311,#3335,.T.);
#3335 = SURFACE_CURVE('',#3336,(#3340,#3347),.PCURVE_S1.);
#3336 = LINE('',#3337,#3338);
#3337 = CARTESIAN_POINT('',(-47.5,-23.,-114.5));
#3338 = VECTOR('',#3339,1.);
#3339 = DIRECTION('',(-0.,1.,0.));
#3340 = PCURVE('',#260,#3341);
#3341 = DEFINITIONAL_REPRESENTATION('',(#3342),#3346);
#3342 = LINE('',#3343,#3344);
#3343 = CARTESIAN_POINT('',(0.,0.));
#3344 = VECTOR('',#3345,1.);
#3345 = DIRECTION('',(0.,1.));
#3346 = ( GEOMETRIC_REPRESENTATION_CONTEXT(2) 
PARAMETRIC_REPRESENTATION_CONTEXT() REPRESENTATION_CONTEXT('2D SPACE',''
  ) );
#3347 = PCURVE('',#1601,#3348);
#3348 = DEFINITIONAL_REPRESENTATION('',(#3349),#3353);
#3349 = LINE('',#3350,#3351);
#3350 = CARTESIAN_POINT('',(0.,0.));
#3351 = VECTOR('',#3352,1.);
#3352 = DIRECTION('',(0.,-1.));
#3353 = ( GEOMETRIC_REPRESENTATION_CONTEXT(2) 
PARAMETRIC_REPRESENTATION_CONTEXT() REPRESENTATION_CONTEXT('2D SPACE',''
  ) );
#3354 = ADVANCED_FACE('',(#3355),#338,.T.);
#3355 = FACE_BOUND('',#3356,.T.);
#3356 = EDGE_LOOP('',(#3357,#3358,#3359,#3381));
#3357 = ORIENTED_EDGE('',*,*,#321,.T.);
#3358 = ORIENTED_EDGE('',*,*,#3214,.T.);
#3359 = ORIENTED_EDGE('',*,*,#3360,.F.);
#3360 = EDGE_CURVE('',#3079,#3194,#3361,.T.);
#3361 = SURFACE_CURVE('',#3362,(#3367,#3374),.PCURVE_S1.);
#3362 = CIRCLE('',#3363,6.);
#3363 = AXIS2_PLACEMENT_3D('',#3364,#3365,#3366);
#3364 = CARTESIAN_POINT('',(28.,12.,-116.));
#3365 = DIRECTION('',(-0.,1.,0.));
#3366 = DIRECTION('',(1.,0.,0.));
#3367 = PCURVE('',#338,#3368);
#3368 = DEFINITIONAL_REPRESENTATION('',(#3369),#3373);
#3369 = LINE('',#3370,#3371);
#3370 = CARTESIAN_POINT('',(0.,14.));
#3371 = VECTOR('',#3372,1.);
#3372 = DIRECTION('',(1.,0.));
#3373 = ( GEOMETRIC_REPRESENTATION_CONTEXT(2) 
PARAMETRIC_REPRESENTATION_CONTEXT() REPRESENTATION_CONTEXT('2D SPACE',''
  ) );
#3374 = PCURVE('',#3114,#3375);
#3375 = DEFINITIONAL_REPRESENTATION('',(#3376),#3380);
#3376 = CIRCLE('',#3377,6.);
#3377 = AXIS2_PLACEMENT_2D('',#3378,#3379);
#3378 = CARTESIAN_POINT('',(0.,0.));
#3379 = DIRECTION('',(1.,0.));
#3380 = ( GEOMETRIC_REPRESENTATION_CONTEXT(2) 
PARAMETRIC_REPRESENTATION_CONTEXT() REPRESENTATION_CONTEXT('2D SPACE',''
  ) );
#3381 = ORIENTED_EDGE('',*,*,#3078,.F.);
#3382 = ADVANCED_FACE('',(#3383),#288,.T.);
#3383 = FACE_BOUND('',#3384,.T.);
#3384 = EDGE_LOOP('',(#3385,#3386,#3387,#3409));
#3385 = ORIENTED_EDGE('',*,*,#271,.T.);
#3386 = ORIENTED_EDGE('',*,*,#3058,.T.);
#3387 = ORIENTED_EDGE('',*,*,#3388,.F.);
#3388 = EDGE_CURVE('',#2923,#3038,#3389,.T.);
#3389 = SURFACE_CURVE('',#3390,(#3395,#3402),.PCURVE_S1.);
#3390 = CIRCLE('',#3391,6.);
#3391 = AXIS2_PLACEMENT_3D('',#3392,#3393,#3394);
#3392 = CARTESIAN_POINT('',(-28.,12.,-116.));
#3393 = DIRECTION('',(-0.,1.,0.));
#3394 = DIRECTION('',(1.,0.,0.));
#3395 = PCURVE('',#288,#3396);
#3396 = DEFINITIONAL_REPRESENTATION('',(#3397),#3401);
#3397 = LINE('',#3398,#3399);
#3398 = CARTESIAN_POINT('',(0.,14.));
#3399 = VECTOR('',#3400,1.);
#3400 = DIRECTION('',(1.,0.));
#3401 = ( GEOMETRIC_REPRESENTATION_CONTEXT(2) 
PARAMETRIC_REPRESENTATION_CONTEXT() REPRESENTATION_CONTEXT('2D SPACE',''
  ) );
#3402 = PCURVE('',#2958,#3403);
#3403 = DEFINITIONAL_REPRESENTATION('',(#3404),#3408);
#3404 = CIRCLE('',#3405,6.);
#3405 = AXIS2_PLACEMENT_2D('',#3406,#3407);
#3406 = CARTESIAN_POINT('',(0.,0.));
#3407 = DIRECTION('',(1.,0.));
#3408 = ( GEOMETRIC_REPRESENTATION_CONTEXT(2) 
PARAMETRIC_REPRESENTATION_CONTEXT() REPRESENTATION_CONTEXT('2D SPACE',''
  ) );
#3409 = ORIENTED_EDGE('',*,*,#2922,.F.);
#3410 = ADVANCED_FACE('',(#3411),#789,.F.);
#3411 = FACE_BOUND('',#3412,.F.);
#3412 = EDGE_LOOP('',(#3413,#3414,#3437,#3459,#3460,#3482,#3483,#3505));
#3413 = ORIENTED_EDGE('',*,*,#772,.T.);
#3414 = ORIENTED_EDGE('',*,*,#3415,.T.);
#3415 = EDGE_CURVE('',#773,#3416,#3418,.T.);
#3416 = VERTEX_POINT('',#3417);
#3417 = CARTESIAN_POINT('',(-26.3,14.,-116.));
#3418 = SEAM_CURVE('',#3419,(#3423,#3430),.PCURVE_S1.);
#3419 = LINE('',#3420,#3421);
#3420 = CARTESIAN_POINT('',(-26.3,-4.,-116.));
#3421 = VECTOR('',#3422,1.);
#3422 = DIRECTION('',(0.,1.,0.));
#3423 = PCURVE('',#789,#3424);
#3424 = DEFINITIONAL_REPRESENTATION('',(#3425),#3429);
#3425 = LINE('',#3426,#3427);
#3426 = CARTESIAN_POINT('',(0.,-0.));
#3427 = VECTOR('',#3428,1.);
#3428 = DIRECTION('',(0.,1.));
#3429 = ( GEOMETRIC_REPRESENTATION_CONTEXT(2) 
PARAMETRIC_REPRESENTATION_CONTEXT() REPRESENTATION_CONTEXT('2D SPACE',''
  ) );
#3430 = PCURVE('',#789,#3431);
#3431 = DEFINITIONAL_REPRESENTATION('',(#3432),#3436);
#3432 = LINE('',#3433,#3434);
#3433 = CARTESIAN_POINT('',(6.28318530718,-0.));
#3434 = VECTOR('',#3435,1.);
#3435 = DIRECTION('',(0.,1.));
#3436 = ( GEOMETRIC_REPRESENTATION_CONTEXT(2) 
PARAMETRIC_REPRESENTATION_CONTEXT() REPRESENTATION_CONTEXT('2D SPACE',''
  ) );
#3437 = ORIENTED_EDGE('',*,*,#3438,.F.);
#3438 = EDGE_CURVE('',#2991,#3416,#3439,.T.);
#3439 = SURFACE_CURVE('',#3440,(#3445,#3452),.PCURVE_S1.);
#3440 = CIRCLE('',#3441,1.7);
#3441 = AXIS2_PLACEMENT_3D('',#3442,#3443,#3444);
#3442 = CARTESIAN_POINT('',(-28.,14.,-116.));
#3443 = DIRECTION('',(-0.,1.,0.));
#3444 = DIRECTION('',(1.,0.,0.));
#3445 = PCURVE('',#789,#3446);
#3446 = DEFINITIONAL_REPRESENTATION('',(#3447),#3451);
#3447 = LINE('',#3448,#3449);
#3448 = CARTESIAN_POINT('',(0.,18.));
#3449 = VECTOR('',#3450,1.);
#3450 = DIRECTION('',(1.,0.));
#3451 = ( GEOMETRIC_REPRESENTATION_CONTEXT(2) 
PARAMETRIC_REPRESENTATION_CONTEXT() REPRESENTATION_CONTEXT('2D SPACE',''
  ) );
#3452 = PCURVE('',#3005,#3453);
#3453 = DEFINITIONAL_REPRESENTATION('',(#3454),#3458);
#3454 = CIRCLE('',#3455,1.7);
#3455 = AXIS2_PLACEMENT_2D('',#3456,#3457);
#3456 = CARTESIAN_POINT('',(0.,0.));
#3457 = DIRECTION('',(1.,0.));
#3458 = ( GEOMETRIC_REPRESENTATION_CONTEXT(2) 
PARAMETRIC_REPRESENTATION_CONTEXT() REPRESENTATION_CONTEXT('2D SPACE',''
  ) );
#3459 = ORIENTED_EDGE('',*,*,#3016,.F.);
#3460 = ORIENTED_EDGE('',*,*,#3461,.F.);
#3461 = EDGE_CURVE('',#2944,#3017,#3462,.T.);
#3462 = SURFACE_CURVE('',#3463,(#3468,#3475),.PCURVE_S1.);
#3463 = CIRCLE('',#3464,1.7);
#3464 = AXIS2_PLACEMENT_3D('',#3465,#3466,#3467);
#3465 = CARTESIAN_POINT('',(-28.,12.,-116.));
#3466 = DIRECTION('',(-0.,1.,0.));
#3467 = DIRECTION('',(1.,0.,0.));
#3468 = PCURVE('',#789,#3469);
#3469 = DEFINITIONAL_REPRESENTATION('',(#3470),#3474);
#3470 = LINE('',#3471,#3472);
#3471 = CARTESIAN_POINT('',(0.,16.));
#3472 = VECTOR('',#3473,1.);
#3473 = DIRECTION('',(1.,0.));
#3474 = ( GEOMETRIC_REPRESENTATION_CONTEXT(2) 
PARAMETRIC_REPRESENTATION_CONTEXT() REPRESENTATION_CONTEXT('2D SPACE',''
  ) );
#3475 = PCURVE('',#2958,#3476);
#3476 = DEFINITIONAL_REPRESENTATION('',(#3477),#3481);
#3477 = CIRCLE('',#3478,1.7);
#3478 = AXIS2_PLACEMENT_2D('',#3479,#3480);
#3479 = CARTESIAN_POINT('',(0.,0.));
#3480 = DIRECTION('',(1.,0.));
#3481 = ( GEOMETRIC_REPRESENTATION_CONTEXT(2) 
PARAMETRIC_REPRESENTATION_CONTEXT() REPRESENTATION_CONTEXT('2D SPACE',''
  ) );
#3482 = ORIENTED_EDGE('',*,*,#2969,.T.);
#3483 = ORIENTED_EDGE('',*,*,#3484,.F.);
#3484 = EDGE_CURVE('',#3416,#2970,#3485,.T.);
#3485 = SURFACE_CURVE('',#3486,(#3491,#3498),.PCURVE_S1.);
#3486 = CIRCLE('',#3487,1.7);
#3487 = AXIS2_PLACEMENT_3D('',#3488,#3489,#3490);
#3488 = CARTESIAN_POINT('',(-28.,14.,-116.));
#3489 = DIRECTION('',(-0.,1.,0.));
#3490 = DIRECTION('',(1.,0.,0.));
#3491 = PCURVE('',#789,#3492);
#3492 = DEFINITIONAL_REPRESENTATION('',(#3493),#3497);
#3493 = LINE('',#3494,#3495);
#3494 = CARTESIAN_POINT('',(0.,18.));
#3495 = VECTOR('',#3496,1.);
#3496 = DIRECTION('',(1.,0.));
#3497 = ( GEOMETRIC_REPRESENTATION_CONTEXT(2) 
PARAMETRIC_REPRESENTATION_CONTEXT() REPRESENTATION_CONTEXT('2D SPACE',''
  ) );
#3498 = PCURVE('',#3005,#3499);
#3499 = DEFINITIONAL_REPRESENTATION('',(#3500),#3504);
#3500 = CIRCLE('',#3501,1.7);
#3501 = AXIS2_PLACEMENT_2D('',#3502,#3503);
#3502 = CARTESIAN_POINT('',(0.,0.));
#3503 = DIRECTION('',(1.,0.));
#3504 = ( GEOMETRIC_REPRESENTATION_CONTEXT(2) 
PARAMETRIC_REPRESENTATION_CONTEXT() REPRESENTATION_CONTEXT('2D SPACE',''
  ) );
#3505 = ORIENTED_EDGE('',*,*,#3415,.F.);
#3506 = ADVANCED_FACE('',(#3507),#820,.F.);
#3507 = FACE_BOUND('',#3508,.F.);
#3508 = EDGE_LOOP('',(#3509,#3510,#3533,#3555,#3556,#3578,#3579,#3601));
#3509 = ORIENTED_EDGE('',*,*,#803,.T.);
#3510 = ORIENTED_EDGE('',*,*,#3511,.T.);
#3511 = EDGE_CURVE('',#804,#3512,#3514,.T.);
#3512 = VERTEX_POINT('',#3513);
#3513 = CARTESIAN_POINT('',(29.7,14.,-116.));
#3514 = SEAM_CURVE('',#3515,(#3519,#3526),.PCURVE_S1.);
#3515 = LINE('',#3516,#3517);
#3516 = CARTESIAN_POINT('',(29.7,-4.,-116.));
#3517 = VECTOR('',#3518,1.);
#3518 = DIRECTION('',(0.,1.,0.));
#3519 = PCURVE('',#820,#3520);
#3520 = DEFINITIONAL_REPRESENTATION('',(#3521),#3525);
#3521 = LINE('',#3522,#3523);
#3522 = CARTESIAN_POINT('',(0.,-0.));
#3523 = VECTOR('',#3524,1.);
#3524 = DIRECTION('',(0.,1.));
#3525 = ( GEOMETRIC_REPRESENTATION_CONTEXT(2) 
PARAMETRIC_REPRESENTATION_CONTEXT() REPRESENTATION_CONTEXT('2D SPACE',''
  ) );
#3526 = PCURVE('',#820,#3527);
#3527 = DEFINITIONAL_REPRESENTATION('',(#3528),#3532);
#3528 = LINE('',#3529,#3530);
#3529 = CARTESIAN_POINT('',(6.28318530718,-0.));
#3530 = VECTOR('',#3531,1.);
#3531 = DIRECTION('',(0.,1.));
#3532 = ( GEOMETRIC_REPRESENTATION_CONTEXT(2) 
PARAMETRIC_REPRESENTATION_CONTEXT() REPRESENTATION_CONTEXT('2D SPACE',''
  ) );
#3533 = ORIENTED_EDGE('',*,*,#3534,.F.);
#3534 = EDGE_CURVE('',#3147,#3512,#3535,.T.);
#3535 = SURFACE_CURVE('',#3536,(#3541,#3548),.PCURVE_S1.);
#3536 = CIRCLE('',#3537,1.7);
#3537 = AXIS2_PLACEMENT_3D('',#3538,#3539,#3540);
#3538 = CARTESIAN_POINT('',(28.,14.,-116.));
#3539 = DIRECTION('',(-0.,1.,0.));
#3540 = DIRECTION('',(1.,0.,0.));
#3541 = PCURVE('',#820,#3542);
#3542 = DEFINITIONAL_REPRESENTATION('',(#3543),#3547);
#3543 = LINE('',#3544,#3545);
#3544 = CARTESIAN_POINT('',(0.,18.));
#3545 = VECTOR('',#3546,1.);
#3546 = DIRECTION('',(1.,0.));
#3547 = ( GEOMETRIC_REPRESENTATION_CONTEXT(2) 
PARAMETRIC_REPRESENTATION_CONTEXT() REPRESENTATION_CONTEXT('2D SPACE',''
  ) );
#3548 = PCURVE('',#3161,#3549);
#3549 = DEFINITIONAL_REPRESENTATION('',(#3550),#3554);
#3550 = CIRCLE('',#3551,1.7);
#3551 = AXIS2_PLACEMENT_2D('',#3552,#3553);
#3552 = CARTESIAN_POINT('',(0.,0.));
#3553 = DIRECTION('',(1.,0.));
#3554 = ( GEOMETRIC_REPRESENTATION_CONTEXT(2) 
PARAMETRIC_REPRESENTATION_CONTEXT() REPRESENTATION_CONTEXT('2D SPACE',''
  ) );
#3555 = ORIENTED_EDGE('',*,*,#3172,.F.);
#3556 = ORIENTED_EDGE('',*,*,#3557,.F.);
#3557 = EDGE_CURVE('',#3100,#3173,#3558,.T.);
#3558 = SURFACE_CURVE('',#3559,(#3564,#3571),.PCURVE_S1.);
#3559 = CIRCLE('',#3560,1.7);
#3560 = AXIS2_PLACEMENT_3D('',#3561,#3562,#3563);
#3561 = CARTESIAN_POINT('',(28.,12.,-116.));
#3562 = DIRECTION('',(-0.,1.,0.));
#3563 = DIRECTION('',(1.,0.,0.));
#3564 = PCURVE('',#820,#3565);
#3565 = DEFINITIONAL_REPRESENTATION('',(#3566),#3570);
#3566 = LINE('',#3567,#3568);
#3567 = CARTESIAN_POINT('',(0.,16.));
#3568 = VECTOR('',#3569,1.);
#3569 = DIRECTION('',(1.,0.));
#3570 = ( GEOMETRIC_REPRESENTATION_CONTEXT(2) 
PARAMETRIC_REPRESENTATION_CONTEXT() REPRESENTATION_CONTEXT('2D SPACE',''
  ) );
#3571 = PCURVE('',#3114,#3572);
#3572 = DEFINITIONAL_REPRESENTATION('',(#3573),#3577);
#3573 = CIRCLE('',#3574,1.7);
#3574 = AXIS2_PLACEMENT_2D('',#3575,#3576);
#3575 = CARTESIAN_POINT('',(0.,0.));
#3576 = DIRECTION('',(1.,0.));
#3577 = ( GEOMETRIC_REPRESENTATION_CONTEXT(2) 
PARAMETRIC_REPRESENTATION_CONTEXT() REPRESENTATION_CONTEXT('2D SPACE',''
  ) );
#3578 = ORIENTED_EDGE('',*,*,#3125,.T.);
#3579 = ORIENTED_EDGE('',*,*,#3580,.F.);
#3580 = EDGE_CURVE('',#3512,#3126,#3581,.T.);
#3581 = SURFACE_CURVE('',#3582,(#3587,#3594),.PCURVE_S1.);
#3582 = CIRCLE('',#3583,1.7);
#3583 = AXIS2_PLACEMENT_3D('',#3584,#3585,#3586);
#3584 = CARTESIAN_POINT('',(28.,14.,-116.));
#3585 = DIRECTION('',(-0.,1.,0.));
#3586 = DIRECTION('',(1.,0.,0.));
#3587 = PCURVE('',#820,#3588);
#3588 = DEFINITIONAL_REPRESENTATION('',(#3589),#3593);
#3589 = LINE('',#3590,#3591);
#3590 = CARTESIAN_POINT('',(0.,18.));
#3591 = VECTOR('',#3592,1.);
#3592 = DIRECTION('',(1.,0.));
#3593 = ( GEOMETRIC_REPRESENTATION_CONTEXT(2) 
PARAMETRIC_REPRESENTATION_CONTEXT() REPRESENTATION_CONTEXT('2D SPACE',''
  ) );
#3594 = PCURVE('',#3161,#3595);
#3595 = DEFINITIONAL_REPRESENTATION('',(#3596),#3600);
#3596 = CIRCLE('',#3597,1.7);
#3597 = AXIS2_PLACEMENT_2D('',#3598,#3599);
#3598 = CARTESIAN_POINT('',(0.,0.));
#3599 = DIRECTION('',(1.,0.));
#3600 = ( GEOMETRIC_REPRESENTATION_CONTEXT(2) 
PARAMETRIC_REPRESENTATION_CONTEXT() REPRESENTATION_CONTEXT('2D SPACE',''
  ) );
#3601 = ORIENTED_EDGE('',*,*,#3511,.F.);
#3602 = ADVANCED_FACE('',(#3603),#1601,.T.);
#3603 = FACE_BOUND('',#3604,.T.);
#3604 = EDGE_LOOP('',(#3605,#3635,#3654,#3655,#3656,#3684,#3707));
#3605 = ORIENTED_EDGE('',*,*,#3606,.F.);
#3606 = EDGE_CURVE('',#3607,#3609,#3611,.T.);
#3607 = VERTEX_POINT('',#3608);
#3608 = CARTESIAN_POINT('',(-47.5,5.175,-67.5));
#3609 = VERTEX_POINT('',#3610);
#3610 = CARTESIAN_POINT('',(-47.5,30.519202405203,-67.5));
#3611 = SURFACE_CURVE('',#3612,(#3616,#3623),.PCURVE_S1.);
#3612 = LINE('',#3613,#3614);
#3613 = CARTESIAN_POINT('',(-47.5,-23.,-67.5));
#3614 = VECTOR('',#3615,1.);
#3615 = DIRECTION('',(-0.,1.,0.));
#3616 = PCURVE('',#1601,#3617);
#3617 = DEFINITIONAL_REPRESENTATION('',(#3618),#3622);
#3618 = LINE('',#3619,#3620);
#3619 = CARTESIAN_POINT('',(47.,0.));
#3620 = VECTOR('',#3621,1.);
#3621 = DIRECTION('',(0.,-1.));
#3622 = ( GEOMETRIC_REPRESENTATION_CONTEXT(2) 
PARAMETRIC_REPRESENTATION_CONTEXT() REPRESENTATION_CONTEXT('2D SPACE',''
  ) );
#3623 = PCURVE('',#3624,#3629);
#3624 = PLANE('',#3625);
#3625 = AXIS2_PLACEMENT_3D('',#3626,#3627,#3628);
#3626 = CARTESIAN_POINT('',(-47.5,-23.,-67.5));
#3627 = DIRECTION('',(0.,0.,1.));
#3628 = DIRECTION('',(1.,0.,-0.));
#3629 = DEFINITIONAL_REPRESENTATION('',(#3630),#3634);
#3630 = LINE('',#3631,#3632);
#3631 = CARTESIAN_POINT('',(0.,0.));
#3632 = VECTOR('',#3633,1.);
#3633 = DIRECTION('',(0.,1.));
#3634 = ( GEOMETRIC_REPRESENTATION_CONTEXT(2) 
PARAMETRIC_REPRESENTATION_CONTEXT() REPRESENTATION_CONTEXT('2D SPACE',''
  ) );
#3635 = ORIENTED_EDGE('',*,*,#3636,.T.);
#3636 = EDGE_CURVE('',#3607,#1217,#3637,.T.);
#3637 = SURFACE_CURVE('',#3638,(#3642,#3648),.PCURVE_S1.);
#3638 = LINE('',#3639,#3640);
#3639 = CARTESIAN_POINT('',(-47.5,5.175,-182.25));
#3640 = VECTOR('',#3641,1.);
#3641 = DIRECTION('',(-0.,0.,-1.));
#3642 = PCURVE('',#1601,#3643);
#3643 = DEFINITIONAL_REPRESENTATION('',(#3644),#3647);
#3644 = B_SPLINE_CURVE_WITH_KNOTS('',1,(#3645,#3646),.UNSPECIFIED.,.F.,
  .F.,(2,2),(-114.75,-67.75),.PIECEWISE_BEZIER_KNOTS.);
#3645 = CARTESIAN_POINT('',(47.,-28.175));
#3646 = CARTESIAN_POINT('',(-2.84217094304E-14,-28.175));
#3647 = ( GEOMETRIC_REPRESENTATION_CONTEXT(2) 
PARAMETRIC_REPRESENTATION_CONTEXT() REPRESENTATION_CONTEXT('2D SPACE',''
  ) );
#3648 = PCURVE('',#1421,#3649);
#3649 = DEFINITIONAL_REPRESENTATION('',(#3650),#3653);
#3650 = B_SPLINE_CURVE_WITH_KNOTS('',1,(#3651,#3652),.UNSPECIFIED.,.F.,
  .F.,(2,2),(-114.75,-67.75),.PIECEWISE_BEZIER_KNOTS.);
#3651 = CARTESIAN_POINT('',(182.5,202.5));
#3652 = CARTESIAN_POINT('',(135.5,202.5));
#3653 = ( GEOMETRIC_REPRESENTATION_CONTEXT(2) 
PARAMETRIC_REPRESENTATION_CONTEXT() REPRESENTATION_CONTEXT('2D SPACE',''
  ) );
#3654 = ORIENTED_EDGE('',*,*,#1433,.F.);
#3655 = ORIENTED_EDGE('',*,*,#3334,.T.);
#3656 = ORIENTED_EDGE('',*,*,#3657,.T.);
#3657 = EDGE_CURVE('',#3311,#3658,#3660,.T.);
#3658 = VERTEX_POINT('',#3659);
#3659 = CARTESIAN_POINT('',(-47.5,33.,-112.470537173));
#3660 = SURFACE_CURVE('',#3661,(#3666,#3673),.PCURVE_S1.);
#3661 = CIRCLE('',#3662,12.359207094308);
#3662 = AXIS2_PLACEMENT_3D('',#3663,#3664,#3665);
#3663 = CARTESIAN_POINT('',(-47.5,24.,-104.));
#3664 = DIRECTION('',(1.,0.,-0.));
#3665 = DIRECTION('',(0.,0.,1.));
#3666 = PCURVE('',#1601,#3667);
#3667 = DEFINITIONAL_REPRESENTATION('',(#3668),#3672);
#3668 = CIRCLE('',#3669,12.359207094308);
#3669 = AXIS2_PLACEMENT_2D('',#3670,#3671);
#3670 = CARTESIAN_POINT('',(10.5,-47.));
#3671 = DIRECTION('',(1.,0.));
#3672 = ( GEOMETRIC_REPRESENTATION_CONTEXT(2) 
PARAMETRIC_REPRESENTATION_CONTEXT() REPRESENTATION_CONTEXT('2D SPACE',''
  ) );
#3673 = PCURVE('',#1656,#3674);
#3674 = DEFINITIONAL_REPRESENTATION('',(#3675),#3683);
#3675 = B_SPLINE_CURVE_WITH_KNOTS('',6,(#3676,#3677,#3678,#3679,#3680,
    #3681,#3682),.UNSPECIFIED.,.F.,.F.,(7,7),(3.697221200608,
    3.957287585475),.PIECEWISE_BEZIER_KNOTS.);
#3676 = CARTESIAN_POINT('',(-0.65427058396,-0.775397496611));
#3677 = CARTESIAN_POINT('',(-0.687982893109,-0.749018936344));
#3678 = CARTESIAN_POINT('',(-0.718514406221,-0.721248972991));
#3679 = CARTESIAN_POINT('',(-0.746110578769,-0.692305849535));
#3680 = CARTESIAN_POINT('',(-0.771054765574,-0.662369350649));
#3681 = CARTESIAN_POINT('',(-0.793597855131,-0.631584652389));
#3682 = CARTESIAN_POINT('',(-0.813961821236,-0.600072705333));
#3683 = ( GEOMETRIC_REPRESENTATION_CONTEXT(2) 
PARAMETRIC_REPRESENTATION_CONTEXT() REPRESENTATION_CONTEXT('2D SPACE',''
  ) );
#3684 = ORIENTED_EDGE('',*,*,#3685,.T.);
#3685 = EDGE_CURVE('',#3658,#3686,#3688,.T.);
#3686 = VERTEX_POINT('',#3687);
#3687 = CARTESIAN_POINT('',(-47.5,33.,-69.52946282695));
#3688 = SURFACE_CURVE('',#3689,(#3693,#3700),.PCURVE_S1.);
#3689 = LINE('',#3690,#3691);
#3690 = CARTESIAN_POINT('',(-47.5,33.,-114.5));
#3691 = VECTOR('',#3692,1.);
#3692 = DIRECTION('',(0.,0.,1.));
#3693 = PCURVE('',#1601,#3694);
#3694 = DEFINITIONAL_REPRESENTATION('',(#3695),#3699);
#3695 = LINE('',#3696,#3697);
#3696 = CARTESIAN_POINT('',(0.,-56.));
#3697 = VECTOR('',#3698,1.);
#3698 = DIRECTION('',(1.,0.));
#3699 = ( GEOMETRIC_REPRESENTATION_CONTEXT(2) 
PARAMETRIC_REPRESENTATION_CONTEXT() REPRESENTATION_CONTEXT('2D SPACE',''
  ) );
#3700 = PCURVE('',#3298,#3701);
#3701 = DEFINITIONAL_REPRESENTATION('',(#3702),#3706);
#3702 = LINE('',#3703,#3704);
#3703 = CARTESIAN_POINT('',(0.,0.));
#3704 = VECTOR('',#3705,1.);
#3705 = DIRECTION('',(1.,0.));
#3706 = ( GEOMETRIC_REPRESENTATION_CONTEXT(2) 
PARAMETRIC_REPRESENTATION_CONTEXT() REPRESENTATION_CONTEXT('2D SPACE',''
  ) );
#3707 = ORIENTED_EDGE('',*,*,#3708,.T.);
#3708 = EDGE_CURVE('',#3686,#3609,#3709,.T.);
#3709 = SURFACE_CURVE('',#3710,(#3715,#3722),.PCURVE_S1.);
#3710 = CIRCLE('',#3711,12.359207094308);
#3711 = AXIS2_PLACEMENT_3D('',#3712,#3713,#3714);
#3712 = CARTESIAN_POINT('',(-47.5,24.,-78.));
#3713 = DIRECTION('',(1.,0.,-0.));
#3714 = DIRECTION('',(0.,0.,1.));
#3715 = PCURVE('',#1601,#3716);
#3716 = DEFINITIONAL_REPRESENTATION('',(#3717),#3721);
#3717 = CIRCLE('',#3718,12.359207094308);
#3718 = AXIS2_PLACEMENT_2D('',#3719,#3720);
#3719 = CARTESIAN_POINT('',(36.5,-47.));
#3720 = DIRECTION('',(1.,0.));
#3721 = ( GEOMETRIC_REPRESENTATION_CONTEXT(2) 
PARAMETRIC_REPRESENTATION_CONTEXT() REPRESENTATION_CONTEXT('2D SPACE',''
  ) );
#3722 = PCURVE('',#3723,#3728);
#3723 = SPHERICAL_SURFACE('',#3724,15.);
#3724 = AXIS2_PLACEMENT_3D('',#3725,#3726,#3727);
#3725 = CARTESIAN_POINT('',(-39.,24.,-78.));
#3726 = DIRECTION('',(0.,-1.,-0.));
#3727 = DIRECTION('',(-1.,-0.,2.368475785867E-16));
#3728 = DEFINITIONAL_REPRESENTATION('',(#3729),#3737);
#3729 = B_SPLINE_CURVE_WITH_KNOTS('',6,(#3730,#3731,#3732,#3733,#3734,
    #3735,#3736),.UNSPECIFIED.,.F.,.F.,(7,7),(5.467490375294,
    5.727556760161),.PIECEWISE_BEZIER_KNOTS.);
#3730 = CARTESIAN_POINT('',(-0.783662048798,-0.643501108793));
#3731 = CARTESIAN_POINT('',(-0.806688759958,-0.612905247953));
#3732 = CARTESIAN_POINT('',(-0.827320058899,-0.581461017052));
#3733 = CARTESIAN_POINT('',(-0.845798150628,-0.549307956031));
#3734 = CARTESIAN_POINT('',(-0.862337416324,-0.516556788005));
#3735 = CARTESIAN_POINT('',(-0.877114265676,-0.483298285702));
#3736 = CARTESIAN_POINT('',(-0.890275102128,-0.449609075088));
#3737 = ( GEOMETRIC_REPRESENTATION_CONTEXT(2) 
PARAMETRIC_REPRESENTATION_CONTEXT() REPRESENTATION_CONTEXT('2D SPACE',''
  ) );
#3738 = ADVANCED_FACE('',(#3739,#4108,#4139),#1421,.F.);
#3739 = FACE_BOUND('',#3740,.F.);
#3740 = EDGE_LOOP('',(#3741,#3762,#3791,#3817,#3846,#3867,#3896,#3917,
    #3946,#3965,#3966,#3987,#4008,#4037,#4058,#4087,#4106,#4107));
#3741 = ORIENTED_EDGE('',*,*,#3742,.F.);
#3742 = EDGE_CURVE('',#3743,#1154,#3745,.T.);
#3743 = VERTEX_POINT('',#3744);
#3744 = CARTESIAN_POINT('',(-54.,5.175,-78.));
#3745 = SURFACE_CURVE('',#3746,(#3750,#3756),.PCURVE_S1.);
#3746 = LINE('',#3747,#3748);
#3747 = CARTESIAN_POINT('',(-54.,5.175,-184.5));
#3748 = VECTOR('',#3749,1.);
#3749 = DIRECTION('',(-0.,0.,-1.));
#3750 = PCURVE('',#1421,#3751);
#3751 = DEFINITIONAL_REPRESENTATION('',(#3752),#3755);
#3752 = B_SPLINE_CURVE_WITH_KNOTS('',1,(#3753,#3754),.UNSPECIFIED.,.F.,
  .F.,(2,2),(-106.5,-80.5),.PIECEWISE_BEZIER_KNOTS.);
#3753 = CARTESIAN_POINT('',(172.,196.));
#3754 = CARTESIAN_POINT('',(146.,196.));
#3755 = ( GEOMETRIC_REPRESENTATION_CONTEXT(2) 
PARAMETRIC_REPRESENTATION_CONTEXT() REPRESENTATION_CONTEXT('2D SPACE',''
  ) );
#3756 = PCURVE('',#1204,#3757);
#3757 = DEFINITIONAL_REPRESENTATION('',(#3758),#3761);
#3758 = B_SPLINE_CURVE_WITH_KNOTS('',1,(#3759,#3760),.UNSPECIFIED.,.F.,
  .F.,(2,2),(-106.5,-80.5),.PIECEWISE_BEZIER_KNOTS.);
#3759 = CARTESIAN_POINT('',(41.,-34.175));
#3760 = CARTESIAN_POINT('',(15.,-34.175));
#3761 = ( GEOMETRIC_REPRESENTATION_CONTEXT(2) 
PARAMETRIC_REPRESENTATION_CONTEXT() REPRESENTATION_CONTEXT('2D SPACE',''
  ) );
#3762 = ORIENTED_EDGE('',*,*,#3763,.T.);
#3763 = EDGE_CURVE('',#3743,#3764,#3766,.T.);
#3764 = VERTEX_POINT('',#3765);
#3765 = CARTESIAN_POINT('',(-39.,5.175,-63.));
#3766 = SURFACE_CURVE('',#3767,(#3772,#3779),.PCURVE_S1.);
#3767 = CIRCLE('',#3768,15.);
#3768 = AXIS2_PLACEMENT_3D('',#3769,#3770,#3771);
#3769 = CARTESIAN_POINT('',(-39.,5.175,-78.));
#3770 = DIRECTION('',(-0.,1.,0.));
#3771 = DIRECTION('',(-1.,-0.,0.));
#3772 = PCURVE('',#1421,#3773);
#3773 = DEFINITIONAL_REPRESENTATION('',(#3774),#3778);
#3774 = CIRCLE('',#3775,15.);
#3775 = AXIS2_PLACEMENT_2D('',#3776,#3777);
#3776 = CARTESIAN_POINT('',(172.,211.));
#3777 = DIRECTION('',(0.,-1.));
#3778 = ( GEOMETRIC_REPRESENTATION_CONTEXT(2) 
PARAMETRIC_REPRESENTATION_CONTEXT() REPRESENTATION_CONTEXT('2D SPACE',''
  ) );
#3779 = PCURVE('',#3780,#3785);
#3780 = CYLINDRICAL_SURFACE('',#3781,15.);
#3781 = AXIS2_PLACEMENT_3D('',#3782,#3783,#3784);
#3782 = CARTESIAN_POINT('',(-39.,-29.,-78.));
#3783 = DIRECTION('',(-0.,1.,0.));
#3784 = DIRECTION('',(-1.,-0.,0.));
#3785 = DEFINITIONAL_REPRESENTATION('',(#3786),#3790);
#3786 = LINE('',#3787,#3788);
#3787 = CARTESIAN_POINT('',(0.,34.175));
#3788 = VECTOR('',#3789,1.);
#3789 = DIRECTION('',(1.,0.));
#3790 = ( GEOMETRIC_REPRESENTATION_CONTEXT(2) 
PARAMETRIC_REPRESENTATION_CONTEXT() REPRESENTATION_CONTEXT('2D SPACE',''
  ) );
#3791 = ORIENTED_EDGE('',*,*,#3792,.T.);
#3792 = EDGE_CURVE('',#3764,#3793,#3795,.T.);
#3793 = VERTEX_POINT('',#3794);
#3794 = CARTESIAN_POINT('',(-33.1961524227,5.175,-63.));
#3795 = SURFACE_CURVE('',#3796,(#3800,#3806),.PCURVE_S1.);
#3796 = LINE('',#3797,#3798);
#3797 = CARTESIAN_POINT('',(-152.,5.175,-63.));
#3798 = VECTOR('',#3799,1.);
#3799 = DIRECTION('',(1.,0.,-0.));
#3800 = PCURVE('',#1421,#3801);
#3801 = DEFINITIONAL_REPRESENTATION('',(#3802),#3805);
#3802 = B_SPLINE_CURVE_WITH_KNOTS('',1,(#3803,#3804),.UNSPECIFIED.,.F.,
  .F.,(2,2),(113.,191.),.PIECEWISE_BEZIER_KNOTS.);
#3803 = CARTESIAN_POINT('',(187.,211.));
#3804 = CARTESIAN_POINT('',(187.,289.));
#3805 = ( GEOMETRIC_REPRESENTATION_CONTEXT(2) 
PARAMETRIC_REPRESENTATION_CONTEXT() REPRESENTATION_CONTEXT('2D SPACE',''
  ) );
#3806 = PCURVE('',#3807,#3812);
#3807 = PLANE('',#3808);
#3808 = AXIS2_PLACEMENT_3D('',#3809,#3810,#3811);
#3809 = CARTESIAN_POINT('',(-54.,-29.,-63.));
#3810 = DIRECTION('',(0.,0.,1.));
#3811 = DIRECTION('',(1.,0.,-0.));
#3812 = DEFINITIONAL_REPRESENTATION('',(#3813),#3816);
#3813 = B_SPLINE_CURVE_WITH_KNOTS('',1,(#3814,#3815),.UNSPECIFIED.,.F.,
  .F.,(2,2),(113.,191.),.PIECEWISE_BEZIER_KNOTS.);
#3814 = CARTESIAN_POINT('',(15.,34.175));
#3815 = CARTESIAN_POINT('',(93.,34.175));
#3816 = ( GEOMETRIC_REPRESENTATION_CONTEXT(2) 
PARAMETRIC_REPRESENTATION_CONTEXT() REPRESENTATION_CONTEXT('2D SPACE',''
  ) );
#3817 = ORIENTED_EDGE('',*,*,#3818,.T.);
#3818 = EDGE_CURVE('',#3793,#3819,#3821,.T.);
#3819 = VERTEX_POINT('',#3820);
#3820 = CARTESIAN_POINT('',(-22.80384757729,5.175,-63.));
#3821 = SURFACE_CURVE('',#3822,(#3827,#3834),.PCURVE_S1.);
#3822 = CIRCLE('',#3823,6.);
#3823 = AXIS2_PLACEMENT_3D('',#3824,#3825,#3826);
#3824 = CARTESIAN_POINT('',(-28.,5.175,-66.));
#3825 = DIRECTION('',(-0.,1.,0.));
#3826 = DIRECTION('',(1.,0.,0.));
#3827 = PCURVE('',#1421,#3828);
#3828 = DEFINITIONAL_REPRESENTATION('',(#3829),#3833);
#3829 = CIRCLE('',#3830,6.);
#3830 = AXIS2_PLACEMENT_2D('',#3831,#3832);
#3831 = CARTESIAN_POINT('',(184.,222.));
#3832 = DIRECTION('',(0.,1.));
#3833 = ( GEOMETRIC_REPRESENTATION_CONTEXT(2) 
PARAMETRIC_REPRESENTATION_CONTEXT() REPRESENTATION_CONTEXT('2D SPACE',''
  ) );
#3834 = PCURVE('',#3835,#3840);
#3835 = CYLINDRICAL_SURFACE('',#3836,6.);
#3836 = AXIS2_PLACEMENT_3D('',#3837,#3838,#3839);
#3837 = CARTESIAN_POINT('',(-28.,-2.,-66.));
#3838 = DIRECTION('',(0.,1.,0.));
#3839 = DIRECTION('',(1.,0.,0.));
#3840 = DEFINITIONAL_REPRESENTATION('',(#3841),#3845);
#3841 = LINE('',#3842,#3843);
#3842 = CARTESIAN_POINT('',(0.,7.175));
#3843 = VECTOR('',#3844,1.);
#3844 = DIRECTION('',(1.,0.));
#3845 = ( GEOMETRIC_REPRESENTATION_CONTEXT(2) 
PARAMETRIC_REPRESENTATION_CONTEXT() REPRESENTATION_CONTEXT('2D SPACE',''
  ) );
#3846 = ORIENTED_EDGE('',*,*,#3847,.T.);
#3847 = EDGE_CURVE('',#3819,#3848,#3850,.T.);
#3848 = VERTEX_POINT('',#3849);
#3849 = CARTESIAN_POINT('',(22.803847577293,5.175,-63.));
#3850 = SURFACE_CURVE('',#3851,(#3855,#3861),.PCURVE_S1.);
#3851 = LINE('',#3852,#3853);
#3852 = CARTESIAN_POINT('',(-152.,5.175,-63.));
#3853 = VECTOR('',#3854,1.);
#3854 = DIRECTION('',(1.,0.,-0.));
#3855 = PCURVE('',#1421,#3856);
#3856 = DEFINITIONAL_REPRESENTATION('',(#3857),#3860);
#3857 = B_SPLINE_CURVE_WITH_KNOTS('',1,(#3858,#3859),.UNSPECIFIED.,.F.,
  .F.,(2,2),(113.,191.),.PIECEWISE_BEZIER_KNOTS.);
#3858 = CARTESIAN_POINT('',(187.,211.));
#3859 = CARTESIAN_POINT('',(187.,289.));
#3860 = ( GEOMETRIC_REPRESENTATION_CONTEXT(2) 
PARAMETRIC_REPRESENTATION_CONTEXT() REPRESENTATION_CONTEXT('2D SPACE',''
  ) );
#3861 = PCURVE('',#3807,#3862);
#3862 = DEFINITIONAL_REPRESENTATION('',(#3863),#3866);
#3863 = B_SPLINE_CURVE_WITH_KNOTS('',1,(#3864,#3865),.UNSPECIFIED.,.F.,
  .F.,(2,2),(113.,191.),.PIECEWISE_BEZIER_KNOTS.);
#3864 = CARTESIAN_POINT('',(15.,34.175));
#3865 = CARTESIAN_POINT('',(93.,34.175));
#3866 = ( GEOMETRIC_REPRESENTATION_CONTEXT(2) 
PARAMETRIC_REPRESENTATION_CONTEXT() REPRESENTATION_CONTEXT('2D SPACE',''
  ) );
#3867 = ORIENTED_EDGE('',*,*,#3868,.T.);
#3868 = EDGE_CURVE('',#3848,#3869,#3871,.T.);
#3869 = VERTEX_POINT('',#3870);
#3870 = CARTESIAN_POINT('',(33.196152422707,5.175,-63.));
#3871 = SURFACE_CURVE('',#3872,(#3877,#3884),.PCURVE_S1.);
#3872 = CIRCLE('',#3873,6.);
#3873 = AXIS2_PLACEMENT_3D('',#3874,#3875,#3876);
#3874 = CARTESIAN_POINT('',(28.,5.175,-66.));
#3875 = DIRECTION('',(-0.,1.,0.));
#3876 = DIRECTION('',(1.,0.,0.));
#3877 = PCURVE('',#1421,#3878);
#3878 = DEFINITIONAL_REPRESENTATION('',(#3879),#3883);
#3879 = CIRCLE('',#3880,6.);
#3880 = AXIS2_PLACEMENT_2D('',#3881,#3882);
#3881 = CARTESIAN_POINT('',(184.,278.));
#3882 = DIRECTION('',(0.,1.));
#3883 = ( GEOMETRIC_REPRESENTATION_CONTEXT(2) 
PARAMETRIC_REPRESENTATION_CONTEXT() REPRESENTATION_CONTEXT('2D SPACE',''
  ) );
#3884 = PCURVE('',#3885,#3890);
#3885 = CYLINDRICAL_SURFACE('',#3886,6.);
#3886 = AXIS2_PLACEMENT_3D('',#3887,#3888,#3889);
#3887 = CARTESIAN_POINT('',(28.,-2.,-66.));
#3888 = DIRECTION('',(0.,1.,0.));
#3889 = DIRECTION('',(1.,0.,0.));
#3890 = DEFINITIONAL_REPRESENTATION('',(#3891),#3895);
#3891 = LINE('',#3892,#3893);
#3892 = CARTESIAN_POINT('',(0.,7.175));
#3893 = VECTOR('',#3894,1.);
#3894 = DIRECTION('',(1.,0.));
#3895 = ( GEOMETRIC_REPRESENTATION_CONTEXT(2) 
PARAMETRIC_REPRESENTATION_CONTEXT() REPRESENTATION_CONTEXT('2D SPACE',''
  ) );
#3896 = ORIENTED_EDGE('',*,*,#3897,.T.);
#3897 = EDGE_CURVE('',#3869,#3898,#3900,.T.);
#3898 = VERTEX_POINT('',#3899);
#3899 = CARTESIAN_POINT('',(39.,5.175,-63.));
#3900 = SURFACE_CURVE('',#3901,(#3905,#3911),.PCURVE_S1.);
#3901 = LINE('',#3902,#3903);
#3902 = CARTESIAN_POINT('',(-152.,5.175,-63.));
#3903 = VECTOR('',#3904,1.);
#3904 = DIRECTION('',(1.,0.,-0.));
#3905 = PCURVE('',#1421,#3906);
#3906 = DEFINITIONAL_REPRESENTATION('',(#3907),#3910);
#3907 = B_SPLINE_CURVE_WITH_KNOTS('',1,(#3908,#3909),.UNSPECIFIED.,.F.,
  .F.,(2,2),(113.,191.),.PIECEWISE_BEZIER_KNOTS.);
#3908 = CARTESIAN_POINT('',(187.,211.));
#3909 = CARTESIAN_POINT('',(187.,289.));
#3910 = ( GEOMETRIC_REPRESENTATION_CONTEXT(2) 
PARAMETRIC_REPRESENTATION_CONTEXT() REPRESENTATION_CONTEXT('2D SPACE',''
  ) );
#3911 = PCURVE('',#3807,#3912);
#3912 = DEFINITIONAL_REPRESENTATION('',(#3913),#3916);
#3913 = B_SPLINE_CURVE_WITH_KNOTS('',1,(#3914,#3915),.UNSPECIFIED.,.F.,
  .F.,(2,2),(113.,191.),.PIECEWISE_BEZIER_KNOTS.);
#3914 = CARTESIAN_POINT('',(15.,34.175));
#3915 = CARTESIAN_POINT('',(93.,34.175));
#3916 = ( GEOMETRIC_REPRESENTATION_CONTEXT(2) 
PARAMETRIC_REPRESENTATION_CONTEXT() REPRESENTATION_CONTEXT('2D SPACE',''
  ) );
#3917 = ORIENTED_EDGE('',*,*,#3918,.T.);
#3918 = EDGE_CURVE('',#3898,#3919,#3921,.T.);
#3919 = VERTEX_POINT('',#3920);
#3920 = CARTESIAN_POINT('',(54.,5.175,-78.));
#3921 = SURFACE_CURVE('',#3922,(#3927,#3934),.PCURVE_S1.);
#3922 = CIRCLE('',#3923,15.);
#3923 = AXIS2_PLACEMENT_3D('',#3924,#3925,#3926);
#3924 = CARTESIAN_POINT('',(39.,5.175,-78.));
#3925 = DIRECTION('',(0.,1.,0.));
#3926 = DIRECTION('',(1.,0.,-0.));
#3927 = PCURVE('',#1421,#3928);
#3928 = DEFINITIONAL_REPRESENTATION('',(#3929),#3933);
#3929 = CIRCLE('',#3930,15.);
#3930 = AXIS2_PLACEMENT_2D('',#3931,#3932);
#3931 = CARTESIAN_POINT('',(172.,289.));
#3932 = DIRECTION('',(0.,1.));
#3933 = ( GEOMETRIC_REPRESENTATION_CONTEXT(2) 
PARAMETRIC_REPRESENTATION_CONTEXT() REPRESENTATION_CONTEXT('2D SPACE',''
  ) );
#3934 = PCURVE('',#3935,#3940);
#3935 = CYLINDRICAL_SURFACE('',#3936,15.);
#3936 = AXIS2_PLACEMENT_3D('',#3937,#3938,#3939);
#3937 = CARTESIAN_POINT('',(39.,-29.,-78.));
#3938 = DIRECTION('',(-0.,1.,0.));
#3939 = DIRECTION('',(1.,0.,-0.));
#3940 = DEFINITIONAL_REPRESENTATION('',(#3941),#3945);
#3941 = LINE('',#3942,#3943);
#3942 = CARTESIAN_POINT('',(-6.28318530718,34.175));
#3943 = VECTOR('',#3944,1.);
#3944 = DIRECTION('',(1.,-0.));
#3945 = ( GEOMETRIC_REPRESENTATION_CONTEXT(2) 
PARAMETRIC_REPRESENTATION_CONTEXT() REPRESENTATION_CONTEXT('2D SPACE',''
  ) );
#3946 = ORIENTED_EDGE('',*,*,#3947,.T.);
#3947 = EDGE_CURVE('',#3919,#2648,#3948,.T.);
#3948 = SURFACE_CURVE('',#3949,(#3953,#3959),.PCURVE_S1.);
#3949 = LINE('',#3950,#3951);
#3950 = CARTESIAN_POINT('',(54.,5.175,-184.5));
#3951 = VECTOR('',#3952,1.);
#3952 = DIRECTION('',(-0.,0.,-1.));
#3953 = PCURVE('',#1421,#3954);
#3954 = DEFINITIONAL_REPRESENTATION('',(#3955),#3958);
#3955 = B_SPLINE_CURVE_WITH_KNOTS('',1,(#3956,#3957),.UNSPECIFIED.,.F.,
  .F.,(2,2),(-106.5,-80.5),.PIECEWISE_BEZIER_KNOTS.);
#3956 = CARTESIAN_POINT('',(172.,304.));
#3957 = CARTESIAN_POINT('',(146.,304.));
#3958 = ( GEOMETRIC_REPRESENTATION_CONTEXT(2) 
PARAMETRIC_REPRESENTATION_CONTEXT() REPRESENTATION_CONTEXT('2D SPACE',''
  ) );
#3959 = PCURVE('',#1981,#3960);
#3960 = DEFINITIONAL_REPRESENTATION('',(#3961),#3964);
#3961 = B_SPLINE_CURVE_WITH_KNOTS('',1,(#3962,#3963),.UNSPECIFIED.,.F.,
  .F.,(2,2),(-106.5,-80.5),.PIECEWISE_BEZIER_KNOTS.);
#3962 = CARTESIAN_POINT('',(41.,-34.175));
#3963 = CARTESIAN_POINT('',(15.,-34.175));
#3964 = ( GEOMETRIC_REPRESENTATION_CONTEXT(2) 
PARAMETRIC_REPRESENTATION_CONTEXT() REPRESENTATION_CONTEXT('2D SPACE',''
  ) );
#3965 = ORIENTED_EDGE('',*,*,#2647,.F.);
#3966 = ORIENTED_EDGE('',*,*,#3967,.F.);
#3967 = EDGE_CURVE('',#3968,#2522,#3970,.T.);
#3968 = VERTEX_POINT('',#3969);
#3969 = CARTESIAN_POINT('',(47.5,5.175,-67.5));
#3970 = SURFACE_CURVE('',#3971,(#3975,#3981),.PCURVE_S1.);
#3971 = LINE('',#3972,#3973);
#3972 = CARTESIAN_POINT('',(47.5,5.175,-182.25));
#3973 = VECTOR('',#3974,1.);
#3974 = DIRECTION('',(-0.,0.,-1.));
#3975 = PCURVE('',#1421,#3976);
#3976 = DEFINITIONAL_REPRESENTATION('',(#3977),#3980);
#3977 = B_SPLINE_CURVE_WITH_KNOTS('',1,(#3978,#3979),.UNSPECIFIED.,.F.,
  .F.,(2,2),(-114.75,-67.75),.PIECEWISE_BEZIER_KNOTS.);
#3978 = CARTESIAN_POINT('',(182.5,297.5));
#3979 = CARTESIAN_POINT('',(135.5,297.5));
#3980 = ( GEOMETRIC_REPRESENTATION_CONTEXT(2) 
PARAMETRIC_REPRESENTATION_CONTEXT() REPRESENTATION_CONTEXT('2D SPACE',''
  ) );
#3981 = PCURVE('',#2635,#3982);
#3982 = DEFINITIONAL_REPRESENTATION('',(#3983),#3986);
#3983 = B_SPLINE_CURVE_WITH_KNOTS('',1,(#3984,#3985),.UNSPECIFIED.,.F.,
  .F.,(2,2),(-114.75,-67.75),.PIECEWISE_BEZIER_KNOTS.);
#3984 = CARTESIAN_POINT('',(47.,-28.175));
#3985 = CARTESIAN_POINT('',(-2.84217094304E-14,-28.175));
#3986 = ( GEOMETRIC_REPRESENTATION_CONTEXT(2) 
PARAMETRIC_REPRESENTATION_CONTEXT() REPRESENTATION_CONTEXT('2D SPACE',''
  ) );
#3987 = ORIENTED_EDGE('',*,*,#3988,.F.);
#3988 = EDGE_CURVE('',#3989,#3968,#3991,.T.);
#3989 = VERTEX_POINT('',#3990);
#3990 = CARTESIAN_POINT('',(33.809475019311,5.175,-67.5));
#3991 = SURFACE_CURVE('',#3992,(#3996,#4002),.PCURVE_S1.);
#3992 = LINE('',#3993,#3994);
#3993 = CARTESIAN_POINT('',(-148.75,5.175,-67.5));
#3994 = VECTOR('',#3995,1.);
#3995 = DIRECTION('',(1.,0.,-0.));
#3996 = PCURVE('',#1421,#3997);
#3997 = DEFINITIONAL_REPRESENTATION('',(#3998),#4001);
#3998 = B_SPLINE_CURVE_WITH_KNOTS('',1,(#3999,#4000),.UNSPECIFIED.,.F.,
  .F.,(2,2),(101.25,196.25),.PIECEWISE_BEZIER_KNOTS.);
#3999 = CARTESIAN_POINT('',(182.5,202.5));
#4000 = CARTESIAN_POINT('',(182.5,297.5));
#4001 = ( GEOMETRIC_REPRESENTATION_CONTEXT(2) 
PARAMETRIC_REPRESENTATION_CONTEXT() REPRESENTATION_CONTEXT('2D SPACE',''
  ) );
#4002 = PCURVE('',#3624,#4003);
#4003 = DEFINITIONAL_REPRESENTATION('',(#4004),#4007);
#4004 = B_SPLINE_CURVE_WITH_KNOTS('',1,(#4005,#4006),.UNSPECIFIED.,.F.,
  .F.,(2,2),(101.25,196.25),.PIECEWISE_BEZIER_KNOTS.);
#4005 = CARTESIAN_POINT('',(0.,28.175));
#4006 = CARTESIAN_POINT('',(95.,28.175));
#4007 = ( GEOMETRIC_REPRESENTATION_CONTEXT(2) 
PARAMETRIC_REPRESENTATION_CONTEXT() REPRESENTATION_CONTEXT('2D SPACE',''
  ) );
#4008 = ORIENTED_EDGE('',*,*,#4009,.T.);
#4009 = EDGE_CURVE('',#3989,#4010,#4012,.T.);
#4010 = VERTEX_POINT('',#4011);
#4011 = CARTESIAN_POINT('',(22.190524980689,5.175,-67.5));
#4012 = SURFACE_CURVE('',#4013,(#4018,#4025),.PCURVE_S1.);
#4013 = CIRCLE('',#4014,6.);
#4014 = AXIS2_PLACEMENT_3D('',#4015,#4016,#4017);
#4015 = CARTESIAN_POINT('',(28.,5.175,-66.));
#4016 = DIRECTION('',(-0.,1.,0.));
#4017 = DIRECTION('',(1.,0.,0.));
#4018 = PCURVE('',#1421,#4019);
#4019 = DEFINITIONAL_REPRESENTATION('',(#4020),#4024);
#4020 = CIRCLE('',#4021,6.);
#4021 = AXIS2_PLACEMENT_2D('',#4022,#4023);
#4022 = CARTESIAN_POINT('',(184.,278.));
#4023 = DIRECTION('',(0.,1.));
#4024 = ( GEOMETRIC_REPRESENTATION_CONTEXT(2) 
PARAMETRIC_REPRESENTATION_CONTEXT() REPRESENTATION_CONTEXT('2D SPACE',''
  ) );
#4025 = PCURVE('',#4026,#4031);
#4026 = CYLINDRICAL_SURFACE('',#4027,6.);
#4027 = AXIS2_PLACEMENT_3D('',#4028,#4029,#4030);
#4028 = CARTESIAN_POINT('',(28.,-2.,-66.));
#4029 = DIRECTION('',(0.,1.,0.));
#4030 = DIRECTION('',(1.,0.,0.));
#4031 = DEFINITIONAL_REPRESENTATION('',(#4032),#4036);
#4032 = LINE('',#4033,#4034);
#4033 = CARTESIAN_POINT('',(0.,7.175));
#4034 = VECTOR('',#4035,1.);
#4035 = DIRECTION('',(1.,0.));
#4036 = ( GEOMETRIC_REPRESENTATION_CONTEXT(2) 
PARAMETRIC_REPRESENTATION_CONTEXT() REPRESENTATION_CONTEXT('2D SPACE',''
  ) );
#4037 = ORIENTED_EDGE('',*,*,#4038,.F.);
#4038 = EDGE_CURVE('',#4039,#4010,#4041,.T.);
#4039 = VERTEX_POINT('',#4040);
#4040 = CARTESIAN_POINT('',(-22.19052498068,5.175,-67.5));
#4041 = SURFACE_CURVE('',#4042,(#4046,#4052),.PCURVE_S1.);
#4042 = LINE('',#4043,#4044);
#4043 = CARTESIAN_POINT('',(-148.75,5.175,-67.5));
#4044 = VECTOR('',#4045,1.);
#4045 = DIRECTION('',(1.,0.,-0.));
#4046 = PCURVE('',#1421,#4047);
#4047 = DEFINITIONAL_REPRESENTATION('',(#4048),#4051);
#4048 = B_SPLINE_CURVE_WITH_KNOTS('',1,(#4049,#4050),.UNSPECIFIED.,.F.,
  .F.,(2,2),(101.25,196.25),.PIECEWISE_BEZIER_KNOTS.);
#4049 = CARTESIAN_POINT('',(182.5,202.5));
#4050 = CARTESIAN_POINT('',(182.5,297.5));
#4051 = ( GEOMETRIC_REPRESENTATION_CONTEXT(2) 
PARAMETRIC_REPRESENTATION_CONTEXT() REPRESENTATION_CONTEXT('2D SPACE',''
  ) );
#4052 = PCURVE('',#3624,#4053);
#4053 = DEFINITIONAL_REPRESENTATION('',(#4054),#4057);
#4054 = B_SPLINE_CURVE_WITH_KNOTS('',1,(#4055,#4056),.UNSPECIFIED.,.F.,
  .F.,(2,2),(101.25,196.25),.PIECEWISE_BEZIER_KNOTS.);
#4055 = CARTESIAN_POINT('',(0.,28.175));
#4056 = CARTESIAN_POINT('',(95.,28.175));
#4057 = ( GEOMETRIC_REPRESENTATION_CONTEXT(2) 
PARAMETRIC_REPRESENTATION_CONTEXT() REPRESENTATION_CONTEXT('2D SPACE',''
  ) );
#4058 = ORIENTED_EDGE('',*,*,#4059,.T.);
#4059 = EDGE_CURVE('',#4039,#4060,#4062,.T.);
#4060 = VERTEX_POINT('',#4061);
#4061 = CARTESIAN_POINT('',(-33.80947501931,5.175,-67.5));
#4062 = SURFACE_CURVE('',#4063,(#4068,#4075),.PCURVE_S1.);
#4063 = CIRCLE('',#4064,6.);
#4064 = AXIS2_PLACEMENT_3D('',#4065,#4066,#4067);
#4065 = CARTESIAN_POINT('',(-28.,5.175,-66.));
#4066 = DIRECTION('',(-0.,1.,0.));
#4067 = DIRECTION('',(1.,0.,0.));
#4068 = PCURVE('',#1421,#4069);
#4069 = DEFINITIONAL_REPRESENTATION('',(#4070),#4074);
#4070 = CIRCLE('',#4071,6.);
#4071 = AXIS2_PLACEMENT_2D('',#4072,#4073);
#4072 = CARTESIAN_POINT('',(184.,222.));
#4073 = DIRECTION('',(0.,1.));
#4074 = ( GEOMETRIC_REPRESENTATION_CONTEXT(2) 
PARAMETRIC_REPRESENTATION_CONTEXT() REPRESENTATION_CONTEXT('2D SPACE',''
  ) );
#4075 = PCURVE('',#4076,#4081);
#4076 = CYLINDRICAL_SURFACE('',#4077,6.);
#4077 = AXIS2_PLACEMENT_3D('',#4078,#4079,#4080);
#4078 = CARTESIAN_POINT('',(-28.,-2.,-66.));
#4079 = DIRECTION('',(0.,1.,0.));
#4080 = DIRECTION('',(1.,0.,0.));
#4081 = DEFINITIONAL_REPRESENTATION('',(#4082),#4086);
#4082 = LINE('',#4083,#4084);
#4083 = CARTESIAN_POINT('',(0.,7.175));
#4084 = VECTOR('',#4085,1.);
#4085 = DIRECTION('',(1.,0.));
#4086 = ( GEOMETRIC_REPRESENTATION_CONTEXT(2) 
PARAMETRIC_REPRESENTATION_CONTEXT() REPRESENTATION_CONTEXT('2D SPACE',''
  ) );
#4087 = ORIENTED_EDGE('',*,*,#4088,.F.);
#4088 = EDGE_CURVE('',#3607,#4060,#4089,.T.);
#4089 = SURFACE_CURVE('',#4090,(#4094,#4100),.PCURVE_S1.);
#4090 = LINE('',#4091,#4092);
#4091 = CARTESIAN_POINT('',(-148.75,5.175,-67.5));
#4092 = VECTOR('',#4093,1.);
#4093 = DIRECTION('',(1.,0.,-0.));
#4094 = PCURVE('',#1421,#4095);
#4095 = DEFINITIONAL_REPRESENTATION('',(#4096),#4099);
#4096 = B_SPLINE_CURVE_WITH_KNOTS('',1,(#4097,#4098),.UNSPECIFIED.,.F.,
  .F.,(2,2),(101.25,196.25),.PIECEWISE_BEZIER_KNOTS.);
#4097 = CARTESIAN_POINT('',(182.5,202.5));
#4098 = CARTESIAN_POINT('',(182.5,297.5));
#4099 = ( GEOMETRIC_REPRESENTATION_CONTEXT(2) 
PARAMETRIC_REPRESENTATION_CONTEXT() REPRESENTATION_CONTEXT('2D SPACE',''
  ) );
#4100 = PCURVE('',#3624,#4101);
#4101 = DEFINITIONAL_REPRESENTATION('',(#4102),#4105);
#4102 = B_SPLINE_CURVE_WITH_KNOTS('',1,(#4103,#4104),.UNSPECIFIED.,.F.,
  .F.,(2,2),(101.25,196.25),.PIECEWISE_BEZIER_KNOTS.);
#4103 = CARTESIAN_POINT('',(0.,28.175));
#4104 = CARTESIAN_POINT('',(95.,28.175));
#4105 = ( GEOMETRIC_REPRESENTATION_CONTEXT(2) 
PARAMETRIC_REPRESENTATION_CONTEXT() REPRESENTATION_CONTEXT('2D SPACE',''
  ) );
#4106 = ORIENTED_EDGE('',*,*,#3636,.T.);
#4107 = ORIENTED_EDGE('',*,*,#1216,.F.);
#4108 = FACE_BOUND('',#4109,.F.);
#4109 = EDGE_LOOP('',(#4110));
#4110 = ORIENTED_EDGE('',*,*,#4111,.F.);
#4111 = EDGE_CURVE('',#4112,#4112,#4114,.T.);
#4112 = VERTEX_POINT('',#4113);
#4113 = CARTESIAN_POINT('',(-26.3,5.175,-66.));
#4114 = SURFACE_CURVE('',#4115,(#4120,#4127),.PCURVE_S1.);
#4115 = CIRCLE('',#4116,1.7);
#4116 = AXIS2_PLACEMENT_3D('',#4117,#4118,#4119);
#4117 = CARTESIAN_POINT('',(-28.,5.175,-66.));
#4118 = DIRECTION('',(-0.,1.,0.));
#4119 = DIRECTION('',(1.,0.,0.));
#4120 = PCURVE('',#1421,#4121);
#4121 = DEFINITIONAL_REPRESENTATION('',(#4122),#4126);
#4122 = CIRCLE('',#4123,1.7);
#4123 = AXIS2_PLACEMENT_2D('',#4124,#4125);
#4124 = CARTESIAN_POINT('',(184.,222.));
#4125 = DIRECTION('',(0.,1.));
#4126 = ( GEOMETRIC_REPRESENTATION_CONTEXT(2) 
PARAMETRIC_REPRESENTATION_CONTEXT() REPRESENTATION_CONTEXT('2D SPACE',''
  ) );
#4127 = PCURVE('',#4128,#4133);
#4128 = CYLINDRICAL_SURFACE('',#4129,1.7);
#4129 = AXIS2_PLACEMENT_3D('',#4130,#4131,#4132);
#4130 = CARTESIAN_POINT('',(-28.,-4.,-66.));
#4131 = DIRECTION('',(0.,1.,0.));
#4132 = DIRECTION('',(1.,0.,0.));
#4133 = DEFINITIONAL_REPRESENTATION('',(#4134),#4138);
#4134 = LINE('',#4135,#4136);
#4135 = CARTESIAN_POINT('',(0.,9.175));
#4136 = VECTOR('',#4137,1.);
#4137 = DIRECTION('',(1.,0.));
#4138 = ( GEOMETRIC_REPRESENTATION_CONTEXT(2) 
PARAMETRIC_REPRESENTATION_CONTEXT() REPRESENTATION_CONTEXT('2D SPACE',''
  ) );
#4139 = FACE_BOUND('',#4140,.F.);
#4140 = EDGE_LOOP('',(#4141));
#4141 = ORIENTED_EDGE('',*,*,#4142,.F.);
#4142 = EDGE_CURVE('',#4143,#4143,#4145,.T.);
#4143 = VERTEX_POINT('',#4144);
#4144 = CARTESIAN_POINT('',(29.7,5.175,-66.));
#4145 = SURFACE_CURVE('',#4146,(#4151,#4158),.PCURVE_S1.);
#4146 = CIRCLE('',#4147,1.7);
#4147 = AXIS2_PLACEMENT_3D('',#4148,#4149,#4150);
#4148 = CARTESIAN_POINT('',(28.,5.175,-66.));
#4149 = DIRECTION('',(-0.,1.,0.));
#4150 = DIRECTION('',(1.,0.,0.));
#4151 = PCURVE('',#1421,#4152);
#4152 = DEFINITIONAL_REPRESENTATION('',(#4153),#4157);
#4153 = CIRCLE('',#4154,1.7);
#4154 = AXIS2_PLACEMENT_2D('',#4155,#4156);
#4155 = CARTESIAN_POINT('',(184.,278.));
#4156 = DIRECTION('',(0.,1.));
#4157 = ( GEOMETRIC_REPRESENTATION_CONTEXT(2) 
PARAMETRIC_REPRESENTATION_CONTEXT() REPRESENTATION_CONTEXT('2D SPACE',''
  ) );
#4158 = PCURVE('',#4159,#4164);
#4159 = CYLINDRICAL_SURFACE('',#4160,1.7);
#4160 = AXIS2_PLACEMENT_3D('',#4161,#4162,#4163);
#4161 = CARTESIAN_POINT('',(28.,-4.,-66.));
#4162 = DIRECTION('',(0.,1.,0.));
#4163 = DIRECTION('',(1.,0.,0.));
#4164 = DEFINITIONAL_REPRESENTATION('',(#4165),#4169);
#4165 = LINE('',#4166,#4167);
#4166 = CARTESIAN_POINT('',(0.,9.175));
#4167 = VECTOR('',#4168,1.);
#4168 = DIRECTION('',(1.,0.));
#4169 = ( GEOMETRIC_REPRESENTATION_CONTEXT(2) 
PARAMETRIC_REPRESENTATION_CONTEXT() REPRESENTATION_CONTEXT('2D SPACE',''
  ) );
#4170 = ADVANCED_FACE('',(#4171),#1204,.F.);
#4171 = FACE_BOUND('',#4172,.F.);
#4172 = EDGE_LOOP('',(#4173,#4174,#4175,#4203,#4224));
#4173 = ORIENTED_EDGE('',*,*,#1153,.F.);
#4174 = ORIENTED_EDGE('',*,*,#1667,.T.);
#4175 = ORIENTED_EDGE('',*,*,#4176,.T.);
#4176 = EDGE_CURVE('',#1641,#4177,#4179,.T.);
#4177 = VERTEX_POINT('',#4178);
#4178 = CARTESIAN_POINT('',(-54.,24.,-78.));
#4179 = SURFACE_CURVE('',#4180,(#4184,#4191),.PCURVE_S1.);
#4180 = LINE('',#4181,#4182);
#4181 = CARTESIAN_POINT('',(-54.,24.,-119.));
#4182 = VECTOR('',#4183,1.);
#4183 = DIRECTION('',(0.,0.,1.));
#4184 = PCURVE('',#1204,#4185);
#4185 = DEFINITIONAL_REPRESENTATION('',(#4186),#4190);
#4186 = LINE('',#4187,#4188);
#4187 = CARTESIAN_POINT('',(0.,-53.));
#4188 = VECTOR('',#4189,1.);
#4189 = DIRECTION('',(1.,0.));
#4190 = ( GEOMETRIC_REPRESENTATION_CONTEXT(2) 
PARAMETRIC_REPRESENTATION_CONTEXT() REPRESENTATION_CONTEXT('2D SPACE',''
  ) );
#4191 = PCURVE('',#4192,#4197);
#4192 = CYLINDRICAL_SURFACE('',#4193,15.);
#4193 = AXIS2_PLACEMENT_3D('',#4194,#4195,#4196);
#4194 = CARTESIAN_POINT('',(-39.,24.,-119.));
#4195 = DIRECTION('',(0.,0.,1.));
#4196 = DIRECTION('',(-1.,-0.,0.));
#4197 = DEFINITIONAL_REPRESENTATION('',(#4198),#4202);
#4198 = LINE('',#4199,#4200);
#4199 = CARTESIAN_POINT('',(-0.,0.));
#4200 = VECTOR('',#4201,1.);
#4201 = DIRECTION('',(-0.,1.));
#4202 = ( GEOMETRIC_REPRESENTATION_CONTEXT(2) 
PARAMETRIC_REPRESENTATION_CONTEXT() REPRESENTATION_CONTEXT('2D SPACE',''
  ) );
#4203 = ORIENTED_EDGE('',*,*,#4204,.F.);
#4204 = EDGE_CURVE('',#3743,#4177,#4205,.T.);
#4205 = SURFACE_CURVE('',#4206,(#4210,#4217),.PCURVE_S1.);
#4206 = LINE('',#4207,#4208);
#4207 = CARTESIAN_POINT('',(-54.,-29.,-78.));
#4208 = VECTOR('',#4209,1.);
#4209 = DIRECTION('',(-0.,1.,0.));
#4210 = PCURVE('',#1204,#4211);
#4211 = DEFINITIONAL_REPRESENTATION('',(#4212),#4216);
#4212 = LINE('',#4213,#4214);
#4213 = CARTESIAN_POINT('',(41.,0.));
#4214 = VECTOR('',#4215,1.);
#4215 = DIRECTION('',(0.,-1.));
#4216 = ( GEOMETRIC_REPRESENTATION_CONTEXT(2) 
PARAMETRIC_REPRESENTATION_CONTEXT() REPRESENTATION_CONTEXT('2D SPACE',''
  ) );
#4217 = PCURVE('',#3780,#4218);
#4218 = DEFINITIONAL_REPRESENTATION('',(#4219),#4223);
#4219 = LINE('',#4220,#4221);
#4220 = CARTESIAN_POINT('',(0.,0.));
#4221 = VECTOR('',#4222,1.);
#4222 = DIRECTION('',(0.,1.));
#4223 = ( GEOMETRIC_REPRESENTATION_CONTEXT(2) 
PARAMETRIC_REPRESENTATION_CONTEXT() REPRESENTATION_CONTEXT('2D SPACE',''
  ) );
#4224 = ORIENTED_EDGE('',*,*,#3742,.T.);
#4225 = ADVANCED_FACE('',(#4226,#4273),#1656,.T.);
#4226 = FACE_BOUND('',#4227,.F.);
#4227 = EDGE_LOOP('',(#4228,#4229,#4251));
#4228 = ORIENTED_EDGE('',*,*,#1640,.F.);
#4229 = ORIENTED_EDGE('',*,*,#4230,.T.);
#4230 = EDGE_CURVE('',#1618,#4231,#4233,.T.);
#4231 = VERTEX_POINT('',#4232);
#4232 = CARTESIAN_POINT('',(-39.,39.,-104.));
#4233 = SURFACE_CURVE('',#4234,(#4239,#4245),.PCURVE_S1.);
#4234 = CIRCLE('',#4235,15.);
#4235 = AXIS2_PLACEMENT_3D('',#4236,#4237,#4238);
#4236 = CARTESIAN_POINT('',(-39.,24.,-104.));
#4237 = DIRECTION('',(1.,4.64293662957E-17,-0.));
#4238 = DIRECTION('',(-4.64293662957E-17,1.,0.));
#4239 = PCURVE('',#1656,#4240);
#4240 = DEFINITIONAL_REPRESENTATION('',(#4241),#4244);
#4241 = B_SPLINE_CURVE_WITH_KNOTS('',1,(#4242,#4243),.UNSPECIFIED.,.F.,
  .F.,(2,2),(4.712388980385,6.28318530718),.PIECEWISE_BEZIER_KNOTS.);
#4242 = CARTESIAN_POINT('',(-1.570796326795,-1.570796326795));
#4243 = CARTESIAN_POINT('',(-1.570796326795,0.));
#4244 = ( GEOMETRIC_REPRESENTATION_CONTEXT(2) 
PARAMETRIC_REPRESENTATION_CONTEXT() REPRESENTATION_CONTEXT('2D SPACE',''
  ) );
#4245 = PCURVE('',#1865,#4246);
#4246 = DEFINITIONAL_REPRESENTATION('',(#4247),#4250);
#4247 = B_SPLINE_CURVE_WITH_KNOTS('',1,(#4248,#4249),.UNSPECIFIED.,.F.,
  .F.,(2,2),(4.712388980385,6.28318530718),.PIECEWISE_BEZIER_KNOTS.);
#4248 = CARTESIAN_POINT('',(-1.570796326795,15.));
#4249 = CARTESIAN_POINT('',(0.,15.));
#4250 = ( GEOMETRIC_REPRESENTATION_CONTEXT(2) 
PARAMETRIC_REPRESENTATION_CONTEXT() REPRESENTATION_CONTEXT('2D SPACE',''
  ) );
#4251 = ORIENTED_EDGE('',*,*,#4252,.F.);
#4252 = EDGE_CURVE('',#1641,#4231,#4253,.T.);
#4253 = SURFACE_CURVE('',#4254,(#4259,#4266),.PCURVE_S1.);
#4254 = CIRCLE('',#4255,15.);
#4255 = AXIS2_PLACEMENT_3D('',#4256,#4257,#4258);
#4256 = CARTESIAN_POINT('',(-39.,24.,-104.));
#4257 = DIRECTION('',(-0.,0.,-1.));
#4258 = DIRECTION('',(-1.,2.368475785867E-16,0.));
#4259 = PCURVE('',#1656,#4260);
#4260 = DEFINITIONAL_REPRESENTATION('',(#4261),#4265);
#4261 = LINE('',#4262,#4263);
#4262 = CARTESIAN_POINT('',(-0.,0.));
#4263 = VECTOR('',#4264,1.);
#4264 = DIRECTION('',(-1.,0.));
#4265 = ( GEOMETRIC_REPRESENTATION_CONTEXT(2) 
PARAMETRIC_REPRESENTATION_CONTEXT() REPRESENTATION_CONTEXT('2D SPACE',''
  ) );
#4266 = PCURVE('',#4192,#4267);
#4267 = DEFINITIONAL_REPRESENTATION('',(#4268),#4272);
#4268 = LINE('',#4269,#4270);
#4269 = CARTESIAN_POINT('',(-0.,15.));
#4270 = VECTOR('',#4271,1.);
#4271 = DIRECTION('',(-1.,0.));
#4272 = ( GEOMETRIC_REPRESENTATION_CONTEXT(2) 
PARAMETRIC_REPRESENTATION_CONTEXT() REPRESENTATION_CONTEXT('2D SPACE',''
  ) );
#4273 = FACE_BOUND('',#4274,.F.);
#4274 = EDGE_LOOP('',(#4275,#4276,#4277));
#4275 = ORIENTED_EDGE('',*,*,#3310,.T.);
#4276 = ORIENTED_EDGE('',*,*,#3657,.T.);
#4277 = ORIENTED_EDGE('',*,*,#4278,.F.);
#4278 = EDGE_CURVE('',#3283,#3658,#4279,.T.);
#4279 = SURFACE_CURVE('',#4280,(#4285,#4296),.PCURVE_S1.);
#4280 = CIRCLE('',#4281,12.);
#4281 = AXIS2_PLACEMENT_3D('',#4282,#4283,#4284);
#4282 = CARTESIAN_POINT('',(-39.,33.,-104.));
#4283 = DIRECTION('',(-0.,1.,0.));
#4284 = DIRECTION('',(0.,0.,1.));
#4285 = PCURVE('',#1656,#4286);
#4286 = DEFINITIONAL_REPRESENTATION('',(#4287),#4295);
#4287 = B_SPLINE_CURVE_WITH_KNOTS('',6,(#4288,#4289,#4290,#4291,#4292,
    #4293,#4294),.UNSPECIFIED.,.F.,.F.,(7,7),(3.646953163874,
    3.928726931587),.PIECEWISE_BEZIER_KNOTS.);
#4288 = CARTESIAN_POINT('',(-0.997593017694,-0.775397496611));
#4289 = CARTESIAN_POINT('',(-0.958918186831,-0.749928616431));
#4290 = CARTESIAN_POINT('',(-0.923766510928,-0.722628534867));
#4291 = CARTESIAN_POINT('',(-0.891968006498,-0.69377468011));
#4292 = CARTESIAN_POINT('',(-0.863243084757,-0.663606440132));
#4293 = CARTESIAN_POINT('',(-0.837323405319,-0.63231812198));
#4294 = CARTESIAN_POINT('',(-0.813961821236,-0.600072705333));
#4295 = ( GEOMETRIC_REPRESENTATION_CONTEXT(2) 
PARAMETRIC_REPRESENTATION_CONTEXT() REPRESENTATION_CONTEXT('2D SPACE',''
  ) );
#4296 = PCURVE('',#3298,#4297);
#4297 = DEFINITIONAL_REPRESENTATION('',(#4298),#4302);
#4298 = CIRCLE('',#4299,12.);
#4299 = AXIS2_PLACEMENT_2D('',#4300,#4301);
#4300 = CARTESIAN_POINT('',(10.5,8.5));
#4301 = DIRECTION('',(1.,0.));
#4302 = ( GEOMETRIC_REPRESENTATION_CONTEXT(2) 
PARAMETRIC_REPRESENTATION_CONTEXT() REPRESENTATION_CONTEXT('2D SPACE',''
  ) );
#4303 = ADVANCED_FACE('',(#4304),#1865,.T.);
#4304 = FACE_BOUND('',#4305,.F.);
#4305 = EDGE_LOOP('',(#4306,#4307,#4308,#4330));
#4306 = ORIENTED_EDGE('',*,*,#4230,.F.);
#4307 = ORIENTED_EDGE('',*,*,#1851,.T.);
#4308 = ORIENTED_EDGE('',*,*,#4309,.T.);
#4309 = EDGE_CURVE('',#1829,#4310,#4312,.T.);
#4310 = VERTEX_POINT('',#4311);
#4311 = CARTESIAN_POINT('',(39.,39.,-104.));
#4312 = SURFACE_CURVE('',#4313,(#4318,#4324),.PCURVE_S1.);
#4313 = CIRCLE('',#4314,15.);
#4314 = AXIS2_PLACEMENT_3D('',#4315,#4316,#4317);
#4315 = CARTESIAN_POINT('',(39.,24.,-104.));
#4316 = DIRECTION('',(1.,-4.64293662957E-17,0.));
#4317 = DIRECTION('',(4.64293662957E-17,1.,0.));
#4318 = PCURVE('',#1865,#4319);
#4319 = DEFINITIONAL_REPRESENTATION('',(#4320),#4323);
#4320 = B_SPLINE_CURVE_WITH_KNOTS('',1,(#4321,#4322),.UNSPECIFIED.,.F.,
  .F.,(2,2),(4.712388980385,6.28318530718),.PIECEWISE_BEZIER_KNOTS.);
#4321 = CARTESIAN_POINT('',(-1.570796326795,93.));
#4322 = CARTESIAN_POINT('',(0.,93.));
#4323 = ( GEOMETRIC_REPRESENTATION_CONTEXT(2) 
PARAMETRIC_REPRESENTATION_CONTEXT() REPRESENTATION_CONTEXT('2D SPACE',''
  ) );
#4324 = PCURVE('',#1954,#4325);
#4325 = DEFINITIONAL_REPRESENTATION('',(#4326),#4329);
#4326 = B_SPLINE_CURVE_WITH_KNOTS('',1,(#4327,#4328),.UNSPECIFIED.,.F.,
  .F.,(2,2),(4.712388980385,6.28318530718),.PIECEWISE_BEZIER_KNOTS.);
#4327 = CARTESIAN_POINT('',(1.570796326795,-1.570796326795));
#4328 = CARTESIAN_POINT('',(1.570796326795,0.));
#4329 = ( GEOMETRIC_REPRESENTATION_CONTEXT(2) 
PARAMETRIC_REPRESENTATION_CONTEXT() REPRESENTATION_CONTEXT('2D SPACE',''
  ) );
#4330 = ORIENTED_EDGE('',*,*,#4331,.F.);
#4331 = EDGE_CURVE('',#4231,#4310,#4332,.T.);
#4332 = SURFACE_CURVE('',#4333,(#4337,#4344),.PCURVE_S1.);
#4333 = LINE('',#4334,#4335);
#4334 = CARTESIAN_POINT('',(-54.,39.,-104.));
#4335 = VECTOR('',#4336,1.);
#4336 = DIRECTION('',(1.,0.,-0.));
#4337 = PCURVE('',#1865,#4338);
#4338 = DEFINITIONAL_REPRESENTATION('',(#4339),#4343);
#4339 = LINE('',#4340,#4341);
#4340 = CARTESIAN_POINT('',(-0.,0.));
#4341 = VECTOR('',#4342,1.);
#4342 = DIRECTION('',(-0.,1.));
#4343 = ( GEOMETRIC_REPRESENTATION_CONTEXT(2) 
PARAMETRIC_REPRESENTATION_CONTEXT() REPRESENTATION_CONTEXT('2D SPACE',''
  ) );
#4344 = PCURVE('',#4345,#4350);
#4345 = PLANE('',#4346);
#4346 = AXIS2_PLACEMENT_3D('',#4347,#4348,#4349);
#4347 = CARTESIAN_POINT('',(-54.,39.,-119.));
#4348 = DIRECTION('',(-0.,1.,0.));
#4349 = DIRECTION('',(0.,0.,1.));
#4350 = DEFINITIONAL_REPRESENTATION('',(#4351),#4355);
#4351 = LINE('',#4352,#4353);
#4352 = CARTESIAN_POINT('',(15.,0.));
#4353 = VECTOR('',#4354,1.);
#4354 = DIRECTION('',(0.,1.));
#4355 = ( GEOMETRIC_REPRESENTATION_CONTEXT(2) 
PARAMETRIC_REPRESENTATION_CONTEXT() REPRESENTATION_CONTEXT('2D SPACE',''
  ) );
#4356 = ADVANCED_FACE('',(#4357),#1797,.T.);
#4357 = FACE_BOUND('',#4358,.T.);
#4358 = EDGE_LOOP('',(#4359,#4360));
#4359 = ORIENTED_EDGE('',*,*,#1782,.F.);
#4360 = ORIENTED_EDGE('',*,*,#1908,.T.);
#4361 = ADVANCED_FACE('',(#4362),#1730,.T.);
#4362 = FACE_BOUND('',#4363,.T.);
#4363 = EDGE_LOOP('',(#4364,#4365));
#4364 = ORIENTED_EDGE('',*,*,#1715,.F.);
#4365 = ORIENTED_EDGE('',*,*,#1880,.T.);
#4366 = ADVANCED_FACE('',(#4367),#1981,.T.);
#4367 = FACE_BOUND('',#4368,.T.);
#4368 = EDGE_LOOP('',(#4369,#4370,#4371,#4399,#4420));
#4369 = ORIENTED_EDGE('',*,*,#2859,.F.);
#4370 = ORIENTED_EDGE('',*,*,#1965,.T.);
#4371 = ORIENTED_EDGE('',*,*,#4372,.T.);
#4372 = EDGE_CURVE('',#1939,#4373,#4375,.T.);
#4373 = VERTEX_POINT('',#4374);
#4374 = CARTESIAN_POINT('',(54.,24.,-78.));
#4375 = SURFACE_CURVE('',#4376,(#4380,#4387),.PCURVE_S1.);
#4376 = LINE('',#4377,#4378);
#4377 = CARTESIAN_POINT('',(54.,24.,-119.));
#4378 = VECTOR('',#4379,1.);
#4379 = DIRECTION('',(0.,0.,1.));
#4380 = PCURVE('',#1981,#4381);
#4381 = DEFINITIONAL_REPRESENTATION('',(#4382),#4386);
#4382 = LINE('',#4383,#4384);
#4383 = CARTESIAN_POINT('',(0.,-53.));
#4384 = VECTOR('',#4385,1.);
#4385 = DIRECTION('',(1.,0.));
#4386 = ( GEOMETRIC_REPRESENTATION_CONTEXT(2) 
PARAMETRIC_REPRESENTATION_CONTEXT() REPRESENTATION_CONTEXT('2D SPACE',''
  ) );
#4387 = PCURVE('',#4388,#4393);
#4388 = CYLINDRICAL_SURFACE('',#4389,15.);
#4389 = AXIS2_PLACEMENT_3D('',#4390,#4391,#4392);
#4390 = CARTESIAN_POINT('',(39.,24.,-119.));
#4391 = DIRECTION('',(0.,0.,1.));
#4392 = DIRECTION('',(1.,0.,-0.));
#4393 = DEFINITIONAL_REPRESENTATION('',(#4394),#4398);
#4394 = LINE('',#4395,#4396);
#4395 = CARTESIAN_POINT('',(0.,0.));
#4396 = VECTOR('',#4397,1.);
#4397 = DIRECTION('',(0.,1.));
#4398 = ( GEOMETRIC_REPRESENTATION_CONTEXT(2) 
PARAMETRIC_REPRESENTATION_CONTEXT() REPRESENTATION_CONTEXT('2D SPACE',''
  ) );
#4399 = ORIENTED_EDGE('',*,*,#4400,.F.);
#4400 = EDGE_CURVE('',#3919,#4373,#4401,.T.);
#4401 = SURFACE_CURVE('',#4402,(#4406,#4413),.PCURVE_S1.);
#4402 = LINE('',#4403,#4404);
#4403 = CARTESIAN_POINT('',(54.,-29.,-78.));
#4404 = VECTOR('',#4405,1.);
#4405 = DIRECTION('',(-0.,1.,0.));
#4406 = PCURVE('',#1981,#4407);
#4407 = DEFINITIONAL_REPRESENTATION('',(#4408),#4412);
#4408 = LINE('',#4409,#4410);
#4409 = CARTESIAN_POINT('',(41.,0.));
#4410 = VECTOR('',#4411,1.);
#4411 = DIRECTION('',(0.,-1.));
#4412 = ( GEOMETRIC_REPRESENTATION_CONTEXT(2) 
PARAMETRIC_REPRESENTATION_CONTEXT() REPRESENTATION_CONTEXT('2D SPACE',''
  ) );
#4413 = PCURVE('',#3935,#4414);
#4414 = DEFINITIONAL_REPRESENTATION('',(#4415),#4419);
#4415 = LINE('',#4416,#4417);
#4416 = CARTESIAN_POINT('',(-0.,0.));
#4417 = VECTOR('',#4418,1.);
#4418 = DIRECTION('',(-0.,1.));
#4419 = ( GEOMETRIC_REPRESENTATION_CONTEXT(2) 
PARAMETRIC_REPRESENTATION_CONTEXT() REPRESENTATION_CONTEXT('2D SPACE',''
  ) );
#4420 = ORIENTED_EDGE('',*,*,#3947,.T.);
#4421 = ADVANCED_FACE('',(#4422,#4448),#1954,.T.);
#4422 = FACE_BOUND('',#4423,.T.);
#4423 = EDGE_LOOP('',(#4424,#4425,#4426));
#4424 = ORIENTED_EDGE('',*,*,#1938,.F.);
#4425 = ORIENTED_EDGE('',*,*,#4309,.T.);
#4426 = ORIENTED_EDGE('',*,*,#4427,.F.);
#4427 = EDGE_CURVE('',#1939,#4310,#4428,.T.);
#4428 = SURFACE_CURVE('',#4429,(#4434,#4441),.PCURVE_S1.);
#4429 = CIRCLE('',#4430,15.);
#4430 = AXIS2_PLACEMENT_3D('',#4431,#4432,#4433);
#4431 = CARTESIAN_POINT('',(39.,24.,-104.));
#4432 = DIRECTION('',(0.,0.,1.));
#4433 = DIRECTION('',(1.,2.368475785867E-16,-0.));
#4434 = PCURVE('',#1954,#4435);
#4435 = DEFINITIONAL_REPRESENTATION('',(#4436),#4440);
#4436 = LINE('',#4437,#4438);
#4437 = CARTESIAN_POINT('',(0.,0.));
#4438 = VECTOR('',#4439,1.);
#4439 = DIRECTION('',(1.,0.));
#4440 = ( GEOMETRIC_REPRESENTATION_CONTEXT(2) 
PARAMETRIC_REPRESENTATION_CONTEXT() REPRESENTATION_CONTEXT('2D SPACE',''
  ) );
#4441 = PCURVE('',#4388,#4442);
#4442 = DEFINITIONAL_REPRESENTATION('',(#4443),#4447);
#4443 = LINE('',#4444,#4445);
#4444 = CARTESIAN_POINT('',(0.,15.));
#4445 = VECTOR('',#4446,1.);
#4446 = DIRECTION('',(1.,0.));
#4447 = ( GEOMETRIC_REPRESENTATION_CONTEXT(2) 
PARAMETRIC_REPRESENTATION_CONTEXT() REPRESENTATION_CONTEXT('2D SPACE',''
  ) );
#4448 = FACE_BOUND('',#4449,.T.);
#4449 = EDGE_LOOP('',(#4450,#4451,#4479));
#4450 = ORIENTED_EDGE('',*,*,#3258,.F.);
#4451 = ORIENTED_EDGE('',*,*,#4452,.T.);
#4452 = EDGE_CURVE('',#3236,#4453,#4455,.T.);
#4453 = VERTEX_POINT('',#4454);
#4454 = CARTESIAN_POINT('',(47.5,33.,-112.470537173));
#4455 = SURFACE_CURVE('',#4456,(#4461,#4472),.PCURVE_S1.);
#4456 = CIRCLE('',#4457,12.359207094308);
#4457 = AXIS2_PLACEMENT_3D('',#4458,#4459,#4460);
#4458 = CARTESIAN_POINT('',(47.5,24.,-104.));
#4459 = DIRECTION('',(1.,0.,-0.));
#4460 = DIRECTION('',(0.,0.,1.));
#4461 = PCURVE('',#1954,#4462);
#4462 = DEFINITIONAL_REPRESENTATION('',(#4463),#4471);
#4463 = B_SPLINE_CURVE_WITH_KNOTS('',6,(#4464,#4465,#4466,#4467,#4468,
    #4469,#4470),.UNSPECIFIED.,.F.,.F.,(7,7),(3.697221200608,
    3.957287585475),.PIECEWISE_BEZIER_KNOTS.);
#4464 = CARTESIAN_POINT('',(0.65427058396,-0.775397496611));
#4465 = CARTESIAN_POINT('',(0.687982893109,-0.749018936344));
#4466 = CARTESIAN_POINT('',(0.718514406221,-0.721248972991));
#4467 = CARTESIAN_POINT('',(0.746110578769,-0.692305849535));
#4468 = CARTESIAN_POINT('',(0.771054765574,-0.662369350649));
#4469 = CARTESIAN_POINT('',(0.793597855131,-0.631584652389));
#4470 = CARTESIAN_POINT('',(0.813961821236,-0.600072705333));
#4471 = ( GEOMETRIC_REPRESENTATION_CONTEXT(2) 
PARAMETRIC_REPRESENTATION_CONTEXT() REPRESENTATION_CONTEXT('2D SPACE',''
  ) );
#4472 = PCURVE('',#2635,#4473);
#4473 = DEFINITIONAL_REPRESENTATION('',(#4474),#4478);
#4474 = CIRCLE('',#4475,12.359207094308);
#4475 = AXIS2_PLACEMENT_2D('',#4476,#4477);
#4476 = CARTESIAN_POINT('',(10.5,-47.));
#4477 = DIRECTION('',(1.,0.));
#4478 = ( GEOMETRIC_REPRESENTATION_CONTEXT(2) 
PARAMETRIC_REPRESENTATION_CONTEXT() REPRESENTATION_CONTEXT('2D SPACE',''
  ) );
#4479 = ORIENTED_EDGE('',*,*,#4480,.T.);
#4480 = EDGE_CURVE('',#4453,#3259,#4481,.T.);
#4481 = SURFACE_CURVE('',#4482,(#4487,#4498),.PCURVE_S1.);
#4482 = CIRCLE('',#4483,12.);
#4483 = AXIS2_PLACEMENT_3D('',#4484,#4485,#4486);
#4484 = CARTESIAN_POINT('',(39.,33.,-104.));
#4485 = DIRECTION('',(-0.,1.,0.));
#4486 = DIRECTION('',(0.,0.,1.));
#4487 = PCURVE('',#1954,#4488);
#4488 = DEFINITIONAL_REPRESENTATION('',(#4489),#4497);
#4489 = B_SPLINE_CURVE_WITH_KNOTS('',6,(#4490,#4491,#4492,#4493,#4494,
    #4495,#4496),.UNSPECIFIED.,.F.,.F.,(7,7),(2.354458375593,
    2.636232143306),.PIECEWISE_BEZIER_KNOTS.);
#4490 = CARTESIAN_POINT('',(0.813961821236,-0.600072705333));
#4491 = CARTESIAN_POINT('',(0.837323405319,-0.63231812198));
#4492 = CARTESIAN_POINT('',(0.863243084757,-0.663606440132));
#4493 = CARTESIAN_POINT('',(0.891968006498,-0.693774680111));
#4494 = CARTESIAN_POINT('',(0.923766510928,-0.722628534867));
#4495 = CARTESIAN_POINT('',(0.958918186831,-0.749928616431));
#4496 = CARTESIAN_POINT('',(0.997593017694,-0.775397496611));
#4497 = ( GEOMETRIC_REPRESENTATION_CONTEXT(2) 
PARAMETRIC_REPRESENTATION_CONTEXT() REPRESENTATION_CONTEXT('2D SPACE',''
  ) );
#4498 = PCURVE('',#3298,#4499);
#4499 = DEFINITIONAL_REPRESENTATION('',(#4500),#4504);
#4500 = CIRCLE('',#4501,12.);
#4501 = AXIS2_PLACEMENT_2D('',#4502,#4503);
#4502 = CARTESIAN_POINT('',(10.5,86.5));
#4503 = DIRECTION('',(1.,0.));
#4504 = ( GEOMETRIC_REPRESENTATION_CONTEXT(2) 
PARAMETRIC_REPRESENTATION_CONTEXT() REPRESENTATION_CONTEXT('2D SPACE',''
  ) );
#4505 = ADVANCED_FACE('',(#4506),#2635,.F.);
#4506 = FACE_BOUND('',#4507,.F.);
#4507 = EDGE_LOOP('',(#4508,#4531,#4532,#4533,#4534,#4535,#4558));
#4508 = ORIENTED_EDGE('',*,*,#4509,.F.);
#4509 = EDGE_CURVE('',#3968,#4510,#4512,.T.);
#4510 = VERTEX_POINT('',#4511);
#4511 = CARTESIAN_POINT('',(47.5,30.519202405203,-67.5));
#4512 = SURFACE_CURVE('',#4513,(#4517,#4524),.PCURVE_S1.);
#4513 = LINE('',#4514,#4515);
#4514 = CARTESIAN_POINT('',(47.5,-23.,-67.5));
#4515 = VECTOR('',#4516,1.);
#4516 = DIRECTION('',(-0.,1.,0.));
#4517 = PCURVE('',#2635,#4518);
#4518 = DEFINITIONAL_REPRESENTATION('',(#4519),#4523);
#4519 = LINE('',#4520,#4521);
#4520 = CARTESIAN_POINT('',(47.,0.));
#4521 = VECTOR('',#4522,1.);
#4522 = DIRECTION('',(0.,-1.));
#4523 = ( GEOMETRIC_REPRESENTATION_CONTEXT(2) 
PARAMETRIC_REPRESENTATION_CONTEXT() REPRESENTATION_CONTEXT('2D SPACE',''
  ) );
#4524 = PCURVE('',#3624,#4525);
#4525 = DEFINITIONAL_REPRESENTATION('',(#4526),#4530);
#4526 = LINE('',#4527,#4528);
#4527 = CARTESIAN_POINT('',(95.,0.));
#4528 = VECTOR('',#4529,1.);
#4529 = DIRECTION('',(0.,1.));
#4530 = ( GEOMETRIC_REPRESENTATION_CONTEXT(2) 
PARAMETRIC_REPRESENTATION_CONTEXT() REPRESENTATION_CONTEXT('2D SPACE',''
  ) );
#4531 = ORIENTED_EDGE('',*,*,#3967,.T.);
#4532 = ORIENTED_EDGE('',*,*,#2521,.F.);
#4533 = ORIENTED_EDGE('',*,*,#3235,.T.);
#4534 = ORIENTED_EDGE('',*,*,#4452,.T.);
#4535 = ORIENTED_EDGE('',*,*,#4536,.T.);
#4536 = EDGE_CURVE('',#4453,#4537,#4539,.T.);
#4537 = VERTEX_POINT('',#4538);
#4538 = CARTESIAN_POINT('',(47.5,33.,-69.52946282695));
#4539 = SURFACE_CURVE('',#4540,(#4544,#4551),.PCURVE_S1.);
#4540 = LINE('',#4541,#4542);
#4541 = CARTESIAN_POINT('',(47.5,33.,-114.5));
#4542 = VECTOR('',#4543,1.);
#4543 = DIRECTION('',(0.,0.,1.));
#4544 = PCURVE('',#2635,#4545);
#4545 = DEFINITIONAL_REPRESENTATION('',(#4546),#4550);
#4546 = LINE('',#4547,#4548);
#4547 = CARTESIAN_POINT('',(0.,-56.));
#4548 = VECTOR('',#4549,1.);
#4549 = DIRECTION('',(1.,0.));
#4550 = ( GEOMETRIC_REPRESENTATION_CONTEXT(2) 
PARAMETRIC_REPRESENTATION_CONTEXT() REPRESENTATION_CONTEXT('2D SPACE',''
  ) );
#4551 = PCURVE('',#3298,#4552);
#4552 = DEFINITIONAL_REPRESENTATION('',(#4553),#4557);
#4553 = LINE('',#4554,#4555);
#4554 = CARTESIAN_POINT('',(0.,95.));
#4555 = VECTOR('',#4556,1.);
#4556 = DIRECTION('',(1.,0.));
#4557 = ( GEOMETRIC_REPRESENTATION_CONTEXT(2) 
PARAMETRIC_REPRESENTATION_CONTEXT() REPRESENTATION_CONTEXT('2D SPACE',''
  ) );
#4558 = ORIENTED_EDGE('',*,*,#4559,.T.);
#4559 = EDGE_CURVE('',#4537,#4510,#4560,.T.);
#4560 = SURFACE_CURVE('',#4561,(#4566,#4573),.PCURVE_S1.);
#4561 = CIRCLE('',#4562,12.359207094308);
#4562 = AXIS2_PLACEMENT_3D('',#4563,#4564,#4565);
#4563 = CARTESIAN_POINT('',(47.5,24.,-78.));
#4564 = DIRECTION('',(1.,0.,-0.));
#4565 = DIRECTION('',(0.,0.,1.));
#4566 = PCURVE('',#2635,#4567);
#4567 = DEFINITIONAL_REPRESENTATION('',(#4568),#4572);
#4568 = CIRCLE('',#4569,12.359207094308);
#4569 = AXIS2_PLACEMENT_2D('',#4570,#4571);
#4570 = CARTESIAN_POINT('',(36.5,-47.));
#4571 = DIRECTION('',(1.,0.));
#4572 = ( GEOMETRIC_REPRESENTATION_CONTEXT(2) 
PARAMETRIC_REPRESENTATION_CONTEXT() REPRESENTATION_CONTEXT('2D SPACE',''
  ) );
#4573 = PCURVE('',#4574,#4579);
#4574 = SPHERICAL_SURFACE('',#4575,15.);
#4575 = AXIS2_PLACEMENT_3D('',#4576,#4577,#4578);
#4576 = CARTESIAN_POINT('',(39.,24.,-78.));
#4577 = DIRECTION('',(0.,-1.,-0.));
#4578 = DIRECTION('',(1.,0.,2.368475785867E-16));
#4579 = DEFINITIONAL_REPRESENTATION('',(#4580),#4588);
#4580 = B_SPLINE_CURVE_WITH_KNOTS('',6,(#4581,#4582,#4583,#4584,#4585,
    #4586,#4587),.UNSPECIFIED.,.F.,.F.,(7,7),(5.467490375294,
    5.727556760161),.PIECEWISE_BEZIER_KNOTS.);
#4581 = CARTESIAN_POINT('',(0.783662048798,-0.643501108793));
#4582 = CARTESIAN_POINT('',(0.806688759958,-0.612905247953));
#4583 = CARTESIAN_POINT('',(0.827320058899,-0.581461017052));
#4584 = CARTESIAN_POINT('',(0.845798150628,-0.549307956031));
#4585 = CARTESIAN_POINT('',(0.862337416324,-0.516556788005));
#4586 = CARTESIAN_POINT('',(0.877114265676,-0.483298285702));
#4587 = CARTESIAN_POINT('',(0.890275102128,-0.449609075088));
#4588 = ( GEOMETRIC_REPRESENTATION_CONTEXT(2) 
PARAMETRIC_REPRESENTATION_CONTEXT() REPRESENTATION_CONTEXT('2D SPACE',''
  ) );
#4589 = ADVANCED_FACE('',(#4590),#3298,.F.);
#4590 = FACE_BOUND('',#4591,.F.);
#4591 = EDGE_LOOP('',(#4592,#4593,#4594,#4595,#4623,#4646,#4672,#4673));
#4592 = ORIENTED_EDGE('',*,*,#3282,.F.);
#4593 = ORIENTED_EDGE('',*,*,#4278,.T.);
#4594 = ORIENTED_EDGE('',*,*,#3685,.T.);
#4595 = ORIENTED_EDGE('',*,*,#4596,.F.);
#4596 = EDGE_CURVE('',#4597,#3686,#4599,.T.);
#4597 = VERTEX_POINT('',#4598);
#4598 = CARTESIAN_POINT('',(-44.80947501931,33.,-67.5));
#4599 = SURFACE_CURVE('',#4600,(#4605,#4616),.PCURVE_S1.);
#4600 = CIRCLE('',#4601,12.);
#4601 = AXIS2_PLACEMENT_3D('',#4602,#4603,#4604);
#4602 = CARTESIAN_POINT('',(-39.,33.,-78.));
#4603 = DIRECTION('',(0.,-1.,-0.));
#4604 = DIRECTION('',(-1.,-0.,2.368475785867E-16));
#4605 = PCURVE('',#3298,#4606);
#4606 = DEFINITIONAL_REPRESENTATION('',(#4607),#4615);
#4607 = ( BOUNDED_CURVE() B_SPLINE_CURVE(2,(#4608,#4609,#4610,#4611,
#4612,#4613,#4614),.UNSPECIFIED.,.T.,.F.) B_SPLINE_CURVE_WITH_KNOTS((1,2
    ,2,2,2,1),(-2.094395102393,0.,2.094395102393,4.188790204786,
6.28318530718,8.377580409573),.UNSPECIFIED.) CURVE() 
GEOMETRIC_REPRESENTATION_ITEM() RATIONAL_B_SPLINE_CURVE((1.,0.5,1.,0.5,
1.,0.5,1.)) REPRESENTATION_ITEM('') );
#4608 = CARTESIAN_POINT('',(36.5,-3.5));
#4609 = CARTESIAN_POINT('',(15.715390309173,-3.5));
#4610 = CARTESIAN_POINT('',(26.107695154587,14.5));
#4611 = CARTESIAN_POINT('',(36.5,32.5));
#4612 = CARTESIAN_POINT('',(46.892304845413,14.5));
#4613 = CARTESIAN_POINT('',(57.284609690827,-3.5));
#4614 = CARTESIAN_POINT('',(36.5,-3.5));
#4615 = ( GEOMETRIC_REPRESENTATION_CONTEXT(2) 
PARAMETRIC_REPRESENTATION_CONTEXT() REPRESENTATION_CONTEXT('2D SPACE',''
  ) );
#4616 = PCURVE('',#3723,#4617);
#4617 = DEFINITIONAL_REPRESENTATION('',(#4618),#4622);
#4618 = LINE('',#4619,#4620);
#4619 = CARTESIAN_POINT('',(-6.28318530718,-0.643501108793));
#4620 = VECTOR('',#4621,1.);
#4621 = DIRECTION('',(1.,-0.));
#4622 = ( GEOMETRIC_REPRESENTATION_CONTEXT(2) 
PARAMETRIC_REPRESENTATION_CONTEXT() REPRESENTATION_CONTEXT('2D SPACE',''
  ) );
#4623 = ORIENTED_EDGE('',*,*,#4624,.T.);
#4624 = EDGE_CURVE('',#4597,#4625,#4627,.T.);
#4625 = VERTEX_POINT('',#4626);
#4626 = CARTESIAN_POINT('',(44.809475019311,33.,-67.5));
#4627 = SURFACE_CURVE('',#4628,(#4632,#4639),.PCURVE_S1.);
#4628 = LINE('',#4629,#4630);
#4629 = CARTESIAN_POINT('',(-47.5,33.,-67.5));
#4630 = VECTOR('',#4631,1.);
#4631 = DIRECTION('',(1.,0.,-0.));
#4632 = PCURVE('',#3298,#4633);
#4633 = DEFINITIONAL_REPRESENTATION('',(#4634),#4638);
#4634 = LINE('',#4635,#4636);
#4635 = CARTESIAN_POINT('',(47.,0.));
#4636 = VECTOR('',#4637,1.);
#4637 = DIRECTION('',(0.,1.));
#4638 = ( GEOMETRIC_REPRESENTATION_CONTEXT(2) 
PARAMETRIC_REPRESENTATION_CONTEXT() REPRESENTATION_CONTEXT('2D SPACE',''
  ) );
#4639 = PCURVE('',#3624,#4640);
#4640 = DEFINITIONAL_REPRESENTATION('',(#4641),#4645);
#4641 = LINE('',#4642,#4643);
#4642 = CARTESIAN_POINT('',(0.,56.));
#4643 = VECTOR('',#4644,1.);
#4644 = DIRECTION('',(1.,0.));
#4645 = ( GEOMETRIC_REPRESENTATION_CONTEXT(2) 
PARAMETRIC_REPRESENTATION_CONTEXT() REPRESENTATION_CONTEXT('2D SPACE',''
  ) );
#4646 = ORIENTED_EDGE('',*,*,#4647,.F.);
#4647 = EDGE_CURVE('',#4537,#4625,#4648,.T.);
#4648 = SURFACE_CURVE('',#4649,(#4654,#4665),.PCURVE_S1.);
#4649 = CIRCLE('',#4650,12.);
#4650 = AXIS2_PLACEMENT_3D('',#4651,#4652,#4653);
#4651 = CARTESIAN_POINT('',(39.,33.,-78.));
#4652 = DIRECTION('',(0.,-1.,0.));
#4653 = DIRECTION('',(1.,0.,2.368475785867E-16));
#4654 = PCURVE('',#3298,#4655);
#4655 = DEFINITIONAL_REPRESENTATION('',(#4656),#4664);
#4656 = ( BOUNDED_CURVE() B_SPLINE_CURVE(2,(#4657,#4658,#4659,#4660,
#4661,#4662,#4663),.UNSPECIFIED.,.T.,.F.) B_SPLINE_CURVE_WITH_KNOTS((1,2
    ,2,2,2,1),(-2.094395102393,0.,2.094395102393,4.188790204786,
6.28318530718,8.377580409573),.UNSPECIFIED.) CURVE() 
GEOMETRIC_REPRESENTATION_ITEM() RATIONAL_B_SPLINE_CURVE((1.,0.5,1.,0.5,
1.,0.5,1.)) REPRESENTATION_ITEM('') );
#4657 = CARTESIAN_POINT('',(36.5,98.5));
#4658 = CARTESIAN_POINT('',(57.284609690827,98.5));
#4659 = CARTESIAN_POINT('',(46.892304845413,80.5));
#4660 = CARTESIAN_POINT('',(36.5,62.5));
#4661 = CARTESIAN_POINT('',(26.107695154587,80.5));
#4662 = CARTESIAN_POINT('',(15.715390309173,98.5));
#4663 = CARTESIAN_POINT('',(36.5,98.5));
#4664 = ( GEOMETRIC_REPRESENTATION_CONTEXT(2) 
PARAMETRIC_REPRESENTATION_CONTEXT() REPRESENTATION_CONTEXT('2D SPACE',''
  ) );
#4665 = PCURVE('',#4574,#4666);
#4666 = DEFINITIONAL_REPRESENTATION('',(#4667),#4671);
#4667 = LINE('',#4668,#4669);
#4668 = CARTESIAN_POINT('',(0.,-0.643501108793));
#4669 = VECTOR('',#4670,1.);
#4670 = DIRECTION('',(1.,0.));
#4671 = ( GEOMETRIC_REPRESENTATION_CONTEXT(2) 
PARAMETRIC_REPRESENTATION_CONTEXT() REPRESENTATION_CONTEXT('2D SPACE',''
  ) );
#4672 = ORIENTED_EDGE('',*,*,#4536,.F.);
#4673 = ORIENTED_EDGE('',*,*,#4480,.T.);
#4674 = ADVANCED_FACE('',(#4675),#3114,.T.);
#4675 = FACE_BOUND('',#4676,.T.);
#4676 = EDGE_LOOP('',(#4677,#4678,#4679,#4680));
#4677 = ORIENTED_EDGE('',*,*,#3099,.T.);
#4678 = ORIENTED_EDGE('',*,*,#3360,.T.);
#4679 = ORIENTED_EDGE('',*,*,#3193,.T.);
#4680 = ORIENTED_EDGE('',*,*,#3557,.F.);
#4681 = ADVANCED_FACE('',(#4682),#3161,.F.);
#4682 = FACE_BOUND('',#4683,.F.);
#4683 = EDGE_LOOP('',(#4684,#4685,#4686));
#4684 = ORIENTED_EDGE('',*,*,#3534,.T.);
#4685 = ORIENTED_EDGE('',*,*,#3580,.T.);
#4686 = ORIENTED_EDGE('',*,*,#3146,.F.);
#4687 = ADVANCED_FACE('',(#4688),#2958,.T.);
#4688 = FACE_BOUND('',#4689,.T.);
#4689 = EDGE_LOOP('',(#4690,#4691,#4692,#4693));
#4690 = ORIENTED_EDGE('',*,*,#2943,.T.);
#4691 = ORIENTED_EDGE('',*,*,#3388,.T.);
#4692 = ORIENTED_EDGE('',*,*,#3037,.T.);
#4693 = ORIENTED_EDGE('',*,*,#3461,.F.);
#4694 = ADVANCED_FACE('',(#4695),#3005,.F.);
#4695 = FACE_BOUND('',#4696,.F.);
#4696 = EDGE_LOOP('',(#4697,#4698,#4699));
#4697 = ORIENTED_EDGE('',*,*,#3438,.T.);
#4698 = ORIENTED_EDGE('',*,*,#3484,.T.);
#4699 = ORIENTED_EDGE('',*,*,#2990,.F.);
#4700 = ADVANCED_FACE('',(#4701),#3624,.F.);
#4701 = FACE_BOUND('',#4702,.F.);
#4702 = EDGE_LOOP('',(#4703,#4704,#4705,#4726,#4752,#4773,#4799,#4820,
    #4841,#4860,#4861,#4882,#4908,#4929,#4955,#4976,#4997,#5016,#5017,
    #5018,#5044,#5045));
#4703 = ORIENTED_EDGE('',*,*,#3606,.F.);
#4704 = ORIENTED_EDGE('',*,*,#4088,.T.);
#4705 = ORIENTED_EDGE('',*,*,#4706,.T.);
#4706 = EDGE_CURVE('',#4060,#4707,#4709,.T.);
#4707 = VERTEX_POINT('',#4708);
#4708 = CARTESIAN_POINT('',(-33.80947501931,12.,-67.5));
#4709 = SURFACE_CURVE('',#4710,(#4714,#4720),.PCURVE_S1.);
#4710 = LINE('',#4711,#4712);
#4711 = CARTESIAN_POINT('',(-33.80947501931,-2.,-67.5));
#4712 = VECTOR('',#4713,1.);
#4713 = DIRECTION('',(0.,1.,0.));
#4714 = PCURVE('',#3624,#4715);
#4715 = DEFINITIONAL_REPRESENTATION('',(#4716),#4719);
#4716 = B_SPLINE_CURVE_WITH_KNOTS('',1,(#4717,#4718),.UNSPECIFIED.,.F.,
  .F.,(2,2),(-5.999999999062E-07,14.0000006),.PIECEWISE_BEZIER_KNOTS.);
#4717 = CARTESIAN_POINT('',(13.690524980689,20.9999994));
#4718 = CARTESIAN_POINT('',(13.690524980689,35.0000006));
#4719 = ( GEOMETRIC_REPRESENTATION_CONTEXT(2) 
PARAMETRIC_REPRESENTATION_CONTEXT() REPRESENTATION_CONTEXT('2D SPACE',''
  ) );
#4720 = PCURVE('',#4076,#4721);
#4721 = DEFINITIONAL_REPRESENTATION('',(#4722),#4725);
#4722 = B_SPLINE_CURVE_WITH_KNOTS('',1,(#4723,#4724),.UNSPECIFIED.,.F.,
  .F.,(2,2),(-5.999999999062E-07,14.0000006),.PIECEWISE_BEZIER_KNOTS.);
#4723 = CARTESIAN_POINT('',(2.888912398448,-5.999999999062E-07));
#4724 = CARTESIAN_POINT('',(2.888912398448,14.0000006));
#4725 = ( GEOMETRIC_REPRESENTATION_CONTEXT(2) 
PARAMETRIC_REPRESENTATION_CONTEXT() REPRESENTATION_CONTEXT('2D SPACE',''
  ) );
#4726 = ORIENTED_EDGE('',*,*,#4727,.F.);
#4727 = EDGE_CURVE('',#4728,#4707,#4730,.T.);
#4728 = VERTEX_POINT('',#4729);
#4729 = CARTESIAN_POINT('',(-28.8,12.,-67.5));
#4730 = SURFACE_CURVE('',#4731,(#4735,#4741),.PCURVE_S1.);
#4731 = LINE('',#4732,#4733);
#4732 = CARTESIAN_POINT('',(-37.75,12.,-67.5));
#4733 = VECTOR('',#4734,1.);
#4734 = DIRECTION('',(-1.,0.,0.));
#4735 = PCURVE('',#3624,#4736);
#4736 = DEFINITIONAL_REPRESENTATION('',(#4737),#4740);
#4737 = B_SPLINE_CURVE_WITH_KNOTS('',1,(#4738,#4739),.UNSPECIFIED.,.F.,
  .F.,(2,2),(-15.75,-3.75),.PIECEWISE_BEZIER_KNOTS.);
#4738 = CARTESIAN_POINT('',(25.5,35.));
#4739 = CARTESIAN_POINT('',(13.5,35.));
#4740 = ( GEOMETRIC_REPRESENTATION_CONTEXT(2) 
PARAMETRIC_REPRESENTATION_CONTEXT() REPRESENTATION_CONTEXT('2D SPACE',''
  ) );
#4741 = PCURVE('',#4742,#4747);
#4742 = PLANE('',#4743);
#4743 = AXIS2_PLACEMENT_3D('',#4744,#4745,#4746);
#4744 = CARTESIAN_POINT('',(-28.,12.,-66.));
#4745 = DIRECTION('',(0.,1.,0.));
#4746 = DIRECTION('',(1.,0.,0.));
#4747 = DEFINITIONAL_REPRESENTATION('',(#4748),#4751);
#4748 = B_SPLINE_CURVE_WITH_KNOTS('',1,(#4749,#4750),.UNSPECIFIED.,.F.,
  .F.,(2,2),(-15.75,-3.75),.PIECEWISE_BEZIER_KNOTS.);
#4749 = CARTESIAN_POINT('',(6.,1.5));
#4750 = CARTESIAN_POINT('',(-6.,1.5));
#4751 = ( GEOMETRIC_REPRESENTATION_CONTEXT(2) 
PARAMETRIC_REPRESENTATION_CONTEXT() REPRESENTATION_CONTEXT('2D SPACE',''
  ) );
#4752 = ORIENTED_EDGE('',*,*,#4753,.T.);
#4753 = EDGE_CURVE('',#4728,#4754,#4756,.T.);
#4754 = VERTEX_POINT('',#4755);
#4755 = CARTESIAN_POINT('',(-28.8,14.,-67.5));
#4756 = SURFACE_CURVE('',#4757,(#4761,#4767),.PCURVE_S1.);
#4757 = LINE('',#4758,#4759);
#4758 = CARTESIAN_POINT('',(-28.8,-4.,-67.5));
#4759 = VECTOR('',#4760,1.);
#4760 = DIRECTION('',(0.,1.,0.));
#4761 = PCURVE('',#3624,#4762);
#4762 = DEFINITIONAL_REPRESENTATION('',(#4763),#4766);
#4763 = B_SPLINE_CURVE_WITH_KNOTS('',1,(#4764,#4765),.UNSPECIFIED.,.F.,
  .F.,(2,2),(-5.999999999062E-07,18.0000006),.PIECEWISE_BEZIER_KNOTS.);
#4764 = CARTESIAN_POINT('',(18.7,18.9999994));
#4765 = CARTESIAN_POINT('',(18.7,37.0000006));
#4766 = ( GEOMETRIC_REPRESENTATION_CONTEXT(2) 
PARAMETRIC_REPRESENTATION_CONTEXT() REPRESENTATION_CONTEXT('2D SPACE',''
  ) );
#4767 = PCURVE('',#4128,#4768);
#4768 = DEFINITIONAL_REPRESENTATION('',(#4769),#4772);
#4769 = B_SPLINE_CURVE_WITH_KNOTS('',1,(#4770,#4771),.UNSPECIFIED.,.F.,
  .F.,(2,2),(-5.999999999062E-07,18.0000006),.PIECEWISE_BEZIER_KNOTS.);
#4770 = CARTESIAN_POINT('',(2.060753653049,-5.999999999062E-07));
#4771 = CARTESIAN_POINT('',(2.060753653049,18.0000006));
#4772 = ( GEOMETRIC_REPRESENTATION_CONTEXT(2) 
PARAMETRIC_REPRESENTATION_CONTEXT() REPRESENTATION_CONTEXT('2D SPACE',''
  ) );
#4773 = ORIENTED_EDGE('',*,*,#4774,.F.);
#4774 = EDGE_CURVE('',#4775,#4754,#4777,.T.);
#4775 = VERTEX_POINT('',#4776);
#4776 = CARTESIAN_POINT('',(-27.2,14.,-67.5));
#4777 = SURFACE_CURVE('',#4778,(#4782,#4788),.PCURVE_S1.);
#4778 = LINE('',#4779,#4780);
#4779 = CARTESIAN_POINT('',(-37.75,14.,-67.5));
#4780 = VECTOR('',#4781,1.);
#4781 = DIRECTION('',(-1.,0.,0.));
#4782 = PCURVE('',#3624,#4783);
#4783 = DEFINITIONAL_REPRESENTATION('',(#4784),#4787);
#4784 = B_SPLINE_CURVE_WITH_KNOTS('',1,(#4785,#4786),.UNSPECIFIED.,.F.,
  .F.,(2,2),(-11.45,-8.05),.PIECEWISE_BEZIER_KNOTS.);
#4785 = CARTESIAN_POINT('',(21.2,37.));
#4786 = CARTESIAN_POINT('',(17.8,37.));
#4787 = ( GEOMETRIC_REPRESENTATION_CONTEXT(2) 
PARAMETRIC_REPRESENTATION_CONTEXT() REPRESENTATION_CONTEXT('2D SPACE',''
  ) );
#4788 = PCURVE('',#4789,#4794);
#4789 = PLANE('',#4790);
#4790 = AXIS2_PLACEMENT_3D('',#4791,#4792,#4793);
#4791 = CARTESIAN_POINT('',(-28.,14.,-66.));
#4792 = DIRECTION('',(0.,1.,0.));
#4793 = DIRECTION('',(1.,0.,0.));
#4794 = DEFINITIONAL_REPRESENTATION('',(#4795),#4798);
#4795 = B_SPLINE_CURVE_WITH_KNOTS('',1,(#4796,#4797),.UNSPECIFIED.,.F.,
  .F.,(2,2),(-11.45,-8.05),.PIECEWISE_BEZIER_KNOTS.);
#4796 = CARTESIAN_POINT('',(1.7,1.5));
#4797 = CARTESIAN_POINT('',(-1.7,1.5));
#4798 = ( GEOMETRIC_REPRESENTATION_CONTEXT(2) 
PARAMETRIC_REPRESENTATION_CONTEXT() REPRESENTATION_CONTEXT('2D SPACE',''
  ) );
#4799 = ORIENTED_EDGE('',*,*,#4800,.F.);
#4800 = EDGE_CURVE('',#4801,#4775,#4803,.T.);
#4801 = VERTEX_POINT('',#4802);
#4802 = CARTESIAN_POINT('',(-27.2,12.,-67.5));
#4803 = SURFACE_CURVE('',#4804,(#4808,#4814),.PCURVE_S1.);
#4804 = LINE('',#4805,#4806);
#4805 = CARTESIAN_POINT('',(-27.2,-4.,-67.5));
#4806 = VECTOR('',#4807,1.);
#4807 = DIRECTION('',(0.,1.,0.));
#4808 = PCURVE('',#3624,#4809);
#4809 = DEFINITIONAL_REPRESENTATION('',(#4810),#4813);
#4810 = B_SPLINE_CURVE_WITH_KNOTS('',1,(#4811,#4812),.UNSPECIFIED.,.F.,
  .F.,(2,2),(-5.999999999062E-07,18.0000006),.PIECEWISE_BEZIER_KNOTS.);
#4811 = CARTESIAN_POINT('',(20.3,18.9999994));
#4812 = CARTESIAN_POINT('',(20.3,37.0000006));
#4813 = ( GEOMETRIC_REPRESENTATION_CONTEXT(2) 
PARAMETRIC_REPRESENTATION_CONTEXT() REPRESENTATION_CONTEXT('2D SPACE',''
  ) );
#4814 = PCURVE('',#4128,#4815);
#4815 = DEFINITIONAL_REPRESENTATION('',(#4816),#4819);
#4816 = B_SPLINE_CURVE_WITH_KNOTS('',1,(#4817,#4818),.UNSPECIFIED.,.F.,
  .F.,(2,2),(-5.999999999062E-07,18.0000006),.PIECEWISE_BEZIER_KNOTS.);
#4817 = CARTESIAN_POINT('',(1.080839000541,-5.999999999062E-07));
#4818 = CARTESIAN_POINT('',(1.080839000541,18.0000006));
#4819 = ( GEOMETRIC_REPRESENTATION_CONTEXT(2) 
PARAMETRIC_REPRESENTATION_CONTEXT() REPRESENTATION_CONTEXT('2D SPACE',''
  ) );
#4820 = ORIENTED_EDGE('',*,*,#4821,.F.);
#4821 = EDGE_CURVE('',#4822,#4801,#4824,.T.);
#4822 = VERTEX_POINT('',#4823);
#4823 = CARTESIAN_POINT('',(-22.19052498068,12.,-67.5));
#4824 = SURFACE_CURVE('',#4825,(#4829,#4835),.PCURVE_S1.);
#4825 = LINE('',#4826,#4827);
#4826 = CARTESIAN_POINT('',(-37.75,12.,-67.5));
#4827 = VECTOR('',#4828,1.);
#4828 = DIRECTION('',(-1.,0.,0.));
#4829 = PCURVE('',#3624,#4830);
#4830 = DEFINITIONAL_REPRESENTATION('',(#4831),#4834);
#4831 = B_SPLINE_CURVE_WITH_KNOTS('',1,(#4832,#4833),.UNSPECIFIED.,.F.,
  .F.,(2,2),(-15.75,-3.75),.PIECEWISE_BEZIER_KNOTS.);
#4832 = CARTESIAN_POINT('',(25.5,35.));
#4833 = CARTESIAN_POINT('',(13.5,35.));
#4834 = ( GEOMETRIC_REPRESENTATION_CONTEXT(2) 
PARAMETRIC_REPRESENTATION_CONTEXT() REPRESENTATION_CONTEXT('2D SPACE',''
  ) );
#4835 = PCURVE('',#4742,#4836);
#4836 = DEFINITIONAL_REPRESENTATION('',(#4837),#4840);
#4837 = B_SPLINE_CURVE_WITH_KNOTS('',1,(#4838,#4839),.UNSPECIFIED.,.F.,
  .F.,(2,2),(-15.75,-3.75),.PIECEWISE_BEZIER_KNOTS.);
#4838 = CARTESIAN_POINT('',(6.,1.5));
#4839 = CARTESIAN_POINT('',(-6.,1.5));
#4840 = ( GEOMETRIC_REPRESENTATION_CONTEXT(2) 
PARAMETRIC_REPRESENTATION_CONTEXT() REPRESENTATION_CONTEXT('2D SPACE',''
  ) );
#4841 = ORIENTED_EDGE('',*,*,#4842,.F.);
#4842 = EDGE_CURVE('',#4039,#4822,#4843,.T.);
#4843 = SURFACE_CURVE('',#4844,(#4848,#4854),.PCURVE_S1.);
#4844 = LINE('',#4845,#4846);
#4845 = CARTESIAN_POINT('',(-22.19052498068,-2.,-67.5));
#4846 = VECTOR('',#4847,1.);
#4847 = DIRECTION('',(0.,1.,0.));
#4848 = PCURVE('',#3624,#4849);
#4849 = DEFINITIONAL_REPRESENTATION('',(#4850),#4853);
#4850 = B_SPLINE_CURVE_WITH_KNOTS('',1,(#4851,#4852),.UNSPECIFIED.,.F.,
  .F.,(2,2),(-5.999999999062E-07,14.0000006),.PIECEWISE_BEZIER_KNOTS.);
#4851 = CARTESIAN_POINT('',(25.309475019311,20.9999994));
#4852 = CARTESIAN_POINT('',(25.309475019311,35.0000006));
#4853 = ( GEOMETRIC_REPRESENTATION_CONTEXT(2) 
PARAMETRIC_REPRESENTATION_CONTEXT() REPRESENTATION_CONTEXT('2D SPACE',''
  ) );
#4854 = PCURVE('',#4076,#4855);
#4855 = DEFINITIONAL_REPRESENTATION('',(#4856),#4859);
#4856 = B_SPLINE_CURVE_WITH_KNOTS('',1,(#4857,#4858),.UNSPECIFIED.,.F.,
  .F.,(2,2),(-5.999999999062E-07,14.0000006),.PIECEWISE_BEZIER_KNOTS.);
#4857 = CARTESIAN_POINT('',(0.252680255142,-5.999999999062E-07));
#4858 = CARTESIAN_POINT('',(0.252680255142,14.0000006));
#4859 = ( GEOMETRIC_REPRESENTATION_CONTEXT(2) 
PARAMETRIC_REPRESENTATION_CONTEXT() REPRESENTATION_CONTEXT('2D SPACE',''
  ) );
#4860 = ORIENTED_EDGE('',*,*,#4038,.T.);
#4861 = ORIENTED_EDGE('',*,*,#4862,.T.);
#4862 = EDGE_CURVE('',#4010,#4863,#4865,.T.);
#4863 = VERTEX_POINT('',#4864);
#4864 = CARTESIAN_POINT('',(22.190524980689,12.,-67.5));
#4865 = SURFACE_CURVE('',#4866,(#4870,#4876),.PCURVE_S1.);
#4866 = LINE('',#4867,#4868);
#4867 = CARTESIAN_POINT('',(22.190524980689,-2.,-67.5));
#4868 = VECTOR('',#4869,1.);
#4869 = DIRECTION('',(0.,1.,0.));
#4870 = PCURVE('',#3624,#4871);
#4871 = DEFINITIONAL_REPRESENTATION('',(#4872),#4875);
#4872 = B_SPLINE_CURVE_WITH_KNOTS('',1,(#4873,#4874),.UNSPECIFIED.,.F.,
  .F.,(2,2),(-5.999999999062E-07,14.0000006),.PIECEWISE_BEZIER_KNOTS.);
#4873 = CARTESIAN_POINT('',(69.690524980689,20.9999994));
#4874 = CARTESIAN_POINT('',(69.690524980689,35.0000006));
#4875 = ( GEOMETRIC_REPRESENTATION_CONTEXT(2) 
PARAMETRIC_REPRESENTATION_CONTEXT() REPRESENTATION_CONTEXT('2D SPACE',''
  ) );
#4876 = PCURVE('',#4026,#4877);
#4877 = DEFINITIONAL_REPRESENTATION('',(#4878),#4881);
#4878 = B_SPLINE_CURVE_WITH_KNOTS('',1,(#4879,#4880),.UNSPECIFIED.,.F.,
  .F.,(2,2),(-5.999999999062E-07,14.0000006),.PIECEWISE_BEZIER_KNOTS.);
#4879 = CARTESIAN_POINT('',(2.888912398448,-5.999999999062E-07));
#4880 = CARTESIAN_POINT('',(2.888912398448,14.0000006));
#4881 = ( GEOMETRIC_REPRESENTATION_CONTEXT(2) 
PARAMETRIC_REPRESENTATION_CONTEXT() REPRESENTATION_CONTEXT('2D SPACE',''
  ) );
#4882 = ORIENTED_EDGE('',*,*,#4883,.F.);
#4883 = EDGE_CURVE('',#4884,#4863,#4886,.T.);
#4884 = VERTEX_POINT('',#4885);
#4885 = CARTESIAN_POINT('',(27.2,12.,-67.5));
#4886 = SURFACE_CURVE('',#4887,(#4891,#4897),.PCURVE_S1.);
#4887 = LINE('',#4888,#4889);
#4888 = CARTESIAN_POINT('',(-9.75,12.,-67.5));
#4889 = VECTOR('',#4890,1.);
#4890 = DIRECTION('',(-1.,0.,0.));
#4891 = PCURVE('',#3624,#4892);
#4892 = DEFINITIONAL_REPRESENTATION('',(#4893),#4896);
#4893 = B_SPLINE_CURVE_WITH_KNOTS('',1,(#4894,#4895),.UNSPECIFIED.,.F.,
  .F.,(2,2),(-43.75,-31.75),.PIECEWISE_BEZIER_KNOTS.);
#4894 = CARTESIAN_POINT('',(81.5,35.));
#4895 = CARTESIAN_POINT('',(69.5,35.));
#4896 = ( GEOMETRIC_REPRESENTATION_CONTEXT(2) 
PARAMETRIC_REPRESENTATION_CONTEXT() REPRESENTATION_CONTEXT('2D SPACE',''
  ) );
#4897 = PCURVE('',#4898,#4903);
#4898 = PLANE('',#4899);
#4899 = AXIS2_PLACEMENT_3D('',#4900,#4901,#4902);
#4900 = CARTESIAN_POINT('',(28.,12.,-66.));
#4901 = DIRECTION('',(0.,1.,0.));
#4902 = DIRECTION('',(1.,0.,0.));
#4903 = DEFINITIONAL_REPRESENTATION('',(#4904),#4907);
#4904 = B_SPLINE_CURVE_WITH_KNOTS('',1,(#4905,#4906),.UNSPECIFIED.,.F.,
  .F.,(2,2),(-43.75,-31.75),.PIECEWISE_BEZIER_KNOTS.);
#4905 = CARTESIAN_POINT('',(6.,1.5));
#4906 = CARTESIAN_POINT('',(-6.,1.5));
#4907 = ( GEOMETRIC_REPRESENTATION_CONTEXT(2) 
PARAMETRIC_REPRESENTATION_CONTEXT() REPRESENTATION_CONTEXT('2D SPACE',''
  ) );
#4908 = ORIENTED_EDGE('',*,*,#4909,.T.);
#4909 = EDGE_CURVE('',#4884,#4910,#4912,.T.);
#4910 = VERTEX_POINT('',#4911);
#4911 = CARTESIAN_POINT('',(27.2,14.,-67.5));
#4912 = SURFACE_CURVE('',#4913,(#4917,#4923),.PCURVE_S1.);
#4913 = LINE('',#4914,#4915);
#4914 = CARTESIAN_POINT('',(27.2,-4.,-67.5));
#4915 = VECTOR('',#4916,1.);
#4916 = DIRECTION('',(0.,1.,0.));
#4917 = PCURVE('',#3624,#4918);
#4918 = DEFINITIONAL_REPRESENTATION('',(#4919),#4922);
#4919 = B_SPLINE_CURVE_WITH_KNOTS('',1,(#4920,#4921),.UNSPECIFIED.,.F.,
  .F.,(2,2),(-5.999999999062E-07,18.0000006),.PIECEWISE_BEZIER_KNOTS.);
#4920 = CARTESIAN_POINT('',(74.7,18.9999994));
#4921 = CARTESIAN_POINT('',(74.7,37.0000006));
#4922 = ( GEOMETRIC_REPRESENTATION_CONTEXT(2) 
PARAMETRIC_REPRESENTATION_CONTEXT() REPRESENTATION_CONTEXT('2D SPACE',''
  ) );
#4923 = PCURVE('',#4159,#4924);
#4924 = DEFINITIONAL_REPRESENTATION('',(#4925),#4928);
#4925 = B_SPLINE_CURVE_WITH_KNOTS('',1,(#4926,#4927),.UNSPECIFIED.,.F.,
  .F.,(2,2),(-5.999999999062E-07,18.0000006),.PIECEWISE_BEZIER_KNOTS.);
#4926 = CARTESIAN_POINT('',(2.060753653049,-5.999999999062E-07));
#4927 = CARTESIAN_POINT('',(2.060753653049,18.0000006));
#4928 = ( GEOMETRIC_REPRESENTATION_CONTEXT(2) 
PARAMETRIC_REPRESENTATION_CONTEXT() REPRESENTATION_CONTEXT('2D SPACE',''
  ) );
#4929 = ORIENTED_EDGE('',*,*,#4930,.F.);
#4930 = EDGE_CURVE('',#4931,#4910,#4933,.T.);
#4931 = VERTEX_POINT('',#4932);
#4932 = CARTESIAN_POINT('',(28.8,14.,-67.5));
#4933 = SURFACE_CURVE('',#4934,(#4938,#4944),.PCURVE_S1.);
#4934 = LINE('',#4935,#4936);
#4935 = CARTESIAN_POINT('',(-9.75,14.,-67.5));
#4936 = VECTOR('',#4937,1.);
#4937 = DIRECTION('',(-1.,0.,0.));
#4938 = PCURVE('',#3624,#4939);
#4939 = DEFINITIONAL_REPRESENTATION('',(#4940),#4943);
#4940 = B_SPLINE_CURVE_WITH_KNOTS('',1,(#4941,#4942),.UNSPECIFIED.,.F.,
  .F.,(2,2),(-39.45,-36.05),.PIECEWISE_BEZIER_KNOTS.);
#4941 = CARTESIAN_POINT('',(77.2,37.));
#4942 = CARTESIAN_POINT('',(73.8,37.));
#4943 = ( GEOMETRIC_REPRESENTATION_CONTEXT(2) 
PARAMETRIC_REPRESENTATION_CONTEXT() REPRESENTATION_CONTEXT('2D SPACE',''
  ) );
#4944 = PCURVE('',#4945,#4950);
#4945 = PLANE('',#4946);
#4946 = AXIS2_PLACEMENT_3D('',#4947,#4948,#4949);
#4947 = CARTESIAN_POINT('',(28.,14.,-66.));
#4948 = DIRECTION('',(0.,1.,0.));
#4949 = DIRECTION('',(1.,0.,0.));
#4950 = DEFINITIONAL_REPRESENTATION('',(#4951),#4954);
#4951 = B_SPLINE_CURVE_WITH_KNOTS('',1,(#4952,#4953),.UNSPECIFIED.,.F.,
  .F.,(2,2),(-39.45,-36.05),.PIECEWISE_BEZIER_KNOTS.);
#4952 = CARTESIAN_POINT('',(1.7,1.5));
#4953 = CARTESIAN_POINT('',(-1.7,1.5));
#4954 = ( GEOMETRIC_REPRESENTATION_CONTEXT(2) 
PARAMETRIC_REPRESENTATION_CONTEXT() REPRESENTATION_CONTEXT('2D SPACE',''
  ) );
#4955 = ORIENTED_EDGE('',*,*,#4956,.F.);
#4956 = EDGE_CURVE('',#4957,#4931,#4959,.T.);
#4957 = VERTEX_POINT('',#4958);
#4958 = CARTESIAN_POINT('',(28.8,12.,-67.5));
#4959 = SURFACE_CURVE('',#4960,(#4964,#4970),.PCURVE_S1.);
#4960 = LINE('',#4961,#4962);
#4961 = CARTESIAN_POINT('',(28.8,-4.,-67.5));
#4962 = VECTOR('',#4963,1.);
#4963 = DIRECTION('',(0.,1.,0.));
#4964 = PCURVE('',#3624,#4965);
#4965 = DEFINITIONAL_REPRESENTATION('',(#4966),#4969);
#4966 = B_SPLINE_CURVE_WITH_KNOTS('',1,(#4967,#4968),.UNSPECIFIED.,.F.,
  .F.,(2,2),(-5.999999999062E-07,18.0000006),.PIECEWISE_BEZIER_KNOTS.);
#4967 = CARTESIAN_POINT('',(76.3,18.9999994));
#4968 = CARTESIAN_POINT('',(76.3,37.0000006));
#4969 = ( GEOMETRIC_REPRESENTATION_CONTEXT(2) 
PARAMETRIC_REPRESENTATION_CONTEXT() REPRESENTATION_CONTEXT('2D SPACE',''
  ) );
#4970 = PCURVE('',#4159,#4971);
#4971 = DEFINITIONAL_REPRESENTATION('',(#4972),#4975);
#4972 = B_SPLINE_CURVE_WITH_KNOTS('',1,(#4973,#4974),.UNSPECIFIED.,.F.,
  .F.,(2,2),(-5.999999999062E-07,18.0000006),.PIECEWISE_BEZIER_KNOTS.);
#4973 = CARTESIAN_POINT('',(1.080839000541,-5.999999999062E-07));
#4974 = CARTESIAN_POINT('',(1.080839000541,18.0000006));
#4975 = ( GEOMETRIC_REPRESENTATION_CONTEXT(2) 
PARAMETRIC_REPRESENTATION_CONTEXT() REPRESENTATION_CONTEXT('2D SPACE',''
  ) );
#4976 = ORIENTED_EDGE('',*,*,#4977,.F.);
#4977 = EDGE_CURVE('',#4978,#4957,#4980,.T.);
#4978 = VERTEX_POINT('',#4979);
#4979 = CARTESIAN_POINT('',(33.809475019311,12.,-67.5));
#4980 = SURFACE_CURVE('',#4981,(#4985,#4991),.PCURVE_S1.);
#4981 = LINE('',#4982,#4983);
#4982 = CARTESIAN_POINT('',(-9.75,12.,-67.5));
#4983 = VECTOR('',#4984,1.);
#4984 = DIRECTION('',(-1.,0.,0.));
#4985 = PCURVE('',#3624,#4986);
#4986 = DEFINITIONAL_REPRESENTATION('',(#4987),#4990);
#4987 = B_SPLINE_CURVE_WITH_KNOTS('',1,(#4988,#4989),.UNSPECIFIED.,.F.,
  .F.,(2,2),(-43.75,-31.75),.PIECEWISE_BEZIER_KNOTS.);
#4988 = CARTESIAN_POINT('',(81.5,35.));
#4989 = CARTESIAN_POINT('',(69.5,35.));
#4990 = ( GEOMETRIC_REPRESENTATION_CONTEXT(2) 
PARAMETRIC_REPRESENTATION_CONTEXT() REPRESENTATION_CONTEXT('2D SPACE',''
  ) );
#4991 = PCURVE('',#4898,#4992);
#4992 = DEFINITIONAL_REPRESENTATION('',(#4993),#4996);
#4993 = B_SPLINE_CURVE_WITH_KNOTS('',1,(#4994,#4995),.UNSPECIFIED.,.F.,
  .F.,(2,2),(-43.75,-31.75),.PIECEWISE_BEZIER_KNOTS.);
#4994 = CARTESIAN_POINT('',(6.,1.5));
#4995 = CARTESIAN_POINT('',(-6.,1.5));
#4996 = ( GEOMETRIC_REPRESENTATION_CONTEXT(2) 
PARAMETRIC_REPRESENTATION_CONTEXT() REPRESENTATION_CONTEXT('2D SPACE',''
  ) );
#4997 = ORIENTED_EDGE('',*,*,#4998,.F.);
#4998 = EDGE_CURVE('',#3989,#4978,#4999,.T.);
#4999 = SURFACE_CURVE('',#5000,(#5004,#5010),.PCURVE_S1.);
#5000 = LINE('',#5001,#5002);
#5001 = CARTESIAN_POINT('',(33.809475019311,-2.,-67.5));
#5002 = VECTOR('',#5003,1.);
#5003 = DIRECTION('',(0.,1.,0.));
#5004 = PCURVE('',#3624,#5005);
#5005 = DEFINITIONAL_REPRESENTATION('',(#5006),#5009);
#5006 = B_SPLINE_CURVE_WITH_KNOTS('',1,(#5007,#5008),.UNSPECIFIED.,.F.,
  .F.,(2,2),(-5.999999999062E-07,14.0000006),.PIECEWISE_BEZIER_KNOTS.);
#5007 = CARTESIAN_POINT('',(81.309475019311,20.9999994));
#5008 = CARTESIAN_POINT('',(81.309475019311,35.0000006));
#5009 = ( GEOMETRIC_REPRESENTATION_CONTEXT(2) 
PARAMETRIC_REPRESENTATION_CONTEXT() REPRESENTATION_CONTEXT('2D SPACE',''
  ) );
#5010 = PCURVE('',#4026,#5011);
#5011 = DEFINITIONAL_REPRESENTATION('',(#5012),#5015);
#5012 = B_SPLINE_CURVE_WITH_KNOTS('',1,(#5013,#5014),.UNSPECIFIED.,.F.,
  .F.,(2,2),(-5.999999999062E-07,14.0000006),.PIECEWISE_BEZIER_KNOTS.);
#5013 = CARTESIAN_POINT('',(0.252680255142,-5.999999999062E-07));
#5014 = CARTESIAN_POINT('',(0.252680255142,14.0000006));
#5015 = ( GEOMETRIC_REPRESENTATION_CONTEXT(2) 
PARAMETRIC_REPRESENTATION_CONTEXT() REPRESENTATION_CONTEXT('2D SPACE',''
  ) );
#5016 = ORIENTED_EDGE('',*,*,#3988,.T.);
#5017 = ORIENTED_EDGE('',*,*,#4509,.T.);
#5018 = ORIENTED_EDGE('',*,*,#5019,.T.);
#5019 = EDGE_CURVE('',#4510,#4625,#5020,.T.);
#5020 = SURFACE_CURVE('',#5021,(#5026,#5033),.PCURVE_S1.);
#5021 = CIRCLE('',#5022,10.712142642814);
#5022 = AXIS2_PLACEMENT_3D('',#5023,#5024,#5025);
#5023 = CARTESIAN_POINT('',(39.,24.,-67.5));
#5024 = DIRECTION('',(0.,0.,1.));
#5025 = DIRECTION('',(0.,-1.,0.));
#5026 = PCURVE('',#3624,#5027);
#5027 = DEFINITIONAL_REPRESENTATION('',(#5028),#5032);
#5028 = CIRCLE('',#5029,10.712142642814);
#5029 = AXIS2_PLACEMENT_2D('',#5030,#5031);
#5030 = CARTESIAN_POINT('',(86.5,47.));
#5031 = DIRECTION('',(0.,-1.));
#5032 = ( GEOMETRIC_REPRESENTATION_CONTEXT(2) 
PARAMETRIC_REPRESENTATION_CONTEXT() REPRESENTATION_CONTEXT('2D SPACE',''
  ) );
#5033 = PCURVE('',#4574,#5034);
#5034 = DEFINITIONAL_REPRESENTATION('',(#5035),#5043);
#5035 = B_SPLINE_CURVE_WITH_KNOTS('',6,(#5036,#5037,#5038,#5039,#5040,
    #5041,#5042),.UNSPECIFIED.,.F.,.F.,(7,7),(2.225066910754,
    2.568389344489),.PIECEWISE_BEZIER_KNOTS.);
#5036 = CARTESIAN_POINT('',(0.890275102128,-0.449609075088));
#5037 = CARTESIAN_POINT('',(0.911737183019,-0.48561205295));
#5038 = CARTESIAN_POINT('',(0.936015584991,-0.520469669971));
#5039 = CARTESIAN_POINT('',(0.963319014196,-0.553963822471));
#5040 = CARTESIAN_POINT('',(0.99387082078,-0.585841521892));
#5041 = CARTESIAN_POINT('',(1.027884925321,-0.615799399038));
#5042 = CARTESIAN_POINT('',(1.065435816511,-0.643501108793));
#5043 = ( GEOMETRIC_REPRESENTATION_CONTEXT(2) 
PARAMETRIC_REPRESENTATION_CONTEXT() REPRESENTATION_CONTEXT('2D SPACE',''
  ) );
#5044 = ORIENTED_EDGE('',*,*,#4624,.F.);
#5045 = ORIENTED_EDGE('',*,*,#5046,.T.);
#5046 = EDGE_CURVE('',#4597,#3609,#5047,.T.);
#5047 = SURFACE_CURVE('',#5048,(#5053,#5060),.PCURVE_S1.);
#5048 = CIRCLE('',#5049,10.712142642814);
#5049 = AXIS2_PLACEMENT_3D('',#5050,#5051,#5052);
#5050 = CARTESIAN_POINT('',(-39.,24.,-67.5));
#5051 = DIRECTION('',(0.,0.,1.));
#5052 = DIRECTION('',(0.,-1.,0.));
#5053 = PCURVE('',#3624,#5054);
#5054 = DEFINITIONAL_REPRESENTATION('',(#5055),#5059);
#5055 = CIRCLE('',#5056,10.712142642814);
#5056 = AXIS2_PLACEMENT_2D('',#5057,#5058);
#5057 = CARTESIAN_POINT('',(8.5,47.));
#5058 = DIRECTION('',(0.,-1.));
#5059 = ( GEOMETRIC_REPRESENTATION_CONTEXT(2) 
PARAMETRIC_REPRESENTATION_CONTEXT() REPRESENTATION_CONTEXT('2D SPACE',''
  ) );
#5060 = PCURVE('',#3723,#5061);
#5061 = DEFINITIONAL_REPRESENTATION('',(#5062),#5070);
#5062 = B_SPLINE_CURVE_WITH_KNOTS('',6,(#5063,#5064,#5065,#5066,#5067,
    #5068,#5069),.UNSPECIFIED.,.F.,.F.,(7,7),(3.714795962691,
    4.058118396425),.PIECEWISE_BEZIER_KNOTS.);
#5063 = CARTESIAN_POINT('',(-1.065435816511,-0.643501108793));
#5064 = CARTESIAN_POINT('',(-1.027884925321,-0.615799399038));
#5065 = CARTESIAN_POINT('',(-0.99387082078,-0.585841521892));
#5066 = CARTESIAN_POINT('',(-0.963319014196,-0.553963822471));
#5067 = CARTESIAN_POINT('',(-0.936015584991,-0.520469669971));
#5068 = CARTESIAN_POINT('',(-0.911737183019,-0.48561205295));
#5069 = CARTESIAN_POINT('',(-0.890275102128,-0.449609075088));
#5070 = ( GEOMETRIC_REPRESENTATION_CONTEXT(2) 
PARAMETRIC_REPRESENTATION_CONTEXT() REPRESENTATION_CONTEXT('2D SPACE',''
  ) );
#5071 = ADVANCED_FACE('',(#5072,#5145),#3723,.T.);
#5072 = FACE_BOUND('',#5073,.F.);
#5073 = EDGE_LOOP('',(#5074,#5096,#5123));
#5074 = ORIENTED_EDGE('',*,*,#5075,.F.);
#5075 = EDGE_CURVE('',#5076,#4177,#5078,.T.);
#5076 = VERTEX_POINT('',#5077);
#5077 = CARTESIAN_POINT('',(-39.,39.,-78.));
#5078 = SURFACE_CURVE('',#5079,(#5084,#5090),.PCURVE_S1.);
#5079 = CIRCLE('',#5080,15.);
#5080 = AXIS2_PLACEMENT_3D('',#5081,#5082,#5083);
#5081 = CARTESIAN_POINT('',(-39.,24.,-78.));
#5082 = DIRECTION('',(2.368475785867E-16,0.,1.));
#5083 = DIRECTION('',(-1.,-0.,2.368475785867E-16));
#5084 = PCURVE('',#3723,#5085);
#5085 = DEFINITIONAL_REPRESENTATION('',(#5086),#5089);
#5086 = B_SPLINE_CURVE_WITH_KNOTS('',1,(#5087,#5088),.UNSPECIFIED.,.F.,
  .F.,(2,2),(4.712388980385,6.28318530718),.PIECEWISE_BEZIER_KNOTS.);
#5087 = CARTESIAN_POINT('',(0.,-1.570796326795));
#5088 = CARTESIAN_POINT('',(0.,0.));
#5089 = ( GEOMETRIC_REPRESENTATION_CONTEXT(2) 
PARAMETRIC_REPRESENTATION_CONTEXT() REPRESENTATION_CONTEXT('2D SPACE',''
  ) );
#5090 = PCURVE('',#4192,#5091);
#5091 = DEFINITIONAL_REPRESENTATION('',(#5092),#5095);
#5092 = B_SPLINE_CURVE_WITH_KNOTS('',1,(#5093,#5094),.UNSPECIFIED.,.F.,
  .F.,(2,2),(4.712388980385,6.28318530718),.PIECEWISE_BEZIER_KNOTS.);
#5093 = CARTESIAN_POINT('',(-1.570796326795,41.));
#5094 = CARTESIAN_POINT('',(0.,41.));
#5095 = ( GEOMETRIC_REPRESENTATION_CONTEXT(2) 
PARAMETRIC_REPRESENTATION_CONTEXT() REPRESENTATION_CONTEXT('2D SPACE',''
  ) );
#5096 = ORIENTED_EDGE('',*,*,#5097,.T.);
#5097 = EDGE_CURVE('',#5076,#5098,#5100,.T.);
#5098 = VERTEX_POINT('',#5099);
#5099 = CARTESIAN_POINT('',(-39.,24.,-63.));
#5100 = SURFACE_CURVE('',#5101,(#5106,#5112),.PCURVE_S1.);
#5101 = CIRCLE('',#5102,15.);
#5102 = AXIS2_PLACEMENT_3D('',#5103,#5104,#5105);
#5103 = CARTESIAN_POINT('',(-39.,24.,-78.));
#5104 = DIRECTION('',(1.,0.,4.64293662957E-17));
#5105 = DIRECTION('',(-4.64293662957E-17,-0.,1.));
#5106 = PCURVE('',#3723,#5107);
#5107 = DEFINITIONAL_REPRESENTATION('',(#5108),#5111);
#5108 = B_SPLINE_CURVE_WITH_KNOTS('',1,(#5109,#5110),.UNSPECIFIED.,.F.,
  .F.,(2,2),(4.712388980385,6.28318530718),.PIECEWISE_BEZIER_KNOTS.);
#5109 = CARTESIAN_POINT('',(-1.570796326795,-1.570796326795));
#5110 = CARTESIAN_POINT('',(-1.570796326795,0.));
#5111 = ( GEOMETRIC_REPRESENTATION_CONTEXT(2) 
PARAMETRIC_REPRESENTATION_CONTEXT() REPRESENTATION_CONTEXT('2D SPACE',''
  ) );
#5112 = PCURVE('',#5113,#5118);
#5113 = CYLINDRICAL_SURFACE('',#5114,15.);
#5114 = AXIS2_PLACEMENT_3D('',#5115,#5116,#5117);
#5115 = CARTESIAN_POINT('',(-54.,24.,-78.));
#5116 = DIRECTION('',(1.,0.,-0.));
#5117 = DIRECTION('',(0.,1.,0.));
#5118 = DEFINITIONAL_REPRESENTATION('',(#5119),#5122);
#5119 = B_SPLINE_CURVE_WITH_KNOTS('',1,(#5120,#5121),.UNSPECIFIED.,.F.,
  .F.,(2,2),(4.712388980385,6.28318530718),.PIECEWISE_BEZIER_KNOTS.);
#5120 = CARTESIAN_POINT('',(0.,15.));
#5121 = CARTESIAN_POINT('',(1.570796326795,15.));
#5122 = ( GEOMETRIC_REPRESENTATION_CONTEXT(2) 
PARAMETRIC_REPRESENTATION_CONTEXT() REPRESENTATION_CONTEXT('2D SPACE',''
  ) );
#5123 = ORIENTED_EDGE('',*,*,#5124,.F.);
#5124 = EDGE_CURVE('',#4177,#5098,#5125,.T.);
#5125 = SURFACE_CURVE('',#5126,(#5131,#5138),.PCURVE_S1.);
#5126 = CIRCLE('',#5127,15.);
#5127 = AXIS2_PLACEMENT_3D('',#5128,#5129,#5130);
#5128 = CARTESIAN_POINT('',(-39.,24.,-78.));
#5129 = DIRECTION('',(-0.,1.,0.));
#5130 = DIRECTION('',(-1.,-0.,2.368475785867E-16));
#5131 = PCURVE('',#3723,#5132);
#5132 = DEFINITIONAL_REPRESENTATION('',(#5133),#5137);
#5133 = LINE('',#5134,#5135);
#5134 = CARTESIAN_POINT('',(-0.,0.));
#5135 = VECTOR('',#5136,1.);
#5136 = DIRECTION('',(-1.,0.));
#5137 = ( GEOMETRIC_REPRESENTATION_CONTEXT(2) 
PARAMETRIC_REPRESENTATION_CONTEXT() REPRESENTATION_CONTEXT('2D SPACE',''
  ) );
#5138 = PCURVE('',#3780,#5139);
#5139 = DEFINITIONAL_REPRESENTATION('',(#5140),#5144);
#5140 = LINE('',#5141,#5142);
#5141 = CARTESIAN_POINT('',(0.,53.));
#5142 = VECTOR('',#5143,1.);
#5143 = DIRECTION('',(1.,0.));
#5144 = ( GEOMETRIC_REPRESENTATION_CONTEXT(2) 
PARAMETRIC_REPRESENTATION_CONTEXT() REPRESENTATION_CONTEXT('2D SPACE',''
  ) );
#5145 = FACE_BOUND('',#5146,.F.);
#5146 = EDGE_LOOP('',(#5147,#5148,#5149));
#5147 = ORIENTED_EDGE('',*,*,#4596,.T.);
#5148 = ORIENTED_EDGE('',*,*,#3708,.T.);
#5149 = ORIENTED_EDGE('',*,*,#5046,.F.);
#5150 = ADVANCED_FACE('',(#5151),#4076,.T.);
#5151 = FACE_BOUND('',#5152,.T.);
#5152 = EDGE_LOOP('',(#5153,#5175,#5176,#5177));
#5153 = ORIENTED_EDGE('',*,*,#5154,.F.);
#5154 = EDGE_CURVE('',#4822,#4707,#5155,.T.);
#5155 = SURFACE_CURVE('',#5156,(#5161,#5168),.PCURVE_S1.);
#5156 = CIRCLE('',#5157,6.);
#5157 = AXIS2_PLACEMENT_3D('',#5158,#5159,#5160);
#5158 = CARTESIAN_POINT('',(-28.,12.,-66.));
#5159 = DIRECTION('',(-0.,1.,0.));
#5160 = DIRECTION('',(1.,0.,0.));
#5161 = PCURVE('',#4076,#5162);
#5162 = DEFINITIONAL_REPRESENTATION('',(#5163),#5167);
#5163 = LINE('',#5164,#5165);
#5164 = CARTESIAN_POINT('',(0.,14.));
#5165 = VECTOR('',#5166,1.);
#5166 = DIRECTION('',(1.,0.));
#5167 = ( GEOMETRIC_REPRESENTATION_CONTEXT(2) 
PARAMETRIC_REPRESENTATION_CONTEXT() REPRESENTATION_CONTEXT('2D SPACE',''
  ) );
#5168 = PCURVE('',#4742,#5169);
#5169 = DEFINITIONAL_REPRESENTATION('',(#5170),#5174);
#5170 = CIRCLE('',#5171,6.);
#5171 = AXIS2_PLACEMENT_2D('',#5172,#5173);
#5172 = CARTESIAN_POINT('',(0.,0.));
#5173 = DIRECTION('',(1.,0.));
#5174 = ( GEOMETRIC_REPRESENTATION_CONTEXT(2) 
PARAMETRIC_REPRESENTATION_CONTEXT() REPRESENTATION_CONTEXT('2D SPACE',''
  ) );
#5175 = ORIENTED_EDGE('',*,*,#4842,.F.);
#5176 = ORIENTED_EDGE('',*,*,#4059,.T.);
#5177 = ORIENTED_EDGE('',*,*,#4706,.T.);
#5178 = ADVANCED_FACE('',(#5179),#4026,.T.);
#5179 = FACE_BOUND('',#5180,.T.);
#5180 = EDGE_LOOP('',(#5181,#5203,#5204,#5205));
#5181 = ORIENTED_EDGE('',*,*,#5182,.F.);
#5182 = EDGE_CURVE('',#4978,#4863,#5183,.T.);
#5183 = SURFACE_CURVE('',#5184,(#5189,#5196),.PCURVE_S1.);
#5184 = CIRCLE('',#5185,6.);
#5185 = AXIS2_PLACEMENT_3D('',#5186,#5187,#5188);
#5186 = CARTESIAN_POINT('',(28.,12.,-66.));
#5187 = DIRECTION('',(-0.,1.,0.));
#5188 = DIRECTION('',(1.,0.,0.));
#5189 = PCURVE('',#4026,#5190);
#5190 = DEFINITIONAL_REPRESENTATION('',(#5191),#5195);
#5191 = LINE('',#5192,#5193);
#5192 = CARTESIAN_POINT('',(0.,14.));
#5193 = VECTOR('',#5194,1.);
#5194 = DIRECTION('',(1.,0.));
#5195 = ( GEOMETRIC_REPRESENTATION_CONTEXT(2) 
PARAMETRIC_REPRESENTATION_CONTEXT() REPRESENTATION_CONTEXT('2D SPACE',''
  ) );
#5196 = PCURVE('',#4898,#5197);
#5197 = DEFINITIONAL_REPRESENTATION('',(#5198),#5202);
#5198 = CIRCLE('',#5199,6.);
#5199 = AXIS2_PLACEMENT_2D('',#5200,#5201);
#5200 = CARTESIAN_POINT('',(0.,0.));
#5201 = DIRECTION('',(1.,0.));
#5202 = ( GEOMETRIC_REPRESENTATION_CONTEXT(2) 
PARAMETRIC_REPRESENTATION_CONTEXT() REPRESENTATION_CONTEXT('2D SPACE',''
  ) );
#5203 = ORIENTED_EDGE('',*,*,#4998,.F.);
#5204 = ORIENTED_EDGE('',*,*,#4009,.T.);
#5205 = ORIENTED_EDGE('',*,*,#4862,.T.);
#5206 = ADVANCED_FACE('',(#5207),#3935,.T.);
#5207 = FACE_BOUND('',#5208,.F.);
#5208 = EDGE_LOOP('',(#5209,#5210,#5233,#5255));
#5209 = ORIENTED_EDGE('',*,*,#3918,.F.);
#5210 = ORIENTED_EDGE('',*,*,#5211,.T.);
#5211 = EDGE_CURVE('',#3898,#5212,#5214,.T.);
#5212 = VERTEX_POINT('',#5213);
#5213 = CARTESIAN_POINT('',(39.,24.,-63.));
#5214 = SURFACE_CURVE('',#5215,(#5219,#5226),.PCURVE_S1.);
#5215 = LINE('',#5216,#5217);
#5216 = CARTESIAN_POINT('',(39.,-29.,-63.));
#5217 = VECTOR('',#5218,1.);
#5218 = DIRECTION('',(-0.,1.,0.));
#5219 = PCURVE('',#3935,#5220);
#5220 = DEFINITIONAL_REPRESENTATION('',(#5221),#5225);
#5221 = LINE('',#5222,#5223);
#5222 = CARTESIAN_POINT('',(-1.570796326795,0.));
#5223 = VECTOR('',#5224,1.);
#5224 = DIRECTION('',(-0.,1.));
#5225 = ( GEOMETRIC_REPRESENTATION_CONTEXT(2) 
PARAMETRIC_REPRESENTATION_CONTEXT() REPRESENTATION_CONTEXT('2D SPACE',''
  ) );
#5226 = PCURVE('',#3807,#5227);
#5227 = DEFINITIONAL_REPRESENTATION('',(#5228),#5232);
#5228 = LINE('',#5229,#5230);
#5229 = CARTESIAN_POINT('',(93.,0.));
#5230 = VECTOR('',#5231,1.);
#5231 = DIRECTION('',(0.,1.));
#5232 = ( GEOMETRIC_REPRESENTATION_CONTEXT(2) 
PARAMETRIC_REPRESENTATION_CONTEXT() REPRESENTATION_CONTEXT('2D SPACE',''
  ) );
#5233 = ORIENTED_EDGE('',*,*,#5234,.F.);
#5234 = EDGE_CURVE('',#4373,#5212,#5235,.T.);
#5235 = SURFACE_CURVE('',#5236,(#5241,#5248),.PCURVE_S1.);
#5236 = CIRCLE('',#5237,15.);
#5237 = AXIS2_PLACEMENT_3D('',#5238,#5239,#5240);
#5238 = CARTESIAN_POINT('',(39.,24.,-78.));
#5239 = DIRECTION('',(0.,-1.,0.));
#5240 = DIRECTION('',(1.,0.,2.368475785867E-16));
#5241 = PCURVE('',#3935,#5242);
#5242 = DEFINITIONAL_REPRESENTATION('',(#5243),#5247);
#5243 = LINE('',#5244,#5245);
#5244 = CARTESIAN_POINT('',(-0.,53.));
#5245 = VECTOR('',#5246,1.);
#5246 = DIRECTION('',(-1.,0.));
#5247 = ( GEOMETRIC_REPRESENTATION_CONTEXT(2) 
PARAMETRIC_REPRESENTATION_CONTEXT() REPRESENTATION_CONTEXT('2D SPACE',''
  ) );
#5248 = PCURVE('',#4574,#5249);
#5249 = DEFINITIONAL_REPRESENTATION('',(#5250),#5254);
#5250 = LINE('',#5251,#5252);
#5251 = CARTESIAN_POINT('',(0.,0.));
#5252 = VECTOR('',#5253,1.);
#5253 = DIRECTION('',(1.,0.));
#5254 = ( GEOMETRIC_REPRESENTATION_CONTEXT(2) 
PARAMETRIC_REPRESENTATION_CONTEXT() REPRESENTATION_CONTEXT('2D SPACE',''
  ) );
#5255 = ORIENTED_EDGE('',*,*,#4400,.F.);
#5256 = ADVANCED_FACE('',(#5257),#3807,.T.);
#5257 = FACE_BOUND('',#5258,.T.);
#5258 = EDGE_LOOP('',(#5259,#5280,#5281,#5302,#5328,#5347,#5348,#5369,
    #5395,#5414,#5415,#5416));
#5259 = ORIENTED_EDGE('',*,*,#5260,.F.);
#5260 = EDGE_CURVE('',#3764,#5098,#5261,.T.);
#5261 = SURFACE_CURVE('',#5262,(#5266,#5273),.PCURVE_S1.);
#5262 = LINE('',#5263,#5264);
#5263 = CARTESIAN_POINT('',(-39.,-29.,-63.));
#5264 = VECTOR('',#5265,1.);
#5265 = DIRECTION('',(-0.,1.,0.));
#5266 = PCURVE('',#3807,#5267);
#5267 = DEFINITIONAL_REPRESENTATION('',(#5268),#5272);
#5268 = LINE('',#5269,#5270);
#5269 = CARTESIAN_POINT('',(15.,0.));
#5270 = VECTOR('',#5271,1.);
#5271 = DIRECTION('',(0.,1.));
#5272 = ( GEOMETRIC_REPRESENTATION_CONTEXT(2) 
PARAMETRIC_REPRESENTATION_CONTEXT() REPRESENTATION_CONTEXT('2D SPACE',''
  ) );
#5273 = PCURVE('',#3780,#5274);
#5274 = DEFINITIONAL_REPRESENTATION('',(#5275),#5279);
#5275 = LINE('',#5276,#5277);
#5276 = CARTESIAN_POINT('',(1.570796326795,0.));
#5277 = VECTOR('',#5278,1.);
#5278 = DIRECTION('',(0.,1.));
#5279 = ( GEOMETRIC_REPRESENTATION_CONTEXT(2) 
PARAMETRIC_REPRESENTATION_CONTEXT() REPRESENTATION_CONTEXT('2D SPACE',''
  ) );
#5280 = ORIENTED_EDGE('',*,*,#3792,.T.);
#5281 = ORIENTED_EDGE('',*,*,#5282,.T.);
#5282 = EDGE_CURVE('',#3793,#5283,#5285,.T.);
#5283 = VERTEX_POINT('',#5284);
#5284 = CARTESIAN_POINT('',(-33.1961524227,12.,-63.));
#5285 = SURFACE_CURVE('',#5286,(#5290,#5296),.PCURVE_S1.);
#5286 = LINE('',#5287,#5288);
#5287 = CARTESIAN_POINT('',(-33.1961524227,-2.,-63.));
#5288 = VECTOR('',#5289,1.);
#5289 = DIRECTION('',(0.,1.,0.));
#5290 = PCURVE('',#3807,#5291);
#5291 = DEFINITIONAL_REPRESENTATION('',(#5292),#5295);
#5292 = B_SPLINE_CURVE_WITH_KNOTS('',1,(#5293,#5294),.UNSPECIFIED.,.F.,
  .F.,(2,2),(-5.999999999062E-07,14.0000006),.PIECEWISE_BEZIER_KNOTS.);
#5293 = CARTESIAN_POINT('',(20.803847577293,26.9999994));
#5294 = CARTESIAN_POINT('',(20.803847577293,41.0000006));
#5295 = ( GEOMETRIC_REPRESENTATION_CONTEXT(2) 
PARAMETRIC_REPRESENTATION_CONTEXT() REPRESENTATION_CONTEXT('2D SPACE',''
  ) );
#5296 = PCURVE('',#3835,#5297);
#5297 = DEFINITIONAL_REPRESENTATION('',(#5298),#5301);
#5298 = B_SPLINE_CURVE_WITH_KNOTS('',1,(#5299,#5300),.UNSPECIFIED.,.F.,
  .F.,(2,2),(-5.999999999062E-07,14.0000006),.PIECEWISE_BEZIER_KNOTS.);
#5299 = CARTESIAN_POINT('',(3.665191429188,-5.999999999062E-07));
#5300 = CARTESIAN_POINT('',(3.665191429188,14.0000006));
#5301 = ( GEOMETRIC_REPRESENTATION_CONTEXT(2) 
PARAMETRIC_REPRESENTATION_CONTEXT() REPRESENTATION_CONTEXT('2D SPACE',''
  ) );
#5302 = ORIENTED_EDGE('',*,*,#5303,.F.);
#5303 = EDGE_CURVE('',#5304,#5283,#5306,.T.);
#5304 = VERTEX_POINT('',#5305);
#5305 = CARTESIAN_POINT('',(-22.80384757729,12.,-63.));
#5306 = SURFACE_CURVE('',#5307,(#5311,#5317),.PCURVE_S1.);
#5307 = LINE('',#5308,#5309);
#5308 = CARTESIAN_POINT('',(-41.,12.,-63.));
#5309 = VECTOR('',#5310,1.);
#5310 = DIRECTION('',(-1.,0.,0.));
#5311 = PCURVE('',#3807,#5312);
#5312 = DEFINITIONAL_REPRESENTATION('',(#5313),#5316);
#5313 = B_SPLINE_CURVE_WITH_KNOTS('',1,(#5314,#5315),.UNSPECIFIED.,.F.,
  .F.,(2,2),(-19.,-7.),.PIECEWISE_BEZIER_KNOTS.);
#5314 = CARTESIAN_POINT('',(32.,41.));
#5315 = CARTESIAN_POINT('',(20.,41.));
#5316 = ( GEOMETRIC_REPRESENTATION_CONTEXT(2) 
PARAMETRIC_REPRESENTATION_CONTEXT() REPRESENTATION_CONTEXT('2D SPACE',''
  ) );
#5317 = PCURVE('',#5318,#5323);
#5318 = PLANE('',#5319);
#5319 = AXIS2_PLACEMENT_3D('',#5320,#5321,#5322);
#5320 = CARTESIAN_POINT('',(-28.,12.,-66.));
#5321 = DIRECTION('',(0.,1.,0.));
#5322 = DIRECTION('',(1.,0.,0.));
#5323 = DEFINITIONAL_REPRESENTATION('',(#5324),#5327);
#5324 = B_SPLINE_CURVE_WITH_KNOTS('',1,(#5325,#5326),.UNSPECIFIED.,.F.,
  .F.,(2,2),(-19.,-7.),.PIECEWISE_BEZIER_KNOTS.);
#5325 = CARTESIAN_POINT('',(6.,-3.));
#5326 = CARTESIAN_POINT('',(-6.,-3.));
#5327 = ( GEOMETRIC_REPRESENTATION_CONTEXT(2) 
PARAMETRIC_REPRESENTATION_CONTEXT() REPRESENTATION_CONTEXT('2D SPACE',''
  ) );
#5328 = ORIENTED_EDGE('',*,*,#5329,.F.);
#5329 = EDGE_CURVE('',#3819,#5304,#5330,.T.);
#5330 = SURFACE_CURVE('',#5331,(#5335,#5341),.PCURVE_S1.);
#5331 = LINE('',#5332,#5333);
#5332 = CARTESIAN_POINT('',(-22.80384757729,-2.,-63.));
#5333 = VECTOR('',#5334,1.);
#5334 = DIRECTION('',(0.,1.,0.));
#5335 = PCURVE('',#3807,#5336);
#5336 = DEFINITIONAL_REPRESENTATION('',(#5337),#5340);
#5337 = B_SPLINE_CURVE_WITH_KNOTS('',1,(#5338,#5339),.UNSPECIFIED.,.F.,
  .F.,(2,2),(-5.999999999062E-07,14.0000006),.PIECEWISE_BEZIER_KNOTS.);
#5338 = CARTESIAN_POINT('',(31.196152422707,26.9999994));
#5339 = CARTESIAN_POINT('',(31.196152422707,41.0000006));
#5340 = ( GEOMETRIC_REPRESENTATION_CONTEXT(2) 
PARAMETRIC_REPRESENTATION_CONTEXT() REPRESENTATION_CONTEXT('2D SPACE',''
  ) );
#5341 = PCURVE('',#3835,#5342);
#5342 = DEFINITIONAL_REPRESENTATION('',(#5343),#5346);
#5343 = B_SPLINE_CURVE_WITH_KNOTS('',1,(#5344,#5345),.UNSPECIFIED.,.F.,
  .F.,(2,2),(-5.999999999062E-07,14.0000006),.PIECEWISE_BEZIER_KNOTS.);
#5344 = CARTESIAN_POINT('',(5.759586531581,-5.999999999062E-07));
#5345 = CARTESIAN_POINT('',(5.759586531581,14.0000006));
#5346 = ( GEOMETRIC_REPRESENTATION_CONTEXT(2) 
PARAMETRIC_REPRESENTATION_CONTEXT() REPRESENTATION_CONTEXT('2D SPACE',''
  ) );
#5347 = ORIENTED_EDGE('',*,*,#3847,.T.);
#5348 = ORIENTED_EDGE('',*,*,#5349,.T.);
#5349 = EDGE_CURVE('',#3848,#5350,#5352,.T.);
#5350 = VERTEX_POINT('',#5351);
#5351 = CARTESIAN_POINT('',(22.803847577293,12.,-63.));
#5352 = SURFACE_CURVE('',#5353,(#5357,#5363),.PCURVE_S1.);
#5353 = LINE('',#5354,#5355);
#5354 = CARTESIAN_POINT('',(22.803847577293,-2.,-63.));
#5355 = VECTOR('',#5356,1.);
#5356 = DIRECTION('',(0.,1.,0.));
#5357 = PCURVE('',#3807,#5358);
#5358 = DEFINITIONAL_REPRESENTATION('',(#5359),#5362);
#5359 = B_SPLINE_CURVE_WITH_KNOTS('',1,(#5360,#5361),.UNSPECIFIED.,.F.,
  .F.,(2,2),(-5.999999999062E-07,14.0000006),.PIECEWISE_BEZIER_KNOTS.);
#5360 = CARTESIAN_POINT('',(76.803847577293,26.9999994));
#5361 = CARTESIAN_POINT('',(76.803847577293,41.0000006));
#5362 = ( GEOMETRIC_REPRESENTATION_CONTEXT(2) 
PARAMETRIC_REPRESENTATION_CONTEXT() REPRESENTATION_CONTEXT('2D SPACE',''
  ) );
#5363 = PCURVE('',#3885,#5364);
#5364 = DEFINITIONAL_REPRESENTATION('',(#5365),#5368);
#5365 = B_SPLINE_CURVE_WITH_KNOTS('',1,(#5366,#5367),.UNSPECIFIED.,.F.,
  .F.,(2,2),(-5.999999999062E-07,14.0000006),.PIECEWISE_BEZIER_KNOTS.);
#5366 = CARTESIAN_POINT('',(3.665191429188,-5.999999999062E-07));
#5367 = CARTESIAN_POINT('',(3.665191429188,14.0000006));
#5368 = ( GEOMETRIC_REPRESENTATION_CONTEXT(2) 
PARAMETRIC_REPRESENTATION_CONTEXT() REPRESENTATION_CONTEXT('2D SPACE',''
  ) );
#5369 = ORIENTED_EDGE('',*,*,#5370,.F.);
#5370 = EDGE_CURVE('',#5371,#5350,#5373,.T.);
#5371 = VERTEX_POINT('',#5372);
#5372 = CARTESIAN_POINT('',(33.196152422707,12.,-63.));
#5373 = SURFACE_CURVE('',#5374,(#5378,#5384),.PCURVE_S1.);
#5374 = LINE('',#5375,#5376);
#5375 = CARTESIAN_POINT('',(-13.,12.,-63.));
#5376 = VECTOR('',#5377,1.);
#5377 = DIRECTION('',(-1.,0.,0.));
#5378 = PCURVE('',#3807,#5379);
#5379 = DEFINITIONAL_REPRESENTATION('',(#5380),#5383);
#5380 = B_SPLINE_CURVE_WITH_KNOTS('',1,(#5381,#5382),.UNSPECIFIED.,.F.,
  .F.,(2,2),(-47.,-35.),.PIECEWISE_BEZIER_KNOTS.);
#5381 = CARTESIAN_POINT('',(88.,41.));
#5382 = CARTESIAN_POINT('',(76.,41.));
#5383 = ( GEOMETRIC_REPRESENTATION_CONTEXT(2) 
PARAMETRIC_REPRESENTATION_CONTEXT() REPRESENTATION_CONTEXT('2D SPACE',''
  ) );
#5384 = PCURVE('',#5385,#5390);
#5385 = PLANE('',#5386);
#5386 = AXIS2_PLACEMENT_3D('',#5387,#5388,#5389);
#5387 = CARTESIAN_POINT('',(28.,12.,-66.));
#5388 = DIRECTION('',(0.,1.,0.));
#5389 = DIRECTION('',(1.,0.,0.));
#5390 = DEFINITIONAL_REPRESENTATION('',(#5391),#5394);
#5391 = B_SPLINE_CURVE_WITH_KNOTS('',1,(#5392,#5393),.UNSPECIFIED.,.F.,
  .F.,(2,2),(-47.,-35.),.PIECEWISE_BEZIER_KNOTS.);
#5392 = CARTESIAN_POINT('',(6.,-3.));
#5393 = CARTESIAN_POINT('',(-6.,-3.));
#5394 = ( GEOMETRIC_REPRESENTATION_CONTEXT(2) 
PARAMETRIC_REPRESENTATION_CONTEXT() REPRESENTATION_CONTEXT('2D SPACE',''
  ) );
#5395 = ORIENTED_EDGE('',*,*,#5396,.F.);
#5396 = EDGE_CURVE('',#3869,#5371,#5397,.T.);
#5397 = SURFACE_CURVE('',#5398,(#5402,#5408),.PCURVE_S1.);
#5398 = LINE('',#5399,#5400);
#5399 = CARTESIAN_POINT('',(33.196152422707,-2.,-63.));
#5400 = VECTOR('',#5401,1.);
#5401 = DIRECTION('',(0.,1.,0.));
#5402 = PCURVE('',#3807,#5403);
#5403 = DEFINITIONAL_REPRESENTATION('',(#5404),#5407);
#5404 = B_SPLINE_CURVE_WITH_KNOTS('',1,(#5405,#5406),.UNSPECIFIED.,.F.,
  .F.,(2,2),(-5.999999999062E-07,14.0000006),.PIECEWISE_BEZIER_KNOTS.);
#5405 = CARTESIAN_POINT('',(87.196152422707,26.9999994));
#5406 = CARTESIAN_POINT('',(87.196152422707,41.0000006));
#5407 = ( GEOMETRIC_REPRESENTATION_CONTEXT(2) 
PARAMETRIC_REPRESENTATION_CONTEXT() REPRESENTATION_CONTEXT('2D SPACE',''
  ) );
#5408 = PCURVE('',#3885,#5409);
#5409 = DEFINITIONAL_REPRESENTATION('',(#5410),#5413);
#5410 = B_SPLINE_CURVE_WITH_KNOTS('',1,(#5411,#5412),.UNSPECIFIED.,.F.,
  .F.,(2,2),(-5.999999999062E-07,14.0000006),.PIECEWISE_BEZIER_KNOTS.);
#5411 = CARTESIAN_POINT('',(5.759586531581,-5.999999999062E-07));
#5412 = CARTESIAN_POINT('',(5.759586531581,14.0000006));
#5413 = ( GEOMETRIC_REPRESENTATION_CONTEXT(2) 
PARAMETRIC_REPRESENTATION_CONTEXT() REPRESENTATION_CONTEXT('2D SPACE',''
  ) );
#5414 = ORIENTED_EDGE('',*,*,#3897,.T.);
#5415 = ORIENTED_EDGE('',*,*,#5211,.T.);
#5416 = ORIENTED_EDGE('',*,*,#5417,.F.);
#5417 = EDGE_CURVE('',#5098,#5212,#5418,.T.);
#5418 = SURFACE_CURVE('',#5419,(#5423,#5430),.PCURVE_S1.);
#5419 = LINE('',#5420,#5421);
#5420 = CARTESIAN_POINT('',(-54.,24.,-63.));
#5421 = VECTOR('',#5422,1.);
#5422 = DIRECTION('',(1.,0.,-0.));
#5423 = PCURVE('',#3807,#5424);
#5424 = DEFINITIONAL_REPRESENTATION('',(#5425),#5429);
#5425 = LINE('',#5426,#5427);
#5426 = CARTESIAN_POINT('',(0.,53.));
#5427 = VECTOR('',#5428,1.);
#5428 = DIRECTION('',(1.,0.));
#5429 = ( GEOMETRIC_REPRESENTATION_CONTEXT(2) 
PARAMETRIC_REPRESENTATION_CONTEXT() REPRESENTATION_CONTEXT('2D SPACE',''
  ) );
#5430 = PCURVE('',#5113,#5431);
#5431 = DEFINITIONAL_REPRESENTATION('',(#5432),#5436);
#5432 = LINE('',#5433,#5434);
#5433 = CARTESIAN_POINT('',(1.570796326795,0.));
#5434 = VECTOR('',#5435,1.);
#5435 = DIRECTION('',(0.,1.));
#5436 = ( GEOMETRIC_REPRESENTATION_CONTEXT(2) 
PARAMETRIC_REPRESENTATION_CONTEXT() REPRESENTATION_CONTEXT('2D SPACE',''
  ) );
#5437 = ADVANCED_FACE('',(#5438),#3885,.T.);
#5438 = FACE_BOUND('',#5439,.T.);
#5439 = EDGE_LOOP('',(#5440,#5441,#5442,#5464));
#5440 = ORIENTED_EDGE('',*,*,#3868,.T.);
#5441 = ORIENTED_EDGE('',*,*,#5396,.T.);
#5442 = ORIENTED_EDGE('',*,*,#5443,.F.);
#5443 = EDGE_CURVE('',#5350,#5371,#5444,.T.);
#5444 = SURFACE_CURVE('',#5445,(#5450,#5457),.PCURVE_S1.);
#5445 = CIRCLE('',#5446,6.);
#5446 = AXIS2_PLACEMENT_3D('',#5447,#5448,#5449);
#5447 = CARTESIAN_POINT('',(28.,12.,-66.));
#5448 = DIRECTION('',(-0.,1.,0.));
#5449 = DIRECTION('',(1.,0.,0.));
#5450 = PCURVE('',#3885,#5451);
#5451 = DEFINITIONAL_REPRESENTATION('',(#5452),#5456);
#5452 = LINE('',#5453,#5454);
#5453 = CARTESIAN_POINT('',(0.,14.));
#5454 = VECTOR('',#5455,1.);
#5455 = DIRECTION('',(1.,0.));
#5456 = ( GEOMETRIC_REPRESENTATION_CONTEXT(2) 
PARAMETRIC_REPRESENTATION_CONTEXT() REPRESENTATION_CONTEXT('2D SPACE',''
  ) );
#5457 = PCURVE('',#5385,#5458);
#5458 = DEFINITIONAL_REPRESENTATION('',(#5459),#5463);
#5459 = CIRCLE('',#5460,6.);
#5460 = AXIS2_PLACEMENT_2D('',#5461,#5462);
#5461 = CARTESIAN_POINT('',(0.,0.));
#5462 = DIRECTION('',(1.,0.));
#5463 = ( GEOMETRIC_REPRESENTATION_CONTEXT(2) 
PARAMETRIC_REPRESENTATION_CONTEXT() REPRESENTATION_CONTEXT('2D SPACE',''
  ) );
#5464 = ORIENTED_EDGE('',*,*,#5349,.F.);
#5465 = ADVANCED_FACE('',(#5466),#3835,.T.);
#5466 = FACE_BOUND('',#5467,.T.);
#5467 = EDGE_LOOP('',(#5468,#5469,#5470,#5492));
#5468 = ORIENTED_EDGE('',*,*,#3818,.T.);
#5469 = ORIENTED_EDGE('',*,*,#5329,.T.);
#5470 = ORIENTED_EDGE('',*,*,#5471,.F.);
#5471 = EDGE_CURVE('',#5283,#5304,#5472,.T.);
#5472 = SURFACE_CURVE('',#5473,(#5478,#5485),.PCURVE_S1.);
#5473 = CIRCLE('',#5474,6.);
#5474 = AXIS2_PLACEMENT_3D('',#5475,#5476,#5477);
#5475 = CARTESIAN_POINT('',(-28.,12.,-66.));
#5476 = DIRECTION('',(-0.,1.,0.));
#5477 = DIRECTION('',(1.,0.,0.));
#5478 = PCURVE('',#3835,#5479);
#5479 = DEFINITIONAL_REPRESENTATION('',(#5480),#5484);
#5480 = LINE('',#5481,#5482);
#5481 = CARTESIAN_POINT('',(0.,14.));
#5482 = VECTOR('',#5483,1.);
#5483 = DIRECTION('',(1.,0.));
#5484 = ( GEOMETRIC_REPRESENTATION_CONTEXT(2) 
PARAMETRIC_REPRESENTATION_CONTEXT() REPRESENTATION_CONTEXT('2D SPACE',''
  ) );
#5485 = PCURVE('',#5318,#5486);
#5486 = DEFINITIONAL_REPRESENTATION('',(#5487),#5491);
#5487 = CIRCLE('',#5488,6.);
#5488 = AXIS2_PLACEMENT_2D('',#5489,#5490);
#5489 = CARTESIAN_POINT('',(0.,0.));
#5490 = DIRECTION('',(1.,0.));
#5491 = ( GEOMETRIC_REPRESENTATION_CONTEXT(2) 
PARAMETRIC_REPRESENTATION_CONTEXT() REPRESENTATION_CONTEXT('2D SPACE',''
  ) );
#5492 = ORIENTED_EDGE('',*,*,#5282,.F.);
#5493 = ADVANCED_FACE('',(#5494),#3780,.T.);
#5494 = FACE_BOUND('',#5495,.T.);
#5495 = EDGE_LOOP('',(#5496,#5497,#5498,#5499));
#5496 = ORIENTED_EDGE('',*,*,#3763,.T.);
#5497 = ORIENTED_EDGE('',*,*,#5260,.T.);
#5498 = ORIENTED_EDGE('',*,*,#5124,.F.);
#5499 = ORIENTED_EDGE('',*,*,#4204,.F.);
#5500 = ADVANCED_FACE('',(#5501),#4128,.F.);
#5501 = FACE_BOUND('',#5502,.F.);
#5502 = EDGE_LOOP('',(#5503,#5504,#5527,#5549,#5550,#5572,#5573,#5595));
#5503 = ORIENTED_EDGE('',*,*,#4111,.T.);
#5504 = ORIENTED_EDGE('',*,*,#5505,.T.);
#5505 = EDGE_CURVE('',#4112,#5506,#5508,.T.);
#5506 = VERTEX_POINT('',#5507);
#5507 = CARTESIAN_POINT('',(-26.3,14.,-66.));
#5508 = SEAM_CURVE('',#5509,(#5513,#5520),.PCURVE_S1.);
#5509 = LINE('',#5510,#5511);
#5510 = CARTESIAN_POINT('',(-26.3,-4.,-66.));
#5511 = VECTOR('',#5512,1.);
#5512 = DIRECTION('',(0.,1.,0.));
#5513 = PCURVE('',#4128,#5514);
#5514 = DEFINITIONAL_REPRESENTATION('',(#5515),#5519);
#5515 = LINE('',#5516,#5517);
#5516 = CARTESIAN_POINT('',(0.,-0.));
#5517 = VECTOR('',#5518,1.);
#5518 = DIRECTION('',(0.,1.));
#5519 = ( GEOMETRIC_REPRESENTATION_CONTEXT(2) 
PARAMETRIC_REPRESENTATION_CONTEXT() REPRESENTATION_CONTEXT('2D SPACE',''
  ) );
#5520 = PCURVE('',#4128,#5521);
#5521 = DEFINITIONAL_REPRESENTATION('',(#5522),#5526);
#5522 = LINE('',#5523,#5524);
#5523 = CARTESIAN_POINT('',(6.28318530718,-0.));
#5524 = VECTOR('',#5525,1.);
#5525 = DIRECTION('',(0.,1.));
#5526 = ( GEOMETRIC_REPRESENTATION_CONTEXT(2) 
PARAMETRIC_REPRESENTATION_CONTEXT() REPRESENTATION_CONTEXT('2D SPACE',''
  ) );
#5527 = ORIENTED_EDGE('',*,*,#5528,.F.);
#5528 = EDGE_CURVE('',#4754,#5506,#5529,.T.);
#5529 = SURFACE_CURVE('',#5530,(#5535,#5542),.PCURVE_S1.);
#5530 = CIRCLE('',#5531,1.7);
#5531 = AXIS2_PLACEMENT_3D('',#5532,#5533,#5534);
#5532 = CARTESIAN_POINT('',(-28.,14.,-66.));
#5533 = DIRECTION('',(-0.,1.,0.));
#5534 = DIRECTION('',(1.,0.,0.));
#5535 = PCURVE('',#4128,#5536);
#5536 = DEFINITIONAL_REPRESENTATION('',(#5537),#5541);
#5537 = LINE('',#5538,#5539);
#5538 = CARTESIAN_POINT('',(0.,18.));
#5539 = VECTOR('',#5540,1.);
#5540 = DIRECTION('',(1.,0.));
#5541 = ( GEOMETRIC_REPRESENTATION_CONTEXT(2) 
PARAMETRIC_REPRESENTATION_CONTEXT() REPRESENTATION_CONTEXT('2D SPACE',''
  ) );
#5542 = PCURVE('',#4789,#5543);
#5543 = DEFINITIONAL_REPRESENTATION('',(#5544),#5548);
#5544 = CIRCLE('',#5545,1.7);
#5545 = AXIS2_PLACEMENT_2D('',#5546,#5547);
#5546 = CARTESIAN_POINT('',(0.,0.));
#5547 = DIRECTION('',(1.,0.));
#5548 = ( GEOMETRIC_REPRESENTATION_CONTEXT(2) 
PARAMETRIC_REPRESENTATION_CONTEXT() REPRESENTATION_CONTEXT('2D SPACE',''
  ) );
#5549 = ORIENTED_EDGE('',*,*,#4753,.F.);
#5550 = ORIENTED_EDGE('',*,*,#5551,.F.);
#5551 = EDGE_CURVE('',#4801,#4728,#5552,.T.);
#5552 = SURFACE_CURVE('',#5553,(#5558,#5565),.PCURVE_S1.);
#5553 = CIRCLE('',#5554,1.7);
#5554 = AXIS2_PLACEMENT_3D('',#5555,#5556,#5557);
#5555 = CARTESIAN_POINT('',(-28.,12.,-66.));
#5556 = DIRECTION('',(-0.,1.,0.));
#5557 = DIRECTION('',(1.,0.,0.));
#5558 = PCURVE('',#4128,#5559);
#5559 = DEFINITIONAL_REPRESENTATION('',(#5560),#5564);
#5560 = LINE('',#5561,#5562);
#5561 = CARTESIAN_POINT('',(0.,16.));
#5562 = VECTOR('',#5563,1.);
#5563 = DIRECTION('',(1.,0.));
#5564 = ( GEOMETRIC_REPRESENTATION_CONTEXT(2) 
PARAMETRIC_REPRESENTATION_CONTEXT() REPRESENTATION_CONTEXT('2D SPACE',''
  ) );
#5565 = PCURVE('',#4742,#5566);
#5566 = DEFINITIONAL_REPRESENTATION('',(#5567),#5571);
#5567 = CIRCLE('',#5568,1.7);
#5568 = AXIS2_PLACEMENT_2D('',#5569,#5570);
#5569 = CARTESIAN_POINT('',(0.,0.));
#5570 = DIRECTION('',(1.,0.));
#5571 = ( GEOMETRIC_REPRESENTATION_CONTEXT(2) 
PARAMETRIC_REPRESENTATION_CONTEXT() REPRESENTATION_CONTEXT('2D SPACE',''
  ) );
#5572 = ORIENTED_EDGE('',*,*,#4800,.T.);
#5573 = ORIENTED_EDGE('',*,*,#5574,.F.);
#5574 = EDGE_CURVE('',#5506,#4775,#5575,.T.);
#5575 = SURFACE_CURVE('',#5576,(#5581,#5588),.PCURVE_S1.);
#5576 = CIRCLE('',#5577,1.7);
#5577 = AXIS2_PLACEMENT_3D('',#5578,#5579,#5580);
#5578 = CARTESIAN_POINT('',(-28.,14.,-66.));
#5579 = DIRECTION('',(-0.,1.,0.));
#5580 = DIRECTION('',(1.,0.,0.));
#5581 = PCURVE('',#4128,#5582);
#5582 = DEFINITIONAL_REPRESENTATION('',(#5583),#5587);
#5583 = LINE('',#5584,#5585);
#5584 = CARTESIAN_POINT('',(0.,18.));
#5585 = VECTOR('',#5586,1.);
#5586 = DIRECTION('',(1.,0.));
#5587 = ( GEOMETRIC_REPRESENTATION_CONTEXT(2) 
PARAMETRIC_REPRESENTATION_CONTEXT() REPRESENTATION_CONTEXT('2D SPACE',''
  ) );
#5588 = PCURVE('',#4789,#5589);
#5589 = DEFINITIONAL_REPRESENTATION('',(#5590),#5594);
#5590 = CIRCLE('',#5591,1.7);
#5591 = AXIS2_PLACEMENT_2D('',#5592,#5593);
#5592 = CARTESIAN_POINT('',(0.,0.));
#5593 = DIRECTION('',(1.,0.));
#5594 = ( GEOMETRIC_REPRESENTATION_CONTEXT(2) 
PARAMETRIC_REPRESENTATION_CONTEXT() REPRESENTATION_CONTEXT('2D SPACE',''
  ) );
#5595 = ORIENTED_EDGE('',*,*,#5505,.F.);
#5596 = ADVANCED_FACE('',(#5597),#4159,.F.);
#5597 = FACE_BOUND('',#5598,.F.);
#5598 = EDGE_LOOP('',(#5599,#5600,#5623,#5645,#5646,#5668,#5669,#5691));
#5599 = ORIENTED_EDGE('',*,*,#4142,.T.);
#5600 = ORIENTED_EDGE('',*,*,#5601,.T.);
#5601 = EDGE_CURVE('',#4143,#5602,#5604,.T.);
#5602 = VERTEX_POINT('',#5603);
#5603 = CARTESIAN_POINT('',(29.7,14.,-66.));
#5604 = SEAM_CURVE('',#5605,(#5609,#5616),.PCURVE_S1.);
#5605 = LINE('',#5606,#5607);
#5606 = CARTESIAN_POINT('',(29.7,-4.,-66.));
#5607 = VECTOR('',#5608,1.);
#5608 = DIRECTION('',(0.,1.,0.));
#5609 = PCURVE('',#4159,#5610);
#5610 = DEFINITIONAL_REPRESENTATION('',(#5611),#5615);
#5611 = LINE('',#5612,#5613);
#5612 = CARTESIAN_POINT('',(0.,-0.));
#5613 = VECTOR('',#5614,1.);
#5614 = DIRECTION('',(0.,1.));
#5615 = ( GEOMETRIC_REPRESENTATION_CONTEXT(2) 
PARAMETRIC_REPRESENTATION_CONTEXT() REPRESENTATION_CONTEXT('2D SPACE',''
  ) );
#5616 = PCURVE('',#4159,#5617);
#5617 = DEFINITIONAL_REPRESENTATION('',(#5618),#5622);
#5618 = LINE('',#5619,#5620);
#5619 = CARTESIAN_POINT('',(6.28318530718,-0.));
#5620 = VECTOR('',#5621,1.);
#5621 = DIRECTION('',(0.,1.));
#5622 = ( GEOMETRIC_REPRESENTATION_CONTEXT(2) 
PARAMETRIC_REPRESENTATION_CONTEXT() REPRESENTATION_CONTEXT('2D SPACE',''
  ) );
#5623 = ORIENTED_EDGE('',*,*,#5624,.F.);
#5624 = EDGE_CURVE('',#4910,#5602,#5625,.T.);
#5625 = SURFACE_CURVE('',#5626,(#5631,#5638),.PCURVE_S1.);
#5626 = CIRCLE('',#5627,1.7);
#5627 = AXIS2_PLACEMENT_3D('',#5628,#5629,#5630);
#5628 = CARTESIAN_POINT('',(28.,14.,-66.));
#5629 = DIRECTION('',(-0.,1.,0.));
#5630 = DIRECTION('',(1.,0.,0.));
#5631 = PCURVE('',#4159,#5632);
#5632 = DEFINITIONAL_REPRESENTATION('',(#5633),#5637);
#5633 = LINE('',#5634,#5635);
#5634 = CARTESIAN_POINT('',(0.,18.));
#5635 = VECTOR('',#5636,1.);
#5636 = DIRECTION('',(1.,0.));
#5637 = ( GEOMETRIC_REPRESENTATION_CONTEXT(2) 
PARAMETRIC_REPRESENTATION_CONTEXT() REPRESENTATION_CONTEXT('2D SPACE',''
  ) );
#5638 = PCURVE('',#4945,#5639);
#5639 = DEFINITIONAL_REPRESENTATION('',(#5640),#5644);
#5640 = CIRCLE('',#5641,1.7);
#5641 = AXIS2_PLACEMENT_2D('',#5642,#5643);
#5642 = CARTESIAN_POINT('',(0.,0.));
#5643 = DIRECTION('',(1.,0.));
#5644 = ( GEOMETRIC_REPRESENTATION_CONTEXT(2) 
PARAMETRIC_REPRESENTATION_CONTEXT() REPRESENTATION_CONTEXT('2D SPACE',''
  ) );
#5645 = ORIENTED_EDGE('',*,*,#4909,.F.);
#5646 = ORIENTED_EDGE('',*,*,#5647,.F.);
#5647 = EDGE_CURVE('',#4957,#4884,#5648,.T.);
#5648 = SURFACE_CURVE('',#5649,(#5654,#5661),.PCURVE_S1.);
#5649 = CIRCLE('',#5650,1.7);
#5650 = AXIS2_PLACEMENT_3D('',#5651,#5652,#5653);
#5651 = CARTESIAN_POINT('',(28.,12.,-66.));
#5652 = DIRECTION('',(-0.,1.,0.));
#5653 = DIRECTION('',(1.,0.,0.));
#5654 = PCURVE('',#4159,#5655);
#5655 = DEFINITIONAL_REPRESENTATION('',(#5656),#5660);
#5656 = LINE('',#5657,#5658);
#5657 = CARTESIAN_POINT('',(0.,16.));
#5658 = VECTOR('',#5659,1.);
#5659 = DIRECTION('',(1.,0.));
#5660 = ( GEOMETRIC_REPRESENTATION_CONTEXT(2) 
PARAMETRIC_REPRESENTATION_CONTEXT() REPRESENTATION_CONTEXT('2D SPACE',''
  ) );
#5661 = PCURVE('',#4898,#5662);
#5662 = DEFINITIONAL_REPRESENTATION('',(#5663),#5667);
#5663 = CIRCLE('',#5664,1.7);
#5664 = AXIS2_PLACEMENT_2D('',#5665,#5666);
#5665 = CARTESIAN_POINT('',(0.,0.));
#5666 = DIRECTION('',(1.,0.));
#5667 = ( GEOMETRIC_REPRESENTATION_CONTEXT(2) 
PARAMETRIC_REPRESENTATION_CONTEXT() REPRESENTATION_CONTEXT('2D SPACE',''
  ) );
#5668 = ORIENTED_EDGE('',*,*,#4956,.T.);
#5669 = ORIENTED_EDGE('',*,*,#5670,.F.);
#5670 = EDGE_CURVE('',#5602,#4931,#5671,.T.);
#5671 = SURFACE_CURVE('',#5672,(#5677,#5684),.PCURVE_S1.);
#5672 = CIRCLE('',#5673,1.7);
#5673 = AXIS2_PLACEMENT_3D('',#5674,#5675,#5676);
#5674 = CARTESIAN_POINT('',(28.,14.,-66.));
#5675 = DIRECTION('',(-0.,1.,0.));
#5676 = DIRECTION('',(1.,0.,0.));
#5677 = PCURVE('',#4159,#5678);
#5678 = DEFINITIONAL_REPRESENTATION('',(#5679),#5683);
#5679 = LINE('',#5680,#5681);
#5680 = CARTESIAN_POINT('',(0.,18.));
#5681 = VECTOR('',#5682,1.);
#5682 = DIRECTION('',(1.,0.));
#5683 = ( GEOMETRIC_REPRESENTATION_CONTEXT(2) 
PARAMETRIC_REPRESENTATION_CONTEXT() REPRESENTATION_CONTEXT('2D SPACE',''
  ) );
#5684 = PCURVE('',#4945,#5685);
#5685 = DEFINITIONAL_REPRESENTATION('',(#5686),#5690);
#5686 = CIRCLE('',#5687,1.7);
#5687 = AXIS2_PLACEMENT_2D('',#5688,#5689);
#5688 = CARTESIAN_POINT('',(0.,0.));
#5689 = DIRECTION('',(1.,0.));
#5690 = ( GEOMETRIC_REPRESENTATION_CONTEXT(2) 
PARAMETRIC_REPRESENTATION_CONTEXT() REPRESENTATION_CONTEXT('2D SPACE',''
  ) );
#5691 = ORIENTED_EDGE('',*,*,#5601,.F.);
#5692 = ADVANCED_FACE('',(#5693),#4192,.T.);
#5693 = FACE_BOUND('',#5694,.F.);
#5694 = EDGE_LOOP('',(#5695,#5696,#5697,#5718));
#5695 = ORIENTED_EDGE('',*,*,#4176,.F.);
#5696 = ORIENTED_EDGE('',*,*,#4252,.T.);
#5697 = ORIENTED_EDGE('',*,*,#5698,.T.);
#5698 = EDGE_CURVE('',#4231,#5076,#5699,.T.);
#5699 = SURFACE_CURVE('',#5700,(#5704,#5711),.PCURVE_S1.);
#5700 = LINE('',#5701,#5702);
#5701 = CARTESIAN_POINT('',(-39.,39.,-119.));
#5702 = VECTOR('',#5703,1.);
#5703 = DIRECTION('',(0.,0.,1.));
#5704 = PCURVE('',#4192,#5705);
#5705 = DEFINITIONAL_REPRESENTATION('',(#5706),#5710);
#5706 = LINE('',#5707,#5708);
#5707 = CARTESIAN_POINT('',(-1.570796326795,0.));
#5708 = VECTOR('',#5709,1.);
#5709 = DIRECTION('',(-0.,1.));
#5710 = ( GEOMETRIC_REPRESENTATION_CONTEXT(2) 
PARAMETRIC_REPRESENTATION_CONTEXT() REPRESENTATION_CONTEXT('2D SPACE',''
  ) );
#5711 = PCURVE('',#4345,#5712);
#5712 = DEFINITIONAL_REPRESENTATION('',(#5713),#5717);
#5713 = LINE('',#5714,#5715);
#5714 = CARTESIAN_POINT('',(0.,15.));
#5715 = VECTOR('',#5716,1.);
#5716 = DIRECTION('',(1.,0.));
#5717 = ( GEOMETRIC_REPRESENTATION_CONTEXT(2) 
PARAMETRIC_REPRESENTATION_CONTEXT() REPRESENTATION_CONTEXT('2D SPACE',''
  ) );
#5718 = ORIENTED_EDGE('',*,*,#5075,.T.);
#5719 = ADVANCED_FACE('',(#5720),#4345,.T.);
#5720 = FACE_BOUND('',#5721,.T.);
#5721 = EDGE_LOOP('',(#5722,#5723,#5746,#5767));
#5722 = ORIENTED_EDGE('',*,*,#5698,.T.);
#5723 = ORIENTED_EDGE('',*,*,#5724,.T.);
#5724 = EDGE_CURVE('',#5076,#5725,#5727,.T.);
#5725 = VERTEX_POINT('',#5726);
#5726 = CARTESIAN_POINT('',(39.,39.,-78.));
#5727 = SURFACE_CURVE('',#5728,(#5732,#5739),.PCURVE_S1.);
#5728 = LINE('',#5729,#5730);
#5729 = CARTESIAN_POINT('',(-54.,39.,-78.));
#5730 = VECTOR('',#5731,1.);
#5731 = DIRECTION('',(1.,0.,-0.));
#5732 = PCURVE('',#4345,#5733);
#5733 = DEFINITIONAL_REPRESENTATION('',(#5734),#5738);
#5734 = LINE('',#5735,#5736);
#5735 = CARTESIAN_POINT('',(41.,0.));
#5736 = VECTOR('',#5737,1.);
#5737 = DIRECTION('',(0.,1.));
#5738 = ( GEOMETRIC_REPRESENTATION_CONTEXT(2) 
PARAMETRIC_REPRESENTATION_CONTEXT() REPRESENTATION_CONTEXT('2D SPACE',''
  ) );
#5739 = PCURVE('',#5113,#5740);
#5740 = DEFINITIONAL_REPRESENTATION('',(#5741),#5745);
#5741 = LINE('',#5742,#5743);
#5742 = CARTESIAN_POINT('',(0.,0.));
#5743 = VECTOR('',#5744,1.);
#5744 = DIRECTION('',(0.,1.));
#5745 = ( GEOMETRIC_REPRESENTATION_CONTEXT(2) 
PARAMETRIC_REPRESENTATION_CONTEXT() REPRESENTATION_CONTEXT('2D SPACE',''
  ) );
#5746 = ORIENTED_EDGE('',*,*,#5747,.F.);
#5747 = EDGE_CURVE('',#4310,#5725,#5748,.T.);
#5748 = SURFACE_CURVE('',#5749,(#5753,#5760),.PCURVE_S1.);
#5749 = LINE('',#5750,#5751);
#5750 = CARTESIAN_POINT('',(39.,39.,-119.));
#5751 = VECTOR('',#5752,1.);
#5752 = DIRECTION('',(0.,0.,1.));
#5753 = PCURVE('',#4345,#5754);
#5754 = DEFINITIONAL_REPRESENTATION('',(#5755),#5759);
#5755 = LINE('',#5756,#5757);
#5756 = CARTESIAN_POINT('',(0.,93.));
#5757 = VECTOR('',#5758,1.);
#5758 = DIRECTION('',(1.,0.));
#5759 = ( GEOMETRIC_REPRESENTATION_CONTEXT(2) 
PARAMETRIC_REPRESENTATION_CONTEXT() REPRESENTATION_CONTEXT('2D SPACE',''
  ) );
#5760 = PCURVE('',#4388,#5761);
#5761 = DEFINITIONAL_REPRESENTATION('',(#5762),#5766);
#5762 = LINE('',#5763,#5764);
#5763 = CARTESIAN_POINT('',(1.570796326795,0.));
#5764 = VECTOR('',#5765,1.);
#5765 = DIRECTION('',(0.,1.));
#5766 = ( GEOMETRIC_REPRESENTATION_CONTEXT(2) 
PARAMETRIC_REPRESENTATION_CONTEXT() REPRESENTATION_CONTEXT('2D SPACE',''
  ) );
#5767 = ORIENTED_EDGE('',*,*,#4331,.F.);
#5768 = ADVANCED_FACE('',(#5769),#4388,.T.);
#5769 = FACE_BOUND('',#5770,.T.);
#5770 = EDGE_LOOP('',(#5771,#5772,#5773,#5774));
#5771 = ORIENTED_EDGE('',*,*,#4372,.F.);
#5772 = ORIENTED_EDGE('',*,*,#4427,.T.);
#5773 = ORIENTED_EDGE('',*,*,#5747,.T.);
#5774 = ORIENTED_EDGE('',*,*,#5775,.T.);
#5775 = EDGE_CURVE('',#5725,#4373,#5776,.T.);
#5776 = SURFACE_CURVE('',#5777,(#5782,#5788),.PCURVE_S1.);
#5777 = CIRCLE('',#5778,15.);
#5778 = AXIS2_PLACEMENT_3D('',#5779,#5780,#5781);
#5779 = CARTESIAN_POINT('',(39.,24.,-78.));
#5780 = DIRECTION('',(2.368475785867E-16,0.,-1.));
#5781 = DIRECTION('',(1.,0.,2.368475785867E-16));
#5782 = PCURVE('',#4388,#5783);
#5783 = DEFINITIONAL_REPRESENTATION('',(#5784),#5787);
#5784 = B_SPLINE_CURVE_WITH_KNOTS('',1,(#5785,#5786),.UNSPECIFIED.,.F.,
  .F.,(2,2),(4.712388980385,6.28318530718),.PIECEWISE_BEZIER_KNOTS.);
#5785 = CARTESIAN_POINT('',(1.570796326795,41.));
#5786 = CARTESIAN_POINT('',(0.,41.));
#5787 = ( GEOMETRIC_REPRESENTATION_CONTEXT(2) 
PARAMETRIC_REPRESENTATION_CONTEXT() REPRESENTATION_CONTEXT('2D SPACE',''
  ) );
#5788 = PCURVE('',#4574,#5789);
#5789 = DEFINITIONAL_REPRESENTATION('',(#5790),#5793);
#5790 = B_SPLINE_CURVE_WITH_KNOTS('',1,(#5791,#5792),.UNSPECIFIED.,.F.,
  .F.,(2,2),(4.712388980385,6.28318530718),.PIECEWISE_BEZIER_KNOTS.);
#5791 = CARTESIAN_POINT('',(0.,-1.570796326795));
#5792 = CARTESIAN_POINT('',(0.,0.));
#5793 = ( GEOMETRIC_REPRESENTATION_CONTEXT(2) 
PARAMETRIC_REPRESENTATION_CONTEXT() REPRESENTATION_CONTEXT('2D SPACE',''
  ) );
#5794 = ADVANCED_FACE('',(#5795,#5819),#4574,.T.);
#5795 = FACE_BOUND('',#5796,.T.);
#5796 = EDGE_LOOP('',(#5797,#5798,#5818));
#5797 = ORIENTED_EDGE('',*,*,#5775,.F.);
#5798 = ORIENTED_EDGE('',*,*,#5799,.T.);
#5799 = EDGE_CURVE('',#5725,#5212,#5800,.T.);
#5800 = SURFACE_CURVE('',#5801,(#5806,#5812),.PCURVE_S1.);
#5801 = CIRCLE('',#5802,15.);
#5802 = AXIS2_PLACEMENT_3D('',#5803,#5804,#5805);
#5803 = CARTESIAN_POINT('',(39.,24.,-78.));
#5804 = DIRECTION('',(1.,0.,-4.64293662957E-17));
#5805 = DIRECTION('',(4.64293662957E-17,0.,1.));
#5806 = PCURVE('',#4574,#5807);
#5807 = DEFINITIONAL_REPRESENTATION('',(#5808),#5811);
#5808 = B_SPLINE_CURVE_WITH_KNOTS('',1,(#5809,#5810),.UNSPECIFIED.,.F.,
  .F.,(2,2),(4.712388980385,6.28318530718),.PIECEWISE_BEZIER_KNOTS.);
#5809 = CARTESIAN_POINT('',(1.570796326795,-1.570796326795));
#5810 = CARTESIAN_POINT('',(1.570796326795,0.));
#5811 = ( GEOMETRIC_REPRESENTATION_CONTEXT(2) 
PARAMETRIC_REPRESENTATION_CONTEXT() REPRESENTATION_CONTEXT('2D SPACE',''
  ) );
#5812 = PCURVE('',#5113,#5813);
#5813 = DEFINITIONAL_REPRESENTATION('',(#5814),#5817);
#5814 = B_SPLINE_CURVE_WITH_KNOTS('',1,(#5815,#5816),.UNSPECIFIED.,.F.,
  .F.,(2,2),(4.712388980385,6.28318530718),.PIECEWISE_BEZIER_KNOTS.);
#5815 = CARTESIAN_POINT('',(0.,93.));
#5816 = CARTESIAN_POINT('',(1.570796326795,93.));
#5817 = ( GEOMETRIC_REPRESENTATION_CONTEXT(2) 
PARAMETRIC_REPRESENTATION_CONTEXT() REPRESENTATION_CONTEXT('2D SPACE',''
  ) );
#5818 = ORIENTED_EDGE('',*,*,#5234,.F.);
#5819 = FACE_BOUND('',#5820,.T.);
#5820 = EDGE_LOOP('',(#5821,#5822,#5823));
#5821 = ORIENTED_EDGE('',*,*,#4647,.F.);
#5822 = ORIENTED_EDGE('',*,*,#4559,.T.);
#5823 = ORIENTED_EDGE('',*,*,#5019,.T.);
#5824 = ADVANCED_FACE('',(#5825),#4898,.T.);
#5825 = FACE_BOUND('',#5826,.T.);
#5826 = EDGE_LOOP('',(#5827,#5828,#5829,#5830));
#5827 = ORIENTED_EDGE('',*,*,#4977,.F.);
#5828 = ORIENTED_EDGE('',*,*,#5182,.T.);
#5829 = ORIENTED_EDGE('',*,*,#4883,.F.);
#5830 = ORIENTED_EDGE('',*,*,#5647,.F.);
#5831 = ADVANCED_FACE('',(#5832),#4945,.F.);
#5832 = FACE_BOUND('',#5833,.F.);
#5833 = EDGE_LOOP('',(#5834,#5835,#5836));
#5834 = ORIENTED_EDGE('',*,*,#5624,.T.);
#5835 = ORIENTED_EDGE('',*,*,#5670,.T.);
#5836 = ORIENTED_EDGE('',*,*,#4930,.T.);
#5837 = ADVANCED_FACE('',(#5838),#4742,.T.);
#5838 = FACE_BOUND('',#5839,.T.);
#5839 = EDGE_LOOP('',(#5840,#5841,#5842,#5843));
#5840 = ORIENTED_EDGE('',*,*,#4821,.F.);
#5841 = ORIENTED_EDGE('',*,*,#5154,.T.);
#5842 = ORIENTED_EDGE('',*,*,#4727,.F.);
#5843 = ORIENTED_EDGE('',*,*,#5551,.F.);
#5844 = ADVANCED_FACE('',(#5845),#4789,.F.);
#5845 = FACE_BOUND('',#5846,.F.);
#5846 = EDGE_LOOP('',(#5847,#5848,#5849));
#5847 = ORIENTED_EDGE('',*,*,#5528,.T.);
#5848 = ORIENTED_EDGE('',*,*,#5574,.T.);
#5849 = ORIENTED_EDGE('',*,*,#4774,.T.);
#5850 = ADVANCED_FACE('',(#5851),#5113,.T.);
#5851 = FACE_BOUND('',#5852,.T.);
#5852 = EDGE_LOOP('',(#5853,#5854,#5855,#5856));
#5853 = ORIENTED_EDGE('',*,*,#5097,.T.);
#5854 = ORIENTED_EDGE('',*,*,#5417,.T.);
#5855 = ORIENTED_EDGE('',*,*,#5799,.F.);
#5856 = ORIENTED_EDGE('',*,*,#5724,.F.);
#5857 = ADVANCED_FACE('',(#5858),#5385,.T.);
#5858 = FACE_BOUND('',#5859,.T.);
#5859 = EDGE_LOOP('',(#5860,#5861));
#5860 = ORIENTED_EDGE('',*,*,#5443,.T.);
#5861 = ORIENTED_EDGE('',*,*,#5370,.T.);
#5862 = ADVANCED_FACE('',(#5863),#5318,.T.);
#5863 = FACE_BOUND('',#5864,.T.);
#5864 = EDGE_LOOP('',(#5865,#5866));
#5865 = ORIENTED_EDGE('',*,*,#5471,.T.);
#5866 = ORIENTED_EDGE('',*,*,#5303,.T.);
#5867 = ( GEOMETRIC_REPRESENTATION_CONTEXT(3) 
GLOBAL_UNCERTAINTY_ASSIGNED_CONTEXT((#5871)) 
GLOBAL_UNIT_ASSIGNED_CONTEXT((#5868,#5869,#5870)) REPRESENTATION_CONTEXT
('Context #1','3D Context with UNIT and UNCERTAINTY') );
#5868 = ( LENGTH_UNIT() NAMED_UNIT(*) SI_UNIT(.MILLI.,.METRE.) );
#5869 = ( NAMED_UNIT(*) PLANE_ANGLE_UNIT() SI_UNIT($,.RADIAN.) );
#5870 = ( NAMED_UNIT(*) SI_UNIT($,.STERADIAN.) SOLID_ANGLE_UNIT() );
#5871 = UNCERTAINTY_MEASURE_WITH_UNIT(LENGTH_MEASURE(5.E-06),#5868,
  'distance_accuracy_value','confusion accuracy');
#5872 = PRODUCT_RELATED_PRODUCT_CATEGORY('part',$,(#7));
#5873 = MECHANICAL_DESIGN_GEOMETRIC_PRESENTATION_REPRESENTATION('',(
    #5874),#5867);
#5874 = STYLED_ITEM('color',(#5875),#15);
#5875 = PRESENTATION_STYLE_ASSIGNMENT((#5876));
#5876 = SURFACE_STYLE_USAGE(.BOTH.,#5877);
#5877 = SURFACE_SIDE_STYLE('',(#5878));
#5878 = SURFACE_STYLE_FILL_AREA(#5879);
#5879 = FILL_AREA_STYLE('',(#5880));
#5880 = FILL_AREA_STYLE_COLOUR('',#5881);
#5881 = COLOUR_RGB('',0.909803911811,0.823529417451,0.701960786465);

#5882=DESCRIPTIVE_REPRESENTATION_ITEM('cadpy:generator','cadpy');
#5883=REPRESENTATION('cadpy:generator',(#5882),#5867);
#5884=PROPERTY_DEFINITION('cadpy metadata','cadpy:generator',#5);
#5885=PROPERTY_DEFINITION_REPRESENTATION(#5884,#5883);
#5886=DESCRIPTIVE_REPRESENTATION_ITEM('cadpy:entryKind','part');
#5887=REPRESENTATION('cadpy:entryKind',(#5886),#5867);
#5888=PROPERTY_DEFINITION('cadpy metadata','cadpy:entryKind',#5);
#5889=PROPERTY_DEFINITION_REPRESENTATION(#5888,#5887);
#5890=DESCRIPTIVE_REPRESENTATION_ITEM('cadpy:sourcePath','../../../../cad/round_v1/gen_round_v1_pelvis_back.py');
#5891=REPRESENTATION('cadpy:sourcePath',(#5890),#5867);
#5892=PROPERTY_DEFINITION('cadpy metadata','cadpy:sourcePath',#5);
#5893=PROPERTY_DEFINITION_REPRESENTATION(#5892,#5891);
#5894=DESCRIPTIVE_REPRESENTATION_ITEM('cadpy:sourceHash','f80151420f5bccaafe3c1933b69cb0833180992ac8f93af58559714f596e8a37');
#5895=REPRESENTATION('cadpy:sourceHash',(#5894),#5867);
#5896=PROPERTY_DEFINITION('cadpy metadata','cadpy:sourceHash',#5);
#5897=PROPERTY_DEFINITION_REPRESENTATION(#5896,#5895);
ENDSEC;
END-ISO-10303-21;
