ISO-10303-21;
HEADER;
FILE_DESCRIPTION(('Open CASCADE Model'),'2;1');
FILE_NAME('Open CASCADE Shape Model','2026-07-30T10:05:43',('Author'),(
    'Open CASCADE'),'Open CASCADE STEP processor 7.9','Open CASCADE 7.9'
  ,'Unknown');
FILE_SCHEMA(('AUTOMOTIVE_DESIGN { 1 0 10303 214 1 1 1 1 }'));
ENDSEC;
DATA;
#1 = APPLICATION_PROTOCOL_DEFINITION('international standard',
  'automotive_design',2000,#2);
#2 = APPLICATION_CONTEXT(
  'core data for automotive mechanical design processes');
#3 = SHAPE_DEFINITION_REPRESENTATION(#4,#10);
#4 = PRODUCT_DEFINITION_SHAPE('','',#5);
#5 = PRODUCT_DEFINITION('design','',#6,#9);
#6 = PRODUCT_DEFINITION_FORMATION('','',#7);
#7 = PRODUCT('ROUND_V1_STS3250_CHILD_OUTPUT_ADAPTER_FRONT',
  'ROUND_V1_STS3250_CHILD_OUTPUT_ADAPTER_FRONT','',(#8));
#8 = PRODUCT_CONTEXT('',#2,'mechanical');
#9 = PRODUCT_DEFINITION_CONTEXT('part definition',#2,'design');
#10 = ADVANCED_BREP_SHAPE_REPRESENTATION('',(#11,#15),#5995);
#11 = AXIS2_PLACEMENT_3D('',#12,#13,#14);
#12 = CARTESIAN_POINT('',(0.,0.,0.));
#13 = DIRECTION('',(0.,0.,1.));
#14 = DIRECTION('',(1.,0.,-0.));
#15 = MANIFOLD_SOLID_BREP('',#16);
#16 = CLOSED_SHELL('',(#17,#105,#1152,#1291,#1318,#1395,#1449,#1503,
    #1613,#1668,#1715,#1769,#1852,#1879,#1956,#2010,#2064,#2119,#2219,
    #2273,#2320,#2403,#2430,#2480,#2602,#2649,#2703,#2808,#2863,#2917,
    #2971,#3004,#3126,#3180,#3227,#3282,#3382,#3436,#3490,#3523,#3550,
    #3605,#3651,#3704,#3752,#3858,#4043,#4098,#4123,#4171,#4361,#4411,
    #4457,#4510,#4558,#4583,#4638,#4686,#4785,#4924,#5000,#5053,#5182,
    #5315,#5340,#5388,#5434,#5440,#5516,#5569,#5594,#5665,#5713,#5759,
    #5765,#5859,#5886,#5893,#5920,#5927,#5954,#5961,#5988));
#17 = ADVANCED_FACE('',(#18),#31,.T.);
#18 = FACE_BOUND('',#19,.T.);
#19 = EDGE_LOOP('',(#20,#54,#77,#104));
#20 = ORIENTED_EDGE('',*,*,#21,.F.);
#21 = EDGE_CURVE('',#22,#22,#24,.T.);
#22 = VERTEX_POINT('',#23);
#23 = CARTESIAN_POINT('',(18.5,-4.531193156845E-15,15.));
#24 = SURFACE_CURVE('',#25,(#30,#42),.PCURVE_S1.);
#25 = CIRCLE('',#26,18.5);
#26 = AXIS2_PLACEMENT_3D('',#27,#28,#29);
#27 = CARTESIAN_POINT('',(0.,0.,15.));
#28 = DIRECTION('',(0.,0.,1.));
#29 = DIRECTION('',(1.,0.,-0.));
#30 = PCURVE('',#31,#36);
#31 = CYLINDRICAL_SURFACE('',#32,18.5);
#32 = AXIS2_PLACEMENT_3D('',#33,#34,#35);
#33 = CARTESIAN_POINT('',(0.,0.,11.));
#34 = DIRECTION('',(0.,0.,1.));
#35 = DIRECTION('',(1.,0.,-0.));
#36 = DEFINITIONAL_REPRESENTATION('',(#37),#41);
#37 = LINE('',#38,#39);
#38 = CARTESIAN_POINT('',(0.,4.));
#39 = VECTOR('',#40,1.);
#40 = DIRECTION('',(1.,0.));
#41 = ( GEOMETRIC_REPRESENTATION_CONTEXT(2) 
PARAMETRIC_REPRESENTATION_CONTEXT() REPRESENTATION_CONTEXT('2D SPACE',''
  ) );
#42 = PCURVE('',#43,#48);
#43 = PLANE('',#44);
#44 = AXIS2_PLACEMENT_3D('',#45,#46,#47);
#45 = CARTESIAN_POINT('',(0.,0.,15.));
#46 = DIRECTION('',(0.,0.,1.));
#47 = DIRECTION('',(1.,0.,-0.));
#48 = DEFINITIONAL_REPRESENTATION('',(#49),#53);
#49 = CIRCLE('',#50,18.5);
#50 = AXIS2_PLACEMENT_2D('',#51,#52);
#51 = CARTESIAN_POINT('',(0.,0.));
#52 = DIRECTION('',(1.,0.));
#53 = ( GEOMETRIC_REPRESENTATION_CONTEXT(2) 
PARAMETRIC_REPRESENTATION_CONTEXT() REPRESENTATION_CONTEXT('2D SPACE',''
  ) );
#54 = ORIENTED_EDGE('',*,*,#55,.F.);
#55 = EDGE_CURVE('',#56,#22,#58,.T.);
#56 = VERTEX_POINT('',#57);
#57 = CARTESIAN_POINT('',(18.5,-4.531193156845E-15,11.));
#58 = SEAM_CURVE('',#59,(#63,#70),.PCURVE_S1.);
#59 = LINE('',#60,#61);
#60 = CARTESIAN_POINT('',(18.5,-4.531193156845E-15,11.));
#61 = VECTOR('',#62,1.);
#62 = DIRECTION('',(0.,0.,1.));
#63 = PCURVE('',#31,#64);
#64 = DEFINITIONAL_REPRESENTATION('',(#65),#69);
#65 = LINE('',#66,#67);
#66 = CARTESIAN_POINT('',(6.28318530718,-0.));
#67 = VECTOR('',#68,1.);
#68 = DIRECTION('',(0.,1.));
#69 = ( GEOMETRIC_REPRESENTATION_CONTEXT(2) 
PARAMETRIC_REPRESENTATION_CONTEXT() REPRESENTATION_CONTEXT('2D SPACE',''
  ) );
#70 = PCURVE('',#31,#71);
#71 = DEFINITIONAL_REPRESENTATION('',(#72),#76);
#72 = LINE('',#73,#74);
#73 = CARTESIAN_POINT('',(0.,-0.));
#74 = VECTOR('',#75,1.);
#75 = DIRECTION('',(0.,1.));
#76 = ( GEOMETRIC_REPRESENTATION_CONTEXT(2) 
PARAMETRIC_REPRESENTATION_CONTEXT() REPRESENTATION_CONTEXT('2D SPACE',''
  ) );
#77 = ORIENTED_EDGE('',*,*,#78,.T.);
#78 = EDGE_CURVE('',#56,#56,#79,.T.);
#79 = SURFACE_CURVE('',#80,(#85,#92),.PCURVE_S1.);
#80 = CIRCLE('',#81,18.5);
#81 = AXIS2_PLACEMENT_3D('',#82,#83,#84);
#82 = CARTESIAN_POINT('',(0.,0.,11.));
#83 = DIRECTION('',(0.,0.,1.));
#84 = DIRECTION('',(1.,0.,-0.));
#85 = PCURVE('',#31,#86);
#86 = DEFINITIONAL_REPRESENTATION('',(#87),#91);
#87 = LINE('',#88,#89);
#88 = CARTESIAN_POINT('',(0.,0.));
#89 = VECTOR('',#90,1.);
#90 = DIRECTION('',(1.,0.));
#91 = ( GEOMETRIC_REPRESENTATION_CONTEXT(2) 
PARAMETRIC_REPRESENTATION_CONTEXT() REPRESENTATION_CONTEXT('2D SPACE',''
  ) );
#92 = PCURVE('',#93,#98);
#93 = PLANE('',#94);
#94 = AXIS2_PLACEMENT_3D('',#95,#96,#97);
#95 = CARTESIAN_POINT('',(0.,0.,11.));
#96 = DIRECTION('',(0.,0.,1.));
#97 = DIRECTION('',(1.,0.,-0.));
#98 = DEFINITIONAL_REPRESENTATION('',(#99),#103);
#99 = CIRCLE('',#100,18.5);
#100 = AXIS2_PLACEMENT_2D('',#101,#102);
#101 = CARTESIAN_POINT('',(0.,0.));
#102 = DIRECTION('',(1.,0.));
#103 = ( GEOMETRIC_REPRESENTATION_CONTEXT(2) 
PARAMETRIC_REPRESENTATION_CONTEXT() REPRESENTATION_CONTEXT('2D SPACE',''
  ) );
#104 = ORIENTED_EDGE('',*,*,#55,.T.);
#105 = ADVANCED_FACE('',(#106,#109,#140,#362,#393,#615,#646,#677,#899,
    #1121),#43,.T.);
#106 = FACE_BOUND('',#107,.T.);
#107 = EDGE_LOOP('',(#108));
#108 = ORIENTED_EDGE('',*,*,#21,.T.);
#109 = FACE_BOUND('',#110,.T.);
#110 = EDGE_LOOP('',(#111));
#111 = ORIENTED_EDGE('',*,*,#112,.F.);
#112 = EDGE_CURVE('',#113,#113,#115,.T.);
#113 = VERTEX_POINT('',#114);
#114 = CARTESIAN_POINT('',(-8.553048327205,-10.2530483272,15.));
#115 = SURFACE_CURVE('',#116,(#121,#128),.PCURVE_S1.);
#116 = CIRCLE('',#117,1.7);
#117 = AXIS2_PLACEMENT_3D('',#118,#119,#120);
#118 = CARTESIAN_POINT('',(-10.2530483272,-10.2530483272,15.));
#119 = DIRECTION('',(0.,0.,1.));
#120 = DIRECTION('',(1.,0.,-0.));
#121 = PCURVE('',#43,#122);
#122 = DEFINITIONAL_REPRESENTATION('',(#123),#127);
#123 = CIRCLE('',#124,1.7);
#124 = AXIS2_PLACEMENT_2D('',#125,#126);
#125 = CARTESIAN_POINT('',(-10.2530483272,-10.2530483272));
#126 = DIRECTION('',(1.,0.));
#127 = ( GEOMETRIC_REPRESENTATION_CONTEXT(2) 
PARAMETRIC_REPRESENTATION_CONTEXT() REPRESENTATION_CONTEXT('2D SPACE',''
  ) );
#128 = PCURVE('',#129,#134);
#129 = CYLINDRICAL_SURFACE('',#130,1.7);
#130 = AXIS2_PLACEMENT_3D('',#131,#132,#133);
#131 = CARTESIAN_POINT('',(-10.2530483272,-10.2530483272,9.));
#132 = DIRECTION('',(0.,0.,1.));
#133 = DIRECTION('',(1.,0.,-0.));
#134 = DEFINITIONAL_REPRESENTATION('',(#135),#139);
#135 = LINE('',#136,#137);
#136 = CARTESIAN_POINT('',(0.,6.));
#137 = VECTOR('',#138,1.);
#138 = DIRECTION('',(1.,0.));
#139 = ( GEOMETRIC_REPRESENTATION_CONTEXT(2) 
PARAMETRIC_REPRESENTATION_CONTEXT() REPRESENTATION_CONTEXT('2D SPACE',''
  ) );
#140 = FACE_BOUND('',#141,.T.);
#141 = EDGE_LOOP('',(#142,#173,#199,#228,#254,#283,#309,#338));
#142 = ORIENTED_EDGE('',*,*,#143,.F.);
#143 = EDGE_CURVE('',#144,#146,#148,.T.);
#144 = VERTEX_POINT('',#145);
#145 = CARTESIAN_POINT('',(-1.7,-8.35,15.));
#146 = VERTEX_POINT('',#147);
#147 = CARTESIAN_POINT('',(-5.E-02,-10.,15.));
#148 = SURFACE_CURVE('',#149,(#154,#161),.PCURVE_S1.);
#149 = CIRCLE('',#150,1.65);
#150 = AXIS2_PLACEMENT_3D('',#151,#152,#153);
#151 = CARTESIAN_POINT('',(-5.E-02,-8.35,15.));
#152 = DIRECTION('',(0.,0.,1.));
#153 = DIRECTION('',(-1.,-0.,0.));
#154 = PCURVE('',#43,#155);
#155 = DEFINITIONAL_REPRESENTATION('',(#156),#160);
#156 = CIRCLE('',#157,1.65);
#157 = AXIS2_PLACEMENT_2D('',#158,#159);
#158 = CARTESIAN_POINT('',(-5.E-02,-8.35));
#159 = DIRECTION('',(-1.,0.));
#160 = ( GEOMETRIC_REPRESENTATION_CONTEXT(2) 
PARAMETRIC_REPRESENTATION_CONTEXT() REPRESENTATION_CONTEXT('2D SPACE',''
  ) );
#161 = PCURVE('',#162,#167);
#162 = CYLINDRICAL_SURFACE('',#163,1.65);
#163 = AXIS2_PLACEMENT_3D('',#164,#165,#166);
#164 = CARTESIAN_POINT('',(-5.E-02,-8.35,12.));
#165 = DIRECTION('',(0.,0.,1.));
#166 = DIRECTION('',(-1.,-0.,0.));
#167 = DEFINITIONAL_REPRESENTATION('',(#168),#172);
#168 = LINE('',#169,#170);
#169 = CARTESIAN_POINT('',(0.,3.));
#170 = VECTOR('',#171,1.);
#171 = DIRECTION('',(1.,0.));
#172 = ( GEOMETRIC_REPRESENTATION_CONTEXT(2) 
PARAMETRIC_REPRESENTATION_CONTEXT() REPRESENTATION_CONTEXT('2D SPACE',''
  ) );
#173 = ORIENTED_EDGE('',*,*,#174,.T.);
#174 = EDGE_CURVE('',#144,#175,#177,.T.);
#175 = VERTEX_POINT('',#176);
#176 = CARTESIAN_POINT('',(-1.7,-7.15,15.));
#177 = SURFACE_CURVE('',#178,(#182,#188),.PCURVE_S1.);
#178 = LINE('',#179,#180);
#179 = CARTESIAN_POINT('',(-1.7,-5.,15.));
#180 = VECTOR('',#181,1.);
#181 = DIRECTION('',(-0.,1.,0.));
#182 = PCURVE('',#43,#183);
#183 = DEFINITIONAL_REPRESENTATION('',(#184),#187);
#184 = B_SPLINE_CURVE_WITH_KNOTS('',1,(#185,#186),.UNSPECIFIED.,.F.,.F.,
  (2,2),(-3.35,-2.15),.PIECEWISE_BEZIER_KNOTS.);
#185 = CARTESIAN_POINT('',(-1.7,-8.35));
#186 = CARTESIAN_POINT('',(-1.7,-7.15));
#187 = ( GEOMETRIC_REPRESENTATION_CONTEXT(2) 
PARAMETRIC_REPRESENTATION_CONTEXT() REPRESENTATION_CONTEXT('2D SPACE',''
  ) );
#188 = PCURVE('',#189,#194);
#189 = PLANE('',#190);
#190 = AXIS2_PLACEMENT_3D('',#191,#192,#193);
#191 = CARTESIAN_POINT('',(-1.7,-10.,12.));
#192 = DIRECTION('',(1.,0.,-0.));
#193 = DIRECTION('',(0.,0.,1.));
#194 = DEFINITIONAL_REPRESENTATION('',(#195),#198);
#195 = B_SPLINE_CURVE_WITH_KNOTS('',1,(#196,#197),.UNSPECIFIED.,.F.,.F.,
  (2,2),(-3.35,-2.15),.PIECEWISE_BEZIER_KNOTS.);
#196 = CARTESIAN_POINT('',(3.,-1.65));
#197 = CARTESIAN_POINT('',(3.,-2.85));
#198 = ( GEOMETRIC_REPRESENTATION_CONTEXT(2) 
PARAMETRIC_REPRESENTATION_CONTEXT() REPRESENTATION_CONTEXT('2D SPACE',''
  ) );
#199 = ORIENTED_EDGE('',*,*,#200,.F.);
#200 = EDGE_CURVE('',#201,#175,#203,.T.);
#201 = VERTEX_POINT('',#202);
#202 = CARTESIAN_POINT('',(-5.E-02,-5.5,15.));
#203 = SURFACE_CURVE('',#204,(#209,#216),.PCURVE_S1.);
#204 = CIRCLE('',#205,1.65);
#205 = AXIS2_PLACEMENT_3D('',#206,#207,#208);
#206 = CARTESIAN_POINT('',(-5.E-02,-7.15,15.));
#207 = DIRECTION('',(0.,0.,1.));
#208 = DIRECTION('',(-1.,-0.,0.));
#209 = PCURVE('',#43,#210);
#210 = DEFINITIONAL_REPRESENTATION('',(#211),#215);
#211 = CIRCLE('',#212,1.65);
#212 = AXIS2_PLACEMENT_2D('',#213,#214);
#213 = CARTESIAN_POINT('',(-5.E-02,-7.15));
#214 = DIRECTION('',(-1.,0.));
#215 = ( GEOMETRIC_REPRESENTATION_CONTEXT(2) 
PARAMETRIC_REPRESENTATION_CONTEXT() REPRESENTATION_CONTEXT('2D SPACE',''
  ) );
#216 = PCURVE('',#217,#222);
#217 = CYLINDRICAL_SURFACE('',#218,1.65);
#218 = AXIS2_PLACEMENT_3D('',#219,#220,#221);
#219 = CARTESIAN_POINT('',(-5.E-02,-7.15,12.));
#220 = DIRECTION('',(0.,0.,1.));
#221 = DIRECTION('',(-1.,-0.,0.));
#222 = DEFINITIONAL_REPRESENTATION('',(#223),#227);
#223 = LINE('',#224,#225);
#224 = CARTESIAN_POINT('',(-6.28318530718,3.));
#225 = VECTOR('',#226,1.);
#226 = DIRECTION('',(1.,-0.));
#227 = ( GEOMETRIC_REPRESENTATION_CONTEXT(2) 
PARAMETRIC_REPRESENTATION_CONTEXT() REPRESENTATION_CONTEXT('2D SPACE',''
  ) );
#228 = ORIENTED_EDGE('',*,*,#229,.F.);
#229 = EDGE_CURVE('',#230,#201,#232,.T.);
#230 = VERTEX_POINT('',#231);
#231 = CARTESIAN_POINT('',(5.E-02,-5.5,15.));
#232 = SURFACE_CURVE('',#233,(#237,#243),.PCURVE_S1.);
#233 = LINE('',#234,#235);
#234 = CARTESIAN_POINT('',(-0.85,-5.5,15.));
#235 = VECTOR('',#236,1.);
#236 = DIRECTION('',(-1.,-0.,0.));
#237 = PCURVE('',#43,#238);
#238 = DEFINITIONAL_REPRESENTATION('',(#239),#242);
#239 = B_SPLINE_CURVE_WITH_KNOTS('',1,(#240,#241),.UNSPECIFIED.,.F.,.F.,
  (2,2),(-0.9,-0.8),.PIECEWISE_BEZIER_KNOTS.);
#240 = CARTESIAN_POINT('',(5.E-02,-5.5));
#241 = CARTESIAN_POINT('',(-5.E-02,-5.5));
#242 = ( GEOMETRIC_REPRESENTATION_CONTEXT(2) 
PARAMETRIC_REPRESENTATION_CONTEXT() REPRESENTATION_CONTEXT('2D SPACE',''
  ) );
#243 = PCURVE('',#244,#249);
#244 = PLANE('',#245);
#245 = AXIS2_PLACEMENT_3D('',#246,#247,#248);
#246 = CARTESIAN_POINT('',(-1.7,-5.5,12.));
#247 = DIRECTION('',(-0.,1.,0.));
#248 = DIRECTION('',(0.,0.,1.));
#249 = DEFINITIONAL_REPRESENTATION('',(#250),#253);
#250 = B_SPLINE_CURVE_WITH_KNOTS('',1,(#251,#252),.UNSPECIFIED.,.F.,.F.,
  (2,2),(-0.9,-0.8),.PIECEWISE_BEZIER_KNOTS.);
#251 = CARTESIAN_POINT('',(3.,1.75));
#252 = CARTESIAN_POINT('',(3.,1.65));
#253 = ( GEOMETRIC_REPRESENTATION_CONTEXT(2) 
PARAMETRIC_REPRESENTATION_CONTEXT() REPRESENTATION_CONTEXT('2D SPACE',''
  ) );
#254 = ORIENTED_EDGE('',*,*,#255,.F.);
#255 = EDGE_CURVE('',#256,#230,#258,.T.);
#256 = VERTEX_POINT('',#257);
#257 = CARTESIAN_POINT('',(1.7,-7.15,15.));
#258 = SURFACE_CURVE('',#259,(#264,#271),.PCURVE_S1.);
#259 = CIRCLE('',#260,1.65);
#260 = AXIS2_PLACEMENT_3D('',#261,#262,#263);
#261 = CARTESIAN_POINT('',(5.E-02,-7.15,15.));
#262 = DIRECTION('',(0.,0.,1.));
#263 = DIRECTION('',(1.,0.,-0.));
#264 = PCURVE('',#43,#265);
#265 = DEFINITIONAL_REPRESENTATION('',(#266),#270);
#266 = CIRCLE('',#267,1.65);
#267 = AXIS2_PLACEMENT_2D('',#268,#269);
#268 = CARTESIAN_POINT('',(5.E-02,-7.15));
#269 = DIRECTION('',(1.,0.));
#270 = ( GEOMETRIC_REPRESENTATION_CONTEXT(2) 
PARAMETRIC_REPRESENTATION_CONTEXT() REPRESENTATION_CONTEXT('2D SPACE',''
  ) );
#271 = PCURVE('',#272,#277);
#272 = CYLINDRICAL_SURFACE('',#273,1.65);
#273 = AXIS2_PLACEMENT_3D('',#274,#275,#276);
#274 = CARTESIAN_POINT('',(5.E-02,-7.15,12.));
#275 = DIRECTION('',(0.,0.,1.));
#276 = DIRECTION('',(1.,0.,-0.));
#277 = DEFINITIONAL_REPRESENTATION('',(#278),#282);
#278 = LINE('',#279,#280);
#279 = CARTESIAN_POINT('',(0.,3.));
#280 = VECTOR('',#281,1.);
#281 = DIRECTION('',(1.,0.));
#282 = ( GEOMETRIC_REPRESENTATION_CONTEXT(2) 
PARAMETRIC_REPRESENTATION_CONTEXT() REPRESENTATION_CONTEXT('2D SPACE',''
  ) );
#283 = ORIENTED_EDGE('',*,*,#284,.F.);
#284 = EDGE_CURVE('',#285,#256,#287,.T.);
#285 = VERTEX_POINT('',#286);
#286 = CARTESIAN_POINT('',(1.7,-8.35,15.));
#287 = SURFACE_CURVE('',#288,(#292,#298),.PCURVE_S1.);
#288 = LINE('',#289,#290);
#289 = CARTESIAN_POINT('',(1.7,-5.,15.));
#290 = VECTOR('',#291,1.);
#291 = DIRECTION('',(-0.,1.,0.));
#292 = PCURVE('',#43,#293);
#293 = DEFINITIONAL_REPRESENTATION('',(#294),#297);
#294 = B_SPLINE_CURVE_WITH_KNOTS('',1,(#295,#296),.UNSPECIFIED.,.F.,.F.,
  (2,2),(-3.35,-2.15),.PIECEWISE_BEZIER_KNOTS.);
#295 = CARTESIAN_POINT('',(1.7,-8.35));
#296 = CARTESIAN_POINT('',(1.7,-7.15));
#297 = ( GEOMETRIC_REPRESENTATION_CONTEXT(2) 
PARAMETRIC_REPRESENTATION_CONTEXT() REPRESENTATION_CONTEXT('2D SPACE',''
  ) );
#298 = PCURVE('',#299,#304);
#299 = PLANE('',#300);
#300 = AXIS2_PLACEMENT_3D('',#301,#302,#303);
#301 = CARTESIAN_POINT('',(1.7,-10.,12.));
#302 = DIRECTION('',(1.,0.,-0.));
#303 = DIRECTION('',(0.,0.,1.));
#304 = DEFINITIONAL_REPRESENTATION('',(#305),#308);
#305 = B_SPLINE_CURVE_WITH_KNOTS('',1,(#306,#307),.UNSPECIFIED.,.F.,.F.,
  (2,2),(-3.35,-2.15),.PIECEWISE_BEZIER_KNOTS.);
#306 = CARTESIAN_POINT('',(3.,-1.65));
#307 = CARTESIAN_POINT('',(3.,-2.85));
#308 = ( GEOMETRIC_REPRESENTATION_CONTEXT(2) 
PARAMETRIC_REPRESENTATION_CONTEXT() REPRESENTATION_CONTEXT('2D SPACE',''
  ) );
#309 = ORIENTED_EDGE('',*,*,#310,.F.);
#310 = EDGE_CURVE('',#311,#285,#313,.T.);
#311 = VERTEX_POINT('',#312);
#312 = CARTESIAN_POINT('',(5.E-02,-10.,15.));
#313 = SURFACE_CURVE('',#314,(#319,#326),.PCURVE_S1.);
#314 = CIRCLE('',#315,1.65);
#315 = AXIS2_PLACEMENT_3D('',#316,#317,#318);
#316 = CARTESIAN_POINT('',(5.E-02,-8.35,15.));
#317 = DIRECTION('',(0.,0.,1.));
#318 = DIRECTION('',(1.,0.,-0.));
#319 = PCURVE('',#43,#320);
#320 = DEFINITIONAL_REPRESENTATION('',(#321),#325);
#321 = CIRCLE('',#322,1.65);
#322 = AXIS2_PLACEMENT_2D('',#323,#324);
#323 = CARTESIAN_POINT('',(5.E-02,-8.35));
#324 = DIRECTION('',(1.,0.));
#325 = ( GEOMETRIC_REPRESENTATION_CONTEXT(2) 
PARAMETRIC_REPRESENTATION_CONTEXT() REPRESENTATION_CONTEXT('2D SPACE',''
  ) );
#326 = PCURVE('',#327,#332);
#327 = CYLINDRICAL_SURFACE('',#328,1.65);
#328 = AXIS2_PLACEMENT_3D('',#329,#330,#331);
#329 = CARTESIAN_POINT('',(5.E-02,-8.35,12.));
#330 = DIRECTION('',(0.,0.,1.));
#331 = DIRECTION('',(1.,0.,-0.));
#332 = DEFINITIONAL_REPRESENTATION('',(#333),#337);
#333 = LINE('',#334,#335);
#334 = CARTESIAN_POINT('',(-6.28318530718,3.));
#335 = VECTOR('',#336,1.);
#336 = DIRECTION('',(1.,-0.));
#337 = ( GEOMETRIC_REPRESENTATION_CONTEXT(2) 
PARAMETRIC_REPRESENTATION_CONTEXT() REPRESENTATION_CONTEXT('2D SPACE',''
  ) );
#338 = ORIENTED_EDGE('',*,*,#339,.T.);
#339 = EDGE_CURVE('',#311,#146,#340,.T.);
#340 = SURFACE_CURVE('',#341,(#345,#351),.PCURVE_S1.);
#341 = LINE('',#342,#343);
#342 = CARTESIAN_POINT('',(-0.85,-10.,15.));
#343 = VECTOR('',#344,1.);
#344 = DIRECTION('',(-1.,-0.,0.));
#345 = PCURVE('',#43,#346);
#346 = DEFINITIONAL_REPRESENTATION('',(#347),#350);
#347 = B_SPLINE_CURVE_WITH_KNOTS('',1,(#348,#349),.UNSPECIFIED.,.F.,.F.,
  (2,2),(-0.9,-0.8),.PIECEWISE_BEZIER_KNOTS.);
#348 = CARTESIAN_POINT('',(5.E-02,-10.));
#349 = CARTESIAN_POINT('',(-5.E-02,-10.));
#350 = ( GEOMETRIC_REPRESENTATION_CONTEXT(2) 
PARAMETRIC_REPRESENTATION_CONTEXT() REPRESENTATION_CONTEXT('2D SPACE',''
  ) );
#351 = PCURVE('',#352,#357);
#352 = PLANE('',#353);
#353 = AXIS2_PLACEMENT_3D('',#354,#355,#356);
#354 = CARTESIAN_POINT('',(-1.7,-10.,12.));
#355 = DIRECTION('',(-0.,1.,0.));
#356 = DIRECTION('',(0.,0.,1.));
#357 = DEFINITIONAL_REPRESENTATION('',(#358),#361);
#358 = B_SPLINE_CURVE_WITH_KNOTS('',1,(#359,#360),.UNSPECIFIED.,.F.,.F.,
  (2,2),(-0.9,-0.8),.PIECEWISE_BEZIER_KNOTS.);
#359 = CARTESIAN_POINT('',(3.,1.75));
#360 = CARTESIAN_POINT('',(3.,1.65));
#361 = ( GEOMETRIC_REPRESENTATION_CONTEXT(2) 
PARAMETRIC_REPRESENTATION_CONTEXT() REPRESENTATION_CONTEXT('2D SPACE',''
  ) );
#362 = FACE_BOUND('',#363,.T.);
#363 = EDGE_LOOP('',(#364));
#364 = ORIENTED_EDGE('',*,*,#365,.F.);
#365 = EDGE_CURVE('',#366,#366,#368,.T.);
#366 = VERTEX_POINT('',#367);
#367 = CARTESIAN_POINT('',(11.953048327205,-10.2530483272,15.));
#368 = SURFACE_CURVE('',#369,(#374,#381),.PCURVE_S1.);
#369 = CIRCLE('',#370,1.7);
#370 = AXIS2_PLACEMENT_3D('',#371,#372,#373);
#371 = CARTESIAN_POINT('',(10.253048327205,-10.2530483272,15.));
#372 = DIRECTION('',(0.,0.,1.));
#373 = DIRECTION('',(1.,0.,-0.));
#374 = PCURVE('',#43,#375);
#375 = DEFINITIONAL_REPRESENTATION('',(#376),#380);
#376 = CIRCLE('',#377,1.7);
#377 = AXIS2_PLACEMENT_2D('',#378,#379);
#378 = CARTESIAN_POINT('',(10.253048327205,-10.2530483272));
#379 = DIRECTION('',(1.,0.));
#380 = ( GEOMETRIC_REPRESENTATION_CONTEXT(2) 
PARAMETRIC_REPRESENTATION_CONTEXT() REPRESENTATION_CONTEXT('2D SPACE',''
  ) );
#381 = PCURVE('',#382,#387);
#382 = CYLINDRICAL_SURFACE('',#383,1.7);
#383 = AXIS2_PLACEMENT_3D('',#384,#385,#386);
#384 = CARTESIAN_POINT('',(10.253048327205,-10.2530483272,9.));
#385 = DIRECTION('',(0.,0.,1.));
#386 = DIRECTION('',(1.,0.,-0.));
#387 = DEFINITIONAL_REPRESENTATION('',(#388),#392);
#388 = LINE('',#389,#390);
#389 = CARTESIAN_POINT('',(0.,6.));
#390 = VECTOR('',#391,1.);
#391 = DIRECTION('',(1.,0.));
#392 = ( GEOMETRIC_REPRESENTATION_CONTEXT(2) 
PARAMETRIC_REPRESENTATION_CONTEXT() REPRESENTATION_CONTEXT('2D SPACE',''
  ) );
#393 = FACE_BOUND('',#394,.T.);
#394 = EDGE_LOOP('',(#395,#426,#452,#481,#507,#536,#562,#591));
#395 = ORIENTED_EDGE('',*,*,#396,.F.);
#396 = EDGE_CURVE('',#397,#399,#401,.T.);
#397 = VERTEX_POINT('',#398);
#398 = CARTESIAN_POINT('',(-10.,-5.E-02,15.));
#399 = VERTEX_POINT('',#400);
#400 = CARTESIAN_POINT('',(-8.35,-1.7,15.));
#401 = SURFACE_CURVE('',#402,(#407,#414),.PCURVE_S1.);
#402 = CIRCLE('',#403,1.65);
#403 = AXIS2_PLACEMENT_3D('',#404,#405,#406);
#404 = CARTESIAN_POINT('',(-8.35,-5.E-02,15.));
#405 = DIRECTION('',(0.,0.,1.));
#406 = DIRECTION('',(-1.,-0.,0.));
#407 = PCURVE('',#43,#408);
#408 = DEFINITIONAL_REPRESENTATION('',(#409),#413);
#409 = CIRCLE('',#410,1.65);
#410 = AXIS2_PLACEMENT_2D('',#411,#412);
#411 = CARTESIAN_POINT('',(-8.35,-5.E-02));
#412 = DIRECTION('',(-1.,0.));
#413 = ( GEOMETRIC_REPRESENTATION_CONTEXT(2) 
PARAMETRIC_REPRESENTATION_CONTEXT() REPRESENTATION_CONTEXT('2D SPACE',''
  ) );
#414 = PCURVE('',#415,#420);
#415 = CYLINDRICAL_SURFACE('',#416,1.65);
#416 = AXIS2_PLACEMENT_3D('',#417,#418,#419);
#417 = CARTESIAN_POINT('',(-8.35,-5.E-02,12.));
#418 = DIRECTION('',(0.,0.,1.));
#419 = DIRECTION('',(-1.,-0.,0.));
#420 = DEFINITIONAL_REPRESENTATION('',(#421),#425);
#421 = LINE('',#422,#423);
#422 = CARTESIAN_POINT('',(0.,3.));
#423 = VECTOR('',#424,1.);
#424 = DIRECTION('',(1.,0.));
#425 = ( GEOMETRIC_REPRESENTATION_CONTEXT(2) 
PARAMETRIC_REPRESENTATION_CONTEXT() REPRESENTATION_CONTEXT('2D SPACE',''
  ) );
#426 = ORIENTED_EDGE('',*,*,#427,.T.);
#427 = EDGE_CURVE('',#397,#428,#430,.T.);
#428 = VERTEX_POINT('',#429);
#429 = CARTESIAN_POINT('',(-10.,5.E-02,15.));
#430 = SURFACE_CURVE('',#431,(#435,#441),.PCURVE_S1.);
#431 = LINE('',#432,#433);
#432 = CARTESIAN_POINT('',(-10.,-0.85,15.));
#433 = VECTOR('',#434,1.);
#434 = DIRECTION('',(-0.,1.,0.));
#435 = PCURVE('',#43,#436);
#436 = DEFINITIONAL_REPRESENTATION('',(#437),#440);
#437 = B_SPLINE_CURVE_WITH_KNOTS('',1,(#438,#439),.UNSPECIFIED.,.F.,.F.,
  (2,2),(0.8,0.9),.PIECEWISE_BEZIER_KNOTS.);
#438 = CARTESIAN_POINT('',(-10.,-5.E-02));
#439 = CARTESIAN_POINT('',(-10.,5.E-02));
#440 = ( GEOMETRIC_REPRESENTATION_CONTEXT(2) 
PARAMETRIC_REPRESENTATION_CONTEXT() REPRESENTATION_CONTEXT('2D SPACE',''
  ) );
#441 = PCURVE('',#442,#447);
#442 = PLANE('',#443);
#443 = AXIS2_PLACEMENT_3D('',#444,#445,#446);
#444 = CARTESIAN_POINT('',(-10.,-1.7,12.));
#445 = DIRECTION('',(1.,0.,-0.));
#446 = DIRECTION('',(0.,0.,1.));
#447 = DEFINITIONAL_REPRESENTATION('',(#448),#451);
#448 = B_SPLINE_CURVE_WITH_KNOTS('',1,(#449,#450),.UNSPECIFIED.,.F.,.F.,
  (2,2),(0.8,0.9),.PIECEWISE_BEZIER_KNOTS.);
#449 = CARTESIAN_POINT('',(3.,-1.65));
#450 = CARTESIAN_POINT('',(3.,-1.75));
#451 = ( GEOMETRIC_REPRESENTATION_CONTEXT(2) 
PARAMETRIC_REPRESENTATION_CONTEXT() REPRESENTATION_CONTEXT('2D SPACE',''
  ) );
#452 = ORIENTED_EDGE('',*,*,#453,.F.);
#453 = EDGE_CURVE('',#454,#428,#456,.T.);
#454 = VERTEX_POINT('',#455);
#455 = CARTESIAN_POINT('',(-8.35,1.7,15.));
#456 = SURFACE_CURVE('',#457,(#462,#469),.PCURVE_S1.);
#457 = CIRCLE('',#458,1.65);
#458 = AXIS2_PLACEMENT_3D('',#459,#460,#461);
#459 = CARTESIAN_POINT('',(-8.35,5.E-02,15.));
#460 = DIRECTION('',(0.,0.,1.));
#461 = DIRECTION('',(-1.,-0.,0.));
#462 = PCURVE('',#43,#463);
#463 = DEFINITIONAL_REPRESENTATION('',(#464),#468);
#464 = CIRCLE('',#465,1.65);
#465 = AXIS2_PLACEMENT_2D('',#466,#467);
#466 = CARTESIAN_POINT('',(-8.35,5.E-02));
#467 = DIRECTION('',(-1.,0.));
#468 = ( GEOMETRIC_REPRESENTATION_CONTEXT(2) 
PARAMETRIC_REPRESENTATION_CONTEXT() REPRESENTATION_CONTEXT('2D SPACE',''
  ) );
#469 = PCURVE('',#470,#475);
#470 = CYLINDRICAL_SURFACE('',#471,1.65);
#471 = AXIS2_PLACEMENT_3D('',#472,#473,#474);
#472 = CARTESIAN_POINT('',(-8.35,5.E-02,12.));
#473 = DIRECTION('',(0.,0.,1.));
#474 = DIRECTION('',(-1.,-0.,0.));
#475 = DEFINITIONAL_REPRESENTATION('',(#476),#480);
#476 = LINE('',#477,#478);
#477 = CARTESIAN_POINT('',(-6.28318530718,3.));
#478 = VECTOR('',#479,1.);
#479 = DIRECTION('',(1.,-0.));
#480 = ( GEOMETRIC_REPRESENTATION_CONTEXT(2) 
PARAMETRIC_REPRESENTATION_CONTEXT() REPRESENTATION_CONTEXT('2D SPACE',''
  ) );
#481 = ORIENTED_EDGE('',*,*,#482,.F.);
#482 = EDGE_CURVE('',#483,#454,#485,.T.);
#483 = VERTEX_POINT('',#484);
#484 = CARTESIAN_POINT('',(-7.15,1.7,15.));
#485 = SURFACE_CURVE('',#486,(#490,#496),.PCURVE_S1.);
#486 = LINE('',#487,#488);
#487 = CARTESIAN_POINT('',(-5.,1.7,15.));
#488 = VECTOR('',#489,1.);
#489 = DIRECTION('',(-1.,-0.,0.));
#490 = PCURVE('',#43,#491);
#491 = DEFINITIONAL_REPRESENTATION('',(#492),#495);
#492 = B_SPLINE_CURVE_WITH_KNOTS('',1,(#493,#494),.UNSPECIFIED.,.F.,.F.,
  (2,2),(2.15,3.35),.PIECEWISE_BEZIER_KNOTS.);
#493 = CARTESIAN_POINT('',(-7.15,1.7));
#494 = CARTESIAN_POINT('',(-8.35,1.7));
#495 = ( GEOMETRIC_REPRESENTATION_CONTEXT(2) 
PARAMETRIC_REPRESENTATION_CONTEXT() REPRESENTATION_CONTEXT('2D SPACE',''
  ) );
#496 = PCURVE('',#497,#502);
#497 = PLANE('',#498);
#498 = AXIS2_PLACEMENT_3D('',#499,#500,#501);
#499 = CARTESIAN_POINT('',(-10.,1.7,12.));
#500 = DIRECTION('',(-0.,1.,0.));
#501 = DIRECTION('',(0.,0.,1.));
#502 = DEFINITIONAL_REPRESENTATION('',(#503),#506);
#503 = B_SPLINE_CURVE_WITH_KNOTS('',1,(#504,#505),.UNSPECIFIED.,.F.,.F.,
  (2,2),(2.15,3.35),.PIECEWISE_BEZIER_KNOTS.);
#504 = CARTESIAN_POINT('',(3.,2.85));
#505 = CARTESIAN_POINT('',(3.,1.65));
#506 = ( GEOMETRIC_REPRESENTATION_CONTEXT(2) 
PARAMETRIC_REPRESENTATION_CONTEXT() REPRESENTATION_CONTEXT('2D SPACE',''
  ) );
#507 = ORIENTED_EDGE('',*,*,#508,.F.);
#508 = EDGE_CURVE('',#509,#483,#511,.T.);
#509 = VERTEX_POINT('',#510);
#510 = CARTESIAN_POINT('',(-5.5,5.E-02,15.));
#511 = SURFACE_CURVE('',#512,(#517,#524),.PCURVE_S1.);
#512 = CIRCLE('',#513,1.65);
#513 = AXIS2_PLACEMENT_3D('',#514,#515,#516);
#514 = CARTESIAN_POINT('',(-7.15,5.E-02,15.));
#515 = DIRECTION('',(0.,0.,1.));
#516 = DIRECTION('',(1.,0.,-0.));
#517 = PCURVE('',#43,#518);
#518 = DEFINITIONAL_REPRESENTATION('',(#519),#523);
#519 = CIRCLE('',#520,1.65);
#520 = AXIS2_PLACEMENT_2D('',#521,#522);
#521 = CARTESIAN_POINT('',(-7.15,5.E-02));
#522 = DIRECTION('',(1.,0.));
#523 = ( GEOMETRIC_REPRESENTATION_CONTEXT(2) 
PARAMETRIC_REPRESENTATION_CONTEXT() REPRESENTATION_CONTEXT('2D SPACE',''
  ) );
#524 = PCURVE('',#525,#530);
#525 = CYLINDRICAL_SURFACE('',#526,1.65);
#526 = AXIS2_PLACEMENT_3D('',#527,#528,#529);
#527 = CARTESIAN_POINT('',(-7.15,5.E-02,12.));
#528 = DIRECTION('',(0.,0.,1.));
#529 = DIRECTION('',(1.,0.,-0.));
#530 = DEFINITIONAL_REPRESENTATION('',(#531),#535);
#531 = LINE('',#532,#533);
#532 = CARTESIAN_POINT('',(0.,3.));
#533 = VECTOR('',#534,1.);
#534 = DIRECTION('',(1.,0.));
#535 = ( GEOMETRIC_REPRESENTATION_CONTEXT(2) 
PARAMETRIC_REPRESENTATION_CONTEXT() REPRESENTATION_CONTEXT('2D SPACE',''
  ) );
#536 = ORIENTED_EDGE('',*,*,#537,.F.);
#537 = EDGE_CURVE('',#538,#509,#540,.T.);
#538 = VERTEX_POINT('',#539);
#539 = CARTESIAN_POINT('',(-5.5,-5.E-02,15.));
#540 = SURFACE_CURVE('',#541,(#545,#551),.PCURVE_S1.);
#541 = LINE('',#542,#543);
#542 = CARTESIAN_POINT('',(-5.5,-0.85,15.));
#543 = VECTOR('',#544,1.);
#544 = DIRECTION('',(-0.,1.,0.));
#545 = PCURVE('',#43,#546);
#546 = DEFINITIONAL_REPRESENTATION('',(#547),#550);
#547 = B_SPLINE_CURVE_WITH_KNOTS('',1,(#548,#549),.UNSPECIFIED.,.F.,.F.,
  (2,2),(0.8,0.9),.PIECEWISE_BEZIER_KNOTS.);
#548 = CARTESIAN_POINT('',(-5.5,-5.E-02));
#549 = CARTESIAN_POINT('',(-5.5,5.E-02));
#550 = ( GEOMETRIC_REPRESENTATION_CONTEXT(2) 
PARAMETRIC_REPRESENTATION_CONTEXT() REPRESENTATION_CONTEXT('2D SPACE',''
  ) );
#551 = PCURVE('',#552,#557);
#552 = PLANE('',#553);
#553 = AXIS2_PLACEMENT_3D('',#554,#555,#556);
#554 = CARTESIAN_POINT('',(-5.5,-1.7,12.));
#555 = DIRECTION('',(1.,0.,-0.));
#556 = DIRECTION('',(0.,0.,1.));
#557 = DEFINITIONAL_REPRESENTATION('',(#558),#561);
#558 = B_SPLINE_CURVE_WITH_KNOTS('',1,(#559,#560),.UNSPECIFIED.,.F.,.F.,
  (2,2),(0.8,0.9),.PIECEWISE_BEZIER_KNOTS.);
#559 = CARTESIAN_POINT('',(3.,-1.65));
#560 = CARTESIAN_POINT('',(3.,-1.75));
#561 = ( GEOMETRIC_REPRESENTATION_CONTEXT(2) 
PARAMETRIC_REPRESENTATION_CONTEXT() REPRESENTATION_CONTEXT('2D SPACE',''
  ) );
#562 = ORIENTED_EDGE('',*,*,#563,.F.);
#563 = EDGE_CURVE('',#564,#538,#566,.T.);
#564 = VERTEX_POINT('',#565);
#565 = CARTESIAN_POINT('',(-7.15,-1.7,15.));
#566 = SURFACE_CURVE('',#567,(#572,#579),.PCURVE_S1.);
#567 = CIRCLE('',#568,1.65);
#568 = AXIS2_PLACEMENT_3D('',#569,#570,#571);
#569 = CARTESIAN_POINT('',(-7.15,-5.E-02,15.));
#570 = DIRECTION('',(0.,0.,1.));
#571 = DIRECTION('',(1.,0.,-0.));
#572 = PCURVE('',#43,#573);
#573 = DEFINITIONAL_REPRESENTATION('',(#574),#578);
#574 = CIRCLE('',#575,1.65);
#575 = AXIS2_PLACEMENT_2D('',#576,#577);
#576 = CARTESIAN_POINT('',(-7.15,-5.E-02));
#577 = DIRECTION('',(1.,0.));
#578 = ( GEOMETRIC_REPRESENTATION_CONTEXT(2) 
PARAMETRIC_REPRESENTATION_CONTEXT() REPRESENTATION_CONTEXT('2D SPACE',''
  ) );
#579 = PCURVE('',#580,#585);
#580 = CYLINDRICAL_SURFACE('',#581,1.65);
#581 = AXIS2_PLACEMENT_3D('',#582,#583,#584);
#582 = CARTESIAN_POINT('',(-7.15,-5.E-02,12.));
#583 = DIRECTION('',(0.,0.,1.));
#584 = DIRECTION('',(1.,0.,-0.));
#585 = DEFINITIONAL_REPRESENTATION('',(#586),#590);
#586 = LINE('',#587,#588);
#587 = CARTESIAN_POINT('',(-6.28318530718,3.));
#588 = VECTOR('',#589,1.);
#589 = DIRECTION('',(1.,-0.));
#590 = ( GEOMETRIC_REPRESENTATION_CONTEXT(2) 
PARAMETRIC_REPRESENTATION_CONTEXT() REPRESENTATION_CONTEXT('2D SPACE',''
  ) );
#591 = ORIENTED_EDGE('',*,*,#592,.T.);
#592 = EDGE_CURVE('',#564,#399,#593,.T.);
#593 = SURFACE_CURVE('',#594,(#598,#604),.PCURVE_S1.);
#594 = LINE('',#595,#596);
#595 = CARTESIAN_POINT('',(-5.,-1.7,15.));
#596 = VECTOR('',#597,1.);
#597 = DIRECTION('',(-1.,-0.,0.));
#598 = PCURVE('',#43,#599);
#599 = DEFINITIONAL_REPRESENTATION('',(#600),#603);
#600 = B_SPLINE_CURVE_WITH_KNOTS('',1,(#601,#602),.UNSPECIFIED.,.F.,.F.,
  (2,2),(2.15,3.35),.PIECEWISE_BEZIER_KNOTS.);
#601 = CARTESIAN_POINT('',(-7.15,-1.7));
#602 = CARTESIAN_POINT('',(-8.35,-1.7));
#603 = ( GEOMETRIC_REPRESENTATION_CONTEXT(2) 
PARAMETRIC_REPRESENTATION_CONTEXT() REPRESENTATION_CONTEXT('2D SPACE',''
  ) );
#604 = PCURVE('',#605,#610);
#605 = PLANE('',#606);
#606 = AXIS2_PLACEMENT_3D('',#607,#608,#609);
#607 = CARTESIAN_POINT('',(-10.,-1.7,12.));
#608 = DIRECTION('',(-0.,1.,0.));
#609 = DIRECTION('',(0.,0.,1.));
#610 = DEFINITIONAL_REPRESENTATION('',(#611),#614);
#611 = B_SPLINE_CURVE_WITH_KNOTS('',1,(#612,#613),.UNSPECIFIED.,.F.,.F.,
  (2,2),(2.15,3.35),.PIECEWISE_BEZIER_KNOTS.);
#612 = CARTESIAN_POINT('',(3.,2.85));
#613 = CARTESIAN_POINT('',(3.,1.65));
#614 = ( GEOMETRIC_REPRESENTATION_CONTEXT(2) 
PARAMETRIC_REPRESENTATION_CONTEXT() REPRESENTATION_CONTEXT('2D SPACE',''
  ) );
#615 = FACE_BOUND('',#616,.T.);
#616 = EDGE_LOOP('',(#617));
#617 = ORIENTED_EDGE('',*,*,#618,.F.);
#618 = EDGE_CURVE('',#619,#619,#621,.T.);
#619 = VERTEX_POINT('',#620);
#620 = CARTESIAN_POINT('',(-8.553048327205,10.253048327205,15.));
#621 = SURFACE_CURVE('',#622,(#627,#634),.PCURVE_S1.);
#622 = CIRCLE('',#623,1.7);
#623 = AXIS2_PLACEMENT_3D('',#624,#625,#626);
#624 = CARTESIAN_POINT('',(-10.2530483272,10.253048327205,15.));
#625 = DIRECTION('',(0.,0.,1.));
#626 = DIRECTION('',(1.,0.,-0.));
#627 = PCURVE('',#43,#628);
#628 = DEFINITIONAL_REPRESENTATION('',(#629),#633);
#629 = CIRCLE('',#630,1.7);
#630 = AXIS2_PLACEMENT_2D('',#631,#632);
#631 = CARTESIAN_POINT('',(-10.2530483272,10.253048327205));
#632 = DIRECTION('',(1.,0.));
#633 = ( GEOMETRIC_REPRESENTATION_CONTEXT(2) 
PARAMETRIC_REPRESENTATION_CONTEXT() REPRESENTATION_CONTEXT('2D SPACE',''
  ) );
#634 = PCURVE('',#635,#640);
#635 = CYLINDRICAL_SURFACE('',#636,1.7);
#636 = AXIS2_PLACEMENT_3D('',#637,#638,#639);
#637 = CARTESIAN_POINT('',(-10.2530483272,10.253048327205,9.));
#638 = DIRECTION('',(0.,0.,1.));
#639 = DIRECTION('',(1.,0.,-0.));
#640 = DEFINITIONAL_REPRESENTATION('',(#641),#645);
#641 = LINE('',#642,#643);
#642 = CARTESIAN_POINT('',(0.,6.));
#643 = VECTOR('',#644,1.);
#644 = DIRECTION('',(1.,0.));
#645 = ( GEOMETRIC_REPRESENTATION_CONTEXT(2) 
PARAMETRIC_REPRESENTATION_CONTEXT() REPRESENTATION_CONTEXT('2D SPACE',''
  ) );
#646 = FACE_BOUND('',#647,.T.);
#647 = EDGE_LOOP('',(#648));
#648 = ORIENTED_EDGE('',*,*,#649,.F.);
#649 = EDGE_CURVE('',#650,#650,#652,.T.);
#650 = VERTEX_POINT('',#651);
#651 = CARTESIAN_POINT('',(1.7,-4.163799117101E-16,15.));
#652 = SURFACE_CURVE('',#653,(#658,#665),.PCURVE_S1.);
#653 = CIRCLE('',#654,1.7);
#654 = AXIS2_PLACEMENT_3D('',#655,#656,#657);
#655 = CARTESIAN_POINT('',(0.,0.,15.));
#656 = DIRECTION('',(0.,0.,1.));
#657 = DIRECTION('',(1.,0.,-0.));
#658 = PCURVE('',#43,#659);
#659 = DEFINITIONAL_REPRESENTATION('',(#660),#664);
#660 = CIRCLE('',#661,1.7);
#661 = AXIS2_PLACEMENT_2D('',#662,#663);
#662 = CARTESIAN_POINT('',(0.,0.));
#663 = DIRECTION('',(1.,0.));
#664 = ( GEOMETRIC_REPRESENTATION_CONTEXT(2) 
PARAMETRIC_REPRESENTATION_CONTEXT() REPRESENTATION_CONTEXT('2D SPACE',''
  ) );
#665 = PCURVE('',#666,#671);
#666 = CYLINDRICAL_SURFACE('',#667,1.7);
#667 = AXIS2_PLACEMENT_3D('',#668,#669,#670);
#668 = CARTESIAN_POINT('',(0.,0.,9.));
#669 = DIRECTION('',(0.,0.,1.));
#670 = DIRECTION('',(1.,0.,-0.));
#671 = DEFINITIONAL_REPRESENTATION('',(#672),#676);
#672 = LINE('',#673,#674);
#673 = CARTESIAN_POINT('',(0.,6.));
#674 = VECTOR('',#675,1.);
#675 = DIRECTION('',(1.,0.));
#676 = ( GEOMETRIC_REPRESENTATION_CONTEXT(2) 
PARAMETRIC_REPRESENTATION_CONTEXT() REPRESENTATION_CONTEXT('2D SPACE',''
  ) );
#677 = FACE_BOUND('',#678,.T.);
#678 = EDGE_LOOP('',(#679,#710,#736,#765,#791,#820,#846,#875));
#679 = ORIENTED_EDGE('',*,*,#680,.F.);
#680 = EDGE_CURVE('',#681,#683,#685,.T.);
#681 = VERTEX_POINT('',#682);
#682 = CARTESIAN_POINT('',(5.5,-5.E-02,15.));
#683 = VERTEX_POINT('',#684);
#684 = CARTESIAN_POINT('',(7.15,-1.7,15.));
#685 = SURFACE_CURVE('',#686,(#691,#698),.PCURVE_S1.);
#686 = CIRCLE('',#687,1.65);
#687 = AXIS2_PLACEMENT_3D('',#688,#689,#690);
#688 = CARTESIAN_POINT('',(7.15,-5.E-02,15.));
#689 = DIRECTION('',(0.,0.,1.));
#690 = DIRECTION('',(-1.,-0.,0.));
#691 = PCURVE('',#43,#692);
#692 = DEFINITIONAL_REPRESENTATION('',(#693),#697);
#693 = CIRCLE('',#694,1.65);
#694 = AXIS2_PLACEMENT_2D('',#695,#696);
#695 = CARTESIAN_POINT('',(7.15,-5.E-02));
#696 = DIRECTION('',(-1.,0.));
#697 = ( GEOMETRIC_REPRESENTATION_CONTEXT(2) 
PARAMETRIC_REPRESENTATION_CONTEXT() REPRESENTATION_CONTEXT('2D SPACE',''
  ) );
#698 = PCURVE('',#699,#704);
#699 = CYLINDRICAL_SURFACE('',#700,1.65);
#700 = AXIS2_PLACEMENT_3D('',#701,#702,#703);
#701 = CARTESIAN_POINT('',(7.15,-5.E-02,12.));
#702 = DIRECTION('',(0.,0.,1.));
#703 = DIRECTION('',(-1.,-0.,0.));
#704 = DEFINITIONAL_REPRESENTATION('',(#705),#709);
#705 = LINE('',#706,#707);
#706 = CARTESIAN_POINT('',(0.,3.));
#707 = VECTOR('',#708,1.);
#708 = DIRECTION('',(1.,0.));
#709 = ( GEOMETRIC_REPRESENTATION_CONTEXT(2) 
PARAMETRIC_REPRESENTATION_CONTEXT() REPRESENTATION_CONTEXT('2D SPACE',''
  ) );
#710 = ORIENTED_EDGE('',*,*,#711,.T.);
#711 = EDGE_CURVE('',#681,#712,#714,.T.);
#712 = VERTEX_POINT('',#713);
#713 = CARTESIAN_POINT('',(5.5,5.E-02,15.));
#714 = SURFACE_CURVE('',#715,(#719,#725),.PCURVE_S1.);
#715 = LINE('',#716,#717);
#716 = CARTESIAN_POINT('',(5.5,-0.85,15.));
#717 = VECTOR('',#718,1.);
#718 = DIRECTION('',(-0.,1.,0.));
#719 = PCURVE('',#43,#720);
#720 = DEFINITIONAL_REPRESENTATION('',(#721),#724);
#721 = B_SPLINE_CURVE_WITH_KNOTS('',1,(#722,#723),.UNSPECIFIED.,.F.,.F.,
  (2,2),(0.8,0.9),.PIECEWISE_BEZIER_KNOTS.);
#722 = CARTESIAN_POINT('',(5.5,-5.E-02));
#723 = CARTESIAN_POINT('',(5.5,5.E-02));
#724 = ( GEOMETRIC_REPRESENTATION_CONTEXT(2) 
PARAMETRIC_REPRESENTATION_CONTEXT() REPRESENTATION_CONTEXT('2D SPACE',''
  ) );
#725 = PCURVE('',#726,#731);
#726 = PLANE('',#727);
#727 = AXIS2_PLACEMENT_3D('',#728,#729,#730);
#728 = CARTESIAN_POINT('',(5.5,-1.7,12.));
#729 = DIRECTION('',(1.,0.,-0.));
#730 = DIRECTION('',(0.,0.,1.));
#731 = DEFINITIONAL_REPRESENTATION('',(#732),#735);
#732 = B_SPLINE_CURVE_WITH_KNOTS('',1,(#733,#734),.UNSPECIFIED.,.F.,.F.,
  (2,2),(0.8,0.9),.PIECEWISE_BEZIER_KNOTS.);
#733 = CARTESIAN_POINT('',(3.,-1.65));
#734 = CARTESIAN_POINT('',(3.,-1.75));
#735 = ( GEOMETRIC_REPRESENTATION_CONTEXT(2) 
PARAMETRIC_REPRESENTATION_CONTEXT() REPRESENTATION_CONTEXT('2D SPACE',''
  ) );
#736 = ORIENTED_EDGE('',*,*,#737,.F.);
#737 = EDGE_CURVE('',#738,#712,#740,.T.);
#738 = VERTEX_POINT('',#739);
#739 = CARTESIAN_POINT('',(7.15,1.7,15.));
#740 = SURFACE_CURVE('',#741,(#746,#753),.PCURVE_S1.);
#741 = CIRCLE('',#742,1.65);
#742 = AXIS2_PLACEMENT_3D('',#743,#744,#745);
#743 = CARTESIAN_POINT('',(7.15,5.E-02,15.));
#744 = DIRECTION('',(0.,0.,1.));
#745 = DIRECTION('',(-1.,-0.,0.));
#746 = PCURVE('',#43,#747);
#747 = DEFINITIONAL_REPRESENTATION('',(#748),#752);
#748 = CIRCLE('',#749,1.65);
#749 = AXIS2_PLACEMENT_2D('',#750,#751);
#750 = CARTESIAN_POINT('',(7.15,5.E-02));
#751 = DIRECTION('',(-1.,0.));
#752 = ( GEOMETRIC_REPRESENTATION_CONTEXT(2) 
PARAMETRIC_REPRESENTATION_CONTEXT() REPRESENTATION_CONTEXT('2D SPACE',''
  ) );
#753 = PCURVE('',#754,#759);
#754 = CYLINDRICAL_SURFACE('',#755,1.65);
#755 = AXIS2_PLACEMENT_3D('',#756,#757,#758);
#756 = CARTESIAN_POINT('',(7.15,5.E-02,12.));
#757 = DIRECTION('',(0.,0.,1.));
#758 = DIRECTION('',(-1.,-0.,0.));
#759 = DEFINITIONAL_REPRESENTATION('',(#760),#764);
#760 = LINE('',#761,#762);
#761 = CARTESIAN_POINT('',(-6.28318530718,3.));
#762 = VECTOR('',#763,1.);
#763 = DIRECTION('',(1.,-0.));
#764 = ( GEOMETRIC_REPRESENTATION_CONTEXT(2) 
PARAMETRIC_REPRESENTATION_CONTEXT() REPRESENTATION_CONTEXT('2D SPACE',''
  ) );
#765 = ORIENTED_EDGE('',*,*,#766,.F.);
#766 = EDGE_CURVE('',#767,#738,#769,.T.);
#767 = VERTEX_POINT('',#768);
#768 = CARTESIAN_POINT('',(8.35,1.7,15.));
#769 = SURFACE_CURVE('',#770,(#774,#780),.PCURVE_S1.);
#770 = LINE('',#771,#772);
#771 = CARTESIAN_POINT('',(2.75,1.7,15.));
#772 = VECTOR('',#773,1.);
#773 = DIRECTION('',(-1.,-0.,0.));
#774 = PCURVE('',#43,#775);
#775 = DEFINITIONAL_REPRESENTATION('',(#776),#779);
#776 = B_SPLINE_CURVE_WITH_KNOTS('',1,(#777,#778),.UNSPECIFIED.,.F.,.F.,
  (2,2),(-5.6,-4.4),.PIECEWISE_BEZIER_KNOTS.);
#777 = CARTESIAN_POINT('',(8.35,1.7));
#778 = CARTESIAN_POINT('',(7.15,1.7));
#779 = ( GEOMETRIC_REPRESENTATION_CONTEXT(2) 
PARAMETRIC_REPRESENTATION_CONTEXT() REPRESENTATION_CONTEXT('2D SPACE',''
  ) );
#780 = PCURVE('',#781,#786);
#781 = PLANE('',#782);
#782 = AXIS2_PLACEMENT_3D('',#783,#784,#785);
#783 = CARTESIAN_POINT('',(5.5,1.7,12.));
#784 = DIRECTION('',(-0.,1.,0.));
#785 = DIRECTION('',(0.,0.,1.));
#786 = DEFINITIONAL_REPRESENTATION('',(#787),#790);
#787 = B_SPLINE_CURVE_WITH_KNOTS('',1,(#788,#789),.UNSPECIFIED.,.F.,.F.,
  (2,2),(-5.6,-4.4),.PIECEWISE_BEZIER_KNOTS.);
#788 = CARTESIAN_POINT('',(3.,2.85));
#789 = CARTESIAN_POINT('',(3.,1.65));
#790 = ( GEOMETRIC_REPRESENTATION_CONTEXT(2) 
PARAMETRIC_REPRESENTATION_CONTEXT() REPRESENTATION_CONTEXT('2D SPACE',''
  ) );
#791 = ORIENTED_EDGE('',*,*,#792,.F.);
#792 = EDGE_CURVE('',#793,#767,#795,.T.);
#793 = VERTEX_POINT('',#794);
#794 = CARTESIAN_POINT('',(10.,5.E-02,15.));
#795 = SURFACE_CURVE('',#796,(#801,#808),.PCURVE_S1.);
#796 = CIRCLE('',#797,1.65);
#797 = AXIS2_PLACEMENT_3D('',#798,#799,#800);
#798 = CARTESIAN_POINT('',(8.35,5.E-02,15.));
#799 = DIRECTION('',(0.,0.,1.));
#800 = DIRECTION('',(1.,0.,-0.));
#801 = PCURVE('',#43,#802);
#802 = DEFINITIONAL_REPRESENTATION('',(#803),#807);
#803 = CIRCLE('',#804,1.65);
#804 = AXIS2_PLACEMENT_2D('',#805,#806);
#805 = CARTESIAN_POINT('',(8.35,5.E-02));
#806 = DIRECTION('',(1.,0.));
#807 = ( GEOMETRIC_REPRESENTATION_CONTEXT(2) 
PARAMETRIC_REPRESENTATION_CONTEXT() REPRESENTATION_CONTEXT('2D SPACE',''
  ) );
#808 = PCURVE('',#809,#814);
#809 = CYLINDRICAL_SURFACE('',#810,1.65);
#810 = AXIS2_PLACEMENT_3D('',#811,#812,#813);
#811 = CARTESIAN_POINT('',(8.35,5.E-02,12.));
#812 = DIRECTION('',(0.,0.,1.));
#813 = DIRECTION('',(1.,0.,-0.));
#814 = DEFINITIONAL_REPRESENTATION('',(#815),#819);
#815 = LINE('',#816,#817);
#816 = CARTESIAN_POINT('',(0.,3.));
#817 = VECTOR('',#818,1.);
#818 = DIRECTION('',(1.,0.));
#819 = ( GEOMETRIC_REPRESENTATION_CONTEXT(2) 
PARAMETRIC_REPRESENTATION_CONTEXT() REPRESENTATION_CONTEXT('2D SPACE',''
  ) );
#820 = ORIENTED_EDGE('',*,*,#821,.F.);
#821 = EDGE_CURVE('',#822,#793,#824,.T.);
#822 = VERTEX_POINT('',#823);
#823 = CARTESIAN_POINT('',(10.,-5.E-02,15.));
#824 = SURFACE_CURVE('',#825,(#829,#835),.PCURVE_S1.);
#825 = LINE('',#826,#827);
#826 = CARTESIAN_POINT('',(10.,-0.85,15.));
#827 = VECTOR('',#828,1.);
#828 = DIRECTION('',(-0.,1.,0.));
#829 = PCURVE('',#43,#830);
#830 = DEFINITIONAL_REPRESENTATION('',(#831),#834);
#831 = B_SPLINE_CURVE_WITH_KNOTS('',1,(#832,#833),.UNSPECIFIED.,.F.,.F.,
  (2,2),(0.8,0.9),.PIECEWISE_BEZIER_KNOTS.);
#832 = CARTESIAN_POINT('',(10.,-5.E-02));
#833 = CARTESIAN_POINT('',(10.,5.E-02));
#834 = ( GEOMETRIC_REPRESENTATION_CONTEXT(2) 
PARAMETRIC_REPRESENTATION_CONTEXT() REPRESENTATION_CONTEXT('2D SPACE',''
  ) );
#835 = PCURVE('',#836,#841);
#836 = PLANE('',#837);
#837 = AXIS2_PLACEMENT_3D('',#838,#839,#840);
#838 = CARTESIAN_POINT('',(10.,-1.7,12.));
#839 = DIRECTION('',(1.,0.,-0.));
#840 = DIRECTION('',(0.,0.,1.));
#841 = DEFINITIONAL_REPRESENTATION('',(#842),#845);
#842 = B_SPLINE_CURVE_WITH_KNOTS('',1,(#843,#844),.UNSPECIFIED.,.F.,.F.,
  (2,2),(0.8,0.9),.PIECEWISE_BEZIER_KNOTS.);
#843 = CARTESIAN_POINT('',(3.,-1.65));
#844 = CARTESIAN_POINT('',(3.,-1.75));
#845 = ( GEOMETRIC_REPRESENTATION_CONTEXT(2) 
PARAMETRIC_REPRESENTATION_CONTEXT() REPRESENTATION_CONTEXT('2D SPACE',''
  ) );
#846 = ORIENTED_EDGE('',*,*,#847,.F.);
#847 = EDGE_CURVE('',#848,#822,#850,.T.);
#848 = VERTEX_POINT('',#849);
#849 = CARTESIAN_POINT('',(8.35,-1.7,15.));
#850 = SURFACE_CURVE('',#851,(#856,#863),.PCURVE_S1.);
#851 = CIRCLE('',#852,1.65);
#852 = AXIS2_PLACEMENT_3D('',#853,#854,#855);
#853 = CARTESIAN_POINT('',(8.35,-5.E-02,15.));
#854 = DIRECTION('',(0.,0.,1.));
#855 = DIRECTION('',(1.,0.,-0.));
#856 = PCURVE('',#43,#857);
#857 = DEFINITIONAL_REPRESENTATION('',(#858),#862);
#858 = CIRCLE('',#859,1.65);
#859 = AXIS2_PLACEMENT_2D('',#860,#861);
#860 = CARTESIAN_POINT('',(8.35,-5.E-02));
#861 = DIRECTION('',(1.,0.));
#862 = ( GEOMETRIC_REPRESENTATION_CONTEXT(2) 
PARAMETRIC_REPRESENTATION_CONTEXT() REPRESENTATION_CONTEXT('2D SPACE',''
  ) );
#863 = PCURVE('',#864,#869);
#864 = CYLINDRICAL_SURFACE('',#865,1.65);
#865 = AXIS2_PLACEMENT_3D('',#866,#867,#868);
#866 = CARTESIAN_POINT('',(8.35,-5.E-02,12.));
#867 = DIRECTION('',(0.,0.,1.));
#868 = DIRECTION('',(1.,0.,-0.));
#869 = DEFINITIONAL_REPRESENTATION('',(#870),#874);
#870 = LINE('',#871,#872);
#871 = CARTESIAN_POINT('',(-6.28318530718,3.));
#872 = VECTOR('',#873,1.);
#873 = DIRECTION('',(1.,-0.));
#874 = ( GEOMETRIC_REPRESENTATION_CONTEXT(2) 
PARAMETRIC_REPRESENTATION_CONTEXT() REPRESENTATION_CONTEXT('2D SPACE',''
  ) );
#875 = ORIENTED_EDGE('',*,*,#876,.T.);
#876 = EDGE_CURVE('',#848,#683,#877,.T.);
#877 = SURFACE_CURVE('',#878,(#882,#888),.PCURVE_S1.);
#878 = LINE('',#879,#880);
#879 = CARTESIAN_POINT('',(2.75,-1.7,15.));
#880 = VECTOR('',#881,1.);
#881 = DIRECTION('',(-1.,-0.,0.));
#882 = PCURVE('',#43,#883);
#883 = DEFINITIONAL_REPRESENTATION('',(#884),#887);
#884 = B_SPLINE_CURVE_WITH_KNOTS('',1,(#885,#886),.UNSPECIFIED.,.F.,.F.,
  (2,2),(-5.6,-4.4),.PIECEWISE_BEZIER_KNOTS.);
#885 = CARTESIAN_POINT('',(8.35,-1.7));
#886 = CARTESIAN_POINT('',(7.15,-1.7));
#887 = ( GEOMETRIC_REPRESENTATION_CONTEXT(2) 
PARAMETRIC_REPRESENTATION_CONTEXT() REPRESENTATION_CONTEXT('2D SPACE',''
  ) );
#888 = PCURVE('',#889,#894);
#889 = PLANE('',#890);
#890 = AXIS2_PLACEMENT_3D('',#891,#892,#893);
#891 = CARTESIAN_POINT('',(5.5,-1.7,12.));
#892 = DIRECTION('',(-0.,1.,0.));
#893 = DIRECTION('',(0.,0.,1.));
#894 = DEFINITIONAL_REPRESENTATION('',(#895),#898);
#895 = B_SPLINE_CURVE_WITH_KNOTS('',1,(#896,#897),.UNSPECIFIED.,.F.,.F.,
  (2,2),(-5.6,-4.4),.PIECEWISE_BEZIER_KNOTS.);
#896 = CARTESIAN_POINT('',(3.,2.85));
#897 = CARTESIAN_POINT('',(3.,1.65));
#898 = ( GEOMETRIC_REPRESENTATION_CONTEXT(2) 
PARAMETRIC_REPRESENTATION_CONTEXT() REPRESENTATION_CONTEXT('2D SPACE',''
  ) );
#899 = FACE_BOUND('',#900,.T.);
#900 = EDGE_LOOP('',(#901,#932,#958,#987,#1013,#1042,#1068,#1097));
#901 = ORIENTED_EDGE('',*,*,#902,.F.);
#902 = EDGE_CURVE('',#903,#905,#907,.T.);
#903 = VERTEX_POINT('',#904);
#904 = CARTESIAN_POINT('',(-1.7,7.15,15.));
#905 = VERTEX_POINT('',#906);
#906 = CARTESIAN_POINT('',(-5.E-02,5.5,15.));
#907 = SURFACE_CURVE('',#908,(#913,#920),.PCURVE_S1.);
#908 = CIRCLE('',#909,1.65);
#909 = AXIS2_PLACEMENT_3D('',#910,#911,#912);
#910 = CARTESIAN_POINT('',(-5.E-02,7.15,15.));
#911 = DIRECTION('',(0.,0.,1.));
#912 = DIRECTION('',(-1.,-0.,0.));
#913 = PCURVE('',#43,#914);
#914 = DEFINITIONAL_REPRESENTATION('',(#915),#919);
#915 = CIRCLE('',#916,1.65);
#916 = AXIS2_PLACEMENT_2D('',#917,#918);
#917 = CARTESIAN_POINT('',(-5.E-02,7.15));
#918 = DIRECTION('',(-1.,0.));
#919 = ( GEOMETRIC_REPRESENTATION_CONTEXT(2) 
PARAMETRIC_REPRESENTATION_CONTEXT() REPRESENTATION_CONTEXT('2D SPACE',''
  ) );
#920 = PCURVE('',#921,#926);
#921 = CYLINDRICAL_SURFACE('',#922,1.65);
#922 = AXIS2_PLACEMENT_3D('',#923,#924,#925);
#923 = CARTESIAN_POINT('',(-5.E-02,7.15,12.));
#924 = DIRECTION('',(0.,0.,1.));
#925 = DIRECTION('',(-1.,-0.,0.));
#926 = DEFINITIONAL_REPRESENTATION('',(#927),#931);
#927 = LINE('',#928,#929);
#928 = CARTESIAN_POINT('',(0.,3.));
#929 = VECTOR('',#930,1.);
#930 = DIRECTION('',(1.,0.));
#931 = ( GEOMETRIC_REPRESENTATION_CONTEXT(2) 
PARAMETRIC_REPRESENTATION_CONTEXT() REPRESENTATION_CONTEXT('2D SPACE',''
  ) );
#932 = ORIENTED_EDGE('',*,*,#933,.T.);
#933 = EDGE_CURVE('',#903,#934,#936,.T.);
#934 = VERTEX_POINT('',#935);
#935 = CARTESIAN_POINT('',(-1.7,8.35,15.));
#936 = SURFACE_CURVE('',#937,(#941,#947),.PCURVE_S1.);
#937 = LINE('',#938,#939);
#938 = CARTESIAN_POINT('',(-1.7,2.75,15.));
#939 = VECTOR('',#940,1.);
#940 = DIRECTION('',(-0.,1.,0.));
#941 = PCURVE('',#43,#942);
#942 = DEFINITIONAL_REPRESENTATION('',(#943),#946);
#943 = B_SPLINE_CURVE_WITH_KNOTS('',1,(#944,#945),.UNSPECIFIED.,.F.,.F.,
  (2,2),(4.4,5.6),.PIECEWISE_BEZIER_KNOTS.);
#944 = CARTESIAN_POINT('',(-1.7,7.15));
#945 = CARTESIAN_POINT('',(-1.7,8.35));
#946 = ( GEOMETRIC_REPRESENTATION_CONTEXT(2) 
PARAMETRIC_REPRESENTATION_CONTEXT() REPRESENTATION_CONTEXT('2D SPACE',''
  ) );
#947 = PCURVE('',#948,#953);
#948 = PLANE('',#949);
#949 = AXIS2_PLACEMENT_3D('',#950,#951,#952);
#950 = CARTESIAN_POINT('',(-1.7,5.5,12.));
#951 = DIRECTION('',(1.,0.,-0.));
#952 = DIRECTION('',(0.,0.,1.));
#953 = DEFINITIONAL_REPRESENTATION('',(#954),#957);
#954 = B_SPLINE_CURVE_WITH_KNOTS('',1,(#955,#956),.UNSPECIFIED.,.F.,.F.,
  (2,2),(4.4,5.6),.PIECEWISE_BEZIER_KNOTS.);
#955 = CARTESIAN_POINT('',(3.,-1.65));
#956 = CARTESIAN_POINT('',(3.,-2.85));
#957 = ( GEOMETRIC_REPRESENTATION_CONTEXT(2) 
PARAMETRIC_REPRESENTATION_CONTEXT() REPRESENTATION_CONTEXT('2D SPACE',''
  ) );
#958 = ORIENTED_EDGE('',*,*,#959,.F.);
#959 = EDGE_CURVE('',#960,#934,#962,.T.);
#960 = VERTEX_POINT('',#961);
#961 = CARTESIAN_POINT('',(-5.E-02,10.,15.));
#962 = SURFACE_CURVE('',#963,(#968,#975),.PCURVE_S1.);
#963 = CIRCLE('',#964,1.65);
#964 = AXIS2_PLACEMENT_3D('',#965,#966,#967);
#965 = CARTESIAN_POINT('',(-5.E-02,8.35,15.));
#966 = DIRECTION('',(0.,0.,1.));
#967 = DIRECTION('',(-1.,-0.,0.));
#968 = PCURVE('',#43,#969);
#969 = DEFINITIONAL_REPRESENTATION('',(#970),#974);
#970 = CIRCLE('',#971,1.65);
#971 = AXIS2_PLACEMENT_2D('',#972,#973);
#972 = CARTESIAN_POINT('',(-5.E-02,8.35));
#973 = DIRECTION('',(-1.,0.));
#974 = ( GEOMETRIC_REPRESENTATION_CONTEXT(2) 
PARAMETRIC_REPRESENTATION_CONTEXT() REPRESENTATION_CONTEXT('2D SPACE',''
  ) );
#975 = PCURVE('',#976,#981);
#976 = CYLINDRICAL_SURFACE('',#977,1.65);
#977 = AXIS2_PLACEMENT_3D('',#978,#979,#980);
#978 = CARTESIAN_POINT('',(-5.E-02,8.35,12.));
#979 = DIRECTION('',(0.,0.,1.));
#980 = DIRECTION('',(-1.,-0.,0.));
#981 = DEFINITIONAL_REPRESENTATION('',(#982),#986);
#982 = LINE('',#983,#984);
#983 = CARTESIAN_POINT('',(-6.28318530718,3.));
#984 = VECTOR('',#985,1.);
#985 = DIRECTION('',(1.,-0.));
#986 = ( GEOMETRIC_REPRESENTATION_CONTEXT(2) 
PARAMETRIC_REPRESENTATION_CONTEXT() REPRESENTATION_CONTEXT('2D SPACE',''
  ) );
#987 = ORIENTED_EDGE('',*,*,#988,.F.);
#988 = EDGE_CURVE('',#989,#960,#991,.T.);
#989 = VERTEX_POINT('',#990);
#990 = CARTESIAN_POINT('',(5.E-02,10.,15.));
#991 = SURFACE_CURVE('',#992,(#996,#1002),.PCURVE_S1.);
#992 = LINE('',#993,#994);
#993 = CARTESIAN_POINT('',(-0.85,10.,15.));
#994 = VECTOR('',#995,1.);
#995 = DIRECTION('',(-1.,-0.,0.));
#996 = PCURVE('',#43,#997);
#997 = DEFINITIONAL_REPRESENTATION('',(#998),#1001);
#998 = B_SPLINE_CURVE_WITH_KNOTS('',1,(#999,#1000),.UNSPECIFIED.,.F.,.F.
  ,(2,2),(-0.9,-0.8),.PIECEWISE_BEZIER_KNOTS.);
#999 = CARTESIAN_POINT('',(5.E-02,10.));
#1000 = CARTESIAN_POINT('',(-5.E-02,10.));
#1001 = ( GEOMETRIC_REPRESENTATION_CONTEXT(2) 
PARAMETRIC_REPRESENTATION_CONTEXT() REPRESENTATION_CONTEXT('2D SPACE',''
  ) );
#1002 = PCURVE('',#1003,#1008);
#1003 = PLANE('',#1004);
#1004 = AXIS2_PLACEMENT_3D('',#1005,#1006,#1007);
#1005 = CARTESIAN_POINT('',(-1.7,10.,12.));
#1006 = DIRECTION('',(-0.,1.,0.));
#1007 = DIRECTION('',(0.,0.,1.));
#1008 = DEFINITIONAL_REPRESENTATION('',(#1009),#1012);
#1009 = B_SPLINE_CURVE_WITH_KNOTS('',1,(#1010,#1011),.UNSPECIFIED.,.F.,
  .F.,(2,2),(-0.9,-0.8),.PIECEWISE_BEZIER_KNOTS.);
#1010 = CARTESIAN_POINT('',(3.,1.75));
#1011 = CARTESIAN_POINT('',(3.,1.65));
#1012 = ( GEOMETRIC_REPRESENTATION_CONTEXT(2) 
PARAMETRIC_REPRESENTATION_CONTEXT() REPRESENTATION_CONTEXT('2D SPACE',''
  ) );
#1013 = ORIENTED_EDGE('',*,*,#1014,.F.);
#1014 = EDGE_CURVE('',#1015,#989,#1017,.T.);
#1015 = VERTEX_POINT('',#1016);
#1016 = CARTESIAN_POINT('',(1.7,8.35,15.));
#1017 = SURFACE_CURVE('',#1018,(#1023,#1030),.PCURVE_S1.);
#1018 = CIRCLE('',#1019,1.65);
#1019 = AXIS2_PLACEMENT_3D('',#1020,#1021,#1022);
#1020 = CARTESIAN_POINT('',(5.E-02,8.35,15.));
#1021 = DIRECTION('',(0.,0.,1.));
#1022 = DIRECTION('',(1.,0.,-0.));
#1023 = PCURVE('',#43,#1024);
#1024 = DEFINITIONAL_REPRESENTATION('',(#1025),#1029);
#1025 = CIRCLE('',#1026,1.65);
#1026 = AXIS2_PLACEMENT_2D('',#1027,#1028);
#1027 = CARTESIAN_POINT('',(5.E-02,8.35));
#1028 = DIRECTION('',(1.,0.));
#1029 = ( GEOMETRIC_REPRESENTATION_CONTEXT(2) 
PARAMETRIC_REPRESENTATION_CONTEXT() REPRESENTATION_CONTEXT('2D SPACE',''
  ) );
#1030 = PCURVE('',#1031,#1036);
#1031 = CYLINDRICAL_SURFACE('',#1032,1.65);
#1032 = AXIS2_PLACEMENT_3D('',#1033,#1034,#1035);
#1033 = CARTESIAN_POINT('',(5.E-02,8.35,12.));
#1034 = DIRECTION('',(0.,0.,1.));
#1035 = DIRECTION('',(1.,0.,-0.));
#1036 = DEFINITIONAL_REPRESENTATION('',(#1037),#1041);
#1037 = LINE('',#1038,#1039);
#1038 = CARTESIAN_POINT('',(0.,3.));
#1039 = VECTOR('',#1040,1.);
#1040 = DIRECTION('',(1.,0.));
#1041 = ( GEOMETRIC_REPRESENTATION_CONTEXT(2) 
PARAMETRIC_REPRESENTATION_CONTEXT() REPRESENTATION_CONTEXT('2D SPACE',''
  ) );
#1042 = ORIENTED_EDGE('',*,*,#1043,.F.);
#1043 = EDGE_CURVE('',#1044,#1015,#1046,.T.);
#1044 = VERTEX_POINT('',#1045);
#1045 = CARTESIAN_POINT('',(1.7,7.15,15.));
#1046 = SURFACE_CURVE('',#1047,(#1051,#1057),.PCURVE_S1.);
#1047 = LINE('',#1048,#1049);
#1048 = CARTESIAN_POINT('',(1.7,2.75,15.));
#1049 = VECTOR('',#1050,1.);
#1050 = DIRECTION('',(-0.,1.,0.));
#1051 = PCURVE('',#43,#1052);
#1052 = DEFINITIONAL_REPRESENTATION('',(#1053),#1056);
#1053 = B_SPLINE_CURVE_WITH_KNOTS('',1,(#1054,#1055),.UNSPECIFIED.,.F.,
  .F.,(2,2),(4.4,5.6),.PIECEWISE_BEZIER_KNOTS.);
#1054 = CARTESIAN_POINT('',(1.7,7.15));
#1055 = CARTESIAN_POINT('',(1.7,8.35));
#1056 = ( GEOMETRIC_REPRESENTATION_CONTEXT(2) 
PARAMETRIC_REPRESENTATION_CONTEXT() REPRESENTATION_CONTEXT('2D SPACE',''
  ) );
#1057 = PCURVE('',#1058,#1063);
#1058 = PLANE('',#1059);
#1059 = AXIS2_PLACEMENT_3D('',#1060,#1061,#1062);
#1060 = CARTESIAN_POINT('',(1.7,5.5,12.));
#1061 = DIRECTION('',(1.,0.,-0.));
#1062 = DIRECTION('',(0.,0.,1.));
#1063 = DEFINITIONAL_REPRESENTATION('',(#1064),#1067);
#1064 = B_SPLINE_CURVE_WITH_KNOTS('',1,(#1065,#1066),.UNSPECIFIED.,.F.,
  .F.,(2,2),(4.4,5.6),.PIECEWISE_BEZIER_KNOTS.);
#1065 = CARTESIAN_POINT('',(3.,-1.65));
#1066 = CARTESIAN_POINT('',(3.,-2.85));
#1067 = ( GEOMETRIC_REPRESENTATION_CONTEXT(2) 
PARAMETRIC_REPRESENTATION_CONTEXT() REPRESENTATION_CONTEXT('2D SPACE',''
  ) );
#1068 = ORIENTED_EDGE('',*,*,#1069,.F.);
#1069 = EDGE_CURVE('',#1070,#1044,#1072,.T.);
#1070 = VERTEX_POINT('',#1071);
#1071 = CARTESIAN_POINT('',(5.E-02,5.5,15.));
#1072 = SURFACE_CURVE('',#1073,(#1078,#1085),.PCURVE_S1.);
#1073 = CIRCLE('',#1074,1.65);
#1074 = AXIS2_PLACEMENT_3D('',#1075,#1076,#1077);
#1075 = CARTESIAN_POINT('',(5.E-02,7.15,15.));
#1076 = DIRECTION('',(0.,0.,1.));
#1077 = DIRECTION('',(1.,0.,-0.));
#1078 = PCURVE('',#43,#1079);
#1079 = DEFINITIONAL_REPRESENTATION('',(#1080),#1084);
#1080 = CIRCLE('',#1081,1.65);
#1081 = AXIS2_PLACEMENT_2D('',#1082,#1083);
#1082 = CARTESIAN_POINT('',(5.E-02,7.15));
#1083 = DIRECTION('',(1.,0.));
#1084 = ( GEOMETRIC_REPRESENTATION_CONTEXT(2) 
PARAMETRIC_REPRESENTATION_CONTEXT() REPRESENTATION_CONTEXT('2D SPACE',''
  ) );
#1085 = PCURVE('',#1086,#1091);
#1086 = CYLINDRICAL_SURFACE('',#1087,1.65);
#1087 = AXIS2_PLACEMENT_3D('',#1088,#1089,#1090);
#1088 = CARTESIAN_POINT('',(5.E-02,7.15,12.));
#1089 = DIRECTION('',(0.,0.,1.));
#1090 = DIRECTION('',(1.,0.,-0.));
#1091 = DEFINITIONAL_REPRESENTATION('',(#1092),#1096);
#1092 = LINE('',#1093,#1094);
#1093 = CARTESIAN_POINT('',(-6.28318530718,3.));
#1094 = VECTOR('',#1095,1.);
#1095 = DIRECTION('',(1.,-0.));
#1096 = ( GEOMETRIC_REPRESENTATION_CONTEXT(2) 
PARAMETRIC_REPRESENTATION_CONTEXT() REPRESENTATION_CONTEXT('2D SPACE',''
  ) );
#1097 = ORIENTED_EDGE('',*,*,#1098,.T.);
#1098 = EDGE_CURVE('',#1070,#905,#1099,.T.);
#1099 = SURFACE_CURVE('',#1100,(#1104,#1110),.PCURVE_S1.);
#1100 = LINE('',#1101,#1102);
#1101 = CARTESIAN_POINT('',(-0.85,5.5,15.));
#1102 = VECTOR('',#1103,1.);
#1103 = DIRECTION('',(-1.,-0.,0.));
#1104 = PCURVE('',#43,#1105);
#1105 = DEFINITIONAL_REPRESENTATION('',(#1106),#1109);
#1106 = B_SPLINE_CURVE_WITH_KNOTS('',1,(#1107,#1108),.UNSPECIFIED.,.F.,
  .F.,(2,2),(-0.9,-0.8),.PIECEWISE_BEZIER_KNOTS.);
#1107 = CARTESIAN_POINT('',(5.E-02,5.5));
#1108 = CARTESIAN_POINT('',(-5.E-02,5.5));
#1109 = ( GEOMETRIC_REPRESENTATION_CONTEXT(2) 
PARAMETRIC_REPRESENTATION_CONTEXT() REPRESENTATION_CONTEXT('2D SPACE',''
  ) );
#1110 = PCURVE('',#1111,#1116);
#1111 = PLANE('',#1112);
#1112 = AXIS2_PLACEMENT_3D('',#1113,#1114,#1115);
#1113 = CARTESIAN_POINT('',(-1.7,5.5,12.));
#1114 = DIRECTION('',(-0.,1.,0.));
#1115 = DIRECTION('',(0.,0.,1.));
#1116 = DEFINITIONAL_REPRESENTATION('',(#1117),#1120);
#1117 = B_SPLINE_CURVE_WITH_KNOTS('',1,(#1118,#1119),.UNSPECIFIED.,.F.,
  .F.,(2,2),(-0.9,-0.8),.PIECEWISE_BEZIER_KNOTS.);
#1118 = CARTESIAN_POINT('',(3.,1.75));
#1119 = CARTESIAN_POINT('',(3.,1.65));
#1120 = ( GEOMETRIC_REPRESENTATION_CONTEXT(2) 
PARAMETRIC_REPRESENTATION_CONTEXT() REPRESENTATION_CONTEXT('2D SPACE',''
  ) );
#1121 = FACE_BOUND('',#1122,.T.);
#1122 = EDGE_LOOP('',(#1123));
#1123 = ORIENTED_EDGE('',*,*,#1124,.F.);
#1124 = EDGE_CURVE('',#1125,#1125,#1127,.T.);
#1125 = VERTEX_POINT('',#1126);
#1126 = CARTESIAN_POINT('',(11.953048327205,10.253048327205,15.));
#1127 = SURFACE_CURVE('',#1128,(#1133,#1140),.PCURVE_S1.);
#1128 = CIRCLE('',#1129,1.7);
#1129 = AXIS2_PLACEMENT_3D('',#1130,#1131,#1132);
#1130 = CARTESIAN_POINT('',(10.253048327205,10.253048327205,15.));
#1131 = DIRECTION('',(0.,0.,1.));
#1132 = DIRECTION('',(1.,0.,-0.));
#1133 = PCURVE('',#43,#1134);
#1134 = DEFINITIONAL_REPRESENTATION('',(#1135),#1139);
#1135 = CIRCLE('',#1136,1.7);
#1136 = AXIS2_PLACEMENT_2D('',#1137,#1138);
#1137 = CARTESIAN_POINT('',(10.253048327205,10.253048327205));
#1138 = DIRECTION('',(1.,0.));
#1139 = ( GEOMETRIC_REPRESENTATION_CONTEXT(2) 
PARAMETRIC_REPRESENTATION_CONTEXT() REPRESENTATION_CONTEXT('2D SPACE',''
  ) );
#1140 = PCURVE('',#1141,#1146);
#1141 = CYLINDRICAL_SURFACE('',#1142,1.7);
#1142 = AXIS2_PLACEMENT_3D('',#1143,#1144,#1145);
#1143 = CARTESIAN_POINT('',(10.253048327205,10.253048327205,9.));
#1144 = DIRECTION('',(0.,0.,1.));
#1145 = DIRECTION('',(1.,0.,-0.));
#1146 = DEFINITIONAL_REPRESENTATION('',(#1147),#1151);
#1147 = LINE('',#1148,#1149);
#1148 = CARTESIAN_POINT('',(0.,6.));
#1149 = VECTOR('',#1150,1.);
#1150 = DIRECTION('',(1.,0.));
#1151 = ( GEOMETRIC_REPRESENTATION_CONTEXT(2) 
PARAMETRIC_REPRESENTATION_CONTEXT() REPRESENTATION_CONTEXT('2D SPACE',''
  ) );
#1152 = ADVANCED_FACE('',(#1153,#1156,#1182,#1208,#1234,#1265),#93,.F.);
#1153 = FACE_BOUND('',#1154,.F.);
#1154 = EDGE_LOOP('',(#1155));
#1155 = ORIENTED_EDGE('',*,*,#78,.T.);
#1156 = FACE_BOUND('',#1157,.F.);
#1157 = EDGE_LOOP('',(#1158));
#1158 = ORIENTED_EDGE('',*,*,#1159,.F.);
#1159 = EDGE_CURVE('',#1160,#1160,#1162,.T.);
#1160 = VERTEX_POINT('',#1161);
#1161 = CARTESIAN_POINT('',(-8.553048327205,-10.2530483272,11.));
#1162 = SURFACE_CURVE('',#1163,(#1168,#1175),.PCURVE_S1.);
#1163 = CIRCLE('',#1164,1.7);
#1164 = AXIS2_PLACEMENT_3D('',#1165,#1166,#1167);
#1165 = CARTESIAN_POINT('',(-10.2530483272,-10.2530483272,11.));
#1166 = DIRECTION('',(0.,0.,1.));
#1167 = DIRECTION('',(1.,0.,-0.));
#1168 = PCURVE('',#93,#1169);
#1169 = DEFINITIONAL_REPRESENTATION('',(#1170),#1174);
#1170 = CIRCLE('',#1171,1.7);
#1171 = AXIS2_PLACEMENT_2D('',#1172,#1173);
#1172 = CARTESIAN_POINT('',(-10.2530483272,-10.2530483272));
#1173 = DIRECTION('',(1.,0.));
#1174 = ( GEOMETRIC_REPRESENTATION_CONTEXT(2) 
PARAMETRIC_REPRESENTATION_CONTEXT() REPRESENTATION_CONTEXT('2D SPACE',''
  ) );
#1175 = PCURVE('',#129,#1176);
#1176 = DEFINITIONAL_REPRESENTATION('',(#1177),#1181);
#1177 = LINE('',#1178,#1179);
#1178 = CARTESIAN_POINT('',(0.,2.));
#1179 = VECTOR('',#1180,1.);
#1180 = DIRECTION('',(1.,0.));
#1181 = ( GEOMETRIC_REPRESENTATION_CONTEXT(2) 
PARAMETRIC_REPRESENTATION_CONTEXT() REPRESENTATION_CONTEXT('2D SPACE',''
  ) );
#1182 = FACE_BOUND('',#1183,.F.);
#1183 = EDGE_LOOP('',(#1184));
#1184 = ORIENTED_EDGE('',*,*,#1185,.F.);
#1185 = EDGE_CURVE('',#1186,#1186,#1188,.T.);
#1186 = VERTEX_POINT('',#1187);
#1187 = CARTESIAN_POINT('',(11.953048327205,-10.2530483272,11.));
#1188 = SURFACE_CURVE('',#1189,(#1194,#1201),.PCURVE_S1.);
#1189 = CIRCLE('',#1190,1.7);
#1190 = AXIS2_PLACEMENT_3D('',#1191,#1192,#1193);
#1191 = CARTESIAN_POINT('',(10.253048327205,-10.2530483272,11.));
#1192 = DIRECTION('',(0.,0.,1.));
#1193 = DIRECTION('',(1.,0.,-0.));
#1194 = PCURVE('',#93,#1195);
#1195 = DEFINITIONAL_REPRESENTATION('',(#1196),#1200);
#1196 = CIRCLE('',#1197,1.7);
#1197 = AXIS2_PLACEMENT_2D('',#1198,#1199);
#1198 = CARTESIAN_POINT('',(10.253048327205,-10.2530483272));
#1199 = DIRECTION('',(1.,0.));
#1200 = ( GEOMETRIC_REPRESENTATION_CONTEXT(2) 
PARAMETRIC_REPRESENTATION_CONTEXT() REPRESENTATION_CONTEXT('2D SPACE',''
  ) );
#1201 = PCURVE('',#382,#1202);
#1202 = DEFINITIONAL_REPRESENTATION('',(#1203),#1207);
#1203 = LINE('',#1204,#1205);
#1204 = CARTESIAN_POINT('',(0.,2.));
#1205 = VECTOR('',#1206,1.);
#1206 = DIRECTION('',(1.,0.));
#1207 = ( GEOMETRIC_REPRESENTATION_CONTEXT(2) 
PARAMETRIC_REPRESENTATION_CONTEXT() REPRESENTATION_CONTEXT('2D SPACE',''
  ) );
#1208 = FACE_BOUND('',#1209,.F.);
#1209 = EDGE_LOOP('',(#1210));
#1210 = ORIENTED_EDGE('',*,*,#1211,.F.);
#1211 = EDGE_CURVE('',#1212,#1212,#1214,.T.);
#1212 = VERTEX_POINT('',#1213);
#1213 = CARTESIAN_POINT('',(-8.553048327205,10.253048327205,11.));
#1214 = SURFACE_CURVE('',#1215,(#1220,#1227),.PCURVE_S1.);
#1215 = CIRCLE('',#1216,1.7);
#1216 = AXIS2_PLACEMENT_3D('',#1217,#1218,#1219);
#1217 = CARTESIAN_POINT('',(-10.2530483272,10.253048327205,11.));
#1218 = DIRECTION('',(0.,0.,1.));
#1219 = DIRECTION('',(1.,0.,-0.));
#1220 = PCURVE('',#93,#1221);
#1221 = DEFINITIONAL_REPRESENTATION('',(#1222),#1226);
#1222 = CIRCLE('',#1223,1.7);
#1223 = AXIS2_PLACEMENT_2D('',#1224,#1225);
#1224 = CARTESIAN_POINT('',(-10.2530483272,10.253048327205));
#1225 = DIRECTION('',(1.,0.));
#1226 = ( GEOMETRIC_REPRESENTATION_CONTEXT(2) 
PARAMETRIC_REPRESENTATION_CONTEXT() REPRESENTATION_CONTEXT('2D SPACE',''
  ) );
#1227 = PCURVE('',#635,#1228);
#1228 = DEFINITIONAL_REPRESENTATION('',(#1229),#1233);
#1229 = LINE('',#1230,#1231);
#1230 = CARTESIAN_POINT('',(0.,2.));
#1231 = VECTOR('',#1232,1.);
#1232 = DIRECTION('',(1.,0.));
#1233 = ( GEOMETRIC_REPRESENTATION_CONTEXT(2) 
PARAMETRIC_REPRESENTATION_CONTEXT() REPRESENTATION_CONTEXT('2D SPACE',''
  ) );
#1234 = FACE_BOUND('',#1235,.F.);
#1235 = EDGE_LOOP('',(#1236));
#1236 = ORIENTED_EDGE('',*,*,#1237,.F.);
#1237 = EDGE_CURVE('',#1238,#1238,#1240,.T.);
#1238 = VERTEX_POINT('',#1239);
#1239 = CARTESIAN_POINT('',(1.7,-4.163799117101E-16,11.));
#1240 = SURFACE_CURVE('',#1241,(#1246,#1253),.PCURVE_S1.);
#1241 = CIRCLE('',#1242,1.7);
#1242 = AXIS2_PLACEMENT_3D('',#1243,#1244,#1245);
#1243 = CARTESIAN_POINT('',(0.,0.,11.));
#1244 = DIRECTION('',(0.,0.,1.));
#1245 = DIRECTION('',(1.,0.,-0.));
#1246 = PCURVE('',#93,#1247);
#1247 = DEFINITIONAL_REPRESENTATION('',(#1248),#1252);
#1248 = CIRCLE('',#1249,1.7);
#1249 = AXIS2_PLACEMENT_2D('',#1250,#1251);
#1250 = CARTESIAN_POINT('',(0.,0.));
#1251 = DIRECTION('',(1.,0.));
#1252 = ( GEOMETRIC_REPRESENTATION_CONTEXT(2) 
PARAMETRIC_REPRESENTATION_CONTEXT() REPRESENTATION_CONTEXT('2D SPACE',''
  ) );
#1253 = PCURVE('',#1254,#1259);
#1254 = CYLINDRICAL_SURFACE('',#1255,1.7);
#1255 = AXIS2_PLACEMENT_3D('',#1256,#1257,#1258);
#1256 = CARTESIAN_POINT('',(0.,0.,9.));
#1257 = DIRECTION('',(0.,0.,1.));
#1258 = DIRECTION('',(1.,0.,-0.));
#1259 = DEFINITIONAL_REPRESENTATION('',(#1260),#1264);
#1260 = LINE('',#1261,#1262);
#1261 = CARTESIAN_POINT('',(0.,2.));
#1262 = VECTOR('',#1263,1.);
#1263 = DIRECTION('',(1.,0.));
#1264 = ( GEOMETRIC_REPRESENTATION_CONTEXT(2) 
PARAMETRIC_REPRESENTATION_CONTEXT() REPRESENTATION_CONTEXT('2D SPACE',''
  ) );
#1265 = FACE_BOUND('',#1266,.F.);
#1266 = EDGE_LOOP('',(#1267));
#1267 = ORIENTED_EDGE('',*,*,#1268,.F.);
#1268 = EDGE_CURVE('',#1269,#1269,#1271,.T.);
#1269 = VERTEX_POINT('',#1270);
#1270 = CARTESIAN_POINT('',(11.953048327205,10.253048327205,11.));
#1271 = SURFACE_CURVE('',#1272,(#1277,#1284),.PCURVE_S1.);
#1272 = CIRCLE('',#1273,1.7);
#1273 = AXIS2_PLACEMENT_3D('',#1274,#1275,#1276);
#1274 = CARTESIAN_POINT('',(10.253048327205,10.253048327205,11.));
#1275 = DIRECTION('',(0.,0.,1.));
#1276 = DIRECTION('',(1.,0.,-0.));
#1277 = PCURVE('',#93,#1278);
#1278 = DEFINITIONAL_REPRESENTATION('',(#1279),#1283);
#1279 = CIRCLE('',#1280,1.7);
#1280 = AXIS2_PLACEMENT_2D('',#1281,#1282);
#1281 = CARTESIAN_POINT('',(10.253048327205,10.253048327205));
#1282 = DIRECTION('',(1.,0.));
#1283 = ( GEOMETRIC_REPRESENTATION_CONTEXT(2) 
PARAMETRIC_REPRESENTATION_CONTEXT() REPRESENTATION_CONTEXT('2D SPACE',''
  ) );
#1284 = PCURVE('',#1141,#1285);
#1285 = DEFINITIONAL_REPRESENTATION('',(#1286),#1290);
#1286 = LINE('',#1287,#1288);
#1287 = CARTESIAN_POINT('',(0.,2.));
#1288 = VECTOR('',#1289,1.);
#1289 = DIRECTION('',(1.,0.));
#1290 = ( GEOMETRIC_REPRESENTATION_CONTEXT(2) 
PARAMETRIC_REPRESENTATION_CONTEXT() REPRESENTATION_CONTEXT('2D SPACE',''
  ) );
#1291 = ADVANCED_FACE('',(#1292),#129,.F.);
#1292 = FACE_BOUND('',#1293,.F.);
#1293 = EDGE_LOOP('',(#1294,#1315,#1316,#1317));
#1294 = ORIENTED_EDGE('',*,*,#1295,.T.);
#1295 = EDGE_CURVE('',#1160,#113,#1296,.T.);
#1296 = SEAM_CURVE('',#1297,(#1301,#1308),.PCURVE_S1.);
#1297 = LINE('',#1298,#1299);
#1298 = CARTESIAN_POINT('',(-8.553048327205,-10.2530483272,9.));
#1299 = VECTOR('',#1300,1.);
#1300 = DIRECTION('',(0.,0.,1.));
#1301 = PCURVE('',#129,#1302);
#1302 = DEFINITIONAL_REPRESENTATION('',(#1303),#1307);
#1303 = LINE('',#1304,#1305);
#1304 = CARTESIAN_POINT('',(6.28318530718,-0.));
#1305 = VECTOR('',#1306,1.);
#1306 = DIRECTION('',(0.,1.));
#1307 = ( GEOMETRIC_REPRESENTATION_CONTEXT(2) 
PARAMETRIC_REPRESENTATION_CONTEXT() REPRESENTATION_CONTEXT('2D SPACE',''
  ) );
#1308 = PCURVE('',#129,#1309);
#1309 = DEFINITIONAL_REPRESENTATION('',(#1310),#1314);
#1310 = LINE('',#1311,#1312);
#1311 = CARTESIAN_POINT('',(0.,-0.));
#1312 = VECTOR('',#1313,1.);
#1313 = DIRECTION('',(0.,1.));
#1314 = ( GEOMETRIC_REPRESENTATION_CONTEXT(2) 
PARAMETRIC_REPRESENTATION_CONTEXT() REPRESENTATION_CONTEXT('2D SPACE',''
  ) );
#1315 = ORIENTED_EDGE('',*,*,#112,.F.);
#1316 = ORIENTED_EDGE('',*,*,#1295,.F.);
#1317 = ORIENTED_EDGE('',*,*,#1159,.T.);
#1318 = ADVANCED_FACE('',(#1319),#162,.F.);
#1319 = FACE_BOUND('',#1320,.F.);
#1320 = EDGE_LOOP('',(#1321,#1344,#1373,#1394));
#1321 = ORIENTED_EDGE('',*,*,#1322,.F.);
#1322 = EDGE_CURVE('',#1323,#144,#1325,.T.);
#1323 = VERTEX_POINT('',#1324);
#1324 = CARTESIAN_POINT('',(-1.7,-8.35,13.65));
#1325 = SURFACE_CURVE('',#1326,(#1330,#1337),.PCURVE_S1.);
#1326 = LINE('',#1327,#1328);
#1327 = CARTESIAN_POINT('',(-1.7,-8.35,12.));
#1328 = VECTOR('',#1329,1.);
#1329 = DIRECTION('',(0.,0.,1.));
#1330 = PCURVE('',#162,#1331);
#1331 = DEFINITIONAL_REPRESENTATION('',(#1332),#1336);
#1332 = LINE('',#1333,#1334);
#1333 = CARTESIAN_POINT('',(0.,0.));
#1334 = VECTOR('',#1335,1.);
#1335 = DIRECTION('',(0.,1.));
#1336 = ( GEOMETRIC_REPRESENTATION_CONTEXT(2) 
PARAMETRIC_REPRESENTATION_CONTEXT() REPRESENTATION_CONTEXT('2D SPACE',''
  ) );
#1337 = PCURVE('',#189,#1338);
#1338 = DEFINITIONAL_REPRESENTATION('',(#1339),#1343);
#1339 = LINE('',#1340,#1341);
#1340 = CARTESIAN_POINT('',(0.,-1.65));
#1341 = VECTOR('',#1342,1.);
#1342 = DIRECTION('',(1.,0.));
#1343 = ( GEOMETRIC_REPRESENTATION_CONTEXT(2) 
PARAMETRIC_REPRESENTATION_CONTEXT() REPRESENTATION_CONTEXT('2D SPACE',''
  ) );
#1344 = ORIENTED_EDGE('',*,*,#1345,.T.);
#1345 = EDGE_CURVE('',#1323,#1346,#1348,.T.);
#1346 = VERTEX_POINT('',#1347);
#1347 = CARTESIAN_POINT('',(-5.E-02,-10.,13.65));
#1348 = SURFACE_CURVE('',#1349,(#1354,#1361),.PCURVE_S1.);
#1349 = CIRCLE('',#1350,1.65);
#1350 = AXIS2_PLACEMENT_3D('',#1351,#1352,#1353);
#1351 = CARTESIAN_POINT('',(-5.E-02,-8.35,13.65));
#1352 = DIRECTION('',(0.,0.,1.));
#1353 = DIRECTION('',(-1.,0.,0.));
#1354 = PCURVE('',#162,#1355);
#1355 = DEFINITIONAL_REPRESENTATION('',(#1356),#1360);
#1356 = LINE('',#1357,#1358);
#1357 = CARTESIAN_POINT('',(0.,1.65));
#1358 = VECTOR('',#1359,1.);
#1359 = DIRECTION('',(1.,0.));
#1360 = ( GEOMETRIC_REPRESENTATION_CONTEXT(2) 
PARAMETRIC_REPRESENTATION_CONTEXT() REPRESENTATION_CONTEXT('2D SPACE',''
  ) );
#1361 = PCURVE('',#1362,#1367);
#1362 = SPHERICAL_SURFACE('',#1363,1.65);
#1363 = AXIS2_PLACEMENT_3D('',#1364,#1365,#1366);
#1364 = CARTESIAN_POINT('',(-5.E-02,-8.35,13.65));
#1365 = DIRECTION('',(0.,0.,1.));
#1366 = DIRECTION('',(-1.,0.,0.));
#1367 = DEFINITIONAL_REPRESENTATION('',(#1368),#1372);
#1368 = LINE('',#1369,#1370);
#1369 = CARTESIAN_POINT('',(0.,0.));
#1370 = VECTOR('',#1371,1.);
#1371 = DIRECTION('',(1.,0.));
#1372 = ( GEOMETRIC_REPRESENTATION_CONTEXT(2) 
PARAMETRIC_REPRESENTATION_CONTEXT() REPRESENTATION_CONTEXT('2D SPACE',''
  ) );
#1373 = ORIENTED_EDGE('',*,*,#1374,.T.);
#1374 = EDGE_CURVE('',#1346,#146,#1375,.T.);
#1375 = SURFACE_CURVE('',#1376,(#1380,#1387),.PCURVE_S1.);
#1376 = LINE('',#1377,#1378);
#1377 = CARTESIAN_POINT('',(-5.E-02,-10.,12.));
#1378 = VECTOR('',#1379,1.);
#1379 = DIRECTION('',(0.,0.,1.));
#1380 = PCURVE('',#162,#1381);
#1381 = DEFINITIONAL_REPRESENTATION('',(#1382),#1386);
#1382 = LINE('',#1383,#1384);
#1383 = CARTESIAN_POINT('',(1.570796326795,0.));
#1384 = VECTOR('',#1385,1.);
#1385 = DIRECTION('',(0.,1.));
#1386 = ( GEOMETRIC_REPRESENTATION_CONTEXT(2) 
PARAMETRIC_REPRESENTATION_CONTEXT() REPRESENTATION_CONTEXT('2D SPACE',''
  ) );
#1387 = PCURVE('',#352,#1388);
#1388 = DEFINITIONAL_REPRESENTATION('',(#1389),#1393);
#1389 = LINE('',#1390,#1391);
#1390 = CARTESIAN_POINT('',(0.,1.65));
#1391 = VECTOR('',#1392,1.);
#1392 = DIRECTION('',(1.,0.));
#1393 = ( GEOMETRIC_REPRESENTATION_CONTEXT(2) 
PARAMETRIC_REPRESENTATION_CONTEXT() REPRESENTATION_CONTEXT('2D SPACE',''
  ) );
#1394 = ORIENTED_EDGE('',*,*,#143,.F.);
#1395 = ADVANCED_FACE('',(#1396),#189,.T.);
#1396 = FACE_BOUND('',#1397,.T.);
#1397 = EDGE_LOOP('',(#1398,#1399,#1427,#1448));
#1398 = ORIENTED_EDGE('',*,*,#1322,.F.);
#1399 = ORIENTED_EDGE('',*,*,#1400,.T.);
#1400 = EDGE_CURVE('',#1323,#1401,#1403,.T.);
#1401 = VERTEX_POINT('',#1402);
#1402 = CARTESIAN_POINT('',(-1.7,-7.15,13.65));
#1403 = SURFACE_CURVE('',#1404,(#1408,#1415),.PCURVE_S1.);
#1404 = LINE('',#1405,#1406);
#1405 = CARTESIAN_POINT('',(-1.7,-10.,13.65));
#1406 = VECTOR('',#1407,1.);
#1407 = DIRECTION('',(-0.,1.,0.));
#1408 = PCURVE('',#189,#1409);
#1409 = DEFINITIONAL_REPRESENTATION('',(#1410),#1414);
#1410 = LINE('',#1411,#1412);
#1411 = CARTESIAN_POINT('',(1.65,0.));
#1412 = VECTOR('',#1413,1.);
#1413 = DIRECTION('',(0.,-1.));
#1414 = ( GEOMETRIC_REPRESENTATION_CONTEXT(2) 
PARAMETRIC_REPRESENTATION_CONTEXT() REPRESENTATION_CONTEXT('2D SPACE',''
  ) );
#1415 = PCURVE('',#1416,#1421);
#1416 = CYLINDRICAL_SURFACE('',#1417,1.65);
#1417 = AXIS2_PLACEMENT_3D('',#1418,#1419,#1420);
#1418 = CARTESIAN_POINT('',(-5.E-02,-10.,13.65));
#1419 = DIRECTION('',(-0.,1.,0.));
#1420 = DIRECTION('',(-1.,-0.,0.));
#1421 = DEFINITIONAL_REPRESENTATION('',(#1422),#1426);
#1422 = LINE('',#1423,#1424);
#1423 = CARTESIAN_POINT('',(-0.,0.));
#1424 = VECTOR('',#1425,1.);
#1425 = DIRECTION('',(-0.,1.));
#1426 = ( GEOMETRIC_REPRESENTATION_CONTEXT(2) 
PARAMETRIC_REPRESENTATION_CONTEXT() REPRESENTATION_CONTEXT('2D SPACE',''
  ) );
#1427 = ORIENTED_EDGE('',*,*,#1428,.T.);
#1428 = EDGE_CURVE('',#1401,#175,#1429,.T.);
#1429 = SURFACE_CURVE('',#1430,(#1434,#1441),.PCURVE_S1.);
#1430 = LINE('',#1431,#1432);
#1431 = CARTESIAN_POINT('',(-1.7,-7.15,12.));
#1432 = VECTOR('',#1433,1.);
#1433 = DIRECTION('',(0.,0.,1.));
#1434 = PCURVE('',#189,#1435);
#1435 = DEFINITIONAL_REPRESENTATION('',(#1436),#1440);
#1436 = LINE('',#1437,#1438);
#1437 = CARTESIAN_POINT('',(0.,-2.85));
#1438 = VECTOR('',#1439,1.);
#1439 = DIRECTION('',(1.,0.));
#1440 = ( GEOMETRIC_REPRESENTATION_CONTEXT(2) 
PARAMETRIC_REPRESENTATION_CONTEXT() REPRESENTATION_CONTEXT('2D SPACE',''
  ) );
#1441 = PCURVE('',#217,#1442);
#1442 = DEFINITIONAL_REPRESENTATION('',(#1443),#1447);
#1443 = LINE('',#1444,#1445);
#1444 = CARTESIAN_POINT('',(-0.,0.));
#1445 = VECTOR('',#1446,1.);
#1446 = DIRECTION('',(-0.,1.));
#1447 = ( GEOMETRIC_REPRESENTATION_CONTEXT(2) 
PARAMETRIC_REPRESENTATION_CONTEXT() REPRESENTATION_CONTEXT('2D SPACE',''
  ) );
#1448 = ORIENTED_EDGE('',*,*,#174,.F.);
#1449 = ADVANCED_FACE('',(#1450),#352,.T.);
#1450 = FACE_BOUND('',#1451,.T.);
#1451 = EDGE_LOOP('',(#1452,#1480,#1481,#1482));
#1452 = ORIENTED_EDGE('',*,*,#1453,.F.);
#1453 = EDGE_CURVE('',#1346,#1454,#1456,.T.);
#1454 = VERTEX_POINT('',#1455);
#1455 = CARTESIAN_POINT('',(5.E-02,-10.,13.65));
#1456 = SURFACE_CURVE('',#1457,(#1461,#1468),.PCURVE_S1.);
#1457 = LINE('',#1458,#1459);
#1458 = CARTESIAN_POINT('',(-1.7,-10.,13.65));
#1459 = VECTOR('',#1460,1.);
#1460 = DIRECTION('',(1.,0.,-0.));
#1461 = PCURVE('',#352,#1462);
#1462 = DEFINITIONAL_REPRESENTATION('',(#1463),#1467);
#1463 = LINE('',#1464,#1465);
#1464 = CARTESIAN_POINT('',(1.65,0.));
#1465 = VECTOR('',#1466,1.);
#1466 = DIRECTION('',(0.,1.));
#1467 = ( GEOMETRIC_REPRESENTATION_CONTEXT(2) 
PARAMETRIC_REPRESENTATION_CONTEXT() REPRESENTATION_CONTEXT('2D SPACE',''
  ) );
#1468 = PCURVE('',#1469,#1474);
#1469 = CYLINDRICAL_SURFACE('',#1470,1.65);
#1470 = AXIS2_PLACEMENT_3D('',#1471,#1472,#1473);
#1471 = CARTESIAN_POINT('',(-1.7,-8.35,13.65));
#1472 = DIRECTION('',(1.,0.,-0.));
#1473 = DIRECTION('',(0.,-1.,0.));
#1474 = DEFINITIONAL_REPRESENTATION('',(#1475),#1479);
#1475 = LINE('',#1476,#1477);
#1476 = CARTESIAN_POINT('',(0.,0.));
#1477 = VECTOR('',#1478,1.);
#1478 = DIRECTION('',(0.,1.));
#1479 = ( GEOMETRIC_REPRESENTATION_CONTEXT(2) 
PARAMETRIC_REPRESENTATION_CONTEXT() REPRESENTATION_CONTEXT('2D SPACE',''
  ) );
#1480 = ORIENTED_EDGE('',*,*,#1374,.T.);
#1481 = ORIENTED_EDGE('',*,*,#339,.F.);
#1482 = ORIENTED_EDGE('',*,*,#1483,.F.);
#1483 = EDGE_CURVE('',#1454,#311,#1484,.T.);
#1484 = SURFACE_CURVE('',#1485,(#1489,#1496),.PCURVE_S1.);
#1485 = LINE('',#1486,#1487);
#1486 = CARTESIAN_POINT('',(5.E-02,-10.,12.));
#1487 = VECTOR('',#1488,1.);
#1488 = DIRECTION('',(0.,0.,1.));
#1489 = PCURVE('',#352,#1490);
#1490 = DEFINITIONAL_REPRESENTATION('',(#1491),#1495);
#1491 = LINE('',#1492,#1493);
#1492 = CARTESIAN_POINT('',(0.,1.75));
#1493 = VECTOR('',#1494,1.);
#1494 = DIRECTION('',(1.,0.));
#1495 = ( GEOMETRIC_REPRESENTATION_CONTEXT(2) 
PARAMETRIC_REPRESENTATION_CONTEXT() REPRESENTATION_CONTEXT('2D SPACE',''
  ) );
#1496 = PCURVE('',#327,#1497);
#1497 = DEFINITIONAL_REPRESENTATION('',(#1498),#1502);
#1498 = LINE('',#1499,#1500);
#1499 = CARTESIAN_POINT('',(-1.570796326795,0.));
#1500 = VECTOR('',#1501,1.);
#1501 = DIRECTION('',(-0.,1.));
#1502 = ( GEOMETRIC_REPRESENTATION_CONTEXT(2) 
PARAMETRIC_REPRESENTATION_CONTEXT() REPRESENTATION_CONTEXT('2D SPACE',''
  ) );
#1503 = ADVANCED_FACE('',(#1504),#217,.F.);
#1504 = FACE_BOUND('',#1505,.T.);
#1505 = EDGE_LOOP('',(#1506,#1507,#1536,#1562,#1591,#1612));
#1506 = ORIENTED_EDGE('',*,*,#1428,.F.);
#1507 = ORIENTED_EDGE('',*,*,#1508,.T.);
#1508 = EDGE_CURVE('',#1401,#1509,#1511,.T.);
#1509 = VERTEX_POINT('',#1510);
#1510 = CARTESIAN_POINT('',(-1.662394765656,-6.799738498142,13.65));
#1511 = SURFACE_CURVE('',#1512,(#1517,#1524),.PCURVE_S1.);
#1512 = CIRCLE('',#1513,1.65);
#1513 = AXIS2_PLACEMENT_3D('',#1514,#1515,#1516);
#1514 = CARTESIAN_POINT('',(-5.E-02,-7.15,13.65));
#1515 = DIRECTION('',(-0.,0.,-1.));
#1516 = DIRECTION('',(-1.,-1.345724878334E-16,0.));
#1517 = PCURVE('',#217,#1518);
#1518 = DEFINITIONAL_REPRESENTATION('',(#1519),#1523);
#1519 = LINE('',#1520,#1521);
#1520 = CARTESIAN_POINT('',(-0.,1.65));
#1521 = VECTOR('',#1522,1.);
#1522 = DIRECTION('',(-1.,0.));
#1523 = ( GEOMETRIC_REPRESENTATION_CONTEXT(2) 
PARAMETRIC_REPRESENTATION_CONTEXT() REPRESENTATION_CONTEXT('2D SPACE',''
  ) );
#1524 = PCURVE('',#1525,#1530);
#1525 = SPHERICAL_SURFACE('',#1526,1.65);
#1526 = AXIS2_PLACEMENT_3D('',#1527,#1528,#1529);
#1527 = CARTESIAN_POINT('',(-5.E-02,-7.15,13.65));
#1528 = DIRECTION('',(0.,0.,1.));
#1529 = DIRECTION('',(-1.,-1.345724878334E-16,0.));
#1530 = DEFINITIONAL_REPRESENTATION('',(#1531),#1535);
#1531 = LINE('',#1532,#1533);
#1532 = CARTESIAN_POINT('',(-0.,0.));
#1533 = VECTOR('',#1534,1.);
#1534 = DIRECTION('',(-1.,0.));
#1535 = ( GEOMETRIC_REPRESENTATION_CONTEXT(2) 
PARAMETRIC_REPRESENTATION_CONTEXT() REPRESENTATION_CONTEXT('2D SPACE',''
  ) );
#1536 = ORIENTED_EDGE('',*,*,#1537,.T.);
#1537 = EDGE_CURVE('',#1509,#1538,#1540,.T.);
#1538 = VERTEX_POINT('',#1539);
#1539 = CARTESIAN_POINT('',(-1.662394765656,-6.799738498142,13.7));
#1540 = SURFACE_CURVE('',#1541,(#1545,#1551),.PCURVE_S1.);
#1541 = LINE('',#1542,#1543);
#1542 = CARTESIAN_POINT('',(-1.662394765656,-6.799738498142,12.));
#1543 = VECTOR('',#1544,1.);
#1544 = DIRECTION('',(0.,0.,1.));
#1545 = PCURVE('',#217,#1546);
#1546 = DEFINITIONAL_REPRESENTATION('',(#1547),#1550);
#1547 = B_SPLINE_CURVE_WITH_KNOTS('',1,(#1548,#1549),.UNSPECIFIED.,.F.,
  .F.,(2,2),(1.6499994,1.7000006),.PIECEWISE_BEZIER_KNOTS.);
#1548 = CARTESIAN_POINT('',(-0.213907237635,1.6499994));
#1549 = CARTESIAN_POINT('',(-0.213907237635,1.7000006));
#1550 = ( GEOMETRIC_REPRESENTATION_CONTEXT(2) 
PARAMETRIC_REPRESENTATION_CONTEXT() REPRESENTATION_CONTEXT('2D SPACE',''
  ) );
#1551 = PCURVE('',#1552,#1557);
#1552 = CYLINDRICAL_SURFACE('',#1553,7.);
#1553 = AXIS2_PLACEMENT_3D('',#1554,#1555,#1556);
#1554 = CARTESIAN_POINT('',(0.,0.,12.1));
#1555 = DIRECTION('',(0.,0.,1.));
#1556 = DIRECTION('',(1.,0.,-0.));
#1557 = DEFINITIONAL_REPRESENTATION('',(#1558),#1561);
#1558 = B_SPLINE_CURVE_WITH_KNOTS('',1,(#1559,#1560),.UNSPECIFIED.,.F.,
  .F.,(2,2),(1.6499994,1.7000006),.PIECEWISE_BEZIER_KNOTS.);
#1559 = CARTESIAN_POINT('',(4.472613056808,1.5499994));
#1560 = CARTESIAN_POINT('',(4.472613056808,1.6000006));
#1561 = ( GEOMETRIC_REPRESENTATION_CONTEXT(2) 
PARAMETRIC_REPRESENTATION_CONTEXT() REPRESENTATION_CONTEXT('2D SPACE',''
  ) );
#1562 = ORIENTED_EDGE('',*,*,#1563,.F.);
#1563 = EDGE_CURVE('',#1564,#1538,#1566,.T.);
#1564 = VERTEX_POINT('',#1565);
#1565 = CARTESIAN_POINT('',(-5.E-02,-5.5,13.7));
#1566 = SURFACE_CURVE('',#1567,(#1572,#1579),.PCURVE_S1.);
#1567 = CIRCLE('',#1568,1.65);
#1568 = AXIS2_PLACEMENT_3D('',#1569,#1570,#1571);
#1569 = CARTESIAN_POINT('',(-5.E-02,-7.15,13.7));
#1570 = DIRECTION('',(0.,0.,1.));
#1571 = DIRECTION('',(-1.,-0.,0.));
#1572 = PCURVE('',#217,#1573);
#1573 = DEFINITIONAL_REPRESENTATION('',(#1574),#1578);
#1574 = LINE('',#1575,#1576);
#1575 = CARTESIAN_POINT('',(-6.28318530718,1.7));
#1576 = VECTOR('',#1577,1.);
#1577 = DIRECTION('',(1.,-0.));
#1578 = ( GEOMETRIC_REPRESENTATION_CONTEXT(2) 
PARAMETRIC_REPRESENTATION_CONTEXT() REPRESENTATION_CONTEXT('2D SPACE',''
  ) );
#1579 = PCURVE('',#1580,#1585);
#1580 = PLANE('',#1581);
#1581 = AXIS2_PLACEMENT_3D('',#1582,#1583,#1584);
#1582 = CARTESIAN_POINT('',(0.,0.,13.7));
#1583 = DIRECTION('',(0.,0.,1.));
#1584 = DIRECTION('',(1.,0.,-0.));
#1585 = DEFINITIONAL_REPRESENTATION('',(#1586),#1590);
#1586 = CIRCLE('',#1587,1.65);
#1587 = AXIS2_PLACEMENT_2D('',#1588,#1589);
#1588 = CARTESIAN_POINT('',(-5.E-02,-7.15));
#1589 = DIRECTION('',(-1.,0.));
#1590 = ( GEOMETRIC_REPRESENTATION_CONTEXT(2) 
PARAMETRIC_REPRESENTATION_CONTEXT() REPRESENTATION_CONTEXT('2D SPACE',''
  ) );
#1591 = ORIENTED_EDGE('',*,*,#1592,.T.);
#1592 = EDGE_CURVE('',#1564,#201,#1593,.T.);
#1593 = SURFACE_CURVE('',#1594,(#1598,#1605),.PCURVE_S1.);
#1594 = LINE('',#1595,#1596);
#1595 = CARTESIAN_POINT('',(-5.E-02,-5.5,12.));
#1596 = VECTOR('',#1597,1.);
#1597 = DIRECTION('',(0.,0.,1.));
#1598 = PCURVE('',#217,#1599);
#1599 = DEFINITIONAL_REPRESENTATION('',(#1600),#1604);
#1600 = LINE('',#1601,#1602);
#1601 = CARTESIAN_POINT('',(-1.570796326795,0.));
#1602 = VECTOR('',#1603,1.);
#1603 = DIRECTION('',(-0.,1.));
#1604 = ( GEOMETRIC_REPRESENTATION_CONTEXT(2) 
PARAMETRIC_REPRESENTATION_CONTEXT() REPRESENTATION_CONTEXT('2D SPACE',''
  ) );
#1605 = PCURVE('',#244,#1606);
#1606 = DEFINITIONAL_REPRESENTATION('',(#1607),#1611);
#1607 = LINE('',#1608,#1609);
#1608 = CARTESIAN_POINT('',(0.,1.65));
#1609 = VECTOR('',#1610,1.);
#1610 = DIRECTION('',(1.,0.));
#1611 = ( GEOMETRIC_REPRESENTATION_CONTEXT(2) 
PARAMETRIC_REPRESENTATION_CONTEXT() REPRESENTATION_CONTEXT('2D SPACE',''
  ) );
#1612 = ORIENTED_EDGE('',*,*,#200,.T.);
#1613 = ADVANCED_FACE('',(#1614),#327,.F.);
#1614 = FACE_BOUND('',#1615,.T.);
#1615 = EDGE_LOOP('',(#1616,#1639,#1666,#1667));
#1616 = ORIENTED_EDGE('',*,*,#1617,.F.);
#1617 = EDGE_CURVE('',#1618,#285,#1620,.T.);
#1618 = VERTEX_POINT('',#1619);
#1619 = CARTESIAN_POINT('',(1.7,-8.35,13.65));
#1620 = SURFACE_CURVE('',#1621,(#1625,#1632),.PCURVE_S1.);
#1621 = LINE('',#1622,#1623);
#1622 = CARTESIAN_POINT('',(1.7,-8.35,12.));
#1623 = VECTOR('',#1624,1.);
#1624 = DIRECTION('',(0.,0.,1.));
#1625 = PCURVE('',#327,#1626);
#1626 = DEFINITIONAL_REPRESENTATION('',(#1627),#1631);
#1627 = LINE('',#1628,#1629);
#1628 = CARTESIAN_POINT('',(-0.,0.));
#1629 = VECTOR('',#1630,1.);
#1630 = DIRECTION('',(-0.,1.));
#1631 = ( GEOMETRIC_REPRESENTATION_CONTEXT(2) 
PARAMETRIC_REPRESENTATION_CONTEXT() REPRESENTATION_CONTEXT('2D SPACE',''
  ) );
#1632 = PCURVE('',#299,#1633);
#1633 = DEFINITIONAL_REPRESENTATION('',(#1634),#1638);
#1634 = LINE('',#1635,#1636);
#1635 = CARTESIAN_POINT('',(0.,-1.65));
#1636 = VECTOR('',#1637,1.);
#1637 = DIRECTION('',(1.,0.));
#1638 = ( GEOMETRIC_REPRESENTATION_CONTEXT(2) 
PARAMETRIC_REPRESENTATION_CONTEXT() REPRESENTATION_CONTEXT('2D SPACE',''
  ) );
#1639 = ORIENTED_EDGE('',*,*,#1640,.T.);
#1640 = EDGE_CURVE('',#1618,#1454,#1641,.T.);
#1641 = SURFACE_CURVE('',#1642,(#1647,#1654),.PCURVE_S1.);
#1642 = CIRCLE('',#1643,1.65);
#1643 = AXIS2_PLACEMENT_3D('',#1644,#1645,#1646);
#1644 = CARTESIAN_POINT('',(5.E-02,-8.35,13.65));
#1645 = DIRECTION('',(0.,-0.,-1.));
#1646 = DIRECTION('',(1.,0.,-0.));
#1647 = PCURVE('',#327,#1648);
#1648 = DEFINITIONAL_REPRESENTATION('',(#1649),#1653);
#1649 = LINE('',#1650,#1651);
#1650 = CARTESIAN_POINT('',(-0.,1.65));
#1651 = VECTOR('',#1652,1.);
#1652 = DIRECTION('',(-1.,0.));
#1653 = ( GEOMETRIC_REPRESENTATION_CONTEXT(2) 
PARAMETRIC_REPRESENTATION_CONTEXT() REPRESENTATION_CONTEXT('2D SPACE',''
  ) );
#1654 = PCURVE('',#1655,#1660);
#1655 = SPHERICAL_SURFACE('',#1656,1.65);
#1656 = AXIS2_PLACEMENT_3D('',#1657,#1658,#1659);
#1657 = CARTESIAN_POINT('',(5.E-02,-8.35,13.65));
#1658 = DIRECTION('',(0.,0.,1.));
#1659 = DIRECTION('',(1.,0.,-0.));
#1660 = DEFINITIONAL_REPRESENTATION('',(#1661),#1665);
#1661 = LINE('',#1662,#1663);
#1662 = CARTESIAN_POINT('',(-0.,0.));
#1663 = VECTOR('',#1664,1.);
#1664 = DIRECTION('',(-1.,0.));
#1665 = ( GEOMETRIC_REPRESENTATION_CONTEXT(2) 
PARAMETRIC_REPRESENTATION_CONTEXT() REPRESENTATION_CONTEXT('2D SPACE',''
  ) );
#1666 = ORIENTED_EDGE('',*,*,#1483,.T.);
#1667 = ORIENTED_EDGE('',*,*,#310,.T.);
#1668 = ADVANCED_FACE('',(#1669),#244,.F.);
#1669 = FACE_BOUND('',#1670,.F.);
#1670 = EDGE_LOOP('',(#1671,#1692,#1693,#1694));
#1671 = ORIENTED_EDGE('',*,*,#1672,.F.);
#1672 = EDGE_CURVE('',#1564,#1673,#1675,.T.);
#1673 = VERTEX_POINT('',#1674);
#1674 = CARTESIAN_POINT('',(5.E-02,-5.5,13.7));
#1675 = SURFACE_CURVE('',#1676,(#1680,#1686),.PCURVE_S1.);
#1676 = LINE('',#1677,#1678);
#1677 = CARTESIAN_POINT('',(-0.85,-5.5,13.7));
#1678 = VECTOR('',#1679,1.);
#1679 = DIRECTION('',(1.,0.,-0.));
#1680 = PCURVE('',#244,#1681);
#1681 = DEFINITIONAL_REPRESENTATION('',(#1682),#1685);
#1682 = B_SPLINE_CURVE_WITH_KNOTS('',1,(#1683,#1684),.UNSPECIFIED.,.F.,
  .F.,(2,2),(0.8,0.9),.PIECEWISE_BEZIER_KNOTS.);
#1683 = CARTESIAN_POINT('',(1.7,1.65));
#1684 = CARTESIAN_POINT('',(1.7,1.75));
#1685 = ( GEOMETRIC_REPRESENTATION_CONTEXT(2) 
PARAMETRIC_REPRESENTATION_CONTEXT() REPRESENTATION_CONTEXT('2D SPACE',''
  ) );
#1686 = PCURVE('',#1580,#1687);
#1687 = DEFINITIONAL_REPRESENTATION('',(#1688),#1691);
#1688 = B_SPLINE_CURVE_WITH_KNOTS('',1,(#1689,#1690),.UNSPECIFIED.,.F.,
  .F.,(2,2),(0.8,0.9),.PIECEWISE_BEZIER_KNOTS.);
#1689 = CARTESIAN_POINT('',(-5.E-02,-5.5));
#1690 = CARTESIAN_POINT('',(5.E-02,-5.5));
#1691 = ( GEOMETRIC_REPRESENTATION_CONTEXT(2) 
PARAMETRIC_REPRESENTATION_CONTEXT() REPRESENTATION_CONTEXT('2D SPACE',''
  ) );
#1692 = ORIENTED_EDGE('',*,*,#1592,.T.);
#1693 = ORIENTED_EDGE('',*,*,#229,.F.);
#1694 = ORIENTED_EDGE('',*,*,#1695,.F.);
#1695 = EDGE_CURVE('',#1673,#230,#1696,.T.);
#1696 = SURFACE_CURVE('',#1697,(#1701,#1708),.PCURVE_S1.);
#1697 = LINE('',#1698,#1699);
#1698 = CARTESIAN_POINT('',(5.E-02,-5.5,12.));
#1699 = VECTOR('',#1700,1.);
#1700 = DIRECTION('',(0.,0.,1.));
#1701 = PCURVE('',#244,#1702);
#1702 = DEFINITIONAL_REPRESENTATION('',(#1703),#1707);
#1703 = LINE('',#1704,#1705);
#1704 = CARTESIAN_POINT('',(0.,1.75));
#1705 = VECTOR('',#1706,1.);
#1706 = DIRECTION('',(1.,0.));
#1707 = ( GEOMETRIC_REPRESENTATION_CONTEXT(2) 
PARAMETRIC_REPRESENTATION_CONTEXT() REPRESENTATION_CONTEXT('2D SPACE',''
  ) );
#1708 = PCURVE('',#272,#1709);
#1709 = DEFINITIONAL_REPRESENTATION('',(#1710),#1714);
#1710 = LINE('',#1711,#1712);
#1711 = CARTESIAN_POINT('',(1.570796326795,0.));
#1712 = VECTOR('',#1713,1.);
#1713 = DIRECTION('',(0.,1.));
#1714 = ( GEOMETRIC_REPRESENTATION_CONTEXT(2) 
PARAMETRIC_REPRESENTATION_CONTEXT() REPRESENTATION_CONTEXT('2D SPACE',''
  ) );
#1715 = ADVANCED_FACE('',(#1716),#299,.F.);
#1716 = FACE_BOUND('',#1717,.F.);
#1717 = EDGE_LOOP('',(#1718,#1719,#1747,#1768));
#1718 = ORIENTED_EDGE('',*,*,#1617,.F.);
#1719 = ORIENTED_EDGE('',*,*,#1720,.T.);
#1720 = EDGE_CURVE('',#1618,#1721,#1723,.T.);
#1721 = VERTEX_POINT('',#1722);
#1722 = CARTESIAN_POINT('',(1.7,-7.15,13.65));
#1723 = SURFACE_CURVE('',#1724,(#1728,#1735),.PCURVE_S1.);
#1724 = LINE('',#1725,#1726);
#1725 = CARTESIAN_POINT('',(1.7,-10.,13.65));
#1726 = VECTOR('',#1727,1.);
#1727 = DIRECTION('',(-0.,1.,0.));
#1728 = PCURVE('',#299,#1729);
#1729 = DEFINITIONAL_REPRESENTATION('',(#1730),#1734);
#1730 = LINE('',#1731,#1732);
#1731 = CARTESIAN_POINT('',(1.65,0.));
#1732 = VECTOR('',#1733,1.);
#1733 = DIRECTION('',(0.,-1.));
#1734 = ( GEOMETRIC_REPRESENTATION_CONTEXT(2) 
PARAMETRIC_REPRESENTATION_CONTEXT() REPRESENTATION_CONTEXT('2D SPACE',''
  ) );
#1735 = PCURVE('',#1736,#1741);
#1736 = CYLINDRICAL_SURFACE('',#1737,1.65);
#1737 = AXIS2_PLACEMENT_3D('',#1738,#1739,#1740);
#1738 = CARTESIAN_POINT('',(5.E-02,-10.,13.65));
#1739 = DIRECTION('',(-0.,1.,0.));
#1740 = DIRECTION('',(1.,0.,-0.));
#1741 = DEFINITIONAL_REPRESENTATION('',(#1742),#1746);
#1742 = LINE('',#1743,#1744);
#1743 = CARTESIAN_POINT('',(0.,0.));
#1744 = VECTOR('',#1745,1.);
#1745 = DIRECTION('',(0.,1.));
#1746 = ( GEOMETRIC_REPRESENTATION_CONTEXT(2) 
PARAMETRIC_REPRESENTATION_CONTEXT() REPRESENTATION_CONTEXT('2D SPACE',''
  ) );
#1747 = ORIENTED_EDGE('',*,*,#1748,.T.);
#1748 = EDGE_CURVE('',#1721,#256,#1749,.T.);
#1749 = SURFACE_CURVE('',#1750,(#1754,#1761),.PCURVE_S1.);
#1750 = LINE('',#1751,#1752);
#1751 = CARTESIAN_POINT('',(1.7,-7.15,12.));
#1752 = VECTOR('',#1753,1.);
#1753 = DIRECTION('',(0.,0.,1.));
#1754 = PCURVE('',#299,#1755);
#1755 = DEFINITIONAL_REPRESENTATION('',(#1756),#1760);
#1756 = LINE('',#1757,#1758);
#1757 = CARTESIAN_POINT('',(0.,-2.85));
#1758 = VECTOR('',#1759,1.);
#1759 = DIRECTION('',(1.,0.));
#1760 = ( GEOMETRIC_REPRESENTATION_CONTEXT(2) 
PARAMETRIC_REPRESENTATION_CONTEXT() REPRESENTATION_CONTEXT('2D SPACE',''
  ) );
#1761 = PCURVE('',#272,#1762);
#1762 = DEFINITIONAL_REPRESENTATION('',(#1763),#1767);
#1763 = LINE('',#1764,#1765);
#1764 = CARTESIAN_POINT('',(0.,0.));
#1765 = VECTOR('',#1766,1.);
#1766 = DIRECTION('',(0.,1.));
#1767 = ( GEOMETRIC_REPRESENTATION_CONTEXT(2) 
PARAMETRIC_REPRESENTATION_CONTEXT() REPRESENTATION_CONTEXT('2D SPACE',''
  ) );
#1768 = ORIENTED_EDGE('',*,*,#284,.F.);
#1769 = ADVANCED_FACE('',(#1770),#272,.F.);
#1770 = FACE_BOUND('',#1771,.F.);
#1771 = EDGE_LOOP('',(#1772,#1773,#1802,#1828,#1850,#1851));
#1772 = ORIENTED_EDGE('',*,*,#1748,.F.);
#1773 = ORIENTED_EDGE('',*,*,#1774,.T.);
#1774 = EDGE_CURVE('',#1721,#1775,#1777,.T.);
#1775 = VERTEX_POINT('',#1776);
#1776 = CARTESIAN_POINT('',(1.662394765656,-6.799738498142,13.65));
#1777 = SURFACE_CURVE('',#1778,(#1783,#1790),.PCURVE_S1.);
#1778 = CIRCLE('',#1779,1.65);
#1779 = AXIS2_PLACEMENT_3D('',#1780,#1781,#1782);
#1780 = CARTESIAN_POINT('',(5.E-02,-7.15,13.65));
#1781 = DIRECTION('',(0.,0.,1.));
#1782 = DIRECTION('',(1.,-1.345724878334E-16,0.));
#1783 = PCURVE('',#272,#1784);
#1784 = DEFINITIONAL_REPRESENTATION('',(#1785),#1789);
#1785 = LINE('',#1786,#1787);
#1786 = CARTESIAN_POINT('',(0.,1.65));
#1787 = VECTOR('',#1788,1.);
#1788 = DIRECTION('',(1.,0.));
#1789 = ( GEOMETRIC_REPRESENTATION_CONTEXT(2) 
PARAMETRIC_REPRESENTATION_CONTEXT() REPRESENTATION_CONTEXT('2D SPACE',''
  ) );
#1790 = PCURVE('',#1791,#1796);
#1791 = SPHERICAL_SURFACE('',#1792,1.65);
#1792 = AXIS2_PLACEMENT_3D('',#1793,#1794,#1795);
#1793 = CARTESIAN_POINT('',(5.E-02,-7.15,13.65));
#1794 = DIRECTION('',(0.,0.,1.));
#1795 = DIRECTION('',(1.,-1.345724878334E-16,0.));
#1796 = DEFINITIONAL_REPRESENTATION('',(#1797),#1801);
#1797 = LINE('',#1798,#1799);
#1798 = CARTESIAN_POINT('',(0.,0.));
#1799 = VECTOR('',#1800,1.);
#1800 = DIRECTION('',(1.,0.));
#1801 = ( GEOMETRIC_REPRESENTATION_CONTEXT(2) 
PARAMETRIC_REPRESENTATION_CONTEXT() REPRESENTATION_CONTEXT('2D SPACE',''
  ) );
#1802 = ORIENTED_EDGE('',*,*,#1803,.T.);
#1803 = EDGE_CURVE('',#1775,#1804,#1806,.T.);
#1804 = VERTEX_POINT('',#1805);
#1805 = CARTESIAN_POINT('',(1.662394765656,-6.799738498142,13.7));
#1806 = SURFACE_CURVE('',#1807,(#1811,#1817),.PCURVE_S1.);
#1807 = LINE('',#1808,#1809);
#1808 = CARTESIAN_POINT('',(1.662394765656,-6.799738498142,12.));
#1809 = VECTOR('',#1810,1.);
#1810 = DIRECTION('',(0.,0.,1.));
#1811 = PCURVE('',#272,#1812);
#1812 = DEFINITIONAL_REPRESENTATION('',(#1813),#1816);
#1813 = B_SPLINE_CURVE_WITH_KNOTS('',1,(#1814,#1815),.UNSPECIFIED.,.F.,
  .F.,(2,2),(1.6499994,1.7000006),.PIECEWISE_BEZIER_KNOTS.);
#1814 = CARTESIAN_POINT('',(0.213907237635,1.6499994));
#1815 = CARTESIAN_POINT('',(0.213907237635,1.7000006));
#1816 = ( GEOMETRIC_REPRESENTATION_CONTEXT(2) 
PARAMETRIC_REPRESENTATION_CONTEXT() REPRESENTATION_CONTEXT('2D SPACE',''
  ) );
#1817 = PCURVE('',#1818,#1823);
#1818 = CYLINDRICAL_SURFACE('',#1819,7.);
#1819 = AXIS2_PLACEMENT_3D('',#1820,#1821,#1822);
#1820 = CARTESIAN_POINT('',(0.,0.,12.1));
#1821 = DIRECTION('',(0.,0.,1.));
#1822 = DIRECTION('',(1.,0.,-0.));
#1823 = DEFINITIONAL_REPRESENTATION('',(#1824),#1827);
#1824 = B_SPLINE_CURVE_WITH_KNOTS('',1,(#1825,#1826),.UNSPECIFIED.,.F.,
  .F.,(2,2),(1.6499994,1.7000006),.PIECEWISE_BEZIER_KNOTS.);
#1825 = CARTESIAN_POINT('',(4.952164903962,1.5499994));
#1826 = CARTESIAN_POINT('',(4.952164903962,1.6000006));
#1827 = ( GEOMETRIC_REPRESENTATION_CONTEXT(2) 
PARAMETRIC_REPRESENTATION_CONTEXT() REPRESENTATION_CONTEXT('2D SPACE',''
  ) );
#1828 = ORIENTED_EDGE('',*,*,#1829,.T.);
#1829 = EDGE_CURVE('',#1804,#1673,#1830,.T.);
#1830 = SURFACE_CURVE('',#1831,(#1836,#1843),.PCURVE_S1.);
#1831 = CIRCLE('',#1832,1.65);
#1832 = AXIS2_PLACEMENT_3D('',#1833,#1834,#1835);
#1833 = CARTESIAN_POINT('',(5.E-02,-7.15,13.7));
#1834 = DIRECTION('',(0.,0.,1.));
#1835 = DIRECTION('',(1.,0.,-0.));
#1836 = PCURVE('',#272,#1837);
#1837 = DEFINITIONAL_REPRESENTATION('',(#1838),#1842);
#1838 = LINE('',#1839,#1840);
#1839 = CARTESIAN_POINT('',(0.,1.7));
#1840 = VECTOR('',#1841,1.);
#1841 = DIRECTION('',(1.,0.));
#1842 = ( GEOMETRIC_REPRESENTATION_CONTEXT(2) 
PARAMETRIC_REPRESENTATION_CONTEXT() REPRESENTATION_CONTEXT('2D SPACE',''
  ) );
#1843 = PCURVE('',#1580,#1844);
#1844 = DEFINITIONAL_REPRESENTATION('',(#1845),#1849);
#1845 = CIRCLE('',#1846,1.65);
#1846 = AXIS2_PLACEMENT_2D('',#1847,#1848);
#1847 = CARTESIAN_POINT('',(5.E-02,-7.15));
#1848 = DIRECTION('',(1.,0.));
#1849 = ( GEOMETRIC_REPRESENTATION_CONTEXT(2) 
PARAMETRIC_REPRESENTATION_CONTEXT() REPRESENTATION_CONTEXT('2D SPACE',''
  ) );
#1850 = ORIENTED_EDGE('',*,*,#1695,.T.);
#1851 = ORIENTED_EDGE('',*,*,#255,.F.);
#1852 = ADVANCED_FACE('',(#1853),#382,.F.);
#1853 = FACE_BOUND('',#1854,.F.);
#1854 = EDGE_LOOP('',(#1855,#1876,#1877,#1878));
#1855 = ORIENTED_EDGE('',*,*,#1856,.T.);
#1856 = EDGE_CURVE('',#1186,#366,#1857,.T.);
#1857 = SEAM_CURVE('',#1858,(#1862,#1869),.PCURVE_S1.);
#1858 = LINE('',#1859,#1860);
#1859 = CARTESIAN_POINT('',(11.953048327205,-10.2530483272,9.));
#1860 = VECTOR('',#1861,1.);
#1861 = DIRECTION('',(0.,0.,1.));
#1862 = PCURVE('',#382,#1863);
#1863 = DEFINITIONAL_REPRESENTATION('',(#1864),#1868);
#1864 = LINE('',#1865,#1866);
#1865 = CARTESIAN_POINT('',(6.28318530718,-0.));
#1866 = VECTOR('',#1867,1.);
#1867 = DIRECTION('',(0.,1.));
#1868 = ( GEOMETRIC_REPRESENTATION_CONTEXT(2) 
PARAMETRIC_REPRESENTATION_CONTEXT() REPRESENTATION_CONTEXT('2D SPACE',''
  ) );
#1869 = PCURVE('',#382,#1870);
#1870 = DEFINITIONAL_REPRESENTATION('',(#1871),#1875);
#1871 = LINE('',#1872,#1873);
#1872 = CARTESIAN_POINT('',(0.,-0.));
#1873 = VECTOR('',#1874,1.);
#1874 = DIRECTION('',(0.,1.));
#1875 = ( GEOMETRIC_REPRESENTATION_CONTEXT(2) 
PARAMETRIC_REPRESENTATION_CONTEXT() REPRESENTATION_CONTEXT('2D SPACE',''
  ) );
#1876 = ORIENTED_EDGE('',*,*,#365,.F.);
#1877 = ORIENTED_EDGE('',*,*,#1856,.F.);
#1878 = ORIENTED_EDGE('',*,*,#1185,.T.);
#1879 = ADVANCED_FACE('',(#1880),#415,.F.);
#1880 = FACE_BOUND('',#1881,.F.);
#1881 = EDGE_LOOP('',(#1882,#1905,#1934,#1955));
#1882 = ORIENTED_EDGE('',*,*,#1883,.F.);
#1883 = EDGE_CURVE('',#1884,#397,#1886,.T.);
#1884 = VERTEX_POINT('',#1885);
#1885 = CARTESIAN_POINT('',(-10.,-5.E-02,13.65));
#1886 = SURFACE_CURVE('',#1887,(#1891,#1898),.PCURVE_S1.);
#1887 = LINE('',#1888,#1889);
#1888 = CARTESIAN_POINT('',(-10.,-5.E-02,12.));
#1889 = VECTOR('',#1890,1.);
#1890 = DIRECTION('',(0.,0.,1.));
#1891 = PCURVE('',#415,#1892);
#1892 = DEFINITIONAL_REPRESENTATION('',(#1893),#1897);
#1893 = LINE('',#1894,#1895);
#1894 = CARTESIAN_POINT('',(0.,0.));
#1895 = VECTOR('',#1896,1.);
#1896 = DIRECTION('',(0.,1.));
#1897 = ( GEOMETRIC_REPRESENTATION_CONTEXT(2) 
PARAMETRIC_REPRESENTATION_CONTEXT() REPRESENTATION_CONTEXT('2D SPACE',''
  ) );
#1898 = PCURVE('',#442,#1899);
#1899 = DEFINITIONAL_REPRESENTATION('',(#1900),#1904);
#1900 = LINE('',#1901,#1902);
#1901 = CARTESIAN_POINT('',(0.,-1.65));
#1902 = VECTOR('',#1903,1.);
#1903 = DIRECTION('',(1.,0.));
#1904 = ( GEOMETRIC_REPRESENTATION_CONTEXT(2) 
PARAMETRIC_REPRESENTATION_CONTEXT() REPRESENTATION_CONTEXT('2D SPACE',''
  ) );
#1905 = ORIENTED_EDGE('',*,*,#1906,.T.);
#1906 = EDGE_CURVE('',#1884,#1907,#1909,.T.);
#1907 = VERTEX_POINT('',#1908);
#1908 = CARTESIAN_POINT('',(-8.35,-1.7,13.65));
#1909 = SURFACE_CURVE('',#1910,(#1915,#1922),.PCURVE_S1.);
#1910 = CIRCLE('',#1911,1.65);
#1911 = AXIS2_PLACEMENT_3D('',#1912,#1913,#1914);
#1912 = CARTESIAN_POINT('',(-8.35,-5.E-02,13.65));
#1913 = DIRECTION('',(0.,0.,1.));
#1914 = DIRECTION('',(-1.,0.,0.));
#1915 = PCURVE('',#415,#1916);
#1916 = DEFINITIONAL_REPRESENTATION('',(#1917),#1921);
#1917 = LINE('',#1918,#1919);
#1918 = CARTESIAN_POINT('',(0.,1.65));
#1919 = VECTOR('',#1920,1.);
#1920 = DIRECTION('',(1.,0.));
#1921 = ( GEOMETRIC_REPRESENTATION_CONTEXT(2) 
PARAMETRIC_REPRESENTATION_CONTEXT() REPRESENTATION_CONTEXT('2D SPACE',''
  ) );
#1922 = PCURVE('',#1923,#1928);
#1923 = SPHERICAL_SURFACE('',#1924,1.65);
#1924 = AXIS2_PLACEMENT_3D('',#1925,#1926,#1927);
#1925 = CARTESIAN_POINT('',(-8.35,-5.E-02,13.65));
#1926 = DIRECTION('',(0.,0.,1.));
#1927 = DIRECTION('',(-1.,0.,0.));
#1928 = DEFINITIONAL_REPRESENTATION('',(#1929),#1933);
#1929 = LINE('',#1930,#1931);
#1930 = CARTESIAN_POINT('',(0.,0.));
#1931 = VECTOR('',#1932,1.);
#1932 = DIRECTION('',(1.,0.));
#1933 = ( GEOMETRIC_REPRESENTATION_CONTEXT(2) 
PARAMETRIC_REPRESENTATION_CONTEXT() REPRESENTATION_CONTEXT('2D SPACE',''
  ) );
#1934 = ORIENTED_EDGE('',*,*,#1935,.T.);
#1935 = EDGE_CURVE('',#1907,#399,#1936,.T.);
#1936 = SURFACE_CURVE('',#1937,(#1941,#1948),.PCURVE_S1.);
#1937 = LINE('',#1938,#1939);
#1938 = CARTESIAN_POINT('',(-8.35,-1.7,12.));
#1939 = VECTOR('',#1940,1.);
#1940 = DIRECTION('',(0.,0.,1.));
#1941 = PCURVE('',#415,#1942);
#1942 = DEFINITIONAL_REPRESENTATION('',(#1943),#1947);
#1943 = LINE('',#1944,#1945);
#1944 = CARTESIAN_POINT('',(1.570796326795,0.));
#1945 = VECTOR('',#1946,1.);
#1946 = DIRECTION('',(0.,1.));
#1947 = ( GEOMETRIC_REPRESENTATION_CONTEXT(2) 
PARAMETRIC_REPRESENTATION_CONTEXT() REPRESENTATION_CONTEXT('2D SPACE',''
  ) );
#1948 = PCURVE('',#605,#1949);
#1949 = DEFINITIONAL_REPRESENTATION('',(#1950),#1954);
#1950 = LINE('',#1951,#1952);
#1951 = CARTESIAN_POINT('',(0.,1.65));
#1952 = VECTOR('',#1953,1.);
#1953 = DIRECTION('',(1.,0.));
#1954 = ( GEOMETRIC_REPRESENTATION_CONTEXT(2) 
PARAMETRIC_REPRESENTATION_CONTEXT() REPRESENTATION_CONTEXT('2D SPACE',''
  ) );
#1955 = ORIENTED_EDGE('',*,*,#396,.F.);
#1956 = ADVANCED_FACE('',(#1957),#442,.T.);
#1957 = FACE_BOUND('',#1958,.T.);
#1958 = EDGE_LOOP('',(#1959,#1960,#1988,#2009));
#1959 = ORIENTED_EDGE('',*,*,#1883,.F.);
#1960 = ORIENTED_EDGE('',*,*,#1961,.T.);
#1961 = EDGE_CURVE('',#1884,#1962,#1964,.T.);
#1962 = VERTEX_POINT('',#1963);
#1963 = CARTESIAN_POINT('',(-10.,5.E-02,13.65));
#1964 = SURFACE_CURVE('',#1965,(#1969,#1976),.PCURVE_S1.);
#1965 = LINE('',#1966,#1967);
#1966 = CARTESIAN_POINT('',(-10.,-1.7,13.65));
#1967 = VECTOR('',#1968,1.);
#1968 = DIRECTION('',(-0.,1.,0.));
#1969 = PCURVE('',#442,#1970);
#1970 = DEFINITIONAL_REPRESENTATION('',(#1971),#1975);
#1971 = LINE('',#1972,#1973);
#1972 = CARTESIAN_POINT('',(1.65,0.));
#1973 = VECTOR('',#1974,1.);
#1974 = DIRECTION('',(0.,-1.));
#1975 = ( GEOMETRIC_REPRESENTATION_CONTEXT(2) 
PARAMETRIC_REPRESENTATION_CONTEXT() REPRESENTATION_CONTEXT('2D SPACE',''
  ) );
#1976 = PCURVE('',#1977,#1982);
#1977 = CYLINDRICAL_SURFACE('',#1978,1.65);
#1978 = AXIS2_PLACEMENT_3D('',#1979,#1980,#1981);
#1979 = CARTESIAN_POINT('',(-8.35,-1.7,13.65));
#1980 = DIRECTION('',(-0.,1.,0.));
#1981 = DIRECTION('',(-1.,-0.,0.));
#1982 = DEFINITIONAL_REPRESENTATION('',(#1983),#1987);
#1983 = LINE('',#1984,#1985);
#1984 = CARTESIAN_POINT('',(-0.,0.));
#1985 = VECTOR('',#1986,1.);
#1986 = DIRECTION('',(-0.,1.));
#1987 = ( GEOMETRIC_REPRESENTATION_CONTEXT(2) 
PARAMETRIC_REPRESENTATION_CONTEXT() REPRESENTATION_CONTEXT('2D SPACE',''
  ) );
#1988 = ORIENTED_EDGE('',*,*,#1989,.T.);
#1989 = EDGE_CURVE('',#1962,#428,#1990,.T.);
#1990 = SURFACE_CURVE('',#1991,(#1995,#2002),.PCURVE_S1.);
#1991 = LINE('',#1992,#1993);
#1992 = CARTESIAN_POINT('',(-10.,5.E-02,12.));
#1993 = VECTOR('',#1994,1.);
#1994 = DIRECTION('',(0.,0.,1.));
#1995 = PCURVE('',#442,#1996);
#1996 = DEFINITIONAL_REPRESENTATION('',(#1997),#2001);
#1997 = LINE('',#1998,#1999);
#1998 = CARTESIAN_POINT('',(0.,-1.75));
#1999 = VECTOR('',#2000,1.);
#2000 = DIRECTION('',(1.,0.));
#2001 = ( GEOMETRIC_REPRESENTATION_CONTEXT(2) 
PARAMETRIC_REPRESENTATION_CONTEXT() REPRESENTATION_CONTEXT('2D SPACE',''
  ) );
#2002 = PCURVE('',#470,#2003);
#2003 = DEFINITIONAL_REPRESENTATION('',(#2004),#2008);
#2004 = LINE('',#2005,#2006);
#2005 = CARTESIAN_POINT('',(-0.,0.));
#2006 = VECTOR('',#2007,1.);
#2007 = DIRECTION('',(-0.,1.));
#2008 = ( GEOMETRIC_REPRESENTATION_CONTEXT(2) 
PARAMETRIC_REPRESENTATION_CONTEXT() REPRESENTATION_CONTEXT('2D SPACE',''
  ) );
#2009 = ORIENTED_EDGE('',*,*,#427,.F.);
#2010 = ADVANCED_FACE('',(#2011),#605,.T.);
#2011 = FACE_BOUND('',#2012,.T.);
#2012 = EDGE_LOOP('',(#2013,#2041,#2042,#2043));
#2013 = ORIENTED_EDGE('',*,*,#2014,.F.);
#2014 = EDGE_CURVE('',#1907,#2015,#2017,.T.);
#2015 = VERTEX_POINT('',#2016);
#2016 = CARTESIAN_POINT('',(-7.15,-1.7,13.65));
#2017 = SURFACE_CURVE('',#2018,(#2022,#2029),.PCURVE_S1.);
#2018 = LINE('',#2019,#2020);
#2019 = CARTESIAN_POINT('',(-10.,-1.7,13.65));
#2020 = VECTOR('',#2021,1.);
#2021 = DIRECTION('',(1.,0.,-0.));
#2022 = PCURVE('',#605,#2023);
#2023 = DEFINITIONAL_REPRESENTATION('',(#2024),#2028);
#2024 = LINE('',#2025,#2026);
#2025 = CARTESIAN_POINT('',(1.65,0.));
#2026 = VECTOR('',#2027,1.);
#2027 = DIRECTION('',(0.,1.));
#2028 = ( GEOMETRIC_REPRESENTATION_CONTEXT(2) 
PARAMETRIC_REPRESENTATION_CONTEXT() REPRESENTATION_CONTEXT('2D SPACE',''
  ) );
#2029 = PCURVE('',#2030,#2035);
#2030 = CYLINDRICAL_SURFACE('',#2031,1.65);
#2031 = AXIS2_PLACEMENT_3D('',#2032,#2033,#2034);
#2032 = CARTESIAN_POINT('',(-10.,-5.E-02,13.65));
#2033 = DIRECTION('',(1.,0.,-0.));
#2034 = DIRECTION('',(0.,-1.,0.));
#2035 = DEFINITIONAL_REPRESENTATION('',(#2036),#2040);
#2036 = LINE('',#2037,#2038);
#2037 = CARTESIAN_POINT('',(0.,0.));
#2038 = VECTOR('',#2039,1.);
#2039 = DIRECTION('',(0.,1.));
#2040 = ( GEOMETRIC_REPRESENTATION_CONTEXT(2) 
PARAMETRIC_REPRESENTATION_CONTEXT() REPRESENTATION_CONTEXT('2D SPACE',''
  ) );
#2041 = ORIENTED_EDGE('',*,*,#1935,.T.);
#2042 = ORIENTED_EDGE('',*,*,#592,.F.);
#2043 = ORIENTED_EDGE('',*,*,#2044,.F.);
#2044 = EDGE_CURVE('',#2015,#564,#2045,.T.);
#2045 = SURFACE_CURVE('',#2046,(#2050,#2057),.PCURVE_S1.);
#2046 = LINE('',#2047,#2048);
#2047 = CARTESIAN_POINT('',(-7.15,-1.7,12.));
#2048 = VECTOR('',#2049,1.);
#2049 = DIRECTION('',(0.,0.,1.));
#2050 = PCURVE('',#605,#2051);
#2051 = DEFINITIONAL_REPRESENTATION('',(#2052),#2056);
#2052 = LINE('',#2053,#2054);
#2053 = CARTESIAN_POINT('',(0.,2.85));
#2054 = VECTOR('',#2055,1.);
#2055 = DIRECTION('',(1.,0.));
#2056 = ( GEOMETRIC_REPRESENTATION_CONTEXT(2) 
PARAMETRIC_REPRESENTATION_CONTEXT() REPRESENTATION_CONTEXT('2D SPACE',''
  ) );
#2057 = PCURVE('',#580,#2058);
#2058 = DEFINITIONAL_REPRESENTATION('',(#2059),#2063);
#2059 = LINE('',#2060,#2061);
#2060 = CARTESIAN_POINT('',(-1.570796326795,0.));
#2061 = VECTOR('',#2062,1.);
#2062 = DIRECTION('',(-0.,1.));
#2063 = ( GEOMETRIC_REPRESENTATION_CONTEXT(2) 
PARAMETRIC_REPRESENTATION_CONTEXT() REPRESENTATION_CONTEXT('2D SPACE',''
  ) );
#2064 = ADVANCED_FACE('',(#2065),#470,.F.);
#2065 = FACE_BOUND('',#2066,.T.);
#2066 = EDGE_LOOP('',(#2067,#2068,#2097,#2118));
#2067 = ORIENTED_EDGE('',*,*,#1989,.F.);
#2068 = ORIENTED_EDGE('',*,*,#2069,.T.);
#2069 = EDGE_CURVE('',#1962,#2070,#2072,.T.);
#2070 = VERTEX_POINT('',#2071);
#2071 = CARTESIAN_POINT('',(-8.35,1.7,13.65));
#2072 = SURFACE_CURVE('',#2073,(#2078,#2085),.PCURVE_S1.);
#2073 = CIRCLE('',#2074,1.65);
#2074 = AXIS2_PLACEMENT_3D('',#2075,#2076,#2077);
#2075 = CARTESIAN_POINT('',(-8.35,5.E-02,13.65));
#2076 = DIRECTION('',(-0.,0.,-1.));
#2077 = DIRECTION('',(-1.,0.,0.));
#2078 = PCURVE('',#470,#2079);
#2079 = DEFINITIONAL_REPRESENTATION('',(#2080),#2084);
#2080 = LINE('',#2081,#2082);
#2081 = CARTESIAN_POINT('',(-0.,1.65));
#2082 = VECTOR('',#2083,1.);
#2083 = DIRECTION('',(-1.,0.));
#2084 = ( GEOMETRIC_REPRESENTATION_CONTEXT(2) 
PARAMETRIC_REPRESENTATION_CONTEXT() REPRESENTATION_CONTEXT('2D SPACE',''
  ) );
#2085 = PCURVE('',#2086,#2091);
#2086 = SPHERICAL_SURFACE('',#2087,1.65);
#2087 = AXIS2_PLACEMENT_3D('',#2088,#2089,#2090);
#2088 = CARTESIAN_POINT('',(-8.35,5.E-02,13.65));
#2089 = DIRECTION('',(0.,0.,1.));
#2090 = DIRECTION('',(-1.,0.,0.));
#2091 = DEFINITIONAL_REPRESENTATION('',(#2092),#2096);
#2092 = LINE('',#2093,#2094);
#2093 = CARTESIAN_POINT('',(-0.,0.));
#2094 = VECTOR('',#2095,1.);
#2095 = DIRECTION('',(-1.,0.));
#2096 = ( GEOMETRIC_REPRESENTATION_CONTEXT(2) 
PARAMETRIC_REPRESENTATION_CONTEXT() REPRESENTATION_CONTEXT('2D SPACE',''
  ) );
#2097 = ORIENTED_EDGE('',*,*,#2098,.T.);
#2098 = EDGE_CURVE('',#2070,#454,#2099,.T.);
#2099 = SURFACE_CURVE('',#2100,(#2104,#2111),.PCURVE_S1.);
#2100 = LINE('',#2101,#2102);
#2101 = CARTESIAN_POINT('',(-8.35,1.7,12.));
#2102 = VECTOR('',#2103,1.);
#2103 = DIRECTION('',(0.,0.,1.));
#2104 = PCURVE('',#470,#2105);
#2105 = DEFINITIONAL_REPRESENTATION('',(#2106),#2110);
#2106 = LINE('',#2107,#2108);
#2107 = CARTESIAN_POINT('',(-1.570796326795,0.));
#2108 = VECTOR('',#2109,1.);
#2109 = DIRECTION('',(-0.,1.));
#2110 = ( GEOMETRIC_REPRESENTATION_CONTEXT(2) 
PARAMETRIC_REPRESENTATION_CONTEXT() REPRESENTATION_CONTEXT('2D SPACE',''
  ) );
#2111 = PCURVE('',#497,#2112);
#2112 = DEFINITIONAL_REPRESENTATION('',(#2113),#2117);
#2113 = LINE('',#2114,#2115);
#2114 = CARTESIAN_POINT('',(0.,1.65));
#2115 = VECTOR('',#2116,1.);
#2116 = DIRECTION('',(1.,0.));
#2117 = ( GEOMETRIC_REPRESENTATION_CONTEXT(2) 
PARAMETRIC_REPRESENTATION_CONTEXT() REPRESENTATION_CONTEXT('2D SPACE',''
  ) );
#2118 = ORIENTED_EDGE('',*,*,#453,.T.);
#2119 = ADVANCED_FACE('',(#2120),#580,.F.);
#2120 = FACE_BOUND('',#2121,.T.);
#2121 = EDGE_LOOP('',(#2122,#2145,#2169,#2190,#2217,#2218));
#2122 = ORIENTED_EDGE('',*,*,#2123,.F.);
#2123 = EDGE_CURVE('',#2124,#538,#2126,.T.);
#2124 = VERTEX_POINT('',#2125);
#2125 = CARTESIAN_POINT('',(-5.5,-5.E-02,13.7));
#2126 = SURFACE_CURVE('',#2127,(#2131,#2138),.PCURVE_S1.);
#2127 = LINE('',#2128,#2129);
#2128 = CARTESIAN_POINT('',(-5.5,-5.E-02,12.));
#2129 = VECTOR('',#2130,1.);
#2130 = DIRECTION('',(0.,0.,1.));
#2131 = PCURVE('',#580,#2132);
#2132 = DEFINITIONAL_REPRESENTATION('',(#2133),#2137);
#2133 = LINE('',#2134,#2135);
#2134 = CARTESIAN_POINT('',(-0.,0.));
#2135 = VECTOR('',#2136,1.);
#2136 = DIRECTION('',(-0.,1.));
#2137 = ( GEOMETRIC_REPRESENTATION_CONTEXT(2) 
PARAMETRIC_REPRESENTATION_CONTEXT() REPRESENTATION_CONTEXT('2D SPACE',''
  ) );
#2138 = PCURVE('',#552,#2139);
#2139 = DEFINITIONAL_REPRESENTATION('',(#2140),#2144);
#2140 = LINE('',#2141,#2142);
#2141 = CARTESIAN_POINT('',(0.,-1.65));
#2142 = VECTOR('',#2143,1.);
#2143 = DIRECTION('',(1.,0.));
#2144 = ( GEOMETRIC_REPRESENTATION_CONTEXT(2) 
PARAMETRIC_REPRESENTATION_CONTEXT() REPRESENTATION_CONTEXT('2D SPACE',''
  ) );
#2145 = ORIENTED_EDGE('',*,*,#2146,.F.);
#2146 = EDGE_CURVE('',#2147,#2124,#2149,.T.);
#2147 = VERTEX_POINT('',#2148);
#2148 = CARTESIAN_POINT('',(-6.799738498142,-1.662394765656,13.7));
#2149 = SURFACE_CURVE('',#2150,(#2155,#2162),.PCURVE_S1.);
#2150 = CIRCLE('',#2151,1.65);
#2151 = AXIS2_PLACEMENT_3D('',#2152,#2153,#2154);
#2152 = CARTESIAN_POINT('',(-7.15,-5.E-02,13.7));
#2153 = DIRECTION('',(0.,0.,1.));
#2154 = DIRECTION('',(1.,0.,-0.));
#2155 = PCURVE('',#580,#2156);
#2156 = DEFINITIONAL_REPRESENTATION('',(#2157),#2161);
#2157 = LINE('',#2158,#2159);
#2158 = CARTESIAN_POINT('',(-6.28318530718,1.7));
#2159 = VECTOR('',#2160,1.);
#2160 = DIRECTION('',(1.,-0.));
#2161 = ( GEOMETRIC_REPRESENTATION_CONTEXT(2) 
PARAMETRIC_REPRESENTATION_CONTEXT() REPRESENTATION_CONTEXT('2D SPACE',''
  ) );
#2162 = PCURVE('',#1580,#2163);
#2163 = DEFINITIONAL_REPRESENTATION('',(#2164),#2168);
#2164 = CIRCLE('',#2165,1.65);
#2165 = AXIS2_PLACEMENT_2D('',#2166,#2167);
#2166 = CARTESIAN_POINT('',(-7.15,-5.E-02));
#2167 = DIRECTION('',(1.,0.));
#2168 = ( GEOMETRIC_REPRESENTATION_CONTEXT(2) 
PARAMETRIC_REPRESENTATION_CONTEXT() REPRESENTATION_CONTEXT('2D SPACE',''
  ) );
#2169 = ORIENTED_EDGE('',*,*,#2170,.F.);
#2170 = EDGE_CURVE('',#2171,#2147,#2173,.T.);
#2171 = VERTEX_POINT('',#2172);
#2172 = CARTESIAN_POINT('',(-6.799738498142,-1.662394765656,13.65));
#2173 = SURFACE_CURVE('',#2174,(#2178,#2184),.PCURVE_S1.);
#2174 = LINE('',#2175,#2176);
#2175 = CARTESIAN_POINT('',(-6.799738498142,-1.662394765656,12.));
#2176 = VECTOR('',#2177,1.);
#2177 = DIRECTION('',(0.,0.,1.));
#2178 = PCURVE('',#580,#2179);
#2179 = DEFINITIONAL_REPRESENTATION('',(#2180),#2183);
#2180 = B_SPLINE_CURVE_WITH_KNOTS('',1,(#2181,#2182),.UNSPECIFIED.,.F.,
  .F.,(2,2),(1.6499994,1.7000006),.PIECEWISE_BEZIER_KNOTS.);
#2181 = CARTESIAN_POINT('',(-1.35688908916,1.6499994));
#2182 = CARTESIAN_POINT('',(-1.35688908916,1.7000006));
#2183 = ( GEOMETRIC_REPRESENTATION_CONTEXT(2) 
PARAMETRIC_REPRESENTATION_CONTEXT() REPRESENTATION_CONTEXT('2D SPACE',''
  ) );
#2184 = PCURVE('',#1552,#2185);
#2185 = DEFINITIONAL_REPRESENTATION('',(#2186),#2189);
#2186 = B_SPLINE_CURVE_WITH_KNOTS('',1,(#2187,#2188),.UNSPECIFIED.,.F.,
  .F.,(2,2),(1.6499994,1.7000006),.PIECEWISE_BEZIER_KNOTS.);
#2187 = CARTESIAN_POINT('',(3.381368577167,1.5499994));
#2188 = CARTESIAN_POINT('',(3.381368577167,1.6000006));
#2189 = ( GEOMETRIC_REPRESENTATION_CONTEXT(2) 
PARAMETRIC_REPRESENTATION_CONTEXT() REPRESENTATION_CONTEXT('2D SPACE',''
  ) );
#2190 = ORIENTED_EDGE('',*,*,#2191,.T.);
#2191 = EDGE_CURVE('',#2171,#2015,#2192,.T.);
#2192 = SURFACE_CURVE('',#2193,(#2198,#2205),.PCURVE_S1.);
#2193 = CIRCLE('',#2194,1.65);
#2194 = AXIS2_PLACEMENT_3D('',#2195,#2196,#2197);
#2195 = CARTESIAN_POINT('',(-7.15,-5.E-02,13.65));
#2196 = DIRECTION('',(0.,-0.,-1.));
#2197 = DIRECTION('',(1.,0.,-0.));
#2198 = PCURVE('',#580,#2199);
#2199 = DEFINITIONAL_REPRESENTATION('',(#2200),#2204);
#2200 = LINE('',#2201,#2202);
#2201 = CARTESIAN_POINT('',(-0.,1.65));
#2202 = VECTOR('',#2203,1.);
#2203 = DIRECTION('',(-1.,0.));
#2204 = ( GEOMETRIC_REPRESENTATION_CONTEXT(2) 
PARAMETRIC_REPRESENTATION_CONTEXT() REPRESENTATION_CONTEXT('2D SPACE',''
  ) );
#2205 = PCURVE('',#2206,#2211);
#2206 = SPHERICAL_SURFACE('',#2207,1.65);
#2207 = AXIS2_PLACEMENT_3D('',#2208,#2209,#2210);
#2208 = CARTESIAN_POINT('',(-7.15,-5.E-02,13.65));
#2209 = DIRECTION('',(0.,0.,1.));
#2210 = DIRECTION('',(1.,0.,-0.));
#2211 = DEFINITIONAL_REPRESENTATION('',(#2212),#2216);
#2212 = LINE('',#2213,#2214);
#2213 = CARTESIAN_POINT('',(-0.,0.));
#2214 = VECTOR('',#2215,1.);
#2215 = DIRECTION('',(-1.,0.));
#2216 = ( GEOMETRIC_REPRESENTATION_CONTEXT(2) 
PARAMETRIC_REPRESENTATION_CONTEXT() REPRESENTATION_CONTEXT('2D SPACE',''
  ) );
#2217 = ORIENTED_EDGE('',*,*,#2044,.T.);
#2218 = ORIENTED_EDGE('',*,*,#563,.T.);
#2219 = ADVANCED_FACE('',(#2220),#497,.F.);
#2220 = FACE_BOUND('',#2221,.F.);
#2221 = EDGE_LOOP('',(#2222,#2250,#2251,#2252));
#2222 = ORIENTED_EDGE('',*,*,#2223,.F.);
#2223 = EDGE_CURVE('',#2070,#2224,#2226,.T.);
#2224 = VERTEX_POINT('',#2225);
#2225 = CARTESIAN_POINT('',(-7.15,1.7,13.65));
#2226 = SURFACE_CURVE('',#2227,(#2231,#2238),.PCURVE_S1.);
#2227 = LINE('',#2228,#2229);
#2228 = CARTESIAN_POINT('',(-10.,1.7,13.65));
#2229 = VECTOR('',#2230,1.);
#2230 = DIRECTION('',(1.,0.,-0.));
#2231 = PCURVE('',#497,#2232);
#2232 = DEFINITIONAL_REPRESENTATION('',(#2233),#2237);
#2233 = LINE('',#2234,#2235);
#2234 = CARTESIAN_POINT('',(1.65,0.));
#2235 = VECTOR('',#2236,1.);
#2236 = DIRECTION('',(0.,1.));
#2237 = ( GEOMETRIC_REPRESENTATION_CONTEXT(2) 
PARAMETRIC_REPRESENTATION_CONTEXT() REPRESENTATION_CONTEXT('2D SPACE',''
  ) );
#2238 = PCURVE('',#2239,#2244);
#2239 = CYLINDRICAL_SURFACE('',#2240,1.65);
#2240 = AXIS2_PLACEMENT_3D('',#2241,#2242,#2243);
#2241 = CARTESIAN_POINT('',(-10.,5.E-02,13.65));
#2242 = DIRECTION('',(1.,0.,-0.));
#2243 = DIRECTION('',(0.,1.,0.));
#2244 = DEFINITIONAL_REPRESENTATION('',(#2245),#2249);
#2245 = LINE('',#2246,#2247);
#2246 = CARTESIAN_POINT('',(-0.,0.));
#2247 = VECTOR('',#2248,1.);
#2248 = DIRECTION('',(-0.,1.));
#2249 = ( GEOMETRIC_REPRESENTATION_CONTEXT(2) 
PARAMETRIC_REPRESENTATION_CONTEXT() REPRESENTATION_CONTEXT('2D SPACE',''
  ) );
#2250 = ORIENTED_EDGE('',*,*,#2098,.T.);
#2251 = ORIENTED_EDGE('',*,*,#482,.F.);
#2252 = ORIENTED_EDGE('',*,*,#2253,.F.);
#2253 = EDGE_CURVE('',#2224,#483,#2254,.T.);
#2254 = SURFACE_CURVE('',#2255,(#2259,#2266),.PCURVE_S1.);
#2255 = LINE('',#2256,#2257);
#2256 = CARTESIAN_POINT('',(-7.15,1.7,12.));
#2257 = VECTOR('',#2258,1.);
#2258 = DIRECTION('',(0.,0.,1.));
#2259 = PCURVE('',#497,#2260);
#2260 = DEFINITIONAL_REPRESENTATION('',(#2261),#2265);
#2261 = LINE('',#2262,#2263);
#2262 = CARTESIAN_POINT('',(0.,2.85));
#2263 = VECTOR('',#2264,1.);
#2264 = DIRECTION('',(1.,0.));
#2265 = ( GEOMETRIC_REPRESENTATION_CONTEXT(2) 
PARAMETRIC_REPRESENTATION_CONTEXT() REPRESENTATION_CONTEXT('2D SPACE',''
  ) );
#2266 = PCURVE('',#525,#2267);
#2267 = DEFINITIONAL_REPRESENTATION('',(#2268),#2272);
#2268 = LINE('',#2269,#2270);
#2269 = CARTESIAN_POINT('',(1.570796326795,0.));
#2270 = VECTOR('',#2271,1.);
#2271 = DIRECTION('',(0.,1.));
#2272 = ( GEOMETRIC_REPRESENTATION_CONTEXT(2) 
PARAMETRIC_REPRESENTATION_CONTEXT() REPRESENTATION_CONTEXT('2D SPACE',''
  ) );
#2273 = ADVANCED_FACE('',(#2274),#552,.F.);
#2274 = FACE_BOUND('',#2275,.F.);
#2275 = EDGE_LOOP('',(#2276,#2277,#2298,#2319));
#2276 = ORIENTED_EDGE('',*,*,#2123,.F.);
#2277 = ORIENTED_EDGE('',*,*,#2278,.F.);
#2278 = EDGE_CURVE('',#2279,#2124,#2281,.T.);
#2279 = VERTEX_POINT('',#2280);
#2280 = CARTESIAN_POINT('',(-5.5,5.E-02,13.7));
#2281 = SURFACE_CURVE('',#2282,(#2286,#2292),.PCURVE_S1.);
#2282 = LINE('',#2283,#2284);
#2283 = CARTESIAN_POINT('',(-5.5,-0.85,13.7));
#2284 = VECTOR('',#2285,1.);
#2285 = DIRECTION('',(0.,-1.,0.));
#2286 = PCURVE('',#552,#2287);
#2287 = DEFINITIONAL_REPRESENTATION('',(#2288),#2291);
#2288 = B_SPLINE_CURVE_WITH_KNOTS('',1,(#2289,#2290),.UNSPECIFIED.,.F.,
  .F.,(2,2),(-0.9,-0.8),.PIECEWISE_BEZIER_KNOTS.);
#2289 = CARTESIAN_POINT('',(1.7,-1.75));
#2290 = CARTESIAN_POINT('',(1.7,-1.65));
#2291 = ( GEOMETRIC_REPRESENTATION_CONTEXT(2) 
PARAMETRIC_REPRESENTATION_CONTEXT() REPRESENTATION_CONTEXT('2D SPACE',''
  ) );
#2292 = PCURVE('',#1580,#2293);
#2293 = DEFINITIONAL_REPRESENTATION('',(#2294),#2297);
#2294 = B_SPLINE_CURVE_WITH_KNOTS('',1,(#2295,#2296),.UNSPECIFIED.,.F.,
  .F.,(2,2),(-0.9,-0.8),.PIECEWISE_BEZIER_KNOTS.);
#2295 = CARTESIAN_POINT('',(-5.5,5.E-02));
#2296 = CARTESIAN_POINT('',(-5.5,-5.E-02));
#2297 = ( GEOMETRIC_REPRESENTATION_CONTEXT(2) 
PARAMETRIC_REPRESENTATION_CONTEXT() REPRESENTATION_CONTEXT('2D SPACE',''
  ) );
#2298 = ORIENTED_EDGE('',*,*,#2299,.T.);
#2299 = EDGE_CURVE('',#2279,#509,#2300,.T.);
#2300 = SURFACE_CURVE('',#2301,(#2305,#2312),.PCURVE_S1.);
#2301 = LINE('',#2302,#2303);
#2302 = CARTESIAN_POINT('',(-5.5,5.E-02,12.));
#2303 = VECTOR('',#2304,1.);
#2304 = DIRECTION('',(0.,0.,1.));
#2305 = PCURVE('',#552,#2306);
#2306 = DEFINITIONAL_REPRESENTATION('',(#2307),#2311);
#2307 = LINE('',#2308,#2309);
#2308 = CARTESIAN_POINT('',(0.,-1.75));
#2309 = VECTOR('',#2310,1.);
#2310 = DIRECTION('',(1.,0.));
#2311 = ( GEOMETRIC_REPRESENTATION_CONTEXT(2) 
PARAMETRIC_REPRESENTATION_CONTEXT() REPRESENTATION_CONTEXT('2D SPACE',''
  ) );
#2312 = PCURVE('',#525,#2313);
#2313 = DEFINITIONAL_REPRESENTATION('',(#2314),#2318);
#2314 = LINE('',#2315,#2316);
#2315 = CARTESIAN_POINT('',(0.,0.));
#2316 = VECTOR('',#2317,1.);
#2317 = DIRECTION('',(0.,1.));
#2318 = ( GEOMETRIC_REPRESENTATION_CONTEXT(2) 
PARAMETRIC_REPRESENTATION_CONTEXT() REPRESENTATION_CONTEXT('2D SPACE',''
  ) );
#2319 = ORIENTED_EDGE('',*,*,#537,.F.);
#2320 = ADVANCED_FACE('',(#2321),#525,.F.);
#2321 = FACE_BOUND('',#2322,.F.);
#2322 = EDGE_LOOP('',(#2323,#2324,#2348,#2374,#2401,#2402));
#2323 = ORIENTED_EDGE('',*,*,#2299,.F.);
#2324 = ORIENTED_EDGE('',*,*,#2325,.T.);
#2325 = EDGE_CURVE('',#2279,#2326,#2328,.T.);
#2326 = VERTEX_POINT('',#2327);
#2327 = CARTESIAN_POINT('',(-6.799738498142,1.662394765656,13.7));
#2328 = SURFACE_CURVE('',#2329,(#2334,#2341),.PCURVE_S1.);
#2329 = CIRCLE('',#2330,1.65);
#2330 = AXIS2_PLACEMENT_3D('',#2331,#2332,#2333);
#2331 = CARTESIAN_POINT('',(-7.15,5.E-02,13.7));
#2332 = DIRECTION('',(0.,0.,1.));
#2333 = DIRECTION('',(1.,0.,-0.));
#2334 = PCURVE('',#525,#2335);
#2335 = DEFINITIONAL_REPRESENTATION('',(#2336),#2340);
#2336 = LINE('',#2337,#2338);
#2337 = CARTESIAN_POINT('',(0.,1.7));
#2338 = VECTOR('',#2339,1.);
#2339 = DIRECTION('',(1.,0.));
#2340 = ( GEOMETRIC_REPRESENTATION_CONTEXT(2) 
PARAMETRIC_REPRESENTATION_CONTEXT() REPRESENTATION_CONTEXT('2D SPACE',''
  ) );
#2341 = PCURVE('',#1580,#2342);
#2342 = DEFINITIONAL_REPRESENTATION('',(#2343),#2347);
#2343 = CIRCLE('',#2344,1.65);
#2344 = AXIS2_PLACEMENT_2D('',#2345,#2346);
#2345 = CARTESIAN_POINT('',(-7.15,5.E-02));
#2346 = DIRECTION('',(1.,0.));
#2347 = ( GEOMETRIC_REPRESENTATION_CONTEXT(2) 
PARAMETRIC_REPRESENTATION_CONTEXT() REPRESENTATION_CONTEXT('2D SPACE',''
  ) );
#2348 = ORIENTED_EDGE('',*,*,#2349,.F.);
#2349 = EDGE_CURVE('',#2350,#2326,#2352,.T.);
#2350 = VERTEX_POINT('',#2351);
#2351 = CARTESIAN_POINT('',(-6.799738498142,1.662394765656,13.65));
#2352 = SURFACE_CURVE('',#2353,(#2357,#2363),.PCURVE_S1.);
#2353 = LINE('',#2354,#2355);
#2354 = CARTESIAN_POINT('',(-6.799738498142,1.662394765656,12.));
#2355 = VECTOR('',#2356,1.);
#2356 = DIRECTION('',(0.,0.,1.));
#2357 = PCURVE('',#525,#2358);
#2358 = DEFINITIONAL_REPRESENTATION('',(#2359),#2362);
#2359 = B_SPLINE_CURVE_WITH_KNOTS('',1,(#2360,#2361),.UNSPECIFIED.,.F.,
  .F.,(2,2),(1.6499994,1.7000006),.PIECEWISE_BEZIER_KNOTS.);
#2360 = CARTESIAN_POINT('',(1.35688908916,1.6499994));
#2361 = CARTESIAN_POINT('',(1.35688908916,1.7000006));
#2362 = ( GEOMETRIC_REPRESENTATION_CONTEXT(2) 
PARAMETRIC_REPRESENTATION_CONTEXT() REPRESENTATION_CONTEXT('2D SPACE',''
  ) );
#2363 = PCURVE('',#2364,#2369);
#2364 = CYLINDRICAL_SURFACE('',#2365,7.);
#2365 = AXIS2_PLACEMENT_3D('',#2366,#2367,#2368);
#2366 = CARTESIAN_POINT('',(0.,0.,12.1));
#2367 = DIRECTION('',(0.,0.,1.));
#2368 = DIRECTION('',(1.,0.,-0.));
#2369 = DEFINITIONAL_REPRESENTATION('',(#2370),#2373);
#2370 = B_SPLINE_CURVE_WITH_KNOTS('',1,(#2371,#2372),.UNSPECIFIED.,.F.,
  .F.,(2,2),(1.6499994,1.7000006),.PIECEWISE_BEZIER_KNOTS.);
#2371 = CARTESIAN_POINT('',(2.901816730013,1.5499994));
#2372 = CARTESIAN_POINT('',(2.901816730013,1.6000006));
#2373 = ( GEOMETRIC_REPRESENTATION_CONTEXT(2) 
PARAMETRIC_REPRESENTATION_CONTEXT() REPRESENTATION_CONTEXT('2D SPACE',''
  ) );
#2374 = ORIENTED_EDGE('',*,*,#2375,.T.);
#2375 = EDGE_CURVE('',#2350,#2224,#2376,.T.);
#2376 = SURFACE_CURVE('',#2377,(#2382,#2389),.PCURVE_S1.);
#2377 = CIRCLE('',#2378,1.65);
#2378 = AXIS2_PLACEMENT_3D('',#2379,#2380,#2381);
#2379 = CARTESIAN_POINT('',(-7.15,5.E-02,13.65));
#2380 = DIRECTION('',(0.,0.,1.));
#2381 = DIRECTION('',(1.,0.,-0.));
#2382 = PCURVE('',#525,#2383);
#2383 = DEFINITIONAL_REPRESENTATION('',(#2384),#2388);
#2384 = LINE('',#2385,#2386);
#2385 = CARTESIAN_POINT('',(0.,1.65));
#2386 = VECTOR('',#2387,1.);
#2387 = DIRECTION('',(1.,0.));
#2388 = ( GEOMETRIC_REPRESENTATION_CONTEXT(2) 
PARAMETRIC_REPRESENTATION_CONTEXT() REPRESENTATION_CONTEXT('2D SPACE',''
  ) );
#2389 = PCURVE('',#2390,#2395);
#2390 = SPHERICAL_SURFACE('',#2391,1.65);
#2391 = AXIS2_PLACEMENT_3D('',#2392,#2393,#2394);
#2392 = CARTESIAN_POINT('',(-7.15,5.E-02,13.65));
#2393 = DIRECTION('',(0.,0.,1.));
#2394 = DIRECTION('',(1.,0.,-0.));
#2395 = DEFINITIONAL_REPRESENTATION('',(#2396),#2400);
#2396 = LINE('',#2397,#2398);
#2397 = CARTESIAN_POINT('',(0.,0.));
#2398 = VECTOR('',#2399,1.);
#2399 = DIRECTION('',(1.,0.));
#2400 = ( GEOMETRIC_REPRESENTATION_CONTEXT(2) 
PARAMETRIC_REPRESENTATION_CONTEXT() REPRESENTATION_CONTEXT('2D SPACE',''
  ) );
#2401 = ORIENTED_EDGE('',*,*,#2253,.T.);
#2402 = ORIENTED_EDGE('',*,*,#508,.F.);
#2403 = ADVANCED_FACE('',(#2404),#635,.F.);
#2404 = FACE_BOUND('',#2405,.F.);
#2405 = EDGE_LOOP('',(#2406,#2427,#2428,#2429));
#2406 = ORIENTED_EDGE('',*,*,#2407,.T.);
#2407 = EDGE_CURVE('',#1212,#619,#2408,.T.);
#2408 = SEAM_CURVE('',#2409,(#2413,#2420),.PCURVE_S1.);
#2409 = LINE('',#2410,#2411);
#2410 = CARTESIAN_POINT('',(-8.553048327205,10.253048327205,9.));
#2411 = VECTOR('',#2412,1.);
#2412 = DIRECTION('',(0.,0.,1.));
#2413 = PCURVE('',#635,#2414);
#2414 = DEFINITIONAL_REPRESENTATION('',(#2415),#2419);
#2415 = LINE('',#2416,#2417);
#2416 = CARTESIAN_POINT('',(6.28318530718,-0.));
#2417 = VECTOR('',#2418,1.);
#2418 = DIRECTION('',(0.,1.));
#2419 = ( GEOMETRIC_REPRESENTATION_CONTEXT(2) 
PARAMETRIC_REPRESENTATION_CONTEXT() REPRESENTATION_CONTEXT('2D SPACE',''
  ) );
#2420 = PCURVE('',#635,#2421);
#2421 = DEFINITIONAL_REPRESENTATION('',(#2422),#2426);
#2422 = LINE('',#2423,#2424);
#2423 = CARTESIAN_POINT('',(0.,-0.));
#2424 = VECTOR('',#2425,1.);
#2425 = DIRECTION('',(0.,1.));
#2426 = ( GEOMETRIC_REPRESENTATION_CONTEXT(2) 
PARAMETRIC_REPRESENTATION_CONTEXT() REPRESENTATION_CONTEXT('2D SPACE',''
  ) );
#2427 = ORIENTED_EDGE('',*,*,#618,.F.);
#2428 = ORIENTED_EDGE('',*,*,#2407,.F.);
#2429 = ORIENTED_EDGE('',*,*,#1211,.T.);
#2430 = ADVANCED_FACE('',(#2431),#666,.F.);
#2431 = FACE_BOUND('',#2432,.F.);
#2432 = EDGE_LOOP('',(#2433,#2457,#2478,#2479));
#2433 = ORIENTED_EDGE('',*,*,#2434,.T.);
#2434 = EDGE_CURVE('',#2435,#2435,#2437,.T.);
#2435 = VERTEX_POINT('',#2436);
#2436 = CARTESIAN_POINT('',(1.7,-4.163799117101E-16,13.7));
#2437 = SURFACE_CURVE('',#2438,(#2443,#2450),.PCURVE_S1.);
#2438 = CIRCLE('',#2439,1.7);
#2439 = AXIS2_PLACEMENT_3D('',#2440,#2441,#2442);
#2440 = CARTESIAN_POINT('',(0.,0.,13.7));
#2441 = DIRECTION('',(0.,0.,1.));
#2442 = DIRECTION('',(1.,0.,-0.));
#2443 = PCURVE('',#666,#2444);
#2444 = DEFINITIONAL_REPRESENTATION('',(#2445),#2449);
#2445 = LINE('',#2446,#2447);
#2446 = CARTESIAN_POINT('',(0.,4.7));
#2447 = VECTOR('',#2448,1.);
#2448 = DIRECTION('',(1.,0.));
#2449 = ( GEOMETRIC_REPRESENTATION_CONTEXT(2) 
PARAMETRIC_REPRESENTATION_CONTEXT() REPRESENTATION_CONTEXT('2D SPACE',''
  ) );
#2450 = PCURVE('',#1580,#2451);
#2451 = DEFINITIONAL_REPRESENTATION('',(#2452),#2456);
#2452 = CIRCLE('',#2453,1.7);
#2453 = AXIS2_PLACEMENT_2D('',#2454,#2455);
#2454 = CARTESIAN_POINT('',(0.,0.));
#2455 = DIRECTION('',(1.,0.));
#2456 = ( GEOMETRIC_REPRESENTATION_CONTEXT(2) 
PARAMETRIC_REPRESENTATION_CONTEXT() REPRESENTATION_CONTEXT('2D SPACE',''
  ) );
#2457 = ORIENTED_EDGE('',*,*,#2458,.T.);
#2458 = EDGE_CURVE('',#2435,#650,#2459,.T.);
#2459 = SEAM_CURVE('',#2460,(#2464,#2471),.PCURVE_S1.);
#2460 = LINE('',#2461,#2462);
#2461 = CARTESIAN_POINT('',(1.7,-4.163799117101E-16,9.));
#2462 = VECTOR('',#2463,1.);
#2463 = DIRECTION('',(0.,0.,1.));
#2464 = PCURVE('',#666,#2465);
#2465 = DEFINITIONAL_REPRESENTATION('',(#2466),#2470);
#2466 = LINE('',#2467,#2468);
#2467 = CARTESIAN_POINT('',(0.,-0.));
#2468 = VECTOR('',#2469,1.);
#2469 = DIRECTION('',(0.,1.));
#2470 = ( GEOMETRIC_REPRESENTATION_CONTEXT(2) 
PARAMETRIC_REPRESENTATION_CONTEXT() REPRESENTATION_CONTEXT('2D SPACE',''
  ) );
#2471 = PCURVE('',#666,#2472);
#2472 = DEFINITIONAL_REPRESENTATION('',(#2473),#2477);
#2473 = LINE('',#2474,#2475);
#2474 = CARTESIAN_POINT('',(6.28318530718,-0.));
#2475 = VECTOR('',#2476,1.);
#2476 = DIRECTION('',(0.,1.));
#2477 = ( GEOMETRIC_REPRESENTATION_CONTEXT(2) 
PARAMETRIC_REPRESENTATION_CONTEXT() REPRESENTATION_CONTEXT('2D SPACE',''
  ) );
#2478 = ORIENTED_EDGE('',*,*,#649,.F.);
#2479 = ORIENTED_EDGE('',*,*,#2458,.F.);
#2480 = ADVANCED_FACE('',(#2481),#699,.F.);
#2481 = FACE_BOUND('',#2482,.F.);
#2482 = EDGE_LOOP('',(#2483,#2506,#2530,#2551,#2580,#2601));
#2483 = ORIENTED_EDGE('',*,*,#2484,.F.);
#2484 = EDGE_CURVE('',#2485,#681,#2487,.T.);
#2485 = VERTEX_POINT('',#2486);
#2486 = CARTESIAN_POINT('',(5.5,-5.E-02,13.7));
#2487 = SURFACE_CURVE('',#2488,(#2492,#2499),.PCURVE_S1.);
#2488 = LINE('',#2489,#2490);
#2489 = CARTESIAN_POINT('',(5.5,-5.E-02,12.));
#2490 = VECTOR('',#2491,1.);
#2491 = DIRECTION('',(0.,0.,1.));
#2492 = PCURVE('',#699,#2493);
#2493 = DEFINITIONAL_REPRESENTATION('',(#2494),#2498);
#2494 = LINE('',#2495,#2496);
#2495 = CARTESIAN_POINT('',(0.,0.));
#2496 = VECTOR('',#2497,1.);
#2497 = DIRECTION('',(0.,1.));
#2498 = ( GEOMETRIC_REPRESENTATION_CONTEXT(2) 
PARAMETRIC_REPRESENTATION_CONTEXT() REPRESENTATION_CONTEXT('2D SPACE',''
  ) );
#2499 = PCURVE('',#726,#2500);
#2500 = DEFINITIONAL_REPRESENTATION('',(#2501),#2505);
#2501 = LINE('',#2502,#2503);
#2502 = CARTESIAN_POINT('',(0.,-1.65));
#2503 = VECTOR('',#2504,1.);
#2504 = DIRECTION('',(1.,0.));
#2505 = ( GEOMETRIC_REPRESENTATION_CONTEXT(2) 
PARAMETRIC_REPRESENTATION_CONTEXT() REPRESENTATION_CONTEXT('2D SPACE',''
  ) );
#2506 = ORIENTED_EDGE('',*,*,#2507,.T.);
#2507 = EDGE_CURVE('',#2485,#2508,#2510,.T.);
#2508 = VERTEX_POINT('',#2509);
#2509 = CARTESIAN_POINT('',(6.799738498142,-1.662394765656,13.7));
#2510 = SURFACE_CURVE('',#2511,(#2516,#2523),.PCURVE_S1.);
#2511 = CIRCLE('',#2512,1.65);
#2512 = AXIS2_PLACEMENT_3D('',#2513,#2514,#2515);
#2513 = CARTESIAN_POINT('',(7.15,-5.E-02,13.7));
#2514 = DIRECTION('',(0.,0.,1.));
#2515 = DIRECTION('',(-1.,-0.,0.));
#2516 = PCURVE('',#699,#2517);
#2517 = DEFINITIONAL_REPRESENTATION('',(#2518),#2522);
#2518 = LINE('',#2519,#2520);
#2519 = CARTESIAN_POINT('',(0.,1.7));
#2520 = VECTOR('',#2521,1.);
#2521 = DIRECTION('',(1.,0.));
#2522 = ( GEOMETRIC_REPRESENTATION_CONTEXT(2) 
PARAMETRIC_REPRESENTATION_CONTEXT() REPRESENTATION_CONTEXT('2D SPACE',''
  ) );
#2523 = PCURVE('',#1580,#2524);
#2524 = DEFINITIONAL_REPRESENTATION('',(#2525),#2529);
#2525 = CIRCLE('',#2526,1.65);
#2526 = AXIS2_PLACEMENT_2D('',#2527,#2528);
#2527 = CARTESIAN_POINT('',(7.15,-5.E-02));
#2528 = DIRECTION('',(-1.,0.));
#2529 = ( GEOMETRIC_REPRESENTATION_CONTEXT(2) 
PARAMETRIC_REPRESENTATION_CONTEXT() REPRESENTATION_CONTEXT('2D SPACE',''
  ) );
#2530 = ORIENTED_EDGE('',*,*,#2531,.F.);
#2531 = EDGE_CURVE('',#2532,#2508,#2534,.T.);
#2532 = VERTEX_POINT('',#2533);
#2533 = CARTESIAN_POINT('',(6.799738498142,-1.662394765656,13.65));
#2534 = SURFACE_CURVE('',#2535,(#2539,#2545),.PCURVE_S1.);
#2535 = LINE('',#2536,#2537);
#2536 = CARTESIAN_POINT('',(6.799738498142,-1.662394765656,12.));
#2537 = VECTOR('',#2538,1.);
#2538 = DIRECTION('',(0.,0.,1.));
#2539 = PCURVE('',#699,#2540);
#2540 = DEFINITIONAL_REPRESENTATION('',(#2541),#2544);
#2541 = B_SPLINE_CURVE_WITH_KNOTS('',1,(#2542,#2543),.UNSPECIFIED.,.F.,
  .F.,(2,2),(1.6499994,1.7000006),.PIECEWISE_BEZIER_KNOTS.);
#2542 = CARTESIAN_POINT('',(1.35688908916,1.6499994));
#2543 = CARTESIAN_POINT('',(1.35688908916,1.7000006));
#2544 = ( GEOMETRIC_REPRESENTATION_CONTEXT(2) 
PARAMETRIC_REPRESENTATION_CONTEXT() REPRESENTATION_CONTEXT('2D SPACE',''
  ) );
#2545 = PCURVE('',#1818,#2546);
#2546 = DEFINITIONAL_REPRESENTATION('',(#2547),#2550);
#2547 = B_SPLINE_CURVE_WITH_KNOTS('',1,(#2548,#2549),.UNSPECIFIED.,.F.,
  .F.,(2,2),(1.6499994,1.7000006),.PIECEWISE_BEZIER_KNOTS.);
#2548 = CARTESIAN_POINT('',(6.043409383603,1.5499994));
#2549 = CARTESIAN_POINT('',(6.043409383603,1.6000006));
#2550 = ( GEOMETRIC_REPRESENTATION_CONTEXT(2) 
PARAMETRIC_REPRESENTATION_CONTEXT() REPRESENTATION_CONTEXT('2D SPACE',''
  ) );
#2551 = ORIENTED_EDGE('',*,*,#2552,.T.);
#2552 = EDGE_CURVE('',#2532,#2553,#2555,.T.);
#2553 = VERTEX_POINT('',#2554);
#2554 = CARTESIAN_POINT('',(7.15,-1.7,13.65));
#2555 = SURFACE_CURVE('',#2556,(#2561,#2568),.PCURVE_S1.);
#2556 = CIRCLE('',#2557,1.65);
#2557 = AXIS2_PLACEMENT_3D('',#2558,#2559,#2560);
#2558 = CARTESIAN_POINT('',(7.15,-5.E-02,13.65));
#2559 = DIRECTION('',(0.,0.,1.));
#2560 = DIRECTION('',(-1.,0.,0.));
#2561 = PCURVE('',#699,#2562);
#2562 = DEFINITIONAL_REPRESENTATION('',(#2563),#2567);
#2563 = LINE('',#2564,#2565);
#2564 = CARTESIAN_POINT('',(0.,1.65));
#2565 = VECTOR('',#2566,1.);
#2566 = DIRECTION('',(1.,0.));
#2567 = ( GEOMETRIC_REPRESENTATION_CONTEXT(2) 
PARAMETRIC_REPRESENTATION_CONTEXT() REPRESENTATION_CONTEXT('2D SPACE',''
  ) );
#2568 = PCURVE('',#2569,#2574);
#2569 = SPHERICAL_SURFACE('',#2570,1.65);
#2570 = AXIS2_PLACEMENT_3D('',#2571,#2572,#2573);
#2571 = CARTESIAN_POINT('',(7.15,-5.E-02,13.65));
#2572 = DIRECTION('',(0.,0.,1.));
#2573 = DIRECTION('',(-1.,0.,0.));
#2574 = DEFINITIONAL_REPRESENTATION('',(#2575),#2579);
#2575 = LINE('',#2576,#2577);
#2576 = CARTESIAN_POINT('',(0.,0.));
#2577 = VECTOR('',#2578,1.);
#2578 = DIRECTION('',(1.,0.));
#2579 = ( GEOMETRIC_REPRESENTATION_CONTEXT(2) 
PARAMETRIC_REPRESENTATION_CONTEXT() REPRESENTATION_CONTEXT('2D SPACE',''
  ) );
#2580 = ORIENTED_EDGE('',*,*,#2581,.T.);
#2581 = EDGE_CURVE('',#2553,#683,#2582,.T.);
#2582 = SURFACE_CURVE('',#2583,(#2587,#2594),.PCURVE_S1.);
#2583 = LINE('',#2584,#2585);
#2584 = CARTESIAN_POINT('',(7.15,-1.7,12.));
#2585 = VECTOR('',#2586,1.);
#2586 = DIRECTION('',(0.,0.,1.));
#2587 = PCURVE('',#699,#2588);
#2588 = DEFINITIONAL_REPRESENTATION('',(#2589),#2593);
#2589 = LINE('',#2590,#2591);
#2590 = CARTESIAN_POINT('',(1.570796326795,0.));
#2591 = VECTOR('',#2592,1.);
#2592 = DIRECTION('',(0.,1.));
#2593 = ( GEOMETRIC_REPRESENTATION_CONTEXT(2) 
PARAMETRIC_REPRESENTATION_CONTEXT() REPRESENTATION_CONTEXT('2D SPACE',''
  ) );
#2594 = PCURVE('',#889,#2595);
#2595 = DEFINITIONAL_REPRESENTATION('',(#2596),#2600);
#2596 = LINE('',#2597,#2598);
#2597 = CARTESIAN_POINT('',(0.,1.65));
#2598 = VECTOR('',#2599,1.);
#2599 = DIRECTION('',(1.,0.));
#2600 = ( GEOMETRIC_REPRESENTATION_CONTEXT(2) 
PARAMETRIC_REPRESENTATION_CONTEXT() REPRESENTATION_CONTEXT('2D SPACE',''
  ) );
#2601 = ORIENTED_EDGE('',*,*,#680,.F.);
#2602 = ADVANCED_FACE('',(#2603),#726,.T.);
#2603 = FACE_BOUND('',#2604,.T.);
#2604 = EDGE_LOOP('',(#2605,#2606,#2627,#2648));
#2605 = ORIENTED_EDGE('',*,*,#2484,.F.);
#2606 = ORIENTED_EDGE('',*,*,#2607,.F.);
#2607 = EDGE_CURVE('',#2608,#2485,#2610,.T.);
#2608 = VERTEX_POINT('',#2609);
#2609 = CARTESIAN_POINT('',(5.5,5.E-02,13.7));
#2610 = SURFACE_CURVE('',#2611,(#2615,#2621),.PCURVE_S1.);
#2611 = LINE('',#2612,#2613);
#2612 = CARTESIAN_POINT('',(5.5,-0.85,13.7));
#2613 = VECTOR('',#2614,1.);
#2614 = DIRECTION('',(0.,-1.,0.));
#2615 = PCURVE('',#726,#2616);
#2616 = DEFINITIONAL_REPRESENTATION('',(#2617),#2620);
#2617 = B_SPLINE_CURVE_WITH_KNOTS('',1,(#2618,#2619),.UNSPECIFIED.,.F.,
  .F.,(2,2),(-0.9,-0.8),.PIECEWISE_BEZIER_KNOTS.);
#2618 = CARTESIAN_POINT('',(1.7,-1.75));
#2619 = CARTESIAN_POINT('',(1.7,-1.65));
#2620 = ( GEOMETRIC_REPRESENTATION_CONTEXT(2) 
PARAMETRIC_REPRESENTATION_CONTEXT() REPRESENTATION_CONTEXT('2D SPACE',''
  ) );
#2621 = PCURVE('',#1580,#2622);
#2622 = DEFINITIONAL_REPRESENTATION('',(#2623),#2626);
#2623 = B_SPLINE_CURVE_WITH_KNOTS('',1,(#2624,#2625),.UNSPECIFIED.,.F.,
  .F.,(2,2),(-0.9,-0.8),.PIECEWISE_BEZIER_KNOTS.);
#2624 = CARTESIAN_POINT('',(5.5,5.E-02));
#2625 = CARTESIAN_POINT('',(5.5,-5.E-02));
#2626 = ( GEOMETRIC_REPRESENTATION_CONTEXT(2) 
PARAMETRIC_REPRESENTATION_CONTEXT() REPRESENTATION_CONTEXT('2D SPACE',''
  ) );
#2627 = ORIENTED_EDGE('',*,*,#2628,.T.);
#2628 = EDGE_CURVE('',#2608,#712,#2629,.T.);
#2629 = SURFACE_CURVE('',#2630,(#2634,#2641),.PCURVE_S1.);
#2630 = LINE('',#2631,#2632);
#2631 = CARTESIAN_POINT('',(5.5,5.E-02,12.));
#2632 = VECTOR('',#2633,1.);
#2633 = DIRECTION('',(0.,0.,1.));
#2634 = PCURVE('',#726,#2635);
#2635 = DEFINITIONAL_REPRESENTATION('',(#2636),#2640);
#2636 = LINE('',#2637,#2638);
#2637 = CARTESIAN_POINT('',(0.,-1.75));
#2638 = VECTOR('',#2639,1.);
#2639 = DIRECTION('',(1.,0.));
#2640 = ( GEOMETRIC_REPRESENTATION_CONTEXT(2) 
PARAMETRIC_REPRESENTATION_CONTEXT() REPRESENTATION_CONTEXT('2D SPACE',''
  ) );
#2641 = PCURVE('',#754,#2642);
#2642 = DEFINITIONAL_REPRESENTATION('',(#2643),#2647);
#2643 = LINE('',#2644,#2645);
#2644 = CARTESIAN_POINT('',(-0.,0.));
#2645 = VECTOR('',#2646,1.);
#2646 = DIRECTION('',(-0.,1.));
#2647 = ( GEOMETRIC_REPRESENTATION_CONTEXT(2) 
PARAMETRIC_REPRESENTATION_CONTEXT() REPRESENTATION_CONTEXT('2D SPACE',''
  ) );
#2648 = ORIENTED_EDGE('',*,*,#711,.F.);
#2649 = ADVANCED_FACE('',(#2650),#889,.T.);
#2650 = FACE_BOUND('',#2651,.T.);
#2651 = EDGE_LOOP('',(#2652,#2680,#2681,#2682));
#2652 = ORIENTED_EDGE('',*,*,#2653,.F.);
#2653 = EDGE_CURVE('',#2553,#2654,#2656,.T.);
#2654 = VERTEX_POINT('',#2655);
#2655 = CARTESIAN_POINT('',(8.35,-1.7,13.65));
#2656 = SURFACE_CURVE('',#2657,(#2661,#2668),.PCURVE_S1.);
#2657 = LINE('',#2658,#2659);
#2658 = CARTESIAN_POINT('',(5.5,-1.7,13.65));
#2659 = VECTOR('',#2660,1.);
#2660 = DIRECTION('',(1.,0.,-0.));
#2661 = PCURVE('',#889,#2662);
#2662 = DEFINITIONAL_REPRESENTATION('',(#2663),#2667);
#2663 = LINE('',#2664,#2665);
#2664 = CARTESIAN_POINT('',(1.65,0.));
#2665 = VECTOR('',#2666,1.);
#2666 = DIRECTION('',(0.,1.));
#2667 = ( GEOMETRIC_REPRESENTATION_CONTEXT(2) 
PARAMETRIC_REPRESENTATION_CONTEXT() REPRESENTATION_CONTEXT('2D SPACE',''
  ) );
#2668 = PCURVE('',#2669,#2674);
#2669 = CYLINDRICAL_SURFACE('',#2670,1.65);
#2670 = AXIS2_PLACEMENT_3D('',#2671,#2672,#2673);
#2671 = CARTESIAN_POINT('',(5.5,-5.E-02,13.65));
#2672 = DIRECTION('',(1.,0.,-0.));
#2673 = DIRECTION('',(0.,-1.,0.));
#2674 = DEFINITIONAL_REPRESENTATION('',(#2675),#2679);
#2675 = LINE('',#2676,#2677);
#2676 = CARTESIAN_POINT('',(0.,0.));
#2677 = VECTOR('',#2678,1.);
#2678 = DIRECTION('',(0.,1.));
#2679 = ( GEOMETRIC_REPRESENTATION_CONTEXT(2) 
PARAMETRIC_REPRESENTATION_CONTEXT() REPRESENTATION_CONTEXT('2D SPACE',''
  ) );
#2680 = ORIENTED_EDGE('',*,*,#2581,.T.);
#2681 = ORIENTED_EDGE('',*,*,#876,.F.);
#2682 = ORIENTED_EDGE('',*,*,#2683,.F.);
#2683 = EDGE_CURVE('',#2654,#848,#2684,.T.);
#2684 = SURFACE_CURVE('',#2685,(#2689,#2696),.PCURVE_S1.);
#2685 = LINE('',#2686,#2687);
#2686 = CARTESIAN_POINT('',(8.35,-1.7,12.));
#2687 = VECTOR('',#2688,1.);
#2688 = DIRECTION('',(0.,0.,1.));
#2689 = PCURVE('',#889,#2690);
#2690 = DEFINITIONAL_REPRESENTATION('',(#2691),#2695);
#2691 = LINE('',#2692,#2693);
#2692 = CARTESIAN_POINT('',(0.,2.85));
#2693 = VECTOR('',#2694,1.);
#2694 = DIRECTION('',(1.,0.));
#2695 = ( GEOMETRIC_REPRESENTATION_CONTEXT(2) 
PARAMETRIC_REPRESENTATION_CONTEXT() REPRESENTATION_CONTEXT('2D SPACE',''
  ) );
#2696 = PCURVE('',#864,#2697);
#2697 = DEFINITIONAL_REPRESENTATION('',(#2698),#2702);
#2698 = LINE('',#2699,#2700);
#2699 = CARTESIAN_POINT('',(-1.570796326795,0.));
#2700 = VECTOR('',#2701,1.);
#2701 = DIRECTION('',(-0.,1.));
#2702 = ( GEOMETRIC_REPRESENTATION_CONTEXT(2) 
PARAMETRIC_REPRESENTATION_CONTEXT() REPRESENTATION_CONTEXT('2D SPACE',''
  ) );
#2703 = ADVANCED_FACE('',(#2704),#754,.F.);
#2704 = FACE_BOUND('',#2705,.T.);
#2705 = EDGE_LOOP('',(#2706,#2707,#2731,#2757,#2786,#2807));
#2706 = ORIENTED_EDGE('',*,*,#2628,.F.);
#2707 = ORIENTED_EDGE('',*,*,#2708,.F.);
#2708 = EDGE_CURVE('',#2709,#2608,#2711,.T.);
#2709 = VERTEX_POINT('',#2710);
#2710 = CARTESIAN_POINT('',(6.799738498142,1.662394765656,13.7));
#2711 = SURFACE_CURVE('',#2712,(#2717,#2724),.PCURVE_S1.);
#2712 = CIRCLE('',#2713,1.65);
#2713 = AXIS2_PLACEMENT_3D('',#2714,#2715,#2716);
#2714 = CARTESIAN_POINT('',(7.15,5.E-02,13.7));
#2715 = DIRECTION('',(0.,0.,1.));
#2716 = DIRECTION('',(-1.,-0.,0.));
#2717 = PCURVE('',#754,#2718);
#2718 = DEFINITIONAL_REPRESENTATION('',(#2719),#2723);
#2719 = LINE('',#2720,#2721);
#2720 = CARTESIAN_POINT('',(-6.28318530718,1.7));
#2721 = VECTOR('',#2722,1.);
#2722 = DIRECTION('',(1.,-0.));
#2723 = ( GEOMETRIC_REPRESENTATION_CONTEXT(2) 
PARAMETRIC_REPRESENTATION_CONTEXT() REPRESENTATION_CONTEXT('2D SPACE',''
  ) );
#2724 = PCURVE('',#1580,#2725);
#2725 = DEFINITIONAL_REPRESENTATION('',(#2726),#2730);
#2726 = CIRCLE('',#2727,1.65);
#2727 = AXIS2_PLACEMENT_2D('',#2728,#2729);
#2728 = CARTESIAN_POINT('',(7.15,5.E-02));
#2729 = DIRECTION('',(-1.,0.));
#2730 = ( GEOMETRIC_REPRESENTATION_CONTEXT(2) 
PARAMETRIC_REPRESENTATION_CONTEXT() REPRESENTATION_CONTEXT('2D SPACE',''
  ) );
#2731 = ORIENTED_EDGE('',*,*,#2732,.F.);
#2732 = EDGE_CURVE('',#2733,#2709,#2735,.T.);
#2733 = VERTEX_POINT('',#2734);
#2734 = CARTESIAN_POINT('',(6.799738498142,1.662394765656,13.65));
#2735 = SURFACE_CURVE('',#2736,(#2740,#2746),.PCURVE_S1.);
#2736 = LINE('',#2737,#2738);
#2737 = CARTESIAN_POINT('',(6.799738498142,1.662394765656,12.));
#2738 = VECTOR('',#2739,1.);
#2739 = DIRECTION('',(0.,0.,1.));
#2740 = PCURVE('',#754,#2741);
#2741 = DEFINITIONAL_REPRESENTATION('',(#2742),#2745);
#2742 = B_SPLINE_CURVE_WITH_KNOTS('',1,(#2743,#2744),.UNSPECIFIED.,.F.,
  .F.,(2,2),(1.6499994,1.7000006),.PIECEWISE_BEZIER_KNOTS.);
#2743 = CARTESIAN_POINT('',(-1.35688908916,1.6499994));
#2744 = CARTESIAN_POINT('',(-1.35688908916,1.7000006));
#2745 = ( GEOMETRIC_REPRESENTATION_CONTEXT(2) 
PARAMETRIC_REPRESENTATION_CONTEXT() REPRESENTATION_CONTEXT('2D SPACE',''
  ) );
#2746 = PCURVE('',#2747,#2752);
#2747 = CYLINDRICAL_SURFACE('',#2748,7.);
#2748 = AXIS2_PLACEMENT_3D('',#2749,#2750,#2751);
#2749 = CARTESIAN_POINT('',(0.,0.,12.1));
#2750 = DIRECTION('',(0.,0.,1.));
#2751 = DIRECTION('',(1.,0.,-0.));
#2752 = DEFINITIONAL_REPRESENTATION('',(#2753),#2756);
#2753 = B_SPLINE_CURVE_WITH_KNOTS('',1,(#2754,#2755),.UNSPECIFIED.,.F.,
  .F.,(2,2),(1.6499994,1.7000006),.PIECEWISE_BEZIER_KNOTS.);
#2754 = CARTESIAN_POINT('',(0.239775923577,1.5499994));
#2755 = CARTESIAN_POINT('',(0.239775923577,1.6000006));
#2756 = ( GEOMETRIC_REPRESENTATION_CONTEXT(2) 
PARAMETRIC_REPRESENTATION_CONTEXT() REPRESENTATION_CONTEXT('2D SPACE',''
  ) );
#2757 = ORIENTED_EDGE('',*,*,#2758,.T.);
#2758 = EDGE_CURVE('',#2733,#2759,#2761,.T.);
#2759 = VERTEX_POINT('',#2760);
#2760 = CARTESIAN_POINT('',(7.15,1.7,13.65));
#2761 = SURFACE_CURVE('',#2762,(#2767,#2774),.PCURVE_S1.);
#2762 = CIRCLE('',#2763,1.65);
#2763 = AXIS2_PLACEMENT_3D('',#2764,#2765,#2766);
#2764 = CARTESIAN_POINT('',(7.15,5.E-02,13.65));
#2765 = DIRECTION('',(-0.,0.,-1.));
#2766 = DIRECTION('',(-1.,0.,0.));
#2767 = PCURVE('',#754,#2768);
#2768 = DEFINITIONAL_REPRESENTATION('',(#2769),#2773);
#2769 = LINE('',#2770,#2771);
#2770 = CARTESIAN_POINT('',(-0.,1.65));
#2771 = VECTOR('',#2772,1.);
#2772 = DIRECTION('',(-1.,0.));
#2773 = ( GEOMETRIC_REPRESENTATION_CONTEXT(2) 
PARAMETRIC_REPRESENTATION_CONTEXT() REPRESENTATION_CONTEXT('2D SPACE',''
  ) );
#2774 = PCURVE('',#2775,#2780);
#2775 = SPHERICAL_SURFACE('',#2776,1.65);
#2776 = AXIS2_PLACEMENT_3D('',#2777,#2778,#2779);
#2777 = CARTESIAN_POINT('',(7.15,5.E-02,13.65));
#2778 = DIRECTION('',(0.,0.,1.));
#2779 = DIRECTION('',(-1.,0.,0.));
#2780 = DEFINITIONAL_REPRESENTATION('',(#2781),#2785);
#2781 = LINE('',#2782,#2783);
#2782 = CARTESIAN_POINT('',(-0.,0.));
#2783 = VECTOR('',#2784,1.);
#2784 = DIRECTION('',(-1.,0.));
#2785 = ( GEOMETRIC_REPRESENTATION_CONTEXT(2) 
PARAMETRIC_REPRESENTATION_CONTEXT() REPRESENTATION_CONTEXT('2D SPACE',''
  ) );
#2786 = ORIENTED_EDGE('',*,*,#2787,.T.);
#2787 = EDGE_CURVE('',#2759,#738,#2788,.T.);
#2788 = SURFACE_CURVE('',#2789,(#2793,#2800),.PCURVE_S1.);
#2789 = LINE('',#2790,#2791);
#2790 = CARTESIAN_POINT('',(7.15,1.7,12.));
#2791 = VECTOR('',#2792,1.);
#2792 = DIRECTION('',(0.,0.,1.));
#2793 = PCURVE('',#754,#2794);
#2794 = DEFINITIONAL_REPRESENTATION('',(#2795),#2799);
#2795 = LINE('',#2796,#2797);
#2796 = CARTESIAN_POINT('',(-1.570796326795,0.));
#2797 = VECTOR('',#2798,1.);
#2798 = DIRECTION('',(-0.,1.));
#2799 = ( GEOMETRIC_REPRESENTATION_CONTEXT(2) 
PARAMETRIC_REPRESENTATION_CONTEXT() REPRESENTATION_CONTEXT('2D SPACE',''
  ) );
#2800 = PCURVE('',#781,#2801);
#2801 = DEFINITIONAL_REPRESENTATION('',(#2802),#2806);
#2802 = LINE('',#2803,#2804);
#2803 = CARTESIAN_POINT('',(0.,1.65));
#2804 = VECTOR('',#2805,1.);
#2805 = DIRECTION('',(1.,0.));
#2806 = ( GEOMETRIC_REPRESENTATION_CONTEXT(2) 
PARAMETRIC_REPRESENTATION_CONTEXT() REPRESENTATION_CONTEXT('2D SPACE',''
  ) );
#2807 = ORIENTED_EDGE('',*,*,#737,.T.);
#2808 = ADVANCED_FACE('',(#2809),#864,.F.);
#2809 = FACE_BOUND('',#2810,.T.);
#2810 = EDGE_LOOP('',(#2811,#2834,#2861,#2862));
#2811 = ORIENTED_EDGE('',*,*,#2812,.F.);
#2812 = EDGE_CURVE('',#2813,#822,#2815,.T.);
#2813 = VERTEX_POINT('',#2814);
#2814 = CARTESIAN_POINT('',(10.,-5.E-02,13.65));
#2815 = SURFACE_CURVE('',#2816,(#2820,#2827),.PCURVE_S1.);
#2816 = LINE('',#2817,#2818);
#2817 = CARTESIAN_POINT('',(10.,-5.E-02,12.));
#2818 = VECTOR('',#2819,1.);
#2819 = DIRECTION('',(0.,0.,1.));
#2820 = PCURVE('',#864,#2821);
#2821 = DEFINITIONAL_REPRESENTATION('',(#2822),#2826);
#2822 = LINE('',#2823,#2824);
#2823 = CARTESIAN_POINT('',(-0.,0.));
#2824 = VECTOR('',#2825,1.);
#2825 = DIRECTION('',(-0.,1.));
#2826 = ( GEOMETRIC_REPRESENTATION_CONTEXT(2) 
PARAMETRIC_REPRESENTATION_CONTEXT() REPRESENTATION_CONTEXT('2D SPACE',''
  ) );
#2827 = PCURVE('',#836,#2828);
#2828 = DEFINITIONAL_REPRESENTATION('',(#2829),#2833);
#2829 = LINE('',#2830,#2831);
#2830 = CARTESIAN_POINT('',(0.,-1.65));
#2831 = VECTOR('',#2832,1.);
#2832 = DIRECTION('',(1.,0.));
#2833 = ( GEOMETRIC_REPRESENTATION_CONTEXT(2) 
PARAMETRIC_REPRESENTATION_CONTEXT() REPRESENTATION_CONTEXT('2D SPACE',''
  ) );
#2834 = ORIENTED_EDGE('',*,*,#2835,.T.);
#2835 = EDGE_CURVE('',#2813,#2654,#2836,.T.);
#2836 = SURFACE_CURVE('',#2837,(#2842,#2849),.PCURVE_S1.);
#2837 = CIRCLE('',#2838,1.65);
#2838 = AXIS2_PLACEMENT_3D('',#2839,#2840,#2841);
#2839 = CARTESIAN_POINT('',(8.35,-5.E-02,13.65));
#2840 = DIRECTION('',(0.,-0.,-1.));
#2841 = DIRECTION('',(1.,0.,-0.));
#2842 = PCURVE('',#864,#2843);
#2843 = DEFINITIONAL_REPRESENTATION('',(#2844),#2848);
#2844 = LINE('',#2845,#2846);
#2845 = CARTESIAN_POINT('',(-0.,1.65));
#2846 = VECTOR('',#2847,1.);
#2847 = DIRECTION('',(-1.,0.));
#2848 = ( GEOMETRIC_REPRESENTATION_CONTEXT(2) 
PARAMETRIC_REPRESENTATION_CONTEXT() REPRESENTATION_CONTEXT('2D SPACE',''
  ) );
#2849 = PCURVE('',#2850,#2855);
#2850 = SPHERICAL_SURFACE('',#2851,1.65);
#2851 = AXIS2_PLACEMENT_3D('',#2852,#2853,#2854);
#2852 = CARTESIAN_POINT('',(8.35,-5.E-02,13.65));
#2853 = DIRECTION('',(0.,0.,1.));
#2854 = DIRECTION('',(1.,0.,-0.));
#2855 = DEFINITIONAL_REPRESENTATION('',(#2856),#2860);
#2856 = LINE('',#2857,#2858);
#2857 = CARTESIAN_POINT('',(-0.,0.));
#2858 = VECTOR('',#2859,1.);
#2859 = DIRECTION('',(-1.,0.));
#2860 = ( GEOMETRIC_REPRESENTATION_CONTEXT(2) 
PARAMETRIC_REPRESENTATION_CONTEXT() REPRESENTATION_CONTEXT('2D SPACE',''
  ) );
#2861 = ORIENTED_EDGE('',*,*,#2683,.T.);
#2862 = ORIENTED_EDGE('',*,*,#847,.T.);
#2863 = ADVANCED_FACE('',(#2864),#781,.F.);
#2864 = FACE_BOUND('',#2865,.F.);
#2865 = EDGE_LOOP('',(#2866,#2894,#2895,#2896));
#2866 = ORIENTED_EDGE('',*,*,#2867,.F.);
#2867 = EDGE_CURVE('',#2759,#2868,#2870,.T.);
#2868 = VERTEX_POINT('',#2869);
#2869 = CARTESIAN_POINT('',(8.35,1.7,13.65));
#2870 = SURFACE_CURVE('',#2871,(#2875,#2882),.PCURVE_S1.);
#2871 = LINE('',#2872,#2873);
#2872 = CARTESIAN_POINT('',(5.5,1.7,13.65));
#2873 = VECTOR('',#2874,1.);
#2874 = DIRECTION('',(1.,0.,-0.));
#2875 = PCURVE('',#781,#2876);
#2876 = DEFINITIONAL_REPRESENTATION('',(#2877),#2881);
#2877 = LINE('',#2878,#2879);
#2878 = CARTESIAN_POINT('',(1.65,0.));
#2879 = VECTOR('',#2880,1.);
#2880 = DIRECTION('',(0.,1.));
#2881 = ( GEOMETRIC_REPRESENTATION_CONTEXT(2) 
PARAMETRIC_REPRESENTATION_CONTEXT() REPRESENTATION_CONTEXT('2D SPACE',''
  ) );
#2882 = PCURVE('',#2883,#2888);
#2883 = CYLINDRICAL_SURFACE('',#2884,1.65);
#2884 = AXIS2_PLACEMENT_3D('',#2885,#2886,#2887);
#2885 = CARTESIAN_POINT('',(5.5,5.E-02,13.65));
#2886 = DIRECTION('',(1.,0.,-0.));
#2887 = DIRECTION('',(0.,1.,0.));
#2888 = DEFINITIONAL_REPRESENTATION('',(#2889),#2893);
#2889 = LINE('',#2890,#2891);
#2890 = CARTESIAN_POINT('',(-0.,0.));
#2891 = VECTOR('',#2892,1.);
#2892 = DIRECTION('',(-0.,1.));
#2893 = ( GEOMETRIC_REPRESENTATION_CONTEXT(2) 
PARAMETRIC_REPRESENTATION_CONTEXT() REPRESENTATION_CONTEXT('2D SPACE',''
  ) );
#2894 = ORIENTED_EDGE('',*,*,#2787,.T.);
#2895 = ORIENTED_EDGE('',*,*,#766,.F.);
#2896 = ORIENTED_EDGE('',*,*,#2897,.F.);
#2897 = EDGE_CURVE('',#2868,#767,#2898,.T.);
#2898 = SURFACE_CURVE('',#2899,(#2903,#2910),.PCURVE_S1.);
#2899 = LINE('',#2900,#2901);
#2900 = CARTESIAN_POINT('',(8.35,1.7,12.));
#2901 = VECTOR('',#2902,1.);
#2902 = DIRECTION('',(0.,0.,1.));
#2903 = PCURVE('',#781,#2904);
#2904 = DEFINITIONAL_REPRESENTATION('',(#2905),#2909);
#2905 = LINE('',#2906,#2907);
#2906 = CARTESIAN_POINT('',(0.,2.85));
#2907 = VECTOR('',#2908,1.);
#2908 = DIRECTION('',(1.,0.));
#2909 = ( GEOMETRIC_REPRESENTATION_CONTEXT(2) 
PARAMETRIC_REPRESENTATION_CONTEXT() REPRESENTATION_CONTEXT('2D SPACE',''
  ) );
#2910 = PCURVE('',#809,#2911);
#2911 = DEFINITIONAL_REPRESENTATION('',(#2912),#2916);
#2912 = LINE('',#2913,#2914);
#2913 = CARTESIAN_POINT('',(1.570796326795,0.));
#2914 = VECTOR('',#2915,1.);
#2915 = DIRECTION('',(0.,1.));
#2916 = ( GEOMETRIC_REPRESENTATION_CONTEXT(2) 
PARAMETRIC_REPRESENTATION_CONTEXT() REPRESENTATION_CONTEXT('2D SPACE',''
  ) );
#2917 = ADVANCED_FACE('',(#2918),#836,.F.);
#2918 = FACE_BOUND('',#2919,.F.);
#2919 = EDGE_LOOP('',(#2920,#2921,#2949,#2970));
#2920 = ORIENTED_EDGE('',*,*,#2812,.F.);
#2921 = ORIENTED_EDGE('',*,*,#2922,.T.);
#2922 = EDGE_CURVE('',#2813,#2923,#2925,.T.);
#2923 = VERTEX_POINT('',#2924);
#2924 = CARTESIAN_POINT('',(10.,5.E-02,13.65));
#2925 = SURFACE_CURVE('',#2926,(#2930,#2937),.PCURVE_S1.);
#2926 = LINE('',#2927,#2928);
#2927 = CARTESIAN_POINT('',(10.,-1.7,13.65));
#2928 = VECTOR('',#2929,1.);
#2929 = DIRECTION('',(-0.,1.,0.));
#2930 = PCURVE('',#836,#2931);
#2931 = DEFINITIONAL_REPRESENTATION('',(#2932),#2936);
#2932 = LINE('',#2933,#2934);
#2933 = CARTESIAN_POINT('',(1.65,0.));
#2934 = VECTOR('',#2935,1.);
#2935 = DIRECTION('',(0.,-1.));
#2936 = ( GEOMETRIC_REPRESENTATION_CONTEXT(2) 
PARAMETRIC_REPRESENTATION_CONTEXT() REPRESENTATION_CONTEXT('2D SPACE',''
  ) );
#2937 = PCURVE('',#2938,#2943);
#2938 = CYLINDRICAL_SURFACE('',#2939,1.65);
#2939 = AXIS2_PLACEMENT_3D('',#2940,#2941,#2942);
#2940 = CARTESIAN_POINT('',(8.35,-1.7,13.65));
#2941 = DIRECTION('',(-0.,1.,0.));
#2942 = DIRECTION('',(1.,0.,-0.));
#2943 = DEFINITIONAL_REPRESENTATION('',(#2944),#2948);
#2944 = LINE('',#2945,#2946);
#2945 = CARTESIAN_POINT('',(0.,0.));
#2946 = VECTOR('',#2947,1.);
#2947 = DIRECTION('',(0.,1.));
#2948 = ( GEOMETRIC_REPRESENTATION_CONTEXT(2) 
PARAMETRIC_REPRESENTATION_CONTEXT() REPRESENTATION_CONTEXT('2D SPACE',''
  ) );
#2949 = ORIENTED_EDGE('',*,*,#2950,.T.);
#2950 = EDGE_CURVE('',#2923,#793,#2951,.T.);
#2951 = SURFACE_CURVE('',#2952,(#2956,#2963),.PCURVE_S1.);
#2952 = LINE('',#2953,#2954);
#2953 = CARTESIAN_POINT('',(10.,5.E-02,12.));
#2954 = VECTOR('',#2955,1.);
#2955 = DIRECTION('',(0.,0.,1.));
#2956 = PCURVE('',#836,#2957);
#2957 = DEFINITIONAL_REPRESENTATION('',(#2958),#2962);
#2958 = LINE('',#2959,#2960);
#2959 = CARTESIAN_POINT('',(0.,-1.75));
#2960 = VECTOR('',#2961,1.);
#2961 = DIRECTION('',(1.,0.));
#2962 = ( GEOMETRIC_REPRESENTATION_CONTEXT(2) 
PARAMETRIC_REPRESENTATION_CONTEXT() REPRESENTATION_CONTEXT('2D SPACE',''
  ) );
#2963 = PCURVE('',#809,#2964);
#2964 = DEFINITIONAL_REPRESENTATION('',(#2965),#2969);
#2965 = LINE('',#2966,#2967);
#2966 = CARTESIAN_POINT('',(0.,0.));
#2967 = VECTOR('',#2968,1.);
#2968 = DIRECTION('',(0.,1.));
#2969 = ( GEOMETRIC_REPRESENTATION_CONTEXT(2) 
PARAMETRIC_REPRESENTATION_CONTEXT() REPRESENTATION_CONTEXT('2D SPACE',''
  ) );
#2970 = ORIENTED_EDGE('',*,*,#821,.F.);
#2971 = ADVANCED_FACE('',(#2972),#809,.F.);
#2972 = FACE_BOUND('',#2973,.F.);
#2973 = EDGE_LOOP('',(#2974,#2975,#3002,#3003));
#2974 = ORIENTED_EDGE('',*,*,#2950,.F.);
#2975 = ORIENTED_EDGE('',*,*,#2976,.T.);
#2976 = EDGE_CURVE('',#2923,#2868,#2977,.T.);
#2977 = SURFACE_CURVE('',#2978,(#2983,#2990),.PCURVE_S1.);
#2978 = CIRCLE('',#2979,1.65);
#2979 = AXIS2_PLACEMENT_3D('',#2980,#2981,#2982);
#2980 = CARTESIAN_POINT('',(8.35,5.E-02,13.65));
#2981 = DIRECTION('',(0.,0.,1.));
#2982 = DIRECTION('',(1.,0.,-0.));
#2983 = PCURVE('',#809,#2984);
#2984 = DEFINITIONAL_REPRESENTATION('',(#2985),#2989);
#2985 = LINE('',#2986,#2987);
#2986 = CARTESIAN_POINT('',(0.,1.65));
#2987 = VECTOR('',#2988,1.);
#2988 = DIRECTION('',(1.,0.));
#2989 = ( GEOMETRIC_REPRESENTATION_CONTEXT(2) 
PARAMETRIC_REPRESENTATION_CONTEXT() REPRESENTATION_CONTEXT('2D SPACE',''
  ) );
#2990 = PCURVE('',#2991,#2996);
#2991 = SPHERICAL_SURFACE('',#2992,1.65);
#2992 = AXIS2_PLACEMENT_3D('',#2993,#2994,#2995);
#2993 = CARTESIAN_POINT('',(8.35,5.E-02,13.65));
#2994 = DIRECTION('',(0.,0.,1.));
#2995 = DIRECTION('',(1.,0.,-0.));
#2996 = DEFINITIONAL_REPRESENTATION('',(#2997),#3001);
#2997 = LINE('',#2998,#2999);
#2998 = CARTESIAN_POINT('',(0.,0.));
#2999 = VECTOR('',#3000,1.);
#3000 = DIRECTION('',(1.,0.));
#3001 = ( GEOMETRIC_REPRESENTATION_CONTEXT(2) 
PARAMETRIC_REPRESENTATION_CONTEXT() REPRESENTATION_CONTEXT('2D SPACE',''
  ) );
#3002 = ORIENTED_EDGE('',*,*,#2897,.T.);
#3003 = ORIENTED_EDGE('',*,*,#792,.F.);
#3004 = ADVANCED_FACE('',(#3005),#921,.F.);
#3005 = FACE_BOUND('',#3006,.F.);
#3006 = EDGE_LOOP('',(#3007,#3030,#3059,#3080,#3104,#3125));
#3007 = ORIENTED_EDGE('',*,*,#3008,.F.);
#3008 = EDGE_CURVE('',#3009,#903,#3011,.T.);
#3009 = VERTEX_POINT('',#3010);
#3010 = CARTESIAN_POINT('',(-1.7,7.15,13.65));
#3011 = SURFACE_CURVE('',#3012,(#3016,#3023),.PCURVE_S1.);
#3012 = LINE('',#3013,#3014);
#3013 = CARTESIAN_POINT('',(-1.7,7.15,12.));
#3014 = VECTOR('',#3015,1.);
#3015 = DIRECTION('',(0.,0.,1.));
#3016 = PCURVE('',#921,#3017);
#3017 = DEFINITIONAL_REPRESENTATION('',(#3018),#3022);
#3018 = LINE('',#3019,#3020);
#3019 = CARTESIAN_POINT('',(0.,0.));
#3020 = VECTOR('',#3021,1.);
#3021 = DIRECTION('',(0.,1.));
#3022 = ( GEOMETRIC_REPRESENTATION_CONTEXT(2) 
PARAMETRIC_REPRESENTATION_CONTEXT() REPRESENTATION_CONTEXT('2D SPACE',''
  ) );
#3023 = PCURVE('',#948,#3024);
#3024 = DEFINITIONAL_REPRESENTATION('',(#3025),#3029);
#3025 = LINE('',#3026,#3027);
#3026 = CARTESIAN_POINT('',(0.,-1.65));
#3027 = VECTOR('',#3028,1.);
#3028 = DIRECTION('',(1.,0.));
#3029 = ( GEOMETRIC_REPRESENTATION_CONTEXT(2) 
PARAMETRIC_REPRESENTATION_CONTEXT() REPRESENTATION_CONTEXT('2D SPACE',''
  ) );
#3030 = ORIENTED_EDGE('',*,*,#3031,.T.);
#3031 = EDGE_CURVE('',#3009,#3032,#3034,.T.);
#3032 = VERTEX_POINT('',#3033);
#3033 = CARTESIAN_POINT('',(-1.662394765656,6.799738498142,13.65));
#3034 = SURFACE_CURVE('',#3035,(#3040,#3047),.PCURVE_S1.);
#3035 = CIRCLE('',#3036,1.65);
#3036 = AXIS2_PLACEMENT_3D('',#3037,#3038,#3039);
#3037 = CARTESIAN_POINT('',(-5.E-02,7.15,13.65));
#3038 = DIRECTION('',(0.,0.,1.));
#3039 = DIRECTION('',(-1.,0.,0.));
#3040 = PCURVE('',#921,#3041);
#3041 = DEFINITIONAL_REPRESENTATION('',(#3042),#3046);
#3042 = LINE('',#3043,#3044);
#3043 = CARTESIAN_POINT('',(0.,1.65));
#3044 = VECTOR('',#3045,1.);
#3045 = DIRECTION('',(1.,0.));
#3046 = ( GEOMETRIC_REPRESENTATION_CONTEXT(2) 
PARAMETRIC_REPRESENTATION_CONTEXT() REPRESENTATION_CONTEXT('2D SPACE',''
  ) );
#3047 = PCURVE('',#3048,#3053);
#3048 = SPHERICAL_SURFACE('',#3049,1.65);
#3049 = AXIS2_PLACEMENT_3D('',#3050,#3051,#3052);
#3050 = CARTESIAN_POINT('',(-5.E-02,7.15,13.65));
#3051 = DIRECTION('',(0.,0.,1.));
#3052 = DIRECTION('',(-1.,0.,0.));
#3053 = DEFINITIONAL_REPRESENTATION('',(#3054),#3058);
#3054 = LINE('',#3055,#3056);
#3055 = CARTESIAN_POINT('',(0.,0.));
#3056 = VECTOR('',#3057,1.);
#3057 = DIRECTION('',(1.,0.));
#3058 = ( GEOMETRIC_REPRESENTATION_CONTEXT(2) 
PARAMETRIC_REPRESENTATION_CONTEXT() REPRESENTATION_CONTEXT('2D SPACE',''
  ) );
#3059 = ORIENTED_EDGE('',*,*,#3060,.T.);
#3060 = EDGE_CURVE('',#3032,#3061,#3063,.T.);
#3061 = VERTEX_POINT('',#3062);
#3062 = CARTESIAN_POINT('',(-1.662394765656,6.799738498142,13.7));
#3063 = SURFACE_CURVE('',#3064,(#3068,#3074),.PCURVE_S1.);
#3064 = LINE('',#3065,#3066);
#3065 = CARTESIAN_POINT('',(-1.662394765656,6.799738498142,12.));
#3066 = VECTOR('',#3067,1.);
#3067 = DIRECTION('',(0.,0.,1.));
#3068 = PCURVE('',#921,#3069);
#3069 = DEFINITIONAL_REPRESENTATION('',(#3070),#3073);
#3070 = B_SPLINE_CURVE_WITH_KNOTS('',1,(#3071,#3072),.UNSPECIFIED.,.F.,
  .F.,(2,2),(1.6499994,1.7000006),.PIECEWISE_BEZIER_KNOTS.);
#3071 = CARTESIAN_POINT('',(0.213907237635,1.6499994));
#3072 = CARTESIAN_POINT('',(0.213907237635,1.7000006));
#3073 = ( GEOMETRIC_REPRESENTATION_CONTEXT(2) 
PARAMETRIC_REPRESENTATION_CONTEXT() REPRESENTATION_CONTEXT('2D SPACE',''
  ) );
#3074 = PCURVE('',#2364,#3075);
#3075 = DEFINITIONAL_REPRESENTATION('',(#3076),#3079);
#3076 = B_SPLINE_CURVE_WITH_KNOTS('',1,(#3077,#3078),.UNSPECIFIED.,.F.,
  .F.,(2,2),(1.6499994,1.7000006),.PIECEWISE_BEZIER_KNOTS.);
#3077 = CARTESIAN_POINT('',(1.810572250372,1.5499994));
#3078 = CARTESIAN_POINT('',(1.810572250372,1.6000006));
#3079 = ( GEOMETRIC_REPRESENTATION_CONTEXT(2) 
PARAMETRIC_REPRESENTATION_CONTEXT() REPRESENTATION_CONTEXT('2D SPACE',''
  ) );
#3080 = ORIENTED_EDGE('',*,*,#3081,.T.);
#3081 = EDGE_CURVE('',#3061,#3082,#3084,.T.);
#3082 = VERTEX_POINT('',#3083);
#3083 = CARTESIAN_POINT('',(-5.E-02,5.5,13.7));
#3084 = SURFACE_CURVE('',#3085,(#3090,#3097),.PCURVE_S1.);
#3085 = CIRCLE('',#3086,1.65);
#3086 = AXIS2_PLACEMENT_3D('',#3087,#3088,#3089);
#3087 = CARTESIAN_POINT('',(-5.E-02,7.15,13.7));
#3088 = DIRECTION('',(0.,0.,1.));
#3089 = DIRECTION('',(-1.,-0.,0.));
#3090 = PCURVE('',#921,#3091);
#3091 = DEFINITIONAL_REPRESENTATION('',(#3092),#3096);
#3092 = LINE('',#3093,#3094);
#3093 = CARTESIAN_POINT('',(0.,1.7));
#3094 = VECTOR('',#3095,1.);
#3095 = DIRECTION('',(1.,0.));
#3096 = ( GEOMETRIC_REPRESENTATION_CONTEXT(2) 
PARAMETRIC_REPRESENTATION_CONTEXT() REPRESENTATION_CONTEXT('2D SPACE',''
  ) );
#3097 = PCURVE('',#1580,#3098);
#3098 = DEFINITIONAL_REPRESENTATION('',(#3099),#3103);
#3099 = CIRCLE('',#3100,1.65);
#3100 = AXIS2_PLACEMENT_2D('',#3101,#3102);
#3101 = CARTESIAN_POINT('',(-5.E-02,7.15));
#3102 = DIRECTION('',(-1.,0.));
#3103 = ( GEOMETRIC_REPRESENTATION_CONTEXT(2) 
PARAMETRIC_REPRESENTATION_CONTEXT() REPRESENTATION_CONTEXT('2D SPACE',''
  ) );
#3104 = ORIENTED_EDGE('',*,*,#3105,.T.);
#3105 = EDGE_CURVE('',#3082,#905,#3106,.T.);
#3106 = SURFACE_CURVE('',#3107,(#3111,#3118),.PCURVE_S1.);
#3107 = LINE('',#3108,#3109);
#3108 = CARTESIAN_POINT('',(-5.E-02,5.5,12.));
#3109 = VECTOR('',#3110,1.);
#3110 = DIRECTION('',(0.,0.,1.));
#3111 = PCURVE('',#921,#3112);
#3112 = DEFINITIONAL_REPRESENTATION('',(#3113),#3117);
#3113 = LINE('',#3114,#3115);
#3114 = CARTESIAN_POINT('',(1.570796326795,0.));
#3115 = VECTOR('',#3116,1.);
#3116 = DIRECTION('',(0.,1.));
#3117 = ( GEOMETRIC_REPRESENTATION_CONTEXT(2) 
PARAMETRIC_REPRESENTATION_CONTEXT() REPRESENTATION_CONTEXT('2D SPACE',''
  ) );
#3118 = PCURVE('',#1111,#3119);
#3119 = DEFINITIONAL_REPRESENTATION('',(#3120),#3124);
#3120 = LINE('',#3121,#3122);
#3121 = CARTESIAN_POINT('',(0.,1.65));
#3122 = VECTOR('',#3123,1.);
#3123 = DIRECTION('',(1.,0.));
#3124 = ( GEOMETRIC_REPRESENTATION_CONTEXT(2) 
PARAMETRIC_REPRESENTATION_CONTEXT() REPRESENTATION_CONTEXT('2D SPACE',''
  ) );
#3125 = ORIENTED_EDGE('',*,*,#902,.F.);
#3126 = ADVANCED_FACE('',(#3127),#948,.T.);
#3127 = FACE_BOUND('',#3128,.T.);
#3128 = EDGE_LOOP('',(#3129,#3130,#3158,#3179));
#3129 = ORIENTED_EDGE('',*,*,#3008,.F.);
#3130 = ORIENTED_EDGE('',*,*,#3131,.T.);
#3131 = EDGE_CURVE('',#3009,#3132,#3134,.T.);
#3132 = VERTEX_POINT('',#3133);
#3133 = CARTESIAN_POINT('',(-1.7,8.35,13.65));
#3134 = SURFACE_CURVE('',#3135,(#3139,#3146),.PCURVE_S1.);
#3135 = LINE('',#3136,#3137);
#3136 = CARTESIAN_POINT('',(-1.7,5.5,13.65));
#3137 = VECTOR('',#3138,1.);
#3138 = DIRECTION('',(-0.,1.,0.));
#3139 = PCURVE('',#948,#3140);
#3140 = DEFINITIONAL_REPRESENTATION('',(#3141),#3145);
#3141 = LINE('',#3142,#3143);
#3142 = CARTESIAN_POINT('',(1.65,0.));
#3143 = VECTOR('',#3144,1.);
#3144 = DIRECTION('',(0.,-1.));
#3145 = ( GEOMETRIC_REPRESENTATION_CONTEXT(2) 
PARAMETRIC_REPRESENTATION_CONTEXT() REPRESENTATION_CONTEXT('2D SPACE',''
  ) );
#3146 = PCURVE('',#3147,#3152);
#3147 = CYLINDRICAL_SURFACE('',#3148,1.65);
#3148 = AXIS2_PLACEMENT_3D('',#3149,#3150,#3151);
#3149 = CARTESIAN_POINT('',(-5.E-02,5.5,13.65));
#3150 = DIRECTION('',(-0.,1.,0.));
#3151 = DIRECTION('',(-1.,-0.,0.));
#3152 = DEFINITIONAL_REPRESENTATION('',(#3153),#3157);
#3153 = LINE('',#3154,#3155);
#3154 = CARTESIAN_POINT('',(-0.,0.));
#3155 = VECTOR('',#3156,1.);
#3156 = DIRECTION('',(-0.,1.));
#3157 = ( GEOMETRIC_REPRESENTATION_CONTEXT(2) 
PARAMETRIC_REPRESENTATION_CONTEXT() REPRESENTATION_CONTEXT('2D SPACE',''
  ) );
#3158 = ORIENTED_EDGE('',*,*,#3159,.T.);
#3159 = EDGE_CURVE('',#3132,#934,#3160,.T.);
#3160 = SURFACE_CURVE('',#3161,(#3165,#3172),.PCURVE_S1.);
#3161 = LINE('',#3162,#3163);
#3162 = CARTESIAN_POINT('',(-1.7,8.35,12.));
#3163 = VECTOR('',#3164,1.);
#3164 = DIRECTION('',(0.,0.,1.));
#3165 = PCURVE('',#948,#3166);
#3166 = DEFINITIONAL_REPRESENTATION('',(#3167),#3171);
#3167 = LINE('',#3168,#3169);
#3168 = CARTESIAN_POINT('',(0.,-2.85));
#3169 = VECTOR('',#3170,1.);
#3170 = DIRECTION('',(1.,0.));
#3171 = ( GEOMETRIC_REPRESENTATION_CONTEXT(2) 
PARAMETRIC_REPRESENTATION_CONTEXT() REPRESENTATION_CONTEXT('2D SPACE',''
  ) );
#3172 = PCURVE('',#976,#3173);
#3173 = DEFINITIONAL_REPRESENTATION('',(#3174),#3178);
#3174 = LINE('',#3175,#3176);
#3175 = CARTESIAN_POINT('',(-0.,0.));
#3176 = VECTOR('',#3177,1.);
#3177 = DIRECTION('',(-0.,1.));
#3178 = ( GEOMETRIC_REPRESENTATION_CONTEXT(2) 
PARAMETRIC_REPRESENTATION_CONTEXT() REPRESENTATION_CONTEXT('2D SPACE',''
  ) );
#3179 = ORIENTED_EDGE('',*,*,#933,.F.);
#3180 = ADVANCED_FACE('',(#3181),#1111,.T.);
#3181 = FACE_BOUND('',#3182,.T.);
#3182 = EDGE_LOOP('',(#3183,#3204,#3205,#3206));
#3183 = ORIENTED_EDGE('',*,*,#3184,.F.);
#3184 = EDGE_CURVE('',#3082,#3185,#3187,.T.);
#3185 = VERTEX_POINT('',#3186);
#3186 = CARTESIAN_POINT('',(5.E-02,5.5,13.7));
#3187 = SURFACE_CURVE('',#3188,(#3192,#3198),.PCURVE_S1.);
#3188 = LINE('',#3189,#3190);
#3189 = CARTESIAN_POINT('',(-0.85,5.5,13.7));
#3190 = VECTOR('',#3191,1.);
#3191 = DIRECTION('',(1.,0.,-0.));
#3192 = PCURVE('',#1111,#3193);
#3193 = DEFINITIONAL_REPRESENTATION('',(#3194),#3197);
#3194 = B_SPLINE_CURVE_WITH_KNOTS('',1,(#3195,#3196),.UNSPECIFIED.,.F.,
  .F.,(2,2),(0.8,0.9),.PIECEWISE_BEZIER_KNOTS.);
#3195 = CARTESIAN_POINT('',(1.7,1.65));
#3196 = CARTESIAN_POINT('',(1.7,1.75));
#3197 = ( GEOMETRIC_REPRESENTATION_CONTEXT(2) 
PARAMETRIC_REPRESENTATION_CONTEXT() REPRESENTATION_CONTEXT('2D SPACE',''
  ) );
#3198 = PCURVE('',#1580,#3199);
#3199 = DEFINITIONAL_REPRESENTATION('',(#3200),#3203);
#3200 = B_SPLINE_CURVE_WITH_KNOTS('',1,(#3201,#3202),.UNSPECIFIED.,.F.,
  .F.,(2,2),(0.8,0.9),.PIECEWISE_BEZIER_KNOTS.);
#3201 = CARTESIAN_POINT('',(-5.E-02,5.5));
#3202 = CARTESIAN_POINT('',(5.E-02,5.5));
#3203 = ( GEOMETRIC_REPRESENTATION_CONTEXT(2) 
PARAMETRIC_REPRESENTATION_CONTEXT() REPRESENTATION_CONTEXT('2D SPACE',''
  ) );
#3204 = ORIENTED_EDGE('',*,*,#3105,.T.);
#3205 = ORIENTED_EDGE('',*,*,#1098,.F.);
#3206 = ORIENTED_EDGE('',*,*,#3207,.F.);
#3207 = EDGE_CURVE('',#3185,#1070,#3208,.T.);
#3208 = SURFACE_CURVE('',#3209,(#3213,#3220),.PCURVE_S1.);
#3209 = LINE('',#3210,#3211);
#3210 = CARTESIAN_POINT('',(5.E-02,5.5,12.));
#3211 = VECTOR('',#3212,1.);
#3212 = DIRECTION('',(0.,0.,1.));
#3213 = PCURVE('',#1111,#3214);
#3214 = DEFINITIONAL_REPRESENTATION('',(#3215),#3219);
#3215 = LINE('',#3216,#3217);
#3216 = CARTESIAN_POINT('',(0.,1.75));
#3217 = VECTOR('',#3218,1.);
#3218 = DIRECTION('',(1.,0.));
#3219 = ( GEOMETRIC_REPRESENTATION_CONTEXT(2) 
PARAMETRIC_REPRESENTATION_CONTEXT() REPRESENTATION_CONTEXT('2D SPACE',''
  ) );
#3220 = PCURVE('',#1086,#3221);
#3221 = DEFINITIONAL_REPRESENTATION('',(#3222),#3226);
#3222 = LINE('',#3223,#3224);
#3223 = CARTESIAN_POINT('',(-1.570796326795,0.));
#3224 = VECTOR('',#3225,1.);
#3225 = DIRECTION('',(-0.,1.));
#3226 = ( GEOMETRIC_REPRESENTATION_CONTEXT(2) 
PARAMETRIC_REPRESENTATION_CONTEXT() REPRESENTATION_CONTEXT('2D SPACE',''
  ) );
#3227 = ADVANCED_FACE('',(#3228),#976,.F.);
#3228 = FACE_BOUND('',#3229,.T.);
#3229 = EDGE_LOOP('',(#3230,#3231,#3260,#3281));
#3230 = ORIENTED_EDGE('',*,*,#3159,.F.);
#3231 = ORIENTED_EDGE('',*,*,#3232,.T.);
#3232 = EDGE_CURVE('',#3132,#3233,#3235,.T.);
#3233 = VERTEX_POINT('',#3234);
#3234 = CARTESIAN_POINT('',(-5.E-02,10.,13.65));
#3235 = SURFACE_CURVE('',#3236,(#3241,#3248),.PCURVE_S1.);
#3236 = CIRCLE('',#3237,1.65);
#3237 = AXIS2_PLACEMENT_3D('',#3238,#3239,#3240);
#3238 = CARTESIAN_POINT('',(-5.E-02,8.35,13.65));
#3239 = DIRECTION('',(-0.,0.,-1.));
#3240 = DIRECTION('',(-1.,-1.345724878334E-16,0.));
#3241 = PCURVE('',#976,#3242);
#3242 = DEFINITIONAL_REPRESENTATION('',(#3243),#3247);
#3243 = LINE('',#3244,#3245);
#3244 = CARTESIAN_POINT('',(-0.,1.65));
#3245 = VECTOR('',#3246,1.);
#3246 = DIRECTION('',(-1.,0.));
#3247 = ( GEOMETRIC_REPRESENTATION_CONTEXT(2) 
PARAMETRIC_REPRESENTATION_CONTEXT() REPRESENTATION_CONTEXT('2D SPACE',''
  ) );
#3248 = PCURVE('',#3249,#3254);
#3249 = SPHERICAL_SURFACE('',#3250,1.65);
#3250 = AXIS2_PLACEMENT_3D('',#3251,#3252,#3253);
#3251 = CARTESIAN_POINT('',(-5.E-02,8.35,13.65));
#3252 = DIRECTION('',(0.,0.,1.));
#3253 = DIRECTION('',(-1.,-1.345724878334E-16,0.));
#3254 = DEFINITIONAL_REPRESENTATION('',(#3255),#3259);
#3255 = LINE('',#3256,#3257);
#3256 = CARTESIAN_POINT('',(-0.,0.));
#3257 = VECTOR('',#3258,1.);
#3258 = DIRECTION('',(-1.,0.));
#3259 = ( GEOMETRIC_REPRESENTATION_CONTEXT(2) 
PARAMETRIC_REPRESENTATION_CONTEXT() REPRESENTATION_CONTEXT('2D SPACE',''
  ) );
#3260 = ORIENTED_EDGE('',*,*,#3261,.T.);
#3261 = EDGE_CURVE('',#3233,#960,#3262,.T.);
#3262 = SURFACE_CURVE('',#3263,(#3267,#3274),.PCURVE_S1.);
#3263 = LINE('',#3264,#3265);
#3264 = CARTESIAN_POINT('',(-5.E-02,10.,12.));
#3265 = VECTOR('',#3266,1.);
#3266 = DIRECTION('',(0.,0.,1.));
#3267 = PCURVE('',#976,#3268);
#3268 = DEFINITIONAL_REPRESENTATION('',(#3269),#3273);
#3269 = LINE('',#3270,#3271);
#3270 = CARTESIAN_POINT('',(-1.570796326795,0.));
#3271 = VECTOR('',#3272,1.);
#3272 = DIRECTION('',(-0.,1.));
#3273 = ( GEOMETRIC_REPRESENTATION_CONTEXT(2) 
PARAMETRIC_REPRESENTATION_CONTEXT() REPRESENTATION_CONTEXT('2D SPACE',''
  ) );
#3274 = PCURVE('',#1003,#3275);
#3275 = DEFINITIONAL_REPRESENTATION('',(#3276),#3280);
#3276 = LINE('',#3277,#3278);
#3277 = CARTESIAN_POINT('',(0.,1.65));
#3278 = VECTOR('',#3279,1.);
#3279 = DIRECTION('',(1.,0.));
#3280 = ( GEOMETRIC_REPRESENTATION_CONTEXT(2) 
PARAMETRIC_REPRESENTATION_CONTEXT() REPRESENTATION_CONTEXT('2D SPACE',''
  ) );
#3281 = ORIENTED_EDGE('',*,*,#959,.T.);
#3282 = ADVANCED_FACE('',(#3283),#1086,.F.);
#3283 = FACE_BOUND('',#3284,.T.);
#3284 = EDGE_LOOP('',(#3285,#3308,#3337,#3358,#3380,#3381));
#3285 = ORIENTED_EDGE('',*,*,#3286,.F.);
#3286 = EDGE_CURVE('',#3287,#1044,#3289,.T.);
#3287 = VERTEX_POINT('',#3288);
#3288 = CARTESIAN_POINT('',(1.7,7.15,13.65));
#3289 = SURFACE_CURVE('',#3290,(#3294,#3301),.PCURVE_S1.);
#3290 = LINE('',#3291,#3292);
#3291 = CARTESIAN_POINT('',(1.7,7.15,12.));
#3292 = VECTOR('',#3293,1.);
#3293 = DIRECTION('',(0.,0.,1.));
#3294 = PCURVE('',#1086,#3295);
#3295 = DEFINITIONAL_REPRESENTATION('',(#3296),#3300);
#3296 = LINE('',#3297,#3298);
#3297 = CARTESIAN_POINT('',(-0.,0.));
#3298 = VECTOR('',#3299,1.);
#3299 = DIRECTION('',(-0.,1.));
#3300 = ( GEOMETRIC_REPRESENTATION_CONTEXT(2) 
PARAMETRIC_REPRESENTATION_CONTEXT() REPRESENTATION_CONTEXT('2D SPACE',''
  ) );
#3301 = PCURVE('',#1058,#3302);
#3302 = DEFINITIONAL_REPRESENTATION('',(#3303),#3307);
#3303 = LINE('',#3304,#3305);
#3304 = CARTESIAN_POINT('',(0.,-1.65));
#3305 = VECTOR('',#3306,1.);
#3306 = DIRECTION('',(1.,0.));
#3307 = ( GEOMETRIC_REPRESENTATION_CONTEXT(2) 
PARAMETRIC_REPRESENTATION_CONTEXT() REPRESENTATION_CONTEXT('2D SPACE',''
  ) );
#3308 = ORIENTED_EDGE('',*,*,#3309,.T.);
#3309 = EDGE_CURVE('',#3287,#3310,#3312,.T.);
#3310 = VERTEX_POINT('',#3311);
#3311 = CARTESIAN_POINT('',(1.662394765656,6.799738498142,13.65));
#3312 = SURFACE_CURVE('',#3313,(#3318,#3325),.PCURVE_S1.);
#3313 = CIRCLE('',#3314,1.65);
#3314 = AXIS2_PLACEMENT_3D('',#3315,#3316,#3317);
#3315 = CARTESIAN_POINT('',(5.E-02,7.15,13.65));
#3316 = DIRECTION('',(0.,-0.,-1.));
#3317 = DIRECTION('',(1.,0.,-0.));
#3318 = PCURVE('',#1086,#3319);
#3319 = DEFINITIONAL_REPRESENTATION('',(#3320),#3324);
#3320 = LINE('',#3321,#3322);
#3321 = CARTESIAN_POINT('',(-0.,1.65));
#3322 = VECTOR('',#3323,1.);
#3323 = DIRECTION('',(-1.,0.));
#3324 = ( GEOMETRIC_REPRESENTATION_CONTEXT(2) 
PARAMETRIC_REPRESENTATION_CONTEXT() REPRESENTATION_CONTEXT('2D SPACE',''
  ) );
#3325 = PCURVE('',#3326,#3331);
#3326 = SPHERICAL_SURFACE('',#3327,1.65);
#3327 = AXIS2_PLACEMENT_3D('',#3328,#3329,#3330);
#3328 = CARTESIAN_POINT('',(5.E-02,7.15,13.65));
#3329 = DIRECTION('',(0.,0.,1.));
#3330 = DIRECTION('',(1.,0.,-0.));
#3331 = DEFINITIONAL_REPRESENTATION('',(#3332),#3336);
#3332 = LINE('',#3333,#3334);
#3333 = CARTESIAN_POINT('',(-0.,0.));
#3334 = VECTOR('',#3335,1.);
#3335 = DIRECTION('',(-1.,0.));
#3336 = ( GEOMETRIC_REPRESENTATION_CONTEXT(2) 
PARAMETRIC_REPRESENTATION_CONTEXT() REPRESENTATION_CONTEXT('2D SPACE',''
  ) );
#3337 = ORIENTED_EDGE('',*,*,#3338,.T.);
#3338 = EDGE_CURVE('',#3310,#3339,#3341,.T.);
#3339 = VERTEX_POINT('',#3340);
#3340 = CARTESIAN_POINT('',(1.662394765656,6.799738498142,13.7));
#3341 = SURFACE_CURVE('',#3342,(#3346,#3352),.PCURVE_S1.);
#3342 = LINE('',#3343,#3344);
#3343 = CARTESIAN_POINT('',(1.662394765656,6.799738498142,12.));
#3344 = VECTOR('',#3345,1.);
#3345 = DIRECTION('',(0.,0.,1.));
#3346 = PCURVE('',#1086,#3347);
#3347 = DEFINITIONAL_REPRESENTATION('',(#3348),#3351);
#3348 = B_SPLINE_CURVE_WITH_KNOTS('',1,(#3349,#3350),.UNSPECIFIED.,.F.,
  .F.,(2,2),(1.6499994,1.7000006),.PIECEWISE_BEZIER_KNOTS.);
#3349 = CARTESIAN_POINT('',(-0.213907237635,1.6499994));
#3350 = CARTESIAN_POINT('',(-0.213907237635,1.7000006));
#3351 = ( GEOMETRIC_REPRESENTATION_CONTEXT(2) 
PARAMETRIC_REPRESENTATION_CONTEXT() REPRESENTATION_CONTEXT('2D SPACE',''
  ) );
#3352 = PCURVE('',#2747,#3353);
#3353 = DEFINITIONAL_REPRESENTATION('',(#3354),#3357);
#3354 = B_SPLINE_CURVE_WITH_KNOTS('',1,(#3355,#3356),.UNSPECIFIED.,.F.,
  .F.,(2,2),(1.6499994,1.7000006),.PIECEWISE_BEZIER_KNOTS.);
#3355 = CARTESIAN_POINT('',(1.331020403218,1.5499994));
#3356 = CARTESIAN_POINT('',(1.331020403218,1.6000006));
#3357 = ( GEOMETRIC_REPRESENTATION_CONTEXT(2) 
PARAMETRIC_REPRESENTATION_CONTEXT() REPRESENTATION_CONTEXT('2D SPACE',''
  ) );
#3358 = ORIENTED_EDGE('',*,*,#3359,.F.);
#3359 = EDGE_CURVE('',#3185,#3339,#3360,.T.);
#3360 = SURFACE_CURVE('',#3361,(#3366,#3373),.PCURVE_S1.);
#3361 = CIRCLE('',#3362,1.65);
#3362 = AXIS2_PLACEMENT_3D('',#3363,#3364,#3365);
#3363 = CARTESIAN_POINT('',(5.E-02,7.15,13.7));
#3364 = DIRECTION('',(0.,0.,1.));
#3365 = DIRECTION('',(1.,0.,-0.));
#3366 = PCURVE('',#1086,#3367);
#3367 = DEFINITIONAL_REPRESENTATION('',(#3368),#3372);
#3368 = LINE('',#3369,#3370);
#3369 = CARTESIAN_POINT('',(-6.28318530718,1.7));
#3370 = VECTOR('',#3371,1.);
#3371 = DIRECTION('',(1.,-0.));
#3372 = ( GEOMETRIC_REPRESENTATION_CONTEXT(2) 
PARAMETRIC_REPRESENTATION_CONTEXT() REPRESENTATION_CONTEXT('2D SPACE',''
  ) );
#3373 = PCURVE('',#1580,#3374);
#3374 = DEFINITIONAL_REPRESENTATION('',(#3375),#3379);
#3375 = CIRCLE('',#3376,1.65);
#3376 = AXIS2_PLACEMENT_2D('',#3377,#3378);
#3377 = CARTESIAN_POINT('',(5.E-02,7.15));
#3378 = DIRECTION('',(1.,0.));
#3379 = ( GEOMETRIC_REPRESENTATION_CONTEXT(2) 
PARAMETRIC_REPRESENTATION_CONTEXT() REPRESENTATION_CONTEXT('2D SPACE',''
  ) );
#3380 = ORIENTED_EDGE('',*,*,#3207,.T.);
#3381 = ORIENTED_EDGE('',*,*,#1069,.T.);
#3382 = ADVANCED_FACE('',(#3383),#1003,.F.);
#3383 = FACE_BOUND('',#3384,.F.);
#3384 = EDGE_LOOP('',(#3385,#3413,#3414,#3415));
#3385 = ORIENTED_EDGE('',*,*,#3386,.F.);
#3386 = EDGE_CURVE('',#3233,#3387,#3389,.T.);
#3387 = VERTEX_POINT('',#3388);
#3388 = CARTESIAN_POINT('',(5.E-02,10.,13.65));
#3389 = SURFACE_CURVE('',#3390,(#3394,#3401),.PCURVE_S1.);
#3390 = LINE('',#3391,#3392);
#3391 = CARTESIAN_POINT('',(-1.7,10.,13.65));
#3392 = VECTOR('',#3393,1.);
#3393 = DIRECTION('',(1.,0.,-0.));
#3394 = PCURVE('',#1003,#3395);
#3395 = DEFINITIONAL_REPRESENTATION('',(#3396),#3400);
#3396 = LINE('',#3397,#3398);
#3397 = CARTESIAN_POINT('',(1.65,0.));
#3398 = VECTOR('',#3399,1.);
#3399 = DIRECTION('',(0.,1.));
#3400 = ( GEOMETRIC_REPRESENTATION_CONTEXT(2) 
PARAMETRIC_REPRESENTATION_CONTEXT() REPRESENTATION_CONTEXT('2D SPACE',''
  ) );
#3401 = PCURVE('',#3402,#3407);
#3402 = CYLINDRICAL_SURFACE('',#3403,1.65);
#3403 = AXIS2_PLACEMENT_3D('',#3404,#3405,#3406);
#3404 = CARTESIAN_POINT('',(-1.7,8.35,13.65));
#3405 = DIRECTION('',(1.,0.,-0.));
#3406 = DIRECTION('',(0.,1.,0.));
#3407 = DEFINITIONAL_REPRESENTATION('',(#3408),#3412);
#3408 = LINE('',#3409,#3410);
#3409 = CARTESIAN_POINT('',(-0.,0.));
#3410 = VECTOR('',#3411,1.);
#3411 = DIRECTION('',(-0.,1.));
#3412 = ( GEOMETRIC_REPRESENTATION_CONTEXT(2) 
PARAMETRIC_REPRESENTATION_CONTEXT() REPRESENTATION_CONTEXT('2D SPACE',''
  ) );
#3413 = ORIENTED_EDGE('',*,*,#3261,.T.);
#3414 = ORIENTED_EDGE('',*,*,#988,.F.);
#3415 = ORIENTED_EDGE('',*,*,#3416,.F.);
#3416 = EDGE_CURVE('',#3387,#989,#3417,.T.);
#3417 = SURFACE_CURVE('',#3418,(#3422,#3429),.PCURVE_S1.);
#3418 = LINE('',#3419,#3420);
#3419 = CARTESIAN_POINT('',(5.E-02,10.,12.));
#3420 = VECTOR('',#3421,1.);
#3421 = DIRECTION('',(0.,0.,1.));
#3422 = PCURVE('',#1003,#3423);
#3423 = DEFINITIONAL_REPRESENTATION('',(#3424),#3428);
#3424 = LINE('',#3425,#3426);
#3425 = CARTESIAN_POINT('',(0.,1.75));
#3426 = VECTOR('',#3427,1.);
#3427 = DIRECTION('',(1.,0.));
#3428 = ( GEOMETRIC_REPRESENTATION_CONTEXT(2) 
PARAMETRIC_REPRESENTATION_CONTEXT() REPRESENTATION_CONTEXT('2D SPACE',''
  ) );
#3429 = PCURVE('',#1031,#3430);
#3430 = DEFINITIONAL_REPRESENTATION('',(#3431),#3435);
#3431 = LINE('',#3432,#3433);
#3432 = CARTESIAN_POINT('',(1.570796326795,0.));
#3433 = VECTOR('',#3434,1.);
#3434 = DIRECTION('',(0.,1.));
#3435 = ( GEOMETRIC_REPRESENTATION_CONTEXT(2) 
PARAMETRIC_REPRESENTATION_CONTEXT() REPRESENTATION_CONTEXT('2D SPACE',''
  ) );
#3436 = ADVANCED_FACE('',(#3437),#1058,.F.);
#3437 = FACE_BOUND('',#3438,.F.);
#3438 = EDGE_LOOP('',(#3439,#3440,#3468,#3489));
#3439 = ORIENTED_EDGE('',*,*,#3286,.F.);
#3440 = ORIENTED_EDGE('',*,*,#3441,.T.);
#3441 = EDGE_CURVE('',#3287,#3442,#3444,.T.);
#3442 = VERTEX_POINT('',#3443);
#3443 = CARTESIAN_POINT('',(1.7,8.35,13.65));
#3444 = SURFACE_CURVE('',#3445,(#3449,#3456),.PCURVE_S1.);
#3445 = LINE('',#3446,#3447);
#3446 = CARTESIAN_POINT('',(1.7,5.5,13.65));
#3447 = VECTOR('',#3448,1.);
#3448 = DIRECTION('',(-0.,1.,0.));
#3449 = PCURVE('',#1058,#3450);
#3450 = DEFINITIONAL_REPRESENTATION('',(#3451),#3455);
#3451 = LINE('',#3452,#3453);
#3452 = CARTESIAN_POINT('',(1.65,0.));
#3453 = VECTOR('',#3454,1.);
#3454 = DIRECTION('',(0.,-1.));
#3455 = ( GEOMETRIC_REPRESENTATION_CONTEXT(2) 
PARAMETRIC_REPRESENTATION_CONTEXT() REPRESENTATION_CONTEXT('2D SPACE',''
  ) );
#3456 = PCURVE('',#3457,#3462);
#3457 = CYLINDRICAL_SURFACE('',#3458,1.65);
#3458 = AXIS2_PLACEMENT_3D('',#3459,#3460,#3461);
#3459 = CARTESIAN_POINT('',(5.E-02,5.5,13.65));
#3460 = DIRECTION('',(-0.,1.,0.));
#3461 = DIRECTION('',(1.,0.,-0.));
#3462 = DEFINITIONAL_REPRESENTATION('',(#3463),#3467);
#3463 = LINE('',#3464,#3465);
#3464 = CARTESIAN_POINT('',(0.,0.));
#3465 = VECTOR('',#3466,1.);
#3466 = DIRECTION('',(0.,1.));
#3467 = ( GEOMETRIC_REPRESENTATION_CONTEXT(2) 
PARAMETRIC_REPRESENTATION_CONTEXT() REPRESENTATION_CONTEXT('2D SPACE',''
  ) );
#3468 = ORIENTED_EDGE('',*,*,#3469,.T.);
#3469 = EDGE_CURVE('',#3442,#1015,#3470,.T.);
#3470 = SURFACE_CURVE('',#3471,(#3475,#3482),.PCURVE_S1.);
#3471 = LINE('',#3472,#3473);
#3472 = CARTESIAN_POINT('',(1.7,8.35,12.));
#3473 = VECTOR('',#3474,1.);
#3474 = DIRECTION('',(0.,0.,1.));
#3475 = PCURVE('',#1058,#3476);
#3476 = DEFINITIONAL_REPRESENTATION('',(#3477),#3481);
#3477 = LINE('',#3478,#3479);
#3478 = CARTESIAN_POINT('',(0.,-2.85));
#3479 = VECTOR('',#3480,1.);
#3480 = DIRECTION('',(1.,0.));
#3481 = ( GEOMETRIC_REPRESENTATION_CONTEXT(2) 
PARAMETRIC_REPRESENTATION_CONTEXT() REPRESENTATION_CONTEXT('2D SPACE',''
  ) );
#3482 = PCURVE('',#1031,#3483);
#3483 = DEFINITIONAL_REPRESENTATION('',(#3484),#3488);
#3484 = LINE('',#3485,#3486);
#3485 = CARTESIAN_POINT('',(0.,0.));
#3486 = VECTOR('',#3487,1.);
#3487 = DIRECTION('',(0.,1.));
#3488 = ( GEOMETRIC_REPRESENTATION_CONTEXT(2) 
PARAMETRIC_REPRESENTATION_CONTEXT() REPRESENTATION_CONTEXT('2D SPACE',''
  ) );
#3489 = ORIENTED_EDGE('',*,*,#1043,.F.);
#3490 = ADVANCED_FACE('',(#3491),#1031,.F.);
#3491 = FACE_BOUND('',#3492,.F.);
#3492 = EDGE_LOOP('',(#3493,#3494,#3521,#3522));
#3493 = ORIENTED_EDGE('',*,*,#3469,.F.);
#3494 = ORIENTED_EDGE('',*,*,#3495,.T.);
#3495 = EDGE_CURVE('',#3442,#3387,#3496,.T.);
#3496 = SURFACE_CURVE('',#3497,(#3502,#3509),.PCURVE_S1.);
#3497 = CIRCLE('',#3498,1.65);
#3498 = AXIS2_PLACEMENT_3D('',#3499,#3500,#3501);
#3499 = CARTESIAN_POINT('',(5.E-02,8.35,13.65));
#3500 = DIRECTION('',(0.,0.,1.));
#3501 = DIRECTION('',(1.,-1.345724878334E-16,0.));
#3502 = PCURVE('',#1031,#3503);
#3503 = DEFINITIONAL_REPRESENTATION('',(#3504),#3508);
#3504 = LINE('',#3505,#3506);
#3505 = CARTESIAN_POINT('',(0.,1.65));
#3506 = VECTOR('',#3507,1.);
#3507 = DIRECTION('',(1.,0.));
#3508 = ( GEOMETRIC_REPRESENTATION_CONTEXT(2) 
PARAMETRIC_REPRESENTATION_CONTEXT() REPRESENTATION_CONTEXT('2D SPACE',''
  ) );
#3509 = PCURVE('',#3510,#3515);
#3510 = SPHERICAL_SURFACE('',#3511,1.65);
#3511 = AXIS2_PLACEMENT_3D('',#3512,#3513,#3514);
#3512 = CARTESIAN_POINT('',(5.E-02,8.35,13.65));
#3513 = DIRECTION('',(0.,0.,1.));
#3514 = DIRECTION('',(1.,-1.345724878334E-16,0.));
#3515 = DEFINITIONAL_REPRESENTATION('',(#3516),#3520);
#3516 = LINE('',#3517,#3518);
#3517 = CARTESIAN_POINT('',(0.,0.));
#3518 = VECTOR('',#3519,1.);
#3519 = DIRECTION('',(1.,0.));
#3520 = ( GEOMETRIC_REPRESENTATION_CONTEXT(2) 
PARAMETRIC_REPRESENTATION_CONTEXT() REPRESENTATION_CONTEXT('2D SPACE',''
  ) );
#3521 = ORIENTED_EDGE('',*,*,#3416,.T.);
#3522 = ORIENTED_EDGE('',*,*,#1014,.F.);
#3523 = ADVANCED_FACE('',(#3524),#1141,.F.);
#3524 = FACE_BOUND('',#3525,.F.);
#3525 = EDGE_LOOP('',(#3526,#3547,#3548,#3549));
#3526 = ORIENTED_EDGE('',*,*,#3527,.T.);
#3527 = EDGE_CURVE('',#1269,#1125,#3528,.T.);
#3528 = SEAM_CURVE('',#3529,(#3533,#3540),.PCURVE_S1.);
#3529 = LINE('',#3530,#3531);
#3530 = CARTESIAN_POINT('',(11.953048327205,10.253048327205,9.));
#3531 = VECTOR('',#3532,1.);
#3532 = DIRECTION('',(0.,0.,1.));
#3533 = PCURVE('',#1141,#3534);
#3534 = DEFINITIONAL_REPRESENTATION('',(#3535),#3539);
#3535 = LINE('',#3536,#3537);
#3536 = CARTESIAN_POINT('',(6.28318530718,-0.));
#3537 = VECTOR('',#3538,1.);
#3538 = DIRECTION('',(0.,1.));
#3539 = ( GEOMETRIC_REPRESENTATION_CONTEXT(2) 
PARAMETRIC_REPRESENTATION_CONTEXT() REPRESENTATION_CONTEXT('2D SPACE',''
  ) );
#3540 = PCURVE('',#1141,#3541);
#3541 = DEFINITIONAL_REPRESENTATION('',(#3542),#3546);
#3542 = LINE('',#3543,#3544);
#3543 = CARTESIAN_POINT('',(0.,-0.));
#3544 = VECTOR('',#3545,1.);
#3545 = DIRECTION('',(0.,1.));
#3546 = ( GEOMETRIC_REPRESENTATION_CONTEXT(2) 
PARAMETRIC_REPRESENTATION_CONTEXT() REPRESENTATION_CONTEXT('2D SPACE',''
  ) );
#3547 = ORIENTED_EDGE('',*,*,#1124,.F.);
#3548 = ORIENTED_EDGE('',*,*,#3527,.F.);
#3549 = ORIENTED_EDGE('',*,*,#1268,.T.);
#3550 = ADVANCED_FACE('',(#3551),#1254,.F.);
#3551 = FACE_BOUND('',#3552,.F.);
#3552 = EDGE_LOOP('',(#3553,#3554,#3577,#3604));
#3553 = ORIENTED_EDGE('',*,*,#1237,.T.);
#3554 = ORIENTED_EDGE('',*,*,#3555,.T.);
#3555 = EDGE_CURVE('',#1238,#3556,#3558,.T.);
#3556 = VERTEX_POINT('',#3557);
#3557 = CARTESIAN_POINT('',(1.7,-4.163799117101E-16,12.1));
#3558 = SEAM_CURVE('',#3559,(#3563,#3570),.PCURVE_S1.);
#3559 = LINE('',#3560,#3561);
#3560 = CARTESIAN_POINT('',(1.7,-4.163799117101E-16,9.));
#3561 = VECTOR('',#3562,1.);
#3562 = DIRECTION('',(0.,0.,1.));
#3563 = PCURVE('',#1254,#3564);
#3564 = DEFINITIONAL_REPRESENTATION('',(#3565),#3569);
#3565 = LINE('',#3566,#3567);
#3566 = CARTESIAN_POINT('',(0.,-0.));
#3567 = VECTOR('',#3568,1.);
#3568 = DIRECTION('',(0.,1.));
#3569 = ( GEOMETRIC_REPRESENTATION_CONTEXT(2) 
PARAMETRIC_REPRESENTATION_CONTEXT() REPRESENTATION_CONTEXT('2D SPACE',''
  ) );
#3570 = PCURVE('',#1254,#3571);
#3571 = DEFINITIONAL_REPRESENTATION('',(#3572),#3576);
#3572 = LINE('',#3573,#3574);
#3573 = CARTESIAN_POINT('',(6.28318530718,-0.));
#3574 = VECTOR('',#3575,1.);
#3575 = DIRECTION('',(0.,1.));
#3576 = ( GEOMETRIC_REPRESENTATION_CONTEXT(2) 
PARAMETRIC_REPRESENTATION_CONTEXT() REPRESENTATION_CONTEXT('2D SPACE',''
  ) );
#3577 = ORIENTED_EDGE('',*,*,#3578,.F.);
#3578 = EDGE_CURVE('',#3556,#3556,#3579,.T.);
#3579 = SURFACE_CURVE('',#3580,(#3585,#3592),.PCURVE_S1.);
#3580 = CIRCLE('',#3581,1.7);
#3581 = AXIS2_PLACEMENT_3D('',#3582,#3583,#3584);
#3582 = CARTESIAN_POINT('',(0.,0.,12.1));
#3583 = DIRECTION('',(0.,0.,1.));
#3584 = DIRECTION('',(1.,0.,-0.));
#3585 = PCURVE('',#1254,#3586);
#3586 = DEFINITIONAL_REPRESENTATION('',(#3587),#3591);
#3587 = LINE('',#3588,#3589);
#3588 = CARTESIAN_POINT('',(0.,3.1));
#3589 = VECTOR('',#3590,1.);
#3590 = DIRECTION('',(1.,0.));
#3591 = ( GEOMETRIC_REPRESENTATION_CONTEXT(2) 
PARAMETRIC_REPRESENTATION_CONTEXT() REPRESENTATION_CONTEXT('2D SPACE',''
  ) );
#3592 = PCURVE('',#3593,#3598);
#3593 = PLANE('',#3594);
#3594 = AXIS2_PLACEMENT_3D('',#3595,#3596,#3597);
#3595 = CARTESIAN_POINT('',(0.,0.,12.1));
#3596 = DIRECTION('',(0.,0.,1.));
#3597 = DIRECTION('',(1.,0.,-0.));
#3598 = DEFINITIONAL_REPRESENTATION('',(#3599),#3603);
#3599 = CIRCLE('',#3600,1.7);
#3600 = AXIS2_PLACEMENT_2D('',#3601,#3602);
#3601 = CARTESIAN_POINT('',(0.,0.));
#3602 = DIRECTION('',(1.,0.));
#3603 = ( GEOMETRIC_REPRESENTATION_CONTEXT(2) 
PARAMETRIC_REPRESENTATION_CONTEXT() REPRESENTATION_CONTEXT('2D SPACE',''
  ) );
#3604 = ORIENTED_EDGE('',*,*,#3555,.F.);
#3605 = ADVANCED_FACE('',(#3606),#1362,.F.);
#3606 = FACE_BOUND('',#3607,.F.);
#3607 = EDGE_LOOP('',(#3608,#3630,#3650));
#3608 = ORIENTED_EDGE('',*,*,#3609,.F.);
#3609 = EDGE_CURVE('',#3610,#1323,#3612,.T.);
#3610 = VERTEX_POINT('',#3611);
#3611 = CARTESIAN_POINT('',(-5.E-02,-8.35,12.));
#3612 = SURFACE_CURVE('',#3613,(#3618,#3624),.PCURVE_S1.);
#3613 = CIRCLE('',#3614,1.65);
#3614 = AXIS2_PLACEMENT_3D('',#3615,#3616,#3617);
#3615 = CARTESIAN_POINT('',(-5.E-02,-8.35,13.65));
#3616 = DIRECTION('',(0.,1.,-0.));
#3617 = DIRECTION('',(-1.,0.,0.));
#3618 = PCURVE('',#1362,#3619);
#3619 = DEFINITIONAL_REPRESENTATION('',(#3620),#3623);
#3620 = B_SPLINE_CURVE_WITH_KNOTS('',1,(#3621,#3622),.UNSPECIFIED.,.F.,
  .F.,(2,2),(4.712388980385,6.28318530718),.PIECEWISE_BEZIER_KNOTS.);
#3621 = CARTESIAN_POINT('',(0.,-1.570796326795));
#3622 = CARTESIAN_POINT('',(0.,0.));
#3623 = ( GEOMETRIC_REPRESENTATION_CONTEXT(2) 
PARAMETRIC_REPRESENTATION_CONTEXT() REPRESENTATION_CONTEXT('2D SPACE',''
  ) );
#3624 = PCURVE('',#1416,#3625);
#3625 = DEFINITIONAL_REPRESENTATION('',(#3626),#3629);
#3626 = B_SPLINE_CURVE_WITH_KNOTS('',1,(#3627,#3628),.UNSPECIFIED.,.F.,
  .F.,(2,2),(4.712388980385,6.28318530718),.PIECEWISE_BEZIER_KNOTS.);
#3627 = CARTESIAN_POINT('',(-1.570796326795,1.65));
#3628 = CARTESIAN_POINT('',(0.,1.65));
#3629 = ( GEOMETRIC_REPRESENTATION_CONTEXT(2) 
PARAMETRIC_REPRESENTATION_CONTEXT() REPRESENTATION_CONTEXT('2D SPACE',''
  ) );
#3630 = ORIENTED_EDGE('',*,*,#3631,.T.);
#3631 = EDGE_CURVE('',#3610,#1346,#3632,.T.);
#3632 = SURFACE_CURVE('',#3633,(#3638,#3644),.PCURVE_S1.);
#3633 = CIRCLE('',#3634,1.65);
#3634 = AXIS2_PLACEMENT_3D('',#3635,#3636,#3637);
#3635 = CARTESIAN_POINT('',(-5.E-02,-8.35,13.65));
#3636 = DIRECTION('',(-1.,6.123233995737E-17,0.));
#3637 = DIRECTION('',(-6.123233995737E-17,-1.,0.));
#3638 = PCURVE('',#1362,#3639);
#3639 = DEFINITIONAL_REPRESENTATION('',(#3640),#3643);
#3640 = B_SPLINE_CURVE_WITH_KNOTS('',1,(#3641,#3642),.UNSPECIFIED.,.F.,
  .F.,(2,2),(4.712388980385,6.28318530718),.PIECEWISE_BEZIER_KNOTS.);
#3641 = CARTESIAN_POINT('',(1.570796326795,-1.570796326795));
#3642 = CARTESIAN_POINT('',(1.570796326795,0.));
#3643 = ( GEOMETRIC_REPRESENTATION_CONTEXT(2) 
PARAMETRIC_REPRESENTATION_CONTEXT() REPRESENTATION_CONTEXT('2D SPACE',''
  ) );
#3644 = PCURVE('',#1469,#3645);
#3645 = DEFINITIONAL_REPRESENTATION('',(#3646),#3649);
#3646 = B_SPLINE_CURVE_WITH_KNOTS('',1,(#3647,#3648),.UNSPECIFIED.,.F.,
  .F.,(2,2),(4.712388980385,6.28318530718),.PIECEWISE_BEZIER_KNOTS.);
#3647 = CARTESIAN_POINT('',(1.570796326795,1.65));
#3648 = CARTESIAN_POINT('',(0.,1.65));
#3649 = ( GEOMETRIC_REPRESENTATION_CONTEXT(2) 
PARAMETRIC_REPRESENTATION_CONTEXT() REPRESENTATION_CONTEXT('2D SPACE',''
  ) );
#3650 = ORIENTED_EDGE('',*,*,#1345,.F.);
#3651 = ADVANCED_FACE('',(#3652),#1416,.F.);
#3652 = FACE_BOUND('',#3653,.T.);
#3653 = EDGE_LOOP('',(#3654,#3655,#3683,#3703));
#3654 = ORIENTED_EDGE('',*,*,#3609,.F.);
#3655 = ORIENTED_EDGE('',*,*,#3656,.T.);
#3656 = EDGE_CURVE('',#3610,#3657,#3659,.T.);
#3657 = VERTEX_POINT('',#3658);
#3658 = CARTESIAN_POINT('',(-5.E-02,-7.15,12.));
#3659 = SURFACE_CURVE('',#3660,(#3664,#3671),.PCURVE_S1.);
#3660 = LINE('',#3661,#3662);
#3661 = CARTESIAN_POINT('',(-5.E-02,-10.,12.));
#3662 = VECTOR('',#3663,1.);
#3663 = DIRECTION('',(-0.,1.,0.));
#3664 = PCURVE('',#1416,#3665);
#3665 = DEFINITIONAL_REPRESENTATION('',(#3666),#3670);
#3666 = LINE('',#3667,#3668);
#3667 = CARTESIAN_POINT('',(-1.570796326795,0.));
#3668 = VECTOR('',#3669,1.);
#3669 = DIRECTION('',(-0.,1.));
#3670 = ( GEOMETRIC_REPRESENTATION_CONTEXT(2) 
PARAMETRIC_REPRESENTATION_CONTEXT() REPRESENTATION_CONTEXT('2D SPACE',''
  ) );
#3671 = PCURVE('',#3672,#3677);
#3672 = PLANE('',#3673);
#3673 = AXIS2_PLACEMENT_3D('',#3674,#3675,#3676);
#3674 = CARTESIAN_POINT('',(-1.7,-10.,12.));
#3675 = DIRECTION('',(0.,0.,1.));
#3676 = DIRECTION('',(1.,0.,-0.));
#3677 = DEFINITIONAL_REPRESENTATION('',(#3678),#3682);
#3678 = LINE('',#3679,#3680);
#3679 = CARTESIAN_POINT('',(1.65,0.));
#3680 = VECTOR('',#3681,1.);
#3681 = DIRECTION('',(0.,1.));
#3682 = ( GEOMETRIC_REPRESENTATION_CONTEXT(2) 
PARAMETRIC_REPRESENTATION_CONTEXT() REPRESENTATION_CONTEXT('2D SPACE',''
  ) );
#3683 = ORIENTED_EDGE('',*,*,#3684,.T.);
#3684 = EDGE_CURVE('',#3657,#1401,#3685,.T.);
#3685 = SURFACE_CURVE('',#3686,(#3691,#3697),.PCURVE_S1.);
#3686 = CIRCLE('',#3687,1.65);
#3687 = AXIS2_PLACEMENT_3D('',#3688,#3689,#3690);
#3688 = CARTESIAN_POINT('',(-5.E-02,-7.15,13.65));
#3689 = DIRECTION('',(-1.345724878334E-16,1.,0.));
#3690 = DIRECTION('',(-1.,-1.345724878334E-16,0.));
#3691 = PCURVE('',#1416,#3692);
#3692 = DEFINITIONAL_REPRESENTATION('',(#3693),#3696);
#3693 = B_SPLINE_CURVE_WITH_KNOTS('',1,(#3694,#3695),.UNSPECIFIED.,.F.,
  .F.,(2,2),(4.712388980385,6.28318530718),.PIECEWISE_BEZIER_KNOTS.);
#3694 = CARTESIAN_POINT('',(-1.570796326795,2.85));
#3695 = CARTESIAN_POINT('',(0.,2.85));
#3696 = ( GEOMETRIC_REPRESENTATION_CONTEXT(2) 
PARAMETRIC_REPRESENTATION_CONTEXT() REPRESENTATION_CONTEXT('2D SPACE',''
  ) );
#3697 = PCURVE('',#1525,#3698);
#3698 = DEFINITIONAL_REPRESENTATION('',(#3699),#3702);
#3699 = B_SPLINE_CURVE_WITH_KNOTS('',1,(#3700,#3701),.UNSPECIFIED.,.F.,
  .F.,(2,2),(4.712388980385,6.28318530718),.PIECEWISE_BEZIER_KNOTS.);
#3700 = CARTESIAN_POINT('',(0.,-1.570796326795));
#3701 = CARTESIAN_POINT('',(0.,0.));
#3702 = ( GEOMETRIC_REPRESENTATION_CONTEXT(2) 
PARAMETRIC_REPRESENTATION_CONTEXT() REPRESENTATION_CONTEXT('2D SPACE',''
  ) );
#3703 = ORIENTED_EDGE('',*,*,#1400,.F.);
#3704 = ADVANCED_FACE('',(#3705),#1469,.F.);
#3705 = FACE_BOUND('',#3706,.F.);
#3706 = EDGE_LOOP('',(#3707,#3708,#3731,#3751));
#3707 = ORIENTED_EDGE('',*,*,#3631,.F.);
#3708 = ORIENTED_EDGE('',*,*,#3709,.T.);
#3709 = EDGE_CURVE('',#3610,#3710,#3712,.T.);
#3710 = VERTEX_POINT('',#3711);
#3711 = CARTESIAN_POINT('',(5.E-02,-8.35,12.));
#3712 = SURFACE_CURVE('',#3713,(#3717,#3724),.PCURVE_S1.);
#3713 = LINE('',#3714,#3715);
#3714 = CARTESIAN_POINT('',(-1.7,-8.35,12.));
#3715 = VECTOR('',#3716,1.);
#3716 = DIRECTION('',(1.,0.,-0.));
#3717 = PCURVE('',#1469,#3718);
#3718 = DEFINITIONAL_REPRESENTATION('',(#3719),#3723);
#3719 = LINE('',#3720,#3721);
#3720 = CARTESIAN_POINT('',(1.570796326795,0.));
#3721 = VECTOR('',#3722,1.);
#3722 = DIRECTION('',(0.,1.));
#3723 = ( GEOMETRIC_REPRESENTATION_CONTEXT(2) 
PARAMETRIC_REPRESENTATION_CONTEXT() REPRESENTATION_CONTEXT('2D SPACE',''
  ) );
#3724 = PCURVE('',#3672,#3725);
#3725 = DEFINITIONAL_REPRESENTATION('',(#3726),#3730);
#3726 = LINE('',#3727,#3728);
#3727 = CARTESIAN_POINT('',(0.,1.65));
#3728 = VECTOR('',#3729,1.);
#3729 = DIRECTION('',(1.,0.));
#3730 = ( GEOMETRIC_REPRESENTATION_CONTEXT(2) 
PARAMETRIC_REPRESENTATION_CONTEXT() REPRESENTATION_CONTEXT('2D SPACE',''
  ) );
#3731 = ORIENTED_EDGE('',*,*,#3732,.T.);
#3732 = EDGE_CURVE('',#3710,#1454,#3733,.T.);
#3733 = SURFACE_CURVE('',#3734,(#3739,#3745),.PCURVE_S1.);
#3734 = CIRCLE('',#3735,1.65);
#3735 = AXIS2_PLACEMENT_3D('',#3736,#3737,#3738);
#3736 = CARTESIAN_POINT('',(5.E-02,-8.35,13.65));
#3737 = DIRECTION('',(-1.,-6.123233995737E-17,0.));
#3738 = DIRECTION('',(6.123233995737E-17,-1.,-0.));
#3739 = PCURVE('',#1469,#3740);
#3740 = DEFINITIONAL_REPRESENTATION('',(#3741),#3744);
#3741 = B_SPLINE_CURVE_WITH_KNOTS('',1,(#3742,#3743),.UNSPECIFIED.,.F.,
  .F.,(2,2),(4.712388980385,6.28318530718),.PIECEWISE_BEZIER_KNOTS.);
#3742 = CARTESIAN_POINT('',(1.570796326795,1.75));
#3743 = CARTESIAN_POINT('',(0.,1.75));
#3744 = ( GEOMETRIC_REPRESENTATION_CONTEXT(2) 
PARAMETRIC_REPRESENTATION_CONTEXT() REPRESENTATION_CONTEXT('2D SPACE',''
  ) );
#3745 = PCURVE('',#1655,#3746);
#3746 = DEFINITIONAL_REPRESENTATION('',(#3747),#3750);
#3747 = B_SPLINE_CURVE_WITH_KNOTS('',1,(#3748,#3749),.UNSPECIFIED.,.F.,
  .F.,(2,2),(4.712388980385,6.28318530718),.PIECEWISE_BEZIER_KNOTS.);
#3748 = CARTESIAN_POINT('',(-1.570796326795,-1.570796326795));
#3749 = CARTESIAN_POINT('',(-1.570796326795,0.));
#3750 = ( GEOMETRIC_REPRESENTATION_CONTEXT(2) 
PARAMETRIC_REPRESENTATION_CONTEXT() REPRESENTATION_CONTEXT('2D SPACE',''
  ) );
#3751 = ORIENTED_EDGE('',*,*,#1453,.F.);
#3752 = ADVANCED_FACE('',(#3753,#3855),#1580,.F.);
#3753 = FACE_BOUND('',#3754,.F.);
#3754 = EDGE_LOOP('',(#3755,#3756,#3778,#3779,#3780,#3781,#3803,#3804,
    #3805,#3806,#3828,#3829,#3830,#3831,#3853,#3854));
#3755 = ORIENTED_EDGE('',*,*,#2708,.F.);
#3756 = ORIENTED_EDGE('',*,*,#3757,.T.);
#3757 = EDGE_CURVE('',#2709,#3339,#3758,.T.);
#3758 = SURFACE_CURVE('',#3759,(#3764,#3771),.PCURVE_S1.);
#3759 = CIRCLE('',#3760,7.);
#3760 = AXIS2_PLACEMENT_3D('',#3761,#3762,#3763);
#3761 = CARTESIAN_POINT('',(0.,0.,13.7));
#3762 = DIRECTION('',(0.,0.,1.));
#3763 = DIRECTION('',(1.,0.,-0.));
#3764 = PCURVE('',#1580,#3765);
#3765 = DEFINITIONAL_REPRESENTATION('',(#3766),#3770);
#3766 = CIRCLE('',#3767,7.);
#3767 = AXIS2_PLACEMENT_2D('',#3768,#3769);
#3768 = CARTESIAN_POINT('',(0.,0.));
#3769 = DIRECTION('',(1.,0.));
#3770 = ( GEOMETRIC_REPRESENTATION_CONTEXT(2) 
PARAMETRIC_REPRESENTATION_CONTEXT() REPRESENTATION_CONTEXT('2D SPACE',''
  ) );
#3771 = PCURVE('',#2747,#3772);
#3772 = DEFINITIONAL_REPRESENTATION('',(#3773),#3777);
#3773 = LINE('',#3774,#3775);
#3774 = CARTESIAN_POINT('',(0.,1.6));
#3775 = VECTOR('',#3776,1.);
#3776 = DIRECTION('',(1.,0.));
#3777 = ( GEOMETRIC_REPRESENTATION_CONTEXT(2) 
PARAMETRIC_REPRESENTATION_CONTEXT() REPRESENTATION_CONTEXT('2D SPACE',''
  ) );
#3778 = ORIENTED_EDGE('',*,*,#3359,.F.);
#3779 = ORIENTED_EDGE('',*,*,#3184,.F.);
#3780 = ORIENTED_EDGE('',*,*,#3081,.F.);
#3781 = ORIENTED_EDGE('',*,*,#3782,.T.);
#3782 = EDGE_CURVE('',#3061,#2326,#3783,.T.);
#3783 = SURFACE_CURVE('',#3784,(#3789,#3796),.PCURVE_S1.);
#3784 = CIRCLE('',#3785,7.);
#3785 = AXIS2_PLACEMENT_3D('',#3786,#3787,#3788);
#3786 = CARTESIAN_POINT('',(0.,0.,13.7));
#3787 = DIRECTION('',(0.,0.,1.));
#3788 = DIRECTION('',(1.,0.,-0.));
#3789 = PCURVE('',#1580,#3790);
#3790 = DEFINITIONAL_REPRESENTATION('',(#3791),#3795);
#3791 = CIRCLE('',#3792,7.);
#3792 = AXIS2_PLACEMENT_2D('',#3793,#3794);
#3793 = CARTESIAN_POINT('',(0.,0.));
#3794 = DIRECTION('',(1.,0.));
#3795 = ( GEOMETRIC_REPRESENTATION_CONTEXT(2) 
PARAMETRIC_REPRESENTATION_CONTEXT() REPRESENTATION_CONTEXT('2D SPACE',''
  ) );
#3796 = PCURVE('',#2364,#3797);
#3797 = DEFINITIONAL_REPRESENTATION('',(#3798),#3802);
#3798 = LINE('',#3799,#3800);
#3799 = CARTESIAN_POINT('',(0.,1.6));
#3800 = VECTOR('',#3801,1.);
#3801 = DIRECTION('',(1.,0.));
#3802 = ( GEOMETRIC_REPRESENTATION_CONTEXT(2) 
PARAMETRIC_REPRESENTATION_CONTEXT() REPRESENTATION_CONTEXT('2D SPACE',''
  ) );
#3803 = ORIENTED_EDGE('',*,*,#2325,.F.);
#3804 = ORIENTED_EDGE('',*,*,#2278,.T.);
#3805 = ORIENTED_EDGE('',*,*,#2146,.F.);
#3806 = ORIENTED_EDGE('',*,*,#3807,.T.);
#3807 = EDGE_CURVE('',#2147,#1538,#3808,.T.);
#3808 = SURFACE_CURVE('',#3809,(#3814,#3821),.PCURVE_S1.);
#3809 = CIRCLE('',#3810,7.);
#3810 = AXIS2_PLACEMENT_3D('',#3811,#3812,#3813);
#3811 = CARTESIAN_POINT('',(0.,0.,13.7));
#3812 = DIRECTION('',(0.,0.,1.));
#3813 = DIRECTION('',(1.,0.,-0.));
#3814 = PCURVE('',#1580,#3815);
#3815 = DEFINITIONAL_REPRESENTATION('',(#3816),#3820);
#3816 = CIRCLE('',#3817,7.);
#3817 = AXIS2_PLACEMENT_2D('',#3818,#3819);
#3818 = CARTESIAN_POINT('',(0.,0.));
#3819 = DIRECTION('',(1.,0.));
#3820 = ( GEOMETRIC_REPRESENTATION_CONTEXT(2) 
PARAMETRIC_REPRESENTATION_CONTEXT() REPRESENTATION_CONTEXT('2D SPACE',''
  ) );
#3821 = PCURVE('',#1552,#3822);
#3822 = DEFINITIONAL_REPRESENTATION('',(#3823),#3827);
#3823 = LINE('',#3824,#3825);
#3824 = CARTESIAN_POINT('',(0.,1.6));
#3825 = VECTOR('',#3826,1.);
#3826 = DIRECTION('',(1.,0.));
#3827 = ( GEOMETRIC_REPRESENTATION_CONTEXT(2) 
PARAMETRIC_REPRESENTATION_CONTEXT() REPRESENTATION_CONTEXT('2D SPACE',''
  ) );
#3828 = ORIENTED_EDGE('',*,*,#1563,.F.);
#3829 = ORIENTED_EDGE('',*,*,#1672,.T.);
#3830 = ORIENTED_EDGE('',*,*,#1829,.F.);
#3831 = ORIENTED_EDGE('',*,*,#3832,.T.);
#3832 = EDGE_CURVE('',#1804,#2508,#3833,.T.);
#3833 = SURFACE_CURVE('',#3834,(#3839,#3846),.PCURVE_S1.);
#3834 = CIRCLE('',#3835,7.);
#3835 = AXIS2_PLACEMENT_3D('',#3836,#3837,#3838);
#3836 = CARTESIAN_POINT('',(0.,0.,13.7));
#3837 = DIRECTION('',(0.,0.,1.));
#3838 = DIRECTION('',(1.,0.,-0.));
#3839 = PCURVE('',#1580,#3840);
#3840 = DEFINITIONAL_REPRESENTATION('',(#3841),#3845);
#3841 = CIRCLE('',#3842,7.);
#3842 = AXIS2_PLACEMENT_2D('',#3843,#3844);
#3843 = CARTESIAN_POINT('',(0.,0.));
#3844 = DIRECTION('',(1.,0.));
#3845 = ( GEOMETRIC_REPRESENTATION_CONTEXT(2) 
PARAMETRIC_REPRESENTATION_CONTEXT() REPRESENTATION_CONTEXT('2D SPACE',''
  ) );
#3846 = PCURVE('',#1818,#3847);
#3847 = DEFINITIONAL_REPRESENTATION('',(#3848),#3852);
#3848 = LINE('',#3849,#3850);
#3849 = CARTESIAN_POINT('',(0.,1.6));
#3850 = VECTOR('',#3851,1.);
#3851 = DIRECTION('',(1.,0.));
#3852 = ( GEOMETRIC_REPRESENTATION_CONTEXT(2) 
PARAMETRIC_REPRESENTATION_CONTEXT() REPRESENTATION_CONTEXT('2D SPACE',''
  ) );
#3853 = ORIENTED_EDGE('',*,*,#2507,.F.);
#3854 = ORIENTED_EDGE('',*,*,#2607,.F.);
#3855 = FACE_BOUND('',#3856,.F.);
#3856 = EDGE_LOOP('',(#3857));
#3857 = ORIENTED_EDGE('',*,*,#2434,.F.);
#3858 = ADVANCED_FACE('',(#3859),#1552,.F.);
#3859 = FACE_BOUND('',#3860,.F.);
#3860 = EDGE_LOOP('',(#3861,#3862,#3863,#3864,#3917,#3941));
#3861 = ORIENTED_EDGE('',*,*,#1537,.T.);
#3862 = ORIENTED_EDGE('',*,*,#3807,.F.);
#3863 = ORIENTED_EDGE('',*,*,#2170,.F.);
#3864 = ORIENTED_EDGE('',*,*,#3865,.F.);
#3865 = EDGE_CURVE('',#3866,#2171,#3868,.T.);
#3866 = VERTEX_POINT('',#3867);
#3867 = CARTESIAN_POINT('',(-6.975258601896,-0.588019928803,12.1));
#3868 = SURFACE_CURVE('',#3869,(#3887,#3897),.PCURVE_S1.);
#3869 = B_SPLINE_CURVE_WITH_KNOTS('',4,(#3870,#3871,#3872,#3873,#3874,
    #3875,#3876,#3877,#3878,#3879,#3880,#3881,#3882,#3883,#3884,#3885,
    #3886),.UNSPECIFIED.,.F.,.F.,(5,3,3,3,3,5),(0.,0.238815074527,
    0.377586952795,0.476610635472,0.774135653597,1.),.UNSPECIFIED.);
#3870 = CARTESIAN_POINT('',(-6.975258743732,-0.588018246305,12.0999994)
  );
#3871 = CARTESIAN_POINT('',(-6.965716513124,-0.701211209118,
    12.140365384833));
#3872 = CARTESIAN_POINT('',(-6.95405777114,-0.810204931213,
    12.192015068503));
#3873 = CARTESIAN_POINT('',(-6.940841990578,-0.913286633503,
    12.254284406689));
#3874 = CARTESIAN_POINT('',(-6.918766819672,-1.064815922627,
    12.367780425442));
#3875 = CARTESIAN_POINT('',(-6.9103998202,-1.118062181227,
    12.412706962341));
#3876 = CARTESIAN_POINT('',(-6.901934541046,-1.168605504699,
    12.460633602685));
#3877 = CARTESIAN_POINT('',(-6.88753466367,-1.250222923643,
    12.54746857731));
#3878 = CARTESIAN_POINT('',(-6.881569496292,-1.282726962916,
    12.585028177091));
#3879 = CARTESIAN_POINT('',(-6.875693449937,-1.313671241263,
    12.623895927405));
#3880 = CARTESIAN_POINT('',(-6.85273997337,-1.43108782257,
    12.784384842909));
#3881 = CARTESIAN_POINT('',(-6.83680951832,-1.504526082807,
    12.915713282691));
#3882 = CARTESIAN_POINT('',(-6.823721216935,-1.561572633591,
    13.055233825954));
#3883 = CARTESIAN_POINT('',(-6.807223559476,-1.631770752488,
    13.309405099149));
#3884 = CARTESIAN_POINT('',(-6.802235148785,-1.652186224187,
    13.421962477188));
#3885 = CARTESIAN_POINT('',(-6.799738498142,-1.662394765656,
    13.535974541428));
#3886 = CARTESIAN_POINT('',(-6.799738498142,-1.662394765656,13.65));
#3887 = PCURVE('',#1552,#3888);
#3888 = DEFINITIONAL_REPRESENTATION('',(#3889),#3896);
#3889 = B_SPLINE_CURVE_WITH_KNOTS('',5,(#3890,#3891,#3892,#3893,#3894,
    #3895),.UNSPECIFIED.,.F.,.F.,(6,6),(0.,1.),
  .PIECEWISE_BEZIER_KNOTS.);
#3890 = CARTESIAN_POINT('',(3.225694368433,-6.000000141171E-07));
#3891 = CARTESIAN_POINT('',(3.280055358211,0.13522029395));
#3892 = CARTESIAN_POINT('',(3.328392353434,0.389165673917));
#3893 = CARTESIAN_POINT('',(3.363710290367,0.742321951275));
#3894 = CARTESIAN_POINT('',(3.381368577167,1.146127638955));
#3895 = CARTESIAN_POINT('',(3.381368577167,1.55));
#3896 = ( GEOMETRIC_REPRESENTATION_CONTEXT(2) 
PARAMETRIC_REPRESENTATION_CONTEXT() REPRESENTATION_CONTEXT('2D SPACE',''
  ) );
#3897 = PCURVE('',#2206,#3898);
#3898 = DEFINITIONAL_REPRESENTATION('',(#3899),#3916);
#3899 = B_SPLINE_CURVE_WITH_KNOTS('',8,(#3900,#3901,#3902,#3903,#3904,
    #3905,#3906,#3907,#3908,#3909,#3910,#3911,#3912,#3913,#3914,#3915),
  .UNSPECIFIED.,.F.,.F.,(9,7,9),(0.,0.5,1.),.UNSPECIFIED.);
#3900 = CARTESIAN_POINT('',(-1.25675721859,-1.220859296125));
#3901 = CARTESIAN_POINT('',(-1.304668477377,-1.14615938288));
#3902 = CARTESIAN_POINT('',(-1.324738928658,-1.070202149249));
#3903 = CARTESIAN_POINT('',(-1.339830694368,-0.994109848913));
#3904 = CARTESIAN_POINT('',(-1.346724351645,-0.917680462057));
#3905 = CARTESIAN_POINT('',(-1.352526644091,-0.841305337552));
#3906 = CARTESIAN_POINT('',(-1.355288219025,-0.76482629844));
#3907 = CARTESIAN_POINT('',(-1.357029924991,-0.688355410854));
#3908 = CARTESIAN_POINT('',(-1.358735668825,-0.535392918053));
#3909 = CARTESIAN_POINT('',(-1.358755032206,-0.458907379922));
#3910 = CARTESIAN_POINT('',(-1.358372856841,-0.382421222728));
#3911 = CARTESIAN_POINT('',(-1.357869307667,-0.305936776979));
#3912 = CARTESIAN_POINT('',(-1.357407701692,-0.2294547499));
#3913 = CARTESIAN_POINT('',(-1.357069464898,-0.152973944306));
#3914 = CARTESIAN_POINT('',(-1.35688908916,-7.649097747065E-02));
#3915 = CARTESIAN_POINT('',(-1.35688908916,0.));
#3916 = ( GEOMETRIC_REPRESENTATION_CONTEXT(2) 
PARAMETRIC_REPRESENTATION_CONTEXT() REPRESENTATION_CONTEXT('2D SPACE',''
  ) );
#3917 = ORIENTED_EDGE('',*,*,#3918,.T.);
#3918 = EDGE_CURVE('',#3866,#3919,#3921,.T.);
#3919 = VERTEX_POINT('',#3920);
#3920 = CARTESIAN_POINT('',(-0.588019928803,-6.975258601896,12.1));
#3921 = SURFACE_CURVE('',#3922,(#3927,#3934),.PCURVE_S1.);
#3922 = CIRCLE('',#3923,7.);
#3923 = AXIS2_PLACEMENT_3D('',#3924,#3925,#3926);
#3924 = CARTESIAN_POINT('',(0.,0.,12.1));
#3925 = DIRECTION('',(0.,0.,1.));
#3926 = DIRECTION('',(1.,0.,-0.));
#3927 = PCURVE('',#1552,#3928);
#3928 = DEFINITIONAL_REPRESENTATION('',(#3929),#3933);
#3929 = LINE('',#3930,#3931);
#3930 = CARTESIAN_POINT('',(0.,0.));
#3931 = VECTOR('',#3932,1.);
#3932 = DIRECTION('',(1.,0.));
#3933 = ( GEOMETRIC_REPRESENTATION_CONTEXT(2) 
PARAMETRIC_REPRESENTATION_CONTEXT() REPRESENTATION_CONTEXT('2D SPACE',''
  ) );
#3934 = PCURVE('',#3593,#3935);
#3935 = DEFINITIONAL_REPRESENTATION('',(#3936),#3940);
#3936 = CIRCLE('',#3937,7.);
#3937 = AXIS2_PLACEMENT_2D('',#3938,#3939);
#3938 = CARTESIAN_POINT('',(0.,0.));
#3939 = DIRECTION('',(1.,0.));
#3940 = ( GEOMETRIC_REPRESENTATION_CONTEXT(2) 
PARAMETRIC_REPRESENTATION_CONTEXT() REPRESENTATION_CONTEXT('2D SPACE',''
  ) );
#3941 = ORIENTED_EDGE('',*,*,#3942,.F.);
#3942 = EDGE_CURVE('',#1509,#3919,#3943,.T.);
#3943 = SURFACE_CURVE('',#3944,(#3975,#4009),.PCURVE_S1.);
#3944 = B_SPLINE_CURVE_WITH_KNOTS('',8,(#3945,#3946,#3947,#3948,#3949,
    #3950,#3951,#3952,#3953,#3954,#3955,#3956,#3957,#3958,#3959,#3960,
    #3961,#3962,#3963,#3964,#3965,#3966,#3967,#3968,#3969,#3970,#3971,
    #3972,#3973,#3974),.UNSPECIFIED.,.F.,.F.,(9,7,7,7,9),(0.,
    0.603532779153,0.781504383722,0.915370819139,1.),.UNSPECIFIED.);
#3945 = CARTESIAN_POINT('',(-1.662394765656,-6.799738498142,13.65));
#3946 = CARTESIAN_POINT('',(-1.662394765656,-6.799738498142,
    13.509574662941));
#3947 = CARTESIAN_POINT('',(-1.649122648884,-6.802983171531,
    13.369533818999));
#3948 = CARTESIAN_POINT('',(-1.622705709394,-6.809441840162,
    13.230413143059));
#3949 = CARTESIAN_POINT('',(-1.582907569282,-6.819017507453,
    13.093013863416));
#3950 = CARTESIAN_POINT('',(-1.52936839071,-6.831499329188,
    12.958361280281));
#3951 = CARTESIAN_POINT('',(-1.461619610302,-6.84651562436,
    12.827739395899));
#3952 = CARTESIAN_POINT('',(-1.379177815121,-6.863509354289,
    12.702665966104));
#3953 = CARTESIAN_POINT('',(-1.252566196827,-6.887084876819,
    12.550330118115));
#3954 = CARTESIAN_POINT('',(-1.222409085244,-6.892557386244,
    12.516296413542));
#3955 = CARTESIAN_POINT('',(-1.190915679989,-6.898113349761,
    12.482970948017));
#3956 = CARTESIAN_POINT('',(-1.158076616004,-6.903730346444,
    12.450410759998));
#3957 = CARTESIAN_POINT('',(-1.123886519392,-6.909383612487,
    12.418678878196));
#3958 = CARTESIAN_POINT('',(-1.088345134607,-6.915046039669,
    12.387843764024));
#3959 = CARTESIAN_POINT('',(-1.051458605573,-6.920688307566,
    12.357978667931));
#3960 = CARTESIAN_POINT('',(-0.984494377825,-6.930484461265,
    12.307484790562));
#3961 = CARTESIAN_POINT('',(-0.954999948345,-6.934659914898,
    12.286405163585));
#3962 = CARTESIAN_POINT('',(-0.924760767572,-6.938792692908,
    12.265952125358));
#3963 = CARTESIAN_POINT('',(-0.893787182005,-6.942868641394,
    12.246161100609));
#3964 = CARTESIAN_POINT('',(-0.862097913459,-6.946872341854,
    12.227071881955));
#3965 = CARTESIAN_POINT('',(-0.829721903883,-6.950787319331,
    12.208727424644));
#3966 = CARTESIAN_POINT('',(-0.796700830852,-6.954596386891,
    12.191172386252));
#3967 = CARTESIAN_POINT('',(-0.741845272732,-6.960612218516,
    12.163880558304));
#3968 = CARTESIAN_POINT('',(-0.720369031168,-6.962892398478,
    12.153645845133));
#3969 = CARTESIAN_POINT('',(-0.698676134082,-6.965118596241,
    12.143757041792));
#3970 = CARTESIAN_POINT('',(-0.676787170622,-6.967285997887,
    12.134227038402));
#3971 = CARTESIAN_POINT('',(-0.654731735593,-6.969389285184,
    12.1250707268));
#3972 = CARTESIAN_POINT('',(-0.632549410995,-6.971422875099,
    12.116303882118));
#3973 = CARTESIAN_POINT('',(-0.610290747563,-6.973381159314,
    12.107942044362));
#3974 = CARTESIAN_POINT('',(-0.588018246305,-6.975258743732,12.0999994)
  );
#3975 = PCURVE('',#1552,#3976);
#3976 = DEFINITIONAL_REPRESENTATION('',(#3977),#4008);
#3977 = B_SPLINE_CURVE_WITH_KNOTS('',8,(#3978,#3979,#3980,#3981,#3982,
    #3983,#3984,#3985,#3986,#3987,#3988,#3989,#3990,#3991,#3992,#3993,
    #3994,#3995,#3996,#3997,#3998,#3999,#4000,#4001,#4002,#4003,#4004,
    #4005,#4006,#4007),.UNSPECIFIED.,.F.,.F.,(9,7,7,7,9),(0.,
    0.603532779153,0.781504383722,0.915370819139,1.),.UNSPECIFIED.);
#3978 = CARTESIAN_POINT('',(4.472613056808,1.55));
#3979 = CARTESIAN_POINT('',(4.472613056808,1.409574662941));
#3980 = CARTESIAN_POINT('',(4.474564912612,1.269533819));
#3981 = CARTESIAN_POINT('',(4.478449909811,1.130413143058));
#3982 = CARTESIAN_POINT('',(4.48429758129,0.993013863417));
#3983 = CARTESIAN_POINT('',(4.492150680296,0.858361280281));
#3984 = CARTESIAN_POINT('',(4.502062594896,0.727739395899));
#3985 = CARTESIAN_POINT('',(4.51408538655,0.602665966104));
#3986 = CARTESIAN_POINT('',(4.532483649085,0.450330118115));
#3987 = CARTESIAN_POINT('',(4.536862121443,0.416296413542));
#3988 = CARTESIAN_POINT('',(4.541430561843,0.382970948017));
#3989 = CARTESIAN_POINT('',(4.546189853236,0.350410759998));
#3990 = CARTESIAN_POINT('',(4.551140308859,0.318678878196));
#3991 = CARTESIAN_POINT('',(4.55628152328,0.287843764024));
#3992 = CARTESIAN_POINT('',(4.561612204316,0.257978667931));
#3993 = CARTESIAN_POINT('',(4.571280343053,0.207484790562));
#3994 = CARTESIAN_POINT('',(4.575535799962,0.186405163585));
#3995 = CARTESIAN_POINT('',(4.579895756179,0.165952125358));
#3996 = CARTESIAN_POINT('',(4.584358588068,0.146161100609));
#3997 = CARTESIAN_POINT('',(4.588921488164,0.127071881955));
#3998 = CARTESIAN_POINT('',(4.59358020899,0.108727424644));
#3999 = CARTESIAN_POINT('',(4.598328711214,9.117238625163E-02));
#4000 = CARTESIAN_POINT('',(4.606212202731,6.388055830377E-02));
#4001 = CARTESIAN_POINT('',(4.609297462942,5.36458451329E-02));
#4002 = CARTESIAN_POINT('',(4.61241269154,4.375704179176E-02));
#4003 = CARTESIAN_POINT('',(4.615554937638,3.422703840222E-02));
#4004 = CARTESIAN_POINT('',(4.618719966921,2.507072680039E-02));
#4005 = CARTESIAN_POINT('',(4.621902123845,1.63038821178E-02));
#4006 = CARTESIAN_POINT('',(4.625094193847,7.942044362469E-03));
#4007 = CARTESIAN_POINT('',(4.628287265542,-6.E-07));
#4008 = ( GEOMETRIC_REPRESENTATION_CONTEXT(2) 
PARAMETRIC_REPRESENTATION_CONTEXT() REPRESENTATION_CONTEXT('2D SPACE',''
  ) );
#4009 = PCURVE('',#1525,#4010);
#4010 = DEFINITIONAL_REPRESENTATION('',(#4011),#4042);
#4011 = B_SPLINE_CURVE_WITH_KNOTS('',8,(#4012,#4013,#4014,#4015,#4016,
    #4017,#4018,#4019,#4020,#4021,#4022,#4023,#4024,#4025,#4026,#4027,
    #4028,#4029,#4030,#4031,#4032,#4033,#4034,#4035,#4036,#4037,#4038,
    #4039,#4040,#4041),.UNSPECIFIED.,.F.,.F.,(9,7,7,7,9),(0.,
    0.603532779153,0.781504383722,0.915370819139,1.),.UNSPECIFIED.);
#4012 = CARTESIAN_POINT('',(-0.213907237635,0.));
#4013 = CARTESIAN_POINT('',(-0.213907237635,-8.510626488447E-02));
#4014 = CARTESIAN_POINT('',(-0.213697091399,-0.169979767952));
#4015 = CARTESIAN_POINT('',(-0.213256618071,-0.255233634724));
#4016 = CARTESIAN_POINT('',(-0.212710837306,-0.341304505801));
#4017 = CARTESIAN_POINT('',(-0.212095068943,-0.428578270556));
#4018 = CARTESIAN_POINT('',(-0.211798223959,-0.517426895667));
#4019 = CARTESIAN_POINT('',(-0.212116488993,-0.608253748891));
#4020 = CARTESIAN_POINT('',(-0.215224792347,-0.729127780555));
#4021 = CARTESIAN_POINT('',(-0.216113674777,-0.756864276664));
#4022 = CARTESIAN_POINT('',(-0.217220500877,-0.784821915468));
#4023 = CARTESIAN_POINT('',(-0.218592715338,-0.813009408929));
#4024 = CARTESIAN_POINT('',(-0.220288583663,-0.841433133732));
#4025 = CARTESIAN_POINT('',(-0.222382594525,-0.870096921178));
#4026 = CARTESIAN_POINT('',(-0.224975974765,-0.899001454508));
#4027 = CARTESIAN_POINT('',(-0.230646624424,-0.950063126919));
#4028 = CARTESIAN_POINT('',(-0.233444508858,-0.972113223707));
#4029 = CARTESIAN_POINT('',(-0.236666817607,-0.994294520629));
#4030 = CARTESIAN_POINT('',(-0.240390170803,-1.016602686218));
#4031 = CARTESIAN_POINT('',(-0.244708556404,-1.039027965384));
#4032 = CARTESIAN_POINT('',(-0.24974120379,-1.06155421535));
#4033 = CARTESIAN_POINT('',(-0.255646735954,-1.084157113099));
#4034 = CARTESIAN_POINT('',(-0.267066956262,-1.121117137885));
#4035 = CARTESIAN_POINT('',(-0.271925491848,-1.135445595681));
#4036 = CARTESIAN_POINT('',(-0.277274412283,-1.149779445143));
#4037 = CARTESIAN_POINT('',(-0.283178178539,-1.164105784658));
#4038 = CARTESIAN_POINT('',(-0.28971201154,-1.178405767345));
#4039 = CARTESIAN_POINT('',(-0.296963396383,-1.192654094844));
#4040 = CARTESIAN_POINT('',(-0.305033586567,-1.206818511096));
#4041 = CARTESIAN_POINT('',(-0.314039108205,-1.220859296125));
#4042 = ( GEOMETRIC_REPRESENTATION_CONTEXT(2) 
PARAMETRIC_REPRESENTATION_CONTEXT() REPRESENTATION_CONTEXT('2D SPACE',''
  ) );
#4043 = ADVANCED_FACE('',(#4044),#1525,.F.);
#4044 = FACE_BOUND('',#4045,.T.);
#4045 = EDGE_LOOP('',(#4046,#4047,#4074,#4096,#4097));
#4046 = ORIENTED_EDGE('',*,*,#3684,.F.);
#4047 = ORIENTED_EDGE('',*,*,#4048,.T.);
#4048 = EDGE_CURVE('',#3657,#4049,#4051,.T.);
#4049 = VERTEX_POINT('',#4050);
#4050 = CARTESIAN_POINT('',(-5.E-02,-6.584314575051,12.1));
#4051 = SURFACE_CURVE('',#4052,(#4057,#4063),.PCURVE_S1.);
#4052 = CIRCLE('',#4053,1.65);
#4053 = AXIS2_PLACEMENT_3D('',#4054,#4055,#4056);
#4054 = CARTESIAN_POINT('',(-5.E-02,-7.15,13.65));
#4055 = DIRECTION('',(1.,-2.623977713431E-17,0.));
#4056 = DIRECTION('',(2.623977713431E-17,1.,0.));
#4057 = PCURVE('',#1525,#4058);
#4058 = DEFINITIONAL_REPRESENTATION('',(#4059),#4062);
#4059 = B_SPLINE_CURVE_WITH_KNOTS('',1,(#4060,#4061),.UNSPECIFIED.,.F.,
  .F.,(2,2),(4.712388980385,6.28318530718),.PIECEWISE_BEZIER_KNOTS.);
#4060 = CARTESIAN_POINT('',(-1.570796326795,-1.570796326795));
#4061 = CARTESIAN_POINT('',(-1.570796326795,0.));
#4062 = ( GEOMETRIC_REPRESENTATION_CONTEXT(2) 
PARAMETRIC_REPRESENTATION_CONTEXT() REPRESENTATION_CONTEXT('2D SPACE',''
  ) );
#4063 = PCURVE('',#4064,#4069);
#4064 = CYLINDRICAL_SURFACE('',#4065,1.65);
#4065 = AXIS2_PLACEMENT_3D('',#4066,#4067,#4068);
#4066 = CARTESIAN_POINT('',(-1.7,-7.15,13.65));
#4067 = DIRECTION('',(1.,0.,-0.));
#4068 = DIRECTION('',(0.,1.,0.));
#4069 = DEFINITIONAL_REPRESENTATION('',(#4070),#4073);
#4070 = B_SPLINE_CURVE_WITH_KNOTS('',1,(#4071,#4072),.UNSPECIFIED.,.F.,
  .F.,(2,2),(4.712388980385,6.28318530718),.PIECEWISE_BEZIER_KNOTS.);
#4071 = CARTESIAN_POINT('',(-1.570796326795,1.65));
#4072 = CARTESIAN_POINT('',(0.,1.65));
#4073 = ( GEOMETRIC_REPRESENTATION_CONTEXT(2) 
PARAMETRIC_REPRESENTATION_CONTEXT() REPRESENTATION_CONTEXT('2D SPACE',''
  ) );
#4074 = ORIENTED_EDGE('',*,*,#4075,.T.);
#4075 = EDGE_CURVE('',#4049,#3919,#4076,.T.);
#4076 = SURFACE_CURVE('',#4077,(#4082,#4089),.PCURVE_S1.);
#4077 = CIRCLE('',#4078,0.565685424949);
#4078 = AXIS2_PLACEMENT_3D('',#4079,#4080,#4081);
#4079 = CARTESIAN_POINT('',(-5.E-02,-7.15,12.1));
#4080 = DIRECTION('',(0.,0.,1.));
#4081 = DIRECTION('',(-1.,-1.345724878334E-16,0.));
#4082 = PCURVE('',#1525,#4083);
#4083 = DEFINITIONAL_REPRESENTATION('',(#4084),#4088);
#4084 = LINE('',#4085,#4086);
#4085 = CARTESIAN_POINT('',(-6.28318530718,-1.220858235464));
#4086 = VECTOR('',#4087,1.);
#4087 = DIRECTION('',(1.,-0.));
#4088 = ( GEOMETRIC_REPRESENTATION_CONTEXT(2) 
PARAMETRIC_REPRESENTATION_CONTEXT() REPRESENTATION_CONTEXT('2D SPACE',''
  ) );
#4089 = PCURVE('',#3593,#4090);
#4090 = DEFINITIONAL_REPRESENTATION('',(#4091),#4095);
#4091 = CIRCLE('',#4092,0.565685424949);
#4092 = AXIS2_PLACEMENT_2D('',#4093,#4094);
#4093 = CARTESIAN_POINT('',(-5.E-02,-7.15));
#4094 = DIRECTION('',(-1.,-1.345724878334E-16));
#4095 = ( GEOMETRIC_REPRESENTATION_CONTEXT(2) 
PARAMETRIC_REPRESENTATION_CONTEXT() REPRESENTATION_CONTEXT('2D SPACE',''
  ) );
#4096 = ORIENTED_EDGE('',*,*,#3942,.F.);
#4097 = ORIENTED_EDGE('',*,*,#1508,.F.);
#4098 = ADVANCED_FACE('',(#4099),#1655,.F.);
#4099 = FACE_BOUND('',#4100,.T.);
#4100 = EDGE_LOOP('',(#4101,#4121,#4122));
#4101 = ORIENTED_EDGE('',*,*,#4102,.F.);
#4102 = EDGE_CURVE('',#3710,#1618,#4103,.T.);
#4103 = SURFACE_CURVE('',#4104,(#4109,#4115),.PCURVE_S1.);
#4104 = CIRCLE('',#4105,1.65);
#4105 = AXIS2_PLACEMENT_3D('',#4106,#4107,#4108);
#4106 = CARTESIAN_POINT('',(5.E-02,-8.35,13.65));
#4107 = DIRECTION('',(0.,-1.,0.));
#4108 = DIRECTION('',(1.,0.,0.));
#4109 = PCURVE('',#1655,#4110);
#4110 = DEFINITIONAL_REPRESENTATION('',(#4111),#4114);
#4111 = B_SPLINE_CURVE_WITH_KNOTS('',1,(#4112,#4113),.UNSPECIFIED.,.F.,
  .F.,(2,2),(4.712388980385,6.28318530718),.PIECEWISE_BEZIER_KNOTS.);
#4112 = CARTESIAN_POINT('',(0.,-1.570796326795));
#4113 = CARTESIAN_POINT('',(0.,0.));
#4114 = ( GEOMETRIC_REPRESENTATION_CONTEXT(2) 
PARAMETRIC_REPRESENTATION_CONTEXT() REPRESENTATION_CONTEXT('2D SPACE',''
  ) );
#4115 = PCURVE('',#1736,#4116);
#4116 = DEFINITIONAL_REPRESENTATION('',(#4117),#4120);
#4117 = B_SPLINE_CURVE_WITH_KNOTS('',1,(#4118,#4119),.UNSPECIFIED.,.F.,
  .F.,(2,2),(4.712388980385,6.28318530718),.PIECEWISE_BEZIER_KNOTS.);
#4118 = CARTESIAN_POINT('',(1.570796326795,1.65));
#4119 = CARTESIAN_POINT('',(0.,1.65));
#4120 = ( GEOMETRIC_REPRESENTATION_CONTEXT(2) 
PARAMETRIC_REPRESENTATION_CONTEXT() REPRESENTATION_CONTEXT('2D SPACE',''
  ) );
#4121 = ORIENTED_EDGE('',*,*,#3732,.T.);
#4122 = ORIENTED_EDGE('',*,*,#1640,.F.);
#4123 = ADVANCED_FACE('',(#4124),#1736,.F.);
#4124 = FACE_BOUND('',#4125,.F.);
#4125 = EDGE_LOOP('',(#4126,#4127,#4150,#4170));
#4126 = ORIENTED_EDGE('',*,*,#4102,.F.);
#4127 = ORIENTED_EDGE('',*,*,#4128,.T.);
#4128 = EDGE_CURVE('',#3710,#4129,#4131,.T.);
#4129 = VERTEX_POINT('',#4130);
#4130 = CARTESIAN_POINT('',(5.E-02,-7.15,12.));
#4131 = SURFACE_CURVE('',#4132,(#4136,#4143),.PCURVE_S1.);
#4132 = LINE('',#4133,#4134);
#4133 = CARTESIAN_POINT('',(5.E-02,-10.,12.));
#4134 = VECTOR('',#4135,1.);
#4135 = DIRECTION('',(-0.,1.,0.));
#4136 = PCURVE('',#1736,#4137);
#4137 = DEFINITIONAL_REPRESENTATION('',(#4138),#4142);
#4138 = LINE('',#4139,#4140);
#4139 = CARTESIAN_POINT('',(1.570796326795,0.));
#4140 = VECTOR('',#4141,1.);
#4141 = DIRECTION('',(0.,1.));
#4142 = ( GEOMETRIC_REPRESENTATION_CONTEXT(2) 
PARAMETRIC_REPRESENTATION_CONTEXT() REPRESENTATION_CONTEXT('2D SPACE',''
  ) );
#4143 = PCURVE('',#3672,#4144);
#4144 = DEFINITIONAL_REPRESENTATION('',(#4145),#4149);
#4145 = LINE('',#4146,#4147);
#4146 = CARTESIAN_POINT('',(1.75,0.));
#4147 = VECTOR('',#4148,1.);
#4148 = DIRECTION('',(0.,1.));
#4149 = ( GEOMETRIC_REPRESENTATION_CONTEXT(2) 
PARAMETRIC_REPRESENTATION_CONTEXT() REPRESENTATION_CONTEXT('2D SPACE',''
  ) );
#4150 = ORIENTED_EDGE('',*,*,#4151,.T.);
#4151 = EDGE_CURVE('',#4129,#1721,#4152,.T.);
#4152 = SURFACE_CURVE('',#4153,(#4158,#4164),.PCURVE_S1.);
#4153 = CIRCLE('',#4154,1.65);
#4154 = AXIS2_PLACEMENT_3D('',#4155,#4156,#4157);
#4155 = CARTESIAN_POINT('',(5.E-02,-7.15,13.65));
#4156 = DIRECTION('',(-1.345724878334E-16,-1.,0.));
#4157 = DIRECTION('',(1.,-1.345724878334E-16,0.));
#4158 = PCURVE('',#1736,#4159);
#4159 = DEFINITIONAL_REPRESENTATION('',(#4160),#4163);
#4160 = B_SPLINE_CURVE_WITH_KNOTS('',1,(#4161,#4162),.UNSPECIFIED.,.F.,
  .F.,(2,2),(4.712388980385,6.28318530718),.PIECEWISE_BEZIER_KNOTS.);
#4161 = CARTESIAN_POINT('',(1.570796326795,2.85));
#4162 = CARTESIAN_POINT('',(0.,2.85));
#4163 = ( GEOMETRIC_REPRESENTATION_CONTEXT(2) 
PARAMETRIC_REPRESENTATION_CONTEXT() REPRESENTATION_CONTEXT('2D SPACE',''
  ) );
#4164 = PCURVE('',#1791,#4165);
#4165 = DEFINITIONAL_REPRESENTATION('',(#4166),#4169);
#4166 = B_SPLINE_CURVE_WITH_KNOTS('',1,(#4167,#4168),.UNSPECIFIED.,.F.,
  .F.,(2,2),(4.712388980385,6.28318530718),.PIECEWISE_BEZIER_KNOTS.);
#4167 = CARTESIAN_POINT('',(0.,-1.570796326795));
#4168 = CARTESIAN_POINT('',(0.,0.));
#4169 = ( GEOMETRIC_REPRESENTATION_CONTEXT(2) 
PARAMETRIC_REPRESENTATION_CONTEXT() REPRESENTATION_CONTEXT('2D SPACE',''
  ) );
#4170 = ORIENTED_EDGE('',*,*,#1720,.F.);
#4171 = ADVANCED_FACE('',(#4172),#1818,.F.);
#4172 = FACE_BOUND('',#4173,.F.);
#4173 = EDGE_LOOP('',(#4174,#4175,#4176,#4177,#4287,#4311));
#4174 = ORIENTED_EDGE('',*,*,#2531,.T.);
#4175 = ORIENTED_EDGE('',*,*,#3832,.F.);
#4176 = ORIENTED_EDGE('',*,*,#1803,.F.);
#4177 = ORIENTED_EDGE('',*,*,#4178,.F.);
#4178 = EDGE_CURVE('',#4179,#1775,#4181,.T.);
#4179 = VERTEX_POINT('',#4180);
#4180 = CARTESIAN_POINT('',(0.588019928803,-6.975258601896,12.1));
#4181 = SURFACE_CURVE('',#4182,(#4215,#4251),.PCURVE_S1.);
#4182 = B_SPLINE_CURVE_WITH_KNOTS('',7,(#4183,#4184,#4185,#4186,#4187,
    #4188,#4189,#4190,#4191,#4192,#4193,#4194,#4195,#4196,#4197,#4198,
    #4199,#4200,#4201,#4202,#4203,#4204,#4205,#4206,#4207,#4208,#4209,
    #4210,#4211,#4212,#4213,#4214),.UNSPECIFIED.,.F.,.F.,(8,6,6,6,6,8),(
    0.,8.409745147851E-02,0.217364675965,0.395969820823,0.5697650768,1.)
  ,.UNSPECIFIED.);
#4183 = CARTESIAN_POINT('',(0.588018246305,-6.975258743732,12.0999994));
#4184 = CARTESIAN_POINT('',(0.613311978811,-6.973126467816,
    12.109019452107));
#4185 = CARTESIAN_POINT('',(0.638587582238,-6.97088793812,
    12.118591430963));
#4186 = CARTESIAN_POINT('',(0.663746831131,-6.968551629271,
    12.128693037787));
#4187 = CARTESIAN_POINT('',(0.688714865924,-6.966126432517,
    12.139299338977));
#4188 = CARTESIAN_POINT('',(0.713437653438,-6.963621033533,
    12.15038567071));
#4189 = CARTESIAN_POINT('',(0.737879447378,-6.961043290231,
    12.161930543533));
#4190 = CARTESIAN_POINT('',(0.800275600811,-6.954210234496,
    12.192915649903));
#4191 = CARTESIAN_POINT('',(0.837756836315,-6.949857316112,
    12.21301639913));
#4192 = CARTESIAN_POINT('',(0.87437219721,-6.945368385213,
    12.234150205932));
#4193 = CARTESIAN_POINT('',(0.910061527352,-6.940770523394,
    12.256246429787));
#4194 = CARTESIAN_POINT('',(0.94478786661,-6.936089096343,
    12.279238910188));
#4195 = CARTESIAN_POINT('',(0.978531693957,-6.931347023444,
    12.303069489495));
#4196 = CARTESIAN_POINT('',(1.055187680226,-6.920155145527,
    12.360687716799));
#4197 = CARTESIAN_POINT('',(1.097300957583,-6.913675023323,
    12.395095311413));
#4198 = CARTESIAN_POINT('',(1.137604496682,-6.907174893868,
    12.43078801468));
#4199 = CARTESIAN_POINT('',(1.176091205627,-6.900701492973,
    12.467648746364));
#4200 = CARTESIAN_POINT('',(1.212766114188,-6.894296883966,
    12.505570648034));
#4201 = CARTESIAN_POINT('',(1.247643075891,-6.887998275672,
    12.544458731434));
#4202 = CARTESIAN_POINT('',(1.312949784761,-6.875844393583,
    12.622932523375));
#4203 = CARTESIAN_POINT('',(1.343471417489,-6.869982222557,
    12.662468116921));
#4204 = CARTESIAN_POINT('',(1.372324139614,-6.864282333504,
    12.702760300319));
#4205 = CARTESIAN_POINT('',(1.399526575805,-6.858771864741,
    12.743737434945));
#4206 = CARTESIAN_POINT('',(1.425098281494,-6.853474828282,
    12.785333957174));
#4207 = CARTESIAN_POINT('',(1.44905917668,-6.848412300938,
    12.827490442568));
#4208 = CARTESIAN_POINT('',(1.526806040751,-6.831696106953,
    12.975767659955));
#4209 = CARTESIAN_POINT('',(1.572414884192,-6.821342909466,
    13.084453566929));
#4210 = CARTESIAN_POINT('',(1.608583166697,-6.812815762547,
    13.195436908008));
#4211 = CARTESIAN_POINT('',(1.635533741015,-6.806305352695,
    13.30804512455));
#4212 = CARTESIAN_POINT('',(1.653437167552,-6.801928473932,
    13.421680324846));
#4213 = CARTESIAN_POINT('',(1.662394765656,-6.799738498142,
    13.535818174033));
#4214 = CARTESIAN_POINT('',(1.662394765656,-6.799738498142,13.65));
#4215 = PCURVE('',#1818,#4216);
#4216 = DEFINITIONAL_REPRESENTATION('',(#4217),#4250);
#4217 = B_SPLINE_CURVE_WITH_KNOTS('',7,(#4218,#4219,#4220,#4221,#4222,
    #4223,#4224,#4225,#4226,#4227,#4228,#4229,#4230,#4231,#4232,#4233,
    #4234,#4235,#4236,#4237,#4238,#4239,#4240,#4241,#4242,#4243,#4244,
    #4245,#4246,#4247,#4248,#4249),.UNSPECIFIED.,.F.,.F.,(8,6,6,6,6,8),(
    0.,8.409745147851E-02,0.217364675965,0.395969820823,0.5697650768,1.)
  ,.UNSPECIFIED.);
#4218 = CARTESIAN_POINT('',(4.796490695228,-6.000000105644E-07));
#4219 = CARTESIAN_POINT('',(4.800116902288,9.019452106749E-03));
#4220 = CARTESIAN_POINT('',(4.803741803364,1.859143096344E-02));
#4221 = CARTESIAN_POINT('',(4.807351393411,2.869303778684E-02));
#4222 = CARTESIAN_POINT('',(4.810934985176,3.929933897679E-02));
#4223 = CARTESIAN_POINT('',(4.814484852686,5.038567070977E-02));
#4224 = CARTESIAN_POINT('',(4.817995874748,6.193054353251E-02));
#4225 = CARTESIAN_POINT('',(4.826962901208,9.291564990263E-02));
#4226 = CARTESIAN_POINT('',(4.832353236352,0.11301639913));
#4227 = CARTESIAN_POINT('',(4.83762299726,0.134150205932));
#4228 = CARTESIAN_POINT('',(4.842763442536,0.156246429787));
#4229 = CARTESIAN_POINT('',(4.847769095255,0.179238910188));
#4230 = CARTESIAN_POINT('',(4.852636940051,0.203069489495));
#4231 = CARTESIAN_POINT('',(4.863703896163,0.260687716799));
#4232 = CARTESIAN_POINT('',(4.86979070433,0.295095311413));
#4233 = CARTESIAN_POINT('',(4.875622519807,0.33078801468));
#4234 = CARTESIAN_POINT('',(4.881197641939,0.367648746364));
#4235 = CARTESIAN_POINT('',(4.886516057546,0.405570648034));
#4236 = CARTESIAN_POINT('',(4.891579006581,0.444458731434));
#4237 = CARTESIAN_POINT('',(4.901068725048,0.522932523375));
#4238 = CARTESIAN_POINT('',(4.905508579911,0.562468116921));
#4239 = CARTESIAN_POINT('',(4.909709968374,0.602760300319));
#4240 = CARTESIAN_POINT('',(4.913674888403,0.643737434945));
#4241 = CARTESIAN_POINT('',(4.91740549304,0.685333957174));
#4242 = CARTESIAN_POINT('',(4.92090402323,0.727490442568));
#4243 = CARTESIAN_POINT('',(4.932264540262,0.875767659955));
#4244 = CARTESIAN_POINT('',(4.938945413831,0.984453566929));
#4245 = CARTESIAN_POINT('',(4.944253797214,1.095436908008));
#4246 = CARTESIAN_POINT('',(4.948214603618,1.20804512455));
#4247 = CARTESIAN_POINT('',(4.950847558857,1.321680324846));
#4248 = CARTESIAN_POINT('',(4.952164903962,1.435818174033));
#4249 = CARTESIAN_POINT('',(4.952164903962,1.55));
#4250 = ( GEOMETRIC_REPRESENTATION_CONTEXT(2) 
PARAMETRIC_REPRESENTATION_CONTEXT() REPRESENTATION_CONTEXT('2D SPACE',''
  ) );
#4251 = PCURVE('',#1791,#4252);
#4252 = DEFINITIONAL_REPRESENTATION('',(#4253),#4286);
#4253 = B_SPLINE_CURVE_WITH_KNOTS('',7,(#4254,#4255,#4256,#4257,#4258,
    #4259,#4260,#4261,#4262,#4263,#4264,#4265,#4266,#4267,#4268,#4269,
    #4270,#4271,#4272,#4273,#4274,#4275,#4276,#4277,#4278,#4279,#4280,
    #4281,#4282,#4283,#4284,#4285),.UNSPECIFIED.,.F.,.F.,(8,6,6,6,6,8),(
    0.,8.409745147851E-02,0.217364675965,0.395969820823,0.5697650768,1.)
  ,.UNSPECIFIED.);
#4254 = CARTESIAN_POINT('',(0.314039108205,-1.220859296125));
#4255 = CARTESIAN_POINT('',(0.303812001121,-1.204913899756));
#4256 = CARTESIAN_POINT('',(0.294816282246,-1.188805677933));
#4257 = CARTESIAN_POINT('',(0.286869074829,-1.172597052402));
#4258 = CARTESIAN_POINT('',(0.279817227712,-1.156335852965));
#4259 = CARTESIAN_POINT('',(0.273533458082,-1.140056625013));
#4260 = CARTESIAN_POINT('',(0.267912494226,-1.123781937066));
#4261 = CARTESIAN_POINT('',(0.254872089876,-1.081759629476));
#4262 = CARTESIAN_POINT('',(0.248325881588,-1.056049119008));
#4263 = CARTESIAN_POINT('',(0.242881904791,-1.030448158762));
#4264 = CARTESIAN_POINT('',(0.238311688665,-1.004991310871));
#4265 = CARTESIAN_POINT('',(0.234451336969,-0.979698605385));
#4266 = CARTESIAN_POINT('',(0.231172550529,-0.954579181257));
#4267 = CARTESIAN_POINT('',(0.224633472984,-0.896196916717));
#4268 = CARTESIAN_POINT('',(0.221759426857,-0.863080502553));
#4269 = CARTESIAN_POINT('',(0.219521713648,-0.830288331217));
#4270 = CARTESIAN_POINT('',(0.217772767467,-0.79781779533));
#4271 = CARTESIAN_POINT('',(0.21640901724,-0.765660515433));
#4272 = CARTESIAN_POINT('',(0.215349088543,-0.733803462732));
#4273 = CARTESIAN_POINT('',(0.213739105964,-0.671503773921));
#4274 = CARTESIAN_POINT('',(0.213175746941,-0.641048644246));
#4275 = CARTESIAN_POINT('',(0.2127877807,-0.610847914016));
#4276 = CARTESIAN_POINT('',(0.212534194843,-0.580886371335));
#4277 = CARTESIAN_POINT('',(0.212384608833,-0.551148440176));
#4278 = CARTESIAN_POINT('',(0.212315666036,-0.52161787495));
#4279 = CARTESIAN_POINT('',(0.212287026717,-0.419644440868));
#4280 = CARTESIAN_POINT('',(0.212639633857,-0.348199707443));
#4281 = CARTESIAN_POINT('',(0.213073938622,-0.277655842135));
#4282 = CARTESIAN_POINT('',(0.213474450661,-0.207786742421));
#4283 = CARTESIAN_POINT('',(0.213762484294,-0.138375531881));
#4284 = CARTESIAN_POINT('',(0.213907237635,-6.920110664637E-02));
#4285 = CARTESIAN_POINT('',(0.213907237635,0.));
#4286 = ( GEOMETRIC_REPRESENTATION_CONTEXT(2) 
PARAMETRIC_REPRESENTATION_CONTEXT() REPRESENTATION_CONTEXT('2D SPACE',''
  ) );
#4287 = ORIENTED_EDGE('',*,*,#4288,.T.);
#4288 = EDGE_CURVE('',#4179,#4289,#4291,.T.);
#4289 = VERTEX_POINT('',#4290);
#4290 = CARTESIAN_POINT('',(6.975258601896,-0.588019928803,12.1));
#4291 = SURFACE_CURVE('',#4292,(#4297,#4304),.PCURVE_S1.);
#4292 = CIRCLE('',#4293,7.);
#4293 = AXIS2_PLACEMENT_3D('',#4294,#4295,#4296);
#4294 = CARTESIAN_POINT('',(0.,0.,12.1));
#4295 = DIRECTION('',(0.,0.,1.));
#4296 = DIRECTION('',(1.,0.,-0.));
#4297 = PCURVE('',#1818,#4298);
#4298 = DEFINITIONAL_REPRESENTATION('',(#4299),#4303);
#4299 = LINE('',#4300,#4301);
#4300 = CARTESIAN_POINT('',(0.,0.));
#4301 = VECTOR('',#4302,1.);
#4302 = DIRECTION('',(1.,0.));
#4303 = ( GEOMETRIC_REPRESENTATION_CONTEXT(2) 
PARAMETRIC_REPRESENTATION_CONTEXT() REPRESENTATION_CONTEXT('2D SPACE',''
  ) );
#4304 = PCURVE('',#3593,#4305);
#4305 = DEFINITIONAL_REPRESENTATION('',(#4306),#4310);
#4306 = CIRCLE('',#4307,7.);
#4307 = AXIS2_PLACEMENT_2D('',#4308,#4309);
#4308 = CARTESIAN_POINT('',(0.,0.));
#4309 = DIRECTION('',(1.,0.));
#4310 = ( GEOMETRIC_REPRESENTATION_CONTEXT(2) 
PARAMETRIC_REPRESENTATION_CONTEXT() REPRESENTATION_CONTEXT('2D SPACE',''
  ) );
#4311 = ORIENTED_EDGE('',*,*,#4312,.F.);
#4312 = EDGE_CURVE('',#2532,#4289,#4313,.T.);
#4313 = SURFACE_CURVE('',#4314,(#4329,#4341),.PCURVE_S1.);
#4314 = B_SPLINE_CURVE_WITH_KNOTS('',4,(#4315,#4316,#4317,#4318,#4319,
    #4320,#4321,#4322,#4323,#4324,#4325,#4326,#4327,#4328),
  .UNSPECIFIED.,.F.,.F.,(5,3,3,3,5),(0.,0.225050264334,0.623038198083,
    0.761628725816,1.),.UNSPECIFIED.);
#4315 = CARTESIAN_POINT('',(6.799738498142,-1.662394765656,13.65));
#4316 = CARTESIAN_POINT('',(6.799738498142,-1.662394765656,
    13.536166671628));
#4317 = CARTESIAN_POINT('',(6.802224122013,-1.652231907317,
    13.422631651358));
#4318 = CARTESIAN_POINT('',(6.807176799652,-1.631961706296,
    13.310482227207));
#4319 = CARTESIAN_POINT('',(6.826754728542,-1.548678953685,
    13.007873700519));
#4320 = CARTESIAN_POINT('',(6.845935048367,-1.464803223961,
    12.823400994284));
#4321 = CARTESIAN_POINT('',(6.869589715731,-1.352037948181,
    12.655554527197));
#4322 = CARTESIAN_POINT('',(6.902083106228,-1.167726621975,
    12.459782409004));
#4323 = CARTESIAN_POINT('',(6.910535862806,-1.117218430688,
    12.411960194751));
#4324 = CARTESIAN_POINT('',(6.918889321729,-1.064016761376,
    12.367131586043));
#4325 = CARTESIAN_POINT('',(6.940919086242,-0.912684903178,12.2539210848
    ));
#4326 = CARTESIAN_POINT('',(6.954103153817,-0.80978079277,
    12.191814121096));
#4327 = CARTESIAN_POINT('',(6.965735078479,-0.700990980989,
    12.140286848808));
#4328 = CARTESIAN_POINT('',(6.975258743732,-0.588018246305,12.0999994));
#4329 = PCURVE('',#1818,#4330);
#4330 = DEFINITIONAL_REPRESENTATION('',(#4331),#4340);
#4331 = B_SPLINE_CURVE_WITH_KNOTS('',7,(#4332,#4333,#4334,#4335,#4336,
    #4337,#4338,#4339),.UNSPECIFIED.,.F.,.F.,(8,8),(0.,1.),
  .PIECEWISE_BEZIER_KNOTS.);
#4332 = CARTESIAN_POINT('',(6.043409383603,1.55));
#4333 = CARTESIAN_POINT('',(6.043409383603,1.260964053274));
#4334 = CARTESIAN_POINT('',(6.051836431853,0.973637007231));
#4335 = CARTESIAN_POINT('',(6.068628178958,0.698322382908));
#4336 = CARTESIAN_POINT('',(6.093221071387,0.454126892096));
#4337 = CARTESIAN_POINT('',(6.124295390478,0.249591819146));
#4338 = CARTESIAN_POINT('',(6.16025770832,9.65773093885E-02));
#4339 = CARTESIAN_POINT('',(6.199083592336,-5.999999999062E-07));
#4340 = ( GEOMETRIC_REPRESENTATION_CONTEXT(2) 
PARAMETRIC_REPRESENTATION_CONTEXT() REPRESENTATION_CONTEXT('2D SPACE',''
  ) );
#4341 = PCURVE('',#2569,#4342);
#4342 = DEFINITIONAL_REPRESENTATION('',(#4343),#4360);
#4343 = B_SPLINE_CURVE_WITH_KNOTS('',8,(#4344,#4345,#4346,#4347,#4348,
    #4349,#4350,#4351,#4352,#4353,#4354,#4355,#4356,#4357,#4358,#4359),
  .UNSPECIFIED.,.F.,.F.,(9,7,9),(0.,0.5,1.),.UNSPECIFIED.);
#4344 = CARTESIAN_POINT('',(1.35688908916,0.));
#4345 = CARTESIAN_POINT('',(1.35688908916,-7.663831920756E-02));
#4346 = CARTESIAN_POINT('',(1.357067429213,-0.153089599888));
#4347 = CARTESIAN_POINT('',(1.357406915095,-0.229521431304));
#4348 = CARTESIAN_POINT('',(1.357872353943,-0.305992030343));
#4349 = CARTESIAN_POINT('',(1.358378756387,-0.382491798378));
#4350 = CARTESIAN_POINT('',(1.35875953868,-0.458984878124));
#4351 = CARTESIAN_POINT('',(1.358734724829,-0.535450710494));
#4352 = CARTESIAN_POINT('',(1.357023572621,-0.688400472434));
#4353 = CARTESIAN_POINT('',(1.355288091748,-0.764868394461));
#4354 = CARTESIAN_POINT('',(1.352534844029,-0.841339789378));
#4355 = CARTESIAN_POINT('',(1.346706903044,-0.917704267756));
#4356 = CARTESIAN_POINT('',(1.339835176235,-0.994131712474));
#4357 = CARTESIAN_POINT('',(1.324733609587,-1.070214992398));
#4358 = CARTESIAN_POINT('',(1.304664289048,-1.146165913033));
#4359 = CARTESIAN_POINT('',(1.25675721859,-1.220859296125));
#4360 = ( GEOMETRIC_REPRESENTATION_CONTEXT(2) 
PARAMETRIC_REPRESENTATION_CONTEXT() REPRESENTATION_CONTEXT('2D SPACE',''
  ) );
#4361 = ADVANCED_FACE('',(#4362),#1791,.F.);
#4362 = FACE_BOUND('',#4363,.F.);
#4363 = EDGE_LOOP('',(#4364,#4365,#4387,#4409,#4410));
#4364 = ORIENTED_EDGE('',*,*,#4151,.F.);
#4365 = ORIENTED_EDGE('',*,*,#4366,.T.);
#4366 = EDGE_CURVE('',#4129,#4367,#4369,.T.);
#4367 = VERTEX_POINT('',#4368);
#4368 = CARTESIAN_POINT('',(5.E-02,-6.584314575051,12.1));
#4369 = SURFACE_CURVE('',#4370,(#4375,#4381),.PCURVE_S1.);
#4370 = CIRCLE('',#4371,1.65);
#4371 = AXIS2_PLACEMENT_3D('',#4372,#4373,#4374);
#4372 = CARTESIAN_POINT('',(5.E-02,-7.15,13.65));
#4373 = DIRECTION('',(1.,2.623977713431E-17,-0.));
#4374 = DIRECTION('',(-2.623977713431E-17,1.,-0.));
#4375 = PCURVE('',#1791,#4376);
#4376 = DEFINITIONAL_REPRESENTATION('',(#4377),#4380);
#4377 = B_SPLINE_CURVE_WITH_KNOTS('',1,(#4378,#4379),.UNSPECIFIED.,.F.,
  .F.,(2,2),(4.712388980385,6.28318530718),.PIECEWISE_BEZIER_KNOTS.);
#4378 = CARTESIAN_POINT('',(1.570796326795,-1.570796326795));
#4379 = CARTESIAN_POINT('',(1.570796326795,0.));
#4380 = ( GEOMETRIC_REPRESENTATION_CONTEXT(2) 
PARAMETRIC_REPRESENTATION_CONTEXT() REPRESENTATION_CONTEXT('2D SPACE',''
  ) );
#4381 = PCURVE('',#4064,#4382);
#4382 = DEFINITIONAL_REPRESENTATION('',(#4383),#4386);
#4383 = B_SPLINE_CURVE_WITH_KNOTS('',1,(#4384,#4385),.UNSPECIFIED.,.F.,
  .F.,(2,2),(4.712388980385,6.28318530718),.PIECEWISE_BEZIER_KNOTS.);
#4384 = CARTESIAN_POINT('',(-1.570796326795,1.75));
#4385 = CARTESIAN_POINT('',(0.,1.75));
#4386 = ( GEOMETRIC_REPRESENTATION_CONTEXT(2) 
PARAMETRIC_REPRESENTATION_CONTEXT() REPRESENTATION_CONTEXT('2D SPACE',''
  ) );
#4387 = ORIENTED_EDGE('',*,*,#4388,.F.);
#4388 = EDGE_CURVE('',#4179,#4367,#4389,.T.);
#4389 = SURFACE_CURVE('',#4390,(#4395,#4402),.PCURVE_S1.);
#4390 = CIRCLE('',#4391,0.565685424949);
#4391 = AXIS2_PLACEMENT_3D('',#4392,#4393,#4394);
#4392 = CARTESIAN_POINT('',(5.E-02,-7.15,12.1));
#4393 = DIRECTION('',(0.,0.,1.));
#4394 = DIRECTION('',(1.,-1.345724878334E-16,0.));
#4395 = PCURVE('',#1791,#4396);
#4396 = DEFINITIONAL_REPRESENTATION('',(#4397),#4401);
#4397 = LINE('',#4398,#4399);
#4398 = CARTESIAN_POINT('',(0.,-1.220858235464));
#4399 = VECTOR('',#4400,1.);
#4400 = DIRECTION('',(1.,0.));
#4401 = ( GEOMETRIC_REPRESENTATION_CONTEXT(2) 
PARAMETRIC_REPRESENTATION_CONTEXT() REPRESENTATION_CONTEXT('2D SPACE',''
  ) );
#4402 = PCURVE('',#3593,#4403);
#4403 = DEFINITIONAL_REPRESENTATION('',(#4404),#4408);
#4404 = CIRCLE('',#4405,0.565685424949);
#4405 = AXIS2_PLACEMENT_2D('',#4406,#4407);
#4406 = CARTESIAN_POINT('',(5.E-02,-7.15));
#4407 = DIRECTION('',(1.,-1.345724878334E-16));
#4408 = ( GEOMETRIC_REPRESENTATION_CONTEXT(2) 
PARAMETRIC_REPRESENTATION_CONTEXT() REPRESENTATION_CONTEXT('2D SPACE',''
  ) );
#4409 = ORIENTED_EDGE('',*,*,#4178,.T.);
#4410 = ORIENTED_EDGE('',*,*,#1774,.F.);
#4411 = ADVANCED_FACE('',(#4412),#1923,.F.);
#4412 = FACE_BOUND('',#4413,.F.);
#4413 = EDGE_LOOP('',(#4414,#4436,#4456));
#4414 = ORIENTED_EDGE('',*,*,#4415,.F.);
#4415 = EDGE_CURVE('',#4416,#1884,#4418,.T.);
#4416 = VERTEX_POINT('',#4417);
#4417 = CARTESIAN_POINT('',(-8.35,-5.E-02,12.));
#4418 = SURFACE_CURVE('',#4419,(#4424,#4430),.PCURVE_S1.);
#4419 = CIRCLE('',#4420,1.65);
#4420 = AXIS2_PLACEMENT_3D('',#4421,#4422,#4423);
#4421 = CARTESIAN_POINT('',(-8.35,-5.E-02,13.65));
#4422 = DIRECTION('',(0.,1.,-0.));
#4423 = DIRECTION('',(-1.,0.,0.));
#4424 = PCURVE('',#1923,#4425);
#4425 = DEFINITIONAL_REPRESENTATION('',(#4426),#4429);
#4426 = B_SPLINE_CURVE_WITH_KNOTS('',1,(#4427,#4428),.UNSPECIFIED.,.F.,
  .F.,(2,2),(4.712388980385,6.28318530718),.PIECEWISE_BEZIER_KNOTS.);
#4427 = CARTESIAN_POINT('',(0.,-1.570796326795));
#4428 = CARTESIAN_POINT('',(0.,0.));
#4429 = ( GEOMETRIC_REPRESENTATION_CONTEXT(2) 
PARAMETRIC_REPRESENTATION_CONTEXT() REPRESENTATION_CONTEXT('2D SPACE',''
  ) );
#4430 = PCURVE('',#1977,#4431);
#4431 = DEFINITIONAL_REPRESENTATION('',(#4432),#4435);
#4432 = B_SPLINE_CURVE_WITH_KNOTS('',1,(#4433,#4434),.UNSPECIFIED.,.F.,
  .F.,(2,2),(4.712388980385,6.28318530718),.PIECEWISE_BEZIER_KNOTS.);
#4433 = CARTESIAN_POINT('',(-1.570796326795,1.65));
#4434 = CARTESIAN_POINT('',(0.,1.65));
#4435 = ( GEOMETRIC_REPRESENTATION_CONTEXT(2) 
PARAMETRIC_REPRESENTATION_CONTEXT() REPRESENTATION_CONTEXT('2D SPACE',''
  ) );
#4436 = ORIENTED_EDGE('',*,*,#4437,.T.);
#4437 = EDGE_CURVE('',#4416,#1907,#4438,.T.);
#4438 = SURFACE_CURVE('',#4439,(#4444,#4450),.PCURVE_S1.);
#4439 = CIRCLE('',#4440,1.65);
#4440 = AXIS2_PLACEMENT_3D('',#4441,#4442,#4443);
#4441 = CARTESIAN_POINT('',(-8.35,-5.E-02,13.65));
#4442 = DIRECTION('',(-1.,2.832769448824E-16,0.));
#4443 = DIRECTION('',(-2.832769448824E-16,-1.,0.));
#4444 = PCURVE('',#1923,#4445);
#4445 = DEFINITIONAL_REPRESENTATION('',(#4446),#4449);
#4446 = B_SPLINE_CURVE_WITH_KNOTS('',1,(#4447,#4448),.UNSPECIFIED.,.F.,
  .F.,(2,2),(4.712388980385,6.28318530718),.PIECEWISE_BEZIER_KNOTS.);
#4447 = CARTESIAN_POINT('',(1.570796326795,-1.570796326795));
#4448 = CARTESIAN_POINT('',(1.570796326795,0.));
#4449 = ( GEOMETRIC_REPRESENTATION_CONTEXT(2) 
PARAMETRIC_REPRESENTATION_CONTEXT() REPRESENTATION_CONTEXT('2D SPACE',''
  ) );
#4450 = PCURVE('',#2030,#4451);
#4451 = DEFINITIONAL_REPRESENTATION('',(#4452),#4455);
#4452 = B_SPLINE_CURVE_WITH_KNOTS('',1,(#4453,#4454),.UNSPECIFIED.,.F.,
  .F.,(2,2),(4.712388980385,6.28318530718),.PIECEWISE_BEZIER_KNOTS.);
#4453 = CARTESIAN_POINT('',(1.570796326795,1.65));
#4454 = CARTESIAN_POINT('',(0.,1.65));
#4455 = ( GEOMETRIC_REPRESENTATION_CONTEXT(2) 
PARAMETRIC_REPRESENTATION_CONTEXT() REPRESENTATION_CONTEXT('2D SPACE',''
  ) );
#4456 = ORIENTED_EDGE('',*,*,#1906,.F.);
#4457 = ADVANCED_FACE('',(#4458),#1977,.F.);
#4458 = FACE_BOUND('',#4459,.T.);
#4459 = EDGE_LOOP('',(#4460,#4461,#4489,#4509));
#4460 = ORIENTED_EDGE('',*,*,#4415,.F.);
#4461 = ORIENTED_EDGE('',*,*,#4462,.T.);
#4462 = EDGE_CURVE('',#4416,#4463,#4465,.T.);
#4463 = VERTEX_POINT('',#4464);
#4464 = CARTESIAN_POINT('',(-8.35,5.E-02,12.));
#4465 = SURFACE_CURVE('',#4466,(#4470,#4477),.PCURVE_S1.);
#4466 = LINE('',#4467,#4468);
#4467 = CARTESIAN_POINT('',(-8.35,-1.7,12.));
#4468 = VECTOR('',#4469,1.);
#4469 = DIRECTION('',(-0.,1.,0.));
#4470 = PCURVE('',#1977,#4471);
#4471 = DEFINITIONAL_REPRESENTATION('',(#4472),#4476);
#4472 = LINE('',#4473,#4474);
#4473 = CARTESIAN_POINT('',(-1.570796326795,0.));
#4474 = VECTOR('',#4475,1.);
#4475 = DIRECTION('',(-0.,1.));
#4476 = ( GEOMETRIC_REPRESENTATION_CONTEXT(2) 
PARAMETRIC_REPRESENTATION_CONTEXT() REPRESENTATION_CONTEXT('2D SPACE',''
  ) );
#4477 = PCURVE('',#4478,#4483);
#4478 = PLANE('',#4479);
#4479 = AXIS2_PLACEMENT_3D('',#4480,#4481,#4482);
#4480 = CARTESIAN_POINT('',(-10.,-1.7,12.));
#4481 = DIRECTION('',(0.,0.,1.));
#4482 = DIRECTION('',(1.,0.,-0.));
#4483 = DEFINITIONAL_REPRESENTATION('',(#4484),#4488);
#4484 = LINE('',#4485,#4486);
#4485 = CARTESIAN_POINT('',(1.65,0.));
#4486 = VECTOR('',#4487,1.);
#4487 = DIRECTION('',(0.,1.));
#4488 = ( GEOMETRIC_REPRESENTATION_CONTEXT(2) 
PARAMETRIC_REPRESENTATION_CONTEXT() REPRESENTATION_CONTEXT('2D SPACE',''
  ) );
#4489 = ORIENTED_EDGE('',*,*,#4490,.T.);
#4490 = EDGE_CURVE('',#4463,#1962,#4491,.T.);
#4491 = SURFACE_CURVE('',#4492,(#4497,#4503),.PCURVE_S1.);
#4492 = CIRCLE('',#4493,1.65);
#4493 = AXIS2_PLACEMENT_3D('',#4494,#4495,#4496);
#4494 = CARTESIAN_POINT('',(-8.35,5.E-02,13.65));
#4495 = DIRECTION('',(0.,1.,-0.));
#4496 = DIRECTION('',(-1.,0.,0.));
#4497 = PCURVE('',#1977,#4498);
#4498 = DEFINITIONAL_REPRESENTATION('',(#4499),#4502);
#4499 = B_SPLINE_CURVE_WITH_KNOTS('',1,(#4500,#4501),.UNSPECIFIED.,.F.,
  .F.,(2,2),(4.712388980385,6.28318530718),.PIECEWISE_BEZIER_KNOTS.);
#4500 = CARTESIAN_POINT('',(-1.570796326795,1.75));
#4501 = CARTESIAN_POINT('',(0.,1.75));
#4502 = ( GEOMETRIC_REPRESENTATION_CONTEXT(2) 
PARAMETRIC_REPRESENTATION_CONTEXT() REPRESENTATION_CONTEXT('2D SPACE',''
  ) );
#4503 = PCURVE('',#2086,#4504);
#4504 = DEFINITIONAL_REPRESENTATION('',(#4505),#4508);
#4505 = B_SPLINE_CURVE_WITH_KNOTS('',1,(#4506,#4507),.UNSPECIFIED.,.F.,
  .F.,(2,2),(4.712388980385,6.28318530718),.PIECEWISE_BEZIER_KNOTS.);
#4506 = CARTESIAN_POINT('',(0.,-1.570796326795));
#4507 = CARTESIAN_POINT('',(0.,0.));
#4508 = ( GEOMETRIC_REPRESENTATION_CONTEXT(2) 
PARAMETRIC_REPRESENTATION_CONTEXT() REPRESENTATION_CONTEXT('2D SPACE',''
  ) );
#4509 = ORIENTED_EDGE('',*,*,#1961,.F.);
#4510 = ADVANCED_FACE('',(#4511),#2030,.F.);
#4511 = FACE_BOUND('',#4512,.F.);
#4512 = EDGE_LOOP('',(#4513,#4514,#4537,#4557));
#4513 = ORIENTED_EDGE('',*,*,#4437,.F.);
#4514 = ORIENTED_EDGE('',*,*,#4515,.T.);
#4515 = EDGE_CURVE('',#4416,#4516,#4518,.T.);
#4516 = VERTEX_POINT('',#4517);
#4517 = CARTESIAN_POINT('',(-7.15,-5.E-02,12.));
#4518 = SURFACE_CURVE('',#4519,(#4523,#4530),.PCURVE_S1.);
#4519 = LINE('',#4520,#4521);
#4520 = CARTESIAN_POINT('',(-10.,-5.E-02,12.));
#4521 = VECTOR('',#4522,1.);
#4522 = DIRECTION('',(1.,0.,-0.));
#4523 = PCURVE('',#2030,#4524);
#4524 = DEFINITIONAL_REPRESENTATION('',(#4525),#4529);
#4525 = LINE('',#4526,#4527);
#4526 = CARTESIAN_POINT('',(1.570796326795,0.));
#4527 = VECTOR('',#4528,1.);
#4528 = DIRECTION('',(0.,1.));
#4529 = ( GEOMETRIC_REPRESENTATION_CONTEXT(2) 
PARAMETRIC_REPRESENTATION_CONTEXT() REPRESENTATION_CONTEXT('2D SPACE',''
  ) );
#4530 = PCURVE('',#4478,#4531);
#4531 = DEFINITIONAL_REPRESENTATION('',(#4532),#4536);
#4532 = LINE('',#4533,#4534);
#4533 = CARTESIAN_POINT('',(0.,1.65));
#4534 = VECTOR('',#4535,1.);
#4535 = DIRECTION('',(1.,0.));
#4536 = ( GEOMETRIC_REPRESENTATION_CONTEXT(2) 
PARAMETRIC_REPRESENTATION_CONTEXT() REPRESENTATION_CONTEXT('2D SPACE',''
  ) );
#4537 = ORIENTED_EDGE('',*,*,#4538,.T.);
#4538 = EDGE_CURVE('',#4516,#2015,#4539,.T.);
#4539 = SURFACE_CURVE('',#4540,(#4545,#4551),.PCURVE_S1.);
#4540 = CIRCLE('',#4541,1.65);
#4541 = AXIS2_PLACEMENT_3D('',#4542,#4543,#4544);
#4542 = CARTESIAN_POINT('',(-7.15,-5.E-02,13.65));
#4543 = DIRECTION('',(-1.,-2.832769448824E-16,0.));
#4544 = DIRECTION('',(2.832769448824E-16,-1.,-0.));
#4545 = PCURVE('',#2030,#4546);
#4546 = DEFINITIONAL_REPRESENTATION('',(#4547),#4550);
#4547 = B_SPLINE_CURVE_WITH_KNOTS('',1,(#4548,#4549),.UNSPECIFIED.,.F.,
  .F.,(2,2),(4.712388980385,6.28318530718),.PIECEWISE_BEZIER_KNOTS.);
#4548 = CARTESIAN_POINT('',(1.570796326795,2.85));
#4549 = CARTESIAN_POINT('',(0.,2.85));
#4550 = ( GEOMETRIC_REPRESENTATION_CONTEXT(2) 
PARAMETRIC_REPRESENTATION_CONTEXT() REPRESENTATION_CONTEXT('2D SPACE',''
  ) );
#4551 = PCURVE('',#2206,#4552);
#4552 = DEFINITIONAL_REPRESENTATION('',(#4553),#4556);
#4553 = B_SPLINE_CURVE_WITH_KNOTS('',1,(#4554,#4555),.UNSPECIFIED.,.F.,
  .F.,(2,2),(4.712388980385,6.28318530718),.PIECEWISE_BEZIER_KNOTS.);
#4554 = CARTESIAN_POINT('',(-1.570796326795,-1.570796326795));
#4555 = CARTESIAN_POINT('',(-1.570796326795,0.));
#4556 = ( GEOMETRIC_REPRESENTATION_CONTEXT(2) 
PARAMETRIC_REPRESENTATION_CONTEXT() REPRESENTATION_CONTEXT('2D SPACE',''
  ) );
#4557 = ORIENTED_EDGE('',*,*,#2014,.F.);
#4558 = ADVANCED_FACE('',(#4559),#2086,.F.);
#4559 = FACE_BOUND('',#4560,.T.);
#4560 = EDGE_LOOP('',(#4561,#4562,#4582));
#4561 = ORIENTED_EDGE('',*,*,#4490,.F.);
#4562 = ORIENTED_EDGE('',*,*,#4563,.T.);
#4563 = EDGE_CURVE('',#4463,#2070,#4564,.T.);
#4564 = SURFACE_CURVE('',#4565,(#4570,#4576),.PCURVE_S1.);
#4565 = CIRCLE('',#4566,1.65);
#4566 = AXIS2_PLACEMENT_3D('',#4567,#4568,#4569);
#4567 = CARTESIAN_POINT('',(-8.35,5.E-02,13.65));
#4568 = DIRECTION('',(1.,2.832769448824E-16,-0.));
#4569 = DIRECTION('',(-2.832769448824E-16,1.,0.));
#4570 = PCURVE('',#2086,#4571);
#4571 = DEFINITIONAL_REPRESENTATION('',(#4572),#4575);
#4572 = B_SPLINE_CURVE_WITH_KNOTS('',1,(#4573,#4574),.UNSPECIFIED.,.F.,
  .F.,(2,2),(4.712388980385,6.28318530718),.PIECEWISE_BEZIER_KNOTS.);
#4573 = CARTESIAN_POINT('',(-1.570796326795,-1.570796326795));
#4574 = CARTESIAN_POINT('',(-1.570796326795,0.));
#4575 = ( GEOMETRIC_REPRESENTATION_CONTEXT(2) 
PARAMETRIC_REPRESENTATION_CONTEXT() REPRESENTATION_CONTEXT('2D SPACE',''
  ) );
#4576 = PCURVE('',#2239,#4577);
#4577 = DEFINITIONAL_REPRESENTATION('',(#4578),#4581);
#4578 = B_SPLINE_CURVE_WITH_KNOTS('',1,(#4579,#4580),.UNSPECIFIED.,.F.,
  .F.,(2,2),(4.712388980385,6.28318530718),.PIECEWISE_BEZIER_KNOTS.);
#4579 = CARTESIAN_POINT('',(-1.570796326795,1.65));
#4580 = CARTESIAN_POINT('',(0.,1.65));
#4581 = ( GEOMETRIC_REPRESENTATION_CONTEXT(2) 
PARAMETRIC_REPRESENTATION_CONTEXT() REPRESENTATION_CONTEXT('2D SPACE',''
  ) );
#4582 = ORIENTED_EDGE('',*,*,#2069,.F.);
#4583 = ADVANCED_FACE('',(#4584),#2206,.F.);
#4584 = FACE_BOUND('',#4585,.T.);
#4585 = EDGE_LOOP('',(#4586,#4613,#4614,#4615,#4616));
#4586 = ORIENTED_EDGE('',*,*,#4587,.F.);
#4587 = EDGE_CURVE('',#4516,#4588,#4590,.T.);
#4588 = VERTEX_POINT('',#4589);
#4589 = CARTESIAN_POINT('',(-6.584314575051,-5.E-02,12.1));
#4590 = SURFACE_CURVE('',#4591,(#4596,#4602),.PCURVE_S1.);
#4591 = CIRCLE('',#4592,1.65);
#4592 = AXIS2_PLACEMENT_3D('',#4593,#4594,#4595);
#4593 = CARTESIAN_POINT('',(-7.15,-5.E-02,13.65));
#4594 = DIRECTION('',(0.,-1.,0.));
#4595 = DIRECTION('',(1.,0.,0.));
#4596 = PCURVE('',#2206,#4597);
#4597 = DEFINITIONAL_REPRESENTATION('',(#4598),#4601);
#4598 = B_SPLINE_CURVE_WITH_KNOTS('',1,(#4599,#4600),.UNSPECIFIED.,.F.,
  .F.,(2,2),(4.712388980385,6.28318530718),.PIECEWISE_BEZIER_KNOTS.);
#4599 = CARTESIAN_POINT('',(0.,-1.570796326795));
#4600 = CARTESIAN_POINT('',(0.,0.));
#4601 = ( GEOMETRIC_REPRESENTATION_CONTEXT(2) 
PARAMETRIC_REPRESENTATION_CONTEXT() REPRESENTATION_CONTEXT('2D SPACE',''
  ) );
#4602 = PCURVE('',#4603,#4608);
#4603 = CYLINDRICAL_SURFACE('',#4604,1.65);
#4604 = AXIS2_PLACEMENT_3D('',#4605,#4606,#4607);
#4605 = CARTESIAN_POINT('',(-7.15,-1.7,13.65));
#4606 = DIRECTION('',(-0.,1.,0.));
#4607 = DIRECTION('',(1.,0.,-0.));
#4608 = DEFINITIONAL_REPRESENTATION('',(#4609),#4612);
#4609 = B_SPLINE_CURVE_WITH_KNOTS('',1,(#4610,#4611),.UNSPECIFIED.,.F.,
  .F.,(2,2),(4.712388980385,6.28318530718),.PIECEWISE_BEZIER_KNOTS.);
#4610 = CARTESIAN_POINT('',(1.570796326795,1.65));
#4611 = CARTESIAN_POINT('',(0.,1.65));
#4612 = ( GEOMETRIC_REPRESENTATION_CONTEXT(2) 
PARAMETRIC_REPRESENTATION_CONTEXT() REPRESENTATION_CONTEXT('2D SPACE',''
  ) );
#4613 = ORIENTED_EDGE('',*,*,#4538,.T.);
#4614 = ORIENTED_EDGE('',*,*,#2191,.F.);
#4615 = ORIENTED_EDGE('',*,*,#3865,.F.);
#4616 = ORIENTED_EDGE('',*,*,#4617,.T.);
#4617 = EDGE_CURVE('',#3866,#4588,#4618,.T.);
#4618 = SURFACE_CURVE('',#4619,(#4624,#4631),.PCURVE_S1.);
#4619 = CIRCLE('',#4620,0.565685424949);
#4620 = AXIS2_PLACEMENT_3D('',#4621,#4622,#4623);
#4621 = CARTESIAN_POINT('',(-7.15,-5.E-02,12.1));
#4622 = DIRECTION('',(0.,0.,1.));
#4623 = DIRECTION('',(1.,0.,-0.));
#4624 = PCURVE('',#2206,#4625);
#4625 = DEFINITIONAL_REPRESENTATION('',(#4626),#4630);
#4626 = LINE('',#4627,#4628);
#4627 = CARTESIAN_POINT('',(-6.28318530718,-1.220858235464));
#4628 = VECTOR('',#4629,1.);
#4629 = DIRECTION('',(1.,-0.));
#4630 = ( GEOMETRIC_REPRESENTATION_CONTEXT(2) 
PARAMETRIC_REPRESENTATION_CONTEXT() REPRESENTATION_CONTEXT('2D SPACE',''
  ) );
#4631 = PCURVE('',#3593,#4632);
#4632 = DEFINITIONAL_REPRESENTATION('',(#4633),#4637);
#4633 = CIRCLE('',#4634,0.565685424949);
#4634 = AXIS2_PLACEMENT_2D('',#4635,#4636);
#4635 = CARTESIAN_POINT('',(-7.15,-5.E-02));
#4636 = DIRECTION('',(1.,0.));
#4637 = ( GEOMETRIC_REPRESENTATION_CONTEXT(2) 
PARAMETRIC_REPRESENTATION_CONTEXT() REPRESENTATION_CONTEXT('2D SPACE',''
  ) );
#4638 = ADVANCED_FACE('',(#4639),#2239,.F.);
#4639 = FACE_BOUND('',#4640,.T.);
#4640 = EDGE_LOOP('',(#4641,#4642,#4665,#4685));
#4641 = ORIENTED_EDGE('',*,*,#4563,.F.);
#4642 = ORIENTED_EDGE('',*,*,#4643,.T.);
#4643 = EDGE_CURVE('',#4463,#4644,#4646,.T.);
#4644 = VERTEX_POINT('',#4645);
#4645 = CARTESIAN_POINT('',(-7.15,5.E-02,12.));
#4646 = SURFACE_CURVE('',#4647,(#4651,#4658),.PCURVE_S1.);
#4647 = LINE('',#4648,#4649);
#4648 = CARTESIAN_POINT('',(-10.,5.E-02,12.));
#4649 = VECTOR('',#4650,1.);
#4650 = DIRECTION('',(1.,0.,-0.));
#4651 = PCURVE('',#2239,#4652);
#4652 = DEFINITIONAL_REPRESENTATION('',(#4653),#4657);
#4653 = LINE('',#4654,#4655);
#4654 = CARTESIAN_POINT('',(-1.570796326795,0.));
#4655 = VECTOR('',#4656,1.);
#4656 = DIRECTION('',(-0.,1.));
#4657 = ( GEOMETRIC_REPRESENTATION_CONTEXT(2) 
PARAMETRIC_REPRESENTATION_CONTEXT() REPRESENTATION_CONTEXT('2D SPACE',''
  ) );
#4658 = PCURVE('',#4478,#4659);
#4659 = DEFINITIONAL_REPRESENTATION('',(#4660),#4664);
#4660 = LINE('',#4661,#4662);
#4661 = CARTESIAN_POINT('',(0.,1.75));
#4662 = VECTOR('',#4663,1.);
#4663 = DIRECTION('',(1.,0.));
#4664 = ( GEOMETRIC_REPRESENTATION_CONTEXT(2) 
PARAMETRIC_REPRESENTATION_CONTEXT() REPRESENTATION_CONTEXT('2D SPACE',''
  ) );
#4665 = ORIENTED_EDGE('',*,*,#4666,.T.);
#4666 = EDGE_CURVE('',#4644,#2224,#4667,.T.);
#4667 = SURFACE_CURVE('',#4668,(#4673,#4679),.PCURVE_S1.);
#4668 = CIRCLE('',#4669,1.65);
#4669 = AXIS2_PLACEMENT_3D('',#4670,#4671,#4672);
#4670 = CARTESIAN_POINT('',(-7.15,5.E-02,13.65));
#4671 = DIRECTION('',(1.,-2.832769448824E-16,0.));
#4672 = DIRECTION('',(2.832769448824E-16,1.,0.));
#4673 = PCURVE('',#2239,#4674);
#4674 = DEFINITIONAL_REPRESENTATION('',(#4675),#4678);
#4675 = B_SPLINE_CURVE_WITH_KNOTS('',1,(#4676,#4677),.UNSPECIFIED.,.F.,
  .F.,(2,2),(4.712388980385,6.28318530718),.PIECEWISE_BEZIER_KNOTS.);
#4676 = CARTESIAN_POINT('',(-1.570796326795,2.85));
#4677 = CARTESIAN_POINT('',(0.,2.85));
#4678 = ( GEOMETRIC_REPRESENTATION_CONTEXT(2) 
PARAMETRIC_REPRESENTATION_CONTEXT() REPRESENTATION_CONTEXT('2D SPACE',''
  ) );
#4679 = PCURVE('',#2390,#4680);
#4680 = DEFINITIONAL_REPRESENTATION('',(#4681),#4684);
#4681 = B_SPLINE_CURVE_WITH_KNOTS('',1,(#4682,#4683),.UNSPECIFIED.,.F.,
  .F.,(2,2),(4.712388980385,6.28318530718),.PIECEWISE_BEZIER_KNOTS.);
#4682 = CARTESIAN_POINT('',(1.570796326795,-1.570796326795));
#4683 = CARTESIAN_POINT('',(1.570796326795,0.));
#4684 = ( GEOMETRIC_REPRESENTATION_CONTEXT(2) 
PARAMETRIC_REPRESENTATION_CONTEXT() REPRESENTATION_CONTEXT('2D SPACE',''
  ) );
#4685 = ORIENTED_EDGE('',*,*,#2223,.F.);
#4686 = ADVANCED_FACE('',(#4687),#2390,.F.);
#4687 = FACE_BOUND('',#4688,.F.);
#4688 = EDGE_LOOP('',(#4689,#4711,#4712,#4713,#4763));
#4689 = ORIENTED_EDGE('',*,*,#4690,.F.);
#4690 = EDGE_CURVE('',#4644,#4691,#4693,.T.);
#4691 = VERTEX_POINT('',#4692);
#4692 = CARTESIAN_POINT('',(-6.584314575051,5.E-02,12.1));
#4693 = SURFACE_CURVE('',#4694,(#4699,#4705),.PCURVE_S1.);
#4694 = CIRCLE('',#4695,1.65);
#4695 = AXIS2_PLACEMENT_3D('',#4696,#4697,#4698);
#4696 = CARTESIAN_POINT('',(-7.15,5.E-02,13.65));
#4697 = DIRECTION('',(0.,-1.,0.));
#4698 = DIRECTION('',(1.,0.,0.));
#4699 = PCURVE('',#2390,#4700);
#4700 = DEFINITIONAL_REPRESENTATION('',(#4701),#4704);
#4701 = B_SPLINE_CURVE_WITH_KNOTS('',1,(#4702,#4703),.UNSPECIFIED.,.F.,
  .F.,(2,2),(4.712388980385,6.28318530718),.PIECEWISE_BEZIER_KNOTS.);
#4702 = CARTESIAN_POINT('',(0.,-1.570796326795));
#4703 = CARTESIAN_POINT('',(0.,0.));
#4704 = ( GEOMETRIC_REPRESENTATION_CONTEXT(2) 
PARAMETRIC_REPRESENTATION_CONTEXT() REPRESENTATION_CONTEXT('2D SPACE',''
  ) );
#4705 = PCURVE('',#4603,#4706);
#4706 = DEFINITIONAL_REPRESENTATION('',(#4707),#4710);
#4707 = B_SPLINE_CURVE_WITH_KNOTS('',1,(#4708,#4709),.UNSPECIFIED.,.F.,
  .F.,(2,2),(4.712388980385,6.28318530718),.PIECEWISE_BEZIER_KNOTS.);
#4708 = CARTESIAN_POINT('',(1.570796326795,1.75));
#4709 = CARTESIAN_POINT('',(0.,1.75));
#4710 = ( GEOMETRIC_REPRESENTATION_CONTEXT(2) 
PARAMETRIC_REPRESENTATION_CONTEXT() REPRESENTATION_CONTEXT('2D SPACE',''
  ) );
#4711 = ORIENTED_EDGE('',*,*,#4666,.T.);
#4712 = ORIENTED_EDGE('',*,*,#2375,.F.);
#4713 = ORIENTED_EDGE('',*,*,#4714,.T.);
#4714 = EDGE_CURVE('',#2350,#4715,#4717,.T.);
#4715 = VERTEX_POINT('',#4716);
#4716 = CARTESIAN_POINT('',(-6.975258601896,0.588019928803,12.1));
#4717 = SURFACE_CURVE('',#4718,(#4733,#4753),.PCURVE_S1.);
#4718 = B_SPLINE_CURVE_WITH_KNOTS('',5,(#4719,#4720,#4721,#4722,#4723,
    #4724,#4725,#4726,#4727,#4728,#4729,#4730,#4731,#4732),
  .UNSPECIFIED.,.F.,.F.,(6,4,4,6),(0.,0.624134995949,0.762589351687,1.),
  .UNSPECIFIED.);
#4719 = CARTESIAN_POINT('',(-6.799738498142,1.662394765656,13.65));
#4720 = CARTESIAN_POINT('',(-6.799738498142,1.662394765656,
    13.397356628214));
#4721 = CARTESIAN_POINT('',(-6.811195786256,1.615384958361,
    13.145378863694));
#4722 = CARTESIAN_POINT('',(-6.834169038956,1.521985612255,
    12.905909339717));
#4723 = CARTESIAN_POINT('',(-6.863739019645,1.3854585602,12.690522882896
    ));
#4724 = CARTESIAN_POINT('',(-6.900681965701,1.175621041242,
    12.468288438712));
#4725 = CARTESIAN_POINT('',(-6.907423684373,1.13578763892,
    12.429584336166));
#4726 = CARTESIAN_POINT('',(-6.914136249684,1.094302318568,
    12.392624422119));
#4727 = CARTESIAN_POINT('',(-6.920757025941,1.051258403233,
    12.357500988137));
#4728 = CARTESIAN_POINT('',(-6.938313924122,0.930454319239,
    12.267366334095));
#4729 = CARTESIAN_POINT('',(-6.94895549901,0.849867258638,
    12.216080204235));
#4730 = CARTESIAN_POINT('',(-6.958831120964,0.765521139806,
    12.170873463326));
#4731 = CARTESIAN_POINT('',(-6.967672053033,0.678013975129,
    12.132092969551));
#4732 = CARTESIAN_POINT('',(-6.975258743732,0.588018246305,12.0999994));
#4733 = PCURVE('',#2390,#4734);
#4734 = DEFINITIONAL_REPRESENTATION('',(#4735),#4752);
#4735 = B_SPLINE_CURVE_WITH_KNOTS('',8,(#4736,#4737,#4738,#4739,#4740,
    #4741,#4742,#4743,#4744,#4745,#4746,#4747,#4748,#4749,#4750,#4751),
  .UNSPECIFIED.,.F.,.F.,(9,7,9),(0.,0.5,1.),.UNSPECIFIED.);
#4736 = CARTESIAN_POINT('',(1.35688908916,0.));
#4737 = CARTESIAN_POINT('',(1.35688908916,-7.666470195519E-02));
#4738 = CARTESIAN_POINT('',(1.357067298873,-0.153238103095));
#4739 = CARTESIAN_POINT('',(1.357405639942,-0.229744758873));
#4740 = CARTESIAN_POINT('',(1.357869679938,-0.306211460067));
#4741 = CARTESIAN_POINT('',(1.358375747169,-0.382662755159));
#4742 = CARTESIAN_POINT('',(1.358758045494,-0.459116472723));
#4743 = CARTESIAN_POINT('',(1.358735769139,-0.535579243808));
#4744 = CARTESIAN_POINT('',(1.357024665879,-0.688504804847));
#4745 = CARTESIAN_POINT('',(1.355284193547,-0.764967123015));
#4746 = CARTESIAN_POINT('',(1.352520708581,-0.841419424572));
#4747 = CARTESIAN_POINT('',(1.346712620832,-0.917758542895));
#4748 = CARTESIAN_POINT('',(1.339819540811,-0.994183115301));
#4749 = CARTESIAN_POINT('',(1.324726944572,-1.070244568118));
#4750 = CARTESIAN_POINT('',(1.30465458205,-1.146181047511));
#4751 = CARTESIAN_POINT('',(1.25675721859,-1.220859296125));
#4752 = ( GEOMETRIC_REPRESENTATION_CONTEXT(2) 
PARAMETRIC_REPRESENTATION_CONTEXT() REPRESENTATION_CONTEXT('2D SPACE',''
  ) );
#4753 = PCURVE('',#2364,#4754);
#4754 = DEFINITIONAL_REPRESENTATION('',(#4755),#4762);
#4755 = B_SPLINE_CURVE_WITH_KNOTS('',5,(#4756,#4757,#4758,#4759,#4760,
    #4761),.UNSPECIFIED.,.F.,.F.,(6,6),(0.,1.),
  .PIECEWISE_BEZIER_KNOTS.);
#4756 = CARTESIAN_POINT('',(2.901816730013,1.55));
#4757 = CARTESIAN_POINT('',(2.901816730013,1.145210373677));
#4758 = CARTESIAN_POINT('',(2.919532936741,0.742246506406));
#4759 = CARTESIAN_POINT('',(2.954807989493,0.388976650899));
#4760 = CARTESIAN_POINT('',(3.003145714861,0.135181076893));
#4761 = CARTESIAN_POINT('',(3.057490938747,-5.999999999062E-07));
#4762 = ( GEOMETRIC_REPRESENTATION_CONTEXT(2) 
PARAMETRIC_REPRESENTATION_CONTEXT() REPRESENTATION_CONTEXT('2D SPACE',''
  ) );
#4763 = ORIENTED_EDGE('',*,*,#4764,.F.);
#4764 = EDGE_CURVE('',#4691,#4715,#4765,.T.);
#4765 = SURFACE_CURVE('',#4766,(#4771,#4778),.PCURVE_S1.);
#4766 = CIRCLE('',#4767,0.565685424949);
#4767 = AXIS2_PLACEMENT_3D('',#4768,#4769,#4770);
#4768 = CARTESIAN_POINT('',(-7.15,5.E-02,12.1));
#4769 = DIRECTION('',(0.,0.,1.));
#4770 = DIRECTION('',(1.,0.,-0.));
#4771 = PCURVE('',#2390,#4772);
#4772 = DEFINITIONAL_REPRESENTATION('',(#4773),#4777);
#4773 = LINE('',#4774,#4775);
#4774 = CARTESIAN_POINT('',(0.,-1.220858235464));
#4775 = VECTOR('',#4776,1.);
#4776 = DIRECTION('',(1.,0.));
#4777 = ( GEOMETRIC_REPRESENTATION_CONTEXT(2) 
PARAMETRIC_REPRESENTATION_CONTEXT() REPRESENTATION_CONTEXT('2D SPACE',''
  ) );
#4778 = PCURVE('',#3593,#4779);
#4779 = DEFINITIONAL_REPRESENTATION('',(#4780),#4784);
#4780 = CIRCLE('',#4781,0.565685424949);
#4781 = AXIS2_PLACEMENT_2D('',#4782,#4783);
#4782 = CARTESIAN_POINT('',(-7.15,5.E-02));
#4783 = DIRECTION('',(1.,0.));
#4784 = ( GEOMETRIC_REPRESENTATION_CONTEXT(2) 
PARAMETRIC_REPRESENTATION_CONTEXT() REPRESENTATION_CONTEXT('2D SPACE',''
  ) );
#4785 = ADVANCED_FACE('',(#4786),#2364,.F.);
#4786 = FACE_BOUND('',#4787,.F.);
#4787 = EDGE_LOOP('',(#4788,#4789,#4790,#4900,#4922,#4923));
#4788 = ORIENTED_EDGE('',*,*,#3782,.F.);
#4789 = ORIENTED_EDGE('',*,*,#3060,.F.);
#4790 = ORIENTED_EDGE('',*,*,#4791,.F.);
#4791 = EDGE_CURVE('',#4792,#3032,#4794,.T.);
#4792 = VERTEX_POINT('',#4793);
#4793 = CARTESIAN_POINT('',(-0.588019928803,6.975258601896,12.1));
#4794 = SURFACE_CURVE('',#4795,(#4828,#4864),.PCURVE_S1.);
#4795 = B_SPLINE_CURVE_WITH_KNOTS('',7,(#4796,#4797,#4798,#4799,#4800,
    #4801,#4802,#4803,#4804,#4805,#4806,#4807,#4808,#4809,#4810,#4811,
    #4812,#4813,#4814,#4815,#4816,#4817,#4818,#4819,#4820,#4821,#4822,
    #4823,#4824,#4825,#4826,#4827),.UNSPECIFIED.,.F.,.F.,(8,6,6,6,6,8),(
    0.,8.409745147857E-02,0.217364675965,0.395969820823,0.5697650768,1.)
  ,.UNSPECIFIED.);
#4796 = CARTESIAN_POINT('',(-0.588018246305,6.975258743732,12.0999994));
#4797 = CARTESIAN_POINT('',(-0.613311978811,6.973126467816,
    12.109019452107));
#4798 = CARTESIAN_POINT('',(-0.638587582238,6.97088793812,
    12.118591430963));
#4799 = CARTESIAN_POINT('',(-0.663746831131,6.968551629271,
    12.128693037787));
#4800 = CARTESIAN_POINT('',(-0.688714865924,6.966126432517,
    12.139299338977));
#4801 = CARTESIAN_POINT('',(-0.713437653438,6.963621033533,
    12.15038567071));
#4802 = CARTESIAN_POINT('',(-0.737879447378,6.961043290231,
    12.161930543532));
#4803 = CARTESIAN_POINT('',(-0.800275600811,6.954210234496,
    12.192915649903));
#4804 = CARTESIAN_POINT('',(-0.837756836315,6.949857316112,
    12.21301639913));
#4805 = CARTESIAN_POINT('',(-0.874372197209,6.945368385213,
    12.234150205932));
#4806 = CARTESIAN_POINT('',(-0.910061527352,6.940770523394,
    12.256246429786));
#4807 = CARTESIAN_POINT('',(-0.94478786661,6.936089096343,
    12.279238910188));
#4808 = CARTESIAN_POINT('',(-0.978531693957,6.931347023444,
    12.303069489495));
#4809 = CARTESIAN_POINT('',(-1.055187680226,6.920155145527,
    12.360687716799));
#4810 = CARTESIAN_POINT('',(-1.097300957583,6.913675023324,
    12.395095311413));
#4811 = CARTESIAN_POINT('',(-1.137604496681,6.907174893868,
    12.43078801468));
#4812 = CARTESIAN_POINT('',(-1.176091205627,6.900701492973,
    12.467648746363));
#4813 = CARTESIAN_POINT('',(-1.212766114187,6.894296883966,
    12.505570648034));
#4814 = CARTESIAN_POINT('',(-1.247643075891,6.887998275672,
    12.544458731433));
#4815 = CARTESIAN_POINT('',(-1.312949784761,6.875844393583,
    12.622932523374));
#4816 = CARTESIAN_POINT('',(-1.343471417489,6.869982222557,
    12.662468116921));
#4817 = CARTESIAN_POINT('',(-1.372324139613,6.864282333504,
    12.702760300318));
#4818 = CARTESIAN_POINT('',(-1.399526575804,6.858771864741,
    12.743737434944));
#4819 = CARTESIAN_POINT('',(-1.425098281494,6.853474828282,
    12.785333957173));
#4820 = CARTESIAN_POINT('',(-1.449059176679,6.848412300938,
    12.827490442567));
#4821 = CARTESIAN_POINT('',(-1.526806040751,6.831696106953,
    12.975767659954));
#4822 = CARTESIAN_POINT('',(-1.572414884192,6.821342909467,
    13.084453566928));
#4823 = CARTESIAN_POINT('',(-1.608583166696,6.812815762547,
    13.195436908006));
#4824 = CARTESIAN_POINT('',(-1.635533741015,6.806305352695,
    13.308045124551));
#4825 = CARTESIAN_POINT('',(-1.653437167552,6.801928473932,
    13.421680324845));
#4826 = CARTESIAN_POINT('',(-1.662394765656,6.799738498142,
    13.535818174034));
#4827 = CARTESIAN_POINT('',(-1.662394765656,6.799738498142,13.65));
#4828 = PCURVE('',#2364,#4829);
#4829 = DEFINITIONAL_REPRESENTATION('',(#4830),#4863);
#4830 = B_SPLINE_CURVE_WITH_KNOTS('',7,(#4831,#4832,#4833,#4834,#4835,
    #4836,#4837,#4838,#4839,#4840,#4841,#4842,#4843,#4844,#4845,#4846,
    #4847,#4848,#4849,#4850,#4851,#4852,#4853,#4854,#4855,#4856,#4857,
    #4858,#4859,#4860,#4861,#4862),.UNSPECIFIED.,.F.,.F.,(8,6,6,6,6,8),(
    0.,8.409745147857E-02,0.217364675965,0.395969820823,0.5697650768,1.)
  ,.UNSPECIFIED.);
#4831 = CARTESIAN_POINT('',(1.654898041638,-6.000000123407E-07));
#4832 = CARTESIAN_POINT('',(1.658524248699,9.019452106742E-03));
#4833 = CARTESIAN_POINT('',(1.662149149774,1.859143096342E-02));
#4834 = CARTESIAN_POINT('',(1.665758739822,2.869303778682E-02));
#4835 = CARTESIAN_POINT('',(1.669342331586,3.929933897676E-02));
#4836 = CARTESIAN_POINT('',(1.672892199096,5.038567070973E-02));
#4837 = CARTESIAN_POINT('',(1.676403221158,6.193054353245E-02));
#4838 = CARTESIAN_POINT('',(1.685370247619,9.291564990255E-02));
#4839 = CARTESIAN_POINT('',(1.690760582762,0.11301639913));
#4840 = CARTESIAN_POINT('',(1.69603034367,0.134150205932));
#4841 = CARTESIAN_POINT('',(1.701170788946,0.156246429786));
#4842 = CARTESIAN_POINT('',(1.706176441665,0.179238910188));
#4843 = CARTESIAN_POINT('',(1.711044286461,0.203069489495));
#4844 = CARTESIAN_POINT('',(1.722111242573,0.260687716799));
#4845 = CARTESIAN_POINT('',(1.72819805074,0.295095311413));
#4846 = CARTESIAN_POINT('',(1.734029866217,0.33078801468));
#4847 = CARTESIAN_POINT('',(1.739604988349,0.367648746363));
#4848 = CARTESIAN_POINT('',(1.744923403957,0.405570648034));
#4849 = CARTESIAN_POINT('',(1.749986352991,0.444458731433));
#4850 = CARTESIAN_POINT('',(1.759476071458,0.522932523374));
#4851 = CARTESIAN_POINT('',(1.763915926321,0.562468116921));
#4852 = CARTESIAN_POINT('',(1.768117314784,0.602760300318));
#4853 = CARTESIAN_POINT('',(1.772082234813,0.643737434944));
#4854 = CARTESIAN_POINT('',(1.77581283945,0.685333957173));
#4855 = CARTESIAN_POINT('',(1.77931136964,0.727490442567));
#4856 = CARTESIAN_POINT('',(1.790671886672,0.875767659954));
#4857 = CARTESIAN_POINT('',(1.797352760242,0.984453566928));
#4858 = CARTESIAN_POINT('',(1.802661143624,1.095436908006));
#4859 = CARTESIAN_POINT('',(1.806621950028,1.208045124551));
#4860 = CARTESIAN_POINT('',(1.809254905267,1.321680324845));
#4861 = CARTESIAN_POINT('',(1.810572250372,1.435818174034));
#4862 = CARTESIAN_POINT('',(1.810572250372,1.55));
#4863 = ( GEOMETRIC_REPRESENTATION_CONTEXT(2) 
PARAMETRIC_REPRESENTATION_CONTEXT() REPRESENTATION_CONTEXT('2D SPACE',''
  ) );
#4864 = PCURVE('',#3048,#4865);
#4865 = DEFINITIONAL_REPRESENTATION('',(#4866),#4899);
#4866 = B_SPLINE_CURVE_WITH_KNOTS('',7,(#4867,#4868,#4869,#4870,#4871,
    #4872,#4873,#4874,#4875,#4876,#4877,#4878,#4879,#4880,#4881,#4882,
    #4883,#4884,#4885,#4886,#4887,#4888,#4889,#4890,#4891,#4892,#4893,
    #4894,#4895,#4896,#4897,#4898),.UNSPECIFIED.,.F.,.F.,(8,6,6,6,6,8),(
    0.,8.409745147857E-02,0.217364675965,0.395969820823,0.5697650768,1.)
  ,.UNSPECIFIED.);
#4867 = CARTESIAN_POINT('',(0.314039108205,-1.220859296125));
#4868 = CARTESIAN_POINT('',(0.303812001121,-1.204913899756));
#4869 = CARTESIAN_POINT('',(0.294816282246,-1.188805677933));
#4870 = CARTESIAN_POINT('',(0.286869074829,-1.172597052402));
#4871 = CARTESIAN_POINT('',(0.279817227712,-1.156335852965));
#4872 = CARTESIAN_POINT('',(0.273533458082,-1.140056625013));
#4873 = CARTESIAN_POINT('',(0.267912494226,-1.123781937066));
#4874 = CARTESIAN_POINT('',(0.254872089876,-1.081759629476));
#4875 = CARTESIAN_POINT('',(0.248325881589,-1.056049119008));
#4876 = CARTESIAN_POINT('',(0.242881904791,-1.030448158762));
#4877 = CARTESIAN_POINT('',(0.238311688665,-1.004991310871));
#4878 = CARTESIAN_POINT('',(0.234451336969,-0.979698605385));
#4879 = CARTESIAN_POINT('',(0.231172550529,-0.954579181257));
#4880 = CARTESIAN_POINT('',(0.224633472984,-0.896196916718));
#4881 = CARTESIAN_POINT('',(0.221759426857,-0.863080502553));
#4882 = CARTESIAN_POINT('',(0.219521713648,-0.830288331218));
#4883 = CARTESIAN_POINT('',(0.217772767467,-0.797817795331));
#4884 = CARTESIAN_POINT('',(0.21640901724,-0.765660515434));
#4885 = CARTESIAN_POINT('',(0.215349088543,-0.733803462732));
#4886 = CARTESIAN_POINT('',(0.213739105964,-0.671503773922));
#4887 = CARTESIAN_POINT('',(0.213175746941,-0.641048644247));
#4888 = CARTESIAN_POINT('',(0.2127877807,-0.610847914016));
#4889 = CARTESIAN_POINT('',(0.212534194843,-0.580886371335));
#4890 = CARTESIAN_POINT('',(0.212384608833,-0.551148440177));
#4891 = CARTESIAN_POINT('',(0.212315666036,-0.521617874951));
#4892 = CARTESIAN_POINT('',(0.212287026717,-0.419644440869));
#4893 = CARTESIAN_POINT('',(0.212639633857,-0.348199707443));
#4894 = CARTESIAN_POINT('',(0.213073938622,-0.277655842136));
#4895 = CARTESIAN_POINT('',(0.213474450661,-0.20778674242));
#4896 = CARTESIAN_POINT('',(0.213762484294,-0.138375531882));
#4897 = CARTESIAN_POINT('',(0.213907237635,-6.920110664618E-02));
#4898 = CARTESIAN_POINT('',(0.213907237635,0.));
#4899 = ( GEOMETRIC_REPRESENTATION_CONTEXT(2) 
PARAMETRIC_REPRESENTATION_CONTEXT() REPRESENTATION_CONTEXT('2D SPACE',''
  ) );
#4900 = ORIENTED_EDGE('',*,*,#4901,.T.);
#4901 = EDGE_CURVE('',#4792,#4715,#4902,.T.);
#4902 = SURFACE_CURVE('',#4903,(#4908,#4915),.PCURVE_S1.);
#4903 = CIRCLE('',#4904,7.);
#4904 = AXIS2_PLACEMENT_3D('',#4905,#4906,#4907);
#4905 = CARTESIAN_POINT('',(0.,0.,12.1));
#4906 = DIRECTION('',(0.,0.,1.));
#4907 = DIRECTION('',(1.,0.,-0.));
#4908 = PCURVE('',#2364,#4909);
#4909 = DEFINITIONAL_REPRESENTATION('',(#4910),#4914);
#4910 = LINE('',#4911,#4912);
#4911 = CARTESIAN_POINT('',(0.,0.));
#4912 = VECTOR('',#4913,1.);
#4913 = DIRECTION('',(1.,0.));
#4914 = ( GEOMETRIC_REPRESENTATION_CONTEXT(2) 
PARAMETRIC_REPRESENTATION_CONTEXT() REPRESENTATION_CONTEXT('2D SPACE',''
  ) );
#4915 = PCURVE('',#3593,#4916);
#4916 = DEFINITIONAL_REPRESENTATION('',(#4917),#4921);
#4917 = CIRCLE('',#4918,7.);
#4918 = AXIS2_PLACEMENT_2D('',#4919,#4920);
#4919 = CARTESIAN_POINT('',(0.,0.));
#4920 = DIRECTION('',(1.,0.));
#4921 = ( GEOMETRIC_REPRESENTATION_CONTEXT(2) 
PARAMETRIC_REPRESENTATION_CONTEXT() REPRESENTATION_CONTEXT('2D SPACE',''
  ) );
#4922 = ORIENTED_EDGE('',*,*,#4714,.F.);
#4923 = ORIENTED_EDGE('',*,*,#2349,.T.);
#4924 = ADVANCED_FACE('',(#4925),#2569,.F.);
#4925 = FACE_BOUND('',#4926,.F.);
#4926 = EDGE_LOOP('',(#4927,#4956,#4976,#4977,#4978));
#4927 = ORIENTED_EDGE('',*,*,#4928,.F.);
#4928 = EDGE_CURVE('',#4929,#4931,#4933,.T.);
#4929 = VERTEX_POINT('',#4930);
#4930 = CARTESIAN_POINT('',(7.15,-5.E-02,12.));
#4931 = VERTEX_POINT('',#4932);
#4932 = CARTESIAN_POINT('',(6.584314575051,-5.E-02,12.1));
#4933 = SURFACE_CURVE('',#4934,(#4939,#4945),.PCURVE_S1.);
#4934 = CIRCLE('',#4935,1.65);
#4935 = AXIS2_PLACEMENT_3D('',#4936,#4937,#4938);
#4936 = CARTESIAN_POINT('',(7.15,-5.E-02,13.65));
#4937 = DIRECTION('',(0.,1.,-0.));
#4938 = DIRECTION('',(-1.,0.,0.));
#4939 = PCURVE('',#2569,#4940);
#4940 = DEFINITIONAL_REPRESENTATION('',(#4941),#4944);
#4941 = B_SPLINE_CURVE_WITH_KNOTS('',1,(#4942,#4943),.UNSPECIFIED.,.F.,
  .F.,(2,2),(4.712388980385,6.28318530718),.PIECEWISE_BEZIER_KNOTS.);
#4942 = CARTESIAN_POINT('',(0.,-1.570796326795));
#4943 = CARTESIAN_POINT('',(0.,0.));
#4944 = ( GEOMETRIC_REPRESENTATION_CONTEXT(2) 
PARAMETRIC_REPRESENTATION_CONTEXT() REPRESENTATION_CONTEXT('2D SPACE',''
  ) );
#4945 = PCURVE('',#4946,#4951);
#4946 = CYLINDRICAL_SURFACE('',#4947,1.65);
#4947 = AXIS2_PLACEMENT_3D('',#4948,#4949,#4950);
#4948 = CARTESIAN_POINT('',(7.15,-1.7,13.65));
#4949 = DIRECTION('',(-0.,1.,0.));
#4950 = DIRECTION('',(-1.,-0.,0.));
#4951 = DEFINITIONAL_REPRESENTATION('',(#4952),#4955);
#4952 = B_SPLINE_CURVE_WITH_KNOTS('',1,(#4953,#4954),.UNSPECIFIED.,.F.,
  .F.,(2,2),(4.712388980385,6.28318530718),.PIECEWISE_BEZIER_KNOTS.);
#4953 = CARTESIAN_POINT('',(-1.570796326795,1.65));
#4954 = CARTESIAN_POINT('',(0.,1.65));
#4955 = ( GEOMETRIC_REPRESENTATION_CONTEXT(2) 
PARAMETRIC_REPRESENTATION_CONTEXT() REPRESENTATION_CONTEXT('2D SPACE',''
  ) );
#4956 = ORIENTED_EDGE('',*,*,#4957,.T.);
#4957 = EDGE_CURVE('',#4929,#2553,#4958,.T.);
#4958 = SURFACE_CURVE('',#4959,(#4964,#4970),.PCURVE_S1.);
#4959 = CIRCLE('',#4960,1.65);
#4960 = AXIS2_PLACEMENT_3D('',#4961,#4962,#4963);
#4961 = CARTESIAN_POINT('',(7.15,-5.E-02,13.65));
#4962 = DIRECTION('',(-1.,2.832769448824E-16,0.));
#4963 = DIRECTION('',(-2.832769448824E-16,-1.,0.));
#4964 = PCURVE('',#2569,#4965);
#4965 = DEFINITIONAL_REPRESENTATION('',(#4966),#4969);
#4966 = B_SPLINE_CURVE_WITH_KNOTS('',1,(#4967,#4968),.UNSPECIFIED.,.F.,
  .F.,(2,2),(4.712388980385,6.28318530718),.PIECEWISE_BEZIER_KNOTS.);
#4967 = CARTESIAN_POINT('',(1.570796326795,-1.570796326795));
#4968 = CARTESIAN_POINT('',(1.570796326795,0.));
#4969 = ( GEOMETRIC_REPRESENTATION_CONTEXT(2) 
PARAMETRIC_REPRESENTATION_CONTEXT() REPRESENTATION_CONTEXT('2D SPACE',''
  ) );
#4970 = PCURVE('',#2669,#4971);
#4971 = DEFINITIONAL_REPRESENTATION('',(#4972),#4975);
#4972 = B_SPLINE_CURVE_WITH_KNOTS('',1,(#4973,#4974),.UNSPECIFIED.,.F.,
  .F.,(2,2),(4.712388980385,6.28318530718),.PIECEWISE_BEZIER_KNOTS.);
#4973 = CARTESIAN_POINT('',(1.570796326795,1.65));
#4974 = CARTESIAN_POINT('',(0.,1.65));
#4975 = ( GEOMETRIC_REPRESENTATION_CONTEXT(2) 
PARAMETRIC_REPRESENTATION_CONTEXT() REPRESENTATION_CONTEXT('2D SPACE',''
  ) );
#4976 = ORIENTED_EDGE('',*,*,#2552,.F.);
#4977 = ORIENTED_EDGE('',*,*,#4312,.T.);
#4978 = ORIENTED_EDGE('',*,*,#4979,.F.);
#4979 = EDGE_CURVE('',#4931,#4289,#4980,.T.);
#4980 = SURFACE_CURVE('',#4981,(#4986,#4993),.PCURVE_S1.);
#4981 = CIRCLE('',#4982,0.565685424949);
#4982 = AXIS2_PLACEMENT_3D('',#4983,#4984,#4985);
#4983 = CARTESIAN_POINT('',(7.15,-5.E-02,12.1));
#4984 = DIRECTION('',(0.,0.,1.));
#4985 = DIRECTION('',(-1.,0.,0.));
#4986 = PCURVE('',#2569,#4987);
#4987 = DEFINITIONAL_REPRESENTATION('',(#4988),#4992);
#4988 = LINE('',#4989,#4990);
#4989 = CARTESIAN_POINT('',(0.,-1.220858235464));
#4990 = VECTOR('',#4991,1.);
#4991 = DIRECTION('',(1.,0.));
#4992 = ( GEOMETRIC_REPRESENTATION_CONTEXT(2) 
PARAMETRIC_REPRESENTATION_CONTEXT() REPRESENTATION_CONTEXT('2D SPACE',''
  ) );
#4993 = PCURVE('',#3593,#4994);
#4994 = DEFINITIONAL_REPRESENTATION('',(#4995),#4999);
#4995 = CIRCLE('',#4996,0.565685424949);
#4996 = AXIS2_PLACEMENT_2D('',#4997,#4998);
#4997 = CARTESIAN_POINT('',(7.15,-5.E-02));
#4998 = DIRECTION('',(-1.,0.));
#4999 = ( GEOMETRIC_REPRESENTATION_CONTEXT(2) 
PARAMETRIC_REPRESENTATION_CONTEXT() REPRESENTATION_CONTEXT('2D SPACE',''
  ) );
#5000 = ADVANCED_FACE('',(#5001),#2669,.F.);
#5001 = FACE_BOUND('',#5002,.F.);
#5002 = EDGE_LOOP('',(#5003,#5004,#5032,#5052));
#5003 = ORIENTED_EDGE('',*,*,#4957,.F.);
#5004 = ORIENTED_EDGE('',*,*,#5005,.T.);
#5005 = EDGE_CURVE('',#4929,#5006,#5008,.T.);
#5006 = VERTEX_POINT('',#5007);
#5007 = CARTESIAN_POINT('',(8.35,-5.E-02,12.));
#5008 = SURFACE_CURVE('',#5009,(#5013,#5020),.PCURVE_S1.);
#5009 = LINE('',#5010,#5011);
#5010 = CARTESIAN_POINT('',(5.5,-5.E-02,12.));
#5011 = VECTOR('',#5012,1.);
#5012 = DIRECTION('',(1.,0.,-0.));
#5013 = PCURVE('',#2669,#5014);
#5014 = DEFINITIONAL_REPRESENTATION('',(#5015),#5019);
#5015 = LINE('',#5016,#5017);
#5016 = CARTESIAN_POINT('',(1.570796326795,0.));
#5017 = VECTOR('',#5018,1.);
#5018 = DIRECTION('',(0.,1.));
#5019 = ( GEOMETRIC_REPRESENTATION_CONTEXT(2) 
PARAMETRIC_REPRESENTATION_CONTEXT() REPRESENTATION_CONTEXT('2D SPACE',''
  ) );
#5020 = PCURVE('',#5021,#5026);
#5021 = PLANE('',#5022);
#5022 = AXIS2_PLACEMENT_3D('',#5023,#5024,#5025);
#5023 = CARTESIAN_POINT('',(5.5,-1.7,12.));
#5024 = DIRECTION('',(0.,0.,1.));
#5025 = DIRECTION('',(1.,0.,-0.));
#5026 = DEFINITIONAL_REPRESENTATION('',(#5027),#5031);
#5027 = LINE('',#5028,#5029);
#5028 = CARTESIAN_POINT('',(0.,1.65));
#5029 = VECTOR('',#5030,1.);
#5030 = DIRECTION('',(1.,0.));
#5031 = ( GEOMETRIC_REPRESENTATION_CONTEXT(2) 
PARAMETRIC_REPRESENTATION_CONTEXT() REPRESENTATION_CONTEXT('2D SPACE',''
  ) );
#5032 = ORIENTED_EDGE('',*,*,#5033,.T.);
#5033 = EDGE_CURVE('',#5006,#2654,#5034,.T.);
#5034 = SURFACE_CURVE('',#5035,(#5040,#5046),.PCURVE_S1.);
#5035 = CIRCLE('',#5036,1.65);
#5036 = AXIS2_PLACEMENT_3D('',#5037,#5038,#5039);
#5037 = CARTESIAN_POINT('',(8.35,-5.E-02,13.65));
#5038 = DIRECTION('',(-1.,-2.832769448824E-16,0.));
#5039 = DIRECTION('',(2.832769448824E-16,-1.,-0.));
#5040 = PCURVE('',#2669,#5041);
#5041 = DEFINITIONAL_REPRESENTATION('',(#5042),#5045);
#5042 = B_SPLINE_CURVE_WITH_KNOTS('',1,(#5043,#5044),.UNSPECIFIED.,.F.,
  .F.,(2,2),(4.712388980385,6.28318530718),.PIECEWISE_BEZIER_KNOTS.);
#5043 = CARTESIAN_POINT('',(1.570796326795,2.85));
#5044 = CARTESIAN_POINT('',(0.,2.85));
#5045 = ( GEOMETRIC_REPRESENTATION_CONTEXT(2) 
PARAMETRIC_REPRESENTATION_CONTEXT() REPRESENTATION_CONTEXT('2D SPACE',''
  ) );
#5046 = PCURVE('',#2850,#5047);
#5047 = DEFINITIONAL_REPRESENTATION('',(#5048),#5051);
#5048 = B_SPLINE_CURVE_WITH_KNOTS('',1,(#5049,#5050),.UNSPECIFIED.,.F.,
  .F.,(2,2),(4.712388980385,6.28318530718),.PIECEWISE_BEZIER_KNOTS.);
#5049 = CARTESIAN_POINT('',(-1.570796326795,-1.570796326795));
#5050 = CARTESIAN_POINT('',(-1.570796326795,0.));
#5051 = ( GEOMETRIC_REPRESENTATION_CONTEXT(2) 
PARAMETRIC_REPRESENTATION_CONTEXT() REPRESENTATION_CONTEXT('2D SPACE',''
  ) );
#5052 = ORIENTED_EDGE('',*,*,#2653,.F.);
#5053 = ADVANCED_FACE('',(#5054),#2775,.F.);
#5054 = FACE_BOUND('',#5055,.T.);
#5055 = EDGE_LOOP('',(#5056,#5080,#5100,#5101,#5160));
#5056 = ORIENTED_EDGE('',*,*,#5057,.F.);
#5057 = EDGE_CURVE('',#5058,#5060,#5062,.T.);
#5058 = VERTEX_POINT('',#5059);
#5059 = CARTESIAN_POINT('',(7.15,5.E-02,12.));
#5060 = VERTEX_POINT('',#5061);
#5061 = CARTESIAN_POINT('',(6.584314575051,5.E-02,12.1));
#5062 = SURFACE_CURVE('',#5063,(#5068,#5074),.PCURVE_S1.);
#5063 = CIRCLE('',#5064,1.65);
#5064 = AXIS2_PLACEMENT_3D('',#5065,#5066,#5067);
#5065 = CARTESIAN_POINT('',(7.15,5.E-02,13.65));
#5066 = DIRECTION('',(0.,1.,-0.));
#5067 = DIRECTION('',(-1.,0.,0.));
#5068 = PCURVE('',#2775,#5069);
#5069 = DEFINITIONAL_REPRESENTATION('',(#5070),#5073);
#5070 = B_SPLINE_CURVE_WITH_KNOTS('',1,(#5071,#5072),.UNSPECIFIED.,.F.,
  .F.,(2,2),(4.712388980385,6.28318530718),.PIECEWISE_BEZIER_KNOTS.);
#5071 = CARTESIAN_POINT('',(0.,-1.570796326795));
#5072 = CARTESIAN_POINT('',(0.,0.));
#5073 = ( GEOMETRIC_REPRESENTATION_CONTEXT(2) 
PARAMETRIC_REPRESENTATION_CONTEXT() REPRESENTATION_CONTEXT('2D SPACE',''
  ) );
#5074 = PCURVE('',#4946,#5075);
#5075 = DEFINITIONAL_REPRESENTATION('',(#5076),#5079);
#5076 = B_SPLINE_CURVE_WITH_KNOTS('',1,(#5077,#5078),.UNSPECIFIED.,.F.,
  .F.,(2,2),(4.712388980385,6.28318530718),.PIECEWISE_BEZIER_KNOTS.);
#5077 = CARTESIAN_POINT('',(-1.570796326795,1.75));
#5078 = CARTESIAN_POINT('',(0.,1.75));
#5079 = ( GEOMETRIC_REPRESENTATION_CONTEXT(2) 
PARAMETRIC_REPRESENTATION_CONTEXT() REPRESENTATION_CONTEXT('2D SPACE',''
  ) );
#5080 = ORIENTED_EDGE('',*,*,#5081,.T.);
#5081 = EDGE_CURVE('',#5058,#2759,#5082,.T.);
#5082 = SURFACE_CURVE('',#5083,(#5088,#5094),.PCURVE_S1.);
#5083 = CIRCLE('',#5084,1.65);
#5084 = AXIS2_PLACEMENT_3D('',#5085,#5086,#5087);
#5085 = CARTESIAN_POINT('',(7.15,5.E-02,13.65));
#5086 = DIRECTION('',(1.,2.832769448824E-16,-0.));
#5087 = DIRECTION('',(-2.832769448824E-16,1.,0.));
#5088 = PCURVE('',#2775,#5089);
#5089 = DEFINITIONAL_REPRESENTATION('',(#5090),#5093);
#5090 = B_SPLINE_CURVE_WITH_KNOTS('',1,(#5091,#5092),.UNSPECIFIED.,.F.,
  .F.,(2,2),(4.712388980385,6.28318530718),.PIECEWISE_BEZIER_KNOTS.);
#5091 = CARTESIAN_POINT('',(-1.570796326795,-1.570796326795));
#5092 = CARTESIAN_POINT('',(-1.570796326795,0.));
#5093 = ( GEOMETRIC_REPRESENTATION_CONTEXT(2) 
PARAMETRIC_REPRESENTATION_CONTEXT() REPRESENTATION_CONTEXT('2D SPACE',''
  ) );
#5094 = PCURVE('',#2883,#5095);
#5095 = DEFINITIONAL_REPRESENTATION('',(#5096),#5099);
#5096 = B_SPLINE_CURVE_WITH_KNOTS('',1,(#5097,#5098),.UNSPECIFIED.,.F.,
  .F.,(2,2),(4.712388980385,6.28318530718),.PIECEWISE_BEZIER_KNOTS.);
#5097 = CARTESIAN_POINT('',(-1.570796326795,1.65));
#5098 = CARTESIAN_POINT('',(0.,1.65));
#5099 = ( GEOMETRIC_REPRESENTATION_CONTEXT(2) 
PARAMETRIC_REPRESENTATION_CONTEXT() REPRESENTATION_CONTEXT('2D SPACE',''
  ) );
#5100 = ORIENTED_EDGE('',*,*,#2758,.F.);
#5101 = ORIENTED_EDGE('',*,*,#5102,.F.);
#5102 = EDGE_CURVE('',#5103,#2733,#5105,.T.);
#5103 = VERTEX_POINT('',#5104);
#5104 = CARTESIAN_POINT('',(6.975258601896,0.588019928803,12.1));
#5105 = SURFACE_CURVE('',#5106,(#5130,#5150),.PCURVE_S1.);
#5106 = B_SPLINE_CURVE_WITH_KNOTS('',4,(#5107,#5108,#5109,#5110,#5111,
    #5112,#5113,#5114,#5115,#5116,#5117,#5118,#5119,#5120,#5121,#5122,
    #5123,#5124,#5125,#5126,#5127,#5128,#5129),.UNSPECIFIED.,.F.,.F.,(5,
    3,3,3,3,3,3,5),(0.,0.122183865212,0.237813583092,0.376820786202,
    0.475311690376,0.59870501272,0.776399500338,1.),.UNSPECIFIED.);
#5107 = CARTESIAN_POINT('',(6.975258743732,0.588018246305,12.0999994));
#5108 = CARTESIAN_POINT('',(6.970376695751,0.645930646266,12.12065166495
    ));
#5109 = CARTESIAN_POINT('',(6.964941564585,0.702743459743,
    12.144257070206));
#5110 = CARTESIAN_POINT('',(6.959025840263,0.758228175879,
    12.170727910201));
#5111 = CARTESIAN_POINT('',(6.94675897586,0.863239411788,12.227592969913
    ));
#5112 = CARTESIAN_POINT('',(6.940447956578,0.912926074333,12.25770075231
    ));
#5113 = CARTESIAN_POINT('',(6.933869825504,0.961068297603,
    12.290165702164));
#5114 = CARTESIAN_POINT('',(6.918992803474,1.063354343866,
    12.366577796902));
#5115 = CARTESIAN_POINT('',(6.910614421965,1.116743846376,
    12.411519619152));
#5116 = CARTESIAN_POINT('',(6.902135369917,1.167424160227,
    12.459474792525));
#5117 = CARTESIAN_POINT('',(6.887751687945,1.249022555439,
    12.546123824619));
#5118 = CARTESIAN_POINT('',(6.881816814954,1.281395249147,
    12.583443200102));
#5119 = CARTESIAN_POINT('',(6.875968926601,1.312226379729,
    12.622058652923));
#5120 = CARTESIAN_POINT('',(6.863112846355,1.378068905965,
    12.711752369016));
#5121 = CARTESIAN_POINT('',(6.85618490001,1.412166274995,12.763513229398
    ));
#5122 = CARTESIAN_POINT('',(6.849585506817,1.443620874171,
    12.816962266441));
#5123 = CARTESIAN_POINT('',(6.834509823302,1.513692449201,
    12.950988981861));
#5124 = CARTESIAN_POINT('',(6.82648457979,1.549370011132,13.033154936591
    ));
#5125 = CARTESIAN_POINT('',(6.819609246509,1.579087538045,
    13.117760122861));
#5126 = CARTESIAN_POINT('',(6.807074126076,1.632382450718,
    13.312793946153));
#5127 = CARTESIAN_POINT('',(6.80218512796,1.652390613584,13.424250870036
    ));
#5128 = CARTESIAN_POINT('',(6.799738498142,1.662394765656,
    13.537126142801));
#5129 = CARTESIAN_POINT('',(6.799738498142,1.662394765656,13.65));
#5130 = PCURVE('',#2775,#5131);
#5131 = DEFINITIONAL_REPRESENTATION('',(#5132),#5149);
#5132 = B_SPLINE_CURVE_WITH_KNOTS('',8,(#5133,#5134,#5135,#5136,#5137,
    #5138,#5139,#5140,#5141,#5142,#5143,#5144,#5145,#5146,#5147,#5148),
  .UNSPECIFIED.,.F.,.F.,(9,7,9),(0.,0.5,1.),.UNSPECIFIED.);
#5133 = CARTESIAN_POINT('',(-1.25675721859,-1.220859296125));
#5134 = CARTESIAN_POINT('',(-1.304668478768,-1.146159380711));
#5135 = CARTESIAN_POINT('',(-1.324744958766,-1.07020425598));
#5136 = CARTESIAN_POINT('',(-1.339816228999,-0.994105400392));
#5137 = CARTESIAN_POINT('',(-1.346737359038,-0.917688759196));
#5138 = CARTESIAN_POINT('',(-1.352520116578,-0.841300898769));
#5139 = CARTESIAN_POINT('',(-1.355290397535,-0.764827420851));
#5140 = CARTESIAN_POINT('',(-1.357029310954,-0.688354136643));
#5141 = CARTESIAN_POINT('',(-1.358736688411,-0.535391543036));
#5142 = CARTESIAN_POINT('',(-1.358754920837,-0.458905103606));
#5143 = CARTESIAN_POINT('',(-1.358371986798,-0.382419653099));
#5144 = CARTESIAN_POINT('',(-1.35786860864,-0.305936510139));
#5145 = CARTESIAN_POINT('',(-1.357407634964,-0.229454235173));
#5146 = CARTESIAN_POINT('',(-1.357069734362,-0.152970685233));
#5147 = CARTESIAN_POINT('',(-1.35688908916,-7.648506868912E-02));
#5148 = CARTESIAN_POINT('',(-1.35688908916,0.));
#5149 = ( GEOMETRIC_REPRESENTATION_CONTEXT(2) 
PARAMETRIC_REPRESENTATION_CONTEXT() REPRESENTATION_CONTEXT('2D SPACE',''
  ) );
#5150 = PCURVE('',#2747,#5151);
#5151 = DEFINITIONAL_REPRESENTATION('',(#5152),#5159);
#5152 = B_SPLINE_CURVE_WITH_KNOTS('',5,(#5153,#5154,#5155,#5156,#5157,
    #5158),.UNSPECIFIED.,.F.,.F.,(6,6),(0.,1.),
  .PIECEWISE_BEZIER_KNOTS.);
#5153 = CARTESIAN_POINT('',(8.410171484312E-02,-5.999999999062E-07));
#5154 = CARTESIAN_POINT('',(0.138462706199,0.135220297875));
#5155 = CARTESIAN_POINT('',(0.186799162062,0.389183246693));
#5156 = CARTESIAN_POINT('',(0.222118491509,0.742283674232));
#5157 = CARTESIAN_POINT('',(0.239775923577,1.146158837321));
#5158 = CARTESIAN_POINT('',(0.239775923577,1.55));
#5159 = ( GEOMETRIC_REPRESENTATION_CONTEXT(2) 
PARAMETRIC_REPRESENTATION_CONTEXT() REPRESENTATION_CONTEXT('2D SPACE',''
  ) );
#5160 = ORIENTED_EDGE('',*,*,#5161,.T.);
#5161 = EDGE_CURVE('',#5103,#5060,#5162,.T.);
#5162 = SURFACE_CURVE('',#5163,(#5168,#5175),.PCURVE_S1.);
#5163 = CIRCLE('',#5164,0.565685424949);
#5164 = AXIS2_PLACEMENT_3D('',#5165,#5166,#5167);
#5165 = CARTESIAN_POINT('',(7.15,5.E-02,12.1));
#5166 = DIRECTION('',(0.,0.,1.));
#5167 = DIRECTION('',(-1.,0.,0.));
#5168 = PCURVE('',#2775,#5169);
#5169 = DEFINITIONAL_REPRESENTATION('',(#5170),#5174);
#5170 = LINE('',#5171,#5172);
#5171 = CARTESIAN_POINT('',(-6.28318530718,-1.220858235464));
#5172 = VECTOR('',#5173,1.);
#5173 = DIRECTION('',(1.,-0.));
#5174 = ( GEOMETRIC_REPRESENTATION_CONTEXT(2) 
PARAMETRIC_REPRESENTATION_CONTEXT() REPRESENTATION_CONTEXT('2D SPACE',''
  ) );
#5175 = PCURVE('',#3593,#5176);
#5176 = DEFINITIONAL_REPRESENTATION('',(#5177),#5181);
#5177 = CIRCLE('',#5178,0.565685424949);
#5178 = AXIS2_PLACEMENT_2D('',#5179,#5180);
#5179 = CARTESIAN_POINT('',(7.15,5.E-02));
#5180 = DIRECTION('',(-1.,0.));
#5181 = ( GEOMETRIC_REPRESENTATION_CONTEXT(2) 
PARAMETRIC_REPRESENTATION_CONTEXT() REPRESENTATION_CONTEXT('2D SPACE',''
  ) );
#5182 = ADVANCED_FACE('',(#5183),#2747,.F.);
#5183 = FACE_BOUND('',#5184,.F.);
#5184 = EDGE_LOOP('',(#5185,#5186,#5187,#5188,#5212,#5314));
#5185 = ORIENTED_EDGE('',*,*,#3757,.F.);
#5186 = ORIENTED_EDGE('',*,*,#2732,.F.);
#5187 = ORIENTED_EDGE('',*,*,#5102,.F.);
#5188 = ORIENTED_EDGE('',*,*,#5189,.T.);
#5189 = EDGE_CURVE('',#5103,#5190,#5192,.T.);
#5190 = VERTEX_POINT('',#5191);
#5191 = CARTESIAN_POINT('',(0.588019928803,6.975258601896,12.1));
#5192 = SURFACE_CURVE('',#5193,(#5198,#5205),.PCURVE_S1.);
#5193 = CIRCLE('',#5194,7.);
#5194 = AXIS2_PLACEMENT_3D('',#5195,#5196,#5197);
#5195 = CARTESIAN_POINT('',(0.,0.,12.1));
#5196 = DIRECTION('',(0.,0.,1.));
#5197 = DIRECTION('',(1.,0.,-0.));
#5198 = PCURVE('',#2747,#5199);
#5199 = DEFINITIONAL_REPRESENTATION('',(#5200),#5204);
#5200 = LINE('',#5201,#5202);
#5201 = CARTESIAN_POINT('',(0.,0.));
#5202 = VECTOR('',#5203,1.);
#5203 = DIRECTION('',(1.,0.));
#5204 = ( GEOMETRIC_REPRESENTATION_CONTEXT(2) 
PARAMETRIC_REPRESENTATION_CONTEXT() REPRESENTATION_CONTEXT('2D SPACE',''
  ) );
#5205 = PCURVE('',#3593,#5206);
#5206 = DEFINITIONAL_REPRESENTATION('',(#5207),#5211);
#5207 = CIRCLE('',#5208,7.);
#5208 = AXIS2_PLACEMENT_2D('',#5209,#5210);
#5209 = CARTESIAN_POINT('',(0.,0.));
#5210 = DIRECTION('',(1.,0.));
#5211 = ( GEOMETRIC_REPRESENTATION_CONTEXT(2) 
PARAMETRIC_REPRESENTATION_CONTEXT() REPRESENTATION_CONTEXT('2D SPACE',''
  ) );
#5212 = ORIENTED_EDGE('',*,*,#5213,.F.);
#5213 = EDGE_CURVE('',#3310,#5190,#5214,.T.);
#5214 = SURFACE_CURVE('',#5215,(#5246,#5280),.PCURVE_S1.);
#5215 = B_SPLINE_CURVE_WITH_KNOTS('',8,(#5216,#5217,#5218,#5219,#5220,
    #5221,#5222,#5223,#5224,#5225,#5226,#5227,#5228,#5229,#5230,#5231,
    #5232,#5233,#5234,#5235,#5236,#5237,#5238,#5239,#5240,#5241,#5242,
    #5243,#5244,#5245),.UNSPECIFIED.,.F.,.F.,(9,7,7,7,9),(0.,
    0.60353277916,0.781504383726,0.91537081914,1.),.UNSPECIFIED.);
#5216 = CARTESIAN_POINT('',(1.662394765656,6.799738498142,13.65));
#5217 = CARTESIAN_POINT('',(1.662394765656,6.799738498142,
    13.509574663158));
#5218 = CARTESIAN_POINT('',(1.649122648865,6.802983171534,
    13.369533818675));
#5219 = CARTESIAN_POINT('',(1.622705709434,6.809441840155,
    13.230413143359));
#5220 = CARTESIAN_POINT('',(1.582907569238,6.819017507461,
    13.093013863223));
#5221 = CARTESIAN_POINT('',(1.529368390741,6.831499329183,
    12.958361280367));
#5222 = CARTESIAN_POINT('',(1.46161961029,6.846515624362,12.827739395875
    ));
#5223 = CARTESIAN_POINT('',(1.379177815123,6.863509354288,
    12.702665966108));
#5224 = CARTESIAN_POINT('',(1.252566196827,6.887084876819,
    12.550330118115));
#5225 = CARTESIAN_POINT('',(1.222409085244,6.892557386244,
    12.516296413542));
#5226 = CARTESIAN_POINT('',(1.190915679989,6.898113349761,
    12.482970948017));
#5227 = CARTESIAN_POINT('',(1.158076616004,6.903730346444,
    12.450410759998));
#5228 = CARTESIAN_POINT('',(1.123886519392,6.909383612487,
    12.418678878196));
#5229 = CARTESIAN_POINT('',(1.088345134607,6.915046039669,
    12.387843764024));
#5230 = CARTESIAN_POINT('',(1.051458605573,6.920688307566,
    12.357978667931));
#5231 = CARTESIAN_POINT('',(0.984494377825,6.930484461265,
    12.307484790562));
#5232 = CARTESIAN_POINT('',(0.954999948345,6.934659914898,
    12.286405163585));
#5233 = CARTESIAN_POINT('',(0.924760767572,6.938792692908,
    12.265952125358));
#5234 = CARTESIAN_POINT('',(0.893787182004,6.942868641394,
    12.246161100609));
#5235 = CARTESIAN_POINT('',(0.862097913459,6.946872341854,
    12.227071881955));
#5236 = CARTESIAN_POINT('',(0.829721903883,6.950787319331,
    12.208727424644));
#5237 = CARTESIAN_POINT('',(0.796700830852,6.954596386891,
    12.191172386252));
#5238 = CARTESIAN_POINT('',(0.741845272732,6.960612218516,
    12.163880558304));
#5239 = CARTESIAN_POINT('',(0.720369031168,6.962892398478,
    12.153645845133));
#5240 = CARTESIAN_POINT('',(0.698676134082,6.965118596241,
    12.143757041792));
#5241 = CARTESIAN_POINT('',(0.676787170622,6.967285997887,
    12.134227038402));
#5242 = CARTESIAN_POINT('',(0.654731735593,6.969389285184,12.1250707268)
  );
#5243 = CARTESIAN_POINT('',(0.632549410995,6.971422875099,
    12.116303882118));
#5244 = CARTESIAN_POINT('',(0.610290747563,6.973381159314,
    12.107942044362));
#5245 = CARTESIAN_POINT('',(0.588018246305,6.975258743732,12.0999994));
#5246 = PCURVE('',#2747,#5247);
#5247 = DEFINITIONAL_REPRESENTATION('',(#5248),#5279);
#5248 = B_SPLINE_CURVE_WITH_KNOTS('',8,(#5249,#5250,#5251,#5252,#5253,
    #5254,#5255,#5256,#5257,#5258,#5259,#5260,#5261,#5262,#5263,#5264,
    #5265,#5266,#5267,#5268,#5269,#5270,#5271,#5272,#5273,#5274,#5275,
    #5276,#5277,#5278),.UNSPECIFIED.,.F.,.F.,(9,7,7,7,9),(0.,
    0.60353277916,0.781504383726,0.91537081914,1.),.UNSPECIFIED.);
#5249 = CARTESIAN_POINT('',(1.331020403218,1.55));
#5250 = CARTESIAN_POINT('',(1.331020403218,1.409574663158));
#5251 = CARTESIAN_POINT('',(1.332972259025,1.269533818675));
#5252 = CARTESIAN_POINT('',(1.336857256217,1.130413143359));
#5253 = CARTESIAN_POINT('',(1.342704927706,0.993013863223));
#5254 = CARTESIAN_POINT('',(1.350558026703,0.858361280367));
#5255 = CARTESIAN_POINT('',(1.360469941307,0.727739395875));
#5256 = CARTESIAN_POINT('',(1.37249273296,0.602665966108));
#5257 = CARTESIAN_POINT('',(1.390890995495,0.450330118115));
#5258 = CARTESIAN_POINT('',(1.395269467853,0.416296413542));
#5259 = CARTESIAN_POINT('',(1.399837908253,0.382970948017));
#5260 = CARTESIAN_POINT('',(1.404597199646,0.350410759998));
#5261 = CARTESIAN_POINT('',(1.409547655269,0.318678878196));
#5262 = CARTESIAN_POINT('',(1.41468886969,0.287843764024));
#5263 = CARTESIAN_POINT('',(1.420019550726,0.257978667931));
#5264 = CARTESIAN_POINT('',(1.429687689463,0.207484790562));
#5265 = CARTESIAN_POINT('',(1.433943146372,0.186405163585));
#5266 = CARTESIAN_POINT('',(1.43830310259,0.165952125358));
#5267 = CARTESIAN_POINT('',(1.442765934478,0.146161100609));
#5268 = CARTESIAN_POINT('',(1.447328834574,0.127071881955));
#5269 = CARTESIAN_POINT('',(1.4519875554,0.108727424644));
#5270 = CARTESIAN_POINT('',(1.456736057624,9.117238625162E-02));
#5271 = CARTESIAN_POINT('',(1.464619549142,6.388055830377E-02));
#5272 = CARTESIAN_POINT('',(1.467704809352,5.36458451329E-02));
#5273 = CARTESIAN_POINT('',(1.47082003795,4.375704179176E-02));
#5274 = CARTESIAN_POINT('',(1.473962284049,3.422703840222E-02));
#5275 = CARTESIAN_POINT('',(1.477127313331,2.507072680039E-02));
#5276 = CARTESIAN_POINT('',(1.480309470256,1.63038821178E-02));
#5277 = CARTESIAN_POINT('',(1.483501540257,7.942044362468E-03));
#5278 = CARTESIAN_POINT('',(1.486694611952,-6.E-07));
#5279 = ( GEOMETRIC_REPRESENTATION_CONTEXT(2) 
PARAMETRIC_REPRESENTATION_CONTEXT() REPRESENTATION_CONTEXT('2D SPACE',''
  ) );
#5280 = PCURVE('',#3326,#5281);
#5281 = DEFINITIONAL_REPRESENTATION('',(#5282),#5313);
#5282 = B_SPLINE_CURVE_WITH_KNOTS('',8,(#5283,#5284,#5285,#5286,#5287,
    #5288,#5289,#5290,#5291,#5292,#5293,#5294,#5295,#5296,#5297,#5298,
    #5299,#5300,#5301,#5302,#5303,#5304,#5305,#5306,#5307,#5308,#5309,
    #5310,#5311,#5312),.UNSPECIFIED.,.F.,.F.,(9,7,7,7,9),(0.,
    0.60353277916,0.781504383726,0.91537081914,1.),.UNSPECIFIED.);
#5283 = CARTESIAN_POINT('',(-0.213907237635,0.));
#5284 = CARTESIAN_POINT('',(-0.213907237635,-8.510626475259E-02));
#5285 = CARTESIAN_POINT('',(-0.2136970914,-0.169979768148));
#5286 = CARTESIAN_POINT('',(-0.21325661807,-0.255233634543));
#5287 = CARTESIAN_POINT('',(-0.212710837306,-0.34130450592));
#5288 = CARTESIAN_POINT('',(-0.212095068943,-0.428578270502));
#5289 = CARTESIAN_POINT('',(-0.211798223959,-0.517426895684));
#5290 = CARTESIAN_POINT('',(-0.212116488993,-0.608253748889));
#5291 = CARTESIAN_POINT('',(-0.215224792347,-0.729127780555));
#5292 = CARTESIAN_POINT('',(-0.216113674777,-0.756864276664));
#5293 = CARTESIAN_POINT('',(-0.217220500877,-0.784821915468));
#5294 = CARTESIAN_POINT('',(-0.218592715338,-0.813009408929));
#5295 = CARTESIAN_POINT('',(-0.220288583663,-0.841433133732));
#5296 = CARTESIAN_POINT('',(-0.222382594525,-0.870096921178));
#5297 = CARTESIAN_POINT('',(-0.224975974765,-0.899001454508));
#5298 = CARTESIAN_POINT('',(-0.230646624424,-0.950063126919));
#5299 = CARTESIAN_POINT('',(-0.233444508858,-0.972113223707));
#5300 = CARTESIAN_POINT('',(-0.236666817607,-0.994294520629));
#5301 = CARTESIAN_POINT('',(-0.240390170803,-1.016602686218));
#5302 = CARTESIAN_POINT('',(-0.244708556404,-1.039027965384));
#5303 = CARTESIAN_POINT('',(-0.24974120379,-1.06155421535));
#5304 = CARTESIAN_POINT('',(-0.255646735954,-1.084157113099));
#5305 = CARTESIAN_POINT('',(-0.267066956262,-1.121117137885));
#5306 = CARTESIAN_POINT('',(-0.271925491848,-1.135445595681));
#5307 = CARTESIAN_POINT('',(-0.277274412283,-1.149779445143));
#5308 = CARTESIAN_POINT('',(-0.283178178539,-1.164105784658));
#5309 = CARTESIAN_POINT('',(-0.28971201154,-1.178405767345));
#5310 = CARTESIAN_POINT('',(-0.296963396383,-1.192654094844));
#5311 = CARTESIAN_POINT('',(-0.305033586567,-1.206818511096));
#5312 = CARTESIAN_POINT('',(-0.314039108205,-1.220859296125));
#5313 = ( GEOMETRIC_REPRESENTATION_CONTEXT(2) 
PARAMETRIC_REPRESENTATION_CONTEXT() REPRESENTATION_CONTEXT('2D SPACE',''
  ) );
#5314 = ORIENTED_EDGE('',*,*,#3338,.T.);
#5315 = ADVANCED_FACE('',(#5316),#2850,.F.);
#5316 = FACE_BOUND('',#5317,.T.);
#5317 = EDGE_LOOP('',(#5318,#5338,#5339));
#5318 = ORIENTED_EDGE('',*,*,#5319,.F.);
#5319 = EDGE_CURVE('',#5006,#2813,#5320,.T.);
#5320 = SURFACE_CURVE('',#5321,(#5326,#5332),.PCURVE_S1.);
#5321 = CIRCLE('',#5322,1.65);
#5322 = AXIS2_PLACEMENT_3D('',#5323,#5324,#5325);
#5323 = CARTESIAN_POINT('',(8.35,-5.E-02,13.65));
#5324 = DIRECTION('',(0.,-1.,0.));
#5325 = DIRECTION('',(1.,0.,0.));
#5326 = PCURVE('',#2850,#5327);
#5327 = DEFINITIONAL_REPRESENTATION('',(#5328),#5331);
#5328 = B_SPLINE_CURVE_WITH_KNOTS('',1,(#5329,#5330),.UNSPECIFIED.,.F.,
  .F.,(2,2),(4.712388980385,6.28318530718),.PIECEWISE_BEZIER_KNOTS.);
#5329 = CARTESIAN_POINT('',(0.,-1.570796326795));
#5330 = CARTESIAN_POINT('',(0.,0.));
#5331 = ( GEOMETRIC_REPRESENTATION_CONTEXT(2) 
PARAMETRIC_REPRESENTATION_CONTEXT() REPRESENTATION_CONTEXT('2D SPACE',''
  ) );
#5332 = PCURVE('',#2938,#5333);
#5333 = DEFINITIONAL_REPRESENTATION('',(#5334),#5337);
#5334 = B_SPLINE_CURVE_WITH_KNOTS('',1,(#5335,#5336),.UNSPECIFIED.,.F.,
  .F.,(2,2),(4.712388980385,6.28318530718),.PIECEWISE_BEZIER_KNOTS.);
#5335 = CARTESIAN_POINT('',(1.570796326795,1.65));
#5336 = CARTESIAN_POINT('',(0.,1.65));
#5337 = ( GEOMETRIC_REPRESENTATION_CONTEXT(2) 
PARAMETRIC_REPRESENTATION_CONTEXT() REPRESENTATION_CONTEXT('2D SPACE',''
  ) );
#5338 = ORIENTED_EDGE('',*,*,#5033,.T.);
#5339 = ORIENTED_EDGE('',*,*,#2835,.F.);
#5340 = ADVANCED_FACE('',(#5341),#2883,.F.);
#5341 = FACE_BOUND('',#5342,.T.);
#5342 = EDGE_LOOP('',(#5343,#5344,#5367,#5387));
#5343 = ORIENTED_EDGE('',*,*,#5081,.F.);
#5344 = ORIENTED_EDGE('',*,*,#5345,.T.);
#5345 = EDGE_CURVE('',#5058,#5346,#5348,.T.);
#5346 = VERTEX_POINT('',#5347);
#5347 = CARTESIAN_POINT('',(8.35,5.E-02,12.));
#5348 = SURFACE_CURVE('',#5349,(#5353,#5360),.PCURVE_S1.);
#5349 = LINE('',#5350,#5351);
#5350 = CARTESIAN_POINT('',(5.5,5.E-02,12.));
#5351 = VECTOR('',#5352,1.);
#5352 = DIRECTION('',(1.,0.,-0.));
#5353 = PCURVE('',#2883,#5354);
#5354 = DEFINITIONAL_REPRESENTATION('',(#5355),#5359);
#5355 = LINE('',#5356,#5357);
#5356 = CARTESIAN_POINT('',(-1.570796326795,0.));
#5357 = VECTOR('',#5358,1.);
#5358 = DIRECTION('',(-0.,1.));
#5359 = ( GEOMETRIC_REPRESENTATION_CONTEXT(2) 
PARAMETRIC_REPRESENTATION_CONTEXT() REPRESENTATION_CONTEXT('2D SPACE',''
  ) );
#5360 = PCURVE('',#5021,#5361);
#5361 = DEFINITIONAL_REPRESENTATION('',(#5362),#5366);
#5362 = LINE('',#5363,#5364);
#5363 = CARTESIAN_POINT('',(0.,1.75));
#5364 = VECTOR('',#5365,1.);
#5365 = DIRECTION('',(1.,0.));
#5366 = ( GEOMETRIC_REPRESENTATION_CONTEXT(2) 
PARAMETRIC_REPRESENTATION_CONTEXT() REPRESENTATION_CONTEXT('2D SPACE',''
  ) );
#5367 = ORIENTED_EDGE('',*,*,#5368,.T.);
#5368 = EDGE_CURVE('',#5346,#2868,#5369,.T.);
#5369 = SURFACE_CURVE('',#5370,(#5375,#5381),.PCURVE_S1.);
#5370 = CIRCLE('',#5371,1.65);
#5371 = AXIS2_PLACEMENT_3D('',#5372,#5373,#5374);
#5372 = CARTESIAN_POINT('',(8.35,5.E-02,13.65));
#5373 = DIRECTION('',(1.,-2.832769448824E-16,0.));
#5374 = DIRECTION('',(2.832769448824E-16,1.,0.));
#5375 = PCURVE('',#2883,#5376);
#5376 = DEFINITIONAL_REPRESENTATION('',(#5377),#5380);
#5377 = B_SPLINE_CURVE_WITH_KNOTS('',1,(#5378,#5379),.UNSPECIFIED.,.F.,
  .F.,(2,2),(4.712388980385,6.28318530718),.PIECEWISE_BEZIER_KNOTS.);
#5378 = CARTESIAN_POINT('',(-1.570796326795,2.85));
#5379 = CARTESIAN_POINT('',(0.,2.85));
#5380 = ( GEOMETRIC_REPRESENTATION_CONTEXT(2) 
PARAMETRIC_REPRESENTATION_CONTEXT() REPRESENTATION_CONTEXT('2D SPACE',''
  ) );
#5381 = PCURVE('',#2991,#5382);
#5382 = DEFINITIONAL_REPRESENTATION('',(#5383),#5386);
#5383 = B_SPLINE_CURVE_WITH_KNOTS('',1,(#5384,#5385),.UNSPECIFIED.,.F.,
  .F.,(2,2),(4.712388980385,6.28318530718),.PIECEWISE_BEZIER_KNOTS.);
#5384 = CARTESIAN_POINT('',(1.570796326795,-1.570796326795));
#5385 = CARTESIAN_POINT('',(1.570796326795,0.));
#5386 = ( GEOMETRIC_REPRESENTATION_CONTEXT(2) 
PARAMETRIC_REPRESENTATION_CONTEXT() REPRESENTATION_CONTEXT('2D SPACE',''
  ) );
#5387 = ORIENTED_EDGE('',*,*,#2867,.F.);
#5388 = ADVANCED_FACE('',(#5389),#2938,.F.);
#5389 = FACE_BOUND('',#5390,.F.);
#5390 = EDGE_LOOP('',(#5391,#5392,#5413,#5433));
#5391 = ORIENTED_EDGE('',*,*,#5319,.F.);
#5392 = ORIENTED_EDGE('',*,*,#5393,.T.);
#5393 = EDGE_CURVE('',#5006,#5346,#5394,.T.);
#5394 = SURFACE_CURVE('',#5395,(#5399,#5406),.PCURVE_S1.);
#5395 = LINE('',#5396,#5397);
#5396 = CARTESIAN_POINT('',(8.35,-1.7,12.));
#5397 = VECTOR('',#5398,1.);
#5398 = DIRECTION('',(-0.,1.,0.));
#5399 = PCURVE('',#2938,#5400);
#5400 = DEFINITIONAL_REPRESENTATION('',(#5401),#5405);
#5401 = LINE('',#5402,#5403);
#5402 = CARTESIAN_POINT('',(1.570796326795,0.));
#5403 = VECTOR('',#5404,1.);
#5404 = DIRECTION('',(0.,1.));
#5405 = ( GEOMETRIC_REPRESENTATION_CONTEXT(2) 
PARAMETRIC_REPRESENTATION_CONTEXT() REPRESENTATION_CONTEXT('2D SPACE',''
  ) );
#5406 = PCURVE('',#5021,#5407);
#5407 = DEFINITIONAL_REPRESENTATION('',(#5408),#5412);
#5408 = LINE('',#5409,#5410);
#5409 = CARTESIAN_POINT('',(2.85,0.));
#5410 = VECTOR('',#5411,1.);
#5411 = DIRECTION('',(0.,1.));
#5412 = ( GEOMETRIC_REPRESENTATION_CONTEXT(2) 
PARAMETRIC_REPRESENTATION_CONTEXT() REPRESENTATION_CONTEXT('2D SPACE',''
  ) );
#5413 = ORIENTED_EDGE('',*,*,#5414,.T.);
#5414 = EDGE_CURVE('',#5346,#2923,#5415,.T.);
#5415 = SURFACE_CURVE('',#5416,(#5421,#5427),.PCURVE_S1.);
#5416 = CIRCLE('',#5417,1.65);
#5417 = AXIS2_PLACEMENT_3D('',#5418,#5419,#5420);
#5418 = CARTESIAN_POINT('',(8.35,5.E-02,13.65));
#5419 = DIRECTION('',(0.,-1.,0.));
#5420 = DIRECTION('',(1.,0.,0.));
#5421 = PCURVE('',#2938,#5422);
#5422 = DEFINITIONAL_REPRESENTATION('',(#5423),#5426);
#5423 = B_SPLINE_CURVE_WITH_KNOTS('',1,(#5424,#5425),.UNSPECIFIED.,.F.,
  .F.,(2,2),(4.712388980385,6.28318530718),.PIECEWISE_BEZIER_KNOTS.);
#5424 = CARTESIAN_POINT('',(1.570796326795,1.75));
#5425 = CARTESIAN_POINT('',(0.,1.75));
#5426 = ( GEOMETRIC_REPRESENTATION_CONTEXT(2) 
PARAMETRIC_REPRESENTATION_CONTEXT() REPRESENTATION_CONTEXT('2D SPACE',''
  ) );
#5427 = PCURVE('',#2991,#5428);
#5428 = DEFINITIONAL_REPRESENTATION('',(#5429),#5432);
#5429 = B_SPLINE_CURVE_WITH_KNOTS('',1,(#5430,#5431),.UNSPECIFIED.,.F.,
  .F.,(2,2),(4.712388980385,6.28318530718),.PIECEWISE_BEZIER_KNOTS.);
#5430 = CARTESIAN_POINT('',(0.,-1.570796326795));
#5431 = CARTESIAN_POINT('',(0.,0.));
#5432 = ( GEOMETRIC_REPRESENTATION_CONTEXT(2) 
PARAMETRIC_REPRESENTATION_CONTEXT() REPRESENTATION_CONTEXT('2D SPACE',''
  ) );
#5433 = ORIENTED_EDGE('',*,*,#2922,.F.);
#5434 = ADVANCED_FACE('',(#5435),#2991,.F.);
#5435 = FACE_BOUND('',#5436,.F.);
#5436 = EDGE_LOOP('',(#5437,#5438,#5439));
#5437 = ORIENTED_EDGE('',*,*,#5414,.F.);
#5438 = ORIENTED_EDGE('',*,*,#5368,.T.);
#5439 = ORIENTED_EDGE('',*,*,#2976,.F.);
#5440 = ADVANCED_FACE('',(#5441),#3048,.F.);
#5441 = FACE_BOUND('',#5442,.F.);
#5442 = EDGE_LOOP('',(#5443,#5465,#5492,#5514,#5515));
#5443 = ORIENTED_EDGE('',*,*,#5444,.F.);
#5444 = EDGE_CURVE('',#5445,#3009,#5447,.T.);
#5445 = VERTEX_POINT('',#5446);
#5446 = CARTESIAN_POINT('',(-5.E-02,7.15,12.));
#5447 = SURFACE_CURVE('',#5448,(#5453,#5459),.PCURVE_S1.);
#5448 = CIRCLE('',#5449,1.65);
#5449 = AXIS2_PLACEMENT_3D('',#5450,#5451,#5452);
#5450 = CARTESIAN_POINT('',(-5.E-02,7.15,13.65));
#5451 = DIRECTION('',(0.,1.,-0.));
#5452 = DIRECTION('',(-1.,0.,0.));
#5453 = PCURVE('',#3048,#5454);
#5454 = DEFINITIONAL_REPRESENTATION('',(#5455),#5458);
#5455 = B_SPLINE_CURVE_WITH_KNOTS('',1,(#5456,#5457),.UNSPECIFIED.,.F.,
  .F.,(2,2),(4.712388980385,6.28318530718),.PIECEWISE_BEZIER_KNOTS.);
#5456 = CARTESIAN_POINT('',(0.,-1.570796326795));
#5457 = CARTESIAN_POINT('',(0.,0.));
#5458 = ( GEOMETRIC_REPRESENTATION_CONTEXT(2) 
PARAMETRIC_REPRESENTATION_CONTEXT() REPRESENTATION_CONTEXT('2D SPACE',''
  ) );
#5459 = PCURVE('',#3147,#5460);
#5460 = DEFINITIONAL_REPRESENTATION('',(#5461),#5464);
#5461 = B_SPLINE_CURVE_WITH_KNOTS('',1,(#5462,#5463),.UNSPECIFIED.,.F.,
  .F.,(2,2),(4.712388980385,6.28318530718),.PIECEWISE_BEZIER_KNOTS.);
#5462 = CARTESIAN_POINT('',(-1.570796326795,1.65));
#5463 = CARTESIAN_POINT('',(0.,1.65));
#5464 = ( GEOMETRIC_REPRESENTATION_CONTEXT(2) 
PARAMETRIC_REPRESENTATION_CONTEXT() REPRESENTATION_CONTEXT('2D SPACE',''
  ) );
#5465 = ORIENTED_EDGE('',*,*,#5466,.T.);
#5466 = EDGE_CURVE('',#5445,#5467,#5469,.T.);
#5467 = VERTEX_POINT('',#5468);
#5468 = CARTESIAN_POINT('',(-5.E-02,6.584314575051,12.1));
#5469 = SURFACE_CURVE('',#5470,(#5475,#5481),.PCURVE_S1.);
#5470 = CIRCLE('',#5471,1.65);
#5471 = AXIS2_PLACEMENT_3D('',#5472,#5473,#5474);
#5472 = CARTESIAN_POINT('',(-5.E-02,7.15,13.65));
#5473 = DIRECTION('',(-1.,6.123233995737E-17,0.));
#5474 = DIRECTION('',(-6.123233995737E-17,-1.,0.));
#5475 = PCURVE('',#3048,#5476);
#5476 = DEFINITIONAL_REPRESENTATION('',(#5477),#5480);
#5477 = B_SPLINE_CURVE_WITH_KNOTS('',1,(#5478,#5479),.UNSPECIFIED.,.F.,
  .F.,(2,2),(4.712388980385,6.28318530718),.PIECEWISE_BEZIER_KNOTS.);
#5478 = CARTESIAN_POINT('',(1.570796326795,-1.570796326795));
#5479 = CARTESIAN_POINT('',(1.570796326795,0.));
#5480 = ( GEOMETRIC_REPRESENTATION_CONTEXT(2) 
PARAMETRIC_REPRESENTATION_CONTEXT() REPRESENTATION_CONTEXT('2D SPACE',''
  ) );
#5481 = PCURVE('',#5482,#5487);
#5482 = CYLINDRICAL_SURFACE('',#5483,1.65);
#5483 = AXIS2_PLACEMENT_3D('',#5484,#5485,#5486);
#5484 = CARTESIAN_POINT('',(-1.7,7.15,13.65));
#5485 = DIRECTION('',(1.,0.,-0.));
#5486 = DIRECTION('',(0.,-1.,0.));
#5487 = DEFINITIONAL_REPRESENTATION('',(#5488),#5491);
#5488 = B_SPLINE_CURVE_WITH_KNOTS('',1,(#5489,#5490),.UNSPECIFIED.,.F.,
  .F.,(2,2),(4.712388980385,6.28318530718),.PIECEWISE_BEZIER_KNOTS.);
#5489 = CARTESIAN_POINT('',(1.570796326795,1.65));
#5490 = CARTESIAN_POINT('',(0.,1.65));
#5491 = ( GEOMETRIC_REPRESENTATION_CONTEXT(2) 
PARAMETRIC_REPRESENTATION_CONTEXT() REPRESENTATION_CONTEXT('2D SPACE',''
  ) );
#5492 = ORIENTED_EDGE('',*,*,#5493,.F.);
#5493 = EDGE_CURVE('',#4792,#5467,#5494,.T.);
#5494 = SURFACE_CURVE('',#5495,(#5500,#5507),.PCURVE_S1.);
#5495 = CIRCLE('',#5496,0.565685424949);
#5496 = AXIS2_PLACEMENT_3D('',#5497,#5498,#5499);
#5497 = CARTESIAN_POINT('',(-5.E-02,7.15,12.1));
#5498 = DIRECTION('',(0.,0.,1.));
#5499 = DIRECTION('',(-1.,0.,0.));
#5500 = PCURVE('',#3048,#5501);
#5501 = DEFINITIONAL_REPRESENTATION('',(#5502),#5506);
#5502 = LINE('',#5503,#5504);
#5503 = CARTESIAN_POINT('',(0.,-1.220858235464));
#5504 = VECTOR('',#5505,1.);
#5505 = DIRECTION('',(1.,0.));
#5506 = ( GEOMETRIC_REPRESENTATION_CONTEXT(2) 
PARAMETRIC_REPRESENTATION_CONTEXT() REPRESENTATION_CONTEXT('2D SPACE',''
  ) );
#5507 = PCURVE('',#3593,#5508);
#5508 = DEFINITIONAL_REPRESENTATION('',(#5509),#5513);
#5509 = CIRCLE('',#5510,0.565685424949);
#5510 = AXIS2_PLACEMENT_2D('',#5511,#5512);
#5511 = CARTESIAN_POINT('',(-5.E-02,7.15));
#5512 = DIRECTION('',(-1.,0.));
#5513 = ( GEOMETRIC_REPRESENTATION_CONTEXT(2) 
PARAMETRIC_REPRESENTATION_CONTEXT() REPRESENTATION_CONTEXT('2D SPACE',''
  ) );
#5514 = ORIENTED_EDGE('',*,*,#4791,.T.);
#5515 = ORIENTED_EDGE('',*,*,#3031,.F.);
#5516 = ADVANCED_FACE('',(#5517),#3147,.F.);
#5517 = FACE_BOUND('',#5518,.T.);
#5518 = EDGE_LOOP('',(#5519,#5520,#5548,#5568));
#5519 = ORIENTED_EDGE('',*,*,#5444,.F.);
#5520 = ORIENTED_EDGE('',*,*,#5521,.T.);
#5521 = EDGE_CURVE('',#5445,#5522,#5524,.T.);
#5522 = VERTEX_POINT('',#5523);
#5523 = CARTESIAN_POINT('',(-5.E-02,8.35,12.));
#5524 = SURFACE_CURVE('',#5525,(#5529,#5536),.PCURVE_S1.);
#5525 = LINE('',#5526,#5527);
#5526 = CARTESIAN_POINT('',(-5.E-02,5.5,12.));
#5527 = VECTOR('',#5528,1.);
#5528 = DIRECTION('',(-0.,1.,0.));
#5529 = PCURVE('',#3147,#5530);
#5530 = DEFINITIONAL_REPRESENTATION('',(#5531),#5535);
#5531 = LINE('',#5532,#5533);
#5532 = CARTESIAN_POINT('',(-1.570796326795,0.));
#5533 = VECTOR('',#5534,1.);
#5534 = DIRECTION('',(-0.,1.));
#5535 = ( GEOMETRIC_REPRESENTATION_CONTEXT(2) 
PARAMETRIC_REPRESENTATION_CONTEXT() REPRESENTATION_CONTEXT('2D SPACE',''
  ) );
#5536 = PCURVE('',#5537,#5542);
#5537 = PLANE('',#5538);
#5538 = AXIS2_PLACEMENT_3D('',#5539,#5540,#5541);
#5539 = CARTESIAN_POINT('',(-1.7,5.5,12.));
#5540 = DIRECTION('',(0.,0.,1.));
#5541 = DIRECTION('',(1.,0.,-0.));
#5542 = DEFINITIONAL_REPRESENTATION('',(#5543),#5547);
#5543 = LINE('',#5544,#5545);
#5544 = CARTESIAN_POINT('',(1.65,0.));
#5545 = VECTOR('',#5546,1.);
#5546 = DIRECTION('',(0.,1.));
#5547 = ( GEOMETRIC_REPRESENTATION_CONTEXT(2) 
PARAMETRIC_REPRESENTATION_CONTEXT() REPRESENTATION_CONTEXT('2D SPACE',''
  ) );
#5548 = ORIENTED_EDGE('',*,*,#5549,.T.);
#5549 = EDGE_CURVE('',#5522,#3132,#5550,.T.);
#5550 = SURFACE_CURVE('',#5551,(#5556,#5562),.PCURVE_S1.);
#5551 = CIRCLE('',#5552,1.65);
#5552 = AXIS2_PLACEMENT_3D('',#5553,#5554,#5555);
#5553 = CARTESIAN_POINT('',(-5.E-02,8.35,13.65));
#5554 = DIRECTION('',(-1.345724878334E-16,1.,0.));
#5555 = DIRECTION('',(-1.,-1.345724878334E-16,0.));
#5556 = PCURVE('',#3147,#5557);
#5557 = DEFINITIONAL_REPRESENTATION('',(#5558),#5561);
#5558 = B_SPLINE_CURVE_WITH_KNOTS('',1,(#5559,#5560),.UNSPECIFIED.,.F.,
  .F.,(2,2),(4.712388980385,6.28318530718),.PIECEWISE_BEZIER_KNOTS.);
#5559 = CARTESIAN_POINT('',(-1.570796326795,2.85));
#5560 = CARTESIAN_POINT('',(0.,2.85));
#5561 = ( GEOMETRIC_REPRESENTATION_CONTEXT(2) 
PARAMETRIC_REPRESENTATION_CONTEXT() REPRESENTATION_CONTEXT('2D SPACE',''
  ) );
#5562 = PCURVE('',#3249,#5563);
#5563 = DEFINITIONAL_REPRESENTATION('',(#5564),#5567);
#5564 = B_SPLINE_CURVE_WITH_KNOTS('',1,(#5565,#5566),.UNSPECIFIED.,.F.,
  .F.,(2,2),(4.712388980385,6.28318530718),.PIECEWISE_BEZIER_KNOTS.);
#5565 = CARTESIAN_POINT('',(0.,-1.570796326795));
#5566 = CARTESIAN_POINT('',(0.,0.));
#5567 = ( GEOMETRIC_REPRESENTATION_CONTEXT(2) 
PARAMETRIC_REPRESENTATION_CONTEXT() REPRESENTATION_CONTEXT('2D SPACE',''
  ) );
#5568 = ORIENTED_EDGE('',*,*,#3131,.F.);
#5569 = ADVANCED_FACE('',(#5570),#3249,.F.);
#5570 = FACE_BOUND('',#5571,.T.);
#5571 = EDGE_LOOP('',(#5572,#5573,#5593));
#5572 = ORIENTED_EDGE('',*,*,#5549,.F.);
#5573 = ORIENTED_EDGE('',*,*,#5574,.T.);
#5574 = EDGE_CURVE('',#5522,#3233,#5575,.T.);
#5575 = SURFACE_CURVE('',#5576,(#5581,#5587),.PCURVE_S1.);
#5576 = CIRCLE('',#5577,1.65);
#5577 = AXIS2_PLACEMENT_3D('',#5578,#5579,#5580);
#5578 = CARTESIAN_POINT('',(-5.E-02,8.35,13.65));
#5579 = DIRECTION('',(1.,-2.623977713431E-17,0.));
#5580 = DIRECTION('',(2.623977713431E-17,1.,0.));
#5581 = PCURVE('',#3249,#5582);
#5582 = DEFINITIONAL_REPRESENTATION('',(#5583),#5586);
#5583 = B_SPLINE_CURVE_WITH_KNOTS('',1,(#5584,#5585),.UNSPECIFIED.,.F.,
  .F.,(2,2),(4.712388980385,6.28318530718),.PIECEWISE_BEZIER_KNOTS.);
#5584 = CARTESIAN_POINT('',(-1.570796326795,-1.570796326795));
#5585 = CARTESIAN_POINT('',(-1.570796326795,0.));
#5586 = ( GEOMETRIC_REPRESENTATION_CONTEXT(2) 
PARAMETRIC_REPRESENTATION_CONTEXT() REPRESENTATION_CONTEXT('2D SPACE',''
  ) );
#5587 = PCURVE('',#3402,#5588);
#5588 = DEFINITIONAL_REPRESENTATION('',(#5589),#5592);
#5589 = B_SPLINE_CURVE_WITH_KNOTS('',1,(#5590,#5591),.UNSPECIFIED.,.F.,
  .F.,(2,2),(4.712388980385,6.28318530718),.PIECEWISE_BEZIER_KNOTS.);
#5590 = CARTESIAN_POINT('',(-1.570796326795,1.65));
#5591 = CARTESIAN_POINT('',(0.,1.65));
#5592 = ( GEOMETRIC_REPRESENTATION_CONTEXT(2) 
PARAMETRIC_REPRESENTATION_CONTEXT() REPRESENTATION_CONTEXT('2D SPACE',''
  ) );
#5593 = ORIENTED_EDGE('',*,*,#3232,.F.);
#5594 = ADVANCED_FACE('',(#5595),#3326,.F.);
#5595 = FACE_BOUND('',#5596,.T.);
#5596 = EDGE_LOOP('',(#5597,#5619,#5641,#5663,#5664));
#5597 = ORIENTED_EDGE('',*,*,#5598,.F.);
#5598 = EDGE_CURVE('',#5599,#3287,#5601,.T.);
#5599 = VERTEX_POINT('',#5600);
#5600 = CARTESIAN_POINT('',(5.E-02,7.15,12.));
#5601 = SURFACE_CURVE('',#5602,(#5607,#5613),.PCURVE_S1.);
#5602 = CIRCLE('',#5603,1.65);
#5603 = AXIS2_PLACEMENT_3D('',#5604,#5605,#5606);
#5604 = CARTESIAN_POINT('',(5.E-02,7.15,13.65));
#5605 = DIRECTION('',(0.,-1.,0.));
#5606 = DIRECTION('',(1.,0.,0.));
#5607 = PCURVE('',#3326,#5608);
#5608 = DEFINITIONAL_REPRESENTATION('',(#5609),#5612);
#5609 = B_SPLINE_CURVE_WITH_KNOTS('',1,(#5610,#5611),.UNSPECIFIED.,.F.,
  .F.,(2,2),(4.712388980385,6.28318530718),.PIECEWISE_BEZIER_KNOTS.);
#5610 = CARTESIAN_POINT('',(0.,-1.570796326795));
#5611 = CARTESIAN_POINT('',(0.,0.));
#5612 = ( GEOMETRIC_REPRESENTATION_CONTEXT(2) 
PARAMETRIC_REPRESENTATION_CONTEXT() REPRESENTATION_CONTEXT('2D SPACE',''
  ) );
#5613 = PCURVE('',#3457,#5614);
#5614 = DEFINITIONAL_REPRESENTATION('',(#5615),#5618);
#5615 = B_SPLINE_CURVE_WITH_KNOTS('',1,(#5616,#5617),.UNSPECIFIED.,.F.,
  .F.,(2,2),(4.712388980385,6.28318530718),.PIECEWISE_BEZIER_KNOTS.);
#5616 = CARTESIAN_POINT('',(1.570796326795,1.65));
#5617 = CARTESIAN_POINT('',(0.,1.65));
#5618 = ( GEOMETRIC_REPRESENTATION_CONTEXT(2) 
PARAMETRIC_REPRESENTATION_CONTEXT() REPRESENTATION_CONTEXT('2D SPACE',''
  ) );
#5619 = ORIENTED_EDGE('',*,*,#5620,.T.);
#5620 = EDGE_CURVE('',#5599,#5621,#5623,.T.);
#5621 = VERTEX_POINT('',#5622);
#5622 = CARTESIAN_POINT('',(5.E-02,6.584314575051,12.1));
#5623 = SURFACE_CURVE('',#5624,(#5629,#5635),.PCURVE_S1.);
#5624 = CIRCLE('',#5625,1.65);
#5625 = AXIS2_PLACEMENT_3D('',#5626,#5627,#5628);
#5626 = CARTESIAN_POINT('',(5.E-02,7.15,13.65));
#5627 = DIRECTION('',(-1.,-6.123233995737E-17,0.));
#5628 = DIRECTION('',(6.123233995737E-17,-1.,-0.));
#5629 = PCURVE('',#3326,#5630);
#5630 = DEFINITIONAL_REPRESENTATION('',(#5631),#5634);
#5631 = B_SPLINE_CURVE_WITH_KNOTS('',1,(#5632,#5633),.UNSPECIFIED.,.F.,
  .F.,(2,2),(4.712388980385,6.28318530718),.PIECEWISE_BEZIER_KNOTS.);
#5632 = CARTESIAN_POINT('',(-1.570796326795,-1.570796326795));
#5633 = CARTESIAN_POINT('',(-1.570796326795,0.));
#5634 = ( GEOMETRIC_REPRESENTATION_CONTEXT(2) 
PARAMETRIC_REPRESENTATION_CONTEXT() REPRESENTATION_CONTEXT('2D SPACE',''
  ) );
#5635 = PCURVE('',#5482,#5636);
#5636 = DEFINITIONAL_REPRESENTATION('',(#5637),#5640);
#5637 = B_SPLINE_CURVE_WITH_KNOTS('',1,(#5638,#5639),.UNSPECIFIED.,.F.,
  .F.,(2,2),(4.712388980385,6.28318530718),.PIECEWISE_BEZIER_KNOTS.);
#5638 = CARTESIAN_POINT('',(1.570796326795,1.75));
#5639 = CARTESIAN_POINT('',(0.,1.75));
#5640 = ( GEOMETRIC_REPRESENTATION_CONTEXT(2) 
PARAMETRIC_REPRESENTATION_CONTEXT() REPRESENTATION_CONTEXT('2D SPACE',''
  ) );
#5641 = ORIENTED_EDGE('',*,*,#5642,.T.);
#5642 = EDGE_CURVE('',#5621,#5190,#5643,.T.);
#5643 = SURFACE_CURVE('',#5644,(#5649,#5656),.PCURVE_S1.);
#5644 = CIRCLE('',#5645,0.565685424949);
#5645 = AXIS2_PLACEMENT_3D('',#5646,#5647,#5648);
#5646 = CARTESIAN_POINT('',(5.E-02,7.15,12.1));
#5647 = DIRECTION('',(0.,0.,1.));
#5648 = DIRECTION('',(1.,0.,-0.));
#5649 = PCURVE('',#3326,#5650);
#5650 = DEFINITIONAL_REPRESENTATION('',(#5651),#5655);
#5651 = LINE('',#5652,#5653);
#5652 = CARTESIAN_POINT('',(-6.28318530718,-1.220858235464));
#5653 = VECTOR('',#5654,1.);
#5654 = DIRECTION('',(1.,-0.));
#5655 = ( GEOMETRIC_REPRESENTATION_CONTEXT(2) 
PARAMETRIC_REPRESENTATION_CONTEXT() REPRESENTATION_CONTEXT('2D SPACE',''
  ) );
#5656 = PCURVE('',#3593,#5657);
#5657 = DEFINITIONAL_REPRESENTATION('',(#5658),#5662);
#5658 = CIRCLE('',#5659,0.565685424949);
#5659 = AXIS2_PLACEMENT_2D('',#5660,#5661);
#5660 = CARTESIAN_POINT('',(5.E-02,7.15));
#5661 = DIRECTION('',(1.,0.));
#5662 = ( GEOMETRIC_REPRESENTATION_CONTEXT(2) 
PARAMETRIC_REPRESENTATION_CONTEXT() REPRESENTATION_CONTEXT('2D SPACE',''
  ) );
#5663 = ORIENTED_EDGE('',*,*,#5213,.F.);
#5664 = ORIENTED_EDGE('',*,*,#3309,.F.);
#5665 = ADVANCED_FACE('',(#5666),#3402,.F.);
#5666 = FACE_BOUND('',#5667,.T.);
#5667 = EDGE_LOOP('',(#5668,#5669,#5692,#5712));
#5668 = ORIENTED_EDGE('',*,*,#5574,.F.);
#5669 = ORIENTED_EDGE('',*,*,#5670,.T.);
#5670 = EDGE_CURVE('',#5522,#5671,#5673,.T.);
#5671 = VERTEX_POINT('',#5672);
#5672 = CARTESIAN_POINT('',(5.E-02,8.35,12.));
#5673 = SURFACE_CURVE('',#5674,(#5678,#5685),.PCURVE_S1.);
#5674 = LINE('',#5675,#5676);
#5675 = CARTESIAN_POINT('',(-1.7,8.35,12.));
#5676 = VECTOR('',#5677,1.);
#5677 = DIRECTION('',(1.,0.,-0.));
#5678 = PCURVE('',#3402,#5679);
#5679 = DEFINITIONAL_REPRESENTATION('',(#5680),#5684);
#5680 = LINE('',#5681,#5682);
#5681 = CARTESIAN_POINT('',(-1.570796326795,0.));
#5682 = VECTOR('',#5683,1.);
#5683 = DIRECTION('',(-0.,1.));
#5684 = ( GEOMETRIC_REPRESENTATION_CONTEXT(2) 
PARAMETRIC_REPRESENTATION_CONTEXT() REPRESENTATION_CONTEXT('2D SPACE',''
  ) );
#5685 = PCURVE('',#5537,#5686);
#5686 = DEFINITIONAL_REPRESENTATION('',(#5687),#5691);
#5687 = LINE('',#5688,#5689);
#5688 = CARTESIAN_POINT('',(0.,2.85));
#5689 = VECTOR('',#5690,1.);
#5690 = DIRECTION('',(1.,0.));
#5691 = ( GEOMETRIC_REPRESENTATION_CONTEXT(2) 
PARAMETRIC_REPRESENTATION_CONTEXT() REPRESENTATION_CONTEXT('2D SPACE',''
  ) );
#5692 = ORIENTED_EDGE('',*,*,#5693,.T.);
#5693 = EDGE_CURVE('',#5671,#3387,#5694,.T.);
#5694 = SURFACE_CURVE('',#5695,(#5700,#5706),.PCURVE_S1.);
#5695 = CIRCLE('',#5696,1.65);
#5696 = AXIS2_PLACEMENT_3D('',#5697,#5698,#5699);
#5697 = CARTESIAN_POINT('',(5.E-02,8.35,13.65));
#5698 = DIRECTION('',(1.,2.623977713431E-17,-0.));
#5699 = DIRECTION('',(-2.623977713431E-17,1.,-0.));
#5700 = PCURVE('',#3402,#5701);
#5701 = DEFINITIONAL_REPRESENTATION('',(#5702),#5705);
#5702 = B_SPLINE_CURVE_WITH_KNOTS('',1,(#5703,#5704),.UNSPECIFIED.,.F.,
  .F.,(2,2),(4.712388980385,6.28318530718),.PIECEWISE_BEZIER_KNOTS.);
#5703 = CARTESIAN_POINT('',(-1.570796326795,1.75));
#5704 = CARTESIAN_POINT('',(0.,1.75));
#5705 = ( GEOMETRIC_REPRESENTATION_CONTEXT(2) 
PARAMETRIC_REPRESENTATION_CONTEXT() REPRESENTATION_CONTEXT('2D SPACE',''
  ) );
#5706 = PCURVE('',#3510,#5707);
#5707 = DEFINITIONAL_REPRESENTATION('',(#5708),#5711);
#5708 = B_SPLINE_CURVE_WITH_KNOTS('',1,(#5709,#5710),.UNSPECIFIED.,.F.,
  .F.,(2,2),(4.712388980385,6.28318530718),.PIECEWISE_BEZIER_KNOTS.);
#5709 = CARTESIAN_POINT('',(1.570796326795,-1.570796326795));
#5710 = CARTESIAN_POINT('',(1.570796326795,0.));
#5711 = ( GEOMETRIC_REPRESENTATION_CONTEXT(2) 
PARAMETRIC_REPRESENTATION_CONTEXT() REPRESENTATION_CONTEXT('2D SPACE',''
  ) );
#5712 = ORIENTED_EDGE('',*,*,#3386,.F.);
#5713 = ADVANCED_FACE('',(#5714),#3457,.F.);
#5714 = FACE_BOUND('',#5715,.F.);
#5715 = EDGE_LOOP('',(#5716,#5717,#5738,#5758));
#5716 = ORIENTED_EDGE('',*,*,#5598,.F.);
#5717 = ORIENTED_EDGE('',*,*,#5718,.T.);
#5718 = EDGE_CURVE('',#5599,#5671,#5719,.T.);
#5719 = SURFACE_CURVE('',#5720,(#5724,#5731),.PCURVE_S1.);
#5720 = LINE('',#5721,#5722);
#5721 = CARTESIAN_POINT('',(5.E-02,5.5,12.));
#5722 = VECTOR('',#5723,1.);
#5723 = DIRECTION('',(-0.,1.,0.));
#5724 = PCURVE('',#3457,#5725);
#5725 = DEFINITIONAL_REPRESENTATION('',(#5726),#5730);
#5726 = LINE('',#5727,#5728);
#5727 = CARTESIAN_POINT('',(1.570796326795,0.));
#5728 = VECTOR('',#5729,1.);
#5729 = DIRECTION('',(0.,1.));
#5730 = ( GEOMETRIC_REPRESENTATION_CONTEXT(2) 
PARAMETRIC_REPRESENTATION_CONTEXT() REPRESENTATION_CONTEXT('2D SPACE',''
  ) );
#5731 = PCURVE('',#5537,#5732);
#5732 = DEFINITIONAL_REPRESENTATION('',(#5733),#5737);
#5733 = LINE('',#5734,#5735);
#5734 = CARTESIAN_POINT('',(1.75,0.));
#5735 = VECTOR('',#5736,1.);
#5736 = DIRECTION('',(0.,1.));
#5737 = ( GEOMETRIC_REPRESENTATION_CONTEXT(2) 
PARAMETRIC_REPRESENTATION_CONTEXT() REPRESENTATION_CONTEXT('2D SPACE',''
  ) );
#5738 = ORIENTED_EDGE('',*,*,#5739,.T.);
#5739 = EDGE_CURVE('',#5671,#3442,#5740,.T.);
#5740 = SURFACE_CURVE('',#5741,(#5746,#5752),.PCURVE_S1.);
#5741 = CIRCLE('',#5742,1.65);
#5742 = AXIS2_PLACEMENT_3D('',#5743,#5744,#5745);
#5743 = CARTESIAN_POINT('',(5.E-02,8.35,13.65));
#5744 = DIRECTION('',(-1.345724878334E-16,-1.,0.));
#5745 = DIRECTION('',(1.,-1.345724878334E-16,0.));
#5746 = PCURVE('',#3457,#5747);
#5747 = DEFINITIONAL_REPRESENTATION('',(#5748),#5751);
#5748 = B_SPLINE_CURVE_WITH_KNOTS('',1,(#5749,#5750),.UNSPECIFIED.,.F.,
  .F.,(2,2),(4.712388980385,6.28318530718),.PIECEWISE_BEZIER_KNOTS.);
#5749 = CARTESIAN_POINT('',(1.570796326795,2.85));
#5750 = CARTESIAN_POINT('',(0.,2.85));
#5751 = ( GEOMETRIC_REPRESENTATION_CONTEXT(2) 
PARAMETRIC_REPRESENTATION_CONTEXT() REPRESENTATION_CONTEXT('2D SPACE',''
  ) );
#5752 = PCURVE('',#3510,#5753);
#5753 = DEFINITIONAL_REPRESENTATION('',(#5754),#5757);
#5754 = B_SPLINE_CURVE_WITH_KNOTS('',1,(#5755,#5756),.UNSPECIFIED.,.F.,
  .F.,(2,2),(4.712388980385,6.28318530718),.PIECEWISE_BEZIER_KNOTS.);
#5755 = CARTESIAN_POINT('',(0.,-1.570796326795));
#5756 = CARTESIAN_POINT('',(0.,0.));
#5757 = ( GEOMETRIC_REPRESENTATION_CONTEXT(2) 
PARAMETRIC_REPRESENTATION_CONTEXT() REPRESENTATION_CONTEXT('2D SPACE',''
  ) );
#5758 = ORIENTED_EDGE('',*,*,#3441,.F.);
#5759 = ADVANCED_FACE('',(#5760),#3510,.F.);
#5760 = FACE_BOUND('',#5761,.F.);
#5761 = EDGE_LOOP('',(#5762,#5763,#5764));
#5762 = ORIENTED_EDGE('',*,*,#5739,.F.);
#5763 = ORIENTED_EDGE('',*,*,#5693,.T.);
#5764 = ORIENTED_EDGE('',*,*,#3495,.F.);
#5765 = ADVANCED_FACE('',(#5766,#5856),#3593,.T.);
#5766 = FACE_BOUND('',#5767,.T.);
#5767 = EDGE_LOOP('',(#5768,#5769,#5770,#5771,#5790,#5791,#5792,#5793,
    #5812,#5813,#5814,#5815,#5834,#5835,#5836,#5837));
#5768 = ORIENTED_EDGE('',*,*,#5161,.F.);
#5769 = ORIENTED_EDGE('',*,*,#5189,.T.);
#5770 = ORIENTED_EDGE('',*,*,#5642,.F.);
#5771 = ORIENTED_EDGE('',*,*,#5772,.F.);
#5772 = EDGE_CURVE('',#5467,#5621,#5773,.T.);
#5773 = SURFACE_CURVE('',#5774,(#5778,#5784),.PCURVE_S1.);
#5774 = LINE('',#5775,#5776);
#5775 = CARTESIAN_POINT('',(-1.7,6.584314575051,12.1));
#5776 = VECTOR('',#5777,1.);
#5777 = DIRECTION('',(1.,0.,-0.));
#5778 = PCURVE('',#3593,#5779);
#5779 = DEFINITIONAL_REPRESENTATION('',(#5780),#5783);
#5780 = B_SPLINE_CURVE_WITH_KNOTS('',1,(#5781,#5782),.UNSPECIFIED.,.F.,
  .F.,(2,2),(1.6499994,1.7500006),.PIECEWISE_BEZIER_KNOTS.);
#5781 = CARTESIAN_POINT('',(-5.00006E-02,6.584314575051));
#5782 = CARTESIAN_POINT('',(5.00006E-02,6.584314575051));
#5783 = ( GEOMETRIC_REPRESENTATION_CONTEXT(2) 
PARAMETRIC_REPRESENTATION_CONTEXT() REPRESENTATION_CONTEXT('2D SPACE',''
  ) );
#5784 = PCURVE('',#5482,#5785);
#5785 = DEFINITIONAL_REPRESENTATION('',(#5786),#5789);
#5786 = B_SPLINE_CURVE_WITH_KNOTS('',1,(#5787,#5788),.UNSPECIFIED.,.F.,
  .F.,(2,2),(1.6499994,1.7500006),.PIECEWISE_BEZIER_KNOTS.);
#5787 = CARTESIAN_POINT('',(1.220858235464,1.6499994));
#5788 = CARTESIAN_POINT('',(1.220858235464,1.7500006));
#5789 = ( GEOMETRIC_REPRESENTATION_CONTEXT(2) 
PARAMETRIC_REPRESENTATION_CONTEXT() REPRESENTATION_CONTEXT('2D SPACE',''
  ) );
#5790 = ORIENTED_EDGE('',*,*,#5493,.F.);
#5791 = ORIENTED_EDGE('',*,*,#4901,.T.);
#5792 = ORIENTED_EDGE('',*,*,#4764,.F.);
#5793 = ORIENTED_EDGE('',*,*,#5794,.F.);
#5794 = EDGE_CURVE('',#4588,#4691,#5795,.T.);
#5795 = SURFACE_CURVE('',#5796,(#5800,#5806),.PCURVE_S1.);
#5796 = LINE('',#5797,#5798);
#5797 = CARTESIAN_POINT('',(-6.584314575051,-1.7,12.1));
#5798 = VECTOR('',#5799,1.);
#5799 = DIRECTION('',(-0.,1.,0.));
#5800 = PCURVE('',#3593,#5801);
#5801 = DEFINITIONAL_REPRESENTATION('',(#5802),#5805);
#5802 = B_SPLINE_CURVE_WITH_KNOTS('',1,(#5803,#5804),.UNSPECIFIED.,.F.,
  .F.,(2,2),(1.6499994,1.7500006),.PIECEWISE_BEZIER_KNOTS.);
#5803 = CARTESIAN_POINT('',(-6.584314575051,-5.00006E-02));
#5804 = CARTESIAN_POINT('',(-6.584314575051,5.00006E-02));
#5805 = ( GEOMETRIC_REPRESENTATION_CONTEXT(2) 
PARAMETRIC_REPRESENTATION_CONTEXT() REPRESENTATION_CONTEXT('2D SPACE',''
  ) );
#5806 = PCURVE('',#4603,#5807);
#5807 = DEFINITIONAL_REPRESENTATION('',(#5808),#5811);
#5808 = B_SPLINE_CURVE_WITH_KNOTS('',1,(#5809,#5810),.UNSPECIFIED.,.F.,
  .F.,(2,2),(1.6499994,1.7500006),.PIECEWISE_BEZIER_KNOTS.);
#5809 = CARTESIAN_POINT('',(1.220858235464,1.6499994));
#5810 = CARTESIAN_POINT('',(1.220858235464,1.7500006));
#5811 = ( GEOMETRIC_REPRESENTATION_CONTEXT(2) 
PARAMETRIC_REPRESENTATION_CONTEXT() REPRESENTATION_CONTEXT('2D SPACE',''
  ) );
#5812 = ORIENTED_EDGE('',*,*,#4617,.F.);
#5813 = ORIENTED_EDGE('',*,*,#3918,.T.);
#5814 = ORIENTED_EDGE('',*,*,#4075,.F.);
#5815 = ORIENTED_EDGE('',*,*,#5816,.T.);
#5816 = EDGE_CURVE('',#4049,#4367,#5817,.T.);
#5817 = SURFACE_CURVE('',#5818,(#5822,#5828),.PCURVE_S1.);
#5818 = LINE('',#5819,#5820);
#5819 = CARTESIAN_POINT('',(-1.7,-6.584314575051,12.1));
#5820 = VECTOR('',#5821,1.);
#5821 = DIRECTION('',(1.,0.,-0.));
#5822 = PCURVE('',#3593,#5823);
#5823 = DEFINITIONAL_REPRESENTATION('',(#5824),#5827);
#5824 = B_SPLINE_CURVE_WITH_KNOTS('',1,(#5825,#5826),.UNSPECIFIED.,.F.,
  .F.,(2,2),(1.6499994,1.7500006),.PIECEWISE_BEZIER_KNOTS.);
#5825 = CARTESIAN_POINT('',(-5.00006E-02,-6.584314575051));
#5826 = CARTESIAN_POINT('',(5.00006E-02,-6.584314575051));
#5827 = ( GEOMETRIC_REPRESENTATION_CONTEXT(2) 
PARAMETRIC_REPRESENTATION_CONTEXT() REPRESENTATION_CONTEXT('2D SPACE',''
  ) );
#5828 = PCURVE('',#4064,#5829);
#5829 = DEFINITIONAL_REPRESENTATION('',(#5830),#5833);
#5830 = B_SPLINE_CURVE_WITH_KNOTS('',1,(#5831,#5832),.UNSPECIFIED.,.F.,
  .F.,(2,2),(1.6499994,1.7500006),.PIECEWISE_BEZIER_KNOTS.);
#5831 = CARTESIAN_POINT('',(-1.220858235464,1.6499994));
#5832 = CARTESIAN_POINT('',(-1.220858235464,1.7500006));
#5833 = ( GEOMETRIC_REPRESENTATION_CONTEXT(2) 
PARAMETRIC_REPRESENTATION_CONTEXT() REPRESENTATION_CONTEXT('2D SPACE',''
  ) );
#5834 = ORIENTED_EDGE('',*,*,#4388,.F.);
#5835 = ORIENTED_EDGE('',*,*,#4288,.T.);
#5836 = ORIENTED_EDGE('',*,*,#4979,.F.);
#5837 = ORIENTED_EDGE('',*,*,#5838,.T.);
#5838 = EDGE_CURVE('',#4931,#5060,#5839,.T.);
#5839 = SURFACE_CURVE('',#5840,(#5844,#5850),.PCURVE_S1.);
#5840 = LINE('',#5841,#5842);
#5841 = CARTESIAN_POINT('',(6.584314575051,-1.7,12.1));
#5842 = VECTOR('',#5843,1.);
#5843 = DIRECTION('',(-0.,1.,0.));
#5844 = PCURVE('',#3593,#5845);
#5845 = DEFINITIONAL_REPRESENTATION('',(#5846),#5849);
#5846 = B_SPLINE_CURVE_WITH_KNOTS('',1,(#5847,#5848),.UNSPECIFIED.,.F.,
  .F.,(2,2),(1.6499994,1.7500006),.PIECEWISE_BEZIER_KNOTS.);
#5847 = CARTESIAN_POINT('',(6.584314575051,-5.00006E-02));
#5848 = CARTESIAN_POINT('',(6.584314575051,5.00006E-02));
#5849 = ( GEOMETRIC_REPRESENTATION_CONTEXT(2) 
PARAMETRIC_REPRESENTATION_CONTEXT() REPRESENTATION_CONTEXT('2D SPACE',''
  ) );
#5850 = PCURVE('',#4946,#5851);
#5851 = DEFINITIONAL_REPRESENTATION('',(#5852),#5855);
#5852 = B_SPLINE_CURVE_WITH_KNOTS('',1,(#5853,#5854),.UNSPECIFIED.,.F.,
  .F.,(2,2),(1.6499994,1.7500006),.PIECEWISE_BEZIER_KNOTS.);
#5853 = CARTESIAN_POINT('',(-1.220858235464,1.6499994));
#5854 = CARTESIAN_POINT('',(-1.220858235464,1.7500006));
#5855 = ( GEOMETRIC_REPRESENTATION_CONTEXT(2) 
PARAMETRIC_REPRESENTATION_CONTEXT() REPRESENTATION_CONTEXT('2D SPACE',''
  ) );
#5856 = FACE_BOUND('',#5857,.T.);
#5857 = EDGE_LOOP('',(#5858));
#5858 = ORIENTED_EDGE('',*,*,#3578,.F.);
#5859 = ADVANCED_FACE('',(#5860),#3672,.T.);
#5860 = FACE_BOUND('',#5861,.T.);
#5861 = EDGE_LOOP('',(#5862,#5863,#5864,#5865));
#5862 = ORIENTED_EDGE('',*,*,#3656,.F.);
#5863 = ORIENTED_EDGE('',*,*,#3709,.T.);
#5864 = ORIENTED_EDGE('',*,*,#4128,.T.);
#5865 = ORIENTED_EDGE('',*,*,#5866,.F.);
#5866 = EDGE_CURVE('',#3657,#4129,#5867,.T.);
#5867 = SURFACE_CURVE('',#5868,(#5872,#5879),.PCURVE_S1.);
#5868 = LINE('',#5869,#5870);
#5869 = CARTESIAN_POINT('',(-1.7,-7.15,12.));
#5870 = VECTOR('',#5871,1.);
#5871 = DIRECTION('',(1.,0.,-0.));
#5872 = PCURVE('',#3672,#5873);
#5873 = DEFINITIONAL_REPRESENTATION('',(#5874),#5878);
#5874 = LINE('',#5875,#5876);
#5875 = CARTESIAN_POINT('',(0.,2.85));
#5876 = VECTOR('',#5877,1.);
#5877 = DIRECTION('',(1.,0.));
#5878 = ( GEOMETRIC_REPRESENTATION_CONTEXT(2) 
PARAMETRIC_REPRESENTATION_CONTEXT() REPRESENTATION_CONTEXT('2D SPACE',''
  ) );
#5879 = PCURVE('',#4064,#5880);
#5880 = DEFINITIONAL_REPRESENTATION('',(#5881),#5885);
#5881 = LINE('',#5882,#5883);
#5882 = CARTESIAN_POINT('',(-1.570796326795,0.));
#5883 = VECTOR('',#5884,1.);
#5884 = DIRECTION('',(-0.,1.));
#5885 = ( GEOMETRIC_REPRESENTATION_CONTEXT(2) 
PARAMETRIC_REPRESENTATION_CONTEXT() REPRESENTATION_CONTEXT('2D SPACE',''
  ) );
#5886 = ADVANCED_FACE('',(#5887),#4064,.F.);
#5887 = FACE_BOUND('',#5888,.T.);
#5888 = EDGE_LOOP('',(#5889,#5890,#5891,#5892));
#5889 = ORIENTED_EDGE('',*,*,#4048,.F.);
#5890 = ORIENTED_EDGE('',*,*,#5866,.T.);
#5891 = ORIENTED_EDGE('',*,*,#4366,.T.);
#5892 = ORIENTED_EDGE('',*,*,#5816,.F.);
#5893 = ADVANCED_FACE('',(#5894),#4478,.T.);
#5894 = FACE_BOUND('',#5895,.T.);
#5895 = EDGE_LOOP('',(#5896,#5897,#5898,#5919));
#5896 = ORIENTED_EDGE('',*,*,#4462,.F.);
#5897 = ORIENTED_EDGE('',*,*,#4515,.T.);
#5898 = ORIENTED_EDGE('',*,*,#5899,.T.);
#5899 = EDGE_CURVE('',#4516,#4644,#5900,.T.);
#5900 = SURFACE_CURVE('',#5901,(#5905,#5912),.PCURVE_S1.);
#5901 = LINE('',#5902,#5903);
#5902 = CARTESIAN_POINT('',(-7.15,-1.7,12.));
#5903 = VECTOR('',#5904,1.);
#5904 = DIRECTION('',(-0.,1.,0.));
#5905 = PCURVE('',#4478,#5906);
#5906 = DEFINITIONAL_REPRESENTATION('',(#5907),#5911);
#5907 = LINE('',#5908,#5909);
#5908 = CARTESIAN_POINT('',(2.85,0.));
#5909 = VECTOR('',#5910,1.);
#5910 = DIRECTION('',(0.,1.));
#5911 = ( GEOMETRIC_REPRESENTATION_CONTEXT(2) 
PARAMETRIC_REPRESENTATION_CONTEXT() REPRESENTATION_CONTEXT('2D SPACE',''
  ) );
#5912 = PCURVE('',#4603,#5913);
#5913 = DEFINITIONAL_REPRESENTATION('',(#5914),#5918);
#5914 = LINE('',#5915,#5916);
#5915 = CARTESIAN_POINT('',(1.570796326795,0.));
#5916 = VECTOR('',#5917,1.);
#5917 = DIRECTION('',(0.,1.));
#5918 = ( GEOMETRIC_REPRESENTATION_CONTEXT(2) 
PARAMETRIC_REPRESENTATION_CONTEXT() REPRESENTATION_CONTEXT('2D SPACE',''
  ) );
#5919 = ORIENTED_EDGE('',*,*,#4643,.F.);
#5920 = ADVANCED_FACE('',(#5921),#4603,.F.);
#5921 = FACE_BOUND('',#5922,.F.);
#5922 = EDGE_LOOP('',(#5923,#5924,#5925,#5926));
#5923 = ORIENTED_EDGE('',*,*,#4587,.F.);
#5924 = ORIENTED_EDGE('',*,*,#5899,.T.);
#5925 = ORIENTED_EDGE('',*,*,#4690,.T.);
#5926 = ORIENTED_EDGE('',*,*,#5794,.F.);
#5927 = ADVANCED_FACE('',(#5928),#4946,.F.);
#5928 = FACE_BOUND('',#5929,.T.);
#5929 = EDGE_LOOP('',(#5930,#5931,#5952,#5953));
#5930 = ORIENTED_EDGE('',*,*,#4928,.F.);
#5931 = ORIENTED_EDGE('',*,*,#5932,.T.);
#5932 = EDGE_CURVE('',#4929,#5058,#5933,.T.);
#5933 = SURFACE_CURVE('',#5934,(#5938,#5945),.PCURVE_S1.);
#5934 = LINE('',#5935,#5936);
#5935 = CARTESIAN_POINT('',(7.15,-1.7,12.));
#5936 = VECTOR('',#5937,1.);
#5937 = DIRECTION('',(-0.,1.,0.));
#5938 = PCURVE('',#4946,#5939);
#5939 = DEFINITIONAL_REPRESENTATION('',(#5940),#5944);
#5940 = LINE('',#5941,#5942);
#5941 = CARTESIAN_POINT('',(-1.570796326795,0.));
#5942 = VECTOR('',#5943,1.);
#5943 = DIRECTION('',(-0.,1.));
#5944 = ( GEOMETRIC_REPRESENTATION_CONTEXT(2) 
PARAMETRIC_REPRESENTATION_CONTEXT() REPRESENTATION_CONTEXT('2D SPACE',''
  ) );
#5945 = PCURVE('',#5021,#5946);
#5946 = DEFINITIONAL_REPRESENTATION('',(#5947),#5951);
#5947 = LINE('',#5948,#5949);
#5948 = CARTESIAN_POINT('',(1.65,0.));
#5949 = VECTOR('',#5950,1.);
#5950 = DIRECTION('',(0.,1.));
#5951 = ( GEOMETRIC_REPRESENTATION_CONTEXT(2) 
PARAMETRIC_REPRESENTATION_CONTEXT() REPRESENTATION_CONTEXT('2D SPACE',''
  ) );
#5952 = ORIENTED_EDGE('',*,*,#5057,.T.);
#5953 = ORIENTED_EDGE('',*,*,#5838,.F.);
#5954 = ADVANCED_FACE('',(#5955),#5021,.T.);
#5955 = FACE_BOUND('',#5956,.T.);
#5956 = EDGE_LOOP('',(#5957,#5958,#5959,#5960));
#5957 = ORIENTED_EDGE('',*,*,#5932,.F.);
#5958 = ORIENTED_EDGE('',*,*,#5005,.T.);
#5959 = ORIENTED_EDGE('',*,*,#5393,.T.);
#5960 = ORIENTED_EDGE('',*,*,#5345,.F.);
#5961 = ADVANCED_FACE('',(#5962),#5482,.F.);
#5962 = FACE_BOUND('',#5963,.F.);
#5963 = EDGE_LOOP('',(#5964,#5965,#5986,#5987));
#5964 = ORIENTED_EDGE('',*,*,#5466,.F.);
#5965 = ORIENTED_EDGE('',*,*,#5966,.T.);
#5966 = EDGE_CURVE('',#5445,#5599,#5967,.T.);
#5967 = SURFACE_CURVE('',#5968,(#5972,#5979),.PCURVE_S1.);
#5968 = LINE('',#5969,#5970);
#5969 = CARTESIAN_POINT('',(-1.7,7.15,12.));
#5970 = VECTOR('',#5971,1.);
#5971 = DIRECTION('',(1.,0.,-0.));
#5972 = PCURVE('',#5482,#5973);
#5973 = DEFINITIONAL_REPRESENTATION('',(#5974),#5978);
#5974 = LINE('',#5975,#5976);
#5975 = CARTESIAN_POINT('',(1.570796326795,0.));
#5976 = VECTOR('',#5977,1.);
#5977 = DIRECTION('',(0.,1.));
#5978 = ( GEOMETRIC_REPRESENTATION_CONTEXT(2) 
PARAMETRIC_REPRESENTATION_CONTEXT() REPRESENTATION_CONTEXT('2D SPACE',''
  ) );
#5979 = PCURVE('',#5537,#5980);
#5980 = DEFINITIONAL_REPRESENTATION('',(#5981),#5985);
#5981 = LINE('',#5982,#5983);
#5982 = CARTESIAN_POINT('',(0.,1.65));
#5983 = VECTOR('',#5984,1.);
#5984 = DIRECTION('',(1.,0.));
#5985 = ( GEOMETRIC_REPRESENTATION_CONTEXT(2) 
PARAMETRIC_REPRESENTATION_CONTEXT() REPRESENTATION_CONTEXT('2D SPACE',''
  ) );
#5986 = ORIENTED_EDGE('',*,*,#5620,.T.);
#5987 = ORIENTED_EDGE('',*,*,#5772,.F.);
#5988 = ADVANCED_FACE('',(#5989),#5537,.T.);
#5989 = FACE_BOUND('',#5990,.T.);
#5990 = EDGE_LOOP('',(#5991,#5992,#5993,#5994));
#5991 = ORIENTED_EDGE('',*,*,#5521,.F.);
#5992 = ORIENTED_EDGE('',*,*,#5966,.T.);
#5993 = ORIENTED_EDGE('',*,*,#5718,.T.);
#5994 = ORIENTED_EDGE('',*,*,#5670,.F.);
#5995 = ( GEOMETRIC_REPRESENTATION_CONTEXT(3) 
GLOBAL_UNCERTAINTY_ASSIGNED_CONTEXT((#5999)) 
GLOBAL_UNIT_ASSIGNED_CONTEXT((#5996,#5997,#5998)) REPRESENTATION_CONTEXT
('Context #1','3D Context with UNIT and UNCERTAINTY') );
#5996 = ( LENGTH_UNIT() NAMED_UNIT(*) SI_UNIT(.MILLI.,.METRE.) );
#5997 = ( NAMED_UNIT(*) PLANE_ANGLE_UNIT() SI_UNIT($,.RADIAN.) );
#5998 = ( NAMED_UNIT(*) SI_UNIT($,.STERADIAN.) SOLID_ANGLE_UNIT() );
#5999 = UNCERTAINTY_MEASURE_WITH_UNIT(LENGTH_MEASURE(5.E-07),#5996,
  'distance_accuracy_value','confusion accuracy');
#6000 = PRODUCT_RELATED_PRODUCT_CATEGORY('part',$,(#7));
#6001 = MECHANICAL_DESIGN_GEOMETRIC_PRESENTATION_REPRESENTATION('',(
    #6002),#5995);
#6002 = STYLED_ITEM('color',(#6003),#15);
#6003 = PRESENTATION_STYLE_ASSIGNMENT((#6004));
#6004 = SURFACE_STYLE_USAGE(.BOTH.,#6005);
#6005 = SURFACE_SIDE_STYLE('',(#6006));
#6006 = SURFACE_STYLE_FILL_AREA(#6007);
#6007 = FILL_AREA_STYLE('',(#6008));
#6008 = FILL_AREA_STYLE_COLOUR('',#6009);
#6009 = COLOUR_RGB('',0.333333332236,0.788235302081,0.776470591567);

#6010=DESCRIPTIVE_REPRESENTATION_ITEM('cadpy:generator','cadpy');
#6011=REPRESENTATION('cadpy:generator',(#6010),#5995);
#6012=PROPERTY_DEFINITION('cadpy metadata','cadpy:generator',#5);
#6013=PROPERTY_DEFINITION_REPRESENTATION(#6012,#6011);
#6014=DESCRIPTIVE_REPRESENTATION_ITEM('cadpy:entryKind','part');
#6015=REPRESENTATION('cadpy:entryKind',(#6014),#5995);
#6016=PROPERTY_DEFINITION('cadpy metadata','cadpy:entryKind',#5);
#6017=PROPERTY_DEFINITION_REPRESENTATION(#6016,#6015);
#6018=DESCRIPTIVE_REPRESENTATION_ITEM('cadpy:sourcePath','../../../../cad/round_v1/gen_round_v1_output_hub_front.py');
#6019=REPRESENTATION('cadpy:sourcePath',(#6018),#5995);
#6020=PROPERTY_DEFINITION('cadpy metadata','cadpy:sourcePath',#5);
#6021=PROPERTY_DEFINITION_REPRESENTATION(#6020,#6019);
#6022=DESCRIPTIVE_REPRESENTATION_ITEM('cadpy:sourceHash','00c3cda90cbef7d8adcfaea103436b1fac9b8b8519a7f96d370e6bc28302816d');
#6023=REPRESENTATION('cadpy:sourceHash',(#6022),#5995);
#6024=PROPERTY_DEFINITION('cadpy metadata','cadpy:sourceHash',#5);
#6025=PROPERTY_DEFINITION_REPRESENTATION(#6024,#6023);
ENDSEC;
END-ISO-10303-21;
