ISO-10303-21;
HEADER;
FILE_DESCRIPTION(('Open CASCADE Model'),'2;1');
FILE_NAME('PHYSICAL_MOUNT_V2_MINIMAL_LEFT_Q_HAND_TWIN_EAR_WRIST_MOUNT',
  '2026-07-31T22:40:58',('Author'),('Open CASCADE'),
  'Open CASCADE STEP processor 7.9','build123d','Unknown');
FILE_SCHEMA(('AUTOMOTIVE_DESIGN { 1 0 10303 214 1 1 1 1 }'));
ENDSEC;
DATA;
#1 = APPLICATION_PROTOCOL_DEFINITION('international standard',
  'automotive_design',2000,#2);
#2 = APPLICATION_CONTEXT(
  'core data for automotive mechanical design processes');
#3 = SHAPE_DEFINITION_REPRESENTATION(#4,#10);
#4 = PRODUCT_DEFINITION_SHAPE('','',#5);
#5 = PRODUCT_DEFINITION('design','',#6,#9);
#6 = PRODUCT_DEFINITION_FORMATION('','',#7);
#7 = PRODUCT(
  'PHYSICAL_MOUNT_V2_MINIMAL_LEFT_Q_HAND_TWIN_EAR_WRIST_MOUNT',
  'PHYSICAL_MOUNT_V2_MINIMAL_LEFT_Q_HAND_TWIN_EAR_WRIST_MOUNT','',(#8));
#8 = PRODUCT_CONTEXT('',#2,'mechanical');
#9 = PRODUCT_DEFINITION_CONTEXT('part definition',#2,'design');
#10 = ADVANCED_BREP_SHAPE_REPRESENTATION('',(#11,#15),#3038);
#11 = AXIS2_PLACEMENT_3D('',#12,#13,#14);
#12 = CARTESIAN_POINT('',(0.,0.,0.));
#13 = DIRECTION('',(0.,0.,1.));
#14 = DIRECTION('',(1.,0.,-0.));
#15 = MANIFOLD_SOLID_BREP('',#16);
#16 = CLOSED_SHELL('',(#17,#249,#411,#492,#654,#1103,#1133,#1214,#1261,
    #1342,#1557,#1697,#1847,#1880,#1911,#1964,#2042,#2093,#2162,#2273,
    #2279,#2333,#2358,#2453,#2501,#2533,#2539,#2564,#2618,#2783,#2810,
    #2915,#2975,#3024,#3031));
#17 = ADVANCED_FACE('',(#18),#32,.F.);
#18 = FACE_BOUND('',#19,.F.);
#19 = EDGE_LOOP('',(#20,#55,#195,#223));
#20 = ORIENTED_EDGE('',*,*,#21,.F.);
#21 = EDGE_CURVE('',#22,#24,#26,.T.);
#22 = VERTEX_POINT('',#23);
#23 = CARTESIAN_POINT('',(-24.4808,-32.,19.098706698509));
#24 = VERTEX_POINT('',#25);
#25 = CARTESIAN_POINT('',(-24.4808,-32.,20.7993));
#26 = SURFACE_CURVE('',#27,(#31,#43),.PCURVE_S1.);
#27 = LINE('',#28,#29);
#28 = CARTESIAN_POINT('',(-24.4808,-32.,-0.2007));
#29 = VECTOR('',#30,1.);
#30 = DIRECTION('',(0.,0.,1.));
#31 = PCURVE('',#32,#37);
#32 = PLANE('',#33);
#33 = AXIS2_PLACEMENT_3D('',#34,#35,#36);
#34 = CARTESIAN_POINT('',(-24.4808,-49.,-0.2007));
#35 = DIRECTION('',(1.,0.,-0.));
#36 = DIRECTION('',(0.,0.,1.));
#37 = DEFINITIONAL_REPRESENTATION('',(#38),#42);
#38 = LINE('',#39,#40);
#39 = CARTESIAN_POINT('',(0.,-17.));
#40 = VECTOR('',#41,1.);
#41 = DIRECTION('',(1.,0.));
#42 = ( GEOMETRIC_REPRESENTATION_CONTEXT(2) 
PARAMETRIC_REPRESENTATION_CONTEXT() REPRESENTATION_CONTEXT('2D SPACE',''
  ) );
#43 = PCURVE('',#44,#49);
#44 = CYLINDRICAL_SURFACE('',#45,17.);
#45 = AXIS2_PLACEMENT_3D('',#46,#47,#48);
#46 = CARTESIAN_POINT('',(-7.4808,-32.,-0.2007));
#47 = DIRECTION('',(0.,0.,1.));
#48 = DIRECTION('',(-1.,-0.,0.));
#49 = DEFINITIONAL_REPRESENTATION('',(#50),#54);
#50 = LINE('',#51,#52);
#51 = CARTESIAN_POINT('',(0.,0.));
#52 = VECTOR('',#53,1.);
#53 = DIRECTION('',(0.,1.));
#54 = ( GEOMETRIC_REPRESENTATION_CONTEXT(2) 
PARAMETRIC_REPRESENTATION_CONTEXT() REPRESENTATION_CONTEXT('2D SPACE',''
  ) );
#55 = ORIENTED_EDGE('',*,*,#56,.F.);
#56 = EDGE_CURVE('',#57,#22,#59,.T.);
#57 = VERTEX_POINT('',#58);
#58 = CARTESIAN_POINT('',(-24.4808,-24.,19.098706698509));
#59 = SURFACE_CURVE('',#60,(#91,#125),.PCURVE_S1.);
#60 = B_SPLINE_CURVE_WITH_KNOTS('',8,(#61,#62,#63,#64,#65,#66,#67,#68,
    #69,#70,#71,#72,#73,#74,#75,#76,#77,#78,#79,#80,#81,#82,#83,#84,#85,
    #86,#87,#88,#89,#90),.UNSPECIFIED.,.F.,.F.,(9,7,7,7,9),(0.,
    0.328286284875,0.499436955575,0.672732902361,1.),.UNSPECIFIED.);
#61 = CARTESIAN_POINT('',(-24.4808,-24.,19.098706698509));
#62 = CARTESIAN_POINT('',(-24.4808,-24.29179193968,19.298155382145));
#63 = CARTESIAN_POINT('',(-24.4808,-24.59596011637,19.478861729113));
#64 = CARTESIAN_POINT('',(-24.4808,-24.91055106602,19.640498708943));
#65 = CARTESIAN_POINT('',(-24.4808,-25.23362561706,19.782871143322));
#66 = CARTESIAN_POINT('',(-24.4808,-25.56329842009,19.905927781381));
#67 = CARTESIAN_POINT('',(-24.4808,-25.89770380435,20.009761585694));
#68 = CARTESIAN_POINT('',(-24.4808,-26.23518200525,20.094644923883));
#69 = CARTESIAN_POINT('',(-24.4808,-26.75128246682,20.195462514603));
#70 = CARTESIAN_POINT('',(-24.4808,-26.92861343538,20.224950405089));
#71 = CARTESIAN_POINT('',(-24.4808,-27.10623181725,20.249425769212));
#72 = CARTESIAN_POINT('',(-24.4808,-27.28399661138,20.26894660851));
#73 = CARTESIAN_POINT('',(-24.4808,-27.46181672309,20.283569080816));
#74 = CARTESIAN_POINT('',(-24.4808,-27.63964843386,20.293337844095));
#75 = CARTESIAN_POINT('',(-24.4808,-27.81748194703,20.298278104547));
#76 = CARTESIAN_POINT('',(-24.4808,-28.1753811333,20.29850202802));
#77 = CARTESIAN_POINT('',(-24.4808,-28.35544385219,20.293663862729));
#78 = CARTESIAN_POINT('',(-24.4808,-28.53550506845,20.283876216912));
#79 = CARTESIAN_POINT('',(-24.4808,-28.71555538478,20.269113306092));
#80 = CARTESIAN_POINT('',(-24.4808,-28.89554994356,20.249328793375));
#81 = CARTESIAN_POINT('',(-24.4808,-29.07539402239,20.224464209993));
#82 = CARTESIAN_POINT('',(-24.4808,-29.25494038633,20.194459220505));
#83 = CARTESIAN_POINT('',(-24.4808,-29.77214707447,20.092797520552));
#84 = CARTESIAN_POINT('',(-24.4808,-30.10852148682,20.007825683537));
#85 = CARTESIAN_POINT('',(-24.4808,-30.44181630375,19.904016580265));
#86 = CARTESIAN_POINT('',(-24.4808,-30.77038424762,19.781102709009));
#87 = CARTESIAN_POINT('',(-24.4808,-31.09237721766,19.638993399921));
#88 = CARTESIAN_POINT('',(-24.4808,-31.40592704049,19.477740253481));
#89 = CARTESIAN_POINT('',(-24.4808,-31.70911298226,19.29753684041));
#90 = CARTESIAN_POINT('',(-24.4808,-32.,19.098706698509));
#91 = PCURVE('',#32,#92);
#92 = DEFINITIONAL_REPRESENTATION('',(#93),#124);
#93 = B_SPLINE_CURVE_WITH_KNOTS('',8,(#94,#95,#96,#97,#98,#99,#100,#101,
    #102,#103,#104,#105,#106,#107,#108,#109,#110,#111,#112,#113,#114,
    #115,#116,#117,#118,#119,#120,#121,#122,#123),.UNSPECIFIED.,.F.,.F.,
  (9,7,7,7,9),(0.,0.328286284875,0.499436955575,0.672732902361,1.),
  .UNSPECIFIED.);
#94 = CARTESIAN_POINT('',(19.299406698509,-25.));
#95 = CARTESIAN_POINT('',(19.498855382145,-24.70820806031));
#96 = CARTESIAN_POINT('',(19.679561729113,-24.40403988362));
#97 = CARTESIAN_POINT('',(19.841198708943,-24.08944893397));
#98 = CARTESIAN_POINT('',(19.983571143322,-23.76637438293));
#99 = CARTESIAN_POINT('',(20.106627781381,-23.43670157991));
#100 = CARTESIAN_POINT('',(20.210461585694,-23.10229619564));
#101 = CARTESIAN_POINT('',(20.295344923883,-22.76481799474));
#102 = CARTESIAN_POINT('',(20.396162514603,-22.24871753317));
#103 = CARTESIAN_POINT('',(20.425650405089,-22.07138656461));
#104 = CARTESIAN_POINT('',(20.450125769212,-21.89376818274));
#105 = CARTESIAN_POINT('',(20.46964660851,-21.71600338861));
#106 = CARTESIAN_POINT('',(20.484269080816,-21.5381832769));
#107 = CARTESIAN_POINT('',(20.494037844095,-21.36035156613));
#108 = CARTESIAN_POINT('',(20.498978104547,-21.18251805296));
#109 = CARTESIAN_POINT('',(20.49920202802,-20.82461886669));
#110 = CARTESIAN_POINT('',(20.494363862729,-20.6445561478));
#111 = CARTESIAN_POINT('',(20.484576216912,-20.46449493154));
#112 = CARTESIAN_POINT('',(20.469813306092,-20.28444461521));
#113 = CARTESIAN_POINT('',(20.450028793375,-20.10445005643));
#114 = CARTESIAN_POINT('',(20.425164209993,-19.9246059776));
#115 = CARTESIAN_POINT('',(20.395159220505,-19.74505961366));
#116 = CARTESIAN_POINT('',(20.293497520552,-19.22785292552));
#117 = CARTESIAN_POINT('',(20.208525683537,-18.89147851317));
#118 = CARTESIAN_POINT('',(20.104716580265,-18.55818369624));
#119 = CARTESIAN_POINT('',(19.981802709009,-18.22961575237));
#120 = CARTESIAN_POINT('',(19.839693399921,-17.90762278233));
#121 = CARTESIAN_POINT('',(19.678440253481,-17.59407295951));
#122 = CARTESIAN_POINT('',(19.49823684041,-17.29088701773));
#123 = CARTESIAN_POINT('',(19.299406698509,-17.));
#124 = ( GEOMETRIC_REPRESENTATION_CONTEXT(2) 
PARAMETRIC_REPRESENTATION_CONTEXT() REPRESENTATION_CONTEXT('2D SPACE',''
  ) );
#125 = PCURVE('',#126,#162);
#126 = ( BOUNDED_SURFACE() B_SPLINE_SURFACE(2,2,(
    (#127,#128,#129,#130,#131)
    ,(#132,#133,#134,#135,#136)
    ,(#137,#138,#139,#140,#141)
    ,(#142,#143,#144,#145,#146)
    ,(#147,#148,#149,#150,#151)
    ,(#152,#153,#154,#155,#156)
    ,(#157,#158,#159,#160,#161
)),.UNSPECIFIED.,.T.,.F.,.F.) B_SPLINE_SURFACE_WITH_KNOTS((1,2,2,2,2,1),
  (3,2,3),(-2.094395102393,0.,2.094395102393,4.188790204786,
    6.28318530718,8.377580409573),(-1.570796326795,0.,1.570796326795),
.UNSPECIFIED.) GEOMETRIC_REPRESENTATION_ITEM() RATIONAL_B_SPLINE_SURFACE
((
    (1.,0.707106781187,1.,0.707106781187,1.)
    ,(0.5,0.353553390593,0.5,0.353553390593,0.5)
    ,(1.,0.707106781187,1.,0.707106781187,1.)
    ,(0.5,0.353553390593,0.5,0.353553390593,0.5)
    ,(1.,0.707106781187,1.,0.707106781187,1.)
    ,(0.5,0.353553390593,0.5,0.353553390593,0.5)
,(1.,0.707106781187,1.,0.707106781187,1.
))) REPRESENTATION_ITEM('') SURFACE() );
#127 = CARTESIAN_POINT('',(-22.4808,-28.,8.7993));
#128 = CARTESIAN_POINT('',(-17.4808,-28.,8.7993));
#129 = CARTESIAN_POINT('',(-17.4808,-28.,14.7993));
#130 = CARTESIAN_POINT('',(-17.4808,-28.,20.7993));
#131 = CARTESIAN_POINT('',(-22.4808,-28.,20.7993));
#132 = CARTESIAN_POINT('',(-22.4808,-28.,8.7993));
#133 = CARTESIAN_POINT('',(-17.4808,-15.87564434701,8.7993));
#134 = CARTESIAN_POINT('',(-17.4808,-15.87564434701,14.7993));
#135 = CARTESIAN_POINT('',(-17.4808,-15.87564434701,20.7993));
#136 = CARTESIAN_POINT('',(-22.4808,-28.,20.7993));
#137 = CARTESIAN_POINT('',(-22.4808,-28.,8.7993));
#138 = CARTESIAN_POINT('',(-24.9808,-21.9378221735,8.7993));
#139 = CARTESIAN_POINT('',(-24.9808,-21.9378221735,14.7993));
#140 = CARTESIAN_POINT('',(-24.9808,-21.9378221735,20.7993));
#141 = CARTESIAN_POINT('',(-22.4808,-28.,20.7993));
#142 = CARTESIAN_POINT('',(-22.4808,-28.,8.7993));
#143 = CARTESIAN_POINT('',(-32.4808,-28.,8.7993));
#144 = CARTESIAN_POINT('',(-32.4808,-28.,14.7993));
#145 = CARTESIAN_POINT('',(-32.4808,-28.,20.7993));
#146 = CARTESIAN_POINT('',(-22.4808,-28.,20.7993));
#147 = CARTESIAN_POINT('',(-22.4808,-28.,8.7993));
#148 = CARTESIAN_POINT('',(-24.9808,-34.06217782649,8.7993));
#149 = CARTESIAN_POINT('',(-24.9808,-34.06217782649,14.7993));
#150 = CARTESIAN_POINT('',(-24.9808,-34.06217782649,20.7993));
#151 = CARTESIAN_POINT('',(-22.4808,-28.,20.7993));
#152 = CARTESIAN_POINT('',(-22.4808,-28.,8.7993));
#153 = CARTESIAN_POINT('',(-17.4808,-40.12435565298,8.7993));
#154 = CARTESIAN_POINT('',(-17.4808,-40.12435565298,14.7993));
#155 = CARTESIAN_POINT('',(-17.4808,-40.12435565298,20.7993));
#156 = CARTESIAN_POINT('',(-22.4808,-28.,20.7993));
#157 = CARTESIAN_POINT('',(-22.4808,-28.,8.7993));
#158 = CARTESIAN_POINT('',(-17.4808,-28.,8.7993));
#159 = CARTESIAN_POINT('',(-17.4808,-28.,14.7993));
#160 = CARTESIAN_POINT('',(-17.4808,-28.,20.7993));
#161 = CARTESIAN_POINT('',(-22.4808,-28.,20.7993));
#162 = DEFINITIONAL_REPRESENTATION('',(#163),#194);
#163 = B_SPLINE_CURVE_WITH_KNOTS('',8,(#164,#165,#166,#167,#168,#169,
    #170,#171,#172,#173,#174,#175,#176,#177,#178,#179,#180,#181,#182,
    #183,#184,#185,#186,#187,#188,#189,#190,#191,#192,#193),
  .UNSPECIFIED.,.F.,.F.,(9,7,7,7,9),(0.,0.328286284875,0.499436955575,
    0.672732902361,1.),.UNSPECIFIED.);
#164 = CARTESIAN_POINT('',(2.197227927023,0.798169681871));
#165 = CARTESIAN_POINT('',(2.236733463394,0.843353207163));
#166 = CARTESIAN_POINT('',(2.281530828036,0.88683551114));
#167 = CARTESIAN_POINT('',(2.332357695165,0.928438377165));
#168 = CARTESIAN_POINT('',(2.39011421128,0.967865174118));
#169 = CARTESIAN_POINT('',(2.455714734063,1.004658276981));
#170 = CARTESIAN_POINT('',(2.53024963842,1.038159109514));
#171 = CARTESIAN_POINT('',(2.614154415094,1.067369196694));
#172 = CARTESIAN_POINT('',(2.754545324697,1.103783283166));
#173 = CARTESIAN_POINT('',(2.804930146467,1.114827261313));
#174 = CARTESIAN_POINT('',(2.85745022476,1.124299160449));
#175 = CARTESIAN_POINT('',(2.911872121735,1.132059000635));
#176 = CARTESIAN_POINT('',(2.967840962399,1.13798336244));
#177 = CARTESIAN_POINT('',(3.024888480593,1.141980494816));
#178 = CARTESIAN_POINT('',(3.082476502557,1.144001404866));
#179 = CARTESIAN_POINT('',(3.198397208739,1.144093024749));
#180 = CARTESIAN_POINT('',(3.256728457791,1.142113925321));
#181 = CARTESIAN_POINT('',(3.31452049132,1.138107119809));
#182 = CARTESIAN_POINT('',(3.37121268633,1.132122606573));
#183 = CARTESIAN_POINT('',(3.426317511922,1.124255488509));
#184 = CARTESIAN_POINT('',(3.479467018574,1.114634229376));
#185 = CARTESIAN_POINT('',(3.530421225502,1.103404571679));
#186 = CARTESIAN_POINT('',(3.670851307007,1.066733916581));
#187 = CARTESIAN_POINT('',(3.754322207184,1.037534936517));
#188 = CARTESIAN_POINT('',(3.828487536985,1.004087119404));
#189 = CARTESIAN_POINT('',(3.893787804366,0.967375645512));
#190 = CARTESIAN_POINT('',(3.95130047873,0.928051021041));
#191 = CARTESIAN_POINT('',(4.001932401023,0.886565692644));
#192 = CARTESIAN_POINT('',(4.046574360628,0.843213081414));
#193 = CARTESIAN_POINT('',(4.085957380157,0.798169681871));
#194 = ( GEOMETRIC_REPRESENTATION_CONTEXT(2) 
PARAMETRIC_REPRESENTATION_CONTEXT() REPRESENTATION_CONTEXT('2D SPACE',''
  ) );
#195 = ORIENTED_EDGE('',*,*,#196,.T.);
#196 = EDGE_CURVE('',#57,#197,#199,.T.);
#197 = VERTEX_POINT('',#198);
#198 = CARTESIAN_POINT('',(-24.4808,-24.,20.7993));
#199 = SURFACE_CURVE('',#200,(#204,#211),.PCURVE_S1.);
#200 = LINE('',#201,#202);
#201 = CARTESIAN_POINT('',(-24.4808,-24.,-0.2007));
#202 = VECTOR('',#203,1.);
#203 = DIRECTION('',(0.,0.,1.));
#204 = PCURVE('',#32,#205);
#205 = DEFINITIONAL_REPRESENTATION('',(#206),#210);
#206 = LINE('',#207,#208);
#207 = CARTESIAN_POINT('',(0.,-25.));
#208 = VECTOR('',#209,1.);
#209 = DIRECTION('',(1.,0.));
#210 = ( GEOMETRIC_REPRESENTATION_CONTEXT(2) 
PARAMETRIC_REPRESENTATION_CONTEXT() REPRESENTATION_CONTEXT('2D SPACE',''
  ) );
#211 = PCURVE('',#212,#217);
#212 = CYLINDRICAL_SURFACE('',#213,17.);
#213 = AXIS2_PLACEMENT_3D('',#214,#215,#216);
#214 = CARTESIAN_POINT('',(-7.4808,-24.,-0.2007));
#215 = DIRECTION('',(0.,0.,1.));
#216 = DIRECTION('',(-1.,-0.,0.));
#217 = DEFINITIONAL_REPRESENTATION('',(#218),#222);
#218 = LINE('',#219,#220);
#219 = CARTESIAN_POINT('',(-0.,0.));
#220 = VECTOR('',#221,1.);
#221 = DIRECTION('',(-0.,1.));
#222 = ( GEOMETRIC_REPRESENTATION_CONTEXT(2) 
PARAMETRIC_REPRESENTATION_CONTEXT() REPRESENTATION_CONTEXT('2D SPACE',''
  ) );
#223 = ORIENTED_EDGE('',*,*,#224,.F.);
#224 = EDGE_CURVE('',#24,#197,#225,.T.);
#225 = SURFACE_CURVE('',#226,(#230,#237),.PCURVE_S1.);
#226 = LINE('',#227,#228);
#227 = CARTESIAN_POINT('',(-24.4808,-49.,20.7993));
#228 = VECTOR('',#229,1.);
#229 = DIRECTION('',(-0.,1.,0.));
#230 = PCURVE('',#32,#231);
#231 = DEFINITIONAL_REPRESENTATION('',(#232),#236);
#232 = LINE('',#233,#234);
#233 = CARTESIAN_POINT('',(21.,0.));
#234 = VECTOR('',#235,1.);
#235 = DIRECTION('',(0.,-1.));
#236 = ( GEOMETRIC_REPRESENTATION_CONTEXT(2) 
PARAMETRIC_REPRESENTATION_CONTEXT() REPRESENTATION_CONTEXT('2D SPACE',''
  ) );
#237 = PCURVE('',#238,#243);
#238 = CYLINDRICAL_SURFACE('',#239,17.);
#239 = AXIS2_PLACEMENT_3D('',#240,#241,#242);
#240 = CARTESIAN_POINT('',(-7.4808,-49.,20.7993));
#241 = DIRECTION('',(-0.,1.,0.));
#242 = DIRECTION('',(-1.,-0.,0.));
#243 = DEFINITIONAL_REPRESENTATION('',(#244),#248);
#244 = LINE('',#245,#246);
#245 = CARTESIAN_POINT('',(0.,0.));
#246 = VECTOR('',#247,1.);
#247 = DIRECTION('',(0.,1.));
#248 = ( GEOMETRIC_REPRESENTATION_CONTEXT(2) 
PARAMETRIC_REPRESENTATION_CONTEXT() REPRESENTATION_CONTEXT('2D SPACE',''
  ) );
#249 = ADVANCED_FACE('',(#250),#44,.T.);
#250 = FACE_BOUND('',#251,.T.);
#251 = EDGE_LOOP('',(#252,#253,#327,#356,#384));
#252 = ORIENTED_EDGE('',*,*,#21,.F.);
#253 = ORIENTED_EDGE('',*,*,#254,.F.);
#254 = EDGE_CURVE('',#255,#22,#257,.T.);
#255 = VERTEX_POINT('',#256);
#256 = CARTESIAN_POINT('',(-24.35614244333,-34.05494949336,16.7993));
#257 = SURFACE_CURVE('',#258,(#279,#303),.PCURVE_S1.);
#258 = B_SPLINE_CURVE_WITH_KNOTS('',7,(#259,#260,#261,#262,#263,#264,
    #265,#266,#267,#268,#269,#270,#271,#272,#273,#274,#275,#276,#277,
    #278),.UNSPECIFIED.,.F.,.F.,(8,6,6,8),(0.,0.684787895086,
    0.763839342152,1.),.UNSPECIFIED.);
#259 = CARTESIAN_POINT('',(-24.35614233692,-34.05495036721,16.7992982));
#260 = CARTESIAN_POINT('',(-24.37116327342,-33.93159777934,
    17.053385611999));
#261 = CARTESIAN_POINT('',(-24.38738399347,-33.78962584528,
    17.302896542858));
#262 = CARTESIAN_POINT('',(-24.40419974212,-33.6292698047,
    17.546968366513));
#263 = CARTESIAN_POINT('',(-24.42088108293,-33.45085146403,
    17.784726468138));
#264 = CARTESIAN_POINT('',(-24.43659001621,-33.25480417324,
    18.015292919218));
#265 = CARTESIAN_POINT('',(-24.45040925998,-33.04169526165,
    18.23779147098));
#266 = CARTESIAN_POINT('',(-24.46265169043,-32.7857584588,18.47600178608
    ));
#267 = CARTESIAN_POINT('',(-24.46388180416,-32.75903202759,
    18.500555288671));
#268 = CARTESIAN_POINT('',(-24.46507328416,-32.73207069987,
    18.525004338193));
#269 = CARTESIAN_POINT('',(-24.46622434613,-32.70488001048,18.5493429023
    ));
#270 = CARTESIAN_POINT('',(-24.46733347847,-32.6774600136,
    18.573570200549));
#271 = CARTESIAN_POINT('',(-24.46839911214,-32.64981132531,
    18.597684811321));
#272 = CARTESIAN_POINT('',(-24.47246892788,-32.53864055183,
    18.693396886301));
#273 = CARTESIAN_POINT('',(-24.47511094121,-32.4534404988,
    18.763977750667));
#274 = CARTESIAN_POINT('',(-24.47730563694,-32.3663627958,
    18.833395008229));
#275 = CARTESIAN_POINT('',(-24.47901246864,-32.27744177102,
    18.901612668956));
#276 = CARTESIAN_POINT('',(-24.4801907692,-32.18671424295,
    18.968594631686));
#277 = CARTESIAN_POINT('',(-24.4808,-32.09421962,19.034304716734));
#278 = CARTESIAN_POINT('',(-24.4808,-32.,19.098706698509));
#279 = PCURVE('',#44,#280);
#280 = DEFINITIONAL_REPRESENTATION('',(#281),#302);
#281 = B_SPLINE_CURVE_WITH_KNOTS('',7,(#282,#283,#284,#285,#286,#287,
    #288,#289,#290,#291,#292,#293,#294,#295,#296,#297,#298,#299,#300,
    #301),.UNSPECIFIED.,.F.,.F.,(8,6,6,8),(0.,0.684787895086,
    0.763839342152,1.),.UNSPECIFIED.);
#282 = CARTESIAN_POINT('',(0.121175764442,16.9999982));
#283 = CARTESIAN_POINT('',(0.113866129745,17.254085611999));
#284 = CARTESIAN_POINT('',(0.105460742092,17.503596542858));
#285 = CARTESIAN_POINT('',(9.597698600896E-02,17.747668366513));
#286 = CARTESIAN_POINT('',(8.543737275765E-02,17.985426468138));
#287 = CARTESIAN_POINT('',(7.387015988275E-02,18.215992919218));
#288 = CARTESIAN_POINT('',(6.130982159567E-02,18.43849147098));
#289 = CARTESIAN_POINT('',(4.623750179796E-02,18.67670178608));
#290 = CARTESIAN_POINT('',(4.466369701076E-02,18.701255288671));
#291 = CARTESIAN_POINT('',(4.307619294454E-02,18.725704338193));
#292 = CARTESIAN_POINT('',(4.147531312243E-02,18.7500429023));
#293 = CARTESIAN_POINT('',(3.986105778807E-02,18.774270200549));
#294 = CARTESIAN_POINT('',(3.823345985368E-02,18.798384811321));
#295 = CARTESIAN_POINT('',(3.168962198051E-02,18.894096886301));
#296 = CARTESIAN_POINT('',(2.667552344828E-02,18.964677750667));
#297 = CARTESIAN_POINT('',(2.155181920273E-02,19.034095008229));
#298 = CARTESIAN_POINT('',(1.632038230899E-02,19.102312668956));
#299 = CARTESIAN_POINT('',(1.098319069187E-02,19.169294631686));
#300 = CARTESIAN_POINT('',(5.542330588348E-03,19.235004716734));
#301 = CARTESIAN_POINT('',(0.,19.299406698509));
#302 = ( GEOMETRIC_REPRESENTATION_CONTEXT(2) 
PARAMETRIC_REPRESENTATION_CONTEXT() REPRESENTATION_CONTEXT('2D SPACE',''
  ) );
#303 = PCURVE('',#126,#304);
#304 = DEFINITIONAL_REPRESENTATION('',(#305),#326);
#305 = B_SPLINE_CURVE_WITH_KNOTS('',7,(#306,#307,#308,#309,#310,#311,
    #312,#313,#314,#315,#316,#317,#318,#319,#320,#321,#322,#323,#324,
    #325),.UNSPECIFIED.,.F.,.F.,(8,6,6,8),(0.,0.684787895086,
    0.763839342152,1.),.UNSPECIFIED.);
#306 = CARTESIAN_POINT('',(4.322909090455,0.35584932732));
#307 = CARTESIAN_POINT('',(4.311133786326,0.40061848941));
#308 = CARTESIAN_POINT('',(4.297308748157,0.444879229304));
#309 = CARTESIAN_POINT('',(4.281290795006,0.488712961308));
#310 = CARTESIAN_POINT('',(4.262875009387,0.532189546282));
#311 = CARTESIAN_POINT('',(4.241794256413,0.575369944732));
#312 = CARTESIAN_POINT('',(4.217658394617,0.618302951995));
#313 = CARTESIAN_POINT('',(4.186621054484,0.665946782396));
#314 = CARTESIAN_POINT('',(4.183357016692,0.67087856451));
#315 = CARTESIAN_POINT('',(4.180073442998,0.675810726496));
#316 = CARTESIAN_POINT('',(4.176726197397,0.680742409038));
#317 = CARTESIAN_POINT('',(4.173354452253,0.685673791541));
#318 = CARTESIAN_POINT('',(4.169934451443,0.690604931008));
#319 = CARTESIAN_POINT('',(4.156132560745,0.710269203301));
#320 = CARTESIAN_POINT('',(4.145431534527,0.724977843526));
#321 = CARTESIAN_POINT('',(4.134356106067,0.739663155438));
#322 = CARTESIAN_POINT('',(4.1228905203,0.754325486629));
#323 = CARTESIAN_POINT('',(4.111016692702,0.768964673589));
#324 = CARTESIAN_POINT('',(4.098713718213,0.78357992114));
#325 = CARTESIAN_POINT('',(4.085957380157,0.798169681871));
#326 = ( GEOMETRIC_REPRESENTATION_CONTEXT(2) 
PARAMETRIC_REPRESENTATION_CONTEXT() REPRESENTATION_CONTEXT('2D SPACE',''
  ) );
#327 = ORIENTED_EDGE('',*,*,#328,.T.);
#328 = EDGE_CURVE('',#255,#329,#331,.T.);
#329 = VERTEX_POINT('',#330);
#330 = CARTESIAN_POINT('',(-7.4808,-49.,16.7993));
#331 = SURFACE_CURVE('',#332,(#337,#344),.PCURVE_S1.);
#332 = CIRCLE('',#333,17.);
#333 = AXIS2_PLACEMENT_3D('',#334,#335,#336);
#334 = CARTESIAN_POINT('',(-7.4808,-32.,16.7993));
#335 = DIRECTION('',(0.,0.,1.));
#336 = DIRECTION('',(-1.,0.,0.));
#337 = PCURVE('',#44,#338);
#338 = DEFINITIONAL_REPRESENTATION('',(#339),#343);
#339 = LINE('',#340,#341);
#340 = CARTESIAN_POINT('',(0.,17.));
#341 = VECTOR('',#342,1.);
#342 = DIRECTION('',(1.,0.));
#343 = ( GEOMETRIC_REPRESENTATION_CONTEXT(2) 
PARAMETRIC_REPRESENTATION_CONTEXT() REPRESENTATION_CONTEXT('2D SPACE',''
  ) );
#344 = PCURVE('',#345,#350);
#345 = SPHERICAL_SURFACE('',#346,17.);
#346 = AXIS2_PLACEMENT_3D('',#347,#348,#349);
#347 = CARTESIAN_POINT('',(-7.4808,-32.,16.7993));
#348 = DIRECTION('',(0.,0.,1.));
#349 = DIRECTION('',(-1.,0.,0.));
#350 = DEFINITIONAL_REPRESENTATION('',(#351),#355);
#351 = LINE('',#352,#353);
#352 = CARTESIAN_POINT('',(0.,0.));
#353 = VECTOR('',#354,1.);
#354 = DIRECTION('',(1.,0.));
#355 = ( GEOMETRIC_REPRESENTATION_CONTEXT(2) 
PARAMETRIC_REPRESENTATION_CONTEXT() REPRESENTATION_CONTEXT('2D SPACE',''
  ) );
#356 = ORIENTED_EDGE('',*,*,#357,.T.);
#357 = EDGE_CURVE('',#329,#358,#360,.T.);
#358 = VERTEX_POINT('',#359);
#359 = CARTESIAN_POINT('',(-7.4808,-49.,20.7993));
#360 = SURFACE_CURVE('',#361,(#365,#372),.PCURVE_S1.);
#361 = LINE('',#362,#363);
#362 = CARTESIAN_POINT('',(-7.4808,-49.,-0.2007));
#363 = VECTOR('',#364,1.);
#364 = DIRECTION('',(0.,0.,1.));
#365 = PCURVE('',#44,#366);
#366 = DEFINITIONAL_REPRESENTATION('',(#367),#371);
#367 = LINE('',#368,#369);
#368 = CARTESIAN_POINT('',(1.570796326795,0.));
#369 = VECTOR('',#370,1.);
#370 = DIRECTION('',(0.,1.));
#371 = ( GEOMETRIC_REPRESENTATION_CONTEXT(2) 
PARAMETRIC_REPRESENTATION_CONTEXT() REPRESENTATION_CONTEXT('2D SPACE',''
  ) );
#372 = PCURVE('',#373,#378);
#373 = PLANE('',#374);
#374 = AXIS2_PLACEMENT_3D('',#375,#376,#377);
#375 = CARTESIAN_POINT('',(-24.4808,-49.,-0.2007));
#376 = DIRECTION('',(-0.,1.,0.));
#377 = DIRECTION('',(0.,0.,1.));
#378 = DEFINITIONAL_REPRESENTATION('',(#379),#383);
#379 = LINE('',#380,#381);
#380 = CARTESIAN_POINT('',(0.,17.));
#381 = VECTOR('',#382,1.);
#382 = DIRECTION('',(1.,0.));
#383 = ( GEOMETRIC_REPRESENTATION_CONTEXT(2) 
PARAMETRIC_REPRESENTATION_CONTEXT() REPRESENTATION_CONTEXT('2D SPACE',''
  ) );
#384 = ORIENTED_EDGE('',*,*,#385,.F.);
#385 = EDGE_CURVE('',#24,#358,#386,.T.);
#386 = SURFACE_CURVE('',#387,(#392,#399),.PCURVE_S1.);
#387 = CIRCLE('',#388,17.);
#388 = AXIS2_PLACEMENT_3D('',#389,#390,#391);
#389 = CARTESIAN_POINT('',(-7.4808,-32.,20.7993));
#390 = DIRECTION('',(0.,0.,1.));
#391 = DIRECTION('',(-1.,0.,0.));
#392 = PCURVE('',#44,#393);
#393 = DEFINITIONAL_REPRESENTATION('',(#394),#398);
#394 = LINE('',#395,#396);
#395 = CARTESIAN_POINT('',(0.,21.));
#396 = VECTOR('',#397,1.);
#397 = DIRECTION('',(1.,0.));
#398 = ( GEOMETRIC_REPRESENTATION_CONTEXT(2) 
PARAMETRIC_REPRESENTATION_CONTEXT() REPRESENTATION_CONTEXT('2D SPACE',''
  ) );
#399 = PCURVE('',#400,#405);
#400 = SPHERICAL_SURFACE('',#401,17.);
#401 = AXIS2_PLACEMENT_3D('',#402,#403,#404);
#402 = CARTESIAN_POINT('',(-7.4808,-32.,20.7993));
#403 = DIRECTION('',(-0.,-0.,-1.));
#404 = DIRECTION('',(-1.,0.,0.));
#405 = DEFINITIONAL_REPRESENTATION('',(#406),#410);
#406 = LINE('',#407,#408);
#407 = CARTESIAN_POINT('',(-0.,0.));
#408 = VECTOR('',#409,1.);
#409 = DIRECTION('',(-1.,0.));
#410 = ( GEOMETRIC_REPRESENTATION_CONTEXT(2) 
PARAMETRIC_REPRESENTATION_CONTEXT() REPRESENTATION_CONTEXT('2D SPACE',''
  ) );
#411 = ADVANCED_FACE('',(#412),#238,.T.);
#412 = FACE_BOUND('',#413,.T.);
#413 = EDGE_LOOP('',(#414,#436,#464,#491));
#414 = ORIENTED_EDGE('',*,*,#415,.F.);
#415 = EDGE_CURVE('',#416,#24,#418,.T.);
#416 = VERTEX_POINT('',#417);
#417 = CARTESIAN_POINT('',(-7.4808,-32.,37.7993));
#418 = SURFACE_CURVE('',#419,(#424,#430),.PCURVE_S1.);
#419 = CIRCLE('',#420,17.);
#420 = AXIS2_PLACEMENT_3D('',#421,#422,#423);
#421 = CARTESIAN_POINT('',(-7.4808,-32.,20.7993));
#422 = DIRECTION('',(0.,-1.,0.));
#423 = DIRECTION('',(-1.,0.,0.));
#424 = PCURVE('',#238,#425);
#425 = DEFINITIONAL_REPRESENTATION('',(#426),#429);
#426 = B_SPLINE_CURVE_WITH_KNOTS('',1,(#427,#428),.UNSPECIFIED.,.F.,.F.,
  (2,2),(4.712388980385,6.28318530718),.PIECEWISE_BEZIER_KNOTS.);
#427 = CARTESIAN_POINT('',(1.570796326795,17.));
#428 = CARTESIAN_POINT('',(0.,17.));
#429 = ( GEOMETRIC_REPRESENTATION_CONTEXT(2) 
PARAMETRIC_REPRESENTATION_CONTEXT() REPRESENTATION_CONTEXT('2D SPACE',''
  ) );
#430 = PCURVE('',#400,#431);
#431 = DEFINITIONAL_REPRESENTATION('',(#432),#435);
#432 = B_SPLINE_CURVE_WITH_KNOTS('',1,(#433,#434),.UNSPECIFIED.,.F.,.F.,
  (2,2),(4.712388980385,6.28318530718),.PIECEWISE_BEZIER_KNOTS.);
#433 = CARTESIAN_POINT('',(0.,-1.570796326795));
#434 = CARTESIAN_POINT('',(0.,0.));
#435 = ( GEOMETRIC_REPRESENTATION_CONTEXT(2) 
PARAMETRIC_REPRESENTATION_CONTEXT() REPRESENTATION_CONTEXT('2D SPACE',''
  ) );
#436 = ORIENTED_EDGE('',*,*,#437,.T.);
#437 = EDGE_CURVE('',#416,#438,#440,.T.);
#438 = VERTEX_POINT('',#439);
#439 = CARTESIAN_POINT('',(-7.4808,-24.,37.7993));
#440 = SURFACE_CURVE('',#441,(#445,#452),.PCURVE_S1.);
#441 = LINE('',#442,#443);
#442 = CARTESIAN_POINT('',(-7.4808,-49.,37.7993));
#443 = VECTOR('',#444,1.);
#444 = DIRECTION('',(-0.,1.,0.));
#445 = PCURVE('',#238,#446);
#446 = DEFINITIONAL_REPRESENTATION('',(#447),#451);
#447 = LINE('',#448,#449);
#448 = CARTESIAN_POINT('',(1.570796326795,0.));
#449 = VECTOR('',#450,1.);
#450 = DIRECTION('',(0.,1.));
#451 = ( GEOMETRIC_REPRESENTATION_CONTEXT(2) 
PARAMETRIC_REPRESENTATION_CONTEXT() REPRESENTATION_CONTEXT('2D SPACE',''
  ) );
#452 = PCURVE('',#453,#458);
#453 = PLANE('',#454);
#454 = AXIS2_PLACEMENT_3D('',#455,#456,#457);
#455 = CARTESIAN_POINT('',(-24.4808,-49.,37.7993));
#456 = DIRECTION('',(0.,0.,1.));
#457 = DIRECTION('',(1.,0.,-0.));
#458 = DEFINITIONAL_REPRESENTATION('',(#459),#463);
#459 = LINE('',#460,#461);
#460 = CARTESIAN_POINT('',(17.,0.));
#461 = VECTOR('',#462,1.);
#462 = DIRECTION('',(0.,1.));
#463 = ( GEOMETRIC_REPRESENTATION_CONTEXT(2) 
PARAMETRIC_REPRESENTATION_CONTEXT() REPRESENTATION_CONTEXT('2D SPACE',''
  ) );
#464 = ORIENTED_EDGE('',*,*,#465,.F.);
#465 = EDGE_CURVE('',#197,#438,#466,.T.);
#466 = SURFACE_CURVE('',#467,(#472,#479),.PCURVE_S1.);
#467 = CIRCLE('',#468,17.);
#468 = AXIS2_PLACEMENT_3D('',#469,#470,#471);
#469 = CARTESIAN_POINT('',(-7.4808,-24.,20.7993));
#470 = DIRECTION('',(-0.,1.,0.));
#471 = DIRECTION('',(-1.,-0.,0.));
#472 = PCURVE('',#238,#473);
#473 = DEFINITIONAL_REPRESENTATION('',(#474),#478);
#474 = LINE('',#475,#476);
#475 = CARTESIAN_POINT('',(0.,25.));
#476 = VECTOR('',#477,1.);
#477 = DIRECTION('',(1.,0.));
#478 = ( GEOMETRIC_REPRESENTATION_CONTEXT(2) 
PARAMETRIC_REPRESENTATION_CONTEXT() REPRESENTATION_CONTEXT('2D SPACE',''
  ) );
#479 = PCURVE('',#480,#485);
#480 = SPHERICAL_SURFACE('',#481,17.);
#481 = AXIS2_PLACEMENT_3D('',#482,#483,#484);
#482 = CARTESIAN_POINT('',(-7.4808,-24.,20.7993));
#483 = DIRECTION('',(0.,-1.,-0.));
#484 = DIRECTION('',(-1.,-0.,0.));
#485 = DEFINITIONAL_REPRESENTATION('',(#486),#490);
#486 = LINE('',#487,#488);
#487 = CARTESIAN_POINT('',(-0.,0.));
#488 = VECTOR('',#489,1.);
#489 = DIRECTION('',(-1.,0.));
#490 = ( GEOMETRIC_REPRESENTATION_CONTEXT(2) 
PARAMETRIC_REPRESENTATION_CONTEXT() REPRESENTATION_CONTEXT('2D SPACE',''
  ) );
#491 = ORIENTED_EDGE('',*,*,#224,.F.);
#492 = ADVANCED_FACE('',(#493),#212,.T.);
#493 = FACE_BOUND('',#494,.F.);
#494 = EDGE_LOOP('',(#495,#496,#579,#608,#634));
#495 = ORIENTED_EDGE('',*,*,#196,.F.);
#496 = ORIENTED_EDGE('',*,*,#497,.T.);
#497 = EDGE_CURVE('',#57,#498,#500,.T.);
#498 = VERTEX_POINT('',#499);
#499 = CARTESIAN_POINT('',(-24.35614244333,-21.94505050663,16.7993));
#500 = SURFACE_CURVE('',#501,(#525,#552),.PCURVE_S1.);
#501 = B_SPLINE_CURVE_WITH_KNOTS('',8,(#502,#503,#504,#505,#506,#507,
    #508,#509,#510,#511,#512,#513,#514,#515,#516,#517,#518,#519,#520,
    #521,#522,#523,#524),.UNSPECIFIED.,.F.,.F.,(9,7,7,9),(0.,
    0.302669841329,0.388911019454,1.),.UNSPECIFIED.);
#502 = CARTESIAN_POINT('',(-24.4808,-24.,19.098706698509));
#503 = CARTESIAN_POINT('',(-24.4808,-23.89460993779,19.02666937905));
#504 = CARTESIAN_POINT('',(-24.48005330092,-23.79133419356,
    18.953028869447));
#505 = CARTESIAN_POINT('',(-24.4786123509,-23.69022762596,18.87783239913
    ));
#506 = CARTESIAN_POINT('',(-24.4765300864,-23.5913415616,18.801127167719
    ));
#507 = CARTESIAN_POINT('',(-24.4738596241,-23.49472391646,
    18.722960307243));
#508 = CARTESIAN_POINT('',(-24.47065395274,-23.40041931724,
    18.643378844357));
#509 = CARTESIAN_POINT('',(-24.46696562499,-23.30846922275,
    18.562429662557));
#510 = CARTESIAN_POINT('',(-24.46167275272,-23.19339408665,
    18.456717819926));
#511 = CARTESIAN_POINT('',(-24.46046408594,-23.16807059873,
    18.433169103701));
#512 = CARTESIAN_POINT('',(-24.45922160886,-23.14294159141,
    18.409513598073));
#513 = CARTESIAN_POINT('',(-24.45794650413,-23.11800788889,
    18.385752278027));
#514 = CARTESIAN_POINT('',(-24.4566400162,-23.09327140619,
    18.361887240558));
#515 = CARTESIAN_POINT('',(-24.45530326625,-23.06873179907,
    18.337918427269));
#516 = CARTESIAN_POINT('',(-24.45393747315,-23.04439072011,
    18.313847703424));
#517 = CARTESIAN_POINT('',(-24.4426684467,-22.84918298367,
    18.118399029205));
#518 = CARTESIAN_POINT('',(-24.43139326057,-22.68811746732,
    17.942051973018));
#519 = CARTESIAN_POINT('',(-24.41913498521,-22.5373436176,
    17.761023507009));
#520 = CARTESIAN_POINT('',(-24.40629441493,-22.39710651673,
    17.575703369528));
#521 = CARTESIAN_POINT('',(-24.39324798966,-22.26760909551,
    17.386481819124));
#522 = CARTESIAN_POINT('',(-24.38034104033,-22.14901667545,
    17.193748776938));
#523 = CARTESIAN_POINT('',(-24.36788267949,-22.04146183972,
    16.997892559224));
#524 = CARTESIAN_POINT('',(-24.35614233692,-21.94504963278,16.7992982));
#525 = PCURVE('',#212,#526);
#526 = DEFINITIONAL_REPRESENTATION('',(#527),#551);
#527 = B_SPLINE_CURVE_WITH_KNOTS('',8,(#528,#529,#530,#531,#532,#533,
    #534,#535,#536,#537,#538,#539,#540,#541,#542,#543,#544,#545,#546,
    #547,#548,#549,#550),.UNSPECIFIED.,.F.,.F.,(9,7,7,9),(0.,
    0.302669841329,0.388911019454,1.),.UNSPECIFIED.);
#528 = CARTESIAN_POINT('',(0.,19.299406698509));
#529 = CARTESIAN_POINT('',(-6.199415423781E-03,19.22736937905));
#530 = CARTESIAN_POINT('',(-1.227445898706E-02,19.153728869447));
#531 = CARTESIAN_POINT('',(-1.822226747341E-02,19.07853239913));
#532 = CARTESIAN_POINT('',(-2.404012297264E-02,19.001827167719));
#533 = CARTESIAN_POINT('',(-2.972544911319E-02,18.923660307243));
#534 = CARTESIAN_POINT('',(-3.52758072944E-02,18.844078844357));
#535 = CARTESIAN_POINT('',(-4.06888929189E-02,18.763129662557));
#536 = CARTESIAN_POINT('',(-4.746517494414E-02,18.657417819926));
#537 = CARTESIAN_POINT('',(-4.895648540501E-02,18.633869103701));
#538 = CARTESIAN_POINT('',(-5.043646446215E-02,18.610213598073));
#539 = CARTESIAN_POINT('',(-5.190506533146E-02,18.586452278027));
#540 = CARTESIAN_POINT('',(-5.336217664405E-02,18.562587240558));
#541 = CARTESIAN_POINT('',(-5.48078198104E-02,18.538618427269));
#542 = CARTESIAN_POINT('',(-5.624189833375E-02,18.514547703424));
#543 = CARTESIAN_POINT('',(-6.77438240525E-02,18.319099029205));
#544 = CARTESIAN_POINT('',(-7.724074204507E-02,18.142751973018));
#545 = CARTESIAN_POINT('',(-8.613817056615E-02,17.961723507009));
#546 = CARTESIAN_POINT('',(-9.442115404592E-02,17.776403369528));
#547 = CARTESIAN_POINT('',(-0.102076684404,17.587181819124));
#548 = CARTESIAN_POINT('',(-0.10909361716,17.394448776938));
#549 = CARTESIAN_POINT('',(-0.115462564377,17.198592559224));
#550 = CARTESIAN_POINT('',(-0.121175764442,16.9999982));
#551 = ( GEOMETRIC_REPRESENTATION_CONTEXT(2) 
PARAMETRIC_REPRESENTATION_CONTEXT() REPRESENTATION_CONTEXT('2D SPACE',''
  ) );
#552 = PCURVE('',#126,#553);
#553 = DEFINITIONAL_REPRESENTATION('',(#554),#578);
#554 = B_SPLINE_CURVE_WITH_KNOTS('',8,(#555,#556,#557,#558,#559,#560,
    #561,#562,#563,#564,#565,#566,#567,#568,#569,#570,#571,#572,#573,
    #574,#575,#576,#577),.UNSPECIFIED.,.F.,.F.,(9,7,7,9),(0.,
    0.302669841329,0.388911019454,1.),.UNSPECIFIED.);
#555 = CARTESIAN_POINT('',(2.197227927023,0.798169681871));
#556 = CARTESIAN_POINT('',(2.182959229471,0.781850195643));
#557 = CARTESIAN_POINT('',(2.169246183318,0.765499494515));
#558 = CARTESIAN_POINT('',(2.156057210414,0.74911956357));
#559 = CARTESIAN_POINT('',(2.143365089936,0.732711417003));
#560 = CARTESIAN_POINT('',(2.131146376107,0.716275235891));
#561 = CARTESIAN_POINT('',(2.11938081591,0.699810505957));
#562 = CARTESIAN_POINT('',(2.108050766811,0.683316155341));
#563 = CARTESIAN_POINT('',(2.09403193213,0.662082012475));
#564 = CARTESIAN_POINT('',(2.09095295728,0.657370841684));
#565 = CARTESIAN_POINT('',(2.08792523813,0.652656983808));
#566 = CARTESIAN_POINT('',(2.084946068596,0.647940383681));
#567 = CARTESIAN_POINT('',(2.081996414962,0.643221201902));
#568 = CARTESIAN_POINT('',(2.079098933253,0.638499169891));
#569 = CARTESIAN_POINT('',(2.07623790953,0.633774398167));
#570 = CARTESIAN_POINT('',(2.053436193838,0.595547838478));
#571 = CARTESIAN_POINT('',(2.035475338776,0.561907416927));
#572 = CARTESIAN_POINT('',(2.019296413872,0.528109266821));
#573 = CARTESIAN_POINT('',(2.004725224562,0.494131373448));
#574 = CARTESIAN_POINT('',(1.991630670554,0.459947525459));
#575 = CARTESIAN_POINT('',(1.979909826205,0.425528209556));
#576 = CARTESIAN_POINT('',(1.969479777656,0.390840840627));
#577 = CARTESIAN_POINT('',(1.960276216725,0.35584932732));
#578 = ( GEOMETRIC_REPRESENTATION_CONTEXT(2) 
PARAMETRIC_REPRESENTATION_CONTEXT() REPRESENTATION_CONTEXT('2D SPACE',''
  ) );
#579 = ORIENTED_EDGE('',*,*,#580,.T.);
#580 = EDGE_CURVE('',#498,#581,#583,.T.);
#581 = VERTEX_POINT('',#582);
#582 = CARTESIAN_POINT('',(-14.36013583441,-8.454108630336,16.7993));
#583 = SURFACE_CURVE('',#584,(#589,#596),.PCURVE_S1.);
#584 = CIRCLE('',#585,17.);
#585 = AXIS2_PLACEMENT_3D('',#586,#587,#588);
#586 = CARTESIAN_POINT('',(-7.4808,-24.,16.7993));
#587 = DIRECTION('',(-0.,0.,-1.));
#588 = DIRECTION('',(-1.,0.,0.));
#589 = PCURVE('',#212,#590);
#590 = DEFINITIONAL_REPRESENTATION('',(#591),#595);
#591 = LINE('',#592,#593);
#592 = CARTESIAN_POINT('',(-0.,17.));
#593 = VECTOR('',#594,1.);
#594 = DIRECTION('',(-1.,0.));
#595 = ( GEOMETRIC_REPRESENTATION_CONTEXT(2) 
PARAMETRIC_REPRESENTATION_CONTEXT() REPRESENTATION_CONTEXT('2D SPACE',''
  ) );
#596 = PCURVE('',#597,#602);
#597 = SPHERICAL_SURFACE('',#598,17.);
#598 = AXIS2_PLACEMENT_3D('',#599,#600,#601);
#599 = CARTESIAN_POINT('',(-7.4808,-24.,16.7993));
#600 = DIRECTION('',(0.,0.,1.));
#601 = DIRECTION('',(-1.,0.,0.));
#602 = DEFINITIONAL_REPRESENTATION('',(#603),#607);
#603 = LINE('',#604,#605);
#604 = CARTESIAN_POINT('',(-0.,0.));
#605 = VECTOR('',#606,1.);
#606 = DIRECTION('',(-1.,0.));
#607 = ( GEOMETRIC_REPRESENTATION_CONTEXT(2) 
PARAMETRIC_REPRESENTATION_CONTEXT() REPRESENTATION_CONTEXT('2D SPACE',''
  ) );
#608 = ORIENTED_EDGE('',*,*,#609,.T.);
#609 = EDGE_CURVE('',#581,#610,#612,.T.);
#610 = VERTEX_POINT('',#611);
#611 = CARTESIAN_POINT('',(-14.36013583441,-8.454108630336,20.7993));
#612 = SURFACE_CURVE('',#613,(#617,#623),.PCURVE_S1.);
#613 = LINE('',#614,#615);
#614 = CARTESIAN_POINT('',(-14.36013583441,-8.454108630336,-0.2007));
#615 = VECTOR('',#616,1.);
#616 = DIRECTION('',(0.,0.,1.));
#617 = PCURVE('',#212,#618);
#618 = DEFINITIONAL_REPRESENTATION('',(#619),#622);
#619 = B_SPLINE_CURVE_WITH_KNOTS('',1,(#620,#621),.UNSPECIFIED.,.F.,.F.,
  (2,2),(16.9999994,21.0000006),.PIECEWISE_BEZIER_KNOTS.);
#620 = CARTESIAN_POINT('',(-1.154181876851,16.9999994));
#621 = CARTESIAN_POINT('',(-1.154181876851,21.0000006));
#622 = ( GEOMETRIC_REPRESENTATION_CONTEXT(2) 
PARAMETRIC_REPRESENTATION_CONTEXT() REPRESENTATION_CONTEXT('2D SPACE',''
  ) );
#623 = PCURVE('',#624,#629);
#624 = CYLINDRICAL_SURFACE('',#625,5.);
#625 = AXIS2_PLACEMENT_3D('',#626,#627,#628);
#626 = CARTESIAN_POINT('',(-9.3808,-8.,4.4993));
#627 = DIRECTION('',(0.,0.,1.));
#628 = DIRECTION('',(-1.,-0.,0.));
#629 = DEFINITIONAL_REPRESENTATION('',(#630),#633);
#630 = B_SPLINE_CURVE_WITH_KNOTS('',1,(#631,#632),.UNSPECIFIED.,.F.,.F.,
  (2,2),(16.9999994,21.0000006),.PIECEWISE_BEZIER_KNOTS.);
#631 = CARTESIAN_POINT('',(9.094705028182E-02,12.2999994));
#632 = CARTESIAN_POINT('',(9.094705028182E-02,16.3000006));
#633 = ( GEOMETRIC_REPRESENTATION_CONTEXT(2) 
PARAMETRIC_REPRESENTATION_CONTEXT() REPRESENTATION_CONTEXT('2D SPACE',''
  ) );
#634 = ORIENTED_EDGE('',*,*,#635,.T.);
#635 = EDGE_CURVE('',#610,#197,#636,.T.);
#636 = SURFACE_CURVE('',#637,(#642,#648),.PCURVE_S1.);
#637 = CIRCLE('',#638,17.);
#638 = AXIS2_PLACEMENT_3D('',#639,#640,#641);
#639 = CARTESIAN_POINT('',(-7.4808,-24.,20.7993));
#640 = DIRECTION('',(0.,0.,1.));
#641 = DIRECTION('',(-1.,-0.,0.));
#642 = PCURVE('',#212,#643);
#643 = DEFINITIONAL_REPRESENTATION('',(#644),#647);
#644 = B_SPLINE_CURVE_WITH_KNOTS('',1,(#645,#646),.UNSPECIFIED.,.F.,.F.,
  (2,2),(4.712388980385,6.28318530718),.PIECEWISE_BEZIER_KNOTS.);
#645 = CARTESIAN_POINT('',(-1.570796326795,21.));
#646 = CARTESIAN_POINT('',(0.,21.));
#647 = ( GEOMETRIC_REPRESENTATION_CONTEXT(2) 
PARAMETRIC_REPRESENTATION_CONTEXT() REPRESENTATION_CONTEXT('2D SPACE',''
  ) );
#648 = PCURVE('',#480,#649);
#649 = DEFINITIONAL_REPRESENTATION('',(#650),#653);
#650 = B_SPLINE_CURVE_WITH_KNOTS('',1,(#651,#652),.UNSPECIFIED.,.F.,.F.,
  (2,2),(4.712388980385,6.28318530718),.PIECEWISE_BEZIER_KNOTS.);
#651 = CARTESIAN_POINT('',(0.,-1.570796326795));
#652 = CARTESIAN_POINT('',(0.,0.));
#653 = ( GEOMETRIC_REPRESENTATION_CONTEXT(2) 
PARAMETRIC_REPRESENTATION_CONTEXT() REPRESENTATION_CONTEXT('2D SPACE',''
  ) );
#654 = ADVANCED_FACE('',(#655),#126,.T.);
#655 = FACE_BOUND('',#656,.T.);
#656 = EDGE_LOOP('',(#657,#726,#830,#974,#975,#976,#977));
#657 = ORIENTED_EDGE('',*,*,#658,.F.);
#658 = EDGE_CURVE('',#659,#661,#663,.T.);
#659 = VERTEX_POINT('',#660);
#660 = CARTESIAN_POINT('',(-22.4808,-28.,8.7993));
#661 = VERTEX_POINT('',#662);
#662 = CARTESIAN_POINT('',(-23.02630743201,-24.,9.919096610477));
#663 = SURFACE_CURVE('',#664,(#681,#701),.PCURVE_S1.);
#664 = B_SPLINE_CURVE_WITH_KNOTS('',8,(#665,#666,#667,#668,#669,#670,
    #671,#672,#673,#674,#675,#676,#677,#678,#679,#680),.UNSPECIFIED.,.F.
  ,.F.,(9,7,9),(0.,6.640269197234E-02,1.),.UNSPECIFIED.);
#665 = CARTESIAN_POINT('',(-22.4808,-28.,8.7993));
#666 = CARTESIAN_POINT('',(-22.48079999998,-27.99889860589,8.7993));
#667 = CARTESIAN_POINT('',(-22.48079719169,-27.96821002248,
    8.799294734298));
#668 = CARTESIAN_POINT('',(-22.48082241065,-27.93040601137,
    8.799342023515));
#669 = CARTESIAN_POINT('',(-22.48110508202,-27.89531837192,
    8.799872011422));
#670 = CARTESIAN_POINT('',(-22.48133074355,-27.86582416877,
    8.800295170702));
#671 = CARTESIAN_POINT('',(-22.48160175802,-27.84067247644,
    8.800803465479));
#672 = CARTESIAN_POINT('',(-22.48187578463,-27.81519207602,
    8.801317352562));
#673 = CARTESIAN_POINT('',(-22.48938986169,-27.29134110459,
    8.815412929756));
#674 = CARTESIAN_POINT('',(-22.51425393562,-26.80329305462,
    8.862087743483));
#675 = CARTESIAN_POINT('',(-22.55689220986,-26.317266923,8.942414843446)
  );
#676 = CARTESIAN_POINT('',(-22.61726528844,-25.83496041565,
    9.057635789065));
#677 = CARTESIAN_POINT('',(-22.69515317254,-25.35869364409,
    9.209622928097));
#678 = CARTESIAN_POINT('',(-22.79003021577,-24.89149750403,
    9.401187763109));
#679 = CARTESIAN_POINT('',(-22.90089594613,-24.43703466341,
    9.635734990053));
#680 = CARTESIAN_POINT('',(-23.02630794854,-23.9999982,9.919097777548));
#681 = PCURVE('',#126,#682);
#682 = DEFINITIONAL_REPRESENTATION('',(#683),#700);
#683 = B_SPLINE_CURVE_WITH_KNOTS('',8,(#684,#685,#686,#687,#688,#689,
    #690,#691,#692,#693,#694,#695,#696,#697,#698,#699),.UNSPECIFIED.,.F.
  ,.F.,(9,7,9),(0.,6.640269197234E-02,1.),.UNSPECIFIED.);
#684 = CARTESIAN_POINT('',(1.533203611419,-1.570796326795));
#685 = CARTESIAN_POINT('',(1.533203611419,-1.570621563756));
#686 = CARTESIAN_POINT('',(1.534737470705,-1.565751609412));
#687 = CARTESIAN_POINT('',(1.536132421089,-1.55975697838));
#688 = CARTESIAN_POINT('',(1.53799406387,-1.554229664853));
#689 = CARTESIAN_POINT('',(1.539102914201,-1.549580393445));
#690 = CARTESIAN_POINT('',(1.540306083662,-1.54562634941));
#691 = CARTESIAN_POINT('',(1.541424945684,-1.541620561768));
#692 = CARTESIAN_POINT('',(1.564770852866,-1.45949576295));
#693 = CARTESIAN_POINT('',(1.586698870116,-1.385157846591));
#694 = CARTESIAN_POINT('',(1.608799445158,-1.312156396834));
#695 = CARTESIAN_POINT('',(1.631086153933,-1.239745223673));
#696 = CARTESIAN_POINT('',(1.653553359907,-1.167257697937));
#697 = CARTESIAN_POINT('',(1.676187897652,-1.093994543242));
#698 = CARTESIAN_POINT('',(1.698966975267,-1.019211839135));
#699 = CARTESIAN_POINT('',(1.721910325906,-0.941724256262));
#700 = ( GEOMETRIC_REPRESENTATION_CONTEXT(2) 
PARAMETRIC_REPRESENTATION_CONTEXT() REPRESENTATION_CONTEXT('2D SPACE',''
  ) );
#701 = PCURVE('',#702,#707);
#702 = CYLINDRICAL_SURFACE('',#703,17.);
#703 = AXIS2_PLACEMENT_3D('',#704,#705,#706);
#704 = CARTESIAN_POINT('',(-7.4808,-49.,16.7993));
#705 = DIRECTION('',(-0.,1.,0.));
#706 = DIRECTION('',(-1.,-0.,0.));
#707 = DEFINITIONAL_REPRESENTATION('',(#708),#725);
#708 = B_SPLINE_CURVE_WITH_KNOTS('',8,(#709,#710,#711,#712,#713,#714,
    #715,#716,#717,#718,#719,#720,#721,#722,#723,#724),.UNSPECIFIED.,.F.
  ,.F.,(9,7,9),(0.,6.640269197234E-02,1.),.UNSPECIFIED.);
#709 = CARTESIAN_POINT('',(-0.489957326254,21.));
#710 = CARTESIAN_POINT('',(-0.489957326254,21.001101394109));
#711 = CARTESIAN_POINT('',(-0.489957677298,21.031789977519));
#712 = CARTESIAN_POINT('',(-0.489954524739,21.069593988621));
#713 = CARTESIAN_POINT('',(-0.489919191901,21.10468162808));
#714 = CARTESIAN_POINT('',(-0.489890981933,21.134175831226));
#715 = CARTESIAN_POINT('',(-0.489857097719,21.159327523552));
#716 = CARTESIAN_POINT('',(-0.489822839868,21.184807923971));
#717 = CARTESIAN_POINT('',(-0.488883233364,21.708658895403));
#718 = CARTESIAN_POINT('',(-0.485772381748,22.19670694538));
#719 = CARTESIAN_POINT('',(-0.480422878156,22.682733076993));
#720 = CARTESIAN_POINT('',(-0.472771222434,23.165039584343));
#721 = CARTESIAN_POINT('',(-0.462726300527,23.641306355905));
#722 = CARTESIAN_POINT('',(-0.45015396766,24.108502495962));
#723 = CARTESIAN_POINT('',(-0.43489813458,24.562965336585));
#724 = CARTESIAN_POINT('',(-0.416670181629,25.0000018));
#725 = ( GEOMETRIC_REPRESENTATION_CONTEXT(2) 
PARAMETRIC_REPRESENTATION_CONTEXT() REPRESENTATION_CONTEXT('2D SPACE',''
  ) );
#726 = ORIENTED_EDGE('',*,*,#727,.F.);
#727 = EDGE_CURVE('',#728,#659,#730,.T.);
#728 = VERTEX_POINT('',#729);
#729 = CARTESIAN_POINT('',(-23.02630743201,-32.,9.919096610477));
#730 = SURFACE_CURVE('',#731,(#762,#796),.PCURVE_S1.);
#731 = B_SPLINE_CURVE_WITH_KNOTS('',8,(#732,#733,#734,#735,#736,#737,
    #738,#739,#740,#741,#742,#743,#744,#745,#746,#747,#748,#749,#750,
    #751,#752,#753,#754,#755,#756,#757,#758,#759,#760,#761),
  .UNSPECIFIED.,.F.,.F.,(9,7,7,7,9),(0.,0.856853935095,0.930361137064,
    0.964418109258,1.),.UNSPECIFIED.);
#732 = CARTESIAN_POINT('',(-23.02630794854,-32.0000018,9.919097777548));
#733 = CARTESIAN_POINT('',(-22.91278700249,-31.60440335782,
    9.662602297907));
#734 = CARTESIAN_POINT('',(-22.81115618667,-31.19442704436,
    9.446040326656));
#735 = CARTESIAN_POINT('',(-22.72252496896,-30.77364407474,
    9.265183863978));
#736 = CARTESIAN_POINT('',(-22.6476747125,-30.34489934299,9.117342816135
    ));
#737 = CARTESIAN_POINT('',(-22.58705225645,-29.91054835787,
    9.000306115481));
#738 = CARTESIAN_POINT('',(-22.54087512769,-29.47242338645,
    8.912480715472));
#739 = CARTESIAN_POINT('',(-22.50922121352,-29.03187821152,
    8.852736189102));
#740 = CARTESIAN_POINT('',(-22.49070268796,-28.55181815923,
    8.817894671576));
#741 = CARTESIAN_POINT('',(-22.4893471035,-28.51388023851,8.815345610943
    ));
#742 = CARTESIAN_POINT('',(-22.48809910147,-28.47593447756,
    8.812999992604));
#743 = CARTESIAN_POINT('',(-22.48695870817,-28.43798173477,
    8.810857543838));
#744 = CARTESIAN_POINT('',(-22.48592594548,-28.40002286531,
    8.808918020929));
#745 = CARTESIAN_POINT('',(-22.4850008308,-28.36205872113,8.807181209167
    ));
#746 = CARTESIAN_POINT('',(-22.48418337708,-28.32409015097,
    8.805646922847));
#747 = CARTESIAN_POINT('',(-22.48314473935,-28.26852494224,
    8.803697908186));
#748 = CARTESIAN_POINT('',(-22.48283933121,-28.25094892755,8.80312487647
    ));
#749 = CARTESIAN_POINT('',(-22.48255729093,-28.23339023465,
    8.802595747234));
#750 = CARTESIAN_POINT('',(-22.4822985395,-28.21584913921,8.802110356613
    ));
#751 = CARTESIAN_POINT('',(-22.48206299644,-28.19832591424,
    8.801668539769));
#752 = CARTESIAN_POINT('',(-22.48185057981,-28.18082083008,
    8.801270130883));
#753 = CARTESIAN_POINT('',(-22.48166120619,-28.16333415439,
    8.800914963162));
#754 = CARTESIAN_POINT('',(-22.48132092387,-28.12761601115,
    8.800276800321));
#755 = CARTESIAN_POINT('',(-22.48117207387,-28.10939020977,8.79999766515
    ));
#756 = CARTESIAN_POINT('',(-22.48104810978,-28.09117010721,
    8.799765211568));
#757 = CARTESIAN_POINT('',(-22.48094894361,-28.07294416766,
    8.799579268448));
#758 = CARTESIAN_POINT('',(-22.48087453026,-28.05470796036,
    8.799439745291));
#759 = CARTESIAN_POINT('',(-22.48082486757,-28.03646415959,
    8.799346632224));
#760 = CARTESIAN_POINT('',(-22.48079999626,-28.01822254468,8.7993));
#761 = CARTESIAN_POINT('',(-22.4808,-28.,8.7993));
#762 = PCURVE('',#126,#763);
#763 = DEFINITIONAL_REPRESENTATION('',(#764),#795);
#764 = B_SPLINE_CURVE_WITH_KNOTS('',8,(#765,#766,#767,#768,#769,#770,
    #771,#772,#773,#774,#775,#776,#777,#778,#779,#780,#781,#782,#783,
    #784,#785,#786,#787,#788,#789,#790,#791,#792,#793,#794),
  .UNSPECIFIED.,.F.,.F.,(9,7,7,7,9),(0.,0.856853935095,0.930361137064,
    0.964418109258,1.),.UNSPECIFIED.);
#765 = CARTESIAN_POINT('',(4.561274981274,-0.941724256262));
#766 = CARTESIAN_POINT('',(4.582042936652,-1.011864781456));
#767 = CARTESIAN_POINT('',(4.60268149421,-1.07980654014));
#768 = CARTESIAN_POINT('',(4.623199888615,-1.1464093062));
#769 = CARTESIAN_POINT('',(4.64358179699,-1.212249146406));
#770 = CARTESIAN_POINT('',(4.66381646829,-1.277855567485));
#771 = CARTESIAN_POINT('',(4.683899474165,-1.343732136055));
#772 = CARTESIAN_POINT('',(4.703839925807,-1.410427422917));
#773 = CARTESIAN_POINT('',(4.725365940423,-1.484480136212));
#774 = CARTESIAN_POINT('',(4.727065715544,-1.490341621841));
#775 = CARTESIAN_POINT('',(4.72876451266,-1.496214118494));
#776 = CARTESIAN_POINT('',(4.73046233444,-1.50209801003));
#777 = CARTESIAN_POINT('',(4.732159183549,-1.507993684147));
#778 = CARTESIAN_POINT('',(4.733855062645,-1.513901532389));
#779 = CARTESIAN_POINT('',(4.735549974377,-1.519821950146));
#780 = CARTESIAN_POINT('',(4.73802875206,-1.528504362235));
#781 = CARTESIAN_POINT('',(4.738812581046,-1.531253388534));
#782 = CARTESIAN_POINT('',(4.739595400809,-1.534002415532));
#783 = CARTESIAN_POINT('',(4.7403772039,-1.536751443216));
#784 = CARTESIAN_POINT('',(4.741157982963,-1.539500471575));
#785 = CARTESIAN_POINT('',(4.741937730734,-1.542249500596));
#786 = CARTESIAN_POINT('',(4.742716440042,-1.544998530267));
#787 = CARTESIAN_POINT('',(4.744306587872,-1.55061968014));
#788 = CARTESIAN_POINT('',(4.744828621733,-1.55349116687));
#789 = CARTESIAN_POINT('',(4.745465866426,-1.556365021206));
#790 = CARTESIAN_POINT('',(4.746415462575,-1.559243122223));
#791 = CARTESIAN_POINT('',(4.747666030393,-1.562126227629));
#792 = CARTESIAN_POINT('',(4.748997669684,-1.565013973769));
#793 = CARTESIAN_POINT('',(4.749981959839,-1.567904875621));
#794 = CARTESIAN_POINT('',(4.749981959839,-1.570796326795));
#795 = ( GEOMETRIC_REPRESENTATION_CONTEXT(2) 
PARAMETRIC_REPRESENTATION_CONTEXT() REPRESENTATION_CONTEXT('2D SPACE',''
  ) );
#796 = PCURVE('',#702,#797);
#797 = DEFINITIONAL_REPRESENTATION('',(#798),#829);
#798 = B_SPLINE_CURVE_WITH_KNOTS('',8,(#799,#800,#801,#802,#803,#804,
    #805,#806,#807,#808,#809,#810,#811,#812,#813,#814,#815,#816,#817,
    #818,#819,#820,#821,#822,#823,#824,#825,#826,#827,#828),
  .UNSPECIFIED.,.F.,.F.,(9,7,7,7,9),(0.,0.856853935095,0.930361137064,
    0.964418109258,1.),.UNSPECIFIED.);
#799 = CARTESIAN_POINT('',(-0.416670181629,16.9999982));
#800 = CARTESIAN_POINT('',(-0.433169834164,17.395596642178));
#801 = CARTESIAN_POINT('',(-0.44723837066,17.805572955637));
#802 = CARTESIAN_POINT('',(-0.459083630948,18.226355925258));
#803 = CARTESIAN_POINT('',(-0.468830171654,18.65510065701));
#804 = CARTESIAN_POINT('',(-0.476583181864,19.089451642124));
#805 = CARTESIAN_POINT('',(-0.482419899083,19.527576613542));
#806 = CARTESIAN_POINT('',(-0.486397072591,19.968121788472));
#807 = CARTESIAN_POINT('',(-0.488718081747,20.448181840766));
#808 = CARTESIAN_POINT('',(-0.48888791088,20.486119761486));
#809 = CARTESIAN_POINT('',(-0.489044202618,20.524065522432));
#810 = CARTESIAN_POINT('',(-0.489186970404,20.562018265221));
#811 = CARTESIAN_POINT('',(-0.489316226294,20.599977134684));
#812 = CARTESIAN_POINT('',(-0.489431980959,20.637941278865));
#813 = CARTESIAN_POINT('',(-0.489534243684,20.675909849022));
#814 = CARTESIAN_POINT('',(-0.489664154839,20.731475057759));
#815 = CARTESIAN_POINT('',(-0.489702351176,20.749051072448));
#816 = CARTESIAN_POINT('',(-0.489737621975,20.76660976535));
#817 = CARTESIAN_POINT('',(-0.48976997793,20.784150860789));
#818 = CARTESIAN_POINT('',(-0.489799429824,20.801674085759));
#819 = CARTESIAN_POINT('',(-0.489825988531,20.81917916992));
#820 = CARTESIAN_POINT('',(-0.489849665018,20.836665845604));
#821 = CARTESIAN_POINT('',(-0.489892207237,20.872383988849));
#822 = CARTESIAN_POINT('',(-0.489910815596,20.890609790226));
#823 = CARTESIAN_POINT('',(-0.489926312167,20.908829892787));
#824 = CARTESIAN_POINT('',(-0.489938708299,20.927055832336));
#825 = CARTESIAN_POINT('',(-0.489948009933,20.945292039634));
#826 = CARTESIAN_POINT('',(-0.489954217612,20.963535840401));
#827 = CARTESIAN_POINT('',(-0.489957326473,20.981777455312));
#828 = CARTESIAN_POINT('',(-0.489957326254,21.));
#829 = ( GEOMETRIC_REPRESENTATION_CONTEXT(2) 
PARAMETRIC_REPRESENTATION_CONTEXT() REPRESENTATION_CONTEXT('2D SPACE',''
  ) );
#830 = ORIENTED_EDGE('',*,*,#831,.T.);
#831 = EDGE_CURVE('',#728,#255,#832,.T.);
#832 = SURFACE_CURVE('',#833,(#878,#926),.PCURVE_S1.);
#833 = B_SPLINE_CURVE_WITH_KNOTS('',7,(#834,#835,#836,#837,#838,#839,
    #840,#841,#842,#843,#844,#845,#846,#847,#848,#849,#850,#851,#852,
    #853,#854,#855,#856,#857,#858,#859,#860,#861,#862,#863,#864,#865,
    #866,#867,#868,#869,#870,#871,#872,#873,#874,#875,#876,#877),
  .UNSPECIFIED.,.F.,.F.,(8,6,6,6,6,6,6,8),(0.,0.279659752916,
    0.407330016222,0.656965316324,0.696491753703,0.716080503644,
    0.73566853473,1.),.UNSPECIFIED.);
#834 = CARTESIAN_POINT('',(-23.02630743201,-32.,9.919096610477));
#835 = CARTESIAN_POINT('',(-23.10168857557,-32.26268878784,
    10.089416884613));
#836 = CARTESIAN_POINT('',(-23.17599478462,-32.5159403029,
    10.274892119488));
#837 = CARTESIAN_POINT('',(-23.24910773991,-32.75844448841,
    10.475267736202));
#838 = CARTESIAN_POINT('',(-23.32090819104,-32.98880436653,
    10.690177200771));
#839 = CARTESIAN_POINT('',(-23.39127349711,-33.20556141452,
    10.919107221338));
#840 = CARTESIAN_POINT('',(-23.46006972085,-33.40722554515,
    11.161368190827));
#841 = CARTESIAN_POINT('',(-23.55775462753,-33.67684297225,
    11.532296775347));
#842 = CARTESIAN_POINT('',(-23.58801106654,-33.75789750716,
    11.651140259105));
#843 = CARTESIAN_POINT('',(-23.61789052786,-33.8353594995,
    11.772475549144));
#844 = CARTESIAN_POINT('',(-23.64737622881,-33.90909048534,
    11.896201890582));
#845 = CARTESIAN_POINT('',(-23.67645020997,-33.97895563745,
    12.022207622793));
#846 = CARTESIAN_POINT('',(-23.70509310047,-34.04482551896,
    12.150369240688));
#847 = CARTESIAN_POINT('',(-23.78840568167,-34.22732293492,
    12.535095452683));
#848 = CARTESIAN_POINT('',(-23.84180998726,-34.33234984762,
    12.797412500572));
#849 = CARTESIAN_POINT('',(-23.89332311955,-34.42070046487,
    13.066418271962));
#850 = CARTESIAN_POINT('',(-23.94277100534,-34.49159574707,
    13.340919192463));
#851 = CARTESIAN_POINT('',(-23.98996545507,-34.54444486316,
    13.619612449632));
#852 = CARTESIAN_POINT('',(-24.03470016744,-34.57888465287,
    13.901079519139));
#853 = CARTESIAN_POINT('',(-24.0834155184,-34.59737722115,
    14.228532844776));
#854 = CARTESIAN_POINT('',(-24.09000757845,-34.59944191103,
    14.273325228196));
#855 = CARTESIAN_POINT('',(-24.09653181727,-34.60104320529,
    14.31814353294));
#856 = CARTESIAN_POINT('',(-24.10298741195,-34.60218099902,
    14.362981935225));
#857 = CARTESIAN_POINT('',(-24.10937354171,-34.60285536,14.407834613259)
  );
#858 = CARTESIAN_POINT('',(-24.11568938786,-34.60306652867,
    14.452695747239));
#859 = CARTESIAN_POINT('',(-24.12502894272,-34.60269022349,
    14.519793377792));
#860 = CARTESIAN_POINT('',(-24.12810171467,-34.60245205183,
    14.541995021192));
#861 = CARTESIAN_POINT('',(-24.13115244936,-34.60210105836,
    14.564163781773));
#862 = CARTESIAN_POINT('',(-24.13418114759,-34.60163790484,
    14.586299002224));
#863 = CARTESIAN_POINT('',(-24.13718781136,-34.60106325958,
    14.608400035699));
#864 = CARTESIAN_POINT('',(-24.14017244381,-34.60037779746,
    14.630466245818));
#865 = CARTESIAN_POINT('',(-24.14609754598,-34.59878663154,
    14.67452695904));
#866 = CARTESIAN_POINT('',(-24.14903824278,-34.59788088335,
    14.696523132102));
#867 = CARTESIAN_POINT('',(-24.15195692164,-34.59686563461,
    14.718483314861));
#868 = CARTESIAN_POINT('',(-24.15485341482,-34.59574167094,
    14.740405546005));
#869 = CARTESIAN_POINT('',(-24.15772772113,-34.59450974491,
    14.762289098214));
#870 = CARTESIAN_POINT('',(-24.16058012221,-34.59317043669,
    14.78413546246));
#871 = CARTESIAN_POINT('',(-24.20161672411,-34.57220521535,
    15.100317467532));
#872 = CARTESIAN_POINT('',(-24.23664453215,-34.53282820287,
    15.394066566432));
#873 = CARTESIAN_POINT('',(-24.26823888492,-34.47378742836,
    15.685479860775));
#874 = CARTESIAN_POINT('',(-24.29617527641,-34.39561496678,
    15.973017813937));
#875 = CARTESIAN_POINT('',(-24.32025085613,-34.29908542688,
    16.255300049831));
#876 = CARTESIAN_POINT('',(-24.34028675927,-34.18515712081,
    16.531092533013));
#877 = CARTESIAN_POINT('',(-24.35614244333,-34.05494949336,16.7993));
#878 = PCURVE('',#126,#879);
#879 = DEFINITIONAL_REPRESENTATION('',(#880),#925);
#880 = B_SPLINE_CURVE_WITH_KNOTS('',7,(#881,#882,#883,#884,#885,#886,
    #887,#888,#889,#890,#891,#892,#893,#894,#895,#896,#897,#898,#899,
    #900,#901,#902,#903,#904,#905,#906,#907,#908,#909,#910,#911,#912,
    #913,#914,#915,#916,#917,#918,#919,#920,#921,#922,#923,#924),
  .UNSPECIFIED.,.F.,.F.,(8,6,6,6,6,6,6,8),(0.,0.279659752916,
    0.407330016222,0.656965316324,0.696491753703,0.716080503644,
    0.73566853473,1.),.UNSPECIFIED.);
#881 = CARTESIAN_POINT('',(4.561275075769,-0.941724575406));
#882 = CARTESIAN_POINT('',(4.547484556096,-0.895149254041));
#883 = CARTESIAN_POINT('',(4.535735148851,-0.848355383284));
#884 = CARTESIAN_POINT('',(4.525313617154,-0.801271557216));
#885 = CARTESIAN_POINT('',(4.51584553023,-0.753810422313));
#886 = CARTESIAN_POINT('',(4.507042277907,-0.705881470746));
#887 = CARTESIAN_POINT('',(4.498697960602,-0.657388665555));
#888 = CARTESIAN_POINT('',(4.486966903544,-0.585800081876));
#889 = CARTESIAN_POINT('',(4.48335061014,-0.563225464846));
#890 = CARTESIAN_POINT('',(4.479779104074,-0.540505983978));
#891 = CARTESIAN_POINT('',(4.476238320673,-0.517633212613));
#892 = CARTESIAN_POINT('',(4.472715649127,-0.494598854593));
#893 = CARTESIAN_POINT('',(4.46919964304,-0.471394901369));
#894 = CARTESIAN_POINT('',(4.458797201881,-0.402296401005));
#895 = CARTESIAN_POINT('',(4.451898413592,-0.355892669378));
#896 = CARTESIAN_POINT('',(4.444906509653,-0.30875795775));
#897 = CARTESIAN_POINT('',(4.437756125354,-0.260840342464));
#898 = CARTESIAN_POINT('',(4.430389407365,-0.212083659777));
#899 = CARTESIAN_POINT('',(4.422754523037,-0.162436182606));
#900 = CARTESIAN_POINT('',(4.413548220586,-0.103857639624));
#901 = CARTESIAN_POINT('',(4.412281906698,-9.582701230674E-02));
#902 = CARTESIAN_POINT('',(4.411007530457,-8.777285559357E-02));
#903 = CARTESIAN_POINT('',(4.409724906307,-7.969497823639E-02));
#904 = CARTESIAN_POINT('',(4.408433850351,-7.159318712606E-02));
#905 = CARTESIAN_POINT('',(4.407134180356,-6.346728729262E-02));
#906 = CARTESIAN_POINT('',(4.40517725898,-5.127795402298E-02));
#907 = CARTESIAN_POINT('',(4.404527600648,-4.723882676553E-02));
#908 = CARTESIAN_POINT('',(4.403876728993,-4.319970012324E-02));
#909 = CARTESIAN_POINT('',(4.403224632549,-3.916057408804E-02));
#910 = CARTESIAN_POINT('',(4.402571300136,-3.512144865348E-02));
#911 = CARTESIAN_POINT('',(4.401916720868,-3.108232381482E-02));
#912 = CARTESIAN_POINT('',(4.4006050715,-2.300422354856E-02));
#913 = CARTESIAN_POINT('',(4.399947952039,-1.896347185011E-02));
#914 = CARTESIAN_POINT('',(4.399289561036,-1.492569779891E-02));
#915 = CARTESIAN_POINT('',(4.398629929319,-1.088867210499E-02));
#916 = CARTESIAN_POINT('',(4.397969051673,-6.84862590257E-03));
#917 = CARTESIAN_POINT('',(4.397306855265,-2.805693789503E-03));
#918 = CARTESIAN_POINT('',(4.387687014415,5.569915242182E-02));
#919 = CARTESIAN_POINT('',(4.378298147407,0.108767110405));
#920 = CARTESIAN_POINT('',(4.368426283335,0.160503014857));
#921 = CARTESIAN_POINT('',(4.358017416558,0.210994738567));
#922 = CARTESIAN_POINT('',(4.347011748051,0.26033117486));
#923 = CARTESIAN_POINT('',(4.335338698658,0.308592584572));
#924 = CARTESIAN_POINT('',(4.322909007036,0.355849644472));
#925 = ( GEOMETRIC_REPRESENTATION_CONTEXT(2) 
PARAMETRIC_REPRESENTATION_CONTEXT() REPRESENTATION_CONTEXT('2D SPACE',''
  ) );
#926 = PCURVE('',#345,#927);
#927 = DEFINITIONAL_REPRESENTATION('',(#928),#973);
#928 = B_SPLINE_CURVE_WITH_KNOTS('',7,(#929,#930,#931,#932,#933,#934,
    #935,#936,#937,#938,#939,#940,#941,#942,#943,#944,#945,#946,#947,
    #948,#949,#950,#951,#952,#953,#954,#955,#956,#957,#958,#959,#960,
    #961,#962,#963,#964,#965,#966,#967,#968,#969,#970,#971,#972),
  .UNSPECIFIED.,.F.,.F.,(8,6,6,6,6,6,6,8),(0.,0.279659752916,
    0.407330016222,0.656965316324,0.696491753703,0.716080503644,
    0.73566853473,1.),.UNSPECIFIED.);
#929 = CARTESIAN_POINT('',(0.,-0.416670256703));
#930 = CARTESIAN_POINT('',(1.689805167134E-02,-0.405714019033));
#931 = CARTESIAN_POINT('',(3.299783649527E-02,-0.393844886339));
#932 = CARTESIAN_POINT('',(4.822048669701E-02,-0.381095678144));
#933 = CARTESIAN_POINT('',(6.249058353762E-02,-0.367505999984));
#934 = CARTESIAN_POINT('',(7.573776061582E-02,-0.353123080917));
#935 = CARTESIAN_POINT('',(8.789700519261E-02,-0.338002137736));
#936 = CARTESIAN_POINT('',(0.103937376682,-0.314999028867));
#937 = CARTESIAN_POINT('',(0.10872587713,-0.307649204974));
#938 = CARTESIAN_POINT('',(0.113269664512,-0.300165901772));
#939 = CARTESIAN_POINT('',(0.11756341811,-0.292555991266));
#940 = CARTESIAN_POINT('',(0.121602189177,-0.284826826188));
#941 = CARTESIAN_POINT('',(0.125381445893,-0.276986282804));
#942 = CARTESIAN_POINT('',(0.135771357641,-0.253510817343));
#943 = CARTESIAN_POINT('',(0.141639232054,-0.237582193516));
#944 = CARTESIAN_POINT('',(0.146467714182,-0.221324055632));
#945 = CARTESIAN_POINT('',(0.150234998823,-0.204807042838));
#946 = CARTESIAN_POINT('',(0.152928674223,-0.18810533115));
#947 = CARTESIAN_POINT('',(0.154546325433,-0.171297482557));
#948 = CARTESIAN_POINT('',(0.155186010323,-0.15180341617));
#949 = CARTESIAN_POINT('',(0.155246742762,-0.149138110222));
#950 = CARTESIAN_POINT('',(0.155280807972,-0.146472521096));
#951 = CARTESIAN_POINT('',(0.155288254037,-0.143806964658));
#952 = CARTESIAN_POINT('',(0.155269136232,-0.1411417558));
#953 = CARTESIAN_POINT('',(0.155223517019,-0.138477208434));
#954 = CARTESIAN_POINT('',(0.155115758601,-0.134493605969));
#955 = CARTESIAN_POINT('',(0.155073612127,-0.133175766867));
#956 = CARTESIAN_POINT('',(0.155025069588,-0.131860152411));
#957 = CARTESIAN_POINT('',(0.154970174082,-0.130546796227));
#958 = CARTESIAN_POINT('',(0.154908968846,-0.129235731339));
#959 = CARTESIAN_POINT('',(0.154841497256,-0.127926990174));
#960 = CARTESIAN_POINT('',(0.154694111106,-0.125314266876));
#961 = CARTESIAN_POINT('',(0.154614191864,-0.124010185686));
#962 = CARTESIAN_POINT('',(0.154528090555,-0.122708486932));
#963 = CARTESIAN_POINT('',(0.154435858132,-0.121409281547));
#964 = CARTESIAN_POINT('',(0.154337541868,-0.120112607308));
#965 = CARTESIAN_POINT('',(0.15423317617,-0.118818370694));
#966 = CARTESIAN_POINT('',(0.152632938648,-0.100090237526));
#967 = CARTESIAN_POINT('',(0.150016844638,-8.273273125292E-02));
#968 = CARTESIAN_POINT('',(0.146295699025,-6.55461192078E-02));
#969 = CARTESIAN_POINT('',(0.141504458779,-4.861124998507E-02));
#970 = CARTESIAN_POINT('',(0.135686560211,-3.199999658793E-02));
#971 = CARTESIAN_POINT('',(0.128891563635,-1.577690982274E-02));
#972 = CARTESIAN_POINT('',(0.12117571266,0.));
#973 = ( GEOMETRIC_REPRESENTATION_CONTEXT(2) 
PARAMETRIC_REPRESENTATION_CONTEXT() REPRESENTATION_CONTEXT('2D SPACE',''
  ) );
#974 = ORIENTED_EDGE('',*,*,#254,.T.);
#975 = ORIENTED_EDGE('',*,*,#56,.F.);
#976 = ORIENTED_EDGE('',*,*,#497,.T.);
#977 = ORIENTED_EDGE('',*,*,#978,.T.);
#978 = EDGE_CURVE('',#498,#661,#979,.T.);
#979 = SURFACE_CURVE('',#980,(#1019,#1061),.PCURVE_S1.);
#980 = B_SPLINE_CURVE_WITH_KNOTS('',7,(#981,#982,#983,#984,#985,#986,
    #987,#988,#989,#990,#991,#992,#993,#994,#995,#996,#997,#998,#999,
    #1000,#1001,#1002,#1003,#1004,#1005,#1006,#1007,#1008,#1009,#1010,
    #1011,#1012,#1013,#1014,#1015,#1016,#1017,#1018),.UNSPECIFIED.,.F.,
  .F.,(8,6,6,6,6,6,8),(0.,0.258610457904,0.278020750778,0.33950387955,
    0.590352951411,0.721206572517,1.),.UNSPECIFIED.);
#981 = CARTESIAN_POINT('',(-24.35614244333,-21.94505050663,16.7993));
#982 = CARTESIAN_POINT('',(-24.34043335633,-21.81604674111,
    16.53357230141));
#983 = CARTESIAN_POINT('',(-24.32062109041,-21.70302350704,
    16.260400925494));
#984 = CARTESIAN_POINT('',(-24.29684232759,-21.60706821259,
    15.980849413062));
#985 = CARTESIAN_POINT('',(-24.26927053474,-21.52911414935,
    15.696115689007));
#986 = CARTESIAN_POINT('',(-24.23810247375,-21.46991834901,
    15.407539457774));
#987 = CARTESIAN_POINT('',(-24.20355600523,-21.43000513885,
    15.116614658344));
#988 = CARTESIAN_POINT('',(-24.16305131062,-21.40804201914,
    14.80312004301));
#989 = CARTESIAN_POINT('',(-24.16020589804,-21.40661844069,14.7812299965
    ));
#990 = CARTESIAN_POINT('',(-24.15734255861,-21.40530450744,
    14.759333749834));
#991 = CARTESIAN_POINT('',(-24.15446130457,-21.40410029604,
    14.737431345923));
#992 = CARTESIAN_POINT('',(-24.15156234178,-21.4030059877,14.71552433534
    ));
#993 = CARTESIAN_POINT('',(-24.14864586156,-21.40202174279,
    14.69361415174));
#994 = CARTESIAN_POINT('',(-24.13641814083,-21.39837860435,
    14.602287796577));
#995 = CARTESIAN_POINT('',(-24.12694872776,-21.39671431007,
    14.532842948592));
#996 = CARTESIAN_POINT('',(-24.11730658902,-21.39615763845,
    14.463387398338));
#997 = CARTESIAN_POINT('',(-24.10749473816,-21.39671054645,
    14.39394265156));
#998 = CARTESIAN_POINT('',(-24.09751620661,-21.39837400226,
    14.324530264706));
#999 = CARTESIAN_POINT('',(-24.08737404372,-21.40114798528,
    14.255171844929));
#1000 = CARTESIAN_POINT('',(-24.03503654146,-21.42087603725,
    13.903217606256));
#1001 = CARTESIAN_POINT('',(-23.99032279194,-21.45519213764,
    13.621763653279));
#1002 = CARTESIAN_POINT('',(-23.94314867875,-21.50791531867,
    13.343075026137));
#1003 = CARTESIAN_POINT('',(-23.89372048285,-21.57868367859,
    13.068570171269));
#1004 = CARTESIAN_POINT('',(-23.84222640394,-21.666907577,
    12.799552054521));
#1005 = CARTESIAN_POINT('',(-23.78884054543,-21.77180902157,
    12.537214600262));
#1006 = CARTESIAN_POINT('',(-23.70499207667,-21.95535220586,
    12.149845512191));
#1007 = CARTESIAN_POINT('',(-23.6757770138,-22.02255793949,
    12.019148384531));
#1008 = CARTESIAN_POINT('',(-23.64611376076,-22.09391827899,
    11.89069498671));
#1009 = CARTESIAN_POINT('',(-23.61602284596,-22.16929582555,
    11.76461618138));
#1010 = CARTESIAN_POINT('',(-23.58552327188,-22.24854738057,
    11.641030021527));
#1011 = CARTESIAN_POINT('',(-23.55463277388,-22.33152587576,
    11.520042786171));
#1012 = CARTESIAN_POINT('',(-23.45675630817,-22.60249724612,
    11.149718421136));
#1013 = CARTESIAN_POINT('',(-23.38844964947,-22.80314321414,
    10.909931989464));
#1014 = CARTESIAN_POINT('',(-23.31860328824,-23.01859360264,
    10.683285424928));
#1015 = CARTESIAN_POINT('',(-23.24734765922,-23.24739474512,
    10.470447543756));
#1016 = CARTESIAN_POINT('',(-23.17480238266,-23.48812403441,
    10.271916933029));
#1017 = CARTESIAN_POINT('',(-23.10108381232,-23.73941869576,
    10.088050449491));
#1018 = CARTESIAN_POINT('',(-23.02630743201,-24.,9.919096610477));
#1019 = PCURVE('',#126,#1020);
#1020 = DEFINITIONAL_REPRESENTATION('',(#1021),#1060);
#1021 = B_SPLINE_CURVE_WITH_KNOTS('',7,(#1022,#1023,#1024,#1025,#1026,
    #1027,#1028,#1029,#1030,#1031,#1032,#1033,#1034,#1035,#1036,#1037,
    #1038,#1039,#1040,#1041,#1042,#1043,#1044,#1045,#1046,#1047,#1048,
    #1049,#1050,#1051,#1052,#1053,#1054,#1055,#1056,#1057,#1058,#1059),
  .UNSPECIFIED.,.F.,.F.,(8,6,6,6,6,6,8),(0.,0.258610457904,
    0.278020750778,0.33950387955,0.590352951411,0.721206572517,1.),
  .UNSPECIFIED.);
#1022 = CARTESIAN_POINT('',(1.960276300143,0.355849644472));
#1023 = CARTESIAN_POINT('',(1.947961529843,0.309029509633));
#1024 = CARTESIAN_POINT('',(1.936389555332,0.26122381181));
#1025 = CARTESIAN_POINT('',(1.925473467437,0.212363539546));
#1026 = CARTESIAN_POINT('',(1.915144439814,0.162370553728));
#1027 = CARTESIAN_POINT('',(1.905344135513,0.111158539158));
#1028 = CARTESIAN_POINT('',(1.896019905948,5.864219752843E-02));
#1029 = CARTESIAN_POINT('',(1.886454998852,7.10094939862E-04));
#1030 = CARTESIAN_POINT('',(1.885789643674,-3.347429978048E-03));
#1031 = CARTESIAN_POINT('',(1.885126580933,-7.397135187123E-03));
#1032 = CARTESIAN_POINT('',(1.884465770774,-1.14355998616E-02));
#1033 = CARTESIAN_POINT('',(1.883807219464,-1.546773565972E-02));
#1034 = CARTESIAN_POINT('',(1.883150929552,-1.949778227622E-02));
#1035 = CARTESIAN_POINT('',(1.880425018614,-3.626185001528E-02));
#1036 = CARTESIAN_POINT('',(1.878375449857,-4.894383892631E-02));
#1037 = CARTESIAN_POINT('',(1.876347483869,-6.156702014938E-02));
#1038 = CARTESIAN_POINT('',(1.87434045274,-7.413213121742E-02));
#1039 = CARTESIAN_POINT('',(1.872353680547,-8.66398967748E-02));
#1040 = CARTESIAN_POINT('',(1.870386483358,-9.909102857728E-02));
#1041 = CARTESIAN_POINT('',(1.860489113915,-0.162058206842));
#1042 = CARTESIAN_POINT('',(1.852853224321,-0.211706353328));
#1043 = CARTESIAN_POINT('',(1.845485718051,-0.260463634434));
#1044 = CARTESIAN_POINT('',(1.838334803166,-0.308381753384));
#1045 = CARTESIAN_POINT('',(1.83134267604,-0.355516845975));
#1046 = CARTESIAN_POINT('',(1.824444035577,-0.401920803528));
#1047 = CARTESIAN_POINT('',(1.813972208577,-0.47148638272));
#1048 = CARTESIAN_POINT('',(1.81038649268,-0.495150186322));
#1049 = CARTESIAN_POINT('',(1.806793758656,-0.51863764916));
#1050 = CARTESIAN_POINT('',(1.803181857725,-0.541957272312));
#1051 = CARTESIAN_POINT('',(1.799537377637,-0.565117867241));
#1052 = CARTESIAN_POINT('',(1.795845320542,-0.588128383488));
#1053 = CARTESIAN_POINT('',(1.784085192113,-0.659722603224));
#1054 = CARTESIAN_POINT('',(1.775789457857,-0.707803992219));
#1055 = CARTESIAN_POINT('',(1.767035494988,-0.755333513027));
#1056 = CARTESIAN_POINT('',(1.757620611662,-0.802404822165));
#1057 = CARTESIAN_POINT('',(1.747261482968,-0.849106232351));
#1058 = CARTESIAN_POINT('',(1.735590113343,-0.895522915693));
#1059 = CARTESIAN_POINT('',(1.72191023141,-0.941724575406));
#1060 = ( GEOMETRIC_REPRESENTATION_CONTEXT(2) 
PARAMETRIC_REPRESENTATION_CONTEXT() REPRESENTATION_CONTEXT('2D SPACE',''
  ) );
#1061 = PCURVE('',#597,#1062);
#1062 = DEFINITIONAL_REPRESENTATION('',(#1063),#1102);
#1063 = B_SPLINE_CURVE_WITH_KNOTS('',7,(#1064,#1065,#1066,#1067,#1068,
    #1069,#1070,#1071,#1072,#1073,#1074,#1075,#1076,#1077,#1078,#1079,
    #1080,#1081,#1082,#1083,#1084,#1085,#1086,#1087,#1088,#1089,#1090,
    #1091,#1092,#1093,#1094,#1095,#1096,#1097,#1098,#1099,#1100,#1101),
  .UNSPECIFIED.,.F.,.F.,(8,6,6,6,6,6,8),(0.,0.258610457904,
    0.278020750778,0.33950387955,0.590352951411,0.721206572517,1.),
  .UNSPECIFIED.);
#1064 = CARTESIAN_POINT('',(-0.12117571266,0.));
#1065 = CARTESIAN_POINT('',(-0.128820225116,-1.563104109354E-02));
#1066 = CARTESIAN_POINT('',(-0.135560781933,-3.169994508402E-02));
#1067 = CARTESIAN_POINT('',(-0.141342760771,-4.815039138706E-02));
#1068 = CARTESIAN_POINT('',(-0.146117909592,-6.491971732149E-02));
#1069 = CARTESIAN_POINT('',(-0.149843853138,-8.193816328183E-02));
#1070 = CARTESIAN_POINT('',(-0.152486348764,-9.912728583833E-02));
#1071 = CARTESIAN_POINT('',(-0.154139723601,-0.117693776628));
#1072 = CARTESIAN_POINT('',(-0.154248930008,-0.118990427911));
#1073 = CARTESIAN_POINT('',(-0.154351920363,-0.120287679484));
#1074 = CARTESIAN_POINT('',(-0.15444868693,-0.12158553273));
#1075 = CARTESIAN_POINT('',(-0.154539213928,-0.122883899734));
#1076 = CARTESIAN_POINT('',(-0.154623486754,-0.124182699471));
#1077 = CARTESIAN_POINT('',(-0.154948616093,-0.129597411374));
#1078 = CARTESIAN_POINT('',(-0.155132922079,-0.133717267514));
#1079 = CARTESIAN_POINT('',(-0.15525410293,-0.137840374836));
#1080 = CARTESIAN_POINT('',(-0.155311883244,-0.141965578286));
#1081 = CARTESIAN_POINT('',(-0.155306028448,-0.146091715339));
#1082 = CARTESIAN_POINT('',(-0.155236344799,-0.150217615992));
#1083 = CARTESIAN_POINT('',(-0.154557329042,-0.171169868374));
#1084 = CARTESIAN_POINT('',(-0.152946849045,-0.187976555075));
#1085 = CARTESIAN_POINT('',(-0.150260573328,-0.204677563685));
#1086 = CARTESIAN_POINT('',(-0.146500865507,-0.221194345054));
#1087 = CARTESIAN_POINT('',(-0.141680085626,-0.237452725458));
#1088 = CARTESIAN_POINT('',(-0.135819989155,-0.253382058486));
#1089 = CARTESIAN_POINT('',(-0.125371733734,-0.27701795723));
#1090 = CARTESIAN_POINT('',(-0.121515697881,-0.285013745003));
#1091 = CARTESIAN_POINT('',(-0.117389764061,-0.292893604878));
#1092 = CARTESIAN_POINT('',(-0.112998745159,-0.300649188376));
#1093 = CARTESIAN_POINT('',(-0.108347904094,-0.30827271332));
#1094 = CARTESIAN_POINT('',(-0.10344290436,-0.31575691673));
#1095 = CARTESIAN_POINT('',(-8.731060226416E-02,-0.33872935941));
#1096 = CARTESIAN_POINT('',(-7.520565117494E-02,-0.353699586766));
#1097 = CARTESIAN_POINT('',(-6.203222429937E-02,-0.367941827916));
#1098 = CARTESIAN_POINT('',(-4.785390261753E-02,-0.381402383583));
#1099 = CARTESIAN_POINT('',(-3.273944426903E-02,-0.394035281402));
#1100 = CARTESIAN_POINT('',(-1.676248301156E-02,-0.405801918069));
#1101 = CARTESIAN_POINT('',(0.,-0.416670256703));
#1102 = ( GEOMETRIC_REPRESENTATION_CONTEXT(2) 
PARAMETRIC_REPRESENTATION_CONTEXT() REPRESENTATION_CONTEXT('2D SPACE',''
  ) );
#1103 = ADVANCED_FACE('',(#1104),#400,.T.);
#1104 = FACE_BOUND('',#1105,.F.);
#1105 = EDGE_LOOP('',(#1106,#1107,#1132));
#1106 = ORIENTED_EDGE('',*,*,#415,.F.);
#1107 = ORIENTED_EDGE('',*,*,#1108,.T.);
#1108 = EDGE_CURVE('',#416,#358,#1109,.T.);
#1109 = SURFACE_CURVE('',#1110,(#1115,#1121),.PCURVE_S1.);
#1110 = CIRCLE('',#1111,17.);
#1111 = AXIS2_PLACEMENT_3D('',#1112,#1113,#1114);
#1112 = CARTESIAN_POINT('',(-7.4808,-32.,20.7993));
#1113 = DIRECTION('',(1.,-6.123233995737E-17,0.));
#1114 = DIRECTION('',(-6.123233995737E-17,-1.,0.));
#1115 = PCURVE('',#400,#1116);
#1116 = DEFINITIONAL_REPRESENTATION('',(#1117),#1120);
#1117 = B_SPLINE_CURVE_WITH_KNOTS('',1,(#1118,#1119),.UNSPECIFIED.,.F.,
  .F.,(2,2),(4.712388980385,6.28318530718),.PIECEWISE_BEZIER_KNOTS.);
#1118 = CARTESIAN_POINT('',(-1.570796326795,-1.570796326795));
#1119 = CARTESIAN_POINT('',(-1.570796326795,0.));
#1120 = ( GEOMETRIC_REPRESENTATION_CONTEXT(2) 
PARAMETRIC_REPRESENTATION_CONTEXT() REPRESENTATION_CONTEXT('2D SPACE',''
  ) );
#1121 = PCURVE('',#1122,#1127);
#1122 = CYLINDRICAL_SURFACE('',#1123,17.);
#1123 = AXIS2_PLACEMENT_3D('',#1124,#1125,#1126);
#1124 = CARTESIAN_POINT('',(-24.4808,-32.,20.7993));
#1125 = DIRECTION('',(1.,0.,-0.));
#1126 = DIRECTION('',(0.,-1.,0.));
#1127 = DEFINITIONAL_REPRESENTATION('',(#1128),#1131);
#1128 = B_SPLINE_CURVE_WITH_KNOTS('',1,(#1129,#1130),.UNSPECIFIED.,.F.,
  .F.,(2,2),(4.712388980385,6.28318530718),.PIECEWISE_BEZIER_KNOTS.);
#1129 = CARTESIAN_POINT('',(-1.570796326795,17.));
#1130 = CARTESIAN_POINT('',(0.,17.));
#1131 = ( GEOMETRIC_REPRESENTATION_CONTEXT(2) 
PARAMETRIC_REPRESENTATION_CONTEXT() REPRESENTATION_CONTEXT('2D SPACE',''
  ) );
#1132 = ORIENTED_EDGE('',*,*,#385,.F.);
#1133 = ADVANCED_FACE('',(#1134),#373,.F.);
#1134 = FACE_BOUND('',#1135,.F.);
#1135 = EDGE_LOOP('',(#1136,#1137,#1160,#1188));
#1136 = ORIENTED_EDGE('',*,*,#357,.T.);
#1137 = ORIENTED_EDGE('',*,*,#1138,.T.);
#1138 = EDGE_CURVE('',#358,#1139,#1141,.T.);
#1139 = VERTEX_POINT('',#1140);
#1140 = CARTESIAN_POINT('',(0.5192,-49.,20.7993));
#1141 = SURFACE_CURVE('',#1142,(#1146,#1153),.PCURVE_S1.);
#1142 = LINE('',#1143,#1144);
#1143 = CARTESIAN_POINT('',(-24.4808,-49.,20.7993));
#1144 = VECTOR('',#1145,1.);
#1145 = DIRECTION('',(1.,0.,-0.));
#1146 = PCURVE('',#373,#1147);
#1147 = DEFINITIONAL_REPRESENTATION('',(#1148),#1152);
#1148 = LINE('',#1149,#1150);
#1149 = CARTESIAN_POINT('',(21.,0.));
#1150 = VECTOR('',#1151,1.);
#1151 = DIRECTION('',(0.,1.));
#1152 = ( GEOMETRIC_REPRESENTATION_CONTEXT(2) 
PARAMETRIC_REPRESENTATION_CONTEXT() REPRESENTATION_CONTEXT('2D SPACE',''
  ) );
#1153 = PCURVE('',#1122,#1154);
#1154 = DEFINITIONAL_REPRESENTATION('',(#1155),#1159);
#1155 = LINE('',#1156,#1157);
#1156 = CARTESIAN_POINT('',(-0.,0.));
#1157 = VECTOR('',#1158,1.);
#1158 = DIRECTION('',(-0.,1.));
#1159 = ( GEOMETRIC_REPRESENTATION_CONTEXT(2) 
PARAMETRIC_REPRESENTATION_CONTEXT() REPRESENTATION_CONTEXT('2D SPACE',''
  ) );
#1160 = ORIENTED_EDGE('',*,*,#1161,.F.);
#1161 = EDGE_CURVE('',#1162,#1139,#1164,.T.);
#1162 = VERTEX_POINT('',#1163);
#1163 = CARTESIAN_POINT('',(0.5192,-49.,16.7993));
#1164 = SURFACE_CURVE('',#1165,(#1169,#1176),.PCURVE_S1.);
#1165 = LINE('',#1166,#1167);
#1166 = CARTESIAN_POINT('',(0.5192,-49.,-0.2007));
#1167 = VECTOR('',#1168,1.);
#1168 = DIRECTION('',(0.,0.,1.));
#1169 = PCURVE('',#373,#1170);
#1170 = DEFINITIONAL_REPRESENTATION('',(#1171),#1175);
#1171 = LINE('',#1172,#1173);
#1172 = CARTESIAN_POINT('',(0.,25.));
#1173 = VECTOR('',#1174,1.);
#1174 = DIRECTION('',(1.,0.));
#1175 = ( GEOMETRIC_REPRESENTATION_CONTEXT(2) 
PARAMETRIC_REPRESENTATION_CONTEXT() REPRESENTATION_CONTEXT('2D SPACE',''
  ) );
#1176 = PCURVE('',#1177,#1182);
#1177 = CYLINDRICAL_SURFACE('',#1178,17.);
#1178 = AXIS2_PLACEMENT_3D('',#1179,#1180,#1181);
#1179 = CARTESIAN_POINT('',(0.5192,-32.,-0.2007));
#1180 = DIRECTION('',(0.,0.,1.));
#1181 = DIRECTION('',(1.,0.,-0.));
#1182 = DEFINITIONAL_REPRESENTATION('',(#1183),#1187);
#1183 = LINE('',#1184,#1185);
#1184 = CARTESIAN_POINT('',(-1.570796326795,0.));
#1185 = VECTOR('',#1186,1.);
#1186 = DIRECTION('',(-0.,1.));
#1187 = ( GEOMETRIC_REPRESENTATION_CONTEXT(2) 
PARAMETRIC_REPRESENTATION_CONTEXT() REPRESENTATION_CONTEXT('2D SPACE',''
  ) );
#1188 = ORIENTED_EDGE('',*,*,#1189,.F.);
#1189 = EDGE_CURVE('',#329,#1162,#1190,.T.);
#1190 = SURFACE_CURVE('',#1191,(#1195,#1202),.PCURVE_S1.);
#1191 = LINE('',#1192,#1193);
#1192 = CARTESIAN_POINT('',(-24.4808,-49.,16.7993));
#1193 = VECTOR('',#1194,1.);
#1194 = DIRECTION('',(1.,0.,-0.));
#1195 = PCURVE('',#373,#1196);
#1196 = DEFINITIONAL_REPRESENTATION('',(#1197),#1201);
#1197 = LINE('',#1198,#1199);
#1198 = CARTESIAN_POINT('',(17.,0.));
#1199 = VECTOR('',#1200,1.);
#1200 = DIRECTION('',(0.,1.));
#1201 = ( GEOMETRIC_REPRESENTATION_CONTEXT(2) 
PARAMETRIC_REPRESENTATION_CONTEXT() REPRESENTATION_CONTEXT('2D SPACE',''
  ) );
#1202 = PCURVE('',#1203,#1208);
#1203 = CYLINDRICAL_SURFACE('',#1204,17.);
#1204 = AXIS2_PLACEMENT_3D('',#1205,#1206,#1207);
#1205 = CARTESIAN_POINT('',(-24.4808,-32.,16.7993));
#1206 = DIRECTION('',(1.,0.,-0.));
#1207 = DIRECTION('',(0.,-1.,0.));
#1208 = DEFINITIONAL_REPRESENTATION('',(#1209),#1213);
#1209 = LINE('',#1210,#1211);
#1210 = CARTESIAN_POINT('',(0.,0.));
#1211 = VECTOR('',#1212,1.);
#1212 = DIRECTION('',(0.,1.));
#1213 = ( GEOMETRIC_REPRESENTATION_CONTEXT(2) 
PARAMETRIC_REPRESENTATION_CONTEXT() REPRESENTATION_CONTEXT('2D SPACE',''
  ) );
#1214 = ADVANCED_FACE('',(#1215),#345,.T.);
#1215 = FACE_BOUND('',#1216,.T.);
#1216 = EDGE_LOOP('',(#1217,#1239,#1259,#1260));
#1217 = ORIENTED_EDGE('',*,*,#1218,.F.);
#1218 = EDGE_CURVE('',#1219,#728,#1221,.T.);
#1219 = VERTEX_POINT('',#1220);
#1220 = CARTESIAN_POINT('',(-7.4808,-32.,-0.2007));
#1221 = SURFACE_CURVE('',#1222,(#1227,#1233),.PCURVE_S1.);
#1222 = CIRCLE('',#1223,17.);
#1223 = AXIS2_PLACEMENT_3D('',#1224,#1225,#1226);
#1224 = CARTESIAN_POINT('',(-7.4808,-32.,16.7993));
#1225 = DIRECTION('',(0.,1.,-0.));
#1226 = DIRECTION('',(-1.,0.,0.));
#1227 = PCURVE('',#345,#1228);
#1228 = DEFINITIONAL_REPRESENTATION('',(#1229),#1232);
#1229 = B_SPLINE_CURVE_WITH_KNOTS('',1,(#1230,#1231),.UNSPECIFIED.,.F.,
  .F.,(2,2),(4.712388980385,6.28318530718),.PIECEWISE_BEZIER_KNOTS.);
#1230 = CARTESIAN_POINT('',(0.,-1.570796326795));
#1231 = CARTESIAN_POINT('',(0.,0.));
#1232 = ( GEOMETRIC_REPRESENTATION_CONTEXT(2) 
PARAMETRIC_REPRESENTATION_CONTEXT() REPRESENTATION_CONTEXT('2D SPACE',''
  ) );
#1233 = PCURVE('',#702,#1234);
#1234 = DEFINITIONAL_REPRESENTATION('',(#1235),#1238);
#1235 = B_SPLINE_CURVE_WITH_KNOTS('',1,(#1236,#1237),.UNSPECIFIED.,.F.,
  .F.,(2,2),(4.712388980385,6.28318530718),.PIECEWISE_BEZIER_KNOTS.);
#1236 = CARTESIAN_POINT('',(-1.570796326795,17.));
#1237 = CARTESIAN_POINT('',(0.,17.));
#1238 = ( GEOMETRIC_REPRESENTATION_CONTEXT(2) 
PARAMETRIC_REPRESENTATION_CONTEXT() REPRESENTATION_CONTEXT('2D SPACE',''
  ) );
#1239 = ORIENTED_EDGE('',*,*,#1240,.T.);
#1240 = EDGE_CURVE('',#1219,#329,#1241,.T.);
#1241 = SURFACE_CURVE('',#1242,(#1247,#1253),.PCURVE_S1.);
#1242 = CIRCLE('',#1243,17.);
#1243 = AXIS2_PLACEMENT_3D('',#1244,#1245,#1246);
#1244 = CARTESIAN_POINT('',(-7.4808,-32.,16.7993));
#1245 = DIRECTION('',(-1.,6.123233995737E-17,0.));
#1246 = DIRECTION('',(-6.123233995737E-17,-1.,0.));
#1247 = PCURVE('',#345,#1248);
#1248 = DEFINITIONAL_REPRESENTATION('',(#1249),#1252);
#1249 = B_SPLINE_CURVE_WITH_KNOTS('',1,(#1250,#1251),.UNSPECIFIED.,.F.,
  .F.,(2,2),(4.712388980385,6.28318530718),.PIECEWISE_BEZIER_KNOTS.);
#1250 = CARTESIAN_POINT('',(1.570796326795,-1.570796326795));
#1251 = CARTESIAN_POINT('',(1.570796326795,0.));
#1252 = ( GEOMETRIC_REPRESENTATION_CONTEXT(2) 
PARAMETRIC_REPRESENTATION_CONTEXT() REPRESENTATION_CONTEXT('2D SPACE',''
  ) );
#1253 = PCURVE('',#1203,#1254);
#1254 = DEFINITIONAL_REPRESENTATION('',(#1255),#1258);
#1255 = B_SPLINE_CURVE_WITH_KNOTS('',1,(#1256,#1257),.UNSPECIFIED.,.F.,
  .F.,(2,2),(4.712388980385,6.28318530718),.PIECEWISE_BEZIER_KNOTS.);
#1256 = CARTESIAN_POINT('',(1.570796326795,17.));
#1257 = CARTESIAN_POINT('',(0.,17.));
#1258 = ( GEOMETRIC_REPRESENTATION_CONTEXT(2) 
PARAMETRIC_REPRESENTATION_CONTEXT() REPRESENTATION_CONTEXT('2D SPACE',''
  ) );
#1259 = ORIENTED_EDGE('',*,*,#328,.F.);
#1260 = ORIENTED_EDGE('',*,*,#831,.F.);
#1261 = ADVANCED_FACE('',(#1262),#453,.T.);
#1262 = FACE_BOUND('',#1263,.T.);
#1263 = EDGE_LOOP('',(#1264,#1265,#1288,#1316));
#1264 = ORIENTED_EDGE('',*,*,#437,.F.);
#1265 = ORIENTED_EDGE('',*,*,#1266,.T.);
#1266 = EDGE_CURVE('',#416,#1267,#1269,.T.);
#1267 = VERTEX_POINT('',#1268);
#1268 = CARTESIAN_POINT('',(0.5192,-32.,37.7993));
#1269 = SURFACE_CURVE('',#1270,(#1274,#1281),.PCURVE_S1.);
#1270 = LINE('',#1271,#1272);
#1271 = CARTESIAN_POINT('',(-24.4808,-32.,37.7993));
#1272 = VECTOR('',#1273,1.);
#1273 = DIRECTION('',(1.,0.,-0.));
#1274 = PCURVE('',#453,#1275);
#1275 = DEFINITIONAL_REPRESENTATION('',(#1276),#1280);
#1276 = LINE('',#1277,#1278);
#1277 = CARTESIAN_POINT('',(0.,17.));
#1278 = VECTOR('',#1279,1.);
#1279 = DIRECTION('',(1.,0.));
#1280 = ( GEOMETRIC_REPRESENTATION_CONTEXT(2) 
PARAMETRIC_REPRESENTATION_CONTEXT() REPRESENTATION_CONTEXT('2D SPACE',''
  ) );
#1281 = PCURVE('',#1122,#1282);
#1282 = DEFINITIONAL_REPRESENTATION('',(#1283),#1287);
#1283 = LINE('',#1284,#1285);
#1284 = CARTESIAN_POINT('',(-1.570796326795,0.));
#1285 = VECTOR('',#1286,1.);
#1286 = DIRECTION('',(-0.,1.));
#1287 = ( GEOMETRIC_REPRESENTATION_CONTEXT(2) 
PARAMETRIC_REPRESENTATION_CONTEXT() REPRESENTATION_CONTEXT('2D SPACE',''
  ) );
#1288 = ORIENTED_EDGE('',*,*,#1289,.T.);
#1289 = EDGE_CURVE('',#1267,#1290,#1292,.T.);
#1290 = VERTEX_POINT('',#1291);
#1291 = CARTESIAN_POINT('',(0.5192,-24.,37.7993));
#1292 = SURFACE_CURVE('',#1293,(#1297,#1304),.PCURVE_S1.);
#1293 = LINE('',#1294,#1295);
#1294 = CARTESIAN_POINT('',(0.5192,-49.,37.7993));
#1295 = VECTOR('',#1296,1.);
#1296 = DIRECTION('',(-0.,1.,0.));
#1297 = PCURVE('',#453,#1298);
#1298 = DEFINITIONAL_REPRESENTATION('',(#1299),#1303);
#1299 = LINE('',#1300,#1301);
#1300 = CARTESIAN_POINT('',(25.,0.));
#1301 = VECTOR('',#1302,1.);
#1302 = DIRECTION('',(0.,1.));
#1303 = ( GEOMETRIC_REPRESENTATION_CONTEXT(2) 
PARAMETRIC_REPRESENTATION_CONTEXT() REPRESENTATION_CONTEXT('2D SPACE',''
  ) );
#1304 = PCURVE('',#1305,#1310);
#1305 = CYLINDRICAL_SURFACE('',#1306,17.);
#1306 = AXIS2_PLACEMENT_3D('',#1307,#1308,#1309);
#1307 = CARTESIAN_POINT('',(0.5192,-49.,20.7993));
#1308 = DIRECTION('',(-0.,1.,0.));
#1309 = DIRECTION('',(1.,0.,-0.));
#1310 = DEFINITIONAL_REPRESENTATION('',(#1311),#1315);
#1311 = LINE('',#1312,#1313);
#1312 = CARTESIAN_POINT('',(-1.570796326795,0.));
#1313 = VECTOR('',#1314,1.);
#1314 = DIRECTION('',(-0.,1.));
#1315 = ( GEOMETRIC_REPRESENTATION_CONTEXT(2) 
PARAMETRIC_REPRESENTATION_CONTEXT() REPRESENTATION_CONTEXT('2D SPACE',''
  ) );
#1316 = ORIENTED_EDGE('',*,*,#1317,.F.);
#1317 = EDGE_CURVE('',#438,#1290,#1318,.T.);
#1318 = SURFACE_CURVE('',#1319,(#1323,#1330),.PCURVE_S1.);
#1319 = LINE('',#1320,#1321);
#1320 = CARTESIAN_POINT('',(-24.4808,-24.,37.7993));
#1321 = VECTOR('',#1322,1.);
#1322 = DIRECTION('',(1.,0.,-0.));
#1323 = PCURVE('',#453,#1324);
#1324 = DEFINITIONAL_REPRESENTATION('',(#1325),#1329);
#1325 = LINE('',#1326,#1327);
#1326 = CARTESIAN_POINT('',(0.,25.));
#1327 = VECTOR('',#1328,1.);
#1328 = DIRECTION('',(1.,0.));
#1329 = ( GEOMETRIC_REPRESENTATION_CONTEXT(2) 
PARAMETRIC_REPRESENTATION_CONTEXT() REPRESENTATION_CONTEXT('2D SPACE',''
  ) );
#1330 = PCURVE('',#1331,#1336);
#1331 = CYLINDRICAL_SURFACE('',#1332,17.);
#1332 = AXIS2_PLACEMENT_3D('',#1333,#1334,#1335);
#1333 = CARTESIAN_POINT('',(-24.4808,-24.,20.7993));
#1334 = DIRECTION('',(1.,0.,-0.));
#1335 = DIRECTION('',(0.,1.,0.));
#1336 = DEFINITIONAL_REPRESENTATION('',(#1337),#1341);
#1337 = LINE('',#1338,#1339);
#1338 = CARTESIAN_POINT('',(1.570796326795,0.));
#1339 = VECTOR('',#1340,1.);
#1340 = DIRECTION('',(0.,1.));
#1341 = ( GEOMETRIC_REPRESENTATION_CONTEXT(2) 
PARAMETRIC_REPRESENTATION_CONTEXT() REPRESENTATION_CONTEXT('2D SPACE',''
  ) );
#1342 = ADVANCED_FACE('',(#1343),#480,.T.);
#1343 = FACE_BOUND('',#1344,.F.);
#1344 = EDGE_LOOP('',(#1345,#1346,#1438,#1493,#1536,#1556));
#1345 = ORIENTED_EDGE('',*,*,#635,.F.);
#1346 = ORIENTED_EDGE('',*,*,#1347,.F.);
#1347 = EDGE_CURVE('',#1348,#610,#1350,.T.);
#1348 = VERTEX_POINT('',#1349);
#1349 = CARTESIAN_POINT('',(-13.93278746723,-10.06867351173,28.0993));
#1350 = SURFACE_CURVE('',#1351,(#1378,#1408),.PCURVE_S1.);
#1351 = B_SPLINE_CURVE_WITH_KNOTS('',7,(#1352,#1353,#1354,#1355,#1356,
    #1357,#1358,#1359,#1360,#1361,#1362,#1363,#1364,#1365,#1366,#1367,
    #1368,#1369,#1370,#1371,#1372,#1373,#1374,#1375,#1376,#1377),
  .UNSPECIFIED.,.F.,.F.,(8,6,6,6,8),(0.,0.177731263067,0.348147575582,
    0.540482576249,1.),.UNSPECIFIED.);
#1352 = CARTESIAN_POINT('',(-13.93278734919,-10.06867377146,28.0993006)
  );
#1353 = CARTESIAN_POINT('',(-13.96796209321,-9.991273945545,
    27.920502090259));
#1354 = CARTESIAN_POINT('',(-14.00050165077,-9.915596466617,
    27.74105527487));
#1355 = CARTESIAN_POINT('',(-14.03058273745,-9.841710766194,
    27.560999635848));
#1356 = CARTESIAN_POINT('',(-14.05837028162,-9.76968047462,
    27.380371438798));
#1357 = CARTESIAN_POINT('',(-14.08401877159,-9.699563966087,
    27.199203741657));
#1358 = CARTESIAN_POINT('',(-14.10767360292,-9.631414903649,
    27.017526403434));
#1359 = CARTESIAN_POINT('',(-14.1503740661,-9.501872488639,
    26.660703020948));
#1360 = CARTESIAN_POINT('',(-14.16956919662,-9.440316857388,
    26.485596827979));
#1361 = CARTESIAN_POINT('',(-14.18717887168,-9.380659614342,
    26.31007144642));
#1362 = CARTESIAN_POINT('',(-14.20331727503,-9.322941516836,
    26.134149770375));
#1363 = CARTESIAN_POINT('',(-14.21809211869,-9.26720051411,
    25.957853630231));
#1364 = CARTESIAN_POINT('',(-14.23160504205,-9.213471905735,
    25.781203767192));
#1365 = CARTESIAN_POINT('',(-14.25788702819,-9.103457652929,
    25.404472439522));
#1366 = CARTESIAN_POINT('',(-14.27033683327,-9.047732106968,
    25.204300071017));
#1367 = CARTESIAN_POINT('',(-14.28143917977,-8.994659053301,
    25.003731141832));
#1368 = CARTESIAN_POINT('',(-14.29132246733,-8.944282000652,
    24.80279362656));
#1369 = CARTESIAN_POINT('',(-14.30010574708,-8.896640819605,
    24.601514950247));
#1370 = CARTESIAN_POINT('',(-14.30789872729,-8.851771786883,
    24.399921903759));
#1371 = CARTESIAN_POINT('',(-14.33129421397,-8.709209992166,
    23.715715475031));
#1372 = CARTESIAN_POINT('',(-14.34270682745,-8.624722518873,
    23.231743858079));
#1373 = CARTESIAN_POINT('',(-14.35040686783,-8.556693190317,
    22.746488974951));
#1374 = CARTESIAN_POINT('',(-14.35545298245,-8.505454919267,
    22.260300396849));
#1375 = CARTESIAN_POINT('',(-14.35857498788,-8.471223840965,
    21.773502316701));
#1376 = CARTESIAN_POINT('',(-14.36013583441,-8.454108630336,
    21.286398312769));
#1377 = CARTESIAN_POINT('',(-14.36013583441,-8.454108630336,20.7993));
#1378 = PCURVE('',#480,#1379);
#1379 = DEFINITIONAL_REPRESENTATION('',(#1380),#1407);
#1380 = B_SPLINE_CURVE_WITH_KNOTS('',7,(#1381,#1382,#1383,#1384,#1385,
    #1386,#1387,#1388,#1389,#1390,#1391,#1392,#1393,#1394,#1395,#1396,
    #1397,#1398,#1399,#1400,#1401,#1402,#1403,#1404,#1405,#1406),
  .UNSPECIFIED.,.F.,.F.,(8,6,6,6,8),(0.,0.177731263067,0.348147575582,
    0.540482576249,1.),.UNSPECIFIED.);
#1381 = CARTESIAN_POINT('',(-0.846984955812,-0.960520157432));
#1382 = CARTESIAN_POINT('',(-0.832126033861,-0.968464635172));
#1383 = CARTESIAN_POINT('',(-0.817031835924,-0.976337619116));
#1384 = CARTESIAN_POINT('',(-0.801676696978,-0.984129392448));
#1385 = CARTESIAN_POINT('',(-0.78603507024,-0.991830020537));
#1386 = CARTESIAN_POINT('',(-0.770081685964,-0.999429286862));
#1387 = CARTESIAN_POINT('',(-0.75379171023,-1.006916628931));
#1388 = CARTESIAN_POINT('',(-0.72117540057,-1.021342418307));
#1389 = CARTESIAN_POINT('',(-0.70487823928,-1.028290735182));
#1390 = CARTESIAN_POINT('',(-0.688228208644,-1.035116351695));
#1391 = CARTESIAN_POINT('',(-0.671204740538,-1.041809171649));
#1392 = CARTESIAN_POINT('',(-0.653788439136,-1.048358683874));
#1393 = CARTESIAN_POINT('',(-0.635961610103,-1.054753970326));
#1394 = CARTESIAN_POINT('',(-0.59710831935,-1.068014718284));
#1395 = CARTESIAN_POINT('',(-0.575965293784,-1.074834830971));
#1396 = CARTESIAN_POINT('',(-0.554257650275,-1.081427832957));
#1397 = CARTESIAN_POINT('',(-0.531967152992,-1.087776767201));
#1398 = CARTESIAN_POINT('',(-0.509081019496,-1.093864177616));
#1399 = CARTESIAN_POINT('',(-0.485593547147,-1.099672347759));
#1400 = CARTESIAN_POINT('',(-0.403963100053,-1.118350610698));
#1401 = CARTESIAN_POINT('',(-0.343002646052,-1.129822631735));
#1402 = CARTESIAN_POINT('',(-0.278671753346,-1.139357848347));
#1403 = CARTESIAN_POINT('',(-0.211286735386,-1.146718024105));
#1404 = CARTESIAN_POINT('',(-0.141611904475,-1.151693973939));
#1405 = CARTESIAN_POINT('',(-7.080600867486E-02,-1.154181876851));
#1406 = CARTESIAN_POINT('',(0.,-1.154181876851));
#1407 = ( GEOMETRIC_REPRESENTATION_CONTEXT(2) 
PARAMETRIC_REPRESENTATION_CONTEXT() REPRESENTATION_CONTEXT('2D SPACE',''
  ) );
#1408 = PCURVE('',#624,#1409);
#1409 = DEFINITIONAL_REPRESENTATION('',(#1410),#1437);
#1410 = B_SPLINE_CURVE_WITH_KNOTS('',7,(#1411,#1412,#1413,#1414,#1415,
    #1416,#1417,#1418,#1419,#1420,#1421,#1422,#1423,#1424,#1425,#1426,
    #1427,#1428,#1429,#1430,#1431,#1432,#1433,#1434,#1435,#1436),
  .UNSPECIFIED.,.F.,.F.,(8,6,6,6,8),(0.,0.177731263067,0.348147575582,
    0.540482576249,1.),.UNSPECIFIED.);
#1411 = CARTESIAN_POINT('',(0.426552590493,23.6000006));
#1412 = CARTESIAN_POINT('',(0.409549066541,23.421202090259));
#1413 = CARTESIAN_POINT('',(0.393077192342,23.24175527487));
#1414 = CARTESIAN_POINT('',(0.377126988875,23.061699635848));
#1415 = CARTESIAN_POINT('',(0.361690583514,22.881071438798));
#1416 = CARTESIAN_POINT('',(0.346761859301,22.699903741657));
#1417 = CARTESIAN_POINT('',(0.332336104219,22.518226403434));
#1418 = CARTESIAN_POINT('',(0.30505639246,22.161403020948));
#1419 = CARTESIAN_POINT('',(0.292162256197,21.986296827979));
#1420 = CARTESIAN_POINT('',(0.279724099518,21.81077144642));
#1421 = CARTESIAN_POINT('',(0.267739815082,21.634849770375));
#1422 = CARTESIAN_POINT('',(0.256208161073,21.458553630231));
#1423 = CARTESIAN_POINT('',(0.245128581902,21.281903767192));
#1424 = CARTESIAN_POINT('',(0.222506576142,20.905172439522));
#1425 = CARTESIAN_POINT('',(0.211087939464,20.705000071017));
#1426 = CARTESIAN_POINT('',(0.200245090599,20.504431141832));
#1427 = CARTESIAN_POINT('',(0.189978909997,20.30349362656));
#1428 = CARTESIAN_POINT('',(0.180290949679,20.102214950247));
#1429 = CARTESIAN_POINT('',(0.171183196076,19.900621903759));
#1430 = CARTESIAN_POINT('',(0.142289449964,19.216415475031));
#1431 = CARTESIAN_POINT('',(0.125245360684,18.732443858079));
#1432 = CARTESIAN_POINT('',(0.111555897033,18.247188974951));
#1433 = CARTESIAN_POINT('',(0.101258926471,17.761000396849));
#1434 = CARTESIAN_POINT('',(9.438429739438E-02,17.274202316701));
#1435 = CARTESIAN_POINT('',(9.094705028182E-02,16.787098312769));
#1436 = CARTESIAN_POINT('',(9.094705028182E-02,16.3));
#1437 = ( GEOMETRIC_REPRESENTATION_CONTEXT(2) 
PARAMETRIC_REPRESENTATION_CONTEXT() REPRESENTATION_CONTEXT('2D SPACE',''
  ) );
#1438 = ORIENTED_EDGE('',*,*,#1439,.T.);
#1439 = EDGE_CURVE('',#1348,#1440,#1442,.T.);
#1440 = VERTEX_POINT('',#1441);
#1441 = CARTESIAN_POINT('',(-9.3808,-11.25842836343,31.891745728072));
#1442 = SURFACE_CURVE('',#1443,(#1448,#1461),.PCURVE_S1.);
#1443 = CIRCLE('',#1444,4.805151139022);
#1444 = AXIS2_PLACEMENT_3D('',#1445,#1446,#1447);
#1445 = CARTESIAN_POINT('',(-9.232334036433,-9.250239693193,
    27.528878139981));
#1446 = DIRECTION('',(-0.107411509358,0.904517973543,0.412686325429));
#1447 = DIRECTION('',(0.,-0.415087753912,0.909781378438));
#1448 = PCURVE('',#480,#1449);
#1449 = DEFINITIONAL_REPRESENTATION('',(#1450),#1460);
#1450 = B_SPLINE_CURVE_WITH_KNOTS('',8,(#1451,#1452,#1453,#1454,#1455,
    #1456,#1457,#1458,#1459),.UNSPECIFIED.,.F.,.F.,(9,9),(4.892054117774
    ,6.252103259545),.PIECEWISE_BEZIER_KNOTS.);
#1451 = CARTESIAN_POINT('',(-0.84698490595,-0.960520184092));
#1452 = CARTESIAN_POINT('',(-0.908295159916,-0.927740019104));
#1453 = CARTESIAN_POINT('',(-0.973696601212,-0.899490679666));
#1454 = CARTESIAN_POINT('',(-1.041964422034,-0.876312616607));
#1455 = CARTESIAN_POINT('',(-1.112332801439,-0.858636038753));
#1456 = CARTESIAN_POINT('',(-1.184093457099,-0.846786482615));
#1457 = CARTESIAN_POINT('',(-1.256588188754,-0.840948785316));
#1458 = CARTESIAN_POINT('',(-1.329164465971,-0.841159254441));
#1459 = CARTESIAN_POINT('',(-1.401154863381,-0.847312839069));
#1460 = ( GEOMETRIC_REPRESENTATION_CONTEXT(2) 
PARAMETRIC_REPRESENTATION_CONTEXT() REPRESENTATION_CONTEXT('2D SPACE',''
  ) );
#1461 = PCURVE('',#1462,#1467);
#1462 = SPHERICAL_SURFACE('',#1463,5.);
#1463 = AXIS2_PLACEMENT_3D('',#1464,#1465,#1466);
#1464 = CARTESIAN_POINT('',(-9.3808,-8.,28.0993));
#1465 = DIRECTION('',(-0.,-0.,-1.));
#1466 = DIRECTION('',(-1.,0.,0.));
#1467 = DEFINITIONAL_REPRESENTATION('',(#1468),#1492);
#1468 = B_SPLINE_CURVE_WITH_KNOTS('',8,(#1469,#1470,#1471,#1472,#1473,
    #1474,#1475,#1476,#1477,#1478,#1479,#1480,#1481,#1482,#1483,#1484,
    #1485,#1486,#1487,#1488,#1489,#1490,#1491),.UNSPECIFIED.,.F.,.F.,(9,
    7,7,9),(4.892054117774,5.57207868866,5.912090974102,6.252103259545),
  .UNSPECIFIED.);
#1469 = CARTESIAN_POINT('',(-0.426552533434,0.));
#1470 = CARTESIAN_POINT('',(-0.461632138604,-7.377508067022E-02));
#1471 = CARTESIAN_POINT('',(-0.498692919117,-0.146608110234));
#1472 = CARTESIAN_POINT('',(-0.538288025044,-0.218298429783));
#1473 = CARTESIAN_POINT('',(-0.581042843717,-0.288595489403));
#1474 = CARTESIAN_POINT('',(-0.627721642583,-0.357171066686));
#1475 = CARTESIAN_POINT('',(-0.679239155648,-0.423594769906));
#1476 = CARTESIAN_POINT('',(-0.736801309909,-0.487255366686));
#1477 = CARTESIAN_POINT('',(-0.834114253434,-0.577308380921));
#1478 = CARTESIAN_POINT('',(-0.868380128811,-0.606419839685));
#1479 = CARTESIAN_POINT('',(-0.904632889609,-0.634516924596));
#1480 = CARTESIAN_POINT('',(-0.943034053529,-0.661477091895));
#1481 = CARTESIAN_POINT('',(-0.983742204302,-0.687159296625));
#1482 = CARTESIAN_POINT('',(-1.026896359739,-0.711403494704));
#1483 = CARTESIAN_POINT('',(-1.072588501622,-0.734033765716));
#1484 = CARTESIAN_POINT('',(-1.16906203324,-0.775696347131));
#1485 = CARTESIAN_POINT('',(-1.219843535514,-0.794728791365));
#1486 = CARTESIAN_POINT('',(-1.273176188779,-0.811777570908));
#1487 = CARTESIAN_POINT('',(-1.328983739327,-0.826651046584));
#1488 = CARTESIAN_POINT('',(-1.387069097884,-0.839157252576));
#1489 = CARTESIAN_POINT('',(-1.447079701539,-0.849124870243));
#1490 = CARTESIAN_POINT('',(-1.508512708192,-0.856426443469));
#1491 = CARTESIAN_POINT('',(-1.570796326795,-0.860991597566));
#1492 = ( GEOMETRIC_REPRESENTATION_CONTEXT(2) 
PARAMETRIC_REPRESENTATION_CONTEXT() REPRESENTATION_CONTEXT('2D SPACE',''
  ) );
#1493 = ORIENTED_EDGE('',*,*,#1494,.T.);
#1494 = EDGE_CURVE('',#1440,#1495,#1497,.T.);
#1495 = VERTEX_POINT('',#1496);
#1496 = CARTESIAN_POINT('',(-7.4808,-11.17689482829,31.960302363375));
#1497 = SURFACE_CURVE('',#1498,(#1507,#1519),.PCURVE_S1.);
#1498 = B_SPLINE_CURVE_WITH_KNOTS('',4,(#1499,#1500,#1501,#1502,#1503,
    #1504,#1505,#1506),.UNSPECIFIED.,.F.,.F.,(5,3,5),(0.,0.464111154154,
    1.),.UNSPECIFIED.);
#1499 = CARTESIAN_POINT('',(-9.3808006,-11.25842841461,31.891745684095)
  );
#1500 = CARTESIAN_POINT('',(-9.160824039967,-11.23966251701,
    31.907869140852));
#1501 = CARTESIAN_POINT('',(-8.940625376924,-11.22370402891,
    31.921365320621));
#1502 = CARTESIAN_POINT('',(-8.720257341732,-11.21061981738,
    31.932326970695));
#1503 = CARTESIAN_POINT('',(-8.245185599702,-11.18869748901,
    31.950590969543));
#1504 = CARTESIAN_POINT('',(-7.99044261969,-11.18082903814,
    31.957065221301));
#1505 = CARTESIAN_POINT('',(-7.735621336345,-11.17689482829,
    31.960302363375));
#1506 = CARTESIAN_POINT('',(-7.4808,-11.17689482829,31.960302363375));
#1507 = PCURVE('',#480,#1508);
#1508 = DEFINITIONAL_REPRESENTATION('',(#1509),#1518);
#1509 = B_SPLINE_CURVE_WITH_KNOTS('',4,(#1510,#1511,#1512,#1513,#1514,
    #1515,#1516,#1517),.UNSPECIFIED.,.F.,.F.,(5,3,5),(0.,0.464111154154,
    1.),.UNSPECIFIED.);
#1510 = CARTESIAN_POINT('',(-1.401154810172,-0.84731283452));
#1511 = CARTESIAN_POINT('',(-1.420662640485,-0.848980322493));
#1512 = CARTESIAN_POINT('',(-1.440248754307,-0.850402555559));
#1513 = CARTESIAN_POINT('',(-1.459898336642,-0.85157078588));
#1514 = CARTESIAN_POINT('',(-1.502333140886,-0.853530235579));
#1515 = CARTESIAN_POINT('',(-1.525133441635,-0.854235216623));
#1516 = CARTESIAN_POINT('',(-1.547964924377,-0.854587716911));
#1517 = CARTESIAN_POINT('',(-1.570796326795,-0.854587716911));
#1518 = ( GEOMETRIC_REPRESENTATION_CONTEXT(2) 
PARAMETRIC_REPRESENTATION_CONTEXT() REPRESENTATION_CONTEXT('2D SPACE',''
  ) );
#1519 = PCURVE('',#1520,#1525);
#1520 = CYLINDRICAL_SURFACE('',#1521,5.);
#1521 = AXIS2_PLACEMENT_3D('',#1522,#1523,#1524);
#1522 = CARTESIAN_POINT('',(-14.3808,-8.,28.0993));
#1523 = DIRECTION('',(1.,0.,-0.));
#1524 = DIRECTION('',(0.,-1.,0.));
#1525 = DEFINITIONAL_REPRESENTATION('',(#1526),#1535);
#1526 = B_SPLINE_CURVE_WITH_KNOTS('',4,(#1527,#1528,#1529,#1530,#1531,
    #1532,#1533,#1534),.UNSPECIFIED.,.F.,.F.,(5,3,5),(0.,0.464111154154,
    1.),.UNSPECIFIED.);
#1527 = CARTESIAN_POINT('',(-0.86099158407,4.9999994));
#1528 = CARTESIAN_POINT('',(-0.865939815151,5.219975960033));
#1529 = CARTESIAN_POINT('',(-0.870119750897,5.440174623076));
#1530 = CARTESIAN_POINT('',(-0.873533571722,5.660542658268));
#1531 = CARTESIAN_POINT('',(-0.879240277024,6.135614400298));
#1532 = CARTESIAN_POINT('',(-0.881278174745,6.39035738031));
#1533 = CARTESIAN_POINT('',(-0.882297145069,6.645178663655));
#1534 = CARTESIAN_POINT('',(-0.882297145069,6.9));
#1535 = ( GEOMETRIC_REPRESENTATION_CONTEXT(2) 
PARAMETRIC_REPRESENTATION_CONTEXT() REPRESENTATION_CONTEXT('2D SPACE',''
  ) );
#1536 = ORIENTED_EDGE('',*,*,#1537,.T.);
#1537 = EDGE_CURVE('',#1495,#438,#1538,.T.);
#1538 = SURFACE_CURVE('',#1539,(#1544,#1550),.PCURVE_S1.);
#1539 = CIRCLE('',#1540,17.);
#1540 = AXIS2_PLACEMENT_3D('',#1541,#1542,#1543);
#1541 = CARTESIAN_POINT('',(-7.4808,-24.,20.7993));
#1542 = DIRECTION('',(1.,0.,6.123233995737E-17));
#1543 = DIRECTION('',(-6.123233995737E-17,-0.,1.));
#1544 = PCURVE('',#480,#1545);
#1545 = DEFINITIONAL_REPRESENTATION('',(#1546),#1549);
#1546 = B_SPLINE_CURVE_WITH_KNOTS('',1,(#1547,#1548),.UNSPECIFIED.,.F.,
  .F.,(2,2),(4.712388980385,6.28318530718),.PIECEWISE_BEZIER_KNOTS.);
#1547 = CARTESIAN_POINT('',(-1.570796326795,-1.570796326795));
#1548 = CARTESIAN_POINT('',(-1.570796326795,0.));
#1549 = ( GEOMETRIC_REPRESENTATION_CONTEXT(2) 
PARAMETRIC_REPRESENTATION_CONTEXT() REPRESENTATION_CONTEXT('2D SPACE',''
  ) );
#1550 = PCURVE('',#1331,#1551);
#1551 = DEFINITIONAL_REPRESENTATION('',(#1552),#1555);
#1552 = B_SPLINE_CURVE_WITH_KNOTS('',1,(#1553,#1554),.UNSPECIFIED.,.F.,
  .F.,(2,2),(4.712388980385,6.28318530718),.PIECEWISE_BEZIER_KNOTS.);
#1553 = CARTESIAN_POINT('',(0.,17.));
#1554 = CARTESIAN_POINT('',(1.570796326795,17.));
#1555 = ( GEOMETRIC_REPRESENTATION_CONTEXT(2) 
PARAMETRIC_REPRESENTATION_CONTEXT() REPRESENTATION_CONTEXT('2D SPACE',''
  ) );
#1556 = ORIENTED_EDGE('',*,*,#465,.F.);
#1557 = ADVANCED_FACE('',(#1558),#624,.F.);
#1558 = FACE_BOUND('',#1559,.F.);
#1559 = EDGE_LOOP('',(#1560,#1616,#1645,#1673,#1695,#1696));
#1560 = ORIENTED_EDGE('',*,*,#1561,.T.);
#1561 = EDGE_CURVE('',#581,#1562,#1564,.T.);
#1562 = VERTEX_POINT('',#1563);
#1563 = CARTESIAN_POINT('',(-13.93278746723,-10.06867351173,9.4993));
#1564 = SURFACE_CURVE('',#1565,(#1580,#1598),.PCURVE_S1.);
#1565 = B_SPLINE_CURVE_WITH_KNOTS('',7,(#1566,#1567,#1568,#1569,#1570,
    #1571,#1572,#1573,#1574,#1575,#1576,#1577,#1578,#1579),
  .UNSPECIFIED.,.F.,.F.,(8,6,8),(0.,0.736599750394,1.),.UNSPECIFIED.);
#1566 = CARTESIAN_POINT('',(-14.36013583441,-8.454108630336,16.7993));
#1567 = CARTESIAN_POINT('',(-14.36013583441,-8.454108630336,
    16.016355928001));
#1568 = CARTESIAN_POINT('',(-14.35610698727,-8.498328410241,
    15.234107823275));
#1569 = CARTESIAN_POINT('',(-14.34804209932,-8.586623115035,
    14.453712040028));
#1570 = CARTESIAN_POINT('',(-14.33357308925,-8.718175041665,
    13.676424869556));
#1571 = CARTESIAN_POINT('',(-14.30779787487,-8.891407244234,
    12.903606820523));
#1572 = CARTESIAN_POINT('',(-14.26423741314,-9.104067163584,
    12.136699237413));
#1573 = CARTESIAN_POINT('',(-14.1691927797,-9.442169314826,
    11.105682893451));
#1574 = CARTESIAN_POINT('',(-14.14077646715,-9.535875905604,
    10.835073938374));
#1575 = CARTESIAN_POINT('',(-14.1085826125,-9.634094179715,
    10.56549441888));
#1576 = CARTESIAN_POINT('',(-14.07217939034,-9.736668879558,
    10.297026046537));
#1577 = CARTESIAN_POINT('',(-14.03109801474,-9.843425758248,
    10.029763459057));
#1578 = CARTESIAN_POINT('',(-13.98482493175,-9.954168323207,
    9.763814252098));
#1579 = CARTESIAN_POINT('',(-13.93278734919,-10.06867377146,9.4992994));
#1580 = PCURVE('',#624,#1581);
#1581 = DEFINITIONAL_REPRESENTATION('',(#1582),#1597);
#1582 = B_SPLINE_CURVE_WITH_KNOTS('',7,(#1583,#1584,#1585,#1586,#1587,
    #1588,#1589,#1590,#1591,#1592,#1593,#1594,#1595,#1596),
  .UNSPECIFIED.,.F.,.F.,(8,6,8),(0.,0.736599750394,1.),.UNSPECIFIED.);
#1583 = CARTESIAN_POINT('',(9.094705028182E-02,12.3));
#1584 = CARTESIAN_POINT('',(9.094705028182E-02,11.517055928001));
#1585 = CARTESIAN_POINT('',(9.982684929435E-02,10.734807823275));
#1586 = CARTESIAN_POINT('',(0.117561548617,9.954412040028));
#1587 = CARTESIAN_POINT('',(0.144022912234,9.177124869556));
#1588 = CARTESIAN_POINT('',(0.178997200622,8.404306820523));
#1589 = CARTESIAN_POINT('',(0.222299893347,7.637399237413));
#1590 = CARTESIAN_POINT('',(0.292541347495,6.606382893451));
#1591 = CARTESIAN_POINT('',(0.312121368947,6.335773938374));
#1592 = CARTESIAN_POINT('',(0.332784830556,6.06619441888));
#1593 = CARTESIAN_POINT('',(0.354541059381,5.797726046537));
#1594 = CARTESIAN_POINT('',(0.377404632411,5.530463459057));
#1595 = CARTESIAN_POINT('',(0.40139754513,5.264514252098));
#1596 = CARTESIAN_POINT('',(0.426552590493,4.9999994));
#1597 = ( GEOMETRIC_REPRESENTATION_CONTEXT(2) 
PARAMETRIC_REPRESENTATION_CONTEXT() REPRESENTATION_CONTEXT('2D SPACE',''
  ) );
#1598 = PCURVE('',#597,#1599);
#1599 = DEFINITIONAL_REPRESENTATION('',(#1600),#1615);
#1600 = B_SPLINE_CURVE_WITH_KNOTS('',7,(#1601,#1602,#1603,#1604,#1605,
    #1606,#1607,#1608,#1609,#1610,#1611,#1612,#1613,#1614),
  .UNSPECIFIED.,.F.,.F.,(8,6,8),(0.,0.736599750394,1.),.UNSPECIFIED.);
#1601 = CARTESIAN_POINT('',(-1.154181876851,0.));
#1602 = CARTESIAN_POINT('',(-1.154181876851,-4.605553364701E-02));
#1603 = CARTESIAN_POINT('',(-1.153345753344,-9.207012332196E-02));
#1604 = CARTESIAN_POINT('',(-1.151678524373,-0.138135330188));
#1605 = CARTESIAN_POINT('',(-1.149298251978,-0.184335483198));
#1606 = CARTESIAN_POINT('',(-1.146458795388,-0.230754191899));
#1607 = CARTESIAN_POINT('',(-1.143509208341,-0.277480025392));
#1608 = CARTESIAN_POINT('',(-1.1401281931,-0.341470013697));
#1609 = CARTESIAN_POINT('',(-1.139296375459,-0.358376883101));
#1610 = CARTESIAN_POINT('',(-1.138549311438,-0.375340453529));
#1611 = CARTESIAN_POINT('',(-1.137916777051,-0.392365045552));
#1612 = CARTESIAN_POINT('',(-1.137432908711,-0.40945453094));
#1613 = CARTESIAN_POINT('',(-1.13713763408,-0.42661233073));
#1614 = CARTESIAN_POINT('',(-1.137078938372,-0.443841370209));
#1615 = ( GEOMETRIC_REPRESENTATION_CONTEXT(2) 
PARAMETRIC_REPRESENTATION_CONTEXT() REPRESENTATION_CONTEXT('2D SPACE',''
  ) );
#1616 = ORIENTED_EDGE('',*,*,#1617,.T.);
#1617 = EDGE_CURVE('',#1562,#1618,#1620,.T.);
#1618 = VERTEX_POINT('',#1619);
#1619 = CARTESIAN_POINT('',(-9.3808,-13.,9.4993));
#1620 = SURFACE_CURVE('',#1621,(#1626,#1633),.PCURVE_S1.);
#1621 = CIRCLE('',#1622,5.);
#1622 = AXIS2_PLACEMENT_3D('',#1623,#1624,#1625);
#1623 = CARTESIAN_POINT('',(-9.3808,-8.,9.4993));
#1624 = DIRECTION('',(0.,0.,1.));
#1625 = DIRECTION('',(-1.,0.,0.));
#1626 = PCURVE('',#624,#1627);
#1627 = DEFINITIONAL_REPRESENTATION('',(#1628),#1632);
#1628 = LINE('',#1629,#1630);
#1629 = CARTESIAN_POINT('',(0.,5.));
#1630 = VECTOR('',#1631,1.);
#1631 = DIRECTION('',(1.,0.));
#1632 = ( GEOMETRIC_REPRESENTATION_CONTEXT(2) 
PARAMETRIC_REPRESENTATION_CONTEXT() REPRESENTATION_CONTEXT('2D SPACE',''
  ) );
#1633 = PCURVE('',#1634,#1639);
#1634 = SPHERICAL_SURFACE('',#1635,5.);
#1635 = AXIS2_PLACEMENT_3D('',#1636,#1637,#1638);
#1636 = CARTESIAN_POINT('',(-9.3808,-8.,9.4993));
#1637 = DIRECTION('',(0.,0.,1.));
#1638 = DIRECTION('',(-1.,0.,0.));
#1639 = DEFINITIONAL_REPRESENTATION('',(#1640),#1644);
#1640 = LINE('',#1641,#1642);
#1641 = CARTESIAN_POINT('',(0.,0.));
#1642 = VECTOR('',#1643,1.);
#1643 = DIRECTION('',(1.,0.));
#1644 = ( GEOMETRIC_REPRESENTATION_CONTEXT(2) 
PARAMETRIC_REPRESENTATION_CONTEXT() REPRESENTATION_CONTEXT('2D SPACE',''
  ) );
#1645 = ORIENTED_EDGE('',*,*,#1646,.T.);
#1646 = EDGE_CURVE('',#1618,#1647,#1649,.T.);
#1647 = VERTEX_POINT('',#1648);
#1648 = CARTESIAN_POINT('',(-9.3808,-13.,28.0993));
#1649 = SURFACE_CURVE('',#1650,(#1654,#1661),.PCURVE_S1.);
#1650 = LINE('',#1651,#1652);
#1651 = CARTESIAN_POINT('',(-9.3808,-13.,4.4993));
#1652 = VECTOR('',#1653,1.);
#1653 = DIRECTION('',(0.,0.,1.));
#1654 = PCURVE('',#624,#1655);
#1655 = DEFINITIONAL_REPRESENTATION('',(#1656),#1660);
#1656 = LINE('',#1657,#1658);
#1657 = CARTESIAN_POINT('',(1.570796326795,0.));
#1658 = VECTOR('',#1659,1.);
#1659 = DIRECTION('',(0.,1.));
#1660 = ( GEOMETRIC_REPRESENTATION_CONTEXT(2) 
PARAMETRIC_REPRESENTATION_CONTEXT() REPRESENTATION_CONTEXT('2D SPACE',''
  ) );
#1661 = PCURVE('',#1662,#1667);
#1662 = PLANE('',#1663);
#1663 = AXIS2_PLACEMENT_3D('',#1664,#1665,#1666);
#1664 = CARTESIAN_POINT('',(-14.3808,-13.,4.4993));
#1665 = DIRECTION('',(-0.,1.,0.));
#1666 = DIRECTION('',(0.,0.,1.));
#1667 = DEFINITIONAL_REPRESENTATION('',(#1668),#1672);
#1668 = LINE('',#1669,#1670);
#1669 = CARTESIAN_POINT('',(0.,5.));
#1670 = VECTOR('',#1671,1.);
#1671 = DIRECTION('',(1.,0.));
#1672 = ( GEOMETRIC_REPRESENTATION_CONTEXT(2) 
PARAMETRIC_REPRESENTATION_CONTEXT() REPRESENTATION_CONTEXT('2D SPACE',''
  ) );
#1673 = ORIENTED_EDGE('',*,*,#1674,.F.);
#1674 = EDGE_CURVE('',#1348,#1647,#1675,.T.);
#1675 = SURFACE_CURVE('',#1676,(#1681,#1688),.PCURVE_S1.);
#1676 = CIRCLE('',#1677,5.);
#1677 = AXIS2_PLACEMENT_3D('',#1678,#1679,#1680);
#1678 = CARTESIAN_POINT('',(-9.3808,-8.,28.0993));
#1679 = DIRECTION('',(0.,0.,1.));
#1680 = DIRECTION('',(-1.,0.,0.));
#1681 = PCURVE('',#624,#1682);
#1682 = DEFINITIONAL_REPRESENTATION('',(#1683),#1687);
#1683 = LINE('',#1684,#1685);
#1684 = CARTESIAN_POINT('',(0.,23.6));
#1685 = VECTOR('',#1686,1.);
#1686 = DIRECTION('',(1.,0.));
#1687 = ( GEOMETRIC_REPRESENTATION_CONTEXT(2) 
PARAMETRIC_REPRESENTATION_CONTEXT() REPRESENTATION_CONTEXT('2D SPACE',''
  ) );
#1688 = PCURVE('',#1462,#1689);
#1689 = DEFINITIONAL_REPRESENTATION('',(#1690),#1694);
#1690 = LINE('',#1691,#1692);
#1691 = CARTESIAN_POINT('',(-0.,0.));
#1692 = VECTOR('',#1693,1.);
#1693 = DIRECTION('',(-1.,0.));
#1694 = ( GEOMETRIC_REPRESENTATION_CONTEXT(2) 
PARAMETRIC_REPRESENTATION_CONTEXT() REPRESENTATION_CONTEXT('2D SPACE',''
  ) );
#1695 = ORIENTED_EDGE('',*,*,#1347,.T.);
#1696 = ORIENTED_EDGE('',*,*,#609,.F.);
#1697 = ADVANCED_FACE('',(#1698),#597,.T.);
#1698 = FACE_BOUND('',#1699,.F.);
#1699 = EDGE_LOOP('',(#1700,#1729,#1772,#1824,#1825,#1826,#1827));
#1700 = ORIENTED_EDGE('',*,*,#1701,.T.);
#1701 = EDGE_CURVE('',#1702,#1704,#1706,.T.);
#1702 = VERTEX_POINT('',#1703);
#1703 = CARTESIAN_POINT('',(-7.4808,-24.,-0.2007));
#1704 = VERTEX_POINT('',#1705);
#1705 = CARTESIAN_POINT('',(-7.4808,-11.17689482829,5.638297636625));
#1706 = SURFACE_CURVE('',#1707,(#1712,#1718),.PCURVE_S1.);
#1707 = CIRCLE('',#1708,17.);
#1708 = AXIS2_PLACEMENT_3D('',#1709,#1710,#1711);
#1709 = CARTESIAN_POINT('',(-7.4808,-24.,16.7993));
#1710 = DIRECTION('',(1.,6.123233995737E-17,-0.));
#1711 = DIRECTION('',(-6.123233995737E-17,1.,0.));
#1712 = PCURVE('',#597,#1713);
#1713 = DEFINITIONAL_REPRESENTATION('',(#1714),#1717);
#1714 = B_SPLINE_CURVE_WITH_KNOTS('',1,(#1715,#1716),.UNSPECIFIED.,.F.,
  .F.,(2,2),(4.712388980385,6.28318530718),.PIECEWISE_BEZIER_KNOTS.);
#1715 = CARTESIAN_POINT('',(-1.570796326795,-1.570796326795));
#1716 = CARTESIAN_POINT('',(-1.570796326795,0.));
#1717 = ( GEOMETRIC_REPRESENTATION_CONTEXT(2) 
PARAMETRIC_REPRESENTATION_CONTEXT() REPRESENTATION_CONTEXT('2D SPACE',''
  ) );
#1718 = PCURVE('',#1719,#1724);
#1719 = CYLINDRICAL_SURFACE('',#1720,17.);
#1720 = AXIS2_PLACEMENT_3D('',#1721,#1722,#1723);
#1721 = CARTESIAN_POINT('',(-24.4808,-24.,16.7993));
#1722 = DIRECTION('',(1.,0.,-0.));
#1723 = DIRECTION('',(0.,1.,0.));
#1724 = DEFINITIONAL_REPRESENTATION('',(#1725),#1728);
#1725 = B_SPLINE_CURVE_WITH_KNOTS('',1,(#1726,#1727),.UNSPECIFIED.,.F.,
  .F.,(2,2),(4.712388980385,6.28318530718),.PIECEWISE_BEZIER_KNOTS.);
#1726 = CARTESIAN_POINT('',(-1.570796326795,17.));
#1727 = CARTESIAN_POINT('',(0.,17.));
#1728 = ( GEOMETRIC_REPRESENTATION_CONTEXT(2) 
PARAMETRIC_REPRESENTATION_CONTEXT() REPRESENTATION_CONTEXT('2D SPACE',''
  ) );
#1729 = ORIENTED_EDGE('',*,*,#1730,.F.);
#1730 = EDGE_CURVE('',#1731,#1704,#1733,.T.);
#1731 = VERTEX_POINT('',#1732);
#1732 = CARTESIAN_POINT('',(-9.3808,-11.25842836343,5.706854271928));
#1733 = SURFACE_CURVE('',#1734,(#1743,#1755),.PCURVE_S1.);
#1734 = B_SPLINE_CURVE_WITH_KNOTS('',4,(#1735,#1736,#1737,#1738,#1739,
    #1740,#1741,#1742),.UNSPECIFIED.,.F.,.F.,(5,3,5),(0.,0.464114845151,
    1.),.UNSPECIFIED.);
#1735 = CARTESIAN_POINT('',(-9.3808006,-11.25842841461,5.706854315905));
#1736 = CARTESIAN_POINT('',(-9.160826390141,-11.2396627175,
    5.690731031407));
#1737 = CARTESIAN_POINT('',(-8.940628307233,-11.2237042178,
    5.677234837491));
#1738 = CARTESIAN_POINT('',(-8.720259346056,-11.21061990987,
    5.666273106361));
#1739 = CARTESIAN_POINT('',(-8.245187063571,-11.18869755656,
    5.648009086735));
#1740 = CARTESIAN_POINT('',(-7.990444109922,-11.18082906166,
    5.641534797748));
#1741 = CARTESIAN_POINT('',(-7.735622079921,-11.17689482829,
    5.638297636625));
#1742 = CARTESIAN_POINT('',(-7.4808,-11.17689482829,5.638297636625));
#1743 = PCURVE('',#597,#1744);
#1744 = DEFINITIONAL_REPRESENTATION('',(#1745),#1754);
#1745 = B_SPLINE_CURVE_WITH_KNOTS('',4,(#1746,#1747,#1748,#1749,#1750,
    #1751,#1752,#1753),.UNSPECIFIED.,.F.,.F.,(5,3,5),(0.,0.464114845151,
    1.),.UNSPECIFIED.);
#1746 = CARTESIAN_POINT('',(-1.422768857457,-0.710874626412));
#1747 = CARTESIAN_POINT('',(-1.439872449844,-0.712126195652));
#1748 = CARTESIAN_POINT('',(-1.457010234533,-0.713175633266));
#1749 = CARTESIAN_POINT('',(-1.474173344766,-0.71402884113));
#1750 = CARTESIAN_POINT('',(-1.511191399102,-0.715451266957));
#1751 = CARTESIAN_POINT('',(-1.531052143385,-0.715956163629));
#1752 = CARTESIAN_POINT('',(-1.550924222768,-0.716208609884));
#1753 = CARTESIAN_POINT('',(-1.570796326795,-0.716208609884));
#1754 = ( GEOMETRIC_REPRESENTATION_CONTEXT(2) 
PARAMETRIC_REPRESENTATION_CONTEXT() REPRESENTATION_CONTEXT('2D SPACE',''
  ) );
#1755 = PCURVE('',#1756,#1761);
#1756 = CYLINDRICAL_SURFACE('',#1757,5.);
#1757 = AXIS2_PLACEMENT_3D('',#1758,#1759,#1760);
#1758 = CARTESIAN_POINT('',(-14.3808,-8.,9.4993));
#1759 = DIRECTION('',(1.,0.,-0.));
#1760 = DIRECTION('',(0.,-1.,0.));
#1761 = DEFINITIONAL_REPRESENTATION('',(#1762),#1771);
#1762 = B_SPLINE_CURVE_WITH_KNOTS('',4,(#1763,#1764,#1765,#1766,#1767,
    #1768,#1769,#1770),.UNSPECIFIED.,.F.,.F.,(5,3,5),(0.,0.464114845151,
    1.),.UNSPECIFIED.);
#1763 = CARTESIAN_POINT('',(0.86099158407,4.9999994));
#1764 = CARTESIAN_POINT('',(0.865939762285,5.219973609859));
#1765 = CARTESIAN_POINT('',(0.870119701633,5.440171692767));
#1766 = CARTESIAN_POINT('',(0.873533547646,5.660540653944));
#1767 = CARTESIAN_POINT('',(0.87924025944,6.135612936429));
#1768 = CARTESIAN_POINT('',(0.881278168693,6.390355890078));
#1769 = CARTESIAN_POINT('',(0.882297145069,6.645177920079));
#1770 = CARTESIAN_POINT('',(0.882297145069,6.9));
#1771 = ( GEOMETRIC_REPRESENTATION_CONTEXT(2) 
PARAMETRIC_REPRESENTATION_CONTEXT() REPRESENTATION_CONTEXT('2D SPACE',''
  ) );
#1772 = ORIENTED_EDGE('',*,*,#1773,.T.);
#1773 = EDGE_CURVE('',#1731,#1562,#1774,.T.);
#1774 = SURFACE_CURVE('',#1775,(#1780,#1800),.PCURVE_S1.);
#1775 = CIRCLE('',#1776,4.805151139022);
#1776 = AXIS2_PLACEMENT_3D('',#1777,#1778,#1779);
#1777 = CARTESIAN_POINT('',(-9.232334036433,-9.250239693193,
    10.069721860019));
#1778 = DIRECTION('',(-0.107411509358,0.904517973543,-0.412686325429));
#1779 = DIRECTION('',(6.938893903907E-18,0.415087753912,0.909781378438)
  );
#1780 = PCURVE('',#597,#1781);
#1781 = DEFINITIONAL_REPRESENTATION('',(#1782),#1799);
#1782 = B_SPLINE_CURVE_WITH_KNOTS('',8,(#1783,#1784,#1785,#1786,#1787,
    #1788,#1789,#1790,#1791,#1792,#1793,#1794,#1795,#1796,#1797,#1798),
  .UNSPECIFIED.,.F.,.F.,(9,7,9),(3.172674701224,3.85269927211,
    4.532723842995),.UNSPECIFIED.);
#1783 = CARTESIAN_POINT('',(-1.422768904108,-0.710874629826));
#1784 = CARTESIAN_POINT('',(-1.3912095881,-0.708565252063));
#1785 = CARTESIAN_POINT('',(-1.360077710392,-0.703464489657));
#1786 = CARTESIAN_POINT('',(-1.329971961929,-0.69562000577));
#1787 = CARTESIAN_POINT('',(-1.301459575586,-0.685159058872));
#1788 = CARTESIAN_POINT('',(-1.275007543937,-0.672283357035));
#1789 = CARTESIAN_POINT('',(-1.250937551219,-0.657241716925));
#1790 = CARTESIAN_POINT('',(-1.229454313434,-0.64030579875));
#1791 = CARTESIAN_POINT('',(-1.191882371142,-0.60320612843));
#1792 = CARTESIAN_POINT('',(-1.175793637345,-0.583042374787));
#1793 = CARTESIAN_POINT('',(-1.162513149847,-0.561545002292));
#1794 = CARTESIAN_POINT('',(-1.152057255476,-0.539002935742));
#1795 = CARTESIAN_POINT('',(-1.144378314044,-0.515698429398));
#1796 = CARTESIAN_POINT('',(-1.13939216479,-0.491901237192));
#1797 = CARTESIAN_POINT('',(-1.136997084605,-0.467867841242));
#1798 = CARTESIAN_POINT('',(-1.137078938505,-0.443841331128));
#1799 = ( GEOMETRIC_REPRESENTATION_CONTEXT(2) 
PARAMETRIC_REPRESENTATION_CONTEXT() REPRESENTATION_CONTEXT('2D SPACE',''
  ) );
#1800 = PCURVE('',#1634,#1801);
#1801 = DEFINITIONAL_REPRESENTATION('',(#1802),#1823);
#1802 = B_SPLINE_CURVE_WITH_KNOTS('',7,(#1803,#1804,#1805,#1806,#1807,
    #1808,#1809,#1810,#1811,#1812,#1813,#1814,#1815,#1816,#1817,#1818,
    #1819,#1820,#1821,#1822),.UNSPECIFIED.,.F.,.F.,(8,6,6,8),(
    3.172674701224,3.512686986667,4.022705414831,4.532723842995),
  .UNSPECIFIED.);
#1803 = CARTESIAN_POINT('',(1.570796326795,-0.860991597566));
#1804 = CARTESIAN_POINT('',(1.499615048392,-0.855774278598));
#1805 = CARTESIAN_POINT('',(1.429567919255,-0.846908400791));
#1806 = CARTESIAN_POINT('',(1.361569805063,-0.834506563647));
#1807 = CARTESIAN_POINT('',(1.296397673591,-0.818795529521));
#1808 = CARTESIAN_POINT('',(1.234473714091,-0.800080973219));
#1809 = CARTESIAN_POINT('',(1.175952999784,-0.778672245803));
#1810 = CARTESIAN_POINT('',(1.038133668901,-0.719154272353));
#1811 = CARTESIAN_POINT('',(0.963075492306,-0.678046684928));
#1812 = CARTESIAN_POINT('',(0.895618542234,-0.632540219137));
#1813 = CARTESIAN_POINT('',(0.834849149894,-0.583548162899));
#1814 = CARTESIAN_POINT('',(0.779811178445,-0.531728732799));
#1815 = CARTESIAN_POINT('',(0.729655826998,-0.477601626871));
#1816 = CARTESIAN_POINT('',(0.637626969219,-0.365529293038));
#1817 = CARTESIAN_POINT('',(0.595753806034,-0.307584221011));
#1818 = CARTESIAN_POINT('',(0.55728150231,-0.248130264104));
#1819 = CARTESIAN_POINT('',(0.521587631036,-0.187452414874));
#1820 = CARTESIAN_POINT('',(0.488175007103,-0.125765002388));
#1821 = CARTESIAN_POINT('',(0.456620766437,-6.323578343162E-02));
#1822 = CARTESIAN_POINT('',(0.426552533434,-3.5527136788E-16));
#1823 = ( GEOMETRIC_REPRESENTATION_CONTEXT(2) 
PARAMETRIC_REPRESENTATION_CONTEXT() REPRESENTATION_CONTEXT('2D SPACE',''
  ) );
#1824 = ORIENTED_EDGE('',*,*,#1561,.F.);
#1825 = ORIENTED_EDGE('',*,*,#580,.F.);
#1826 = ORIENTED_EDGE('',*,*,#978,.T.);
#1827 = ORIENTED_EDGE('',*,*,#1828,.F.);
#1828 = EDGE_CURVE('',#1702,#661,#1829,.T.);
#1829 = SURFACE_CURVE('',#1830,(#1835,#1841),.PCURVE_S1.);
#1830 = CIRCLE('',#1831,17.);
#1831 = AXIS2_PLACEMENT_3D('',#1832,#1833,#1834);
#1832 = CARTESIAN_POINT('',(-7.4808,-24.,16.7993));
#1833 = DIRECTION('',(0.,1.,-0.));
#1834 = DIRECTION('',(-1.,0.,0.));
#1835 = PCURVE('',#597,#1836);
#1836 = DEFINITIONAL_REPRESENTATION('',(#1837),#1840);
#1837 = B_SPLINE_CURVE_WITH_KNOTS('',1,(#1838,#1839),.UNSPECIFIED.,.F.,
  .F.,(2,2),(4.712388980385,6.28318530718),.PIECEWISE_BEZIER_KNOTS.);
#1838 = CARTESIAN_POINT('',(0.,-1.570796326795));
#1839 = CARTESIAN_POINT('',(0.,0.));
#1840 = ( GEOMETRIC_REPRESENTATION_CONTEXT(2) 
PARAMETRIC_REPRESENTATION_CONTEXT() REPRESENTATION_CONTEXT('2D SPACE',''
  ) );
#1841 = PCURVE('',#702,#1842);
#1842 = DEFINITIONAL_REPRESENTATION('',(#1843),#1846);
#1843 = B_SPLINE_CURVE_WITH_KNOTS('',1,(#1844,#1845),.UNSPECIFIED.,.F.,
  .F.,(2,2),(4.712388980385,6.28318530718),.PIECEWISE_BEZIER_KNOTS.);
#1844 = CARTESIAN_POINT('',(-1.570796326795,25.));
#1845 = CARTESIAN_POINT('',(0.,25.));
#1846 = ( GEOMETRIC_REPRESENTATION_CONTEXT(2) 
PARAMETRIC_REPRESENTATION_CONTEXT() REPRESENTATION_CONTEXT('2D SPACE',''
  ) );
#1847 = ADVANCED_FACE('',(#1848),#702,.T.);
#1848 = FACE_BOUND('',#1849,.F.);
#1849 = EDGE_LOOP('',(#1850,#1851,#1877,#1878,#1879));
#1850 = ORIENTED_EDGE('',*,*,#1218,.F.);
#1851 = ORIENTED_EDGE('',*,*,#1852,.T.);
#1852 = EDGE_CURVE('',#1219,#1702,#1853,.T.);
#1853 = SURFACE_CURVE('',#1854,(#1858,#1865),.PCURVE_S1.);
#1854 = LINE('',#1855,#1856);
#1855 = CARTESIAN_POINT('',(-7.4808,-49.,-0.2007));
#1856 = VECTOR('',#1857,1.);
#1857 = DIRECTION('',(-0.,1.,0.));
#1858 = PCURVE('',#702,#1859);
#1859 = DEFINITIONAL_REPRESENTATION('',(#1860),#1864);
#1860 = LINE('',#1861,#1862);
#1861 = CARTESIAN_POINT('',(-1.570796326795,0.));
#1862 = VECTOR('',#1863,1.);
#1863 = DIRECTION('',(-0.,1.));
#1864 = ( GEOMETRIC_REPRESENTATION_CONTEXT(2) 
PARAMETRIC_REPRESENTATION_CONTEXT() REPRESENTATION_CONTEXT('2D SPACE',''
  ) );
#1865 = PCURVE('',#1866,#1871);
#1866 = PLANE('',#1867);
#1867 = AXIS2_PLACEMENT_3D('',#1868,#1869,#1870);
#1868 = CARTESIAN_POINT('',(-24.4808,-49.,-0.2007));
#1869 = DIRECTION('',(0.,0.,1.));
#1870 = DIRECTION('',(1.,0.,-0.));
#1871 = DEFINITIONAL_REPRESENTATION('',(#1872),#1876);
#1872 = LINE('',#1873,#1874);
#1873 = CARTESIAN_POINT('',(17.,0.));
#1874 = VECTOR('',#1875,1.);
#1875 = DIRECTION('',(0.,1.));
#1876 = ( GEOMETRIC_REPRESENTATION_CONTEXT(2) 
PARAMETRIC_REPRESENTATION_CONTEXT() REPRESENTATION_CONTEXT('2D SPACE',''
  ) );
#1877 = ORIENTED_EDGE('',*,*,#1828,.T.);
#1878 = ORIENTED_EDGE('',*,*,#658,.F.);
#1879 = ORIENTED_EDGE('',*,*,#727,.F.);
#1880 = ADVANCED_FACE('',(#1881),#1122,.T.);
#1881 = FACE_BOUND('',#1882,.F.);
#1882 = EDGE_LOOP('',(#1883,#1884,#1885,#1910));
#1883 = ORIENTED_EDGE('',*,*,#1108,.F.);
#1884 = ORIENTED_EDGE('',*,*,#1266,.T.);
#1885 = ORIENTED_EDGE('',*,*,#1886,.T.);
#1886 = EDGE_CURVE('',#1267,#1139,#1887,.T.);
#1887 = SURFACE_CURVE('',#1888,(#1893,#1899),.PCURVE_S1.);
#1888 = CIRCLE('',#1889,17.);
#1889 = AXIS2_PLACEMENT_3D('',#1890,#1891,#1892);
#1890 = CARTESIAN_POINT('',(0.5192,-32.,20.7993));
#1891 = DIRECTION('',(1.,6.123233995737E-17,0.));
#1892 = DIRECTION('',(6.123233995737E-17,-1.,0.));
#1893 = PCURVE('',#1122,#1894);
#1894 = DEFINITIONAL_REPRESENTATION('',(#1895),#1898);
#1895 = B_SPLINE_CURVE_WITH_KNOTS('',1,(#1896,#1897),.UNSPECIFIED.,.F.,
  .F.,(2,2),(4.712388980385,6.28318530718),.PIECEWISE_BEZIER_KNOTS.);
#1896 = CARTESIAN_POINT('',(-1.570796326795,25.));
#1897 = CARTESIAN_POINT('',(0.,25.));
#1898 = ( GEOMETRIC_REPRESENTATION_CONTEXT(2) 
PARAMETRIC_REPRESENTATION_CONTEXT() REPRESENTATION_CONTEXT('2D SPACE',''
  ) );
#1899 = PCURVE('',#1900,#1905);
#1900 = SPHERICAL_SURFACE('',#1901,17.);
#1901 = AXIS2_PLACEMENT_3D('',#1902,#1903,#1904);
#1902 = CARTESIAN_POINT('',(0.5192,-32.,20.7993));
#1903 = DIRECTION('',(-0.,-0.,-1.));
#1904 = DIRECTION('',(1.,0.,0.));
#1905 = DEFINITIONAL_REPRESENTATION('',(#1906),#1909);
#1906 = B_SPLINE_CURVE_WITH_KNOTS('',1,(#1907,#1908),.UNSPECIFIED.,.F.,
  .F.,(2,2),(4.712388980385,6.28318530718),.PIECEWISE_BEZIER_KNOTS.);
#1907 = CARTESIAN_POINT('',(1.570796326795,-1.570796326795));
#1908 = CARTESIAN_POINT('',(1.570796326795,0.));
#1909 = ( GEOMETRIC_REPRESENTATION_CONTEXT(2) 
PARAMETRIC_REPRESENTATION_CONTEXT() REPRESENTATION_CONTEXT('2D SPACE',''
  ) );
#1910 = ORIENTED_EDGE('',*,*,#1138,.F.);
#1911 = ADVANCED_FACE('',(#1912),#1203,.T.);
#1912 = FACE_BOUND('',#1913,.T.);
#1913 = EDGE_LOOP('',(#1914,#1915,#1938,#1963));
#1914 = ORIENTED_EDGE('',*,*,#1240,.F.);
#1915 = ORIENTED_EDGE('',*,*,#1916,.T.);
#1916 = EDGE_CURVE('',#1219,#1917,#1919,.T.);
#1917 = VERTEX_POINT('',#1918);
#1918 = CARTESIAN_POINT('',(0.5192,-32.,-0.2007));
#1919 = SURFACE_CURVE('',#1920,(#1924,#1931),.PCURVE_S1.);
#1920 = LINE('',#1921,#1922);
#1921 = CARTESIAN_POINT('',(-24.4808,-32.,-0.2007));
#1922 = VECTOR('',#1923,1.);
#1923 = DIRECTION('',(1.,0.,-0.));
#1924 = PCURVE('',#1203,#1925);
#1925 = DEFINITIONAL_REPRESENTATION('',(#1926),#1930);
#1926 = LINE('',#1927,#1928);
#1927 = CARTESIAN_POINT('',(1.570796326795,0.));
#1928 = VECTOR('',#1929,1.);
#1929 = DIRECTION('',(0.,1.));
#1930 = ( GEOMETRIC_REPRESENTATION_CONTEXT(2) 
PARAMETRIC_REPRESENTATION_CONTEXT() REPRESENTATION_CONTEXT('2D SPACE',''
  ) );
#1931 = PCURVE('',#1866,#1932);
#1932 = DEFINITIONAL_REPRESENTATION('',(#1933),#1937);
#1933 = LINE('',#1934,#1935);
#1934 = CARTESIAN_POINT('',(0.,17.));
#1935 = VECTOR('',#1936,1.);
#1936 = DIRECTION('',(1.,0.));
#1937 = ( GEOMETRIC_REPRESENTATION_CONTEXT(2) 
PARAMETRIC_REPRESENTATION_CONTEXT() REPRESENTATION_CONTEXT('2D SPACE',''
  ) );
#1938 = ORIENTED_EDGE('',*,*,#1939,.T.);
#1939 = EDGE_CURVE('',#1917,#1162,#1940,.T.);
#1940 = SURFACE_CURVE('',#1941,(#1946,#1952),.PCURVE_S1.);
#1941 = CIRCLE('',#1942,17.);
#1942 = AXIS2_PLACEMENT_3D('',#1943,#1944,#1945);
#1943 = CARTESIAN_POINT('',(0.5192,-32.,16.7993));
#1944 = DIRECTION('',(-1.,-6.123233995737E-17,0.));
#1945 = DIRECTION('',(6.123233995737E-17,-1.,-0.));
#1946 = PCURVE('',#1203,#1947);
#1947 = DEFINITIONAL_REPRESENTATION('',(#1948),#1951);
#1948 = B_SPLINE_CURVE_WITH_KNOTS('',1,(#1949,#1950),.UNSPECIFIED.,.F.,
  .F.,(2,2),(4.712388980385,6.28318530718),.PIECEWISE_BEZIER_KNOTS.);
#1949 = CARTESIAN_POINT('',(1.570796326795,25.));
#1950 = CARTESIAN_POINT('',(0.,25.));
#1951 = ( GEOMETRIC_REPRESENTATION_CONTEXT(2) 
PARAMETRIC_REPRESENTATION_CONTEXT() REPRESENTATION_CONTEXT('2D SPACE',''
  ) );
#1952 = PCURVE('',#1953,#1958);
#1953 = SPHERICAL_SURFACE('',#1954,17.);
#1954 = AXIS2_PLACEMENT_3D('',#1955,#1956,#1957);
#1955 = CARTESIAN_POINT('',(0.5192,-32.,16.7993));
#1956 = DIRECTION('',(0.,0.,1.));
#1957 = DIRECTION('',(1.,0.,-0.));
#1958 = DEFINITIONAL_REPRESENTATION('',(#1959),#1962);
#1959 = B_SPLINE_CURVE_WITH_KNOTS('',1,(#1960,#1961),.UNSPECIFIED.,.F.,
  .F.,(2,2),(4.712388980385,6.28318530718),.PIECEWISE_BEZIER_KNOTS.);
#1960 = CARTESIAN_POINT('',(-1.570796326795,-1.570796326795));
#1961 = CARTESIAN_POINT('',(-1.570796326795,0.));
#1962 = ( GEOMETRIC_REPRESENTATION_CONTEXT(2) 
PARAMETRIC_REPRESENTATION_CONTEXT() REPRESENTATION_CONTEXT('2D SPACE',''
  ) );
#1963 = ORIENTED_EDGE('',*,*,#1189,.F.);
#1964 = ADVANCED_FACE('',(#1965),#1177,.T.);
#1965 = FACE_BOUND('',#1966,.F.);
#1966 = EDGE_LOOP('',(#1967,#1997,#2019,#2020));
#1967 = ORIENTED_EDGE('',*,*,#1968,.F.);
#1968 = EDGE_CURVE('',#1969,#1971,#1973,.T.);
#1969 = VERTEX_POINT('',#1970);
#1970 = CARTESIAN_POINT('',(17.5192,-32.,16.7993));
#1971 = VERTEX_POINT('',#1972);
#1972 = CARTESIAN_POINT('',(17.5192,-32.,20.7993));
#1973 = SURFACE_CURVE('',#1974,(#1978,#1985),.PCURVE_S1.);
#1974 = LINE('',#1975,#1976);
#1975 = CARTESIAN_POINT('',(17.5192,-32.,-0.2007));
#1976 = VECTOR('',#1977,1.);
#1977 = DIRECTION('',(0.,0.,1.));
#1978 = PCURVE('',#1177,#1979);
#1979 = DEFINITIONAL_REPRESENTATION('',(#1980),#1984);
#1980 = LINE('',#1981,#1982);
#1981 = CARTESIAN_POINT('',(-0.,0.));
#1982 = VECTOR('',#1983,1.);
#1983 = DIRECTION('',(-0.,1.));
#1984 = ( GEOMETRIC_REPRESENTATION_CONTEXT(2) 
PARAMETRIC_REPRESENTATION_CONTEXT() REPRESENTATION_CONTEXT('2D SPACE',''
  ) );
#1985 = PCURVE('',#1986,#1991);
#1986 = PLANE('',#1987);
#1987 = AXIS2_PLACEMENT_3D('',#1988,#1989,#1990);
#1988 = CARTESIAN_POINT('',(17.5192,-49.,-0.2007));
#1989 = DIRECTION('',(1.,0.,-0.));
#1990 = DIRECTION('',(0.,0.,1.));
#1991 = DEFINITIONAL_REPRESENTATION('',(#1992),#1996);
#1992 = LINE('',#1993,#1994);
#1993 = CARTESIAN_POINT('',(0.,-17.));
#1994 = VECTOR('',#1995,1.);
#1995 = DIRECTION('',(1.,0.));
#1996 = ( GEOMETRIC_REPRESENTATION_CONTEXT(2) 
PARAMETRIC_REPRESENTATION_CONTEXT() REPRESENTATION_CONTEXT('2D SPACE',''
  ) );
#1997 = ORIENTED_EDGE('',*,*,#1998,.T.);
#1998 = EDGE_CURVE('',#1969,#1162,#1999,.T.);
#1999 = SURFACE_CURVE('',#2000,(#2005,#2012),.PCURVE_S1.);
#2000 = CIRCLE('',#2001,17.);
#2001 = AXIS2_PLACEMENT_3D('',#2002,#2003,#2004);
#2002 = CARTESIAN_POINT('',(0.5192,-32.,16.7993));
#2003 = DIRECTION('',(0.,-0.,-1.));
#2004 = DIRECTION('',(1.,0.,-0.));
#2005 = PCURVE('',#1177,#2006);
#2006 = DEFINITIONAL_REPRESENTATION('',(#2007),#2011);
#2007 = LINE('',#2008,#2009);
#2008 = CARTESIAN_POINT('',(-0.,17.));
#2009 = VECTOR('',#2010,1.);
#2010 = DIRECTION('',(-1.,0.));
#2011 = ( GEOMETRIC_REPRESENTATION_CONTEXT(2) 
PARAMETRIC_REPRESENTATION_CONTEXT() REPRESENTATION_CONTEXT('2D SPACE',''
  ) );
#2012 = PCURVE('',#1953,#2013);
#2013 = DEFINITIONAL_REPRESENTATION('',(#2014),#2018);
#2014 = LINE('',#2015,#2016);
#2015 = CARTESIAN_POINT('',(-0.,0.));
#2016 = VECTOR('',#2017,1.);
#2017 = DIRECTION('',(-1.,0.));
#2018 = ( GEOMETRIC_REPRESENTATION_CONTEXT(2) 
PARAMETRIC_REPRESENTATION_CONTEXT() REPRESENTATION_CONTEXT('2D SPACE',''
  ) );
#2019 = ORIENTED_EDGE('',*,*,#1161,.T.);
#2020 = ORIENTED_EDGE('',*,*,#2021,.F.);
#2021 = EDGE_CURVE('',#1971,#1139,#2022,.T.);
#2022 = SURFACE_CURVE('',#2023,(#2028,#2035),.PCURVE_S1.);
#2023 = CIRCLE('',#2024,17.);
#2024 = AXIS2_PLACEMENT_3D('',#2025,#2026,#2027);
#2025 = CARTESIAN_POINT('',(0.5192,-32.,20.7993));
#2026 = DIRECTION('',(0.,0.,-1.));
#2027 = DIRECTION('',(1.,0.,0.));
#2028 = PCURVE('',#1177,#2029);
#2029 = DEFINITIONAL_REPRESENTATION('',(#2030),#2034);
#2030 = LINE('',#2031,#2032);
#2031 = CARTESIAN_POINT('',(-0.,21.));
#2032 = VECTOR('',#2033,1.);
#2033 = DIRECTION('',(-1.,0.));
#2034 = ( GEOMETRIC_REPRESENTATION_CONTEXT(2) 
PARAMETRIC_REPRESENTATION_CONTEXT() REPRESENTATION_CONTEXT('2D SPACE',''
  ) );
#2035 = PCURVE('',#1900,#2036);
#2036 = DEFINITIONAL_REPRESENTATION('',(#2037),#2041);
#2037 = LINE('',#2038,#2039);
#2038 = CARTESIAN_POINT('',(0.,0.));
#2039 = VECTOR('',#2040,1.);
#2040 = DIRECTION('',(1.,0.));
#2041 = ( GEOMETRIC_REPRESENTATION_CONTEXT(2) 
PARAMETRIC_REPRESENTATION_CONTEXT() REPRESENTATION_CONTEXT('2D SPACE',''
  ) );
#2042 = ADVANCED_FACE('',(#2043),#1331,.T.);
#2043 = FACE_BOUND('',#2044,.T.);
#2044 = EDGE_LOOP('',(#2045,#2066,#2067,#2068));
#2045 = ORIENTED_EDGE('',*,*,#2046,.F.);
#2046 = EDGE_CURVE('',#1495,#2047,#2049,.T.);
#2047 = VERTEX_POINT('',#2048);
#2048 = CARTESIAN_POINT('',(0.5192,-11.17689482829,31.960302363375));
#2049 = SURFACE_CURVE('',#2050,(#2054,#2060),.PCURVE_S1.);
#2050 = LINE('',#2051,#2052);
#2051 = CARTESIAN_POINT('',(-24.4808,-11.17689482829,31.960302363375));
#2052 = VECTOR('',#2053,1.);
#2053 = DIRECTION('',(1.,0.,-0.));
#2054 = PCURVE('',#1331,#2055);
#2055 = DEFINITIONAL_REPRESENTATION('',(#2056),#2059);
#2056 = B_SPLINE_CURVE_WITH_KNOTS('',1,(#2057,#2058),.UNSPECIFIED.,.F.,
  .F.,(2,2),(16.9999994,25.0000006),.PIECEWISE_BEZIER_KNOTS.);
#2057 = CARTESIAN_POINT('',(0.716208609884,16.9999994));
#2058 = CARTESIAN_POINT('',(0.716208609884,25.0000006));
#2059 = ( GEOMETRIC_REPRESENTATION_CONTEXT(2) 
PARAMETRIC_REPRESENTATION_CONTEXT() REPRESENTATION_CONTEXT('2D SPACE',''
  ) );
#2060 = PCURVE('',#1520,#2061);
#2061 = DEFINITIONAL_REPRESENTATION('',(#2062),#2065);
#2062 = B_SPLINE_CURVE_WITH_KNOTS('',1,(#2063,#2064),.UNSPECIFIED.,.F.,
  .F.,(2,2),(16.9999994,25.0000006),.PIECEWISE_BEZIER_KNOTS.);
#2063 = CARTESIAN_POINT('',(-0.882297145069,6.8999994));
#2064 = CARTESIAN_POINT('',(-0.882297145069,14.9000006));
#2065 = ( GEOMETRIC_REPRESENTATION_CONTEXT(2) 
PARAMETRIC_REPRESENTATION_CONTEXT() REPRESENTATION_CONTEXT('2D SPACE',''
  ) );
#2066 = ORIENTED_EDGE('',*,*,#1537,.T.);
#2067 = ORIENTED_EDGE('',*,*,#1317,.T.);
#2068 = ORIENTED_EDGE('',*,*,#2069,.F.);
#2069 = EDGE_CURVE('',#2047,#1290,#2070,.T.);
#2070 = SURFACE_CURVE('',#2071,(#2076,#2082),.PCURVE_S1.);
#2071 = CIRCLE('',#2072,17.);
#2072 = AXIS2_PLACEMENT_3D('',#2073,#2074,#2075);
#2073 = CARTESIAN_POINT('',(0.5192,-24.,20.7993));
#2074 = DIRECTION('',(1.,0.,-6.123233995737E-17));
#2075 = DIRECTION('',(6.123233995737E-17,0.,1.));
#2076 = PCURVE('',#1331,#2077);
#2077 = DEFINITIONAL_REPRESENTATION('',(#2078),#2081);
#2078 = B_SPLINE_CURVE_WITH_KNOTS('',1,(#2079,#2080),.UNSPECIFIED.,.F.,
  .F.,(2,2),(4.712388980385,6.28318530718),.PIECEWISE_BEZIER_KNOTS.);
#2079 = CARTESIAN_POINT('',(0.,25.));
#2080 = CARTESIAN_POINT('',(1.570796326795,25.));
#2081 = ( GEOMETRIC_REPRESENTATION_CONTEXT(2) 
PARAMETRIC_REPRESENTATION_CONTEXT() REPRESENTATION_CONTEXT('2D SPACE',''
  ) );
#2082 = PCURVE('',#2083,#2088);
#2083 = SPHERICAL_SURFACE('',#2084,17.);
#2084 = AXIS2_PLACEMENT_3D('',#2085,#2086,#2087);
#2085 = CARTESIAN_POINT('',(0.5192,-24.,20.7993));
#2086 = DIRECTION('',(0.,-1.,-0.));
#2087 = DIRECTION('',(1.,0.,0.));
#2088 = DEFINITIONAL_REPRESENTATION('',(#2089),#2092);
#2089 = B_SPLINE_CURVE_WITH_KNOTS('',1,(#2090,#2091),.UNSPECIFIED.,.F.,
  .F.,(2,2),(4.712388980385,6.28318530718),.PIECEWISE_BEZIER_KNOTS.);
#2090 = CARTESIAN_POINT('',(1.570796326795,-1.570796326795));
#2091 = CARTESIAN_POINT('',(1.570796326795,0.));
#2092 = ( GEOMETRIC_REPRESENTATION_CONTEXT(2) 
PARAMETRIC_REPRESENTATION_CONTEXT() REPRESENTATION_CONTEXT('2D SPACE',''
  ) );
#2093 = ADVANCED_FACE('',(#2094),#1305,.T.);
#2094 = FACE_BOUND('',#2095,.F.);
#2095 = EDGE_LOOP('',(#2096,#2116,#2117,#2141));
#2096 = ORIENTED_EDGE('',*,*,#2097,.F.);
#2097 = EDGE_CURVE('',#1267,#1971,#2098,.T.);
#2098 = SURFACE_CURVE('',#2099,(#2104,#2110),.PCURVE_S1.);
#2099 = CIRCLE('',#2100,17.);
#2100 = AXIS2_PLACEMENT_3D('',#2101,#2102,#2103);
#2101 = CARTESIAN_POINT('',(0.5192,-32.,20.7993));
#2102 = DIRECTION('',(-0.,1.,0.));
#2103 = DIRECTION('',(1.,0.,0.));
#2104 = PCURVE('',#1305,#2105);
#2105 = DEFINITIONAL_REPRESENTATION('',(#2106),#2109);
#2106 = B_SPLINE_CURVE_WITH_KNOTS('',1,(#2107,#2108),.UNSPECIFIED.,.F.,
  .F.,(2,2),(4.712388980385,6.28318530718),.PIECEWISE_BEZIER_KNOTS.);
#2107 = CARTESIAN_POINT('',(-1.570796326795,17.));
#2108 = CARTESIAN_POINT('',(0.,17.));
#2109 = ( GEOMETRIC_REPRESENTATION_CONTEXT(2) 
PARAMETRIC_REPRESENTATION_CONTEXT() REPRESENTATION_CONTEXT('2D SPACE',''
  ) );
#2110 = PCURVE('',#1900,#2111);
#2111 = DEFINITIONAL_REPRESENTATION('',(#2112),#2115);
#2112 = B_SPLINE_CURVE_WITH_KNOTS('',1,(#2113,#2114),.UNSPECIFIED.,.F.,
  .F.,(2,2),(4.712388980385,6.28318530718),.PIECEWISE_BEZIER_KNOTS.);
#2113 = CARTESIAN_POINT('',(0.,-1.570796326795));
#2114 = CARTESIAN_POINT('',(0.,0.));
#2115 = ( GEOMETRIC_REPRESENTATION_CONTEXT(2) 
PARAMETRIC_REPRESENTATION_CONTEXT() REPRESENTATION_CONTEXT('2D SPACE',''
  ) );
#2116 = ORIENTED_EDGE('',*,*,#1289,.T.);
#2117 = ORIENTED_EDGE('',*,*,#2118,.F.);
#2118 = EDGE_CURVE('',#2119,#1290,#2121,.T.);
#2119 = VERTEX_POINT('',#2120);
#2120 = CARTESIAN_POINT('',(17.5192,-24.,20.7993));
#2121 = SURFACE_CURVE('',#2122,(#2127,#2134),.PCURVE_S1.);
#2122 = CIRCLE('',#2123,17.);
#2123 = AXIS2_PLACEMENT_3D('',#2124,#2125,#2126);
#2124 = CARTESIAN_POINT('',(0.5192,-24.,20.7993));
#2125 = DIRECTION('',(0.,-1.,-0.));
#2126 = DIRECTION('',(1.,0.,0.));
#2127 = PCURVE('',#1305,#2128);
#2128 = DEFINITIONAL_REPRESENTATION('',(#2129),#2133);
#2129 = LINE('',#2130,#2131);
#2130 = CARTESIAN_POINT('',(-0.,25.));
#2131 = VECTOR('',#2132,1.);
#2132 = DIRECTION('',(-1.,0.));
#2133 = ( GEOMETRIC_REPRESENTATION_CONTEXT(2) 
PARAMETRIC_REPRESENTATION_CONTEXT() REPRESENTATION_CONTEXT('2D SPACE',''
  ) );
#2134 = PCURVE('',#2083,#2135);
#2135 = DEFINITIONAL_REPRESENTATION('',(#2136),#2140);
#2136 = LINE('',#2137,#2138);
#2137 = CARTESIAN_POINT('',(0.,0.));
#2138 = VECTOR('',#2139,1.);
#2139 = DIRECTION('',(1.,0.));
#2140 = ( GEOMETRIC_REPRESENTATION_CONTEXT(2) 
PARAMETRIC_REPRESENTATION_CONTEXT() REPRESENTATION_CONTEXT('2D SPACE',''
  ) );
#2141 = ORIENTED_EDGE('',*,*,#2142,.F.);
#2142 = EDGE_CURVE('',#1971,#2119,#2143,.T.);
#2143 = SURFACE_CURVE('',#2144,(#2148,#2155),.PCURVE_S1.);
#2144 = LINE('',#2145,#2146);
#2145 = CARTESIAN_POINT('',(17.5192,-49.,20.7993));
#2146 = VECTOR('',#2147,1.);
#2147 = DIRECTION('',(-0.,1.,0.));
#2148 = PCURVE('',#1305,#2149);
#2149 = DEFINITIONAL_REPRESENTATION('',(#2150),#2154);
#2150 = LINE('',#2151,#2152);
#2151 = CARTESIAN_POINT('',(-0.,0.));
#2152 = VECTOR('',#2153,1.);
#2153 = DIRECTION('',(-0.,1.));
#2154 = ( GEOMETRIC_REPRESENTATION_CONTEXT(2) 
PARAMETRIC_REPRESENTATION_CONTEXT() REPRESENTATION_CONTEXT('2D SPACE',''
  ) );
#2155 = PCURVE('',#1986,#2156);
#2156 = DEFINITIONAL_REPRESENTATION('',(#2157),#2161);
#2157 = LINE('',#2158,#2159);
#2158 = CARTESIAN_POINT('',(21.,0.));
#2159 = VECTOR('',#2160,1.);
#2160 = DIRECTION('',(0.,-1.));
#2161 = ( GEOMETRIC_REPRESENTATION_CONTEXT(2) 
PARAMETRIC_REPRESENTATION_CONTEXT() REPRESENTATION_CONTEXT('2D SPACE',''
  ) );
#2162 = ADVANCED_FACE('',(#2163),#1520,.F.);
#2163 = FACE_BOUND('',#2164,.T.);
#2164 = EDGE_LOOP('',(#2165,#2185,#2186,#2187,#2225,#2252));
#2165 = ORIENTED_EDGE('',*,*,#2166,.F.);
#2166 = EDGE_CURVE('',#1440,#1647,#2167,.T.);
#2167 = SURFACE_CURVE('',#2168,(#2173,#2179),.PCURVE_S1.);
#2168 = CIRCLE('',#2169,5.);
#2169 = AXIS2_PLACEMENT_3D('',#2170,#2171,#2172);
#2170 = CARTESIAN_POINT('',(-9.3808,-8.,28.0993));
#2171 = DIRECTION('',(1.,1.608122649677E-16,0.));
#2172 = DIRECTION('',(1.608122649677E-16,-1.,0.));
#2173 = PCURVE('',#1520,#2174);
#2174 = DEFINITIONAL_REPRESENTATION('',(#2175),#2178);
#2175 = B_SPLINE_CURVE_WITH_KNOTS('',1,(#2176,#2177),.UNSPECIFIED.,.F.,
  .F.,(2,2),(4.712388980385,6.28318530718),.PIECEWISE_BEZIER_KNOTS.);
#2176 = CARTESIAN_POINT('',(-1.570796326795,5.));
#2177 = CARTESIAN_POINT('',(0.,5.));
#2178 = ( GEOMETRIC_REPRESENTATION_CONTEXT(2) 
PARAMETRIC_REPRESENTATION_CONTEXT() REPRESENTATION_CONTEXT('2D SPACE',''
  ) );
#2179 = PCURVE('',#1462,#2180);
#2180 = DEFINITIONAL_REPRESENTATION('',(#2181),#2184);
#2181 = B_SPLINE_CURVE_WITH_KNOTS('',1,(#2182,#2183),.UNSPECIFIED.,.F.,
  .F.,(2,2),(4.712388980385,6.28318530718),.PIECEWISE_BEZIER_KNOTS.);
#2182 = CARTESIAN_POINT('',(-1.570796326795,-1.570796326795));
#2183 = CARTESIAN_POINT('',(-1.570796326795,0.));
#2184 = ( GEOMETRIC_REPRESENTATION_CONTEXT(2) 
PARAMETRIC_REPRESENTATION_CONTEXT() REPRESENTATION_CONTEXT('2D SPACE',''
  ) );
#2185 = ORIENTED_EDGE('',*,*,#1494,.T.);
#2186 = ORIENTED_EDGE('',*,*,#2046,.T.);
#2187 = ORIENTED_EDGE('',*,*,#2188,.F.);
#2188 = EDGE_CURVE('',#2189,#2047,#2191,.T.);
#2189 = VERTEX_POINT('',#2190);
#2190 = CARTESIAN_POINT('',(2.4192,-11.25842836343,31.891745728072));
#2191 = SURFACE_CURVE('',#2192,(#2201,#2213),.PCURVE_S1.);
#2192 = B_SPLINE_CURVE_WITH_KNOTS('',4,(#2193,#2194,#2195,#2196,#2197,
    #2198,#2199,#2200),.UNSPECIFIED.,.F.,.F.,(5,3,5),(0.,0.464111154155,
    1.),.UNSPECIFIED.);
#2193 = CARTESIAN_POINT('',(2.4192006,-11.25842841461,31.891745684095));
#2194 = CARTESIAN_POINT('',(2.199224039967,-11.23966251701,
    31.907869140852));
#2195 = CARTESIAN_POINT('',(1.979025376923,-11.22370402891,
    31.921365320621));
#2196 = CARTESIAN_POINT('',(1.75865734173,-11.21061981738,
    31.932326970695));
#2197 = CARTESIAN_POINT('',(1.2835855997,-11.18869748901,31.950590969543
    ));
#2198 = CARTESIAN_POINT('',(1.028842619689,-11.18082903814,
    31.957065221301));
#2199 = CARTESIAN_POINT('',(0.774021336345,-11.17689482829,
    31.960302363375));
#2200 = CARTESIAN_POINT('',(0.5192,-11.17689482829,31.960302363375));
#2201 = PCURVE('',#1520,#2202);
#2202 = DEFINITIONAL_REPRESENTATION('',(#2203),#2212);
#2203 = B_SPLINE_CURVE_WITH_KNOTS('',4,(#2204,#2205,#2206,#2207,#2208,
    #2209,#2210,#2211),.UNSPECIFIED.,.F.,.F.,(5,3,5),(0.,0.464111154155,
    1.),.UNSPECIFIED.);
#2204 = CARTESIAN_POINT('',(-0.86099158407,16.8000006));
#2205 = CARTESIAN_POINT('',(-0.865939815151,16.580024039967));
#2206 = CARTESIAN_POINT('',(-0.870119750897,16.359825376923));
#2207 = CARTESIAN_POINT('',(-0.873533571722,16.13945734173));
#2208 = CARTESIAN_POINT('',(-0.879240277024,15.6643855997));
#2209 = CARTESIAN_POINT('',(-0.881278174745,15.409642619689));
#2210 = CARTESIAN_POINT('',(-0.882297145069,15.154821336345));
#2211 = CARTESIAN_POINT('',(-0.882297145069,14.9));
#2212 = ( GEOMETRIC_REPRESENTATION_CONTEXT(2) 
PARAMETRIC_REPRESENTATION_CONTEXT() REPRESENTATION_CONTEXT('2D SPACE',''
  ) );
#2213 = PCURVE('',#2083,#2214);
#2214 = DEFINITIONAL_REPRESENTATION('',(#2215),#2224);
#2215 = B_SPLINE_CURVE_WITH_KNOTS('',4,(#2216,#2217,#2218,#2219,#2220,
    #2221,#2222,#2223),.UNSPECIFIED.,.F.,.F.,(5,3,5),(0.,0.464111154155,
    1.),.UNSPECIFIED.);
#2216 = CARTESIAN_POINT('',(1.401154810172,-0.84731283452));
#2217 = CARTESIAN_POINT('',(1.420662640485,-0.848980322493));
#2218 = CARTESIAN_POINT('',(1.440248754308,-0.850402555559));
#2219 = CARTESIAN_POINT('',(1.459898336643,-0.85157078588));
#2220 = CARTESIAN_POINT('',(1.502333140886,-0.853530235579));
#2221 = CARTESIAN_POINT('',(1.525133441636,-0.854235216623));
#2222 = CARTESIAN_POINT('',(1.547964924377,-0.854587716911));
#2223 = CARTESIAN_POINT('',(1.570796326795,-0.854587716911));
#2224 = ( GEOMETRIC_REPRESENTATION_CONTEXT(2) 
PARAMETRIC_REPRESENTATION_CONTEXT() REPRESENTATION_CONTEXT('2D SPACE',''
  ) );
#2225 = ORIENTED_EDGE('',*,*,#2226,.T.);
#2226 = EDGE_CURVE('',#2189,#2227,#2229,.T.);
#2227 = VERTEX_POINT('',#2228);
#2228 = CARTESIAN_POINT('',(2.4192,-13.,28.0993));
#2229 = SURFACE_CURVE('',#2230,(#2235,#2241),.PCURVE_S1.);
#2230 = CIRCLE('',#2231,5.);
#2231 = AXIS2_PLACEMENT_3D('',#2232,#2233,#2234);
#2232 = CARTESIAN_POINT('',(2.4192,-8.,28.0993));
#2233 = DIRECTION('',(1.,-1.608122649677E-16,0.));
#2234 = DIRECTION('',(-1.608122649677E-16,-1.,0.));
#2235 = PCURVE('',#1520,#2236);
#2236 = DEFINITIONAL_REPRESENTATION('',(#2237),#2240);
#2237 = B_SPLINE_CURVE_WITH_KNOTS('',1,(#2238,#2239),.UNSPECIFIED.,.F.,
  .F.,(2,2),(4.712388980385,6.28318530718),.PIECEWISE_BEZIER_KNOTS.);
#2238 = CARTESIAN_POINT('',(-1.570796326795,16.8));
#2239 = CARTESIAN_POINT('',(0.,16.8));
#2240 = ( GEOMETRIC_REPRESENTATION_CONTEXT(2) 
PARAMETRIC_REPRESENTATION_CONTEXT() REPRESENTATION_CONTEXT('2D SPACE',''
  ) );
#2241 = PCURVE('',#2242,#2247);
#2242 = SPHERICAL_SURFACE('',#2243,5.);
#2243 = AXIS2_PLACEMENT_3D('',#2244,#2245,#2246);
#2244 = CARTESIAN_POINT('',(2.4192,-8.,28.0993));
#2245 = DIRECTION('',(-0.,-0.,-1.));
#2246 = DIRECTION('',(1.,0.,0.));
#2247 = DEFINITIONAL_REPRESENTATION('',(#2248),#2251);
#2248 = B_SPLINE_CURVE_WITH_KNOTS('',1,(#2249,#2250),.UNSPECIFIED.,.F.,
  .F.,(2,2),(4.712388980385,6.28318530718),.PIECEWISE_BEZIER_KNOTS.);
#2249 = CARTESIAN_POINT('',(1.570796326795,-1.570796326795));
#2250 = CARTESIAN_POINT('',(1.570796326795,0.));
#2251 = ( GEOMETRIC_REPRESENTATION_CONTEXT(2) 
PARAMETRIC_REPRESENTATION_CONTEXT() REPRESENTATION_CONTEXT('2D SPACE',''
  ) );
#2252 = ORIENTED_EDGE('',*,*,#2253,.F.);
#2253 = EDGE_CURVE('',#1647,#2227,#2254,.T.);
#2254 = SURFACE_CURVE('',#2255,(#2259,#2266),.PCURVE_S1.);
#2255 = LINE('',#2256,#2257);
#2256 = CARTESIAN_POINT('',(-14.3808,-13.,28.0993));
#2257 = VECTOR('',#2258,1.);
#2258 = DIRECTION('',(1.,0.,-0.));
#2259 = PCURVE('',#1520,#2260);
#2260 = DEFINITIONAL_REPRESENTATION('',(#2261),#2265);
#2261 = LINE('',#2262,#2263);
#2262 = CARTESIAN_POINT('',(-0.,0.));
#2263 = VECTOR('',#2264,1.);
#2264 = DIRECTION('',(-0.,1.));
#2265 = ( GEOMETRIC_REPRESENTATION_CONTEXT(2) 
PARAMETRIC_REPRESENTATION_CONTEXT() REPRESENTATION_CONTEXT('2D SPACE',''
  ) );
#2266 = PCURVE('',#1662,#2267);
#2267 = DEFINITIONAL_REPRESENTATION('',(#2268),#2272);
#2268 = LINE('',#2269,#2270);
#2269 = CARTESIAN_POINT('',(23.6,0.));
#2270 = VECTOR('',#2271,1.);
#2271 = DIRECTION('',(0.,1.));
#2272 = ( GEOMETRIC_REPRESENTATION_CONTEXT(2) 
PARAMETRIC_REPRESENTATION_CONTEXT() REPRESENTATION_CONTEXT('2D SPACE',''
  ) );
#2273 = ADVANCED_FACE('',(#2274),#1462,.F.);
#2274 = FACE_BOUND('',#2275,.T.);
#2275 = EDGE_LOOP('',(#2276,#2277,#2278));
#2276 = ORIENTED_EDGE('',*,*,#1439,.T.);
#2277 = ORIENTED_EDGE('',*,*,#2166,.T.);
#2278 = ORIENTED_EDGE('',*,*,#1674,.F.);
#2279 = ADVANCED_FACE('',(#2280),#1662,.T.);
#2280 = FACE_BOUND('',#2281,.T.);
#2281 = EDGE_LOOP('',(#2282,#2283,#2284,#2312));
#2282 = ORIENTED_EDGE('',*,*,#1646,.T.);
#2283 = ORIENTED_EDGE('',*,*,#2253,.T.);
#2284 = ORIENTED_EDGE('',*,*,#2285,.F.);
#2285 = EDGE_CURVE('',#2286,#2227,#2288,.T.);
#2286 = VERTEX_POINT('',#2287);
#2287 = CARTESIAN_POINT('',(2.4192,-13.,9.4993));
#2288 = SURFACE_CURVE('',#2289,(#2293,#2300),.PCURVE_S1.);
#2289 = LINE('',#2290,#2291);
#2290 = CARTESIAN_POINT('',(2.4192,-13.,4.4993));
#2291 = VECTOR('',#2292,1.);
#2292 = DIRECTION('',(0.,0.,1.));
#2293 = PCURVE('',#1662,#2294);
#2294 = DEFINITIONAL_REPRESENTATION('',(#2295),#2299);
#2295 = LINE('',#2296,#2297);
#2296 = CARTESIAN_POINT('',(0.,16.8));
#2297 = VECTOR('',#2298,1.);
#2298 = DIRECTION('',(1.,0.));
#2299 = ( GEOMETRIC_REPRESENTATION_CONTEXT(2) 
PARAMETRIC_REPRESENTATION_CONTEXT() REPRESENTATION_CONTEXT('2D SPACE',''
  ) );
#2300 = PCURVE('',#2301,#2306);
#2301 = CYLINDRICAL_SURFACE('',#2302,5.);
#2302 = AXIS2_PLACEMENT_3D('',#2303,#2304,#2305);
#2303 = CARTESIAN_POINT('',(2.4192,-8.,4.4993));
#2304 = DIRECTION('',(0.,0.,1.));
#2305 = DIRECTION('',(1.,0.,-0.));
#2306 = DEFINITIONAL_REPRESENTATION('',(#2307),#2311);
#2307 = LINE('',#2308,#2309);
#2308 = CARTESIAN_POINT('',(-1.570796326795,0.));
#2309 = VECTOR('',#2310,1.);
#2310 = DIRECTION('',(-0.,1.));
#2311 = ( GEOMETRIC_REPRESENTATION_CONTEXT(2) 
PARAMETRIC_REPRESENTATION_CONTEXT() REPRESENTATION_CONTEXT('2D SPACE',''
  ) );
#2312 = ORIENTED_EDGE('',*,*,#2313,.F.);
#2313 = EDGE_CURVE('',#1618,#2286,#2314,.T.);
#2314 = SURFACE_CURVE('',#2315,(#2319,#2326),.PCURVE_S1.);
#2315 = LINE('',#2316,#2317);
#2316 = CARTESIAN_POINT('',(-14.3808,-13.,9.4993));
#2317 = VECTOR('',#2318,1.);
#2318 = DIRECTION('',(1.,0.,-0.));
#2319 = PCURVE('',#1662,#2320);
#2320 = DEFINITIONAL_REPRESENTATION('',(#2321),#2325);
#2321 = LINE('',#2322,#2323);
#2322 = CARTESIAN_POINT('',(5.,0.));
#2323 = VECTOR('',#2324,1.);
#2324 = DIRECTION('',(0.,1.));
#2325 = ( GEOMETRIC_REPRESENTATION_CONTEXT(2) 
PARAMETRIC_REPRESENTATION_CONTEXT() REPRESENTATION_CONTEXT('2D SPACE',''
  ) );
#2326 = PCURVE('',#1756,#2327);
#2327 = DEFINITIONAL_REPRESENTATION('',(#2328),#2332);
#2328 = LINE('',#2329,#2330);
#2329 = CARTESIAN_POINT('',(0.,0.));
#2330 = VECTOR('',#2331,1.);
#2331 = DIRECTION('',(0.,1.));
#2332 = ( GEOMETRIC_REPRESENTATION_CONTEXT(2) 
PARAMETRIC_REPRESENTATION_CONTEXT() REPRESENTATION_CONTEXT('2D SPACE',''
  ) );
#2333 = ADVANCED_FACE('',(#2334),#1634,.F.);
#2334 = FACE_BOUND('',#2335,.F.);
#2335 = EDGE_LOOP('',(#2336,#2337,#2357));
#2336 = ORIENTED_EDGE('',*,*,#1773,.F.);
#2337 = ORIENTED_EDGE('',*,*,#2338,.T.);
#2338 = EDGE_CURVE('',#1731,#1618,#2339,.T.);
#2339 = SURFACE_CURVE('',#2340,(#2345,#2351),.PCURVE_S1.);
#2340 = CIRCLE('',#2341,5.);
#2341 = AXIS2_PLACEMENT_3D('',#2342,#2343,#2344);
#2342 = CARTESIAN_POINT('',(-9.3808,-8.,9.4993));
#2343 = DIRECTION('',(-1.,-1.608122649677E-16,0.));
#2344 = DIRECTION('',(1.608122649677E-16,-1.,0.));
#2345 = PCURVE('',#1634,#2346);
#2346 = DEFINITIONAL_REPRESENTATION('',(#2347),#2350);
#2347 = B_SPLINE_CURVE_WITH_KNOTS('',1,(#2348,#2349),.UNSPECIFIED.,.F.,
  .F.,(2,2),(4.712388980385,6.28318530718),.PIECEWISE_BEZIER_KNOTS.);
#2348 = CARTESIAN_POINT('',(1.570796326795,-1.570796326795));
#2349 = CARTESIAN_POINT('',(1.570796326795,0.));
#2350 = ( GEOMETRIC_REPRESENTATION_CONTEXT(2) 
PARAMETRIC_REPRESENTATION_CONTEXT() REPRESENTATION_CONTEXT('2D SPACE',''
  ) );
#2351 = PCURVE('',#1756,#2352);
#2352 = DEFINITIONAL_REPRESENTATION('',(#2353),#2356);
#2353 = B_SPLINE_CURVE_WITH_KNOTS('',1,(#2354,#2355),.UNSPECIFIED.,.F.,
  .F.,(2,2),(4.712388980385,6.28318530718),.PIECEWISE_BEZIER_KNOTS.);
#2354 = CARTESIAN_POINT('',(1.570796326795,5.));
#2355 = CARTESIAN_POINT('',(0.,5.));
#2356 = ( GEOMETRIC_REPRESENTATION_CONTEXT(2) 
PARAMETRIC_REPRESENTATION_CONTEXT() REPRESENTATION_CONTEXT('2D SPACE',''
  ) );
#2357 = ORIENTED_EDGE('',*,*,#1617,.F.);
#2358 = ADVANCED_FACE('',(#2359),#1756,.F.);
#2359 = FACE_BOUND('',#2360,.F.);
#2360 = EDGE_LOOP('',(#2361,#2362,#2363,#2384,#2427,#2452));
#2361 = ORIENTED_EDGE('',*,*,#2338,.F.);
#2362 = ORIENTED_EDGE('',*,*,#1730,.T.);
#2363 = ORIENTED_EDGE('',*,*,#2364,.T.);
#2364 = EDGE_CURVE('',#1704,#2365,#2367,.T.);
#2365 = VERTEX_POINT('',#2366);
#2366 = CARTESIAN_POINT('',(0.5192,-11.17689482829,5.638297636625));
#2367 = SURFACE_CURVE('',#2368,(#2372,#2378),.PCURVE_S1.);
#2368 = LINE('',#2369,#2370);
#2369 = CARTESIAN_POINT('',(-24.4808,-11.17689482829,5.638297636625));
#2370 = VECTOR('',#2371,1.);
#2371 = DIRECTION('',(1.,0.,-0.));
#2372 = PCURVE('',#1756,#2373);
#2373 = DEFINITIONAL_REPRESENTATION('',(#2374),#2377);
#2374 = B_SPLINE_CURVE_WITH_KNOTS('',1,(#2375,#2376),.UNSPECIFIED.,.F.,
  .F.,(2,2),(16.9999994,25.0000006),.PIECEWISE_BEZIER_KNOTS.);
#2375 = CARTESIAN_POINT('',(0.882297145069,6.8999994));
#2376 = CARTESIAN_POINT('',(0.882297145069,14.9000006));
#2377 = ( GEOMETRIC_REPRESENTATION_CONTEXT(2) 
PARAMETRIC_REPRESENTATION_CONTEXT() REPRESENTATION_CONTEXT('2D SPACE',''
  ) );
#2378 = PCURVE('',#1719,#2379);
#2379 = DEFINITIONAL_REPRESENTATION('',(#2380),#2383);
#2380 = B_SPLINE_CURVE_WITH_KNOTS('',1,(#2381,#2382),.UNSPECIFIED.,.F.,
  .F.,(2,2),(16.9999994,25.0000006),.PIECEWISE_BEZIER_KNOTS.);
#2381 = CARTESIAN_POINT('',(-0.716208609884,16.9999994));
#2382 = CARTESIAN_POINT('',(-0.716208609884,25.0000006));
#2383 = ( GEOMETRIC_REPRESENTATION_CONTEXT(2) 
PARAMETRIC_REPRESENTATION_CONTEXT() REPRESENTATION_CONTEXT('2D SPACE',''
  ) );
#2384 = ORIENTED_EDGE('',*,*,#2385,.F.);
#2385 = EDGE_CURVE('',#2386,#2365,#2388,.T.);
#2386 = VERTEX_POINT('',#2387);
#2387 = CARTESIAN_POINT('',(2.4192,-11.25842836343,5.706854271928));
#2388 = SURFACE_CURVE('',#2389,(#2398,#2410),.PCURVE_S1.);
#2389 = B_SPLINE_CURVE_WITH_KNOTS('',4,(#2390,#2391,#2392,#2393,#2394,
    #2395,#2396,#2397),.UNSPECIFIED.,.F.,.F.,(5,3,5),(0.,0.464114845154,
    1.),.UNSPECIFIED.);
#2390 = CARTESIAN_POINT('',(2.4192006,-11.25842841461,5.706854315905));
#2391 = CARTESIAN_POINT('',(2.199226390139,-11.2396627175,5.690731031407
    ));
#2392 = CARTESIAN_POINT('',(1.979028307231,-11.2237042178,5.67723483749)
  );
#2393 = CARTESIAN_POINT('',(1.758659346052,-11.21061990987,
    5.666273106361));
#2394 = CARTESIAN_POINT('',(1.283587063567,-11.18869755656,
    5.648009086735));
#2395 = CARTESIAN_POINT('',(1.028844109919,-11.18082906166,
    5.641534797748));
#2396 = CARTESIAN_POINT('',(0.77402207992,-11.17689482829,5.638297636625
    ));
#2397 = CARTESIAN_POINT('',(0.5192,-11.17689482829,5.638297636625));
#2398 = PCURVE('',#1756,#2399);
#2399 = DEFINITIONAL_REPRESENTATION('',(#2400),#2409);
#2400 = B_SPLINE_CURVE_WITH_KNOTS('',4,(#2401,#2402,#2403,#2404,#2405,
    #2406,#2407,#2408),.UNSPECIFIED.,.F.,.F.,(5,3,5),(0.,0.464114845154,
    1.),.UNSPECIFIED.);
#2401 = CARTESIAN_POINT('',(0.86099158407,16.8000006));
#2402 = CARTESIAN_POINT('',(0.865939762285,16.580026390139));
#2403 = CARTESIAN_POINT('',(0.870119701633,16.359828307231));
#2404 = CARTESIAN_POINT('',(0.873533547646,16.139459346052));
#2405 = CARTESIAN_POINT('',(0.87924025944,15.664387063567));
#2406 = CARTESIAN_POINT('',(0.881278168693,15.409644109919));
#2407 = CARTESIAN_POINT('',(0.882297145069,15.15482207992));
#2408 = CARTESIAN_POINT('',(0.882297145069,14.9));
#2409 = ( GEOMETRIC_REPRESENTATION_CONTEXT(2) 
PARAMETRIC_REPRESENTATION_CONTEXT() REPRESENTATION_CONTEXT('2D SPACE',''
  ) );
#2410 = PCURVE('',#2411,#2416);
#2411 = SPHERICAL_SURFACE('',#2412,17.);
#2412 = AXIS2_PLACEMENT_3D('',#2413,#2414,#2415);
#2413 = CARTESIAN_POINT('',(0.5192,-24.,16.7993));
#2414 = DIRECTION('',(0.,0.,1.));
#2415 = DIRECTION('',(1.,0.,-0.));
#2416 = DEFINITIONAL_REPRESENTATION('',(#2417),#2426);
#2417 = B_SPLINE_CURVE_WITH_KNOTS('',4,(#2418,#2419,#2420,#2421,#2422,
    #2423,#2424,#2425),.UNSPECIFIED.,.F.,.F.,(5,3,5),(0.,0.464114845154,
    1.),.UNSPECIFIED.);
#2418 = CARTESIAN_POINT('',(1.422768857457,-0.710874626412));
#2419 = CARTESIAN_POINT('',(1.439872449844,-0.712126195652));
#2420 = CARTESIAN_POINT('',(1.457010234533,-0.713175633266));
#2421 = CARTESIAN_POINT('',(1.474173344766,-0.71402884113));
#2422 = CARTESIAN_POINT('',(1.511191399103,-0.715451266957));
#2423 = CARTESIAN_POINT('',(1.531052143386,-0.715956163629));
#2424 = CARTESIAN_POINT('',(1.550924222768,-0.716208609884));
#2425 = CARTESIAN_POINT('',(1.570796326795,-0.716208609884));
#2426 = ( GEOMETRIC_REPRESENTATION_CONTEXT(2) 
PARAMETRIC_REPRESENTATION_CONTEXT() REPRESENTATION_CONTEXT('2D SPACE',''
  ) );
#2427 = ORIENTED_EDGE('',*,*,#2428,.T.);
#2428 = EDGE_CURVE('',#2386,#2286,#2429,.T.);
#2429 = SURFACE_CURVE('',#2430,(#2435,#2441),.PCURVE_S1.);
#2430 = CIRCLE('',#2431,5.);
#2431 = AXIS2_PLACEMENT_3D('',#2432,#2433,#2434);
#2432 = CARTESIAN_POINT('',(2.4192,-8.,9.4993));
#2433 = DIRECTION('',(-1.,1.608122649677E-16,0.));
#2434 = DIRECTION('',(-1.608122649677E-16,-1.,0.));
#2435 = PCURVE('',#1756,#2436);
#2436 = DEFINITIONAL_REPRESENTATION('',(#2437),#2440);
#2437 = B_SPLINE_CURVE_WITH_KNOTS('',1,(#2438,#2439),.UNSPECIFIED.,.F.,
  .F.,(2,2),(4.712388980385,6.28318530718),.PIECEWISE_BEZIER_KNOTS.);
#2438 = CARTESIAN_POINT('',(1.570796326795,16.8));
#2439 = CARTESIAN_POINT('',(0.,16.8));
#2440 = ( GEOMETRIC_REPRESENTATION_CONTEXT(2) 
PARAMETRIC_REPRESENTATION_CONTEXT() REPRESENTATION_CONTEXT('2D SPACE',''
  ) );
#2441 = PCURVE('',#2442,#2447);
#2442 = SPHERICAL_SURFACE('',#2443,5.);
#2443 = AXIS2_PLACEMENT_3D('',#2444,#2445,#2446);
#2444 = CARTESIAN_POINT('',(2.4192,-8.,9.4993));
#2445 = DIRECTION('',(0.,0.,1.));
#2446 = DIRECTION('',(1.,0.,-0.));
#2447 = DEFINITIONAL_REPRESENTATION('',(#2448),#2451);
#2448 = B_SPLINE_CURVE_WITH_KNOTS('',1,(#2449,#2450),.UNSPECIFIED.,.F.,
  .F.,(2,2),(4.712388980385,6.28318530718),.PIECEWISE_BEZIER_KNOTS.);
#2449 = CARTESIAN_POINT('',(-1.570796326795,-1.570796326795));
#2450 = CARTESIAN_POINT('',(-1.570796326795,0.));
#2451 = ( GEOMETRIC_REPRESENTATION_CONTEXT(2) 
PARAMETRIC_REPRESENTATION_CONTEXT() REPRESENTATION_CONTEXT('2D SPACE',''
  ) );
#2452 = ORIENTED_EDGE('',*,*,#2313,.F.);
#2453 = ADVANCED_FACE('',(#2454),#1719,.T.);
#2454 = FACE_BOUND('',#2455,.F.);
#2455 = EDGE_LOOP('',(#2456,#2457,#2480,#2500));
#2456 = ORIENTED_EDGE('',*,*,#1701,.F.);
#2457 = ORIENTED_EDGE('',*,*,#2458,.T.);
#2458 = EDGE_CURVE('',#1702,#2459,#2461,.T.);
#2459 = VERTEX_POINT('',#2460);
#2460 = CARTESIAN_POINT('',(0.5192,-24.,-0.2007));
#2461 = SURFACE_CURVE('',#2462,(#2466,#2473),.PCURVE_S1.);
#2462 = LINE('',#2463,#2464);
#2463 = CARTESIAN_POINT('',(-24.4808,-24.,-0.2007));
#2464 = VECTOR('',#2465,1.);
#2465 = DIRECTION('',(1.,0.,-0.));
#2466 = PCURVE('',#1719,#2467);
#2467 = DEFINITIONAL_REPRESENTATION('',(#2468),#2472);
#2468 = LINE('',#2469,#2470);
#2469 = CARTESIAN_POINT('',(-1.570796326795,0.));
#2470 = VECTOR('',#2471,1.);
#2471 = DIRECTION('',(-0.,1.));
#2472 = ( GEOMETRIC_REPRESENTATION_CONTEXT(2) 
PARAMETRIC_REPRESENTATION_CONTEXT() REPRESENTATION_CONTEXT('2D SPACE',''
  ) );
#2473 = PCURVE('',#1866,#2474);
#2474 = DEFINITIONAL_REPRESENTATION('',(#2475),#2479);
#2475 = LINE('',#2476,#2477);
#2476 = CARTESIAN_POINT('',(0.,25.));
#2477 = VECTOR('',#2478,1.);
#2478 = DIRECTION('',(1.,0.));
#2479 = ( GEOMETRIC_REPRESENTATION_CONTEXT(2) 
PARAMETRIC_REPRESENTATION_CONTEXT() REPRESENTATION_CONTEXT('2D SPACE',''
  ) );
#2480 = ORIENTED_EDGE('',*,*,#2481,.T.);
#2481 = EDGE_CURVE('',#2459,#2365,#2482,.T.);
#2482 = SURFACE_CURVE('',#2483,(#2488,#2494),.PCURVE_S1.);
#2483 = CIRCLE('',#2484,17.);
#2484 = AXIS2_PLACEMENT_3D('',#2485,#2486,#2487);
#2485 = CARTESIAN_POINT('',(0.5192,-24.,16.7993));
#2486 = DIRECTION('',(1.,-6.123233995737E-17,0.));
#2487 = DIRECTION('',(6.123233995737E-17,1.,0.));
#2488 = PCURVE('',#1719,#2489);
#2489 = DEFINITIONAL_REPRESENTATION('',(#2490),#2493);
#2490 = B_SPLINE_CURVE_WITH_KNOTS('',1,(#2491,#2492),.UNSPECIFIED.,.F.,
  .F.,(2,2),(4.712388980385,6.28318530718),.PIECEWISE_BEZIER_KNOTS.);
#2491 = CARTESIAN_POINT('',(-1.570796326795,25.));
#2492 = CARTESIAN_POINT('',(0.,25.));
#2493 = ( GEOMETRIC_REPRESENTATION_CONTEXT(2) 
PARAMETRIC_REPRESENTATION_CONTEXT() REPRESENTATION_CONTEXT('2D SPACE',''
  ) );
#2494 = PCURVE('',#2411,#2495);
#2495 = DEFINITIONAL_REPRESENTATION('',(#2496),#2499);
#2496 = B_SPLINE_CURVE_WITH_KNOTS('',1,(#2497,#2498),.UNSPECIFIED.,.F.,
  .F.,(2,2),(4.712388980385,6.28318530718),.PIECEWISE_BEZIER_KNOTS.);
#2497 = CARTESIAN_POINT('',(1.570796326795,-1.570796326795));
#2498 = CARTESIAN_POINT('',(1.570796326795,0.));
#2499 = ( GEOMETRIC_REPRESENTATION_CONTEXT(2) 
PARAMETRIC_REPRESENTATION_CONTEXT() REPRESENTATION_CONTEXT('2D SPACE',''
  ) );
#2500 = ORIENTED_EDGE('',*,*,#2364,.F.);
#2501 = ADVANCED_FACE('',(#2502),#1866,.F.);
#2502 = FACE_BOUND('',#2503,.F.);
#2503 = EDGE_LOOP('',(#2504,#2505,#2506,#2532));
#2504 = ORIENTED_EDGE('',*,*,#1852,.F.);
#2505 = ORIENTED_EDGE('',*,*,#1916,.T.);
#2506 = ORIENTED_EDGE('',*,*,#2507,.T.);
#2507 = EDGE_CURVE('',#1917,#2459,#2508,.T.);
#2508 = SURFACE_CURVE('',#2509,(#2513,#2520),.PCURVE_S1.);
#2509 = LINE('',#2510,#2511);
#2510 = CARTESIAN_POINT('',(0.5192,-49.,-0.2007));
#2511 = VECTOR('',#2512,1.);
#2512 = DIRECTION('',(-0.,1.,0.));
#2513 = PCURVE('',#1866,#2514);
#2514 = DEFINITIONAL_REPRESENTATION('',(#2515),#2519);
#2515 = LINE('',#2516,#2517);
#2516 = CARTESIAN_POINT('',(25.,0.));
#2517 = VECTOR('',#2518,1.);
#2518 = DIRECTION('',(0.,1.));
#2519 = ( GEOMETRIC_REPRESENTATION_CONTEXT(2) 
PARAMETRIC_REPRESENTATION_CONTEXT() REPRESENTATION_CONTEXT('2D SPACE',''
  ) );
#2520 = PCURVE('',#2521,#2526);
#2521 = CYLINDRICAL_SURFACE('',#2522,17.);
#2522 = AXIS2_PLACEMENT_3D('',#2523,#2524,#2525);
#2523 = CARTESIAN_POINT('',(0.5192,-49.,16.7993));
#2524 = DIRECTION('',(-0.,1.,0.));
#2525 = DIRECTION('',(1.,0.,-0.));
#2526 = DEFINITIONAL_REPRESENTATION('',(#2527),#2531);
#2527 = LINE('',#2528,#2529);
#2528 = CARTESIAN_POINT('',(1.570796326795,0.));
#2529 = VECTOR('',#2530,1.);
#2530 = DIRECTION('',(0.,1.));
#2531 = ( GEOMETRIC_REPRESENTATION_CONTEXT(2) 
PARAMETRIC_REPRESENTATION_CONTEXT() REPRESENTATION_CONTEXT('2D SPACE',''
  ) );
#2532 = ORIENTED_EDGE('',*,*,#2458,.F.);
#2533 = ADVANCED_FACE('',(#2534),#1900,.T.);
#2534 = FACE_BOUND('',#2535,.T.);
#2535 = EDGE_LOOP('',(#2536,#2537,#2538));
#2536 = ORIENTED_EDGE('',*,*,#2097,.F.);
#2537 = ORIENTED_EDGE('',*,*,#1886,.T.);
#2538 = ORIENTED_EDGE('',*,*,#2021,.F.);
#2539 = ADVANCED_FACE('',(#2540),#1953,.T.);
#2540 = FACE_BOUND('',#2541,.F.);
#2541 = EDGE_LOOP('',(#2542,#2562,#2563));
#2542 = ORIENTED_EDGE('',*,*,#2543,.F.);
#2543 = EDGE_CURVE('',#1917,#1969,#2544,.T.);
#2544 = SURFACE_CURVE('',#2545,(#2550,#2556),.PCURVE_S1.);
#2545 = CIRCLE('',#2546,17.);
#2546 = AXIS2_PLACEMENT_3D('',#2547,#2548,#2549);
#2547 = CARTESIAN_POINT('',(0.5192,-32.,16.7993));
#2548 = DIRECTION('',(0.,-1.,0.));
#2549 = DIRECTION('',(1.,0.,0.));
#2550 = PCURVE('',#1953,#2551);
#2551 = DEFINITIONAL_REPRESENTATION('',(#2552),#2555);
#2552 = B_SPLINE_CURVE_WITH_KNOTS('',1,(#2553,#2554),.UNSPECIFIED.,.F.,
  .F.,(2,2),(4.712388980385,6.28318530718),.PIECEWISE_BEZIER_KNOTS.);
#2553 = CARTESIAN_POINT('',(0.,-1.570796326795));
#2554 = CARTESIAN_POINT('',(0.,0.));
#2555 = ( GEOMETRIC_REPRESENTATION_CONTEXT(2) 
PARAMETRIC_REPRESENTATION_CONTEXT() REPRESENTATION_CONTEXT('2D SPACE',''
  ) );
#2556 = PCURVE('',#2521,#2557);
#2557 = DEFINITIONAL_REPRESENTATION('',(#2558),#2561);
#2558 = B_SPLINE_CURVE_WITH_KNOTS('',1,(#2559,#2560),.UNSPECIFIED.,.F.,
  .F.,(2,2),(4.712388980385,6.28318530718),.PIECEWISE_BEZIER_KNOTS.);
#2559 = CARTESIAN_POINT('',(1.570796326795,17.));
#2560 = CARTESIAN_POINT('',(0.,17.));
#2561 = ( GEOMETRIC_REPRESENTATION_CONTEXT(2) 
PARAMETRIC_REPRESENTATION_CONTEXT() REPRESENTATION_CONTEXT('2D SPACE',''
  ) );
#2562 = ORIENTED_EDGE('',*,*,#1939,.T.);
#2563 = ORIENTED_EDGE('',*,*,#1998,.F.);
#2564 = ADVANCED_FACE('',(#2565),#1986,.T.);
#2565 = FACE_BOUND('',#2566,.T.);
#2566 = EDGE_LOOP('',(#2567,#2568,#2591,#2617));
#2567 = ORIENTED_EDGE('',*,*,#1968,.F.);
#2568 = ORIENTED_EDGE('',*,*,#2569,.T.);
#2569 = EDGE_CURVE('',#1969,#2570,#2572,.T.);
#2570 = VERTEX_POINT('',#2571);
#2571 = CARTESIAN_POINT('',(17.5192,-24.,16.7993));
#2572 = SURFACE_CURVE('',#2573,(#2577,#2584),.PCURVE_S1.);
#2573 = LINE('',#2574,#2575);
#2574 = CARTESIAN_POINT('',(17.5192,-49.,16.7993));
#2575 = VECTOR('',#2576,1.);
#2576 = DIRECTION('',(-0.,1.,0.));
#2577 = PCURVE('',#1986,#2578);
#2578 = DEFINITIONAL_REPRESENTATION('',(#2579),#2583);
#2579 = LINE('',#2580,#2581);
#2580 = CARTESIAN_POINT('',(17.,0.));
#2581 = VECTOR('',#2582,1.);
#2582 = DIRECTION('',(0.,-1.));
#2583 = ( GEOMETRIC_REPRESENTATION_CONTEXT(2) 
PARAMETRIC_REPRESENTATION_CONTEXT() REPRESENTATION_CONTEXT('2D SPACE',''
  ) );
#2584 = PCURVE('',#2521,#2585);
#2585 = DEFINITIONAL_REPRESENTATION('',(#2586),#2590);
#2586 = LINE('',#2587,#2588);
#2587 = CARTESIAN_POINT('',(0.,0.));
#2588 = VECTOR('',#2589,1.);
#2589 = DIRECTION('',(0.,1.));
#2590 = ( GEOMETRIC_REPRESENTATION_CONTEXT(2) 
PARAMETRIC_REPRESENTATION_CONTEXT() REPRESENTATION_CONTEXT('2D SPACE',''
  ) );
#2591 = ORIENTED_EDGE('',*,*,#2592,.T.);
#2592 = EDGE_CURVE('',#2570,#2119,#2593,.T.);
#2593 = SURFACE_CURVE('',#2594,(#2598,#2605),.PCURVE_S1.);
#2594 = LINE('',#2595,#2596);
#2595 = CARTESIAN_POINT('',(17.5192,-24.,-0.2007));
#2596 = VECTOR('',#2597,1.);
#2597 = DIRECTION('',(0.,0.,1.));
#2598 = PCURVE('',#1986,#2599);
#2599 = DEFINITIONAL_REPRESENTATION('',(#2600),#2604);
#2600 = LINE('',#2601,#2602);
#2601 = CARTESIAN_POINT('',(0.,-25.));
#2602 = VECTOR('',#2603,1.);
#2603 = DIRECTION('',(1.,0.));
#2604 = ( GEOMETRIC_REPRESENTATION_CONTEXT(2) 
PARAMETRIC_REPRESENTATION_CONTEXT() REPRESENTATION_CONTEXT('2D SPACE',''
  ) );
#2605 = PCURVE('',#2606,#2611);
#2606 = CYLINDRICAL_SURFACE('',#2607,17.);
#2607 = AXIS2_PLACEMENT_3D('',#2608,#2609,#2610);
#2608 = CARTESIAN_POINT('',(0.5192,-24.,-0.2007));
#2609 = DIRECTION('',(0.,0.,1.));
#2610 = DIRECTION('',(1.,0.,-0.));
#2611 = DEFINITIONAL_REPRESENTATION('',(#2612),#2616);
#2612 = LINE('',#2613,#2614);
#2613 = CARTESIAN_POINT('',(0.,0.));
#2614 = VECTOR('',#2615,1.);
#2615 = DIRECTION('',(0.,1.));
#2616 = ( GEOMETRIC_REPRESENTATION_CONTEXT(2) 
PARAMETRIC_REPRESENTATION_CONTEXT() REPRESENTATION_CONTEXT('2D SPACE',''
  ) );
#2617 = ORIENTED_EDGE('',*,*,#2142,.F.);
#2618 = ADVANCED_FACE('',(#2619),#2083,.T.);
#2619 = FACE_BOUND('',#2620,.T.);
#2620 = EDGE_LOOP('',(#2621,#2643,#2735,#2780,#2781,#2782));
#2621 = ORIENTED_EDGE('',*,*,#2622,.F.);
#2622 = EDGE_CURVE('',#2623,#2119,#2625,.T.);
#2623 = VERTEX_POINT('',#2624);
#2624 = CARTESIAN_POINT('',(7.398535834411,-8.454108630336,20.7993));
#2625 = SURFACE_CURVE('',#2626,(#2631,#2637),.PCURVE_S1.);
#2626 = CIRCLE('',#2627,17.);
#2627 = AXIS2_PLACEMENT_3D('',#2628,#2629,#2630);
#2628 = CARTESIAN_POINT('',(0.5192,-24.,20.7993));
#2629 = DIRECTION('',(0.,0.,-1.));
#2630 = DIRECTION('',(1.,0.,0.));
#2631 = PCURVE('',#2083,#2632);
#2632 = DEFINITIONAL_REPRESENTATION('',(#2633),#2636);
#2633 = B_SPLINE_CURVE_WITH_KNOTS('',1,(#2634,#2635),.UNSPECIFIED.,.F.,
  .F.,(2,2),(4.712388980385,6.28318530718),.PIECEWISE_BEZIER_KNOTS.);
#2634 = CARTESIAN_POINT('',(0.,-1.570796326795));
#2635 = CARTESIAN_POINT('',(0.,0.));
#2636 = ( GEOMETRIC_REPRESENTATION_CONTEXT(2) 
PARAMETRIC_REPRESENTATION_CONTEXT() REPRESENTATION_CONTEXT('2D SPACE',''
  ) );
#2637 = PCURVE('',#2606,#2638);
#2638 = DEFINITIONAL_REPRESENTATION('',(#2639),#2642);
#2639 = B_SPLINE_CURVE_WITH_KNOTS('',1,(#2640,#2641),.UNSPECIFIED.,.F.,
  .F.,(2,2),(4.712388980385,6.28318530718),.PIECEWISE_BEZIER_KNOTS.);
#2640 = CARTESIAN_POINT('',(1.570796326795,21.));
#2641 = CARTESIAN_POINT('',(0.,21.));
#2642 = ( GEOMETRIC_REPRESENTATION_CONTEXT(2) 
PARAMETRIC_REPRESENTATION_CONTEXT() REPRESENTATION_CONTEXT('2D SPACE',''
  ) );
#2643 = ORIENTED_EDGE('',*,*,#2644,.F.);
#2644 = EDGE_CURVE('',#2645,#2623,#2647,.T.);
#2645 = VERTEX_POINT('',#2646);
#2646 = CARTESIAN_POINT('',(6.971187467233,-10.06867351173,28.0993));
#2647 = SURFACE_CURVE('',#2648,(#2675,#2705),.PCURVE_S1.);
#2648 = B_SPLINE_CURVE_WITH_KNOTS('',7,(#2649,#2650,#2651,#2652,#2653,
    #2654,#2655,#2656,#2657,#2658,#2659,#2660,#2661,#2662,#2663,#2664,
    #2665,#2666,#2667,#2668,#2669,#2670,#2671,#2672,#2673,#2674),
  .UNSPECIFIED.,.F.,.F.,(8,6,6,6,8),(0.,0.177731263066,0.348147575582,
    0.540482576249,1.),.UNSPECIFIED.);
#2649 = CARTESIAN_POINT('',(6.971187349196,-10.06867377146,28.0993006));
#2650 = CARTESIAN_POINT('',(7.006362093219,-9.991273945545,
    27.920502090259));
#2651 = CARTESIAN_POINT('',(7.038901650776,-9.915596466617,
    27.74105527487));
#2652 = CARTESIAN_POINT('',(7.068982737459,-9.841710766194,
    27.560999635848));
#2653 = CARTESIAN_POINT('',(7.09677028162,-9.76968047462,27.380371438798
    ));
#2654 = CARTESIAN_POINT('',(7.122418771596,-9.699563966087,
    27.199203741657));
#2655 = CARTESIAN_POINT('',(7.146073602926,-9.631414903649,
    27.017526403433));
#2656 = CARTESIAN_POINT('',(7.188774066102,-9.501872488639,
    26.660703020948));
#2657 = CARTESIAN_POINT('',(7.207969196625,-9.440316857388,
    26.485596827979));
#2658 = CARTESIAN_POINT('',(7.225578871685,-9.380659614342,
    26.31007144642));
#2659 = CARTESIAN_POINT('',(7.241717275033,-9.322941516836,
    26.134149770375));
#2660 = CARTESIAN_POINT('',(7.256492118698,-9.26720051411,
    25.957853630231));
#2661 = CARTESIAN_POINT('',(7.270005042058,-9.213471905735,
    25.781203767192));
#2662 = CARTESIAN_POINT('',(7.296287028199,-9.103457652929,
    25.404472439522));
#2663 = CARTESIAN_POINT('',(7.308736833271,-9.047732106968,
    25.204300071017));
#2664 = CARTESIAN_POINT('',(7.319839179777,-8.994659053301,
    25.003731141832));
#2665 = CARTESIAN_POINT('',(7.32972246733,-8.944282000652,24.80279362656
    ));
#2666 = CARTESIAN_POINT('',(7.33850574708,-8.896640819605,
    24.601514950247));
#2667 = CARTESIAN_POINT('',(7.346298727296,-8.851771786883,
    24.399921903759));
#2668 = CARTESIAN_POINT('',(7.369694213971,-8.709209992166,
    23.715715475031));
#2669 = CARTESIAN_POINT('',(7.381106827452,-8.624722518873,
    23.23174385808));
#2670 = CARTESIAN_POINT('',(7.388806867839,-8.556693190317,
    22.74648897495));
#2671 = CARTESIAN_POINT('',(7.393852982459,-8.505454919267,
    22.26030039685));
#2672 = CARTESIAN_POINT('',(7.396974987885,-8.471223840965,
    21.773502316701));
#2673 = CARTESIAN_POINT('',(7.398535834411,-8.454108630336,
    21.286398312769));
#2674 = CARTESIAN_POINT('',(7.398535834411,-8.454108630336,20.7993));
#2675 = PCURVE('',#2083,#2676);
#2676 = DEFINITIONAL_REPRESENTATION('',(#2677),#2704);
#2677 = B_SPLINE_CURVE_WITH_KNOTS('',7,(#2678,#2679,#2680,#2681,#2682,
    #2683,#2684,#2685,#2686,#2687,#2688,#2689,#2690,#2691,#2692,#2693,
    #2694,#2695,#2696,#2697,#2698,#2699,#2700,#2701,#2702,#2703),
  .UNSPECIFIED.,.F.,.F.,(8,6,6,6,8),(0.,0.177731263066,0.348147575582,
    0.540482576249,1.),.UNSPECIFIED.);
#2678 = CARTESIAN_POINT('',(0.846984955812,-0.960520157432));
#2679 = CARTESIAN_POINT('',(0.832126033861,-0.968464635172));
#2680 = CARTESIAN_POINT('',(0.817031835924,-0.976337619116));
#2681 = CARTESIAN_POINT('',(0.801676696978,-0.984129392448));
#2682 = CARTESIAN_POINT('',(0.78603507024,-0.991830020537));
#2683 = CARTESIAN_POINT('',(0.770081685964,-0.999429286862));
#2684 = CARTESIAN_POINT('',(0.75379171023,-1.006916628931));
#2685 = CARTESIAN_POINT('',(0.72117540057,-1.021342418307));
#2686 = CARTESIAN_POINT('',(0.70487823928,-1.028290735182));
#2687 = CARTESIAN_POINT('',(0.688228208644,-1.035116351695));
#2688 = CARTESIAN_POINT('',(0.671204740538,-1.041809171649));
#2689 = CARTESIAN_POINT('',(0.653788439136,-1.048358683874));
#2690 = CARTESIAN_POINT('',(0.635961610103,-1.054753970326));
#2691 = CARTESIAN_POINT('',(0.59710831935,-1.068014718284));
#2692 = CARTESIAN_POINT('',(0.575965293784,-1.074834830971));
#2693 = CARTESIAN_POINT('',(0.554257650275,-1.081427832957));
#2694 = CARTESIAN_POINT('',(0.531967152992,-1.087776767201));
#2695 = CARTESIAN_POINT('',(0.509081019496,-1.093864177616));
#2696 = CARTESIAN_POINT('',(0.485593547147,-1.099672347759));
#2697 = CARTESIAN_POINT('',(0.403963100053,-1.118350610698));
#2698 = CARTESIAN_POINT('',(0.343002646052,-1.129822631735));
#2699 = CARTESIAN_POINT('',(0.278671753346,-1.139357848347));
#2700 = CARTESIAN_POINT('',(0.211286735386,-1.146718024105));
#2701 = CARTESIAN_POINT('',(0.141611904475,-1.151693973939));
#2702 = CARTESIAN_POINT('',(7.08060086749E-02,-1.154181876851));
#2703 = CARTESIAN_POINT('',(0.,-1.154181876851));
#2704 = ( GEOMETRIC_REPRESENTATION_CONTEXT(2) 
PARAMETRIC_REPRESENTATION_CONTEXT() REPRESENTATION_CONTEXT('2D SPACE',''
  ) );
#2705 = PCURVE('',#2301,#2706);
#2706 = DEFINITIONAL_REPRESENTATION('',(#2707),#2734);
#2707 = B_SPLINE_CURVE_WITH_KNOTS('',7,(#2708,#2709,#2710,#2711,#2712,
    #2713,#2714,#2715,#2716,#2717,#2718,#2719,#2720,#2721,#2722,#2723,
    #2724,#2725,#2726,#2727,#2728,#2729,#2730,#2731,#2732,#2733),
  .UNSPECIFIED.,.F.,.F.,(8,6,6,6,8),(0.,0.177731263066,0.348147575582,
    0.540482576249,1.),.UNSPECIFIED.);
#2708 = CARTESIAN_POINT('',(-0.426552590493,23.6000006));
#2709 = CARTESIAN_POINT('',(-0.409549066541,23.421202090259));
#2710 = CARTESIAN_POINT('',(-0.393077192342,23.24175527487));
#2711 = CARTESIAN_POINT('',(-0.377126988875,23.061699635848));
#2712 = CARTESIAN_POINT('',(-0.361690583514,22.881071438798));
#2713 = CARTESIAN_POINT('',(-0.346761859301,22.699903741657));
#2714 = CARTESIAN_POINT('',(-0.332336104219,22.518226403433));
#2715 = CARTESIAN_POINT('',(-0.30505639246,22.161403020948));
#2716 = CARTESIAN_POINT('',(-0.292162256197,21.986296827979));
#2717 = CARTESIAN_POINT('',(-0.279724099518,21.81077144642));
#2718 = CARTESIAN_POINT('',(-0.267739815082,21.634849770375));
#2719 = CARTESIAN_POINT('',(-0.256208161073,21.458553630231));
#2720 = CARTESIAN_POINT('',(-0.245128581902,21.281903767192));
#2721 = CARTESIAN_POINT('',(-0.222506576142,20.905172439522));
#2722 = CARTESIAN_POINT('',(-0.211087939464,20.705000071017));
#2723 = CARTESIAN_POINT('',(-0.200245090599,20.504431141832));
#2724 = CARTESIAN_POINT('',(-0.189978909997,20.30349362656));
#2725 = CARTESIAN_POINT('',(-0.180290949679,20.102214950247));
#2726 = CARTESIAN_POINT('',(-0.171183196076,19.900621903759));
#2727 = CARTESIAN_POINT('',(-0.142289449964,19.216415475031));
#2728 = CARTESIAN_POINT('',(-0.125245360684,18.73244385808));
#2729 = CARTESIAN_POINT('',(-0.111555897033,18.24718897495));
#2730 = CARTESIAN_POINT('',(-0.101258926471,17.76100039685));
#2731 = CARTESIAN_POINT('',(-9.438429739438E-02,17.274202316701));
#2732 = CARTESIAN_POINT('',(-9.094705028182E-02,16.787098312769));
#2733 = CARTESIAN_POINT('',(-9.094705028182E-02,16.3));
#2734 = ( GEOMETRIC_REPRESENTATION_CONTEXT(2) 
PARAMETRIC_REPRESENTATION_CONTEXT() REPRESENTATION_CONTEXT('2D SPACE',''
  ) );
#2735 = ORIENTED_EDGE('',*,*,#2736,.F.);
#2736 = EDGE_CURVE('',#2189,#2645,#2737,.T.);
#2737 = SURFACE_CURVE('',#2738,(#2743,#2756),.PCURVE_S1.);
#2738 = CIRCLE('',#2739,4.805151139022);
#2739 = AXIS2_PLACEMENT_3D('',#2740,#2741,#2742);
#2740 = CARTESIAN_POINT('',(2.270734036433,-9.250239693193,
    27.528878139981));
#2741 = DIRECTION('',(0.107411509358,0.904517973543,0.412686325429));
#2742 = DIRECTION('',(0.,-0.415087753912,0.909781378438));
#2743 = PCURVE('',#2083,#2744);
#2744 = DEFINITIONAL_REPRESENTATION('',(#2745),#2755);
#2745 = B_SPLINE_CURVE_WITH_KNOTS('',8,(#2746,#2747,#2748,#2749,#2750,
    #2751,#2752,#2753,#2754),.UNSPECIFIED.,.F.,.F.,(9,9),(
    3.108204763434E-02,1.391131189406),.PIECEWISE_BEZIER_KNOTS.);
#2746 = CARTESIAN_POINT('',(1.401154863381,-0.847312839069));
#2747 = CARTESIAN_POINT('',(1.329164465971,-0.841159254441));
#2748 = CARTESIAN_POINT('',(1.256588188755,-0.840948785318));
#2749 = CARTESIAN_POINT('',(1.184093457099,-0.846786482612));
#2750 = CARTESIAN_POINT('',(1.112332801438,-0.858636038753));
#2751 = CARTESIAN_POINT('',(1.04196442203,-0.876312616605));
#2752 = CARTESIAN_POINT('',(0.973696601213,-0.899490679666));
#2753 = CARTESIAN_POINT('',(0.908295159916,-0.927740019104));
#2754 = CARTESIAN_POINT('',(0.84698490595,-0.960520184092));
#2755 = ( GEOMETRIC_REPRESENTATION_CONTEXT(2) 
PARAMETRIC_REPRESENTATION_CONTEXT() REPRESENTATION_CONTEXT('2D SPACE',''
  ) );
#2756 = PCURVE('',#2242,#2757);
#2757 = DEFINITIONAL_REPRESENTATION('',(#2758),#2779);
#2758 = B_SPLINE_CURVE_WITH_KNOTS('',7,(#2759,#2760,#2761,#2762,#2763,
    #2764,#2765,#2766,#2767,#2768,#2769,#2770,#2771,#2772,#2773,#2774,
    #2775,#2776,#2777,#2778),.UNSPECIFIED.,.F.,.F.,(8,6,6,8),(
    3.108204763434E-02,0.371094333077,0.881112761241,1.391131189406),
  .UNSPECIFIED.);
#2759 = CARTESIAN_POINT('',(1.570796326795,-0.860991597566));
#2760 = CARTESIAN_POINT('',(1.499615048392,-0.855774278598));
#2761 = CARTESIAN_POINT('',(1.429567919255,-0.846908400791));
#2762 = CARTESIAN_POINT('',(1.361569805062,-0.834506563647));
#2763 = CARTESIAN_POINT('',(1.296397673592,-0.818795529521));
#2764 = CARTESIAN_POINT('',(1.234473714091,-0.800080973219));
#2765 = CARTESIAN_POINT('',(1.175952999784,-0.778672245803));
#2766 = CARTESIAN_POINT('',(1.038133668901,-0.719154272353));
#2767 = CARTESIAN_POINT('',(0.963075492305,-0.678046684928));
#2768 = CARTESIAN_POINT('',(0.895618542234,-0.632540219137));
#2769 = CARTESIAN_POINT('',(0.834849149893,-0.583548162899));
#2770 = CARTESIAN_POINT('',(0.779811178445,-0.531728732799));
#2771 = CARTESIAN_POINT('',(0.729655826998,-0.477601626871));
#2772 = CARTESIAN_POINT('',(0.637626969219,-0.365529293038));
#2773 = CARTESIAN_POINT('',(0.595753806034,-0.307584221011));
#2774 = CARTESIAN_POINT('',(0.55728150231,-0.248130264103));
#2775 = CARTESIAN_POINT('',(0.521587631036,-0.187452414874));
#2776 = CARTESIAN_POINT('',(0.488175007103,-0.125765002388));
#2777 = CARTESIAN_POINT('',(0.456620766437,-6.323578343162E-02));
#2778 = CARTESIAN_POINT('',(0.426552533434,7.105427357601E-16));
#2779 = ( GEOMETRIC_REPRESENTATION_CONTEXT(2) 
PARAMETRIC_REPRESENTATION_CONTEXT() REPRESENTATION_CONTEXT('2D SPACE',''
  ) );
#2780 = ORIENTED_EDGE('',*,*,#2188,.T.);
#2781 = ORIENTED_EDGE('',*,*,#2069,.T.);
#2782 = ORIENTED_EDGE('',*,*,#2118,.F.);
#2783 = ADVANCED_FACE('',(#2784),#2242,.F.);
#2784 = FACE_BOUND('',#2785,.F.);
#2785 = EDGE_LOOP('',(#2786,#2787,#2788));
#2786 = ORIENTED_EDGE('',*,*,#2736,.F.);
#2787 = ORIENTED_EDGE('',*,*,#2226,.T.);
#2788 = ORIENTED_EDGE('',*,*,#2789,.F.);
#2789 = EDGE_CURVE('',#2645,#2227,#2790,.T.);
#2790 = SURFACE_CURVE('',#2791,(#2796,#2803),.PCURVE_S1.);
#2791 = CIRCLE('',#2792,5.);
#2792 = AXIS2_PLACEMENT_3D('',#2793,#2794,#2795);
#2793 = CARTESIAN_POINT('',(2.4192,-8.,28.0993));
#2794 = DIRECTION('',(0.,0.,-1.));
#2795 = DIRECTION('',(1.,0.,0.));
#2796 = PCURVE('',#2242,#2797);
#2797 = DEFINITIONAL_REPRESENTATION('',(#2798),#2802);
#2798 = LINE('',#2799,#2800);
#2799 = CARTESIAN_POINT('',(0.,0.));
#2800 = VECTOR('',#2801,1.);
#2801 = DIRECTION('',(1.,0.));
#2802 = ( GEOMETRIC_REPRESENTATION_CONTEXT(2) 
PARAMETRIC_REPRESENTATION_CONTEXT() REPRESENTATION_CONTEXT('2D SPACE',''
  ) );
#2803 = PCURVE('',#2301,#2804);
#2804 = DEFINITIONAL_REPRESENTATION('',(#2805),#2809);
#2805 = LINE('',#2806,#2807);
#2806 = CARTESIAN_POINT('',(-0.,23.6));
#2807 = VECTOR('',#2808,1.);
#2808 = DIRECTION('',(-1.,0.));
#2809 = ( GEOMETRIC_REPRESENTATION_CONTEXT(2) 
PARAMETRIC_REPRESENTATION_CONTEXT() REPRESENTATION_CONTEXT('2D SPACE',''
  ) );
#2810 = ADVANCED_FACE('',(#2811),#2301,.F.);
#2811 = FACE_BOUND('',#2812,.T.);
#2812 = EDGE_LOOP('',(#2813,#2871,#2893,#2894,#2895,#2896));
#2813 = ORIENTED_EDGE('',*,*,#2814,.T.);
#2814 = EDGE_CURVE('',#2815,#2817,#2819,.T.);
#2815 = VERTEX_POINT('',#2816);
#2816 = CARTESIAN_POINT('',(7.398535834411,-8.454108630336,16.7993));
#2817 = VERTEX_POINT('',#2818);
#2818 = CARTESIAN_POINT('',(6.971187467233,-10.06867351173,9.4993));
#2819 = SURFACE_CURVE('',#2820,(#2835,#2853),.PCURVE_S1.);
#2820 = B_SPLINE_CURVE_WITH_KNOTS('',7,(#2821,#2822,#2823,#2824,#2825,
    #2826,#2827,#2828,#2829,#2830,#2831,#2832,#2833,#2834),
  .UNSPECIFIED.,.F.,.F.,(8,6,8),(0.,0.736599750396,1.),.UNSPECIFIED.);
#2821 = CARTESIAN_POINT('',(7.398535834411,-8.454108630336,16.7993));
#2822 = CARTESIAN_POINT('',(7.398535834411,-8.454108630336,
    16.016355927483));
#2823 = CARTESIAN_POINT('',(7.394506987279,-8.498328410226,
    15.234107823801));
#2824 = CARTESIAN_POINT('',(7.386442099321,-8.586623115057,
    14.453712039694));
#2825 = CARTESIAN_POINT('',(7.371973089261,-8.718175041648,
    13.676424869703));
#2826 = CARTESIAN_POINT('',(7.346197874874,-8.891407244242,
    12.90360682048));
#2827 = CARTESIAN_POINT('',(7.30263741315,-9.104067163582,
    12.136699237419));
#2828 = CARTESIAN_POINT('',(7.207592779707,-9.442169314826,
    11.105682893451));
#2829 = CARTESIAN_POINT('',(7.179176467155,-9.535875905604,
    10.835073938375));
#2830 = CARTESIAN_POINT('',(7.146982612508,-9.634094179715,
    10.56549441888));
#2831 = CARTESIAN_POINT('',(7.110579390348,-9.736668879558,
    10.297026046537));
#2832 = CARTESIAN_POINT('',(7.069498014747,-9.843425758248,
    10.029763459057));
#2833 = CARTESIAN_POINT('',(7.023224931758,-9.954168323207,
    9.763814252098));
#2834 = CARTESIAN_POINT('',(6.971187349196,-10.06867377146,9.4992994));
#2835 = PCURVE('',#2301,#2836);
#2836 = DEFINITIONAL_REPRESENTATION('',(#2837),#2852);
#2837 = B_SPLINE_CURVE_WITH_KNOTS('',7,(#2838,#2839,#2840,#2841,#2842,
    #2843,#2844,#2845,#2846,#2847,#2848,#2849,#2850,#2851),
  .UNSPECIFIED.,.F.,.F.,(8,6,8),(0.,0.736599750396,1.),.UNSPECIFIED.);
#2838 = CARTESIAN_POINT('',(-9.094705028182E-02,12.3));
#2839 = CARTESIAN_POINT('',(-9.094705028182E-02,11.517055927483));
#2840 = CARTESIAN_POINT('',(-9.982684929073E-02,10.734807823801));
#2841 = CARTESIAN_POINT('',(-0.117561548623,9.954412039694));
#2842 = CARTESIAN_POINT('',(-0.14402291223,9.177124869703));
#2843 = CARTESIAN_POINT('',(-0.178997200623,8.40430682048));
#2844 = CARTESIAN_POINT('',(-0.222299893347,7.637399237419));
#2845 = CARTESIAN_POINT('',(-0.292541347495,6.606382893451));
#2846 = CARTESIAN_POINT('',(-0.312121368947,6.335773938375));
#2847 = CARTESIAN_POINT('',(-0.332784830556,6.06619441888));
#2848 = CARTESIAN_POINT('',(-0.354541059381,5.797726046537));
#2849 = CARTESIAN_POINT('',(-0.377404632411,5.530463459057));
#2850 = CARTESIAN_POINT('',(-0.40139754513,5.264514252098));
#2851 = CARTESIAN_POINT('',(-0.426552590493,4.9999994));
#2852 = ( GEOMETRIC_REPRESENTATION_CONTEXT(2) 
PARAMETRIC_REPRESENTATION_CONTEXT() REPRESENTATION_CONTEXT('2D SPACE',''
  ) );
#2853 = PCURVE('',#2411,#2854);
#2854 = DEFINITIONAL_REPRESENTATION('',(#2855),#2870);
#2855 = B_SPLINE_CURVE_WITH_KNOTS('',7,(#2856,#2857,#2858,#2859,#2860,
    #2861,#2862,#2863,#2864,#2865,#2866,#2867,#2868,#2869),
  .UNSPECIFIED.,.F.,.F.,(8,6,8),(0.,0.736599750396,1.),.UNSPECIFIED.);
#2856 = CARTESIAN_POINT('',(1.154181876851,0.));
#2857 = CARTESIAN_POINT('',(1.154181876851,-4.605553367746E-02));
#2858 = CARTESIAN_POINT('',(1.153345753344,-9.20701232915E-02));
#2859 = CARTESIAN_POINT('',(1.151678524372,-0.138135330207));
#2860 = CARTESIAN_POINT('',(1.149298251978,-0.18433548319));
#2861 = CARTESIAN_POINT('',(1.146458795388,-0.230754191902));
#2862 = CARTESIAN_POINT('',(1.143509208341,-0.277480025392));
#2863 = CARTESIAN_POINT('',(1.1401281931,-0.341470013697));
#2864 = CARTESIAN_POINT('',(1.139296375459,-0.358376883101));
#2865 = CARTESIAN_POINT('',(1.138549311438,-0.375340453529));
#2866 = CARTESIAN_POINT('',(1.137916777051,-0.392365045552));
#2867 = CARTESIAN_POINT('',(1.137432908711,-0.40945453094));
#2868 = CARTESIAN_POINT('',(1.13713763408,-0.42661233073));
#2869 = CARTESIAN_POINT('',(1.137078938372,-0.443841370209));
#2870 = ( GEOMETRIC_REPRESENTATION_CONTEXT(2) 
PARAMETRIC_REPRESENTATION_CONTEXT() REPRESENTATION_CONTEXT('2D SPACE',''
  ) );
#2871 = ORIENTED_EDGE('',*,*,#2872,.T.);
#2872 = EDGE_CURVE('',#2817,#2286,#2873,.T.);
#2873 = SURFACE_CURVE('',#2874,(#2879,#2886),.PCURVE_S1.);
#2874 = CIRCLE('',#2875,5.);
#2875 = AXIS2_PLACEMENT_3D('',#2876,#2877,#2878);
#2876 = CARTESIAN_POINT('',(2.4192,-8.,9.4993));
#2877 = DIRECTION('',(0.,-0.,-1.));
#2878 = DIRECTION('',(1.,0.,-0.));
#2879 = PCURVE('',#2301,#2880);
#2880 = DEFINITIONAL_REPRESENTATION('',(#2881),#2885);
#2881 = LINE('',#2882,#2883);
#2882 = CARTESIAN_POINT('',(-0.,5.));
#2883 = VECTOR('',#2884,1.);
#2884 = DIRECTION('',(-1.,0.));
#2885 = ( GEOMETRIC_REPRESENTATION_CONTEXT(2) 
PARAMETRIC_REPRESENTATION_CONTEXT() REPRESENTATION_CONTEXT('2D SPACE',''
  ) );
#2886 = PCURVE('',#2442,#2887);
#2887 = DEFINITIONAL_REPRESENTATION('',(#2888),#2892);
#2888 = LINE('',#2889,#2890);
#2889 = CARTESIAN_POINT('',(-0.,0.));
#2890 = VECTOR('',#2891,1.);
#2891 = DIRECTION('',(-1.,0.));
#2892 = ( GEOMETRIC_REPRESENTATION_CONTEXT(2) 
PARAMETRIC_REPRESENTATION_CONTEXT() REPRESENTATION_CONTEXT('2D SPACE',''
  ) );
#2893 = ORIENTED_EDGE('',*,*,#2285,.T.);
#2894 = ORIENTED_EDGE('',*,*,#2789,.F.);
#2895 = ORIENTED_EDGE('',*,*,#2644,.T.);
#2896 = ORIENTED_EDGE('',*,*,#2897,.F.);
#2897 = EDGE_CURVE('',#2815,#2623,#2898,.T.);
#2898 = SURFACE_CURVE('',#2899,(#2903,#2909),.PCURVE_S1.);
#2899 = LINE('',#2900,#2901);
#2900 = CARTESIAN_POINT('',(7.398535834411,-8.454108630336,-0.2007));
#2901 = VECTOR('',#2902,1.);
#2902 = DIRECTION('',(0.,0.,1.));
#2903 = PCURVE('',#2301,#2904);
#2904 = DEFINITIONAL_REPRESENTATION('',(#2905),#2908);
#2905 = B_SPLINE_CURVE_WITH_KNOTS('',1,(#2906,#2907),.UNSPECIFIED.,.F.,
  .F.,(2,2),(16.9999994,21.0000006),.PIECEWISE_BEZIER_KNOTS.);
#2906 = CARTESIAN_POINT('',(-9.094705028182E-02,12.2999994));
#2907 = CARTESIAN_POINT('',(-9.094705028182E-02,16.3000006));
#2908 = ( GEOMETRIC_REPRESENTATION_CONTEXT(2) 
PARAMETRIC_REPRESENTATION_CONTEXT() REPRESENTATION_CONTEXT('2D SPACE',''
  ) );
#2909 = PCURVE('',#2606,#2910);
#2910 = DEFINITIONAL_REPRESENTATION('',(#2911),#2914);
#2911 = B_SPLINE_CURVE_WITH_KNOTS('',1,(#2912,#2913),.UNSPECIFIED.,.F.,
  .F.,(2,2),(16.9999994,21.0000006),.PIECEWISE_BEZIER_KNOTS.);
#2912 = CARTESIAN_POINT('',(1.154181876851,16.9999994));
#2913 = CARTESIAN_POINT('',(1.154181876851,21.0000006));
#2914 = ( GEOMETRIC_REPRESENTATION_CONTEXT(2) 
PARAMETRIC_REPRESENTATION_CONTEXT() REPRESENTATION_CONTEXT('2D SPACE',''
  ) );
#2915 = ADVANCED_FACE('',(#2916),#2442,.F.);
#2916 = FACE_BOUND('',#2917,.T.);
#2917 = EDGE_LOOP('',(#2918,#2973,#2974));
#2918 = ORIENTED_EDGE('',*,*,#2919,.T.);
#2919 = EDGE_CURVE('',#2817,#2386,#2920,.T.);
#2920 = SURFACE_CURVE('',#2921,(#2926,#2953),.PCURVE_S1.);
#2921 = CIRCLE('',#2922,4.805151139022);
#2922 = AXIS2_PLACEMENT_3D('',#2923,#2924,#2925);
#2923 = CARTESIAN_POINT('',(2.270734036433,-9.250239693193,
    10.069721860019));
#2924 = DIRECTION('',(0.107411509358,0.904517973543,-0.412686325429));
#2925 = DIRECTION('',(-6.938893903907E-18,0.415087753912,0.909781378438)
  );
#2926 = PCURVE('',#2442,#2927);
#2927 = DEFINITIONAL_REPRESENTATION('',(#2928),#2952);
#2928 = B_SPLINE_CURVE_WITH_KNOTS('',8,(#2929,#2930,#2931,#2932,#2933,
    #2934,#2935,#2936,#2937,#2938,#2939,#2940,#2941,#2942,#2943,#2944,
    #2945,#2946,#2947,#2948,#2949,#2950,#2951),.UNSPECIFIED.,.F.,.F.,(9,
    7,7,9),(1.750461464184,2.43048603507,2.770498320513,3.110510605955),
  .UNSPECIFIED.);
#2929 = CARTESIAN_POINT('',(-0.426552533434,0.));
#2930 = CARTESIAN_POINT('',(-0.461632138604,-7.377508067022E-02));
#2931 = CARTESIAN_POINT('',(-0.498692919118,-0.146608110235));
#2932 = CARTESIAN_POINT('',(-0.538288025039,-0.218298429781));
#2933 = CARTESIAN_POINT('',(-0.581042843719,-0.288595489405));
#2934 = CARTESIAN_POINT('',(-0.627721642579,-0.357171066685));
#2935 = CARTESIAN_POINT('',(-0.67923915565,-0.423594769906));
#2936 = CARTESIAN_POINT('',(-0.736801309909,-0.487255366686));
#2937 = CARTESIAN_POINT('',(-0.834114253434,-0.577308380921));
#2938 = CARTESIAN_POINT('',(-0.868380128811,-0.606419839685));
#2939 = CARTESIAN_POINT('',(-0.904632889609,-0.634516924596));
#2940 = CARTESIAN_POINT('',(-0.943034053529,-0.661477091895));
#2941 = CARTESIAN_POINT('',(-0.983742204302,-0.687159296625));
#2942 = CARTESIAN_POINT('',(-1.026896359739,-0.711403494704));
#2943 = CARTESIAN_POINT('',(-1.072588501622,-0.734033765716));
#2944 = CARTESIAN_POINT('',(-1.16906203324,-0.775696347131));
#2945 = CARTESIAN_POINT('',(-1.219843535514,-0.794728791365));
#2946 = CARTESIAN_POINT('',(-1.273176188779,-0.811777570908));
#2947 = CARTESIAN_POINT('',(-1.328983739327,-0.826651046584));
#2948 = CARTESIAN_POINT('',(-1.387069097885,-0.839157252576));
#2949 = CARTESIAN_POINT('',(-1.447079701539,-0.849124870243));
#2950 = CARTESIAN_POINT('',(-1.508512708192,-0.856426443469));
#2951 = CARTESIAN_POINT('',(-1.570796326795,-0.860991597566));
#2952 = ( GEOMETRIC_REPRESENTATION_CONTEXT(2) 
PARAMETRIC_REPRESENTATION_CONTEXT() REPRESENTATION_CONTEXT('2D SPACE',''
  ) );
#2953 = PCURVE('',#2411,#2954);
#2954 = DEFINITIONAL_REPRESENTATION('',(#2955),#2972);
#2955 = B_SPLINE_CURVE_WITH_KNOTS('',8,(#2956,#2957,#2958,#2959,#2960,
    #2961,#2962,#2963,#2964,#2965,#2966,#2967,#2968,#2969,#2970,#2971),
  .UNSPECIFIED.,.F.,.F.,(9,7,9),(1.750461464184,2.43048603507,
    3.110510605955),.UNSPECIFIED.);
#2956 = CARTESIAN_POINT('',(1.137078938505,-0.443841331128));
#2957 = CARTESIAN_POINT('',(1.136997084605,-0.467867841242));
#2958 = CARTESIAN_POINT('',(1.139392164789,-0.491901237192));
#2959 = CARTESIAN_POINT('',(1.144378314045,-0.515698429398));
#2960 = CARTESIAN_POINT('',(1.152057255477,-0.539002935742));
#2961 = CARTESIAN_POINT('',(1.162513149847,-0.561545002292));
#2962 = CARTESIAN_POINT('',(1.175793637345,-0.583042374787));
#2963 = CARTESIAN_POINT('',(1.191882371142,-0.60320612843));
#2964 = CARTESIAN_POINT('',(1.229454313434,-0.64030579875));
#2965 = CARTESIAN_POINT('',(1.250937551217,-0.657241716925));
#2966 = CARTESIAN_POINT('',(1.275007543945,-0.672283357038));
#2967 = CARTESIAN_POINT('',(1.301459575578,-0.685159058873));
#2968 = CARTESIAN_POINT('',(1.329971961938,-0.695620005774));
#2969 = CARTESIAN_POINT('',(1.36007771039,-0.703464489656));
#2970 = CARTESIAN_POINT('',(1.3912095881,-0.708565252063));
#2971 = CARTESIAN_POINT('',(1.422768904108,-0.710874629826));
#2972 = ( GEOMETRIC_REPRESENTATION_CONTEXT(2) 
PARAMETRIC_REPRESENTATION_CONTEXT() REPRESENTATION_CONTEXT('2D SPACE',''
  ) );
#2973 = ORIENTED_EDGE('',*,*,#2428,.T.);
#2974 = ORIENTED_EDGE('',*,*,#2872,.F.);
#2975 = ADVANCED_FACE('',(#2976),#2411,.T.);
#2976 = FACE_BOUND('',#2977,.T.);
#2977 = EDGE_LOOP('',(#2978,#2998,#2999,#3000,#3001,#3002));
#2978 = ORIENTED_EDGE('',*,*,#2979,.F.);
#2979 = EDGE_CURVE('',#2459,#2570,#2980,.T.);
#2980 = SURFACE_CURVE('',#2981,(#2986,#2992),.PCURVE_S1.);
#2981 = CIRCLE('',#2982,17.);
#2982 = AXIS2_PLACEMENT_3D('',#2983,#2984,#2985);
#2983 = CARTESIAN_POINT('',(0.5192,-24.,16.7993));
#2984 = DIRECTION('',(0.,-1.,0.));
#2985 = DIRECTION('',(1.,0.,0.));
#2986 = PCURVE('',#2411,#2987);
#2987 = DEFINITIONAL_REPRESENTATION('',(#2988),#2991);
#2988 = B_SPLINE_CURVE_WITH_KNOTS('',1,(#2989,#2990),.UNSPECIFIED.,.F.,
  .F.,(2,2),(4.712388980385,6.28318530718),.PIECEWISE_BEZIER_KNOTS.);
#2989 = CARTESIAN_POINT('',(0.,-1.570796326795));
#2990 = CARTESIAN_POINT('',(0.,0.));
#2991 = ( GEOMETRIC_REPRESENTATION_CONTEXT(2) 
PARAMETRIC_REPRESENTATION_CONTEXT() REPRESENTATION_CONTEXT('2D SPACE',''
  ) );
#2992 = PCURVE('',#2521,#2993);
#2993 = DEFINITIONAL_REPRESENTATION('',(#2994),#2997);
#2994 = B_SPLINE_CURVE_WITH_KNOTS('',1,(#2995,#2996),.UNSPECIFIED.,.F.,
  .F.,(2,2),(4.712388980385,6.28318530718),.PIECEWISE_BEZIER_KNOTS.);
#2995 = CARTESIAN_POINT('',(1.570796326795,25.));
#2996 = CARTESIAN_POINT('',(0.,25.));
#2997 = ( GEOMETRIC_REPRESENTATION_CONTEXT(2) 
PARAMETRIC_REPRESENTATION_CONTEXT() REPRESENTATION_CONTEXT('2D SPACE',''
  ) );
#2998 = ORIENTED_EDGE('',*,*,#2481,.T.);
#2999 = ORIENTED_EDGE('',*,*,#2385,.F.);
#3000 = ORIENTED_EDGE('',*,*,#2919,.F.);
#3001 = ORIENTED_EDGE('',*,*,#2814,.F.);
#3002 = ORIENTED_EDGE('',*,*,#3003,.F.);
#3003 = EDGE_CURVE('',#2570,#2815,#3004,.T.);
#3004 = SURFACE_CURVE('',#3005,(#3010,#3017),.PCURVE_S1.);
#3005 = CIRCLE('',#3006,17.);
#3006 = AXIS2_PLACEMENT_3D('',#3007,#3008,#3009);
#3007 = CARTESIAN_POINT('',(0.5192,-24.,16.7993));
#3008 = DIRECTION('',(0.,0.,1.));
#3009 = DIRECTION('',(1.,0.,-0.));
#3010 = PCURVE('',#2411,#3011);
#3011 = DEFINITIONAL_REPRESENTATION('',(#3012),#3016);
#3012 = LINE('',#3013,#3014);
#3013 = CARTESIAN_POINT('',(0.,0.));
#3014 = VECTOR('',#3015,1.);
#3015 = DIRECTION('',(1.,0.));
#3016 = ( GEOMETRIC_REPRESENTATION_CONTEXT(2) 
PARAMETRIC_REPRESENTATION_CONTEXT() REPRESENTATION_CONTEXT('2D SPACE',''
  ) );
#3017 = PCURVE('',#2606,#3018);
#3018 = DEFINITIONAL_REPRESENTATION('',(#3019),#3023);
#3019 = LINE('',#3020,#3021);
#3020 = CARTESIAN_POINT('',(0.,17.));
#3021 = VECTOR('',#3022,1.);
#3022 = DIRECTION('',(1.,0.));
#3023 = ( GEOMETRIC_REPRESENTATION_CONTEXT(2) 
PARAMETRIC_REPRESENTATION_CONTEXT() REPRESENTATION_CONTEXT('2D SPACE',''
  ) );
#3024 = ADVANCED_FACE('',(#3025),#2521,.T.);
#3025 = FACE_BOUND('',#3026,.T.);
#3026 = EDGE_LOOP('',(#3027,#3028,#3029,#3030));
#3027 = ORIENTED_EDGE('',*,*,#2543,.F.);
#3028 = ORIENTED_EDGE('',*,*,#2507,.T.);
#3029 = ORIENTED_EDGE('',*,*,#2979,.T.);
#3030 = ORIENTED_EDGE('',*,*,#2569,.F.);
#3031 = ADVANCED_FACE('',(#3032),#2606,.T.);
#3032 = FACE_BOUND('',#3033,.T.);
#3033 = EDGE_LOOP('',(#3034,#3035,#3036,#3037));
#3034 = ORIENTED_EDGE('',*,*,#2592,.F.);
#3035 = ORIENTED_EDGE('',*,*,#3003,.T.);
#3036 = ORIENTED_EDGE('',*,*,#2897,.T.);
#3037 = ORIENTED_EDGE('',*,*,#2622,.T.);
#3038 = ( GEOMETRIC_REPRESENTATION_CONTEXT(3) 
GLOBAL_UNCERTAINTY_ASSIGNED_CONTEXT((#3042)) 
GLOBAL_UNIT_ASSIGNED_CONTEXT((#3039,#3040,#3041)) REPRESENTATION_CONTEXT
('Context #1','3D Context with UNIT and UNCERTAINTY') );
#3039 = ( LENGTH_UNIT() NAMED_UNIT(*) SI_UNIT(.MILLI.,.METRE.) );
#3040 = ( NAMED_UNIT(*) PLANE_ANGLE_UNIT() SI_UNIT($,.RADIAN.) );
#3041 = ( NAMED_UNIT(*) SI_UNIT($,.STERADIAN.) SOLID_ANGLE_UNIT() );
#3042 = UNCERTAINTY_MEASURE_WITH_UNIT(LENGTH_MEASURE(1.E-06),#3039,
  'distance_accuracy_value','confusion accuracy');
#3043 = PRODUCT_RELATED_PRODUCT_CATEGORY('part',$,(#7));
#3044 = MECHANICAL_DESIGN_GEOMETRIC_PRESENTATION_REPRESENTATION('',(
    #3045),#3038);
#3045 = STYLED_ITEM('color',(#3046),#15);
#3046 = PRESENTATION_STYLE_ASSIGNMENT((#3047,#3053));
#3047 = SURFACE_STYLE_USAGE(.BOTH.,#3048);
#3048 = SURFACE_SIDE_STYLE('',(#3049));
#3049 = SURFACE_STYLE_FILL_AREA(#3050);
#3050 = FILL_AREA_STYLE('',(#3051));
#3051 = FILL_AREA_STYLE_COLOUR('',#3052);
#3052 = COLOUR_RGB('',0.968627457133,0.97254901356,0.980392145089);
#3053 = CURVE_STYLE('',#3054,POSITIVE_LENGTH_MEASURE(0.1),#3052);
#3054 = DRAUGHTING_PRE_DEFINED_CURVE_FONT('continuous');
ENDSEC;
END-ISO-10303-21;
